seed,step,time,source,other,fraction_all_pixels,fraction_valid_pixels
24000,0,0.0,0,1,0.6225911458333333,0.6225911458333333
24000,0,0.0,0,2,0.6432161458333333,0.6432161458333333
24000,0,0.0,0,3,0.457890625,0.457890625
24000,0,0.0,1,0,0.5581901041666667,0.5581901041666667
24000,0,0.0,1,2,0.6376953125,0.6376953125
24000,0,0.0,1,3,0.5825260416666667,0.5825260416666667
24000,0,0.0,2,0,0.6095963541666667,0.6095963541666667
24000,0,0.0,2,1,0.5771875,0.5771875
24000,0,0.0,2,3,0.5025260416666667,0.5025260416666667
24000,0,0.0,3,0,0.5053125,0.5053125
24000,0,0.0,3,1,0.670546875,0.670546875
24000,0,0.0,3,2,0.65625,0.65625
24000,1,0.5,0,1,0.6330989583333333,0.6330989583333333
24000,1,0.5,0,2,0.6335546875,0.6335546875
24000,1,0.5,0,3,0.4763671875,0.4763671875
24000,1,0.5,1,0,0.5344661458333333,0.5344661458333333
24000,1,0.5,1,2,0.6258072916666667,0.6258072916666667
24000,1,0.5,1,3,0.5394270833333333,0.5394270833333333
24000,1,0.5,2,0,0.5723177083333333,0.5723177083333333
24000,1,0.5,2,1,0.5810416666666667,0.5810416666666667
24000,1,0.5,2,3,0.49807291666666664,0.49807291666666664
24000,1,0.5,3,0,0.5236458333333334,0.5236458333333334
24000,1,0.5,3,1,0.671953125,0.671953125
24000,1,0.5,3,2,0.6884895833333333,0.6884895833333333
24000,2,1.0,0,1,0.6113802083333333,0.6113802083333333
24000,2,1.0,0,2,0.6220442708333334,0.6220442708333334
24000,2,1.0,0,3,0.4727864583333333,0.4727864583333333
24000,2,1.0,1,0,0.4681901041666667,0.4681901041666667
24000,2,1.0,1,2,0.5864322916666667,0.5864322916666667
24000,2,1.0,1,3,0.49497395833333335,0.49497395833333335
24000,2,1.0,2,0,0.5296614583333333,0.5296614583333333
24000,2,1.0,2,1,0.5674348958333333,0.5674348958333333
24000,2,1.0,2,3,0.47401041666666666,0.47401041666666666
24000,2,1.0,3,0,0.5080989583333333,0.5080989583333333
24000,2,1.0,3,1,0.6507552083333333,0.6507552083333333
24000,2,1.0,3,2,0.6934505208333334,0.6934505208333334
24001,0,0.0,0,1,0.33875,0.33875
24001,0,0.0,0,2,0.5454036458333333,0.5454036458333333
24001,0,0.0,0,3,0.5878645833333334,0.5878645833333334
24001,0,0.0,1,0,0.3338802083333333,0.3338802083333333
24001,0,0.0,1,2,0.2598828125,0.2598828125
24001,0,0.0,1,3,0.56875,0.56875
24001,0,0.0,2,0,0.25873697916666666,0.25873697916666666
24001,0,0.0,2,1,0.21231770833333333,0.21231770833333333
24001,0,0.0,2,3,0.32171875,0.32171875
24001,0,0.0,3,0,0.394453125,0.394453125
24001,0,0.0,3,1,0.24002604166666666,0.24002604166666666
24001,0,0.0,3,2,0.2759375,0.2759375
24001,1,0.5,0,1,0.32453125,0.32453125
24001,1,0.5,0,2,0.46970052083333336,0.46970052083333336
24001,1,0.5,0,3,0.5863932291666667,0.5863932291666667
24001,1,0.5,1,0,0.30571614583333334,0.30571614583333334
24001,1,0.5,1,2,0.29401041666666666,0.29401041666666666
24001,1,0.5,1,3,0.6047786458333333,0.6047786458333333
24001,1,0.5,2,0,0.2754296875,0.2754296875
24001,1,0.5,2,1,0.270390625,0.270390625
24001,1,0.5,2,3,0.33234375,0.33234375
24001,1,0.5,3,0,0.377265625,0.377265625
24001,1,0.5,3,1,0.36498697916666667,0.36498697916666667
24001,1,0.5,3,2,0.32212239583333335,0.32212239583333335
24001,2,1.0,0,1,0.34794270833333335,0.34794270833333335
24001,2,1.0,0,2,0.39598958333333334,0.39598958333333334
24001,2,1.0,0,3,0.6048697916666667,0.6048697916666667
24001,2,1.0,1,0,0.3561067708333333,0.3561067708333333
24001,2,1.0,1,2,0.29928385416666664,0.29928385416666664
24001,2,1.0,1,3,0.6908723958333334,0.6908723958333334
24001,2,1.0,2,0,0.36135416666666664,0.36135416666666664
24001,2,1.0,2,1,0.31015625,0.31015625
24001,2,1.0,2,3,0.354921875,0.354921875
24001,2,1.0,3,0,0.3860677083333333,0.3860677083333333
24001,2,1.0,3,1,0.41813802083333335,0.41813802083333335
24001,2,1.0,3,2,0.32015625,0.32015625
24002,0,0.0,0,1,0.40708333333333335,0.40708333333333335
24002,0,0.0,0,2,0.7066666666666667,0.7066666666666667
24002,0,0.0,0,3,0.5336979166666667,0.5336979166666667
24002,0,0.0,1,0,0.7309114583333334,0.7309114583333334
24002,0,0.0,1,2,0.7537760416666667,0.7537760416666667
24002,0,0.0,1,3,0.88984375,0.88984375
24002,0,0.0,2,0,0.7571744791666667,0.7571744791666667
24002,0,0.0,2,1,0.4550911458333333,0.4550911458333333
24002,0,0.0,2,3,0.6015885416666666,0.6015885416666666
24002,0,0.0,3,0,0.6919401041666666,0.6919401041666666
24002,0,0.0,3,1,0.6279427083333333,0.6279427083333333
24002,0,0.0,3,2,0.7132942708333333,0.7132942708333333
24002,1,0.5,0,1,0.41694010416666666,0.41694010416666666
24002,1,0.5,0,2,0.6913541666666667,0.6913541666666667
24002,1,0.5,0,3,0.5485677083333333,0.5485677083333333
24002,1,0.5,1,0,0.7114583333333333,0.7114583333333333
24002,1,0.5,1,2,0.7401041666666667,0.7401041666666667
24002,1,0.5,1,3,0.888828125,0.888828125
24002,1,0.5,2,0,0.7265364583333334,0.7265364583333334
24002,1,0.5,2,1,0.46173177083333333,0.46173177083333333
24002,1,0.5,2,3,0.6116927083333333,0.6116927083333333
24002,1,0.5,3,0,0.6728385416666667,0.6728385416666667
24002,1,0.5,3,1,0.6207552083333333,0.6207552083333333
24002,1,0.5,3,2,0.6932291666666667,0.6932291666666667
24002,2,1.0,0,1,0.428984375,0.428984375
24002,2,1.0,0,2,0.706015625,0.706015625
24002,2,1.0,0,3,0.5865234375,0.5865234375
24002,2,1.0,1,0,0.6923177083333333,0.6923177083333333
24002,2,1.0,1,2,0.7305859375,0.7305859375
24002,2,1.0,1,3,0.891640625,0.891640625
24002,2,1.0,2,0,0.6755338541666667,0.6755338541666667
24002,2,1.0,2,1,0.43916666666666665,0.43916666666666665
24002,2,1.0,2,3,0.5767708333333333,0.5767708333333333
24002,2,1.0,3,0,0.6544401041666666,0.6544401041666666
24002,2,1.0,3,1,0.6016666666666667,0.6016666666666667
24002,2,1.0,3,2,0.6670052083333333,0.6670052083333333
24003,0,0.0,0,1,0.4244921875,0.4244921875
24003,0,0.0,0,2,0.5320833333333334,0.5320833333333334
24003,0,0.0,0,3,0.55953125,0.55953125
24003,0,0.0,1,0,0.29244791666666664,0.29244791666666664
24003,0,0.0,1,2,0.6437890625,0.6437890625
24003,0,0.0,1,3,0.5306510416666667,0.5306510416666667
24003,0,0.0,2,0,0.2518489583333333,0.2518489583333333
24003,0,0.0,2,1,0.24348958333333334,0.24348958333333334
24003,0,0.0,2,3,0.2254296875,0.2254296875
24003,0,0.0,3,0,0.39912760416666665,0.39912760416666665
24003,0,0.0,3,1,0.5355338541666667,0.5355338541666667
24003,0,0.0,3,2,0.5986848958333333,0.5986848958333333
24003,1,0.5,0,1,0.4446614583333333,0.4446614583333333
24003,1,0.5,0,2,0.5354427083333333,0.5354427083333333
24003,1,0.5,0,3,0.5744140625,0.5744140625
24003,1,0.5,1,0,0.30986979166666667,0.30986979166666667
24003,1,0.5,1,2,0.6842057291666667,0.6842057291666667
24003,1,0.5,1,3,0.4957552083333333,0.4957552083333333
24003,1,0.5,2,0,0.25604166666666667,0.25604166666666667
24003,1,0.5,2,1,0.28986979166666665,0.28986979166666665
24003,1,0.5,2,3,0.24190104166666668,0.24190104166666668
24003,1,0.5,3,0,0.4284765625,0.4284765625
24003,1,0.5,3,1,0.52640625,0.52640625
24003,1,0.5,3,2,0.5897005208333334,0.5897005208333334
24003,2,1.0,0,1,0.46923177083333334,0.46923177083333334
24003,2,1.0,0,2,0.5308984375,0.5308984375
24003,2,1.0,0,3,0.5826432291666667,0.5826432291666667
24003,2,1.0,1,0,0.3218489583333333,0.3218489583333333
24003,2,1.0,1,2,0.7035807291666667,0.7035807291666667
24003,2,1.0,1,3,0.45501302083333334,0.45501302083333334
24003,2,1.0,2,0,0.2506510416666667,0.2506510416666667
24003,2,1.0,2,1,0.34565104166666666,0.34565104166666666
24003,2,1.0,2,3,0.26881510416666665,0.26881510416666665
24003,2,1.0,3,0,0.4503255208333333,0.4503255208333333
24003,2,1.0,3,1,0.4937109375,0.4937109375
24003,2,1.0,3,2,0.5937760416666666,0.5937760416666666
24004,0,0.0,0,1,0.6577083333333333,0.6577083333333333
24004,0,0.0,0,2,0.7564973958333333,0.7564973958333333
24004,0,0.0,0,3,0.8155078125,0.8155078125
24004,0,0.0,1,0,0.20447916666666666,0.20447916666666666
24004,0,0.0,1,2,0.22692708333333333,0.22692708333333333
24004,0,0.0,1,3,0.49462239583333334,0.49462239583333334
24004,0,0.0,2,0,0.6777213541666667,0.6777213541666667
24004,0,0.0,2,1,0.6339192708333333,0.6339192708333333
24004,0,0.0,2,3,0.7646614583333333,0.7646614583333333
24004,0,0.0,3,0,0.3713151041666667,0.3713151041666667
24004,0,0.0,3,1,0.8295182291666666,0.8295182291666666
24004,0,0.0,3,2,0.4346875,0.4346875
24004,1,0.5,0,1,0.6545182291666667,0.6545182291666667
24004,1,0.5,0,2,0.7300911458333333,0.7300911458333333
24004,1,0.5,0,3,0.8077994791666666,0.8077994791666666
24004,1,0.5,1,0,0.1890234375,0.1890234375
24004,1,0.5,1,2,0.2162109375,0.2162109375
24004,1,0.5,1,3,0.4189322916666667,0.4189322916666667
24004,1,0.5,2,0,0.6733984375,0.6733984375
24004,1,0.5,2,1,0.6289973958333334,0.6289973958333334
24004,1,0.5,2,3,0.8118359375,0.8118359375
24004,1,0.5,3,0,0.332578125,0.332578125
24004,1,0.5,3,1,0.803671875,0.803671875
24004,1,0.5,3,2,0.44578125,0.44578125
24004,2,1.0,0,1,0.67140625,0.67140625
24004,2,1.0,0,2,0.8102864583333333,0.8102864583333333
24004,2,1.0,0,3,0.8065755208333333,0.8065755208333333
24004,2,1.0,1,0,0.20747395833333335,0.20747395833333335
24004,2,1.0,1,2,0.2517447916666667,0.2517447916666667
24004,2,1.0,1,3,0.504609375,0.504609375
24004,2,1.0,2,0,0.6732682291666666,0.6732682291666666
24004,2,1.0,2,1,0.6569270833333334,0.6569270833333334
24004,2,1.0,2,3,0.8083072916666667,0.8083072916666667
24004,2,1.0,3,0,0.26438802083333335,0.26438802083333335
24004,2,1.0,3,1,0.8252473958333333,0.8252473958333333
24004,2,1.0,3,2,0.3959244791666667,0.3959244791666667
24005,0,0.0,0,1,0.31709635416666665,0.31709635416666665
24005,0,0.0,0,2,0.4741796875,0.4741796875
24005,0,0.0,0,3,0.4436848958333333,0.4436848958333333
24005,0,0.0,1,0,0.620234375,0.620234375
24005,0,0.0,1,2,0.6433984375,0.6433984375
24005,0,0.0,1,3,0.66671875,0.66671875
24005,0,0.0,2,0,0.7029817708333334,0.7029817708333334
24005,0,0.0,2,1,0.450859375,0.450859375
24005,0,0.0,2,3,0.6907552083333334,0.6907552083333334
24005,0,0.0,3,0,0.7477213541666666,0.7477213541666666
24005,0,0.0,3,1,0.5152083333333334,0.5152083333333334
24005,0,0.0,3,2,0.7710677083333334,0.7710677083333334
24005,1,0.5,0,1,0.43518229166666667,0.43518229166666667
24005,1,0.5,0,2,0.45576822916666665,0.45576822916666665
24005,1,0.5,0,3,0.6728515625,0.6728515625
24005,1,0.5,1,0,0.7294401041666667,0.7294401041666667
24005,1,0.5,1,2,0.7131770833333333,0.7131770833333333
24005,1,0.5,1,3,0.6844921875,0.6844921875
24005,1,0.5,2,0,0.7554947916666667,0.7554947916666667
24005,1,0.5,2,1,0.6151041666666667,0.6151041666666667
24005,1,0.5,2,3,0.7984375,0.7984375
24005,1,0.5,3,0,0.7043229166666667,0.7043229166666667
24005,1,0.5,3,1,0.48798177083333333,0.48798177083333333
24005,1,0.5,3,2,0.574765625,0.574765625
24005,2,1.0,0,1,0.4968619791666667,0.4968619791666667
24005,2,1.0,0,2,0.421015625,0.421015625
24005,2,1.0,0,3,0.6629296875,0.6629296875
24005,2,1.0,1,0,0.7709375,0.7709375
24005,2,1.0,1,2,0.6430208333333334,0.6430208333333334
24005,2,1.0,1,3,0.6776302083333333,0.6776302083333333
24005,2,1.0,2,0,0.6543359375,0.6543359375
24005,2,1.0,2,1,0.5760286458333334,0.5760286458333334
24005,2,1.0,2,3,0.7467447916666666,0.7467447916666666
24005,2,1.0,3,0,0.5088411458333333,0.5088411458333333
24005,2,1.0,3,1,0.4022265625,0.4022265625
24005,2,1.0,3,2,0.39022135416666665,0.39022135416666665
24006,0,0.0,0,1,0.3548177083333333,0.3548177083333333
24006,0,0.0,0,2,0.7108072916666667,0.7108072916666667
24006,0,0.0,0,3,0.349375,0.349375
24006,0,0.0,1,0,0.5987239583333334,0.5987239583333334
24006,0,0.0,1,2,0.7169401041666666,0.7169401041666666
24006,0,0.0,1,3,0.5392578125,0.5392578125
24006,0,0.0,2,0,0.5322526041666666,0.5322526041666666
24006,0,0.0,2,1,0.24313802083333333,0.24313802083333333
24006,0,0.0,2,3,0.41412760416666666,0.41412760416666666
24006,0,0.0,3,0,0.4013671875,0.4013671875
24006,0,0.0,3,1,0.2938411458333333,0.2938411458333333
24006,0,0.0,3,2,0.5511588541666667,0.5511588541666667
24006,1,0.5,0,1,0.5124479166666667,0.5124479166666667
24006,1,0.5,0,2,0.7583854166666667,0.7583854166666667
24006,1,0.5,0,3,0.4131901041666667,0.4131901041666667
24006,1,0.5,1,0,0.6274088541666667,0.6274088541666667
24006,1,0.5,1,2,0.7113932291666667,0.7113932291666667
24006,1,0.5,1,3,0.6077213541666666,0.6077213541666666
24006,1,0.5,2,0,0.4382421875,0.4382421875
24006,1,0.5,2,1,0.3279036458333333,0.3279036458333333
24006,1,0.5,2,3,0.38471354166666666,0.38471354166666666
24006,1,0.5,3,0,0.4097265625,0.4097265625
24006,1,0.5,3,1,0.31485677083333335,0.31485677083333335
24006,1,0.5,3,2,0.43095052083333335,0.43095052083333335
24006,2,1.0,0,1,0.5490885416666667,0.5490885416666667
24006,2,1.0,0,2,0.7112239583333333,0.7112239583333333
24006,2,1.0,0,3,0.4291536458333333,0.4291536458333333
24006,2,1.0,1,0,0.5178515625,0.5178515625
24006,2,1.0,1,2,0.5650651041666667,0.5650651041666667
24006,2,1.0,1,3,0.6375651041666667,0.6375651041666667
24006,2,1.0,2,0,0.384921875,0.384921875
24006,2,1.0,2,1,0.3888802083333333,0.3888802083333333
24006,2,1.0,2,3,0.3686067708333333,0.3686067708333333
24006,2,1.0,3,0,0.3,0.3
24006,2,1.0,3,1,0.38990885416666665,0.38990885416666665
24006,2,1.0,3,2,0.4730078125,0.4730078125
24007,0,0.0,0,1,0.45483072916666667,0.45483072916666667
24007,0,0.0,0,2,0.44600260416666665,0.44600260416666665
24007,0,0.0,0,3,0.5059114583333333,0.5059114583333333
24007,0,0.0,1,0,0.6781901041666667,0.6781901041666667
24007,0,0.0,1,2,0.7247005208333334,0.7247005208333334
24007,0,0.0,1,3,0.5626302083333333,0.5626302083333333
24007,0,0.0,2,0,0.61546875,0.61546875
24007,0,0.0,2,1,0.6291015625,0.6291015625
24007,0,0.0,2,3,0.544609375,0.544609375
24007,0,0.0,3,0,0.5200130208333333,0.5200130208333333
24007,0,0.0,3,1,0.386328125,0.386328125
24007,0,0.0,3,2,0.3867578125,0.3867578125
24007,1,0.5,0,1,0.4161458333333333,0.4161458333333333
24007,1,0.5,0,2,0.49157552083333333,0.49157552083333333
24007,1,0.5,0,3,0.3948828125,0.3948828125
24007,1,0.5,1,0,0.49444010416666667,0.49444010416666667
24007,1,0.5,1,2,0.7296354166666666,0.7296354166666666
24007,1,0.5,1,3,0.2560807291666667,0.2560807291666667
24007,1,0.5,2,0,0.5057161458333334,0.5057161458333334
24007,1,0.5,2,1,0.5732291666666667,0.5732291666666667
24007,1,0.5,2,3,0.35734375,0.35734375
24007,1,0.5,3,0,0.3925,0.3925
24007,1,0.5,3,1,0.25462239583333335,0.25462239583333335
24007,1,0.5,3,2,0.33729166666666666,0.33729166666666666
24007,2,1.0,0,1,0.37766927083333335,0.37766927083333335
24007,2,1.0,0,2,0.4974088541666667,0.4974088541666667
24007,2,1.0,0,3,0.2790755208333333,0.2790755208333333
24007,2,1.0,1,0,0.3433203125,0.3433203125
24007,2,1.0,1,2,0.632421875,0.632421875
24007,2,1.0,1,3,0.08977864583333334,0.08977864583333334
24007,2,1.0,2,0,0.40166666666666667,0.40166666666666667
24007,2,1.0,2,1,0.645,0.645
24007,2,1.0,2,3,0.19078125,0.19078125
24007,2,1.0,3,0,0.31009114583333336,0.31009114583333336
24007,2,1.0,3,1,0.0864453125,0.0864453125
24007,2,1.0,3,2,0.22459635416666668,0.22459635416666668
24008,0,0.0,0,1,0.3688671875,0.3688671875
24008,0,0.0,0,2,0.45553385416666664,0.45553385416666664
24008,0,0.0,0,3,0.32657552083333335,0.32657552083333335
24008,0,0.0,1,0,0.45109375,0.45109375
24008,0,0.0,1,2,0.4901432291666667,0.4901432291666667
24008,0,0.0,1,3,0.33901041666666665,0.33901041666666665
24008,0,0.0,2,0,0.5370833333333334,0.5370833333333334
24008,0,0.0,2,1,0.49723958333333335,0.49723958333333335
24008,0,0.0,2,3,0.3963671875,0.3963671875
24008,0,0.0,3,0,0.4766536458333333,0.4766536458333333
24008,0,0.0,3,1,0.6255208333333333,0.6255208333333333
24008,0,0.0,3,2,0.6133984375,0.6133984375
24008,1,0.5,0,1,0.35725260416666665,0.35725260416666665
24008,1,0.5,0,2,0.4688411458333333,0.4688411458333333
24008,1,0.5,0,3,0.3263020833333333,0.3263020833333333
24008,1,0.5,1,0,0.4608333333333333,0.4608333333333333
24008,1,0.5,1,2,0.4879427083333333,0.4879427083333333
24008,1,0.5,1,3,0.33697916666666666,0.33697916666666666
24008,1,0.5,2,0,0.5431380208333333,0.5431380208333333
24008,1,0.5,2,1,0.49962239583333334,0.49962239583333334
24008,1,0.5,2,3,0.40252604166666667,0.40252604166666667
24008,1,0.5,3,0,0.48278645833333333,0.48278645833333333
24008,1,0.5,3,1,0.6239973958333334,0.6239973958333334
24008,1,0.5,3,2,0.6220572916666667,0.6220572916666667
24008,2,1.0,0,1,0.3533072916666667,0.3533072916666667
24008,2,1.0,0,2,0.48052083333333334,0.48052083333333334
24008,2,1.0,0,3,0.33151041666666664,0.33151041666666664
24008,2,1.0,1,0,0.47022135416666666,0.47022135416666666
24008,2,1.0,1,2,0.4881510416666667,0.4881510416666667
24008,2,1.0,1,3,0.33596354166666664,0.33596354166666664
24008,2,1.0,2,0,0.546796875,0.546796875
24008,2,1.0,2,1,0.5044010416666667,0.5044010416666667
24008,2,1.0,2,3,0.40815104166666666,0.40815104166666666
24008,2,1.0,3,0,0.4885026041666667,0.4885026041666667
24008,2,1.0,3,1,0.6246223958333333,0.6246223958333333
24008,2,1.0,3,2,0.630625,0.630625
24009,0,0.0,0,1,0.8760026041666666,0.8760026041666666
24009,0,0.0,0,2,0.8202604166666667,0.8202604166666667
24009,0,0.0,0,3,0.6752604166666667,0.6752604166666667
24009,0,0.0,1,0,0.21442708333333332,0.21442708333333332
24009,0,0.0,1,2,0.69359375,0.69359375
24009,0,0.0,1,3,0.27329427083333335,0.27329427083333335
24009,0,0.0,2,0,0.21989583333333335,0.21989583333333335
24009,0,0.0,2,1,0.6146614583333333,0.6146614583333333
24009,0,0.0,2,3,0.23717447916666667,0.23717447916666667
24009,0,0.0,3,0,0.6795963541666666,0.6795963541666666
24009,0,0.0,3,1,0.7333854166666667,0.7333854166666667
24009,0,0.0,3,2,0.7410807291666667,0.7410807291666667
24009,1,0.5,0,1,0.9305989583333333,0.9305989583333333
24009,1,0.5,0,2,0.8485546875,0.8485546875
24009,1,0.5,0,3,0.7967447916666667,0.7967447916666667
24009,1,0.5,1,0,0.2543489583333333,0.2543489583333333
24009,1,0.5,1,2,0.7087890625,0.7087890625
24009,1,0.5,1,3,0.39005208333333335,0.39005208333333335
24009,1,0.5,2,0,0.24533854166666666,0.24533854166666666
24009,1,0.5,2,1,0.6044140625,0.6044140625
24009,1,0.5,2,3,0.4165755208333333,0.4165755208333333
24009,1,0.5,3,0,0.5732161458333334,0.5732161458333334
24009,1,0.5,3,1,0.7544661458333334,0.7544661458333334
24009,1,0.5,3,2,0.7909244791666666,0.7909244791666666
24009,2,1.0,0,1,0.9422916666666666,0.9422916666666666
24009,2,1.0,0,2,0.8618489583333333,0.8618489583333333
24009,2,1.0,0,3,0.7666796875,0.7666796875
24009,2,1.0,1,0,0.2504427083333333,0.2504427083333333
24009,2,1.0,1,2,0.751328125,0.751328125
24009,2,1.0,1,3,0.535078125,0.535078125
24009,2,1.0,2,0,0.2730208333333333,0.2730208333333333
24009,2,1.0,2,1,0.6972786458333333,0.6972786458333333
24009,2,1.0,2,3,0.51578125,0.51578125
24009,2,1.0,3,0,0.43,0.43
24009,2,1.0,3,1,0.7705859375,0.7705859375
24009,2,1.0,3,2,0.7263020833333333,0.7263020833333333
24010,0,0.0,0,1,0.6296744791666666,0.6296744791666666
24010,0,0.0,0,2,0.4268880208333333,0.4268880208333333
24010,0,0.0,0,3,0.53875,0.53875
24010,0,0.0,1,0,0.4810026041666667,0.4810026041666667
24010,0,0.0,1,2,0.3820703125,0.3820703125
24010,0,0.0,1,3,0.5060677083333334,0.5060677083333334
24010,0,0.0,2,0,0.39013020833333334,0.39013020833333334
24010,0,0.0,2,1,0.40875,0.40875
24010,0,0.0,2,3,0.4617578125,0.4617578125
24010,0,0.0,3,0,0.5259375,0.5259375
24010,0,0.0,3,1,0.8822005208333333,0.8822005208333333
24010,0,0.0,3,2,0.39209635416666666,0.39209635416666666
24010,1,0.5,0,1,0.6274348958333333,0.6274348958333333
24010,1,0.5,0,2,0.4258984375,0.4258984375
24010,1,0.5,0,3,0.5408854166666667,0.5408854166666667
24010,1,0.5,1,0,0.47734375,0.47734375
24010,1,0.5,1,2,0.3804166666666667,0.3804166666666667
24010,1,0.5,1,3,0.5023828125,0.5023828125
24010,1,0.5,2,0,0.3783463541666667,0.3783463541666667
24010,1,0.5,2,1,0.4130989583333333,0.4130989583333333
24010,1,0.5,2,3,0.4564713541666667,0.4564713541666667
24010,1,0.5,3,0,0.5211848958333334,0.5211848958333334
24010,1,0.5,3,1,0.8813671875,0.8813671875
24010,1,0.5,3,2,0.38592447916666667,0.38592447916666667
24010,2,1.0,0,1,0.61921875,0.61921875
24010,2,1.0,0,2,0.41967447916666667,0.41967447916666667
24010,2,1.0,0,3,0.5394661458333333,0.5394661458333333
24010,2,1.0,1,0,0.4704817708333333,0.4704817708333333
24010,2,1.0,1,2,0.37865885416666667,0.37865885416666667
24010,2,1.0,1,3,0.5079036458333334,0.5079036458333334
24010,2,1.0,2,0,0.3640625,0.3640625
24010,2,1.0,2,1,0.4215364583333333,0.4215364583333333
24010,2,1.0,2,3,0.4468489583333333,0.4468489583333333
24010,2,1.0,3,0,0.5133333333333333,0.5133333333333333
24010,2,1.0,3,1,0.8841666666666667,0.8841666666666667
24010,2,1.0,3,2,0.3729557291666667,0.3729557291666667
24011,0,0.0,0,1,0.5374609375,0.5374609375
24011,0,0.0,0,2,0.3848046875,0.3848046875
24011,0,0.0,0,3,0.2934765625,0.2934765625
24011,0,0.0,1,0,0.4994661458333333,0.4994661458333333
24011,0,0.0,1,2,0.4236979166666667,0.4236979166666667
24011,0,0.0,1,3,0.21466145833333333,0.21466145833333333
24011,0,0.0,2,0,0.41375,0.41375
24011,0,0.0,2,1,0.6699088541666667,0.6699088541666667
24011,0,0.0,2,3,0.1258984375,0.1258984375
24011,0,0.0,3,0,0.47578125,0.47578125
24011,0,0.0,3,1,0.2806640625,0.2806640625
24011,0,0.0,3,2,0.18697916666666667,0.18697916666666667
24011,1,0.5,0,1,0.5366796875,0.5366796875
24011,1,0.5,0,2,0.3972526041666667,0.3972526041666667
24011,1,0.5,0,3,0.2908072916666667,0.2908072916666667
24011,1,0.5,1,0,0.49602864583333334,0.49602864583333334
24011,1,0.5,1,2,0.4305078125,0.4305078125
24011,1,0.5,1,3,0.21278645833333334,0.21278645833333334
24011,1,0.5,2,0,0.4160026041666667,0.4160026041666667
24011,1,0.5,2,1,0.6697526041666667,0.6697526041666667
24011,1,0.5,2,3,0.12609375,0.12609375
24011,1,0.5,3,0,0.4802473958333333,0.4802473958333333
24011,1,0.5,3,1,0.28033854166666666,0.28033854166666666
24011,1,0.5,3,2,0.194609375,0.194609375
24011,2,1.0,0,1,0.5328776041666666,0.5328776041666666
24011,2,1.0,0,2,0.41046875,0.41046875
24011,2,1.0,0,3,0.28705729166666666,0.28705729166666666
24011,2,1.0,1,0,0.492734375,0.492734375
24011,2,1.0,1,2,0.4407682291666667,0.4407682291666667
24011,2,1.0,1,3,0.20796875,0.20796875
24011,2,1.0,2,0,0.4196484375,0.4196484375
24011,2,1.0,2,1,0.6717838541666666,0.6717838541666666
24011,2,1.0,2,3,0.12802083333333333,0.12802083333333333
24011,2,1.0,3,0,0.485,0.485
24011,2,1.0,3,1,0.2745182291666667,0.2745182291666667
24011,2,1.0,3,2,0.2050390625,0.2050390625
24012,0,0.0,0,1,0.23321614583333333,0.23321614583333333
24012,0,0.0,0,2,0.8206901041666667,0.8206901041666667
24012,0,0.0,0,3,0.5537369791666666,0.5537369791666666
24012,0,0.0,1,0,0.39625,0.39625
24012,0,0.0,1,2,0.567109375,0.567109375
24012,0,0.0,1,3,0.8493489583333333,0.8493489583333333
24012,0,0.0,2,0,0.21080729166666667,0.21080729166666667
24012,0,0.0,2,1,0.25690104166666666,0.25690104166666666
24012,0,0.0,2,3,0.446640625,0.446640625
24012,0,0.0,3,0,0.2873046875,0.2873046875
24012,0,0.0,3,1,0.1486328125,0.1486328125
24012,0,0.0,3,2,0.43817708333333333,0.43817708333333333
24012,1,0.5,0,1,0.21140625,0.21140625
24012,1,0.5,0,2,0.8275260416666667,0.8275260416666667
24012,1,0.5,0,3,0.5401953125,0.5401953125
24012,1,0.5,1,0,0.3355078125,0.3355078125
24012,1,0.5,1,2,0.5212369791666667,0.5212369791666667
24012,1,0.5,1,3,0.8442578125,0.8442578125
24012,1,0.5,2,0,0.21998697916666668,0.21998697916666668
24012,1,0.5,2,1,0.2601171875,0.2601171875
24012,1,0.5,2,3,0.4581380208333333,0.4581380208333333
24012,1,0.5,3,0,0.26859375,0.26859375
24012,1,0.5,3,1,0.15265625,0.15265625
24012,1,0.5,3,2,0.4325260416666667,0.4325260416666667
24012,2,1.0,0,1,0.1794921875,0.1794921875
24012,2,1.0,0,2,0.8313541666666666,0.8313541666666666
24012,2,1.0,0,3,0.5350130208333334,0.5350130208333334
24012,2,1.0,1,0,0.2688802083333333,0.2688802083333333
24012,2,1.0,1,2,0.4593098958333333,0.4593098958333333
24012,2,1.0,1,3,0.8453645833333333,0.8453645833333333
24012,2,1.0,2,0,0.23591145833333332,0.23591145833333332
24012,2,1.0,2,1,0.2571744791666667,0.2571744791666667
24012,2,1.0,2,3,0.47338541666666667,0.47338541666666667
24012,2,1.0,3,0,0.25102864583333334,0.25102864583333334
24012,2,1.0,3,1,0.1576953125,0.1576953125
24012,2,1.0,3,2,0.42549479166666665,0.42549479166666665
24013,0,0.0,0,1,0.6205729166666667,0.6205729166666667
24013,0,0.0,0,2,0.4791015625,0.4791015625
24013,0,0.0,0,3,0.2783203125,0.2783203125
24013,0,0.0,1,0,0.486875,0.486875
24013,0,0.0,1,2,0.3075390625,0.3075390625
24013,0,0.0,1,3,0.14736979166666667,0.14736979166666667
24013,0,0.0,2,0,0.6537369791666666,0.6537369791666666
24013,0,0.0,2,1,0.6593359375,0.6593359375
24013,0,0.0,2,3,0.3637890625,0.3637890625
24013,0,0.0,3,0,0.6217317708333333,0.6217317708333333
24013,0,0.0,3,1,0.670546875,0.670546875
24013,0,0.0,3,2,0.8571875,0.8571875
24013,1,0.5,0,1,0.6303125,0.6303125
24013,1,0.5,0,2,0.5739453125,0.5739453125
24013,1,0.5,0,3,0.43928385416666665,0.43928385416666665
24013,1,0.5,1,0,0.40444010416666665,0.40444010416666665
24013,1,0.5,1,2,0.24192708333333332,0.24192708333333332
24013,1,0.5,1,3,0.1419921875,0.1419921875
24013,1,0.5,2,0,0.6288411458333333,0.6288411458333333
24013,1,0.5,2,1,0.6176302083333334,0.6176302083333334
24013,1,0.5,2,3,0.44712239583333335,0.44712239583333335
24013,1,0.5,3,0,0.6315755208333333,0.6315755208333333
24013,1,0.5,3,1,0.6769921875,0.6769921875
24013,1,0.5,3,2,0.8802604166666667,0.8802604166666667
24013,2,1.0,0,1,0.5661328125,0.5661328125
24013,2,1.0,0,2,0.5319791666666667,0.5319791666666667
24013,2,1.0,0,3,0.5101041666666667,0.5101041666666667
24013,2,1.0,1,0,0.26209635416666666,0.26209635416666666
24013,2,1.0,1,2,0.156171875,0.156171875
24013,2,1.0,1,3,0.1329296875,0.1329296875
24013,2,1.0,2,0,0.5664713541666667,0.5664713541666667
24013,2,1.0,2,1,0.5782682291666666,0.5782682291666666
24013,2,1.0,2,3,0.6455729166666667,0.6455729166666667
24013,2,1.0,3,0,0.5659895833333334,0.5659895833333334
24013,2,1.0,3,1,0.6452864583333333,0.6452864583333333
24013,2,1.0,3,2,0.70734375,0.70734375
24014,0,0.0,0,1,0.23807291666666666,0.23807291666666666
24014,0,0.0,0,2,0.2626041666666667,0.2626041666666667
24014,0,0.0,0,3,0.3363541666666667,0.3363541666666667
24014,0,0.0,1,0,0.36747395833333335,0.36747395833333335
24014,0,0.0,1,2,0.18005208333333333,0.18005208333333333
24014,0,0.0,1,3,0.3666536458333333,0.3666536458333333
24014,0,0.0,2,0,0.3050130208333333,0.3050130208333333
24014,0,0.0,2,1,0.115234375,0.115234375
24014,0,0.0,2,3,0.150859375,0.150859375
24014,0,0.0,3,0,0.6174869791666666,0.6174869791666666
24014,0,0.0,3,1,0.26697916666666666,0.26697916666666666
24014,0,0.0,3,2,0.37973958333333335,0.37973958333333335
24014,1,0.5,0,1,0.23098958333333333,0.23098958333333333
24014,1,0.5,0,2,0.2553125,0.2553125
24014,1,0.5,0,3,0.32048177083333335,0.32048177083333335
24014,1,0.5,1,0,0.3647265625,0.3647265625
24014,1,0.5,1,2,0.18083333333333335,0.18083333333333335
24014,1,0.5,1,3,0.31752604166666665,0.31752604166666665
24014,1,0.5,2,0,0.2995963541666667,0.2995963541666667
24014,1,0.5,2,1,0.12265625,0.12265625
24014,1,0.5,2,3,0.10920572916666667,0.10920572916666667
24014,1,0.5,3,0,0.5649739583333333,0.5649739583333333
24014,1,0.5,3,1,0.246328125,0.246328125
24014,1,0.5,3,2,0.37720052083333333,0.37720052083333333
24014,2,1.0,0,1,0.22147135416666666,0.22147135416666666
24014,2,1.0,0,2,0.2531510416666667,0.2531510416666667
24014,2,1.0,0,3,0.30938802083333333,0.30938802083333333
24014,2,1.0,1,0,0.36529947916666666,0.36529947916666666
24014,2,1.0,1,2,0.20944010416666667,0.20944010416666667
24014,2,1.0,1,3,0.24575520833333334,0.24575520833333334
24014,2,1.0,2,0,0.30779947916666667,0.30779947916666667
24014,2,1.0,2,1,0.15727864583333334,0.15727864583333334
24014,2,1.0,2,3,0.08080729166666667,0.08080729166666667
24014,2,1.0,3,0,0.5192708333333333,0.5192708333333333
24014,2,1.0,3,1,0.21776041666666668,0.21776041666666668
24014,2,1.0,3,2,0.37372395833333333,0.37372395833333333
24015,0,0.0,0,1,0.8318229166666666,0.8318229166666666
24015,0,0.0,0,2,0.8213541666666667,0.8213541666666667
24015,0,0.0,0,3,0.49072916666666666,0.49072916666666666
24015,0,0.0,1,0,0.3054296875,0.3054296875
24015,0,0.0,1,2,0.4316015625,0.4316015625
24015,0,0.0,1,3,0.18723958333333332,0.18723958333333332
24015,0,0.0,2,0,0.6160416666666667,0.6160416666666667
24015,0,0.0,2,1,0.8561067708333333,0.8561067708333333
24015,0,0.0,2,3,0.3573046875,0.3573046875
24015,0,0.0,3,0,0.7927864583333334,0.7927864583333334
24015,0,0.0,3,1,0.8488932291666667,0.8488932291666667
24015,0,0.0,3,2,0.857265625,0.857265625
24015,1,0.5,0,1,0.8189713541666667,0.8189713541666667
24015,1,0.5,0,2,0.7904166666666667,0.7904166666666667
24015,1,0.5,0,3,0.47497395833333333,0.47497395833333333
24015,1,0.5,1,0,0.29430989583333333,0.29430989583333333
24015,1,0.5,1,2,0.423671875,0.423671875
24015,1,0.5,1,3,0.18640625,0.18640625
24015,1,0.5,2,0,0.6093098958333333,0.6093098958333333
24015,1,0.5,2,1,0.8682942708333333,0.8682942708333333
24015,1,0.5,2,3,0.3679427083333333,0.3679427083333333
24015,1,0.5,3,0,0.7736458333333334,0.7736458333333334
24015,1,0.5,3,1,0.8454036458333334,0.8454036458333334
24015,1,0.5,3,2,0.855859375,0.855859375
24015,2,1.0,0,1,0.7945833333333333,0.7945833333333333
24015,2,1.0,0,2,0.7862239583333334,0.7862239583333334
24015,2,1.0,0,3,0.4762890625,0.4762890625
24015,2,1.0,1,0,0.2693229166666667,0.2693229166666667
24015,2,1.0,1,2,0.411484375,0.411484375
24015,2,1.0,1,3,0.176484375,0.176484375
24015,2,1.0,2,0,0.5755208333333334,0.5755208333333334
24015,2,1.0,2,1,0.8717578125,0.8717578125
24015,2,1.0,2,3,0.3637890625,0.3637890625
24015,2,1.0,3,0,0.763046875,0.763046875
24015,2,1.0,3,1,0.8361588541666667,0.8361588541666667
24015,2,1.0,3,2,0.8484505208333334,0.8484505208333334
24016,0,0.0,0,1,0.3009114583333333,0.3009114583333333
24016,0,0.0,0,2,0.4498567708333333,0.4498567708333333
24016,0,0.0,0,3,0.4919661458333333,0.4919661458333333
24016,0,0.0,1,0,0.6960677083333333,0.6960677083333333
24016,0,0.0,1,2,0.68515625,0.68515625
24016,0,0.0,1,3,0.5070703125,0.5070703125
24016,0,0.0,2,0,0.7105338541666667,0.7105338541666667
24016,0,0.0,2,1,0.4650520833333333,0.4650520833333333
24016,0,0.0,2,3,0.5483854166666666,0.5483854166666666
24016,0,0.0,3,0,0.35998697916666667,0.35998697916666667
24016,0,0.0,3,1,0.19748697916666666,0.19748697916666666
24016,0,0.0,3,2,0.302109375,0.302109375
24016,1,0.5,0,1,0.3245572916666667,0.3245572916666667
24016,1,0.5,0,2,0.428046875,0.428046875
24016,1,0.5,0,3,0.4914192708333333,0.4914192708333333
24016,1,0.5,1,0,0.7428255208333333,0.7428255208333333
24016,1,0.5,1,2,0.6865755208333333,0.6865755208333333
24016,1,0.5,1,3,0.48032552083333335,0.48032552083333335
24016,1,0.5,2,0,0.7778515625,0.7778515625
24016,1,0.5,2,1,0.5577994791666666,0.5577994791666666
24016,1,0.5,2,3,0.5328385416666667,0.5328385416666667
24016,1,0.5,3,0,0.34584635416666665,0.34584635416666665
24016,1,0.5,3,1,0.18569010416666668,0.18569010416666668
24016,1,0.5,3,2,0.2574739583333333,0.2574739583333333
24016,2,1.0,0,1,0.4023828125,0.4023828125
24016,2,1.0,0,2,0.33438802083333335,0.33438802083333335
24016,2,1.0,0,3,0.5266276041666667,0.5266276041666667
24016,2,1.0,1,0,0.7773958333333333,0.7773958333333333
24016,2,1.0,1,2,0.576015625,0.576015625
24016,2,1.0,1,3,0.5689583333333333,0.5689583333333333
24016,2,1.0,2,0,0.7723307291666667,0.7723307291666667
24016,2,1.0,2,1,0.7737239583333333,0.7737239583333333
24016,2,1.0,2,3,0.5931510416666667,0.5931510416666667
24016,2,1.0,3,0,0.4425130208333333,0.4425130208333333
24016,2,1.0,3,1,0.28759114583333334,0.28759114583333334
24016,2,1.0,3,2,0.2520703125,0.2520703125
24017,0,0.0,0,1,0.7158984375,0.7158984375
24017,0,0.0,0,2,0.6680598958333334,0.6680598958333334
24017,0,0.0,0,3,0.6402083333333334,0.6402083333333334
24017,0,0.0,1,0,0.3388671875,0.3388671875
24017,0,0.0,1,2,0.49125,0.49125
24017,0,0.0,1,3,0.6954947916666666,0.6954947916666666
24017,0,0.0,2,0,0.46098958333333334,0.46098958333333334
24017,0,0.0,2,1,0.5609375,0.5609375
24017,0,0.0,2,3,0.45815104166666665,0.45815104166666665
24017,0,0.0,3,0,0.3153255208333333,0.3153255208333333
24017,0,0.0,3,1,0.6363020833333334,0.6363020833333334
24017,0,0.0,3,2,0.4328125,0.4328125
24017,1,0.5,0,1,0.6871354166666667,0.6871354166666667
24017,1,0.5,0,2,0.6211588541666667,0.6211588541666667
24017,1,0.5,0,3,0.5931380208333333,0.5931380208333333
24017,1,0.5,1,0,0.3668619791666667,0.3668619791666667
24017,1,0.5,1,2,0.4560546875,0.4560546875
24017,1,0.5,1,3,0.7423958333333334,0.7423958333333334
24017,1,0.5,2,0,0.47783854166666667,0.47783854166666667
24017,1,0.5,2,1,0.4775,0.4775
24017,1,0.5,2,3,0.4795833333333333,0.4795833333333333
24017,1,0.5,3,0,0.2169140625,0.2169140625
24017,1,0.5,3,1,0.4688411458333333,0.4688411458333333
24017,1,0.5,3,2,0.41552083333333334,0.41552083333333334
24017,2,1.0,0,1,0.5787239583333333,0.5787239583333333
24017,2,1.0,0,2,0.6406510416666666,0.6406510416666666
24017,2,1.0,0,3,0.543125,0.543125
24017,2,1.0,1,0,0.2585807291666667,0.2585807291666667
24017,2,1.0,1,2,0.4390364583333333,0.4390364583333333
24017,2,1.0,1,3,0.7804557291666666,0.7804557291666666
24017,2,1.0,2,0,0.5237369791666666,0.5237369791666666
24017,2,1.0,2,1,0.4298177083333333,0.4298177083333333
24017,2,1.0,2,3,0.4482552083333333,0.4482552083333333
24017,2,1.0,3,0,0.1523046875,0.1523046875
24017,2,1.0,3,1,0.4416145833333333,0.4416145833333333
24017,2,1.0,3,2,0.3214453125,0.3214453125
24018,0,0.0,0,1,0.4141666666666667,0.4141666666666667
24018,0,0.0,0,2,0.32385416666666667,0.32385416666666667
24018,0,0.0,0,3,0.43872395833333333,0.43872395833333333
24018,0,0.0,1,0,0.30419270833333334,0.30419270833333334
24018,0,0.0,1,2,0.22260416666666666,0.22260416666666666
24018,0,0.0,1,3,0.8023828125,0.8023828125
24018,0,0.0,2,0,0.5549869791666666,0.5549869791666666
24018,0,0.0,2,1,0.6773697916666667,0.6773697916666667
24018,0,0.0,2,3,0.5941015625,0.5941015625
24018,0,0.0,3,0,0.3054296875,0.3054296875
24018,0,0.0,3,1,0.8165494791666666,0.8165494791666666
24018,0,0.0,3,2,0.18666666666666668,0.18666666666666668
24018,1,0.5,0,1,0.41141927083333335,0.41141927083333335
24018,1,0.5,0,2,0.3198828125,0.3198828125
24018,1,0.5,0,3,0.4329296875,0.4329296875
24018,1,0.5,1,0,0.3006510416666667,0.3006510416666667
24018,1,0.5,1,2,0.21657552083333334,0.21657552083333334
24018,1,0.5,1,3,0.8104036458333334,0.8104036458333334
24018,1,0.5,2,0,0.5477083333333334,0.5477083333333334
24018,1,0.5,2,1,0.6627994791666667,0.6627994791666667
24018,1,0.5,2,3,0.5745052083333333,0.5745052083333333
24018,1,0.5,3,0,0.30037760416666665,0.30037760416666665
24018,1,0.5,3,1,0.8327213541666667,0.8327213541666667
24018,1,0.5,3,2,0.17938802083333333,0.17938802083333333
24018,2,1.0,0,1,0.3936588541666667,0.3936588541666667
24018,2,1.0,0,2,0.31201822916666666,0.31201822916666666
24018,2,1.0,0,3,0.4163671875,0.4163671875
24018,2,1.0,1,0,0.2885546875,0.2885546875
24018,2,1.0,1,2,0.21236979166666667,0.21236979166666667
24018,2,1.0,1,3,0.814296875,0.814296875
24018,2,1.0,2,0,0.5358984375,0.5358984375
24018,2,1.0,2,1,0.6558072916666666,0.6558072916666666
24018,2,1.0,2,3,0.5535546875,0.5535546875
24018,2,1.0,3,0,0.2869791666666667,0.2869791666666667
24018,2,1.0,3,1,0.8255729166666667,0.8255729166666667
24018,2,1.0,3,2,0.16673177083333332,0.16673177083333332
24019,0,0.0,0,1,0.5316666666666666,0.5316666666666666
24019,0,0.0,0,2,0.5703255208333333,0.5703255208333333
24019,0,0.0,0,3,0.39359375,0.39359375
24019,0,0.0,1,0,0.5692578125,0.5692578125
24019,0,0.0,1,2,0.6524088541666667,0.6524088541666667
24019,0,0.0,1,3,0.3394270833333333,0.3394270833333333
24019,0,0.0,2,0,0.40154947916666667,0.40154947916666667
24019,0,0.0,2,1,0.3480859375,0.3480859375
24019,0,0.0,2,3,0.19669270833333333,0.19669270833333333
24019,0,0.0,3,0,0.7341927083333334,0.7341927083333334
24019,0,0.0,3,1,0.9348567708333333,0.9348567708333333
24019,0,0.0,3,2,0.6943489583333333,0.6943489583333333
24019,1,0.5,0,1,0.5341796875,0.5341796875
24019,1,0.5,0,2,0.5770833333333333,0.5770833333333333
24019,1,0.5,0,3,0.37873697916666665,0.37873697916666665
24019,1,0.5,1,0,0.5876302083333333,0.5876302083333333
24019,1,0.5,1,2,0.6594270833333333,0.6594270833333333
24019,1,0.5,1,3,0.333125,0.333125
24019,1,0.5,2,0,0.42342447916666665,0.42342447916666665
24019,1,0.5,2,1,0.3500260416666667,0.3500260416666667
24019,1,0.5,2,3,0.19434895833333332,0.19434895833333332
24019,1,0.5,3,0,0.7573697916666666,0.7573697916666666
24019,1,0.5,3,1,0.9340625,0.9340625
24019,1,0.5,3,2,0.7005598958333333,0.7005598958333333
24019,2,1.0,0,1,0.5357552083333333,0.5357552083333333
24019,2,1.0,0,2,0.5834635416666667,0.5834635416666667
24019,2,1.0,0,3,0.34044270833333334,0.34044270833333334
24019,2,1.0,1,0,0.5961458333333334,0.5961458333333334
24019,2,1.0,1,2,0.6657552083333333,0.6657552083333333
24019,2,1.0,1,3,0.3171484375,0.3171484375
24019,2,1.0,2,0,0.4416796875,0.4416796875
24019,2,1.0,2,1,0.35208333333333336,0.35208333333333336
24019,2,1.0,2,3,0.18779947916666667,0.18779947916666667
24019,2,1.0,3,0,0.7722265625,0.7722265625
24019,2,1.0,3,1,0.9233463541666667,0.9233463541666667
24019,2,1.0,3,2,0.6995052083333333,0.6995052083333333
24020,0,0.0,0,1,0.6294010416666667,0.6294010416666667
24020,0,0.0,0,2,0.5644921875,0.5644921875
24020,0,0.0,0,3,0.6388671875,0.6388671875
24020,0,0.0,1,0,0.3551171875,0.3551171875
24020,0,0.0,1,2,0.4107421875,0.4107421875
24020,0,0.0,1,3,0.5215755208333334,0.5215755208333334
24020,0,0.0,2,0,0.5456640625,0.5456640625
24020,0,0.0,2,1,0.788125,0.788125
24020,0,0.0,2,3,0.8443098958333334,0.8443098958333334
24020,0,0.0,3,0,0.5152604166666667,0.5152604166666667
24020,0,0.0,3,1,0.8210026041666667,0.8210026041666667
24020,0,0.0,3,2,0.7193880208333333,0.7193880208333333
24020,1,0.5,0,1,0.7296484375,0.7296484375
24020,1,0.5,0,2,0.517734375,0.517734375
24020,1,0.5,0,3,0.7646875,0.7646875
24020,1,0.5,1,0,0.28184895833333334,0.28184895833333334
24020,1,0.5,1,2,0.32256510416666667,0.32256510416666667
24020,1,0.5,1,3,0.4246744791666667,0.4246744791666667
24020,1,0.5,2,0,0.4733984375,0.4733984375
24020,1,0.5,2,1,0.7654817708333334,0.7654817708333334
24020,1,0.5,2,3,0.7497135416666667,0.7497135416666667
24020,1,0.5,3,0,0.5276302083333333,0.5276302083333333
24020,1,0.5,3,1,0.7942578125,0.7942578125
24020,1,0.5,3,2,0.5882421875,0.5882421875
24020,2,1.0,0,1,0.7538541666666667,0.7538541666666667
24020,2,1.0,0,2,0.5251432291666667,0.5251432291666667
24020,2,1.0,0,3,0.8661848958333334,0.8661848958333334
24020,2,1.0,1,0,0.2405859375,0.2405859375
24020,2,1.0,1,2,0.32875,0.32875
24020,2,1.0,1,3,0.3612890625,0.3612890625
24020,2,1.0,2,0,0.428359375,0.428359375
24020,2,1.0,2,1,0.6479427083333333,0.6479427083333333
24020,2,1.0,2,3,0.6009765625,0.6009765625
24020,2,1.0,3,0,0.5833854166666667,0.5833854166666667
24020,2,1.0,3,1,0.7667447916666666,0.7667447916666666
24020,2,1.0,3,2,0.5268359375,0.5268359375
24021,0,0.0,0,1,0.5616145833333334,0.5616145833333334
24021,0,0.0,0,2,0.6345182291666667,0.6345182291666667
24021,0,0.0,0,3,0.5372395833333333,0.5372395833333333
24021,0,0.0,1,0,0.2695182291666667,0.2695182291666667
24021,0,0.0,1,2,0.30390625,0.30390625
24021,0,0.0,1,3,0.3338671875,0.3338671875
24021,0,0.0,2,0,0.4666796875,0.4666796875
24021,0,0.0,2,1,0.5776041666666667,0.5776041666666667
24021,0,0.0,2,3,0.5310677083333334,0.5310677083333334
24021,0,0.0,3,0,0.334375,0.334375
24021,0,0.0,3,1,0.7925520833333334,0.7925520833333334
24021,0,0.0,3,2,0.3972395833333333,0.3972395833333333
24021,1,0.5,0,1,0.5929427083333333,0.5929427083333333
24021,1,0.5,0,2,0.6337760416666667,0.6337760416666667
24021,1,0.5,0,3,0.5800130208333333,0.5800130208333333
24021,1,0.5,1,0,0.24587239583333334,0.24587239583333334
24021,1,0.5,1,2,0.3066536458333333,0.3066536458333333
24021,1,0.5,1,3,0.3218359375,0.3218359375
24021,1,0.5,2,0,0.46484375,0.46484375
24021,1,0.5,2,1,0.6028125,0.6028125
24021,1,0.5,2,3,0.5456770833333333,0.5456770833333333
24021,1,0.5,3,0,0.3471484375,0.3471484375
24021,1,0.5,3,1,0.7994661458333333,0.7994661458333333
24021,1,0.5,3,2,0.402265625,0.402265625
24021,2,1.0,0,1,0.6280208333333334,0.6280208333333334
24021,2,1.0,0,2,0.6471875,0.6471875
24021,2,1.0,0,3,0.6286197916666667,0.6286197916666667
24021,2,1.0,1,0,0.23467447916666667,0.23467447916666667
24021,2,1.0,1,2,0.3043489583333333,0.3043489583333333
24021,2,1.0,1,3,0.29587239583333336,0.29587239583333336
24021,2,1.0,2,0,0.4737369791666667,0.4737369791666667
24021,2,1.0,2,1,0.6341796875,0.6341796875
24021,2,1.0,2,3,0.5608072916666667,0.5608072916666667
24021,2,1.0,3,0,0.36723958333333334,0.36723958333333334
24021,2,1.0,3,1,0.8000390625,0.8000390625
24021,2,1.0,3,2,0.4077604166666667,0.4077604166666667
24022,0,0.0,0,1,0.5823958333333333,0.5823958333333333
24022,0,0.0,0,2,0.3671875,0.3671875
24022,0,0.0,0,3,0.5510286458333333,0.5510286458333333
24022,0,0.0,1,0,0.38234375,0.38234375
24022,0,0.0,1,2,0.195234375,0.195234375
24022,0,0.0,1,3,0.5867057291666666,0.5867057291666666
24022,0,0.0,2,0,0.5951822916666667,0.5951822916666667
24022,0,0.0,2,1,0.8068359375,0.8068359375
24022,0,0.0,2,3,0.8226171875,0.8226171875
24022,0,0.0,3,0,0.5165885416666667,0.5165885416666667
24022,0,0.0,3,1,0.87890625,0.87890625
24022,0,0.0,3,2,0.33010416666666664,0.33010416666666664
24022,1,0.5,0,1,0.58,0.58
24022,1,0.5,0,2,0.3124869791666667,0.3124869791666667
24022,1,0.5,0,3,0.49572916666666667,0.49572916666666667
24022,1,0.5,1,0,0.433984375,0.433984375
24022,1,0.5,1,2,0.19680989583333333,0.19680989583333333
24022,1,0.5,1,3,0.5813411458333333,0.5813411458333333
24022,1,0.5,2,0,0.5905598958333333,0.5905598958333333
24022,1,0.5,2,1,0.8311979166666666,0.8311979166666666
24022,1,0.5,2,3,0.8401432291666666,0.8401432291666666
24022,1,0.5,3,0,0.5160807291666667,0.5160807291666667
24022,1,0.5,3,1,0.8782552083333334,0.8782552083333334
24022,1,0.5,3,2,0.3335416666666667,0.3335416666666667
24022,2,1.0,0,1,0.5308854166666667,0.5308854166666667
24022,2,1.0,0,2,0.300078125,0.300078125
24022,2,1.0,0,3,0.44697916666666665,0.44697916666666665
24022,2,1.0,1,0,0.44135416666666666,0.44135416666666666
24022,2,1.0,1,2,0.22296875,0.22296875
24022,2,1.0,1,3,0.5804947916666666,0.5804947916666666
24022,2,1.0,2,0,0.5841276041666666,0.5841276041666666
24022,2,1.0,2,1,0.8620833333333333,0.8620833333333333
24022,2,1.0,2,3,0.8621614583333334,0.8621614583333334
24022,2,1.0,3,0,0.496796875,0.496796875
24022,2,1.0,3,1,0.8715234375,0.8715234375
24022,2,1.0,3,2,0.36928385416666665,0.36928385416666665
24023,0,0.0,0,1,0.2512109375,0.2512109375
24023,0,0.0,0,2,0.3558203125,0.3558203125
24023,0,0.0,0,3,0.34067708333333335,0.34067708333333335
24023,0,0.0,1,0,0.2502083333333333,0.2502083333333333
24023,0,0.0,1,2,0.21981770833333333,0.21981770833333333
24023,0,0.0,1,3,0.17135416666666667,0.17135416666666667
24023,0,0.0,2,0,0.29865885416666665,0.29865885416666665
24023,0,0.0,2,1,0.20268229166666665,0.20268229166666665
24023,0,0.0,2,3,0.6009114583333334,0.6009114583333334
24023,0,0.0,3,0,0.3756510416666667,0.3756510416666667
24023,0,0.0,3,1,0.14522135416666668,0.14522135416666668
24023,0,0.0,3,2,0.8145833333333333,0.8145833333333333
24023,1,0.5,0,1,0.24481770833333333,0.24481770833333333
24023,1,0.5,0,2,0.3627473958333333,0.3627473958333333
24023,1,0.5,0,3,0.339375,0.339375
24023,1,0.5,1,0,0.257578125,0.257578125
24023,1,0.5,1,2,0.20984375,0.20984375
24023,1,0.5,1,3,0.1359375,0.1359375
24023,1,0.5,2,0,0.2952734375,0.2952734375
24023,1,0.5,2,1,0.18595052083333333,0.18595052083333333
24023,1,0.5,2,3,0.6123958333333334,0.6123958333333334
24023,1,0.5,3,0,0.3757421875,0.3757421875
24023,1,0.5,3,1,0.1094140625,0.1094140625
24023,1,0.5,3,2,0.8233333333333334,0.8233333333333334
24023,2,1.0,0,1,0.24032552083333333,0.24032552083333333
24023,2,1.0,0,2,0.37795572916666664,0.37795572916666664
24023,2,1.0,0,3,0.3390234375,0.3390234375
24023,2,1.0,1,0,0.26602864583333335,0.26602864583333335
24023,2,1.0,1,2,0.20100260416666665,0.20100260416666665
24023,2,1.0,1,3,0.11977864583333334,0.11977864583333334
24023,2,1.0,2,0,0.29640625,0.29640625
24023,2,1.0,2,1,0.15630208333333334,0.15630208333333334
24023,2,1.0,2,3,0.6206510416666666,0.6206510416666666
24023,2,1.0,3,0,0.36736979166666667,0.36736979166666667
24023,2,1.0,3,1,0.09096354166666666,0.09096354166666666
24023,2,1.0,3,2,0.8275390625,0.8275390625
24024,0,0.0,0,1,0.3316015625,0.3316015625
24024,0,0.0,0,2,0.3443359375,0.3443359375
24024,0,0.0,0,3,0.5172005208333333,0.5172005208333333
24024,0,0.0,1,0,0.76484375,0.76484375
24024,0,0.0,1,2,0.6845963541666666,0.6845963541666666
24024,0,0.0,1,3,0.6865494791666666,0.6865494791666666
24024,0,0.0,2,0,0.6212109375,0.6212109375
24024,0,0.0,2,1,0.538984375,0.538984375
24024,0,0.0,2,3,0.7826302083333333,0.7826302083333333
24024,0,0.0,3,0,0.5101822916666666,0.5101822916666666
24024,0,0.0,3,1,0.1818359375,0.1818359375
24024,0,0.0,3,2,0.26342447916666667,0.26342447916666667
24024,1,0.5,0,1,0.2962109375,0.2962109375
24024,1,0.5,0,2,0.3494010416666667,0.3494010416666667
24024,1,0.5,0,3,0.46032552083333333,0.46032552083333333
24024,1,0.5,1,0,0.5646744791666667,0.5646744791666667
24024,1,0.5,1,2,0.624453125,0.624453125
24024,1,0.5,1,3,0.7084375,0.7084375
24024,1,0.5,2,0,0.6043880208333333,0.6043880208333333
24024,1,0.5,2,1,0.4176953125,0.4176953125
24024,1,0.5,2,3,0.8298958333333334,0.8298958333333334
24024,1,0.5,3,0,0.4769010416666667,0.4769010416666667
24024,1,0.5,3,1,0.233828125,0.233828125
24024,1,0.5,3,2,0.38807291666666666,0.38807291666666666
24024,2,1.0,0,1,0.330625,0.330625
24024,2,1.0,0,2,0.3350911458333333,0.3350911458333333
24024,2,1.0,0,3,0.46459635416666667,0.46459635416666667
24024,2,1.0,1,0,0.4684765625,0.4684765625
24024,2,1.0,1,2,0.6542317708333333,0.6542317708333333
24024,2,1.0,1,3,0.6336328125,0.6336328125
24024,2,1.0,2,0,0.518359375,0.518359375
24024,2,1.0,2,1,0.5161979166666667,0.5161979166666667
24024,2,1.0,2,3,0.7801171875,0.7801171875
24024,2,1.0,3,0,0.48001302083333336,0.48001302083333336
24024,2,1.0,3,1,0.33630208333333333,0.33630208333333333
24024,2,1.0,3,2,0.42606770833333335,0.42606770833333335
24025,0,0.0,0,1,0.5620572916666666,0.5620572916666666
24025,0,0.0,0,2,0.7075260416666667,0.7075260416666667
24025,0,0.0,0,3,0.30227864583333336,0.30227864583333336
24025,0,0.0,1,0,0.5934635416666667,0.5934635416666667
24025,0,0.0,1,2,0.6881770833333334,0.6881770833333334
24025,0,0.0,1,3,0.4457421875,0.4457421875
24025,0,0.0,2,0,0.37643229166666664,0.37643229166666664
24025,0,0.0,2,1,0.34717447916666666,0.34717447916666666
24025,0,0.0,2,3,0.236328125,0.236328125
24025,0,0.0,3,0,0.4083072916666667,0.4083072916666667
24025,0,0.0,3,1,0.5599088541666667,0.5599088541666667
24025,0,0.0,3,2,0.5268489583333333,0.5268489583333333
24025,1,0.5,0,1,0.5677473958333333,0.5677473958333333
24025,1,0.5,0,2,0.7028255208333334,0.7028255208333334
24025,1,0.5,0,3,0.319375,0.319375
24025,1,0.5,1,0,0.5893359375,0.5893359375
24025,1,0.5,1,2,0.6920182291666667,0.6920182291666667
24025,1,0.5,1,3,0.4686458333333333,0.4686458333333333
24025,1,0.5,2,0,0.3624088541666667,0.3624088541666667
24025,1,0.5,2,1,0.34177083333333336,0.34177083333333336
24025,1,0.5,2,3,0.24065104166666668,0.24065104166666668
24025,1,0.5,3,0,0.4142578125,0.4142578125
24025,1,0.5,3,1,0.5876041666666667,0.5876041666666667
24025,1,0.5,3,2,0.5532161458333333,0.5532161458333333
24025,2,1.0,0,1,0.5620052083333333,0.5620052083333333
24025,2,1.0,0,2,0.6983203125,0.6983203125
24025,2,1.0,0,3,0.34770833333333334,0.34770833333333334
24025,2,1.0,1,0,0.586328125,0.586328125
24025,2,1.0,1,2,0.6840755208333333,0.6840755208333333
24025,2,1.0,1,3,0.5143098958333333,0.5143098958333333
24025,2,1.0,2,0,0.3523828125,0.3523828125
24025,2,1.0,2,1,0.32971354166666667,0.32971354166666667
24025,2,1.0,2,3,0.2899609375,0.2899609375
24025,2,1.0,3,0,0.42828125,0.42828125
24025,2,1.0,3,1,0.629609375,0.629609375
24025,2,1.0,3,2,0.616953125,0.616953125
24026,0,0.0,0,1,0.17858072916666667,0.17858072916666667
24026,0,0.0,0,2,0.3626432291666667,0.3626432291666667
24026,0,0.0,0,3,0.6413932291666666,0.6413932291666666
24026,0,0.0,1,0,0.4486328125,0.4486328125
24026,0,0.0,1,2,0.39239583333333333,0.39239583333333333
24026,0,0.0,1,3,0.48760416666666667,0.48760416666666667
24026,0,0.0,2,0,0.44048177083333334,0.44048177083333334
24026,0,0.0,2,1,0.2898828125,0.2898828125
24026,0,0.0,2,3,0.5335546875,0.5335546875
24026,0,0.0,3,0,0.6284244791666667,0.6284244791666667
24026,0,0.0,3,1,0.2516276041666667,0.2516276041666667
24026,0,0.0,3,2,0.4162890625,0.4162890625
24026,1,0.5,0,1,0.18587239583333334,0.18587239583333334
24026,1,0.5,0,2,0.3298567708333333,0.3298567708333333
24026,1,0.5,0,3,0.4987109375,0.4987109375
24026,1,0.5,1,0,0.4261067708333333,0.4261067708333333
24026,1,0.5,1,2,0.39828125,0.39828125
24026,1,0.5,1,3,0.5047135416666667,0.5047135416666667
24026,1,0.5,2,0,0.39884114583333335,0.39884114583333335
24026,1,0.5,2,1,0.3085807291666667,0.3085807291666667
24026,1,0.5,2,3,0.5210416666666666,0.5210416666666666
24026,1,0.5,3,0,0.5930338541666667,0.5930338541666667
24026,1,0.5,3,1,0.305859375,0.305859375
24026,1,0.5,3,2,0.406484375,0.406484375
24026,2,1.0,0,1,0.17561197916666665,0.17561197916666665
24026,2,1.0,0,2,0.223671875,0.223671875
24026,2,1.0,0,3,0.31970052083333333,0.31970052083333333
24026,2,1.0,1,0,0.3940625,0.3940625
24026,2,1.0,1,2,0.45098958333333333,0.45098958333333333
24026,2,1.0,1,3,0.49790364583333335,0.49790364583333335
24026,2,1.0,2,0,0.3230078125,0.3230078125
24026,2,1.0,2,1,0.320546875,0.320546875
24026,2,1.0,2,3,0.5088541666666667,0.5088541666666667
24026,2,1.0,3,0,0.5095833333333334,0.5095833333333334
24026,2,1.0,3,1,0.327265625,0.327265625
24026,2,1.0,3,2,0.39916666666666667,0.39916666666666667
24027,0,0.0,0,1,0.8703515625,0.8703515625
24027,0,0.0,0,2,0.6847526041666666,0.6847526041666666
24027,0,0.0,0,3,0.7528645833333333,0.7528645833333333
24027,0,0.0,1,0,0.5245182291666667,0.5245182291666667
24027,0,0.0,1,2,0.657265625,0.657265625
24027,0,0.0,1,3,0.7037109375,0.7037109375
24027,0,0.0,2,0,0.22928385416666666,0.22928385416666666
24027,0,0.0,2,1,0.43505208333333334,0.43505208333333334
24027,0,0.0,2,3,0.36296875,0.36296875
24027,0,0.0,3,0,0.47018229166666664,0.47018229166666664
24027,0,0.0,3,1,0.7510807291666667,0.7510807291666667
24027,0,0.0,3,2,0.6795572916666667,0.6795572916666667
24027,1,0.5,0,1,0.7953125,0.7953125
24027,1,0.5,0,2,0.6985286458333333,0.6985286458333333
24027,1,0.5,0,3,0.6171744791666667,0.6171744791666667
24027,1,0.5,1,0,0.42194010416666666,0.42194010416666666
24027,1,0.5,1,2,0.6165494791666667,0.6165494791666667
24027,1,0.5,1,3,0.4827604166666667,0.4827604166666667
24027,1,0.5,2,0,0.47359375,0.47359375
24027,1,0.5,2,1,0.6575260416666666,0.6575260416666666
24027,1,0.5,2,3,0.5082682291666667,0.5082682291666667
24027,1,0.5,3,0,0.49571614583333334,0.49571614583333334
24027,1,0.5,3,1,0.8550130208333333,0.8550130208333333
24027,1,0.5,3,2,0.9151432291666667,0.9151432291666667
24027,2,1.0,0,1,0.6885416666666667,0.6885416666666667
24027,2,1.0,0,2,0.69171875,0.69171875
24027,2,1.0,0,3,0.6344401041666666,0.6344401041666666
24027,2,1.0,1,0,0.42352864583333333,0.42352864583333333
24027,2,1.0,1,2,0.6095572916666666,0.6095572916666666
24027,2,1.0,1,3,0.4204557291666667,0.4204557291666667
24027,2,1.0,2,0,0.448515625,0.448515625
24027,2,1.0,2,1,0.6272786458333334,0.6272786458333334
24027,2,1.0,2,3,0.37765625,0.37765625
24027,2,1.0,3,0,0.594765625,0.594765625
24027,2,1.0,3,1,0.807734375,0.807734375
24027,2,1.0,3,2,0.8191536458333334,0.8191536458333334
24028,0,0.0,0,1,0.6302864583333333,0.6302864583333333
24028,0,0.0,0,2,0.76328125,0.76328125
24028,0,0.0,0,3,0.746875,0.746875
24028,0,0.0,1,0,0.4777604166666667,0.4777604166666667
24028,0,0.0,1,2,0.6624479166666667,0.6624479166666667
24028,0,0.0,1,3,0.533359375,0.533359375
24028,0,0.0,2,0,0.5549869791666666,0.5549869791666666
24028,0,0.0,2,1,0.6179036458333333,0.6179036458333333
24028,0,0.0,2,3,0.5570442708333333,0.5570442708333333
24028,0,0.0,3,0,0.728125,0.728125
24028,0,0.0,3,1,0.6125520833333333,0.6125520833333333
24028,0,0.0,3,2,0.76203125,0.76203125
24028,1,0.5,0,1,0.5518229166666667,0.5518229166666667
24028,1,0.5,0,2,0.6445442708333333,0.6445442708333333
24028,1,0.5,0,3,0.6919661458333334,0.6919661458333334
24028,1,0.5,1,0,0.44981770833333334,0.44981770833333334
24028,1,0.5,1,2,0.5163802083333333,0.5163802083333333
24028,1,0.5,1,3,0.4846875,0.4846875
24028,1,0.5,2,0,0.5917057291666666,0.5917057291666666
24028,1,0.5,2,1,0.52234375,0.52234375
24028,1,0.5,2,3,0.6497526041666667,0.6497526041666667
24028,1,0.5,3,0,0.6832552083333333,0.6832552083333333
24028,1,0.5,3,1,0.5769791666666667,0.5769791666666667
24028,1,0.5,3,2,0.7730078125,0.7730078125
24028,2,1.0,0,1,0.5121484375,0.5121484375
24028,2,1.0,0,2,0.6567057291666667,0.6567057291666667
24028,2,1.0,0,3,0.6614583333333334,0.6614583333333334
24028,2,1.0,1,0,0.4077604166666667,0.4077604166666667
24028,2,1.0,1,2,0.5278255208333333,0.5278255208333333
24028,2,1.0,1,3,0.5001822916666666,0.5001822916666666
24028,2,1.0,2,0,0.6240104166666667,0.6240104166666667
24028,2,1.0,2,1,0.5462109375,0.5462109375
24028,2,1.0,2,3,0.8311458333333334,0.8311458333333334
24028,2,1.0,3,0,0.6114583333333333,0.6114583333333333
24028,2,1.0,3,1,0.5504557291666666,0.5504557291666666
24028,2,1.0,3,2,0.8337369791666667,0.8337369791666667
24029,0,0.0,0,1,0.3553125,0.3553125
24029,0,0.0,0,2,0.30627604166666667,0.30627604166666667
24029,0,0.0,0,3,0.4485677083333333,0.4485677083333333
24029,0,0.0,1,0,0.2677994791666667,0.2677994791666667
24029,0,0.0,1,2,0.19665364583333333,0.19665364583333333
24029,0,0.0,1,3,0.3793229166666667,0.3793229166666667
24029,0,0.0,2,0,0.49709635416666664,0.49709635416666664
24029,0,0.0,2,1,0.5165234375,0.5165234375
24029,0,0.0,2,3,0.8687109375,0.8687109375
24029,0,0.0,3,0,0.38319010416666666,0.38319010416666666
24029,0,0.0,3,1,0.4058072916666667,0.4058072916666667
24029,0,0.0,3,2,0.1853125,0.1853125
24029,1,0.5,0,1,0.35208333333333336,0.35208333333333336
24029,1,0.5,0,2,0.309921875,0.309921875
24029,1,0.5,0,3,0.458671875,0.458671875
24029,1,0.5,1,0,0.2540625,0.2540625
24029,1,0.5,1,2,0.183515625,0.183515625
24029,1,0.5,1,3,0.37514322916666665,0.37514322916666665
24029,1,0.5,2,0,0.5030078125,0.5030078125
24029,1,0.5,2,1,0.4791536458333333,0.4791536458333333
24029,1,0.5,2,3,0.8598567708333333,0.8598567708333333
24029,1,0.5,3,0,0.39048177083333335,0.39048177083333335
24029,1,0.5,3,1,0.4121223958333333,0.4121223958333333
24029,1,0.5,3,2,0.181875,0.181875
24029,2,1.0,0,1,0.3477864583333333,0.3477864583333333
24029,2,1.0,0,2,0.33684895833333334,0.33684895833333334
24029,2,1.0,0,3,0.47658854166666664,0.47658854166666664
24029,2,1.0,1,0,0.2515104166666667,0.2515104166666667
24029,2,1.0,1,2,0.18290364583333332,0.18290364583333332
24029,2,1.0,1,3,0.37615885416666667,0.37615885416666667
24029,2,1.0,2,0,0.512421875,0.512421875
24029,2,1.0,2,1,0.4415625,0.4415625
24029,2,1.0,2,3,0.8289453125,0.8289453125
24029,2,1.0,3,0,0.40248697916666665,0.40248697916666665
24029,2,1.0,3,1,0.421640625,0.421640625
24029,2,1.0,3,2,0.18912760416666666,0.18912760416666666
24030,0,0.0,0,1,0.636875,0.636875
24030,0,0.0,0,2,0.3273828125,0.3273828125
24030,0,0.0,0,3,0.46125,0.46125
24030,0,0.0,1,0,0.5663541666666667,0.5663541666666667
24030,0,0.0,1,2,0.3133984375,0.3133984375
24030,0,0.0,1,3,0.3787890625,0.3787890625
24030,0,0.0,2,0,0.4386979166666667,0.4386979166666667
24030,0,0.0,2,1,0.379921875,0.379921875
24030,0,0.0,2,3,0.6454036458333333,0.6454036458333333
24030,0,0.0,3,0,0.5011588541666666,0.5011588541666666
24030,0,0.0,3,1,0.40390625,0.40390625
24030,0,0.0,3,2,0.4026171875,0.4026171875
24030,1,0.5,0,1,0.6596223958333334,0.6596223958333334
24030,1,0.5,0,2,0.3558072916666667,0.3558072916666667
24030,1,0.5,0,3,0.48618489583333335,0.48618489583333335
24030,1,0.5,1,0,0.5795442708333334,0.5795442708333334
24030,1,0.5,1,2,0.33966145833333333,0.33966145833333333
24030,1,0.5,1,3,0.39384114583333335,0.39384114583333335
24030,1,0.5,2,0,0.45625,0.45625
24030,1,0.5,2,1,0.42916666666666664,0.42916666666666664
24030,1,0.5,2,3,0.655234375,0.655234375
24030,1,0.5,3,0,0.5120963541666667,0.5120963541666667
24030,1,0.5,3,1,0.41451822916666664,0.41451822916666664
24030,1,0.5,3,2,0.42518229166666666,0.42518229166666666
24030,2,1.0,0,1,0.6799739583333333,0.6799739583333333
24030,2,1.0,0,2,0.38990885416666665,0.38990885416666665
24030,2,1.0,0,3,0.5072916666666667,0.5072916666666667
24030,2,1.0,1,0,0.603203125,0.603203125
24030,2,1.0,1,2,0.3729427083333333,0.3729427083333333
24030,2,1.0,1,3,0.4140234375,0.4140234375
24030,2,1.0,2,0,0.4805859375,0.4805859375
24030,2,1.0,2,1,0.46412760416666665,0.46412760416666665
24030,2,1.0,2,3,0.6697526041666667,0.6697526041666667
24030,2,1.0,3,0,0.5185677083333333,0.5185677083333333
24030,2,1.0,3,1,0.42234375,0.42234375
24030,2,1.0,3,2,0.45328125,0.45328125
24031,0,0.0,0,1,0.6825390625,0.6825390625
24031,0,0.0,0,2,0.6764453125,0.6764453125
24031,0,0.0,0,3,0.7680859375,0.7680859375
24031,0,0.0,1,0,0.5375520833333334,0.5375520833333334
24031,0,0.0,1,2,0.8327083333333334,0.8327083333333334
24031,0,0.0,1,3,0.8180598958333334,0.8180598958333334
24031,0,0.0,2,0,0.38361979166666665,0.38361979166666665
24031,0,0.0,2,1,0.39938802083333336,0.39938802083333336
24031,0,0.0,2,3,0.5027994791666667,0.5027994791666667
24031,0,0.0,3,0,0.5983463541666667,0.5983463541666667
24031,0,0.0,3,1,0.795390625,0.795390625
24031,0,0.0,3,2,0.8138541666666667,0.8138541666666667
24031,1,0.5,0,1,0.6025,0.6025
24031,1,0.5,0,2,0.4903385416666667,0.4903385416666667
24031,1,0.5,0,3,0.5909505208333333,0.5909505208333333
24031,1,0.5,1,0,0.5098828125,0.5098828125
24031,1,0.5,1,2,0.6844140625,0.6844140625
24031,1,0.5,1,3,0.8102734375,0.8102734375
24031,1,0.5,2,0,0.38875,0.38875
24031,1,0.5,2,1,0.47553385416666666,0.47553385416666666
24031,1,0.5,2,3,0.4647135416666667,0.4647135416666667
24031,1,0.5,3,0,0.5430598958333334,0.5430598958333334
24031,1,0.5,3,1,0.8424739583333334,0.8424739583333334
24031,1,0.5,3,2,0.6671484375,0.6671484375
24031,2,1.0,0,1,0.616171875,0.616171875
24031,2,1.0,0,2,0.3886848958333333,0.3886848958333333
24031,2,1.0,0,3,0.46677083333333336,0.46677083333333336
24031,2,1.0,1,0,0.468671875,0.468671875
24031,2,1.0,1,2,0.48701822916666665,0.48701822916666665
24031,2,1.0,1,3,0.499765625,0.499765625
24031,2,1.0,2,0,0.3493359375,0.3493359375
24031,2,1.0,2,1,0.46920572916666664,0.46920572916666664
24031,2,1.0,2,3,0.409765625,0.409765625
24031,2,1.0,3,0,0.508203125,0.508203125
24031,2,1.0,3,1,0.8021484375,0.8021484375
24031,2,1.0,3,2,0.5934244791666666,0.5934244791666666
24032,0,0.0,0,1,0.286171875,0.286171875
24032,0,0.0,0,2,0.2694270833333333,0.2694270833333333
24032,0,0.0,0,3,0.3821744791666667,0.3821744791666667
24032,0,0.0,1,0,0.22364583333333332,0.22364583333333332
24032,0,0.0,1,2,0.20057291666666666,0.20057291666666666
24032,0,0.0,1,3,0.3409765625,0.3409765625
24032,0,0.0,2,0,0.6409375,0.6409375
24032,0,0.0,2,1,0.4339453125,0.4339453125
24032,0,0.0,2,3,0.6652864583333333,0.6652864583333333
24032,0,0.0,3,0,0.4444401041666667,0.4444401041666667
24032,0,0.0,3,1,0.5206510416666666,0.5206510416666666
24032,0,0.0,3,2,0.4555859375,0.4555859375
24032,1,0.5,0,1,0.2688802083333333,0.2688802083333333
24032,1,0.5,0,2,0.2809765625,0.2809765625
24032,1,0.5,0,3,0.365703125,0.365703125
24032,1,0.5,1,0,0.17466145833333332,0.17466145833333332
24032,1,0.5,1,2,0.15407552083333334,0.15407552083333334
24032,1,0.5,1,3,0.26703125,0.26703125
24032,1,0.5,2,0,0.6383984375,0.6383984375
24032,1,0.5,2,1,0.4399869791666667,0.4399869791666667
24032,1,0.5,2,3,0.642890625,0.642890625
24032,1,0.5,3,0,0.411015625,0.411015625
24032,1,0.5,3,1,0.5569010416666667,0.5569010416666667
24032,1,0.5,3,2,0.435234375,0.435234375
24032,2,1.0,0,1,0.23654947916666666,0.23654947916666666
24032,2,1.0,0,2,0.28782552083333335,0.28782552083333335
24032,2,1.0,0,3,0.3393098958333333,0.3393098958333333
24032,2,1.0,1,0,0.15071614583333334,0.15071614583333334
24032,2,1.0,1,2,0.11787760416666666,0.11787760416666666
24032,2,1.0,1,3,0.19036458333333334,0.19036458333333334
24032,2,1.0,2,0,0.6298046875,0.6298046875
24032,2,1.0,2,1,0.44436197916666664,0.44436197916666664
24032,2,1.0,2,3,0.6227473958333334,0.6227473958333334
24032,2,1.0,3,0,0.3846354166666667,0.3846354166666667
24032,2,1.0,3,1,0.5435546875,0.5435546875
24032,2,1.0,3,2,0.41486979166666665,0.41486979166666665
24033,0,0.0,0,1,0.44036458333333334,0.44036458333333334
24033,0,0.0,0,2,0.26026041666666666,0.26026041666666666
24033,0,0.0,0,3,0.5414973958333333,0.5414973958333333
24033,0,0.0,1,0,0.5537890625,0.5537890625
24033,0,0.0,1,2,0.5343489583333333,0.5343489583333333
24033,0,0.0,1,3,0.8365234375,0.8365234375
24033,0,0.0,2,0,0.5162630208333333,0.5162630208333333
24033,0,0.0,2,1,0.8033854166666666,0.8033854166666666
24033,0,0.0,2,3,0.8242447916666666,0.8242447916666666
24033,0,0.0,3,0,0.4324088541666667,0.4324088541666667
24033,0,0.0,3,1,0.3102083333333333,0.3102083333333333
24033,0,0.0,3,2,0.21311197916666666,0.21311197916666666
24033,1,0.5,0,1,0.4595182291666667,0.4595182291666667
24033,1,0.5,0,2,0.2861458333333333,0.2861458333333333
24033,1,0.5,0,3,0.5519661458333334,0.5519661458333334
24033,1,0.5,1,0,0.5602864583333333,0.5602864583333333
24033,1,0.5,1,2,0.5310416666666666,0.5310416666666666
24033,1,0.5,1,3,0.8478385416666666,0.8478385416666666
24033,1,0.5,2,0,0.5456770833333333,0.5456770833333333
24033,1,0.5,2,1,0.8237369791666667,0.8237369791666667
24033,1,0.5,2,3,0.821640625,0.821640625
24033,1,0.5,3,0,0.4446875,0.4446875
24033,1,0.5,3,1,0.344375,0.344375
24033,1,0.5,3,2,0.22578125,0.22578125
24033,2,1.0,0,1,0.46453125,0.46453125
24033,2,1.0,0,2,0.29451822916666665,0.29451822916666665
24033,2,1.0,0,3,0.5595052083333333,0.5595052083333333
24033,2,1.0,1,0,0.5468098958333333,0.5468098958333333
24033,2,1.0,1,2,0.5061979166666667,0.5061979166666667
24033,2,1.0,1,3,0.8319401041666666,0.8319401041666666
24033,2,1.0,2,0,0.5529947916666667,0.5529947916666667
24033,2,1.0,2,1,0.8156380208333334,0.8156380208333334
24033,2,1.0,2,3,0.8199479166666667,0.8199479166666667
24033,2,1.0,3,0,0.4476953125,0.4476953125
24033,2,1.0,3,1,0.3455078125,0.3455078125
24033,2,1.0,3,2,0.22694010416666666,0.22694010416666666
24034,0,0.0,0,1,0.6024088541666667,0.6024088541666667
24034,0,0.0,0,2,0.6979557291666667,0.6979557291666667
24034,0,0.0,0,3,0.8738151041666666,0.8738151041666666
24034,0,0.0,1,0,0.80328125,0.80328125
24034,0,0.0,1,2,0.5791536458333333,0.5791536458333333
24034,0,0.0,1,3,0.9009114583333333,0.9009114583333333
24034,0,0.0,2,0,0.648359375,0.648359375
24034,0,0.0,2,1,0.42411458333333335,0.42411458333333335
24034,0,0.0,2,3,0.7602213541666667,0.7602213541666667
24034,0,0.0,3,0,0.3000130208333333,0.3000130208333333
24034,0,0.0,3,1,0.2211328125,0.2211328125
24034,0,0.0,3,2,0.33444010416666664,0.33444010416666664
24034,1,0.5,0,1,0.6588802083333334,0.6588802083333334
24034,1,0.5,0,2,0.741796875,0.741796875
24034,1,0.5,0,3,0.854140625,0.854140625
24034,1,0.5,1,0,0.8287239583333333,0.8287239583333333
24034,1,0.5,1,2,0.6988151041666667,0.6988151041666667
24034,1,0.5,1,3,0.8109375,0.8109375
24034,1,0.5,2,0,0.7614973958333333,0.7614973958333333
24034,1,0.5,2,1,0.5945182291666666,0.5945182291666666
24034,1,0.5,2,3,0.7875390625,0.7875390625
24034,1,0.5,3,0,0.3474609375,0.3474609375
24034,1,0.5,3,1,0.2333984375,0.2333984375
24034,1,0.5,3,2,0.35381510416666667,0.35381510416666667
24034,2,1.0,0,1,0.803359375,0.803359375
24034,2,1.0,0,2,0.721015625,0.721015625
24034,2,1.0,0,3,0.8184114583333333,0.8184114583333333
24034,2,1.0,1,0,0.81625,0.81625
24034,2,1.0,1,2,0.7768359375,0.7768359375
24034,2,1.0,1,3,0.7858463541666667,0.7858463541666667
24034,2,1.0,2,0,0.7984635416666667,0.7984635416666667
24034,2,1.0,2,1,0.8533333333333334,0.8533333333333334
24034,2,1.0,2,3,0.7628385416666666,0.7628385416666666
24034,2,1.0,3,0,0.38798177083333335,0.38798177083333335
24034,2,1.0,3,1,0.3676302083333333,0.3676302083333333
24034,2,1.0,3,2,0.339375,0.339375
24035,0,0.0,0,1,0.7038671875,0.7038671875
24035,0,0.0,0,2,0.42423177083333335,0.42423177083333335
24035,0,0.0,0,3,0.5350260416666667,0.5350260416666667
24035,0,0.0,1,0,0.36494791666666665,0.36494791666666665
24035,0,0.0,1,2,0.19852864583333332,0.19852864583333332
24035,0,0.0,1,3,0.3179166666666667,0.3179166666666667
24035,0,0.0,2,0,0.6018098958333333,0.6018098958333333
24035,0,0.0,2,1,0.5860026041666667,0.5860026041666667
24035,0,0.0,2,3,0.4967578125,0.4967578125
24035,0,0.0,3,0,0.4288411458333333,0.4288411458333333
24035,0,0.0,3,1,0.5928255208333333,0.5928255208333333
24035,0,0.0,3,2,0.3268359375,0.3268359375
24035,1,0.5,0,1,0.6946875,0.6946875
24035,1,0.5,0,2,0.44287760416666666,0.44287760416666666
24035,1,0.5,0,3,0.534140625,0.534140625
24035,1,0.5,1,0,0.3362109375,0.3362109375
24035,1,0.5,1,2,0.19680989583333333,0.19680989583333333
24035,1,0.5,1,3,0.2930859375,0.2930859375
24035,1,0.5,2,0,0.6048567708333333,0.6048567708333333
24035,1,0.5,2,1,0.5819401041666666,0.5819401041666666
24035,1,0.5,2,3,0.485234375,0.485234375
24035,1,0.5,3,0,0.4407552083333333,0.4407552083333333
24035,1,0.5,3,1,0.59015625,0.59015625
24035,1,0.5,3,2,0.3474348958333333,0.3474348958333333
24035,2,1.0,0,1,0.6925260416666666,0.6925260416666666
24035,2,1.0,0,2,0.47489583333333335,0.47489583333333335
24035,2,1.0,0,3,0.5440494791666667,0.5440494791666667
24035,2,1.0,1,0,0.3183463541666667,0.3183463541666667
24035,2,1.0,1,2,0.203046875,0.203046875
24035,2,1.0,1,3,0.290078125,0.290078125
24035,2,1.0,2,0,0.6080989583333334,0.6080989583333334
24035,2,1.0,2,1,0.5846744791666667,0.5846744791666667
24035,2,1.0,2,3,0.47368489583333334,0.47368489583333334
24035,2,1.0,3,0,0.43255208333333334,0.43255208333333334
24035,2,1.0,3,1,0.5931770833333333,0.5931770833333333
24035,2,1.0,3,2,0.35477864583333335,0.35477864583333335
24036,0,0.0,0,1,0.6987369791666667,0.6987369791666667
24036,0,0.0,0,2,0.5286979166666667,0.5286979166666667
24036,0,0.0,0,3,0.5111458333333333,0.5111458333333333
24036,0,0.0,1,0,0.48118489583333335,0.48118489583333335
24036,0,0.0,1,2,0.3595963541666667,0.3595963541666667
24036,0,0.0,1,3,0.40763020833333335,0.40763020833333335
24036,0,0.0,2,0,0.5459114583333333,0.5459114583333333
24036,0,0.0,2,1,0.5899348958333334,0.5899348958333334
24036,0,0.0,2,3,0.5492447916666666,0.5492447916666666
24036,0,0.0,3,0,0.5469270833333333,0.5469270833333333
24036,0,0.0,3,1,0.6210807291666667,0.6210807291666667
24036,0,0.0,3,2,0.4748307291666667,0.4748307291666667
24036,1,0.5,0,1,0.7219661458333333,0.7219661458333333
24036,1,0.5,0,2,0.5495052083333334,0.5495052083333334
24036,1,0.5,0,3,0.5336848958333333,0.5336848958333333
24036,1,0.5,1,0,0.5068229166666667,0.5068229166666667
24036,1,0.5,1,2,0.372578125,0.372578125
24036,1,0.5,1,3,0.44819010416666666,0.44819010416666666
24036,1,0.5,2,0,0.5959505208333333,0.5959505208333333
24036,1,0.5,2,1,0.63359375,0.63359375
24036,1,0.5,2,3,0.5583723958333333,0.5583723958333333
24036,1,0.5,3,0,0.5539973958333333,0.5539973958333333
24036,1,0.5,3,1,0.6475390625,0.6475390625
24036,1,0.5,3,2,0.47270833333333334,0.47270833333333334
24036,2,1.0,0,1,0.7145963541666667,0.7145963541666667
24036,2,1.0,0,2,0.5875,0.5875
24036,2,1.0,0,3,0.5483984375,0.5483984375
24036,2,1.0,1,0,0.4842447916666667,0.4842447916666667
24036,2,1.0,1,2,0.4026953125,0.4026953125
24036,2,1.0,1,3,0.46411458333333333,0.46411458333333333
24036,2,1.0,2,0,0.5973177083333333,0.5973177083333333
24036,2,1.0,2,1,0.6389192708333333,0.6389192708333333
24036,2,1.0,2,3,0.5389583333333333,0.5389583333333333
24036,2,1.0,3,0,0.5493489583333333,0.5493489583333333
24036,2,1.0,3,1,0.6619791666666667,0.6619791666666667
24036,2,1.0,3,2,0.4941796875,0.4941796875
24037,0,0.0,0,1,0.27194010416666664,0.27194010416666664
24037,0,0.0,0,2,0.19786458333333334,0.19786458333333334
24037,0,0.0,0,3,0.167578125,0.167578125
24037,0,0.0,1,0,0.555546875,0.555546875
24037,0,0.0,1,2,0.356796875,0.356796875
24037,0,0.0,1,3,0.2969791666666667,0.2969791666666667
24037,0,0.0,2,0,0.59765625,0.59765625
24037,0,0.0,2,1,0.530546875,0.530546875
24037,0,0.0,2,3,0.7079557291666667,0.7079557291666667
24037,0,0.0,3,0,0.6347265625,0.6347265625
24037,0,0.0,3,1,0.5781510416666666,0.5781510416666666
24037,0,0.0,3,2,0.75828125,0.75828125
24037,1,0.5,0,1,0.28661458333333334,0.28661458333333334
24037,1,0.5,0,2,0.20110677083333334,0.20110677083333334
24037,1,0.5,0,3,0.17911458333333333,0.17911458333333333
24037,1,0.5,1,0,0.5629947916666667,0.5629947916666667
24037,1,0.5,1,2,0.34893229166666667,0.34893229166666667
24037,1,0.5,1,3,0.3054296875,0.3054296875
24037,1,0.5,2,0,0.6020572916666667,0.6020572916666667
24037,1,0.5,2,1,0.5381901041666667,0.5381901041666667
24037,1,0.5,2,3,0.7352604166666666,0.7352604166666666
24037,1,0.5,3,0,0.6508854166666667,0.6508854166666667
24037,1,0.5,3,1,0.5977604166666667,0.5977604166666667
24037,1,0.5,3,2,0.7573046875,0.7573046875
24037,2,1.0,0,1,0.29315104166666667,0.29315104166666667
24037,2,1.0,0,2,0.21178385416666667,0.21178385416666667
24037,2,1.0,0,3,0.1854296875,0.1854296875
24037,2,1.0,1,0,0.5570572916666666,0.5570572916666666
24037,2,1.0,1,2,0.35497395833333334,0.35497395833333334
24037,2,1.0,1,3,0.30483072916666665,0.30483072916666665
24037,2,1.0,2,0,0.6087239583333334,0.6087239583333334
24037,2,1.0,2,1,0.5364453125,0.5364453125
24037,2,1.0,2,3,0.7380338541666667,0.7380338541666667
24037,2,1.0,3,0,0.6563151041666667,0.6563151041666667
24037,2,1.0,3,1,0.5977083333333333,0.5977083333333333
24037,2,1.0,3,2,0.7593619791666667,0.7593619791666667
24038,0,0.0,0,1,0.655703125,0.655703125
24038,0,0.0,0,2,0.7354427083333334,0.7354427083333334
24038,0,0.0,0,3,0.4714713541666667,0.4714713541666667
24038,0,0.0,1,0,0.20256510416666668,0.20256510416666668
24038,0,0.0,1,2,0.6738020833333334,0.6738020833333334
24038,0,0.0,1,3,0.33619791666666665,0.33619791666666665
24038,0,0.0,2,0,0.22083333333333333,0.22083333333333333
24038,0,0.0,2,1,0.5365104166666667,0.5365104166666667
24038,0,0.0,2,3,0.333515625,0.333515625
24038,0,0.0,3,0,0.3953125,0.3953125
24038,0,0.0,3,1,0.4519140625,0.4519140625
24038,0,0.0,3,2,0.4384895833333333,0.4384895833333333
24038,1,0.5,0,1,0.7107421875,0.7107421875
24038,1,0.5,0,2,0.7627994791666667,0.7627994791666667
24038,1,0.5,0,3,0.476796875,0.476796875
24038,1,0.5,1,0,0.20772135416666668,0.20772135416666668
24038,1,0.5,1,2,0.6652473958333334,0.6652473958333334
24038,1,0.5,1,3,0.34140625,0.34140625
24038,1,0.5,2,0,0.21763020833333332,0.21763020833333332
24038,1,0.5,2,1,0.5235416666666667,0.5235416666666667
24038,1,0.5,2,3,0.3322395833333333,0.3322395833333333
24038,1,0.5,3,0,0.3543359375,0.3543359375
24038,1,0.5,3,1,0.4640625,0.4640625
24038,1,0.5,3,2,0.4355078125,0.4355078125
24038,2,1.0,0,1,0.740703125,0.740703125
24038,2,1.0,0,2,0.7434114583333333,0.7434114583333333
24038,2,1.0,0,3,0.4998046875,0.4998046875
24038,2,1.0,1,0,0.21317708333333332,0.21317708333333332
24038,2,1.0,1,2,0.6658984375,0.6658984375
24038,2,1.0,1,3,0.34084635416666664,0.34084635416666664
24038,2,1.0,2,0,0.21880208333333334,0.21880208333333334
24038,2,1.0,2,1,0.5327864583333334,0.5327864583333334
24038,2,1.0,2,3,0.33953125,0.33953125
24038,2,1.0,3,0,0.35446614583333336,0.35446614583333336
24038,2,1.0,3,1,0.45545572916666666,0.45545572916666666
24038,2,1.0,3,2,0.4370833333333333,0.4370833333333333
24039,0,0.0,0,1,0.3229036458333333,0.3229036458333333
24039,0,0.0,0,2,0.7161848958333333,0.7161848958333333
24039,0,0.0,0,3,0.7681510416666667,0.7681510416666667
24039,0,0.0,1,0,0.7675911458333333,0.7675911458333333
24039,0,0.0,1,2,0.7038541666666667,0.7038541666666667
24039,0,0.0,1,3,0.77765625,0.77765625
24039,0,0.0,2,0,0.404609375,0.404609375
24039,0,0.0,2,1,0.12338541666666666,0.12338541666666666
24039,0,0.0,2,3,0.8251041666666666,0.8251041666666666
24039,0,0.0,3,0,0.36721354166666664,0.36721354166666664
24039,0,0.0,3,1,0.16661458333333334,0.16661458333333334
24039,0,0.0,3,2,0.6099479166666667,0.6099479166666667
24039,1,0.5,0,1,0.3344921875,0.3344921875
24039,1,0.5,0,2,0.7097916666666667,0.7097916666666667
24039,1,0.5,0,3,0.755390625,0.755390625
24039,1,0.5,1,0,0.7732552083333334,0.7732552083333334
24039,1,0.5,1,2,0.6912109375,0.6912109375
24039,1,0.5,1,3,0.7683854166666667,0.7683854166666667
24039,1,0.5,2,0,0.35088541666666667,0.35088541666666667
24039,1,0.5,2,1,0.11979166666666667,0.11979166666666667
24039,1,0.5,2,3,0.8405989583333333,0.8405989583333333
24039,1,0.5,3,0,0.3434765625,0.3434765625
24039,1,0.5,3,1,0.16720052083333334,0.16720052083333334
24039,1,0.5,3,2,0.6288671875,0.6288671875
24039,2,1.0,0,1,0.35294270833333335,0.35294270833333335
24039,2,1.0,0,2,0.7085677083333334,0.7085677083333334
24039,2,1.0,0,3,0.7421744791666667,0.7421744791666667
24039,2,1.0,1,0,0.7795442708333333,0.7795442708333333
24039,2,1.0,1,2,0.6935546875,0.6935546875
24039,2,1.0,1,3,0.7586067708333334,0.7586067708333334
24039,2,1.0,2,0,0.29966145833333335,0.29966145833333335
24039,2,1.0,2,1,0.11932291666666667,0.11932291666666667
24039,2,1.0,2,3,0.8530208333333333,0.8530208333333333
24039,2,1.0,3,0,0.30993489583333333,0.30993489583333333
24039,2,1.0,3,1,0.16640625,0.16640625
24039,2,1.0,3,2,0.63953125,0.63953125
24040,0,0.0,0,1,0.5331510416666667,0.5331510416666667
24040,0,0.0,0,2,0.5380078125,0.5380078125
24040,0,0.0,0,3,0.4325390625,0.4325390625
24040,0,0.0,1,0,0.29563802083333335,0.29563802083333335
24040,0,0.0,1,2,0.5638541666666667,0.5638541666666667
24040,0,0.0,1,3,0.13549479166666667,0.13549479166666667
24040,0,0.0,2,0,0.2510677083333333,0.2510677083333333
24040,0,0.0,2,1,0.4485807291666667,0.4485807291666667
24040,0,0.0,2,3,0.16888020833333334,0.16888020833333334
24040,0,0.0,3,0,0.6240364583333333,0.6240364583333333
24040,0,0.0,3,1,0.502265625,0.502265625
24040,0,0.0,3,2,0.4944140625,0.4944140625
24040,1,0.5,0,1,0.5233072916666667,0.5233072916666667
24040,1,0.5,0,2,0.5270052083333333,0.5270052083333333
24040,1,0.5,0,3,0.4499609375,0.4499609375
24040,1,0.5,1,0,0.24022135416666668,0.24022135416666668
24040,1,0.5,1,2,0.5603125,0.5603125
24040,1,0.5,1,3,0.12391927083333333,0.12391927083333333
24040,1,0.5,2,0,0.2487890625,0.2487890625
24040,1,0.5,2,1,0.47078125,0.47078125
24040,1,0.5,2,3,0.17251302083333334,0.17251302083333334
24040,1,0.5,3,0,0.6208072916666667,0.6208072916666667
24040,1,0.5,3,1,0.49463541666666666,0.49463541666666666
24040,1,0.5,3,2,0.49311197916666666,0.49311197916666666
24040,2,1.0,0,1,0.4939322916666667,0.4939322916666667
24040,2,1.0,0,2,0.5201432291666667,0.5201432291666667
24040,2,1.0,0,3,0.4416796875,0.4416796875
24040,2,1.0,1,0,0.21010416666666668,0.21010416666666668
24040,2,1.0,1,2,0.5598046875,0.5598046875
24040,2,1.0,1,3,0.09756510416666667,0.09756510416666667
24040,2,1.0,2,0,0.2634765625,0.2634765625
24040,2,1.0,2,1,0.5144791666666667,0.5144791666666667
24040,2,1.0,2,3,0.17236979166666666,0.17236979166666666
24040,2,1.0,3,0,0.6358203125,0.6358203125
24040,2,1.0,3,1,0.46610677083333335,0.46610677083333335
24040,2,1.0,3,2,0.4975390625,0.4975390625
24041,0,0.0,0,1,0.21161458333333333,0.21161458333333333
24041,0,0.0,0,2,0.5377213541666667,0.5377213541666667
24041,0,0.0,0,3,0.38635416666666667,0.38635416666666667
24041,0,0.0,1,0,0.7440104166666667,0.7440104166666667
24041,0,0.0,1,2,0.6340494791666667,0.6340494791666667
24041,0,0.0,1,3,0.41734375,0.41734375
24041,0,0.0,2,0,0.6638671875,0.6638671875
24041,0,0.0,2,1,0.23670572916666666,0.23670572916666666
24041,0,0.0,2,3,0.2994661458333333,0.2994661458333333
24041,0,0.0,3,0,0.7702864583333333,0.7702864583333333
24041,0,0.0,3,1,0.3182552083333333,0.3182552083333333
24041,0,0.0,3,2,0.47930989583333333,0.47930989583333333
24041,1,0.5,0,1,0.21657552083333334,0.21657552083333334
24041,1,0.5,0,2,0.5285677083333333,0.5285677083333333
24041,1,0.5,0,3,0.398359375,0.398359375
24041,1,0.5,1,0,0.7346223958333333,0.7346223958333333
24041,1,0.5,1,2,0.61359375,0.61359375
24041,1,0.5,1,3,0.39727864583333333,0.39727864583333333
24041,1,0.5,2,0,0.6380859375,0.6380859375
24041,1,0.5,2,1,0.22252604166666667,0.22252604166666667
24041,1,0.5,2,3,0.2957942708333333,0.2957942708333333
24041,1,0.5,3,0,0.7526953125,0.7526953125
24041,1,0.5,3,1,0.2888541666666667,0.2888541666666667
24041,1,0.5,3,2,0.46220052083333335,0.46220052083333335
24041,2,1.0,0,1,0.23205729166666667,0.23205729166666667
24041,2,1.0,0,2,0.5177473958333333,0.5177473958333333
24041,2,1.0,0,3,0.40747395833333333,0.40747395833333333
24041,2,1.0,1,0,0.7335026041666667,0.7335026041666667
24041,2,1.0,1,2,0.5948307291666667,0.5948307291666667
24041,2,1.0,1,3,0.38897135416666667,0.38897135416666667
24041,2,1.0,2,0,0.6155859375,0.6155859375
24041,2,1.0,2,1,0.2135546875,0.2135546875
24041,2,1.0,2,3,0.2976432291666667,0.2976432291666667
24041,2,1.0,3,0,0.7305729166666667,0.7305729166666667
24041,2,1.0,3,1,0.2710677083333333,0.2710677083333333
24041,2,1.0,3,2,0.449375,0.449375
24042,0,0.0,0,1,0.6752083333333333,0.6752083333333333
24042,0,0.0,0,2,0.6065364583333334,0.6065364583333334
24042,0,0.0,0,3,0.5935807291666667,0.5935807291666667
24042,0,0.0,1,0,0.51046875,0.51046875
24042,0,0.0,1,2,0.534296875,0.534296875
24042,0,0.0,1,3,0.697578125,0.697578125
24042,0,0.0,2,0,0.46424479166666666,0.46424479166666666
24042,0,0.0,2,1,0.504296875,0.504296875
24042,0,0.0,2,3,0.47834635416666665,0.47834635416666665
24042,0,0.0,3,0,0.3169401041666667,0.3169401041666667
24042,0,0.0,3,1,0.5155338541666666,0.5155338541666666
24042,0,0.0,3,2,0.3716015625,0.3716015625
24042,1,0.5,0,1,0.7426822916666667,0.7426822916666667
24042,1,0.5,0,2,0.7019921875,0.7019921875
24042,1,0.5,0,3,0.5579296875,0.5579296875
24042,1,0.5,1,0,0.4503255208333333,0.4503255208333333
24042,1,0.5,1,2,0.509453125,0.509453125
24042,1,0.5,1,3,0.636953125,0.636953125
24042,1,0.5,2,0,0.45252604166666666,0.45252604166666666
24042,1,0.5,2,1,0.5424348958333334,0.5424348958333334
24042,1,0.5,2,3,0.46134114583333335,0.46134114583333335
24042,1,0.5,3,0,0.33184895833333333,0.33184895833333333
24042,1,0.5,3,1,0.5909244791666667,0.5909244791666667
24042,1,0.5,3,2,0.40390625,0.40390625
24042,2,1.0,0,1,0.6244010416666667,0.6244010416666667
24042,2,1.0,0,2,0.6626432291666666,0.6626432291666666
24042,2,1.0,0,3,0.4258723958333333,0.4258723958333333
24042,2,1.0,1,0,0.36885416666666665,0.36885416666666665
24042,2,1.0,1,2,0.4816666666666667,0.4816666666666667
24042,2,1.0,1,3,0.40826822916666666,0.40826822916666666
24042,2,1.0,2,0,0.41919270833333333,0.41919270833333333
24042,2,1.0,2,1,0.5263671875,0.5263671875
24042,2,1.0,2,3,0.2992708333333333,0.2992708333333333
24042,2,1.0,3,0,0.26860677083333334,0.26860677083333334
24042,2,1.0,3,1,0.4476041666666667,0.4476041666666667
24042,2,1.0,3,2,0.3015494791666667,0.3015494791666667
24043,0,0.0,0,1,0.6675651041666667,0.6675651041666667
24043,0,0.0,0,2,0.767890625,0.767890625
24043,0,0.0,0,3,0.4787890625,0.4787890625
24043,0,0.0,1,0,0.3143489583333333,0.3143489583333333
24043,0,0.0,1,2,0.68390625,0.68390625
24043,0,0.0,1,3,0.33315104166666665,0.33315104166666665
24043,0,0.0,2,0,0.3766015625,0.3766015625
24043,0,0.0,2,1,0.6474739583333333,0.6474739583333333
24043,0,0.0,2,3,0.37829427083333333,0.37829427083333333
24043,0,0.0,3,0,0.4259895833333333,0.4259895833333333
24043,0,0.0,3,1,0.6902604166666667,0.6902604166666667
24043,0,0.0,3,2,0.6153125,0.6153125
24043,1,0.5,0,1,0.6603645833333334,0.6603645833333334
24043,1,0.5,0,2,0.7819010416666666,0.7819010416666666
24043,1,0.5,0,3,0.47815104166666667,0.47815104166666667
24043,1,0.5,1,0,0.34208333333333335,0.34208333333333335
24043,1,0.5,1,2,0.67296875,0.67296875
24043,1,0.5,1,3,0.3336328125,0.3336328125
24043,1,0.5,2,0,0.401875,0.401875
24043,1,0.5,2,1,0.643828125,0.643828125
24043,1,0.5,2,3,0.38588541666666665,0.38588541666666665
24043,1,0.5,3,0,0.44373697916666666,0.44373697916666666
24043,1,0.5,3,1,0.7044791666666667,0.7044791666666667
24043,1,0.5,3,2,0.6313151041666667,0.6313151041666667
24043,2,1.0,0,1,0.65390625,0.65390625
24043,2,1.0,0,2,0.7906119791666667,0.7906119791666667
24043,2,1.0,0,3,0.47204427083333333,0.47204427083333333
24043,2,1.0,1,0,0.3743359375,0.3743359375
24043,2,1.0,1,2,0.6627604166666666,0.6627604166666666
24043,2,1.0,1,3,0.32479166666666665,0.32479166666666665
24043,2,1.0,2,0,0.41951822916666665,0.41951822916666665
24043,2,1.0,2,1,0.6314322916666667,0.6314322916666667
24043,2,1.0,2,3,0.38567708333333334,0.38567708333333334
24043,2,1.0,3,0,0.4752604166666667,0.4752604166666667
24043,2,1.0,3,1,0.7182552083333333,0.7182552083333333
24043,2,1.0,3,2,0.6440885416666666,0.6440885416666666
24044,0,0.0,0,1,0.3770572916666667,0.3770572916666667
24044,0,0.0,0,2,0.5818489583333334,0.5818489583333334
24044,0,0.0,0,3,0.5074088541666667,0.5074088541666667
24044,0,0.0,1,0,0.6599088541666667,0.6599088541666667
24044,0,0.0,1,2,0.8403385416666667,0.8403385416666667
24044,0,0.0,1,3,0.8698307291666667,0.8698307291666667
24044,0,0.0,2,0,0.4153645833333333,0.4153645833333333
24044,0,0.0,2,1,0.1826171875,0.1826171875
24044,0,0.0,2,3,0.41723958333333333,0.41723958333333333
24044,0,0.0,3,0,0.5314973958333333,0.5314973958333333
24044,0,0.0,3,1,0.4270833333333333,0.4270833333333333
24044,0,0.0,3,2,0.92046875,0.92046875
24044,1,0.5,0,1,0.30359375,0.30359375
24044,1,0.5,0,2,0.5478645833333333,0.5478645833333333
24044,1,0.5,0,3,0.50109375,0.50109375
24044,1,0.5,1,0,0.7349739583333333,0.7349739583333333
24044,1,0.5,1,2,0.8186848958333334,0.8186848958333334
24044,1,0.5,1,3,0.8571223958333334,0.8571223958333334
24044,1,0.5,2,0,0.460546875,0.460546875
24044,1,0.5,2,1,0.17735677083333334,0.17735677083333334
24044,1,0.5,2,3,0.6230989583333333,0.6230989583333333
24044,1,0.5,3,0,0.5190104166666667,0.5190104166666667
24044,1,0.5,3,1,0.29713541666666665,0.29713541666666665
24044,1,0.5,3,2,0.8571875,0.8571875
24044,2,1.0,0,1,0.242109375,0.242109375
24044,2,1.0,0,2,0.5848307291666667,0.5848307291666667
24044,2,1.0,0,3,0.612890625,0.612890625
24044,2,1.0,1,0,0.7830859375,0.7830859375
24044,2,1.0,1,2,0.7994270833333333,0.7994270833333333
24044,2,1.0,1,3,0.7792838541666667,0.7792838541666667
24044,2,1.0,2,0,0.5388151041666667,0.5388151041666667
24044,2,1.0,2,1,0.17108072916666667,0.17108072916666667
24044,2,1.0,2,3,0.71875,0.71875
24044,2,1.0,3,0,0.5499739583333333,0.5499739583333333
24044,2,1.0,3,1,0.21783854166666666,0.21783854166666666
24044,2,1.0,3,2,0.7049088541666667,0.7049088541666667
24045,0,0.0,0,1,0.4930859375,0.4930859375
24045,0,0.0,0,2,0.7105078125,0.7105078125
24045,0,0.0,0,3,0.431171875,0.431171875
24045,0,0.0,1,0,0.17990885416666666,0.17990885416666666
24045,0,0.0,1,2,0.36981770833333333,0.36981770833333333
24045,0,0.0,1,3,0.4712630208333333,0.4712630208333333
24045,0,0.0,2,0,0.42877604166666666,0.42877604166666666
24045,0,0.0,2,1,0.5195703125,0.5195703125
24045,0,0.0,2,3,0.3990625,0.3990625
24045,0,0.0,3,0,0.3759765625,0.3759765625
24045,0,0.0,3,1,0.23102864583333332,0.23102864583333332
24045,0,0.0,3,2,0.57671875,0.57671875
24045,1,0.5,0,1,0.5620833333333334,0.5620833333333334
24045,1,0.5,0,2,0.7331380208333333,0.7331380208333333
24045,1,0.5,0,3,0.44209635416666665,0.44209635416666665
24045,1,0.5,1,0,0.21442708333333332,0.21442708333333332
24045,1,0.5,1,2,0.48563802083333335,0.48563802083333335
24045,1,0.5,1,3,0.4876432291666667,0.4876432291666667
24045,1,0.5,2,0,0.43845052083333336,0.43845052083333336
24045,1,0.5,2,1,0.5572786458333333,0.5572786458333333
24045,1,0.5,2,3,0.4308723958333333,0.4308723958333333
24045,1,0.5,3,0,0.364140625,0.364140625
24045,1,0.5,3,1,0.24600260416666667,0.24600260416666667
24045,1,0.5,3,2,0.5693489583333333,0.5693489583333333
24045,2,1.0,0,1,0.5834765625,0.5834765625
24045,2,1.0,0,2,0.7586458333333334,0.7586458333333334
24045,2,1.0,0,3,0.4586458333333333,0.4586458333333333
24045,2,1.0,1,0,0.23822916666666666,0.23822916666666666
24045,2,1.0,1,2,0.5525130208333333,0.5525130208333333
24045,2,1.0,1,3,0.5064192708333334,0.5064192708333334
24045,2,1.0,2,0,0.43290364583333335,0.43290364583333335
24045,2,1.0,2,1,0.5367057291666667,0.5367057291666667
24045,2,1.0,2,3,0.4677734375,0.4677734375
24045,2,1.0,3,0,0.3514453125,0.3514453125
24045,2,1.0,3,1,0.23930989583333334,0.23930989583333334
24045,2,1.0,3,2,0.566484375,0.566484375
24046,0,0.0,0,1,0.4049609375,0.4049609375
24046,0,0.0,0,2,0.6134895833333334,0.6134895833333334
24046,0,0.0,0,3,0.49313802083333336,0.49313802083333336
24046,0,0.0,1,0,0.5523046875,0.5523046875
24046,0,0.0,1,2,0.5773177083333333,0.5773177083333333
24046,0,0.0,1,3,0.695703125,0.695703125
24046,0,0.0,2,0,0.6301041666666667,0.6301041666666667
24046,0,0.0,2,1,0.4535546875,0.4535546875
24046,0,0.0,2,3,0.5047526041666667,0.5047526041666667
24046,0,0.0,3,0,0.4343619791666667,0.4343619791666667
24046,0,0.0,3,1,0.2642057291666667,0.2642057291666667
24046,0,0.0,3,2,0.3616015625,0.3616015625
24046,1,0.5,0,1,0.4179557291666667,0.4179557291666667
24046,1,0.5,0,2,0.5425130208333333,0.5425130208333333
24046,1,0.5,0,3,0.5014322916666667,0.5014322916666667
24046,1,0.5,1,0,0.51453125,0.51453125
24046,1,0.5,1,2,0.5547135416666666,0.5547135416666666
24046,1,0.5,1,3,0.6710416666666666,0.6710416666666666
24046,1,0.5,2,0,0.6336588541666667,0.6336588541666667
24046,1,0.5,2,1,0.5117708333333333,0.5117708333333333
24046,1,0.5,2,3,0.542578125,0.542578125
24046,1,0.5,3,0,0.40697916666666667,0.40697916666666667
24046,1,0.5,3,1,0.2711588541666667,0.2711588541666667
24046,1,0.5,3,2,0.3256640625,0.3256640625
24046,2,1.0,0,1,0.43072916666666666,0.43072916666666666
24046,2,1.0,0,2,0.528671875,0.528671875
24046,2,1.0,0,3,0.4990625,0.4990625
24046,2,1.0,1,0,0.4882942708333333,0.4882942708333333
24046,2,1.0,1,2,0.5801953125,0.5801953125
24046,2,1.0,1,3,0.6602864583333333,0.6602864583333333
24046,2,1.0,2,0,0.5619401041666666,0.5619401041666666
24046,2,1.0,2,1,0.5056119791666667,0.5056119791666667
24046,2,1.0,2,3,0.5635026041666666,0.5635026041666666
24046,2,1.0,3,0,0.4145963541666667,0.4145963541666667
24046,2,1.0,3,1,0.32828125,0.32828125
24046,2,1.0,3,2,0.36182291666666666,0.36182291666666666
24047,0,0.0,0,1,0.2840234375,0.2840234375
24047,0,0.0,0,2,0.5369791666666667,0.5369791666666667
24047,0,0.0,0,3,0.28859375,0.28859375
24047,0,0.0,1,0,0.45765625,0.45765625
24047,0,0.0,1,2,0.5228515625,0.5228515625
24047,0,0.0,1,3,0.4369401041666667,0.4369401041666667
24047,0,0.0,2,0,0.5056901041666667,0.5056901041666667
24047,0,0.0,2,1,0.25278645833333335,0.25278645833333335
24047,0,0.0,2,3,0.2611848958333333,0.2611848958333333
24047,0,0.0,3,0,0.5817447916666667,0.5817447916666667
24047,0,0.0,3,1,0.41338541666666667,0.41338541666666667
24047,0,0.0,3,2,0.6727083333333334,0.6727083333333334
24047,1,0.5,0,1,0.3570703125,0.3570703125
24047,1,0.5,0,2,0.5945182291666666,0.5945182291666666
24047,1,0.5,0,3,0.5298046875,0.5298046875
24047,1,0.5,1,0,0.694375,0.694375
24047,1,0.5,1,2,0.8445442708333334,0.8445442708333334
24047,1,0.5,1,3,0.7854947916666667,0.7854947916666667
24047,1,0.5,2,0,0.4454296875,0.4454296875
24047,1,0.5,2,1,0.29430989583333333,0.29430989583333333
24047,1,0.5,2,3,0.45059895833333335,0.45059895833333335
24047,1,0.5,3,0,0.6316145833333333,0.6316145833333333
24047,1,0.5,3,1,0.4852473958333333,0.4852473958333333
24047,1,0.5,3,2,0.74828125,0.74828125
24047,2,1.0,0,1,0.5164583333333334,0.5164583333333334
24047,2,1.0,0,2,0.8167708333333333,0.8167708333333333
24047,2,1.0,0,3,0.7141276041666667,0.7141276041666667
24047,2,1.0,1,0,0.6414583333333334,0.6414583333333334
24047,2,1.0,1,2,0.9386328125,0.9386328125
24047,2,1.0,1,3,0.9186197916666666,0.9186197916666666
24047,2,1.0,2,0,0.4546614583333333,0.4546614583333333
24047,2,1.0,2,1,0.3383072916666667,0.3383072916666667
24047,2,1.0,2,3,0.6341536458333333,0.6341536458333333
24047,2,1.0,3,0,0.507265625,0.507265625
24047,2,1.0,3,1,0.44921875,0.44921875
24047,2,1.0,3,2,0.8302864583333334,0.8302864583333334
24048,0,0.0,0,1,0.5874348958333333,0.5874348958333333
24048,0,0.0,0,2,0.5199348958333333,0.5199348958333333
24048,0,0.0,0,3,0.5936979166666667,0.5936979166666667
24048,0,0.0,1,0,0.3247526041666667,0.3247526041666667
24048,0,0.0,1,2,0.36484375,0.36484375
24048,0,0.0,1,3,0.45645833333333335,0.45645833333333335
24048,0,0.0,2,0,0.42213541666666665,0.42213541666666665
24048,0,0.0,2,1,0.4767838541666667,0.4767838541666667
24048,0,0.0,2,3,0.7321875,0.7321875
24048,0,0.0,3,0,0.37572916666666667,0.37572916666666667
24048,0,0.0,3,1,0.523671875,0.523671875
24048,0,0.0,3,2,0.5736588541666666,0.5736588541666666
24048,1,0.5,0,1,0.6031901041666666,0.6031901041666666
24048,1,0.5,0,2,0.41399739583333334,0.41399739583333334
24048,1,0.5,0,3,0.6244140625,0.6244140625
24048,1,0.5,1,0,0.324296875,0.324296875
24048,1,0.5,1,2,0.37149739583333335,0.37149739583333335
24048,1,0.5,1,3,0.4626171875,0.4626171875
24048,1,0.5,2,0,0.4058333333333333,0.4058333333333333
24048,1,0.5,2,1,0.47458333333333336,0.47458333333333336
24048,1,0.5,2,3,0.72859375,0.72859375
24048,1,0.5,3,0,0.38815104166666664,0.38815104166666664
24048,1,0.5,3,1,0.5349479166666666,0.5349479166666666
24048,1,0.5,3,2,0.5964192708333333,0.5964192708333333
24048,2,1.0,0,1,0.62046875,0.62046875
24048,2,1.0,0,2,0.34141927083333334,0.34141927083333334
24048,2,1.0,0,3,0.5212760416666666,0.5212760416666666
24048,2,1.0,1,0,0.3146744791666667,0.3146744791666667
24048,2,1.0,1,2,0.36453125,0.36453125
24048,2,1.0,1,3,0.43647135416666666,0.43647135416666666
24048,2,1.0,2,0,0.3938932291666667,0.3938932291666667
24048,2,1.0,2,1,0.4784765625,0.4784765625
24048,2,1.0,2,3,0.7327734375,0.7327734375
24048,2,1.0,3,0,0.3894270833333333,0.3894270833333333
24048,2,1.0,3,1,0.5309244791666666,0.5309244791666666
24048,2,1.0,3,2,0.6254817708333333,0.6254817708333333
24049,0,0.0,0,1,0.5765364583333333,0.5765364583333333
24049,0,0.0,0,2,0.6563802083333333,0.6563802083333333
24049,0,0.0,0,3,0.6845833333333333,0.6845833333333333
24049,0,0.0,1,0,0.5219791666666667,0.5219791666666667
24049,0,0.0,1,2,0.6967317708333334,0.6967317708333334
24049,0,0.0,1,3,0.5881901041666666,0.5881901041666666
24049,0,0.0,2,0,0.32251302083333333,0.32251302083333333
24049,0,0.0,2,1,0.379453125,0.379453125
24049,0,0.0,2,3,0.3458203125,0.3458203125
24049,0,0.0,3,0,0.6646875,0.6646875
24049,0,0.0,3,1,0.6508463541666667,0.6508463541666667
24049,0,0.0,3,2,0.7024609375,0.7024609375
24049,1,0.5,0,1,0.748125,0.748125
24049,1,0.5,0,2,0.6763671875,0.6763671875
24049,1,0.5,0,3,0.8234765625,0.8234765625
24049,1,0.5,1,0,0.5488020833333334,0.5488020833333334
24049,1,0.5,1,2,0.6688932291666667,0.6688932291666667
24049,1,0.5,1,3,0.7313411458333333,0.7313411458333333
24049,1,0.5,2,0,0.2757421875,0.2757421875
24049,1,0.5,2,1,0.335,0.335
24049,1,0.5,2,3,0.4080859375,0.4080859375
24049,1,0.5,3,0,0.5430859375,0.5430859375
24049,1,0.5,3,1,0.6783333333333333,0.6783333333333333
24049,1,0.5,3,2,0.7455338541666666,0.7455338541666666
24049,2,1.0,0,1,0.8728125,0.8728125
24049,2,1.0,0,2,0.6324088541666667,0.6324088541666667
24049,2,1.0,0,3,0.7865364583333333,0.7865364583333333
24049,2,1.0,1,0,0.6018619791666666,0.6018619791666666
24049,2,1.0,1,2,0.6301171875,0.6301171875
24049,2,1.0,1,3,0.8276302083333333,0.8276302083333333
24049,2,1.0,2,0,0.23821614583333334,0.23821614583333334
24049,2,1.0,2,1,0.28639322916666665,0.28639322916666665
24049,2,1.0,2,3,0.47388020833333333,0.47388020833333333
24049,2,1.0,3,0,0.3856119791666667,0.3856119791666667
24049,2,1.0,3,1,0.5454557291666666,0.5454557291666666
24049,2,1.0,3,2,0.71875,0.71875
24050,0,0.0,0,1,0.32842447916666667,0.32842447916666667
24050,0,0.0,0,2,0.4130078125,0.4130078125
24050,0,0.0,0,3,0.5146484375,0.5146484375
24050,0,0.0,1,0,0.5382161458333333,0.5382161458333333
24050,0,0.0,1,2,0.6543359375,0.6543359375
24050,0,0.0,1,3,0.6804817708333334,0.6804817708333334
24050,0,0.0,2,0,0.5661458333333333,0.5661458333333333
24050,0,0.0,2,1,0.5500651041666667,0.5500651041666667
24050,0,0.0,2,3,0.6966796875,0.6966796875
24050,0,0.0,3,0,0.5845052083333333,0.5845052083333333
24050,0,0.0,3,1,0.5787369791666667,0.5787369791666667
24050,0,0.0,3,2,0.6938151041666667,0.6938151041666667
24050,1,0.5,0,1,0.43669270833333335,0.43669270833333335
24050,1,0.5,0,2,0.4681119791666667,0.4681119791666667
24050,1,0.5,0,3,0.5441796875,0.5441796875
24050,1,0.5,1,0,0.57859375,0.57859375
24050,1,0.5,1,2,0.636796875,0.636796875
24050,1,0.5,1,3,0.7817838541666666,0.7817838541666666
24050,1,0.5,2,0,0.5957161458333333,0.5957161458333333
24050,1,0.5,2,1,0.55328125,0.55328125
24050,1,0.5,2,3,0.7026953125,0.7026953125
24050,1,0.5,3,0,0.5214322916666667,0.5214322916666667
24050,1,0.5,3,1,0.5804427083333333,0.5804427083333333
24050,1,0.5,3,2,0.5959635416666667,0.5959635416666667
24050,2,1.0,0,1,0.35184895833333335,0.35184895833333335
24050,2,1.0,0,2,0.5022265625,0.5022265625
24050,2,1.0,0,3,0.6085026041666667,0.6085026041666667
24050,2,1.0,1,0,0.4358854166666667,0.4358854166666667
24050,2,1.0,1,2,0.4561328125,0.4561328125
24050,2,1.0,1,3,0.7066015625,0.7066015625
24050,2,1.0,2,0,0.5238151041666667,0.5238151041666667
24050,2,1.0,2,1,0.3896875,0.3896875
24050,2,1.0,2,3,0.7101041666666666,0.7101041666666666
24050,2,1.0,3,0,0.4632161458333333,0.4632161458333333
24050,2,1.0,3,1,0.46877604166666664,0.46877604166666664
24050,2,1.0,3,2,0.5119270833333334,0.5119270833333334
24051,0,0.0,0,1,0.635,0.635
24051,0,0.0,0,2,0.34868489583333334,0.34868489583333334
24051,0,0.0,0,3,0.5693359375,0.5693359375
24051,0,0.0,1,0,0.2823177083333333,0.2823177083333333
24051,0,0.0,1,2,0.178046875,0.178046875
24051,0,0.0,1,3,0.24791666666666667,0.24791666666666667
24051,0,0.0,2,0,0.5821484375,0.5821484375
24051,0,0.0,2,1,0.47813802083333334,0.47813802083333334
24051,0,0.0,2,3,0.5154296875,0.5154296875
24051,0,0.0,3,0,0.5249609375,0.5249609375
24051,0,0.0,3,1,0.84578125,0.84578125
24051,0,0.0,3,2,0.3157682291666667,0.3157682291666667
24051,1,0.5,0,1,0.5294401041666666,0.5294401041666666
24051,1,0.5,0,2,0.3178515625,0.3178515625
24051,1,0.5,0,3,0.4898177083333333,0.4898177083333333
24051,1,0.5,1,0,0.37247395833333335,0.37247395833333335
24051,1,0.5,1,2,0.24192708333333332,0.24192708333333332
24051,1,0.5,1,3,0.24221354166666667,0.24221354166666667
24051,1,0.5,2,0,0.63109375,0.63109375
24051,1,0.5,2,1,0.4992447916666667,0.4992447916666667
24051,1,0.5,2,3,0.5332682291666667,0.5332682291666667
24051,1,0.5,3,0,0.5297786458333333,0.5297786458333333
24051,1,0.5,3,1,0.846796875,0.846796875
24051,1,0.5,3,2,0.3936328125,0.3936328125
24051,2,1.0,0,1,0.4262239583333333,0.4262239583333333
24051,2,1.0,0,2,0.2989192708333333,0.2989192708333333
24051,2,1.0,0,3,0.3719921875,0.3719921875
24051,2,1.0,1,0,0.40932291666666665,0.40932291666666665
24051,2,1.0,1,2,0.31514322916666665,0.31514322916666665
24051,2,1.0,1,3,0.23692708333333334,0.23692708333333334
24051,2,1.0,2,0,0.7151822916666667,0.7151822916666667
24051,2,1.0,2,1,0.51515625,0.51515625
24051,2,1.0,2,3,0.51671875,0.51671875
24051,2,1.0,3,0,0.421953125,0.421953125
24051,2,1.0,3,1,0.8448046875,0.8448046875
24051,2,1.0,3,2,0.439296875,0.439296875
24052,0,0.0,0,1,0.5423046875,0.5423046875
24052,0,0.0,0,2,0.451328125,0.451328125
24052,0,0.0,0,3,0.7114583333333333,0.7114583333333333
24052,0,0.0,1,0,0.585,0.585
24052,0,0.0,1,2,0.6072916666666667,0.6072916666666667
24052,0,0.0,1,3,0.7416276041666666,0.7416276041666666
24052,0,0.0,2,0,0.5707552083333334,0.5707552083333334
24052,0,0.0,2,1,0.6191796875,0.6191796875
24052,0,0.0,2,3,0.6365364583333334,0.6365364583333334
24052,0,0.0,3,0,0.47662760416666666,0.47662760416666666
24052,0,0.0,3,1,0.4293359375,0.4293359375
24052,0,0.0,3,2,0.3377994791666667,0.3377994791666667
24052,1,0.5,0,1,0.5596354166666667,0.5596354166666667
24052,1,0.5,0,2,0.45157552083333335,0.45157552083333335
24052,1,0.5,0,3,0.6540494791666667,0.6540494791666667
24052,1,0.5,1,0,0.55453125,0.55453125
24052,1,0.5,1,2,0.5447135416666666,0.5447135416666666
24052,1,0.5,1,3,0.7014583333333333,0.7014583333333333
24052,1,0.5,2,0,0.56390625,0.56390625
24052,1,0.5,2,1,0.6618098958333334,0.6618098958333334
24052,1,0.5,2,3,0.6452604166666667,0.6452604166666667
24052,1,0.5,3,0,0.3864973958333333,0.3864973958333333
24052,1,0.5,3,1,0.40553385416666665,0.40553385416666665
24052,1,0.5,3,2,0.29705729166666667,0.29705729166666667
24052,2,1.0,0,1,0.5653645833333333,0.5653645833333333
24052,2,1.0,0,2,0.4559765625,0.4559765625
24052,2,1.0,0,3,0.6185546875,0.6185546875
24052,2,1.0,1,0,0.5711458333333334,0.5711458333333334
24052,2,1.0,1,2,0.5676822916666666,0.5676822916666666
24052,2,1.0,1,3,0.6766927083333333,0.6766927083333333
24052,2,1.0,2,0,0.5948567708333333,0.5948567708333333
24052,2,1.0,2,1,0.6825390625,0.6825390625
24052,2,1.0,2,3,0.6120963541666666,0.6120963541666666
24052,2,1.0,3,0,0.35173177083333335,0.35173177083333335
24052,2,1.0,3,1,0.35158854166666664,0.35158854166666664
24052,2,1.0,3,2,0.2683333333333333,0.2683333333333333
24053,0,0.0,0,1,0.33111979166666666,0.33111979166666666
24053,0,0.0,0,2,0.4105859375,0.4105859375
24053,0,0.0,0,3,0.3460416666666667,0.3460416666666667
24053,0,0.0,1,0,0.4820703125,0.4820703125
24053,0,0.0,1,2,0.34703125,0.34703125
24053,0,0.0,1,3,0.7114322916666667,0.7114322916666667
24053,0,0.0,2,0,0.4861067708333333,0.4861067708333333
24053,0,0.0,2,1,0.3236848958333333,0.3236848958333333
24053,0,0.0,2,3,0.26135416666666667,0.26135416666666667
24053,0,0.0,3,0,0.5383203125,0.5383203125
24053,0,0.0,3,1,0.6322135416666667,0.6322135416666667
24053,0,0.0,3,2,0.31442708333333336,0.31442708333333336
24053,1,0.5,0,1,0.428828125,0.428828125
24053,1,0.5,0,2,0.4237239583333333,0.4237239583333333
24053,1,0.5,0,3,0.42078125,0.42078125
24053,1,0.5,1,0,0.4555078125,0.4555078125
24053,1,0.5,1,2,0.282890625,0.282890625
24053,1,0.5,1,3,0.71171875,0.71171875
24053,1,0.5,2,0,0.4769140625,0.4769140625
24053,1,0.5,2,1,0.2871875,0.2871875
24053,1,0.5,2,3,0.25080729166666665,0.25080729166666665
24053,1,0.5,3,0,0.5058984375,0.5058984375
24053,1,0.5,3,1,0.7143489583333333,0.7143489583333333
24053,1,0.5,3,2,0.2848046875,0.2848046875
24053,2,1.0,0,1,0.52703125,0.52703125
24053,2,1.0,0,2,0.38598958333333333,0.38598958333333333
24053,2,1.0,0,3,0.5232421875,0.5232421875
24053,2,1.0,1,0,0.46432291666666664,0.46432291666666664
24053,2,1.0,1,2,0.2457421875,0.2457421875
24053,2,1.0,1,3,0.71953125,0.71953125
24053,2,1.0,2,0,0.4676171875,0.4676171875
24053,2,1.0,2,1,0.39678385416666667,0.39678385416666667
24053,2,1.0,2,3,0.3709635416666667,0.3709635416666667
24053,2,1.0,3,0,0.3845572916666667,0.3845572916666667
24053,2,1.0,3,1,0.6138020833333333,0.6138020833333333
24053,2,1.0,3,2,0.24720052083333333,0.24720052083333333
24054,0,0.0,0,1,0.814609375,0.814609375
24054,0,0.0,0,2,0.7928255208333334,0.7928255208333334
24054,0,0.0,0,3,0.5100911458333334,0.5100911458333334
24054,0,0.0,1,0,0.43571614583333335,0.43571614583333335
24054,0,0.0,1,2,0.826484375,0.826484375
24054,0,0.0,1,3,0.31970052083333333,0.31970052083333333
24054,0,0.0,2,0,0.38983072916666667,0.38983072916666667
24054,0,0.0,2,1,0.6796223958333333,0.6796223958333333
24054,0,0.0,2,3,0.319453125,0.319453125
24054,0,0.0,3,0,0.7309895833333333,0.7309895833333333
24054,0,0.0,3,1,0.76296875,0.76296875
24054,0,0.0,3,2,0.7518098958333334,0.7518098958333334
24054,1,0.5,0,1,0.8018359375,0.8018359375
24054,1,0.5,0,2,0.7698828125,0.7698828125
24054,1,0.5,0,3,0.48171875,0.48171875
24054,1,0.5,1,0,0.4199088541666667,0.4199088541666667
24054,1,0.5,1,2,0.781484375,0.781484375
24054,1,0.5,1,3,0.24532552083333334,0.24532552083333334
24054,1,0.5,2,0,0.42680989583333334,0.42680989583333334
24054,1,0.5,2,1,0.795390625,0.795390625
24054,1,0.5,2,3,0.2771354166666667,0.2771354166666667
24054,1,0.5,3,0,0.7269921875,0.7269921875
24054,1,0.5,3,1,0.7814192708333333,0.7814192708333333
24054,1,0.5,3,2,0.7283984375,0.7283984375
24054,2,1.0,0,1,0.7870052083333333,0.7870052083333333
24054,2,1.0,0,2,0.7358723958333333,0.7358723958333333
24054,2,1.0,0,3,0.4291276041666667,0.4291276041666667
24054,2,1.0,1,0,0.4845052083333333,0.4845052083333333
24054,2,1.0,1,2,0.731953125,0.731953125
24054,2,1.0,1,3,0.2238671875,0.2238671875
24054,2,1.0,2,0,0.4682421875,0.4682421875
24054,2,1.0,2,1,0.7682552083333334,0.7682552083333334
24054,2,1.0,2,3,0.254765625,0.254765625
24054,2,1.0,3,0,0.7347916666666666,0.7347916666666666
24054,2,1.0,3,1,0.7488411458333334,0.7488411458333334
24054,2,1.0,3,2,0.6865885416666667,0.6865885416666667
24055,0,0.0,0,1,0.66515625,0.66515625
24055,0,0.0,0,2,0.8980598958333333,0.8980598958333333
24055,0,0.0,0,3,0.3260677083333333,0.3260677083333333
24055,0,0.0,1,0,0.5756901041666667,0.5756901041666667
24055,0,0.0,1,2,0.5384765625,0.5384765625
24055,0,0.0,1,3,0.21201822916666666,0.21201822916666666
24055,0,0.0,2,0,0.6246484375,0.6246484375
24055,0,0.0,2,1,0.543515625,0.543515625
24055,0,0.0,2,3,0.2725390625,0.2725390625
24055,0,0.0,3,0,0.4432552083333333,0.4432552083333333
24055,0,0.0,3,1,0.21734375,0.21734375
24055,0,0.0,3,2,0.64265625,0.64265625
24055,1,0.5,0,1,0.6699869791666667,0.6699869791666667
24055,1,0.5,0,2,0.9004036458333333,0.9004036458333333
24055,1,0.5,0,3,0.3286848958333333,0.3286848958333333
24055,1,0.5,1,0,0.6205078125,0.6205078125
24055,1,0.5,1,2,0.7063541666666666,0.7063541666666666
24055,1,0.5,1,3,0.21510416666666668,0.21510416666666668
24055,1,0.5,2,0,0.49084635416666667,0.49084635416666667
24055,1,0.5,2,1,0.5285807291666667,0.5285807291666667
24055,1,0.5,2,3,0.22541666666666665,0.22541666666666665
24055,1,0.5,3,0,0.5112760416666666,0.5112760416666666
24055,1,0.5,3,1,0.26901041666666664,0.26901041666666664
24055,1,0.5,3,2,0.7042317708333333,0.7042317708333333
24055,2,1.0,0,1,0.6098828125,0.6098828125
24055,2,1.0,0,2,0.8008723958333334,0.8008723958333334
24055,2,1.0,0,3,0.28778645833333333,0.28778645833333333
24055,2,1.0,1,0,0.6995703125,0.6995703125
24055,2,1.0,1,2,0.7141666666666666,0.7141666666666666
24055,2,1.0,1,3,0.19346354166666666,0.19346354166666666
24055,2,1.0,2,0,0.3344010416666667,0.3344010416666667
24055,2,1.0,2,1,0.332734375,0.332734375
24055,2,1.0,2,3,0.18609375,0.18609375
24055,2,1.0,3,0,0.5098958333333333,0.5098958333333333
24055,2,1.0,3,1,0.2722395833333333,0.2722395833333333
24055,2,1.0,3,2,0.7929427083333334,0.7929427083333334
24056,0,0.0,0,1,0.6010807291666667,0.6010807291666667
24056,0,0.0,0,2,0.353359375,0.353359375
24056,0,0.0,0,3,0.5288802083333334,0.5288802083333334
24056,0,0.0,1,0,0.42028645833333333,0.42028645833333333
24056,0,0.0,1,2,0.29291666666666666,0.29291666666666666
24056,0,0.0,1,3,0.34868489583333334,0.34868489583333334
24056,0,0.0,2,0,0.6715755208333334,0.6715755208333334
24056,0,0.0,2,1,0.5094661458333334,0.5094661458333334
24056,0,0.0,2,3,0.5696223958333333,0.5696223958333333
24056,0,0.0,3,0,0.7377864583333333,0.7377864583333333
24056,0,0.0,3,1,0.7014192708333333,0.7014192708333333
24056,0,0.0,3,2,0.46759114583333333,0.46759114583333333
24056,1,0.5,0,1,0.5986067708333334,0.5986067708333334
24056,1,0.5,0,2,0.32848958333333333,0.32848958333333333
24056,1,0.5,0,3,0.5427864583333334,0.5427864583333334
24056,1,0.5,1,0,0.39190104166666667,0.39190104166666667
24056,1,0.5,1,2,0.25623697916666666,0.25623697916666666
24056,1,0.5,1,3,0.3331640625,0.3331640625
24056,1,0.5,2,0,0.6873046875,0.6873046875
24056,1,0.5,2,1,0.5004427083333334,0.5004427083333334
24056,1,0.5,2,3,0.587734375,0.587734375
24056,1,0.5,3,0,0.7201171875,0.7201171875
24056,1,0.5,3,1,0.6923828125,0.6923828125
24056,1,0.5,3,2,0.43920572916666667,0.43920572916666667
24056,2,1.0,0,1,0.6026822916666666,0.6026822916666666
24056,2,1.0,0,2,0.32592447916666667,0.32592447916666667
24056,2,1.0,0,3,0.5718229166666666,0.5718229166666666
24056,2,1.0,1,0,0.36658854166666666,0.36658854166666666
24056,2,1.0,1,2,0.23826822916666668,0.23826822916666668
24056,2,1.0,1,3,0.3131640625,0.3131640625
24056,2,1.0,2,0,0.71890625,0.71890625
24056,2,1.0,2,1,0.5018229166666667,0.5018229166666667
24056,2,1.0,2,3,0.6045833333333334,0.6045833333333334
24056,2,1.0,3,0,0.7095833333333333,0.7095833333333333
24056,2,1.0,3,1,0.6739973958333333,0.6739973958333333
24056,2,1.0,3,2,0.42256510416666665,0.42256510416666665
24057,0,0.0,0,1,0.24919270833333335,0.24919270833333335
24057,0,0.0,0,2,0.3064192708333333,0.3064192708333333
24057,0,0.0,0,3,0.2584765625,0.2584765625
24057,0,0.0,1,0,0.7616927083333334,0.7616927083333334
24057,0,0.0,1,2,0.3420182291666667,0.3420182291666667
24057,0,0.0,1,3,0.8646875,0.8646875
24057,0,0.0,2,0,0.48516927083333333,0.48516927083333333
24057,0,0.0,2,1,0.3001432291666667,0.3001432291666667
24057,0,0.0,2,3,0.28236979166666665,0.28236979166666665
24057,0,0.0,3,0,0.7305989583333333,0.7305989583333333
24057,0,0.0,3,1,0.8057682291666667,0.8057682291666667
24057,0,0.0,3,2,0.2794921875,0.2794921875
24057,1,0.5,0,1,0.32622395833333334,0.32622395833333334
24057,1,0.5,0,2,0.4078125,0.4078125
24057,1,0.5,0,3,0.31720052083333333,0.31720052083333333
24057,1,0.5,1,0,0.7535286458333333,0.7535286458333333
24057,1,0.5,1,2,0.16196614583333332,0.16196614583333332
24057,1,0.5,1,3,0.8123958333333333,0.8123958333333333
24057,1,0.5,2,0,0.44,0.44
24057,1,0.5,2,1,0.1683984375,0.1683984375
24057,1,0.5,2,3,0.0791796875,0.0791796875
24057,1,0.5,3,0,0.6217708333333334,0.6217708333333334
24057,1,0.5,3,1,0.704765625,0.704765625
24057,1,0.5,3,2,0.062578125,0.062578125
24057,2,1.0,0,1,0.2879817708333333,0.2879817708333333
24057,2,1.0,0,2,0.37201822916666666,0.37201822916666666
24057,2,1.0,0,3,0.29411458333333335,0.29411458333333335
24057,2,1.0,1,0,0.4537630208333333,0.4537630208333333
24057,2,1.0,1,2,0.04705729166666667,0.04705729166666667
24057,2,1.0,1,3,0.7142838541666666,0.7142838541666666
24057,2,1.0,2,0,0.26946614583333334,0.26946614583333334
24057,2,1.0,2,1,0.07557291666666667,0.07557291666666667
24057,2,1.0,2,3,0.06592447916666666,0.06592447916666666
24057,2,1.0,3,0,0.3611197916666667,0.3611197916666667
24057,2,1.0,3,1,0.5568229166666666,0.5568229166666666
24057,2,1.0,3,2,0.03235677083333333,0.03235677083333333
24058,0,0.0,0,1,0.440546875,0.440546875
24058,0,0.0,0,2,0.39630208333333333,0.39630208333333333
24058,0,0.0,0,3,0.2171484375,0.2171484375
24058,0,0.0,1,0,0.34251302083333335,0.34251302083333335
24058,0,0.0,1,2,0.143203125,0.143203125
24058,0,0.0,1,3,0.165546875,0.165546875
24058,0,0.0,2,0,0.7492057291666666,0.7492057291666666
24058,0,0.0,2,1,0.617734375,0.617734375
24058,0,0.0,2,3,0.3755598958333333,0.3755598958333333
24058,0,0.0,3,0,0.7788411458333333,0.7788411458333333
24058,0,0.0,3,1,0.6136458333333333,0.6136458333333333
24058,0,0.0,3,2,0.613984375,0.613984375
24058,1,0.5,0,1,0.44696614583333333,0.44696614583333333
24058,1,0.5,0,2,0.396484375,0.396484375
24058,1,0.5,0,3,0.21662760416666665,0.21662760416666665
24058,1,0.5,1,0,0.34860677083333336,0.34860677083333336
24058,1,0.5,1,2,0.14791666666666667,0.14791666666666667
24058,1,0.5,1,3,0.16278645833333333,0.16278645833333333
24058,1,0.5,2,0,0.7387239583333334,0.7387239583333334
24058,1,0.5,2,1,0.6148307291666667,0.6148307291666667
24058,1,0.5,2,3,0.368515625,0.368515625
24058,1,0.5,3,0,0.7764453125,0.7764453125
24058,1,0.5,3,1,0.621171875,0.621171875
24058,1,0.5,3,2,0.6042447916666667,0.6042447916666667
24058,2,1.0,0,1,0.4486588541666667,0.4486588541666667
24058,2,1.0,0,2,0.3887630208333333,0.3887630208333333
24058,2,1.0,0,3,0.21404947916666667,0.21404947916666667
24058,2,1.0,1,0,0.34498697916666665,0.34498697916666665
24058,2,1.0,1,2,0.145078125,0.145078125
24058,2,1.0,1,3,0.1614453125,0.1614453125
24058,2,1.0,2,0,0.7329166666666667,0.7329166666666667
24058,2,1.0,2,1,0.6084765625,0.6084765625
24058,2,1.0,2,3,0.3683723958333333,0.3683723958333333
24058,2,1.0,3,0,0.7794791666666666,0.7794791666666666
24058,2,1.0,3,1,0.6266276041666666,0.6266276041666666
24058,2,1.0,3,2,0.6047395833333333,0.6047395833333333
24059,0,0.0,0,1,0.4172135416666667,0.4172135416666667
24059,0,0.0,0,2,0.41186197916666667,0.41186197916666667
24059,0,0.0,0,3,0.8436588541666666,0.8436588541666666
24059,0,0.0,1,0,0.3550390625,0.3550390625
24059,0,0.0,1,2,0.41061197916666664,0.41061197916666664
24059,0,0.0,1,3,0.4515234375,0.4515234375
24059,0,0.0,2,0,0.31783854166666664,0.31783854166666664
24059,0,0.0,2,1,0.23744791666666668,0.23744791666666668
24059,0,0.0,2,3,0.5627213541666667,0.5627213541666667
24059,0,0.0,3,0,0.37774739583333333,0.37774739583333333
24059,0,0.0,3,1,0.315390625,0.315390625
24059,0,0.0,3,2,0.493984375,0.493984375
24059,1,0.5,0,1,0.4028776041666667,0.4028776041666667
24059,1,0.5,0,2,0.4237369791666667,0.4237369791666667
24059,1,0.5,0,3,0.7898697916666667,0.7898697916666667
24059,1,0.5,1,0,0.3980859375,0.3980859375
24059,1,0.5,1,2,0.4264453125,0.4264453125
24059,1,0.5,1,3,0.4217838541666667,0.4217838541666667
24059,1,0.5,2,0,0.3679296875,0.3679296875
24059,1,0.5,2,1,0.28489583333333335,0.28489583333333335
24059,1,0.5,2,3,0.56125,0.56125
24059,1,0.5,3,0,0.4819921875,0.4819921875
24059,1,0.5,3,1,0.3211848958333333,0.3211848958333333
24059,1,0.5,3,2,0.5077864583333334,0.5077864583333334
24059,2,1.0,0,1,0.43029947916666667,0.43029947916666667
24059,2,1.0,0,2,0.45819010416666667,0.45819010416666667
24059,2,1.0,0,3,0.7460807291666667,0.7460807291666667
24059,2,1.0,1,0,0.4537109375,0.4537109375
24059,2,1.0,1,2,0.43796875,0.43796875
24059,2,1.0,1,3,0.44915364583333334,0.44915364583333334
24059,2,1.0,2,0,0.41734375,0.41734375
24059,2,1.0,2,1,0.31548177083333334,0.31548177083333334
24059,2,1.0,2,3,0.5618229166666666,0.5618229166666666
24059,2,1.0,3,0,0.4935026041666667,0.4935026041666667
24059,2,1.0,3,1,0.34575520833333334,0.34575520833333334
24059,2,1.0,3,2,0.5260807291666667,0.5260807291666667
24060,0,0.0,0,1,0.3283984375,0.3283984375
24060,0,0.0,0,2,0.45153645833333333,0.45153645833333333
24060,0,0.0,0,3,0.33178385416666667,0.33178385416666667
24060,0,0.0,1,0,0.49497395833333335,0.49497395833333335
24060,0,0.0,1,2,0.2538671875,0.2538671875
24060,0,0.0,1,3,0.12592447916666666,0.12592447916666666
24060,0,0.0,2,0,0.5049479166666667,0.5049479166666667
24060,0,0.0,2,1,0.23916666666666667,0.23916666666666667
24060,0,0.0,2,3,0.7262890625,0.7262890625
24060,0,0.0,3,0,0.5175130208333333,0.5175130208333333
24060,0,0.0,3,1,0.09921875,0.09921875
24060,0,0.0,3,2,0.28399739583333333,0.28399739583333333
24060,1,0.5,0,1,0.3094661458333333,0.3094661458333333
24060,1,0.5,0,2,0.44579427083333334,0.44579427083333334
24060,1,0.5,0,3,0.3347265625,0.3347265625
24060,1,0.5,1,0,0.48342447916666664,0.48342447916666664
24060,1,0.5,1,2,0.2369921875,0.2369921875
24060,1,0.5,1,3,0.1228125,0.1228125
24060,1,0.5,2,0,0.473515625,0.473515625
24060,1,0.5,2,1,0.22065104166666666,0.22065104166666666
24060,1,0.5,2,3,0.7183463541666667,0.7183463541666667
24060,1,0.5,3,0,0.493671875,0.493671875
24060,1,0.5,3,1,0.1191015625,0.1191015625
24060,1,0.5,3,2,0.28515625,0.28515625
24060,2,1.0,0,1,0.2935026041666667,0.2935026041666667
24060,2,1.0,0,2,0.4482291666666667,0.4482291666666667
24060,2,1.0,0,3,0.3342057291666667,0.3342057291666667
24060,2,1.0,1,0,0.4660546875,0.4660546875
24060,2,1.0,1,2,0.22290364583333333,0.22290364583333333
24060,2,1.0,1,3,0.11944010416666667,0.11944010416666667
24060,2,1.0,2,0,0.44404947916666665,0.44404947916666665
24060,2,1.0,2,1,0.20639322916666666,0.20639322916666666
24060,2,1.0,2,3,0.7083333333333334,0.7083333333333334
24060,2,1.0,3,0,0.4765755208333333,0.4765755208333333
24060,2,1.0,3,1,0.13497395833333334,0.13497395833333334
24060,2,1.0,3,2,0.2946875,0.2946875
24061,0,0.0,0,1,0.5343229166666666,0.5343229166666666
24061,0,0.0,0,2,0.44428385416666666,0.44428385416666666
24061,0,0.0,0,3,0.45385416666666667,0.45385416666666667
24061,0,0.0,1,0,0.5344270833333333,0.5344270833333333
24061,0,0.0,1,2,0.481640625,0.481640625
24061,0,0.0,1,3,0.450078125,0.450078125
24061,0,0.0,2,0,0.5410026041666667,0.5410026041666667
24061,0,0.0,2,1,0.6450390625,0.6450390625
24061,0,0.0,2,3,0.5636067708333333,0.5636067708333333
24061,0,0.0,3,0,0.5920442708333333,0.5920442708333333
24061,0,0.0,3,1,0.5441145833333333,0.5441145833333333
24061,0,0.0,3,2,0.5246484375,0.5246484375
24061,1,0.5,0,1,0.52515625,0.52515625
24061,1,0.5,0,2,0.4534375,0.4534375
24061,1,0.5,0,3,0.5169921875,0.5169921875
24061,1,0.5,1,0,0.5380208333333333,0.5380208333333333
24061,1,0.5,1,2,0.5126953125,0.5126953125
24061,1,0.5,1,3,0.4448697916666667,0.4448697916666667
24061,1,0.5,2,0,0.52328125,0.52328125
24061,1,0.5,2,1,0.5760807291666666,0.5760807291666666
24061,1,0.5,2,3,0.523515625,0.523515625
24061,1,0.5,3,0,0.652578125,0.652578125
24061,1,0.5,3,1,0.4923046875,0.4923046875
24061,1,0.5,3,2,0.48477864583333335,0.48477864583333335
24061,2,1.0,0,1,0.5111458333333333,0.5111458333333333
24061,2,1.0,0,2,0.47489583333333335,0.47489583333333335
24061,2,1.0,0,3,0.584765625,0.584765625
24061,2,1.0,1,0,0.5632552083333333,0.5632552083333333
24061,2,1.0,1,2,0.48354166666666665,0.48354166666666665
24061,2,1.0,1,3,0.4608203125,0.4608203125
24061,2,1.0,2,0,0.47876302083333333,0.47876302083333333
24061,2,1.0,2,1,0.4841015625,0.4841015625
24061,2,1.0,2,3,0.47020833333333334,0.47020833333333334
24061,2,1.0,3,0,0.7187109375,0.7187109375
24061,2,1.0,3,1,0.45147135416666667,0.45147135416666667
24061,2,1.0,3,2,0.4766015625,0.4766015625
24062,0,0.0,0,1,0.7639453125,0.7639453125
24062,0,0.0,0,2,0.5967447916666667,0.5967447916666667
24062,0,0.0,0,3,0.6125,0.6125
24062,0,0.0,1,0,0.4665885416666667,0.4665885416666667
24062,0,0.0,1,2,0.50171875,0.50171875
24062,0,0.0,1,3,0.7024479166666666,0.7024479166666666
24062,0,0.0,2,0,0.6388802083333334,0.6388802083333334
24062,0,0.0,2,1,0.789140625,0.789140625
24062,0,0.0,2,3,0.7295703125,0.7295703125
24062,0,0.0,3,0,0.24559895833333334,0.24559895833333334
24062,0,0.0,3,1,0.5157421875,0.5157421875
24062,0,0.0,3,2,0.5250911458333334,0.5250911458333334
24062,1,0.5,0,1,0.7720052083333333,0.7720052083333333
24062,1,0.5,0,2,0.5864583333333333,0.5864583333333333
24062,1,0.5,0,3,0.6039192708333333,0.6039192708333333
24062,1,0.5,1,0,0.4740234375,0.4740234375
24062,1,0.5,1,2,0.5149088541666667,0.5149088541666667
24062,1,0.5,1,3,0.7198828125,0.7198828125
24062,1,0.5,2,0,0.6343359375,0.6343359375
24062,1,0.5,2,1,0.8019140625,0.8019140625
24062,1,0.5,2,3,0.7365625,0.7365625
24062,1,0.5,3,0,0.2398828125,0.2398828125
24062,1,0.5,3,1,0.5023958333333334,0.5023958333333334
24062,1,0.5,3,2,0.5092708333333333,0.5092708333333333
24062,2,1.0,0,1,0.7551171875,0.7551171875
24062,2,1.0,0,2,0.5880208333333333,0.5880208333333333
24062,2,1.0,0,3,0.585,0.585
24062,2,1.0,1,0,0.4644270833333333,0.4644270833333333
24062,2,1.0,1,2,0.5226432291666666,0.5226432291666666
24062,2,1.0,1,3,0.7229557291666666,0.7229557291666666
24062,2,1.0,2,0,0.6272786458333334,0.6272786458333334
24062,2,1.0,2,1,0.8078255208333334,0.8078255208333334
24062,2,1.0,2,3,0.7312369791666666,0.7312369791666666
24062,2,1.0,3,0,0.23440104166666667,0.23440104166666667
24062,2,1.0,3,1,0.5011197916666666,0.5011197916666666
24062,2,1.0,3,2,0.5040885416666666,0.5040885416666666
24063,0,0.0,0,1,0.3303125,0.3303125
24063,0,0.0,0,2,0.3641015625,0.3641015625
24063,0,0.0,0,3,0.41985677083333334,0.41985677083333334
24063,0,0.0,1,0,0.4489453125,0.4489453125
24063,0,0.0,1,2,0.25688802083333334,0.25688802083333334
24063,0,0.0,1,3,0.6538671875,0.6538671875
24063,0,0.0,2,0,0.34502604166666667,0.34502604166666667
24063,0,0.0,2,1,0.2205859375,0.2205859375
24063,0,0.0,2,3,0.1623046875,0.1623046875
24063,0,0.0,3,0,0.3245703125,0.3245703125
24063,0,0.0,3,1,0.13611979166666666,0.13611979166666666
24063,0,0.0,3,2,0.2745182291666667,0.2745182291666667
24063,1,0.5,0,1,0.3270572916666667,0.3270572916666667
24063,1,0.5,0,2,0.3612369791666667,0.3612369791666667
24063,1,0.5,0,3,0.41098958333333335,0.41098958333333335
24063,1,0.5,1,0,0.44395833333333334,0.44395833333333334
24063,1,0.5,1,2,0.2496484375,0.2496484375
24063,1,0.5,1,3,0.6514973958333333,0.6514973958333333
24063,1,0.5,2,0,0.3476953125,0.3476953125
24063,1,0.5,2,1,0.21889322916666668,0.21889322916666668
24063,1,0.5,2,3,0.17192708333333334,0.17192708333333334
24063,1,0.5,3,0,0.3226041666666667,0.3226041666666667
24063,1,0.5,3,1,0.14149739583333334,0.14149739583333334
24063,1,0.5,3,2,0.29391927083333336,0.29391927083333336
24063,2,1.0,0,1,0.32537760416666667,0.32537760416666667
24063,2,1.0,0,2,0.37005208333333334,0.37005208333333334
24063,2,1.0,0,3,0.40171875,0.40171875
24063,2,1.0,1,0,0.44360677083333333,0.44360677083333333
24063,2,1.0,1,2,0.25071614583333335,0.25071614583333335
24063,2,1.0,1,3,0.6254557291666667,0.6254557291666667
24063,2,1.0,2,0,0.35998697916666667,0.35998697916666667
24063,2,1.0,2,1,0.22520833333333334,0.22520833333333334
24063,2,1.0,2,3,0.1776953125,0.1776953125
24063,2,1.0,3,0,0.3117578125,0.3117578125
24063,2,1.0,3,1,0.13686197916666668,0.13686197916666668
24063,2,1.0,3,2,0.31231770833333333,0.31231770833333333
24064,0,0.0,0,1,0.7755338541666666,0.7755338541666666
24064,0,0.0,0,2,0.8109765625,0.8109765625
24064,0,0.0,0,3,0.7804296875,0.7804296875
24064,0,0.0,1,0,0.36921875,0.36921875
24064,0,0.0,1,2,0.8387630208333333,0.8387630208333333
24064,0,0.0,1,3,0.41420572916666665,0.41420572916666665
24064,0,0.0,2,0,0.26403645833333333,0.26403645833333333
24064,0,0.0,2,1,0.5476822916666667,0.5476822916666667
24064,0,0.0,2,3,0.3428125,0.3428125
24064,0,0.0,3,0,0.532421875,0.532421875
24064,0,0.0,3,1,0.54796875,0.54796875
24064,0,0.0,3,2,0.6497265625,0.6497265625
24064,1,0.5,0,1,0.7748958333333333,0.7748958333333333
24064,1,0.5,0,2,0.7911588541666666,0.7911588541666666
24064,1,0.5,0,3,0.78546875,0.78546875
24064,1,0.5,1,0,0.3742578125,0.3742578125
24064,1,0.5,1,2,0.8168359375,0.8168359375
24064,1,0.5,1,3,0.4190364583333333,0.4190364583333333
24064,1,0.5,2,0,0.2784244791666667,0.2784244791666667
24064,1,0.5,2,1,0.5636588541666666,0.5636588541666666
24064,1,0.5,2,3,0.3596484375,0.3596484375
24064,1,0.5,3,0,0.5272786458333333,0.5272786458333333
24064,1,0.5,3,1,0.5365234375,0.5365234375
24064,1,0.5,3,2,0.6402473958333333,0.6402473958333333
24064,2,1.0,0,1,0.78921875,0.78921875
24064,2,1.0,0,2,0.779140625,0.779140625
24064,2,1.0,0,3,0.7833203125,0.7833203125
24064,2,1.0,1,0,0.3960546875,0.3960546875
24064,2,1.0,1,2,0.7904817708333334,0.7904817708333334
24064,2,1.0,1,3,0.431484375,0.431484375
24064,2,1.0,2,0,0.2912369791666667,0.2912369791666667
24064,2,1.0,2,1,0.5561328125,0.5561328125
24064,2,1.0,2,3,0.37690104166666666,0.37690104166666666
24064,2,1.0,3,0,0.5052473958333333,0.5052473958333333
24064,2,1.0,3,1,0.5243489583333333,0.5243489583333333
24064,2,1.0,3,2,0.6308723958333333,0.6308723958333333
24065,0,0.0,0,1,0.7286458333333333,0.7286458333333333
24065,0,0.0,0,2,0.5685416666666666,0.5685416666666666
24065,0,0.0,0,3,0.5545052083333334,0.5545052083333334
24065,0,0.0,1,0,0.39514322916666667,0.39514322916666667
24065,0,0.0,1,2,0.3425520833333333,0.3425520833333333
24065,0,0.0,1,3,0.37907552083333335,0.37907552083333335
24065,0,0.0,2,0,0.4508984375,0.4508984375
24065,0,0.0,2,1,0.524375,0.524375
24065,0,0.0,2,3,0.4661328125,0.4661328125
24065,0,0.0,3,0,0.5588541666666667,0.5588541666666667
24065,0,0.0,3,1,0.6682161458333333,0.6682161458333333
24065,0,0.0,3,2,0.6168489583333333,0.6168489583333333
24065,1,0.5,0,1,0.7242057291666667,0.7242057291666667
24065,1,0.5,0,2,0.543046875,0.543046875
24065,1,0.5,0,3,0.5470963541666667,0.5470963541666667
24065,1,0.5,1,0,0.3885546875,0.3885546875
24065,1,0.5,1,2,0.3354036458333333,0.3354036458333333
24065,1,0.5,1,3,0.3745703125,0.3745703125
24065,1,0.5,2,0,0.42723958333333334,0.42723958333333334
24065,1,0.5,2,1,0.5166796875,0.5166796875
24065,1,0.5,2,3,0.43928385416666665,0.43928385416666665
24065,1,0.5,3,0,0.5445963541666666,0.5445963541666666
24065,1,0.5,3,1,0.6382291666666666,0.6382291666666666
24065,1,0.5,3,2,0.5715625,0.5715625
24065,2,1.0,0,1,0.7201692708333334,0.7201692708333334
24065,2,1.0,0,2,0.5148046875,0.5148046875
24065,2,1.0,0,3,0.5379166666666667,0.5379166666666667
24065,2,1.0,1,0,0.3781640625,0.3781640625
24065,2,1.0,1,2,0.32390625,0.32390625
24065,2,1.0,1,3,0.36333333333333334,0.36333333333333334
24065,2,1.0,2,0,0.4002864583333333,0.4002864583333333
24065,2,1.0,2,1,0.5098958333333333,0.5098958333333333
24065,2,1.0,2,3,0.40140625,0.40140625
24065,2,1.0,3,0,0.5312890625,0.5312890625
24065,2,1.0,3,1,0.6122916666666667,0.6122916666666667
24065,2,1.0,3,2,0.5199479166666666,0.5199479166666666
24066,0,0.0,0,1,0.24286458333333333,0.24286458333333333
24066,0,0.0,0,2,0.21638020833333332,0.21638020833333332
24066,0,0.0,0,3,0.23174479166666667,0.23174479166666667
24066,0,0.0,1,0,0.5919661458333333,0.5919661458333333
24066,0,0.0,1,2,0.22657552083333332,0.22657552083333332
24066,0,0.0,1,3,0.2664973958333333,0.2664973958333333
24066,0,0.0,2,0,0.281953125,0.281953125
24066,0,0.0,2,1,0.26421875,0.26421875
24066,0,0.0,2,3,0.20983072916666667,0.20983072916666667
24066,0,0.0,3,0,0.6238020833333333,0.6238020833333333
24066,0,0.0,3,1,0.30583333333333335,0.30583333333333335
24066,0,0.0,3,2,0.25555989583333333,0.25555989583333333
24066,1,0.5,0,1,0.24533854166666666,0.24533854166666666
24066,1,0.5,0,2,0.22712239583333332,0.22712239583333332
24066,1,0.5,0,3,0.21809895833333334,0.21809895833333334
24066,1,0.5,1,0,0.6075390625,0.6075390625
24066,1,0.5,1,2,0.2323828125,0.2323828125
24066,1,0.5,1,3,0.2687630208333333,0.2687630208333333
24066,1,0.5,2,0,0.309453125,0.309453125
24066,1,0.5,2,1,0.29333333333333333,0.29333333333333333
24066,1,0.5,2,3,0.2181640625,0.2181640625
24066,1,0.5,3,0,0.6363151041666667,0.6363151041666667
24066,1,0.5,3,1,0.3198828125,0.3198828125
24066,1,0.5,3,2,0.25180989583333335,0.25180989583333335
24066,2,1.0,0,1,0.25005208333333334,0.25005208333333334
24066,2,1.0,0,2,0.23768229166666666,0.23768229166666666
24066,2,1.0,0,3,0.20645833333333333,0.20645833333333333
24066,2,1.0,1,0,0.6278776041666667,0.6278776041666667
24066,2,1.0,1,2,0.23940104166666668,0.23940104166666668
24066,2,1.0,1,3,0.275546875,0.275546875
24066,2,1.0,2,0,0.3290625,0.3290625
24066,2,1.0,2,1,0.31471354166666665,0.31471354166666665
24066,2,1.0,2,3,0.2242578125,0.2242578125
24066,2,1.0,3,0,0.6520442708333334,0.6520442708333334
24066,2,1.0,3,1,0.33587239583333334,0.33587239583333334
24066,2,1.0,3,2,0.252890625,0.252890625
24067,0,0.0,0,1,0.29899739583333335,0.29899739583333335
24067,0,0.0,0,2,0.6131119791666667,0.6131119791666667
24067,0,0.0,0,3,0.5899088541666667,0.5899088541666667
24067,0,0.0,1,0,0.6055078125,0.6055078125
24067,0,0.0,1,2,0.5625651041666667,0.5625651041666667
24067,0,0.0,1,3,0.605859375,0.605859375
24067,0,0.0,2,0,0.5540625,0.5540625
24067,0,0.0,2,1,0.28122395833333336,0.28122395833333336
24067,0,0.0,2,3,0.49970052083333333,0.49970052083333333
24067,0,0.0,3,0,0.41671875,0.41671875
24067,0,0.0,3,1,0.14658854166666666,0.14658854166666666
24067,0,0.0,3,2,0.34305989583333335,0.34305989583333335
24067,1,0.5,0,1,0.32298177083333335,0.32298177083333335
24067,1,0.5,0,2,0.5530859375,0.5530859375
24067,1,0.5,0,3,0.5512369791666667,0.5512369791666667
24067,1,0.5,1,0,0.6082421875,0.6082421875
24067,1,0.5,1,2,0.6260026041666666,0.6260026041666666
24067,1,0.5,1,3,0.6676302083333333,0.6676302083333333
24067,1,0.5,2,0,0.5966015625,0.5966015625
24067,1,0.5,2,1,0.3888020833333333,0.3888020833333333
24067,1,0.5,2,3,0.5133333333333333,0.5133333333333333
24067,1,0.5,3,0,0.5114713541666667,0.5114713541666667
24067,1,0.5,3,1,0.2534895833333333,0.2534895833333333
24067,1,0.5,3,2,0.35837239583333336,0.35837239583333336
24067,2,1.0,0,1,0.28708333333333336,0.28708333333333336
24067,2,1.0,0,2,0.42766927083333334,0.42766927083333334
24067,2,1.0,0,3,0.45578125,0.45578125
24067,2,1.0,1,0,0.5048307291666667,0.5048307291666667
24067,2,1.0,1,2,0.6673567708333333,0.6673567708333333
24067,2,1.0,1,3,0.6378645833333333,0.6378645833333333
24067,2,1.0,2,0,0.5687239583333333,0.5687239583333333
24067,2,1.0,2,1,0.5159114583333333,0.5159114583333333
24067,2,1.0,2,3,0.518046875,0.518046875
24067,2,1.0,3,0,0.39337239583333333,0.39337239583333333
24067,2,1.0,3,1,0.3386588541666667,0.3386588541666667
24067,2,1.0,3,2,0.3501692708333333,0.3501692708333333
24068,0,0.0,0,1,0.7411328125,0.7411328125
24068,0,0.0,0,2,0.44309895833333335,0.44309895833333335
24068,0,0.0,0,3,0.49549479166666666,0.49549479166666666
24068,0,0.0,1,0,0.1576171875,0.1576171875
24068,0,0.0,1,2,0.09170572916666667,0.09170572916666667
24068,0,0.0,1,3,0.0780859375,0.0780859375
24068,0,0.0,2,0,0.46618489583333333,0.46618489583333333
24068,0,0.0,2,1,0.5847395833333333,0.5847395833333333
24068,0,0.0,2,3,0.5381901041666667,0.5381901041666667
24068,0,0.0,3,0,0.5541927083333333,0.5541927083333333
24068,0,0.0,3,1,0.617578125,0.617578125
24068,0,0.0,3,2,0.5695052083333333,0.5695052083333333
24068,1,0.5,0,1,0.7348697916666667,0.7348697916666667
24068,1,0.5,0,2,0.4223046875,0.4223046875
24068,1,0.5,0,3,0.49649739583333335,0.49649739583333335
24068,1,0.5,1,0,0.1608203125,0.1608203125
24068,1,0.5,1,2,0.08850260416666667,0.08850260416666667
24068,1,0.5,1,3,0.07772135416666667,0.07772135416666667
24068,1,0.5,2,0,0.4513671875,0.4513671875
24068,1,0.5,2,1,0.5539713541666667,0.5539713541666667
24068,1,0.5,2,3,0.5054427083333334,0.5054427083333334
24068,1,0.5,3,0,0.551875,0.551875
24068,1,0.5,3,1,0.6062760416666667,0.6062760416666667
24068,1,0.5,3,2,0.5350390625,0.5350390625
24068,2,1.0,0,1,0.7431770833333333,0.7431770833333333
24068,2,1.0,0,2,0.406328125,0.406328125
24068,2,1.0,0,3,0.49463541666666666,0.49463541666666666
24068,2,1.0,1,0,0.1679296875,0.1679296875
24068,2,1.0,1,2,0.0890625,0.0890625
24068,2,1.0,1,3,0.077890625,0.077890625
24068,2,1.0,2,0,0.4271744791666667,0.4271744791666667
24068,2,1.0,2,1,0.536015625,0.536015625
24068,2,1.0,2,3,0.4734765625,0.4734765625
24068,2,1.0,3,0,0.55375,0.55375
24068,2,1.0,3,1,0.6002083333333333,0.6002083333333333
24068,2,1.0,3,2,0.501015625,0.501015625
24069,0,0.0,0,1,0.386328125,0.386328125
24069,0,0.0,0,2,0.1817578125,0.1817578125
24069,0,0.0,0,3,0.22555989583333333,0.22555989583333333
24069,0,0.0,1,0,0.3894140625,0.3894140625
24069,0,0.0,1,2,0.3008723958333333,0.3008723958333333
24069,0,0.0,1,3,0.3146875,0.3146875
24069,0,0.0,2,0,0.218671875,0.218671875
24069,0,0.0,2,1,0.4120182291666667,0.4120182291666667
24069,0,0.0,2,3,0.5286979166666667,0.5286979166666667
24069,0,0.0,3,0,0.23033854166666667,0.23033854166666667
24069,0,0.0,3,1,0.3901822916666667,0.3901822916666667
24069,0,0.0,3,2,0.36845052083333335,0.36845052083333335
24069,1,0.5,0,1,0.39536458333333335,0.39536458333333335
24069,1,0.5,0,2,0.20251302083333333,0.20251302083333333
24069,1,0.5,0,3,0.23856770833333332,0.23856770833333332
24069,1,0.5,1,0,0.39579427083333335,0.39579427083333335
24069,1,0.5,1,2,0.2943880208333333,0.2943880208333333
24069,1,0.5,1,3,0.31278645833333335,0.31278645833333335
24069,1,0.5,2,0,0.2344921875,0.2344921875
24069,1,0.5,2,1,0.40529947916666664,0.40529947916666664
24069,1,0.5,2,3,0.5247005208333333,0.5247005208333333
24069,1,0.5,3,0,0.24555989583333335,0.24555989583333335
24069,1,0.5,3,1,0.3930208333333333,0.3930208333333333
24069,1,0.5,3,2,0.3869140625,0.3869140625
24069,2,1.0,0,1,0.4075,0.4075
24069,2,1.0,0,2,0.22213541666666667,0.22213541666666667
24069,2,1.0,0,3,0.25459635416666665,0.25459635416666665
24069,2,1.0,1,0,0.4012630208333333,0.4012630208333333
24069,2,1.0,1,2,0.290625,0.290625
24069,2,1.0,1,3,0.3064192708333333,0.3064192708333333
24069,2,1.0,2,0,0.2460546875,0.2460546875
24069,2,1.0,2,1,0.40036458333333336,0.40036458333333336
24069,2,1.0,2,3,0.5182942708333333,0.5182942708333333
24069,2,1.0,3,0,0.26450520833333335,0.26450520833333335
24069,2,1.0,3,1,0.3909635416666667,0.3909635416666667
24069,2,1.0,3,2,0.40677083333333336,0.40677083333333336
24070,0,0.0,0,1,0.7942317708333333,0.7942317708333333
24070,0,0.0,0,2,0.3832291666666667,0.3832291666666667
24070,0,0.0,0,3,0.4281770833333333,0.4281770833333333
24070,0,0.0,1,0,0.388046875,0.388046875
24070,0,0.0,1,2,0.18944010416666668,0.18944010416666668
24070,0,0.0,1,3,0.506640625,0.506640625
24070,0,0.0,2,0,0.5393619791666666,0.5393619791666666
24070,0,0.0,2,1,0.7151822916666667,0.7151822916666667
24070,0,0.0,2,3,0.743203125,0.743203125
24070,0,0.0,3,0,0.4781770833333333,0.4781770833333333
24070,0,0.0,3,1,0.6741145833333333,0.6741145833333333
24070,0,0.0,3,2,0.13154947916666668,0.13154947916666668
24070,1,0.5,0,1,0.8012890625,0.8012890625
24070,1,0.5,0,2,0.376484375,0.376484375
24070,1,0.5,0,3,0.4393359375,0.4393359375
24070,1,0.5,1,0,0.40348958333333335,0.40348958333333335
24070,1,0.5,1,2,0.18213541666666666,0.18213541666666666
24070,1,0.5,1,3,0.5257552083333333,0.5257552083333333
24070,1,0.5,2,0,0.5525520833333334,0.5525520833333334
24070,1,0.5,2,1,0.6991666666666667,0.6991666666666667
24070,1,0.5,2,3,0.7254817708333333,0.7254817708333333
24070,1,0.5,3,0,0.46770833333333334,0.46770833333333334
24070,1,0.5,3,1,0.6555859375,0.6555859375
24070,1,0.5,3,2,0.116875,0.116875
24070,2,1.0,0,1,0.8176302083333333,0.8176302083333333
24070,2,1.0,0,2,0.363515625,0.363515625
24070,2,1.0,0,3,0.4535416666666667,0.4535416666666667
24070,2,1.0,1,0,0.41532552083333335,0.41532552083333335
24070,2,1.0,1,2,0.17283854166666668,0.17283854166666668
24070,2,1.0,1,3,0.5382552083333333,0.5382552083333333
24070,2,1.0,2,0,0.5643489583333333,0.5643489583333333
24070,2,1.0,2,1,0.6831380208333333,0.6831380208333333
24070,2,1.0,2,3,0.7035286458333333,0.7035286458333333
24070,2,1.0,3,0,0.4590755208333333,0.4590755208333333
24070,2,1.0,3,1,0.6390755208333333,0.6390755208333333
24070,2,1.0,3,2,0.10341145833333333,0.10341145833333333
24071,0,0.0,0,1,0.6808984375,0.6808984375
24071,0,0.0,0,2,0.4754296875,0.4754296875
24071,0,0.0,0,3,0.44848958333333333,0.44848958333333333
24071,0,0.0,1,0,0.5557682291666667,0.5557682291666667
24071,0,0.0,1,2,0.4614713541666667,0.4614713541666667
24071,0,0.0,1,3,0.4358723958333333,0.4358723958333333
24071,0,0.0,2,0,0.538203125,0.538203125
24071,0,0.0,2,1,0.7117447916666667,0.7117447916666667
24071,0,0.0,2,3,0.5500911458333333,0.5500911458333333
24071,0,0.0,3,0,0.4890494791666667,0.4890494791666667
24071,0,0.0,3,1,0.717265625,0.717265625
24071,0,0.0,3,2,0.7643229166666666,0.7643229166666666
24071,1,0.5,0,1,0.667421875,0.667421875
24071,1,0.5,0,2,0.47227864583333334,0.47227864583333334
24071,1,0.5,0,3,0.4466015625,0.4466015625
24071,1,0.5,1,0,0.5574088541666666,0.5574088541666666
24071,1,0.5,1,2,0.4525390625,0.4525390625
24071,1,0.5,1,3,0.4337239583333333,0.4337239583333333
24071,1,0.5,2,0,0.5529817708333333,0.5529817708333333
24071,1,0.5,2,1,0.7128645833333334,0.7128645833333334
24071,1,0.5,2,3,0.5830598958333333,0.5830598958333333
24071,1,0.5,3,0,0.4935546875,0.4935546875
24071,1,0.5,3,1,0.6977213541666667,0.6977213541666667
24071,1,0.5,3,2,0.7512630208333333,0.7512630208333333
24071,2,1.0,0,1,0.6563020833333333,0.6563020833333333
24071,2,1.0,0,2,0.46544270833333334,0.46544270833333334
24071,2,1.0,0,3,0.4516796875,0.4516796875
24071,2,1.0,1,0,0.5639973958333333,0.5639973958333333
24071,2,1.0,1,2,0.4393619791666667,0.4393619791666667
24071,2,1.0,1,3,0.4417578125,0.4417578125
24071,2,1.0,2,0,0.5689713541666667,0.5689713541666667
24071,2,1.0,2,1,0.71671875,0.71671875
24071,2,1.0,2,3,0.6773567708333333,0.6773567708333333
24071,2,1.0,3,0,0.49627604166666667,0.49627604166666667
24071,2,1.0,3,1,0.6843880208333334,0.6843880208333334
24071,2,1.0,3,2,0.7447395833333333,0.7447395833333333
24072,0,0.0,0,1,0.5200651041666666,0.5200651041666666
24072,0,0.0,0,2,0.33567708333333335,0.33567708333333335
24072,0,0.0,0,3,0.19697916666666668,0.19697916666666668
24072,0,0.0,1,0,0.3137109375,0.3137109375
24072,0,0.0,1,2,0.24266927083333334,0.24266927083333334
24072,0,0.0,1,3,0.14532552083333333,0.14532552083333333
24072,0,0.0,2,0,0.3602213541666667,0.3602213541666667
24072,0,0.0,2,1,0.3250911458333333,0.3250911458333333
24072,0,0.0,2,3,0.3762109375,0.3762109375
24072,0,0.0,3,0,0.6040234375,0.6040234375
24072,0,0.0,3,1,0.6012239583333333,0.6012239583333333
24072,0,0.0,3,2,0.3746744791666667,0.3746744791666667
24072,1,0.5,0,1,0.45774739583333335,0.45774739583333335
24072,1,0.5,0,2,0.35759114583333335,0.35759114583333335
24072,1,0.5,0,3,0.33662760416666665,0.33662760416666665
24072,1,0.5,1,0,0.2727734375,0.2727734375
24072,1,0.5,1,2,0.27166666666666667,0.27166666666666667
24072,1,0.5,1,3,0.13018229166666667,0.13018229166666667
24072,1,0.5,2,0,0.3641015625,0.3641015625
24072,1,0.5,2,1,0.31384114583333333,0.31384114583333333
24072,1,0.5,2,3,0.34248697916666665,0.34248697916666665
24072,1,0.5,3,0,0.5746614583333334,0.5746614583333334
24072,1,0.5,3,1,0.5643619791666666,0.5643619791666666
24072,1,0.5,3,2,0.3602473958333333,0.3602473958333333
24072,2,1.0,0,1,0.4545182291666667,0.4545182291666667
24072,2,1.0,0,2,0.39513020833333334,0.39513020833333334
24072,2,1.0,0,3,0.36061197916666665,0.36061197916666665
24072,2,1.0,1,0,0.24962239583333334,0.24962239583333334
24072,2,1.0,1,2,0.3454296875,0.3454296875
24072,2,1.0,1,3,0.11791666666666667,0.11791666666666667
24072,2,1.0,2,0,0.3932421875,0.3932421875
24072,2,1.0,2,1,0.3201953125,0.3201953125
24072,2,1.0,2,3,0.307734375,0.307734375
24072,2,1.0,3,0,0.5676041666666667,0.5676041666666667
24072,2,1.0,3,1,0.543671875,0.543671875
24072,2,1.0,3,2,0.32221354166666666,0.32221354166666666
24073,0,0.0,0,1,0.40186197916666666,0.40186197916666666
24073,0,0.0,0,2,0.3505729166666667,0.3505729166666667
24073,0,0.0,0,3,0.16653645833333333,0.16653645833333333
24073,0,0.0,1,0,0.290625,0.290625
24073,0,0.0,1,2,0.28470052083333336,0.28470052083333336
24073,0,0.0,1,3,0.544296875,0.544296875
24073,0,0.0,2,0,0.36453125,0.36453125
24073,0,0.0,2,1,0.2889713541666667,0.2889713541666667
24073,0,0.0,2,3,0.1128125,0.1128125
24073,0,0.0,3,0,0.30325520833333336,0.30325520833333336
24073,0,0.0,3,1,0.25755208333333335,0.25755208333333335
24073,0,0.0,3,2,0.21739583333333334,0.21739583333333334
24073,1,0.5,0,1,0.418671875,0.418671875
24073,1,0.5,0,2,0.3733984375,0.3733984375
24073,1,0.5,0,3,0.1639453125,0.1639453125
24073,1,0.5,1,0,0.301171875,0.301171875
24073,1,0.5,1,2,0.29486979166666666,0.29486979166666666
24073,1,0.5,1,3,0.5236067708333333,0.5236067708333333
24073,1,0.5,2,0,0.3876953125,0.3876953125
24073,1,0.5,2,1,0.301796875,0.301796875
24073,1,0.5,2,3,0.12575520833333334,0.12575520833333334
24073,1,0.5,3,0,0.29509114583333335,0.29509114583333335
24073,1,0.5,3,1,0.23692708333333334,0.23692708333333334
24073,1,0.5,3,2,0.23467447916666667,0.23467447916666667
24073,2,1.0,0,1,0.43518229166666667,0.43518229166666667
24073,2,1.0,0,2,0.40990885416666667,0.40990885416666667
24073,2,1.0,0,3,0.15240885416666666,0.15240885416666666
24073,2,1.0,1,0,0.3272526041666667,0.3272526041666667
24073,2,1.0,1,2,0.3240234375,0.3240234375
24073,2,1.0,1,3,0.45434895833333333,0.45434895833333333
24073,2,1.0,2,0,0.3985546875,0.3985546875
24073,2,1.0,2,1,0.32016927083333335,0.32016927083333335
24073,2,1.0,2,3,0.1284765625,0.1284765625
24073,2,1.0,3,0,0.26229166666666665,0.26229166666666665
24073,2,1.0,3,1,0.18528645833333332,0.18528645833333332
24073,2,1.0,3,2,0.2598828125,0.2598828125
24074,0,0.0,0,1,0.5847135416666667,0.5847135416666667
24074,0,0.0,0,2,0.8064583333333334,0.8064583333333334
24074,0,0.0,0,3,0.8981380208333334,0.8981380208333334
24074,0,0.0,1,0,0.6510546875,0.6510546875
24074,0,0.0,1,2,0.7579427083333333,0.7579427083333333
24074,0,0.0,1,3,0.7764322916666667,0.7764322916666667
24074,0,0.0,2,0,0.2459375,0.2459375
24074,0,0.0,2,1,0.23162760416666667,0.23162760416666667
24074,0,0.0,2,3,0.6749739583333333,0.6749739583333333
24074,0,0.0,3,0,0.3490755208333333,0.3490755208333333
24074,0,0.0,3,1,0.3192057291666667,0.3192057291666667
24074,0,0.0,3,2,0.8235807291666667,0.8235807291666667
24074,1,0.5,0,1,0.5551953125,0.5551953125
24074,1,0.5,0,2,0.8324088541666667,0.8324088541666667
24074,1,0.5,0,3,0.911640625,0.911640625
24074,1,0.5,1,0,0.6030989583333334,0.6030989583333334
24074,1,0.5,1,2,0.7648177083333333,0.7648177083333333
24074,1,0.5,1,3,0.7726692708333334,0.7726692708333334
24074,1,0.5,2,0,0.276640625,0.276640625
24074,1,0.5,2,1,0.2752864583333333,0.2752864583333333
24074,1,0.5,2,3,0.6979557291666667,0.6979557291666667
24074,1,0.5,3,0,0.36158854166666665,0.36158854166666665
24074,1,0.5,3,1,0.3493880208333333,0.3493880208333333
24074,1,0.5,3,2,0.8226302083333333,0.8226302083333333
24074,2,1.0,0,1,0.5086197916666667,0.5086197916666667
24074,2,1.0,0,2,0.8347526041666666,0.8347526041666666
24074,2,1.0,0,3,0.9094140625,0.9094140625
24074,2,1.0,1,0,0.5545572916666667,0.5545572916666667
24074,2,1.0,1,2,0.7472005208333333,0.7472005208333333
24074,2,1.0,1,3,0.7460026041666666,0.7460026041666666
24074,2,1.0,2,0,0.30018229166666666,0.30018229166666666
24074,2,1.0,2,1,0.2525911458333333,0.2525911458333333
24074,2,1.0,2,3,0.7128125,0.7128125
24074,2,1.0,3,0,0.361328125,0.361328125
24074,2,1.0,3,1,0.30454427083333335,0.30454427083333335
24074,2,1.0,3,2,0.8038671875,0.8038671875
24075,0,0.0,0,1,0.3936588541666667,0.3936588541666667
24075,0,0.0,0,2,0.3266796875,0.3266796875
24075,0,0.0,0,3,0.3416015625,0.3416015625
24075,0,0.0,1,0,0.549375,0.549375
24075,0,0.0,1,2,0.5939192708333333,0.5939192708333333
24075,0,0.0,1,3,0.5337760416666667,0.5337760416666667
24075,0,0.0,2,0,0.5706901041666667,0.5706901041666667
24075,0,0.0,2,1,0.6501171875,0.6501171875
24075,0,0.0,2,3,0.5165625,0.5165625
24075,0,0.0,3,0,0.44408854166666667,0.44408854166666667
24075,0,0.0,3,1,0.6744921875,0.6744921875
24075,0,0.0,3,2,0.5706770833333333,0.5706770833333333
24075,1,0.5,0,1,0.3977864583333333,0.3977864583333333
24075,1,0.5,0,2,0.24643229166666666,0.24643229166666666
24075,1,0.5,0,3,0.4152734375,0.4152734375
24075,1,0.5,1,0,0.56421875,0.56421875
24075,1,0.5,1,2,0.5340885416666666,0.5340885416666666
24075,1,0.5,1,3,0.5976692708333333,0.5976692708333333
24075,1,0.5,2,0,0.5548177083333333,0.5548177083333333
24075,1,0.5,2,1,0.647109375,0.647109375
24075,1,0.5,2,3,0.5493359375,0.5493359375
24075,1,0.5,3,0,0.4528515625,0.4528515625
24075,1,0.5,3,1,0.6731380208333333,0.6731380208333333
24075,1,0.5,3,2,0.48963541666666666,0.48963541666666666
24075,2,1.0,0,1,0.409453125,0.409453125
24075,2,1.0,0,2,0.19932291666666666,0.19932291666666666
24075,2,1.0,0,3,0.4175,0.4175
24075,2,1.0,1,0,0.5602734375,0.5602734375
24075,2,1.0,1,2,0.48658854166666665,0.48658854166666665
24075,2,1.0,1,3,0.5704947916666666,0.5704947916666666
24075,2,1.0,2,0,0.5223307291666667,0.5223307291666667
24075,2,1.0,2,1,0.6234244791666667,0.6234244791666667
24075,2,1.0,2,3,0.5153255208333334,0.5153255208333334
24075,2,1.0,3,0,0.44265625,0.44265625
24075,2,1.0,3,1,0.6618880208333333,0.6618880208333333
24075,2,1.0,3,2,0.4542317708333333,0.4542317708333333
24076,0,0.0,0,1,0.436328125,0.436328125
24076,0,0.0,0,2,0.393203125,0.393203125
24076,0,0.0,0,3,0.573125,0.573125
24076,0,0.0,1,0,0.38600260416666665,0.38600260416666665
24076,0,0.0,1,2,0.7131640625,0.7131640625
24076,0,0.0,1,3,0.9212239583333334,0.9212239583333334
24076,0,0.0,2,0,0.21901041666666668,0.21901041666666668
24076,0,0.0,2,1,0.22608072916666666,0.22608072916666666
24076,0,0.0,2,3,0.39846354166666664,0.39846354166666664
24076,0,0.0,3,0,0.35813802083333335,0.35813802083333335
24076,0,0.0,3,1,0.4825,0.4825
24076,0,0.0,3,2,0.6810026041666667,0.6810026041666667
24076,1,0.5,0,1,0.4603776041666667,0.4603776041666667
24076,1,0.5,0,2,0.4055859375,0.4055859375
24076,1,0.5,0,3,0.5705729166666667,0.5705729166666667
24076,1,0.5,1,0,0.3908463541666667,0.3908463541666667
24076,1,0.5,1,2,0.7250651041666667,0.7250651041666667
24076,1,0.5,1,3,0.9248177083333333,0.9248177083333333
24076,1,0.5,2,0,0.21044270833333334,0.21044270833333334
24076,1,0.5,2,1,0.218046875,0.218046875
24076,1,0.5,2,3,0.38733072916666667,0.38733072916666667
24076,1,0.5,3,0,0.33953125,0.33953125
24076,1,0.5,3,1,0.48768229166666666,0.48768229166666666
24076,1,0.5,3,2,0.6936197916666667,0.6936197916666667
24076,2,1.0,0,1,0.4803645833333333,0.4803645833333333
24076,2,1.0,0,2,0.42162760416666667,0.42162760416666667
24076,2,1.0,0,3,0.5706770833333333,0.5706770833333333
24076,2,1.0,1,0,0.3908203125,0.3908203125
24076,2,1.0,1,2,0.7361197916666666,0.7361197916666666
24076,2,1.0,1,3,0.9303645833333334,0.9303645833333334
24076,2,1.0,2,0,0.20345052083333334,0.20345052083333334
24076,2,1.0,2,1,0.205078125,0.205078125
24076,2,1.0,2,3,0.369375,0.369375
24076,2,1.0,3,0,0.32231770833333334,0.32231770833333334
24076,2,1.0,3,1,0.4919921875,0.4919921875
24076,2,1.0,3,2,0.7015104166666667,0.7015104166666667
24077,0,0.0,0,1,0.23234375,0.23234375
24077,0,0.0,0,2,0.2421484375,0.2421484375
24077,0,0.0,0,3,0.20197916666666665,0.20197916666666665
24077,0,0.0,1,0,0.47756510416666664,0.47756510416666664
24077,0,0.0,1,2,0.5768229166666666,0.5768229166666666
24077,0,0.0,1,3,0.372421875,0.372421875
24077,0,0.0,2,0,0.5310807291666667,0.5310807291666667
24077,0,0.0,2,1,0.5164192708333334,0.5164192708333334
24077,0,0.0,2,3,0.3962890625,0.3962890625
24077,0,0.0,3,0,0.6529817708333333,0.6529817708333333
24077,0,0.0,3,1,0.44610677083333333,0.44610677083333333
24077,0,0.0,3,2,0.5326432291666666,0.5326432291666666
24077,1,0.5,0,1,0.227265625,0.227265625
24077,1,0.5,0,2,0.23356770833333335,0.23356770833333335
24077,1,0.5,0,3,0.22247395833333333,0.22247395833333333
24077,1,0.5,1,0,0.476328125,0.476328125
24077,1,0.5,1,2,0.5789192708333334,0.5789192708333334
24077,1,0.5,1,3,0.3865104166666667,0.3865104166666667
24077,1,0.5,2,0,0.5280208333333334,0.5280208333333334
24077,1,0.5,2,1,0.5352864583333333,0.5352864583333333
24077,1,0.5,2,3,0.4114713541666667,0.4114713541666667
24077,1,0.5,3,0,0.6623177083333334,0.6623177083333334
24077,1,0.5,3,1,0.4541796875,0.4541796875
24077,1,0.5,3,2,0.49888020833333335,0.49888020833333335
24077,2,1.0,0,1,0.21654947916666667,0.21654947916666667
24077,2,1.0,0,2,0.22639322916666665,0.22639322916666665
24077,2,1.0,0,3,0.23083333333333333,0.23083333333333333
24077,2,1.0,1,0,0.4701432291666667,0.4701432291666667
24077,2,1.0,1,2,0.573515625,0.573515625
24077,2,1.0,1,3,0.39002604166666666,0.39002604166666666
24077,2,1.0,2,0,0.5230338541666667,0.5230338541666667
24077,2,1.0,2,1,0.5345442708333333,0.5345442708333333
24077,2,1.0,2,3,0.41705729166666666,0.41705729166666666
24077,2,1.0,3,0,0.6638932291666667,0.6638932291666667
24077,2,1.0,3,1,0.44805989583333333,0.44805989583333333
24077,2,1.0,3,2,0.4818619791666667,0.4818619791666667
24078,0,0.0,0,1,0.5694270833333334,0.5694270833333334
24078,0,0.0,0,2,0.6028255208333333,0.6028255208333333
24078,0,0.0,0,3,0.3803255208333333,0.3803255208333333
24078,0,0.0,1,0,0.5673046875,0.5673046875
24078,0,0.0,1,2,0.7497916666666666,0.7497916666666666
24078,0,0.0,1,3,0.4512890625,0.4512890625
24078,0,0.0,2,0,0.5805338541666667,0.5805338541666667
24078,0,0.0,2,1,0.8170442708333333,0.8170442708333333
24078,0,0.0,2,3,0.5394661458333333,0.5394661458333333
24078,0,0.0,3,0,0.5981380208333333,0.5981380208333333
24078,0,0.0,3,1,0.8272786458333333,0.8272786458333333
24078,0,0.0,3,2,0.8593619791666667,0.8593619791666667
24078,1,0.5,0,1,0.5636458333333333,0.5636458333333333
24078,1,0.5,0,2,0.5837760416666666,0.5837760416666666
24078,1,0.5,0,3,0.3398828125,0.3398828125
24078,1,0.5,1,0,0.5836458333333333,0.5836458333333333
24078,1,0.5,1,2,0.750078125,0.750078125
24078,1,0.5,1,3,0.44940104166666667,0.44940104166666667
24078,1,0.5,2,0,0.6002864583333334,0.6002864583333334
24078,1,0.5,2,1,0.8285807291666667,0.8285807291666667
24078,1,0.5,2,3,0.5426302083333333,0.5426302083333333
24078,1,0.5,3,0,0.6005078125,0.6005078125
24078,1,0.5,3,1,0.8321354166666667,0.8321354166666667
24078,1,0.5,3,2,0.861953125,0.861953125
24078,2,1.0,0,1,0.5524479166666667,0.5524479166666667
24078,2,1.0,0,2,0.5552213541666666,0.5552213541666666
24078,2,1.0,0,3,0.295,0.295
24078,2,1.0,1,0,0.6036979166666666,0.6036979166666666
24078,2,1.0,1,2,0.7438020833333333,0.7438020833333333
24078,2,1.0,1,3,0.44192708333333336,0.44192708333333336
24078,2,1.0,2,0,0.6207682291666666,0.6207682291666666
24078,2,1.0,2,1,0.8323046875,0.8323046875
24078,2,1.0,2,3,0.5400520833333333,0.5400520833333333
24078,2,1.0,3,0,0.5998177083333334,0.5998177083333334
24078,2,1.0,3,1,0.8241927083333334,0.8241927083333334
24078,2,1.0,3,2,0.8576171875,0.8576171875
24079,0,0.0,0,1,0.5013541666666667,0.5013541666666667
24079,0,0.0,0,2,0.6824479166666667,0.6824479166666667
24079,0,0.0,0,3,0.5511588541666667,0.5511588541666667
24079,0,0.0,1,0,0.5912630208333334,0.5912630208333334
24079,0,0.0,1,2,0.49106770833333335,0.49106770833333335
24079,0,0.0,1,3,0.7149869791666666,0.7149869791666666
24079,0,0.0,2,0,0.6610807291666667,0.6610807291666667
24079,0,0.0,2,1,0.44298177083333334,0.44298177083333334
24079,0,0.0,2,3,0.46205729166666665,0.46205729166666665
24079,0,0.0,3,0,0.403828125,0.403828125
24079,0,0.0,3,1,0.21596354166666668,0.21596354166666668
24079,0,0.0,3,2,0.40188802083333336,0.40188802083333336
24079,1,0.5,0,1,0.49059895833333333,0.49059895833333333
24079,1,0.5,0,2,0.6626953125,0.6626953125
24079,1,0.5,0,3,0.5373567708333333,0.5373567708333333
24079,1,0.5,1,0,0.5892838541666666,0.5892838541666666
24079,1,0.5,1,2,0.47578125,0.47578125
24079,1,0.5,1,3,0.7392317708333334,0.7392317708333334
24079,1,0.5,2,0,0.6351041666666667,0.6351041666666667
24079,1,0.5,2,1,0.4407552083333333,0.4407552083333333
24079,1,0.5,2,3,0.44338541666666664,0.44338541666666664
24079,1,0.5,3,0,0.4053645833333333,0.4053645833333333
24079,1,0.5,3,1,0.23756510416666668,0.23756510416666668
24079,1,0.5,3,2,0.3908984375,0.3908984375
24079,2,1.0,0,1,0.4805598958333333,0.4805598958333333
24079,2,1.0,0,2,0.6605859375,0.6605859375
24079,2,1.0,0,3,0.508828125,0.508828125
24079,2,1.0,1,0,0.6063151041666667,0.6063151041666667
24079,2,1.0,1,2,0.4928125,0.4928125
24079,2,1.0,1,3,0.7439973958333334,0.7439973958333334
24079,2,1.0,2,0,0.5952734375,0.5952734375
24079,2,1.0,2,1,0.4116927083333333,0.4116927083333333
24079,2,1.0,2,3,0.39069010416666666,0.39069010416666666
24079,2,1.0,3,0,0.38799479166666667,0.38799479166666667
24079,2,1.0,3,1,0.25515625,0.25515625
24079,2,1.0,3,2,0.36907552083333334,0.36907552083333334
24080,0,0.0,0,1,0.36841145833333333,0.36841145833333333
24080,0,0.0,0,2,0.5008333333333334,0.5008333333333334
24080,0,0.0,0,3,0.5682161458333334,0.5682161458333334
24080,0,0.0,1,0,0.6035807291666667,0.6035807291666667
24080,0,0.0,1,2,0.8624739583333333,0.8624739583333333
24080,0,0.0,1,3,0.7447526041666667,0.7447526041666667
24080,0,0.0,2,0,0.5389973958333333,0.5389973958333333
24080,0,0.0,2,1,0.5371484375,0.5371484375
24080,0,0.0,2,3,0.6902864583333334,0.6902864583333334
24080,0,0.0,3,0,0.5086067708333334,0.5086067708333334
24080,0,0.0,3,1,0.19515625,0.19515625
24080,0,0.0,3,2,0.33591145833333336,0.33591145833333336
24080,1,0.5,0,1,0.3458984375,0.3458984375
24080,1,0.5,0,2,0.5073958333333334,0.5073958333333334
24080,1,0.5,0,3,0.5418098958333334,0.5418098958333334
24080,1,0.5,1,0,0.6041015625,0.6041015625
24080,1,0.5,1,2,0.866015625,0.866015625
24080,1,0.5,1,3,0.7529166666666667,0.7529166666666667
24080,1,0.5,2,0,0.5539583333333333,0.5539583333333333
24080,1,0.5,2,1,0.5336067708333333,0.5336067708333333
24080,1,0.5,2,3,0.6781380208333333,0.6781380208333333
24080,1,0.5,3,0,0.520546875,0.520546875
24080,1,0.5,3,1,0.19893229166666668,0.19893229166666668
24080,1,0.5,3,2,0.34420572916666664,0.34420572916666664
24080,2,1.0,0,1,0.29430989583333333,0.29430989583333333
24080,2,1.0,0,2,0.5229947916666666,0.5229947916666666
24080,2,1.0,0,3,0.5163802083333333,0.5163802083333333
24080,2,1.0,1,0,0.6023828125,0.6023828125
24080,2,1.0,1,2,0.8534375,0.8534375
24080,2,1.0,1,3,0.7271354166666667,0.7271354166666667
24080,2,1.0,2,0,0.5331640625,0.5331640625
24080,2,1.0,2,1,0.4427213541666667,0.4427213541666667
24080,2,1.0,2,3,0.6684895833333333,0.6684895833333333
24080,2,1.0,3,0,0.48834635416666666,0.48834635416666666
24080,2,1.0,3,1,0.16342447916666666,0.16342447916666666
24080,2,1.0,3,2,0.3612239583333333,0.3612239583333333
24081,0,0.0,0,1,0.7009895833333334,0.7009895833333334
24081,0,0.0,0,2,0.2017578125,0.2017578125
24081,0,0.0,0,3,0.2959375,0.2959375
24081,0,0.0,1,0,0.3287630208333333,0.3287630208333333
24081,0,0.0,1,2,0.07194010416666667,0.07194010416666667
24081,0,0.0,1,3,0.1255859375,0.1255859375
24081,0,0.0,2,0,0.6359114583333333,0.6359114583333333
24081,0,0.0,2,1,0.5095833333333334,0.5095833333333334
24081,0,0.0,2,3,0.7419010416666667,0.7419010416666667
24081,0,0.0,3,0,0.6256119791666667,0.6256119791666667
24081,0,0.0,3,1,0.5488020833333334,0.5488020833333334
24081,0,0.0,3,2,0.33002604166666666,0.33002604166666666
24081,1,0.5,0,1,0.6499739583333334,0.6499739583333334
24081,1,0.5,0,2,0.3378125,0.3378125
24081,1,0.5,0,3,0.3398046875,0.3398046875
24081,1,0.5,1,0,0.3404947916666667,0.3404947916666667
24081,1,0.5,1,2,0.09736979166666666,0.09736979166666666
24081,1,0.5,1,3,0.1280859375,0.1280859375
24081,1,0.5,2,0,0.647734375,0.647734375
24081,1,0.5,2,1,0.5318880208333333,0.5318880208333333
24081,1,0.5,2,3,0.7398958333333333,0.7398958333333333
24081,1,0.5,3,0,0.5180208333333334,0.5180208333333334
24081,1,0.5,3,1,0.5767708333333333,0.5767708333333333
24081,1,0.5,3,2,0.5421484375,0.5421484375
24081,2,1.0,0,1,0.5842317708333333,0.5842317708333333
24081,2,1.0,0,2,0.3883984375,0.3883984375
24081,2,1.0,0,3,0.4020703125,0.4020703125
24081,2,1.0,1,0,0.3255078125,0.3255078125
24081,2,1.0,1,2,0.12342447916666667,0.12342447916666667
24081,2,1.0,1,3,0.2046484375,0.2046484375
24081,2,1.0,2,0,0.6194791666666667,0.6194791666666667
24081,2,1.0,2,1,0.5677994791666666,0.5677994791666666
24081,2,1.0,2,3,0.7151432291666666,0.7151432291666666
24081,2,1.0,3,0,0.5439192708333334,0.5439192708333334
24081,2,1.0,3,1,0.5631119791666667,0.5631119791666667
24081,2,1.0,3,2,0.5133072916666667,0.5133072916666667
24082,0,0.0,0,1,0.4809765625,0.4809765625
24082,0,0.0,0,2,0.2958203125,0.2958203125
24082,0,0.0,0,3,0.46359375,0.46359375
24082,0,0.0,1,0,0.4690885416666667,0.4690885416666667
24082,0,0.0,1,2,0.5710546875,0.5710546875
24082,0,0.0,1,3,0.7601953125,0.7601953125
24082,0,0.0,2,0,0.3740104166666667,0.3740104166666667
24082,0,0.0,2,1,0.5623046875,0.5623046875
24082,0,0.0,2,3,0.5943489583333333,0.5943489583333333
24082,0,0.0,3,0,0.26907552083333336,0.26907552083333336
24082,0,0.0,3,1,0.20766927083333334,0.20766927083333334
24082,0,0.0,3,2,0.2458203125,0.2458203125
24082,1,0.5,0,1,0.4766796875,0.4766796875
24082,1,0.5,0,2,0.376015625,0.376015625
24082,1,0.5,0,3,0.4827734375,0.4827734375
24082,1,0.5,1,0,0.4020182291666667,0.4020182291666667
24082,1,0.5,1,2,0.6132942708333333,0.6132942708333333
24082,1,0.5,1,3,0.7154166666666667,0.7154166666666667
24082,1,0.5,2,0,0.4016927083333333,0.4016927083333333
24082,1,0.5,2,1,0.599609375,0.599609375
24082,1,0.5,2,3,0.6724479166666667,0.6724479166666667
24082,1,0.5,3,0,0.24915364583333333,0.24915364583333333
24082,1,0.5,3,1,0.23654947916666666,0.23654947916666666
24082,1,0.5,3,2,0.3023177083333333,0.3023177083333333
24082,2,1.0,0,1,0.5296484375,0.5296484375
24082,2,1.0,0,2,0.43028645833333334,0.43028645833333334
24082,2,1.0,0,3,0.5214713541666667,0.5214713541666667
24082,2,1.0,1,0,0.366328125,0.366328125
24082,2,1.0,1,2,0.6102083333333334,0.6102083333333334
24082,2,1.0,1,3,0.6844661458333333,0.6844661458333333
24082,2,1.0,2,0,0.33694010416666664,0.33694010416666664
24082,2,1.0,2,1,0.6163802083333333,0.6163802083333333
24082,2,1.0,2,3,0.6897916666666667,0.6897916666666667
24082,2,1.0,3,0,0.21880208333333334,0.21880208333333334
24082,2,1.0,3,1,0.242421875,0.242421875
24082,2,1.0,3,2,0.3141276041666667,0.3141276041666667
24083,0,0.0,0,1,0.38428385416666666,0.38428385416666666
24083,0,0.0,0,2,0.4518359375,0.4518359375
24083,0,0.0,0,3,0.5974348958333333,0.5974348958333333
24083,0,0.0,1,0,0.45483072916666667,0.45483072916666667
24083,0,0.0,1,2,0.4990625,0.4990625
24083,0,0.0,1,3,0.6079296875,0.6079296875
24083,0,0.0,2,0,0.40251302083333335,0.40251302083333335
24083,0,0.0,2,1,0.46901041666666665,0.46901041666666665
24083,0,0.0,2,3,0.46967447916666666,0.46967447916666666
24083,0,0.0,3,0,0.45600260416666666,0.45600260416666666
24083,0,0.0,3,1,0.36747395833333335,0.36747395833333335
24083,0,0.0,3,2,0.35735677083333334,0.35735677083333334
24083,1,0.5,0,1,0.41477864583333335,0.41477864583333335
24083,1,0.5,0,2,0.43494791666666666,0.43494791666666666
24083,1,0.5,0,3,0.588359375,0.588359375
24083,1,0.5,1,0,0.4895833333333333,0.4895833333333333
24083,1,0.5,1,2,0.48595052083333334,0.48595052083333334
24083,1,0.5,1,3,0.6695052083333334,0.6695052083333334
24083,1,0.5,2,0,0.3870442708333333,0.3870442708333333
24083,1,0.5,2,1,0.48072916666666665,0.48072916666666665
24083,1,0.5,2,3,0.481875,0.481875
24083,1,0.5,3,0,0.47822916666666665,0.47822916666666665
24083,1,0.5,3,1,0.4201171875,0.4201171875
24083,1,0.5,3,2,0.3694791666666667,0.3694791666666667
24083,2,1.0,0,1,0.4239192708333333,0.4239192708333333
24083,2,1.0,0,2,0.42678385416666664,0.42678385416666664
24083,2,1.0,0,3,0.559765625,0.559765625
24083,2,1.0,1,0,0.5006510416666666,0.5006510416666666
24083,2,1.0,1,2,0.5176171875,0.5176171875
24083,2,1.0,1,3,0.6324869791666666,0.6324869791666666
24083,2,1.0,2,0,0.38919270833333336,0.38919270833333336
24083,2,1.0,2,1,0.5395182291666667,0.5395182291666667
24083,2,1.0,2,3,0.4593359375,0.4593359375
24083,2,1.0,3,0,0.46640625,0.46640625
24083,2,1.0,3,1,0.40391927083333334,0.40391927083333334
24083,2,1.0,3,2,0.34513020833333335,0.34513020833333335
24084,0,0.0,0,1,0.5841796875,0.5841796875
24084,0,0.0,0,2,0.4917708333333333,0.4917708333333333
24084,0,0.0,0,3,0.3228255208333333,0.3228255208333333
24084,0,0.0,1,0,0.7643229166666666,0.7643229166666666
24084,0,0.0,1,2,0.612265625,0.612265625
24084,0,0.0,1,3,0.43733072916666665,0.43733072916666665
24084,0,0.0,2,0,0.450390625,0.450390625
24084,0,0.0,2,1,0.44473958333333335,0.44473958333333335
24084,0,0.0,2,3,0.479609375,0.479609375
24084,0,0.0,3,0,0.38298177083333335,0.38298177083333335
24084,0,0.0,3,1,0.413828125,0.413828125
24084,0,0.0,3,2,0.7694661458333333,0.7694661458333333
24084,1,0.5,0,1,0.6057682291666666,0.6057682291666666
24084,1,0.5,0,2,0.5266536458333333,0.5266536458333333
24084,1,0.5,0,3,0.3392838541666667,0.3392838541666667
24084,1,0.5,1,0,0.7735677083333333,0.7735677083333333
24084,1,0.5,1,2,0.6243489583333334,0.6243489583333334
24084,1,0.5,1,3,0.446953125,0.446953125
24084,1,0.5,2,0,0.4788541666666667,0.4788541666666667
24084,1,0.5,2,1,0.46838541666666667,0.46838541666666667
24084,1,0.5,2,3,0.48486979166666666,0.48486979166666666
24084,1,0.5,3,0,0.4066927083333333,0.4066927083333333
24084,1,0.5,3,1,0.4520182291666667,0.4520182291666667
24084,1,0.5,3,2,0.7868359375,0.7868359375
24084,2,1.0,0,1,0.6091536458333333,0.6091536458333333
24084,2,1.0,0,2,0.5843229166666667,0.5843229166666667
24084,2,1.0,0,3,0.38869791666666664,0.38869791666666664
24084,2,1.0,1,0,0.7450651041666667,0.7450651041666667
24084,2,1.0,1,2,0.63171875,0.63171875
24084,2,1.0,1,3,0.4677864583333333,0.4677864583333333
24084,2,1.0,2,0,0.5060026041666666,0.5060026041666666
24084,2,1.0,2,1,0.48053385416666666,0.48053385416666666
24084,2,1.0,2,3,0.47583333333333333,0.47583333333333333
24084,2,1.0,3,0,0.435078125,0.435078125
24084,2,1.0,3,1,0.48615885416666665,0.48615885416666665
24084,2,1.0,3,2,0.8001171875,0.8001171875
24085,0,0.0,0,1,0.36065104166666667,0.36065104166666667
24085,0,0.0,0,2,0.41921875,0.41921875
24085,0,0.0,0,3,0.43595052083333335,0.43595052083333335
24085,0,0.0,1,0,0.7952473958333334,0.7952473958333334
24085,0,0.0,1,2,0.54703125,0.54703125
24085,0,0.0,1,3,0.8702994791666666,0.8702994791666666
24085,0,0.0,2,0,0.7575651041666667,0.7575651041666667
24085,0,0.0,2,1,0.5304427083333333,0.5304427083333333
24085,0,0.0,2,3,0.670546875,0.670546875
24085,0,0.0,3,0,0.8306640625,0.8306640625
24085,0,0.0,3,1,0.7418619791666666,0.7418619791666666
24085,0,0.0,3,2,0.6275390625,0.6275390625
24085,1,0.5,0,1,0.36037760416666664,0.36037760416666664
24085,1,0.5,0,2,0.4171223958333333,0.4171223958333333
24085,1,0.5,0,3,0.43713541666666667,0.43713541666666667
24085,1,0.5,1,0,0.7894140625,0.7894140625
24085,1,0.5,1,2,0.55875,0.55875
24085,1,0.5,1,3,0.871640625,0.871640625
24085,1,0.5,2,0,0.7600130208333333,0.7600130208333333
24085,1,0.5,2,1,0.5424088541666666,0.5424088541666666
24085,1,0.5,2,3,0.6758854166666667,0.6758854166666667
24085,1,0.5,3,0,0.8244140625,0.8244140625
24085,1,0.5,3,1,0.7405729166666667,0.7405729166666667
24085,1,0.5,3,2,0.6255859375,0.6255859375
24085,2,1.0,0,1,0.3589583333333333,0.3589583333333333
24085,2,1.0,0,2,0.418359375,0.418359375
24085,2,1.0,0,3,0.43795572916666664,0.43795572916666664
24085,2,1.0,1,0,0.7884635416666667,0.7884635416666667
24085,2,1.0,1,2,0.5858723958333333,0.5858723958333333
24085,2,1.0,1,3,0.87875,0.87875
24085,2,1.0,2,0,0.7719401041666667,0.7719401041666667
24085,2,1.0,2,1,0.55875,0.55875
24085,2,1.0,2,3,0.6807291666666667,0.6807291666666667
24085,2,1.0,3,0,0.8235026041666667,0.8235026041666667
24085,2,1.0,3,1,0.7427734375,0.7427734375
24085,2,1.0,3,2,0.633203125,0.633203125
24086,0,0.0,0,1,0.2429296875,0.2429296875
24086,0,0.0,0,2,0.20264322916666666,0.20264322916666666
24086,0,0.0,0,3,0.20725260416666666,0.20725260416666666
24086,0,0.0,1,0,0.7119401041666666,0.7119401041666666
24086,0,0.0,1,2,0.5160546875,0.5160546875
24086,0,0.0,1,3,0.58484375,0.58484375
24086,0,0.0,2,0,0.7962109375,0.7962109375
24086,0,0.0,2,1,0.6967447916666667,0.6967447916666667
24086,0,0.0,2,3,0.7302213541666667,0.7302213541666667
24086,0,0.0,3,0,0.8280208333333333,0.8280208333333333
24086,0,0.0,3,1,0.7695703125,0.7695703125
24086,0,0.0,3,2,0.7337630208333333,0.7337630208333333
24086,1,0.5,0,1,0.2415234375,0.2415234375
24086,1,0.5,0,2,0.20329427083333335,0.20329427083333335
24086,1,0.5,0,3,0.20684895833333333,0.20684895833333333
24086,1,0.5,1,0,0.7105078125,0.7105078125
24086,1,0.5,1,2,0.5149479166666666,0.5149479166666666
24086,1,0.5,1,3,0.5833203125,0.5833203125
24086,1,0.5,2,0,0.7972786458333333,0.7972786458333333
24086,1,0.5,2,1,0.6874348958333333,0.6874348958333333
24086,1,0.5,2,3,0.71953125,0.71953125
24086,1,0.5,3,0,0.8311979166666666,0.8311979166666666
24086,1,0.5,3,1,0.7621354166666666,0.7621354166666666
24086,1,0.5,3,2,0.72515625,0.72515625
24086,2,1.0,0,1,0.24139322916666667,0.24139322916666667
24086,2,1.0,0,2,0.203671875,0.203671875
24086,2,1.0,0,3,0.20963541666666666,0.20963541666666666
24086,2,1.0,1,0,0.7105859375,0.7105859375
24086,2,1.0,1,2,0.512890625,0.512890625
24086,2,1.0,1,3,0.587734375,0.587734375
24086,2,1.0,2,0,0.7991015625,0.7991015625
24086,2,1.0,2,1,0.6866015625,0.6866015625
24086,2,1.0,2,3,0.71953125,0.71953125
24086,2,1.0,3,0,0.8328125,0.8328125
24086,2,1.0,3,1,0.762109375,0.762109375
24086,2,1.0,3,2,0.7210286458333334,0.7210286458333334
24087,0,0.0,0,1,0.32938802083333335,0.32938802083333335
24087,0,0.0,0,2,0.303671875,0.303671875
24087,0,0.0,0,3,0.29963541666666665,0.29963541666666665
24087,0,0.0,1,0,0.4667057291666667,0.4667057291666667
24087,0,0.0,1,2,0.3207421875,0.3207421875
24087,0,0.0,1,3,0.21686197916666666,0.21686197916666666
24087,0,0.0,2,0,0.29380208333333335,0.29380208333333335
24087,0,0.0,2,1,0.3447135416666667,0.3447135416666667
24087,0,0.0,2,3,0.7319270833333333,0.7319270833333333
24087,0,0.0,3,0,0.29106770833333334,0.29106770833333334
24087,0,0.0,3,1,0.2592057291666667,0.2592057291666667
24087,0,0.0,3,2,0.46305989583333335,0.46305989583333335
24087,1,0.5,0,1,0.29592447916666664,0.29592447916666664
24087,1,0.5,0,2,0.30010416666666667,0.30010416666666667
24087,1,0.5,0,3,0.29712239583333333,0.29712239583333333
24087,1,0.5,1,0,0.45548177083333335,0.45548177083333335
24087,1,0.5,1,2,0.30682291666666667,0.30682291666666667
24087,1,0.5,1,3,0.20786458333333332,0.20786458333333332
24087,1,0.5,2,0,0.2954817708333333,0.2954817708333333
24087,1,0.5,2,1,0.33557291666666667,0.33557291666666667
24087,1,0.5,2,3,0.7321223958333334,0.7321223958333334
24087,1,0.5,3,0,0.289375,0.289375
24087,1,0.5,3,1,0.25276041666666665,0.25276041666666665
24087,1,0.5,3,2,0.4538932291666667,0.4538932291666667
24087,2,1.0,0,1,0.2671875,0.2671875
24087,2,1.0,0,2,0.30244791666666665,0.30244791666666665
24087,2,1.0,0,3,0.29266927083333333,0.29266927083333333
24087,2,1.0,1,0,0.43671875,0.43671875
24087,2,1.0,1,2,0.283828125,0.283828125
24087,2,1.0,1,3,0.19372395833333333,0.19372395833333333
24087,2,1.0,2,0,0.30084635416666666,0.30084635416666666
24087,2,1.0,2,1,0.3052734375,0.3052734375
24087,2,1.0,2,3,0.7319791666666666,0.7319791666666666
24087,2,1.0,3,0,0.2905989583333333,0.2905989583333333
24087,2,1.0,3,1,0.23809895833333333,0.23809895833333333
24087,2,1.0,3,2,0.45102864583333335,0.45102864583333335
24088,0,0.0,0,1,0.6870572916666666,0.6870572916666666
24088,0,0.0,0,2,0.49147135416666665,0.49147135416666665
24088,0,0.0,0,3,0.6830338541666666,0.6830338541666666
24088,0,0.0,1,0,0.4463020833333333,0.4463020833333333
24088,0,0.0,1,2,0.4301302083333333,0.4301302083333333
24088,0,0.0,1,3,0.4682161458333333,0.4682161458333333
24088,0,0.0,2,0,0.46063802083333333,0.46063802083333333
24088,0,0.0,2,1,0.5418489583333334,0.5418489583333334
24088,0,0.0,2,3,0.5169140625,0.5169140625
24088,0,0.0,3,0,0.6784505208333333,0.6784505208333333
24088,0,0.0,3,1,0.7119010416666667,0.7119010416666667
24088,0,0.0,3,2,0.5227734375,0.5227734375
24088,1,0.5,0,1,0.6876041666666667,0.6876041666666667
24088,1,0.5,0,2,0.49865885416666667,0.49865885416666667
24088,1,0.5,0,3,0.6853255208333333,0.6853255208333333
24088,1,0.5,1,0,0.42890625,0.42890625
24088,1,0.5,1,2,0.4339192708333333,0.4339192708333333
24088,1,0.5,1,3,0.4450911458333333,0.4450911458333333
24088,1,0.5,2,0,0.48505208333333333,0.48505208333333333
24088,1,0.5,2,1,0.5982291666666667,0.5982291666666667
24088,1,0.5,2,3,0.5413541666666667,0.5413541666666667
24088,1,0.5,3,0,0.6773177083333334,0.6773177083333334
24088,1,0.5,3,1,0.7005989583333333,0.7005989583333333
24088,1,0.5,3,2,0.5303385416666667,0.5303385416666667
24088,2,1.0,0,1,0.7032161458333334,0.7032161458333334
24088,2,1.0,0,2,0.5213932291666666,0.5213932291666666
24088,2,1.0,0,3,0.6991666666666667,0.6991666666666667
24088,2,1.0,1,0,0.43752604166666664,0.43752604166666664
24088,2,1.0,1,2,0.4217578125,0.4217578125
24088,2,1.0,1,3,0.4281510416666667,0.4281510416666667
24088,2,1.0,2,0,0.5266536458333333,0.5266536458333333
24088,2,1.0,2,1,0.6362239583333333,0.6362239583333333
24088,2,1.0,2,3,0.5631640625,0.5631640625
24088,2,1.0,3,0,0.7009895833333334,0.7009895833333334
24088,2,1.0,3,1,0.6919661458333334,0.6919661458333334
24088,2,1.0,3,2,0.5263802083333333,0.5263802083333333
24089,0,0.0,0,1,0.5972395833333334,0.5972395833333334
24089,0,0.0,0,2,0.52375,0.52375
24089,0,0.0,0,3,0.6020182291666667,0.6020182291666667
24089,0,0.0,1,0,0.5253255208333333,0.5253255208333333
24089,0,0.0,1,2,0.5088151041666666,0.5088151041666666
24089,0,0.0,1,3,0.7080078125,0.7080078125
24089,0,0.0,2,0,0.6397526041666667,0.6397526041666667
24089,0,0.0,2,1,0.7937109375,0.7937109375
24089,0,0.0,2,3,0.8939973958333334,0.8939973958333334
24089,0,0.0,3,0,0.39350260416666666,0.39350260416666666
24089,0,0.0,3,1,0.5252473958333334,0.5252473958333334
24089,0,0.0,3,2,0.4253515625,0.4253515625
24089,1,0.5,0,1,0.6128255208333333,0.6128255208333333
24089,1,0.5,0,2,0.523984375,0.523984375
24089,1,0.5,0,3,0.6258984375,0.6258984375
24089,1,0.5,1,0,0.5259635416666667,0.5259635416666667
24089,1,0.5,1,2,0.49040364583333335,0.49040364583333335
24089,1,0.5,1,3,0.7236328125,0.7236328125
24089,1,0.5,2,0,0.6290494791666666,0.6290494791666666
24089,1,0.5,2,1,0.7839192708333333,0.7839192708333333
24089,1,0.5,2,3,0.8790104166666667,0.8790104166666667
24089,1,0.5,3,0,0.41424479166666667,0.41424479166666667
24089,1,0.5,3,1,0.5428385416666667,0.5428385416666667
24089,1,0.5,3,2,0.415546875,0.415546875
24089,2,1.0,0,1,0.6243098958333333,0.6243098958333333
24089,2,1.0,0,2,0.5011979166666667,0.5011979166666667
24089,2,1.0,0,3,0.653671875,0.653671875
24089,2,1.0,1,0,0.5238541666666666,0.5238541666666666
24089,2,1.0,1,2,0.47268229166666664,0.47268229166666664
24089,2,1.0,1,3,0.7349348958333334,0.7349348958333334
24089,2,1.0,2,0,0.6085677083333333,0.6085677083333333
24089,2,1.0,2,1,0.7752083333333334,0.7752083333333334
24089,2,1.0,2,3,0.8714322916666667,0.8714322916666667
24089,2,1.0,3,0,0.43442708333333335,0.43442708333333335
24089,2,1.0,3,1,0.5646614583333334,0.5646614583333334
24089,2,1.0,3,2,0.418046875,0.418046875
24090,0,0.0,0,1,0.6837760416666666,0.6837760416666666
24090,0,0.0,0,2,0.7170963541666666,0.7170963541666666
24090,0,0.0,0,3,0.6942057291666667,0.6942057291666667
24090,0,0.0,1,0,0.33221354166666667,0.33221354166666667
24090,0,0.0,1,2,0.7727864583333334,0.7727864583333334
24090,0,0.0,1,3,0.5541796875,0.5541796875
24090,0,0.0,2,0,0.17123697916666666,0.17123697916666666
24090,0,0.0,2,1,0.353125,0.353125
24090,0,0.0,2,3,0.19174479166666666,0.19174479166666666
24090,0,0.0,3,0,0.5152083333333334,0.5152083333333334
24090,0,0.0,3,1,0.7707682291666667,0.7707682291666667
24090,0,0.0,3,2,0.736875,0.736875
24090,1,0.5,0,1,0.673046875,0.673046875
24090,1,0.5,0,2,0.7098828125,0.7098828125
24090,1,0.5,0,3,0.68,0.68
24090,1,0.5,1,0,0.2647265625,0.2647265625
24090,1,0.5,1,2,0.7952473958333334,0.7952473958333334
24090,1,0.5,1,3,0.2988411458333333,0.2988411458333333
24090,1,0.5,2,0,0.1828515625,0.1828515625
24090,1,0.5,2,1,0.5092838541666667,0.5092838541666667
24090,1,0.5,2,3,0.19385416666666666,0.19385416666666666
24090,1,0.5,3,0,0.48489583333333336,0.48489583333333336
24090,1,0.5,3,1,0.6884114583333333,0.6884114583333333
24090,1,0.5,3,2,0.7262239583333333,0.7262239583333333
24090,2,1.0,0,1,0.6769401041666666,0.6769401041666666
24090,2,1.0,0,2,0.6985286458333333,0.6985286458333333
24090,2,1.0,0,3,0.6668489583333334,0.6668489583333334
24090,2,1.0,1,0,0.20552083333333335,0.20552083333333335
24090,2,1.0,1,2,0.7384244791666666,0.7384244791666666
24090,2,1.0,1,3,0.17942708333333332,0.17942708333333332
24090,2,1.0,2,0,0.19165364583333333,0.19165364583333333
24090,2,1.0,2,1,0.700625,0.700625
24090,2,1.0,2,3,0.19483072916666666,0.19483072916666666
24090,2,1.0,3,0,0.5131119791666666,0.5131119791666666
24090,2,1.0,3,1,0.5785677083333334,0.5785677083333334
24090,2,1.0,3,2,0.6985416666666666,0.6985416666666666
24091,0,0.0,0,1,0.7019791666666667,0.7019791666666667
24091,0,0.0,0,2,0.4187369791666667,0.4187369791666667
24091,0,0.0,0,3,0.6916666666666667,0.6916666666666667
24091,0,0.0,1,0,0.21575520833333334,0.21575520833333334
24091,0,0.0,1,2,0.078203125,0.078203125
24091,0,0.0,1,3,0.6353515625,0.6353515625
24091,0,0.0,2,0,0.587109375,0.587109375
24091,0,0.0,2,1,0.6451822916666666,0.6451822916666666
24091,0,0.0,2,3,0.6219791666666666,0.6219791666666666
24091,0,0.0,3,0,0.2851692708333333,0.2851692708333333
24091,0,0.0,3,1,0.7880078125,0.7880078125
24091,0,0.0,3,2,0.09553385416666667,0.09553385416666667
24091,1,0.5,0,1,0.7002994791666667,0.7002994791666667
24091,1,0.5,0,2,0.43854166666666666,0.43854166666666666
24091,1,0.5,0,3,0.6863541666666667,0.6863541666666667
24091,1,0.5,1,0,0.218125,0.218125
24091,1,0.5,1,2,0.08533854166666667,0.08533854166666667
24091,1,0.5,1,3,0.6152473958333333,0.6152473958333333
24091,1,0.5,2,0,0.5580338541666666,0.5580338541666666
24091,1,0.5,2,1,0.6504557291666667,0.6504557291666667
24091,1,0.5,2,3,0.6256640625,0.6256640625
24091,1,0.5,3,0,0.285546875,0.285546875
24091,1,0.5,3,1,0.7721223958333333,0.7721223958333333
24091,1,0.5,3,2,0.10154947916666666,0.10154947916666666
24091,2,1.0,0,1,0.7008203125,0.7008203125
24091,2,1.0,0,2,0.4232421875,0.4232421875
24091,2,1.0,0,3,0.6763671875,0.6763671875
24091,2,1.0,1,0,0.22578125,0.22578125
24091,2,1.0,1,2,0.096640625,0.096640625
24091,2,1.0,1,3,0.6102083333333334,0.6102083333333334
24091,2,1.0,2,0,0.52046875,0.52046875
24091,2,1.0,2,1,0.6581510416666667,0.6581510416666667
24091,2,1.0,2,3,0.6197395833333333,0.6197395833333333
24091,2,1.0,3,0,0.2876692708333333,0.2876692708333333
24091,2,1.0,3,1,0.7531770833333333,0.7531770833333333
24091,2,1.0,3,2,0.10875,0.10875
24092,0,0.0,0,1,0.5561588541666667,0.5561588541666667
24092,0,0.0,0,2,0.7303645833333333,0.7303645833333333
24092,0,0.0,0,3,0.6426822916666667,0.6426822916666667
24092,0,0.0,1,0,0.46611979166666667,0.46611979166666667
24092,0,0.0,1,2,0.7847916666666667,0.7847916666666667
24092,0,0.0,1,3,0.5487630208333333,0.5487630208333333
24092,0,0.0,2,0,0.3847786458333333,0.3847786458333333
24092,0,0.0,2,1,0.4708984375,0.4708984375
24092,0,0.0,2,3,0.5142578125,0.5142578125
24092,0,0.0,3,0,0.4651953125,0.4651953125
24092,0,0.0,3,1,0.46272135416666665,0.46272135416666665
24092,0,0.0,3,2,0.6649348958333333,0.6649348958333333
24092,1,0.5,0,1,0.5652734375,0.5652734375
24092,1,0.5,0,2,0.7381119791666667,0.7381119791666667
24092,1,0.5,0,3,0.6588020833333333,0.6588020833333333
24092,1,0.5,1,0,0.47029947916666665,0.47029947916666665
24092,1,0.5,1,2,0.8059244791666667,0.8059244791666667
24092,1,0.5,1,3,0.5557552083333334,0.5557552083333334
24092,1,0.5,2,0,0.38588541666666665,0.38588541666666665
24092,1,0.5,2,1,0.473125,0.473125
24092,1,0.5,2,3,0.5044661458333334,0.5044661458333334
24092,1,0.5,3,0,0.4702864583333333,0.4702864583333333
24092,1,0.5,3,1,0.46252604166666667,0.46252604166666667
24092,1,0.5,3,2,0.6613671875,0.6613671875
24092,2,1.0,0,1,0.5704817708333333,0.5704817708333333
24092,2,1.0,0,2,0.7483072916666667,0.7483072916666667
24092,2,1.0,0,3,0.6738411458333333,0.6738411458333333
24092,2,1.0,1,0,0.4693098958333333,0.4693098958333333
24092,2,1.0,1,2,0.8305208333333334,0.8305208333333334
24092,2,1.0,1,3,0.55796875,0.55796875
24092,2,1.0,2,0,0.3870442708333333,0.3870442708333333
24092,2,1.0,2,1,0.4757942708333333,0.4757942708333333
24092,2,1.0,2,3,0.4990364583333333,0.4990364583333333
24092,2,1.0,3,0,0.4732942708333333,0.4732942708333333
24092,2,1.0,3,1,0.4587630208333333,0.4587630208333333
24092,2,1.0,3,2,0.6609244791666666,0.6609244791666666
24093,0,0.0,0,1,0.5613541666666667,0.5613541666666667
24093,0,0.0,0,2,0.23227864583333332,0.23227864583333332
24093,0,0.0,0,3,0.4235026041666667,0.4235026041666667
24093,0,0.0,1,0,0.39881510416666666,0.39881510416666666
24093,0,0.0,1,2,0.38625,0.38625
24093,0,0.0,1,3,0.4284895833333333,0.4284895833333333
24093,0,0.0,2,0,0.4175,0.4175
24093,0,0.0,2,1,0.7690104166666667,0.7690104166666667
24093,0,0.0,2,3,0.70546875,0.70546875
24093,0,0.0,3,0,0.2479296875,0.2479296875
24093,0,0.0,3,1,0.317421875,0.317421875
24093,0,0.0,3,2,0.16807291666666666,0.16807291666666666
24093,1,0.5,0,1,0.56578125,0.56578125
24093,1,0.5,0,2,0.23247395833333334,0.23247395833333334
24093,1,0.5,0,3,0.43333333333333335,0.43333333333333335
24093,1,0.5,1,0,0.406484375,0.406484375
24093,1,0.5,1,2,0.3986588541666667,0.3986588541666667
24093,1,0.5,1,3,0.4327734375,0.4327734375
24093,1,0.5,2,0,0.40944010416666665,0.40944010416666665
24093,1,0.5,2,1,0.7639322916666667,0.7639322916666667
24093,1,0.5,2,3,0.6999609375,0.6999609375
24093,1,0.5,3,0,0.24966145833333334,0.24966145833333334
24093,1,0.5,3,1,0.31442708333333336,0.31442708333333336
24093,1,0.5,3,2,0.1660546875,0.1660546875
24093,2,1.0,0,1,0.5669661458333334,0.5669661458333334
24093,2,1.0,0,2,0.22942708333333334,0.22942708333333334
24093,2,1.0,0,3,0.445390625,0.445390625
24093,2,1.0,1,0,0.41391927083333335,0.41391927083333335
24093,2,1.0,1,2,0.41260416666666666,0.41260416666666666
24093,2,1.0,1,3,0.42908854166666666,0.42908854166666666
24093,2,1.0,2,0,0.4050390625,0.4050390625
24093,2,1.0,2,1,0.7588541666666667,0.7588541666666667
24093,2,1.0,2,3,0.6889973958333333,0.6889973958333333
24093,2,1.0,3,0,0.249140625,0.249140625
24093,2,1.0,3,1,0.304296875,0.304296875
24093,2,1.0,3,2,0.1641796875,0.1641796875
24094,0,0.0,0,1,0.5116927083333334,0.5116927083333334
24094,0,0.0,0,2,0.25188802083333334,0.25188802083333334
24094,0,0.0,0,3,0.6021223958333334,0.6021223958333334
24094,0,0.0,1,0,0.201171875,0.201171875
24094,0,0.0,1,2,0.06203125,0.06203125
24094,0,0.0,1,3,0.4800520833333333,0.4800520833333333
24094,0,0.0,2,0,0.6376692708333334,0.6376692708333334
24094,0,0.0,2,1,0.54640625,0.54640625
24094,0,0.0,2,3,0.5671744791666666,0.5671744791666666
24094,0,0.0,3,0,0.32174479166666664,0.32174479166666664
24094,0,0.0,3,1,0.5392057291666666,0.5392057291666666
24094,0,0.0,3,2,0.09684895833333333,0.09684895833333333
24094,1,0.5,0,1,0.4991276041666667,0.4991276041666667
24094,1,0.5,0,2,0.2545572916666667,0.2545572916666667
24094,1,0.5,0,3,0.5883854166666667,0.5883854166666667
24094,1,0.5,1,0,0.19729166666666667,0.19729166666666667
24094,1,0.5,1,2,0.061927083333333334,0.061927083333333334
24094,1,0.5,1,3,0.4818619791666667,0.4818619791666667
24094,1,0.5,2,0,0.6151692708333333,0.6151692708333333
24094,1,0.5,2,1,0.5303515625,0.5303515625
24094,1,0.5,2,3,0.5505989583333334,0.5505989583333334
24094,1,0.5,3,0,0.3131380208333333,0.3131380208333333
24094,1,0.5,3,1,0.5379947916666666,0.5379947916666666
24094,1,0.5,3,2,0.09677083333333333,0.09677083333333333
24094,2,1.0,0,1,0.49419270833333334,0.49419270833333334
24094,2,1.0,0,2,0.25940104166666667,0.25940104166666667
24094,2,1.0,0,3,0.5715755208333333,0.5715755208333333
24094,2,1.0,1,0,0.1987890625,0.1987890625
24094,2,1.0,1,2,0.06369791666666667,0.06369791666666667
24094,2,1.0,1,3,0.4836197916666667,0.4836197916666667
24094,2,1.0,2,0,0.5928776041666667,0.5928776041666667
24094,2,1.0,2,1,0.5211328125,0.5211328125
24094,2,1.0,2,3,0.5402473958333334,0.5402473958333334
24094,2,1.0,3,0,0.30395833333333333,0.30395833333333333
24094,2,1.0,3,1,0.5334765625,0.5334765625
24094,2,1.0,3,2,0.09884114583333334,0.09884114583333334
24095,0,0.0,0,1,0.8529817708333334,0.8529817708333334
24095,0,0.0,0,2,0.6675260416666666,0.6675260416666666
24095,0,0.0,0,3,0.8553776041666666,0.8553776041666666
24095,0,0.0,1,0,0.4296484375,0.4296484375
24095,0,0.0,1,2,0.7167317708333333,0.7167317708333333
24095,0,0.0,1,3,0.6642708333333334,0.6642708333333334
24095,0,0.0,2,0,0.27634114583333336,0.27634114583333336
24095,0,0.0,2,1,0.5043359375,0.5043359375
24095,0,0.0,2,3,0.7078385416666667,0.7078385416666667
24095,0,0.0,3,0,0.38158854166666667,0.38158854166666667
24095,0,0.0,3,1,0.6336848958333333,0.6336848958333333
24095,0,0.0,3,2,0.570390625,0.570390625
24095,1,0.5,0,1,0.8371484375,0.8371484375
24095,1,0.5,0,2,0.685390625,0.685390625
24095,1,0.5,0,3,0.8297265625,0.8297265625
24095,1,0.5,1,0,0.45490885416666665,0.45490885416666665
24095,1,0.5,1,2,0.7415234375,0.7415234375
24095,1,0.5,1,3,0.6589322916666667,0.6589322916666667
24095,1,0.5,2,0,0.29278645833333333,0.29278645833333333
24095,1,0.5,2,1,0.5040885416666666,0.5040885416666666
24095,1,0.5,2,3,0.6889322916666667,0.6889322916666667
24095,1,0.5,3,0,0.39895833333333336,0.39895833333333336
24095,1,0.5,3,1,0.6220833333333333,0.6220833333333333
24095,1,0.5,3,2,0.5717317708333334,0.5717317708333334
24095,2,1.0,0,1,0.8051302083333334,0.8051302083333334
24095,2,1.0,0,2,0.664140625,0.664140625
24095,2,1.0,0,3,0.7944010416666667,0.7944010416666667
24095,2,1.0,1,0,0.4181901041666667,0.4181901041666667
24095,2,1.0,1,2,0.7412890625,0.7412890625
24095,2,1.0,1,3,0.6483854166666667,0.6483854166666667
24095,2,1.0,2,0,0.2790625,0.2790625
24095,2,1.0,2,1,0.501328125,0.501328125
24095,2,1.0,2,3,0.6757682291666667,0.6757682291666667
24095,2,1.0,3,0,0.3976692708333333,0.3976692708333333
24095,2,1.0,3,1,0.6190234375,0.6190234375
24095,2,1.0,3,2,0.5646744791666667,0.5646744791666667
24096,0,0.0,0,1,0.48356770833333335,0.48356770833333335
24096,0,0.0,0,2,0.6695572916666667,0.6695572916666667
24096,0,0.0,0,3,0.6858984375,0.6858984375
24096,0,0.0,1,0,0.5170572916666667,0.5170572916666667
24096,0,0.0,1,2,0.7999739583333333,0.7999739583333333
24096,0,0.0,1,3,0.7273958333333334,0.7273958333333334
24096,0,0.0,2,0,0.5538671875,0.5538671875
24096,0,0.0,2,1,0.5341145833333333,0.5341145833333333
24096,0,0.0,2,3,0.8137760416666666,0.8137760416666666
24096,0,0.0,3,0,0.5089192708333333,0.5089192708333333
24096,0,0.0,3,1,0.44338541666666664,0.44338541666666664
24096,0,0.0,3,2,0.7240755208333334,0.7240755208333334
24096,1,0.5,0,1,0.6604557291666666,0.6604557291666666
24096,1,0.5,0,2,0.6854296875,0.6854296875
24096,1,0.5,0,3,0.6496354166666667,0.6496354166666667
24096,1,0.5,1,0,0.40740885416666667,0.40740885416666667
24096,1,0.5,1,2,0.735,0.735
24096,1,0.5,1,3,0.7271614583333333,0.7271614583333333
24096,1,0.5,2,0,0.3215104166666667,0.3215104166666667
24096,1,0.5,2,1,0.5253776041666667,0.5253776041666667
24096,1,0.5,2,3,0.5900390625,0.5900390625
24096,1,0.5,3,0,0.376875,0.376875
24096,1,0.5,3,1,0.7100130208333333,0.7100130208333333
24096,1,0.5,3,2,0.8163802083333334,0.8163802083333334
24096,2,1.0,0,1,0.47240885416666667,0.47240885416666667
24096,2,1.0,0,2,0.5564713541666667,0.5564713541666667
24096,2,1.0,0,3,0.498671875,0.498671875
24096,2,1.0,1,0,0.24946614583333335,0.24946614583333335
24096,2,1.0,1,2,0.7065885416666666,0.7065885416666666
24096,2,1.0,1,3,0.624296875,0.624296875
24096,2,1.0,2,0,0.2580338541666667,0.2580338541666667
24096,2,1.0,2,1,0.566328125,0.566328125
24096,2,1.0,2,3,0.45381510416666665,0.45381510416666665
24096,2,1.0,3,0,0.2772135416666667,0.2772135416666667
24096,2,1.0,3,1,0.7857552083333333,0.7857552083333333
24096,2,1.0,3,2,0.6819401041666666,0.6819401041666666
24097,0,0.0,0,1,0.39114583333333336,0.39114583333333336
24097,0,0.0,0,2,0.6054947916666666,0.6054947916666666
24097,0,0.0,0,3,0.5666276041666667,0.5666276041666667
24097,0,0.0,1,0,0.5762630208333334,0.5762630208333334
24097,0,0.0,1,2,0.6217057291666667,0.6217057291666667
24097,0,0.0,1,3,0.6416015625,0.6416015625
24097,0,0.0,2,0,0.4493489583333333,0.4493489583333333
24097,0,0.0,2,1,0.29907552083333333,0.29907552083333333
24097,0,0.0,2,3,0.44598958333333333,0.44598958333333333
24097,0,0.0,3,0,0.32514322916666666,0.32514322916666666
24097,0,0.0,3,1,0.21486979166666667,0.21486979166666667
24097,0,0.0,3,2,0.3504557291666667,0.3504557291666667
24097,1,0.5,0,1,0.5269140625,0.5269140625
24097,1,0.5,0,2,0.7208072916666667,0.7208072916666667
24097,1,0.5,0,3,0.6018098958333333,0.6018098958333333
24097,1,0.5,1,0,0.6624609375,0.6624609375
24097,1,0.5,1,2,0.6876822916666666,0.6876822916666666
24097,1,0.5,1,3,0.6591796875,0.6591796875
24097,1,0.5,2,0,0.44602864583333335,0.44602864583333335
24097,1,0.5,2,1,0.400234375,0.400234375
24097,1,0.5,2,3,0.3883984375,0.3883984375
24097,1,0.5,3,0,0.26993489583333335,0.26993489583333335
24097,1,0.5,3,1,0.20510416666666667,0.20510416666666667
24097,1,0.5,3,2,0.3600130208333333,0.3600130208333333
24097,2,1.0,0,1,0.6351432291666667,0.6351432291666667
24097,2,1.0,0,2,0.7506119791666667,0.7506119791666667
24097,2,1.0,0,3,0.6487239583333333,0.6487239583333333
24097,2,1.0,1,0,0.6638932291666667,0.6638932291666667
24097,2,1.0,1,2,0.5781510416666666,0.5781510416666666
24097,2,1.0,1,3,0.7384505208333333,0.7384505208333333
24097,2,1.0,2,0,0.43546875,0.43546875
24097,2,1.0,2,1,0.3517708333333333,0.3517708333333333
24097,2,1.0,2,3,0.4133072916666667,0.4133072916666667
24097,2,1.0,3,0,0.24671875,0.24671875
24097,2,1.0,3,1,0.22,0.22
24097,2,1.0,3,2,0.409921875,0.409921875
24098,0,0.0,0,1,0.4130729166666667,0.4130729166666667
24098,0,0.0,0,2,0.4530859375,0.4530859375
24098,0,0.0,0,3,0.3727734375,0.3727734375
24098,0,0.0,1,0,0.41649739583333334,0.41649739583333334
24098,0,0.0,1,2,0.4530078125,0.4530078125
24098,0,0.0,1,3,0.6096223958333333,0.6096223958333333
24098,0,0.0,2,0,0.3497005208333333,0.3497005208333333
24098,0,0.0,2,1,0.3501953125,0.3501953125
24098,0,0.0,2,3,0.3132552083333333,0.3132552083333333
24098,0,0.0,3,0,0.45044270833333333,0.45044270833333333
24098,0,0.0,3,1,0.6856640625,0.6856640625
24098,0,0.0,3,2,0.564296875,0.564296875
24098,1,0.5,0,1,0.4087630208333333,0.4087630208333333
24098,1,0.5,0,2,0.458515625,0.458515625
24098,1,0.5,0,3,0.3786979166666667,0.3786979166666667
24098,1,0.5,1,0,0.4120963541666667,0.4120963541666667
24098,1,0.5,1,2,0.44875,0.44875
24098,1,0.5,1,3,0.6114453125,0.6114453125
24098,1,0.5,2,0,0.3515625,0.3515625
24098,1,0.5,2,1,0.348828125,0.348828125
24098,1,0.5,2,3,0.30401041666666667,0.30401041666666667
24098,1,0.5,3,0,0.4616927083333333,0.4616927083333333
24098,1,0.5,3,1,0.6889192708333334,0.6889192708333334
24098,1,0.5,3,2,0.5574348958333334,0.5574348958333334
24098,2,1.0,0,1,0.4091666666666667,0.4091666666666667
24098,2,1.0,0,2,0.460546875,0.460546875
24098,2,1.0,0,3,0.3873697916666667,0.3873697916666667
24098,2,1.0,1,0,0.4150520833333333,0.4150520833333333
24098,2,1.0,1,2,0.45364583333333336,0.45364583333333336
24098,2,1.0,1,3,0.5978385416666666,0.5978385416666666
24098,2,1.0,2,0,0.35061197916666664,0.35061197916666664
24098,2,1.0,2,1,0.351328125,0.351328125
24098,2,1.0,2,3,0.2997916666666667,0.2997916666666667
24098,2,1.0,3,0,0.47747395833333334,0.47747395833333334
24098,2,1.0,3,1,0.6851041666666666,0.6851041666666666
24098,2,1.0,3,2,0.5482421875,0.5482421875
24099,0,0.0,0,1,0.47067708333333336,0.47067708333333336
24099,0,0.0,0,2,0.4824088541666667,0.4824088541666667
24099,0,0.0,0,3,0.23486979166666666,0.23486979166666666
24099,0,0.0,1,0,0.7360416666666667,0.7360416666666667
24099,0,0.0,1,2,0.7439973958333334,0.7439973958333334
24099,0,0.0,1,3,0.3426432291666667,0.3426432291666667
24099,0,0.0,2,0,0.6492578125,0.6492578125
24099,0,0.0,2,1,0.6313151041666667,0.6313151041666667
24099,0,0.0,2,3,0.24092447916666668,0.24092447916666668
24099,0,0.0,3,0,0.8094791666666666,0.8094791666666666
24099,0,0.0,3,1,0.8829817708333333,0.8829817708333333
24099,0,0.0,3,2,0.7840104166666667,0.7840104166666667
24099,1,0.5,0,1,0.48108072916666667,0.48108072916666667
24099,1,0.5,0,2,0.6164973958333333,0.6164973958333333
24099,1,0.5,0,3,0.2547916666666667,0.2547916666666667
24099,1,0.5,1,0,0.74421875,0.74421875
24099,1,0.5,1,2,0.7797005208333333,0.7797005208333333
24099,1,0.5,1,3,0.3686979166666667,0.3686979166666667
24099,1,0.5,2,0,0.7700390625,0.7700390625
24099,1,0.5,2,1,0.5507682291666667,0.5507682291666667
24099,1,0.5,2,3,0.22640625,0.22640625
24099,1,0.5,3,0,0.8381119791666667,0.8381119791666667
24099,1,0.5,3,1,0.8335677083333334,0.8335677083333334
24099,1,0.5,3,2,0.803828125,0.803828125
24099,2,1.0,0,1,0.4625520833333333,0.4625520833333333
24099,2,1.0,0,2,0.709921875,0.709921875
24099,2,1.0,0,3,0.279453125,0.279453125
24099,2,1.0,1,0,0.7697265625,0.7697265625
24099,2,1.0,1,2,0.7800130208333333,0.7800130208333333
24099,2,1.0,1,3,0.46286458333333336,0.46286458333333336
24099,2,1.0,2,0,0.7960286458333333,0.7960286458333333
24099,2,1.0,2,1,0.463046875,0.463046875
24099,2,1.0,2,3,0.2378515625,0.2378515625
24099,2,1.0,3,0,0.8587890625,0.8587890625
24099,2,1.0,3,1,0.793671875,0.793671875
24099,2,1.0,3,2,0.8331901041666666,0.8331901041666666
24100,0,0.0,0,1,0.40227864583333334,0.40227864583333334
24100,0,0.0,0,2,0.3629296875,0.3629296875
24100,0,0.0,0,3,0.36063802083333335,0.36063802083333335
24100,0,0.0,1,0,0.4665755208333333,0.4665755208333333
24100,0,0.0,1,2,0.21364583333333334,0.21364583333333334
24100,0,0.0,1,3,0.15899739583333333,0.15899739583333333
24100,0,0.0,2,0,0.4529036458333333,0.4529036458333333
24100,0,0.0,2,1,0.24220052083333332,0.24220052083333332
24100,0,0.0,2,3,0.6172005208333333,0.6172005208333333
24100,0,0.0,3,0,0.2537760416666667,0.2537760416666667
24100,0,0.0,3,1,0.15341145833333333,0.15341145833333333
24100,0,0.0,3,2,0.1671875,0.1671875
24100,1,0.5,0,1,0.3899739583333333,0.3899739583333333
24100,1,0.5,0,2,0.3564583333333333,0.3564583333333333
24100,1,0.5,0,3,0.36475260416666666,0.36475260416666666
24100,1,0.5,1,0,0.460625,0.460625
24100,1,0.5,1,2,0.21014322916666667,0.21014322916666667
24100,1,0.5,1,3,0.17915364583333335,0.17915364583333335
24100,1,0.5,2,0,0.45859375,0.45859375
24100,1,0.5,2,1,0.25059895833333334,0.25059895833333334
24100,1,0.5,2,3,0.70359375,0.70359375
24100,1,0.5,3,0,0.2879817708333333,0.2879817708333333
24100,1,0.5,3,1,0.1614453125,0.1614453125
24100,1,0.5,3,2,0.23171875,0.23171875
24100,2,1.0,0,1,0.4207682291666667,0.4207682291666667
24100,2,1.0,0,2,0.333125,0.333125
24100,2,1.0,0,3,0.34717447916666666,0.34717447916666666
24100,2,1.0,1,0,0.46368489583333333,0.46368489583333333
24100,2,1.0,1,2,0.20743489583333333,0.20743489583333333
24100,2,1.0,1,3,0.1887890625,0.1887890625
24100,2,1.0,2,0,0.46486979166666664,0.46486979166666664
24100,2,1.0,2,1,0.2580338541666667,0.2580338541666667
24100,2,1.0,2,3,0.7371744791666667,0.7371744791666667
24100,2,1.0,3,0,0.28380208333333334,0.28380208333333334
24100,2,1.0,3,1,0.1801953125,0.1801953125
24100,2,1.0,3,2,0.23391927083333333,0.23391927083333333
24101,0,0.0,0,1,0.2990494791666667,0.2990494791666667
24101,0,0.0,0,2,0.25393229166666664,0.25393229166666664
24101,0,0.0,0,3,0.2738802083333333,0.2738802083333333
24101,0,0.0,1,0,0.5936848958333333,0.5936848958333333
24101,0,0.0,1,2,0.14436197916666665,0.14436197916666665
24101,0,0.0,1,3,0.4715234375,0.4715234375
24101,0,0.0,2,0,0.22541666666666665,0.22541666666666665
24101,0,0.0,2,1,0.14393229166666666,0.14393229166666666
24101,0,0.0,2,3,0.158046875,0.158046875
24101,0,0.0,3,0,0.21510416666666668,0.21510416666666668
24101,0,0.0,3,1,0.29626302083333333,0.29626302083333333
24101,0,0.0,3,2,0.10489583333333333,0.10489583333333333
24101,1,0.5,0,1,0.31049479166666666,0.31049479166666666
24101,1,0.5,0,2,0.3281119791666667,0.3281119791666667
24101,1,0.5,0,3,0.3056640625,0.3056640625
24101,1,0.5,1,0,0.6031510416666667,0.6031510416666667
24101,1,0.5,1,2,0.17666666666666667,0.17666666666666667
24101,1,0.5,1,3,0.5026432291666667,0.5026432291666667
24101,1,0.5,2,0,0.2896223958333333,0.2896223958333333
24101,1,0.5,2,1,0.17444010416666667,0.17444010416666667
24101,1,0.5,2,3,0.18829427083333333,0.18829427083333333
24101,1,0.5,3,0,0.22825520833333332,0.22825520833333332
24101,1,0.5,3,1,0.31462239583333335,0.31462239583333335
24101,1,0.5,3,2,0.12744791666666666,0.12744791666666666
24101,2,1.0,0,1,0.35412760416666667,0.35412760416666667
24101,2,1.0,0,2,0.3785807291666667,0.3785807291666667
24101,2,1.0,0,3,0.33317708333333335,0.33317708333333335
24101,2,1.0,1,0,0.6453645833333334,0.6453645833333334
24101,2,1.0,1,2,0.24122395833333332,0.24122395833333332
24101,2,1.0,1,3,0.517890625,0.517890625
24101,2,1.0,2,0,0.33221354166666667,0.33221354166666667
24101,2,1.0,2,1,0.22763020833333333,0.22763020833333333
24101,2,1.0,2,3,0.21220052083333332,0.21220052083333332
24101,2,1.0,3,0,0.247421875,0.247421875
24101,2,1.0,3,1,0.33721354166666667,0.33721354166666667
24101,2,1.0,3,2,0.1575390625,0.1575390625
24102,0,0.0,0,1,0.6885286458333333,0.6885286458333333
24102,0,0.0,0,2,0.541875,0.541875
24102,0,0.0,0,3,0.5804036458333334,0.5804036458333334
24102,0,0.0,1,0,0.35528645833333333,0.35528645833333333
24102,0,0.0,1,2,0.3940234375,0.3940234375
24102,0,0.0,1,3,0.363359375,0.363359375
24102,0,0.0,2,0,0.47509114583333334,0.47509114583333334
24102,0,0.0,2,1,0.4894921875,0.4894921875
24102,0,0.0,2,3,0.43356770833333336,0.43356770833333336
24102,0,0.0,3,0,0.6764322916666666,0.6764322916666666
24102,0,0.0,3,1,0.8283463541666667,0.8283463541666667
24102,0,0.0,3,2,0.5540885416666667,0.5540885416666667
24102,1,0.5,0,1,0.6695572916666667,0.6695572916666667
24102,1,0.5,0,2,0.6418229166666667,0.6418229166666667
24102,1,0.5,0,3,0.522734375,0.522734375
24102,1,0.5,1,0,0.48658854166666665,0.48658854166666665
24102,1,0.5,1,2,0.5429427083333334,0.5429427083333334
24102,1,0.5,1,3,0.436953125,0.436953125
24102,1,0.5,2,0,0.4697135416666667,0.4697135416666667
24102,1,0.5,2,1,0.49321614583333334,0.49321614583333334
24102,1,0.5,2,3,0.3450390625,0.3450390625
24102,1,0.5,3,0,0.7210677083333333,0.7210677083333333
24102,1,0.5,3,1,0.8947005208333333,0.8947005208333333
24102,1,0.5,3,2,0.7107161458333333,0.7107161458333333
24102,2,1.0,0,1,0.531875,0.531875
24102,2,1.0,0,2,0.6374869791666666,0.6374869791666666
24102,2,1.0,0,3,0.4659505208333333,0.4659505208333333
24102,2,1.0,1,0,0.5160677083333334,0.5160677083333334
24102,2,1.0,1,2,0.5995833333333334,0.5995833333333334
24102,2,1.0,1,3,0.5478125,0.5478125
24102,2,1.0,2,0,0.39423177083333333,0.39423177083333333
24102,2,1.0,2,1,0.43888020833333335,0.43888020833333335
24102,2,1.0,2,3,0.31494791666666666,0.31494791666666666
24102,2,1.0,3,0,0.5854947916666666,0.5854947916666666
24102,2,1.0,3,1,0.7446744791666666,0.7446744791666666
24102,2,1.0,3,2,0.7746354166666667,0.7746354166666667
24103,0,0.0,0,1,0.6354427083333334,0.6354427083333334
24103,0,0.0,0,2,0.6465755208333334,0.6465755208333334
24103,0,0.0,0,3,0.5382552083333333,0.5382552083333333
24103,0,0.0,1,0,0.5721744791666666,0.5721744791666666
24103,0,0.0,1,2,0.6581640625,0.6581640625
24103,0,0.0,1,3,0.5270833333333333,0.5270833333333333
24103,0,0.0,2,0,0.28963541666666665,0.28963541666666665
24103,0,0.0,2,1,0.334609375,0.334609375
24103,0,0.0,2,3,0.3588411458333333,0.3588411458333333
24103,0,0.0,3,0,0.4225130208333333,0.4225130208333333
24103,0,0.0,3,1,0.48578125,0.48578125
24103,0,0.0,3,2,0.6811848958333333,0.6811848958333333
24103,1,0.5,0,1,0.6169140625,0.6169140625
24103,1,0.5,0,2,0.653046875,0.653046875
24103,1,0.5,0,3,0.5509375,0.5509375
24103,1,0.5,1,0,0.6945703125,0.6945703125
24103,1,0.5,1,2,0.6673177083333334,0.6673177083333334
24103,1,0.5,1,3,0.5801822916666667,0.5801822916666667
24103,1,0.5,2,0,0.33662760416666665,0.33662760416666665
24103,1,0.5,2,1,0.268359375,0.268359375
24103,1,0.5,2,3,0.4001953125,0.4001953125
24103,1,0.5,3,0,0.47796875,0.47796875
24103,1,0.5,3,1,0.490625,0.490625
24103,1,0.5,3,2,0.6895052083333333,0.6895052083333333
24103,2,1.0,0,1,0.5828645833333334,0.5828645833333334
24103,2,1.0,0,2,0.6157942708333334,0.6157942708333334
24103,2,1.0,0,3,0.5504296875,0.5504296875
24103,2,1.0,1,0,0.6833723958333333,0.6833723958333333
24103,2,1.0,1,2,0.5714973958333334,0.5714973958333334
24103,2,1.0,1,3,0.6097005208333334,0.6097005208333334
24103,2,1.0,2,0,0.30328125,0.30328125
24103,2,1.0,2,1,0.2046875,0.2046875
24103,2,1.0,2,3,0.35630208333333335,0.35630208333333335
24103,2,1.0,3,0,0.48639322916666666,0.48639322916666666
24103,2,1.0,3,1,0.4783203125,0.4783203125
24103,2,1.0,3,2,0.6557291666666667,0.6557291666666667
24104,0,0.0,0,1,0.8224088541666666,0.8224088541666666
24104,0,0.0,0,2,0.8342057291666667,0.8342057291666667
24104,0,0.0,0,3,0.695625,0.695625
24104,0,0.0,1,0,0.5419010416666666,0.5419010416666666
24104,0,0.0,1,2,0.8930598958333333,0.8930598958333333
24104,0,0.0,1,3,0.6141145833333334,0.6141145833333334
24104,0,0.0,2,0,0.3399348958333333,0.3399348958333333
24104,0,0.0,2,1,0.5436848958333333,0.5436848958333333
24104,0,0.0,2,3,0.3624088541666667,0.3624088541666667
24104,0,0.0,3,0,0.6349088541666666,0.6349088541666666
24104,0,0.0,3,1,0.9389192708333334,0.9389192708333334
24104,0,0.0,3,2,0.8545442708333333,0.8545442708333333
24104,1,0.5,0,1,0.6828255208333334,0.6828255208333334
24104,1,0.5,0,2,0.7918619791666667,0.7918619791666667
24104,1,0.5,0,3,0.6285807291666666,0.6285807291666666
24104,1,0.5,1,0,0.4306510416666667,0.4306510416666667
24104,1,0.5,1,2,0.9275260416666666,0.9275260416666666
24104,1,0.5,1,3,0.7344791666666667,0.7344791666666667
24104,1,0.5,2,0,0.3321875,0.3321875
24104,1,0.5,2,1,0.5236588541666667,0.5236588541666667
24104,1,0.5,2,3,0.4291276041666667,0.4291276041666667
24104,1,0.5,3,0,0.4803125,0.4803125
24104,1,0.5,3,1,0.9021484375,0.9021484375
24104,1,0.5,3,2,0.9271354166666667,0.9271354166666667
24104,2,1.0,0,1,0.6268619791666666,0.6268619791666666
24104,2,1.0,0,2,0.7313020833333334,0.7313020833333334
24104,2,1.0,0,3,0.5979166666666667,0.5979166666666667
24104,2,1.0,1,0,0.3274609375,0.3274609375
24104,2,1.0,1,2,0.9076432291666666,0.9076432291666666
24104,2,1.0,1,3,0.6744010416666667,0.6744010416666667
24104,2,1.0,2,0,0.24881510416666666,0.24881510416666666
24104,2,1.0,2,1,0.5370572916666667,0.5370572916666667
24104,2,1.0,2,3,0.4730989583333333,0.4730989583333333
24104,2,1.0,3,0,0.349921875,0.349921875
24104,2,1.0,3,1,0.837109375,0.837109375
24104,2,1.0,3,2,0.9384375,0.9384375
24105,0,0.0,0,1,0.610859375,0.610859375
24105,0,0.0,0,2,0.2366015625,0.2366015625
24105,0,0.0,0,3,0.22434895833333332,0.22434895833333332
24105,0,0.0,1,0,0.3221875,0.3221875
24105,0,0.0,1,2,0.18432291666666667,0.18432291666666667
24105,0,0.0,1,3,0.08640625,0.08640625
24105,0,0.0,2,0,0.543671875,0.543671875
24105,0,0.0,2,1,0.5085026041666667,0.5085026041666667
24105,0,0.0,2,3,0.1766015625,0.1766015625
24105,0,0.0,3,0,0.3774609375,0.3774609375
24105,0,0.0,3,1,0.48630208333333336,0.48630208333333336
24105,0,0.0,3,2,0.6305208333333333,0.6305208333333333
24105,1,0.5,0,1,0.6196223958333333,0.6196223958333333
24105,1,0.5,0,2,0.23497395833333334,0.23497395833333334
24105,1,0.5,0,3,0.28140625,0.28140625
24105,1,0.5,1,0,0.32729166666666665,0.32729166666666665
24105,1,0.5,1,2,0.18579427083333333,0.18579427083333333
24105,1,0.5,1,3,0.121640625,0.121640625
24105,1,0.5,2,0,0.5301171875,0.5301171875
24105,1,0.5,2,1,0.50875,0.50875
24105,1,0.5,2,3,0.18501302083333335,0.18501302083333335
24105,1,0.5,3,0,0.36932291666666667,0.36932291666666667
24105,1,0.5,3,1,0.5167057291666667,0.5167057291666667
24105,1,0.5,3,2,0.6328776041666667,0.6328776041666667
24105,2,1.0,0,1,0.6266015625,0.6266015625
24105,2,1.0,0,2,0.23673177083333333,0.23673177083333333
24105,2,1.0,0,3,0.2921484375,0.2921484375
24105,2,1.0,1,0,0.33015625,0.33015625
24105,2,1.0,1,2,0.18748697916666668,0.18748697916666668
24105,2,1.0,1,3,0.153203125,0.153203125
24105,2,1.0,2,0,0.51875,0.51875
24105,2,1.0,2,1,0.5087760416666667,0.5087760416666667
24105,2,1.0,2,3,0.1962890625,0.1962890625
24105,2,1.0,3,0,0.36549479166666665,0.36549479166666665
24105,2,1.0,3,1,0.5326302083333333,0.5326302083333333
24105,2,1.0,3,2,0.6297135416666667,0.6297135416666667
24106,0,0.0,0,1,0.8301432291666667,0.8301432291666667
24106,0,0.0,0,2,0.4227473958333333,0.4227473958333333
24106,0,0.0,0,3,0.25484375,0.25484375
24106,0,0.0,1,0,0.2803125,0.2803125
24106,0,0.0,1,2,0.10575520833333334,0.10575520833333334
24106,0,0.0,1,3,0.12358072916666667,0.12358072916666667
24106,0,0.0,2,0,0.825703125,0.825703125
24106,0,0.0,2,1,0.7196484375,0.7196484375
24106,0,0.0,2,3,0.34053385416666665,0.34053385416666665
24106,0,0.0,3,0,0.6405338541666666,0.6405338541666666
24106,0,0.0,3,1,0.729765625,0.729765625
24106,0,0.0,3,2,0.5472005208333334,0.5472005208333334
24106,1,0.5,0,1,0.7917708333333333,0.7917708333333333
24106,1,0.5,0,2,0.5436588541666667,0.5436588541666667
24106,1,0.5,0,3,0.28032552083333334,0.28032552083333334
24106,1,0.5,1,0,0.298671875,0.298671875
24106,1,0.5,1,2,0.1504296875,0.1504296875
24106,1,0.5,1,3,0.13569010416666666,0.13569010416666666
24106,1,0.5,2,0,0.8963671875,0.8963671875
24106,1,0.5,2,1,0.7475,0.7475
24106,1,0.5,2,3,0.3768619791666667,0.3768619791666667
24106,1,0.5,3,0,0.6514713541666667,0.6514713541666667
24106,1,0.5,3,1,0.6440755208333333,0.6440755208333333
24106,1,0.5,3,2,0.6334375,0.6334375
24106,2,1.0,0,1,0.7228385416666666,0.7228385416666666
24106,2,1.0,0,2,0.6804947916666667,0.6804947916666667
24106,2,1.0,0,3,0.3108984375,0.3108984375
24106,2,1.0,1,0,0.3033854166666667,0.3033854166666667
24106,2,1.0,1,2,0.232265625,0.232265625
24106,2,1.0,1,3,0.1455859375,0.1455859375
24106,2,1.0,2,0,0.8736067708333334,0.8736067708333334
24106,2,1.0,2,1,0.6853125,0.6853125
24106,2,1.0,2,3,0.4113671875,0.4113671875
24106,2,1.0,3,0,0.6457161458333334,0.6457161458333334
24106,2,1.0,3,1,0.5655208333333334,0.5655208333333334
24106,2,1.0,3,2,0.7314453125,0.7314453125
24107,0,0.0,0,1,0.3598046875,0.3598046875
24107,0,0.0,0,2,0.3590364583333333,0.3590364583333333
24107,0,0.0,0,3,0.31157552083333334,0.31157552083333334
24107,0,0.0,1,0,0.4619140625,0.4619140625
24107,0,0.0,1,2,0.29907552083333333,0.29907552083333333
24107,0,0.0,1,3,0.6704296875,0.6704296875
24107,0,0.0,2,0,0.5951171875,0.5951171875
24107,0,0.0,2,1,0.43313802083333336,0.43313802083333336
24107,0,0.0,2,3,0.45591145833333335,0.45591145833333335
24107,0,0.0,3,0,0.47598958333333335,0.47598958333333335
24107,0,0.0,3,1,0.8323958333333333,0.8323958333333333
24107,0,0.0,3,2,0.384140625,0.384140625
24107,1,0.5,0,1,0.34322916666666664,0.34322916666666664
24107,1,0.5,0,2,0.3958203125,0.3958203125
24107,1,0.5,0,3,0.31561197916666667,0.31561197916666667
24107,1,0.5,1,0,0.43747395833333336,0.43747395833333336
24107,1,0.5,1,2,0.31276041666666665,0.31276041666666665
24107,1,0.5,1,3,0.6770572916666666,0.6770572916666666
24107,1,0.5,2,0,0.620703125,0.620703125
24107,1,0.5,2,1,0.4426171875,0.4426171875
24107,1,0.5,2,3,0.4776432291666667,0.4776432291666667
24107,1,0.5,3,0,0.46161458333333333,0.46161458333333333
24107,1,0.5,3,1,0.8091145833333333,0.8091145833333333
24107,1,0.5,3,2,0.40057291666666667,0.40057291666666667
24107,2,1.0,0,1,0.3084895833333333,0.3084895833333333
24107,2,1.0,0,2,0.4171223958333333,0.4171223958333333
24107,2,1.0,0,3,0.35265625,0.35265625
24107,2,1.0,1,0,0.40350260416666667,0.40350260416666667
24107,2,1.0,1,2,0.32977864583333333,0.32977864583333333
24107,2,1.0,1,3,0.7347916666666666,0.7347916666666666
24107,2,1.0,2,0,0.6181119791666667,0.6181119791666667
24107,2,1.0,2,1,0.41856770833333334,0.41856770833333334
24107,2,1.0,2,3,0.47813802083333334,0.47813802083333334
24107,2,1.0,3,0,0.4933984375,0.4933984375
24107,2,1.0,3,1,0.7537890625,0.7537890625
24107,2,1.0,3,2,0.42678385416666664,0.42678385416666664
24108,0,0.0,0,1,0.39046875,0.39046875
24108,0,0.0,0,2,0.341484375,0.341484375
24108,0,0.0,0,3,0.41694010416666666,0.41694010416666666
24108,0,0.0,1,0,0.4603776041666667,0.4603776041666667
24108,0,0.0,1,2,0.686796875,0.686796875
24108,0,0.0,1,3,0.3108203125,0.3108203125
24108,0,0.0,2,0,0.31958333333333333,0.31958333333333333
24108,0,0.0,2,1,0.4938151041666667,0.4938151041666667
24108,0,0.0,2,3,0.24149739583333332,0.24149739583333332
24108,0,0.0,3,0,0.54,0.54
24108,0,0.0,3,1,0.3460546875,0.3460546875
24108,0,0.0,3,2,0.35639322916666666,0.35639322916666666
24108,1,0.5,0,1,0.3761848958333333,0.3761848958333333
24108,1,0.5,0,2,0.3386588541666667,0.3386588541666667
24108,1,0.5,0,3,0.4263411458333333,0.4263411458333333
24108,1,0.5,1,0,0.4660416666666667,0.4660416666666667
24108,1,0.5,1,2,0.6676953125,0.6676953125
24108,1,0.5,1,3,0.31115885416666667,0.31115885416666667
24108,1,0.5,2,0,0.30609375,0.30609375
24108,1,0.5,2,1,0.481171875,0.481171875
24108,1,0.5,2,3,0.23436197916666668,0.23436197916666668
24108,1,0.5,3,0,0.5332421875,0.5332421875
24108,1,0.5,3,1,0.3365625,0.3365625
24108,1,0.5,3,2,0.34944010416666665,0.34944010416666665
24108,2,1.0,0,1,0.351796875,0.351796875
24108,2,1.0,0,2,0.3272265625,0.3272265625
24108,2,1.0,0,3,0.43526041666666665,0.43526041666666665
24108,2,1.0,1,0,0.455,0.455
24108,2,1.0,1,2,0.6444791666666667,0.6444791666666667
24108,2,1.0,1,3,0.31342447916666666,0.31342447916666666
24108,2,1.0,2,0,0.2849479166666667,0.2849479166666667
24108,2,1.0,2,1,0.46403645833333335,0.46403645833333335
24108,2,1.0,2,3,0.22873697916666666,0.22873697916666666
24108,2,1.0,3,0,0.5238411458333333,0.5238411458333333
24108,2,1.0,3,1,0.3354036458333333,0.3354036458333333
24108,2,1.0,3,2,0.3467708333333333,0.3467708333333333
24109,0,0.0,0,1,0.5079427083333333,0.5079427083333333
24109,0,0.0,0,2,0.46209635416666667,0.46209635416666667
24109,0,0.0,0,3,0.3606640625,0.3606640625
24109,0,0.0,1,0,0.29268229166666665,0.29268229166666665
24109,0,0.0,1,2,0.7214192708333333,0.7214192708333333
24109,0,0.0,1,3,0.45076822916666665,0.45076822916666665
24109,0,0.0,2,0,0.2633333333333333,0.2633333333333333
24109,0,0.0,2,1,0.6057552083333333,0.6057552083333333
24109,0,0.0,2,3,0.37822916666666667,0.37822916666666667
24109,0,0.0,3,0,0.24067708333333335,0.24067708333333335
24109,0,0.0,3,1,0.6897005208333333,0.6897005208333333
24109,0,0.0,3,2,0.8289453125,0.8289453125
24109,1,0.5,0,1,0.33688802083333336,0.33688802083333336
24109,1,0.5,0,2,0.34953125,0.34953125
24109,1,0.5,0,3,0.22904947916666665,0.22904947916666665
24109,1,0.5,1,0,0.21033854166666666,0.21033854166666666
24109,1,0.5,1,2,0.7006380208333334,0.7006380208333334
24109,1,0.5,1,3,0.46901041666666665,0.46901041666666665
24109,1,0.5,2,0,0.21266927083333334,0.21266927083333334
24109,1,0.5,2,1,0.5551692708333333,0.5551692708333333
24109,1,0.5,2,3,0.38787760416666667,0.38787760416666667
24109,1,0.5,3,0,0.17686197916666666,0.17686197916666666
24109,1,0.5,3,1,0.6692057291666667,0.6692057291666667
24109,1,0.5,3,2,0.8438020833333333,0.8438020833333333
24109,2,1.0,0,1,0.39700520833333336,0.39700520833333336
24109,2,1.0,0,2,0.44743489583333335,0.44743489583333335
24109,2,1.0,0,3,0.4106640625,0.4106640625
24109,2,1.0,1,0,0.2623046875,0.2623046875
24109,2,1.0,1,2,0.6556119791666667,0.6556119791666667
24109,2,1.0,1,3,0.472734375,0.472734375
24109,2,1.0,2,0,0.2944921875,0.2944921875
24109,2,1.0,2,1,0.5783723958333333,0.5783723958333333
24109,2,1.0,2,3,0.45329427083333335,0.45329427083333335
24109,2,1.0,3,0,0.35430989583333333,0.35430989583333333
24109,2,1.0,3,1,0.6601692708333333,0.6601692708333333
24109,2,1.0,3,2,0.8959895833333333,0.8959895833333333
24110,0,0.0,0,1,0.33100260416666666,0.33100260416666666
24110,0,0.0,0,2,0.6662109375,0.6662109375
24110,0,0.0,0,3,0.39157552083333336,0.39157552083333336
24110,0,0.0,1,0,0.36009114583333335,0.36009114583333335
24110,0,0.0,1,2,0.4235026041666667,0.4235026041666667
24110,0,0.0,1,3,0.7807682291666667,0.7807682291666667
24110,0,0.0,2,0,0.40998697916666665,0.40998697916666665
24110,0,0.0,2,1,0.1920703125,0.1920703125
24110,0,0.0,2,3,0.25126302083333335,0.25126302083333335
24110,0,0.0,3,0,0.451328125,0.451328125
24110,0,0.0,3,1,0.7270572916666667,0.7270572916666667
24110,0,0.0,3,2,0.43884114583333333,0.43884114583333333
24110,1,0.5,0,1,0.3346484375,0.3346484375
24110,1,0.5,0,2,0.6540234375,0.6540234375
24110,1,0.5,0,3,0.40401041666666665,0.40401041666666665
24110,1,0.5,1,0,0.348515625,0.348515625
24110,1,0.5,1,2,0.4359375,0.4359375
24110,1,0.5,1,3,0.8054296875,0.8054296875
24110,1,0.5,2,0,0.39903645833333334,0.39903645833333334
24110,1,0.5,2,1,0.2007421875,0.2007421875
24110,1,0.5,2,3,0.27001302083333334,0.27001302083333334
24110,1,0.5,3,0,0.4418489583333333,0.4418489583333333
24110,1,0.5,3,1,0.7057421875,0.7057421875
24110,1,0.5,3,2,0.4543359375,0.4543359375
24110,2,1.0,0,1,0.343125,0.343125
24110,2,1.0,0,2,0.6455338541666666,0.6455338541666666
24110,2,1.0,0,3,0.42037760416666664,0.42037760416666664
24110,2,1.0,1,0,0.3370703125,0.3370703125
24110,2,1.0,1,2,0.4509375,0.4509375
24110,2,1.0,1,3,0.8148046875,0.8148046875
24110,2,1.0,2,0,0.39765625,0.39765625
24110,2,1.0,2,1,0.21622395833333333,0.21622395833333333
24110,2,1.0,2,3,0.28717447916666666,0.28717447916666666
24110,2,1.0,3,0,0.4344140625,0.4344140625
24110,2,1.0,3,1,0.7069140625,0.7069140625
24110,2,1.0,3,2,0.4696875,0.4696875
24111,0,0.0,0,1,0.6034375,0.6034375
24111,0,0.0,0,2,0.382578125,0.382578125
24111,0,0.0,0,3,0.42182291666666666,0.42182291666666666
24111,0,0.0,1,0,0.5265234375,0.5265234375
24111,0,0.0,1,2,0.3944401041666667,0.3944401041666667
24111,0,0.0,1,3,0.4531119791666667,0.4531119791666667
24111,0,0.0,2,0,0.6319401041666667,0.6319401041666667
24111,0,0.0,2,1,0.6094140625,0.6094140625
24111,0,0.0,2,3,0.32158854166666667,0.32158854166666667
24111,0,0.0,3,0,0.40184895833333334,0.40184895833333334
24111,0,0.0,3,1,0.35520833333333335,0.35520833333333335
24111,0,0.0,3,2,0.34009114583333333,0.34009114583333333
24111,1,0.5,0,1,0.6286588541666667,0.6286588541666667
24111,1,0.5,0,2,0.2866927083333333,0.2866927083333333
24111,1,0.5,0,3,0.45380208333333333,0.45380208333333333
24111,1,0.5,1,0,0.6589583333333333,0.6589583333333333
24111,1,0.5,1,2,0.3341796875,0.3341796875
24111,1,0.5,1,3,0.48390625,0.48390625
24111,1,0.5,2,0,0.5931119791666667,0.5931119791666667
24111,1,0.5,2,1,0.6060286458333334,0.6060286458333334
24111,1,0.5,2,3,0.4099479166666667,0.4099479166666667
24111,1,0.5,3,0,0.44170572916666667,0.44170572916666667
24111,1,0.5,3,1,0.39125,0.39125
24111,1,0.5,3,2,0.3356640625,0.3356640625
24111,2,1.0,0,1,0.5306119791666667,0.5306119791666667
24111,2,1.0,0,2,0.2122265625,0.2122265625
24111,2,1.0,0,3,0.5143359375,0.5143359375
24111,2,1.0,1,0,0.6614713541666667,0.6614713541666667
24111,2,1.0,1,2,0.266015625,0.266015625
24111,2,1.0,1,3,0.5278385416666667,0.5278385416666667
24111,2,1.0,2,0,0.5535416666666667,0.5535416666666667
24111,2,1.0,2,1,0.57484375,0.57484375
24111,2,1.0,2,3,0.4774479166666667,0.4774479166666667
24111,2,1.0,3,0,0.5196614583333333,0.5196614583333333
24111,2,1.0,3,1,0.448984375,0.448984375
24111,2,1.0,3,2,0.325546875,0.325546875
24112,0,0.0,0,1,0.6897005208333333,0.6897005208333333
24112,0,0.0,0,2,0.5422135416666667,0.5422135416666667
24112,0,0.0,0,3,0.4478255208333333,0.4478255208333333
24112,0,0.0,1,0,0.35078125,0.35078125
24112,0,0.0,1,2,0.3765234375,0.3765234375
24112,0,0.0,1,3,0.26794270833333333,0.26794270833333333
24112,0,0.0,2,0,0.4510677083333333,0.4510677083333333
24112,0,0.0,2,1,0.4998046875,0.4998046875
24112,0,0.0,2,3,0.34470052083333336,0.34470052083333336
24112,0,0.0,3,0,0.6273567708333333,0.6273567708333333
24112,0,0.0,3,1,0.6244791666666667,0.6244791666666667
24112,0,0.0,3,2,0.519921875,0.519921875
24112,1,0.5,0,1,0.7555989583333333,0.7555989583333333
24112,1,0.5,0,2,0.5584375,0.5584375
24112,1,0.5,0,3,0.5298046875,0.5298046875
24112,1,0.5,1,0,0.41770833333333335,0.41770833333333335
24112,1,0.5,1,2,0.4970703125,0.4970703125
24112,1,0.5,1,3,0.31690104166666666,0.31690104166666666
24112,1,0.5,2,0,0.3989713541666667,0.3989713541666667
24112,1,0.5,2,1,0.505625,0.505625
24112,1,0.5,2,3,0.32890625,0.32890625
24112,1,0.5,3,0,0.64515625,0.64515625
24112,1,0.5,3,1,0.5714583333333333,0.5714583333333333
24112,1,0.5,3,2,0.5215755208333334,0.5215755208333334
24112,2,1.0,0,1,0.8319401041666666,0.8319401041666666
24112,2,1.0,0,2,0.54234375,0.54234375
24112,2,1.0,0,3,0.5912109375,0.5912109375
24112,2,1.0,1,0,0.5051432291666667,0.5051432291666667
24112,2,1.0,1,2,0.5536588541666667,0.5536588541666667
24112,2,1.0,1,3,0.3994921875,0.3994921875
24112,2,1.0,2,0,0.3141145833333333,0.3141145833333333
24112,2,1.0,2,1,0.4313020833333333,0.4313020833333333
24112,2,1.0,2,3,0.332734375,0.332734375
24112,2,1.0,3,0,0.5215885416666667,0.5215885416666667
24112,2,1.0,3,1,0.5435026041666666,0.5435026041666666
24112,2,1.0,3,2,0.45662760416666665,0.45662760416666665
24113,0,0.0,0,1,0.358515625,0.358515625
24113,0,0.0,0,2,0.4315104166666667,0.4315104166666667
24113,0,0.0,0,3,0.4679296875,0.4679296875
24113,0,0.0,1,0,0.35196614583333335,0.35196614583333335
24113,0,0.0,1,2,0.21928385416666665,0.21928385416666665
24113,0,0.0,1,3,0.5876953125,0.5876953125
24113,0,0.0,2,0,0.4005208333333333,0.4005208333333333
24113,0,0.0,2,1,0.27296875,0.27296875
24113,0,0.0,2,3,0.32864583333333336,0.32864583333333336
24113,0,0.0,3,0,0.38830729166666667,0.38830729166666667
24113,0,0.0,3,1,0.49438802083333333,0.49438802083333333
24113,0,0.0,3,2,0.256015625,0.256015625
24113,1,0.5,0,1,0.40587239583333334,0.40587239583333334
24113,1,0.5,0,2,0.2806119791666667,0.2806119791666667
24113,1,0.5,0,3,0.39002604166666666,0.39002604166666666
24113,1,0.5,1,0,0.4483463541666667,0.4483463541666667
24113,1,0.5,1,2,0.37540364583333335,0.37540364583333335
24113,1,0.5,1,3,0.6041015625,0.6041015625
24113,1,0.5,2,0,0.40484375,0.40484375
24113,1,0.5,2,1,0.384140625,0.384140625
24113,1,0.5,2,3,0.37841145833333334,0.37841145833333334
24113,1,0.5,3,0,0.42744791666666665,0.42744791666666665
24113,1,0.5,3,1,0.6898697916666666,0.6898697916666666
24113,1,0.5,3,2,0.31893229166666665,0.31893229166666665
24113,2,1.0,0,1,0.20287760416666667,0.20287760416666667
24113,2,1.0,0,2,0.2570703125,0.2570703125
24113,2,1.0,0,3,0.259609375,0.259609375
24113,2,1.0,1,0,0.4563671875,0.4563671875
24113,2,1.0,1,2,0.42669270833333334,0.42669270833333334
24113,2,1.0,1,3,0.5120052083333333,0.5120052083333333
24113,2,1.0,2,0,0.4950130208333333,0.4950130208333333
24113,2,1.0,2,1,0.5545052083333334,0.5545052083333334
24113,2,1.0,2,3,0.4479036458333333,0.4479036458333333
24113,2,1.0,3,0,0.43264322916666664,0.43264322916666664
24113,2,1.0,3,1,0.5317057291666667,0.5317057291666667
24113,2,1.0,3,2,0.3806640625,0.3806640625
24114,0,0.0,0,1,0.21755208333333334,0.21755208333333334
24114,0,0.0,0,2,0.764140625,0.764140625
24114,0,0.0,0,3,0.713828125,0.713828125
24114,0,0.0,1,0,0.8159765625,0.8159765625
24114,0,0.0,1,2,0.8151432291666667,0.8151432291666667
24114,0,0.0,1,3,0.8576953125,0.8576953125
24114,0,0.0,2,0,0.5533333333333333,0.5533333333333333
24114,0,0.0,2,1,0.22399739583333333,0.22399739583333333
24114,0,0.0,2,3,0.7609114583333333,0.7609114583333333
24114,0,0.0,3,0,0.58671875,0.58671875
24114,0,0.0,3,1,0.2892708333333333,0.2892708333333333
24114,0,0.0,3,2,0.7696614583333333,0.7696614583333333
24114,1,0.5,0,1,0.30799479166666666,0.30799479166666666
24114,1,0.5,0,2,0.735859375,0.735859375
24114,1,0.5,0,3,0.7467578125,0.7467578125
24114,1,0.5,1,0,0.8580598958333333,0.8580598958333333
24114,1,0.5,1,2,0.8331380208333333,0.8331380208333333
24114,1,0.5,1,3,0.8650520833333334,0.8650520833333334
24114,1,0.5,2,0,0.4834765625,0.4834765625
24114,1,0.5,2,1,0.23861979166666666,0.23861979166666666
24114,1,0.5,2,3,0.6927083333333334,0.6927083333333334
24114,1,0.5,3,0,0.5628385416666667,0.5628385416666667
24114,1,0.5,3,1,0.31408854166666667,0.31408854166666667
24114,1,0.5,3,2,0.7364973958333333,0.7364973958333333
24114,2,1.0,0,1,0.48346354166666666,0.48346354166666666
24114,2,1.0,0,2,0.7705338541666666,0.7705338541666666
24114,2,1.0,0,3,0.7878515625,0.7878515625
24114,2,1.0,1,0,0.8606119791666667,0.8606119791666667
24114,2,1.0,1,2,0.8492057291666667,0.8492057291666667
24114,2,1.0,1,3,0.8438541666666667,0.8438541666666667
24114,2,1.0,2,0,0.4547265625,0.4547265625
24114,2,1.0,2,1,0.2649609375,0.2649609375
24114,2,1.0,2,3,0.6735286458333334,0.6735286458333334
24114,2,1.0,3,0,0.4448697916666667,0.4448697916666667
24114,2,1.0,3,1,0.3077734375,0.3077734375
24114,2,1.0,3,2,0.690703125,0.690703125
24115,0,0.0,0,1,0.39774739583333335,0.39774739583333335
24115,0,0.0,0,2,0.4877734375,0.4877734375
24115,0,0.0,0,3,0.33770833333333333,0.33770833333333333
24115,0,0.0,1,0,0.421015625,0.421015625
24115,0,0.0,1,2,0.32385416666666667,0.32385416666666667
24115,0,0.0,1,3,0.7422005208333333,0.7422005208333333
24115,0,0.0,2,0,0.5267708333333333,0.5267708333333333
24115,0,0.0,2,1,0.38243489583333334,0.38243489583333334
24115,0,0.0,2,3,0.3578385416666667,0.3578385416666667
24115,0,0.0,3,0,0.43127604166666667,0.43127604166666667
24115,0,0.0,3,1,0.5131510416666667,0.5131510416666667
24115,0,0.0,3,2,0.3122916666666667,0.3122916666666667
24115,1,0.5,0,1,0.39341145833333335,0.39341145833333335
24115,1,0.5,0,2,0.4717578125,0.4717578125
24115,1,0.5,0,3,0.33881510416666666,0.33881510416666666
24115,1,0.5,1,0,0.40751302083333335,0.40751302083333335
24115,1,0.5,1,2,0.3246614583333333,0.3246614583333333
24115,1,0.5,1,3,0.7395182291666667,0.7395182291666667
24115,1,0.5,2,0,0.5220833333333333,0.5220833333333333
24115,1,0.5,2,1,0.3922526041666667,0.3922526041666667
24115,1,0.5,2,3,0.36747395833333335,0.36747395833333335
24115,1,0.5,3,0,0.4179817708333333,0.4179817708333333
24115,1,0.5,3,1,0.49765625,0.49765625
24115,1,0.5,3,2,0.31415364583333333,0.31415364583333333
24115,2,1.0,0,1,0.3916015625,0.3916015625
24115,2,1.0,0,2,0.4579947916666667,0.4579947916666667
24115,2,1.0,0,3,0.33772135416666665,0.33772135416666665
24115,2,1.0,1,0,0.39850260416666666,0.39850260416666666
24115,2,1.0,1,2,0.3240625,0.3240625
24115,2,1.0,1,3,0.7411067708333333,0.7411067708333333
24115,2,1.0,2,0,0.5150390625,0.5150390625
24115,2,1.0,2,1,0.39546875,0.39546875
24115,2,1.0,2,3,0.3739192708333333,0.3739192708333333
24115,2,1.0,3,0,0.4017838541666667,0.4017838541666667
24115,2,1.0,3,1,0.49201822916666665,0.49201822916666665
24115,2,1.0,3,2,0.3139192708333333,0.3139192708333333
24116,0,0.0,0,1,0.4904427083333333,0.4904427083333333
24116,0,0.0,0,2,0.29997395833333335,0.29997395833333335
24116,0,0.0,0,3,0.5394010416666667,0.5394010416666667
24116,0,0.0,1,0,0.35369791666666667,0.35369791666666667
24116,0,0.0,1,2,0.2760416666666667,0.2760416666666667
24116,0,0.0,1,3,0.40759114583333333,0.40759114583333333
24116,0,0.0,2,0,0.684921875,0.684921875
24116,0,0.0,2,1,0.6013151041666667,0.6013151041666667
24116,0,0.0,2,3,0.6614322916666666,0.6614322916666666
24116,0,0.0,3,0,0.7815494791666666,0.7815494791666666
24116,0,0.0,3,1,0.5611197916666667,0.5611197916666667
24116,0,0.0,3,2,0.46294270833333334,0.46294270833333334
24116,1,0.5,0,1,0.4855859375,0.4855859375
24116,1,0.5,0,2,0.3091796875,0.3091796875
24116,1,0.5,0,3,0.56359375,0.56359375
24116,1,0.5,1,0,0.3463411458333333,0.3463411458333333
24116,1,0.5,1,2,0.2873177083333333,0.2873177083333333
24116,1,0.5,1,3,0.39640625,0.39640625
24116,1,0.5,2,0,0.6945833333333333,0.6945833333333333
24116,1,0.5,2,1,0.5883203125,0.5883203125
24116,1,0.5,2,3,0.6533723958333333,0.6533723958333333
24116,1,0.5,3,0,0.7693619791666667,0.7693619791666667
24116,1,0.5,3,1,0.526328125,0.526328125
24116,1,0.5,3,2,0.480078125,0.480078125
24116,2,1.0,0,1,0.48001302083333336,0.48001302083333336
24116,2,1.0,0,2,0.29173177083333335,0.29173177083333335
24116,2,1.0,0,3,0.5823697916666667,0.5823697916666667
24116,2,1.0,1,0,0.42059895833333333,0.42059895833333333
24116,2,1.0,1,2,0.28174479166666666,0.28174479166666666
24116,2,1.0,1,3,0.3892057291666667,0.3892057291666667
24116,2,1.0,2,0,0.6654947916666667,0.6654947916666667
24116,2,1.0,2,1,0.5241927083333333,0.5241927083333333
24116,2,1.0,2,3,0.6612109375,0.6612109375
24116,2,1.0,3,0,0.7444921875,0.7444921875
24116,2,1.0,3,1,0.4872135416666667,0.4872135416666667
24116,2,1.0,3,2,0.5001432291666666,0.5001432291666666
24117,0,0.0,0,1,0.6136458333333333,0.6136458333333333
24117,0,0.0,0,2,0.49927083333333333,0.49927083333333333
24117,0,0.0,0,3,0.50390625,0.50390625
24117,0,0.0,1,0,0.3736979166666667,0.3736979166666667
24117,0,0.0,1,2,0.25873697916666666,0.25873697916666666
24117,0,0.0,1,3,0.22200520833333334,0.22200520833333334
24117,0,0.0,2,0,0.33166666666666667,0.33166666666666667
24117,0,0.0,2,1,0.323359375,0.323359375
24117,0,0.0,2,3,0.37885416666666666,0.37885416666666666
24117,0,0.0,3,0,0.529765625,0.529765625
24117,0,0.0,3,1,0.43171875,0.43171875
24117,0,0.0,3,2,0.6548307291666666,0.6548307291666666
24117,1,0.5,0,1,0.580546875,0.580546875
24117,1,0.5,0,2,0.40893229166666667,0.40893229166666667
24117,1,0.5,0,3,0.4573697916666667,0.4573697916666667
24117,1,0.5,1,0,0.533125,0.533125
24117,1,0.5,1,2,0.3070833333333333,0.3070833333333333
24117,1,0.5,1,3,0.3021484375,0.3021484375
24117,1,0.5,2,0,0.34533854166666667,0.34533854166666667
24117,1,0.5,2,1,0.368671875,0.368671875
24117,1,0.5,2,3,0.29673177083333335,0.29673177083333335
24117,1,0.5,3,0,0.6517838541666666,0.6517838541666666
24117,1,0.5,3,1,0.543359375,0.543359375
24117,1,0.5,3,2,0.646953125,0.646953125
24117,2,1.0,0,1,0.48779947916666666,0.48779947916666666
24117,2,1.0,0,2,0.4756640625,0.4756640625
24117,2,1.0,0,3,0.3933984375,0.3933984375
24117,2,1.0,1,0,0.6131640625,0.6131640625
24117,2,1.0,1,2,0.3879166666666667,0.3879166666666667
24117,2,1.0,1,3,0.39602864583333336,0.39602864583333336
24117,2,1.0,2,0,0.38002604166666665,0.38002604166666665
24117,2,1.0,2,1,0.315859375,0.315859375
24117,2,1.0,2,3,0.19549479166666667,0.19549479166666667
24117,2,1.0,3,0,0.7294140625,0.7294140625
24117,2,1.0,3,1,0.641328125,0.641328125
24117,2,1.0,3,2,0.6761848958333333,0.6761848958333333
24118,0,0.0,0,1,0.40872395833333336,0.40872395833333336
24118,0,0.0,0,2,0.4145963541666667,0.4145963541666667
24118,0,0.0,0,3,0.48950520833333333,0.48950520833333333
24118,0,0.0,1,0,0.5481770833333334,0.5481770833333334
24118,0,0.0,1,2,0.5705859375,0.5705859375
24118,0,0.0,1,3,0.7293619791666667,0.7293619791666667
24118,0,0.0,2,0,0.5329427083333333,0.5329427083333333
24118,0,0.0,2,1,0.6648177083333333,0.6648177083333333
24118,0,0.0,2,3,0.7414713541666667,0.7414713541666667
24118,0,0.0,3,0,0.37755208333333334,0.37755208333333334
24118,0,0.0,3,1,0.45024739583333334,0.45024739583333334
24118,0,0.0,3,2,0.3372395833333333,0.3372395833333333
24118,1,0.5,0,1,0.38,0.38
24118,1,0.5,0,2,0.4419401041666667,0.4419401041666667
24118,1,0.5,0,3,0.49778645833333335,0.49778645833333335
24118,1,0.5,1,0,0.53609375,0.53609375
24118,1,0.5,1,2,0.573828125,0.573828125
24118,1,0.5,1,3,0.7333463541666667,0.7333463541666667
24118,1,0.5,2,0,0.5893229166666667,0.5893229166666667
24118,1,0.5,2,1,0.6133854166666667,0.6133854166666667
24118,1,0.5,2,3,0.7341796875,0.7341796875
24118,1,0.5,3,0,0.44373697916666666,0.44373697916666666
24118,1,0.5,3,1,0.3669140625,0.3669140625
24118,1,0.5,3,2,0.34768229166666664,0.34768229166666664
24118,2,1.0,0,1,0.4444921875,0.4444921875
24118,2,1.0,0,2,0.4893880208333333,0.4893880208333333
24118,2,1.0,0,3,0.589296875,0.589296875
24118,2,1.0,1,0,0.6568098958333334,0.6568098958333334
24118,2,1.0,1,2,0.7413151041666667,0.7413151041666667
24118,2,1.0,1,3,0.7208333333333333,0.7208333333333333
24118,2,1.0,2,0,0.5892057291666667,0.5892057291666667
24118,2,1.0,2,1,0.6266015625,0.6266015625
24118,2,1.0,2,3,0.7055729166666667,0.7055729166666667
24118,2,1.0,3,0,0.4393359375,0.4393359375
24118,2,1.0,3,1,0.28151041666666665,0.28151041666666665
24118,2,1.0,3,2,0.3524348958333333,0.3524348958333333
24119,0,0.0,0,1,0.4743880208333333,0.4743880208333333
24119,0,0.0,0,2,0.6529166666666667,0.6529166666666667
24119,0,0.0,0,3,0.3724088541666667,0.3724088541666667
24119,0,0.0,1,0,0.470625,0.470625
24119,0,0.0,1,2,0.45274739583333334,0.45274739583333334
24119,0,0.0,1,3,0.3020833333333333,0.3020833333333333
24119,0,0.0,2,0,0.49158854166666666,0.49158854166666666
24119,0,0.0,2,1,0.3732682291666667,0.3732682291666667
24119,0,0.0,2,3,0.36063802083333335,0.36063802083333335
24119,0,0.0,3,0,0.5181510416666667,0.5181510416666667
24119,0,0.0,3,1,0.4286067708333333,0.4286067708333333
24119,0,0.0,3,2,0.8955338541666666,0.8955338541666666
24119,1,0.5,0,1,0.466953125,0.466953125
24119,1,0.5,0,2,0.6630729166666667,0.6630729166666667
24119,1,0.5,0,3,0.3869140625,0.3869140625
24119,1,0.5,1,0,0.48604166666666665,0.48604166666666665
24119,1,0.5,1,2,0.4326041666666667,0.4326041666666667
24119,1,0.5,1,3,0.2923177083333333,0.2923177083333333
24119,1,0.5,2,0,0.5285807291666667,0.5285807291666667
24119,1,0.5,2,1,0.401640625,0.401640625
24119,1,0.5,2,3,0.3861328125,0.3861328125
24119,1,0.5,3,0,0.5342838541666667,0.5342838541666667
24119,1,0.5,3,1,0.4471744791666667,0.4471744791666667
24119,1,0.5,3,2,0.9178255208333334,0.9178255208333334
24119,2,1.0,0,1,0.4698046875,0.4698046875
24119,2,1.0,0,2,0.6402604166666667,0.6402604166666667
24119,2,1.0,0,3,0.39677083333333335,0.39677083333333335
24119,2,1.0,1,0,0.49970052083333333,0.49970052083333333
24119,2,1.0,1,2,0.445859375,0.445859375
24119,2,1.0,1,3,0.3019140625,0.3019140625
24119,2,1.0,2,0,0.5609244791666667,0.5609244791666667
24119,2,1.0,2,1,0.4098307291666667,0.4098307291666667
24119,2,1.0,2,3,0.413125,0.413125
24119,2,1.0,3,0,0.5925911458333334,0.5925911458333334
24119,2,1.0,3,1,0.46489583333333334,0.46489583333333334
24119,2,1.0,3,2,0.9336848958333334,0.9336848958333334
24120,0,0.0,0,1,0.20127604166666666,0.20127604166666666
24120,0,0.0,0,2,0.42453125,0.42453125
24120,0,0.0,0,3,0.44341145833333334,0.44341145833333334
24120,0,0.0,1,0,0.6645442708333333,0.6645442708333333
24120,0,0.0,1,2,0.5467057291666667,0.5467057291666667
24120,0,0.0,1,3,0.6167447916666666,0.6167447916666666
24120,0,0.0,2,0,0.6536979166666667,0.6536979166666667
24120,0,0.0,2,1,0.20197916666666665,0.20197916666666665
24120,0,0.0,2,3,0.6446484375,0.6446484375
24120,0,0.0,3,0,0.700703125,0.700703125
24120,0,0.0,3,1,0.202578125,0.202578125
24120,0,0.0,3,2,0.6627734375,0.6627734375
24120,1,0.5,0,1,0.374140625,0.374140625
24120,1,0.5,0,2,0.4315234375,0.4315234375
24120,1,0.5,0,3,0.4830859375,0.4830859375
24120,1,0.5,1,0,0.7208854166666666,0.7208854166666666
24120,1,0.5,1,2,0.45734375,0.45734375
24120,1,0.5,1,3,0.7177213541666667,0.7177213541666667
24120,1,0.5,2,0,0.5890625,0.5890625
24120,1,0.5,2,1,0.467109375,0.467109375
24120,1,0.5,2,3,0.5032552083333334,0.5032552083333334
24120,1,0.5,3,0,0.7613932291666666,0.7613932291666666
24120,1,0.5,3,1,0.6102604166666666,0.6102604166666666
24120,1,0.5,3,2,0.5129947916666666,0.5129947916666666
24120,2,1.0,0,1,0.7155598958333333,0.7155598958333333
24120,2,1.0,0,2,0.40217447916666665,0.40217447916666665
24120,2,1.0,0,3,0.5329947916666666,0.5329947916666666
24120,2,1.0,1,0,0.6699739583333333,0.6699739583333333
24120,2,1.0,1,2,0.33795572916666666,0.33795572916666666
24120,2,1.0,1,3,0.5009895833333333,0.5009895833333333
24120,2,1.0,2,0,0.578046875,0.578046875
24120,2,1.0,2,1,0.5828125,0.5828125
24120,2,1.0,2,3,0.5559244791666667,0.5559244791666667
24120,2,1.0,3,0,0.7788411458333333,0.7788411458333333
24120,2,1.0,3,1,0.6903385416666666,0.6903385416666666
24120,2,1.0,3,2,0.4490234375,0.4490234375
24121,0,0.0,0,1,0.314453125,0.314453125
24121,0,0.0,0,2,0.6225260416666667,0.6225260416666667
24121,0,0.0,0,3,0.41484375,0.41484375
24121,0,0.0,1,0,0.458828125,0.458828125
24121,0,0.0,1,2,0.38375,0.38375
24121,0,0.0,1,3,0.4761458333333333,0.4761458333333333
24121,0,0.0,2,0,0.4663802083333333,0.4663802083333333
24121,0,0.0,2,1,0.24208333333333334,0.24208333333333334
24121,0,0.0,2,3,0.34716145833333334,0.34716145833333334
24121,0,0.0,3,0,0.6365234375,0.6365234375
24121,0,0.0,3,1,0.5109375,0.5109375
24121,0,0.0,3,2,0.5437369791666666,0.5437369791666666
24121,1,0.5,0,1,0.27936197916666666,0.27936197916666666
24121,1,0.5,0,2,0.6034244791666666,0.6034244791666666
24121,1,0.5,0,3,0.38266927083333335,0.38266927083333335
24121,1,0.5,1,0,0.3957161458333333,0.3957161458333333
24121,1,0.5,1,2,0.3487109375,0.3487109375
24121,1,0.5,1,3,0.4798046875,0.4798046875
24121,1,0.5,2,0,0.46057291666666667,0.46057291666666667
24121,1,0.5,2,1,0.24295572916666666,0.24295572916666666
24121,1,0.5,2,3,0.34639322916666665,0.34639322916666665
24121,1,0.5,3,0,0.5745182291666666,0.5745182291666666
24121,1,0.5,3,1,0.471796875,0.471796875
24121,1,0.5,3,2,0.5121875,0.5121875
24121,2,1.0,0,1,0.2733463541666667,0.2733463541666667
24121,2,1.0,0,2,0.5908984375,0.5908984375
24121,2,1.0,0,3,0.38755208333333335,0.38755208333333335
24121,2,1.0,1,0,0.4116015625,0.4116015625
24121,2,1.0,1,2,0.34936197916666667,0.34936197916666667
24121,2,1.0,1,3,0.47682291666666665,0.47682291666666665
24121,2,1.0,2,0,0.4669140625,0.4669140625
24121,2,1.0,2,1,0.23838541666666666,0.23838541666666666
24121,2,1.0,2,3,0.3523307291666667,0.3523307291666667
24121,2,1.0,3,0,0.590859375,0.590859375
24121,2,1.0,3,1,0.43865885416666667,0.43865885416666667
24121,2,1.0,3,2,0.5074869791666666,0.5074869791666666
24122,0,0.0,0,1,0.223671875,0.223671875
24122,0,0.0,0,2,0.6816796875,0.6816796875
24122,0,0.0,0,3,0.6759895833333334,0.6759895833333334
24122,0,0.0,1,0,0.662421875,0.662421875
24122,0,0.0,1,2,0.8427083333333333,0.8427083333333333
24122,0,0.0,1,3,0.77859375,0.77859375
24122,0,0.0,2,0,0.43096354166666667,0.43096354166666667
24122,0,0.0,2,1,0.14541666666666667,0.14541666666666667
24122,0,0.0,2,3,0.7587239583333333,0.7587239583333333
24122,0,0.0,3,0,0.33984375,0.33984375
24122,0,0.0,3,1,0.09260416666666667,0.09260416666666667
24122,0,0.0,3,2,0.5508463541666667,0.5508463541666667
24122,1,0.5,0,1,0.24510416666666668,0.24510416666666668
24122,1,0.5,0,2,0.7614322916666667,0.7614322916666667
24122,1,0.5,0,3,0.6692447916666666,0.6692447916666666
24122,1,0.5,1,0,0.8097135416666666,0.8097135416666666
24122,1,0.5,1,2,0.7789713541666666,0.7789713541666666
24122,1,0.5,1,3,0.6697005208333333,0.6697005208333333
24122,1,0.5,2,0,0.4522265625,0.4522265625
24122,1,0.5,2,1,0.13701822916666667,0.13701822916666667
24122,1,0.5,2,3,0.754609375,0.754609375
24122,1,0.5,3,0,0.2956640625,0.2956640625
24122,1,0.5,3,1,0.07497395833333333,0.07497395833333333
24122,1,0.5,3,2,0.4861197916666667,0.4861197916666667
24122,2,1.0,0,1,0.24014322916666667,0.24014322916666667
24122,2,1.0,0,2,0.7371614583333334,0.7371614583333334
24122,2,1.0,0,3,0.692421875,0.692421875
24122,2,1.0,1,0,0.8330598958333333,0.8330598958333333
24122,2,1.0,1,2,0.7686328125,0.7686328125
24122,2,1.0,1,3,0.6058203125,0.6058203125
24122,2,1.0,2,0,0.4695182291666667,0.4695182291666667
24122,2,1.0,2,1,0.15381510416666666,0.15381510416666666
24122,2,1.0,2,3,0.7814713541666667,0.7814713541666667
24122,2,1.0,3,0,0.2751953125,0.2751953125
24122,2,1.0,3,1,0.07341145833333333,0.07341145833333333
24122,2,1.0,3,2,0.4725390625,0.4725390625
24123,0,0.0,0,1,0.5615364583333333,0.5615364583333333
24123,0,0.0,0,2,0.7457552083333333,0.7457552083333333
24123,0,0.0,0,3,0.7339192708333333,0.7339192708333333
24123,0,0.0,1,0,0.683359375,0.683359375
24123,0,0.0,1,2,0.7421223958333333,0.7421223958333333
24123,0,0.0,1,3,0.8294140625,0.8294140625
24123,0,0.0,2,0,0.22955729166666666,0.22955729166666666
24123,0,0.0,2,1,0.23063802083333335,0.23063802083333335
24123,0,0.0,2,3,0.5551432291666667,0.5551432291666667
24123,0,0.0,3,0,0.30997395833333335,0.30997395833333335
24123,0,0.0,3,1,0.3034895833333333,0.3034895833333333
24123,0,0.0,3,2,0.6934114583333333,0.6934114583333333
24123,1,0.5,0,1,0.5089192708333333,0.5089192708333333
24123,1,0.5,0,2,0.7136848958333334,0.7136848958333334
24123,1,0.5,0,3,0.7033854166666667,0.7033854166666667
24123,1,0.5,1,0,0.653671875,0.653671875
24123,1,0.5,1,2,0.7694010416666667,0.7694010416666667
24123,1,0.5,1,3,0.8253385416666666,0.8253385416666666
24123,1,0.5,2,0,0.19475260416666668,0.19475260416666668
24123,1,0.5,2,1,0.21072916666666666,0.21072916666666666
24123,1,0.5,2,3,0.4868359375,0.4868359375
24123,1,0.5,3,0,0.2957682291666667,0.2957682291666667
24123,1,0.5,3,1,0.3307421875,0.3307421875
24123,1,0.5,3,2,0.6831770833333334,0.6831770833333334
24123,2,1.0,0,1,0.5089453125,0.5089453125
24123,2,1.0,0,2,0.7098307291666667,0.7098307291666667
24123,2,1.0,0,3,0.7311197916666666,0.7311197916666666
24123,2,1.0,1,0,0.6750520833333333,0.6750520833333333
24123,2,1.0,1,2,0.7567447916666666,0.7567447916666666
24123,2,1.0,1,3,0.8224088541666666,0.8224088541666666
24123,2,1.0,2,0,0.17434895833333333,0.17434895833333333
24123,2,1.0,2,1,0.18385416666666668,0.18385416666666668
24123,2,1.0,2,3,0.4391015625,0.4391015625
24123,2,1.0,3,0,0.30907552083333334,0.30907552083333334
24123,2,1.0,3,1,0.305390625,0.305390625
24123,2,1.0,3,2,0.6494401041666666,0.6494401041666666
24124,0,0.0,0,1,0.5380989583333333,0.5380989583333333
24124,0,0.0,0,2,0.20177083333333334,0.20177083333333334
24124,0,0.0,0,3,0.45147135416666667,0.45147135416666667
24124,0,0.0,1,0,0.6124088541666667,0.6124088541666667
24124,0,0.0,1,2,0.22131510416666667,0.22131510416666667
24124,0,0.0,1,3,0.5745182291666666,0.5745182291666666
24124,0,0.0,2,0,0.5197265625,0.5197265625
24124,0,0.0,2,1,0.5794140625,0.5794140625
24124,0,0.0,2,3,0.6404166666666666,0.6404166666666666
24124,0,0.0,3,0,0.6364322916666667,0.6364322916666667
24124,0,0.0,3,1,0.7717317708333333,0.7717317708333333
24124,0,0.0,3,2,0.2803515625,0.2803515625
24124,1,0.5,0,1,0.5424348958333334,0.5424348958333334
24124,1,0.5,0,2,0.20518229166666666,0.20518229166666666
24124,1,0.5,0,3,0.435234375,0.435234375
24124,1,0.5,1,0,0.6081380208333333,0.6081380208333333
24124,1,0.5,1,2,0.22317708333333333,0.22317708333333333
24124,1,0.5,1,3,0.5440364583333334,0.5440364583333334
24124,1,0.5,2,0,0.5143229166666666,0.5143229166666666
24124,1,0.5,2,1,0.5758463541666666,0.5758463541666666
24124,1,0.5,2,3,0.6450390625,0.6450390625
24124,1,0.5,3,0,0.6336848958333333,0.6336848958333333
24124,1,0.5,3,1,0.7642447916666667,0.7642447916666667
24124,1,0.5,3,2,0.29587239583333336,0.29587239583333336
24124,2,1.0,0,1,0.5495442708333333,0.5495442708333333
24124,2,1.0,0,2,0.20393229166666665,0.20393229166666665
24124,2,1.0,0,3,0.44005208333333334,0.44005208333333334
24124,2,1.0,1,0,0.6033333333333334,0.6033333333333334
24124,2,1.0,1,2,0.219140625,0.219140625
24124,2,1.0,1,3,0.53328125,0.53328125
24124,2,1.0,2,0,0.5187890625,0.5187890625
24124,2,1.0,2,1,0.5792578125,0.5792578125
24124,2,1.0,2,3,0.646171875,0.646171875
24124,2,1.0,3,0,0.6406901041666667,0.6406901041666667
24124,2,1.0,3,1,0.7634635416666666,0.7634635416666666
24124,2,1.0,3,2,0.29015625,0.29015625
24125,0,0.0,0,1,0.6438932291666667,0.6438932291666667
24125,0,0.0,0,2,0.4803645833333333,0.4803645833333333
24125,0,0.0,0,3,0.8209114583333333,0.8209114583333333
24125,0,0.0,1,0,0.38061197916666667,0.38061197916666667
24125,0,0.0,1,2,0.3327734375,0.3327734375
24125,0,0.0,1,3,0.5603385416666666,0.5603385416666666
24125,0,0.0,2,0,0.6282291666666666,0.6282291666666666
24125,0,0.0,2,1,0.4686458333333333,0.4686458333333333
24125,0,0.0,2,3,0.7165755208333333,0.7165755208333333
24125,0,0.0,3,0,0.46453125,0.46453125
24125,0,0.0,3,1,0.5792317708333333,0.5792317708333333
24125,0,0.0,3,2,0.3602473958333333,0.3602473958333333
24125,1,0.5,0,1,0.6355859375,0.6355859375
24125,1,0.5,0,2,0.46803385416666665,0.46803385416666665
24125,1,0.5,0,3,0.8244270833333334,0.8244270833333334
24125,1,0.5,1,0,0.42541666666666667,0.42541666666666667
24125,1,0.5,1,2,0.27338541666666666,0.27338541666666666
24125,1,0.5,1,3,0.5691536458333334,0.5691536458333334
24125,1,0.5,2,0,0.6299609375,0.6299609375
24125,1,0.5,2,1,0.4378385416666667,0.4378385416666667
24125,1,0.5,2,3,0.7143359375,0.7143359375
24125,1,0.5,3,0,0.40522135416666666,0.40522135416666666
24125,1,0.5,3,1,0.5030859375,0.5030859375
24125,1,0.5,3,2,0.32489583333333333,0.32489583333333333
24125,2,1.0,0,1,0.6131640625,0.6131640625
24125,2,1.0,0,2,0.5001953125,0.5001953125
24125,2,1.0,0,3,0.8066276041666667,0.8066276041666667
24125,2,1.0,1,0,0.4330859375,0.4330859375
24125,2,1.0,1,2,0.29680989583333334,0.29680989583333334
24125,2,1.0,1,3,0.5885546875,0.5885546875
24125,2,1.0,2,0,0.60078125,0.60078125
24125,2,1.0,2,1,0.3893098958333333,0.3893098958333333
24125,2,1.0,2,3,0.673046875,0.673046875
24125,2,1.0,3,0,0.37915364583333333,0.37915364583333333
24125,2,1.0,3,1,0.5055859375,0.5055859375
24125,2,1.0,3,2,0.32354166666666667,0.32354166666666667
24126,0,0.0,0,1,0.6616536458333333,0.6616536458333333
24126,0,0.0,0,2,0.4238151041666667,0.4238151041666667
24126,0,0.0,0,3,0.29930989583333334,0.29930989583333334
24126,0,0.0,1,0,0.377421875,0.377421875
24126,0,0.0,1,2,0.35321614583333333,0.35321614583333333
24126,0,0.0,1,3,0.325859375,0.325859375
24126,0,0.0,2,0,0.4558333333333333,0.4558333333333333
24126,0,0.0,2,1,0.6113020833333334,0.6113020833333334
24126,0,0.0,2,3,0.4812239583333333,0.4812239583333333
24126,0,0.0,3,0,0.30451822916666665,0.30451822916666665
24126,0,0.0,3,1,0.36907552083333334,0.36907552083333334
24126,0,0.0,3,2,0.5710416666666667,0.5710416666666667
24126,1,0.5,0,1,0.6457161458333334,0.6457161458333334
24126,1,0.5,0,2,0.4457291666666667,0.4457291666666667
24126,1,0.5,0,3,0.3186979166666667,0.3186979166666667
24126,1,0.5,1,0,0.341875,0.341875
24126,1,0.5,1,2,0.31350260416666664,0.31350260416666664
24126,1,0.5,1,3,0.33348958333333334,0.33348958333333334
24126,1,0.5,2,0,0.47610677083333336,0.47610677083333336
24126,1,0.5,2,1,0.5604036458333334,0.5604036458333334
24126,1,0.5,2,3,0.46111979166666667,0.46111979166666667
24126,1,0.5,3,0,0.3294921875,0.3294921875
24126,1,0.5,3,1,0.3883333333333333,0.3883333333333333
24126,1,0.5,3,2,0.576875,0.576875
24126,2,1.0,0,1,0.6367578125,0.6367578125
24126,2,1.0,0,2,0.46165364583333335,0.46165364583333335
24126,2,1.0,0,3,0.3312760416666667,0.3312760416666667
24126,2,1.0,1,0,0.32678385416666667,0.32678385416666667
24126,2,1.0,1,2,0.30736979166666667,0.30736979166666667
24126,2,1.0,1,3,0.3513671875,0.3513671875
24126,2,1.0,2,0,0.4942578125,0.4942578125
24126,2,1.0,2,1,0.5833072916666666,0.5833072916666666
24126,2,1.0,2,3,0.45317708333333334,0.45317708333333334
24126,2,1.0,3,0,0.35013020833333336,0.35013020833333336
24126,2,1.0,3,1,0.44145833333333334,0.44145833333333334
24126,2,1.0,3,2,0.5843229166666667,0.5843229166666667
24127,0,0.0,0,1,0.6121875,0.6121875
24127,0,0.0,0,2,0.6078255208333333,0.6078255208333333
24127,0,0.0,0,3,0.5061979166666667,0.5061979166666667
24127,0,0.0,1,0,0.4430208333333333,0.4430208333333333
24127,0,0.0,1,2,0.7884244791666667,0.7884244791666667
24127,0,0.0,1,3,0.6028385416666666,0.6028385416666666
24127,0,0.0,2,0,0.306328125,0.306328125
24127,0,0.0,2,1,0.5379166666666667,0.5379166666666667
24127,0,0.0,2,3,0.5879166666666666,0.5879166666666666
24127,0,0.0,3,0,0.3208723958333333,0.3208723958333333
24127,0,0.0,3,1,0.5570442708333333,0.5570442708333333
24127,0,0.0,3,2,0.8581510416666667,0.8581510416666667
24127,1,0.5,0,1,0.6509895833333333,0.6509895833333333
24127,1,0.5,0,2,0.566796875,0.566796875
24127,1,0.5,0,3,0.4523567708333333,0.4523567708333333
24127,1,0.5,1,0,0.536953125,0.536953125
24127,1,0.5,1,2,0.6717708333333333,0.6717708333333333
24127,1,0.5,1,3,0.49190104166666665,0.49190104166666665
24127,1,0.5,2,0,0.4251432291666667,0.4251432291666667
24127,1,0.5,2,1,0.5517057291666667,0.5517057291666667
24127,1,0.5,2,3,0.5108723958333333,0.5108723958333333
24127,1,0.5,3,0,0.453984375,0.453984375
24127,1,0.5,3,1,0.428515625,0.428515625
24127,1,0.5,3,2,0.7482161458333333,0.7482161458333333
24127,2,1.0,0,1,0.7338020833333333,0.7338020833333333
24127,2,1.0,0,2,0.44756510416666667,0.44756510416666667
24127,2,1.0,0,3,0.34442708333333333,0.34442708333333333
24127,2,1.0,1,0,0.6730078125,0.6730078125
24127,2,1.0,1,2,0.483515625,0.483515625
24127,2,1.0,1,3,0.40106770833333333,0.40106770833333333
24127,2,1.0,2,0,0.5183984375,0.5183984375
24127,2,1.0,2,1,0.5109114583333333,0.5109114583333333
24127,2,1.0,2,3,0.40727864583333334,0.40727864583333334
24127,2,1.0,3,0,0.5498567708333333,0.5498567708333333
24127,2,1.0,3,1,0.42346354166666667,0.42346354166666667
24127,2,1.0,3,2,0.6512239583333334,0.6512239583333334
