camera,camera_height_m,camera_start_boundary_clearance_m,clipped_fraction,cx_pixels,cy_pixels,dark_fraction,endpoint_baseline_m,few_semantic_classes,forward_x,forward_y,forward_z,fx_pixels,fy_pixels,luminance_std,mean_luminance,mostly_dark,position_x_m,position_y_m,position_z_m,seed,semantic_classes,single_class_dominance,substantial_clipping,time,vertical_fov_degrees,view,visible_chair_fraction,visible_desk_fraction,visible_floor_fraction,visible_person_fraction,visible_table_fraction,visible_wall_fraction,visible_window_fraction
0,1.5335537,3.294784985,0.0,240.0,180.0,0.0,0.5434602436465589,False,-0.6174134,-0.0680917,0.7836864,266.9063,266.9063,0.11616618,0.06929029,False,-0.068480015,1.5335537,-0.057025194,100000,7,False,False,0.0,67.99097640998315,0,0.0,0.0,0.22755787037037037,0.0,0.0,0.10784722222222222,0.42138888888888887
1,1.66082,1.5654904000000003,0.0,240.0,180.0,0.0029050927,0.27889752568889903,False,0.74729025,-0.17790487,0.64023983,606.75507,606.75507,0.026890034,0.037436575,False,-1.7977746,1.66082,-2.1708622,100000,9,False,False,0.0,33.04704022699059,1,0.0,0.01931712962962963,0.3344849537037037,0.0,0.0,0.37805555555555553,0.04217592592592593
0,1.5848434,3.294784985,0.0,240.0,180.0,0.0,0.5434602436465589,False,-0.61273116,-0.06962361,0.78721845,266.9063,266.9063,0.11577008,0.06445828,False,-0.4236377,1.5848434,0.35111868,100000,8,False,False,1.0,67.99097640998315,2,0.0,0.0,0.17890046296296297,0.0,0.0,0.11810185185185185,0.4659375
1,1.6502333,1.5654904000000003,0.0,240.0,180.0,0.002951389,0.27889752568889903,False,0.8348359,-0.17705168,0.52124965,606.75507,606.75507,0.02635246,0.03980243,False,-1.8417057,1.6502333,-1.8956499,100000,9,False,False,1.0,33.04704022699059,3,0.0,0.0012847222222222223,0.3249537037037037,0.0,0.0,0.4634027777777778,0.006996527777777778
0,1.6562061,1.2439496,0.0,240.0,180.0,5.787037e-06,0.7867023223163451,False,-0.92584807,-0.1819589,-0.3312044,157.24498,157.24498,0.099961214,0.056480944,False,2.9485574,1.6562061,1.3384972,100001,14,False,False,0.0,97.7201635766511,0,0.051001157407407405,0.0,0.2630439814814815,0.003599537037037037,0.04521990740740741,0.22483796296296296,0.24078125
1,1.2105157,1.4955652999999998,0.0,240.0,180.0,0.00015625,0.1616145585888227,False,-0.77820843,-0.14625421,0.6107384,138.39885,138.39885,0.12929936,0.060184073,False,1.4342499,1.2105157,-1.3044347,100001,13,False,False,0.0,104.88789424162746,1,0.047824074074074074,0.0,0.37189814814814814,0.004201388888888889,0.02,0.09211805555555555,0.31244791666666666
0,1.4881446,1.2439496,0.0,240.0,180.0,0.0002951389,0.7867023223163451,False,-0.9184176,-0.11897824,-0.37729758,157.24498,157.24498,0.09772918,0.050188355,False,3.5923562,1.4881446,1.758234,100001,16,False,False,1.0,97.7201635766511,2,0.019039351851851852,0.0,0.2852835648148148,0.0025,0.01814814814814815,0.20917245370370371,0.27574074074074073
1,1.3540478,1.4955652999999998,0.0,240.0,180.0,0.00018518518,0.1616145585888227,False,-0.73877394,-0.16087957,0.6544702,138.39885,138.39885,0.13713947,0.061687883,False,1.374565,1.3540478,-1.3486559,100001,12,False,False,1.0,104.88789424162746,3,0.05904513888888889,0.0,0.35272569444444446,0.00433449074074074,0.022291666666666668,0.08327546296296297,0.3261574074074074
0,1.1478114,3.219341,0.0,240.0,180.0,0.0,0.20327215602976137,False,0.2856173,0.0024103913,-0.9583407,406.49188,406.49188,0.100873336,0.056454428,False,0.2866025,1.1478114,2.9841743,100002,9,False,False,0.0,47.76879772382963,0,0.0,0.00494212962962963,0.13161458333333334,0.0,0.0,0.5935185185185186,0.09479745370370371
1,0.91564834,0.8896191,0.0,240.0,180.0,0.0,0.3692724007635281,False,-0.9929484,0.11263624,0.03696394,442.82263,442.82263,0.1318087,0.1476556,False,2.6163244,0.91564834,5.7227654,100002,8,False,False,0.0,44.24184142434282,1,0.0,0.0,0.12506944444444446,0.0,0.0,0.21421875,0.3328935185185185
0,1.3419464,3.219341,0.0,240.0,180.0,0.0,0.20327215602976137,False,0.42980078,-0.10140588,-0.8972113,406.49188,406.49188,0.100027405,0.0485408,False,0.33547676,1.3419464,2.9489255,100002,8,False,False,1.0,47.76879772382963,2,0.0,0.0008333333333333334,0.13560185185185186,0.0,0.0,0.6616493055555556,0.1083912037037037
1,1.1383522,0.8896191,0.0,240.0,180.0,0.0,0.3692724007635281,False,-0.9887817,0.090834826,0.118572116,442.82263,442.82263,0.12800388,0.13702351,False,2.6647434,1.1383522,5.432213,100002,8,False,False,1.0,44.24184142434282,3,0.0,0.0,0.10269675925925927,0.0,0.0,0.20295717592592594,0.3421875
0,0.9455519,3.23204054,0.0,240.0,180.0,0.0011574074,0.26004303122083006,False,0.21376915,-0.05298582,-0.97544616,212.1624,212.1624,0.0047734487,0.008546714,False,-0.6957011,0.9455519,-0.89693046,100003,8,False,False,0.0,80.62299410796626,0,0.0,0.0,0.3082928240740741,0.0,0.0,0.4084375,0.036383101851851854
1,3.0649936,3.6870244999999997,0.0,240.0,180.0,0.0,0.3535495805189323,True,-0.006057768,-0.8036655,-0.5950506,668.48,668.48,0.0026986853,0.011223031,False,0.540843,3.0649936,0.4419465,100003,2,True,False,0.0,30.140911200502188,1,0.0,0.0,0.9558622685185185,0.0,0.0,0.0,0.0
0,1.0476489,3.23204054,0.0,240.0,180.0,0.0008854167,0.26004303122083006,False,0.21607585,-0.08228715,-0.9729029,212.1624,212.1624,0.004798983,0.008799694,False,-0.907781,1.0476489,-0.7863832,100003,9,False,False,1.0,80.62299410796626,2,0.0,0.0,0.31322916666666667,0.0,0.0,0.4347511574074074,0.03328125
1,2.895839,3.6870244999999997,0.0,240.0,180.0,0.0,0.3535495805189323,True,0.07688791,-0.748971,-0.6581267,668.48,668.48,0.0025386743,0.010306212,False,0.23347631,2.895839,0.39824587,100003,2,False,False,1.0,30.140911200502188,3,0.0,0.0,0.83578125,0.0,0.0,0.0,0.0
0,3.0659428,4.3515356999999995,0.0,240.0,180.0,5.2083335e-05,0.10419370843702587,False,0.8612604,-0.19987029,0.46720684,241.8592,241.8592,0.09555233,0.1727223,False,-1.6926908,3.0659428,1.8918037,100004,12,False,False,0.0,73.31579405649916,0,0.004241898148148148,0.0,0.34651620370370373,0.014994212962962963,0.0,0.20423032407407407,0.09609375
1,1.6801429,0.7247329999999987,0.0,240.0,180.0,6.9444446e-05,0.20664162334469283,False,-0.97735053,-0.21024431,0.024151802,142.66472,142.66472,0.114280134,0.12642382,False,4.9456353,1.6801429,-9.466518,100004,16,False,False,0.0,103.20059083074669,1,0.002980324074074074,0.0,0.28640046296296295,0.009114583333333334,0.008657407407407407,0.3513310185185185,0.01576388888888889
0,3.1417427,4.3515356999999995,0.0,240.0,180.0,6.9444446e-05,0.10419370843702587,False,0.8672368,-0.19580501,0.4577781,241.8592,241.8592,0.095192954,0.17251702,False,-1.65957,3.1417427,1.9551576,100004,12,False,False,1.0,73.31579405649916,2,0.0032233796296296294,0.0,0.33880787037037036,0.013304398148148149,0.0,0.20596643518518518,0.0944849537037037
1,1.8767271,0.7247329999999987,0.0,240.0,180.0,6.9444446e-05,0.20664162334469283,False,-0.96360487,-0.26683903,-0.016189039,142.66472,142.66472,0.11307854,0.13326697,False,4.981167,1.8767271,-9.519366,100004,17,False,False,1.0,103.20059083074669,3,0.0017997685185185185,0.0,0.27828125,0.009467592592592593,0.010109953703703704,0.43175925925925923,0.01712962962962963
0,1.6143019,1.5774651499999999,0.0,240.0,180.0,0.0,0.17628329930509584,False,0.059649654,-0.23854499,0.9692974,268.5166,268.5166,0.086465925,0.10039578,False,-2.4502504,1.6143019,-1.3617772,100005,7,False,False,0.0,67.67181599978348,0,4.050925925925926e-05,0.034068287037037036,0.23108217592592592,0.0,0.0,0.10198495370370371,0.6216377314814815
1,1.7901537,2.80043601,0.0,240.0,180.0,0.0,0.12675489262393186,False,-0.8241609,-0.51624465,-0.23291618,260.82343,260.82343,0.21842976,0.11478771,False,0.51622725,1.7901537,-0.13880634,100005,7,False,False,0.0,69.22082458765351,1,0.0,0.0025810185185185185,0.3769560185185185,0.0,0.0,0.2804918981481481,0.26647569444444447
0,1.6535811,1.5774651499999999,0.0,240.0,180.0,0.0,0.17628329930509584,False,0.14652936,-0.23400667,0.96112967,268.5166,268.5166,0.08990763,0.10297628,False,-2.6134546,1.6535811,-1.3079503,100005,7,False,False,1.0,67.67181599978348,2,0.00010416666666666667,0.040399305555555556,0.20169560185185184,0.0,0.0,0.13244212962962962,0.6098206018518518
1,1.8780736,2.80043601,0.0,240.0,180.0,0.0,0.12675489262393186,False,-0.8106302,-0.531847,-0.24498457,260.82343,260.82343,0.23221472,0.12521765,False,0.42502612,1.8780736,-0.1344191,100005,7,False,False,1.0,69.22082458765351,3,0.0,0.002037037037037037,0.3500520833333333,0.0,0.0,0.2814525462962963,0.28282407407407406
0,1.5248579,0.8018758999999998,0.0,240.0,180.0,5.2083335e-05,0.233942605476811,False,0.89225185,-0.047928654,0.448987,519.4927,519.4927,0.039211262,0.05997887,False,-2.9406786,1.5248579,-0.07250786,100006,6,False,False,0.0,38.22157104384379,0,0.0,0.0,0.265318287037037,0.0,0.0,0.5494907407407408,0.07001157407407407
1,1.1153935,1.0769513999999996,0.0,240.0,180.0,1.7361112e-05,2.110107882329859,False,0.13679758,0.014034871,-0.9904996,478.4062,478.4062,0.06702349,0.06545988,False,-0.28826737,1.1153935,4.8206496,100006,16,False,False,0.0,41.23755040360364,1,0.012800925925925926,0.0,0.31851851851851853,0.008894675925925926,0.003587962962962963,0.39155092592592594,0.001568287037037037
0,1.3105936,0.8018758999999998,0.0,240.0,180.0,2.3148148e-05,0.233942605476811,False,0.8989048,-0.02606283,0.43736875,519.4927,519.4927,0.04002142,0.062575795,False,-3.020249,1.3105936,-0.122392766,100006,6,False,False,1.0,38.22157104384379,2,0.0,0.0,0.27802662037037035,0.0,0.0,0.5530092592592593,0.05737847222222222
1,1.3275428,1.0769513999999996,0.0,240.0,180.0,1.1574074e-05,2.110107882329859,False,0.51503694,-0.011595398,-0.8570896,478.4062,478.4062,0.0748487,0.07114891,False,-2.3667946,1.3275428,4.5252304,100006,14,False,False,1.0,41.23755040360364,3,0.012916666666666667,0.0,0.31504629629629627,0.009363425925925926,0.0038136574074074075,0.46394097222222225,0.0
0,1.2024707,1.3784527999999998,0.0,240.0,180.0,0.0,0.19651677746932947,False,-0.95091945,0.014966842,0.3090763,356.34094,356.34094,0.06773486,0.050564718,False,5.4899087,1.2024707,-1.6398215,100007,6,False,False,0.0,53.59980639360987,0,0.0,0.032332175925925924,0.10892939814814814,0.0,0.0,0.3685127314814815,0.44640625
1,1.0082533,1.4459654999999998,0.0,240.0,180.0,0.00022569444,0.29173158899694074,False,0.9540671,0.0008686404,0.2995919,572.94946,572.94946,0.12921908,0.0498542,False,-5.422396,1.0082533,-0.8142253,100007,8,False,False,0.0,34.881666556859955,1,0.0,0.07924768518518518,0.18425925925925926,0.0,0.0,0.13773726851851853,0.5327604166666666
0,1.0137619,1.3784527999999998,0.0,240.0,180.0,0.0,0.19651677746932947,False,-0.9488304,0.037981905,0.31349337,356.34094,356.34094,0.058902115,0.048240025,False,5.530888,1.0137619,-1.6033725,100007,6,False,False,1.0,53.59980639360987,2,0.0,0.04026620370370371,0.1256539351851852,0.0,0.0,0.37461226851851853,0.4164814814814815
1,1.2413639,1.4459654999999998,0.0,240.0,180.0,0.00021412037,0.29173158899694074,False,0.95247555,-0.05327526,0.29992008,572.94946,572.94946,0.11434364,0.047161277,False,-5.5387726,1.2413639,-0.9454627,100007,8,False,False,1.0,34.881666556859955,3,0.0,0.09613425925925925,0.19791087962962964,0.0,0.0,0.11074074074074074,0.5194502314814815
0,0.9226658,1.8504307999999998,0.0,240.0,180.0,0.041516203,1.3699755664531137,False,-0.12538268,-0.03472943,-0.9915004,421.01535,421.01535,0.0065068975,0.0093559995,False,2.5826578,0.9226658,2.0809402,100008,7,False,False,0.0,46.29708515322731,0,0.0036226851851851854,0.0,0.2666087962962963,0.0,0.0,0.5192129629629629,0.13306712962962963
1,2.2444646,0.8016892000000002,0.0,240.0,180.0,0.011047454,0.5968789792694474,False,0.9058645,-0.4092652,0.10913813,534.43555,534.43555,0.009774135,0.016952217,False,-6.6474423,2.2444646,0.65837336,100008,9,False,False,0.0,37.22745718365528,1,0.03424768518518519,0.0,0.43069444444444444,0.0,0.06101273148148148,0.13678819444444446,0.12287615740740741
0,0.7228535,1.8504307999999998,0.0,240.0,180.0,0.04326389,1.3699755664531137,False,-0.17389457,0.015008954,-0.9846499,421.01535,421.01535,0.007745561,0.010272172,False,3.0531478,0.7228535,3.351982,100008,9,False,False,1.0,46.29708515322731,2,0.006614583333333333,0.0,0.32806712962962964,0.01833912037037037,0.0,0.4920891203703704,0.07814236111111111
1,2.0917928,0.8016892000000002,0.0,240.0,180.0,0.012337963,0.5968789792694474,False,0.9092281,-0.41167498,0.06187105,534.43555,534.43555,0.009184861,0.016811833,False,-6.130118,2.0917928,0.91397345,100008,9,False,False,1.0,37.22745718365528,3,0.015167824074074075,0.0,0.43625578703703705,0.0,0.08901620370370371,0.1578125,0.08694444444444445
0,1.4292486,1.3302565,0.0,240.0,180.0,0.0,0.1811183160299819,False,0.9929601,-0.04826189,-0.108171105,248.35023,248.35023,0.1635763,0.12621425,False,-6.582902,1.4292486,0.56801987,100009,15,False,False,0.0,71.86791251946973,0,0.0,0.0005150462962962963,0.423125,0.0,0.0,0.07686921296296297,0.058987268518518515
1,1.552643,2.9716078,0.0,240.0,180.0,0.0,0.15528526694347444,False,0.50692683,-0.18633376,0.8416083,646.7534,646.7534,0.039974973,0.067729495,False,4.9415507,1.552643,-0.40457916,100009,7,False,False,0.0,31.105173959564382,1,0.0,0.0,0.30214120370370373,0.0,0.0,0.43560763888888887,0.06809027777777778
0,1.2531493,1.3302565,0.0,240.0,180.0,0.0,0.1811183160299819,False,0.9925883,-0.031497683,-0.11737281,248.35023,248.35023,0.15390335,0.122475654,False,-6.5501966,1.2531493,0.59491295,100009,15,False,False,1.0,71.86791251946973,2,0.0,0.0005208333333333333,0.42495949074074074,0.0,0.0,0.07637731481481481,0.05803819444444445
1,1.5185368,2.9716078,0.0,240.0,180.0,0.0,0.15528526694347444,False,0.5155524,-0.19406486,0.8345927,646.7534,646.7534,0.038782593,0.0690178,False,4.9486046,1.5185368,-0.25324997,100009,7,False,False,1.0,31.105173959564382,3,0.0,0.0,0.3223726851851852,0.0,0.0,0.4306886574074074,0.05726851851851852
0,1.7558765,1.4817332000000003,8.680556e-05,240.0,180.0,0.0,0.6634154433787778,False,0.9927,-0.040580522,0.1135782,405.98483,405.98483,0.11245798,0.07943751,False,2.262744,1.7558765,-2.0409303,100010,9,False,False,0.0,47.82177110973625,0,0.0,0.0014699074074074074,0.16140625,0.0,0.0,0.6441724537037037,0.0
1,1.7043145,2.1496424000000003,0.00038194444,240.0,180.0,0.0,0.3152879077342802,False,0.98200667,-0.1370869,-0.12988514,460.90457,460.90457,0.09950687,0.10662307,False,-2.5520096,1.7043145,1.3730211,100010,11,False,False,0.0,42.664906873538115,1,0.0,0.013153935185185185,0.4376273148148148,0.0,0.0,0.3478703703703704,0.08743055555555555
0,1.5233469,1.4817332000000003,0.001556713,240.0,180.0,0.0,0.6634154433787778,False,0.98423356,0.019155767,0.17583227,405.98483,405.98483,0.11502884,0.08032968,False,1.7411811,1.5233469,-2.378602,100010,9,False,False,1.0,47.82177110973625,2,0.0,0.004924768518518518,0.16257523148148148,0.0,0.0,0.6096817129629629,0.0
1,1.7173645,2.1496424000000003,0.00040509258,240.0,180.0,0.0,0.3152879077342802,False,0.9828895,-0.13414991,-0.1262219,460.90457,460.90457,0.099102676,0.10209147,False,-2.4201207,1.7173645,1.0869416,100010,11,False,False,1.0,42.664906873538115,3,0.0,0.013761574074074074,0.43471064814814814,0.0,0.0,0.3640277777777778,0.0667650462962963
0,1.697073,1.0530668000000003,0.0,240.0,180.0,0.038466435,0.06294124033382256,False,0.6289064,-0.17508242,-0.75751096,260.46686,260.46686,0.110465124,0.05762758,False,-2.2043462,1.697073,2.041616,100011,15,False,False,0.0,69.29412880796255,0,0.025752314814814815,0.0003414351851851852,0.2439699074074074,0.0,0.009311342592592593,0.30938078703703703,0.11164930555555555
1,1.0886887,0.7669220000000001,0.0,240.0,180.0,0.008443287,0.701927803360118,False,0.33120418,0.0864149,-0.9395937,135.60204,135.60204,0.10320905,0.075398594,False,1.056597,1.0886887,6.755827,100011,15,False,False,0.0,106.01530902468433,1,8.680555555555556e-05,0.0,0.23116319444444444,0.0,0.05333912037037037,0.46847222222222223,0.010821759259259258
0,1.6600568,1.0530668000000003,0.0,240.0,180.0,0.036278937,0.06294124033382256,False,0.63086146,-0.15371567,-0.76051646,260.46686,260.46686,0.09734931,0.053816043,False,-2.2291818,1.6600568,1.9971796,100011,15,False,False,1.0,69.29412880796255,2,0.026493055555555554,0.0003298611111111111,0.23839699074074075,0.0,0.009606481481481481,0.30821180555555555,0.11148148148148149
1,1.2555523,0.7669220000000001,0.0,240.0,180.0,0.022002315,0.701927803360118,False,0.20391086,0.03017845,-0.9785242,135.60204,135.60204,0.11285541,0.07932273,False,1.419127,1.2555523,6.178392,100011,13,False,False,1.0,106.01530902468433,3,0.0,0.0,0.2191898148148148,0.0,0.03248842592592593,0.49982638888888886,0.009699074074074074
0,1.3014157,1.5902678499999996,0.0,240.0,180.0,5.787037e-05,0.09946138878791087,False,-0.6285001,-0.13402733,-0.7661752,379.5618,379.5618,0.03800182,0.045954295,False,1.2130527,1.3014157,2.055496,100012,13,False,False,0.0,50.743525841213454,0,0.03627314814814815,0.14025462962962962,0.2461111111111111,0.002667824074074074,0.0,0.37408564814814815,0.0636111111111111
1,0.9953429,1.35416625,0.0,240.0,180.0,0.0017013889,0.367130894484724,False,-0.5757133,-0.004283022,0.81764054,437.84323,437.84323,0.05803013,0.049907576,False,0.7725873,0.9953429,-2.2915976,100012,12,False,False,0.0,44.69572140091161,1,0.05380787037037037,0.14991898148148147,0.14657407407407408,0.017881944444444443,0.0,0.11624421296296296,0.34423032407407406
0,1.235054,1.5902678499999996,0.0,240.0,180.0,0.00016782408,0.09946138878791087,False,-0.68793887,-0.14623934,-0.7108826,379.5618,379.5618,0.038405407,0.047656655,False,1.2636075,1.235054,2.1096523,100012,13,False,False,1.0,50.743525841213454,2,0.03701388888888889,0.12625,0.2740046296296296,0.029612268518518517,0.0,0.3394155092592593,0.062488425925925926
1,1.1660013,1.35416625,0.0,240.0,180.0,0.0013541667,0.367130894484724,False,-0.57150394,-0.087190166,0.8159543,437.84323,437.84323,0.04392316,0.047530822,False,0.53325474,1.1660013,-2.0716414,100012,11,False,False,1.0,44.69572140091161,3,0.07670717592592592,0.14924189814814814,0.09361111111111112,0.02262152777777778,0.0,0.10345486111111112,0.340162037037037
0,0.9710681,2.58175902,0.0,240.0,180.0,0.0,0.3087958691279728,False,0.7196377,-0.042094316,-0.69307256,714.1103,714.1103,0.029732596,0.0390213,False,-1.8140895,0.9710681,-0.21824098,100013,6,False,False,0.0,28.294756959794796,0,0.0,0.0,0.04735532407407408,0.0,0.0,0.4636574074074074,0.0
1,2.9435053,0.9386987500000004,3.4722223e-05,240.0,180.0,0.0005150463,0.4050428845975941,False,0.95914793,-0.26783234,-0.091109574,403.3825,403.3825,0.055989977,0.07399958,False,-5.13376,2.9435053,1.2565403,100013,16,False,False,0.0,48.09539856395687,1,0.0,0.02414351851851852,0.28152199074074075,0.008784722222222222,0.0,0.2727662037037037,0.250306712962963
0,0.72443765,2.58175902,0.0,240.0,180.0,0.00049189816,0.3087958691279728,False,0.77350503,0.0026359614,-0.63378453,714.1103,714.1103,0.02964567,0.043423105,False,-1.9242861,0.72443765,-0.36785722,100013,6,False,False,1.0,28.294756959794796,2,0.0,0.0,0.05954861111111111,0.0,0.0,0.37733796296296296,0.0
1,2.7514658,0.9386987500000004,5.2083335e-05,240.0,180.0,0.0011921297,0.4050428845975941,False,0.96484137,-0.25271016,-0.07224208,403.3825,403.3825,0.05700044,0.073722474,False,-5.187728,2.7514658,0.9040236,100013,16,False,False,1.0,48.09539856395687,3,0.0,0.033443287037037035,0.282662037037037,0.014288194444444444,0.0,0.2814872685185185,0.21371527777777777
0,2.4679132,1.4960093999999997,0.0,240.0,180.0,0.0,0.25491160640687305,False,0.5829284,-0.35454142,0.7310916,665.0935,665.0935,0.023776954,0.031726982,False,-0.68728685,2.4679132,-1.3039906,100014,8,False,False,0.0,30.2873511915285,0,0.058611111111111114,0.0,0.13707175925925927,0.0,0.13499421296296296,0.0,0.5480092592592593
1,1.5105149,1.7864954999999998,0.00045717592,240.0,180.0,0.0,0.6751004717683288,False,0.9867546,-0.118132144,0.11117709,153.13046,153.13046,0.043827936,0.047953706,False,-3.8469567,1.5105149,1.0135045,100014,15,False,False,0.0,99.22273393522579,1,0.01570601851851852,0.0,0.29685185185185187,0.009693287037037037,0.009612268518518518,0.1316087962962963,0.3163599537037037
0,2.5513394,1.4960093999999997,0.0,240.0,180.0,5.2083335e-05,0.25491160640687305,False,0.5973646,-0.41598493,0.6856475,665.0935,665.0935,0.024274912,0.034369353,False,-0.6484709,2.5513394,-1.0662653,100014,8,False,False,1.0,30.2873511915285,2,0.07197916666666666,0.0,0.18883680555555554,0.0,0.1469675925925926,0.0,0.4713599537037037
1,1.6018627,1.7864954999999998,0.00020254629,240.0,180.0,0.00094907405,0.6751004717683288,False,0.9735683,-0.12025058,0.19417775,153.13046,153.13046,0.038051553,0.04812183,False,-4.318904,1.6018627,0.5394982,100014,15,False,False,1.0,99.22273393522579,3,0.009890046296296296,0.0,0.30888310185185186,0.005416666666666667,0.006070601851851852,0.1424247685185185,0.29491319444444447
0,1.7726126,1.0383838999999995,0.0,240.0,180.0,3.4722223e-05,0.17451285013491108,False,-0.82236624,-0.25670913,-0.5077541,413.20572,413.20572,0.15203069,0.11396875,False,-4.9511185,1.7726126,4.0869656,100015,5,False,False,0.0,47.077652486550406,0,0.0,0.0,0.3409027777777778,0.0,0.0,0.25827546296296294,0.3631423611111111
1,1.4656645,1.1198913,0.0,240.0,180.0,0.0003298611,0.057895941346112985,True,-0.9820029,-0.02624883,-0.1870318,620.2191,620.2191,0.058749087,0.043567624,False,7.5754957,1.4656645,0.681849,100015,2,False,False,0.0,32.367571869576125,1,0.0,0.0,0.0,0.0,0.0,0.22290509259259259,0.7770949074074074
0,1.6338515,1.0383838999999995,0.0,240.0,180.0,2.3148148e-05,0.17451285013491108,False,-0.8357309,-0.1882955,-0.5158474,413.20572,413.20572,0.1472602,0.10907326,False,-4.8453355,1.6338515,4.0901356,100015,5,False,False,1.0,47.077652486550406,2,0.0,0.0,0.3023148148148148,0.0,0.0,0.27587384259259257,0.3863715277777778
1,1.5045607,1.1198913,0.0,240.0,180.0,0.00049768516,0.057895941346112985,True,-0.9863526,-0.029507527,-0.16198146,620.2191,620.2191,0.060408015,0.043820914,False,7.53325,1.5045607,0.67447835,100015,2,False,False,1.0,32.367571869576125,3,0.0,0.0,0.0,0.0,0.0,0.2059837962962963,0.7940162037037037
0,1.713793,3.4215883000000007,0.0,240.0,180.0,0.0,0.2881904350535078,False,0.9235183,-0.13515392,0.35895276,558.8001,558.8001,0.10281032,0.1512917,False,-4.3130603,1.713793,-1.4713967,100016,7,False,False,0.0,35.709447904333004,0,0.0,0.0049479166666666664,0.17484375,0.0,0.0,0.41475694444444444,0.32569444444444445
1,1.0851554,2.7155658000000003,0.0,240.0,180.0,0.0,0.3576992394549506,False,-0.7573269,-0.1420586,-0.6373973,440.11905,440.11905,0.09128067,0.12244979,False,1.5974436,1.0851554,2.1774192,100016,10,False,False,0.0,44.48718367109122,1,0.00140625,0.09195023148148149,0.30145833333333333,0.0,0.0,0.21332175925925925,0.35997106481481483
0,1.872574,3.4215883000000007,0.0,240.0,180.0,0.0,0.2881904350535078,False,0.92182875,-0.1681507,0.34922373,558.8001,558.8001,0.10446864,0.15107965,False,-4.491183,1.872574,-1.3097965,100016,7,False,False,1.0,35.709447904333004,2,0.0,0.002361111111111111,0.18360532407407407,0.0,0.0,0.4270138888888889,0.3189699074074074
1,0.8908608,2.7155658000000003,0.0,240.0,180.0,0.0,0.3576992394549506,False,-0.7472939,-0.08043218,-0.6596079,440.11905,440.11905,0.08331379,0.10915401,False,1.5692931,0.8908608,1.878411,100016,9,False,False,1.0,44.48718367109122,3,0.0028356481481481483,0.09846064814814814,0.3020949074074074,0.0,0.0,0.2500115740740741,0.30401041666666667
0,1.3255522,0.8229812999999995,0.0,240.0,180.0,0.0007175926,0.14950975055453736,False,-0.30848882,-0.062428817,-0.94917715,592.6611,592.6611,0.034675013,0.016861044,False,2.3347034,1.3255522,3.8728657,100017,12,False,False,0.0,33.78863497108888,0,0.017934027777777778,0.0,0.041712962962962966,0.04998263888888889,0.14203125,0.3502951388888889,0.25788194444444446
1,1.0097724,3.0668035000000002,0.0,240.0,180.0,5.787037e-06,0.3397294749111563,False,-0.9901219,-0.059673034,0.12687683,515.06824,515.06824,0.1681813,0.07535416,False,2.6130915,1.0097724,0.5836601,100017,11,False,False,0.0,38.525802465733534,1,0.06550925925925925,0.0,0.17228009259259258,0.0,0.034241898148148146,0.41585648148148147,0.22199074074074074
0,1.4497974,0.8229812999999995,0.0,240.0,180.0,0.0008622685,0.14950975055453736,False,-0.30514866,-0.103681535,-0.94664377,592.6611,592.6611,0.024155404,0.015765065,False,2.3170214,1.4497974,3.9541285,100017,12,False,False,1.0,33.78863497108888,2,0.018258101851851852,0.0,0.054670138888888886,0.04887152777777778,0.15671296296296297,0.3550347222222222,0.2523958333333333
1,0.989232,3.0668035000000002,0.0,240.0,180.0,5.787037e-06,0.3397294749111563,False,-0.998037,-0.060504034,-0.01616782,515.06824,515.06824,0.1778372,0.07701321,False,2.904162,0.989232,0.7576491,100017,11,False,False,1.0,38.525802465733534,3,0.0534375,0.0,0.17871527777777776,0.0,0.02282986111111111,0.4367476851851852,0.1998611111111111
0,0.91461325,0.7546869999999997,0.0,240.0,180.0,0.26686922,0.17669768748384912,False,-0.20909332,0.12832874,-0.96943885,477.48535,477.48535,0.062120903,0.013017498,False,-2.1356537,0.91461325,2.045313,100018,11,False,False,0.0,41.31036589091343,0,0.07388310185185185,0.0,0.020381944444444446,0.0,0.0,0.6688310185185186,0.06564814814814815
1,2.4514925,0.9031422999999998,0.0,240.0,180.0,0.19971065,0.33554195905811846,False,-0.41520792,-0.263815,-0.87063426,187.79303,187.79303,0.14949533,0.047344632,False,-1.0137677,2.4514925,1.8968577,100018,15,False,False,0.0,87.5723304501726,1,0.012546296296296297,0.0,0.17427662037037037,0.0,0.029427083333333333,0.4324710648148148,0.12177662037037038
0,0.75635415,0.7546869999999997,0.0,240.0,180.0,0.2662442,0.17669768748384912,False,-0.2379648,0.16337235,-0.95743525,477.48535,477.48535,0.058308166,0.011978202,False,-2.084149,0.75635415,2.1046712,100018,13,False,False,1.0,41.31036589091343,2,0.07248842592592593,0.0,0.01965277777777778,0.0,0.00453125,0.6706770833333333,0.061828703703703705
1,2.6824281,0.9031422999999998,0.0,240.0,180.0,0.21701968,0.33554195905811846,False,-0.4024025,-0.32523668,-0.8557414,187.79303,187.79303,0.15011807,0.04489871,False,-1.1390975,2.6824281,1.6881723,100018,15,False,False,1.0,87.5723304501726,3,0.013744212962962963,0.0,0.1824363425925926,0.0,0.024311342592592593,0.4516724537037037,0.10295138888888888
0,2.4008963,1.2991475000000001,0.0,240.0,180.0,0.0004224537,2.110993326633765,False,0.59009916,-0.17069113,-0.78908014,711.8968,711.8968,0.08244334,0.099352986,False,-2.0947514,2.4008963,4.7490005,100019,3,False,False,0.0,28.379185155696298,0,0.0,0.0,0.0,0.0,0.0,0.10324652777777778,0.7911574074074074
1,1.7176296,1.807379,0.00090277777,240.0,180.0,0.0008912037,0.599825707872254,False,-0.8282253,-0.055455916,-0.5576445,437.4605,437.4605,0.097086065,0.104871795,False,7.539505,1.7176296,4.240769,100019,13,False,False,0.0,44.73096976446805,1,0.023449074074074074,0.0,0.23184027777777777,0.039016203703703706,0.006105324074074074,0.2595138888888889,0.34713541666666664
0,2.5575886,1.2991475000000001,0.0,240.0,180.0,0.0,2.110993326633765,False,0.78385925,-0.18354811,-0.5931903,711.8968,711.8968,0.08689529,0.091674246,False,-3.551755,2.5575886,3.2295003,100019,5,False,False,1.0,28.379185155696298,2,0.0,0.0,0.07575231481481481,0.0,0.0,0.2754050925925926,0.567650462962963
1,1.5587864,1.807379,4.0509258e-05,240.0,180.0,0.0013425926,0.599825707872254,False,-0.82205635,-0.05173837,-0.5670507,437.4605,437.4605,0.09079825,0.10170218,False,7.080252,1.5587864,3.8891351,100019,12,False,False,1.0,44.73096976446805,3,0.03140625,0.0,0.22186342592592592,0.05246527777777778,0.007471064814814815,0.2439699074074074,0.3680960648148148
0,1.4587036,1.7361005000000005,0.0,240.0,180.0,0.0,0.18464413298417842,False,-0.9982258,0.01517551,-0.057574153,345.67404,345.67404,0.09853058,0.050628126,False,2.3414235,1.4587036,-0.8779497,100020,13,False,False,0.0,55.01394988383083,0,0.02572337962962963,0.0,0.14804976851851853,0.0,0.020144675925925927,0.3226099537037037,0.1752488425925926
1,1.5899014,1.6664936000000001,0.0,240.0,180.0,0.0,1.1265061987713982,False,-0.2903656,-0.14125879,-0.9464321,395.6701,395.6701,0.03194914,0.026159527,False,1.6446257,1.5899014,1.9415541,100020,8,False,False,0.0,48.92389782754722,1,0.014155092592592592,0.0,0.3260763888888889,0.0,0.0,0.48147569444444444,0.0
0,1.6371279,1.7361005000000005,0.0,240.0,180.0,5.787037e-06,0.18464413298417842,False,-0.9985691,-0.008937981,-0.05272478,345.67404,345.67404,0.09324023,0.04848019,False,2.3886611,1.6371279,-0.87276953,100020,13,False,False,1.0,55.01394988383083,2,0.023055555555555555,0.0,0.13778356481481482,0.0,0.02017361111111111,0.32905671296296296,0.1739236111111111
1,1.6447206,1.6664936000000001,0.0,240.0,180.0,0.0,1.1265061987713982,False,-0.26930705,-0.16793467,-0.94829935,395.6701,395.6701,0.034498066,0.02526005,False,1.0475881,1.6447206,0.98784703,100020,8,False,False,1.0,48.92389782754722,3,0.028917824074074075,0.0,0.25421875,0.0,0.0,0.5127199074074074,0.0
0,1.7243022,1.2714068000000003,0.0,240.0,180.0,0.0,2.763432928888083,False,-0.42267767,-0.53377223,0.73241484,417.262,417.262,0.034684684,0.019986592,False,-4.4707747,1.7243022,-2.3808484,100021,4,False,False,0.0,46.66915420510275,0,0.0,0.0,0.18626157407407407,0.0,0.0,0.48292824074074076,0.0864525462962963
1,1.166249,3.6743679,0.0,240.0,180.0,3.4722223e-05,0.1680511212507967,False,0.99984837,0.0030999817,-0.017137587,411.9817,411.9817,0.03722983,0.014618623,False,-2.0678136,1.166249,4.9471607,100021,11,False,False,0.0,47.20224903459514,1,0.006898148148148148,0.02697337962962963,0.27032407407407405,0.0,0.0,0.2849421296296296,0.12986689814814814
0,1.6005472,1.2714068000000003,0.0,240.0,180.0,1.1574074e-05,2.763432928888083,False,-0.95994663,-0.2540999,0.11804843,417.262,417.262,0.08101073,0.032295607,False,-1.8362701,1.6005472,-1.5558443,100021,7,False,False,1.0,46.66915420510275,2,0.0,0.0,0.30384837962962963,0.0,0.0,0.3787962962962963,0.16355324074074074
1,1.331356,3.6743679,0.0,240.0,180.0,5.787037e-06,0.1680511212507967,False,0.9998935,-0.014079815,0.0038758516,411.9817,411.9817,0.034241173,0.014068527,False,-2.0366092,1.331356,4.944488,100021,11,False,False,1.0,47.20224903459514,3,0.007048611111111111,0.019398148148148147,0.2709490740740741,0.0,0.0,0.2914236111111111,0.12766782407407407
0,1.2797122,1.2438884000000003,0.0,240.0,180.0,0.0,0.1271134351776005,False,0.53709126,0.038312968,-0.84265363,366.16742,366.16742,0.08772549,0.12037722,False,-0.6753235,1.2797122,3.8406496,100022,11,False,False,0.0,52.35546811330065,0,0.0,0.02744212962962963,0.2338136574074074,0.0,0.0,0.5542476851851852,0.0
1,0.9107139,1.1108535000000002,0.0,240.0,180.0,0.0,0.17313752878743544,False,-0.99461406,0.08444578,-0.060095727,134.37744,134.37744,0.14769283,0.1011137,False,2.6295595,0.9107139,-3.6824465,100022,12,False,False,0.0,106.51428077972992,1,0.0,0.004658564814814815,0.30895833333333333,0.0,0.0,0.36796875,0.0810474537037037
0,1.1711683,1.2438884000000003,0.0,240.0,180.0,0.0,0.1271134351776005,False,0.55633175,0.058300734,-0.8289125,366.16742,366.16742,0.087478094,0.12158333,False,-0.7267285,1.1711683,3.8822858,100022,11,False,False,1.0,52.35546811330065,2,0.0,0.024305555555555556,0.23088541666666668,0.0,0.0,0.562974537037037,0.0
1,1.0454965,1.1108535000000002,0.0,240.0,180.0,0.0,0.17313752878743544,False,-0.9970606,0.06413235,-0.041918635,134.37744,134.37744,0.14726153,0.1002178,False,2.695971,1.0454965,-3.7684684,100022,12,False,False,1.0,106.51428077972992,3,0.0,0.005271990740740741,0.29463541666666665,0.0,0.0,0.3830497685185185,0.08273726851851852
0,0.83241695,0.9320030000000004,0.0,240.0,180.0,0.00018518518,0.13308199932957157,False,-0.18913053,-0.0070346487,-0.98192674,424.1281,424.1281,0.030044612,0.036730643,False,2.0668855,0.83241695,3.2859335,100023,13,False,False,0.0,45.99274315048311,0,0.04679398148148148,0.0,0.3226909722222222,0.0077546296296296295,0.02513310185185185,0.4538888888888889,0.01505787037037037
1,2.788508,0.8203749000000005,0.0,240.0,180.0,0.0003761574,0.25385055154743397,False,0.09382915,-0.35895956,0.9286252,659.4829,659.4829,0.031064559,0.054791447,False,-0.52786136,2.788508,-3.3975616,100023,11,False,False,0.0,30.53304122365855,1,0.06129629629629629,0.0,0.22716435185185185,0.016898148148148148,0.24762152777777777,0.02443865740740741,0.3441724537037037
0,0.73695326,0.9320030000000004,0.0,240.0,180.0,7.523148e-05,0.13308199932957157,False,-0.15778136,-0.010067728,-0.98742276,424.1281,424.1281,0.030593876,0.038897924,False,2.034581,0.73695326,3.3728468,100023,13,False,False,1.0,45.99274315048311,2,0.04178240740740741,0.0,0.3489814814814815,0.007395833333333333,0.018119212962962962,0.4624826388888889,0.004253472222222222
1,2.5391498,0.8203749000000005,0.0,240.0,180.0,0.00053819444,0.25385055154743397,False,0.14284776,-0.28816846,0.9468652,659.4829,659.4829,0.03051767,0.052270416,False,-0.49513128,2.5391498,-3.4320483,100023,11,False,False,1.0,30.53304122365855,3,0.03850115740740741,0.0,0.19317129629629629,0.015978009259259258,0.22461805555555556,0.03836226851851852,0.3668518518518519
0,2.5624037,1.639278,0.0,240.0,180.0,0.0004224537,0.23478952884621157,False,0.6619,-0.6207633,0.420169,172.7178,172.7178,0.034290504,0.029753443,False,-0.56776285,2.5624037,-2.2180345,100024,13,False,False,0.0,92.36551774732058,0,0.011087962962962963,0.0,0.47739583333333335,0.0,0.029201388888888888,0.22119212962962964,0.1756886574074074
1,1.782538,1.4915403000000005,0.0,240.0,180.0,2.3148148e-05,2.840262720732626,False,0.94094115,-0.13188201,-0.31182826,300.12265,300.12265,0.04738198,0.044526257,False,-4.8209867,1.782538,0.9806843,100024,12,False,False,0.0,61.90685217504797,1,0.005439814814814815,0.0,0.21697337962962962,0.0,0.07027777777777777,0.36648148148148146,0.3072164351851852
0,2.329794,1.639278,0.0,240.0,180.0,0.00030671296,0.23478952884621157,False,0.67376053,-0.6132218,0.4123181,172.7178,172.7178,0.033879288,0.029732248,False,-0.58740604,2.329794,-2.2431939,100024,13,False,False,1.0,92.36551774732058,2,0.01177662037037037,0.0,0.5028993055555555,0.0,0.0290625,0.21791087962962963,0.15575810185185185
1,1.7092745,1.4915403000000005,0.0,240.0,180.0,0.0011458333,2.840262720732626,False,0.67791986,-0.25081742,-0.6910248,300.12265,300.12265,0.03348214,0.027665092,False,-1.9817522,1.7092745,1.0024153,100024,15,False,False,1.0,61.90685217504797,3,0.010202546296296296,0.0,0.29344328703703704,0.0,0.06234375,0.2478125,0.27524305555555556
0,1.6201135,1.4644252,0.0,240.0,180.0,0.0,0.2110794940083237,False,0.9278074,-0.28932244,-0.23551166,304.27704,304.27704,0.081751995,0.12115317,False,-2.4076793,1.6201135,-4.7400374,100025,6,False,False,0.0,61.21424360355997,0,0.0,0.0,0.3446875,0.0,0.0,0.5816898148148149,0.03409722222222222
1,1.567871,0.7548907999999996,0.0,240.0,180.0,0.0,0.37407522444365404,False,0.8706658,-0.19725677,-0.45058942,642.46356,642.46356,0.0900141,0.1440953,False,-3.1172137,1.567871,-3.8956034,100025,4,False,False,0.0,31.302718348169584,1,0.0,0.0,0.25862268518518516,0.0,0.0,0.6776041666666667,0.0
0,1.4173409,1.4644252,0.0,240.0,180.0,0.0,0.2110794940083237,False,0.9596759,-0.19424239,-0.20320517,304.27704,304.27704,0.08175599,0.115489386,False,-2.3820536,1.4173409,-4.792774,100025,6,False,False,1.0,61.21424360355997,2,0.0,0.0,0.3137037037037037,0.0,0.0,0.5995833333333334,0.04849537037037037
1,1.6907858,0.7548907999999996,0.0,240.0,180.0,0.0,0.37407522444365404,False,0.86873037,-0.27505213,-0.41189027,642.46356,642.46356,0.08985559,0.14018999,False,-2.901345,1.6907858,-4.1752906,100025,4,False,False,1.0,31.302718348169584,3,0.0,0.0,0.31919560185185186,0.0,0.0,0.6167881944444444,0.0
0,1.5607853,1.8458493,0.0,240.0,180.0,5.787037e-06,0.13882997461953261,False,0.7078187,-0.3970453,-0.58424973,459.34042,459.34042,0.019092416,0.018299153,False,-1.3198626,1.5607853,-1.9835557,100026,6,False,False,0.0,42.797071048140936,0,0.0,0.0,0.17460069444444445,0.0,0.0,0.40427083333333336,0.0
1,1.3226302,0.9161069999999998,0.0,240.0,180.0,0.00038773147,0.2654607541643208,False,-0.22272642,-0.07098836,0.97229314,548.6955,548.6955,0.03834624,0.024947504,False,1.3908257,1.3226302,-2.913298,100026,12,False,False,0.0,36.32423677512853,1,0.048894675925925925,0.05634837962962963,0.19464699074074074,0.0,0.0,0.0797974537037037,0.4830844907407407
0,1.5971599,1.8458493,0.0,240.0,180.0,0.0,0.13882997461953261,False,0.72386074,-0.44674206,-0.52578247,459.34042,459.34042,0.01862713,0.018628374,False,-1.4173629,1.5971599,-2.0754488,100026,5,False,False,1.0,42.797071048140936,2,0.0,0.0,0.21432870370370372,0.0,0.0,0.3697800925925926,0.0
1,1.2203484,0.9161069999999998,0.0,240.0,180.0,0.0005613426,0.2654607541643208,False,-0.13618448,-0.072025985,0.9880618,548.6955,548.6955,0.02817642,0.021909632,False,1.1678882,1.2203484,-3.01482,100026,13,False,False,1.0,36.32423677512853,3,0.04476851851851852,0.0853587962962963,0.20137152777777778,0.0,0.0,0.060821759259259256,0.47950810185185183
0,1.242511,0.8790672000000006,0.0,240.0,180.0,0.061545137,1.3178974759249684,False,0.20329541,-0.16415209,-0.9652591,684.9601,684.9601,0.023012327,0.014600398,False,-4.3031573,1.242511,-0.17334056,100027,6,False,False,0.0,29.447592161348236,0,0.0,0.16622685185185185,0.24574074074074073,0.0,0.0,0.5207175925925925,0.0
1,0.8809339,2.7623025,0.0,240.0,180.0,0.06939236,0.1805887150372637,False,-0.31553757,-0.015175031,0.9487921,635.3358,635.3358,0.0075061056,0.011334503,False,-2.419922,0.8809339,-0.6021495,100027,8,False,False,0.0,31.63641469763173,1,0.0,0.11809606481481481,0.19266782407407407,0.0,0.0,0.14690393518518519,0.4504976851851852
0,1.035608,0.8790672000000006,0.0,240.0,180.0,0.04972801,1.3178974759249684,False,-0.27649716,-0.15529293,-0.94838464,684.9601,684.9601,0.015653968,0.014720714,False,-3.2046685,1.035608,-0.8714575,100027,8,False,False,1.0,29.447592161348236,2,0.0,0.2734085648148148,0.2168576388888889,0.0,0.0,0.39112268518518517,0.018078703703703704
1,0.8375983,2.7623025,0.0,240.0,180.0,0.067754626,0.1805887150372637,False,-0.31444785,-0.041904658,0.94834924,635.3358,635.3358,0.007929205,0.012163356,False,-2.3378172,0.8375983,-0.7570466,100027,8,False,False,1.0,31.63641469763173,3,0.0,0.10875578703703703,0.26325810185185183,0.0,0.0,0.13179976851851852,0.4136458333333333
0,0.9126104,1.7001040000000005,0.0,240.0,180.0,0.0,0.48611340309514217,False,-0.9052703,-0.0349354,0.4233979,255.37701,255.37701,0.11505906,0.06566859,False,7.508479,0.9126104,-2.6319764,100028,11,False,False,0.0,70.35544145019517,0,0.0,0.09527199074074075,0.3505150462962963,0.0,0.0,0.21492476851851852,0.13962962962962963
1,1.5414145,2.6146140000000004,0.0,240.0,180.0,0.00019097222,2.117651655298395,False,-0.82964087,-0.33595854,-0.44590104,708.3897,708.3897,0.026586093,0.041566614,False,5.1107445,1.5414145,-2.497992,100028,5,False,False,0.0,28.51397003925405,1,0.0,0.29813657407407407,0.38350694444444444,0.0,0.0,0.2819675925925926,0.027123842592592592
0,1.0090827,1.7001040000000005,0.0,240.0,180.0,0.0,0.48611340309514217,False,-0.95618063,-0.069483474,0.2844119,255.37701,255.37701,0.108601965,0.065194845,False,7.8075957,1.0090827,-2.261128,100028,11,False,False,1.0,70.35544145019517,2,0.0,0.07821180555555556,0.382806712962963,0.0,0.0,0.20794560185185185,0.13235532407407408
1,1.7145538,2.6146140000000004,0.0,240.0,180.0,0.0,2.117651655298395,False,-0.72911566,-0.48685214,0.48100507,708.3897,708.3897,0.02300334,0.069444954,False,4.58934,1.7145538,-4.5431347,100028,3,False,False,1.0,28.51397003925405,3,0.0,0.4911979166666667,0.494375,0.0,0.0,0.0,0.0
0,2.8105426,3.7043541,0.0,240.0,180.0,0.0016956019,0.9298108104837242,False,-0.9124841,-0.4001696,0.08507025,464.64914,464.64914,0.08347225,0.121060066,False,-4.0672984,2.8105426,0.6450944,100029,6,False,False,0.0,42.35164792862828,0,0.0,0.0,0.3744849537037037,0.0,0.0,0.20711226851851852,0.3882060185185185
1,1.5213648,0.8978713000000003,0.0,240.0,180.0,5.787037e-06,0.17209886177046602,False,0.8251598,-0.06563246,-0.56107366,171.40593,171.40593,0.12761454,0.1555783,False,-4.725086,1.5213648,3.4515772,100029,15,False,False,0.0,92.80192251113787,1,0.012251157407407407,0.0,0.37451388888888887,0.00171875,0.0024305555555555556,0.13988425925925926,0.15031828703703703
0,2.6285796,3.7043541,0.0,240.0,180.0,0.0034085647,0.9298108104837242,False,-0.92201716,-0.3243932,0.21131337,464.64914,464.64914,0.08229475,0.109474026,False,-3.754839,2.6285796,-0.2115308,100029,6,False,False,1.0,42.35164792862828,2,0.0,0.0,0.3470486111111111,0.0,0.0,0.2103761574074074,0.3997800925925926
1,1.377629,0.8978713000000003,0.0,240.0,180.0,4.0509258e-05,0.17209886177046602,False,0.8147378,-0.03710022,-0.5786414,171.40593,171.40593,0.12725775,0.15614994,False,-4.7385497,1.377629,3.5452616,100029,15,False,False,1.0,92.80192251113787,3,0.01306712962962963,0.0,0.37601851851851853,0.0017534722222222222,0.0022337962962962962,0.13986689814814815,0.1482175925925926
0,1.7922814,1.2778147999999998,0.0005844907,240.0,180.0,0.0,0.18285436015569867,False,0.006800467,-0.19612248,-0.98055583,152.37608,152.37608,0.10881919,0.09041835,False,2.2971487,1.7922814,-1.4376612,100030,12,False,False,0.0,99.50191335048123,0,0.0,0.0,0.2516087962962963,0.0,0.0,0.28024305555555556,0.016672453703703703
1,1.6553248,2.862585,0.0,240.0,180.0,0.0,1.0056497177753991,False,-0.35495436,-0.10608202,-0.9288455,461.5606,461.5606,0.0686474,0.0822917,False,-0.7123785,1.6553248,1.8263226,100030,10,False,False,0.0,42.60970811955521,1,0.0,0.0,0.26504050925925926,0.0,0.0,0.49265046296296294,0.12621527777777777
0,1.9684027,1.2778147999999998,0.00060185185,240.0,180.0,0.0,0.18285436015569867,False,-0.032477885,-0.23531893,-0.9713754,152.37608,152.37608,0.09903225,0.08564603,False,2.3239188,1.9684027,-1.4788967,100030,12,False,False,1.0,99.50191335048123,2,0.0,0.0,0.24774305555555556,0.0,0.0,0.26852430555555556,0.022789351851851852
1,1.6955283,2.862585,0.0,240.0,180.0,0.0,1.0056497177753991,False,-0.2845818,-0.108531244,-0.9524884,461.5606,461.5606,0.06758914,0.08218395,False,-1.1624992,1.6955283,2.7247136,100030,10,False,False,1.0,42.60970811955521,3,0.0,0.0,0.2659664351851852,0.0,0.0,0.4831944444444444,0.14668402777777778
0,1.4991428,1.0178657999999996,0.0,240.0,180.0,0.0,0.39079270623092505,False,-0.70079863,-0.031964112,-0.71264267,219.36893,219.36893,0.16122025,0.093039446,False,3.0134892,1.4991428,2.944999,100031,14,False,False,0.0,78.74019176780892,0,0.010167824074074074,0.06791666666666667,0.21721643518518519,0.006174768518518519,0.0,0.304369212962963,0.2570428240740741
1,1.3079304,3.2577660999999996,0.0,240.0,180.0,0.0,1.3720007375752727,False,-0.35945857,-0.14846957,-0.9212743,193.82066,193.82066,0.17878962,0.12021399,False,-0.7735889,1.3079304,1.0097308,100031,11,False,False,0.0,85.76531896715515,1,0.0,0.008096064814814815,0.3505150462962963,0.0,0.0,0.3034085648148148,0.256087962962963
0,1.6180915,1.0178657999999996,0.0,240.0,180.0,0.0,0.39079270623092505,False,-0.7604435,-0.034345783,-0.6484953,219.36893,219.36893,0.16461399,0.09481707,False,3.2817078,1.6180915,2.6868732,100031,14,False,False,1.0,78.74019176780892,2,0.010208333333333333,0.053119212962962965,0.22400462962962964,0.0072048611111111115,0.0,0.3445775462962963,0.25644675925925925
1,1.2420359,3.2577660999999996,0.0,240.0,180.0,0.0,1.3720007375752727,False,-0.31016093,-0.17558652,-0.93432844,193.82066,193.82066,0.17495821,0.11795297,False,-1.41261,1.2420359,-0.20257938,100031,10,False,False,1.0,85.76531896715515,3,0.0,0.04491319444444444,0.3351099537037037,0.0,0.0,0.35096643518518517,0.19740740740740742
0,1.2707524,2.2818284999999996,0.0,240.0,180.0,0.0,0.11833385153543483,False,0.9803786,0.015152777,0.1965406,451.86847,451.86847,0.07812932,0.08775594,False,-5.649547,1.2707524,0.1216259,100032,8,False,False,0.0,43.43933381817079,0,0.012164351851851852,0.020943287037037038,0.09712384259259259,0.0,0.0,0.34912037037037036,0.48689814814814814
1,0.89794403,1.281885,0.0,240.0,180.0,0.0,0.10955656240061998,False,-0.63439023,-0.0014405446,-0.77301157,336.12686,336.12686,0.09690377,0.081486955,False,3.4417853,0.89794403,6.599782,100032,9,False,False,0.0,56.33917490790985,1,0.0,0.0,0.14837962962962964,0.0,0.0,0.1268923611111111,0.6464814814814814
0,1.334286,2.2818284999999996,0.0,240.0,180.0,0.0,0.11833385153543483,False,0.9847839,0.013254836,0.1732775,451.86847,451.86847,0.08243375,0.08659549,False,-5.7448573,1.334286,0.15132992,100032,8,False,False,1.0,43.43933381817079,2,0.011585648148148149,0.020908564814814814,0.08669560185185185,0.0,0.0,0.3322337962962963,0.5165972222222223
1,0.9367975,1.281885,0.0,240.0,180.0,0.0,0.10955656240061998,False,-0.63745296,0.0036419919,-0.77048063,336.12686,336.12686,0.098313324,0.081579916,False,3.4556203,0.9367975,6.498285,100032,9,False,False,1.0,56.33917490790985,3,0.0,0.0,0.14276620370370371,0.0,0.0,0.1257638888888889,0.671417824074074
0,0.8592073,0.7494370999999997,0.0,240.0,180.0,0.0,0.1612173452577606,False,0.8681589,0.08921636,-0.48820138,454.8728,454.8728,0.06819528,0.033227384,False,-5.342338,0.8592073,2.3930044,100033,5,False,False,0.0,43.178898717183046,0,0.0,0.0,0.03854166666666667,0.0,0.0,0.5589583333333333,0.3516724537037037
1,3.0401564,1.0201985000000002,0.0,240.0,180.0,0.0,0.2003213761234945,False,0.3492629,-0.8828595,-0.3139658,602.90906,602.90906,0.045775972,0.059687324,False,-5.982938,3.0401564,-0.0018706322,100033,6,False,False,0.0,33.24624848503285,1,0.08339699074074074,0.1285474537037037,0.771875,0.0,0.0,0.0010185185185185184,0.0
0,1.0002187,0.7494370999999997,0.0,240.0,180.0,0.0,0.1612173452577606,False,0.8875015,0.06851812,-0.45568228,454.8728,454.8728,0.05847637,0.030613547,False,-5.396449,1.0002187,2.3366234,100033,5,False,False,1.0,43.178898717183046,2,0.0,0.0,0.027870370370370372,0.0,0.0,0.5324537037037037,0.40015046296296297
1,2.8636646,1.0201985000000002,0.0,240.0,180.0,0.0,0.2003213761234945,False,0.4222021,-0.8522438,-0.30891162,602.90906,602.90906,0.03822563,0.053533964,False,-5.934602,2.8636646,-0.0833748,100033,7,False,False,1.0,33.24624848503285,3,0.09800925925925925,0.10644097222222222,0.7841493055555555,0.0,0.0,0.0013020833333333333,0.0
0,2.6377409,1.7266642,0.0,240.0,180.0,0.0,0.9514055335315534,False,-0.19183989,-0.94897234,0.25029838,337.22147,337.22147,0.007901221,0.02033239,False,3.3914633,2.6377409,-0.5211414,100034,4,False,False,0.0,56.18426430884033,0,0.03743634259259259,0.23658564814814814,0.6997048611111111,0.0,0.0,0.0,0.0
1,1.5145966,1.9279241500000002,0.0,240.0,180.0,4.0509258e-05,0.26423144397232523,False,0.9521948,-0.21502164,0.21700394,190.09528,190.09528,0.03758051,0.032384295,False,-1.3972847,1.5145966,-1.2065811,100034,15,False,False,0.0,86.87500643603069,1,0.05126157407407408,0.08649305555555556,0.28280671296296295,0.008958333333333334,0.0,0.25289930555555556,0.17185185185185184
0,2.5127435,1.7266642,0.0,240.0,180.0,0.0,0.9514055335315534,False,-0.2690978,-0.72331375,0.6359277,337.22147,337.22147,0.010138847,0.023210611,False,3.591137,2.5127435,-1.4429215,100034,9,False,False,1.0,56.18426430884033,2,0.026770833333333334,0.16507523148148148,0.6221469907407408,0.0,0.0,0.0,0.11973958333333333
1,1.3162378,1.9279241500000002,0.0,240.0,180.0,3.4722223e-05,0.26423144397232523,False,0.96281904,-0.117626175,0.2431941,190.09528,190.09528,0.038894143,0.032843,False,-1.2828346,1.3162378,-1.3383886,100034,15,False,False,1.0,86.87500643603069,3,0.07618634259259259,0.09453125,0.21966435185185185,0.009635416666666667,0.0,0.25492476851851853,0.17298611111111112
0,1.5499927,3.4783013,0.0,240.0,180.0,0.0,0.17525727360451923,False,-0.005910517,-0.2345306,-0.9720908,321.0334,321.0334,0.054880433,0.13421743,False,-0.10370159,1.5499927,-0.3620112,100035,5,False,False,0.0,58.55776489348157,0,0.0,0.0,0.22522569444444446,0.0,0.0,0.4936111111111111,0.0
1,1.6741991,2.6810498000000003,0.002505787,240.0,180.0,0.0,0.25209937362667134,False,-0.6886012,-0.15245785,-0.70893234,237.3347,237.3347,0.10862909,0.16963874,False,4.038697,1.6741991,1.1592627,100035,12,False,False,0.0,74.35500198699566,1,0.0013425925925925925,0.0,0.4017939814814815,0.0,0.0006770833333333334,0.4660243055555556,0.009236111111111112
0,1.7157936,3.4783013,0.0,240.0,180.0,0.0,0.17525727360451923,False,0.03914214,-0.31444767,-0.9484675,321.0334,321.0334,0.05505897,0.13669413,False,-0.14734316,1.7157936,-0.32567132,100035,5,False,False,1.0,58.55776489348157,2,0.0,0.0,0.2674074074074074,0.0,0.0,0.4611631944444444,0.0
1,1.8315005,2.6810498000000003,0.0026388888,240.0,180.0,0.0,0.25209937362667134,False,-0.7065046,-0.15273967,-0.69102955,237.3347,237.3347,0.109837376,0.16694987,False,4.222068,1.8315005,1.0872527,100035,12,False,False,1.0,74.35500198699566,3,0.0013194444444444445,0.0,0.38619791666666664,0.0,0.001261574074074074,0.46200810185185187,0.007546296296296297
0,1.4771055,0.9634282999999999,0.0,240.0,180.0,0.018998843,0.42915418186545723,False,0.48679608,-0.032803208,0.87289953,278.61972,278.61972,0.14283799,0.056148034,False,-1.8365717,1.4771055,-2.957529,100036,14,False,False,0.0,65.72830305165407,0,0.040150462962962964,2.8935185185185186e-05,0.22722222222222221,0.0,0.009479166666666667,0.17189814814814816,0.08629050925925925
1,1.2517716,2.5918382899999997,0.0,240.0,180.0,0.008142361,0.2454595490916743,False,0.43466294,-0.023474116,-0.9002872,207.64151,207.64151,0.120770924,0.06956787,False,-0.20816171,1.2517716,-1.2917569,100036,10,False,False,0.0,81.84263790730535,1,0.0,0.0,0.23006365740740742,0.0,0.0,0.44972222222222225,0.0
0,1.689746,0.9634282999999999,0.0,240.0,180.0,0.014635417,0.42915418186545723,False,0.5628039,-0.09146944,0.82151437,278.61972,278.61972,0.119567454,0.054461624,False,-2.1874561,1.689746,-3.083376,100036,13,False,False,1.0,65.72830305165407,2,0.03040509259259259,0.0,0.25689236111111113,0.0,0.007534722222222222,0.1866261574074074,0.06391203703703703
1,1.4726241,2.5918382899999997,0.0,240.0,180.0,0.012471065,0.2454595490916743,False,0.50228316,-0.096813075,-0.85926646,207.64151,207.64151,0.100517735,0.06259252,False,-0.2575608,1.4726241,-1.3868058,100036,10,False,False,1.0,81.84263790730535,3,0.0,0.0,0.2282465277777778,0.0,0.0,0.4609027777777778,0.0
0,1.241723,0.9349211000000004,0.0,240.0,180.0,0.0,0.19382308635190082,False,-0.03847352,-0.19844928,-0.97935575,185.18588,185.18588,0.17103373,0.12582292,False,-3.6922004,1.241723,0.35634208,100037,9,False,False,0.0,88.37283270406168,0,0.0,0.0,0.2775925925925926,0.0,0.0,0.4594560185185185,0.1289236111111111
1,0.86806273,1.5968090000000004,0.0,240.0,180.0,0.0,0.18828164591383534,False,0.99825627,0.04767807,0.034806013,630.7874,630.7874,0.06636596,0.06759571,False,-3.0303125,0.86806273,-0.5211153,100037,9,False,False,0.0,31.853004203347083,1,0.0,0.0,0.07133680555555555,0.0,0.0,0.29355324074074074,0.4721064814814815
0,1.0570935,0.9349211000000004,0.0,240.0,180.0,0.0,0.19382308635190082,False,0.05782342,-0.1242309,-0.9905671,185.18588,185.18588,0.17053793,0.12771894,False,-3.7244842,1.0570935,0.405709,100037,10,False,False,1.0,88.37283270406168,2,0.0,0.0,0.2945601851851852,0.0,0.0,0.4059548611111111,0.12550925925925926
1,1.049254,1.5968090000000004,0.0,240.0,180.0,0.0,0.18828164591383534,False,0.9991669,-0.0395094,-0.010225654,630.7874,630.7874,0.06477269,0.065276645,False,-2.9813435,1.049254,-0.5360062,100037,8,False,False,1.0,31.853004203347083,3,0.0,0.0,0.1420775462962963,0.0,0.0,0.2546527777777778,0.4409548611111111
0,0.8880093,1.6779549000000005,0.0,240.0,180.0,0.0,0.25687365028252235,False,0.90495956,0.17645109,0.38718688,560.8153,560.8153,0.02382446,0.038796976,False,0.8189707,0.8880093,-3.1810446,100038,8,False,False,0.0,35.589239067083376,0,0.0497337962962963,0.0,0.0,0.0,0.0,0.4790335648148148,0.0
1,1.9947145,0.9011443000000003,0.016886573,240.0,180.0,0.0,0.1531545391160837,False,0.6799173,-0.20503934,0.7040392,138.81915,138.81915,0.19880179,0.20629542,False,-2.3264809,1.9947145,-3.9578552,100038,8,False,False,0.0,104.71992020482895,1,0.0,0.03518518518518519,0.16036458333333334,0.0,0.0,0.4222164351851852,0.17462962962962963
0,0.79285306,1.6779549000000005,0.0,240.0,180.0,0.0,0.25687365028252235,False,0.8876108,0.1826408,0.42283475,560.8153,560.8153,0.024739025,0.03701239,False,1.01678,0.79285306,-3.0476248,100038,6,False,False,1.0,35.589239067083376,2,0.0679224537037037,0.0,0.0,0.0,0.0,0.4460763888888889,0.0
1,1.9491512,0.9011443000000003,0.017974537,240.0,180.0,0.0,0.1531545391160837,False,0.7051712,-0.1849914,0.684479,138.81915,138.81915,0.20054173,0.20284356,False,-2.1805065,1.9491512,-3.9493833,100038,9,False,False,1.0,104.71992020482895,3,0.00028356481481481483,0.003998842592592593,0.17482060185185186,0.0,0.0,0.428287037037037,0.2025462962962963
0,0.8530246,2.7314356999999996,0.0,240.0,180.0,0.012777777,0.2206826552571518,False,-0.9903211,-0.062203698,0.12407565,501.5703,501.5703,0.039691035,0.0374799,False,-3.0086503,0.8530246,0.44710827,100039,6,False,False,0.0,39.483375369579775,0,0.0,0.0,0.06648148148148147,0.0,0.0,0.6882349537037037,0.1992361111111111
1,1.4762317,1.0315092999999997,0.0,240.0,180.0,0.0065972223,0.13071755038689323,False,0.13145518,0.011918166,-0.99125046,242.63249,242.63249,0.09014412,0.044059582,False,-4.7085767,1.4762317,8.1758795,100039,14,False,False,0.0,73.14068669515129,1,0.0,0.008425925925925925,0.23420717592592594,0.0,0.0,0.20331597222222222,0.17983796296296295
0,0.9966152,2.7314356999999996,0.0,240.0,180.0,0.012152778,0.2206826552571518,False,-0.9723804,-0.15361099,0.17572868,501.5703,501.5703,0.035531897,0.03878663,False,-2.8442364,0.9966152,0.4795219,100039,6,False,False,1.0,39.483375369579775,2,0.0,0.0,0.09493634259259259,0.0,0.0,0.695324074074074,0.15137152777777776
1,1.4636216,1.0315092999999997,0.0,240.0,180.0,0.005966435,0.13071755038689323,False,0.13109279,0.012201533,-0.99129504,242.63249,242.63249,0.07962785,0.04158505,False,-4.759245,1.4636216,8.295716,100039,14,False,False,1.0,73.14068669515129,3,0.0,0.00787037037037037,0.23292824074074073,0.0,0.0,0.2547627314814815,0.15438657407407408
0,1.6933188,1.3653440000000003,0.0,240.0,180.0,0.0,1.2662043429533585,False,-0.20832118,-0.42039612,-0.8831022,589.38354,589.38354,0.04873336,0.05378441,False,-4.699637,1.6933188,-0.51333785,100040,5,False,False,0.0,33.96574596584634,0,0.0,0.0,0.24977430555555555,0.0,0.0,0.5450462962962963,0.005578703703703704
1,1.6913924,1.5265947000000004,0.0,240.0,180.0,0.0,0.6298054294490986,False,0.9928384,-0.098376885,0.06777787,198.455,198.455,0.119164914,0.08295919,False,-4.5383863,1.6913924,0.13308644,100040,14,False,False,0.0,84.41647318501407,1,0.0,0.004045138888888889,0.36615162037037036,0.0,0.0,0.07484375,0.11753472222222222
0,1.9148157,1.3653440000000003,0.0,240.0,180.0,0.0,1.2662043429533585,False,-0.67401105,-0.4174427,-0.6094674,589.38354,589.38354,0.13833326,0.10466679,False,-3.4583068,1.9148157,-0.62871504,100040,5,False,False,1.0,33.96574596584634,2,0.0,0.0,0.24608796296296295,0.0,0.0,0.5043055555555556,0.06748842592592592
1,1.4430197,1.5265947000000004,0.0,240.0,180.0,0.0,0.6298054294490986,False,0.9972933,-0.048274465,0.055459857,198.455,198.455,0.13650988,0.088009305,False,-4.0881777,1.4430197,0.496787,100040,14,False,False,1.0,84.41647318501407,3,0.0,0.004438657407407408,0.36493055555555554,0.0,0.0,0.0763888888888889,0.12565972222222221
0,1.5588759,2.22761799,0.0,240.0,180.0,0.0,0.45030107564820854,False,0.5619901,-0.0034992285,-0.8271366,364.5288,364.5288,0.03705855,0.05850153,False,0.97583866,1.5588759,0.5270407,100041,8,False,False,0.0,52.55922336440508,0,0.0,0.0,0.04237847222222222,0.0,0.0,0.578125,0.0
1,1.1289268,2.30127741,0.0,240.0,180.0,0.0,0.3457984007968066,False,-0.8781944,0.09071056,-0.46962345,181.80132,181.80132,0.103909716,0.1429509,False,0.90217924,1.1289268,0.46224976,100041,13,False,False,0.0,89.42948146984195,1,0.015167824074074075,0.0,9.837962962962963e-05,0.01708912037037037,0.2902372685185185,0.38390625,0.10688657407407408
0,1.709425,2.22761799,0.0,240.0,180.0,0.0,0.45030107564820854,False,0.6260913,-0.086084604,-0.7749834,364.5288,364.5288,0.03555178,0.05463731,False,0.8947751,1.709425,0.110465705,100041,8,False,False,1.0,52.55922336440508,2,0.0,0.0,0.04302662037037037,0.0,0.0,0.5102256944444444,0.0
1,1.1575955,2.30127741,0.0,240.0,180.0,0.0,0.3457984007968066,False,-0.82354146,0.06888962,-0.5630573,181.80132,181.80132,0.081885666,0.13274844,False,0.97209257,1.1575955,0.79969126,100041,13,False,False,1.0,89.42948146984195,3,0.008611111111111111,0.0,0.0006944444444444445,0.013836805555555555,0.3140277777777778,0.3907291666666667,0.09315972222222223
0,1.2496731,0.7267731999999998,0.0,240.0,180.0,0.1519676,1.0202200481877641,False,0.65547264,0.037906453,-0.754267,195.20056,195.20056,0.023028629,0.012684961,False,0.018361568,1.2496731,3.2457213,100042,15,False,False,0.0,85.36007164823708,0,0.015619212962962963,0.04352430555555555,0.2683622685185185,0.011336805555555555,0.0,0.3120428240740741,0.06498842592592592
1,0.8978419,2.929912,0.0,240.0,180.0,0.074716434,0.30279384673785054,False,0.97059834,-0.010226294,0.24048805,237.4293,237.4293,0.02046645,0.01778715,False,-3.0463817,0.8978419,-1.0425825,100042,15,False,False,0.0,74.33301759639647,1,0.018188657407407407,0.02953125,0.363275462962963,0.05313078703703704,0.0,0.15259259259259259,0.13636574074074073
0,1.2044086,0.7267731999999998,0.0,240.0,180.0,0.13016783,1.0202200481877641,False,0.88447654,0.081949815,-0.45933133,195.20056,195.20056,0.026280098,0.012392511,False,-0.118975475,1.2044086,2.2358012,100042,15,False,False,1.0,85.36007164823708,2,0.030896990740740742,0.08613425925925926,0.18157407407407408,0.013032407407407407,0.0,0.3180150462962963,0.07899305555555555
1,1.1214576,2.929912,0.0,240.0,180.0,0.07782407,0.30279384673785054,False,0.9744984,-0.048340067,0.21912646,237.4293,237.4293,0.020624848,0.017393392,False,-3.0364916,1.1214576,-0.83866507,100042,15,False,False,1.0,74.33301759639647,3,0.018159722222222223,0.03629050925925926,0.3464988425925926,0.055677083333333335,0.0,0.15625,0.14641203703703703
0,0.911741,2.755947,0.0,240.0,180.0,0.0,0.514367727580213,False,0.9191754,0.086485565,-0.38423532,277.20288,277.20288,0.13679875,0.19629605,False,-0.06352353,0.911741,4.321852,100043,7,False,False,0.0,65.99486593626072,0,0.0,0.0,0.2194675925925926,0.0,0.0,0.677962962962963,0.0
1,2.6250598,2.2123298,0.0,240.0,180.0,0.0,0.08183772711512748,False,-0.42074537,-0.3869956,-0.8204924,634.56287,634.56287,0.10674385,0.16783176,False,-1.3742667,2.6250598,0.29590416,100043,4,False,False,0.0,31.673020971162636,1,0.0,0.0,0.03877893518518519,0.0,0.0,0.5110474537037037,0.4132349537037037
0,0.9180878,2.755947,0.0,240.0,180.0,0.0,0.514367727580213,False,0.9514324,0.08788566,-0.29504675,277.20288,277.20288,0.13473417,0.17760497,False,-0.57563514,0.9180878,4.369555,100043,7,False,False,1.0,65.99486593626072,2,0.0,0.0,0.24358796296296295,0.0,0.0,0.6678819444444445,0.0
1,2.5597835,2.2123298,0.0,240.0,180.0,0.0,0.08183772711512748,False,-0.36950144,-0.3556497,-0.8584765,634.56287,634.56287,0.107932284,0.16011448,False,-1.3249853,2.5597835,0.29869017,100043,4,False,False,1.0,31.673020971162636,3,0.0,0.0,0.028599537037037038,0.0,0.0,0.44126157407407407,0.4957928240740741
0,2.1612499,0.8677492,1.1574074e-05,240.0,180.0,0.00013310186,0.36992696186071655,False,0.87130845,-0.2876651,0.39757967,697.4099,697.4099,0.069628626,0.056902308,False,-3.0199618,2.1612499,-2.5570803,100044,7,False,False,0.0,28.94416967015008,0,0.004710648148148148,0.07284722222222222,0.40879050925925925,0.06840856481481482,0.0,0.4202430555555556,0.0
1,1.6873095,0.8551285000000002,0.0006597222,240.0,180.0,0.001105324,0.1951665555089294,False,0.46973273,-0.062297292,0.8806081,332.33566,332.33566,0.058110073,0.044108063,False,-2.8682356,1.6873095,-4.195005,100044,12,False,False,0.0,56.8818175061003,1,0.011568287037037037,0.0888599537037037,0.2356712962962963,0.04887731481481482,0.0,0.14254050925925926,0.14174189814814814
0,1.9263994,0.8677492,0.0,240.0,180.0,0.00012152778,0.36992696186071655,False,0.8910061,-0.2184214,0.39799523,697.4099,697.4099,0.045246936,0.050491795,False,-3.272366,1.9263994,-2.4229784,100044,7,False,False,1.0,28.94416967015008,2,0.003292824074074074,0.06360532407407407,0.3908912037037037,0.04626736111111111,0.0,0.4700289351851852,0.0
1,1.5146916,0.8551285000000002,0.0,240.0,180.0,0.0009201389,0.1951665555089294,False,0.42891026,-0.039793972,0.90247,332.33566,332.33566,0.052186206,0.04403079,False,-2.7804947,1.5146916,-4.219389,100044,12,False,False,1.0,56.8818175061003,3,0.011070601851851852,0.12236689814814815,0.19820601851851852,0.05146412037037037,0.0,0.13775462962962962,0.14166087962962962
0,1.6803939,0.8644894000000001,0.0,240.0,180.0,0.0006539352,0.2585242071318663,False,-0.9033239,-0.0849266,-0.42046827,230.89203,230.89203,0.07418618,0.05513337,False,6.5242996,1.6803939,2.135272,100045,15,False,False,0.0,75.8788978347051,0,0.021822916666666668,0.0,0.3434201388888889,0.0071643518518518514,0.021475694444444443,0.16066550925925926,0.12191550925925926
1,1.5916283,1.0153990000000004,0.0,240.0,180.0,8.1018516e-05,0.1858849072525526,False,0.21167137,-0.27351263,-0.9382889,475.97894,475.97894,0.062100254,0.08769152,False,-6.37339,1.5916283,1.1680727,100045,8,False,False,0.0,41.430025261637525,1,0.13928819444444446,0.019681712962962963,0.2989351851851852,0.0,0.0,0.34796875,0.12779513888888888
0,1.6473781,0.8644894000000001,0.0,240.0,180.0,0.00076967594,0.2585242071318663,False,-0.9029197,-0.08035573,-0.42223102,230.89203,230.89203,0.07640331,0.056099635,False,6.303552,1.6473781,2.0048296,100045,15,False,False,1.0,75.8788978347051,2,0.027158564814814816,0.0,0.3305092592592593,0.007951388888888888,0.029079861111111112,0.16385416666666666,0.11435185185185186
1,1.7375753,1.0153990000000004,0.0,240.0,180.0,8.680556e-05,0.1858849072525526,False,0.19601339,-0.2879436,-0.9373725,475.97894,475.97894,0.06157857,0.08789706,False,-6.426796,1.7375753,1.2700554,100045,9,False,False,1.0,41.430025261637525,3,0.11984375,0.020497685185185185,0.27684027777777775,0.0,0.0,0.3814988425925926,0.13122685185185184
0,1.462137,6.146804299999999,0.0,240.0,180.0,0.0,0.2330230633418503,False,0.3106857,-0.11056659,0.9440602,210.34926,210.34926,0.07012701,0.07823992,False,-2.9215617,1.462137,-0.861609,100046,9,False,False,0.0,81.10851281398217,0,0.0,0.023489583333333335,0.34630208333333334,0.0,0.0,0.250318287037037,0.22561342592592593
1,1.2734168,4.95175225,0.0,240.0,180.0,0.00091435184,1.313200881534143,False,0.07736959,0.013005448,-0.99691767,653.3071,653.3071,0.025698954,0.022575429,False,2.403695,1.2734168,-2.289267,100046,8,False,False,0.0,30.80802658785364,1,0.0002488425925925926,0.029947916666666668,0.002042824074074074,0.10972222222222222,0.0,0.5978530092592592,0.0
0,1.6059233,6.146804299999999,0.0,240.0,180.0,0.0,0.2330230633418503,False,0.30483246,-0.11190739,0.94580877,210.34926,210.34926,0.07225308,0.07782168,False,-2.8496249,1.6059233,-1.0302813,100046,9,False,False,1.0,81.10851281398217,2,0.0,0.02287037037037037,0.3403125,0.0,0.0,0.2839467592592593,0.20865162037037038
1,1.2206578,4.95175225,0.0,240.0,180.0,0.001707176,1.313200881534143,False,-0.25068772,0.005463256,-0.96805257,653.3071,653.3071,0.024071787,0.021157749,False,3.6403089,1.2206578,-2.7280142,100046,8,False,False,1.0,30.80802658785364,3,0.024560185185185185,0.028385416666666666,0.00640625,0.12002893518518519,0.0,0.5487268518518519,0.0
0,1.2285352,0.763935,0.0,240.0,180.0,0.023206018,0.28822182927547313,False,-0.50280887,-0.1561555,-0.8501757,567.78094,567.78094,0.03135818,0.019502807,False,-2.5945597,1.2285352,5.006983,100047,9,False,False,0.0,35.17969456470181,0,0.10204282407407407,0.09116319444444444,0.3301851851851852,0.0,0.0,0.31399305555555557,0.11965277777777777
1,0.98544675,1.2592955999999997,0.0,240.0,180.0,0.0055034724,0.05764370800020174,False,-0.09195354,-0.014565225,-0.9956568,441.2653,441.2653,0.042905588,0.017500043,False,4.84428,0.98544675,4.5116224,100047,18,False,False,0.0,44.38285206730247,1,0.028755787037037038,0.0,0.3323668981481481,0.013848379629629629,0.013912037037037037,0.2642476851851852,0.036487268518518516
0,1.2163099,0.763935,0.0,240.0,180.0,0.013894676,0.28822182927547313,False,-0.57129306,-0.16897395,-0.80316377,567.78094,567.78094,0.027550884,0.01864908,False,-2.3414056,1.2163099,4.869741,100047,8,False,False,1.0,35.17969456470181,2,0.09356481481481481,0.09688657407407407,0.3632175925925926,0.0,0.0,0.2648263888888889,0.14068287037037036
1,0.9809164,1.2592955999999997,0.0,240.0,180.0,0.005619213,0.05764370800020174,False,-0.07389387,0.007394377,-0.9972387,441.2653,441.2653,0.03910552,0.0165038,False,4.87455,0.9809164,4.4627757,100047,18,False,False,1.0,44.38285206730247,3,0.029403935185185186,0.0,0.29999421296296297,0.014207175925925925,0.01416087962962963,0.26872106481481484,0.036724537037037035
0,0.99666965,2.81600754,0.0,240.0,180.0,0.0,0.2153744052201238,False,0.94535977,0.12864397,-0.29957628,218.18803,218.18803,0.050897907,0.022035293,False,0.39812374,0.99666965,-0.12595296,100048,11,False,False,0.0,79.0436645935779,0,0.0,0.0,0.1595659722222222,0.0,0.1289699074074074,0.4709375,0.0
1,3.1070504,1.037453,0.0,240.0,180.0,0.0,0.16345467735836092,False,0.59488904,-0.7882148,-0.1575576,139.98059,139.98059,0.016415574,0.025233058,False,0.0010662079,3.1070504,-1.9045075,100048,11,False,False,0.0,104.25773806980872,1,0.0,0.0,0.2786111111111111,0.0,0.04071759259259259,0.6003414351851852,0.0068865740740740745
0,0.7864074,2.81600754,0.0,240.0,180.0,0.0,0.2153744052201238,False,0.929164,0.15979332,-0.33334696,218.18803,218.18803,0.05070123,0.021151254,False,0.3980461,0.7864074,-0.17259966,100048,11,False,False,1.0,79.0436645935779,2,0.0,0.0,0.19101851851851853,0.0,0.09744212962962963,0.4724421296296296,0.0
1,3.1556587,1.037453,0.0,240.0,180.0,1.1574074e-05,0.16345467735836092,False,0.5363997,-0.8265164,-0.17072159,139.98059,139.98059,0.01629109,0.024849955,False,0.050970703,3.1556587,-2.052373,100048,11,False,False,1.0,104.25773806980872,3,0.0,0.0,0.26171875,0.0,0.04434027777777778,0.6087268518518518,0.01453125
0,2.5174909,5.53314532,0.0,240.0,180.0,0.0,0.12560159810667698,False,0.72463226,-0.2557695,0.6399139,532.5444,532.5444,0.06668689,0.091222644,False,0.04916668,2.5174909,3.5923376,100049,10,False,False,0.0,37.35050559973757,0,0.0,0.07694444444444444,0.2570775462962963,0.0,0.0,0.41744791666666664,0.11821180555555555
1,1.5855374,2.4431915,0.0,240.0,180.0,0.00020254629,0.2670185670521997,False,0.7415598,-0.17118013,-0.6486805,280.29358,280.29358,0.067996636,0.10874603,False,1.5356336,1.5855374,7.741684,100049,12,False,False,0.0,65.41583478850151,1,0.0,0.1728587962962963,0.195,0.01207175925925926,0.0,0.505636574074074,0.05838541666666667
0,2.6333432,5.53314532,0.0,240.0,180.0,0.0,0.12560159810667698,False,0.7481901,-0.25384322,0.6130053,532.5444,532.5444,0.06773546,0.092500776,False,0.0013629422,2.6333432,3.6006327,100049,11,False,False,1.0,37.35050559973757,2,0.0,0.06712384259259259,0.23677083333333335,0.001261574074074074,0.0,0.45134837962962965,0.10265625
1,1.8252255,2.4431915,0.0,240.0,180.0,0.00015625,0.2670185670521997,False,0.7478779,-0.22521849,-0.62446404,280.29358,280.29358,0.068224125,0.108937934,False,1.4549966,1.8252255,7.655974,100049,12,False,False,1.0,65.41583478850151,3,0.0,0.15333333333333332,0.22226273148148148,0.011927083333333333,0.0,0.4994560185185185,0.06205439814814815
0,1.5484921,1.1975854,0.0,240.0,180.0,0.00012731481,0.5739797685731877,False,-0.11401844,0.00043078652,0.9934789,150.97354,150.97354,0.1476791,0.118799336,False,-1.6024146,1.5484921,-2.067334,100050,13,False,False,0.0,100.02406124833985,0,0.00890625,1.736111111111111e-05,0.15354166666666666,0.012395833333333333,0.07015625,0.2480613425925926,0.31078125
1,1.6648276,2.18291216,0.0,240.0,180.0,0.0,0.7630222680002096,False,-0.28316852,-0.3403991,0.8966291,232.77074,232.77074,0.062345028,0.073283836,False,-0.61708784,1.6648276,0.47985435,100050,7,False,False,0.0,75.42906294016994,1,0.0,1.736111111111111e-05,0.3167650462962963,0.0,0.0,0.08534722222222223,0.48855324074074075
0,1.3189971,1.1975854,0.0,240.0,180.0,0.00017939815,0.5739797685731877,False,-0.25101826,0.031333756,0.9674754,150.97354,150.97354,0.14854363,0.11705124,False,-1.1176978,1.3189971,-2.2718687,100050,13,False,False,1.0,100.02406124833985,2,0.006325231481481481,0.0,0.20228587962962963,0.009739583333333333,0.05784143518518518,0.24559027777777778,0.2773553240740741
1,1.6911905,2.18291216,0.0,240.0,180.0,0.0,0.7630222680002096,False,-0.51622075,-0.2730533,0.81176233,232.77074,232.77074,0.08901795,0.08775149,False,0.1336031,1.6911905,0.34579805,100050,8,False,False,1.0,75.42906294016994,3,0.0,0.0,0.2369849537037037,0.0,0.06855902777777778,0.08513310185185186,0.531869212962963
0,1.7642983,1.1462754999999998,0.0,240.0,180.0,6.3657404e-05,0.34245143373274484,False,-0.81054324,-0.18031335,-0.5572311,134.04005,134.04005,0.16509202,0.07520201,False,0.24185658,1.7642983,9.1429405,100051,15,False,False,0.0,106.65232350131078,0,0.0012847222222222223,0.0,0.23645833333333333,0.0,0.006799768518518518,0.2094675925925926,0.3123090277777778
1,1.3242403,3.6107912,0.0,240.0,180.0,0.0,0.3594970926478779,False,-0.91714615,-0.03912924,0.39662528,681.4847,681.4847,0.25224435,0.13702941,False,1.1078758,1.3242403,-0.25930214,100051,4,False,False,0.0,29.59119371945747,1,0.0,0.0,0.048136574074074075,0.0,0.0,0.15780092592592593,0.7114814814814815
0,1.7004321,1.1462754999999998,0.0,240.0,180.0,3.4722223e-05,0.34245143373274484,False,-0.85009515,-0.15820947,-0.50230277,134.04005,134.04005,0.17094906,0.07999601,False,0.12299223,1.7004321,8.828194,100051,15,False,False,1.0,106.65232350131078,2,0.001568287037037037,0.0,0.19527199074074075,0.0,0.008952546296296297,0.2129050925925926,0.3145601851851852
1,1.2135947,3.6107912,0.0,240.0,180.0,0.0,0.3594970926478779,False,-0.9841066,0.11425825,0.13593721,681.4847,681.4847,0.31787348,0.20358351,False,1.0339456,1.2135947,0.07465899,100051,4,False,False,1.0,29.59119371945747,3,0.0,0.0,1.736111111111111e-05,0.0,0.0,0.34234375,0.6044849537037037
0,1.2949684,2.2504161,0.0007523148,240.0,180.0,0.00022569444,0.19257304973626604,False,-0.19720802,-0.025712844,0.98002374,136.68927,136.68927,0.11613355,0.13763572,False,0.90246964,1.2949684,-3.2886374,100052,8,False,False,0.0,105.575025336594,0,0.0,0.0,0.12454861111111111,0.0,0.0,0.1729513888888889,0.35454282407407406
1,0.92220235,0.8714690999999997,0.00090277777,240.0,180.0,4.0509258e-05,0.17939664203296155,False,-0.98946553,-0.0136918705,0.1441201,215.39764,215.39764,0.14150433,0.17457595,False,3.5459094,0.92220235,2.8618937,100052,13,False,False,0.0,79.76856506639947,1,0.001244212962962963,0.021516203703703704,0.2690625,0.014334490740740741,0.0,0.18071180555555555,0.44156828703703704
0,1.315738,2.2504161,0.00047453702,240.0,180.0,0.0,0.19257304973626604,False,-0.07001161,-0.023972815,0.9972578,136.68927,136.68927,0.11850284,0.13930306,False,0.71118456,1.315738,-3.2806988,100052,7,False,False,1.0,105.575025336594,2,0.0,0.0,0.1252662037037037,0.0,0.0,0.17792245370370371,0.3131423611111111
1,0.7673059,0.8714690999999997,0.0006712963,240.0,180.0,5.787037e-05,0.17939664203296155,False,-0.9861219,0.013679503,0.1654588,215.39764,215.39764,0.12132882,0.16827545,False,3.4699671,0.7673059,2.9111178,100052,13,False,False,1.0,79.76856506639947,3,0.0013368055555555555,0.021516203703703704,0.2927488425925926,0.015277777777777777,0.0,0.17748263888888888,0.4203761574074074
0,0.99504274,0.9057821000000006,0.0,240.0,180.0,0.004704861,0.14945194638570486,False,-0.2831814,0.11360598,0.95231414,356.62662,356.62662,0.04183504,0.019554015,False,-6.552324,0.99504274,-4.5852184,100053,10,False,False,0.0,53.56285634540189,0,0.0012326388888888888,0.0,0.14504050925925926,0.0,0.0,0.19842592592592592,0.3795138888888889
1,1.8601581,3.3916601,0.0,240.0,180.0,0.001238426,0.19147700667275966,False,-0.7573589,-0.13046457,0.639833,241.07619,241.07619,0.08500552,0.025242744,False,-0.8199873,1.8601581,-2.0993404,100053,14,False,False,0.0,73.49385788006992,1,0.02025462962962963,0.0,0.3526678240740741,0.0,0.0055613425925925926,0.13722800925925926,0.2531423611111111
0,1.0925524,0.9057821000000006,0.0,240.0,180.0,0.0061516203,0.14945194638570486,False,-0.243746,0.053745132,0.968349,356.62662,356.62662,0.041517153,0.021128526,False,-6.439168,1.0925524,-4.590063,100053,11,False,False,1.0,53.56285634540189,2,0.008443287037037037,0.0,0.1916898148148148,0.0,0.0,0.21602430555555555,0.34758680555555554
1,1.7174177,3.3916601,0.0,240.0,180.0,0.0011284723,0.19147700667275966,False,-0.7394146,-0.12385756,0.66175914,241.07619,241.07619,0.07064329,0.021803016,False,-0.8963321,1.7174177,-1.9970658,100053,14,False,False,1.0,73.49385788006992,3,0.021614583333333333,0.0,0.3605613425925926,0.0,0.0055150462962962965,0.11908564814814815,0.274375
0,2.4261985,0.8273221,0.0,240.0,180.0,0.0,1.101331186633207,False,0.79142886,-0.20704961,0.5751275,680.28864,680.28864,0.057205755,0.07574616,False,-1.1648767,2.4261985,-5.6882424,100054,6,False,False,0.0,29.640931039737183,0,0.0,0.0,0.1169675925925926,0.02340277777777778,0.0,0.630162037037037,0.0
1,1.6593559,1.5954981999999998,0.0,240.0,180.0,0.0,0.4849853831077079,False,0.030254116,-0.21293226,-0.97659844,152.78766,152.78766,0.19726463,0.14705302,False,-2.1298118,1.6593559,1.5332584,100054,14,False,False,0.0,99.34944928119693,1,0.0013252314814814815,0.0019039351851851852,0.34424768518518517,0.004728009259259259,0.0,0.3272685185185185,0.125
0,2.6617556,0.8273221,0.0,240.0,180.0,0.0,1.101331186633207,False,0.8268588,-0.312991,0.46727002,680.28864,680.28864,0.056781765,0.067267865,False,-0.72867346,2.6617556,-4.7047944,100054,4,False,False,1.0,29.640931039737183,2,0.0,0.0,0.1242650462962963,0.0,0.0,0.5432002314814814,0.0
1,1.5921373,1.5954981999999998,0.0,240.0,180.0,0.0,0.4849853831077079,False,-0.14126883,-0.20287344,-0.96896106,152.78766,152.78766,0.2241848,0.17089435,False,-1.6712657,1.5921373,1.390332,100054,14,False,False,1.0,99.34944928119693,3,0.001383101851851852,0.0021354166666666665,0.3580324074074074,0.005509259259259259,0.0,0.3263020833333333,0.12431712962962962
0,1.5780079,1.3377397999999996,0.00021990741,240.0,180.0,0.0,0.13622254156321897,False,-0.25793123,-0.34439674,0.9026973,134.7909,134.7909,0.118173614,0.16214749,False,3.0467012,1.5780079,-1.0001683,100055,11,False,False,0.0,106.34545303581667,0,0.0,0.021359953703703704,0.40193287037037034,0.0,0.0,0.3282638888888889,0.10942708333333333
1,1.5579094,3.1753862999999996,0.0,240.0,180.0,0.0,0.4087074687137611,False,0.9618799,-0.15252903,0.2269839,397.6991,397.6991,0.13024993,0.18366814,False,-1.2090547,1.5579094,1.3036747,100055,5,False,False,0.0,48.703346891636336,1,0.0,0.0686863425925926,0.3183449074074074,0.0,0.0,0.5577546296296296,0.0
0,1.6132684,1.3377397999999996,0.00031828703,240.0,180.0,0.0,0.13622254156321897,False,-0.2335722,-0.41196784,0.8807533,134.7909,134.7909,0.114569575,0.16231988,False,2.9254568,1.6132684,-0.94905007,100055,11,False,False,1.0,106.34545303581667,2,0.0,0.023616898148148147,0.4199016203703704,0.0,0.0,0.33674768518518516,0.12038773148148148
1,1.759897,3.1753862999999996,0.0,240.0,180.0,0.0,0.4087074687137611,False,0.94419795,-0.18725988,0.27096915,397.6991,397.6991,0.12901263,0.17611943,False,-0.8553811,1.759897,1.2696484,100055,7,False,False,1.0,48.703346891636336,3,0.0,0.06774884259259259,0.3175752314814815,0.0,0.0,0.5740104166666666,7.523148148148149e-05
0,1.5235115,1.7441271,0.0,240.0,180.0,2.8935185e-05,0.05662048732685591,False,0.987535,-0.07058909,-0.14068365,227.46233,227.46233,0.11453679,0.06584267,False,-3.7865934,1.5235115,-0.06971741,100056,18,False,False,0.0,76.71194409135761,0,0.004629629629629629,0.0,0.38200231481481484,0.008958333333333334,0.0013078703703703703,0.11434027777777778,0.04096643518518518
1,1.1403723,0.8170039999999998,0.0,240.0,180.0,8.1018516e-05,0.08611854212282025,False,-0.2982689,-0.0239513,0.95418143,201.99788,201.99788,0.06087375,0.03980135,False,3.2616572,1.1403723,-3.633419,100056,16,False,False,0.0,83.4083654036373,1,0.018958333333333334,0.0,0.30454282407407407,0.007690972222222222,0.0060416666666666665,0.08630787037037037,0.08519675925925926
0,1.5394642,1.7441271,0.0,240.0,180.0,4.0509258e-05,0.05662048732685591,False,0.9799664,-0.0653278,-0.18814439,227.46233,227.46233,0.10286784,0.059624404,False,-3.7324262,1.5394642,-0.065557435,100056,18,False,False,1.0,76.71194409135761,2,0.004751157407407407,0.0,0.37428819444444444,0.009994212962962963,0.0013020833333333333,0.11932291666666667,0.027447916666666666
1,1.0947483,0.8170039999999998,0.0,240.0,180.0,8.1018516e-05,0.08611854212282025,False,-0.28808746,-0.019679496,0.9574019,201.99788,201.99788,0.05964525,0.03890271,False,3.3270578,1.0947483,-3.66594,100056,16,False,False,1.0,83.4083654036373,3,0.01857638888888889,0.0,0.3053761574074074,0.0075,0.0056539351851851855,0.07986689814814815,0.08404513888888888
0,1.1426443,2.1918810000000004,0.0003761574,240.0,180.0,0.0,0.0917736927150891,False,0.74674636,0.051508546,-0.6631114,189.9913,189.9913,0.100109965,0.14354278,False,0.03879738,1.1426443,1.255199,100057,12,False,False,0.0,86.90630139080072,0,0.013559027777777777,0.004774305555555556,0.32033564814814813,0.0,0.0,0.30636574074074074,0.0
1,1.0120926,3.1780716,0.0007175926,240.0,180.0,3.4722223e-05,0.24880282675268411,False,0.05849686,-0.050355744,-0.9970168,197.74051,197.74051,0.0970057,0.1075213,False,-0.2632413,1.0120926,0.2690084,100057,8,False,False,0.0,84.62217649262195,1,0.0,0.0,0.3493576388888889,0.025069444444444443,0.0,0.4635474537037037,0.0
0,1.1559061,2.1918810000000004,0.00033564816,240.0,180.0,0.0,0.0917736927150891,False,0.68462354,0.11234221,-0.7201874,189.9913,189.9913,0.09568328,0.1325549,False,0.12902094,1.1559061,1.2448915,100057,11,False,False,1.0,86.90630139080072,2,0.019918981481481482,0.0,0.27708333333333335,0.0,0.0,0.3035821759259259,0.0
1,1.1849272,3.1780716,0.0007465278,240.0,180.0,5.787037e-05,0.24880282675268411,False,0.055889636,-0.09013408,-0.9943602,197.74051,197.74051,0.0950714,0.103152364,False,-0.086465895,1.1849272,0.24105301,100057,8,False,False,1.0,84.62217649262195,3,0.0,0.0,0.3399594907407407,0.027251157407407408,0.0,0.4752719907407407,0.0
0,1.0058775,0.7982274999999994,0.0,240.0,180.0,0.15827547,0.8137484164775993,False,-0.022290098,-0.005232237,-0.99973786,619.9083,619.9083,0.029773513,0.010005881,False,0.6344485,1.0058775,8.770194,100058,14,False,False,0.0,32.38295005679743,0,0.027390046296296298,0.023211805555555555,0.31103009259259257,0.017297453703703704,8.101851851851852e-05,0.2446412037037037,0.34942708333333333
1,2.6437118,2.406847,0.0,240.0,180.0,0.102274306,0.06687273819233074,False,0.7921641,-0.3515323,0.49889922,498.98096,498.98096,0.0057260445,0.008383927,False,-3.7587585,2.6437118,-1.3671203,100058,4,False,False,0.0,39.672317369848884,1,0.0,0.0,0.15471064814814814,0.0,0.0,0.16333912037037038,0.6570543981481481
0,0.89829826,0.7982274999999994,0.0,240.0,180.0,0.17434606,0.8137484164775993,False,-0.012686623,0.012950852,-0.99983567,619.9083,619.9083,0.027392266,0.009308826,False,0.38595235,0.89829826,8.00282,100058,14,False,False,1.0,32.38295005679743,2,0.03985532407407407,0.02787615740740741,0.2808449074074074,0.023755787037037037,0.0004050925925925926,0.2614988425925926,0.3406076388888889
1,2.620574,2.406847,0.0,240.0,180.0,0.09414352,0.06687273819233074,False,0.79611975,-0.3649456,0.48270953,498.98096,498.98096,0.007191113,0.008228508,False,-3.774945,2.620574,-1.4277388,100058,4,False,False,1.0,39.672317369848884,3,0.0,0.0,0.17355324074074074,0.0,0.0,0.1908564814814815,0.6158854166666666
0,2.0680418,1.6745626,0.0,240.0,180.0,0.0,0.08973052384829824,False,-0.1197908,-0.31310058,-0.9421349,156.16586,156.16586,0.08625908,0.07664935,False,-0.45359707,2.0680418,1.8132439,100059,13,False,False,0.0,98.11096089997598,0,0.0,0.024484953703703703,0.43332175925925925,0.0,0.0,0.16568287037037038,0.012766203703703703
1,1.7500057,2.1483508999999996,0.0019733796,240.0,180.0,0.0,0.26973125001772125,False,0.9915556,-0.08757571,-0.09564507,261.5732,261.5732,0.08649197,0.08505577,False,-5.6906986,1.7500057,0.63512945,100059,14,False,False,0.0,69.06713438868762,1,0.0,0.020949074074074075,0.34835069444444444,0.0,0.0,0.10467013888888889,0.11190972222222222
0,1.9858432,1.6745626,0.0,240.0,180.0,0.0,0.08973052384829824,False,-0.12847945,-0.29172954,-0.94783276,156.16586,156.16586,0.08580412,0.07655613,False,-0.41947177,1.9858432,1.8018237,100059,13,False,False,1.0,98.11096089997598,2,0.0,0.023883101851851853,0.4313888888888889,0.0,0.0,0.1655150462962963,0.012980324074074075
1,1.5030608,2.1483508999999996,0.00041666668,240.0,180.0,0.0,0.26973125001772125,False,0.99219304,-0.06647746,-0.10551709,261.5732,261.5732,0.07325379,0.0768779,False,-5.6898575,1.5030608,0.5266285,100059,14,False,False,1.0,69.06713438868762,3,0.0,0.019762731481481482,0.3636053240740741,0.0,0.0,0.1115162037037037,0.10453125
0,1.6291739,1.2751391,5.2083335e-05,240.0,180.0,0.0,0.09372110778714697,False,-0.8390095,-0.52773595,0.13250637,335.74158,335.74158,0.36345482,0.2847167,False,1.944799,1.6291739,-1.8637335,100060,9,False,False,0.0,56.39388664776689,0,0.0472974537037037,0.0,0.5088368055555555,0.0,0.11510995370370371,0.13227430555555555,0.11122685185185185
1,1.4762666,2.0126843,0.0,240.0,180.0,0.00013888889,0.35636636594169474,False,0.9728651,-0.0136573035,-0.23096919,239.01765,239.01765,0.21238375,0.13277087,False,-2.5939336,1.4762666,1.1261883,100060,14,False,False,0.0,73.96552819617752,1,0.011510416666666667,0.0,0.2373900462962963,0.029872685185185186,0.050798611111111114,0.2890972222222222,0.13201967592592592
0,1.6832079,1.2751391,3.4722223e-05,240.0,180.0,0.0,0.09372110778714697,False,-0.8059147,-0.5438487,0.23394346,335.74158,335.74158,0.3664407,0.2757704,False,2.0003388,1.6832079,-1.9164526,100060,9,False,False,1.0,56.39388664776689,2,0.041979166666666665,0.0,0.5411516203703703,0.0,0.13386574074074073,0.07434027777777778,0.12512152777777777
1,1.6204588,2.0126843,0.0,240.0,180.0,9.259259e-05,0.35636636594169474,False,0.9739322,-0.045807116,-0.22216594,239.01765,239.01765,0.23229648,0.14936683,False,-2.7696633,1.6204588,0.8517349,100060,14,False,False,1.0,73.96552819617752,3,0.010086805555555555,0.0,0.24658564814814815,0.028252314814814813,0.04936921296296296,0.30671875,0.10969328703703704
0,1.5341904,1.7057649999999995,2.3148148e-05,240.0,180.0,0.0,1.0847734004201997,False,0.9786977,-0.0675567,-0.19387293,203.18445,203.18445,0.090010926,0.10940821,False,-6.147687,1.5341904,-0.97536755,100061,14,False,False,0.0,83.07512169083331,0,0.011168981481481481,0.0,0.2367013888888889,4.050925925925926e-05,0.004224537037037037,0.40652777777777777,0.08115740740740741
1,1.2012373,2.1183655999999997,0.00016203703,240.0,180.0,0.00027199075,0.2826361400051317,False,-0.5395811,0.016315132,0.84177554,364.6301,364.6301,0.08494359,0.10869968,False,5.7350864,1.2012373,-5.43845,100061,11,False,False,0.0,52.54658964502244,1,0.010023148148148147,0.0,0.10540509259259259,0.024519675925925927,0.015549768518518518,0.27830439814814817,0.3803877314814815
0,1.409864,1.7057649999999995,6.9444446e-05,240.0,180.0,0.0,1.0847734004201997,False,0.9859154,-0.06698514,-0.15324378,203.18445,203.18445,0.06361431,0.083323374,False,-5.1883698,1.409864,-1.4662716,100061,14,False,False,1.0,83.07512169083331,2,0.03558449074074074,0.0,0.18082175925925925,0.0003414351851851852,0.00879050925925926,0.3807581018518518,0.04876736111111111
1,1.3451035,2.1183655999999997,0.00014467593,240.0,180.0,0.00020833334,0.2826361400051317,False,-0.50990576,0.0055885594,0.8602121,364.6301,364.6301,0.08550944,0.103841156,False,5.637928,1.3451035,-5.661488,100061,11,False,False,1.0,52.54658964502244,3,0.00884837962962963,0.0,0.07922453703703704,0.02246527777777778,0.012609953703703703,0.24662037037037038,0.5005324074074075
0,1.3305335,2.5883754999999997,0.0,240.0,180.0,0.00024305556,0.14250982149543237,False,0.5814777,-0.16684811,0.7962698,335.25082,335.25082,0.008383951,0.013992992,False,1.4637189,1.3305335,3.2924695,100062,8,False,False,0.0,56.46371874383744,0,0.06193865740740741,0.0,0.14486689814814815,0.0,0.06962962962962962,0.14888888888888888,0.4178761574074074
1,1.0001366,0.8283505,0.0,240.0,180.0,0.001105324,0.3744391785705921,False,-0.8881211,0.060092703,-0.45566434,435.3826,435.3826,0.049776424,0.034316495,False,4.286734,1.0001366,-2.1902568,100062,11,False,False,0.0,44.92328877798167,1,0.05402199074074074,0.0,0.16744212962962962,0.01087962962962963,0.06733796296296296,0.4411574074074074,0.2276388888888889
0,1.4506046,2.5883754999999997,0.0,240.0,180.0,0.00023148148,0.14250982149543237,False,0.63906544,-0.17276849,0.7494978,335.25082,335.25082,0.007797591,0.013063772,False,1.4639457,1.4506046,3.2157106,100062,8,False,False,1.0,56.46371874383744,2,0.057019675925925925,0.0,0.14070601851851852,0.0,0.0597337962962963,0.20204282407407406,0.37699074074074074
1,0.9447284,0.8283505,0.0,240.0,180.0,0.0010590277,0.3744391785705921,False,-0.8323486,0.069569804,-0.54986906,435.3826,435.3826,0.043791145,0.03188677,False,4.2626863,0.9447284,-1.8207215,100062,10,False,False,1.0,44.92328877798167,3,0.05784143518518518,0.0,0.1711226851851852,0.011006944444444444,0.055092592592592596,0.4723321759259259,0.20782986111111112
0,0.96033865,1.6305991999999998,0.0,240.0,180.0,0.0,0.2261772042920173,False,-0.073323496,-0.117684096,0.9903405,718.8642,718.8642,0.02528525,0.040876042,False,-3.8236773,0.96033865,0.35484028,100063,8,False,False,0.0,28.115083697777518,0,0.021921296296296296,0.3716550925925926,0.032789351851851854,0.0,0.0,2.8935185185185186e-05,0.4546064814814815
1,2.7524536,2.134983,0.0,240.0,180.0,0.00031828703,0.2546444354760966,False,0.5280812,-0.5506825,0.6464361,158.5787,158.5787,0.03488816,0.06582442,False,-2.6017385,2.7524536,-1.9215755,100063,8,False,False,0.0,97.24036298943061,1,0.018061342592592594,0.07923032407407407,0.17144675925925926,0.0,0.0,0.3511400462962963,0.3550289351851852
0,1.1829566,1.6305991999999998,0.0,240.0,180.0,0.00071180554,0.2261772042920173,False,0.06787847,-0.18795814,0.97982836,718.8642,718.8642,0.03164202,0.04883702,False,-3.8394983,1.1829566,0.3181378,100063,6,False,False,1.0,28.115083697777518,2,0.0,0.30289351851851853,0.06412037037037037,0.0,0.0,6.36574074074074e-05,0.5841550925925926
1,2.9991174,2.134983,0.0,240.0,180.0,0.00021412037,0.2546444354760966,False,0.50199527,-0.6184432,0.6045897,158.5787,158.5787,0.03421327,0.06620615,False,-2.644411,2.9991174,-1.874887,100063,8,False,False,1.0,97.24036298943061,3,0.013101851851851852,0.07175347222222223,0.1881886574074074,0.0,0.0,0.34477430555555555,0.36180555555555555
0,3.1336434,1.0035111999999997,0.0017534723,240.0,180.0,0.0,1.1676922031414614,False,-0.71593094,-0.35407367,-0.6017264,144.94843,144.94843,0.09319282,0.114161715,False,3.8070688,3.1336434,1.4012997,100064,13,False,False,0.0,102.31316514975832,0,0.003616898148148148,0.0,0.23802083333333332,0.0,0.010098379629629629,0.2912152777777778,0.1370949074074074
1,1.4740367,1.47106,0.00035300927,240.0,180.0,0.0,0.09767343257800427,False,0.9712339,-0.04247436,0.23430943,249.04138,249.04138,0.09285177,0.10127905,False,-3.33952,1.4740367,-0.3960681,100064,14,False,False,0.0,71.71665739113313,1,0.014241898148148148,0.0,0.23548032407407407,0.0,0.07734953703703704,0.21130787037037038,0.26421875
0,3.3125296,1.0035111999999997,0.001244213,240.0,180.0,0.0,1.1676922031414614,False,-0.5777543,-0.3853957,-0.7194931,144.94843,144.94843,0.09908744,0.11627669,False,2.9253764,3.3125296,2.1456943,100064,13,False,False,1.0,102.31316514975832,2,0.004039351851851852,0.0,0.2678298611111111,0.0,0.011516203703703704,0.27133101851851854,0.11672453703703704
1,1.4733374,1.47106,0.00037037037,240.0,180.0,0.0,0.09767343257800427,False,0.9781971,-0.06786916,0.19627476,249.04138,249.04138,0.077290736,0.099472135,False,-3.2437298,1.4733374,-0.4151429,100064,14,False,False,1.0,71.71665739113313,3,0.019560185185185184,0.0,0.24658564814814815,0.0,0.08066550925925926,0.22839699074074074,0.24134837962962963
0,1.5276456,1.5770866999999997,0.0,240.0,180.0,0.041521993,2.3467299837092446,False,-0.34257185,-0.12984627,-0.9304754,188.44557,188.44557,0.031723037,0.012499617,False,0.36378145,1.5276456,5.6819463,100065,11,False,False,0.0,87.37377192627002,0,0.026001157407407407,0.0,0.17093171296296297,0.0,0.15325810185185185,0.30855324074074075,0.00949074074074074
1,1.5709492,2.1354825999999996,0.0,240.0,180.0,0.024618056,0.21132118766929142,False,-0.49550962,-0.07448758,-0.8654027,395.3849,395.3849,0.10291625,0.0317768,False,-3.7877426,1.5709492,-5.1235504,100065,8,False,False,0.0,48.95504954286849,1,0.0,0.0,0.0002546296296296296,0.0,0.0,0.6439467592592593,0.05675347222222222
0,1.4488606,1.5770866999999997,0.0,240.0,180.0,0.07940972,2.3467299837092446,False,-0.69733536,-0.11290183,-0.70779705,188.44557,188.44557,0.021281695,0.008374224,False,2.6802485,1.4488606,5.3146386,100065,14,False,False,1.0,87.37377192627002,2,0.03564814814814815,0.0009085648148148148,0.23008680555555555,0.0,0.1087962962962963,0.3084027777777778,0.010653935185185185
1,1.534728,2.1354825999999996,0.0,240.0,180.0,0.027418982,0.21132118766929142,False,-0.48935235,-0.04844369,-0.8707396,395.3849,395.3849,0.094253056,0.02913661,False,-3.66313,1.534728,-4.956768,100065,8,False,False,1.0,48.95504954286849,3,0.0,0.0,0.0021296296296296298,0.0,0.0,0.6685300925925926,0.056018518518518516
0,1.7774875,1.1718887000000002,0.0,240.0,180.0,0.0,0.24158844953623848,False,0.7265602,-0.19417866,0.65909445,227.3251,227.3251,0.032231495,0.027649807,False,-1.1027803,1.7774875,-1.7890213,100066,6,False,False,0.0,76.7455996322436,0,0.0,0.0,0.3006828703703704,0.0,0.0,0.28980324074074076,0.3976736111111111
1,1.1227155,2.5156781,0.0,240.0,180.0,0.0,0.19115191427967018,False,-0.7399227,-0.039926924,0.67150605,203.77264,203.77264,0.18030618,0.11178143,False,-2.9748404,1.1227155,0.05329299,100066,7,False,False,0.0,82.91072864025438,1,0.0,0.0,0.2285300925925926,0.0,0.0,0.22047453703703704,0.44710648148148147
0,1.7082217,1.1718887000000002,0.0,240.0,180.0,0.0,0.24158844953623848,False,0.70459384,-0.16568065,0.6899979,227.3251,227.3251,0.035193242,0.02841585,False,-0.89226824,1.7082217,-1.8852081,100066,6,False,False,1.0,76.7455996322436,2,0.0,0.0,0.28377314814814814,0.0,0.0,0.2999537037037037,0.4047337962962963
1,1.0701699,2.5156781,0.0,240.0,180.0,0.0,0.19115191427967018,False,-0.8010001,0.02000644,0.59832966,203.77264,203.77264,0.1728711,0.11104518,False,-3.0414808,1.0701699,0.22457367,100066,7,False,False,1.0,82.91072864025438,3,0.0,0.0,0.18519675925925927,0.0,0.0,0.2539351851851852,0.43916666666666665
0,1.2328106,2.6951692599999997,0.0,240.0,180.0,0.00012152778,0.07627519528137812,False,0.0370665,-0.16624777,-0.9853871,152.9712,152.9712,0.08470642,0.06667427,False,-0.10483074,1.2328106,-0.88533854,100067,15,False,False,0.0,99.28156524162982,0,0.017135416666666667,0.05839699074074074,0.3049884259259259,0.0,0.0,0.3054398148148148,0.09659143518518519
1,0.8906228,1.0480582999999999,0.0,240.0,180.0,1.1574074e-05,0.18116983050369884,False,-0.40110132,-0.035182863,-0.9153578,258.2417,258.2417,0.09136227,0.06464493,False,1.7519417,0.8906228,0.0030708313,100067,16,False,False,0.0,69.75464363579896,1,0.011788194444444445,0.017893518518518517,0.2966666666666667,0.0,0.0,0.2810648148148148,0.09614583333333333
0,1.2778141,2.6951692599999997,0.0,240.0,180.0,9.837963e-05,0.07627519528137812,False,0.06021232,-0.17257668,-0.983154,152.9712,152.9712,0.08307732,0.06516063,False,-0.043504603,1.2778141,-0.8909684,100067,15,False,False,1.0,99.28156524162982,2,0.017170138888888888,0.06174768518518518,0.29087962962962965,0.0,0.0,0.29866898148148147,0.08916087962962962
1,1.0613091,1.0480582999999999,0.0,240.0,180.0,2.8935185e-05,0.18116983050369884,False,-0.46765074,-0.11870267,-0.87590665,258.2417,258.2417,0.09872862,0.072874136,False,1.7573466,1.0613091,0.06356448,100067,16,False,False,1.0,69.75464363579896,3,0.011631944444444445,0.01752314814814815,0.3364641203703704,0.0,0.0,0.2774363425925926,0.11724537037037037
0,0.9385252,0.7842020000000005,0.0,240.0,180.0,0.0,0.2603337018798902,False,-0.9605416,0.032638278,0.2762146,307.37546,307.37546,0.090843655,0.069876514,False,4.286089,0.9385252,1.0839944,100068,12,False,False,0.0,60.7067405069449,0,0.10177662037037037,0.0,0.2543576388888889,0.0,0.024600694444444446,0.0765798611111111,0.21335069444444443
1,1.5779669,1.1694169000000003,0.0,240.0,180.0,0.0,0.176348623107589,False,0.9709808,-0.21444276,0.10588062,226.89682,226.89682,0.038035948,0.05373974,False,-3.9008741,1.5779669,0.6596894,100068,12,False,False,0.0,76.85078895385166,1,0.04384837962962963,0.0,0.2587789351851852,0.0,0.04802083333333333,0.1605150462962963,0.277662037037037
0,0.7770175,0.7842020000000005,0.0,240.0,180.0,0.0,0.2603337018798902,False,-0.95966643,0.042922046,0.27784526,307.37546,307.37546,0.08748428,0.07107087,False,4.4461637,0.7770175,0.95724666,100068,12,False,False,1.0,60.7067405069449,2,0.08200810185185185,0.0,0.27789930555555553,0.0,0.017667824074074075,0.0725925925925926,0.19929398148148147
1,1.751684,1.1694169000000003,0.0,240.0,180.0,0.0,0.176348623107589,False,0.9551582,-0.27336752,0.11376715,226.89682,226.89682,0.03858706,0.054172978,False,-3.883738,1.751684,0.63463825,100068,12,False,False,1.0,76.85078895385166,3,0.045474537037037036,0.0,0.2559548611111111,0.0,0.051938657407407406,0.16366319444444444,0.28769675925925925
0,2.3579147,0.8220809,0.0,240.0,180.0,0.004670139,0.3404771789796487,False,-0.7926054,-0.17039244,0.5854429,380.6305,380.6305,0.019904168,0.02632828,False,7.658558,2.3579147,-3.5998926,100069,8,False,False,0.0,50.618893769785416,0,0.0,0.0033796296296296296,0.05766782407407407,0.0,0.0,0.86265625,0.02091435185185185
1,1.747222,1.0485498999999998,0.0,240.0,180.0,0.016481481,0.09575656226123581,False,0.61836666,-0.54454595,-0.5666503,699.68286,699.68286,0.030783508,0.08715301,False,7.3256207,1.747222,3.3734236,100069,3,False,False,0.0,28.85407434869694,1,0.0,0.0,0.20219328703703704,0.0,0.0,0.710775462962963,0.0
0,2.351461,0.8220809,0.0,240.0,180.0,0.004716435,0.3404771789796487,False,-0.8249578,-0.16794583,0.53966534,380.6305,380.6305,0.020388968,0.02758437,False,7.7850204,2.351461,-3.2838383,100069,9,False,False,1.0,50.618893769785416,2,0.0,0.004780092592592593,0.05326967592592593,0.0,0.0,0.8565972222222222,0.02429976851851852
1,1.7948132,1.0485498999999998,0.0,240.0,180.0,0.017476851,0.09575656226123581,False,0.66465753,-0.52812195,-0.5285052,699.68286,699.68286,0.028062059,0.08878679,False,7.393189,1.7948132,3.421786,100069,3,False,False,1.0,28.85407434869694,3,0.0,0.0,0.09469907407407407,0.0,0.0,0.8465277777777778,0.0
0,1.7484645,1.0110170000000007,0.0,240.0,180.0,0.7267708,0.21029186196897337,False,0.7578167,-0.08021562,0.64751744,219.63205,219.63205,0.0045585325,0.001723613,False,-7.842245,1.7484645,-0.044775724,100070,10,False,False,0.0,78.67283484941333,0,0.0,0.0,0.2805324074074074,0.0,0.00028356481481481483,0.19063078703703704,0.4296122685185185
1,1.7309347,2.4510250000000005,0.0,240.0,180.0,0.90507525,0.8910844771206646,False,0.58144367,-0.076370426,0.80999434,434.04282,434.04282,0.011921461,0.0013634062,False,-6.402237,1.7309347,0.47916412,100070,7,False,False,0.0,45.04811909280682,1,0.0,0.0,0.01136574074074074,0.0,0.0,0.032274305555555556,0.7283969907407407
0,1.5985196,1.0110170000000007,0.0,240.0,180.0,0.74096644,0.21029186196897337,False,0.7309666,-0.015626192,0.6822339,219.63205,219.63205,0.004400186,0.0016757814,False,-7.87044,1.5985196,-0.18949696,100070,9,False,False,1.0,78.67283484941333,2,0.0,0.0,0.26373263888888887,0.0,0.0,0.18405092592592592,0.4207060185185185
1,1.4815148,2.4510250000000005,0.0,240.0,180.0,0.85126156,0.8910844771206646,False,0.74933964,0.032236516,0.6614003,434.04282,434.04282,0.0097782705,0.0014637175,False,-7.207398,1.4815148,0.1901364,100070,7,False,False,1.0,45.04811909280682,3,0.0,0.0,0.06019097222222222,0.0,0.0,0.17236689814814815,0.6009548611111111
0,1.5201628,1.3644880000000006,0.0,240.0,180.0,1.1574074e-05,1.0941850635730697,False,0.96075886,-0.121980175,-0.24912477,168.34059,168.34059,0.08847345,0.061187457,False,-5.265471,1.5201628,1.4673929,100071,13,False,False,0.0,93.83409451991015,0,0.02054976851851852,0.07555555555555556,0.2260127314814815,0.057511574074074076,0.0,0.30884837962962963,0.013883101851851851
1,1.2628633,1.1060256000000006,0.0,240.0,180.0,0.00020254629,0.1028851970303797,False,-0.9694409,-0.09003235,0.22820687,355.89243,355.89243,0.04381288,0.016352575,False,5.5239334,1.2628633,2.0604353,100071,11,False,False,0.0,53.65790832474071,1,0.045850694444444444,0.0,0.2425173611111111,0.028564814814814814,0.037800925925925925,0.3111921296296296,0.18193865740740742
0,1.4091538,1.3644880000000006,0.0,240.0,180.0,5.2083335e-05,1.0941850635730697,False,0.9946902,-0.100721486,-0.021137893,168.34059,168.34059,0.10447343,0.06859176,False,-5.379655,1.4091538,0.38485885,100071,13,False,False,1.0,93.83409451991015,2,0.02494212962962963,0.09010416666666667,0.22204282407407408,0.04510416666666667,0.0,0.30256944444444445,0.02782986111111111
1,1.2389083,1.1060256000000006,0.0,240.0,180.0,0.00016782408,0.1028851970303797,False,-0.9633126,-0.07124363,0.25875318,355.89243,355.89243,0.06065707,0.019004252,False,5.5903187,1.2389083,1.985572,100071,11,False,False,1.0,53.65790832474071,3,0.04099537037037037,0.0,0.22382523148148148,0.02936921296296296,0.03968171296296296,0.30296875,0.19232060185185185
0,1.06656,1.2784421,0.0,240.0,180.0,0.05351852,0.13555164402382447,False,0.41219503,0.21786739,-0.8846633,592.22687,592.22687,0.026464747,0.022894526,False,2.0295744,1.06656,0.31461596,100072,4,False,False,0.0,33.81199847110093,0,0.0,0.0,0.0,0.0,0.0,0.28490162037037037,0.0
1,0.88160974,0.7848732000000003,0.0,240.0,180.0,0.041846063,0.17938647138084746,False,-0.69799405,0.06709031,0.71295416,394.5318,394.5318,0.07583307,0.032055248,False,1.5807095,0.88160974,-2.3705385,100072,14,False,False,0.0,49.04845312263071,1,0.0798611111111111,0.0,0.1363425925925926,0.02378472222222222,0.027297453703703702,0.13455439814814815,0.43286458333333333
0,1.1176748,1.2784421,0.0,240.0,180.0,0.04741898,0.13555164402382447,False,0.29973269,0.28311685,-0.9110462,592.22687,592.22687,0.0314743,0.026818788,False,2.0961368,1.1176748,0.421063,100072,4,False,False,1.0,33.81199847110093,2,0.0,0.0,0.0,0.0,0.0,0.3850983796296296,0.0
1,1.0555832,0.7848732000000003,0.0,240.0,180.0,0.05576389,0.17938647138084746,False,-0.55787724,-0.088694945,0.8251705,394.5318,394.5318,0.026933229,0.02248095,False,1.5895876,1.0555832,-2.3277142,100072,12,False,False,1.0,49.04845312263071,3,0.1184375,0.0,0.22346064814814814,0.053043981481481484,0.02411458333333333,0.06188078703703704,0.38477430555555553
0,0.80131316,2.4039935000000003,0.0,240.0,180.0,0.06493056,0.4702602400127524,False,0.9700097,0.22610217,0.0892123,154.06174,154.06174,0.021680344,0.014060428,False,3.2104788,0.80131316,-1.9174805,100073,11,False,False,0.0,98.87965826665736,0,0.0,0.0,0.2679976851851852,0.0,0.0,0.3838946759259259,0.006481481481481481
1,3.0870194,2.7309405,0.0,240.0,180.0,0.014143518,0.21413403252132163,False,-0.5190984,-0.72094834,-0.4590972,156.05302,156.05302,0.116694495,0.0351101,False,3.89855,3.0870194,0.42067385,100073,13,False,False,0.0,98.1519560302176,1,0.005063657407407407,0.0,0.5711574074074074,0.0,0.004050925925925926,0.3213078703703704,0.05575231481481482
0,1.0160537,2.4039935000000003,0.0,240.0,180.0,0.081579864,0.4702602400127524,False,0.9611368,0.20590106,0.18390548,154.06174,154.06174,0.0234932,0.015211507,False,3.5176482,1.0160537,-2.2015195,100073,11,False,False,1.0,98.87965826665736,2,0.0,0.0,0.23060185185185186,0.0,0.0,0.3709895833333333,0.010746527777777778
1,3.215073,2.7309405,0.0,240.0,180.0,0.012662037,0.21413403252132163,False,-0.5442478,-0.72196954,-0.42726368,156.05302,156.05302,0.11742542,0.035721753,False,3.9426436,3.215073,0.5865395,100073,13,False,False,1.0,98.1519560302176,3,0.0045543981481481486,0.0,0.5729050925925926,0.0,0.0037962962962962963,0.31146412037037036,0.06534722222222222
0,2.0143185,1.2194311,0.0,240.0,180.0,0.021041667,0.14559180163972163,False,0.027878713,-0.4377445,0.898667,169.76234,169.76234,0.041804925,0.016972266,False,4.976844,2.0143185,-2.3165264,100074,8,False,False,0.0,93.35317666498915,0,0.0,0.0,0.3169386574074074,0.0,0.0,0.20814814814814814,0.33700810185185187
1,1.5791566,0.8340635000000001,0.0,240.0,180.0,0.0,1.315375225601353,True,-0.9081011,-0.111366406,0.40367067,529.42035,529.42035,0.047327712,0.047615208,False,2.155281,1.5791566,-2.701894,100074,2,False,False,0.0,37.55550130446846,1,0.0,0.0,0.0,0.0,0.0,0.36017939814814814,0.6398206018518519
0,1.974477,1.2194311,0.0,240.0,180.0,0.019600695,0.14559180163972163,False,0.20615464,-0.3593261,0.9101567,169.76234,169.76234,0.037917785,0.014823206,False,4.8474007,1.974477,-2.3699498,100074,8,False,False,1.0,93.35317666498915,2,0.0,0.0,0.2877199074074074,0.0,0.0,0.21161458333333333,0.3408333333333333
1,1.457385,0.8340635000000001,0.0,240.0,180.0,0.0,1.315375225601353,True,-0.96975994,-0.08422953,0.22906506,529.42035,529.42035,0.054750867,0.050736327,False,1.4168892,1.457385,-1.6201541,100074,2,False,False,1.0,37.55550130446846,3,0.0,0.0,0.0,0.0,0.0,0.28943287037037035,0.7105671296296296
0,1.6986394,1.2814931499999997,0.0,240.0,180.0,0.0,0.04097343545735488,False,0.14602782,-0.43230963,-0.8898226,330.29764,330.29764,0.287153,0.1841769,False,-2.5688496,1.6986394,0.024328709,100075,9,False,False,0.0,57.17750097064449,0,0.0009375,0.08700810185185186,0.35204861111111113,0.0334375,0.0,0.31713541666666667,0.1489988425925926
1,1.6738343,1.3859424999999996,0.0,240.0,180.0,0.007673611,0.24606160296555823,False,0.09475194,-0.27220768,0.9575621,211.8466,211.8466,0.11098115,0.039304722,False,1.044055,1.6738343,-2.5063593,100075,14,False,False,0.0,80.7072074446946,1,0.010381944444444444,0.14520833333333333,0.17641203703703703,0.0,0.0,0.2492939814814815,0.22074652777777778
0,1.712453,1.2814931499999997,0.0,240.0,180.0,1.1574074e-05,0.04097343545735488,False,0.2330549,-0.48376867,-0.8435954,330.29764,330.29764,0.2829951,0.16395104,False,-2.5304387,1.712453,0.027879713,100075,9,False,False,1.0,57.17750097064449,2,0.0008912037037037037,0.0883275462962963,0.4024537037037037,0.03516203703703704,0.0,0.2536805555555556,0.15859953703703702
1,1.90872,1.3859424999999996,0.0,240.0,180.0,0.0009201389,0.24606160296555823,False,0.009603003,-0.3484553,0.93727624,211.8466,211.8466,0.13906564,0.051611796,False,1.00138,1.90872,-2.446745,100075,14,False,False,1.0,80.7072074446946,3,0.012013888888888888,0.12002893518518519,0.1932465277777778,0.0,0.0,0.24001157407407409,0.30031828703703706
0,1.617871,1.2557972999999998,0.0,240.0,180.0,0.023483796,0.6127617747128989,False,0.5163524,-0.06920342,-0.85357547,357.02893,357.02893,0.018542254,0.011996036,False,-0.2815808,1.617871,2.2318487,100076,13,False,False,0.0,53.51090626211737,0,0.017332175925925924,0.06867476851851852,0.08378472222222222,0.03560185185185185,0.0,0.39819444444444446,0.0
1,1.2271751,1.5191753999999997,0.0,240.0,180.0,0.05712963,0.2768000550814369,False,0.25571477,-0.14817017,-0.9553301,645.2656,645.2656,0.025926413,0.012612058,False,0.121156454,1.2271751,1.9684706,100076,11,False,False,0.0,31.17341036817549,1,0.04152199074074074,0.13807291666666666,0.08172453703703704,0.11002314814814815,0.0,0.21823495370370372,0.0
0,1.7129585,1.2557972999999998,0.0,240.0,180.0,0.022048611,0.6127617747128989,False,0.5981653,-0.060668744,-0.799073,357.02893,357.02893,0.018575585,0.012450984,False,-0.88688284,1.7129585,2.2251554,100076,13,False,False,1.0,53.51090626211737,2,0.01592013888888889,0.06918981481481482,0.10207175925925926,0.029872685185185186,0.0,0.36368055555555556,0.0
1,1.3584955,1.5191753999999997,0.0,240.0,180.0,0.06762153,0.2768000550814369,False,0.37722278,-0.19327334,-0.90573084,645.2656,645.2656,0.023092812,0.009813557,False,0.07724565,1.3584955,1.7287936,100076,11,False,False,1.0,31.17341036817549,3,0.008640046296296297,0.10320601851851852,0.11895833333333333,0.0628125,0.0,0.21798032407407408,0.0
0,1.1501131,1.0514285,0.0,240.0,180.0,0.0010300926,0.3806132061649071,False,0.9757588,-0.014575106,-0.21836317,271.27734,271.27734,0.22307579,0.13123362,False,-5.0436325,1.1501131,1.164463,100077,14,False,False,0.0,67.13073757637373,0,0.0,0.053981481481481484,0.3537962962962963,0.0,0.0,0.19759837962962962,0.0427662037037037
1,0.8974426,2.3953830000000003,0.0,240.0,180.0,0.00023148148,0.1930053539479952,False,0.89775234,-0.009777699,0.44039154,161.34596,161.34596,0.25032088,0.16636182,False,-3.699678,0.8974426,-0.85471153,100077,13,False,False,0.0,96.25603295655176,1,0.0,0.029184027777777777,0.42916666666666664,0.0,0.0,0.09410300925925925,0.11529513888888888
0,1.3358253,1.0514285,0.0,240.0,180.0,0.0016319444,0.3806132061649071,False,0.94449353,-0.047218844,-0.32511926,271.27734,271.27734,0.2046826,0.11991601,False,-4.77867,1.3358253,1.3648932,100077,14,False,False,1.0,67.13073757637373,2,0.0,0.07009837962962963,0.3344849537037037,0.0,0.0,0.22721064814814815,0.01355324074074074
1,0.7637394,2.3953830000000003,0.0,240.0,180.0,0.00013888889,0.1930053539479952,False,0.90355605,0.03616471,0.42694104,161.34596,161.34596,0.25423682,0.16950771,False,-3.6343489,0.7637394,-0.7318025,100077,13,False,False,1.0,96.25603295655176,3,0.0,0.027696759259259258,0.42237268518518517,0.0,0.0,0.09390625,0.11291666666666667
0,0.94879067,2.0702437,0.0,240.0,180.0,0.0,0.06265056176400112,False,0.9485759,-0.06760826,0.30924487,682.26715,682.26715,0.008788027,0.01369852,False,-3.9614635,0.94879067,2.8047423,100078,5,False,False,0.0,29.558743681772434,0,0.0,0.0,2.3148148148148147e-05,0.0,0.0,0.09513310185185185,0.31233217592592594
1,1.3078256,2.5053737999999997,0.0,240.0,180.0,0.0,0.09044763484464383,False,-0.9804455,-0.15544452,-0.12067902,379.7124,379.7124,0.05107214,0.07605618,False,-1.9702024,1.3078256,2.3696122,100078,6,False,False,0.0,50.725926296620415,1,0.05021990740740741,0.0,0.21994791666666666,0.0,0.018344907407407407,0.52859375,0.17438657407407407
0,0.9038356,2.0702437,0.0,240.0,180.0,0.0,0.06265056176400112,False,0.92769,-0.06813863,0.36708093,682.26715,682.26715,0.0073700766,0.013217509,False,-3.9781377,0.9038356,2.8450673,100078,5,False,False,1.0,29.558743681772434,2,0.0,0.0,0.005300925925925926,0.0,0.0,0.07472222222222222,0.3628761574074074
1,1.3182681,2.5053737999999997,0.0,240.0,180.0,0.0,0.09044763484464383,False,-0.9691536,-0.18109038,-0.16717494,379.7124,379.7124,0.051586106,0.07368161,False,-1.8943079,1.3182681,2.3215315,100078,7,False,False,1.0,50.725926296620415,3,0.0469849537037037,0.0,0.2267824074074074,0.0,0.02337962962962963,0.4951157407407407,0.1985474537037037
0,2.1312308,3.0589033,0.0,240.0,180.0,0.0,0.17957207206497247,True,-0.9722933,-0.17244527,0.15782535,279.14578,279.14578,0.037254777,0.036159106,False,3.9587927,2.1312308,0.34922886,100079,2,False,False,0.0,65.62981160667108,0,0.0,0.0,0.0,0.0,0.0,0.5312268518518518,0.46877314814814813
1,1.5581479,2.4090667999999997,0.0,240.0,180.0,0.0,0.15298124204989974,False,0.59650016,-0.3371329,0.7283741,324.95618,324.95618,0.029333862,0.047983315,False,4.4311695,1.5581479,-3.6811862,100079,8,False,False,0.0,57.9659625164689,1,0.0,0.04779513888888889,0.3740162037037037,0.017361111111111112,0.0,0.42120949074074077,0.11880787037037037
0,2.2532716,3.0589033,0.0,240.0,180.0,0.0,0.17957207206497247,True,-0.9606785,-0.20281759,0.18963563,279.14578,279.14578,0.03604053,0.03468369,False,3.8274765,2.2532716,0.3388256,100079,2,False,False,1.0,65.62981160667108,2,0.0,0.0,0.0,0.0,0.0,0.5695601851851851,0.4304398148148148
1,1.4087901,2.4090667999999997,0.0,240.0,180.0,0.0,0.15298124204989974,False,0.67218006,-0.29041916,0.6810514,324.95618,324.95618,0.028871432,0.048861124,False,4.417692,1.4087901,-3.650956,100079,8,False,False,1.0,57.9659625164689,3,0.0,0.04638888888888889,0.36938657407407405,0.0004918981481481481,0.0,0.46445601851851853,0.09780092592592593
0,1.4532883,1.3422458999999995,0.0,240.0,180.0,0.006244213,0.23490891291081306,False,0.7917992,-0.037118778,0.60965216,393.43362,393.43362,0.040921196,0.03895367,False,-4.4040637,1.4532883,-2.7295256,100080,5,False,False,0.0,49.16918277851612,0,0.0,0.0,0.07331597222222222,0.0,0.0,0.8420659722222222,0.011996527777777778
1,1.6553552,2.1974072,0.0,240.0,180.0,0.0032060186,0.18672282701462853,False,0.06276603,-0.16917323,0.9835857,379.37915,379.37915,0.024228804,0.01018386,False,0.36066008,1.6553552,-1.8743643,100080,8,False,False,0.0,50.76487997823798,1,0.0,0.0,0.31722800925925926,0.0,0.0,0.1589236111111111,0.38915509259259257
0,1.595251,1.3422458999999995,0.0,240.0,180.0,0.007013889,0.23490891291081306,False,0.7950811,-0.06588379,0.60291386,393.43362,393.43362,0.039665055,0.04008241,False,-4.586455,1.595251,-2.687547,100080,4,False,False,1.0,49.16918277851612,2,0.0,0.0,0.06708912037037038,0.0,0.0,0.8674189814814814,0.0
1,1.5538356,2.1974072,0.0,240.0,180.0,0.0041203704,0.18672282701462853,False,0.026246473,-0.14245196,0.9894539,379.37915,379.37915,0.02264371,0.010257445,False,0.37632415,1.5538356,-2.0302932,100080,9,False,False,1.0,50.76487997823798,3,0.0,0.0,0.31153935185185183,0.0071875,0.0,0.19027199074074075,0.3514583333333333
0,1.5930486,1.3452654999999998,0.0,240.0,180.0,0.00016203703,0.18419479053909216,False,0.9846309,-0.14916685,0.09083724,356.67316,356.67316,0.045503043,0.05778875,False,-1.922554,1.5930486,-1.8083072,100081,11,False,False,0.0,53.55684028855301,0,0.04982060185185185,0.0,0.24544560185185185,0.0,0.048657407407407406,0.4993460648148148,0.0
1,1.2969953,1.4023079999999999,0.00017939815,240.0,180.0,0.0006539352,0.14854431430449433,False,-0.5625757,-0.14085115,0.81465876,257.33292,257.33292,0.08776418,0.05626748,False,1.8655115,1.2969953,0.11572504,100081,13,False,False,0.0,69.94426974767543,1,0.05654513888888889,0.0,0.2566377314814815,0.051875,0.061099537037037036,0.11858796296296296,0.3149016203703704
0,1.7422888,1.3452654999999998,0.0,240.0,180.0,0.0,0.18419479053909216,False,0.97889817,-0.20399395,-0.012026906,356.67316,356.67316,0.04446738,0.05495411,False,-1.9903201,1.7422888,-1.7242665,100081,11,False,False,1.0,53.55684028855301,2,0.043090277777777776,0.0,0.2832233796296296,0.0,0.04328125,0.45336805555555554,0.0
1,1.4354446,1.4023079999999999,0.0,240.0,180.0,0.00063657406,0.14854431430449433,False,-0.5839637,-0.18316707,0.7908453,257.33292,257.33292,0.08302548,0.054419212,False,1.8782127,1.4354446,0.16803072,100081,12,False,False,1.0,69.94426974767543,3,0.036070601851851854,0.0,0.2749652777777778,0.05376736111111111,0.06081597222222222,0.11336226851851852,0.34402199074074075
0,1.3341097,0.7650923999999999,0.0,240.0,180.0,0.0,0.1438056009231909,False,-0.8057917,0.017896788,0.59192836,141.71696,141.71696,0.08888254,0.13781472,False,2.0852795,1.3341097,-2.0349076,100082,11,False,False,0.0,103.57211958342134,0,0.0,0.0015625,0.2564988425925926,0.0,0.0,0.2871064814814815,0.3397280092592593
1,0.854076,0.7578058999999997,0.0,240.0,180.0,0.0,0.39625375411875907,False,0.19406672,-0.0525107,0.97958183,383.22614,383.22614,0.05661352,0.1052031,False,3.241507,0.854076,-2.0421941,100082,10,False,False,0.0,50.31856304456492,1,0.009172453703703703,0.10734375,0.28574074074074074,0.0,0.0,0.27110532407407406,0.19492476851851853
0,1.2257197,0.7650923999999999,0.0,240.0,180.0,0.0,0.1438056009231909,False,-0.8290479,0.04532604,0.5573373,141.71696,141.71696,0.102652624,0.1379399,False,2.1796353,1.2257197,-2.0402594,100082,11,False,False,1.0,103.57211958342134,2,0.0,0.0014872685185185186,0.24219328703703705,0.0,0.0,0.2833043981481482,0.34682291666666665
1,0.7869634,0.7578058999999997,0.0,240.0,180.0,0.0,0.39625375411875907,False,0.4903952,0.026963163,0.87108266,383.22614,383.22614,0.059899647,0.11068618,False,2.9084783,0.7869634,-1.8382215,100082,10,False,False,1.0,50.31856304456492,3,0.02423611111111111,0.09355902777777778,0.1897222222222222,0.0,0.0,0.45477430555555554,0.1120775462962963
0,0.9528926,3.3442639,0.0,240.0,180.0,0.11750579,0.03994648055565756,False,-0.28843614,-0.07805502,0.95431197,358.48285,358.48285,0.026947785,0.01598165,False,0.07728529,0.9528926,-1.4960041,100083,9,False,False,0.0,53.323925496380994,0,0.0961111111111111,0.03954282407407408,0.29218171296296297,0.0,0.0,0.09377893518518518,0.4729976851851852
1,2.6036143,0.8743023000000001,0.0,240.0,180.0,0.0035763888,0.3030204342555629,False,-0.33865106,-0.60746527,0.71854115,708.82605,708.82605,0.018692538,0.03456032,False,-3.649194,2.6036143,-3.9659657,100083,9,False,False,0.0,28.497130236697366,1,0.044542824074074075,0.2531481481481481,0.48597222222222225,0.0009606481481481482,0.0,0.17349537037037038,0.0
0,0.97725165,3.3442639,0.0,240.0,180.0,0.11838542,0.03994648055565756,False,-0.4036662,-0.07691025,0.9116677,358.48285,358.48285,0.040367913,0.01684616,False,0.107398435,0.97725165,-1.5057794,100083,9,False,False,1.0,53.323925496380994,2,0.09164930555555556,0.04365162037037037,0.2724826388888889,0.0,0.0,0.08973958333333333,0.49722222222222223
1,2.3639088,0.8743023000000001,0.0,240.0,180.0,0.005509259,0.3030204342555629,False,-0.33954453,-0.56049305,0.7553526,708.82605,708.82605,0.01971489,0.034949765,False,-3.4675283,2.3639088,-4.002847,100083,9,False,False,1.0,28.497130236697366,3,0.06722222222222222,0.24238425925925927,0.4985127314814815,0.0021643518518518518,0.0,0.16355324074074074,0.0
0,1.6535623,1.4169330999999996,1.7361112e-05,240.0,180.0,5.787037e-06,0.2460192985264213,False,0.98926675,-0.12792335,-0.070620775,144.35825,144.35825,0.060142647,0.072105005,False,-7.7951984,1.6535623,0.13712955,100084,11,False,False,0.0,102.54145445365026,0,0.003958333333333334,0.05111689814814815,0.16725694444444444,0.0,0.0,0.5079340277777777,0.0022685185185185187
1,1.7967477,1.4697774,0.0,240.0,180.0,4.6296296e-05,0.532124336843881,False,0.102634825,-0.251569,-0.962382,445.60477,445.60477,0.020697372,0.028489524,False,-0.83532906,1.7967477,2.7282681,100084,5,False,False,0.0,43.99203927411712,1,0.0,0.0,0.022754629629629628,0.0,0.0,0.30821180555555555,0.6427893518518518
0,1.8925226,1.4169330999999996,1.1574074e-05,240.0,180.0,5.787037e-06,0.2460192985264213,False,0.9794603,-0.18707462,-0.07523769,144.35825,144.35825,0.056105427,0.063731916,False,-7.802097,1.8925226,0.19523187,100084,11,False,False,1.0,102.54145445365026,2,0.004195601851851852,0.054467592592592595,0.15358796296296295,0.0,0.0,0.479369212962963,0.0018865740740740742
1,1.6638368,1.4697774,0.0,240.0,180.0,1.1574074e-05,0.532124336843881,False,0.054524958,-0.19628043,-0.97903067,445.60477,445.60477,0.021293908,0.027819173,False,-0.90894604,1.6638368,3.2382402,100084,5,False,False,1.0,43.99203927411712,3,0.0,0.0,0.09511574074074074,0.0,0.0,0.3248726851851852,0.540005787037037
0,1.6247205,2.0075348,0.00087962963,240.0,180.0,0.00045138889,0.6320390516399502,False,-0.91604364,-0.12962516,-0.3795541,334.3765,334.3765,0.06649106,0.072540455,False,3.3211432,1.6247205,0.21615839,100085,13,False,False,0.0,56.5885238485196,0,0.11477430555555555,0.0,0.12606481481481482,0.04455439814814815,0.05529513888888889,0.4508449074074074,0.05156828703703704
1,1.5659102,1.53121045,0.0,240.0,180.0,0.00012731481,0.19603546349433812,False,0.5311189,-0.087954916,0.8427198,184.03899,184.03899,0.06179542,0.0695259,False,-0.1455884,1.5659102,-1.3070452,100085,16,False,False,0.0,88.72866241314973,1,0.01138888888888889,0.0,0.1304861111111111,0.05004050925925926,0.1415625,0.10737268518518518,0.27621527777777777
0,1.5561574,2.0075348,0.0006828704,240.0,180.0,0.0002951389,0.6320390516399502,False,-0.93589574,-0.10268521,-0.33697927,334.3765,334.3765,0.06671188,0.0779454,False,3.8703477,1.5561574,-0.08904135,100085,13,False,False,1.0,56.5885238485196,2,0.11538773148148149,0.0,0.16245949074074073,0.0313599537037037,0.021122685185185185,0.40719328703703705,0.04670717592592592
1,1.7577474,1.53121045,0.0,240.0,180.0,9.837963e-05,0.19603546349433812,False,0.56744045,-0.13687839,0.81195796,184.03899,184.03899,0.06509689,0.07172157,False,-0.179099,1.7577474,-1.329527,100085,16,False,False,1.0,88.72866241314973,3,0.011568287037037037,0.0,0.1557002314814815,0.043402777777777776,0.12058449074074074,0.11098958333333334,0.2753587962962963
0,1.6245703,2.33357863,0.0,240.0,180.0,0.0,0.10469066335260045,False,0.53280735,-0.44724178,-0.71839476,425.33234,425.33234,0.04705322,0.062377844,False,-0.068562746,1.6245703,0.46642137,100086,9,False,False,0.0,45.87601732367008,0,0.0,0.17408564814814814,0.3222858796296296,0.0,0.0,0.2434201388888889,0.0
1,1.2914593,0.9528911499999997,0.0,240.0,180.0,0.0,0.2298871632189629,False,0.10834849,0.08150371,-0.9907662,424.67786,424.67786,0.066136256,0.07748835,False,-2.8729572,1.2914593,0.86638784,100086,9,False,False,0.0,45.939383591022576,1,0.0,0.0,0.00018518518518518518,0.0,0.04618055555555556,0.5625983796296297,0.10947916666666667
0,1.6688796,2.33357863,0.0,240.0,180.0,0.0,0.10469066335260045,False,0.5500421,-0.3982413,-0.73406917,425.33234,425.33234,0.054270487,0.06528029,False,-0.048988223,1.6688796,0.37361157,100086,9,False,False,1.0,45.87601732367008,2,0.0,0.17730324074074075,0.2272337962962963,0.0,0.0,0.2697453703703704,0.0
1,1.5005234,0.9528911499999997,0.0,240.0,180.0,0.0,0.2298871632189629,False,0.090405665,0.045695808,-0.9948561,424.67786,424.67786,0.06729892,0.07540287,False,-2.937196,1.5005234,0.79558045,100086,8,False,False,1.0,45.939383591022576,3,0.0,0.0,0.0,0.0,0.00034722222222222224,0.6013136574074074,0.10712962962962963
0,1.209003,1.4807706,0.0,240.0,180.0,0.0,0.8719262037872757,False,-0.9318793,-0.024593772,-0.361934,480.1319,480.1319,0.15292907,0.13112274,False,2.3149862,1.209003,-5.661697,100087,9,False,False,0.0,41.10174049855039,0,0.051319444444444445,0.04280092592592592,0.11668981481481482,0.0,0.0,0.4657291666666667,0.08766203703703704
1,0.8645026,1.7652044,0.0,240.0,180.0,0.0,0.20141518649192489,False,0.25186244,-0.027968017,0.9673592,515.28687,515.28687,0.0865313,0.12085258,False,2.0305524,0.8645026,1.7594242,100087,6,False,False,0.0,38.51065919120823,1,0.0,0.0,0.26861111111111113,0.0,0.0,0.43072916666666666,0.20305555555555554
0,1.244412,1.4807706,0.0,240.0,180.0,0.0,0.8719262037872757,False,-0.99893904,-0.0036480557,-0.04590875,480.1319,480.1319,0.14396495,0.13847418,False,2.9418945,1.244412,-6.266666,100087,12,False,False,1.0,41.10174049855039,2,0.02630787037037037,0.10497685185185185,0.07528935185185186,0.0013194444444444445,0.0,0.43188657407407405,0.1742824074074074
1,0.83978873,1.7652044,0.0,240.0,180.0,0.0,0.20141518649192489,False,0.19627552,-0.01764645,0.9803902,515.28687,515.28687,0.082567014,0.11249079,False,2.011396,0.83978873,1.560451,100087,7,False,False,1.0,38.51065919120823,3,0.0,0.0,0.28346643518518516,0.0,0.0,0.37611689814814814,0.24896412037037038
0,0.9618558,0.8383728499999998,0.0,240.0,180.0,0.0,0.23788168997234752,False,0.9848232,0.17294326,0.014639258,557.9618,557.9618,0.1454053,0.2559858,False,-2.227805,0.9618558,1.6210823,100088,7,False,False,0.0,35.75968828155684,0,0.0,0.0,0.0,0.0,0.0061805555555555555,0.8102199074074075,0.0
1,2.7160404,1.3200467000000002,0.0,240.0,180.0,0.0,0.12360599761809317,False,0.22777417,-0.93960375,-0.25546694,261.8051,261.8051,0.03969881,0.05074942,False,-0.43654644,2.7160404,-3.2973588,100088,8,False,False,0.0,69.01971640156259,1,0.027008101851851853,0.0,0.526707175925926,0.0,0.0,0.38113425925925926,0.0
0,1.1008635,0.8383728499999998,0.0,240.0,180.0,0.0,0.23788168997234752,False,0.9899186,0.115296744,0.08226645,557.9618,557.9618,0.14551544,0.26683754,False,-2.0475795,1.1008635,1.5519207,100088,7,False,False,1.0,35.75968828155684,2,0.0,0.0,0.0,0.0,0.00912037037037037,0.8652488425925926,0.0
1,2.6574068,1.3200467000000002,0.0,240.0,180.0,0.0,0.12360599761809317,False,0.115547195,-0.9510851,-0.28650647,261.8051,261.8051,0.049513556,0.05735345,False,-0.35124823,2.6574068,-3.3649218,100088,7,False,False,1.0,69.01971640156259,3,0.03273148148148148,0.0,0.47749421296296296,0.0,0.0,0.3772627314814815,0.0
0,1.0644214,1.0287816999999997,0.0,240.0,180.0,0.0,0.7033552592559398,False,-0.9880267,-0.12257223,0.09369612,320.8538,320.8538,0.17961615,0.08649297,False,2.410305,1.0644214,5.2325783,100089,10,False,False,0.0,58.585129357777014,0,0.015434027777777777,0.032725694444444446,0.38594328703703706,0.0,0.0,0.18055555555555555,0.24845486111111112
1,1.6383198,2.8765121,0.0,240.0,180.0,5.787037e-05,0.07268265787999229,False,0.49112597,-0.019384274,-0.87087286,543.15875,543.15875,0.05206374,0.03584833,False,0.5625746,1.6383198,0.8047471,100089,13,False,False,0.0,36.669858095180736,1,0.0,0.009571759259259259,0.06528356481481482,0.0,0.0,0.5362326388888888,0.010208333333333333
0,1.3137665,1.0287816999999997,0.0,240.0,180.0,0.0,0.7033552592559398,False,-0.93945867,-0.33061898,0.090048075,320.8538,320.8538,0.19548832,0.101651035,False,1.7607887,1.3137665,5.1293106,100089,9,False,False,1.0,58.585129357777014,2,0.03422453703703704,0.07641782407407408,0.4393287037037037,0.0,0.0,0.17487847222222222,0.24009837962962963
1,1.6435161,2.8765121,0.0,240.0,180.0,0.00014467593,0.07268265787999229,False,0.5126428,-0.0034148316,-0.8585952,543.15875,543.15875,0.046737242,0.033924967,False,0.5993471,1.6435161,0.7422687,100089,13,False,False,1.0,36.669858095180736,3,0.0,0.007945601851851851,0.04787037037037037,0.0,0.0,0.5435648148148148,0.009953703703703704
0,1.6846242,1.6276963000000002,0.0,240.0,180.0,0.004849537,0.7399265659308699,False,0.94129634,-0.33456478,-0.04502821,516.48254,516.48254,0.004412386,0.006320199,False,-2.7553158,1.6846242,-3.2503662,100090,8,False,False,0.0,38.42804440672831,0,0.0,0.1255960648148148,0.4200925925925926,0.0,0.0,0.2504282407407407,0.15447337962962962
1,1.4967942,0.955365500000001,0.0,240.0,180.0,0.008628473,0.6341859356852685,False,-0.93412364,-0.34480575,-0.09231472,688.42236,688.42236,0.0057234108,0.0074896934,False,8.579785,1.4967942,2.638667,100090,5,False,False,0.0,29.30588021804735,1,0.0,0.23710069444444445,0.3872337962962963,0.0,0.0,0.23602430555555556,0.1025462962962963
0,1.7092717,1.6276963000000002,0.0,240.0,180.0,0.005787037,0.7399265659308699,False,0.8932189,-0.4136451,0.1762327,516.48254,516.48254,0.00399627,0.0059868586,False,-2.1526012,1.7092717,-3.678874,100090,7,False,False,1.0,38.42804440672831,2,0.0,0.2383275462962963,0.41530092592592593,0.0,0.0,0.18200810185185184,0.13854166666666667
1,1.7190562,0.955365500000001,0.0,240.0,180.0,0.012557871,0.6341859356852685,False,-0.86272216,-0.4737966,0.17671132,688.42236,688.42236,0.002544057,0.005851188,False,8.086689,1.7190562,2.307536,100090,5,False,False,1.0,29.30588021804735,3,0.0,0.34879629629629627,0.4594849537037037,0.0,0.0,0.1142650462962963,0.02642939814814815
0,1.654734,1.7219945,0.0,240.0,180.0,9.837963e-05,0.2519298545772413,False,-0.12533067,-0.0328632,0.9915701,189.63524,189.63524,0.1224719,0.09682793,False,1.5349665,1.654734,-4.346589,100091,7,False,False,0.0,87.01363357456259,0,0.0,0.0,0.26784722222222224,0.0,0.0,0.3080613425925926,0.30419560185185185
1,1.3410163,1.3735704999999996,0.0,240.0,180.0,9.837963e-05,0.10628682935923904,False,-0.7680712,-0.055663925,0.6379403,418.74008,418.74008,0.060676914,0.109896876,False,7.408058,1.3410163,-4.695013,100091,8,False,False,0.0,46.521958482744665,1,0.0,0.003564814814814815,0.044814814814814814,0.005439814814814815,0.0,0.8067708333333333,0.06982638888888888
0,1.4227799,1.7219945,0.0,240.0,180.0,6.3657404e-05,0.2519298545772413,False,-0.08098058,0.039591853,0.99592936,189.63524,189.63524,0.12002312,0.09356993,False,1.467201,1.4227799,-4.4178195,100091,8,False,False,1.0,87.01363357456259,2,0.0,0.0042592592592592595,0.26425925925925925,0.0,0.0,0.28521412037037036,0.2962326388888889
1,1.4107581,1.3735704999999996,0.0,240.0,180.0,4.0509258e-05,0.10628682935923904,False,-0.7548957,-0.060417973,0.6530565,418.74008,418.74008,0.06613327,0.11624747,False,7.442336,1.4107581,-4.767525,100091,8,False,False,1.0,46.521958482744665,3,0.0,0.0034375,0.03747106481481482,0.004965277777777778,0.0,0.8154918981481482,0.06596064814814814
0,1.0759658,1.3643709999999998,0.0,240.0,180.0,0.007488426,0.05665986534505702,False,0.021762578,-0.11708548,0.9928831,258.67514,258.67514,0.039625783,0.024661515,False,3.2962804,1.0759658,-1.435629,100092,13,False,False,0.0,69.66452883378078,0,0.05834490740740741,0.02347222222222222,0.25667824074074075,0.0,0.0,0.12967592592592592,0.21880208333333334
1,1.003928,0.6958250000000001,0.0,240.0,180.0,0.0,0.21387811299833828,False,0.9884839,0.0042695627,-0.1512655,244.24266,244.24266,0.22713552,0.15312244,False,-4.0232315,1.003928,-1.6489885,100092,11,False,False,0.0,72.77834818551055,1,0.02174189814814815,0.0,0.22639467592592594,0.0,0.011927083333333333,0.6097569444444444,0.011996527777777778
0,1.0886164,1.3643709999999998,0.0,240.0,180.0,0.015219907,0.05665986534505702,False,0.070771985,-0.09439724,0.99301577,258.67514,258.67514,0.038411796,0.023290655,False,3.313327,1.0886164,-1.488162,100092,13,False,False,1.0,69.66452883378078,2,0.054467592592592595,0.022864583333333334,0.2247337962962963,0.0,0.0,0.11649884259259259,0.21984375
1,1.2020942,0.6958250000000001,0.0,240.0,180.0,5.787037e-06,0.21387811299833828,False,0.98985535,-0.03446558,-0.13783538,244.24266,244.24266,0.19409554,0.120991595,False,-3.9460735,1.2020942,-1.6261708,100092,11,False,False,1.0,72.77834818551055,3,0.02274884259259259,0.0,0.20849537037037036,0.0,0.015092592592592593,0.6097974537037038,0.016047453703703703
0,0.9689492,1.5024018,0.0,240.0,180.0,0.0,0.2074187387858891,False,0.87808794,0.14062923,-0.45736742,165.03087,165.03087,0.055740766,0.06535249,False,-3.2461784,0.9689492,1.2975982,100093,10,False,False,0.0,94.96842490355425,0,0.0,0.0,0.2442997685185185,0.0019039351851851852,0.040364583333333336,0.22853587962962962,0.1844039351851852
1,1.3158631,1.3421115000000006,0.0,240.0,180.0,0.0006886574,0.13604189947644804,False,0.958194,0.017424095,0.28558838,154.2839,154.2839,0.07506083,0.07779401,False,-4.906986,1.3158631,-0.6251321,100093,12,False,False,0.0,98.79806907663072,1,0.015752314814814816,0.0,0.21748263888888889,0.03127314814814815,0.06497106481481481,0.1305960648148148,0.19178819444444445
0,0.89853203,1.5024018,0.0,240.0,180.0,0.0,0.2074187387858891,False,0.8767637,0.14133604,-0.4596842,165.03087,165.03087,0.056336243,0.06584936,False,-3.157029,0.89853203,1.4711388,100093,9,False,False,1.0,94.96842490355425,2,0.0,0.0,0.2598668981481482,0.0,0.031082175925925926,0.22804976851851852,0.20019097222222224
1,1.4455131,1.3421115000000006,0.0,240.0,180.0,0.0005613426,0.13604189947644804,False,0.9723768,-0.03091934,0.23135936,154.2839,154.2839,0.08974194,0.080562554,False,-4.866416,1.4455131,-0.6323675,100093,12,False,False,1.0,98.79806907663072,3,0.013408564814814814,0.0,0.20846643518518518,0.02712962962962963,0.07365740740740741,0.15273726851851852,0.18005787037037038
0,3.0092561,2.0227763999999997,0.0012037037,240.0,180.0,0.0,0.9575713369756896,False,-0.91107064,-0.34959906,-0.21847409,249.23106,249.23106,0.1253239,0.10966641,False,1.4534869,3.0092561,-1.1249529,100094,12,False,False,0.0,71.67523827212312,0,0.0,0.0010590277777777779,0.21351851851851852,0.0,0.0,0.44992476851851854,0.07649305555555555
1,1.7558432,1.2705877,0.0,240.0,180.0,0.0,0.17613805252341144,False,0.25256273,-0.16532996,-0.95335096,654.48956,654.48956,0.08013044,0.09895222,False,-1.01108,1.7558432,2.3308363,100094,9,False,False,0.0,30.755005073492228,1,0.034131944444444444,0.008784722222222222,0.21809027777777779,0.0,0.0,0.5604629629629629,0.0
0,3.17845,2.0227763999999997,0.0,240.0,180.0,1.1574074e-05,0.9575713369756896,False,-0.8136097,-0.46472096,-0.3493905,249.23106,249.23106,0.09984343,0.09362218,False,0.5191191,3.17845,-1.0013685,100094,9,False,False,1.0,71.67523827212312,2,0.0,0.0,0.20591435185185186,0.0,0.0,0.4165277777777778,0.10147569444444444
1,1.8212804,1.2705877,0.0,240.0,180.0,0.0,0.17613805252341144,False,0.2989269,-0.19114642,-0.9349362,654.48956,654.48956,0.080781154,0.10573482,False,-1.0808733,1.8212804,2.4787264,100094,9,False,False,1.0,30.755005073492228,3,0.03583912037037037,0.01730324074074074,0.25919560185185186,0.0,0.0,0.4958449074074074,0.0
0,1.4789921,0.7581879999999996,0.0,240.0,180.0,0.0006539352,0.1514888246973684,False,-0.8550469,-0.14864749,0.49678767,262.78464,262.78464,0.2508911,0.14737697,False,2.041812,1.4789921,-3.4420342,100095,10,False,False,0.0,68.8200635282713,0,0.05648726851851852,0.0,0.3067418981481482,0.019519675925925926,0.014878472222222222,0.33112847222222225,0.25016782407407406
1,1.7195969,0.8938857999999998,0.0,240.0,180.0,0.0030787038,1.1627613941189923,False,-0.033717547,-0.3017873,-0.9527789,260.289,260.289,0.14464995,0.07718962,False,-1.9061142,1.7195969,-0.31984997,100095,11,False,False,0.0,69.33073508149346,1,0.05982638888888889,0.0,0.2494039351851852,0.0,0.0,0.40925347222222225,0.15849537037037037
0,1.6158042,0.7581879999999996,0.0,240.0,180.0,0.00022569444,0.1514888246973684,False,-0.84007335,-0.16975716,0.51522696,262.78464,262.78464,0.25319383,0.15148127,False,2.0097663,1.6158042,-3.4986415,100095,10,False,False,1.0,68.8200635282713,2,0.03827546296296296,0.0,0.3140335648148148,0.025515046296296296,0.017418981481481483,0.32705439814814813,0.2531423611111111
1,1.5168867,0.8938857999999998,0.0,240.0,180.0,0.0,1.1627613941189923,False,-0.3574371,-0.11347651,-0.9270177,260.289,260.289,0.21072207,0.115428165,False,-1.056988,1.5168867,0.44820428,100095,12,False,False,1.0,69.33073508149346,3,0.035734953703703706,0.0,0.20767939814814815,0.0,0.0,0.4167013888888889,0.22275462962962964
0,1.4995953,4.5422839,0.0,240.0,180.0,0.021614583,0.09422121361848407,False,-0.931969,-0.1837605,0.31251478,529.1338,529.1338,0.014319114,0.013817355,False,-1.6672616,1.4995953,-1.0158024,100096,8,False,False,0.0,37.574411776496746,0,0.002476851851851852,0.0,0.3056365740740741,0.0,0.0007465277777777778,0.36450810185185184,0.26634837962962965
1,1.235686,3.8700609999999998,0.0,240.0,180.0,0.031030092,0.27547522962222915,False,0.94533664,-0.14501482,-0.2920776,166.48267,166.48267,0.035212714,0.031143866,False,-2.3394845,1.235686,3.242817,100096,6,False,False,0.0,94.4682957737625,1,0.0,0.0,0.20282986111111112,0.0,0.0,0.35778935185185184,0.41099537037037037
0,1.4109923,4.5422839,0.0,240.0,180.0,0.01995949,0.09422121361848407,False,-0.9284152,-0.16708036,0.33185732,529.1338,529.1338,0.015094065,0.014518036,False,-1.6493973,1.4109923,-0.9891939,100096,6,False,False,1.0,37.574411776496746,2,0.0,0.0,0.31115162037037036,0.0,0.0,0.3665798611111111,0.25949074074074074
1,1.3574067,3.8700609999999998,0.0,240.0,180.0,0.01837963,0.27547522962222915,False,0.9457984,-0.18901965,-0.2640776,166.48267,166.48267,0.026989028,0.030203788,False,-2.5564692,1.3574067,3.3610892,100096,6,False,False,1.0,94.4682957737625,3,0.0,0.0,0.21777777777777776,0.0,0.0,0.32902199074074073,0.42515046296296294
0,1.1712016,1.6773819000000003,0.0,240.0,180.0,0.0003125,0.1495657379698975,False,-0.9785681,-0.10028437,-0.17985362,406.0447,406.0447,0.1373746,0.06717278,False,4.0341806,1.1712016,-2.779647,100097,14,False,False,0.0,47.81550753511988,0,0.0035416666666666665,0.11961805555555556,0.19147569444444446,0.0,0.0,0.41424189814814816,0.06554976851851851
1,0.80149555,5.270523900000001,0.0,240.0,180.0,0.00030092592,0.30543827361542586,False,0.99809706,0.023252912,0.057110906,214.53275,214.53275,0.10350073,0.05268028,False,0.4410386,0.80149555,-0.12670135,100097,14,False,False,0.0,79.99550218989489,1,0.03876157407407407,0.009675925925925926,0.36201967592592593,0.0,0.0,0.3548900462962963,0.007100694444444444
0,1.0418794,1.6773819000000003,0.0,240.0,180.0,0.00019097222,0.1495657379698975,False,-0.9738016,-0.08013515,-0.21281219,406.0447,406.0447,0.1351622,0.06950487,False,4.0609064,1.0418794,-2.709423,100097,14,False,False,1.0,47.81550753511988,2,0.003935185185185185,0.14972222222222223,0.18774305555555557,0.0,0.0,0.4039872685185185,0.06412037037037037
1,0.9531186,5.270523900000001,0.0,240.0,180.0,0.0003761574,0.30543827361542586,False,0.9984837,0.016764842,0.052437186,214.53275,214.53275,0.110670656,0.057955462,False,0.70334786,0.9531186,-0.16539039,100097,12,False,False,1.0,79.99550218989489,3,0.05763310185185185,0.013478009259259259,0.3239930555555556,0.0,0.0,0.38320601851851854,0.0
0,1.009938,1.0536829999999995,0.0,240.0,180.0,0.0,0.29861178278609507,False,-0.5505573,0.040116735,-0.833833,545.3931,545.3931,0.037481017,0.106151074,False,4.558033,1.009938,5.467296,100098,6,True,False,0.0,36.52961750749775,0,0.0,0.0,0.03318287037037037,0.0,0.0011863425925925926,0.9265277777777777,0.0
1,3.1584065,2.2787276,0.0,240.0,180.0,4.0509258e-05,0.21156448532865713,False,0.7700593,-0.45262668,0.44959736,618.88745,618.88745,0.05433304,0.07878017,False,0.76895666,3.1584065,-4.2422514,100098,10,False,False,0.0,32.43355941884134,1,0.01603587962962963,0.0,0.28865162037037034,0.01607638888888889,0.15307870370370372,0.2810358796296296,0.0
0,1.1843817,1.0536829999999995,0.0,240.0,180.0,0.0,0.29861178278609507,False,-0.5655597,0.019306984,-0.82448137,545.3931,545.3931,0.044184636,0.102448165,False,4.792351,1.1843817,5.405381,100098,8,False,False,1.0,36.52961750749775,2,0.0,0.0,0.0548900462962963,0.0,0.005237268518518519,0.8833969907407407,0.0
1,2.9520068,2.2787276,0.0,240.0,180.0,5.787037e-06,0.21156448532865713,False,0.778271,-0.41458178,0.47160983,618.88745,618.88745,0.056962743,0.078661576,False,0.7236213,2.9520068,-4.25242,100098,10,False,False,1.0,32.43355941884134,3,0.015196759259259259,0.0,0.25191550925925926,0.021122685185185185,0.17474537037037038,0.2962152777777778,0.0
0,2.0348296,2.43496518,0.0,240.0,180.0,0.0,0.18128232118687712,False,0.88116485,-0.44132608,-0.16964692,263.14334,263.14334,0.028020231,0.037785493,False,-0.7345166,2.0348296,0.36503482,100099,12,False,False,0.0,68.74720621504247,0,0.017795138888888888,0.0,0.3779398148148148,0.06752314814814815,0.03121527777777778,0.31675925925925924,0.009137731481481481
1,1.792877,1.1391767,0.0,240.0,180.0,0.0007175926,0.25923432608798164,False,0.91113615,-0.13258566,-0.39019483,293.18182,293.18182,0.044454202,0.05223925,False,-3.4498153,1.792877,1.6608233,100099,15,False,False,0.0,63.09597451264043,1,0.01630208333333333,0.0,0.25515046296296295,0.06918981481481482,0.0064293981481481485,0.3212847222222222,0.08128472222222222
0,2.2056518,2.43496518,0.0,240.0,180.0,0.0,0.18128232118687712,False,0.8890821,-0.4252583,-0.1693756,263.14334,263.14334,0.028205637,0.037290227,False,-0.79409385,2.2056518,0.35347596,100099,12,False,False,1.0,68.74720621504247,2,0.012835648148148148,0.0,0.3404050925925926,0.06535879629629629,0.030190972222222223,0.3400810185185185,0.019253472222222224
1,1.9581962,1.1391767,0.0,240.0,180.0,0.00087384257,0.25923432608798164,False,0.8946931,-0.15691042,-0.41821438,293.18182,293.18182,0.042889167,0.051323224,False,-3.3101547,1.9581962,1.803536,100099,15,False,False,1.0,63.09597451264043,3,0.017824074074074076,0.0,0.2773900462962963,0.044681712962962965,0.006759259259259259,0.32644675925925926,0.07631944444444444
0,1.7112362,0.7290920000000005,0.0,240.0,180.0,0.00011574074,0.13556259537763346,False,-0.9053367,-0.2376639,0.35196757,168.56528,168.56528,0.14295748,0.07910068,False,-2.0829577,1.7112362,-7.305283,100100,14,False,False,0.0,93.75783956695619,0,0.0,0.030613425925925926,0.29608217592592595,0.0066377314814814814,0.0,0.3535474537037037,0.05070601851851852
1,1.7036792,4.269115000000001,0.0,240.0,180.0,0.0017013889,0.18209895674500717,False,-0.2851437,-0.24260569,0.92727304,685.9464,685.9464,0.048022322,0.067344114,False,1.095717,1.7036792,-3.76526,100100,6,False,False,0.0,29.407085764105876,1,0.0,0.007239583333333333,0.00032407407407407406,0.0,0.0,0.23092013888888888,0.32381944444444444
0,1.8422948,0.7290920000000005,0.0,240.0,180.0,0.00010416667,0.13556259537763346,False,-0.92428887,-0.2503326,0.28813815,168.56528,168.56528,0.13165595,0.07356849,False,-2.0483043,1.8422948,-7.305333,100100,15,False,False,1.0,93.75783956695619,2,0.0,0.03298611111111111,0.28041666666666665,0.006950231481481482,0.0,0.31881944444444443,0.040005787037037034
1,1.5265143,4.269115000000001,0.0,240.0,180.0,0.0016030093,0.18209895674500717,False,-0.19655633,-0.20743705,0.9582982,685.9464,685.9464,0.046096336,0.07069219,False,1.0564926,1.5265143,-3.7805595,100100,5,False,False,1.0,29.407085764105876,3,0.0,0.026510416666666668,0.0,0.0,0.0,0.29376157407407405,0.36072916666666666
0,1.7039009,1.2820177999999998,0.0,240.0,180.0,0.032060184,0.8971863688493754,False,-0.69205606,-0.066752136,-0.71875066,238.02888,238.02888,0.07102531,0.018105702,False,-0.08184767,1.7039009,3.6849747,100101,7,False,False,0.0,74.19392636205052,0,0.0,0.0,0.14593171296296295,0.0,0.0,0.38919560185185187,0.41519097222222223
1,1.205472,0.7162879999999996,0.0,240.0,180.0,0.010896991,0.3296455059089235,False,-0.467559,-0.22388193,0.85514045,678.5005,678.5005,0.028160945,0.042439222,False,4.122728,1.205472,-3.929547,100101,8,False,False,0.0,29.715598326640837,1,0.0,0.35639467592592594,0.21885416666666666,0.040115740740740743,0.0,0.23650462962962962,0.10799768518518518
0,1.875452,1.2820177999999998,0.0,240.0,180.0,0.040578704,0.8971863688493754,False,-0.91650087,-0.16783994,-0.3631196,238.02888,238.02888,0.07789164,0.020291181,False,-0.056866333,1.875452,2.8046966,100101,8,False,False,1.0,74.19392636205052,2,0.0,0.0,0.166875,0.0,0.0,0.30678819444444444,0.4448842592592593
1,1.3956385,0.7162879999999996,0.0,240.0,180.0,0.0043171295,0.3296455059089235,False,-0.54688877,-0.4341627,0.715832,678.5005,678.5005,0.021300618,0.04194963,False,3.9877791,1.3956385,-3.6965413,100101,7,False,False,1.0,29.715598326640837,3,0.0,0.37603587962962964,0.5337326388888889,0.006493055555555556,0.0,0.04597222222222222,0.0
0,1.2872399,1.0623674000000003,0.0,240.0,180.0,0.023842592,0.3362873636295305,False,-0.22670089,-0.14379376,-0.9632913,180.65971,180.65971,0.07886437,0.036824863,False,3.242333,1.2872399,2.8249736,100102,15,False,False,0.0,89.7903933145728,0,0.022546296296296297,0.0,0.3472395833333333,0.003923611111111111,0.03996527777777778,0.3303587962962963,0.076875
1,0.99258167,0.8854446,0.0,240.0,180.0,0.07600116,0.28750198972527974,False,0.30407968,0.07102556,-0.9499952,343.64,343.64,0.07346205,0.024508387,False,-1.3209386,0.99258167,3.0018964,100102,16,False,False,0.0,55.291450532746545,1,0.031649305555555556,0.003975694444444444,0.1899074074074074,0.009988425925925927,0.0,0.3058622685185185,0.09297453703703704
0,1.2489452,1.0623674000000003,0.0,240.0,180.0,0.041064814,0.3362873636295305,False,-0.13347429,-0.13483752,-0.9818368,180.65971,180.65971,0.097446114,0.04055041,False,3.298669,1.2489452,3.1542895,100102,16,False,False,1.0,89.7903933145728,2,0.018362268518518517,0.0,0.311412037037037,0.0038252314814814815,0.02851851851851852,0.3327025462962963,0.06694444444444445
1,0.7952206,0.8854446,0.0,240.0,180.0,0.051296297,0.28750198972527974,False,0.244466,0.112819724,-0.9630722,343.64,343.64,0.06491314,0.022121297,False,-1.2130909,0.7952206,3.180991,100102,17,False,False,1.0,55.291450532746545,3,0.02715277777777778,0.004681712962962963,0.19616319444444444,0.009172453703703703,0.00046875,0.3159837962962963,0.05015625
0,0.9040475,0.7763314999999995,0.00049768516,240.0,180.0,0.00026041668,0.2131991514207374,False,0.99026936,0.040961538,0.13299954,163.83417,163.83417,0.0793351,0.08733945,False,-4.990827,0.9040475,0.4451537,100103,14,False,False,0.0,95.38371617262098,0,0.00019675925925925926,0.0428125,0.3400636574074074,0.0008217592592592593,0.0,0.1526099537037037,0.27417824074074076
1,3.0485678,0.666229,0.0,240.0,180.0,0.0,0.14366422051916738,False,-0.90434927,-0.38876888,0.17610085,373.4286,373.4286,0.07223662,0.07666651,False,1.5522656,3.0485678,-2.133771,100103,8,False,False,0.0,51.46997902965982,1,0.0,0.08907407407407407,0.2583622685185185,0.0,0.0,0.2629976851851852,0.22365740740740742
0,0.9059265,0.7763314999999995,0.00091435184,240.0,180.0,0.0003125,0.2131991514207374,False,0.99202996,0.03316725,0.12156129,163.83417,163.83417,0.084392145,0.09012218,False,-5.202918,0.9059265,0.46678135,100103,14,False,False,1.0,95.38371617262098,2,0.00018518518518518518,0.034311342592592595,0.3534953703703704,0.000792824074074074,0.0,0.1509201388888889,0.26903356481481483
1,2.9187913,0.666229,0.0,240.0,180.0,0.0,0.14366422051916738,False,-0.91002893,-0.35260695,0.2179811,373.4286,373.4286,0.07160203,0.07801549,False,1.5999204,2.9187913,-2.1728413,100103,8,False,False,1.0,51.46997902965982,3,0.0,0.08686921296296296,0.2629224537037037,0.0,0.0,0.23609375,0.25373842592592594
0,2.2687676,1.876573099999999,0.0,240.0,180.0,0.045694444,0.1506991887608108,False,-0.32860428,-0.17114365,0.9288322,301.38452,301.38452,0.057902955,0.026803833,False,0.56465673,2.2687676,-7.0554414,100104,9,False,False,0.0,61.69498957114244,0,0.012650462962962962,0.0,0.14052083333333334,0.01907986111111111,0.0,0.3110011574074074,0.40511574074074075
1,1.6868079,1.1157785000000002,0.0,240.0,180.0,0.0036921296,0.1206265362859682,False,0.9824223,-0.1427802,0.12025225,335.29434,335.29434,0.09671234,0.037096217,False,-5.235494,1.6868079,4.720396,100104,13,False,False,0.0,56.45751934049412,1,0.015081018518518518,0.0,0.28891782407407407,0.0,0.02361111111111111,0.38385416666666666,0.09655671296296296
0,2.4109132,1.876573099999999,0.0,240.0,180.0,0.03879051,0.1506991887608108,False,-0.31834793,-0.20111693,0.9263942,301.38452,301.38452,0.05205143,0.026688512,False,0.53873265,2.4109132,-7.01263,100104,10,False,False,1.0,61.69498957114244,2,0.00400462962962963,0.0,0.13846064814814815,0.01964699074074074,0.0008043981481481482,0.32355324074074077,0.37149305555555556
1,1.7309548,1.1157785000000002,0.0,240.0,180.0,0.003599537,0.1206265362859682,False,0.98053885,-0.13189763,0.14541817,335.29434,335.29434,0.091825746,0.035207164,False,-5.3438783,1.7309548,4.7496305,100104,13,False,False,1.0,56.45751934049412,3,0.014172453703703704,0.0,0.2854224537037037,0.0,0.019004629629629628,0.3672164351851852,0.10732638888888889
0,1.664366,2.8420728000000004,0.0,240.0,180.0,0.00011574074,0.4205306531082509,False,0.6520863,-0.26711053,0.7095318,437.75473,437.75473,0.012482446,0.026181474,False,3.1880517,1.664366,0.08857298,100105,6,False,False,0.0,44.70386886075837,0,0.0,0.0,0.3205497685185185,0.0,0.0,0.5041377314814814,0.045625
1,1.4674127,2.9264494,0.0,240.0,180.0,2.8935185e-05,0.2304450606875532,False,0.5483088,-0.24673383,0.7990494,633.9781,633.9781,0.014551976,0.03159028,False,-1.3567886,1.4674127,1.4286766,100105,4,False,False,0.0,31.70076587943405,1,0.0,0.0,0.09539930555555555,0.0,0.0,0.39316550925925925,0.4678935185185185
0,1.5678682,2.8420728000000004,0.0,240.0,180.0,0.00028935185,0.4205306531082509,False,0.5666268,-0.31070387,0.7631496,437.75473,437.75473,0.01204425,0.02544465,False,3.5570915,1.5678682,0.26561487,100105,6,False,False,1.0,44.70386886075837,2,0.0,0.0,0.3724884259259259,0.0,0.0,0.43951967592592595,0.06509259259259259
1,1.6803086,2.9264494,0.0,240.0,180.0,5.787037e-06,0.2304450606875532,False,0.46431708,-0.36388478,0.8074634,633.9781,633.9781,0.013053703,0.030340226,False,-1.2795728,1.6803086,1.4713144,100105,4,False,False,1.0,31.70076587943405,3,0.0,0.0,0.20099537037037038,0.0,0.0,0.27144675925925926,0.4851331018518519
0,1.4901422,1.5974379999999995,0.0,240.0,180.0,0.009253472,0.528970577357966,False,-0.94335914,-0.0503236,-0.32793468,163.54318,163.54318,0.039297353,0.028895516,False,6.5309863,1.4901422,2.615705,100106,10,False,False,0.0,95.48510678404733,0,0.0013599537037037037,0.0,0.26703125,0.0,0.001851851851851852,0.38612847222222224,0.26307870370370373
1,1.2155362,1.5041480999999997,0.0,240.0,180.0,0.00037037037,0.205754696684693,False,0.522954,0.048741154,0.8509662,168.84598,168.84598,0.069297835,0.07923284,False,5.2234015,1.2155362,-2.7089949,100106,13,False,False,0.0,93.66270565465267,1,0.004120370370370371,0.0,0.06304976851851851,0.028072916666666666,0.17552083333333332,0.40767939814814813,0.07416666666666667
0,1.3677235,1.5974379999999995,0.0,240.0,180.0,0.004230324,0.528970577357966,False,-0.96207994,-0.043399755,-0.2692924,163.54318,163.54318,0.03980747,0.030720685,False,6.297201,1.3677235,2.1572642,100106,10,False,False,1.0,95.48510678404733,2,0.0014872685185185186,0.0,0.2704803240740741,0.0,0.002008101851851852,0.3876967592592593,0.2563946759259259
1,1.2368178,1.5041480999999997,0.0,240.0,180.0,0.0007638889,0.205754696684693,False,0.43589273,0.045716066,0.8988366,168.84598,168.84598,0.06805738,0.07745175,False,5.4123993,1.2368178,-2.630497,100106,13,False,False,1.0,93.66270565465267,3,0.0052893518518518515,0.0,0.03293981481481482,0.040190972222222225,0.18676504629629628,0.3800636574074074,0.07857060185185186
0,1.089046,1.1398587999999998,0.0,240.0,180.0,0.012228009,1.5324662794688706,False,-0.67602694,-0.06745066,-0.7337833,330.61124,330.61124,0.029678814,0.026284646,False,3.273449,1.089046,1.6601412,100107,10,False,False,0.0,57.13182191042768,0,0.0,0.018032407407407407,0.3657986111111111,0.0,0.0,0.4721875,0.06587962962962964
1,0.94768345,0.8395099999999998,0.0,240.0,180.0,0.070173614,0.08704364387307383,False,0.9690661,-0.0465279,-0.24237555,614.611,614.611,0.005094939,0.0064266627,False,0.25369263,0.94768345,1.96049,100107,7,False,False,0.0,32.64725548769128,1,0.0,0.0,0.22761574074074073,0.0,0.0,0.5621469907407407,0.0
0,1.0371438,1.1398587999999998,0.00016203703,240.0,180.0,0.013043981,1.5324662794688706,False,-0.8741992,-0.037980963,-0.48407948,330.61124,330.61124,0.039606642,0.02581561,False,4.1707664,1.0371438,0.41893995,100107,14,False,False,1.0,57.13182191042768,2,0.0035590277777777777,0.020457175925925927,0.3337615740740741,0.0,0.0,0.4460590277777778,0.09105902777777777
1,1.006499,0.8395099999999998,0.0,240.0,180.0,0.06691551,0.08704364387307383,False,0.9705544,-0.045819208,-0.23648387,614.611,614.611,0.0052203126,0.0064954255,False,0.19883473,1.006499,1.9937757,100107,7,False,False,1.0,32.64725548769128,3,0.0,0.0,0.2077199074074074,0.0,0.0,0.5585243055555555,0.0
0,0.9877629,0.95924925,0.0010416667,240.0,180.0,0.00020833334,0.36778322473330666,False,0.7997899,0.107715294,0.5905365,652.23254,652.23254,0.0724875,0.07016148,False,-3.403523,0.9877629,-2.9400635,100108,11,False,False,0.0,30.856369901817796,0,0.01035300925925926,0.0,0.03260416666666666,0.0,0.0040625,0.035787037037037034,0.669525462962963
1,1.8814281,1.4243707000000003,1.1574074e-05,240.0,180.0,0.0,0.1688837120120529,False,-0.15954673,-0.20210889,0.96627986,279.86215,279.86215,0.27016306,0.27786314,False,-3.8685708,1.8814281,-2.3172464,100108,9,False,False,0.0,65.4961233643332,1,0.0,0.021377314814814814,0.24179976851851853,0.0,0.0,0.10858796296296297,0.46598379629629627
0,0.8123632,0.95924925,0.0011805556,240.0,180.0,6.9444446e-05,0.36778322473330666,False,0.7400977,0.15726605,0.653852,652.23254,652.23254,0.07609239,0.0716306,False,-3.3542047,0.8123632,-3.259543,100108,8,False,False,1.0,30.856369901817796,2,0.00816550925925926,0.0,0.016944444444444446,0.0,0.00021412037037037038,0.06307291666666667,0.6835416666666667
1,1.7850626,1.4243707000000003,1.7361112e-05,240.0,180.0,0.0,0.1688837120120529,False,-0.12203878,-0.16762742,0.97826767,279.86215,279.86215,0.26643744,0.27455464,False,-3.9705322,1.7850626,-2.223229,100108,9,False,False,1.0,65.4961233643332,3,0.0,0.022766203703703705,0.22844907407407408,0.0,0.0,0.11381944444444445,0.4607175925925926
0,2.225666,0.8151385000000002,0.0,240.0,180.0,0.011087963,0.5057451461115765,False,-0.50078493,-0.31153366,-0.80756503,331.35342,331.35342,0.02741115,0.011667091,False,3.911992,2.225666,1.5644586,100109,12,False,False,0.0,57.023972345776826,0,0.0017708333333333332,0.10497106481481482,0.25096064814814817,0.0,0.0,0.44256944444444446,0.002158564814814815
1,1.7736278,1.6326262999999999,0.0,240.0,180.0,0.025150463,0.22617713107083143,False,0.87587374,-0.21915908,0.42989993,325.8399,325.8399,0.013712321,0.010938965,False,0.18015432,1.7736278,-1.1673737,100109,11,False,False,0.0,57.83414784612109,1,0.0,0.06261574074074074,0.2758564814814815,0.0,0.0,0.26880208333333333,0.11986689814814815
0,2.4090233,0.8151385000000002,0.0,240.0,180.0,0.013177083,0.5057451461115765,False,-0.4310848,-0.32033914,-0.8435334,331.35342,331.35342,0.009580699,0.010564838,False,3.7771058,2.4090233,2.0160823,100109,13,False,False,1.0,57.023972345776826,2,0.0010821759259259259,0.09325231481481482,0.26590277777777777,0.0,0.0,0.4415046296296296,3.472222222222222e-05
1,1.9296718,1.6326262999999999,0.0,240.0,180.0,0.025104167,0.22617713107083143,False,0.8486873,-0.22739191,0.4775169,325.8399,325.8399,0.014241366,0.0112744095,False,0.21843593,1.9296718,-1.3265619,100109,11,False,False,1.0,57.83414784612109,3,0.0,0.06170717592592593,0.25328703703703703,0.0,0.0,0.2730092592592593,0.1452199074074074
0,1.766461,1.1874354000000005,0.0,240.0,180.0,0.00053819444,0.05259812436256661,False,0.91877353,-0.1008263,0.3816924,584.60516,584.60516,0.07079812,0.055950195,False,-3.3897386,1.766461,-1.0961711,100110,11,False,False,0.0,34.227211817907516,0,0.0,0.014733796296296297,0.25885416666666666,0.0,0.0,0.5267476851851852,0.020543981481481483
1,1.6030194,1.3449653000000001,0.0,240.0,180.0,0.0,0.30397713526635534,False,0.9867606,-0.11970962,0.10942161,161.22368,161.22368,0.106413946,0.097719125,False,-3.2322087,1.6030194,2.3163853,100110,8,False,False,0.0,96.29921105599281,1,0.0,0.0,0.2187962962962963,0.0,0.0,0.42322916666666666,0.19842013888888888
0,1.7678707,1.1874354000000005,0.0,240.0,180.0,0.00097222225,0.05259812436256661,False,0.8956614,-0.10555601,0.43202674,584.60516,584.60516,0.040778153,0.053220276,False,-3.4307067,1.7678707,-1.0632137,100110,10,False,False,1.0,34.227211817907516,2,0.0,0.006938657407407407,0.2610300925925926,0.0,0.0,0.515005787037037,0.06017361111111111
1,1.8326087,1.3449653000000001,0.0,240.0,180.0,0.0,0.30397713526635534,False,0.9803413,-0.1546689,0.12250888,161.22368,161.22368,0.11819141,0.09770323,False,-3.077476,1.8326087,2.1908917,100110,8,False,False,1.0,96.29921105599281,3,0.0,0.0,0.20103587962962963,0.0,0.0,0.4351157407407407,0.18911458333333334
0,1.6293879,1.7835359999999998,4.6296296e-05,240.0,180.0,0.0,0.4814870705457523,False,0.8669647,-0.12398116,0.48270202,589.7767,589.7767,0.09438714,0.16562676,False,-4.934883,1.6293879,-3.6376097,100111,8,False,False,0.0,33.944409017555664,0,0.057511574074074076,0.0,0.3229398148148148,0.0,0.06126157407407407,0.27621527777777777,0.259375
1,1.0769684,1.1551627,0.0,240.0,180.0,0.0,0.6230872179400005,False,0.07953312,-0.049421396,-0.99560636,446.0259,446.0259,0.1456268,0.18331373,False,5.5632563,1.0769684,3.005991,100111,11,False,False,0.0,43.95445954529228,1,0.0,0.0,0.24947337962962962,0.0,0.0,0.5418055555555555,0.04545138888888889
0,1.8505912,1.7835359999999998,0.0,240.0,180.0,0.0,0.4814870705457523,False,0.9086217,-0.14888206,0.39018035,589.7767,589.7767,0.092975475,0.17120537,False,-5.178715,1.8505912,-3.2862625,100111,8,False,False,1.0,33.944409017555664,2,0.04879050925925926,0.0,0.30466435185185187,0.0,0.07761574074074074,0.28737268518518516,0.2606539351851852
1,1.188123,1.1551627,0.0,240.0,180.0,0.0,0.6230872179400005,False,0.13819408,-0.07830472,-0.9873048,446.0259,446.0259,0.14894702,0.19501969,False,4.9702187,1.188123,3.1615183,100111,11,False,False,1.0,43.95445954529228,3,0.0,0.0,0.3158564814814815,0.0,0.0,0.5278645833333333,0.04914930555555556
0,1.0713018,0.7112154000000004,0.0,240.0,180.0,2.8935185e-05,0.4216311884927985,False,0.9170321,-0.116708115,0.38135445,279.8323,279.8323,0.05388413,0.043787196,False,-2.6769266,1.0713018,-5.537416,100112,15,False,False,0.0,65.50168678452393,0,0.08679976851851852,0.0,0.28947337962962966,0.0,0.016417824074074074,0.24614583333333334,0.09190393518518518
1,0.87794554,0.9123795000000001,0.0,240.0,180.0,5.787037e-05,0.5429716149483192,False,-0.27461573,-0.07202753,0.9588524,159.29285,159.29285,0.11172799,0.09145501,False,-2.2106707,0.87794554,-6.15236,100112,10,False,False,0.0,96.98489829731562,1,0.07974537037037037,0.0,0.2428414351851852,0.0,0.0014814814814814814,0.38685185185185184,0.15227430555555554
0,1.0390341,0.7112154000000004,0.0,240.0,180.0,0.0,0.4216311884927985,False,0.85537404,-0.07371232,0.5127394,279.8323,279.8323,0.06033942,0.044470973,False,-2.2688682,1.0390341,-5.63851,100112,13,False,False,1.0,65.50168678452393,2,0.12289351851851851,0.0,0.24711805555555555,0.0,0.0159375,0.27689814814814817,0.12243055555555556
1,1.0735517,0.9123795000000001,0.0,240.0,180.0,0.0,0.5429716149483192,False,-0.4375609,-0.14912537,0.8867371,159.29285,159.29285,0.11960005,0.088412546,False,-1.7072899,1.0735517,-6.208611,100112,11,False,False,1.0,96.98489829731562,3,0.12288773148148148,0.0,0.2192361111111111,0.0,0.004704861111111111,0.37287037037037035,0.15659143518518517
0,0.8513762,1.51666495,0.0,240.0,180.0,0.0018981481,0.18530422539661626,False,-0.9694817,0.034456078,-0.2427305,368.0672,368.0672,0.14269096,0.104837626,False,2.3181849,0.8513762,1.1627388,100113,13,False,False,0.0,52.121067641565865,0,0.05230324074074074,0.0,0.20278935185185185,0.09588541666666667,0.08412037037037037,0.2655266203703704,0.14818287037037037
1,2.3968334,1.38105015,0.0,240.0,180.0,0.00013310186,0.5298993723198421,False,-0.6434454,-0.42308336,0.637949,265.8198,265.8198,0.0625065,0.07733891,False,2.4537997,2.3968334,-0.39524662,100113,11,False,False,0.0,68.20782374670631,1,0.014184027777777778,0.0,0.3043460648148148,0.01269675925925926,0.10177083333333334,0.08277199074074074,0.44177662037037035
0,1.0265634,1.51666495,0.0,240.0,180.0,0.0016030093,0.18530422539661626,False,-0.96724206,-0.000119607896,-0.25385576,368.0672,368.0672,0.13897711,0.10788141,False,2.3756247,1.0265634,1.1813874,100113,13,False,False,1.0,52.121067641565865,2,0.045434027777777775,0.0,0.18383101851851852,0.08695601851851852,0.0966261574074074,0.2824710648148148,0.14633680555555556
1,2.2501292,1.38105015,0.0,240.0,180.0,0.00020833334,0.5298993723198421,False,-0.73078775,-0.36977133,0.57377505,265.8198,265.8198,0.06649987,0.0779262,False,2.924141,2.2501292,-0.2001818,100113,12,False,False,1.0,68.20782374670631,3,0.017083333333333332,0.0,0.31787615740740743,0.013200231481481481,0.07725694444444445,0.12113425925925926,0.39023148148148146
0,2.063745,2.7685262,0.0,240.0,180.0,0.0,0.23735802577098578,False,-0.6233463,-0.10433273,0.7749542,375.06006,375.06006,0.18915293,0.12473916,False,-2.3646932,2.063745,-1.6726623,100114,12,False,False,0.0,51.27485252295007,0,0.014710648148148148,0.0,0.1720775462962963,0.0,0.027853009259259258,0.15815972222222222,0.3851851851851852
1,1.787143,2.8878278,0.0,240.0,180.0,5.787037e-06,0.18897262928887357,False,0.88397706,-0.353014,0.30653775,138.09288,138.09288,0.026229814,0.018852841,False,4.0985565,1.787143,-1.5533607,100114,13,False,False,0.0,105.01040980696028,1,0.016707175925925927,0.0,0.3677256944444444,0.0,0.02351851851851852,0.34921296296296295,0.05684027777777778
0,1.8323932,2.7685262,0.0,240.0,180.0,0.0,0.23735802577098578,False,-0.6050948,-0.08643918,0.7914473,375.06006,375.06006,0.18223546,0.12048926,False,-2.3743227,1.8323932,-1.7248394,100114,12,False,False,1.0,51.27485252295007,2,0.01407986111111111,0.0,0.20275462962962962,0.0,0.02986689814814815,0.15664930555555556,0.38575810185185183
1,1.9731319,2.8878278,0.0,240.0,180.0,2.3148148e-05,0.18897262928887357,False,0.84138125,-0.45349184,0.29397726,138.09288,138.09288,0.02530184,0.019203043,False,4.0746098,1.9731319,-1.5300082,100114,12,False,False,1.0,105.01040980696028,3,0.017239583333333332,0.0,0.39340277777777777,0.0,0.019756944444444445,0.3727256944444444,0.06225694444444444
0,1.6536533,1.7498660000000004,0.0,240.0,180.0,0.0,0.048189868277342375,False,0.4522388,-0.0785864,-0.888428,202.89856,202.89856,0.15574162,0.16603605,False,0.3330388,1.6536533,2.3934975,100115,13,False,False,0.0,83.1552097314367,0,0.034033564814814815,0.028587962962962964,0.2139525462962963,0.0056307870370370374,0.0,0.556244212962963,0.0
1,1.4531837,0.7817421000000002,0.0,240.0,180.0,0.0018113425,0.21898693534861863,False,-0.38530567,-0.070190616,-0.92011565,162.06038,162.06038,0.21656185,0.19120291,False,1.8380222,1.4531837,3.3616214,100115,15,False,False,0.0,96.00433832672874,1,0.00359375,0.0774537037037037,0.20228009259259258,0.0023668981481481484,0.0,0.4223321759259259,0.07402777777777778
0,1.6167105,1.7498660000000004,0.0,240.0,180.0,0.0,0.048189868277342375,False,0.46122816,-0.04861946,-0.8859485,202.89856,202.89856,0.15836312,0.17160927,False,0.30619806,1.6167105,2.4088945,100115,13,False,False,1.0,83.1552097314367,2,0.03282986111111111,0.019866898148148147,0.20905671296296297,0.005596064814814815,0.0,0.5681597222222222,0.0
1,1.2367346,0.7817421000000002,0.0,240.0,180.0,0.0013368055,0.21898693534861863,False,-0.37765774,-0.017695518,-0.9257762,162.06038,162.06038,0.21780413,0.19009028,False,1.8192933,1.2367346,3.3890858,100115,15,False,False,1.0,96.00433832672874,3,0.0027199074074074074,0.06649305555555556,0.21587962962962962,0.0024421296296296296,0.0,0.4095775462962963,0.07440972222222222
0,1.4774581,1.2775699999999999,0.0,240.0,180.0,0.008917824,0.16857921692634564,False,0.7967793,-0.13537565,0.58891094,141.43494,141.43494,0.06341245,0.03240036,False,-2.5873437,1.4774581,-3.440976,100116,18,False,False,0.0,103.68304421255866,0,0.0026967592592592594,0.0,0.36435185185185187,0.0,0.0005787037037037037,0.07471064814814815,0.07413194444444444
1,1.0814712,0.8199644999999998,5.2083335e-05,240.0,180.0,0.025653936,0.0715325358099376,False,-0.9179717,0.029575665,-0.3955421,239.89998,239.89998,0.032907363,0.01697226,False,3.3098593,1.0814712,3.8985815,100116,16,False,False,0.0,73.76272405501301,1,0.016961805555555556,0.0,0.1491550925925926,0.0,0.006990740740740741,0.08277199074074074,0.16078703703703703
0,1.5749756,1.2775699999999999,0.0,240.0,180.0,0.006869213,0.16857921692634564,False,0.75831634,-0.17335899,0.6284131,141.43494,141.43494,0.06720352,0.034388985,False,-2.4512672,1.5749756,-3.460787,100116,18,False,False,1.0,103.68304421255866,2,0.002494212962962963,0.0,0.37971643518518516,0.0,0.0005902777777777778,0.0620775462962963,0.07777777777777778
1,1.0754876,0.8199644999999998,4.6296296e-05,240.0,180.0,0.02599537,0.0715325358099376,False,-0.9181271,0.035255052,-0.3947146,239.89998,239.89998,0.032774396,0.017405372,False,3.3792381,1.0754876,3.8822205,100116,17,False,False,1.0,73.76272405501301,3,0.018836805555555555,0.0,0.1527662037037037,0.0,0.005486111111111111,0.08300347222222222,0.15858217592592594
0,1.2659035,1.2761749999999994,0.0,240.0,180.0,0.00011574074,0.06848970852580741,False,0.7926895,-0.1984557,0.5764189,257.1575,257.1575,0.09777967,0.06968521,False,-4.6673813,1.2659035,-4.5743055,100117,6,False,False,0.0,69.98097915360948,0,0.0,0.10222800925925926,0.2340914351851852,0.0,0.0,0.20047453703703705,0.45317708333333334
1,0.97332,2.1421694999999996,0.0,240.0,180.0,0.031846065,0.3115198166224745,False,0.418413,-0.061376564,0.90618026,665.6765,665.6765,0.030563595,0.023594545,False,5.773252,0.97332,-3.708311,100117,12,False,False,0.0,30.26203791613962,1,0.14309027777777777,0.07314236111111111,0.12079282407407407,0.0,0.0,0.2552835648148148,0.09546296296296296
0,1.2953568,1.2761749999999994,0.0,240.0,180.0,0.00026041668,0.06848970852580741,False,0.78564966,-0.18920341,0.5890304,257.1575,257.1575,0.10591981,0.072799996,False,-4.6575804,1.2953568,-4.513254,100117,6,False,False,1.0,69.98097915360948,2,0.0,0.09615740740740741,0.21291087962962962,0.0,0.0,0.20501157407407408,0.47369212962962964
1,1.18944,2.1421694999999996,0.0,240.0,180.0,0.025277779,0.3115198166224745,False,0.33745795,-0.16122837,0.9274305,665.6765,665.6765,0.02403062,0.0303423,False,5.8349705,1.18944,-3.4926085,100117,10,False,False,1.0,30.26203791613962,3,0.14953703703703702,0.15289930555555556,0.17745949074074074,0.0,0.0,0.23537615740740742,0.1491377314814815
0,0.89573956,1.24154595,0.0,240.0,180.0,0.0,0.17278993855902744,False,0.36524922,0.14810532,-0.91905266,305.74915,305.74915,0.15245645,0.13238406,False,0.29140425,0.89573956,2.1053872,100118,12,False,False,0.0,60.9721689351172,0,0.013819444444444445,0.07664930555555556,0.16902199074074073,0.0,0.0,0.24638310185185186,0.0
1,1.39666,2.6078155499999998,0.0,240.0,180.0,0.0,1.177175860703274,False,0.9280224,0.026144117,-0.3716054,152.53012,152.53012,0.17353213,0.17434867,False,-1.092649,1.39666,0.7391176,100118,15,False,False,0.0,99.44481810619645,1,0.014392361111111111,0.09327546296296296,0.2011226851851852,0.0,0.0,0.1497337962962963,0.042123842592592595
0,1.0156131,1.24154595,0.0,240.0,180.0,0.0,0.17278993855902744,False,0.41864017,0.14028582,-0.89725155,305.74915,305.74915,0.1606585,0.13843684,False,0.18833522,1.0156131,2.0356486,100118,12,False,False,1.0,60.9721689351172,2,0.010978009259259259,0.09373842592592592,0.11042824074074074,0.0,0.0,0.27153935185185185,0.0
1,1.6288849,2.6078155499999998,0.0,240.0,180.0,0.0,1.177175860703274,False,0.946929,-0.027875159,-0.3202318,152.53012,152.53012,0.17230928,0.17767541,False,-0.27032202,1.6288849,-0.07056934,100118,15,False,False,1.0,99.44481810619645,3,0.026064814814814815,0.049965277777777775,0.19303819444444445,0.0,0.0,0.19707754629629629,0.002667824074074074
0,2.3127549,1.6061273000000003,0.0,240.0,180.0,0.0,0.6056473811919523,False,0.17054082,-0.12225685,0.97773695,693.50464,693.50464,0.045663863,0.06300014,False,2.0828485,2.3127549,-3.3098516,100119,8,False,False,0.0,29.100259989319774,0,0.0,0.0,0.15582175925925926,0.0,0.0,0.5167013888888888,0.2018287037037037
1,1.691295,1.5084267000000002,0.0,240.0,180.0,0.00014467593,0.16570680102135218,False,0.5226238,-0.09101733,0.8476907,343.88617,343.88617,0.13820584,0.10441784,False,-2.1805491,1.691295,-3.4578354,100119,10,False,False,0.0,55.257734258334274,1,0.0,0.0,0.37572337962962965,0.023460648148148147,0.0,0.26991319444444445,0.15264467592592593
0,2.305705,1.6061273000000003,0.0,240.0,180.0,0.0,0.6056473811919523,False,0.05006941,-0.12470745,0.99092925,693.50464,693.50464,0.06729917,0.0676599,False,2.6741314,2.305705,-3.1789181,100119,7,False,False,1.0,29.100259989319774,2,0.0,0.0,0.17413194444444444,0.0,0.0,0.45004050925925926,0.27457754629629627
1,1.5287137,1.5084267000000002,0.0,240.0,180.0,0.00015625,0.16570680102135218,False,0.53024346,-0.08192214,0.8438785,343.88617,343.88617,0.13414742,0.10431278,False,-2.1534643,1.5287137,-3.4407334,100119,11,False,False,1.0,55.257734258334274,3,0.0,0.0,0.3879398148148148,0.02416087962962963,0.0,0.27740162037037036,0.14336226851851852
0,1.5223764,1.6955074999999997,0.0,240.0,180.0,0.0,0.2270790768509068,False,-0.9846617,-0.116285354,0.13007355,402.82648,402.82648,0.2618335,0.21483654,False,1.8458548,1.5223764,-4.069287,100120,7,False,False,0.0,48.15424362134799,0,0.0,0.0028761574074074076,0.2964351851851852,0.0,0.0,0.2170659722222222,0.17120949074074074
1,1.6702869,1.6691598499999998,0.0,240.0,180.0,0.0,1.5392379783715349,False,-0.74095184,-0.24582306,-0.62494916,245.09178,245.09178,0.16309567,0.098475255,False,2.2650893,1.6702869,-2.8756437,100120,9,False,False,0.0,72.58851580882781,1,0.0,0.10162037037037037,0.24825810185185185,0.0,0.0,0.4778703703703704,0.049450231481481484
0,1.6338053,1.6955074999999997,0.0,240.0,180.0,0.0,0.2270790768509068,False,-0.9755891,-0.13934754,0.1697309,402.82648,402.82648,0.26120847,0.21331634,False,1.9608433,1.6338053,-4.230303,100120,7,False,False,1.0,48.15424362134799,2,0.0,0.003883101851851852,0.3045601851851852,0.0,0.0,0.2109201388888889,0.16943287037037036
1,1.8885145,1.6691598499999998,0.0,240.0,180.0,0.0,1.5392379783715349,False,-0.93022716,-0.2797032,-0.23757815,245.09178,245.09178,0.16917609,0.09550992,False,3.1537461,1.8885145,-4.113351,100120,9,False,False,1.0,72.58851580882781,3,0.0,0.05140625,0.2717824074074074,0.0,0.0,0.48390046296296296,0.06118634259259259
0,1.4731817,1.5865749999999998,0.0,240.0,180.0,0.0,0.14941614331426842,True,0.44390076,-0.06476157,0.89373267,587.8976,587.8976,0.040047556,0.1127484,False,-4.3288255,1.4731817,-7.7109475,100121,2,True,False,0.0,34.04663843919408,0,0.0,0.003425925925925926,0.0,0.0,0.0,0.9965740740740741,0.0
1,1.1342417,0.9491319999999996,0.0,240.0,180.0,4.0509258e-05,0.24323422036163056,False,0.99830496,-0.020474983,-0.054480255,490.9249,490.9249,0.06068181,0.038398687,False,-5.647192,1.1342417,2.0824852,100121,15,False,False,0.0,40.27141579142475,1,0.011846064814814814,0.0,0.36244212962962963,0.0,0.0042824074074074075,0.32599537037037035,0.09705439814814815
0,1.6158026,1.5865749999999998,0.0,240.0,180.0,0.0,0.14941614331426842,True,0.41392696,-0.07063461,0.9075656,587.8976,587.8976,0.039287224,0.11959996,False,-4.2897058,1.6158026,-7.7322574,100121,1,True,False,1.0,34.04663843919408,2,0.0,0.0,0.0,0.0,0.0,1.0,0.0
1,1.2798721,0.9491319999999996,0.0,240.0,180.0,1.7361112e-05,0.24323422036163056,False,0.99770683,-0.04078883,-0.05401528,490.9249,490.9249,0.06175098,0.03903089,False,-5.4776354,1.2798721,2.1784291,100121,15,False,False,1.0,40.27141579142475,3,0.012528935185185185,0.0,0.36405671296296294,0.0,0.004542824074074074,0.33045138888888886,0.09478587962962963
0,1.2159026,3.0407996500000003,0.0,240.0,180.0,0.0006828704,0.31335074255338863,False,-0.47970665,-0.280345,0.83143747,480.35355,480.35355,0.09381714,0.14443597,False,-1.4168689,1.2159026,-1.0135121,100122,9,False,False,0.0,41.0843598238351,0,0.0007696759259259259,0.0,0.03134837962962963,0.05148148148148148,0.5285011574074074,0.09416666666666666,0.2261863425925926
1,0.9094697,1.0183870500000003,0.0,240.0,180.0,0.00070601853,0.26094920230721147,False,-0.77245796,0.08957479,-0.62871706,207.59706,207.59706,0.071876526,0.08510732,False,3.6955805,0.9094697,3.0359247,100122,12,False,False,0.0,81.85478461256211,1,0.0,0.023917824074074074,0.29463541666666665,0.005271990740740741,0.0,0.4182060185185185,0.14119212962962963
0,1.42961,3.0407996500000003,0.0,240.0,180.0,0.00021990741,0.31335074255338863,False,-0.5603257,-0.34570885,0.7526754,480.35355,480.35355,0.0891291,0.13903683,False,-1.2638913,1.42961,-1.1841453,100122,9,False,False,1.0,41.0843598238351,2,0.0052199074074074075,0.0,0.11851273148148148,0.059756944444444446,0.45466435185185183,0.14829282407407407,0.1448148148148148
1,1.1250011,1.0183870500000003,0.0,240.0,180.0,0.0006481481,0.26094920230721147,False,-0.75555384,0.05088242,-0.65310735,207.59706,207.59706,0.07307919,0.08756632,False,3.6169565,1.1250011,3.1602588,100122,11,False,False,1.0,81.85478461256211,3,0.0,0.026064814814814815,0.274525462962963,0.005572916666666667,0.0,0.44080439814814815,0.14780092592592592
0,0.88541406,0.7355404999999999,0.0,240.0,180.0,0.0014641203,2.5822098869660213,False,0.16748098,0.07529636,0.9829956,607.95935,607.95935,0.08783047,0.02829244,False,-4.256492,0.88541406,-4.2818265,100123,10,False,False,0.0,32.98513843976245,0,0.0,1.1574074074074073e-05,0.15582175925925926,0.06625578703703704,0.0,0.1897222222222222,0.4074305555555556
1,2.4494185,3.6406976,0.0,240.0,180.0,0.0,0.7468311874363913,False,-0.41329706,-0.9002774,0.13669741,589.5318,589.5318,0.008933842,0.01631474,False,1.0337873,2.4494185,-1.3766694,100123,3,True,False,0.0,33.957692471077976,1,0.0,0.0,0.9015509259259259,0.0,0.0,0.043599537037037034,0.0
0,0.85969174,0.7355404999999999,0.0,240.0,180.0,0.002679398,2.5822098869660213,False,-0.0490913,0.08371924,0.9952793,607.95935,607.95935,0.031461943,0.017363045,False,-2.22442,0.85969174,-2.6887698,100123,10,False,False,1.0,32.98513843976245,2,0.0,0.00010416666666666667,0.08983217592592592,0.11989583333333333,0.0,0.1839236111111111,0.48236689814814815
1,2.5172207,3.6406976,0.0,240.0,180.0,0.0,0.7468311874363913,False,-0.5543767,-0.73647976,0.38763905,589.5318,589.5318,0.011103286,0.017193343,False,1.5072414,2.5172207,-1.9502554,100123,4,False,False,1.0,33.957692471077976,3,0.00026041666666666666,0.0,0.7665104166666666,0.0,0.0,0.17858796296296298,0.0
0,2.0992918,1.5905774,0.0,240.0,180.0,0.004982639,0.16467285983357294,False,-0.13120644,-0.86288226,-0.48807704,435.91672,435.91672,0.0019286177,0.006029374,False,0.6933913,2.0992918,1.2799551,100124,4,False,False,0.0,44.87370501039104,0,0.02050347222222222,0.0,0.6813773148148148,0.0,0.28423611111111113,0.0,0.0
1,1.4817286,1.3805177499999999,0.0,240.0,180.0,0.5405903,0.08829952414808931,False,0.6607312,-0.24580339,-0.7092355,437.4376,437.4376,0.0034464705,0.0032097353,False,-1.960072,1.4817286,-0.023407698,100124,12,False,False,0.0,44.73308397873209,1,0.056429398148148145,0.0,0.2103414351851852,0.0,0.0,0.3857349537037037,0.0
0,2.0699341,1.5905774,0.0,240.0,180.0,0.04839699,0.16467285983357294,False,-0.30048412,-0.7882685,-0.5369749,435.91672,435.91672,0.0022019637,0.0060873716,False,0.85253304,2.0699341,1.3104376,100124,5,False,False,1.0,44.87370501039104,2,0.027355324074074074,0.0,0.6580266203703704,0.0,0.25640625,0.0,0.0
1,1.4352772,1.3805177499999999,0.0,240.0,180.0,0.5378472,0.08829952414808931,False,0.6500609,-0.2053904,-0.731598,437.4376,437.4376,0.0027885593,0.002991783,False,-2.0190547,1.4352772,-0.06988473,100124,12,False,False,1.0,44.73308397873209,3,0.047690972222222225,0.0,0.174375,0.0,0.0,0.4349363425925926,0.0
0,1.6014968,1.0041119999999992,0.0,240.0,180.0,0.0,0.30713323231565076,False,0.6691943,-0.081999764,0.738549,549.9456,549.9456,0.056947064,0.04187366,False,-8.705315,1.6014968,-3.0877366,100125,10,False,False,0.0,36.2470731111115,0,0.06315972222222223,0.1026736111111111,0.18575231481481483,0.0,0.0,0.21058449074074073,0.41607638888888887
1,1.621172,0.7810958999999995,0.0,240.0,180.0,0.0010185185,1.2582989620894631,False,0.9616977,-0.2633286,0.07612872,596.57214,596.57214,0.011696844,0.01763646,False,-0.8308773,1.621172,4.7412906,100125,7,False,False,0.0,33.579623978129725,1,0.0,0.0,0.3879166666666667,0.0,0.0,0.12149305555555556,0.4215162037037037
0,1.8059433,1.0041119999999992,0.0,240.0,180.0,0.0,0.30713323231565076,False,0.67731655,-0.09420213,0.72963595,549.9456,549.9456,0.056335587,0.04222027,False,-8.901753,1.8059433,-3.2058237,100125,10,False,False,1.0,36.2470731111115,2,0.048547453703703704,0.09668402777777778,0.19652199074074075,0.0,0.0,0.2071412037037037,0.42019675925925926
1,1.5806091,0.7810958999999995,0.0,240.0,180.0,0.001099537,1.2582989620894631,False,0.82987624,-0.2660464,0.4904337,596.57214,596.57214,0.012248102,0.017331185,False,-0.7117483,1.5806091,3.4893005,100125,6,False,False,1.0,33.579623978129725,3,0.0,0.0,0.2846180555555556,0.0,0.0,0.00020833333333333335,0.6513541666666667
0,1.682803,0.9495716999999999,0.0,240.0,180.0,0.0,0.7807365583267536,False,-0.16303386,-0.103791,0.98114586,143.24178,143.24178,0.20206885,0.17027935,False,0.9636376,1.682803,-3.4689803,100126,16,False,False,0.0,102.97532101443511,0,0.004045138888888889,0.0,0.09044560185185185,0.008420138888888888,0.010133101851851851,0.2881886574074074,0.12645833333333334
1,1.2317421,1.2585045,0.0,240.0,180.0,2.8935185e-05,0.2604604116066441,False,-0.52365714,-0.094739795,-0.8466449,291.70612,291.70612,0.18855949,0.1971184,False,0.6811638,1.2317421,3.1600475,100126,15,False,False,0.0,63.35410345850276,1,0.006805555555555555,0.0,0.35681712962962964,0.021765046296296296,0.00867476851851852,0.2827951388888889,0.18795138888888888
0,1.6464438,0.9495716999999999,0.0,240.0,180.0,5.787037e-06,0.7807365583267536,False,-0.009236794,-0.104869865,0.9944428,143.24178,143.24178,0.17681156,0.1824516,False,0.48987848,1.6464438,-2.8494806,100126,15,False,False,1.0,102.97532101443511,2,0.008425925925925925,0.0,0.24649305555555556,0.013506944444444445,0.028703703703703703,0.24403935185185185,0.14397569444444444
1,0.99801385,1.2585045,0.0,240.0,180.0,0.0,0.2604604116066441,False,-0.54090416,-0.054513156,-0.83931583,291.70612,291.70612,0.1871155,0.20194682,False,0.5908606,0.99801385,3.2311535,100126,15,False,False,1.0,63.35410345850276,3,0.006712962962962963,0.0,0.3650925925925926,0.021574074074074075,0.008217592592592592,0.2669097222222222,0.20313078703703705
0,1.1464857,2.6957760000000004,0.0,240.0,180.0,0.0,1.1663842604217114,True,0.17944264,0.013947053,0.9836694,411.80533,411.80533,0.07368078,0.118066475,False,-0.76922417,1.1464857,-5.895113,100127,2,False,False,0.0,47.22024964964477,0,0.0,0.0,0.0,0.0,0.0,0.47484375,0.52515625
1,0.9821247,2.017108500000001,0.0005497685,240.0,180.0,0.0,0.3136491149356873,False,0.46144915,0.026834674,-0.8867607,240.21097,240.21097,0.06471259,0.044067487,False,-3.6121154,0.9821247,6.5737805,100127,13,False,False,0.0,73.69147102361055,1,0.0077314814814814815,0.0,0.3126273148148148,0.0,0.0022569444444444442,0.18947337962962962,0.3272974537037037
0,0.8975372,2.6957760000000004,0.0,240.0,180.0,0.0,1.1663842604217114,True,-0.16735905,0.0860406,0.98213446,411.80533,411.80533,0.078005925,0.1159255,False,0.3523016,0.8975372,-5.6934776,100127,2,False,False,1.0,47.22024964964477,2,0.0,0.0,0.0,0.0,0.0,0.420150462962963,0.579849537037037
1,0.7679159,2.017108500000001,0.0007465278,240.0,180.0,0.0,0.3136491149356873,False,0.4386731,0.04416345,-0.89756083,240.21097,240.21097,0.061662495,0.043747213,False,-3.3845549,0.7679159,6.600362,100127,13,False,False,1.0,73.69147102361055,3,0.0077546296296296295,0.0,0.3324594907407407,0.0,0.0021180555555555558,0.1794212962962963,0.3205497685185185
