kind,off_cardinal_degrees,seed,yaw_degrees
Desk,14.71474179023545,100000,14.71474179023545
Chair,0.7479223283899046,100000,359.2520776716101
Desk,14.71474179023545,100000,14.71474179023545
Chair,7.24430688565559,100000,352.7556931143444
Desk,9.092018219970157,100000,170.90798178002984
Chair,11.608924411154703,100000,168.3910755888453
Desk,21.4924578363173,100000,158.5075421636827
Chair,19.010730842393798,100000,199.0107308423938
Desk,0.1159296211577896,100000,179.8840703788422
Chair,3.575815069786586,100000,183.5758150697866
CoffeeTable,15.883909954418002,100001,74.116090045582
Chair,24.505909100605024,100001,24.505909100605024
Chair,21.287099427260983,100001,111.28709942726098
CoffeeTable,4.816301949838021,100001,85.18369805016196
Chair,32.50616770110929,100001,147.4938322988907
Desk,32.240938272930805,100002,57.7590617270692
Chair,38.83588646786163,100002,51.164113532138366
Desk,19.19420645801955,100002,19.194206458019558
Chair,0.08256503455453412,100002,359.91743496544547
Desk,39.55555583601367,100002,50.44444416398634
Chair,18.01482211111312,100002,341.9851778888869
Desk,30.855177943923934,100002,210.85517794392393
Chair,8.98394077971463,100002,188.98394077971463
Desk,6.284400508348654,100002,263.71559949165135
Chair,18.074101492554064,100002,251.92589850744596
CoffeeTable,25.11393477758685,100002,334.88606522241315
Chair,43.66692564878713,100002,313.6669256487871
CoffeeTable,15.058461874725651,100002,344.94153812527435
Chair,41.36249932069239,100002,318.6375006793076
CoffeeTable,42.03630955828214,100002,317.96369044171786
Chair,2.383504839104262,100002,357.61649516089574
CoffeeTable,16.858252921567725,100002,286.8582529215677
Chair,1.4953178367628084,100002,271.4953178367628
Table,9.701411525167828,100003,99.70141152516783
Chair,32.84194654647675,100003,32.84194654647674
Chair,16.79073332724056,100003,253.20926667275944
Chair,12.96211699636632,100003,282.9621169963663
Chair,17.769903669494227,100003,72.23009633050577
Table,5.966433547195159,100003,5.966433547195158
Chair,25.819931653873653,100003,334.18006834612635
Chair,4.345826045053286,100003,265.6541739549467
Chair,15.37693397897445,100003,74.62306602102555
Chair,14.010724505171936,100003,104.01072450517194
Chair,4.4651101284216,100003,94.46511012842159
Chair,18.43654272323792,100003,108.43654272323792
Chair,26.357310283120256,100003,206.35731028312026
Chair,16.335116120595814,100003,16.33511612059581
Table,10.455661966724975,100003,79.54433803327503
Chair,11.476847120456718,100003,11.47684712045672
Chair,3.3242239837266823,100003,176.67577601627332
Chair,40.70041108707653,100003,229.2995889129235
Chair,7.403911132941715,100003,82.59608886705828
Table,28.806149088243217,100004,208.80614908824322
Chair,33.11301134411863,100004,123.11301134411863
Chair,43.45014747835938,100004,46.54985252164062
Chair,39.16281008890752,100004,230.83718991109248
Desk,31.768741959526153,100004,211.76874195952615
Chair,36.827124718744926,100004,233.17287528125507
Desk,5.47059222786217,100004,185.47059222786217
Chair,21.886457582356968,100004,201.88645758235697
Desk,38.911331236452156,100004,218.91133123645218
Chair,7.361798323639562,100004,277.36179832363956
Desk,36.995016594857645,100004,216.99501659485765
Chair,26.294961015854085,100004,206.29496101585408
Desk,17.636193632719056,100004,197.63619363271906
Chair,39.27796119997845,100004,219.27796119997845
Desk,42.775559142042766,100004,222.77555914204277
Chair,26.71877789691237,100004,206.71877789691237
Desk,38.52737697579562,100004,231.47262302420435
Chair,8.408440998567869,100004,261.59155900143213
CoffeeTable,16.18006056320411,100004,343.8199394367959
Chair,14.02804501931871,100004,255.97195498068126
Chair,36.74901450640924,100004,36.74901450640924
CoffeeTable,16.569807654890553,100004,343.43019234510945
Chair,2.2545088243400073,100004,357.74549117566
CoffeeTable,14.465376072251857,100004,14.465376072251855
Chair,5.515403462699339,100004,354.48459653730066
CoffeeTable,12.767985166430023,100004,12.76798516643002
Chair,44.03106744024805,100004,44.031067440248044
CoffeeTable,28.285031001222478,100004,331.7149689987775
Chair,27.5447477575172,100004,332.4552522424828
CoffeeTable,10.586894122634021,100004,349.413105877366
Chair,32.283408380175956,100004,327.71659161982404
CoffeeTable,15.269630626741247,100004,15.269630626741243
Chair,0.8363481264821644,100004,359.16365187351784
Desk,10.466161624000733,100005,259.53383837599927
Chair,7.3958549349821965,100005,277.3958549349822
Desk,13.219882731068765,100005,256.78011726893124
Chair,40.77587689350764,100005,319.22412310649236
Desk,16.707622317227845,100005,286.70762231722784
Chair,4.623407319420323,100005,265.3765926805797
CoffeeTable,23.612182007744707,100005,293.6121820077447
Chair,1.6062115702613937,100005,268.3937884297386
CoffeeTable,1.795877789183578,100005,268.2041222108164
Chair,1.5622564959679153,100005,271.5622564959679
Desk,18.20494745286811,100005,108.2049474528681
Chair,5.857798641046088,100005,95.85779864104607
Desk,0.6813083085335165,100005,90.68130830853353
Chair,25.578220997269682,100005,115.57822099726968
CoffeeTable,8.399657533527453,100006,8.399657533527451
Chair,43.15220747829687,100006,316.8477925217031
Chair,40.744425499218465,100006,49.25557450078153
Desk,15.240275156148812,100007,254.7597248438512
Chair,42.25806560807507,100007,227.7419343919249
Desk,5.053978961523171,100007,95.05397896152319
Chair,14.634119775008116,100007,104.63411977500812
Desk,16.74028705248824,100007,73.25971294751176
Chair,3.8890984682427074,100007,93.88909846824271
Desk,1.18803525301621,100007,88.8119647469838
Chair,15.391472577345894,100007,105.3914725773459
CoffeeTable,14.239375183834795,100007,255.76062481616523
Chair,17.2123958869891,100007,252.7876041130109
CoffeeTable,39.67327916030695,100007,219.67327916030692
Chair,17.788164958299546,100007,197.78816495829955
Desk,35.638500443074236,100007,125.63850044307424
Chair,35.25389679351471,100007,125.25389679351471
Desk,5.644896324422376,100007,84.35510367557762
Chair,28.228305498354416,100007,118.22830549835442
CoffeeTable,18.927469026965355,100008,161.07253097303465
Chair,30.500832606885268,100008,149.49916739311473
Chair,18.008180751629766,100008,198.00818075162977
CoffeeTable,16.506798362285508,100008,253.49320163771452
Chair,43.81543743315956,100008,223.81543743315953
Chair,42.7949327916906,100008,227.20506720830937
Desk,1.6619698762890494,100009,181.66196987628905
Chair,9.393416527160781,100009,189.39341652716078
Desk,9.342268584789451,100009,189.34226858478945
Chair,17.88411861161009,100009,162.1158813883899
Desk,21.378937708368,100009,158.621062291632
Chair,29.42044619965273,100009,150.57955380034727
Desk,6.018328832211324,100009,173.98167116778868
Chair,43.581269582289565,100009,223.5812695822896
Desk,1.6619698762890494,100009,181.66196987628905
Chair,29.52271916608359,100009,150.4772808339164
Desk,9.342268584789451,100009,189.34226858478945
Chair,7.1760297529588115,100009,187.1760297529588
Desk,17.02257302286779,100009,197.0225730228678
Chair,10.38212968717238,100009,190.38212968717238
Desk,13.698633270289662,100009,166.30136672971034
Chair,21.47855215062944,100009,158.52144784937056
Desk,6.018328832211324,100009,173.98167116778868
Chair,1.2536343148552191,100009,181.25363431485522
Desk,9.342268584789451,100009,189.34226858478945
Chair,33.50895229320929,100009,213.50895229320932
Desk,37.67486580760806,100009,142.32513419239194
Chair,3.354574682009286,100009,93.35457468200927
Desk,1.211877562106082,100009,178.78812243789392
Chair,20.5947356923904,100009,200.5947356923904
Desk,21.17665495879706,100009,158.82334504120294
Chair,32.0462029127562,100009,147.9537970872438
Desk,33.20669454932599,100009,146.793305450674
Chair,40.175534374878595,100009,139.8244656251214
Desk,9.784868557606586,100010,99.78486855760659
Chair,9.94042659898463,100010,99.94042659898462
Desk,9.784868557606586,100010,99.78486855760659
Chair,18.357417251730368,100010,108.35741725173037
Desk,11.597160052386158,100010,78.40283994761384
Chair,14.564173087378549,100010,104.56417308737855
Desk,9.784868557606586,100010,99.78486855760659
Chair,7.675054609440451,100010,97.67505460944047
Desk,9.784868557606586,100010,99.78486855760659
Chair,31.075252568268155,100010,121.07525256826816
Desk,11.597160052386158,100010,78.40283994761384
Chair,12.417477845939857,100010,102.41747784593984
Desk,19.907955636913385,100010,109.90795563691339
Chair,20.28599891971865,100010,110.28599891971865
Desk,9.596357054321615,100010,80.40364294567838
Chair,8.037058144451024,100010,81.96294185554898
Desk,22.81160261023328,100010,112.81160261023328
Chair,15.928597591969236,100010,105.92859759196924
Desk,2.3584760960184212,100010,92.35847609601842
Chair,9.568648815349093,100010,80.43135118465091
Desk,1.2967551185167565,100011,181.29675511851676
Chair,4.810945918328059,100011,184.81094591832806
CoffeeTable,32.38489467555411,100011,327.6151053244459
Chair,19.596567215565756,100011,340.40343278443424
CoffeeTable,19.688065894298063,100011,109.68806589429808
Chair,21.554229540084833,100011,111.55422954008483
Chair,23.505378891748848,100011,156.49462110825115
CoffeeTable,4.934978308624579,100011,355.0650216913754
Chair,27.525927239862767,100011,332.47407276013723
CoffeeTable,12.720407897037944,100011,347.27959210296206
Chair,0.179936209538198,100011,0.1799362095381991
Desk,18.221414649219042,100012,18.221414649219046
Chair,33.04362769036278,100012,33.04362769036278
Desk,3.714267088913175,100012,356.2857329110868
Chair,4.0739774411476475,100012,4.073977441147649
Desk,25.64994882704542,100012,334.3500511729546
Chair,33.5625154583671,100012,326.4374845416329
Desk,5.890945784728878,100012,5.890945784728878
Chair,6.060450764755956,100012,353.93954923524404
Desk,37.70885976087095,100012,322.29114023912905
Chair,25.601353984609204,100012,334.3986460153908
Desk,14.679096205329188,100012,345.3209037946708
Chair,13.248315555972113,100012,283.2483155559721
Desk,15.690509174546094,100013,195.6905091745461
Chair,6.337868929790261,100013,263.66213107020974
Desk,9.834714350548495,100013,189.8347143505485
Chair,4.8834537273018555,100013,184.88345372730186
Desk,30.30551088316517,100013,210.30551088316517
Chair,33.587586967607535,100013,236.41241303239244
Desk,11.922469834962072,100013,168.07753016503793
Chair,37.3443837513766,100013,142.6556162486234
Desk,27.31595461804335,100013,207.31595461804335
Chair,32.144075151960465,100013,212.1440751519605
Desk,1.3875689290449884,100013,181.387568929045
Chair,24.53294431984827,100013,155.46705568015173
Table,22.08523004723827,100014,247.91476995276176
Chair,0.00020933527520128337,100014,179.9997906647248
Chair,1.6284064200102932,100014,178.3715935799897
Chair,35.875305023676276,100014,35.875305023676276
Chair,38.294912344811735,100014,321.70508765518827
Chair,36.75650501138608,100014,53.24349498861392
Chair,17.574241652926048,100014,252.42575834707398
Table,15.00296554996703,100015,195.00296554996703
Chair,5.154727860218998,100015,95.15472786021898
Chair,4.4233560347814205,100015,85.57664396521858
Chair,5.551847567133166,100015,275.55184756713317
Chair,4.43334003004162,100015,265.5666599699584
Chair,28.07755651947207,100015,331.92244348052793
Chair,24.770560965284915,100015,204.77056096528491
Desk,36.1359924317739,100015,216.1359924317739
Chair,16.794977409267972,100015,163.20502259073203
Desk,6.294379486545381,100015,186.29437948654538
Chair,20.767740298630173,100015,200.76774029863017
Table,17.14228570070793,100015,72.85771429929207
Chair,0.5837152834143922,100015,179.4162847165856
Chair,7.715192962098342,100015,277.71519296209834
Chair,20.734089363447637,100015,69.26591063655236
Desk,12.283640634575221,100015,102.28364063457522
Chair,4.620788490936576,100015,94.62078849093658
Desk,17.515604740812336,100015,107.51560474081234
Chair,23.119074681412258,100015,113.11907468141227
Desk,11.834997492253933,100015,101.83499749225395
Chair,6.351164209746287,100015,83.64883579025371
Desk,12.33081224984835,100015,102.33081224984836
Chair,7.847810184719322,100015,82.15218981528068
Desk,4.6492618342455785,100015,85.35073816575441
Chair,27.109614203408412,100015,62.89038579659159
Desk,21.070504603327663,100016,248.9294953966723
Chair,41.858041717654146,100016,221.85804171765412
Desk,10.062942575677425,100016,259.9370574243226
Chair,32.63723906155792,100016,237.3627609384421
Desk,0.6047157218404209,100016,269.3952842781596
Chair,23.60686997646934,100016,336.39313002353066
Desk,40.88739586351744,100016,229.11260413648256
Chair,30.436720164844587,100016,239.5632798351554
Desk,0.5554907470279105,100016,0.5554907470279138
Chair,6.115842032558021,100016,353.884157967442
Desk,43.089081853218346,100016,43.08908185321834
Chair,21.898740857248967,100016,21.898740857248967
Desk,31.177584365713017,100016,31.177584365713017
Chair,44.17357503828747,100016,45.82642496171253
Desk,10.212734347764126,100016,349.7872656522359
Chair,17.28440634655564,100016,17.28440634655564
Desk,32.90446811244141,100016,327.0955318875586
Chair,40.85614828060551,100016,319.1438517193945
CoffeeTable,44.461494719027655,100016,134.46149471902766
Chair,26.96265779376978,100016,153.03734220623022
Desk,12.429365184954321,100016,192.42936518495432
Chair,4.250174935499672,100016,184.25017493549967
CoffeeTable,24.858796098457276,100016,24.85879609845728
Chair,40.84386365411791,100016,40.84386365411791
Desk,23.67379257081511,100016,66.32620742918489
Chair,24.24471063619528,100016,65.75528936380472
Desk,20.483067753353907,100016,110.48306775335391
Chair,31.942808072921395,100016,121.9428080729214
Desk,22.623016622434946,100016,67.37698337756505
Chair,1.9954328482896813,100016,91.99543284828968
Desk,2.2432172468409135,100016,87.75678275315907
Chair,43.58867336495935,100016,46.41132663504065
Table,7.249177739428717,100017,277.2491777394287
Chair,11.27825859706877,100017,191.27825859706877
Chair,24.427461665890235,100017,65.57253833410977
Chair,3.7488467886816466,100017,273.74884678868165
Desk,43.01863270364356,100017,226.98136729635647
Chair,41.67565206273014,100017,221.6756520627301
Desk,42.51732328079379,100017,227.48267671920618
Chair,41.694691450262326,100017,221.69469145026233
Desk,38.60688939949489,100017,51.39311060050511
Chair,39.321213071418356,100017,50.678786928581644
Desk,40.3065923295768,100017,220.3065923295768
Chair,22.88513642502039,100017,247.1148635749796
Desk,10.29788391957078,100017,259.7021160804292
Chair,15.524290335195133,100017,254.47570966480484
Table,6.5352872676805305,100017,263.46471273231947
Chair,25.43867334328212,100017,334.5613266567179
Chair,0.6776295081288026,100017,90.6776295081288
Chair,1.3514194865157378,100017,271.35141948651574
CoffeeTable,24.961511021028173,100018,155.03848897897183
Chair,42.30284184840457,100018,132.30284184840457
CoffeeTable,43.433561474064845,100018,136.56643852593515
Chair,43.3059763561196,100018,133.3059763561196
CoffeeTable,0.6723461247431715,100018,179.32765387525683
Chair,24.124350516046633,100018,204.12435051604663
CoffeeTable,0.3940719828040642,100018,179.60592801719594
Chair,19.069350565773618,100018,160.93064943422638
CoffeeTable,23.36599524324737,100019,23.365995243247376
Chair,22.688928151952297,100019,22.688928151952304
Chair,9.896867688289774,100019,80.10313231171023
CoffeeTable,6.8065021582236795,100019,96.8065021582237
Chair,21.926924467552553,100019,68.07307553244745
Chair,28.22114925549323,100019,118.22114925549323
CoffeeTable,2.888711498835306,100019,87.1112885011647
Chair,20.93096912101049,100019,69.06903087898951
CoffeeTable,25.931970869561383,100019,115.9319708695614
Chair,10.59293385439139,100019,100.59293385439139
CoffeeTable,22.709300995912656,100019,112.70930099591267
Chair,14.588455038736186,100019,104.58845503873619
CoffeeTable,5.84994338967482,100019,95.84994338967482
Chair,14.95556362770138,100019,75.04443637229862
CoffeeTable,17.79897135367571,100019,162.2010286463243
Chair,14.648620212928392,100019,165.3513797870716
Chair,28.537546473885897,100019,208.5375464738859
CoffeeTable,2.938206252287671,100020,92.93820625228769
Chair,36.543043443872136,100020,53.45695655612786
Chair,30.12319151841109,100020,120.12319151841108
Desk,14.075394662868348,100021,255.92460533713165
Chair,33.57383598052445,100021,236.42616401947558
Desk,5.354787944904842,100021,264.64521205509516
Chair,6.579903491187395,100021,263.4200965088126
Desk,14.075394662868348,100021,255.92460533713165
Chair,10.167692967532219,100021,280.1676929675322
Desk,14.075394662868348,100021,255.92460533713165
Chair,41.33078498285738,100021,228.6692150171426
Desk,5.354787944904842,100021,264.64521205509516
Chair,0.2595487573197488,100021,269.74045124268025
Desk,6.980151136302993,100021,276.980151136303
Chair,8.24764264111343,100021,278.24764264111343
Desk,9.519147920958773,100021,99.51914792095877
Chair,32.32683303510785,100021,122.32683303510785
Desk,9.519147920958773,100021,99.51914792095877
Chair,10.703726703235844,100021,100.70372670323584
Desk,16.58460561950426,100021,106.58460561950427
Chair,4.7159911581755125,100021,94.71599115817551
Desk,20.30539927066178,100021,110.3053992706618
Chair,1.9219338223302884,100021,91.9219338223303
Desk,5.25341257561783,100021,185.25341257561783
Chair,39.04403552661691,100021,129.0440355266169
Desk,9.667582973068818,100021,170.33241702693118
Chair,3.7817131830448147,100021,183.78171318304481
Desk,37.152425289913936,100021,217.1524252899139
Chair,43.512783937037625,100021,223.5127839370376
Desk,0.08266328021250047,100021,180.0826632802125
Chair,20.692952528991754,100021,159.30704747100825
Desk,0.49371885593870957,100021,270.4937188559387
Chair,25.97086017422589,100021,295.9708601742259
Desk,0.49371885593870957,100021,270.4937188559387
Chair,26.708674403235193,100021,333.2913255967648
Desk,0.49371885593870957,100021,270.4937188559387
Chair,3.2614716994094692,100021,273.26147169940947
Desk,23.019896098435197,100021,246.98010390156483
Chair,6.334070219608577,100021,263.6659297803914
Desk,14.008498358457814,100021,284.0084983584578
Chair,3.956484445888009,100021,266.043515554112
Desk,3.0888544567214353,100021,266.91114554327856
Chair,13.691343300541178,100021,283.6913433005412
Desk,7.07132856788909,100021,7.071328567889091
Chair,32.10637186993188,100021,32.106371869931884
Desk,13.015673102391702,100021,346.9843268976083
Chair,13.015673102391702,100021,346.9843268976083
Desk,25.03737329221248,100021,25.037373292212475
Chair,26.88775997215248,100021,333.1122400278475
Desk,40.73049137132091,100022,229.2695086286791
Chair,41.2903628104109,100022,228.70963718958907
Desk,37.80702230603845,100022,307.80702230603845
Chair,36.02155905318142,100022,323.9784409468186
Desk,6.696347951640803,100022,276.6963479516408
Chair,0.8841552158526724,100022,270.8841552158527
Desk,6.416555471544598,100022,276.4165554715446
Chair,0.5307067634433338,100022,269.46929323655667
Desk,12.688607615533726,100022,257.3113923844663
Chair,2.982819405325529,100022,272.98281940532553
Desk,28.31567051431591,100022,241.68432948568406
Chair,32.40066284135389,100022,212.4006628413539
Desk,38.51489222543978,100022,231.48510777456025
Chair,38.69699540146621,100022,231.30300459853382
Table,4.177346270160598,100023,184.1773462701606
Chair,10.571934951199864,100023,100.57193495119985
Chair,2.2433917932884526,100023,92.24339179328845
Chair,17.52071174136148,100023,342.4792882586385
Chair,13.384957601423878,100023,256.6150423985761
Chair,24.94275616579904,100023,294.94275616579904
Chair,29.563610040047593,100023,60.43638995995241
Chair,30.664436510941414,100023,239.3355634890586
Table,7.77344026291135,100024,82.22655973708865
Chair,2.7730099369210848,100024,177.22699006307892
Chair,32.9365636728902,100024,237.06343632710983
Desk,11.403494588053988,100024,78.59650541194601
Chair,43.72029820263805,100024,136.27970179736195
Desk,0.593811923639123,100024,90.59381192363911
Chair,26.23937725627397,100024,63.76062274372604
Table,4.578524053498768,100024,274.57852405349877
Chair,31.825684040440763,100024,121.82568404044076
Chair,29.749415235945065,100024,209.74941523594507
Chair,15.91604255144344,100024,195.91604255144344
Chair,10.987519552616618,100024,10.987519552616618
Chair,19.901184399649424,100024,19.901184399649424
Chair,17.568896669211938,100024,17.568896669211938
Chair,7.870218975446903,100024,82.1297810245531
Chair,3.0493375575912296,100024,266.95066244240877
Desk,1.9688059643154645,100025,181.96880596431546
Chair,27.59701333486686,100025,207.59701333486686
Desk,15.397189572266825,100025,164.60281042773317
Chair,2.788278850801305,100025,182.7882788508013
Desk,0.5124622520119146,100025,179.48753774798809
Chair,7.495957926603978,100025,187.49595792660398
CoffeeTable,7.720759452758045,100025,97.72075945275805
Chair,28.8372163951297,100025,118.83721639512969
CoffeeTable,25.534573072436615,100025,115.5345730724366
Chair,10.611623737668566,100025,100.61162373766857
CoffeeTable,4.4625172887186295,100025,274.46251728871863
Chair,42.73043145086376,100025,312.73043145086376
Desk,22.264439191400356,100025,337.73556080859964
Chair,9.979843619819519,100025,350.0201563801805
Desk,12.87720467316904,100026,12.877204673169038
Chair,28.73059048469034,100026,28.730590484690342
Desk,12.877206186362429,100026,192.87720618636243
Chair,8.657091275904321,100026,188.65709127590432
Desk,20.951502393153476,100026,339.0484976068465
Chair,1.2525457288371058,100026,358.7474542711629
Desk,41.08139877794986,100026,41.081398777949865
Chair,40.69737553463682,100026,40.69737553463682
Desk,5.41234439817358,100026,5.412344398173583
Chair,9.069529993789047,100026,350.93047000621095
Desk,44.19596203457772,100027,135.80403796542228
Chair,27.260304762636792,100027,117.2603047626368
Desk,9.11680283895302,100027,80.88319716104698
Chair,15.422913842033694,100027,74.5770861579663
Desk,15.873585254949745,100027,74.12641474505025
Chair,17.76209998432455,100027,72.23790001567545
Desk,4.904517191085347,100027,94.90451719108536
Chair,7.611717195657718,100027,82.38828280434228
Desk,10.32615631629156,100027,79.67384368370844
Chair,11.107438495262983,100027,101.10743849526298
Desk,7.368992014437481,100027,97.36899201443748
Chair,40.01281548493594,100027,130.01281548493594
Desk,16.318237951907918,100027,253.68176204809205
Chair,12.726010300399878,100027,257.2739896996001
Desk,37.251184901186136,100027,52.748815098813864
Chair,16.215732731890057,100027,73.78426726810994
Desk,17.25514273284935,100028,162.74485726715065
Chair,28.586643638710655,100028,151.41335636128935
Desk,17.25514273284935,100028,162.74485726715065
Chair,6.387181460622713,100028,186.3871814606227
Desk,9.57991735994483,100028,350.42008264005517
Chair,12.335994469466414,100028,347.6640055305336
Desk,1.8103449514695171,100028,1.8103449514695156
Chair,1.960475936612056,100028,358.03952406338794
Desk,14.028764470670524,100028,345.9712355293295
Chair,23.890008118729156,100028,336.10999188127084
Desk,23.94788063902081,100028,113.94788063902081
Chair,26.389683522419602,100028,116.3896835224196
Desk,23.94788063902081,100028,113.94788063902081
Chair,14.640181257120616,100028,104.64018125712062
Desk,23.94788063902081,100028,113.94788063902081
Chair,16.140471243670675,100028,106.14047124367067
Desk,35.44267185738545,100028,305.44267185738545
Chair,17.145797520632073,100028,287.1457975206321
Desk,22.72935144827329,100028,292.7293514482733
Chair,1.7176117543687042,100028,268.2823882456313
Desk,29.5751313985877,100028,299.5751313985877
Chair,20.01166365694104,100028,290.01166365694104
Desk,11.907379661872824,100028,258.0926203381272
Chair,6.070603554844581,100028,276.0706035548446
Desk,7.7264745010844535,100028,277.72647450108445
Chair,19.709517845507776,100028,250.29048215449225
Desk,2.7738418495985115,100028,92.77384184959851
Chair,5.228186779132727,100028,95.22818677913271
Desk,32.828725751034085,100028,147.17127424896591
Chair,18.166695255230678,100028,198.16669525523068
Desk,24.025001169605446,100028,114.02500116960543
Chair,43.58040022167546,100028,133.58040022167546
Desk,17.148224202574454,100028,107.14822420257447
Chair,29.203296319172637,100028,119.20329631917265
CoffeeTable,11.965415680816136,100029,348.03458431918386
Chair,18.06985470733548,100029,341.9301452926645
Chair,38.095612575120015,100029,38.09561257512002
CoffeeTable,13.501196208431054,100029,76.49880379156895
Chair,39.5542575136499,100029,50.445742486350106
Chair,39.23210626375965,100029,50.76789373624036
CoffeeTable,25.80503779962811,100029,115.80503779962812
Chair,4.8020093119585,100029,94.80200931195851
CoffeeTable,22.45813195202669,100030,202.4581319520267
Chair,6.977173702362762,100030,173.02282629763724
Chair,43.824518814212354,100030,223.82451881421235
CoffeeTable,15.015043500288414,100030,195.0150435002884
Chair,24.400596387391005,100030,204.400596387391
CoffeeTable,5.173141599880012,100030,174.82685840012
Chair,0.2591400106907429,100030,180.25914001069074
CoffeeTable,0.37793135035519754,100030,180.3779313503552
Chair,3.1503079632326774,100030,183.15030796323268
CoffeeTable,1.8698393757225062,100030,178.1301606242775
Chair,15.30278904594104,100030,164.69721095405896
Desk,21.14993599021568,100031,291.1499359902157
Chair,9.268968558823872,100031,279.2689685588239
Desk,21.212873156261765,100031,248.78712684373824
Chair,38.315204974680796,100031,231.68479502531923
Desk,2.8533309436260197,100031,272.853330943626
Chair,7.249292330987714,100031,277.2492923309877
Desk,37.0090811734936,100031,307.0090811734936
Chair,38.44222050645436,100031,308.44222050645436
Desk,7.849557294634508,100031,277.8495572946345
Chair,15.086464636045946,100031,254.91353536395405
Desk,6.971462848379815,100031,263.0285371516202
Chair,29.71080555672563,100031,240.28919444327434
Desk,13.556067965110742,100031,283.55606796511074
Chair,8.569902752984774,100031,278.5699027529848
Desk,23.670976688932058,100032,246.32902331106794
Chair,10.043794326164118,100032,259.9562056738359
Desk,34.27072454674203,100032,235.72927545325794
Chair,44.022546433959974,100032,225.97745356604005
Desk,40.02083730542773,100032,229.97916269457227
Chair,27.974695654261183,100032,207.97469565426118
Desk,12.337098008220892,100032,257.6629019917791
Chair,37.12961205710633,100032,232.8703879428937
Desk,30.90587897921506,100032,210.90587897921506
Chair,43.21459572873414,100032,226.78540427126583
Desk,34.653947368015224,100032,235.34605263198475
Chair,24.41645207617671,100032,245.58354792382326
Desk,39.58128086237724,100032,129.58128086237724
Chair,11.84024005607938,100032,101.8402400560794
Desk,26.98508909144917,100032,153.01491090855083
Chair,19.713767657113152,100032,160.28623234288685
Desk,43.65552071819508,100032,133.65552071819508
Chair,41.21689662668476,100032,138.78310337331524
Desk,31.57874383644284,100032,148.42125616355716
Chair,22.29314343670083,100032,157.70685656329917
Desk,20.565463689997188,100032,159.4345363100028
Chair,4.674714154739803,100032,175.3252858452602
Desk,1.2565453518144807,100032,178.74345464818552
Chair,26.234256137459994,100032,206.23425613746
Table,21.651053677883993,100032,111.651053677884
Chair,30.01502034079826,100032,30.01502034079825
Chair,25.020666966780936,100032,295.02066696678094
Chair,21.181703840846666,100032,111.18170384084667
Desk,44.39320960900395,100032,134.39320960900395
Chair,5.511955586327161,100032,95.51195558632716
Desk,33.767860873033015,100032,146.23213912696698
Chair,31.11525648152417,100032,121.11525648152418
Desk,33.29703280488425,100032,146.70296719511575
Chair,32.13118513680453,100032,122.13118513680453
Desk,4.2846222820174376,100032,94.28462228201744
Chair,19.971983259159288,100032,109.97198325915929
Desk,44.65163005082729,100032,135.3483699491727
Chair,18.35865412805333,100032,161.64134587194667
Desk,32.73836764763297,100032,327.26163235236703
Chair,35.77853900437668,100032,324.2214609956233
Desk,8.123337199710761,100032,261.87666280028924
Chair,0.5701835555278763,100032,269.4298164444721
Desk,29.16460069628397,100032,330.83539930371603
Chair,10.636996255431427,100032,349.3630037445686
Desk,25.123760798093315,100033,205.12376079809331
Chair,32.92591617046213,100033,212.92591617046213
Desk,14.403015713107607,100033,194.4030157131076
Chair,2.35398830124808,100033,182.35398830124808
Desk,36.828213338555656,100033,233.17178666144432
Chair,3.4281543334199682,100033,266.57184566658003
Desk,12.347397475505105,100033,12.347397475505106
Chair,7.455030038104397,100033,7.455030038104393
Desk,3.028318005877992,100033,3.0283180058779946
Chair,16.129172170713986,100033,16.129172170713986
Desk,0.6120720195225786,100033,0.6120720195225782
Chair,2.162398639504545,100033,357.83760136049546
Desk,6.350569868873862,100033,173.64943013112614
Chair,2.1813278810453767,100033,177.81867211895462
Desk,16.47729523017972,100033,163.52270476982028
Chair,38.68808437251741,100033,141.3119156274826
Desk,11.185233169451351,100033,191.18523316945135
Chair,24.476490376934038,100033,204.47649037693404
Desk,3.2153520787304046,100034,266.7846479212696
Chair,16.316347191184036,100034,253.683652808816
Desk,3.2153520787304046,100034,266.7846479212696
Chair,10.817654042579647,100034,259.18234595742035
Desk,3.2153520787304046,100034,266.7846479212696
Chair,16.200210893859946,100034,286.20021089385995
Desk,23.99592970244055,100034,246.00407029755948
Chair,2.1362475617245025,100034,177.8637524382755
Desk,29.523828757611625,100034,299.5238287576116
Chair,1.8670578713071109,100034,358.1329421286929
Desk,23.343216182227422,100034,246.65678381777258
Chair,19.08010651882273,100034,250.9198934811773
CoffeeTable,20.500696129475585,100035,200.50069612947559
Chair,13.981468156278055,100035,166.01853184372195
Chair,42.95894574353031,100035,222.95894574353028
CoffeeTable,8.92003501384022,100035,261.0799649861598
Chair,35.45732014045791,100035,234.54267985954206
Chair,14.662564059067392,100035,284.6625640590674
CoffeeTable,11.591281094048156,100036,281.59128109404816
Chair,12.766131052963885,100036,282.7661310529639
Chair,18.104865844323626,100036,288.1048658443236
Desk,2.52951811612985,100037,272.52951811612985
Chair,14.365445335246363,100037,284.36544533524636
Desk,4.1689685033213095,100037,85.8310314966787
Chair,19.562611055476225,100037,109.56261105547624
Desk,1.5711549418863342,100037,88.42884505811368
Chair,16.38890042542144,100037,106.38890042542144
Desk,3.96767809461042,100037,183.96767809461042
Chair,5.399923613410749,100037,185.39992361341075
Desk,3.962202542642345,100037,3.9622025426423484
Chair,6.538243421383413,100037,353.4617565786166
Desk,32.99006913090844,100038,57.009930869091555
Chair,33.89747957979098,100038,56.10252042020902
Desk,24.443668695319957,100038,24.443668695319964
Chair,37.35391469861861,100038,37.3539146986186
CoffeeTable,35.051321835468286,100038,125.05132183546827
Chair,22.616401619010162,100038,112.61640161901016
Chair,1.631712386488175,100038,178.36828761351182
CoffeeTable,16.999272180935407,100038,16.999272180935403
Chair,14.715899576341599,100038,345.2841004236584
CoffeeTable,9.661012087394262,100038,9.66101208739426
Chair,12.840368070604484,100038,12.840368070604486
Desk,20.909047939407685,100038,20.90904793940769
Chair,31.786569747001664,100038,31.786569747001664
Desk,38.471579275236834,100039,51.528420724763166
Chair,32.1697941035094,100039,57.8302058964906
Desk,26.998156723521618,100039,63.00184327647839
Chair,37.6070474525074,100039,37.6070474525074
Desk,21.5658120875934,100039,68.4341879124066
Chair,41.54749593358423,100039,41.54749593358422
Desk,25.380420312891147,100039,25.38042031289115
Chair,26.429116424474998,100039,26.429116424474998
Desk,21.4789129083604,100039,21.478912908360396
Chair,41.00178228161187,100039,41.00178228161187
Desk,30.803066308582288,100039,59.196933691417705
Chair,22.064176507376146,100039,67.93582349262385
Desk,28.816192671114067,100039,28.816192671114067
Chair,43.67637562534114,100039,43.67637562534113
Desk,24.36330162427032,100039,335.6366983757297
Chair,23.504808593062705,100039,336.4951914069373
Desk,43.688878137388684,100039,43.68887813738868
Chair,19.511359224105092,100039,19.511359224105092
Desk,1.6261766636620933,100039,1.6261766636620958
Chair,9.50742272900031,100039,9.50742272900031
Desk,12.409598141022315,100039,192.40959814102231
Chair,28.062249746295123,100039,151.93775025370488
Desk,13.57858715305386,100039,166.42141284694614
Chair,2.142527179159117,100039,177.85747282084088
Desk,16.427636978075753,100039,163.57236302192425
Chair,3.082785298436505,100039,176.9172147015635
Desk,8.263933366463476,100039,188.26393336646348
Chair,5.807863833965939,100039,185.80786383396594
Desk,4.498478066535512,100039,175.5015219334645
Chair,1.9379354096737984,100039,178.0620645903262
Desk,23.782326842072223,100039,336.2176731579278
Chair,43.15145802745974,100039,313.15145802745974
Desk,35.980964993396356,100039,324.01903500660364
Chair,41.14475929368331,100039,311.1447592936833
Desk,34.57922374760881,100039,325.4207762523912
Chair,14.278721730860923,100039,345.7212782691391
Desk,8.35130216540847,100039,278.35130216540847
Chair,14.378285319435292,100039,284.3782853194353
Desk,27.58264355336496,100039,207.58264355336496
Chair,44.060304352659045,100039,225.93969564734093
Desk,36.492999774810926,100039,36.49299977481093
Chair,35.02318827817285,100039,35.02318827817285
Desk,37.129629958354656,100040,37.129629958354656
Chair,36.20558654467942,100040,36.20558654467942
Desk,19.862385232997667,100040,289.86238523299767
Chair,0.7851996750555941,100040,270.7851996750556
Desk,37.129621569667734,100040,217.12962156966773
Chair,37.567670722357036,100040,217.56767072235704
Desk,19.86234778506099,100040,109.86234778506099
Chair,29.600968724679092,100040,119.60096872467909
Desk,19.862385232997667,100040,289.86238523299767
Chair,28.568421634231015,100040,298.568421634231
Desk,14.863156583142711,100040,284.8631565831427
Chair,23.79572330783691,100040,293.7957233078369
Desk,16.57878129783677,100040,286.57878129783677
Chair,34.305562628434984,100040,304.305562628435
Desk,1.7954961552097757,100040,271.7954961552098
Chair,24.992076372803922,100040,294.9920763728039
Table,2.8226676968661764,100041,357.1773323031338
Chair,0.5172590326316708,100041,269.48274096736833
Chair,21.963871445291574,100041,111.96387144529157
Chair,6.466593411027844,100041,186.46659341102784
Desk,7.576971499726483,100041,352.4230285002735
Chair,14.602141670907372,100041,14.602141670907375
Desk,26.557146914265957,100042,153.44285308573404
Chair,31.60234969760222,100042,148.39765030239778
Desk,26.557146914265957,100042,153.44285308573404
Chair,32.35664863489194,100042,147.64335136510806
Desk,10.266752808689091,100042,349.7332471913109
Chair,5.897974258001739,100042,354.10202574199826
Desk,2.1215540825714925,100042,357.8784459174285
Chair,2.143743649357077,100042,357.8562563506429
Desk,6.023639739612207,100042,186.0236397396122
Chair,13.219181775964216,100042,193.21918177596422
Desk,28.32527441083687,100042,331.67472558916313
Chair,12.001851212924066,100042,347.99814878707593
Desk,20.28230659604793,100042,20.282306596047935
Chair,8.929417175694383,100042,8.929417175694384
Desk,36.27134532218662,100042,323.7286546778134
Chair,0.8889512839579083,100042,270.8889512839579
Desk,14.1277251460466,100042,284.1277251460466
Chair,5.49084475068554,100042,275.49084475068554
Desk,15.759239656415502,100042,285.7592396564155
Chair,3.5917567022415824,100042,266.4082432977584
Desk,31.152117515593943,100042,301.15211751559394
Chair,43.64491219893819,100042,313.6449121989382
Desk,19.094985637763358,100043,19.094985637763365
Chair,5.534878871113648,100043,5.534878871113647
Desk,4.02861809138053,100043,4.028618091380528
Chair,30.272036029664648,100043,30.272036029664648
Desk,7.36170266172892,100043,7.361702661728919
Chair,3.7020009219561416,100043,356.29799907804386
Desk,7.286765306023767,100043,187.28676530602377
Chair,4.09350576735909,100043,175.9064942326409
Desk,10.543992923405824,100043,10.543992923405824
Chair,37.99974740707211,100043,322.0002525929279
Desk,11.645192228226449,100043,191.64519222822645
Chair,21.556726100837096,100043,201.5567261008371
Desk,7.680519091571512,100043,187.6805190915715
Chair,36.97310095919386,100043,216.97310095919389
Desk,11.040974979667794,100043,101.0409749796678
Chair,9.676103567996904,100043,99.6761035679969
Desk,24.127425764172017,100043,294.127425764172
Chair,41.94036848800198,100043,311.940368488002
Desk,36.591234512660606,100043,306.5912345126606
Chair,25.703833193805167,100043,295.70383319380517
Desk,10.58641932426076,100044,100.58641932426076
Chair,29.668271829124123,100044,60.33172817087588
Desk,5.613741538632155,100044,95.61374153863215
Chair,1.5805999454590847,100044,91.58059994545907
Desk,0.6410637530035501,100044,90.64106375300354
Chair,21.196921599885343,100044,111.19692159988536
Desk,10.58641932426076,100044,100.58641932426076
Chair,11.154722042986137,100044,78.84527795701386
Desk,14.975536936439639,100044,75.02446306356036
Chair,14.66996135556252,100044,75.33003864443748
Desk,19.86259456827287,100044,109.86259456827288
Chair,43.696308459755926,100044,136.30369154024407
Desk,12.745731096348266,100044,102.74573109634825
Chair,1.40210640354195,100044,91.40210640354195
Desk,24.759643460178722,100045,335.2403565398213
Chair,41.44399970226078,100045,318.5560002977392
Desk,24.759643460178722,100045,335.2403565398213
Chair,31.403252960650008,100045,31.40325296065001
Desk,41.813913676229845,100045,311.81391367622984
Chair,24.801890503202685,100045,335.1981094967973
CoffeeTable,15.711819421541463,100045,254.2881805784585
Chair,35.52775762519684,100045,215.52775762519687
Chair,30.737545925600102,100045,239.2624540743999
Desk,8.520608534760669,100046,98.52060853476067
Chair,23.181286438807604,100046,113.18128643880759
Desk,8.520608534760669,100046,98.52060853476067
Chair,2.1263135974314196,100046,92.12631359743142
Desk,8.520608534760669,100046,98.52060853476067
Chair,9.525235803212027,100046,80.47476419678797
Desk,23.47002851966377,100046,113.47002851966377
Chair,40.00576810405582,100046,130.00576810405582
Desk,40.7674983039484,100046,130.7674983039484
Chair,17.848028000094814,100046,162.1519719999052
Desk,7.12793148129208,100046,97.12793148129208
Chair,23.201562291302793,100046,156.7984377086972
Desk,11.558514049104588,100046,78.44148595089541
Chair,35.24604805035922,100046,54.75395194964078
Desk,10.029974172785614,100046,100.0299741727856
Chair,13.34508812756971,100046,76.65491187243029
Desk,12.787975274583232,100046,102.78797527458325
Chair,10.289312059595659,100046,100.28931205959567
Desk,19.90475587330758,100046,70.09524412669242
Chair,1.0909559433181926,100046,91.0909559433182
Desk,41.571598732790875,100046,131.57159873279087
Chair,38.73033540420485,100046,128.73033540420485
Desk,6.392454207572399,100046,96.3924542075724
Chair,9.288681377445357,100046,99.28868137744536
Desk,1.343069243691673,100046,268.6569307563083
Chair,41.5532660299412,100046,318.4467339700588
Desk,6.724950004773746,100046,276.72495000477375
Chair,1.1158914779222755,100046,268.8841085220777
Desk,37.85872949930001,100046,232.14127050069996
Chair,24.134814671980166,100046,245.8651853280198
Desk,4.6795743720769565,100046,265.32042562792304
Chair,20.1308331487503,100046,290.1308331487503
Desk,24.297762333680907,100046,155.7022376663191
Chair,1.387225565727931,100046,178.61277443427207
Desk,21.633881008889432,100046,158.36611899111057
Chair,16.649904495540824,100046,163.35009550445918
Desk,4.971248461609747,100046,175.02875153839025
Chair,29.302502837525026,100046,150.69749716247497
Desk,12.361560235604045,100046,77.63843976439595
Chair,26.913874631857865,100046,63.086125368142135
Desk,6.174117180581902,100046,96.1741171805819
Chair,21.45837370095944,100046,111.45837370095946
Desk,24.314135520871275,100046,294.3141355208713
Chair,5.565197483759675,100046,275.5651974837597
Desk,24.63048270829688,100046,294.6304827082969
Chair,31.606316100779054,100046,238.39368389922097
Desk,7.606471972723284,100046,262.3935280272767
Chair,11.219887603495351,100046,258.78011239650465
Desk,19.150513820437368,100046,289.15051382043737
Chair,28.797226600138572,100046,298.7972266001386
Desk,13.964265465757052,100047,13.96426546575705
Chair,5.777467482698626,100047,354.2225325173014
Desk,13.964265465757052,100047,13.96426546575705
Chair,5.258017929576226,100047,354.7419820704238
Desk,33.91527697846226,100047,326.08472302153774
Chair,31.420195322652035,100047,31.42019532265203
Desk,24.779679794274443,100047,24.779679794274436
Chair,39.345418408029275,100047,50.654581591970725
Desk,13.486280581789345,100047,346.51371941821066
Chair,6.873442925621106,100047,6.873442925621106
Desk,15.85298875176926,100047,344.14701124823074
Chair,3.7907328903357325,100047,356.20926710966427
Desk,12.241624882861593,100047,12.241624882861595
Chair,5.257319551319711,100047,354.7426804486803
Desk,15.548269742795867,100047,344.45173025720413
Chair,38.97547406729706,100047,321.02452593270294
CoffeeTable,15.143075113953898,100047,285.1430751139539
Chair,2.0420605650174366,100047,267.95793943498256
Chair,30.422964983418012,100047,329.577035016582
Desk,21.17098226526531,100048,201.1709822652653
Chair,30.4369130239005,100048,210.4369130239005
Desk,21.478299637839598,100048,201.4782996378396
Chair,42.53413959208092,100048,227.46586040791908
Desk,41.15299617902832,100048,228.84700382097168
Chair,33.36661811774292,100048,213.36661811774292
Table,31.051119402298355,100048,328.94888059770165
Chair,13.834047239465406,100048,256.1659527605346
Chair,15.855170391414248,100048,74.14482960858575
Chair,11.345077346496936,100048,168.65492265350306
Chair,41.2487729279369,100048,318.7512270720631
Desk,9.8202976085485,100049,80.1797023914515
Chair,37.007591894586255,100049,52.99240810541374
Desk,9.8202976085485,100049,80.1797023914515
Chair,21.436730425928374,100049,68.56326957407163
Desk,29.493244681867566,100049,60.506755318132434
Chair,44.620083339864095,100049,45.3799166601359
Desk,30.28047150364347,100049,59.71952849635654
Chair,14.325040762893764,100049,75.67495923710624
Desk,29.52196705613747,100049,60.47803294386252
Chair,16.318372391309808,100049,73.68162760869019
Desk,11.05052659747264,100049,101.05052659747263
Chair,26.671968780284658,100049,116.67196878028466
Desk,23.43431606029327,100049,113.43431606029327
Chair,26.340621557782555,100049,116.34062155778255
Desk,14.985185545709655,100049,75.01481445429035
Chair,6.901432876189915,100049,83.09856712381007
Desk,23.43431606029327,100049,113.43431606029327
Chair,3.8669937565065595,100049,93.86699375650656
Desk,23.43431606029327,100049,113.43431606029327
Chair,44.19535009361141,100049,134.1953500936114
Desk,2.7815168249442763,100049,87.21848317505571
Chair,12.311592586290686,100049,77.68840741370931
Desk,12.824573159427217,100049,77.17542684057278
Chair,12.857039607208321,100049,102.8570396072083
Desk,11.323013865680934,100049,101.32301386568095
Chair,14.182580536712436,100049,75.81741946328756
Desk,8.585871498095045,100049,81.41412850190495
Chair,9.736725984550716,100049,80.26327401544928
Desk,31.267921086036836,100049,121.26792108603682
Chair,9.128505296238586,100049,99.12850529623857
Desk,23.390800327113084,100049,246.60919967288694
Chair,28.895635583281205,100049,241.1043644167188
Desk,23.390800327113084,100049,246.60919967288694
Chair,9.238977700077726,100049,260.7610222999223
Desk,15.308554536594556,100049,254.69144546340547
Chair,38.666399455206204,100049,231.3336005447938
Desk,23.390800327113084,100049,246.60919967288694
Chair,34.57389943445753,100049,235.42610056554244
Desk,15.308554536594556,100049,254.69144546340547
Chair,0.22345241622650747,100049,269.7765475837735
Desk,14.868964127436357,100049,255.13103587256364
Chair,8.83374756989349,100049,261.1662524301065
Table,23.676210452710563,100050,66.32378954728944
Chair,37.70343614238226,100050,322.29656385761774
Chair,3.2930165078603864,100050,266.7069834921396
Chair,1.8344347783269086,100050,88.1655652216731
Desk,19.342225910048143,100050,70.65777408995186
Chair,37.076690604679044,100050,52.923309395320956
Desk,5.149384615957388,100051,354.8506153840426
Chair,44.72258892715978,100051,45.27741107284022
CoffeeTable,17.960709685109805,100051,342.0392903148902
Chair,17.960709685109805,100051,342.0392903148902
CoffeeTable,18.58137939471456,100051,18.581379394714556
Chair,6.093558557989809,100051,353.9064414420102
Desk,11.648943566550088,100051,281.6489435665501
Chair,29.760448867844786,100051,299.7604488678448
Desk,8.591386422553171,100051,261.40861357744683
Chair,18.59545870865543,100051,251.4045412913446
Desk,1.9516077179001172,100051,268.0483922820999
Chair,20.76877356925587,100051,249.23122643074413
Desk,21.821321492457514,100051,338.1786785075425
Chair,4.1592148150536445,100051,4.1592148150536445
CoffeeTable,43.877868449751475,100051,133.87786844975147
Chair,17.260833327629484,100051,107.26083332762948
CoffeeTable,8.880119292002462,100051,278.88011929200246
Chair,8.53483548817377,100051,261.46516451182623
Chair,37.623348513138865,100051,322.37665148686114
Desk,21.070541639904363,100051,68.92945836009564
Chair,9.616467872930713,100051,80.38353212706929
CoffeeTable,9.914752360184792,100051,99.91475236018479
Chair,36.915061869781596,100051,126.91506186978161
CoffeeTable,18.23841852338515,100051,161.76158147661485
Chair,42.98951918283845,100051,137.01048081716155
Chair,10.255047648212354,100051,190.25504764821235
Desk,7.283701517054283,100051,97.2837015170543
Chair,1.0077598123562552,100051,88.99224018764376
Desk,4.372047664227466,100051,85.62795233577255
Chair,37.06612106859336,100051,142.93387893140664
Desk,4.689982356105531,100052,85.31001764389447
Chair,4.172257692425319,100052,85.82774230757468
CoffeeTable,31.357752068266393,100052,301.3577520682664
Chair,27.2788483359962,100052,297.2788483359962
Desk,22.612474199004538,100052,67.38752580099546
Chair,37.50510260725426,100052,52.49489739274574
Desk,37.13383741516539,100052,52.86616258483461
Chair,44.14283012300075,100052,45.85716987699925
Desk,39.691618415454556,100052,50.308381584545444
Chair,9.814736847466747,100052,99.81473684746676
Desk,33.50941107080541,100052,146.4905889291946
Chair,12.956263314294574,100052,167.04373668570543
CoffeeTable,30.02064240836407,100052,149.97935759163593
Chair,28.06368214078293,100052,151.93631785921707
CoffeeTable,33.608704245341585,100053,213.60870424534158
Chair,12.5019478898015,100053,167.4980521101985
Chair,13.028967464153197,100053,256.9710325358468
CoffeeTable,14.139586907640307,100053,194.1395869076403
Chair,6.358052286318269,100053,186.35805228631827
Chair,35.93026242287078,100053,234.06973757712925
Desk,37.79271903172298,100054,232.20728096827702
Chair,30.91786147330572,100054,239.0821385266943
Desk,9.659305268163621,100054,260.3406947318364
Chair,12.70423442235591,100054,282.7042344223559
Desk,37.79271903172298,100054,232.20728096827702
Chair,30.652895194352993,100054,210.652895194353
Desk,9.659305268163621,100054,260.3406947318364
Chair,13.855696244074409,100054,283.8556962440744
Desk,18.474088647552833,100054,108.47408864755285
Chair,9.526957335706413,100054,99.5269573357064
Desk,7.967999541403913,100054,82.03200045859609
Chair,9.758206172290173,100054,80.24179382770983
Desk,1.5121345594099012,100054,88.4878654405901
Chair,7.334946862250774,100054,97.33494686225079
Desk,14.24307035025339,100054,104.24307035025338
Chair,20.42641368657138,100054,110.42641368657137
Desk,6.323046100270233,100054,96.32304610027025
Chair,6.120044494346416,100054,83.87995550565358
Desk,18.459747102580707,100055,108.4597471025807
Chair,42.7217175855198,100055,47.2782824144802
Desk,18.459747102580707,100055,108.4597471025807
Chair,43.48617659975167,100055,136.51382340024833
Desk,38.69988228603364,100055,128.69988228603364
Chair,17.561635758713123,100055,107.56163575871312
Desk,31.060039826292893,100055,148.9399601737071
Chair,35.91353123253293,100055,125.91353123253293
Desk,21.3030073947628,100055,291.3030073947628
Chair,25.531573432699133,100055,295.53157343269913
Desk,7.681096243710101,100055,277.6810962437101
Chair,4.901425878100611,100055,274.9014258781006
Desk,8.11730047229912,100055,278.1173004722991
Chair,5.997780619083471,100055,275.99778061908347
Desk,27.125484722973567,100055,297.12548472297357
Chair,19.01589738647141,100055,289.0158973864714
Desk,42.023819790862774,100055,312.0238197908628
Chair,38.383188664822,100055,308.383188664822
Desk,13.90545762858153,100055,283.90545762858153
Chair,17.70541112871433,100055,287.70541112871433
CoffeeTable,2.0545682336851314,100056,267.94543176631487
Chair,31.76876682443242,100056,238.23123317556755
Chair,2.7766921089493053,100056,272.7766921089493
Desk,9.586102439343264,100057,9.586102439343266
Chair,28.538441066684086,100057,28.53844106668409
Desk,6.8558302029987885,100057,353.1441697970012
Chair,4.786649275747742,100057,4.786649275747739
Desk,6.8558302029987885,100057,353.1441697970012
Chair,14.970797040239404,100057,345.0292029597606
Desk,15.076795378254246,100057,344.92320462174575
Chair,16.8082348740095,100057,16.8082348740095
Desk,23.70410050294305,100057,336.29589949705695
Chair,42.93547626836721,100057,312.9354762683672
Desk,39.71223763126682,100057,320.2877623687332
Chair,41.17009016916603,100057,311.17009016916603
Desk,34.570886800329674,100057,325.4291131996703
Chair,31.947737045194003,100057,328.052262954806
Desk,23.870258263531014,100057,336.129741736469
Chair,42.91896552722386,100057,317.08103447277614
Desk,25.825512262798213,100057,25.82551226279822
Chair,9.28765044273301,100057,9.287650442733007
CoffeeTable,32.17266881640647,100058,32.17266881640647
Chair,32.05310111892959,100058,327.9468988810704
Chair,39.887174640510665,100058,50.11282535948934
Desk,26.238488047816986,100058,333.761511952183
Chair,13.534065673263228,100058,346.4659343267368
Desk,27.129145210769934,100058,332.87085478923007
Chair,13.96737073540885,100058,346.03262926459115
Desk,28.019802373722825,100058,331.9801976262772
Chair,18.58496365708305,100058,341.41503634291695
Desk,27.129145210769934,100058,332.87085478923007
Chair,43.81457073165444,100058,313.81457073165444
Desk,5.298132342887783,100058,174.70186765711222
Chair,32.82392017036739,100058,237.17607982963258
Desk,35.61604510320856,100058,144.38395489679144
Chair,42.23563389903572,100058,132.23563389903572
Desk,44.08581775191627,100058,134.08581775191627
Chair,26.951182573007827,100058,116.95118257300781
Desk,8.085772140067547,100058,188.08577214006755
Chair,11.556962868714265,100058,168.44303713128573
Desk,4.902510303567908,100058,184.9025103035679
Chair,17.350162053593806,100058,162.6498379464062
Desk,9.814804478527662,100058,170.18519552147234
Chair,33.27186849852214,100058,146.72813150147786
Desk,21.541498417877023,100059,111.54149841787702
Chair,0.633873132674637,100059,90.63387313267465
Desk,42.32374641923991,100059,47.6762535807601
Chair,38.98905183748718,100059,51.01094816251281
Desk,21.541495347408045,100059,291.54149534740804
Chair,10.15130064501352,100059,280.1513006450135
Desk,42.32374641923991,100059,47.6762535807601
Chair,22.28834624472107,100059,67.71165375527893
Desk,42.32374641923991,100059,47.6762535807601
Chair,30.477504424576523,100059,30.477504424576516
Desk,42.32374641923991,100059,47.6762535807601
Chair,42.165066514475114,100059,42.165066514475114
Desk,42.32374641923991,100059,47.6762535807601
Chair,27.935332329861197,100059,62.0646676701388
Desk,24.36259936165243,100059,114.36259936165241
Chair,2.513340858464346,100059,92.51334085846433
Desk,10.824110865570788,100059,100.82411086557077
Chair,4.170586903412527,100059,94.17058690341253
Desk,20.23215807571023,100059,110.23215807571022
Chair,6.618961612721478,100059,96.61896161272146
Table,25.31796447547515,100060,334.68203552452485
Chair,43.32644240856166,100060,226.67355759143834
Chair,11.987739651748896,100060,78.0122603482511
Chair,39.74081983655694,100060,140.25918016344306
Chair,34.06049026684917,100060,34.06049026684917
Desk,33.005720802636915,100060,326.9942791973631
Chair,37.24160733868274,100060,307.24160733868274
Desk,1.6105073565850816,100060,1.6105073565850785
Chair,11.410054565489347,100060,11.410054565489343
Desk,2.346263294935227,100061,272.3462632949352
Chair,28.547107604252176,100061,298.5471076042522
Desk,2.34628314277802,100061,92.34628314277802
Chair,25.39069303479789,100061,25.39069303479789
CoffeeTable,31.54210737978768,100061,58.45789262021232
Chair,34.963062087151826,100061,34.963062087151826
CoffeeTable,16.508671522915563,100061,106.50867152291558
Chair,28.150331672015056,100061,118.15033167201506
CoffeeTable,8.259682430983588,100061,171.7403175690164
Chair,5.184915882569925,100061,174.81508411743008
Chair,37.91476855464725,100061,217.91476855464728
CoffeeTable,12.114205555399138,100061,102.11420555539914
Chair,7.342512975615506,100061,82.6574870243845
Chair,30.390144014318423,100061,120.39014401431842
CoffeeTable,3.056652282040602,100061,183.0566522820406
Chair,25.859306826748423,100061,205.85930682674842
Chair,22.693101943809836,100061,202.69310194380984
Desk,25.872557092800832,100061,334.12744290719917
Chair,12.629192604693174,100061,12.629192604693174
CoffeeTable,3.8495976339719107,100061,176.1504023660281
Chair,10.044732441713677,100061,169.95526755828632
CoffeeTable,14.17265117812282,100061,75.82734882187718
Chair,41.44223441929397,100061,41.44223441929397
Chair,22.54010082943259,100061,112.54010082943259
Desk,18.472027123364853,100061,18.472027123364853
Chair,42.85533134334429,100061,47.14466865665571
CoffeeTable,11.479848067707621,100061,191.47984806770762
Chair,2.042711790309397,100061,182.0427117903094
Desk,0.11346017306078693,100062,179.8865398269392
Chair,16.902905057776763,100062,196.90290505777676
Desk,14.539569155781152,100062,165.46043084421885
Chair,4.326413111079773,100062,175.67358688892023
Desk,13.52022679591633,100062,103.52022679591633
Chair,24.44862324501338,100062,114.44862324501337
Desk,7.3888881795533905,100062,82.61111182044661
Chair,33.08532755869241,100062,33.08532755869241
Table,9.616801312326373,100062,189.61680131232637
Chair,9.235880657515054,100062,80.76411934248495
Chair,12.706484611256258,100062,12.706484611256258
Desk,0.8784275844958245,100062,179.12157241550418
Chair,20.541244352636994,100062,200.541244352637
Desk,4.97603703718147,100062,355.02396296281853
Chair,31.698354873032144,100062,31.698354873032144
Desk,11.191649356521225,100062,348.8083506434788
Chair,0.6111790075030967,100062,359.3888209924969
Desk,0.2676256067250762,100062,0.26762560672507285
Chair,16.57148069165231,100062,16.57148069165231
Desk,20.84459305224445,100062,20.84459305224445
Chair,2.3649444339991987,100062,357.6350555660008
Desk,0.2267264239958422,100062,359.77327357600416
Chair,4.495934501202925,100062,4.4959345012029255
Desk,15.379561196145119,100063,254.6204388038549
Chair,7.814687083222793,100063,277.8146870832228
Desk,8.378362962072515,100063,278.3783629620725
Chair,0.6823343143468037,100063,269.3176656856532
Desk,38.89283237584186,100063,231.1071676241581
Chair,6.186590883141889,100063,263.8134091168581
Desk,24.944958270326822,100063,155.05504172967318
Chair,43.78132966697538,100063,136.21867033302462
Desk,5.626115891772486,100063,185.62611589177249
Chair,2.562241271044286,100063,182.5622412710443
Desk,19.812134586615684,100063,250.18786541338432
Chair,7.53840683441075,100063,277.53840683441075
Desk,14.740890460130743,100063,104.74089046013076
Chair,10.628490491282719,100063,169.37150950871728
Desk,7.673576378329017,100063,97.67357637832902
Chair,22.07664099852923,100063,112.07664099852921
Desk,9.898815744793225,100063,80.10118425520677
Chair,25.65609476167488,100063,64.34390523832512
Table,2.371927070648475,100064,2.3719270706484727
Chair,9.224296574772012,100064,189.224296574772
Chair,13.501429585892595,100064,346.4985704141074
Desk,7.096340696660832,100064,352.90365930333917
Chair,6.2440373285139685,100064,353.75596267148603
Desk,16.268335597742137,100064,16.268335597742134
Chair,24.33039035556024,100064,24.330390355560237
Desk,4.666757054975676,100064,355.3332429450243
Chair,44.892316398450276,100064,44.89231639845028
Desk,8.934141947270803,100065,8.934141947270803
Chair,13.989434517379323,100065,13.989434517379323
Desk,8.934150747317773,100065,188.93415074731777
Chair,16.365352271401548,100065,253.63464772859845
Desk,13.097617320571317,100065,193.09761732057132
Chair,18.586197764091622,100065,198.58619776409162
Table,2.2737968755553126,100065,2.2737968755553144
Chair,3.2651989955468252,100065,266.7348010044532
Chair,27.226537700660742,100065,297.22653770066074
Desk,2.224473517282604,100065,357.7755264827174
Chair,6.973614282859415,100065,6.973614282859417
Desk,6.601728290999517,100065,353.3982717090005
Chair,23.267942110977685,100065,336.7320578890223
Desk,15.481948732093898,100065,15.481948732093898
Chair,16.21590308399412,100065,16.21590308399412
Desk,27.281278272046464,100065,27.28127827204646
Chair,13.53085497937711,100065,13.530854979377109
Desk,7.484028578031541,100065,352.51597142196846
Chair,1.2946564079058476,100065,358.70534359209415
Desk,25.819262439168938,100065,334.18073756083106
Chair,0.9147689458454025,100065,0.9147689458454039
Desk,3.4425664917575816,100065,3.44256649175758
Chair,14.266245736469727,100065,345.7337542635303
Desk,11.762481478232104,100065,11.762481478232107
Chair,18.35934392515648,100065,18.359343925156484
Desk,19.65496192812992,100065,340.3450380718701
Chair,27.36972977758535,100065,332.63027022241465
CoffeeTable,27.475385854116467,100065,207.47538585411647
Chair,11.883892175255937,100065,191.88389217525594
CoffeeTable,11.537682427548106,100065,191.5376824275481
Chair,33.86608834607023,100065,213.86608834607026
Desk,20.281424468764556,100066,69.71857553123544
Chair,44.98220797464944,100066,45.01779202535056
Desk,12.486680099795706,100066,257.5133199002043
Chair,8.726203391747447,100066,261.27379660825255
Desk,42.44945448336614,100066,222.4494544833661
Chair,16.142979674938857,100066,196.14297967493886
Desk,43.39552127081163,100066,46.60447872918838
Chair,36.7320263077836,100066,36.732026307783606
Desk,7.591114962899297,100066,7.591114962899301
Chair,2.7113101981146244,100066,2.7113101981146275
Desk,41.072825977739114,100066,221.07282597773911
Chair,25.67425332943708,100066,154.32574667056292
Desk,18.133333869414628,100066,251.86666613058534
Chair,30.610211785210254,100066,239.38978821478977
Desk,10.935413646852908,100067,100.9354136468529
Chair,13.977676299548762,100067,103.97767629954878
Desk,2.175654063639115,100067,87.8243459363609
Chair,16.546841971227195,100067,106.5468419712272
Desk,16.58835276348441,100067,106.58835276348442
Chair,7.925657960343742,100067,82.07434203965626
Desk,41.50657528785598,100067,41.50657528785598
Chair,16.982047923698175,100067,16.98204792369818
Desk,4.568716184002824,100067,355.4312838159972
Chair,17.282919521077247,100067,342.71708047892275
Desk,4.920276189560411,100068,274.9202761895604
Chair,8.191393126616447,100068,261.80860687338355
Desk,4.920276189560411,100068,274.9202761895604
Chair,13.45877748374852,100068,256.5412225162515
Desk,30.728963017829074,100068,239.27103698217095
Chair,5.4215130744912585,100068,174.57848692550874
Desk,2.507264435366949,100068,272.50726443536695
Chair,13.490633937157838,100068,256.50936606284216
Table,6.693122199254219,100068,276.6931221992542
Chair,28.215395223995642,100068,208.21539522399564
Chair,19.863019680915784,100068,19.863019680915784
Chair,17.03405284933325,100068,342.96594715066675
Chair,5.676829510094024,100068,95.67682951009402
Chair,27.154917564909454,100068,297.15491756490945
CoffeeTable,18.068879533168143,100069,18.06887953316814
Chair,14.902840807990145,100069,14.902840807990142
Chair,23.019923005410405,100069,23.019923005410405
Desk,6.914635359024231,100069,173.08536464097577
Chair,0.2562756330750915,100069,179.7437243669249
CoffeeTable,34.22379203850838,100069,145.77620796149162
Chair,8.866989045932513,100069,171.1330109540675
CoffeeTable,11.459945049139264,100069,101.45994504913926
Chair,4.846247383320559,100069,94.84624738332056
CoffeeTable,7.119712607400928,100069,82.88028739259907
Chair,31.296264184287452,100069,148.70373581571255
Desk,26.417650415119965,100070,243.58234958488006
Chair,39.999217661222985,100070,219.99921766122299
Desk,5.4064515492917735,100070,264.5935484507082
Chair,12.826386776528807,100070,257.1736132234712
Desk,4.73257296812659,100070,265.2674270318734
Chair,9.360146814591985,100070,260.639853185408
Desk,13.048138631978247,100070,256.95186136802175
Chair,4.37164966423984,100070,265.62835033576016
Table,40.76665339688057,100070,49.233346603119436
Chair,30.03243653889683,100070,329.96756346110317
Chair,22.799615209284667,100070,157.20038479071533
Chair,39.33356102441792,100070,219.33356102441795
Chair,30.04309355388628,100070,30.043093553886276
Desk,19.824223996092996,100070,250.17577600390703
Chair,15.69680792730901,100070,254.30319207269096
Desk,22.114072742645078,100070,247.88592725735492
Chair,9.108538128438227,100070,260.8914618715618
Desk,11.041757272738153,100070,281.04175727273815
Chair,11.42255996436694,100070,258.57744003563306
Desk,6.942360786730632,100070,173.05763921326937
Chair,15.46683259226495,100070,164.53316740773505
CoffeeTable,1.6101381425818886,100070,358.3898618574181
Chair,29.79231719176994,100070,60.207682808230054
Desk,20.54668366870726,100071,249.4533163312927
Chair,3.038069725510013,100071,273.03806972551
Desk,22.932626950064275,100071,202.93262695006428
Chair,22.47717133955888,100071,202.47717133955888
Desk,39.500095813276175,100071,50.499904186723825
Chair,30.905142934128307,100071,30.905142934128307
Desk,11.669212543551737,100071,348.33078745644826
Chair,2.622697118477504,100071,357.3773028815225
Desk,41.60279591745797,100071,48.39720408254203
Chair,34.803302935581016,100071,55.196697064418984
CoffeeTable,6.163399799343949,100071,276.16339979934395
Chair,37.5502963942597,100071,322.4497036057403
Desk,17.34197980491936,100071,197.34197980491936
Chair,32.02848091679283,100071,212.02848091679283
Desk,4.647034152297039,100071,184.64703415229704
Chair,18.203536852817564,100071,161.79646314718244
Desk,40.76895208151353,100071,220.76895208151353
Chair,24.210616988276,100071,245.789383011724
Desk,25.31262528746231,100071,154.6873747125377
Chair,39.13035622415683,100071,140.86964377584317
CoffeeTable,35.88581194576449,100072,125.8858119457645
Chair,31.143238616363902,100072,148.8567613836361
Chair,28.12222123871146,100072,151.87777876128854
CoffeeTable,27.098539685825244,100073,332.90146031417476
Chair,30.08032015707039,100073,300.0803201570704
Chair,14.535957597118426,100073,14.53595759711843
Desk,14.334002946684109,100074,194.3340029466841
Chair,22.473223660350413,100074,202.4732236603504
CoffeeTable,19.61158022299159,100074,199.6115802229916
Chair,28.48347071718146,100074,208.48347071718146
Desk,21.00949564594214,100074,111.00949564594215
Chair,34.488843438410356,100074,124.48884343841037
CoffeeTable,5.779466921764765,100074,84.22053307823525
Chair,27.84103493593858,100074,62.15896506406143
Desk,6.555337720041166,100074,83.44466227995883
Chair,7.401332822863623,100074,82.59866717713638
Desk,28.330535309311742,100074,28.33053530931174
Chair,29.605743409707017,100074,29.605743409707014
Desk,38.586864113195105,100074,51.41313588680489
Chair,36.6486810021149,100074,36.6486810021149
Desk,29.88648699974317,100074,330.11351300025683
Chair,6.108943391521564,100074,353.89105660847844
Desk,37.972304976434316,100074,217.97230497643434
Chair,21.004406245486905,100074,201.0044062454869
Desk,13.220809387462396,100075,166.7791906125376
Chair,13.690737911872759,100075,166.30926208812724
Desk,15.589319304028024,100075,15.589319304028027
Chair,26.101832618655962,100075,26.101832618655962
Desk,1.1480378259348143,100075,1.148037825934811
Chair,20.53729974389752,100075,20.537299743897524
Desk,6.906882828696126,100075,186.90688282869613
Chair,33.36590192049903,100075,213.365901920499
Desk,5.450832035920598,100075,354.5491679640794
Chair,28.784312542796272,100075,298.7843125427963
Desk,7.181962936607405,100075,7.181962936607405
Chair,15.669937330591893,100075,344.3300626694081
Desk,13.247662384085672,100076,76.75233761591433
Chair,0.3742201190772789,100076,90.37422011907726
Desk,28.866230977875148,100076,118.86623097787513
Chair,5.711155822960279,100076,95.7111558229603
Desk,14.399499287480012,100076,104.39949928748
Chair,20.301970323937937,100076,69.69802967606206
Desk,17.184019946505245,100076,72.81598005349475
Chair,6.532188116925596,100076,6.532188116925597
Desk,42.24576379285361,100077,132.2457637928536
Chair,43.15718955200555,100077,136.84281044799445
Desk,30.031849462836846,100077,149.96815053716315
Chair,6.116155646151952,100077,173.88384435384805
Desk,12.309462718527271,100077,167.69053728147273
Chair,6.970149239794466,100077,173.02985076020553
Desk,30.031849462836846,100077,149.96815053716315
Chair,23.472554139665817,100077,156.52744586033418
Desk,12.309462718527271,100077,167.69053728147273
Chair,12.9758867074178,100077,192.9758867074178
Desk,29.162471952395094,100077,150.8375280476049
Chair,33.86153486683344,100077,123.86153486683345
Desk,37.619896236743216,100077,142.38010376325678
Chair,16.949996870318557,100077,163.05000312968144
Desk,19.38517636160563,100077,160.61482363839437
Chair,4.066192457905203,100077,184.0661924579052
Desk,22.416810647201856,100077,157.58318935279814
Chair,4.037670618863615,100077,184.03767061886361
Desk,34.63894579770428,100077,145.36105420229572
Chair,35.76351983397177,100077,125.76351983397178
Desk,30.529049999657673,100078,30.529049999657666
Chair,31.299316514100994,100078,58.700683485899006
Desk,30.52905036693548,100078,210.52905036693548
Chair,39.606852380133944,100078,230.39314761986606
CoffeeTable,31.77193794014852,100078,58.22806205985149
Chair,32.383792304756284,100078,32.383792304756284
CoffeeTable,28.043532750362715,100078,241.9564672496373
Chair,25.288543459972942,100078,205.28854345997294
Chair,3.4423063909596863,100078,266.5576936090403
CoffeeTable,13.355905570741783,100078,76.64409442925822
Chair,34.074288625790416,100078,55.92571137420959
Chair,31.449600273294834,100078,121.44960027329483
CoffeeTable,4.146449497555039,100078,4.146449497555039
Chair,42.45869592532375,100078,317.54130407467625
Chair,22.921718612282774,100078,22.921718612282774
CoffeeTable,4.415956490537269,100078,265.58404350946273
Chair,42.96089952961165,100078,222.96089952961168
Chair,16.020399549014087,100078,286.0203995490141
Desk,10.627008065827852,100078,259.37299193417215
Chair,35.98083167786899,100078,234.019168322131
Desk,10.586410524213818,100078,280.5864105242138
Chair,21.122720494946975,100078,291.122720494947
Table,7.037741094389169,100079,7.037741094389168
Chair,8.640305147741458,100079,261.35969485225854
Chair,21.880162311422964,100079,248.11983768857704
Chair,10.198343550462766,100079,259.80165644953723
Chair,3.6620238348764644,100079,93.66202383487646
Chair,17.590665282443453,100079,72.40933471755655
Chair,8.270396330392572,100079,188.27039633039257
Chair,14.515564883274138,100079,14.515564883274134
CoffeeTable,7.09860218311934,100079,262.90139781688066
Chair,31.961421936450733,100079,211.9614219364507
Chair,29.93254247119029,100079,299.9325424711903
Desk,23.367626432049065,100079,293.36762643204906
Chair,23.164644673967985,100079,293.164644673968
Desk,3.73163288876691,100079,266.2683671112331
Chair,26.313658575303634,100079,243.68634142469634
Desk,11.687108285283728,100079,281.6871082852837
Chair,36.840402398607125,100079,306.8404023986071
Desk,10.20050247747588,100079,169.79949752252412
Chair,10.393423096674411,100079,169.6065769033256
Desk,10.20050247747588,100079,169.79949752252412
Chair,1.1523873542376464,100079,178.84761264576235
Desk,8.450167568192796,100079,188.4501675681928
Chair,34.497419081369,100079,214.497419081369
Desk,6.14286079762303,100079,186.14286079762303
Chair,28.983599846973192,100079,208.9835998469732
Desk,6.06661157424702,100079,186.06661157424702
Chair,27.349341280125657,100079,152.65065871987434
Desk,1.8837732979401096,100079,181.8837732979401
Chair,42.9789018635347,100079,222.9789018635347
Desk,4.7074697405274435,100079,184.70746974052744
Chair,10.090781059708348,100079,169.90921894029165
Desk,14.960190467577092,100080,255.0398095324229
Chair,0.8985135381986424,100080,270.89851353819864
Desk,14.842467488520498,100080,75.1575325114795
Chair,17.55451737514865,100080,72.44548262485135
Desk,38.88796182322329,100080,128.8879618232233
Chair,10.197059001127172,100080,169.80294099887283
Desk,28.457540182608312,100080,118.45754018260831
Chair,36.9023296236993,100080,143.0976703763007
Desk,8.467518265463866,100080,98.46751826546385
Chair,39.38722732197887,100080,39.38722732197887
Desk,1.1101742538182862,100080,358.8898257461817
Chair,32.96576845558246,100080,32.96576845558246
Desk,25.66116963250525,100080,25.661169632505253
Chair,9.757669494475039,100080,9.757669494475035
Desk,33.26471147702313,100080,326.7352885229769
Chair,37.137197812633815,100080,307.1371978126338
Table,13.815064023838204,100080,166.1849359761618
Chair,33.16096259335313,100080,236.83903740664684
Chair,6.968352400066749,100080,6.968352400066749
Chair,32.05785687430918,100080,147.94214312569082
Table,22.559396512738118,100081,202.55939651273812
Chair,38.26622813099297,100081,128.26622813099297
Chair,28.447507691615584,100081,118.44750769161558
Chair,2.617002329353852,100081,357.38299767064615
Chair,27.106498436877388,100081,207.1064984368774
Desk,22.434950079635712,100081,202.4349500796357
Chair,6.316994130719166,100081,186.31699413071917
Desk,34.502363707141,100081,214.502363707141
Chair,43.70169579826461,100081,226.29830420173536
Desk,22.234733459956203,100082,337.7652665400438
Chair,7.84512761836362,100082,352.1548723816364
Desk,35.93379603723221,100082,144.0662039627678
Chair,25.032351522818146,100082,154.96764847718185
Desk,37.91731402249218,100082,127.91731402249216
Chair,29.713405249881077,100082,150.28659475011892
Desk,14.36246884154179,100082,14.36246884154179
Chair,32.13782954471574,100082,32.13782954471574
Desk,36.1970040482684,100082,36.1970040482684
Chair,28.377741691371455,100082,61.62225830862854
Desk,4.253097020254842,100083,184.25309702025484
Chair,22.902455403932663,100083,157.09754459606734
Desk,17.930533511233648,100083,197.93053351123365
Chair,28.934623414645415,100083,208.93462341464542
Desk,10.36598414786559,100083,169.6340158521344
Chair,10.193202583805942,100083,190.19320258380594
Desk,5.1509967810982005,100083,174.8490032189018
Chair,22.163913929883535,100083,112.16391392988353
Desk,6.369924383193364,100083,173.63007561680664
Chair,29.34687841875794,100083,150.65312158124206
Desk,6.369924383193364,100083,173.63007561680664
Chair,9.860394318926268,100083,189.86039431892627
Desk,25.409414636433752,100083,205.40941463643375
Chair,15.221749484037758,100083,195.22174948403776
CoffeeTable,6.841827665402491,100083,276.8418276654025
Chair,43.08722874611112,100083,316.9127712538889
Desk,16.94842082502197,100083,196.94842082502197
Chair,12.863684382397338,100083,192.86368438239734
Desk,16.891486008919827,100083,196.89148600891983
Chair,36.515330599196204,100083,216.51533059919618
Desk,14.155674438653094,100084,75.8443255613469
Chair,16.022611577463266,100084,73.97738842253673
Desk,43.71527315709477,100084,43.715273157094764
Chair,43.57448692995192,100084,46.42551307004809
Desk,11.382267831298861,100084,348.61773216870114
Chair,16.489238329739237,100084,343.51076167026076
Desk,3.1288621529609486,100084,183.12886215296095
Chair,7.364263988753152,100084,172.63573601124685
Desk,0.6760871277853937,100084,180.6760871277854
Chair,24.59331647136122,100084,204.59331647136122
Desk,11.133638319999818,100084,191.13363831999982
Chair,2.201742367285874,100084,177.79825763271413
Desk,20.819547553825885,100084,159.18045244617412
Chair,4.298693001591346,100084,184.29869300159135
Desk,43.04243756479673,100084,136.95756243520327
Chair,19.435023689782014,100084,160.564976310218
Desk,0.30974630226563704,100084,0.30974630226563704
Chair,4.415402256710536,100084,355.58459774328946
Desk,3.9429985546251487,100084,356.05700144537485
Chair,0.537280124588051,100084,359.46271987541195
Desk,29.36827839240607,100084,150.63172160759393
Chair,11.545624033948627,100084,168.45437596605137
Desk,15.038088274168558,100084,164.96191172583144
Chair,37.40689344682539,100084,142.5931065531746
Desk,17.179430143206275,100084,287.1794301432063
Chair,11.827282409862505,100084,281.8272824098625
Desk,23.090885569251896,100084,246.90911443074813
Chair,24.45393497513419,100084,245.5460650248658
Table,9.811039734453686,100085,189.8110397344537
Chair,27.686373367829958,100085,117.68637336782994
Chair,4.757899950420324,100085,274.7578999504203
Chair,24.642404424779045,100085,24.642404424779045
Chair,26.002792647383046,100085,206.00279264738305
Desk,3.1294007332883496,100085,183.12940073328835
Chair,37.252225025264295,100085,232.7477749747357
Desk,4.954420691166774,100085,175.04557930883323
Chair,22.603819465829076,100085,112.60381946582908
Desk,23.202096677286704,100086,246.79790332271327
Chair,40.6740931889517,100086,220.67409318895167
Desk,44.43509323518799,100086,225.564906764812
Chair,24.683868667898196,100086,245.3161313321018
Desk,21.430572253505204,100086,201.4305722535052
Chair,26.269114889715752,100086,206.26911488971575
Desk,20.607260549791988,100086,200.607260549792
Chair,0.45223292858776176,100086,179.54776707141224
Desk,1.185107027323113,100087,271.1851070273231
Chair,24.907898948777785,100087,204.90789894877778
Desk,1.185107027323113,100087,271.1851070273231
Chair,32.39377588865642,100087,212.39377588865642
Desk,22.717833872716653,100087,22.717833872716653
Chair,42.35230912192387,100087,42.35230912192387
CoffeeTable,13.488434903099005,100087,13.488434903099009
Chair,37.79998812522874,100087,37.79998812522873
Desk,40.296352038543375,100087,310.2963520385434
Chair,2.287000734950368,100087,2.287000734950368
CoffeeTable,18.16150272237229,100087,288.1615027223723
Chair,9.175803373586575,100087,260.8241966264134
Desk,31.344226481317833,100087,148.65577351868217
Chair,33.40038293196997,100087,146.59961706803003
CoffeeTable,11.246110346544015,100087,168.75388965345599
Chair,1.1909187659601912,100087,178.8090812340398
CoffeeTable,41.658786499113745,100088,48.34121350088626
Chair,40.44654320629547,100088,40.446543206295466
Chair,37.276912425060885,100088,52.72308757493911
CoffeeTable,20.19836197652552,100088,339.8016380234745
Chair,12.780265943810832,100088,347.21973405618917
CoffeeTable,12.009868038393563,100088,347.99013196160644
Chair,4.967251646125604,100088,4.967251646125602
Desk,43.725599597477526,100089,226.2744004025225
Chair,17.862038353420303,100089,252.13796164657973
Desk,33.51728882912846,100089,213.51728882912846
Chair,22.00241851051348,100089,202.00241851051348
Desk,6.760291576811909,100089,186.7602915768119
Chair,17.25848266543497,100089,197.25848266543497
Desk,9.302316649094962,100089,170.69768335090504
Chair,30.041016787558902,100089,149.9589832124411
Desk,19.042604895896915,100089,160.95739510410309
Chair,13.298960830718215,100089,166.70103916928178
Desk,5.11337023133197,100089,185.11337023133197
Chair,17.65325058628008,100089,197.65325058628008
Desk,37.69712061224544,100089,127.69712061224544
Chair,12.44342137490338,100089,102.44342137490337
Desk,30.78363004493697,100089,30.783630044936967
Chair,9.098918717974698,100089,350.9010812820253
Desk,12.793083582645721,100089,12.793083582645725
Chair,29.80008095353287,100089,29.800080953532877
Desk,1.6348648810758846,100089,358.3651351189241
Chair,14.592398523601162,100089,345.40760147639884
Desk,21.908147105371626,100089,21.90814710537163
Chair,1.2922444274756941,100089,1.2922444274756977
CoffeeTable,12.958417224244272,100090,192.95841722424427
Chair,21.07029066234901,100090,201.070290662349
Chair,43.74115345502082,100090,223.74115345502082
CoffeeTable,27.982400401371194,100090,297.9824004013712
Chair,42.53935002618766,100090,312.53935002618766
CoffeeTable,27.644641781141615,100090,297.6446417811416
Chair,35.138172724648655,100090,324.86182727535135
Desk,30.674633624460256,100090,149.32536637553974
Chair,2.5572679973825245,100090,182.55726799738252
CoffeeTable,15.753253988370886,100090,344.2467460116291
Chair,43.023377918061726,100090,316.9766220819383
Desk,7.180268516768308,100090,82.81973148323169
Chair,11.370457841586742,100090,78.62954215841326
Desk,7.180277316815193,100090,262.8197226831848
Chair,29.476175145276102,100090,330.5238248547239
CoffeeTable,11.018531510318041,100090,168.98146848968196
Chair,34.9608517996171,100090,124.96085179961712
CoffeeTable,5.801389410880972,100090,185.80138941088097
Chair,12.427933201826477,100090,167.57206679817352
Chair,32.728872201733225,100090,237.2711277982668
CoffeeTable,44.96993061297428,100090,135.03006938702572
Chair,32.020414082397394,100090,147.9795859176026
CoffeeTable,2.6006710855981794,100090,92.60067108559818
Chair,25.96020622970545,100090,115.96020622970545
Desk,19.21232072439261,100091,160.7876792756074
Chair,4.262923657801309,100091,175.7370763421987
Desk,30.72966580932257,100091,210.72966580932257
Chair,5.2380114700847,100091,185.2380114700847
Desk,23.887673315713982,100091,336.112326684286
Chair,42.36175891483896,100091,317.63824108516104
Desk,14.955000593827663,100091,345.04499940617234
Chair,35.761859791600386,100091,35.76185979160039
Desk,12.516497947328837,100091,12.516497947328837
Chair,12.7410996948513,100091,347.2589003051487
Desk,25.813697851021516,100091,295.8136978510215
Chair,0.3375477497199313,100091,270.33754774971993
Desk,5.084336924618242,100091,275.08433692461824
Chair,0.8292636113301342,100091,269.17073638866987
Desk,26.278765445580234,100091,243.7212345544198
Chair,2.2817195993137034,100091,272.2817195993137
Desk,12.518212215010749,100091,282.51821221501075
Chair,17.088352772092264,100091,287.08835277209226
Desk,7.514337700157228,100091,82.48566229984277
Chair,12.161909610061798,100091,102.1619096100618
Desk,7.645521294210425,100091,277.6455212942104
Chair,14.255647185216503,100091,255.7443528147835
Desk,14.23952415286152,100091,255.76047584713848
Chair,44.58922685940513,100091,314.58922685940513
Desk,14.799240893346905,100091,255.20075910665312
Chair,43.12211839400561,100091,223.12211839400558
Desk,19.376173248049668,100091,289.37617324804967
Chair,16.950588552081967,100091,253.049411447918
Desk,39.37578074910664,100091,309.37578074910664
Chair,20.5475052461033,100091,290.5475052461033
Desk,20.956597934546664,100091,69.04340206545334
Chair,38.036676072202795,100091,51.963323927797205
Desk,20.95661778238957,100091,249.04338221761046
Chair,0.3651471267113493,100091,270.36514712671135
Desk,20.64160558662661,100091,249.35839441337342
Chair,2.316255247455217,100091,267.6837447525448
Desk,5.497015506139121,100091,275.4970155061391
Chair,20.953640649603813,100091,290.9536406496038
Desk,26.292112703097814,100091,63.707887296902186
Chair,3.497523868910946,100091,356.50247613108905
CoffeeTable,30.708359455516074,100091,239.2916405444839
Chair,29.043135891465226,100091,209.04313589146523
Desk,19.436358270084668,100091,199.43635827008467
Chair,30.777358816189263,100091,210.77735881618926
Desk,37.57661766400801,100091,37.576617664008005
Chair,7.466414709493641,100091,7.466414709493643
Table,3.278849509335828,100092,273.2788495093358
Chair,9.088912788720535,100092,170.91108721127947
Chair,28.566092355113767,100092,118.56609235511377
Chair,22.13324615821915,100092,292.13324615821915
Desk,37.53416456185778,100092,142.46583543814222
Chair,28.983337821621916,100092,118.98333782162192
Desk,19.35953608891353,100092,199.35953608891353
Chair,19.35953608891353,100092,199.35953608891353
Table,9.642557300451983,100093,99.642557300452
Chair,0.3071772035945344,100093,179.69282279640547
Chair,1.6457170102356713,100093,268.35428298976433
Desk,13.179987268433791,100093,103.17998726843379
Chair,0.462501456151017,100093,90.46250145615102
Table,32.98288116968854,100093,122.98288116968853
Chair,2.074973931630268,100093,357.92502606836973
Chair,32.91335120601491,100093,212.9133512060149
Chair,0.22265027531329906,100093,269.7773497246867
Chair,29.074988150531055,100093,119.07498815053106
Desk,8.154754723366807,100094,278.1547547233668
Chair,5.687122902563544,100094,275.68712290256354
Desk,9.800885798449471,100094,80.19911420155053
Chair,13.868378870549634,100094,103.86837887054962
Desk,18.878347819954328,100094,71.12165218004567
Chair,4.445787332460782,100094,85.55421266753922
Desk,2.735201575894905,100094,92.73520157589489
Chair,40.694881632993514,100094,130.6948816329935
Desk,22.05861881676337,100094,67.94138118323663
Chair,24.238620094833024,100094,65.76137990516698
CoffeeTable,30.19072451848868,100095,210.19072451848868
Chair,20.901296760675166,100095,200.90129676067517
Chair,14.675818519463235,100095,165.32418148053677
CoffeeTable,10.289305206143212,100095,169.7106947938568
Chair,3.5750534472790605,100095,176.42494655272094
CoffeeTable,4.3212278430338245,100095,175.67877215696618
Chair,20.594174193751172,100095,200.59417419375117
CoffeeTable,18.34933701158451,100095,198.3493370115845
Chair,41.615296688591,100095,221.61529668859103
Desk,30.378734889382912,100096,210.3787348893829
Chair,29.063813938291503,100096,209.0638139382915
Desk,5.027713452319887,100096,174.9722865476801
Chair,13.304054014156947,100096,193.30405401415695
Table,24.27069386084446,100096,294.27069386084446
Chair,1.4740767560628,100096,1.4740767560628
Chair,11.028312612395439,100096,101.02831261239544
Chair,36.82525912408181,100096,306.8252591240818
Desk,44.40476238474827,100096,315.59523761525173
Chair,25.203807196416562,100096,295.20380719641656
Desk,40.72200013679708,100096,229.27799986320295
Chair,43.82181445341939,100096,223.82181445341936
Desk,26.925044649753943,100096,243.07495535024606
Chair,24.687856454152268,100096,245.31214354584773
Desk,3.586966775074302,100096,266.4130332249257
Chair,14.665770374971146,100096,255.33422962502885
Table,2.993958116222899,100096,87.0060418837771
Chair,43.16007111835506,100096,223.16007111835503
Chair,27.788259793429063,100096,62.21174020657093
Desk,12.963269052894532,100096,77.03673094710547
Chair,7.986454511985087,100096,82.01354548801491
Desk,8.933852809264295,100096,188.9338528092643
Chair,1.5484211004500423,100096,181.54842110045004
Desk,2.3392518267573053,100096,182.3392518267573
Chair,23.665038899580026,100096,203.66503889958003
Desk,1.7000257330416275,100096,181.70002573304163
Chair,27.110778431607002,100096,207.110778431607
Desk,41.42392612590834,100096,318.57607387409166
Chair,42.61063401935212,100096,317.3893659806479
Desk,23.929696905197858,100096,23.92969690519786
Chair,44.87092043550672,100096,44.87092043550671
Desk,44.528717198021354,100096,314.52871719802135
Chair,26.15180485163171,100096,333.8481951483683
Desk,39.99195276206069,100096,320.0080472379393
Chair,33.16852676012337,100096,326.83147323987663
Desk,29.538836057500617,100096,209.53883605750062
Chair,42.15474985845708,100096,227.84525014154292
Desk,30.088934783200216,100096,239.91106521679978
Chair,17.543479548905452,100096,252.45652045109455
Desk,0.6598423756915963,100096,359.3401576243084
Chair,7.380473332055203,100096,7.3804733320552005
Desk,25.06193771176312,100096,25.061937711763118
Chair,5.618134508887415,100096,5.618134508887414
Desk,14.239168324029635,100096,14.239168324029638
Chair,37.105856631921284,100096,37.105856631921284
Desk,28.05950965643882,100096,331.9404903435612
Chair,43.50401999664439,100096,313.5040199966444
Desk,6.835827673412972,100096,6.835827673412972
Chair,12.291116404247191,100096,347.7088835957528
Desk,7.337640175247884,100097,262.6623598247521
Chair,2.374994880612064,100097,267.62500511938794
Desk,7.337642834356885,100097,82.66235716564312
Chair,3.4434836135486933,100097,86.5565163864513
Desk,4.214174873357109,100097,85.78582512664289
Chair,16.718465749180695,100097,106.7184657491807
Desk,13.088503097285269,100097,103.08850309728527
Chair,20.389818872196372,100097,110.38981887219637
Desk,7.215330874721303,100097,262.7846691252787
Chair,16.5356754351601,100097,253.4643245648399
Desk,4.780644127138089,100097,265.2193558728619
Chair,40.71316093325265,100097,319.28683906674735
Desk,12.590442756493928,100097,257.4095572435061
Chair,37.289146425582544,100097,232.71085357441746
Desk,1.474622601202725,100097,271.4746226012027
Chair,10.532913454882475,100097,280.5329134548825
Desk,4.740230754738491,100097,85.25976924526151
Chair,27.622520703391558,100097,62.37747929660844
Desk,10.95512380636535,100097,259.04487619363465
Chair,8.319718483991892,100097,261.6802815160081
Desk,25.59410952828864,100097,244.40589047171136
Chair,37.07653702994884,100097,217.07653702994884
Desk,17.33512344670612,100097,252.66487655329388
Chair,12.6127078964127,100097,257.3872921035873
Table,10.120973988917285,100098,280.1209739889173
Chair,42.104417051389305,100098,317.8955829486107
Desk,13.05988651452742,100098,283.0598865145274
Chair,23.834902161868,100098,293.834902161868
Desk,25.969714258635634,100098,295.96971425863563
Chair,9.221218256177679,100098,279.2212182561777
Desk,14.53024293811086,100098,255.46975706188914
Chair,6.802978879143666,100098,263.19702112085633
Desk,6.834528183092516,100098,276.8345281830925
Chair,10.55231155807661,100098,259.4476884419234
Desk,0.5635624111651509,100098,270.56356241116515
Chair,12.501676653043262,100098,282.50167665304326
Desk,24.636668404735303,100098,245.3633315952647
Chair,12.95332362944555,100098,192.95332362944555
Desk,4.023539944401136,100098,274.02353994440114
Chair,18.697533387606995,100098,288.697533387607
Desk,38.99363662372275,100098,218.99363662372272
Chair,26.4837506093497,100098,206.4837506093497
Desk,26.946318572687176,100098,243.05368142731282
Chair,36.68341544457019,100098,233.3165845554298
Table,24.79307135318112,100098,65.20692864681888
Chair,44.20522215642151,100098,134.2052221564215
Chair,36.18682258824893,100098,36.18682258824892
Desk,42.73975961512849,100098,47.26024038487151
Chair,44.83246504353201,100098,45.16753495646798
Desk,15.10644060389319,100098,74.89355939610681
Chair,27.966123081771528,100098,62.03387691822847
Desk,4.614629194638923,100098,94.61462919463892
Chair,28.86656789909975,100098,151.13343210090025
CoffeeTable,27.018012781591892,100099,242.98198721840814
Chair,12.702998368752901,100099,192.7029983687529
Chair,22.18322301893943,100099,247.81677698106054
Desk,12.759995269976912,100100,347.2400047300231
Chair,35.05572712431615,100100,324.94427287568385
Desk,3.3371386478194154,100100,356.6628613521806
Chair,7.924397636833362,100100,7.924397636833359
Desk,11.970261757847311,100100,348.0297382421527
Chair,13.9494080971715,100100,346.0505919028285
Desk,13.24653384086816,100100,13.246533840868162
Chair,26.675080330431115,100100,26.675080330431122
CoffeeTable,18.030876388532704,100100,18.030876388532704
Chair,23.242674672212388,100100,23.24267467221239
CoffeeTable,9.71546255849671,100100,350.2845374415033
Chair,5.403244682471318,100100,5.403244682471316
Desk,25.851057769733018,100100,115.85105776973303
Chair,32.876273983217516,100100,57.123726016782484
Desk,14.152995655280847,100100,104.15299565528086
Chair,38.264059691418396,100100,51.7359403085816
Desk,9.565852781308863,100100,80.43414721869114
Chair,20.868081273416934,100100,69.13191872658307
Desk,22.071554668542944,100100,22.071554668542937
Chair,3.010629652826708,100100,356.9893703471733
Desk,34.67161851029161,100100,34.67161851029161
Chair,29.604599029351235,100100,60.395400970648765
Desk,43.884739748949585,100100,43.884739748949585
Chair,40.75127195555139,100100,40.75127195555139
Desk,27.985638024273683,100100,62.01436197572632
Chair,38.624196507891355,100100,38.62419650789135
Desk,4.128753925235543,100100,4.128753925235541
Chair,22.083106643608374,100100,22.083106643608367
Desk,1.4485627838478763,100100,358.5514372161521
Chair,10.762741172495417,100100,10.762741172495417
Desk,7.594537812767385,100100,352.4054621872326
Chair,27.69932947881233,100100,332.30067052118767
Desk,39.698463725871875,100100,320.3015362741281
Chair,39.698463725871875,100100,320.3015362741281
Table,22.29730883987139,100100,157.7026911601286
Chair,10.705838258390898,100100,79.2941617416091
Chair,39.50606910397039,100100,230.4939308960296
Chair,33.43416759403988,100100,326.5658324059601
Chair,18.23056286065392,100100,198.23056286065392
CoffeeTable,24.41611096060865,100100,65.58388903939135
Chair,42.136114200490454,100100,47.86388579950954
CoffeeTable,1.1624756057753984,100100,88.83752439422459
Chair,3.745810523727414,100100,86.25418947627259
Desk,9.565242786937063,100101,260.43475721306294
Chair,16.50989233437923,100101,253.49010766562077
Desk,27.133907202562,100101,297.133907202562
Chair,7.337005727329824,100101,352.6629942726702
Desk,9.565242786937063,100101,260.43475721306294
Chair,29.96453796970485,100101,209.96453796970485
Desk,9.565242786937063,100101,260.43475721306294
Chair,2.980204470030799,100101,267.0197955299692
Desk,5.0986357034356615,100101,264.90136429656434
Chair,30.539417120043822,100101,239.46058287995615
Desk,11.285877400509548,100101,281.28587740050955
Chair,10.331040987175015,100101,259.668959012825
CoffeeTable,23.992494203418687,100101,293.9924942034187
Chair,35.55171145537679,100101,305.5517114553768
CoffeeTable,34.74093955005003,100101,235.25906044995
Chair,39.22289995586641,100101,219.22289995586638
Desk,32.65334183471006,100102,57.34665816528994
Chair,44.320372554977936,100102,45.679627445022064
CoffeeTable,0.9238356136344521,100102,90.92383561363445
Chair,25.874597946425965,100102,64.12540205357404
CoffeeTable,2.599615308020674,100102,182.59961530802067
Chair,12.031331816036925,100102,167.96866818396308
Chair,42.914136660967586,100102,227.08586333903241
Desk,13.07816386819212,100103,283.0781638681921
Chair,8.57879853979415,100103,261.42120146020585
Desk,13.07816386819212,100103,283.0781638681921
Chair,21.124038297875757,100103,291.12403829787576
Desk,13.653145027059736,100103,76.34685497294026
Chair,3.2445645375951244,100103,86.75543546240488
Desk,13.653164874902586,100103,256.3468351250974
Chair,26.612490442932142,100103,243.38750955706786
Desk,13.078183716034914,100103,103.07818371603491
Chair,40.28666025175869,100103,130.2866602517587
Desk,18.248704651042203,100103,251.75129534895777
Chair,6.637743580605843,100103,263.36225641939416
CoffeeTable,26.863398173981324,100104,206.86339817398132
Chair,1.702885203799326,100104,178.29711479620067
Chair,29.70507403217988,100104,209.70507403217988
CoffeeTable,4.026672326708251,100104,355.97332767329175
Chair,34.51024781208196,100104,325.48975218791804
Chair,37.66071067959936,100104,37.660710679599354
CoffeeTable,13.172738228450896,100104,166.8272617715491
Chair,37.850690490074356,100104,127.85069049007436
Chair,25.752639274028923,100104,205.75263927402892
CoffeeTable,2.802253291424563,100104,182.80225329142456
Chair,3.0521263268190637,100104,176.94787367318094
Table,31.77691080245023,100104,301.77691080245023
Chair,32.451576282389226,100104,147.54842371761077
Chair,27.676307623243986,100104,27.676307623243986
Chair,18.51836068502257,100104,108.51836068502257
Chair,37.00082986872923,100104,322.9991701312708
Desk,24.429698860400208,100104,245.57030113959982
Chair,25.40534858268279,100104,244.5946514173172
Desk,19.088202412467922,100104,250.91179758753208
Chair,33.86774041111471,100104,236.13225958888526
CoffeeTable,26.9917823623708,100104,116.9917823623708
Chair,30.848395658864064,100104,120.84839565886406
Desk,30.192241321411245,100105,300.19224132141125
Chair,21.13667774683637,100105,291.13667774683637
Desk,11.813531422779363,100105,281.81353142277936
Chair,27.449950722356107,100105,297.4499507223561
Desk,18.97540994091844,100105,251.02459005908156
Chair,24.614059490139425,100105,245.38594050986055
Desk,8.349408334215582,100105,98.34940833421558
Chair,14.473885685507412,100105,165.5261143144926
Desk,8.349408334215582,100105,98.34940833421558
Chair,5.6996084756394225,100105,84.30039152436058
Desk,16.3063971620316,100105,286.3063971620316
Chair,20.348138851709564,100105,290.34813885170956
Desk,35.36977443711095,100105,305.36977443711095
Chair,3.6023055677644606,100105,3.6023055677644606
Desk,25.657721572494154,100105,25.657721572494157
Chair,41.20253523386981,100105,41.20253523386981
Desk,9.754005429375184,100105,350.2459945706248
Chair,24.936572827315103,100105,24.936572827315107
Desk,30.270015023882323,100105,59.72998497611768
Chair,32.97356794640868,100105,57.02643205359133
Desk,26.04412162838031,100105,116.0441216283803
Chair,4.572287613578737,100105,94.57228761357875
Desk,12.921168525468318,100106,77.07883147453168
Chair,5.885649708107394,100106,95.8856497081074
Desk,11.18801130224324,100106,78.81198869775676
Chair,19.421464026520255,100106,19.421464026520255
Desk,22.902095975756197,100106,247.09790402424377
Chair,18.52811897899369,100106,251.47188102100634
Desk,40.40480380387798,100106,40.40480380387798
Chair,20.05098348063079,100106,20.050983480630794
Desk,41.29421574590319,100106,48.70578425409682
Chair,40.082879834593484,100106,49.91712016540651
Desk,11.293268967426727,100106,78.70673103257327
Chair,30.162465116158316,100106,59.837534883841684
Desk,34.51659771968653,100106,55.48340228031348
Chair,19.29045344368012,100106,70.70954655631988
Table,2.633621888396135,100106,92.63362188839615
Chair,13.588298376321319,100106,193.58829837632132
Chair,8.840718931025748,100106,171.15928106897425
Chair,23.675247472254796,100106,293.6752474722548
Chair,17.008983999201774,100106,107.00898399920177
Desk,0.27634020370058465,100106,180.27634020370058
Chair,11.197511655001023,100106,191.19751165500102
Desk,22.61370718213854,100106,202.61370718213854
Chair,16.86917544373739,100106,163.1308245562626
Desk,16.85385987051356,100106,196.85385987051356
Chair,9.808089413168744,100106,170.19191058683126
Desk,12.434770123556916,100107,257.5652298764431
Chair,6.533379318222785,100107,263.4666206817772
Desk,12.434770123556916,100107,257.5652298764431
Chair,19.316927164284152,100107,250.68307283571585
Desk,9.904183947973593,100107,279.9041839479736
Chair,9.95947785703271,100107,260.0405221429673
Desk,9.904183947973593,100107,279.9041839479736
Chair,1.018924100674326,100107,268.9810758993257
Desk,16.791916279407474,100107,73.20808372059253
Chair,35.69196391357569,100107,54.30803608642431
Desk,28.672730136069077,100108,208.67273013606908
Chair,6.950284381677278,100108,186.95028438167728
Desk,28.672730136069077,100108,208.67273013606908
Chair,25.337016100801037,100108,154.66298389919896
Desk,33.11684825883373,100108,33.116848258833734
Chair,39.306577782736255,100108,39.306577782736255
Table,20.70500277165894,100108,339.29499722834106
Chair,43.03012889612285,100108,313.03012889612285
Chair,16.72343063415549,100108,73.27656936584451
Chair,21.046672218159216,100108,68.95332778184078
Chair,32.50387586992878,100108,147.49612413007122
Chair,38.70106051498152,100108,38.70106051498153
Desk,11.04830239735304,100109,168.95169760264696
Chair,37.21899193791222,100109,142.78100806208778
Desk,39.558510395724255,100109,140.44148960427574
Chair,25.53739202478866,100109,115.53739202478866
Desk,20.915695190066828,100109,200.91569519006683
Chair,1.8356337953532034,100109,178.1643662046468
Desk,12.959196446845652,100109,192.95919644684565
Chair,37.80455439317592,100109,217.80455439317592
Desk,4.193389499784246,100109,175.80661050021575
Chair,14.626801980089823,100109,165.37319801991018
Desk,12.379314662440663,100110,347.62068533755934
Chair,21.841135107568732,100110,338.15886489243127
Desk,24.158944583842143,100110,65.84105541615786
Chair,43.33795466590034,100110,43.33795466590034
Desk,35.619645937270974,100110,35.61964593727097
Chair,24.43524449685816,100110,24.435244496858157
Desk,42.471871662780586,100110,42.471871662780586
Chair,20.23128642326492,100110,20.231286423264923
Desk,3.3738197496383577,100110,356.62618025036164
Chair,22.553639638492655,100110,337.44636036150735
Desk,43.020712334759864,100110,46.979287665240136
Chair,33.09024220702014,100110,56.90975779297986
Desk,7.104391304599119,100110,277.1043913045991
Chair,26.30281473199085,100110,296.30281473199085
Desk,20.88620351711694,100110,290.88620351711694
Chair,31.734717477902336,100110,328.26528252209766
Desk,21.233608498867568,100110,248.76639150113243
Chair,2.514220142999875,100110,272.5142201429999
Table,10.71316597723063,100111,280.71316597723063
Chair,38.15423248213881,100111,231.84576751786122
Chair,11.099859387507877,100111,11.099859387507877
Chair,23.937500179007543,100111,23.937500179007543
Chair,26.07154870667324,100111,116.07154870667324
Chair,23.61046313435935,100111,293.61046313435935
Desk,38.90778882204381,100111,308.9077888220438
Chair,43.92103130705311,100111,316.0789686929469
Desk,13.812008212195678,100111,283.8120082121957
Chair,31.660560262993044,100111,301.66056026299304
Desk,38.36932308617986,100111,308.36932308617986
Chair,29.396059169297473,100111,299.3960591692975
Desk,16.896526502282484,100111,286.8965265022825
Chair,24.85574106545255,100111,294.85574106545255
Desk,29.155584588337604,100111,209.1555845883376
Chair,39.14596512973071,100111,230.8540348702693
Desk,28.886815816219695,100111,208.8868158162197
Chair,29.25529070384627,100111,209.25529070384627
Desk,6.456206097562102,100111,173.5437939024379
Chair,22.248762125889982,100111,157.75123787411002
Desk,27.251267682973122,100111,207.25126768297312
Chair,29.629300775133828,100111,150.37069922486617
CoffeeTable,7.881020353759595,100112,172.1189796462404
Chair,37.45818462864548,100112,142.54181537135452
Chair,2.223984177532884,100112,182.22398417753288
CoffeeTable,37.38520965338864,100112,322.61479034661136
Chair,27.04634552251997,100112,332.95365447748003
CoffeeTable,15.69685889851172,100112,15.696858898511723
Chair,26.072054856127423,100112,26.07205485612742
CoffeeTable,5.720204018005234,100112,354.27979598199477
Chair,4.34156706612319,100112,4.341567066123188
Chair,35.885117337277904,100112,35.88511733727791
CoffeeTable,9.195101716001112,100112,9.195101716001114
Chair,21.27645254187297,100112,21.276452541872967
Table,2.2164636246024543,100113,357.78353637539755
Chair,9.52358834387104,100113,260.47641165612896
Chair,7.524788038980461,100113,82.47521196101954
Chair,6.03022632433035,100113,6.030226324330347
Desk,4.138100012789721,100113,355.8618999872103
Chair,29.3825591597697,100113,330.6174408402303
CoffeeTable,13.678526646024054,100114,76.32147335397595
Chair,10.743816560161122,100114,100.74381656016114
Chair,41.10494752696863,100114,131.10494752696863
CoffeeTable,15.117066311883889,100114,254.8829336881161
Chair,24.211820199645786,100114,245.7881798003542
CoffeeTable,37.32797229352957,100114,307.32797229352957
Chair,41.229998224864914,100114,311.2299982248649
Desk,1.038523040251306,100115,181.0385230402513
Chair,19.700188557368534,100115,160.29981144263147
Desk,1.038523040251306,100115,181.0385230402513
Chair,13.86557557169695,100115,193.86557557169695
Desk,3.6620398997358166,100115,176.33796010026418
Chair,6.185346029491967,100115,173.81465397050803
Desk,6.523379258103262,100115,186.52337925810326
Chair,25.41154603943164,100115,205.41154603943164
CoffeeTable,17.206985218808597,100116,197.2069852188086
Chair,7.224977537396882,100116,187.22497753739688
Chair,44.43872005803121,100116,225.56127994196882
CoffeeTable,9.921678296053415,100116,170.07832170394659
Chair,13.937796901773197,100116,193.9377969017732
CoffeeTable,26.686062006810403,100116,206.6860620068104
Chair,28.076579009391367,100116,208.07657900939137
CoffeeTable,28.53942004587597,100116,208.53942004587597
Chair,12.637383242054511,100116,192.6373832420545
CoffeeTable,3.067922361870842,100116,183.06792236187084
Chair,2.820450430997937,100116,182.82045043099794
Desk,7.345874291278449,100117,7.345874291278449
Chair,3.4451776220277566,100117,3.4451776220277566
CoffeeTable,34.647906857620114,100117,145.35209314237989
Chair,22.744857632804013,100117,157.255142367196
CoffeeTable,7.284810006748977,100117,7.284810006748978
Chair,0.3745940425011156,100117,0.3745940425011132
CoffeeTable,10.651072271182215,100117,349.3489277288178
Chair,24.1622891221312,100117,335.8377108778688
CoffeeTable,11.952473688098621,100117,281.9524736880986
Chair,0.7313222058304518,100117,269.26867779416955
Chair,30.376939996249632,100117,300.37693999624963
Desk,13.430015002432981,100117,256.569984997567
Chair,12.00060214288959,100117,282.0006021428896
Desk,9.138313209816715,100117,170.86168679018328
Chair,26.57938913587293,100117,153.42061086412707
Desk,3.8011020748320448,100117,183.80110207483204
Chair,0.47572951640611905,100117,180.47572951640612
Desk,10.493835485505542,100117,259.50616451449446
Chair,8.924655301418,100117,278.924655301418
CoffeeTable,0.7945965942557791,100117,89.20540340574424
Chair,22.0835279512267,100117,112.08352795122669
CoffeeTable,6.703013397392681,100117,173.29698660260732
Chair,29.87044725194849,100117,150.1295527480515
Desk,1.2199895793684163,100117,358.7800104206316
Chair,23.941406443656945,100117,336.05859355634306
CoffeeTable,25.647864017267807,100117,115.64786401726782
Chair,4.434047427238568,100117,85.56595257276145
Desk,17.67903368706098,100118,197.67903368706098
Chair,9.614864714978836,100118,189.61486471497884
Desk,40.65076234753394,100118,220.65076234753394
Chair,23.937961615712624,100118,203.93796161571262
Desk,25.94367486208145,100118,205.94367486208145
Chair,40.08919117038687,100118,229.91080882961313
Desk,39.40748403914574,100118,219.40748403914571
Chair,27.401189766241487,100118,242.5988102337585
Desk,4.428983604204092,100118,184.4289836042041
Chair,26.198973396435832,100118,206.19897339643583
Desk,15.807054519653633,100118,195.80705451965363
Chair,2.7706145619774247,100118,182.77061456197742
CoffeeTable,0.17946151400493449,100119,0.17946151400493324
Chair,4.95482585312682,100119,4.954825853126821
Chair,25.268073029548518,100119,25.268073029548514
CoffeeTable,39.17532862173225,100119,39.17532862173225
Chair,27.472900568881187,100119,27.47290056888119
CoffeeTable,18.125746167292675,100119,341.8742538327073
Chair,4.751885634485973,100119,355.248114365514
CoffeeTable,0.8228123996426575,100119,359.17718760035734
Chair,23.726993031647496,100119,23.7269930316475
CoffeeTable,13.172253873434016,100119,13.172253873434016
Chair,8.547399284664266,100119,351.45260071533573
Desk,5.732175396714638,100120,84.26782460328536
Chair,22.88116316839114,100120,67.11883683160886
Desk,32.00908711814765,100120,147.99091288185235
Chair,35.6630108650354,100120,144.3369891349646
Desk,34.262870830605266,100120,325.73712916939473
Chair,38.38209933249675,100120,321.61790066750325
Desk,2.7377653563481203,100120,272.7377653563481
Chair,2.7377653563481203,100120,272.7377653563481
Desk,1.8569550901444813,100120,268.1430449098555
Chair,1.8992416231741345,100120,271.89924162317413
Desk,0.35711508114360413,100120,89.6428849188564
Chair,18.129780708364876,100120,108.12978070836488
Desk,37.01350215992301,100120,232.986497840077
Chair,41.352803750924295,100120,228.64719624907573
Desk,32.506944977116234,100120,302.50694497711623
Chair,19.02355210261436,100120,289.02355210261436
Desk,16.10681877325368,100120,286.1068187732537
Chair,2.2417535453543564,100120,267.75824645464564
Desk,25.3539721697079,100121,25.3539721697079
Chair,29.50988715922165,100121,29.50988715922165
CoffeeTable,34.84335953891309,100121,214.8433595389131
Chair,32.87446650705385,100121,237.12553349294612
CoffeeTable,38.04036090334,100121,218.04036090333997
Chair,22.0224892220769,100121,202.0224892220769
Desk,6.181030878656841,100121,6.181030878656842
Chair,20.20894679883277,100121,20.20894679883277
Desk,31.467850514304246,100121,328.53214948569575
Chair,2.3368809038979066,100121,357.6631190961021
Desk,7.928265101950494,100121,7.928265101950492
Chair,11.345220953223532,100121,348.65477904677647
Desk,42.7294482773284,100121,317.2705517226716
Chair,44.14270751003261,100121,314.1427075100326
Desk,17.14822993215239,100121,107.1482299321524
Chair,10.317632239534476,100121,169.68236776046552
CoffeeTable,13.862274210922507,100121,76.13772578907749
Chair,2.9079571511737754,100121,87.09204284882624
CoffeeTable,42.33598172727491,100121,132.3359817272749
Chair,19.691566666426354,100121,109.69156666642634
CoffeeTable,10.719955527102968,100121,280.71995552710297
Chair,6.964033833525946,100121,276.96403383352595
Chair,38.650674011478884,100121,308.6506740114789
Table,26.16124566086097,100122,116.16124566086096
Chair,18.04290105377912,100122,18.042901053779115
Chair,38.69722683233323,100122,308.69722683233323
Chair,26.23306019090265,100122,116.23306019090265
Desk,34.69519991790469,100122,124.6951999179047
Chair,42.22696965329882,100122,137.77303034670118
Desk,41.126776095088616,100122,138.87322390491138
Chair,41.514009620927794,100122,138.4859903790722
Desk,33.29616876248812,100122,123.29616876248812
Chair,8.624502971751724,100122,98.62450297175174
Desk,44.12815820910194,100122,135.87184179089806
Chair,30.87859514037092,100122,149.12140485962908
Desk,20.053397190223905,100123,339.9466028097761
Chair,15.179961424289843,100123,344.82003857571016
Desk,0.8808855734369558,100123,179.11911442656304
Chair,24.507791472642026,100123,155.49220852735797
Desk,37.190922735528744,100123,142.80907726447126
Chair,42.40171605123578,100123,137.59828394876422
Desk,35.59041670103235,100123,144.40958329896765
Chair,16.567272522327073,100123,163.43272747767293
Desk,11.875355515468442,100123,168.12464448453156
Chair,32.27039556841294,100123,147.72960443158706
Desk,2.9004825274173527,100123,357.09951747258265
Chair,18.547526183389266,100123,341.45247381661073
Desk,15.076414934278262,100123,344.92358506572174
Chair,12.796533361530237,100123,347.20346663846976
Table,6.37472423428207,100123,83.62527576571793
Chair,2.5432874599035387,100123,2.543287459903538
Chair,3.8331483829514923,100123,356.1668516170485
Chair,24.44633601953629,100123,155.5536639804637
Chair,39.71487436099892,100123,309.7148743609989
Chair,16.251061309537832,100123,73.74893869046217
CoffeeTable,1.6652300061433607,100124,181.66523000614336
Chair,24.820512961098927,100124,114.82051296109891
Chair,32.593992207181486,100124,237.40600779281854
CoffeeTable,4.100770872201338,100124,175.89922912779866
Chair,22.474352798566827,100124,157.52564720143317
Desk,6.450591111169842,100125,173.54940888883016
Chair,24.256933361199913,100125,155.7430666388001
Desk,12.348194254118141,100125,192.34819425411814
Chair,35.31583772551187,100125,215.31583772551184
Desk,6.450591111169842,100125,173.54940888883016
Chair,8.992976735503845,100125,171.00702326449615
Desk,12.348194254118141,100125,192.34819425411814
Chair,11.37900790712456,100125,168.62099209287544
Desk,39.83638878542479,100125,219.83638878542476
Chair,34.09931654615622,100125,214.09931654615622
Desk,3.670359246921123,100125,176.32964075307888
Chair,12.783252567116875,100125,192.78325256711688
Desk,10.457817411909161,100125,190.45781741190916
Chair,34.221849300222914,100125,214.2218493002229
Desk,5.626895114373866,100125,185.62689511437387
Chair,17.954013733038096,100125,162.0459862669619
CoffeeTable,6.789044134206051,100125,96.78904413420605
Chair,12.62310973950332,100125,77.37689026049668
Chair,2.5965973556748168,100125,92.5965973556748
CoffeeTable,19.682536851575065,100125,109.68253685157507
Chair,6.3385847156741875,100125,96.3385847156742
CoffeeTable,19.1246222690354,100125,70.8753777309646
Chair,2.002007744668788,100125,87.9979922553312
CoffeeTable,24.80670774870525,100125,65.19329225129475
Chair,19.193835570687213,100125,70.80616442931279
CoffeeTable,37.89739800953342,100125,127.89739800953342
Chair,15.181552300365865,100125,105.18155230036587
CoffeeTable,16.283061002395897,100125,73.7169389976041
Chair,42.35062616124067,100125,47.64937383875933
CoffeeTable,24.739526911991675,100126,335.2604730880083
Chair,7.123511501221543,100126,7.123511501221543
Chair,20.25607200452447,100126,339.74392799547553
CoffeeTable,15.778607943763177,100126,344.2213920562368
Chair,40.31789985734372,100126,319.6821001426563
CoffeeTable,1.1104536970865126,100127,91.11045369708651
Chair,18.11295069017291,100127,71.88704930982709
Chair,16.921487614307352,100127,106.92148761430734
CoffeeTable,16.070000527379648,100127,16.070000527379648
Chair,24.381596739626673,100127,24.38159673962667
Chair,42.284082453595275,100127,42.284082453595275
CoffeeTable,7.693190258890809,100127,352.3068097411092
Chair,9.97655484207548,100127,9.976554842075478
CoffeeTable,14.741980615175976,100127,345.258019384824
Chair,21.722207976906816,100127,338.2777920230932
Desk,10.45799466154785,100127,10.45799466154785
Chair,27.512657537327527,100127,27.512657537327524
Desk,12.030687032837413,100127,12.030687032837411
Chair,23.904572705881378,100127,23.90457270588137
Desk,18.960746782984373,100127,18.96074678298437
Chair,1.7059199555601552,100127,1.705919955560152
CoffeeTable,20.442982090772063,100127,200.44298209077206
Chair,33.55853800739442,100127,236.44146199260558
Chair,32.55930912524764,100127,212.55930912524767
CoffeeTable,21.235491994779068,100127,158.76450800522093
Chair,6.050723865948044,100127,173.94927613405196
