seed,reference,camera,time,reference_to_view,view_to_reference,baseline_m,mean_triangulation_degrees
0,0,1,0,0.5897436,0.41025642,3.14491,42.46765
0,0,1,0.25,0.5811966,0.53846157,3.2412512,49.757355
0,0,1,0.5,0.4957265,0.4957265,3.3438768,55.206673
0,0,1,0.75,0.3931624,0.4871795,3.4522274,61.33375
0,0,1,1,0.2991453,0.36752138,3.5657802,64.69978
0,0,2,0,0.5641026,0.75213677,1.9534912,28.811588
0,0,2,0.25,0.5982906,0.6752137,1.8709983,30.053625
0,0,2,0.5,0.7094017,0.61538464,1.8011525,30.530869
0,0,2,0.75,0.72649574,0.52136755,1.7454731,28.83329
0,0,2,1,0.7606838,0.3931624,1.7053478,27.005669
1,0,1,0,0.50427353,0.33333334,2.7318306,46.510944
1,0,1,0.25,0.5470086,0.36752138,2.7224042,44.572227
1,0,1,0.5,0.5470086,0.3931624,2.708687,43.618916
1,0,1,0.75,0.61538464,0.4017094,2.6908603,42.179756
1,0,1,1,0.61538464,0.41880342,2.669155,40.96353
1,0,2,0,0.95726496,0.43589744,2.0780926,16.103565
1,0,2,0.25,0.94017094,0.43589744,2.0682583,15.541431
1,0,2,0.5,0.93162394,0.44444445,2.069348,15.255487
1,0,2,0.75,0.94871795,0.44444445,2.081157,15.22842
1,0,2,1,0.95726496,0.45299146,2.103495,15.05336
2,0,1,0,0.74358976,0.2991453,1.2532887,30.956005
2,0,1,0.25,0.75213677,0.2905983,1.248044,31.848225
2,0,1,0.5,0.74358976,0.2905983,1.2427772,32.22365
2,0,1,0.75,0.73504275,0.30769232,1.2375201,33.015305
2,0,1,1,0.72649574,0.31623933,1.2323035,33.374496
2,0,2,0,0.52136755,0.5641026,1.5847404,27.20565
2,0,2,0.25,0.52136755,0.5555556,1.5877433,27.552021
2,0,2,0.5,0.50427353,0.53846157,1.5896258,27.971157
2,0,2,0.75,0.4957265,0.53846157,1.5903666,29.064617
2,0,2,1,0.4957265,0.5555556,1.5899502,29.52201
3,0,1,0,0.8119658,0.6581197,2.955057,19.854855
3,0,1,0.25,0.8034188,0.6581197,2.7102604,19.25393
3,0,1,0.5,0.72649574,0.62393165,2.7195418,17.085308
3,0,1,0.75,0.6752137,0.43589744,2.9320257,12.992802
3,0,1,1,0.6495727,0.51282054,3.178519,12.1609535
3,0,2,0,0.5641026,0.64102566,2.4993007,25.37195
3,0,2,0.25,0.3931624,0.5897436,2.3006837,28.724777
3,0,2,0.5,0.47008547,0.5811966,2.3731258,27.050737
3,0,2,0.75,0.3931624,0.44444445,2.6433043,22.598763
3,0,2,1,0.47863248,0.5470086,2.9419422,23.64944
4,0,1,0,0.3931624,0.3846154,1.4370899,15.213775
4,0,1,0.25,0.36752138,0.4017094,1.4316239,16.111715
4,0,1,0.5,0.36752138,0.41025642,1.4306704,16.937319
4,0,1,0.75,0.37606838,0.4017094,1.4342184,17.467611
4,0,1,1,0.35042736,0.3931624,1.4422563,16.457624
4,0,2,0,0.7094017,0.33333334,1.5702294,19.809408
4,0,2,0.25,0.71794873,0.34188035,1.5727795,19.941214
4,0,2,0.5,0.7008547,0.34188035,1.5768578,19.904682
4,0,2,0.75,0.6837607,0.32478634,1.5824292,19.775146
4,0,2,1,0.6752137,0.33333334,1.5894803,20.038315
5,0,1,0,0.50427353,0.42735043,2.892659,51.91338
5,0,1,0.25,0.46153846,0.4017094,2.9000764,54.597153
5,0,1,0.5,0.3846154,0.33333334,2.906769,53.88366
5,0,1,0.75,0.46153846,0.35897437,2.9127064,51.69744
5,0,1,1,0.50427353,0.32478634,2.9178689,51.0428
5,0,2,0,0.83760685,0.37606838,1.3089544,10.872165
5,0,2,0.25,0.85470086,0.3846154,1.3093582,11.667383
5,0,2,0.5,0.8119658,0.35897437,1.3081081,11.352972
5,0,2,0.75,0.7777778,0.35042736,1.3047566,11.219217
5,0,2,1,0.7692308,0.33333334,1.2991993,10.960463
6,0,1,0,0.6495727,0.4871795,1.5814978,19.89795
6,0,1,0.25,0.5726496,0.47863248,1.9031599,23.293499
6,0,1,0.5,0.53846157,0.50427353,2.163937,25.25076
6,0,1,0.75,0.50427353,0.50427353,2.3789415,25.150892
6,0,1,1,0.3846154,0.5555556,2.5721705,24.356655
6,0,2,0,0.8717949,0.5726496,1.3071175,8.12804
6,0,2,0.25,0.7948718,0.47008547,1.4444731,11.217884
6,0,2,0.5,0.72649574,0.41880342,1.6431825,14.341213
6,0,2,0.75,0.6923077,0.41025642,1.8470218,12.580839
6,0,2,1,0.64102566,0.3931624,2.043878,11.408161
7,0,1,0,0.4957265,0.63247865,2.7135155,37.48979
7,0,1,0.25,0.41880342,0.61538464,2.791716,33.992805
7,0,1,0.5,0.36752138,0.5641026,2.8727484,33.53308
7,0,1,0.75,0.46153846,0.52136755,2.9563801,33.036884
7,0,1,1,0.4871795,0.52991456,3.0423968,34.375313
7,0,2,0,0.8034188,0.33333334,1.9624937,11.218143
7,0,2,0.25,0.74358976,0.37606838,2.0213964,11.427787
7,0,2,0.5,0.6837607,0.32478634,2.0803504,12.370884
7,0,2,0.75,0.8034188,0.35042736,2.1393526,12.964079
7,0,2,1,0.8034188,0.35042736,2.1983986,13.811014
8,0,1,0,0.94871795,0.5897436,1.3546618,8.958825
8,0,1,0.25,0.96581197,0.47008547,1.4425375,6.59116
8,0,1,0.5,0.85470086,0.4871795,1.5544996,5.467289
8,0,1,0.75,0.8974359,0.44444445,1.6857555,6.447937
8,0,1,1,0.93162394,0.45299146,1.8321635,8.76992
8,0,2,0,0.84615386,0.47863248,1.6945456,16.533516
8,0,2,0.25,0.8632479,0.50427353,1.6489643,14.903282
8,0,2,0.5,0.94017094,0.5555556,1.6118624,12.674
8,0,2,0.75,0.9230769,0.51282054,1.5838356,12.050568
8,0,2,1,0.93162394,0.4871795,1.5653716,11.667606
9,0,1,0,0.42735043,0.7606838,2.1239195,22.23277
9,0,1,0.25,0.4957265,0.73504275,2.136723,22.100626
9,0,1,0.5,0.4871795,0.7094017,2.142664,21.900177
9,0,1,0.75,0.4871795,0.71794873,2.1418457,20.621937
9,0,1,1,0.47863248,0.74358976,2.1344235,19.923271
9,0,2,0,0.47008547,0.6666667,1.803842,34.40738
9,0,2,0.25,0.46153846,0.63247865,1.8155004,34.12248
9,0,2,0.5,0.47008547,0.62393165,1.8190396,33.868183
9,0,2,0.75,0.47863248,0.63247865,1.8145392,32.77814
9,0,2,1,0.4957265,0.61538464,1.8020954,32.160828
10,0,1,0,0.33333334,0.61538464,1.8439181,29.68025
10,0,1,0.25,0.2991453,0.5897436,1.8560069,29.582737
10,0,1,0.5,0.2991453,0.5982906,1.8644481,30.017662
10,0,1,0.75,0.31623933,0.5555556,1.8691311,30.811895
10,0,1,1,0.2991453,0.5555556,1.8700706,30.460117
10,0,2,0,0.41025642,0.50427353,2.8796444,45.96037
10,0,2,0.25,0.37606838,0.51282054,2.8889465,46.519222
10,0,2,0.5,0.36752138,0.4957265,2.8925061,46.542805
10,0,2,0.75,0.35897437,0.4957265,2.8902078,46.72223
10,0,2,1,0.36752138,0.5555556,2.8820508,47.357525
11,0,1,0,0.41880342,0.6837607,2.052103,23.33807
11,0,1,0.25,0.43589744,0.7008547,2.092272,24.487307
11,0,1,0.5,0.3931624,0.72649574,2.1104505,23.764454
11,0,1,0.75,0.37606838,0.72649574,2.1055653,23.178102
11,0,1,1,0.35897437,0.73504275,2.0769906,22.216055
11,0,2,0,0.9145299,0.41880342,1.2812943,11.614969
11,0,2,0.25,0.9059829,0.4957265,1.2727333,11.504404
11,0,2,0.5,0.8717949,0.47008547,1.2621236,11.702354
11,0,2,0.75,0.8632479,0.47008547,1.2494373,11.932913
11,0,2,1,0.8888889,0.4871795,1.2346632,11.834326
12,0,1,0,0.36752138,0.6837607,1.5130641,26.191696
12,0,1,0.25,0.4017094,0.7008547,1.5126916,25.3809
12,0,1,0.5,0.42735043,0.73504275,1.513159,24.673988
12,0,1,0.75,0.43589744,0.72649574,1.5142903,25.111046
12,0,1,1,0.44444445,0.73504275,1.5160459,25.046818
12,0,2,0,0.4017094,0.52136755,1.761661,35.769756
12,0,2,0.25,0.43589744,0.51282054,1.7917258,36.459732
12,0,2,0.5,0.42735043,0.47863248,1.8096193,37.294342
12,0,2,0.75,0.42735043,0.51282054,1.815189,37.400627
12,0,2,1,0.43589744,0.52991456,1.8083396,37.26522
13,0,1,0,0.73504275,0.33333334,3.2346125,41.20144
13,0,1,0.25,0.75213677,0.32478634,3.2257636,41.912136
13,0,1,0.5,0.7692308,0.32478634,3.2241929,42.1476
13,0,1,0.75,0.75213677,0.34188035,3.2298589,42.037735
13,0,1,1,0.73504275,0.34188035,3.2427619,41.96115
13,0,2,0,0.5897436,0.85470086,3.067702,54.974205
13,0,2,0.25,0.5897436,0.84615386,3.0744023,55.302834
13,0,2,0.5,0.5726496,0.8632479,3.0810955,55.383217
13,0,2,0.75,0.53846157,0.85470086,3.0877295,55.489822
13,0,2,1,0.47863248,0.82905984,3.094251,56.357918
14,0,1,0,0.52136755,0.34188035,1.5911989,36.08132
14,0,1,0.25,0.52136755,0.33333334,1.5949994,36.529003
14,0,1,0.5,0.52136755,0.32478634,1.5963093,37.16886
14,0,1,0.75,0.52991456,0.2991453,1.5951067,38.341927
14,0,1,1,0.50427353,0.2991453,1.5914235,38.187153
14,0,2,0,0.6495727,0.71794873,1.9799668,26.390446
14,0,2,0.25,0.6495727,0.7094017,1.974668,26.350647
14,0,2,0.5,0.63247865,0.7094017,1.9707427,26.239672
14,0,2,0.75,0.64102566,0.7094017,1.9682194,26.253178
14,0,2,1,0.63247865,0.7008547,1.9671499,26.169544
15,0,1,0,0.6837607,0.36752138,1.3671619,18.09262
15,0,1,0.25,0.60683763,0.34188035,1.3540807,18.1082
15,0,1,0.5,0.60683763,0.35897437,1.3431178,18.16943
15,0,1,0.75,0.6495727,0.3846154,1.3341895,18.69595
15,0,1,1,0.6923077,0.41880342,1.3275576,18.170597
15,0,2,0,0.82051283,0.3846154,1.7839326,20.572395
15,0,2,0.25,0.8119658,0.3931624,1.7652949,22.025276
15,0,2,0.5,0.7863248,0.33333334,1.7612249,23.214664
15,0,2,0.75,0.82051283,0.35897437,1.7717059,23.116554
15,0,2,1,0.8119658,0.32478634,1.796712,22.928013
16,0,1,0,0.61538464,0.5726496,1.5277135,15.236909
16,0,1,0.25,0.6581197,0.52136755,1.5123551,15.437933
16,0,1,0.5,0.63247865,0.52136755,1.5061821,15.94079
16,0,1,0.75,0.61538464,0.47008547,1.5091937,16.189854
16,0,1,1,0.61538464,0.46153846,1.5215622,16.357265
16,0,2,0,0.52136755,0.5897436,1.2690438,18.924202
16,0,2,0.25,0.50427353,0.5982906,1.2726204,18.936993
16,0,2,0.5,0.47863248,0.62393165,1.2757981,18.592167
16,0,2,0.75,0.4871795,0.60683763,1.2783643,18.839174
16,0,2,1,0.47863248,0.5726496,1.2803457,18.95425
17,0,1,0,0.63247865,0.3846154,2.2862039,40.4087
17,0,1,0.25,0.63247865,0.3931624,2.2863705,39.98047
17,0,1,0.5,0.61538464,0.3931624,2.286557,40.511147
17,0,1,0.75,0.62393165,0.4017094,2.2867634,40.727383
17,0,1,1,0.60683763,0.43589744,2.286989,39.896393
17,0,2,0,0.33333334,0.41025642,2.3222423,37.534225
17,0,2,0.25,0.33333334,0.3846154,2.3150327,38.61122
17,0,2,0.5,0.34188035,0.33333334,2.308054,40.15056
17,0,2,0.75,0.2905983,0.31623933,2.301308,38.523834
17,0,2,1,0.2905983,0.31623933,2.2947965,37.708946
18,0,1,0,0.8119658,0.52991456,3.5562344,36.80766
18,0,1,0.25,0.82905984,0.52136755,3.5665836,36.94699
18,0,1,0.5,0.8119658,0.52991456,3.565805,36.484528
18,0,1,0.75,0.8034188,0.52991456,3.553952,36.143806
18,0,1,1,0.7948718,0.52991456,3.53108,35.282223
18,0,2,0,0.5897436,0.45299146,2.8317878,43.592155
18,0,2,0.25,0.60683763,0.45299146,2.8407624,44.46987
18,0,2,0.5,0.60683763,0.47863248,2.8398077,45.611794
18,0,2,0.75,0.5982906,0.47863248,2.8290064,45.15634
18,0,2,1,0.5982906,0.4871795,2.808475,44.700665
19,0,1,0,0.6752137,0.6752137,2.6471326,34.32154
19,0,1,0.25,0.6923077,0.71794873,2.6634674,34.535973
19,0,1,0.5,0.71794873,0.7008547,2.677931,34.405937
19,0,1,0.75,0.7008547,0.7094017,2.6903987,34.399475
19,0,1,1,0.7008547,0.71794873,2.700762,34.44625
19,0,2,0,0.9059829,0.37606838,1.8425665,19.989326
19,0,2,0.25,0.9230769,0.37606838,1.8405044,19.811481
19,0,2,0.5,0.9145299,0.41025642,1.8412459,19.969292
19,0,2,0.75,0.8974359,0.41025642,1.8447434,19.926151
19,0,2,1,0.9059829,0.4017094,1.8509849,19.879242
20,0,1,0,0.35897437,0.60683763,3.54096,38.15068
20,0,1,0.25,0.37606838,0.6837607,3.5435877,38.191376
20,0,1,0.5,0.35897437,0.6666667,3.5601957,38.26186
20,0,1,0.75,0.35897437,0.6837607,3.590471,39.031982
20,0,1,1,0.32478634,0.6666667,3.6341698,39.05243
20,0,2,0,0.72649574,0.44444445,3.4490554,22.850006
20,0,2,0.25,0.71794873,0.44444445,3.4219005,22.48946
20,0,2,0.5,0.7094017,0.47863248,3.4177165,22.541931
20,0,2,0.75,0.73504275,0.4957265,3.4364479,23.092098
20,0,2,1,0.71794873,0.4871795,3.478035,23.199646
21,0,1,0,0.41025642,0.51282054,2.7223334,51.464203
21,0,1,0.25,0.47863248,0.50427353,2.7172186,51.630146
21,0,1,0.5,0.3846154,0.47863248,2.7154093,49.973682
21,0,1,0.75,0.37606838,0.41025642,2.7156572,50.643578
21,0,1,1,0.3846154,0.35042736,2.7180948,50.674973
21,0,2,0,0.6581197,0.51282054,1.5030428,25.331903
21,0,2,0.25,0.5726496,0.52991456,1.4414183,25.29712
21,0,2,0.5,0.5641026,0.5897436,1.4074811,24.94479
21,0,2,0.75,0.5641026,0.5811966,1.4010041,25.472578
21,0,2,1,0.50427353,0.60683763,1.4214705,27.076183
22,0,1,0,0.73504275,0.37606838,4.300298,58.973557
22,0,1,0.25,0.6837607,0.35897437,4.3016458,58.019577
22,0,1,0.5,0.6666667,0.36752138,4.3028865,58.761158
22,0,1,0.75,0.6837607,0.32478634,4.304011,58.44018
22,0,1,1,0.6666667,0.31623933,4.3050117,58.290092
22,0,2,0,0.43589744,0.6923077,2.2107837,27.89999
22,0,2,0.25,0.42735043,0.7094017,2.2242038,28.519264
22,0,2,0.5,0.4017094,0.6666667,2.2339027,28.86074
22,0,2,0.75,0.3931624,0.64102566,2.2398458,29.005577
22,0,2,1,0.36752138,0.61538464,2.2420309,29.151209
23,0,1,0,0.36752138,0.45299146,1.9118135,32.55423
23,0,1,0.25,0.35042736,0.45299146,1.9132268,31.794357
23,0,1,0.5,0.34188035,0.45299146,1.9147032,31.918764
23,0,1,0.75,0.33333334,0.45299146,1.9162437,31.974037
23,0,1,1,0.33333334,0.45299146,1.9178478,31.922256
23,0,2,0,0.41880342,0.35042736,3.2472522,61.937637
23,0,2,0.25,0.36752138,0.35042736,3.2502499,59.83647
23,0,2,0.5,0.33333334,0.35897437,3.2532496,59.83113
23,0,2,0.75,0.31623933,0.35042736,3.2562532,59.02742
23,0,2,1,0.34188035,0.34188035,3.25926,59.954464
24,0,1,0,0.5470086,0.8034188,2.3252199,11.691526
24,0,1,0.25,0.5555556,0.7948718,2.323271,11.604952
24,0,1,0.5,0.5470086,0.7606838,2.3185053,11.70105
24,0,1,0.75,0.53846157,0.7692308,2.3110073,11.725268
24,0,1,1,0.5470086,0.7948718,2.3008797,11.843553
24,0,2,0,0.35042736,0.42735043,4.105342,29.622175
24,0,2,0.25,0.33333334,0.42735043,4.111656,29.309734
24,0,2,0.5,0.34188035,0.42735043,4.120248,28.98542
24,0,2,0.75,0.34188035,0.4017094,4.131008,28.660217
24,0,2,1,0.35042736,0.41025642,4.1439033,29.005348
25,0,1,0,0.37606838,0.94871795,1.2964225,12.250375
25,0,1,0.25,0.36752138,0.93162394,1.327741,10.755093
25,0,1,0.5,0.3846154,0.85470086,1.3717571,9.62782
25,0,1,0.75,0.41880342,0.93162394,1.4272962,11.614406
25,0,1,1,0.4871795,0.982906,1.4392706,13.82025
25,0,2,0,0.5811966,0.64102566,1.9089714,33.822533
25,0,2,0.25,0.3931624,0.60683763,2.183284,32.417465
25,0,2,0.5,0.4017094,0.62393165,2.4614263,32.58934
25,0,2,0.75,0.41880342,0.7606838,2.7422354,36.34765
25,0,2,1,0.32478634,0.83760685,2.9827855,38.532715
26,0,1,0,0.6923077,0.61538464,1.3369578,24.6233
26,0,1,0.25,0.6837607,0.60683763,1.3481029,24.89621
26,0,1,0.5,0.6752137,0.5982906,1.3528626,24.900269
26,0,1,0.75,0.6581197,0.60683763,1.3511343,24.708086
26,0,1,1,0.6495727,0.5897436,1.3429097,24.402603
26,0,2,0,0.6923077,0.45299146,1.8422307,34.598114
26,0,2,0.25,0.6752137,0.45299146,1.8469079,34.818825
26,0,2,0.5,0.6752137,0.47863248,1.8488678,34.692665
26,0,2,0.75,0.6752137,0.45299146,1.848095,34.57654
26,0,2,1,0.6666667,0.43589744,1.8445783,34.705353
27,0,1,0,0.3846154,0.41025642,2.8204787,36.867706
27,0,1,0.25,0.37606838,0.46153846,2.7941759,40.9757
27,0,1,0.5,0.35897437,0.52136755,2.7715654,40.39698
27,0,1,0.75,0.36752138,0.5897436,2.753071,42.711098
27,0,1,1,0.2991453,0.60683763,2.7393832,43.26477
27,0,2,0,0.8717949,0.4017094,1.7315538,30.385696
27,0,2,0.25,0.82051283,0.44444445,1.6906191,29.834877
27,0,2,0.5,0.82051283,0.46153846,1.6603417,29.225544
27,0,2,0.75,0.7777778,0.4957265,1.6409705,28.89218
27,0,2,1,0.7094017,0.5470086,1.6334668,29.26236
28,0,1,0,0.35897437,0.47008547,4.605648,33.934628
28,0,1,0.25,0.32478634,0.4871795,4.590604,32.25835
28,0,1,0.5,0.34188035,0.52136755,4.572434,30.779537
28,0,1,0.75,0.35042736,0.52991456,4.5511427,30.23459
28,0,1,1,0.36752138,0.47863248,4.5268593,28.650679
28,0,2,0,0.31623933,0.82905984,2.3800027,12.425584
28,0,2,0.25,0.32478634,0.84615386,2.3841133,12.197309
28,0,2,0.5,0.37606838,0.83760685,2.3945656,11.840807
28,0,2,0.75,0.35897437,0.82905984,2.4111826,12.216791
28,0,2,1,0.33333334,0.8119658,2.4337926,12.356638
29,0,1,0,0.52136755,0.7692308,2.442749,31.390398
29,0,1,0.25,0.4957265,0.7606838,2.4349377,31.800585
29,0,1,0.5,0.47863248,0.75213677,2.4302897,31.757624
29,0,1,0.75,0.46153846,0.73504275,2.4288511,31.615833
29,0,1,1,0.43589744,0.71794873,2.4306936,31.726624
29,0,2,0,0.6923077,0.94017094,1.964,14.435217
29,0,2,0.25,0.7094017,0.93162394,1.9715635,14.805174
29,0,2,0.5,0.6581197,0.9230769,1.9801513,14.87729
29,0,2,0.75,0.6666667,0.9230769,1.9896331,15.323345
29,0,2,1,0.6495727,0.9145299,1.9999561,15.492244
30,0,1,0,0.6923077,0.5982906,4.211704,29.913048
30,0,1,0.25,0.82905984,0.64102566,4.0762067,24.713215
30,0,1,0.5,0.8717949,0.7008547,3.9485512,18.638077
30,0,1,0.75,0.84615386,0.6666667,3.8295212,15.777424
30,0,1,1,0.74358976,0.6581197,3.7199452,16.472313
30,0,2,0,0.5470086,0.4017094,2.2413588,40.927246
30,0,2,0.25,0.6495727,0.5641026,2.2580345,36.971085
30,0,2,0.5,0.7948718,0.47008547,2.3024223,30.227455
30,0,2,0.75,0.7863248,0.4017094,2.3729675,20.670284
30,0,2,1,0.6923077,0.36752138,2.467428,16.380365
31,0,1,0,0.7863248,0.7863248,1.2847291,23.472713
31,0,1,0.25,0.7777778,0.7606838,1.33771,24.295174
31,0,1,0.5,0.7948718,0.7606838,1.3759038,25.422218
31,0,1,0.75,0.7948718,0.75213677,1.3992157,26.067198
31,0,1,1,0.7948718,0.7008547,1.4078633,26.204102
31,0,2,0,0.5726496,0.8119658,1.3382281,23.383375
31,0,2,0.25,0.5726496,0.8119658,1.363531,23.413847
31,0,2,0.5,0.5641026,0.7948718,1.3861649,23.993279
31,0,2,0.75,0.5897436,0.7692308,1.4059091,24.8693
31,0,2,1,0.5982906,0.8119658,1.4225937,25.490019
32,0,1,0,0.7863248,0.6752137,2.9356017,21.81488
32,0,1,0.25,0.7777778,0.6752137,2.9323623,21.672169
32,0,1,0.5,0.7777778,0.6837607,2.9238188,21.606886
32,0,1,0.75,0.7777778,0.6923077,2.9100733,21.393633
32,0,1,1,0.7777778,0.71794873,2.8912702,21.358488
32,0,2,0,0.8717949,0.35897437,1.9622794,26.842834
32,0,2,0.25,0.8717949,0.36752138,1.9636394,27.104507
32,0,2,0.5,0.8888889,0.36752138,1.9589459,26.843874
32,0,2,0.75,0.8888889,0.3931624,1.948275,26.508114
32,0,2,1,0.8888889,0.3846154,1.9317033,26.213898
33,0,1,0,0.45299146,0.41880342,1.8390568,34.391346
33,0,1,0.25,0.47863248,0.42735043,1.8364681,34.68628
33,0,1,0.5,0.50427353,0.45299146,1.8362955,36.680855
33,0,1,0.75,0.4871795,0.45299146,1.8385143,34.74331
33,0,1,1,0.47008547,0.44444445,1.8431121,33.48239
33,0,2,0,0.36752138,0.37606838,1.7142246,35.868214
33,0,2,0.25,0.37606838,0.37606838,1.7107626,35.869392
33,0,2,0.5,0.3846154,0.3846154,1.7074622,35.97962
33,0,2,0.75,0.37606838,0.3846154,1.704288,35.75284
33,0,2,1,0.37606838,0.43589744,1.7012358,35.032967
34,0,1,0,0.82051283,0.35897437,3.4428134,37.32811
34,0,1,0.25,0.82051283,0.35897437,3.431543,36.621536
34,0,1,0.5,0.7948718,0.33333334,3.4215722,35.59024
34,0,1,0.75,0.82051283,0.34188035,3.412989,35.147717
34,0,1,1,0.82051283,0.35042736,3.405886,34.060574
34,0,2,0,0.47863248,0.8034188,2.2192073,22.324377
34,0,2,0.25,0.47863248,0.82905984,2.212842,22.579563
34,0,2,0.5,0.4871795,0.8632479,2.212964,22.733398
34,0,2,0.75,0.47863248,0.8803419,2.2195284,22.84373
34,0,2,1,0.52136755,0.8803419,2.2325258,23.062428
35,0,1,0,0.5726496,0.5811966,2.051663,35.00071
35,0,1,0.25,0.52991456,0.5897436,2.018798,34.79148
35,0,1,0.5,0.5555556,0.61538464,1.9805299,34.388237
35,0,1,0.75,0.5726496,0.53846157,1.9383396,35.576218
35,0,1,1,0.60683763,0.5982906,1.8939283,38.192165
35,0,2,0,0.36752138,0.4017094,3.5418847,72.39444
35,0,2,0.25,0.35042736,0.37606838,3.5905623,73.808075
35,0,2,0.5,0.30769232,0.36752138,3.6350882,73.519516
35,0,2,0.75,0.2991453,0.33333334,3.6747496,74.72958
35,0,2,1,0.34188035,0.35042736,3.7099864,82.19675
36,0,1,0,0.33333334,0.7094017,3.1291466,25.541466
36,0,1,0.25,0.35042736,0.71794873,3.1538694,25.650356
36,0,1,0.5,0.35042736,0.74358976,3.1744995,25.300985
36,0,1,0.75,0.35042736,0.73504275,3.190847,25.086014
36,0,1,1,0.31623933,0.74358976,3.2027488,24.796856
36,0,2,0,0.61538464,0.2991453,2.5456216,15.993574
36,0,2,0.25,0.6495727,0.31623933,2.5405912,16.079342
36,0,2,0.5,0.6752137,0.34188035,2.5395453,16.237267
36,0,2,0.75,0.6837607,0.35042736,2.5423863,16.496994
36,0,2,1,0.6837607,0.33333334,2.5490732,16.214323
37,0,1,0,0.8717949,0.47008547,3.017477,7.4050803
37,0,1,0.25,0.85470086,0.46153846,2.9776053,7.1601114
37,0,1,0.5,0.83760685,0.47863248,2.9085057,7.114642
37,0,1,0.75,0.74358976,0.4957265,2.8119142,6.9170346
37,0,1,1,0.7777778,0.5726496,2.6901321,6.937332
37,0,2,0,0.7606838,0.43589744,2.4175076,19.654392
37,0,2,0.25,0.82905984,0.42735043,2.4762318,18.869152
37,0,2,0.5,0.84615386,0.42735043,2.5426803,18.48259
37,0,2,0.75,0.8803419,0.41880342,2.6143312,18.010166
37,0,2,1,0.8888889,0.41880342,2.6889796,17.739433
38,0,1,0,0.5897436,0.41025642,2.683663,10.514442
38,0,1,0.25,0.6923077,0.52991456,2.618123,13.371202
38,0,1,0.5,0.7777778,0.6666667,2.559608,14.622115
38,0,1,0.75,0.74358976,0.6837607,2.4611368,14.697138
38,0,1,1,0.7094017,0.6666667,2.3831604,15.374356
38,0,2,0,0.5897436,0.5470086,2.113321,15.336515
38,0,2,0.25,0.6752137,0.5982906,2.1250672,18.054974
38,0,2,0.5,0.6752137,0.5982906,2.1340356,18.541973
38,0,2,0.75,0.60683763,0.4871795,2.1244702,18.669022
38,0,2,1,0.45299146,0.35897437,2.1166513,22.35197
39,0,1,0,0.75213677,0.6666667,2.918675,28.74605
39,0,1,0.25,0.71794873,0.63247865,2.6596963,26.737
39,0,1,0.5,0.7008547,0.62393165,2.4052486,25.570404
39,0,1,0.75,0.6581197,0.64102566,2.156936,24.56707
39,0,1,1,0.60683763,0.63247865,1.9171442,23.65913
39,0,2,0,0.7008547,0.9230769,1.3707659,7.6208687
39,0,2,0.25,0.62393165,0.85470086,1.5421424,9.26141
39,0,2,0.5,0.53846157,0.82051283,1.7541682,11.751576
39,0,2,0.75,0.3846154,0.9230769,1.9939178,15.913822
39,0,2,1,0.32478634,0.7948718,2.252556,24.406124
40,0,1,0,0.61538464,0.5555556,1.3513895,16.658812
40,0,1,0.25,0.7094017,0.5555556,1.3054018,16.286493
40,0,1,0.5,0.72649574,0.50427353,1.2938102,16.039427
40,0,1,0.75,0.7008547,0.52136755,1.3057628,16.100845
40,0,1,1,0.71794873,0.4871795,1.3373753,16.048286
40,0,2,0,0.7863248,0.6581197,1.4875956,6.8728895
40,0,2,0.25,0.82905984,0.7008547,1.4060155,6.2751923
40,0,2,0.5,0.85470086,0.75213677,1.3641303,6.0720434
40,0,2,0.75,0.8632479,0.7094017,1.3599623,5.98416
40,0,2,1,0.82051283,0.6752137,1.3932543,5.695246
41,0,1,0,0.7606838,0.61538464,2.7625716,19.765354
41,0,1,0.25,0.72649574,0.6495727,2.7505841,19.619583
41,0,1,0.5,0.74358976,0.62393165,2.744155,19.806543
41,0,1,0.75,0.7692308,0.5897436,2.7433124,20.008505
41,0,1,1,0.7948718,0.4957265,2.7481036,20.95052
41,0,2,0,0.4017094,0.72649574,2.6034672,16.550068
41,0,2,0.25,0.41025642,0.6752137,2.602698,16.944674
41,0,2,0.5,0.41025642,0.5982906,2.6056802,16.99198
41,0,2,0.75,0.41880342,0.63247865,2.6123643,17.132713
41,0,2,1,0.45299146,0.64102566,2.6227105,18.487385
42,0,1,0,0.6495727,0.50427353,3.0576215,34.541862
42,0,1,0.25,0.62393165,0.4957265,3.052148,34.171844
42,0,1,0.5,0.61538464,0.43589744,3.0494144,33.557552
42,0,1,0.75,0.62393165,0.46153846,3.0494292,33.61599
42,0,1,1,0.63247865,0.46153846,3.0522027,33.542175
42,0,2,0,0.52991456,0.8888889,1.8674836,8.998131
42,0,2,0.25,0.52991456,0.8888889,1.8638928,9.01852
42,0,2,0.5,0.52991456,0.8632479,1.8622528,8.999406
42,0,2,0.75,0.52991456,0.83760685,1.8625689,9.040207
42,0,2,1,0.52991456,0.8717949,1.8648527,9.083803
43,0,1,0,0.37606838,0.75213677,1.3556983,27.623222
43,0,1,0.25,0.37606838,0.7606838,1.35409,27.046324
43,0,1,0.5,0.36752138,0.74358976,1.354611,26.75164
43,0,1,0.75,0.34188035,0.74358976,1.3572509,25.64367
43,0,1,1,0.32478634,0.7094017,1.3620039,25.723799
43,0,2,0,0.51282054,0.74358976,1.2917334,23.778614
43,0,2,0.25,0.51282054,0.7692308,1.2893327,23.36091
43,0,2,0.5,0.4957265,0.7692308,1.2868836,22.835205
43,0,2,0.75,0.43589744,0.7692308,1.284358,22.241238
43,0,2,1,0.41025642,0.7692308,1.2818271,21.741272
44,0,1,0,0.3846154,0.41025642,2.939749,32.97153
44,0,1,0.25,0.4871795,0.4017094,2.6159158,25.433084
44,0,1,0.5,0.6581197,0.4871795,2.2972043,21.295773
44,0,1,0.75,0.73504275,0.51282054,1.9860814,17.579563
44,0,1,1,0.7094017,0.5470086,1.6867514,14.298916
44,0,2,0,0.82051283,0.6923077,3.1278338,11.88504
44,0,2,0.25,0.95726496,0.74358976,3.0836618,13.108816
44,0,2,0.5,0.94871795,0.72649574,3.0524113,13.265424
44,0,2,0.75,0.8974359,0.62393165,3.034481,13.744273
44,0,2,1,0.85470086,0.5726496,3.0301073,13.6431265
45,0,1,0,0.8888889,0.35897437,1.2779652,18.596706
45,0,1,0.25,0.8803419,0.33333334,1.2903578,19.34792
45,0,1,0.5,0.8803419,0.30769232,1.3006661,19.56932
45,0,1,0.75,0.8803419,0.2991453,1.308795,20.04081
45,0,1,1,0.8632479,0.2991453,1.3148915,20.481422
45,0,2,0,0.46153846,0.36752138,1.5542446,33.690063
45,0,2,0.25,0.45299146,0.36752138,1.5704331,33.02189
45,0,2,0.5,0.47863248,0.36752138,1.5797987,32.090336
45,0,2,0.75,0.4871795,0.35042736,1.5823287,31.652061
45,0,2,1,0.46153846,0.2991453,1.5780972,33.773773
46,0,1,0,0.43589744,0.5811966,1.8967136,43.37844
46,0,1,0.25,0.43589744,0.5726496,1.9091384,43.577248
46,0,1,0.5,0.42735043,0.5641026,1.9215875,44.036633
46,0,1,0.75,0.42735043,0.50427353,1.9340605,45.312798
46,0,1,1,0.42735043,0.50427353,1.946557,46.176933
46,0,2,0,0.35897437,0.62393165,1.6435528,39.346207
46,0,2,0.25,0.35897437,0.5811966,1.6528093,39.391243
46,0,2,0.5,0.36752138,0.5641026,1.6620891,41.10167
46,0,2,0.75,0.35042736,0.4957265,1.6713924,41.395756
46,0,2,1,0.35897437,0.47863248,1.6807191,41.444256
47,0,1,0,0.4017094,0.93162394,1.2423952,16.883488
47,0,1,0.25,0.3931624,0.8974359,1.2760534,16.691502
47,0,1,0.5,0.4017094,0.8119658,1.2986814,16.318169
47,0,1,0.75,0.35042736,0.75213677,1.3099958,15.594093
47,0,1,1,0.35042736,0.6837607,1.3097934,14.796734
47,0,2,0,0.2991453,0.7094017,2.7648993,20.172451
47,0,2,0.25,0.2905983,0.6923077,2.7098937,20.16945
47,0,2,0.5,0.2905983,0.63247865,2.6620588,21.364258
47,0,2,0.75,0.2991453,0.5897436,2.6224813,21.530891
47,0,2,1,0.2991453,0.6495727,2.5927987,20.735868
48,0,1,0,0.72649574,0.5641026,1.2411287,18.204714
48,0,1,0.25,0.7094017,0.5897436,1.2453978,18.256756
48,0,1,0.5,0.73504275,0.5897436,1.2482679,19.20126
48,0,1,0.75,0.71794873,0.5897436,1.2498081,19.439646
48,0,1,1,0.74358976,0.5641026,1.2502359,19.548843
48,0,2,0,0.6495727,0.7606838,1.4322176,15.665535
48,0,2,0.25,0.64102566,0.8034188,1.4143283,15.745785
48,0,2,0.5,0.64102566,0.8119658,1.4084269,15.779415
48,0,2,0.75,0.64102566,0.8034188,1.4146057,16.058113
48,0,2,1,0.63247865,0.7777778,1.4330379,16.193012
49,0,1,0,0.64102566,0.42735043,2.0128348,16.926947
49,0,1,0.25,0.60683763,0.41025642,2.017718,16.585052
49,0,1,0.5,0.5982906,0.44444445,2.018642,16.38853
49,0,1,0.75,0.61538464,0.44444445,2.0155947,16.100471
49,0,1,1,0.6495727,0.4871795,2.0086224,16.782259
49,0,2,0,0.5641026,0.35897437,3.2419677,19.546225
49,0,2,0.25,0.5555556,0.37606838,3.2529156,20.80969
49,0,2,0.5,0.5555556,0.34188035,3.2593844,20.429684
49,0,2,0.75,0.61538464,0.3931624,3.261254,20.158112
49,0,2,1,0.63247865,0.3846154,3.2584853,21.353756
50,0,1,0,0.6837607,0.35042736,2.8214264,32.11508
50,0,1,0.25,0.82051283,0.36752138,2.4913948,24.464516
50,0,1,0.5,0.8888889,0.36752138,2.171473,15.607088
50,0,1,0.75,0.9145299,0.3846154,1.8668656,7.7209225
50,0,1,1,0.94017094,0.50427353,1.5864193,5.241208
50,0,2,0,0.6666667,0.4871795,2.050167,29.710005
50,0,2,0.25,0.6923077,0.41025642,1.7903664,25.400188
50,0,2,0.5,0.64102566,0.4017094,1.5565944,20.800056
50,0,2,0.75,0.62393165,0.41880342,1.3623163,17.491856
50,0,2,1,0.60683763,0.41880342,1.2264464,15.417536
51,0,1,0,0.42735043,0.7692308,1.5073984,16.776333
51,0,1,0.25,0.41025642,0.8717949,1.5198163,18.767443
51,0,1,0.5,0.43589744,0.82051283,1.4888593,19.649792
51,0,1,0.75,0.41880342,0.8119658,1.4380654,19.195484
51,0,1,1,0.43589744,0.82051283,1.4132875,17.932322
51,0,2,0,0.47863248,0.5470086,2.0408714,25.8913
51,0,2,0.25,0.5726496,0.6581197,1.9587454,23.593513
51,0,2,0.5,0.63247865,0.62393165,1.8774104,22.299412
51,0,2,0.75,0.6495727,0.5726496,1.7926958,20.270018
51,0,2,1,0.6495727,0.62393165,1.7024308,18.185379
52,0,1,0,0.95726496,0.5726496,2.7890599,13.779773
52,0,1,0.25,0.94871795,0.5470086,2.7684445,13.927515
52,0,1,0.5,0.93162394,0.53846157,2.7526803,13.998507
52,0,1,0.75,0.9230769,0.5470086,2.7419002,14.078572
52,0,1,1,0.9059829,0.5555556,2.7362325,14.31571
52,0,2,0,0.82905984,0.5726496,1.4386609,17.322527
52,0,2,0.25,0.8034188,0.5982906,1.4069712,17.944218
52,0,2,0.5,0.7948718,0.5811966,1.3903832,18.396612
52,0,2,0.75,0.73504275,0.53846157,1.3876742,18.597881
52,0,2,1,0.72649574,0.53846157,1.3980967,19.131374
53,0,1,0,0.44444445,0.974359,1.2784332,16.239288
53,0,1,0.25,0.43589744,0.96581197,1.28197,16.497309
53,0,1,0.5,0.4017094,0.94017094,1.2855214,16.713676
53,0,1,0.75,0.37606838,0.9230769,1.2890873,16.554277
53,0,1,1,0.36752138,0.93162394,1.2926676,16.839516
53,0,2,0,0.32478634,0.31623933,2.2640312,38.525635
53,0,2,0.25,0.31623933,0.32478634,2.260356,38.42189
53,0,2,0.5,0.31623933,0.35897437,2.2566833,38.112453
53,0,2,0.75,0.34188035,0.32478634,2.2530143,38.252636
53,0,2,1,0.35897437,0.34188035,2.2493482,38.59723
54,0,1,0,0.9230769,0.4017094,1.6792282,21.820753
54,0,1,0.25,0.9145299,0.41025642,1.6936576,21.823933
54,0,1,0.5,0.9059829,0.41880342,1.7053055,22.180145
54,0,1,0.75,0.93162394,0.41025642,1.7140903,21.880646
54,0,1,1,0.93162394,0.42735043,1.7199341,22.043362
54,0,2,0,0.95726496,0.43589744,1.8741626,17.959957
54,0,2,0.25,0.94871795,0.44444445,1.8720344,17.862064
54,0,2,0.5,0.94871795,0.43589744,1.8697764,17.693233
54,0,2,0.75,0.94871795,0.45299146,1.8674098,17.86497
54,0,2,1,0.94871795,0.4871795,1.8649709,18.115448
55,0,1,0,0.982906,0.47008547,2.4523628,6.9673963
55,0,1,0.25,0.982906,0.4871795,2.4333658,6.2904563
55,0,1,0.5,0.974359,0.4871795,2.4169304,5.756259
55,0,1,0.75,0.974359,0.4871795,2.4031088,5.517876
55,0,1,1,0.96581197,0.47863248,2.3919466,5.3815126
55,0,2,0,0.8803419,0.6581197,1.8938599,19.351067
55,0,2,0.25,0.9145299,0.6666667,1.7944194,19.416359
55,0,2,0.5,0.8974359,0.6581197,1.696217,18.598228
55,0,2,0.75,0.8888889,0.73504275,1.599479,17.413437
55,0,2,1,0.8717949,0.6837607,1.504489,16.18124
56,0,1,0,0.64102566,0.95726496,1.5854292,11.304169
56,0,1,0.25,0.71794873,0.95726496,1.6591113,13.735687
56,0,1,0.5,0.6752137,0.8632479,1.7744715,16.365993
56,0,1,0.75,0.5641026,0.83760685,1.9353938,18.463245
56,0,1,1,0.5555556,0.82051283,2.1477396,20.950361
56,0,2,0,0.6495727,0.5897436,2.857772,37.11759
56,0,2,0.25,0.52991456,0.62393165,3.060899,41.60627
56,0,2,0.5,0.4871795,0.63247865,3.203416,44.3459
56,0,2,0.75,0.47863248,0.63247865,3.2882397,46.654
56,0,2,1,0.47863248,0.7606838,3.321082,48.09484
57,0,1,0,0.31623933,0.9145299,2.005136,14.435648
57,0,1,0.25,0.31623933,0.9059829,2.0434735,14.945616
57,0,1,0.5,0.31623933,0.8974359,2.067465,15.111959
57,0,1,0.75,0.32478634,0.9059829,2.0768027,15.409485
57,0,1,1,0.34188035,0.9059829,2.0712454,15.426867
57,0,2,0,0.46153846,0.6581197,1.8309788,23.165894
57,0,2,0.25,0.47863248,0.6666667,1.8592525,23.549404
57,0,2,0.5,0.47863248,0.6837607,1.884012,23.633867
57,0,2,0.75,0.45299146,0.7094017,1.9045072,23.663157
57,0,2,1,0.43589744,0.6923077,1.920761,23.26479
58,0,1,0,0.9059829,0.75213677,1.6863606,9.21641
58,0,1,0.25,0.93162394,0.75213677,1.7146442,9.709455
58,0,1,0.5,0.94017094,0.74358976,1.7437778,9.784607
58,0,1,0.75,0.94017094,0.73504275,1.7740403,9.585803
58,0,1,1,0.94871795,0.73504275,1.807875,9.151337
58,0,2,0,0.35897437,0.982906,1.3725861,13.947939
58,0,2,0.25,0.35042736,1,1.3678724,13.935268
58,0,2,0.5,0.34188035,0.95726496,1.3743161,14.277256
58,0,2,0.75,0.34188035,0.95726496,1.3918867,14.745958
58,0,2,1,0.34188035,0.982906,1.4206084,14.99015
59,0,1,0,0.7606838,0.47863248,2.9673746,20.66983
59,0,1,0.25,0.8034188,0.51282054,2.7471166,16.905254
59,0,1,0.5,0.82051283,0.5555556,2.5272706,13.116561
59,0,1,0.75,0.84615386,0.53846157,2.3079548,9.410113
59,0,1,1,0.8034188,0.47008547,2.0893366,6.2939897
59,0,2,0,0.6923077,0.7777778,1.6256604,16.147644
59,0,2,0.25,0.6752137,0.83760685,1.7369047,19.535196
59,0,2,0.5,0.5470086,0.7948718,1.9000397,23.453823
59,0,2,0.75,0.53846157,0.71794873,2.103024,27.632936
59,0,2,1,0.5897436,0.61538464,2.3354907,31.063862
60,0,1,0,1,0.61538464,1.3017299,4.152609
60,0,1,0.25,1,0.5982906,1.3799797,4.1352825
60,0,1,0.5,1,0.5897436,1.4406981,3.908626
60,0,1,0.75,0.982906,0.47008547,1.5032663,3.9222138
60,0,1,1,0.94871795,0.50427353,1.6032903,5.692102
60,0,2,0,0.85470086,0.47008547,1.4101934,16.284473
60,0,2,0.25,0.82905984,0.41880342,1.3379992,16.682781
60,0,2,0.5,0.7777778,0.41880342,1.3223865,16.44989
60,0,2,0.75,0.8717949,0.43589744,1.3657801,18.354633
60,0,2,1,0.9059829,0.42735043,1.4765364,20.78961
61,0,1,0,0.3846154,0.52991456,1.2552643,39.983543
61,0,1,0.25,0.5811966,0.5982906,1.2922543,26.396103
61,0,1,0.5,0.6581197,0.7094017,1.4208169,24.795017
61,0,1,0.75,0.7094017,0.8034188,1.6192853,23.661568
61,0,1,1,0.6581197,0.8119658,1.8654803,27.023388
61,0,2,0,0.7777778,0.45299146,1.474792,30.723808
61,0,2,0.25,0.8119658,0.5555556,1.3791863,22.93076
61,0,2,0.5,0.8034188,0.60683763,1.4050308,21.956259
61,0,2,0.75,0.82905984,0.71794873,1.5462471,22.273191
61,0,2,1,0.7094017,0.63247865,1.775517,24.851616
62,0,1,0,0.60683763,0.31623933,4.265588,64.42231
62,0,1,0.25,0.53846157,0.31623933,4.259697,64.47653
62,0,1,0.5,0.5641026,0.30769232,4.256224,65.160965
62,0,1,0.75,0.5641026,0.2905983,4.2551484,64.4651
62,0,1,1,0.5726496,0.31623933,4.256486,66.25847
62,0,2,0,0.37606838,0.8119658,2.535516,34.2313
62,0,2,0.25,0.3846154,0.7863248,2.550544,35.75567
62,0,2,0.5,0.3931624,0.7692308,2.5627496,36.607613
62,0,2,0.75,0.4017094,0.7777778,2.572049,37.524666
62,0,2,1,0.4017094,0.7692308,2.5783699,38.157368
63,0,1,0,0.51282054,0.4871795,4.961571,30.91998
63,0,1,0.25,0.51282054,0.4871795,4.9688888,30.99485
63,0,1,0.5,0.50427353,0.51282054,4.9752216,31.16626
63,0,1,0.75,0.51282054,0.4957265,4.9805255,30.700005
63,0,1,1,0.4957265,0.47863248,4.9847703,31.181522
63,0,2,0,0.5641026,0.51282054,4.2499437,47.22419
63,0,2,0.25,0.5982906,0.4957265,4.253529,47.05769
63,0,2,0.5,0.61538464,0.4957265,4.252156,47.402603
63,0,2,0.75,0.62393165,0.47863248,4.245856,47.61682
63,0,2,1,0.62393165,0.46153846,4.234674,48.15356
64,0,1,0,0.41880342,0.45299146,1.9159948,43.115936
64,0,1,0.25,0.45299146,0.45299146,1.91391,43.302063
64,0,1,0.5,0.46153846,0.44444445,1.9068458,43.531918
64,0,1,0.75,0.45299146,0.3931624,1.8947861,44.53885
64,0,1,1,0.44444445,0.36752138,1.8777554,44.595634
64,0,2,0,0.43589744,0.5897436,1.582688,42.413864
64,0,2,0.25,0.44444445,0.53846157,1.5673506,42.768562
64,0,2,0.5,0.45299146,0.4871795,1.5524875,42.29158
64,0,2,0.75,0.46153846,0.47008547,1.5382417,43.39134
64,0,2,1,0.44444445,0.41025642,1.5247908,44.58374
65,0,1,0,0.8888889,0.6837607,1.6559659,16.212292
65,0,1,0.25,0.9059829,0.71794873,1.6559743,16.284992
65,0,1,0.5,0.8632479,0.7008547,1.6584545,16.290518
65,0,1,0.75,0.85470086,0.6752137,1.6633714,16.875763
65,0,1,1,0.85470086,0.7008547,1.6706892,16.784178
65,0,2,0,0.63247865,0.8888889,1.8139918,19.969606
65,0,2,0.25,0.63247865,0.84615386,1.8122381,20.02875
65,0,2,0.5,0.63247865,0.83760685,1.8087947,20.006416
65,0,2,0.75,0.64102566,0.83760685,1.8036802,19.995644
65,0,2,1,0.64102566,0.83760685,1.7969201,19.937115
66,0,1,0,0.45299146,0.82051283,2.4522123,25.4348
66,0,1,0.25,0.42735043,0.82905984,2.4326844,25.45441
66,0,1,0.5,0.42735043,0.8034188,2.4203272,25.447842
66,0,1,0.75,0.42735043,0.7777778,2.415186,25.067858
66,0,1,1,0.46153846,0.7863248,2.4173172,24.925037
66,0,2,0,0.3846154,0.6923077,5.1555896,62.663734
66,0,2,0.25,0.36752138,0.6923077,5.156926,63.697884
66,0,2,0.5,0.3846154,0.6837607,5.1553826,64.637695
66,0,2,0.75,0.41025642,0.6837607,5.150988,65.35043
66,0,2,1,0.46153846,0.6923077,5.1437755,67.29962
67,0,1,0,0.47008547,0.31623933,3.8140981,50.29139
67,0,1,0.25,0.43589744,0.32478634,3.8640764,50.256725
67,0,1,0.5,0.4957265,0.33333334,3.8689919,49.52295
67,0,1,0.75,0.47863248,0.33333334,3.8292627,48.01263
67,0,1,1,0.50427353,0.33333334,3.7458642,45.499493
67,0,2,0,0.33333334,0.44444445,3.32897,43.66063
67,0,2,0.25,0.30769232,0.45299146,3.294676,38.147095
67,0,2,0.5,0.33333334,0.47863248,3.215473,34.53101
67,0,2,0.75,0.34188035,0.5555556,3.0897558,31.929375
67,0,2,1,0.35042736,0.6495727,2.9188604,30.008736
68,0,1,0,0.7692308,0.3931624,1.8951367,17.570461
68,0,1,0.25,0.7777778,0.4017094,1.9053305,18.19089
68,0,1,0.5,0.7777778,0.37606838,1.9130349,17.873291
68,0,1,0.75,0.8034188,0.35897437,1.9182107,18.04863
68,0,1,1,0.72649574,0.34188035,1.9208198,17.365225
68,0,2,0,0.63247865,0.82905984,1.4703777,15.129065
68,0,2,0.25,0.62393165,0.8034188,1.4770089,14.091515
68,0,2,0.5,0.64102566,0.7948718,1.4829673,13.7908745
68,0,2,0.75,0.6837607,0.8034188,1.4882557,13.855759
68,0,2,1,0.6495727,0.8632479,1.4929891,14.614656
69,0,1,0,0.6752137,0.8974359,2.623245,16.891909
69,0,1,0.25,0.64102566,0.8803419,2.5949795,16.778902
69,0,1,0.5,0.63247865,0.8974359,2.5854025,17.082407
69,0,1,0.75,0.5897436,0.9059829,2.5943115,17.523281
69,0,1,1,0.5641026,0.9230769,2.6215467,17.781918
69,0,2,0,0.42735043,0.71794873,1.9056671,22.761799
69,0,2,0.25,0.41880342,0.6581197,1.9008293,23.214664
69,0,2,0.5,0.41025642,0.6752137,1.8923405,23.488426
69,0,2,0.75,0.3846154,0.6752137,1.8801786,24.0097
69,0,2,1,0.3931624,0.6752137,1.8644354,24.36959
70,0,1,0,0.8717949,0.60683763,1.7714642,6.916563
70,0,1,0.25,0.9059829,0.6495727,1.7749349,8.269417
70,0,1,0.5,0.94017094,0.6581197,1.8150473,9.105904
70,0,1,0.75,0.9059829,0.64102566,1.8894693,9.779743
70,0,1,1,0.8974359,0.60683763,1.9943639,10.669766
70,0,2,0,0.6495727,0.7948718,1.7876757,12.199345
70,0,2,0.25,0.6837607,0.7863248,1.7628961,12.141115
70,0,2,0.5,0.6923077,0.82051283,1.7644796,11.772394
70,0,2,0.75,0.75213677,0.82905984,1.7923567,12.031336
70,0,2,1,0.7008547,0.7777778,1.8453362,12.21783
71,0,1,0,0.35042736,0.64102566,2.3466399,56.1114
71,0,1,0.25,0.4017094,0.5641026,2.3617465,55.79415
71,0,1,0.5,0.41025642,0.51282054,2.3779254,55.57985
71,0,1,0.75,0.42735043,0.50427353,2.395047,56.374313
71,0,1,1,0.43589744,0.50427353,2.412998,57.479767
71,0,2,0,0.6666667,0.8034188,1.724375,30.985958
71,0,2,0.25,0.60683763,0.84615386,1.7587404,32.76968
71,0,2,0.5,0.5470086,0.83760685,1.7845864,33.902374
71,0,2,0.75,0.5470086,0.83760685,1.8003339,34.177864
71,0,2,1,0.50427353,0.82905984,1.8052789,34.115593
72,0,1,0,0.37606838,0.41025642,2.6626892,58.1129
72,0,1,0.25,0.36752138,0.37606838,2.639976,58.815895
72,0,1,0.5,0.35897437,0.3931624,2.6269593,59.660072
72,0,1,0.75,0.3846154,0.3931624,2.6236758,60.222656
72,0,1,1,0.3846154,0.3846154,2.6301894,61.019707
72,0,2,0,0.4871795,0.4871795,2.1617043,46.66871
72,0,2,0.25,0.4871795,0.44444445,2.1460304,46.77363
72,0,2,0.5,0.4957265,0.43589744,2.138322,47.297417
72,0,2,0.75,0.52991456,0.44444445,2.13856,47.561546
72,0,2,1,0.52136755,0.41025642,2.1467302,49.01887
73,0,1,0,0.6837607,0.8717949,1.2772043,17.27031
73,0,1,0.25,0.61538464,0.8803419,1.2985896,18.835684
73,0,1,0.5,0.5982906,0.8034188,1.3105623,20.084396
73,0,1,0.75,0.5641026,0.7692308,1.3129377,21.427734
73,0,1,1,0.6581197,0.82905984,1.3058132,22.324223
73,0,2,0,0.6666667,0.5470086,2.1070561,42.507084
73,0,2,0.25,0.5982906,0.5726496,2.067163,40.925583
73,0,2,0.5,0.53846157,0.60683763,2.0777345,42.486782
73,0,2,0.75,0.47863248,0.6581197,2.1387126,44.70832
73,0,2,1,0.3846154,0.6837607,2.2501357,50.831985
74,0,1,0,0.6752137,0.7948718,2.0587597,14.16057
74,0,1,0.25,0.7094017,0.72649574,2.2336593,17.697258
74,0,1,0.5,0.82051283,0.6666667,2.4746842,26.073627
74,0,1,0.75,0.8034188,0.4957265,2.783143,32.558037
74,0,1,1,0.82905984,0.2991453,3.15851,34.229393
74,0,2,0,0.51282054,0.5470086,3.1128871,29.506577
74,0,2,0.25,0.6666667,0.53846157,2.7267847,22.448631
74,0,2,0.5,0.8119658,0.6666667,2.4632154,19.528944
74,0,2,0.75,0.8974359,0.6495727,2.3355942,17.30408
74,0,2,1,0.7948718,0.6666667,2.3523593,15.6085205
75,0,1,0,0.3846154,0.9059829,2.7822452,18.400593
75,0,1,0.25,0.3846154,0.9059829,2.7779436,18.352333
75,0,1,0.5,0.37606838,0.9145299,2.774131,18.389166
75,0,1,0.75,0.36752138,0.9145299,2.770889,18.326391
75,0,1,1,0.35897437,0.9145299,2.768324,17.883703
75,0,2,0,0.4871795,0.8717949,1.9934185,21.369602
75,0,2,0.25,0.5470086,0.8803419,1.9862678,21.739315
75,0,2,0.5,0.52136755,0.8888889,1.9773977,21.508165
75,0,2,0.75,0.5555556,0.8888889,1.9668564,21.42086
75,0,2,1,0.5641026,0.8974359,1.9547068,21.246468
76,0,1,0,0.5897436,0.8119658,4.2295794,66.21156
76,0,1,0.25,0.5555556,0.7863248,4.2969294,67.58478
76,0,1,0.5,0.5726496,0.7863248,4.3394876,69.755165
76,0,1,0.75,0.5897436,0.7777778,4.357315,70.37428
76,0,1,1,0.63247865,0.7777778,4.3506184,71.60216
76,0,2,0,0.75213677,0.8119658,4.4587374,35.67659
76,0,2,0.25,0.75213677,0.7777778,4.4363174,35.97142
76,0,2,0.5,0.74358976,0.7692308,4.4066267,36.31942
76,0,2,0.75,0.7606838,0.7606838,4.3694677,36.16072
76,0,2,1,0.72649574,0.8119658,4.3249135,36.743515
77,0,1,0,0.5470086,0.4957265,3.128453,27.97026
77,0,1,0.25,0.5555556,0.4957265,3.1235764,27.937523
77,0,1,0.5,0.5641026,0.50427353,3.1191995,28.078625
77,0,1,0.75,0.5897436,0.52136755,3.1153514,28.250092
77,0,1,1,0.5811966,0.52136755,3.1120663,28.458172
77,0,2,0,0.47008547,0.7777778,3.2189598,17.100567
77,0,2,0.25,0.46153846,0.7777778,3.2351286,17.456589
77,0,2,0.5,0.4871795,0.7777778,3.2347662,17.69877
77,0,2,0.75,0.4957265,0.7948718,3.217908,17.948372
77,0,2,1,0.50427353,0.8034188,3.1846097,18.480598
78,0,1,0,0.4017094,0.47863248,2.2890139,37.75949
78,0,1,0.25,0.4017094,0.4871795,2.3122718,38.77684
78,0,1,0.5,0.41025642,0.53846157,2.3355582,39.959595
78,0,1,0.75,0.41880342,0.5555556,2.3588717,40.40927
78,0,1,1,0.4017094,0.5470086,2.3822112,40.646755
78,0,2,0,0.6495727,0.52136755,1.9178452,28.129843
78,0,2,0.25,0.64102566,0.5555556,1.9470751,28.399597
78,0,2,0.5,0.64102566,0.5726496,1.976372,28.569551
78,0,2,0.75,0.62393165,0.5641026,2.0057328,28.839775
78,0,2,1,0.6495727,0.5982906,2.0351548,28.2112
79,0,1,0,0.75213677,0.41025642,2.6147423,28.366758
79,0,1,0.25,0.7777778,0.4017094,2.6359732,28.639183
79,0,1,0.5,0.7777778,0.3931624,2.6505144,28.491333
79,0,1,0.75,0.75213677,0.3846154,2.6580374,28.664423
79,0,1,1,0.75213677,0.36752138,2.658399,28.327618
79,0,2,0,0.85470086,0.45299146,1.3123773,8.379476
79,0,2,0.25,0.83760685,0.45299146,1.2831508,8.123682
79,0,2,0.5,0.7948718,0.46153846,1.2639097,7.93583
79,0,2,0.75,0.8119658,0.46153846,1.2546191,7.8516703
79,0,2,1,0.82051283,0.45299146,1.2553585,7.753912
80,0,1,0,0.7948718,0.31623933,1.2929498,15.856388
80,0,1,0.25,0.82905984,0.30769232,1.2886945,15.81247
80,0,1,0.5,0.84615386,0.30769232,1.2795542,15.766918
80,0,1,0.75,0.8717949,0.2991453,1.2656267,15.714478
80,0,1,1,0.83760685,0.30769232,1.2470115,15.285339
80,0,2,0,0.61538464,0.8974359,1.5253584,14.704985
80,0,2,0.25,0.62393165,0.8974359,1.5076103,14.403952
80,0,2,0.5,0.61538464,0.9059829,1.5033747,13.988249
80,0,2,0.75,0.62393165,0.8717949,1.5126783,14.087398
80,0,2,1,0.5897436,0.8888889,1.5355507,14.10292
81,0,1,0,0.7863248,0.5726496,1.22027,11.337384
81,0,1,0.25,0.8119658,0.5726496,1.2360446,12.738264
81,0,1,0.5,0.8119658,0.5897436,1.2629737,14.440685
81,0,1,0.75,0.8717949,0.5811966,1.2905259,15.34682
81,0,1,1,0.82905984,0.6495727,1.3156086,15.92197
81,0,2,0,0.62393165,0.53846157,2.2878485,27.837551
81,0,2,0.25,0.64102566,0.5726496,2.197101,26.85964
81,0,2,0.5,0.6495727,0.5897436,2.1429543,26.446102
81,0,2,0.75,0.6752137,0.52991456,2.124173,27.380318
81,0,2,1,0.6752137,0.52991456,2.1400056,29.123055
82,0,1,0,0.41025642,0.61538464,1.715121,17.420492
82,0,1,0.25,0.41880342,0.61538464,1.79937,18.60687
82,0,1,0.5,0.47863248,0.5641026,1.8852155,19.158127
82,0,1,0.75,0.3931624,0.45299146,1.9724492,16.864716
82,0,1,1,0.35897437,0.42735043,2.0608938,15.498432
82,0,2,0,0.43589744,0.4957265,3.0511613,31.318226
82,0,2,0.25,0.44444445,0.47863248,2.8869538,32.784645
82,0,2,0.5,0.46153846,0.47008547,2.732822,33.342262
82,0,2,0.75,0.44444445,0.46153846,2.5905633,32.869507
82,0,2,1,0.31623933,0.35042736,2.4622378,31.564518
83,0,1,0,0.33333334,0.35897437,3.099452,25.84419
83,0,1,0.25,0.31623933,0.36752138,3.1062508,25.547451
83,0,1,0.5,0.31623933,0.35042736,3.1141055,25.905354
83,0,1,0.75,0.35897437,0.35042736,3.1229084,25.737335
83,0,1,1,0.33333334,0.35897437,3.1326897,26.053995
83,0,2,0,0.52991456,0.47008547,1.8822415,10.755746
83,0,2,0.25,0.50427353,0.46153846,1.894839,10.388687
83,0,2,0.5,0.52136755,0.44444445,1.9066526,10.587003
83,0,2,0.75,0.5470086,0.3846154,1.9176217,10.530975
83,0,2,1,0.46153846,0.41025642,1.9279794,10.671046
84,0,1,0,0.51282054,0.8888889,1.4833425,19.043953
84,0,1,0.25,0.47863248,0.8632479,1.6178782,21.70765
84,0,1,0.5,0.47863248,0.83760685,1.6950632,24.186691
84,0,1,0.75,0.4871795,0.8717949,1.7145306,25.554138
84,0,1,1,0.5470086,0.9230769,1.6766925,25.44402
84,0,2,0,0.84615386,0.7777778,1.4053235,19.336609
84,0,2,0.25,0.85470086,0.7948718,1.4082019,20.89993
84,0,2,0.5,0.7692308,0.82905984,1.408662,21.992418
84,0,2,0.75,0.75213677,0.84615386,1.4009806,22.450836
84,0,2,1,0.7777778,0.82051283,1.3858753,22.125046
85,0,1,0,0.9145299,0.4017094,1.4672294,19.360004
85,0,1,0.25,0.9059829,0.4017094,1.580332,20.522984
85,0,1,0.5,0.8717949,0.36752138,1.720032,22.102142
85,0,1,0.75,0.84615386,0.32478634,1.880411,25.10748
85,0,1,1,0.83760685,0.30769232,2.0566368,29.16006
85,0,2,0,0.64102566,0.53846157,2.0931726,33.60934
85,0,2,0.25,0.60683763,0.50427353,2.1450047,36.11297
85,0,2,0.5,0.63247865,0.52991456,2.2027419,42.225018
85,0,2,0.75,0.5555556,0.51282054,2.265932,52.504776
85,0,2,1,0.47863248,0.53846157,2.3341331,64.08092
86,0,1,0,0.6666667,0.62393165,1.6040783,14.320212
86,0,1,0.25,0.6666667,0.61538464,1.6055087,15.185064
86,0,1,0.5,0.6495727,0.61538464,1.6049194,15.031347
86,0,1,0.75,0.60683763,0.5897436,1.6024476,14.981016
86,0,1,1,0.5641026,0.5726496,1.5982844,14.780087
86,0,2,0,0.7692308,0.5555556,3.3401911,15.074398
86,0,2,0.25,0.74358976,0.5555556,3.3574283,15.125225
86,0,2,0.5,0.73504275,0.5470086,3.3535242,15.225443
86,0,2,0.75,0.7606838,0.5555556,3.3284986,15.542183
86,0,2,1,0.7863248,0.52991456,3.282467,15.343058
87,0,1,0,0.46153846,0.94017094,1.528034,11.503631
87,0,1,0.25,0.44444445,0.8803419,1.6075985,11.224985
87,0,1,0.5,0.47863248,0.8974359,1.6637506,10.718985
87,0,1,0.75,0.46153846,0.8888889,1.6956117,10.4191885
87,0,1,1,0.4957265,0.9059829,1.7030878,10.6321745
87,0,2,0,0.63247865,0.71794873,1.7123653,19.493122
87,0,2,0.25,0.62393165,0.75213677,1.7243263,17.982624
87,0,2,0.5,0.6495727,0.8119658,1.7538732,17.452972
87,0,2,0.75,0.6495727,0.84615386,1.7998675,17.239685
87,0,2,1,0.7008547,0.8632479,1.8618646,17.699684
88,0,1,0,0.8034188,0.6837607,2.0983455,27.91716
88,0,1,0.25,0.74358976,0.7777778,2.0149567,22.913616
88,0,1,0.5,0.6581197,0.8717949,1.9657028,16.877758
88,0,1,0.75,0.61538464,0.9230769,1.9531676,13.496802
88,0,1,1,0.5555556,0.8717949,1.9780494,11.814967
88,0,2,0,0.30769232,0.94871795,1.4996924,6.430558
88,0,2,0.25,0.2991453,0.974359,1.5552673,5.8679023
88,0,2,0.5,0.30769232,0.974359,1.6297206,6.328309
88,0,2,0.75,0.32478634,0.974359,1.7206033,8.239706
88,0,2,1,0.30769232,0.974359,1.8254628,10.6227665
89,0,1,0,0.35042736,0.6581197,2.2533486,26.128662
89,0,1,0.25,0.35042736,0.64102566,2.2500236,25.760715
89,0,1,0.5,0.33333334,0.64102566,2.2470222,25.419024
89,0,1,0.75,0.32478634,0.64102566,2.2443607,25.37265
89,0,1,1,0.32478634,0.6495727,2.242071,25.221806
89,0,2,0,0.44444445,0.73504275,2.822823,28.3979
89,0,2,0.25,0.44444445,0.71794873,2.8236225,28.803078
89,0,2,0.5,0.41880342,0.71794873,2.8254833,28.696663
89,0,2,0.75,0.41025642,0.72649574,2.828385,27.778553
89,0,2,1,0.4017094,0.72649574,2.8323092,27.647146
90,0,1,0,0.35897437,0.62393165,1.8452301,22.805315
90,0,1,0.25,0.35897437,0.60683763,1.8415004,23.674389
90,0,1,0.5,0.36752138,0.60683763,1.8414227,24.542149
90,0,1,0.75,0.35042736,0.5982906,1.8449878,24.90975
90,0,1,1,0.33333334,0.5982906,1.852202,25.438549
90,0,2,0,0.2905983,0.3931624,3.5294697,47.797783
90,0,2,0.25,0.2905983,0.3931624,3.5256534,47.977463
90,0,2,0.5,0.2991453,0.41880342,3.5247688,49.263577
90,0,2,0.75,0.2991453,0.3931624,3.5268252,48.89697
90,0,2,1,0.30769232,0.37606838,3.5318396,50.208252
91,0,1,0,0.52136755,0.5982906,1.6457337,29.64009
91,0,1,0.25,0.52991456,0.5982906,1.645065,30.008377
91,0,1,0.5,0.51282054,0.5811966,1.6441529,29.607292
91,0,1,0.75,0.52136755,0.5811966,1.6430048,29.34819
91,0,1,1,0.52136755,0.5811966,1.6416284,29.75703
91,0,2,0,0.94017094,0.47863248,1.8651376,11.312971
91,0,2,0.25,0.93162394,0.47008547,1.8666071,11.412634
91,0,2,0.5,0.9230769,0.47008547,1.8684335,11.304763
91,0,2,0.75,0.94017094,0.47008547,1.8705945,11.319324
91,0,2,1,0.95726496,0.47863248,1.8730718,11.373543
92,0,1,0,0.35897437,0.5897436,2.4500585,50.77005
92,0,1,0.25,0.35897437,0.61538464,2.4490018,50.932343
92,0,1,0.5,0.35897437,0.64102566,2.4479473,52.108494
92,0,1,0.75,0.35042736,0.64102566,2.446895,52.115356
92,0,1,1,0.35042736,0.6581197,2.4458451,51.259506
92,0,2,0,0.35897437,0.5811966,1.5918005,40.345833
92,0,2,0.25,0.35897437,0.5726496,1.5943513,40.583076
92,0,2,0.5,0.35042736,0.5897436,1.5969033,40.006355
92,0,2,0.75,0.34188035,0.63247865,1.5994565,39.696335
92,0,2,1,0.35897437,0.6495727,1.602011,38.973648
93,0,1,0,0.47863248,0.8888889,2.3206038,29.075375
93,0,1,0.25,0.47008547,0.85470086,2.3584547,27.715603
93,0,1,0.5,0.5470086,0.82051283,2.3423374,25.297556
93,0,1,0.75,0.5811966,0.82051283,2.2722895,22.86573
93,0,1,1,0.61538464,0.83760685,2.149354,20.045326
93,0,2,0,0.63247865,0.64102566,3.6059406,49.121906
93,0,2,0.25,0.73504275,0.5555556,3.6003191,48.796677
93,0,2,0.5,0.7606838,0.5641026,3.5937512,47.388657
93,0,2,0.75,0.74358976,0.52136755,3.5870385,44.48636
93,0,2,1,0.63247865,0.44444445,3.5817106,39.012184
94,0,1,0,0.35042736,0.6495727,3.1649458,53.68959
94,0,1,0.25,0.37606838,0.5897436,2.8906577,54.541336
94,0,1,0.5,0.42735043,0.53846157,2.6192496,56.084694
94,0,1,0.75,0.36752138,0.47863248,2.35172,59.16191
94,0,1,1,0.4871795,0.4017094,2.0895586,61.75331
94,0,2,0,0.46153846,0.6837607,2.7432115,37.558327
94,0,2,0.25,0.50427353,0.62393165,2.7299182,39.24653
94,0,2,0.5,0.5555556,0.5470086,2.7226233,43.169594
94,0,2,0.75,0.52991456,0.43589744,2.7213752,47.99906
94,0,2,1,0.63247865,0.37606838,2.7261832,51.668335
95,0,1,0,0.8888889,0.41025642,4.0780883,30.85174
95,0,1,0.25,0.8974359,0.37606838,4.0635257,28.90177
95,0,1,0.5,0.7606838,0.3846154,4.0563865,28.378586
95,0,1,0.75,0.82051283,0.3931624,4.056509,25.482586
95,0,1,1,0.7863248,0.4017094,4.06392,24.13887
95,0,2,0,0.94017094,0.41025642,2.4101415,13.988945
95,0,2,0.25,0.94017094,0.35042736,2.3986173,14.447624
95,0,2,0.5,0.8974359,0.30769232,2.3884783,14.94142
95,0,2,0.75,0.8803419,0.2905983,2.3797772,15.503732
95,0,2,1,0.83760685,0.37606838,2.3726263,15.863144
96,0,1,0,0.5726496,0.46153846,1.7121903,39.82479
96,0,1,0.25,0.5641026,0.4957265,1.7391049,40.655716
96,0,1,0.5,0.5726496,0.50427353,1.7558478,41.135887
96,0,1,0.75,0.60683763,0.50427353,1.7622194,41.259094
96,0,1,1,0.62393165,0.46153846,1.7581257,40.928688
96,0,2,0,0.6923077,0.43589744,1.6117543,20.833984
96,0,2,0.25,0.7094017,0.4871795,1.6063606,20.899328
96,0,2,0.5,0.73504275,0.53846157,1.6058005,20.242064
96,0,2,0.75,0.72649574,0.5555556,1.6100354,20.395035
96,0,2,1,0.74358976,0.53846157,1.6190327,20.53453
97,0,1,0,0.35897437,0.7948718,3.1926305,22.11525
97,0,1,0.25,0.3931624,0.7777778,3.1852388,21.638344
97,0,1,0.5,0.4017094,0.7692308,3.1839385,21.299915
97,0,1,0.75,0.3931624,0.75213677,3.1885855,20.943556
97,0,1,1,0.36752138,0.74358976,3.199105,20.438488
97,0,2,0,0.5811966,0.41880342,3.951037,57.00556
97,0,2,0.25,0.60683763,0.41880342,3.9206057,56.574776
97,0,2,0.5,0.6581197,0.41025642,3.9007843,55.87953
97,0,2,0.75,0.6666667,0.41880342,3.891715,55.4823
97,0,2,1,0.6666667,0.43589744,3.8935971,56.031292
98,0,1,0,0.82051283,0.6495727,1.4793965,14.2706995
98,0,1,0.25,0.8119658,0.6666667,1.4422818,13.974338
98,0,1,0.5,0.82905984,0.6581197,1.4059343,14.390278
98,0,1,0.75,0.82905984,0.6581197,1.3704145,14.613951
98,0,1,1,0.85470086,0.6581197,1.335788,15.716082
98,0,2,0,0.8632479,0.46153846,1.5011494,21.498787
98,0,2,0.25,0.84615386,0.45299146,1.490298,21.45805
98,0,2,0.5,0.8717949,0.46153846,1.4795183,21.860573
98,0,2,0.75,0.8974359,0.47008547,1.4688118,21.93329
98,0,2,1,0.9145299,0.51282054,1.4581796,22.16502
99,0,1,0,0.32478634,0.5641026,2.8921936,31.747671
99,0,1,0.25,0.41025642,0.6495727,2.5457282,26.826775
99,0,1,0.5,0.5470086,0.7008547,2.2083004,20.89859
99,0,1,0.75,0.6837607,0.7777778,1.8847696,15.658476
99,0,1,1,0.8632479,0.7948718,1.5836754,11.841743
99,0,2,0,0.6581197,0.5982906,3.2555957,35.76336
99,0,2,0.25,0.53846157,0.63247865,3.1195407,30.088203
99,0,2,0.5,0.4957265,0.7948718,2.9921873,23.926582
99,0,2,0.75,0.51282054,0.84615386,2.874693,19.006351
99,0,2,1,0.4957265,0.8803419,2.7683127,14.755705
100,0,1,0,0.3931624,0.991453,1.2485721,9.8322315
100,0,1,0.25,0.35042736,0.991453,1.247977,9.4922695
100,0,1,0.5,0.33333334,0.991453,1.2470158,8.978289
100,0,1,0.75,0.35897437,0.991453,1.2456956,8.872686
100,0,1,1,0.37606838,1,1.2440253,8.84513
100,0,2,0,0.7008547,0.982906,1.6456635,21.157207
100,0,2,0.25,0.6837607,0.982906,1.6407624,20.909512
100,0,2,0.5,0.64102566,0.974359,1.6373901,20.730373
100,0,2,0.75,0.63247865,0.94871795,1.6355709,20.663414
100,0,2,1,0.6581197,0.94017094,1.6353339,20.72174
101,0,1,0,0.46153846,0.7008547,2.3487134,8.748524
101,0,1,0.25,0.46153846,0.73504275,2.3566287,8.675697
101,0,1,0.5,0.45299146,0.73504275,2.359145,8.788853
101,0,1,0.75,0.45299146,0.73504275,2.3562768,8.77298
101,0,1,1,0.45299146,0.7094017,2.3480608,8.242437
101,0,2,0,0.31623933,0.52136755,4.7305326,29.899136
101,0,2,0.25,0.31623933,0.52136755,4.727022,30.363438
101,0,2,0.5,0.30769232,0.47863248,4.724596,31.231552
101,0,2,0.75,0.31623933,0.45299146,4.7232695,32.10179
101,0,2,1,0.34188035,0.45299146,4.7230597,32.54269
102,0,1,0,0.5897436,0.33333334,2.3239417,30.829853
102,0,1,0.25,0.5897436,0.2991453,2.3259397,30.303463
102,0,1,0.5,0.5555556,0.32478634,2.327941,30.31881
102,0,1,0.75,0.5470086,0.30769232,2.3299444,30.19579
102,0,1,1,0.52136755,0.2905983,2.3319502,29.896145
102,0,2,0,0.75213677,0.35897437,1.3889484,37.7519
102,0,2,0.25,0.73504275,0.37606838,1.388811,37.945404
102,0,2,0.5,0.71794873,0.3846154,1.3886776,38.387993
102,0,2,0.75,0.71794873,0.36752138,1.3885483,38.766556
102,0,2,1,0.6581197,0.37606838,1.3884225,38.248398
103,0,1,0,0.6837607,0.52136755,2.073722,14.062605
103,0,1,0.25,0.7008547,0.50427353,2.0692725,14.339778
103,0,1,0.5,0.6752137,0.52136755,2.0677955,14.220244
103,0,1,0.75,0.6581197,0.51282054,2.0692818,13.967158
103,0,1,1,0.6666667,0.52991456,2.073728,13.238918
103,0,2,0,0.71794873,0.4871795,2.4931312,15.189002
103,0,2,0.25,0.7094017,0.45299146,2.4945211,15.521345
103,0,2,0.5,0.6752137,0.41025642,2.4947665,15.0492325
103,0,2,0.75,0.6495727,0.42735043,2.4938245,14.337547
103,0,2,1,0.6752137,0.47863248,2.4916837,13.714331
104,0,1,0,0.50427353,0.6581197,1.9701697,19.606705
104,0,1,0.25,0.4957265,0.7094017,2.2606385,20.028385
104,0,1,0.5,0.44444445,0.6581197,2.570604,18.930338
104,0,1,0.75,0.46153846,0.7777778,2.8938086,18.161343
104,0,1,1,0.44444445,0.7948718,3.2262754,16.744917
104,0,2,0,0.6752137,0.84615386,2.6824355,14.589397
104,0,2,0.25,0.6923077,0.84615386,2.7478504,12.208672
104,0,2,0.5,0.73504275,0.8632479,2.8651729,10.583682
104,0,2,0.75,0.7606838,0.8974359,3.0283759,9.482744
104,0,2,1,0.7777778,0.84615386,3.2305133,8.896062
105,0,1,0,0.84615386,0.53846157,1.4122663,17.495392
105,0,1,0.25,0.8803419,0.5641026,1.5756832,20.839634
105,0,1,0.5,0.84615386,0.62393165,1.6470501,22.558502
105,0,1,0.75,0.8034188,0.7606838,1.6276187,23.129206
105,0,1,1,0.73504275,0.8888889,1.5202787,23.156172
105,0,2,0,0.4871795,0.5555556,1.7239473,35.66153
105,0,2,0.25,0.45299146,0.64102566,1.8292323,34.14374
105,0,2,0.5,0.4017094,0.7863248,1.8692526,31.627106
105,0,2,0.75,0.36752138,0.9059829,1.8403774,25.94154
105,0,2,1,0.31623933,0.9059829,1.7433817,19.927715
106,0,1,0,0.6666667,0.85470086,2.9701333,13.447746
106,0,1,0.25,0.62393165,0.85470086,2.9768717,13.438431
106,0,1,0.5,0.5982906,0.84615386,2.9836123,13.46277
106,0,1,0.75,0.5982906,0.84615386,2.990356,13.532667
106,0,1,1,0.5811966,0.8632479,2.9971018,13.410087
106,0,2,0,0.8632479,0.71794873,1.3315766,10.9485655
106,0,2,0.25,0.84615386,0.7008547,1.3319769,11.042759
106,0,2,0.5,0.82905984,0.72649574,1.3323921,11.107964
106,0,2,0.75,0.8119658,0.6923077,1.3328228,11.157135
106,0,2,1,0.8119658,0.7008547,1.3332689,11.434141
107,0,1,0,0.5555556,0.5641026,2.0986688,25.214973
107,0,1,0.25,0.5897436,0.60683763,2.1129754,28.69724
107,0,1,0.5,0.6581197,0.60683763,2.1413283,32.219143
107,0,1,0.75,0.6752137,0.5811966,2.1949067,35.362907
107,0,1,1,0.51282054,0.52136755,2.2868967,36.858906
107,0,2,0,0.37606838,0.6923077,2.5160887,24.217388
107,0,2,0.25,0.47863248,0.6752137,2.43322,28.6805
107,0,2,0.5,0.5555556,0.6495727,2.3319974,32.12127
107,0,2,0.75,0.5897436,0.61538464,2.219788,33.820328
107,0,2,1,0.6581197,0.63247865,2.1160886,32.900875
108,0,1,0,0.42735043,0.6581197,2.097793,27.275047
108,0,1,0.25,0.47863248,0.8717949,1.8738933,26.130398
108,0,1,0.5,0.5641026,0.71794873,1.6565963,23.19034
108,0,1,0.75,0.6666667,0.8974359,1.448877,23.450348
108,0,1,1,0.7094017,0.8034188,1.2554976,21.823067
108,0,2,0,0.30769232,0.82051283,1.410172,10.116983
108,0,2,0.25,0.37606838,0.9230769,1.5684752,12.61902
108,0,2,0.5,0.36752138,0.8803419,1.7602605,17.246386
108,0,2,0.75,0.3931624,0.82905984,1.9758016,24.27322
108,0,2,1,0.4871795,0.7692308,2.208153,33.60499
109,0,1,0,0.3931624,0.4957265,3.167209,60.428917
109,0,1,0.25,0.3846154,0.4871795,3.139979,57.149345
109,0,1,0.5,0.3931624,0.3846154,3.1230018,55.350304
109,0,1,0.75,0.3931624,0.42735043,3.1163504,55.24937
109,0,1,1,0.4017094,0.44444445,3.1200898,56.531204
109,0,2,0,0.31623933,0.43589744,3.1448443,36.36142
109,0,2,0.25,0.34188035,0.3846154,3.0996695,38.176384
109,0,2,0.5,0.35042736,0.41025642,3.0654426,38.198273
109,0,2,0.75,0.3846154,0.46153846,3.0422583,37.33297
109,0,2,1,0.4017094,0.45299146,3.030305,36.675148
110,0,1,0,0.52136755,0.6837607,1.4340534,24.283962
110,0,1,0.25,0.50427353,0.6923077,1.4088858,23.383636
110,0,1,0.5,0.4871795,0.72649574,1.3903772,22.556557
110,0,1,0.75,0.51282054,0.7606838,1.3787929,21.538328
110,0,1,1,0.5555556,0.74358976,1.374454,20.916306
110,0,2,0,0.52136755,0.5641026,1.5014819,29.786098
110,0,2,0.25,0.51282054,0.5982906,1.485247,29.248695
110,0,2,0.5,0.51282054,0.61538464,1.4756104,28.736858
110,0,2,0.75,0.51282054,0.62393165,1.4727302,28.587904
110,0,2,1,0.52991456,0.64102566,1.476768,28.207264
111,0,1,0,0.5982906,0.34188035,1.6286469,34.6267
111,0,1,0.25,0.5641026,0.30769232,1.6259812,34.952347
111,0,1,0.5,0.5555556,0.2991453,1.6233398,35.646492
111,0,1,0.75,0.5555556,0.31623933,1.6207223,37.212616
111,0,1,1,0.50427353,0.30769232,1.6181287,38.632786
111,0,2,0,0.4957265,0.33333334,1.3863881,32.16122
111,0,2,0.25,0.46153846,0.32478634,1.3888288,33.760162
111,0,2,0.5,0.45299146,0.33333334,1.3913485,34.749863
111,0,2,0.75,0.46153846,0.33333334,1.3939464,36.040455
111,0,2,1,0.47863248,0.33333334,1.3966222,36.60428
112,0,1,0,0.37606838,0.6666667,1.7516899,23.86525
112,0,1,0.25,0.52136755,0.74358976,1.7273958,19.411062
112,0,1,0.5,0.6923077,0.7606838,1.7351422,16.199911
112,0,1,0.75,0.71794873,0.6752137,1.7745094,14.358375
112,0,1,1,0.7777778,0.5726496,1.8434732,13.282416
112,0,2,0,0.33333334,0.6581197,1.8393502,26.494476
112,0,2,0.25,0.3846154,0.6495727,1.849093,27.073235
112,0,2,0.5,0.4017094,0.63247865,1.8678154,28.77011
112,0,2,0.75,0.35897437,0.4957265,1.895252,30.618156
112,0,2,1,0.31623933,0.44444445,1.9310313,23.68058
113,0,1,0,0.33333334,0.47008547,2.481414,37.514282
113,0,1,0.25,0.3846154,0.4957265,2.482488,36.85098
113,0,1,0.5,0.3931624,0.53846157,2.4845319,35.71946
113,0,1,0.75,0.3931624,0.52991456,2.4875307,32.853035
113,0,1,1,0.3931624,0.53846157,2.4914749,31.977207
113,0,2,0,0.9230769,0.2905983,2.6247954,45.88246
113,0,2,0.25,0.9230769,0.30769232,2.6258652,45.85733
113,0,2,0.5,0.9145299,0.31623933,2.62692,45.954453
113,0,2,0.75,0.9145299,0.33333334,2.6279464,45.70658
113,0,2,1,0.9059829,0.34188035,2.6289377,45.246796
114,0,1,0,0.45299146,0.63247865,3.7328007,20.12325
114,0,1,0.25,0.35042736,0.61538464,3.795139,19.502304
114,0,1,0.5,0.41025642,0.61538464,3.840018,20.078892
114,0,1,0.75,0.42735043,0.61538464,3.8670905,19.646034
114,0,1,1,0.41025642,0.60683763,3.8760734,18.386536
114,0,2,0,0.52991456,0.53846157,2.9345412,29.613422
114,0,2,0.25,0.5641026,0.5470086,2.8172524,30.164875
114,0,2,0.5,0.5726496,0.5641026,2.7466686,27.8835
114,0,2,0.75,0.5726496,0.5555556,2.7213807,26.792637
114,0,2,1,0.5811966,0.5470086,2.7406206,27.16697
115,0,1,0,0.45299146,0.43589744,1.8466254,37.15854
115,0,1,0.25,0.45299146,0.44444445,1.8513883,36.54763
115,0,1,0.5,0.47008547,0.44444445,1.8552512,36.508587
115,0,1,0.75,0.47863248,0.44444445,1.8581933,36.813427
115,0,1,1,0.4871795,0.43589744,1.8601961,36.533855
115,0,2,0,0.41025642,0.41025642,1.8465234,58.505432
115,0,2,0.25,0.3931624,0.4017094,1.8462936,60.231644
115,0,2,0.5,0.4017094,0.4017094,1.8465756,60.002716
115,0,2,0.75,0.4017094,0.41880342,1.8473487,61.000877
115,0,2,1,0.3846154,0.4017094,1.8486098,62.5894
116,0,1,0,0.5726496,0.5897436,2.7411711,29.589508
116,0,1,0.25,0.5811966,0.5555556,2.7323062,29.938839
116,0,1,0.5,0.5811966,0.5470086,2.7340007,29.825466
116,0,1,0.75,0.5811966,0.52991456,2.7472997,29.961025
116,0,1,1,0.63247865,0.5726496,2.773724,30.048742
116,0,2,0,0.53846157,0.6581197,2.5975847,35.087852
116,0,2,0.25,0.52991456,0.6581197,2.5975478,35.692703
116,0,2,0.5,0.51282054,0.6752137,2.6173964,36.215675
116,0,2,0.75,0.52136755,0.6581197,2.657155,37.678207
116,0,2,1,0.52991456,0.64102566,2.717007,38.20732
117,0,1,0,0.33333334,0.4017094,2.6515727,53.344177
117,0,1,0.25,0.2905983,0.4017094,2.661273,51.41052
117,0,1,0.5,0.2991453,0.41025642,2.6624525,50.279926
117,0,1,0.75,0.36752138,0.4017094,2.6551514,50.28824
117,0,1,1,0.41880342,0.46153846,2.6394353,51.605312
117,0,2,0,0.42735043,0.62393165,1.9718846,37.83001
117,0,2,0.25,0.42735043,0.5897436,1.9766462,39.133507
117,0,2,0.5,0.41880342,0.5982906,1.9784672,39.92168
117,0,2,0.75,0.43589744,0.5897436,1.9773453,40.07689
117,0,2,1,0.42735043,0.5726496,1.9732784,39.582893
118,0,1,0,0.5641026,0.94871795,1.4747006,11.951565
118,0,1,0.25,0.53846157,0.8803419,1.5007389,13.704032
118,0,1,0.5,0.4957265,0.75213677,1.541775,15.815405
118,0,1,0.75,0.52991456,0.74358976,1.5966529,20.737823
118,0,1,1,0.50427353,0.6666667,1.6640041,22.200827
118,0,2,0,0.5641026,0.53846157,1.9792559,20.24287
118,0,2,0.25,0.51282054,0.4957265,2.014768,20.755444
118,0,2,0.5,0.4871795,0.44444445,2.0663948,21.57422
118,0,2,0.75,0.4957265,0.47008547,2.132966,25.036812
118,0,2,1,0.52136755,0.47863248,2.2131343,27.406275
119,0,1,0,0.5726496,0.35897437,2.1178246,21.755205
119,0,1,0.25,0.64102566,0.3846154,2.0484328,22.67788
119,0,1,0.5,0.64102566,0.3931624,2.0275578,22.48922
119,0,1,0.75,0.6837607,0.3846154,2.0505967,21.77568
119,0,1,1,0.72649574,0.42735043,2.1144946,21.238737
119,0,2,0,0.9059829,0.4957265,1.3041171,6.714485
119,0,2,0.25,0.93162394,0.4957265,1.302164,6.749629
119,0,2,0.5,0.93162394,0.53846157,1.3295922,6.574235
119,0,2,0.75,0.94871795,0.50427353,1.3846143,6.872239
119,0,2,1,0.95726496,0.52136755,1.4663663,7.128748
120,0,1,0,0.73504275,0.47008547,3.357088,37.255005
120,0,1,0.25,0.7692308,0.47863248,3.354964,37.056637
120,0,1,0.5,0.7948718,0.50427353,3.352692,37.116318
120,0,1,0.75,0.8034188,0.4871795,3.350311,36.947483
120,0,1,1,0.8119658,0.50427353,3.347857,37.635452
120,0,2,0,0.73504275,0.31623933,2.4640727,21.071012
120,0,2,0.25,0.74358976,0.31623933,2.4676194,20.599178
120,0,2,0.5,0.7948718,0.2991453,2.4682732,19.869757
120,0,2,0.75,0.7692308,0.32478634,2.4660318,20.161097
120,0,2,1,0.7606838,0.32478634,2.4610243,20.290611
121,0,1,0,0.5811966,0.75213677,1.247114,24.065264
121,0,1,0.25,0.5641026,0.7606838,1.2585365,24.336138
121,0,1,0.5,0.5555556,0.74358976,1.2643191,24.193192
121,0,1,0.75,0.53846157,0.73504275,1.2639941,23.745396
121,0,1,1,0.5726496,0.73504275,1.2571687,23.745182
121,0,2,0,0.5726496,0.50427353,1.3189856,23.102478
121,0,2,0.25,0.5641026,0.53846157,1.2876709,22.60173
121,0,2,0.5,0.5641026,0.5470086,1.2666597,22.592873
121,0,2,0.75,0.5726496,0.53846157,1.2557883,21.930458
121,0,2,1,0.5811966,0.50427353,1.254979,21.368149
122,0,1,0,0.64102566,0.35042736,1.7512319,23.926289
122,0,1,0.25,0.4017094,0.30769232,1.6485183,21.201363
122,0,1,0.5,0.42735043,0.32478634,1.5589167,21.660276
122,0,1,0.75,0.5982906,0.31623933,1.4848014,15.693188
122,0,1,1,0.83760685,0.41880342,1.428586,12.430803
122,0,2,0,0.45299146,0.53846157,4.0212092,14.33996
122,0,2,0.25,0.41025642,0.4017094,3.67568,11.42342
122,0,2,0.5,0.33333334,0.34188035,3.3399289,13.218948
122,0,2,0.75,0.44444445,0.41880342,3.0172215,14.06474
122,0,2,1,0.6581197,0.5726496,2.7122183,15.496051
123,0,1,0,0.9059829,0.5641026,1.2233179,18.420177
123,0,1,0.25,0.7948718,0.5641026,1.2637254,23.897877
123,0,1,0.5,0.73504275,0.60683763,1.306109,27.787676
123,0,1,0.75,0.61538464,0.6752137,1.3502818,28.77152
123,0,1,1,0.4957265,0.75213677,1.3960748,29.016209
123,0,2,0,0.3931624,0.52991456,1.4281846,13.615953
123,0,2,0.25,0.47008547,0.6581197,1.4847176,13.949721
123,0,2,0.5,0.52136755,0.8119658,1.5726672,18.237257
123,0,2,0.75,0.44444445,0.9145299,1.6871281,20.855507
123,0,2,1,0.44444445,0.94871795,1.8231126,24.095362
124,0,1,0,0.46153846,0.5470086,1.3509067,44.165382
124,0,1,0.25,0.5470086,0.53846157,1.3876867,44.06981
124,0,1,0.5,0.51282054,0.50427353,1.4141952,45.038315
124,0,1,0.75,0.52136755,0.45299146,1.4303036,45.505898
124,0,1,1,0.53846157,0.44444445,1.4358907,44.975464
124,0,2,0,0.53846157,0.35897437,1.4894251,34.439903
124,0,2,0.25,0.5726496,0.35897437,1.4733517,33.55281
124,0,2,0.5,0.60683763,0.36752138,1.4645673,32.357216
124,0,2,0.75,0.60683763,0.36752138,1.463122,31.72442
124,0,2,1,0.6666667,0.37606838,1.469088,29.798458
125,0,1,0,0.83760685,0.37606838,1.3064458,22.161022
125,0,1,0.25,0.82051283,0.37606838,1.5965407,23.63077
125,0,1,0.5,0.74358976,0.41025642,1.8890288,25.973927
125,0,1,0.75,0.64102566,0.45299146,2.1829479,28.38859
125,0,1,1,0.60683763,0.47008547,2.4777892,30.828
125,0,2,0,0.93162394,0.35042736,1.2850605,9.120655
125,0,2,0.25,0.8717949,0.32478634,1.4226594,9.48587
125,0,2,0.5,0.7777778,0.34188035,1.5934298,10.886578
125,0,2,0.75,0.75213677,0.2991453,1.787891,12.00251
125,0,2,1,0.7692308,0.31623933,1.9991419,14.122688
126,0,1,0,0.7777778,0.5641026,1.5203313,15.632437
126,0,1,0.25,0.7692308,0.5726496,1.5003793,15.586566
126,0,1,0.5,0.7863248,0.5897436,1.4908231,15.475994
126,0,1,0.75,0.7777778,0.5897436,1.4918525,15.513523
126,0,1,1,0.7692308,0.5641026,1.5036943,15.485495
126,0,2,0,0.71794873,0.6923077,1.2442876,5.871928
126,0,2,0.25,0.71794873,0.71794873,1.2432194,5.736618
126,0,2,0.5,0.72649574,0.7094017,1.2420454,5.6299515
126,0,2,0.75,0.7008547,0.71794873,1.2407464,5.5768814
126,0,2,1,0.6837607,0.6923077,1.239328,5.374729
127,0,1,0,0.5897436,0.52136755,2.439204,31.6333
127,0,1,0.25,0.62393165,0.51282054,2.4696126,33.021725
127,0,1,0.5,0.5982906,0.53846157,2.4808428,32.886047
127,0,1,0.75,0.5641026,0.5811966,2.4730906,33.293945
127,0,1,1,0.64102566,0.8119658,2.4478414,32.275482
127,0,2,0,0.5470086,0.42735043,3.4693637,50.978836
127,0,2,0.25,0.52136755,0.41880342,3.5208185,50.79042
127,0,2,0.5,0.50427353,0.41880342,3.4862254,51.20141
127,0,2,0.75,0.5555556,0.5811966,3.3662806,46.994255
127,0,2,1,0.5641026,0.85470086,3.161782,38.860085
128,0,1,0,0.32478634,0.94017094,1.8190962,25.612568
128,0,1,0.25,0.35897437,0.9230769,1.7858361,25.291634
128,0,1,0.5,0.3931624,0.9145299,1.7420888,24.678398
128,0,1,0.75,0.43589744,0.9230769,1.6886253,22.927765
128,0,1,1,0.50427353,0.93162394,1.626588,22.482819
128,0,2,0,0.63247865,0.5641026,2.061828,39.52639
128,0,2,0.25,0.5982906,0.5811966,2.0964875,39.777348
128,0,2,0.5,0.5555556,0.5726496,2.1414526,40.191658
128,0,2,0.75,0.5555556,0.5641026,2.1962492,41.38423
128,0,2,1,0.53846157,0.5897436,2.260536,41.55493
129,0,1,0,0.50427353,0.7094017,2.244361,29.375126
129,0,1,0.25,0.47863248,0.7094017,2.2349162,28.79615
129,0,1,0.5,0.47008547,0.7094017,2.2274761,28.80888
129,0,1,0.75,0.47863248,0.71794873,2.2220967,28.193653
129,0,1,1,0.47008547,0.72649574,2.2188418,28.174839
129,0,2,0,0.35042736,0.82051283,2.001923,13.832712
129,0,2,0.25,0.35042736,0.84615386,1.9988178,14.134209
129,0,2,0.5,0.33333334,0.82051283,1.9959667,14.153374
129,0,2,0.75,0.34188035,0.8803419,1.9933794,14.255348
129,0,2,1,0.35042736,0.8803419,1.991105,14.164033
130,0,1,0,0.8119658,0.50427353,2.4304483,16.928255
130,0,1,0.25,0.8034188,0.46153846,2.5124047,18.078142
130,0,1,0.5,0.75213677,0.47008547,2.4996777,16.924706
130,0,1,0.75,0.6837607,0.47863248,2.3340707,16.083185
130,0,1,1,0.5811966,0.52991456,1.994143,15.312807
130,0,2,0,0.6581197,0.63247865,1.691668,21.796135
130,0,2,0.25,0.60683763,0.52991456,1.797752,20.254967
130,0,2,0.5,0.6923077,0.61538464,1.8657656,28.32848
130,0,2,0.75,0.73504275,0.5811966,1.8979018,31.179735
130,0,2,1,0.5555556,0.5470086,1.8973547,29.00838
131,0,1,0,0.5470086,0.85470086,1.7319301,14.178177
131,0,1,0.25,0.5726496,0.8888889,1.7244039,14.674741
131,0,1,0.5,0.5726496,0.8803419,1.7236258,15.634579
131,0,1,0.75,0.5470086,0.8632479,1.7295121,16.446999
131,0,1,1,0.52136755,0.84615386,1.7421131,17.0089
131,0,2,0,0.44444445,0.30769232,2.7403607,47.22025
131,0,2,0.25,0.41025642,0.30769232,2.771736,45.891876
131,0,2,0.5,0.47008547,0.32478634,2.789319,44.040184
131,0,2,0.75,0.45299146,0.32478634,2.7929945,43.574703
131,0,2,1,0.43589744,0.35042736,2.7826595,43.226955
132,0,1,0,0.4957265,0.5470086,3.9744775,75.1701
132,0,1,0.25,0.53846157,0.5555556,3.8101757,72.52425
132,0,1,0.5,0.5982906,0.51282054,3.6459277,68.4081
132,0,1,0.75,0.5726496,0.43589744,3.4817412,61.36667
132,0,1,1,0.61538464,0.41880342,3.3176255,53.11217
132,0,2,0,0.33333334,0.73504275,4.17357,48.248993
132,0,2,0.25,0.47863248,0.72649574,4.0323033,41.74491
132,0,2,0.5,0.5982906,0.6923077,3.891108,35.50345
132,0,2,0.75,0.5555556,0.62393165,3.749992,30.550323
132,0,2,1,0.5726496,0.64102566,3.608964,25.85646
133,0,1,0,0.5982906,0.52136755,3.1810455,22.621279
133,0,1,0.25,0.60683763,0.52136755,3.180811,23.301064
133,0,1,0.5,0.64102566,0.5470086,3.179177,23.697319
133,0,1,0.75,0.6666667,0.5470086,3.176167,24.127728
133,0,1,1,0.6495727,0.52991456,3.1718023,23.378242
133,0,2,0,0.64102566,0.64102566,2.488681,11.640309
133,0,2,0.25,0.6666667,0.6581197,2.4830475,11.920565
133,0,2,0.5,0.6666667,0.6666667,2.480309,11.778049
133,0,2,0.75,0.6752137,0.7008547,2.4804735,11.820988
133,0,2,1,0.6752137,0.71794873,2.4835522,11.617645
134,0,1,0,0.8034188,0.4871795,1.6368862,31.265846
134,0,1,0.25,0.82051283,0.47863248,1.685804,33.21145
134,0,1,0.5,0.8034188,0.44444445,1.7219673,35.509068
134,0,1,0.75,0.7777778,0.42735043,1.7453845,37.63097
134,0,1,1,0.74358976,0.4017094,1.7562231,39.753265
134,0,2,0,0.7606838,0.42735043,2.1737342,17.807499
134,0,2,0.25,0.6495727,0.33333334,2.2482908,19.48933
134,0,2,0.5,0.5982906,0.2991453,2.2864616,20.4997
134,0,2,0.75,0.52991456,0.2905983,2.2884448,21.528399
134,0,2,1,0.5897436,0.2905983,2.2545981,22.08287
135,0,1,0,0.5555556,0.5470086,3.9472334,23.339382
135,0,1,0.25,0.53846157,0.5641026,3.9588015,23.213673
135,0,1,0.5,0.53846157,0.5555556,3.96295,23.140095
135,0,1,0.75,0.53846157,0.52991456,3.9596708,22.226305
135,0,1,1,0.53846157,0.5641026,3.9489596,21.718246
135,0,2,0,0.41025642,0.6837607,4.009867,36.46656
135,0,2,0.25,0.41025642,0.71794873,4.0080724,36.098923
135,0,2,0.5,0.41880342,0.73504275,4.006257,36.075157
135,0,2,0.75,0.43589744,0.74358976,4.0044312,36.102352
135,0,2,1,0.43589744,0.72649574,4.0026107,36.0141
136,0,1,0,0.7777778,0.50427353,3.6854496,52.420715
136,0,1,0.25,0.7692308,0.50427353,3.6946445,53.023678
136,0,1,0.5,0.75213677,0.4957265,3.6898208,52.954967
136,0,1,0.75,0.73504275,0.50427353,3.670888,52.1632
136,0,1,1,0.6923077,0.4957265,3.6377912,50.902298
136,0,2,0,0.6581197,0.6752137,4.2711196,71.52195
136,0,2,0.25,0.61538464,0.6495727,4.2608213,70.75615
136,0,2,0.5,0.5726496,0.6752137,4.271285,70.459915
136,0,2,0.75,0.5897436,0.6837607,4.3024445,69.67538
136,0,2,1,0.5555556,0.63247865,4.354216,68.2504
137,0,1,0,0.8034188,0.50427353,1.7703545,10.662721
137,0,1,0.25,0.8119658,0.4957265,1.7619579,10.540287
137,0,1,0.5,0.82051283,0.5470086,1.7607567,10.337878
137,0,1,0.75,0.82051283,0.5641026,1.7667109,10.299128
137,0,1,1,0.82905984,0.5726496,1.7798285,10.410973
137,0,2,0,0.82905984,0.5641026,1.6255555,6.9874535
137,0,2,0.25,0.83760685,0.5897436,1.6076863,7.059476
137,0,2,0.5,0.84615386,0.5726496,1.5965633,7.1157312
137,0,2,0.75,0.84615386,0.60683763,1.5919068,7.10161
137,0,2,1,0.83760685,0.5726496,1.5936636,7.211547
138,0,1,0,0.45299146,0.46153846,1.5692306,26.17604
138,0,1,0.25,0.47008547,0.45299146,1.5616169,26.300346
138,0,1,0.5,0.47008547,0.4957265,1.554207,26.793324
138,0,1,0.75,0.43589744,0.51282054,1.5470041,28.296576
138,0,1,1,0.44444445,0.50427353,1.5400105,29.659624
138,0,2,0,0.52136755,0.3931624,1.5945044,31.68711
138,0,2,0.25,0.51282054,0.33333334,1.5647126,32.237595
138,0,2,0.5,0.51282054,0.33333334,1.5351381,32.722054
138,0,2,0.75,0.47863248,0.34188035,1.5057931,33.307
138,0,2,1,0.4871795,0.35897437,1.4766905,33.273796
139,0,1,0,0.43589744,0.9145299,1.2453685,17.952293
139,0,1,0.25,0.43589744,0.9230769,1.2817738,19.462868
139,0,1,0.5,0.45299146,0.9145299,1.2953044,20.863586
139,0,1,0.75,0.44444445,0.8974359,1.2858778,21.820988
139,0,1,1,0.50427353,0.8803419,1.2535092,21.987854
139,0,2,0,0.2991453,0.7948718,2.6587195,41.16146
139,0,2,0.25,0.36752138,0.8034188,2.5693905,41.218082
139,0,2,0.5,0.37606838,0.7863248,2.4893909,41.443546
139,0,2,0.75,0.4017094,0.7777778,2.4171982,42.607346
139,0,2,1,0.41025642,0.75213677,2.3527787,43.47281
140,0,1,0,0.3846154,0.4017094,1.5957909,25.008173
140,0,1,0.25,0.53846157,0.62393165,1.6056827,11.150891
140,0,1,0.5,0.6752137,0.8034188,1.7169306,9.845449
140,0,1,0.75,0.64102566,0.7948718,1.9119228,13.109053
140,0,1,1,0.6581197,0.6666667,2.1681824,19.400646
140,0,2,0,0.34188035,0.36752138,2.332683,34.05854
140,0,2,0.25,0.35897437,0.51282054,2.6877816,35.679344
140,0,2,0.5,0.45299146,0.5641026,3.065202,35.213596
140,0,2,0.75,0.46153846,0.5641026,3.4576426,33.983616
140,0,2,1,0.4871795,0.4871795,3.8605256,31.097956
141,0,1,0,0.62393165,0.6923077,2.150668,15.884871
141,0,1,0.25,0.52991456,0.63247865,2.1206625,20.295992
141,0,1,0.5,0.47008547,0.7777778,2.1073809,22.374508
141,0,1,0.75,0.32478634,0.8034188,2.1111393,21.327618
141,0,1,1,0.30769232,0.8119658,2.1318471,19.786194
141,0,2,0,0.8974359,0.47863248,4.3692827,9.849403
141,0,2,0.25,0.84615386,0.45299146,4.3159647,9.633154
141,0,2,0.5,0.82051283,0.45299146,4.276344,10.228861
141,0,2,0.75,0.83760685,0.4957265,4.2508035,11.332683
141,0,2,1,0.84615386,0.52991456,4.239598,13.087811
142,0,1,0,0.94871795,0.75213677,2.4164531,8.753468
142,0,1,0.25,0.9145299,0.7008547,2.7253902,11.98876
142,0,1,0.5,0.84615386,0.50427353,3.044142,14.805552
142,0,1,0.75,0.8632479,0.45299146,3.3699253,20.722412
142,0,1,1,0.83760685,0.41025642,3.7008832,27.091026
142,0,2,0,0.6495727,0.52991456,3.2301264,30.693903
142,0,2,0.25,0.62393165,0.45299146,3.1685958,30.807833
142,0,2,0.5,0.7863248,0.5641026,3.1276915,36.47418
142,0,2,0.75,0.8034188,0.62393165,3.1082277,40.45205
142,0,2,1,0.7606838,0.5982906,3.1106074,47.49591
143,0,1,0,0.5470086,0.7777778,1.9053446,42.287453
143,0,1,0.25,0.5641026,0.6752137,1.7507796,40.071358
143,0,1,0.5,0.63247865,0.63247865,1.6030308,36.32872
143,0,1,0.75,0.6837607,0.5555556,1.4641622,29.693966
143,0,1,1,0.64102566,0.52136755,1.3369446,23.433342
143,0,2,0,0.6752137,0.8803419,1.3942351,30.446022
143,0,2,0.25,0.7008547,0.74358976,1.4236853,26.010517
143,0,2,0.5,0.7606838,0.60683763,1.4613601,23.012905
143,0,2,0.75,0.82051283,0.5555556,1.5066429,18.718157
143,0,2,1,0.8888889,0.51282054,1.5588706,16.367205
144,0,1,0,0.5897436,0.8888889,1.8525337,20.95853
144,0,1,0.25,0.6581197,0.96581197,1.7434987,17.944546
144,0,1,0.5,0.62393165,0.94871795,1.7187392,16.368843
144,0,1,0.75,0.5641026,0.8888889,1.7821169,16.72509
144,0,1,1,0.51282054,0.83760685,1.9350941,18.457336
144,0,2,0,0.5897436,0.8803419,1.4766291,22.43759
144,0,2,0.25,0.62393165,0.8717949,1.4923148,22.553387
144,0,2,0.5,0.5982906,0.8632479,1.5362579,23.32949
144,0,2,0.75,0.52991456,0.8632479,1.6090746,24.766384
144,0,2,1,0.4871795,0.85470086,1.7152289,26.15646
145,0,1,0,0.9230769,0.5897436,1.3356696,18.020521
145,0,1,0.25,0.9059829,0.5982906,1.360119,18.245487
145,0,1,0.5,0.8974359,0.61538464,1.3848629,18.252363
145,0,1,0.75,0.9145299,0.5982906,1.4098855,18.886885
145,0,1,1,0.9059829,0.5726496,1.4351726,19.409763
145,0,2,0,0.8974359,0.45299146,1.6536366,15.963519
145,0,2,0.25,0.9059829,0.46153846,1.6366789,15.669893
145,0,2,0.5,0.8803419,0.45299146,1.6198735,15.98637
145,0,2,0.75,0.85470086,0.44444445,1.603224,16.127962
145,0,2,1,0.83760685,0.43589744,1.5867354,16.09826
146,0,1,0,0.8034188,0.51282054,1.443663,24.191284
146,0,1,0.25,0.72649574,0.4871795,1.5898018,27.837019
146,0,1,0.5,0.5982906,0.47008547,1.6971607,31.923567
146,0,1,0.75,0.51282054,0.45299146,1.7648225,34.9043
146,0,1,1,0.41880342,0.43589744,1.7923148,38.259605
146,0,2,0,0.7777778,0.5982906,1.4063435,17.35226
146,0,2,0.25,0.75213677,0.5811966,1.3611344,19.066103
146,0,2,0.5,0.6752137,0.5897436,1.3351221,21.023487
146,0,2,0.75,0.6495727,0.61538464,1.3283024,22.828426
146,0,2,1,0.61538464,0.62393165,1.3414148,24.93621
147,0,1,0,0.6837607,0.5982906,2.8047152,50.392494
147,0,1,0.25,0.5982906,0.5982906,2.9585142,53.486122
147,0,1,0.5,0.5470086,0.60683763,3.1135075,60.063118
147,0,1,0.75,0.47008547,0.5897436,3.2695248,64.784836
147,0,1,1,0.35042736,0.5897436,3.4264262,67.64261
147,0,2,0,0.33333334,0.83760685,1.5018345,23.080479
147,0,2,0.25,0.2991453,0.7863248,1.598613,24.694424
147,0,2,0.5,0.2905983,0.8034188,1.7146513,25.865154
147,0,2,0.75,0.30769232,0.7777778,1.8463216,28.074505
147,0,2,1,0.2991453,0.75213677,1.9905242,30.728245
148,0,1,0,0.4871795,0.52991456,2.1622403,32.20118
148,0,1,0.25,0.44444445,0.52136755,2.1313555,31.811222
148,0,1,0.5,0.47008547,0.52991456,2.1097844,31.511623
148,0,1,0.75,0.46153846,0.61538464,2.097461,30.795475
148,0,1,1,0.4957265,0.5982906,2.0943437,31.88802
148,0,2,0,0.3846154,0.7692308,1.5302005,12.77144
148,0,2,0.25,0.4017094,0.7777778,1.5772268,12.585615
148,0,2,0.5,0.4017094,0.7777778,1.6048608,12.722017
148,0,2,0.75,0.41025642,0.7692308,1.6122673,13.527069
148,0,2,1,0.4017094,0.8034188,1.5991807,14.008581
149,0,1,0,0.73504275,0.45299146,3.4357398,9.693329
149,0,1,0.25,0.7863248,0.4871795,3.444721,9.903486
149,0,1,0.5,0.7777778,0.50427353,3.452261,9.70438
149,0,1,0.75,0.7692308,0.47863248,3.458866,10.126274
149,0,1,1,0.75213677,0.45299146,3.4653459,10.157112
149,0,2,0,0.35897437,0.31623933,3.3187122,25.448593
149,0,2,0.25,0.44444445,0.32478634,3.306687,22.923855
149,0,2,0.5,0.45299146,0.2991453,3.2895777,21.387325
149,0,2,0.75,0.43589744,0.2905983,3.2674341,22.795761
149,0,2,1,0.44444445,0.30769232,3.240354,24.11125
150,0,1,0,0.6923077,0.72649574,2.2499578,32.55486
150,0,1,0.25,0.62393165,0.4957265,1.9282572,27.140537
150,0,1,0.5,0.73504275,0.4957265,1.6459811,22.544724
150,0,1,0.75,0.974359,0.4871795,1.4267254,19.80307
150,0,1,1,0.974359,0.42735043,1.3027087,16.927967
150,0,2,0,0.9059829,0.43589744,1.7311058,19.288588
150,0,2,0.25,0.84615386,0.4017094,1.6638306,18.90192
150,0,2,0.5,0.7777778,0.44444445,1.6566252,17.886927
150,0,2,0.75,0.8974359,0.4871795,1.7102486,18.60762
150,0,2,1,0.8717949,0.52136755,1.8193301,19.039371
151,0,1,0,0.33333334,0.6581197,4.0189033,59.393562
151,0,1,0.25,0.31623933,0.6752137,4.005903,59.75155
151,0,1,0.5,0.32478634,0.6837607,4.00138,59.58848
151,0,1,0.75,0.32478634,0.6837607,4.0053816,60.46962
151,0,1,1,0.2991453,0.6581197,4.0179524,60.29158
151,0,2,0,0.43589744,0.3846154,4.3713746,50.52931
151,0,2,0.25,0.44444445,0.3846154,4.378244,50.9048
151,0,2,0.5,0.44444445,0.3846154,4.3786135,51.551388
151,0,2,0.75,0.47008547,0.35897437,4.372488,51.42544
151,0,2,1,0.44444445,0.31623933,4.3598866,50.6378
152,0,1,0,0.7948718,0.7008547,1.3325316,14.521158
152,0,1,0.25,0.75213677,0.63247865,1.333582,16.560589
152,0,1,0.5,0.6666667,0.46153846,1.3363608,17.803032
152,0,1,0.75,0.5982906,0.47008547,1.340857,18.935867
152,0,1,1,0.5897436,0.32478634,1.3470536,21.169117
152,0,2,0,0.3846154,0.5555556,2.501994,31.515472
152,0,2,0.25,0.4017094,0.4957265,2.3816292,34.88704
152,0,2,0.5,0.36752138,0.3931624,2.2643647,34.046165
152,0,2,0.75,0.4017094,0.35897437,2.1507075,35.11692
152,0,2,1,0.52136755,0.2905983,2.04126,39.04532
153,0,1,0,0.6837607,0.3931624,1.3716503,29.770933
153,0,1,0.25,0.6923077,0.45299146,1.3656095,30.174515
153,0,1,0.5,0.6752137,0.4871795,1.3577445,29.171165
153,0,1,0.75,0.60683763,0.4017094,1.3477813,28.73875
153,0,1,1,0.6752137,0.47008547,1.3355873,28.858673
153,0,2,0,0.35042736,0.4017094,2.003445,53.52623
153,0,2,0.25,0.3931624,0.4017094,2.0017598,53.10904
153,0,2,0.5,0.41025642,0.47008547,2.003609,51.03192
153,0,2,0.75,0.32478634,0.50427353,2.0087976,47.849503
153,0,2,1,0.34188035,0.45299146,2.0171986,47.3814
154,0,1,0,0.6495727,0.75213677,1.3235741,20.419136
154,0,1,0.25,0.6495727,0.74358976,1.3319005,20.633713
154,0,1,0.5,0.6581197,0.73504275,1.345642,20.721333
154,0,1,0.75,0.6752137,0.72649574,1.3644651,21.09533
154,0,1,1,0.6752137,0.73504275,1.3883979,21.60391
154,0,2,0,0.35042736,0.93162394,1.5816088,17.271217
154,0,2,0.25,0.34188035,0.9145299,1.5946271,17.295303
154,0,2,0.5,0.34188035,0.9145299,1.5982879,16.84455
154,0,2,0.75,0.34188035,0.9230769,1.5926137,16.617943
154,0,2,1,0.36752138,0.9230769,1.5776415,16.629017
155,0,1,0,0.60683763,0.31623933,1.7872417,23.555363
155,0,1,0.25,0.52991456,0.36752138,1.861307,32.24772
155,0,1,0.5,0.43589744,0.41880342,1.9537777,39.82474
155,0,1,0.75,0.34188035,0.51282054,2.0621789,44.447475
155,0,1,1,0.2905983,0.64102566,2.1841404,44.734764
155,0,2,0,0.74358976,0.5555556,1.6796129,13.032777
155,0,2,0.25,0.6752137,0.52136755,1.7602873,19.386917
155,0,2,0.5,0.5641026,0.47863248,1.8671353,26.239273
155,0,2,0.75,0.4871795,0.5555556,1.9959574,32.18461
155,0,2,1,0.36752138,0.5982906,2.1427946,36.429314
156,0,1,0,0.84615386,0.61538464,2.0020225,6.9133015
156,0,1,0.25,0.82905984,0.6666667,1.6896011,8.918308
156,0,1,0.5,0.6752137,0.7948718,1.4345744,10.228874
156,0,1,0.75,0.5811966,0.8803419,1.2719473,10.890118
156,0,1,1,0.4871795,0.8974359,1.2386651,10.404942
156,0,2,0,0.9059829,0.30769232,2.548201,8.266294
156,0,2,0.25,0.94871795,0.35897437,2.3435726,8.056426
156,0,2,0.5,0.94871795,0.47008547,2.1837294,9.603825
156,0,2,0.75,0.8717949,0.47008547,2.0790272,12.110156
156,0,2,1,0.7948718,0.5897436,2.0379825,14.422268
157,0,1,0,0.41025642,0.82051283,2.2792823,32.370316
157,0,1,0.25,0.47008547,0.8119658,2.4212599,34.756042
157,0,1,0.5,0.52136755,0.71794873,2.5829704,38.417458
157,0,1,0.75,0.52991456,0.5811966,2.7609487,42.628113
157,0,1,1,0.51282054,0.43589744,2.9522538,44.659107
157,0,2,0,0.5982906,0.85470086,2.0128536,26.1559
157,0,2,0.25,0.7008547,0.82905984,1.8454795,23.933191
157,0,2,0.5,0.73504275,0.7863248,1.678832,20.784561
157,0,2,0.75,0.7777778,0.7692308,1.5131516,17.47918
157,0,2,1,0.7863248,0.7606838,1.3487949,14.026818
158,0,1,0,0.6837607,0.82051283,1.5789862,16.468506
158,0,1,0.25,0.6837607,0.82905984,1.5813128,16.686256
158,0,1,0.5,0.6666667,0.82905984,1.5836446,17.326344
158,0,1,0.75,0.6666667,0.83760685,1.5859812,17.378801
158,0,1,1,0.6495727,0.82051283,1.5883225,17.857372
158,0,2,0,0.60683763,0.4957265,2.2480197,38.600765
158,0,2,0.25,0.60683763,0.4871795,2.2448578,38.39198
158,0,2,0.5,0.5982906,0.46153846,2.2417266,40.4758
158,0,2,0.75,0.5641026,0.46153846,2.2386267,40.026093
158,0,2,1,0.5726496,0.42735043,2.2355573,40.250732
159,0,1,0,0.74358976,0.44444445,1.743197,31.891418
159,0,1,0.25,0.75213677,0.45299146,1.7357364,32.26941
159,0,1,0.5,0.73504275,0.43589744,1.7282795,32.316494
159,0,1,0.75,0.72649574,0.43589744,1.7208271,32.710846
159,0,1,1,0.75213677,0.41025642,1.7133784,32.90094
159,0,2,0,0.47863248,0.6837607,1.8906802,39.00727
159,0,2,0.25,0.47008547,0.6581197,1.9052968,39.918537
159,0,2,0.5,0.47863248,0.6495727,1.9199394,40.617588
159,0,2,0.75,0.4871795,0.6581197,1.9346075,40.72064
159,0,2,1,0.4871795,0.6495727,1.9493002,41.235943
160,0,1,0,0.9059829,0.35042736,1.6123435,20.833797
160,0,1,0.25,0.7094017,0.33333334,1.7024049,27.513866
160,0,1,0.5,0.64102566,0.35897437,1.8295618,43.70007
160,0,1,0.75,0.53846157,0.52991456,2.0452418,39.37887
160,0,1,1,0.7863248,0.6752137,2.143096,31.244938
160,0,2,0,0.9145299,0.36752138,1.6823182,22.255108
160,0,2,0.25,0.8717949,0.31623933,1.7454162,28.779404
160,0,2,0.5,0.6495727,0.3846154,1.8184456,40.11885
160,0,2,0.75,0.8632479,0.50427353,1.9332623,40.087547
160,0,2,1,0.82905984,0.5811966,1.9826752,32.024067
161,0,1,0,0.4957265,0.32478634,3.1298633,54.225994
161,0,1,0.25,0.4871795,0.33333334,3.1034925,54.2213
161,0,1,0.5,0.47008547,0.32478634,3.085838,54.255943
161,0,1,0.75,0.50427353,0.32478634,3.0768557,54.596207
161,0,1,1,0.52136755,0.33333334,3.0765543,54.597504
161,0,2,0,0.5897436,0.71794873,1.3520249,21.506886
161,0,2,0.25,0.5811966,0.72649574,1.3500173,21.311607
161,0,2,0.5,0.5811966,0.74358976,1.3486683,21.29376
161,0,2,0.75,0.61538464,0.71794873,1.3479643,21.503916
161,0,2,1,0.60683763,0.7008547,1.3479036,21.445541
162,0,1,0,0.82051283,0.34188035,1.6711489,22.372387
162,0,1,0.25,0.8119658,0.33333334,1.7138752,20.855099
162,0,1,0.5,0.8034188,0.31623933,1.746331,20.539333
162,0,1,0.75,0.84615386,0.31623933,1.7672733,20.737242
162,0,1,1,0.82905984,0.33333334,1.7762152,20.66679
162,0,2,0,0.5982906,0.30769232,2.247042,53.100945
162,0,2,0.25,0.5470086,0.31623933,2.2578645,49.10915
162,0,2,0.5,0.5641026,0.36752138,2.311009,47.159767
162,0,2,0.75,0.52136755,0.41025642,2.4062376,44.081215
162,0,2,1,0.5470086,0.4957265,2.5433748,42.021667
163,0,1,0,0.9145299,0.4017094,2.1866474,3.991147
163,0,1,0.25,0.9145299,0.41025642,2.1916144,4.091539
163,0,1,0.5,0.8974359,0.4017094,2.1961744,4.199674
163,0,1,0.75,0.93162394,0.4017094,2.2002873,4.2780733
163,0,1,1,0.8803419,0.41880342,2.2039719,4.3836336
163,0,2,0,0.8974359,0.41880342,1.2556947,12.144363
163,0,2,0.25,0.8717949,0.41880342,1.2412834,12.110357
163,0,2,0.5,0.9059829,0.43589744,1.2334452,12.097643
163,0,2,0.75,0.8803419,0.41880342,1.2321998,11.994286
163,0,2,1,0.8717949,0.43589744,1.2375941,12.048944
164,0,1,0,0.5982906,0.7692308,2.6954167,22.679146
164,0,1,0.25,0.51282054,0.8034188,2.5034952,19.713547
164,0,1,0.5,0.4957265,0.93162394,2.3457322,19.151268
164,0,1,0.75,0.4017094,0.94017094,2.2293916,15.787134
164,0,1,1,0.3931624,0.982906,2.1611733,12.3777685
164,0,2,0,0.83760685,0.6666667,1.6509407,12.349108
164,0,2,0.25,0.85470086,0.6495727,1.5149637,10.908484
164,0,2,0.5,0.84615386,0.5811966,1.4578271,9.473589
164,0,2,0.75,0.8119658,0.5470086,1.4886382,7.9946284
164,0,2,1,0.84615386,0.4957265,1.6023312,7.166733
165,0,1,0,0.42735043,0.31623933,3.8092747,40.548256
165,0,1,0.25,0.45299146,0.31623933,3.815147,43.425488
165,0,1,0.5,0.45299146,0.35042736,3.8370922,46.8149
165,0,1,0.75,0.41880342,0.35897437,3.875353,46.57746
165,0,1,1,0.3931624,0.36752138,3.9305012,46.968582
165,0,2,0,0.52136755,0.34188035,3.4228983,21.507484
165,0,2,0.25,0.4957265,0.35897437,3.437919,22.466038
165,0,2,0.5,0.52136755,0.35897437,3.4708273,24.020723
165,0,2,0.75,0.52136755,0.37606838,3.5216107,25.045643
165,0,2,1,0.5555556,0.35897437,3.5904796,26.76677
166,0,1,0,0.6752137,0.34188035,1.5446668,30.038006
166,0,1,0.25,0.6752137,0.31623933,1.5501477,30.362331
166,0,1,0.5,0.6837607,0.30769232,1.553933,31.392418
166,0,1,0.75,0.7008547,0.2991453,1.5558965,31.410473
166,0,1,1,0.72649574,0.30769232,1.5559825,31.492256
166,0,2,0,0.43589744,0.42735043,1.8887489,26.431644
166,0,2,0.25,0.43589744,0.44444445,1.9003557,26.547905
166,0,2,0.5,0.42735043,0.46153846,1.9069958,26.614346
166,0,2,0.75,0.43589744,0.43589744,1.90864,26.102402
166,0,2,1,0.42735043,0.4957265,1.9052888,26.259396
167,0,1,0,0.32478634,0.5555556,3.378914,57.705406
167,0,1,0.25,0.34188035,0.5982906,3.3799326,58.610924
167,0,1,0.5,0.35897437,0.60683763,3.3722627,58.681465
167,0,1,0.75,0.37606838,0.5726496,3.3559158,59.368538
167,0,1,1,0.2991453,0.60683763,3.3309143,60.924793
167,0,2,0,0.34188035,0.5470086,3.308476,52.830452
167,0,2,0.25,0.35897437,0.5555556,3.3231256,52.70143
167,0,2,0.5,0.37606838,0.5555556,3.3134696,53.035316
167,0,2,0.75,0.33333334,0.52991456,3.2796063,53.370346
167,0,2,1,0.41025642,0.5470086,3.221711,53.632584
168,0,1,0,0.37606838,0.3846154,4.4181833,11.775748
168,0,1,0.25,0.37606838,0.3931624,4.407588,11.824404
168,0,1,0.5,0.35897437,0.3931624,4.403995,11.366104
168,0,1,0.75,0.37606838,0.3931624,4.4074154,11.871206
168,0,1,1,0.37606838,0.37606838,4.4178677,11.734995
168,0,2,0,0.52136755,0.53846157,3.008452,21.032719
168,0,2,0.25,0.51282054,0.52991456,2.9980366,21.2277
168,0,2,0.5,0.4871795,0.51282054,2.9941037,20.75386
168,0,2,0.75,0.46153846,0.50427353,2.9966671,21.099335
168,0,2,1,0.47008547,0.47863248,3.0057535,21.739885
169,0,1,0,0.7692308,0.31623933,1.5891533,8.28274
169,0,1,0.25,0.82905984,0.35042736,1.7867563,7.639885
169,0,1,0.5,0.9145299,0.36752138,1.9972467,6.6314507
169,0,1,0.75,0.9145299,0.4017094,2.2169564,5.8901863
169,0,1,1,0.94871795,0.41880342,2.4434001,5.5867724
169,0,2,0,0.5726496,0.45299146,2.8402255,19.276028
169,0,2,0.25,0.64102566,0.42735043,2.8713217,20.185692
169,0,2,0.5,0.72649574,0.43589744,2.9184952,18.59087
169,0,2,0.75,0.74358976,0.4017094,2.980983,14.844413
169,0,2,1,0.8119658,0.45299146,3.0578463,12.211863
170,0,1,0,0.34188035,0.60683763,4.021238,66.92018
170,0,1,0.25,0.35042736,0.6495727,4.016673,67.18541
170,0,1,0.5,0.33333334,0.63247865,4.011994,67.68967
170,0,1,0.75,0.30769232,0.6581197,4.0072875,68.07309
170,0,1,1,0.30769232,0.64102566,4.002648,69.025375
170,0,2,0,0.44444445,0.9059829,1.2270598,15.101414
170,0,2,0.25,0.44444445,0.9059829,1.2284395,15.221369
170,0,2,0.5,0.47008547,0.8888889,1.2295092,15.996422
170,0,2,0.75,0.47008547,0.8888889,1.2304345,15.619555
170,0,2,1,0.43589744,0.8803419,1.2314388,15.198542
171,0,1,0,0.45299146,0.73504275,1.4200572,25.69408
171,0,1,0.25,0.46153846,0.75213677,1.4153935,25.458805
171,0,1,0.5,0.44444445,0.75213677,1.417327,25.135689
171,0,1,0.75,0.44444445,0.74358976,1.425829,25.240276
171,0,1,1,0.44444445,0.74358976,1.4408835,25.28421
171,0,2,0,0.33333334,0.84615386,1.4515966,16.614372
171,0,2,0.25,0.33333334,0.85470086,1.4496014,16.33757
171,0,2,0.5,0.34188035,0.84615386,1.4502448,16.619633
171,0,2,0.75,0.33333334,0.85470086,1.4535127,17.342545
171,0,2,1,0.32478634,0.83760685,1.4593967,17.246183
172,0,1,0,0.7606838,0.41880342,3.912892,35.232864
172,0,1,0.25,0.7692308,0.41025642,3.926491,34.386948
172,0,1,0.5,0.7777778,0.3846154,3.9371107,33.526947
172,0,1,0.75,0.7948718,0.35897437,3.9444807,32.948975
172,0,1,1,0.8119658,0.35042736,3.948679,32.41619
172,0,2,0,0.974359,0.37606838,1.4745324,20.887974
172,0,2,0.25,0.974359,0.36752138,1.4894432,21.363804
172,0,2,0.5,0.96581197,0.37606838,1.4927703,21.764652
172,0,2,0.75,0.974359,0.35897437,1.4841063,22.124035
172,0,2,1,0.95726496,0.36752138,1.4632671,22.343975
173,0,1,0,0.73504275,0.60683763,1.2113947,16.894936
173,0,1,0.25,0.75213677,0.62393165,1.2761759,16.113714
173,0,1,0.5,0.7606838,0.63247865,1.3232459,16.257364
173,0,1,0.75,0.71794873,0.60683763,1.3524797,15.682123
173,0,1,1,0.71794873,0.63247865,1.3661821,15.4514885
173,0,2,0,0.5897436,0.34188035,1.6892396,32.36861
173,0,2,0.25,0.5641026,0.35897437,1.7681388,32.818657
173,0,2,0.5,0.5811966,0.3931624,1.8092256,30.606716
173,0,2,0.75,0.5555556,0.3931624,1.812587,30.882595
173,0,2,1,0.5811966,0.4871795,1.7784312,28.52616
174,0,1,0,0.41880342,0.52136755,3.470965,54.60007
174,0,1,0.25,0.43589744,0.5470086,3.4673688,54.04045
174,0,1,0.5,0.41025642,0.5641026,3.4683592,53.1109
174,0,1,0.75,0.42735043,0.5897436,3.4739084,51.362408
174,0,1,1,0.42735043,0.60683763,3.4839923,50.334312
174,0,2,0,0.42735043,0.7692308,1.9430448,25.71934
174,0,2,0.25,0.4017094,0.7777778,1.9521178,24.844189
174,0,2,0.5,0.41025642,0.7863248,1.9589913,23.63037
174,0,2,0.75,0.41880342,0.7948718,1.9636765,22.905499
174,0,2,1,0.41880342,0.8632479,1.966224,21.999836
175,0,1,0,0.44444445,0.2905983,4.948159,89.68409
175,0,1,0.25,0.41880342,0.32478634,4.9478903,90.21512
175,0,1,0.5,0.41025642,0.35042736,4.946824,87.908676
175,0,1,0.75,0.42735043,0.35042736,4.944958,86.546745
175,0,1,1,0.42735043,0.34188035,4.942301,86.581406
175,0,2,0,0.94871795,0.31623933,2.1978533,33.21045
175,0,2,0.25,0.94871795,0.34188035,2.1954362,33.74105
175,0,2,0.5,0.94871795,0.32478634,2.1924038,33.12722
175,0,2,0.75,0.9145299,0.31623933,2.1887798,32.094345
175,0,2,1,0.9230769,0.34188035,2.1845877,32.212227
176,0,1,0,0.72649574,0.42735043,1.5451201,21.802486
176,0,1,0.25,0.74358976,0.43589744,1.6002758,22.562523
176,0,1,0.5,0.72649574,0.44444445,1.6716877,23.326164
176,0,1,0.75,0.7606838,0.47863248,1.7595576,24.051456
176,0,1,1,0.73504275,0.4871795,1.8646398,24.802841
176,0,2,0,0.47008547,0.34188035,1.4577316,34.77574
176,0,2,0.25,0.52136755,0.33333334,1.4795724,32.559547
176,0,2,0.5,0.5982906,0.37606838,1.5342046,34.16239
176,0,2,0.75,0.5897436,0.42735043,1.6220194,35.836746
176,0,2,1,0.5897436,0.53846157,1.7434615,37.965233
177,0,1,0,0.8119658,0.84615386,1.3884214,11.077263
177,0,1,0.25,0.8034188,0.82051283,1.3776166,11.182075
177,0,1,0.5,0.8034188,0.7948718,1.366306,11.445041
177,0,1,0.75,0.8034188,0.7863248,1.3545066,11.496697
177,0,1,1,0.8034188,0.7777778,1.3422675,11.678039
177,0,2,0,0.42735043,0.35897437,4.0063777,33.633175
177,0,2,0.25,0.3931624,0.35042736,4.0115232,34.315407
177,0,2,0.5,0.36752138,0.35897437,4.0119743,35.37828
177,0,2,0.75,0.3846154,0.35897437,4.007745,37.2733
177,0,2,1,0.41025642,0.33333334,3.9988525,38.016037
178,0,1,0,0.4017094,0.74358976,1.791808,33.84531
178,0,1,0.25,0.4017094,0.74358976,1.7912344,32.275482
178,0,1,0.5,0.3931624,0.7777778,1.790684,31.749159
178,0,1,0.75,0.36752138,0.8034188,1.790157,31.22702
178,0,1,1,0.32478634,0.82051283,1.7896522,30.81078
178,0,2,0,0.33333334,0.37606838,3.6125214,69.79106
178,0,2,0.25,0.35897437,0.35897437,3.6115644,69.40343
178,0,2,0.5,0.4017094,0.34188035,3.6106107,70.506645
178,0,2,0.75,0.3931624,0.32478634,3.609661,68.703674
178,0,2,1,0.36752138,0.30769232,3.6087146,68.81751
179,0,1,0,0.46153846,0.35897437,2.8949609,34.14443
179,0,1,0.25,0.61538464,0.51282054,2.7084637,40.077766
179,0,1,0.5,0.5555556,0.51282054,2.5266526,42.9983
179,0,1,0.75,0.41880342,0.52136755,2.3506145,42.468483
179,0,1,1,0.53846157,0.46153846,2.1817477,45.7081
179,0,2,0,0.44444445,0.32478634,1.9897305,21.32449
179,0,2,0.25,0.52136755,0.47863248,2.1107779,27.28133
179,0,2,0.5,0.5470086,0.5555556,2.2321107,33.717125
179,0,2,0.75,0.43589744,0.4957265,2.3536847,40.389717
179,0,2,1,0.33333334,0.4871795,2.475464,45.05486
180,0,1,0,0.5470086,0.42735043,5.151041,85.27376
180,0,1,0.25,0.5641026,0.43589744,5.132272,84.26857
180,0,1,0.5,0.5641026,0.41880342,5.1189847,84.94856
180,0,1,0.75,0.51282054,0.41880342,5.111291,83.276276
180,0,1,1,0.51282054,0.41025642,5.109306,83.03995
180,0,2,0,0.5555556,0.32478634,3.057291,43.48845
180,0,2,0.25,0.5555556,0.33333334,3.0504553,44.42901
180,0,2,0.5,0.5641026,0.33333334,3.0416927,44.87005
180,0,2,0.75,0.5726496,0.32478634,3.0310736,44.58023
180,0,2,1,0.5897436,0.32478634,3.0187118,43.089424
181,0,1,0,1,0.7606838,2.4897907,7.0652905
181,0,1,0.25,0.95726496,0.6923077,2.5096138,7.5339966
181,0,1,0.5,0.8888889,0.63247865,2.559593,11.05964
181,0,1,0.75,0.82905984,0.60683763,2.6380143,17.008123
181,0,1,1,0.8034188,0.61538464,2.7424397,23.012836
181,0,2,0,0.5726496,0.6581197,2.8863885,30.243841
181,0,2,0.25,0.52991456,0.7094017,2.8417583,32.40696
181,0,2,0.5,0.47863248,0.73504275,2.8091497,34.749016
181,0,2,0.75,0.42735043,0.71794873,2.7889843,36.011543
181,0,2,1,0.35042736,0.73504275,2.7815323,37.65078
182,0,1,0,0.63247865,0.50427353,1.3270497,10.171135
182,0,1,0.25,0.64102566,0.4957265,1.3320559,10.794604
182,0,1,0.5,0.63247865,0.47008547,1.33506,10.644661
182,0,1,0.75,0.64102566,0.45299146,1.3360957,10.831584
182,0,1,1,0.5982906,0.45299146,1.3352169,11.04467
182,0,2,0,0.6495727,0.41025642,2.3623955,19.082703
182,0,2,0.25,0.62393165,0.37606838,2.3603778,19.424099
182,0,2,0.5,0.63247865,0.3931624,2.3602996,19.55101
182,0,2,0.75,0.60683763,0.36752138,2.3621547,19.657272
182,0,2,1,0.5641026,0.3846154,2.3659337,19.25492
183,0,1,0,0.8119658,0.35042736,1.827545,50.664383
183,0,1,0.25,0.7863248,0.31623933,1.8503453,50.618977
183,0,1,0.5,0.7863248,0.35042736,1.86358,49.64939
183,0,1,0.75,0.7948718,0.34188035,1.8669115,48.378506
183,0,1,1,0.7692308,0.33333334,1.8602024,46.842003
183,0,2,0,0.7948718,0.33333334,2.4813027,44.16307
183,0,2,0.25,0.7863248,0.34188035,2.4951777,45.362244
183,0,2,0.5,0.7777778,0.36752138,2.4981034,45.17845
183,0,2,0.75,0.7777778,0.37606838,2.489926,44.963448
183,0,2,1,0.74358976,0.41880342,2.470534,44.464634
184,0,1,0,0.32478634,0.8974359,3.2469077,34.927616
184,0,1,0.25,0.32478634,0.8888889,3.2425508,34.808357
184,0,1,0.5,0.2991453,0.8974359,3.2432861,35.306717
184,0,1,0.75,0.2905983,0.8888889,3.2490885,34.77854
184,0,1,1,0.2905983,0.8803419,3.259973,34.77272
184,0,2,0,0.32478634,0.974359,2.3731785,22.63074
184,0,2,0.25,0.30769232,0.96581197,2.3707383,22.71614
184,0,2,0.5,0.32478634,0.96581197,2.3657954,22.580687
184,0,2,0.75,0.31623933,0.96581197,2.358401,22.593843
184,0,2,1,0.34188035,0.96581197,2.3486195,23.190765
185,0,1,0,0.30769232,0.6752137,2.289561,36.967415
185,0,1,0.25,0.33333334,0.6666667,2.291116,37.2632
185,0,1,0.5,0.33333334,0.6752137,2.2927513,38.553535
185,0,1,0.75,0.34188035,0.6752137,2.2944665,38.98053
185,0,1,1,0.35897437,0.6752137,2.2962615,39.341354
185,0,2,0,0.2905983,0.6581197,1.6280228,20.93438
185,0,2,0.25,0.2991453,0.6495727,1.6277173,21.620386
185,0,2,0.5,0.33333334,0.7008547,1.6274168,21.568148
185,0,2,0.75,0.35897437,0.7094017,1.6271213,21.853706
185,0,2,1,0.37606838,0.72649574,1.6268313,21.520153
186,0,1,0,0.71794873,0.62393165,1.7129952,27.507278
186,0,1,0.25,0.71794873,0.63247865,1.7054693,27.43589
186,0,1,0.5,0.7094017,0.62393165,1.6998824,27.28859
186,0,1,0.75,0.6923077,0.60683763,1.6962779,27.133526
186,0,1,1,0.6923077,0.62393165,1.6947198,26.821716
186,0,2,0,0.72649574,0.6495727,1.4063458,19.528847
186,0,2,0.25,0.72649574,0.6581197,1.4123474,19.428207
186,0,2,0.5,0.73504275,0.62393165,1.4150076,18.837254
186,0,2,0.75,0.7606838,0.61538464,1.4143378,18.533115
186,0,2,1,0.7692308,0.61538464,1.4103582,17.75882
187,0,1,0,0.73504275,0.4871795,3.1833885,47.09504
187,0,1,0.25,0.72649574,0.47863248,3.1850212,46.999134
187,0,1,0.5,0.71794873,0.4871795,3.1869326,47.332306
187,0,1,0.75,0.74358976,0.4957265,3.1890824,47.603
187,0,1,1,0.73504275,0.50427353,3.1914902,47.45272
187,0,2,0,0.6495727,0.93162394,2.0016918,16.009228
187,0,2,0.25,0.6752137,0.94017094,2.0014815,15.877319
187,0,2,0.5,0.6666667,0.93162394,2.0007067,15.752825
187,0,2,0.75,0.6837607,0.94017094,1.9993764,15.728791
187,0,2,1,0.7094017,0.95726496,1.9975098,15.800596
188,0,1,0,0.974359,0.63247865,3.7048812,9.725458
188,0,1,0.25,0.974359,0.5726496,3.7440012,9.922224
188,0,1,0.5,0.982906,0.5982906,3.7410345,9.8178005
188,0,1,0.75,0.8034188,0.5726496,3.6957738,10.771139
188,0,1,1,0.44444445,0.36752138,3.608136,10.931522
188,0,2,0,0.7008547,0.3931624,2.647368,28.34018
188,0,2,0.25,0.62393165,0.37606838,2.5580883,29.670315
188,0,2,0.5,0.5897436,0.36752138,2.493644,29.440207
188,0,2,0.75,0.6666667,0.41025642,2.4565465,30.461782
188,0,2,1,0.60683763,0.4957265,2.4505727,30.776348
189,0,1,0,0.5641026,0.42735043,1.5279735,45.515854
189,0,1,0.25,0.60683763,0.43589744,1.4585451,27.725498
189,0,1,0.5,0.72649574,0.4871795,1.5008045,21.232645
189,0,1,0.75,0.8717949,0.53846157,1.6461724,19.126007
189,0,1,1,0.8974359,0.5555556,1.8707653,19.464935
189,0,2,0,0.62393165,0.33333334,1.5225059,40.816208
189,0,2,0.25,0.7008547,0.37606838,1.6006262,28.679564
189,0,2,0.5,0.7948718,0.53846157,1.7178032,24.817633
189,0,2,0.75,0.8717949,0.60683763,1.8666967,22.805058
189,0,2,1,0.93162394,0.5982906,2.0403743,21.7706
190,0,1,0,0.6495727,0.52991456,1.7466209,27.174374
190,0,1,0.25,0.6666667,0.52136755,1.755087,27.339802
190,0,1,0.5,0.63247865,0.53846157,1.7644652,27.751675
190,0,1,0.75,0.60683763,0.51282054,1.7747406,28.139027
190,0,1,1,0.62393165,0.4871795,1.7858982,28.93498
190,0,2,0,0.6752137,0.6495727,1.417755,17.530676
190,0,2,0.25,0.6581197,0.7008547,1.3784304,17.15743
190,0,2,0.5,0.6581197,0.7094017,1.3402541,17.29428
190,0,2,0.75,0.63247865,0.7008547,1.3033274,16.840322
190,0,2,1,0.64102566,0.71794873,1.2677593,16.895332
191,0,1,0,0.60683763,0.41025642,3.9067273,55.634056
191,0,1,0.25,0.61538464,0.41025642,3.906515,55.49011
191,0,1,0.5,0.61538464,0.4017094,3.9070954,55.9553
191,0,1,0.75,0.61538464,0.3931624,3.9084551,56.21255
191,0,1,1,0.62393165,0.3931624,3.9105883,57.135418
191,0,2,0,0.8119658,0.6666667,1.5846596,14.841927
191,0,2,0.25,0.82051283,0.6581197,1.5818588,15.0554085
191,0,2,0.5,0.82051283,0.6495727,1.5807799,15.096752
191,0,2,0.75,0.82905984,0.6752137,1.5814222,15.100167
191,0,2,1,0.82905984,0.6837607,1.5837963,15.0816145
192,0,1,0,0.31623933,0.47008547,3.462278,47.479782
192,0,1,0.25,0.31623933,0.46153846,3.4647818,47.748245
192,0,1,0.5,0.31623933,0.46153846,3.4644163,47.77274
192,0,1,0.75,0.32478634,0.45299146,3.4611495,48.169556
192,0,1,1,0.30769232,0.42735043,3.4550135,47.429054
192,0,2,0,0.8034188,0.34188035,1.2404113,20.752674
192,0,2,0.25,0.8034188,0.35042736,1.2538154,20.862267
192,0,2,0.5,0.8119658,0.35042736,1.2578231,20.527275
192,0,2,0.75,0.82051283,0.33333334,1.2524291,19.861582
192,0,2,1,0.82051283,0.34188035,1.2376695,19.414803
193,0,1,0,0.36752138,0.52136755,2.1689873,23.424984
193,0,1,0.25,0.4017094,0.5897436,2.0336838,24.533432
193,0,1,0.5,0.43589744,0.60683763,1.8908771,20.986374
193,0,1,0.75,0.4957265,0.6923077,1.8503424,20.289234
193,0,1,1,0.52136755,0.72649574,1.9185729,20.013008
193,0,2,0,0.64102566,0.36752138,2.5966487,29.220505
193,0,2,0.25,0.75213677,0.41880342,2.28555,30.161983
193,0,2,0.5,0.8034188,0.42735043,1.9414089,24.16935
193,0,2,0.75,0.82905984,0.37606838,1.6186616,18.969124
193,0,2,1,0.63247865,0.2991453,1.3329405,16.224375
194,0,1,0,0.51282054,0.31623933,4.907028,33.52825
194,0,1,0.25,0.5726496,0.37606838,4.720925,28.250204
194,0,1,0.5,0.7094017,0.36752138,4.555059,22.148605
194,0,1,0.75,0.7008547,0.34188035,4.411714,18.7956
194,0,1,1,0.75213677,0.35897437,4.293147,15.136434
194,0,2,0,0.5897436,0.7692308,3.2809458,12.594508
194,0,2,0.25,0.6923077,0.6581197,2.8428013,13.355129
194,0,2,0.5,0.8119658,0.63247865,2.4327388,14.133592
194,0,2,0.75,0.7692308,0.47008547,2.0675356,12.618751
194,0,2,1,0.82905984,0.3931624,1.7750987,12.450346
195,0,1,0,0.4871795,0.7008547,1.8431891,23.599922
195,0,1,0.25,0.45299146,0.72649574,1.871125,24.513351
195,0,1,0.5,0.45299146,0.7094017,1.8924999,25.793003
195,0,1,0.75,0.41880342,0.6837607,1.9071715,25.724422
195,0,1,1,0.3931624,0.6923077,1.9150733,26.456818
195,0,2,0,0.52991456,0.41025642,4.582507,67.233444
195,0,2,0.25,0.46153846,0.3931624,4.5812855,65.91308
195,0,2,0.5,0.45299146,0.3846154,4.57514,65.86635
195,0,2,0.75,0.44444445,0.36752138,4.564114,64.085396
195,0,2,1,0.45299146,0.36752138,4.5482593,66.21933
196,0,1,0,0.52136755,0.64102566,2.386683,32.732327
196,0,1,0.25,0.52991456,0.61538464,2.3639185,33.819332
196,0,1,0.5,0.45299146,0.5982906,2.333923,35.328697
196,0,1,0.75,0.45299146,0.5811966,2.2967007,36.996162
196,0,1,1,0.44444445,0.5726496,2.2528365,38.28797
196,0,2,0,0.6837607,0.8119658,1.369284,16.542686
196,0,2,0.25,0.6752137,0.8034188,1.3752785,17.542196
196,0,2,0.5,0.64102566,0.7606838,1.3759794,18.407452
196,0,2,0.75,0.60683763,0.74358976,1.368736,19.051838
196,0,2,1,0.61538464,0.7606838,1.3520892,18.740902
197,0,1,0,0.82051283,0.5811966,1.3554393,9.909952
197,0,1,0.25,0.84615386,0.60683763,1.3606837,9.960704
197,0,1,0.5,0.85470086,0.5982906,1.3648766,9.808167
197,0,1,0.75,0.84615386,0.5982906,1.367991,9.898066
197,0,1,1,0.84615386,0.5982906,1.3700011,9.883113
197,0,2,0,0.6581197,0.5982906,2.6637373,31.757992
197,0,2,0.25,0.64102566,0.60683763,2.6610596,31.184345
197,0,2,0.5,0.64102566,0.60683763,2.660133,31.473457
197,0,2,0.75,0.6495727,0.62393165,2.6609542,31.581772
197,0,2,1,0.6666667,0.60683763,2.663523,31.542227
198,0,1,0,0.74358976,0.33333334,2.2711904,32.21016
198,0,1,0.25,0.62393165,0.42735043,2.2686646,32.820934
198,0,1,0.5,0.5470086,0.2991453,2.2805123,30.226692
198,0,1,0.75,0.52136755,0.35897437,2.3022437,35.120953
198,0,1,1,0.42735043,0.37606838,2.3304615,34.95003
198,0,2,0,0.60683763,0.5641026,2.5695,31.818634
198,0,2,0.25,0.51282054,0.5470086,2.516528,33.832787
198,0,2,0.5,0.46153846,0.35042736,2.4634635,31.114609
198,0,2,0.75,0.47008547,0.35042736,2.4104576,32.52612
198,0,2,1,0.3931624,0.34188035,2.3578527,32.896496
199,0,1,0,0.6923077,0.93162394,1.7263825,17.325909
199,0,1,0.25,0.63247865,0.94017094,1.8021712,17.79906
199,0,1,0.5,0.63247865,0.95726496,1.8813742,18.526752
199,0,1,0.75,0.5897436,0.95726496,1.9629344,18.888378
199,0,1,1,0.5470086,0.974359,2.046167,19.311615
199,0,2,0,0.52991456,0.9230769,1.6092863,15.625092
199,0,2,0.25,0.52136755,0.9059829,1.827422,17.380146
199,0,2,0.5,0.53846157,0.8974359,1.9811398,18.76355
199,0,2,0.75,0.52136755,0.9145299,2.0676696,19.326738
199,0,2,1,0.50427353,0.9145299,2.0851517,19.41045
200,0,1,0,0.47863248,0.2905983,1.7526209,25.205162
200,0,1,0.25,0.4957265,0.2991453,1.7663357,26.043026
200,0,1,0.5,0.51282054,0.2991453,1.7800808,26.55103
200,0,1,0.75,0.53846157,0.32478634,1.7938558,27.282759
200,0,1,1,0.5641026,0.34188035,1.8076597,27.756561
200,0,2,0,0.64102566,0.5811966,3.390527,75.45546
200,0,2,0.25,0.61538464,0.5897436,3.3954349,75.57518
200,0,2,0.5,0.60683763,0.5811966,3.4003584,74.84218
200,0,2,0.75,0.61538464,0.5982906,3.4052975,74.61781
200,0,2,1,0.5982906,0.61538464,3.4102516,74.97571
201,0,1,0,0.6581197,0.3846154,3.2035275,30.094246
201,0,1,0.25,0.64102566,0.41880342,3.1797843,29.946728
201,0,1,0.5,0.61538464,0.4871795,3.1827092,30.173986
201,0,1,0.75,0.6666667,0.4871795,3.2100418,31.283558
201,0,1,1,0.61538464,0.52991456,3.260371,32.858063
201,0,2,0,0.52991456,0.7948718,2.8606465,17.839588
201,0,2,0.25,0.53846157,0.7777778,2.8828926,18.162453
201,0,2,0.5,0.5470086,0.7948718,2.9117277,17.840195
201,0,2,0.75,0.5897436,0.8034188,2.9470725,17.954277
201,0,2,1,0.5470086,0.8119658,2.9890802,17.700806
202,0,1,0,0.5726496,0.53846157,2.1041243,36.47297
202,0,1,0.25,0.5726496,0.53846157,2.0951731,36.32332
202,0,1,0.5,0.5726496,0.5555556,2.0975113,37.285667
202,0,1,0.75,0.5726496,0.5641026,2.1112556,37.951435
202,0,1,1,0.5555556,0.52991456,2.1366224,37.92511
202,0,2,0,0.72649574,0.2991453,3.839724,39.39257
202,0,2,0.25,0.74358976,0.31623933,3.857987,39.674377
202,0,2,0.5,0.72649574,0.32478634,3.8834047,40.436142
202,0,2,0.75,0.6923077,0.35042736,3.9156725,41.21944
202,0,2,1,0.6752137,0.33333334,3.9545228,41.656067
203,0,1,0,0.4017094,0.5641026,2.1615171,22.871462
203,0,1,0.25,0.3846154,0.5555556,2.160196,23.81245
203,0,1,0.5,0.35897437,0.5470086,2.1588845,23.195675
203,0,1,0.75,0.34188035,0.5555556,2.1575823,22.986557
203,0,1,1,0.34188035,0.50427353,2.1562884,22.243406
203,0,2,0,0.41880342,0.34188035,4.2559566,58.96707
203,0,2,0.25,0.42735043,0.32478634,4.2504706,58.303627
203,0,2,0.5,0.44444445,0.31623933,4.2449865,60.157646
203,0,2,0.75,0.43589744,0.2991453,4.239503,58.371128
203,0,2,1,0.42735043,0.30769232,4.2340198,56.736557
204,0,1,0,0.33333334,0.8974359,4.596454,6.711567
204,0,1,0.25,0.34188035,0.8034188,4.258169,4.971476
204,0,1,0.5,0.37606838,0.85470086,3.9290557,4.626855
204,0,1,0.75,0.36752138,0.9230769,3.611622,4.3437233
204,0,1,1,0.35042736,0.7863248,3.3092315,3.7829976
204,0,2,0,0.4871795,0.62393165,3.9658747,6.0878663
204,0,2,0.25,0.46153846,0.52136755,3.7546272,6.9394536
204,0,2,0.5,0.37606838,0.53846157,3.589935,8.8062935
204,0,2,0.75,0.47008547,0.61538464,3.478417,11.808244
204,0,2,1,0.45299146,0.5641026,3.4252696,15.514042
205,0,1,0,0.82905984,0.35897437,1.4117867,6.088619
205,0,1,0.25,0.82051283,0.35042736,1.4354805,5.9092793
205,0,1,0.5,0.84615386,0.35042736,1.4474319,5.8107986
205,0,1,0.75,0.8632479,0.36752138,1.447832,5.74131
205,0,1,1,0.84615386,0.36752138,1.4369164,5.57917
205,0,2,0,0.8974359,0.50427353,1.2428676,13.081724
205,0,2,0.25,0.8974359,0.50427353,1.276267,13.377604
205,0,2,0.5,0.8803419,0.50427353,1.3059863,13.689094
205,0,2,0.75,0.8888889,0.50427353,1.33115,13.860296
205,0,2,1,0.8888889,0.50427353,1.351309,13.898685
206,0,1,0,0.35897437,0.73504275,1.9567451,12.3556185
206,0,1,0.25,0.4871795,0.85470086,1.8055011,13.652844
206,0,1,0.5,0.5811966,0.982906,1.6595947,13.819006
206,0,1,0.75,0.5726496,0.974359,1.5205638,14.417322
206,0,1,1,0.60683763,0.94871795,1.3759518,14.562798
206,0,2,0,0.3931624,0.61538464,2.120272,9.298897
206,0,2,0.25,0.4957265,0.73504275,1.9787678,10.714067
206,0,2,0.5,0.5470086,0.8717949,1.8548726,11.730829
206,0,2,0.75,0.50427353,0.8034188,1.7523257,14.430859
206,0,2,1,0.50427353,0.6837607,1.6087438,19.91343
207,0,1,0,0.60683763,0.4871795,1.8070946,37.647972
207,0,1,0.25,0.61538464,0.4957265,1.7705212,35.52803
207,0,1,0.5,0.6495727,0.51282054,1.7462401,34.569504
207,0,1,0.75,0.64102566,0.52991456,1.7344551,33.17433
207,0,1,1,0.6581197,0.50427353,1.7353855,30.113792
207,0,2,0,0.31623933,0.35042736,2.7405703,51.538002
207,0,2,0.25,0.41025642,0.34188035,2.698362,55.39324
207,0,2,0.5,0.3846154,0.3846154,2.6652079,56.154938
207,0,2,0.75,0.34188035,0.35897437,2.641505,54.68422
207,0,2,1,0.2905983,0.35897437,2.6276658,50.086754
208,0,1,0,0.6581197,0.52991456,3.4323702,60.191048
208,0,1,0.25,0.6495727,0.53846157,3.4255261,61.289394
208,0,1,0.5,0.6495727,0.52991456,3.4329047,60.83566
208,0,1,0.75,0.62393165,0.5470086,3.4543912,60.16581
208,0,1,1,0.5982906,0.4957265,3.4899302,57.85358
208,0,2,0,0.30769232,0.52991456,4.864996,97.25906
208,0,2,0.25,0.31623933,0.5555556,4.8607645,97.90897
208,0,2,0.5,0.31623933,0.5470086,4.8615813,96.13286
208,0,2,0.75,0.32478634,0.5897436,4.867482,97.00371
208,0,2,1,0.33333334,0.5641026,4.878549,95.12593
209,0,1,0,0.9230769,0.36752138,1.5976361,7.298372
209,0,1,0.25,0.94871795,0.41025642,1.5106655,7.3636084
209,0,1,0.5,0.94017094,0.52136755,1.4294245,9.079603
209,0,1,0.75,0.93162394,0.5982906,1.3549432,10.361139
209,0,1,1,0.991453,0.6666667,1.2883956,11.105008
209,0,2,0,0.63247865,0.51282054,3.5089998,39.241394
209,0,2,0.25,0.5982906,0.61538464,3.4541807,35.22943
209,0,2,0.5,0.6923077,0.64102566,3.4065309,30.199041
209,0,2,0.75,0.75213677,0.6837607,3.3663545,25.835835
209,0,2,1,0.82905984,0.71794873,3.3339212,21.367668
210,0,1,0,0.64102566,0.41025642,1.6985174,28.56099
210,0,1,0.25,0.5897436,0.3846154,1.5898558,30.29281
210,0,1,0.5,0.5982906,0.4871795,1.498826,32.31993
210,0,1,0.75,0.63247865,0.53846157,1.4288026,31.436314
210,0,1,1,0.53846157,0.44444445,1.3829793,29.717468
210,0,2,0,0.4871795,0.47008547,2.56492,43.019478
210,0,2,0.25,0.47008547,0.52991456,2.720326,46.993813
210,0,2,0.5,0.43589744,0.4957265,2.8830345,49.558628
210,0,2,0.75,0.41880342,0.4871795,3.0518782,48.267567
210,0,2,1,0.37606838,0.42735043,3.2258935,51.805275
211,0,1,0,0.6581197,0.7094017,1.9256033,19.206242
211,0,1,0.25,0.72649574,0.5982906,2.3872166,25.97985
211,0,1,0.5,0.63247865,0.5641026,2.8495035,36.08882
211,0,1,0.75,0.51282054,0.4017094,3.3121827,42.55182
211,0,1,1,0.41880342,0.3931624,3.7751098,53.253742
211,0,2,0,0.7863248,0.52991456,1.5901979,18.681274
211,0,2,0.25,0.74358976,0.63247865,1.8501029,25.5308
211,0,2,0.5,0.5897436,0.60683763,2.1580355,34.89154
211,0,2,0.75,0.51282054,0.5726496,2.4962857,42.277016
211,0,2,1,0.51282054,0.63247865,2.854094,50.75283
212,0,1,0,1,0.41025642,1.2334219,4.4492135
212,0,1,0.25,0.94871795,0.41880342,1.250765,3.7456164
212,0,1,0.5,1,0.3846154,1.2944897,3.4444625
212,0,1,0.75,0.94871795,0.36752138,1.3651955,3.3152235
212,0,1,1,0.7863248,0.34188035,1.4631023,2.9075608
212,0,2,0,0.7606838,0.64102566,1.6877217,9.570761
212,0,2,0.25,0.74358976,0.60683763,1.6910752,10.338984
212,0,2,0.5,0.6581197,0.5897436,1.7191877,11.239155
212,0,2,0.75,0.6752137,0.63247865,1.7780834,11.776155
212,0,2,1,0.62393165,0.6581197,1.8773668,13.521843
213,0,1,0,0.6581197,0.53846157,2.8066328,21.442768
213,0,1,0.25,0.6581197,0.5470086,2.8118675,21.31331
213,0,1,0.5,0.64102566,0.53846157,2.8171248,21.265282
213,0,1,0.75,0.6495727,0.5470086,2.8224044,21.478184
213,0,1,1,0.62393165,0.5641026,2.827706,21.032272
213,0,2,0,0.5555556,0.30769232,3.3072596,54.505054
213,0,2,0.25,0.52991456,0.2991453,3.310331,53.84095
213,0,2,0.5,0.52136755,0.2991453,3.3134046,53.796497
213,0,2,0.75,0.50427353,0.31623933,3.3164804,54.199688
213,0,2,1,0.4871795,0.31623933,3.3195584,53.06301
214,0,1,0,0.3931624,0.8119658,3.1272144,40.128525
214,0,1,0.25,0.37606838,0.7948718,3.1142068,40.11745
214,0,1,0.5,0.37606838,0.82051283,3.1111507,39.90452
214,0,1,0.75,0.36752138,0.7948718,3.1180286,38.93923
214,0,1,1,0.3931624,0.82051283,3.1348424,39.02906
214,0,2,0,0.37606838,0.94017094,1.6108797,19.532984
214,0,2,0.25,0.37606838,0.93162394,1.625242,19.933893
214,0,2,0.5,0.3846154,0.9145299,1.6393003,20.343714
214,0,2,0.75,0.3846154,0.9059829,1.6529336,20.452244
214,0,2,1,0.35897437,0.9230769,1.6660115,20.605988
215,0,1,0,0.42735043,0.46153846,1.8556459,34.522415
215,0,1,0.25,0.3846154,0.47008547,1.8628328,36.171562
215,0,1,0.5,0.37606838,0.4871795,1.8707266,36.919243
215,0,1,0.75,0.37606838,0.4017094,1.8792337,37.77291
215,0,1,1,0.43589744,0.41880342,1.8882674,38.388786
215,0,2,0,0.5897436,0.46153846,1.4165941,26.350924
215,0,2,0.25,0.5897436,0.47008547,1.4041114,26.284752
215,0,2,0.5,0.60683763,0.42735043,1.3975526,25.884571
215,0,2,0.75,0.64102566,0.34188035,1.397002,26.09127
215,0,2,1,0.6581197,0.34188035,1.4025799,26.44381
216,0,1,0,0.2905983,0.6581197,2.253828,27.334488
216,0,1,0.25,0.2991453,0.64102566,2.2478917,27.673344
216,0,1,0.5,0.2991453,0.6581197,2.245676,27.504688
216,0,1,0.75,0.31623933,0.64102566,2.24722,27.855679
216,0,1,1,0.2905983,0.6837607,2.252598,28.54314
216,0,2,0,0.35897437,0.72649574,2.7304902,18.345573
216,0,2,0.25,0.34188035,0.71794873,2.7333598,17.78267
216,0,2,0.5,0.34188035,0.6923077,2.737212,17.91785
216,0,2,0.75,0.37606838,0.7094017,2.7420115,18.160816
216,0,2,1,0.35897437,0.7094017,2.7477264,18.498299
217,0,1,0,0.2991453,0.47863248,2.7510858,43.822426
217,0,1,0.25,0.33333334,0.4871795,2.736199,48.941734
217,0,1,0.5,0.32478634,0.51282054,2.7273016,51.746582
217,0,1,0.75,0.2905983,0.4957265,2.7242076,52.939445
217,0,1,1,0.35042736,0.44444445,2.7268,52.904076
217,0,2,0,0.5726496,0.7008547,2.3039095,40.76638
217,0,2,0.25,0.62393165,0.5982906,2.223746,41.293674
217,0,2,0.5,0.6837607,0.5726496,2.1724129,40.76591
217,0,2,0.75,0.74358976,0.5641026,2.1500025,42.247787
217,0,2,1,0.7606838,0.5897436,2.156706,42.064865
218,0,1,0,0.52991456,0.5982906,3.1205935,32.329823
218,0,1,0.25,0.52991456,0.4957265,3.0108411,34.73677
218,0,1,0.5,0.4871795,0.46153846,2.9064465,31.352287
218,0,1,0.75,0.41025642,0.35042736,2.8080077,26.650082
218,0,1,1,0.3846154,0.31623933,2.7161717,24.978603
218,0,2,0,0.8803419,0.45299146,1.3848547,16.243511
218,0,2,0.25,0.83760685,0.44444445,1.616684,19.15813
218,0,2,0.5,0.82051283,0.37606838,1.8532555,23.043201
218,0,2,0.75,0.7777778,0.34188035,2.092962,24.85375
218,0,2,1,0.74358976,0.2905983,2.3348384,28.405386
219,0,1,0,0.2991453,0.6495727,3.172121,31.688856
219,0,1,0.25,0.3931624,0.6666667,3.0161207,41.12388
219,0,1,0.5,0.36752138,0.5811966,2.863002,46.197384
219,0,1,0.75,0.41025642,0.4871795,2.7132533,52.21293
219,0,1,1,0.51282054,0.34188035,2.5674639,54.429276
219,0,2,0,0.52991456,0.5726496,1.8229421,20.721222
219,0,2,0.25,0.5726496,0.6581197,1.8262292,22.729895
219,0,2,0.5,0.51282054,0.6666667,1.8569924,26.123922
219,0,2,0.75,0.50427353,0.64102566,1.9139061,29.61895
219,0,2,1,0.46153846,0.60683763,1.9947343,33.530537
220,0,1,0,0.61538464,0.6666667,1.6086596,15.064076
220,0,1,0.25,0.52991456,0.6666667,1.7207702,17.263523
220,0,1,0.5,0.62393165,0.5982906,1.8361813,20.524813
220,0,1,0.75,0.5726496,0.5555556,1.9543089,21.953484
220,0,1,1,0.52136755,0.61538464,2.0746882,23.330849
220,0,2,0,0.5811966,0.5641026,1.7496971,16.616516
220,0,2,0.25,0.5982906,0.5555556,1.8037007,17.526003
220,0,2,0.5,0.7008547,0.5726496,1.8674963,19.970459
220,0,2,0.75,0.63247865,0.5470086,1.9401186,19.984865
220,0,2,1,0.5726496,0.5470086,2.0206153,20.245708
221,0,1,0,0.46153846,0.45299146,1.9383168,46.450764
221,0,1,0.25,0.45299146,0.43589744,1.9372532,47.570625
221,0,1,0.5,0.4871795,0.43589744,1.9412534,47.673
221,0,1,0.75,0.4871795,0.42735043,1.9503337,48.523857
221,0,1,1,0.46153846,0.44444445,1.9645567,49.342216
221,0,2,0,0.31623933,0.5897436,1.698016,40.241592
221,0,2,0.25,0.32478634,0.6495727,1.6933693,40.903687
221,0,2,0.5,0.35042736,0.64102566,1.6853136,40.535046
221,0,2,0.75,0.36752138,0.63247865,1.673936,38.69442
221,0,2,1,0.35042736,0.6666667,1.6593386,36.949814
222,0,1,0,0.85470086,0.53846157,1.344146,21.875961
222,0,1,0.25,0.84615386,0.5470086,1.3329453,20.10207
222,0,1,0.5,0.83760685,0.47863248,1.324323,18.57505
222,0,1,0.75,0.75213677,0.3846154,1.31833,18.263655
222,0,1,1,0.83760685,0.3931624,1.3150024,21.605377
222,0,2,0,0.2905983,0.75213677,2.5965476,16.885183
222,0,2,0.25,0.2991453,0.83760685,2.6893935,18.070965
222,0,2,0.5,0.33333334,0.84615386,2.7828486,18.114351
222,0,2,0.75,0.31623933,0.8803419,2.876854,17.065172
222,0,2,1,0.30769232,0.8632479,2.9713564,16.306854
223,0,1,0,0.37606838,0.4871795,1.7813723,24.294968
223,0,1,0.25,0.3931624,0.51282054,1.7641528,23.453522
223,0,1,0.5,0.42735043,0.53846157,1.7470069,23.167397
223,0,1,0.75,0.42735043,0.5470086,1.7299374,23.085728
223,0,1,1,0.45299146,0.52991456,1.7129462,22.97247
223,0,2,0,0.63247865,0.2991453,1.2310317,26.75539
223,0,2,0.25,0.64102566,0.2991453,1.2428834,26.508987
223,0,2,0.5,0.6752137,0.2991453,1.2547358,26.897816
223,0,2,0.75,0.6837607,0.32478634,1.2665893,25.989254
223,0,2,1,0.6923077,0.34188035,1.2784436,25.748648
224,0,1,0,0.5982906,0.43589744,2.8187127,34.34736
224,0,1,0.25,0.5982906,0.4017094,2.8033125,33.232403
224,0,1,0.5,0.62393165,0.4017094,2.7899866,34.3481
224,0,1,0.75,0.5811966,0.41025642,2.7788231,33.24514
224,0,1,1,0.5897436,0.41025642,2.7699106,32.68305
224,0,2,0,0.5641026,0.5641026,3.3460405,38.957565
224,0,2,0.25,0.5897436,0.52136755,3.342292,38.287704
224,0,2,0.5,0.61538464,0.52991456,3.3351107,38.10269
224,0,2,0.75,0.64102566,0.52991456,3.3245318,37.661587
224,0,2,1,0.6581197,0.52136755,3.3106,37.02735
225,0,1,0,0.35897437,0.4017094,3.8509896,81.554794
225,0,1,0.25,0.34188035,0.3931624,3.8553743,79.53086
225,0,1,0.5,0.34188035,0.3846154,3.8511732,81.95654
225,0,1,0.75,0.34188035,0.37606838,3.8384116,82.00668
225,0,1,1,0.34188035,0.36752138,3.8171227,84.19694
225,0,2,0,0.53846157,0.85470086,1.2613322,19.819637
225,0,2,0.25,0.51282054,0.83760685,1.2971663,19.73626
225,0,2,0.5,0.51282054,0.82905984,1.3152674,20.263113
225,0,2,0.75,0.4871795,0.7863248,1.315805,20.237984
225,0,2,1,0.47008547,0.7777778,1.2990822,20.04515
226,0,1,0,0.32478634,0.5470086,1.8855904,14.971924
226,0,1,0.25,0.41880342,0.64102566,1.7552106,13.598259
226,0,1,0.5,0.52991456,0.83760685,1.6480275,11.371874
226,0,1,0.75,0.5982906,0.8803419,1.5688028,9.50024
226,0,1,1,0.6581197,0.8974359,1.5219088,7.4552865
226,0,2,0,0.47863248,0.6923077,2.0833757,14.079635
226,0,2,0.25,0.5470086,0.71794873,2.0672207,10.707104
226,0,2,0.5,0.62393165,0.8034188,2.0681384,7.6851034
226,0,2,0.75,0.63247865,0.7692308,2.0861058,5.4513884
226,0,2,1,0.5811966,0.7777778,2.12069,3.906118
227,0,1,0,0.5897436,0.7606838,2.2823446,35.35709
227,0,1,0.25,0.74358976,0.62393165,2.0870311,33.128925
227,0,1,0.5,0.8717949,0.53846157,1.8625227,23.850105
227,0,1,0.75,0.7863248,0.7008547,1.5768965,15.645205
227,0,1,1,0.84615386,0.7863248,1.3024352,10.951136
227,0,2,0,0.71794873,0.5982906,2.8177922,47.127583
227,0,2,0.25,0.51282054,0.42735043,2.4971616,42.297096
227,0,2,0.5,0.6923077,0.34188035,2.1379097,31.427647
227,0,2,0.75,0.82051283,0.43589744,1.6890508,19.929798
227,0,2,1,0.9145299,0.51282054,1.2539601,13.200691
228,0,1,0,0.8974359,0.50427353,2.5116148,19.815308
228,0,1,0.25,0.84615386,0.52136755,2.5079987,19.39405
228,0,1,0.5,0.8632479,0.50427353,2.5083938,19.215736
228,0,1,0.75,0.8717949,0.4871795,2.5126257,19.374939
228,0,1,1,0.84615386,0.50427353,2.5206552,19.597347
228,0,2,0,0.6666667,0.62393165,2.7664728,19.249561
228,0,2,0.25,0.6923077,0.62393165,2.7501378,18.829865
228,0,2,0.5,0.71794873,0.63247865,2.740318,18.337364
228,0,2,0.75,0.74358976,0.64102566,2.737044,17.922678
228,0,2,1,0.73504275,0.6666667,2.7403631,17.736568
229,0,1,0,0.71794873,0.8034188,2.1611564,12.278679
229,0,1,0.25,0.6581197,0.6495727,2.0800693,14.917614
229,0,1,0.5,0.53846157,0.5470086,2.0207791,16.595856
229,0,1,0.75,0.53846157,0.5555556,1.8957968,15.069683
229,0,1,1,0.7008547,0.5555556,1.6893018,10.749879
229,0,2,0,0.6495727,0.64102566,1.905139,17.982746
229,0,2,0.25,0.5897436,0.5982906,1.6526705,18.515919
229,0,2,0.5,0.6581197,0.5555556,1.511713,19.57864
229,0,2,0.75,0.6495727,0.4871795,1.4466268,19.038887
229,0,2,1,0.5641026,0.52991456,1.4446468,17.660694
230,0,1,0,0.2991453,0.83760685,1.2386588,18.800463
230,0,1,0.25,0.47008547,0.8034188,1.3331944,20.948256
230,0,1,0.5,0.62393165,0.63247865,1.4963864,20.474361
230,0,1,0.75,0.7094017,0.4957265,1.7086743,14.624916
230,0,1,1,0.8717949,0.41880342,1.9541233,12.927744
230,0,2,0,0.60683763,0.7606838,1.5291525,15.725916
230,0,2,0.25,0.5897436,0.7606838,1.6157745,17.963005
230,0,2,0.5,0.5811966,0.7777778,1.7144401,20.80096
230,0,2,0.75,0.6837607,0.7692308,1.8231959,24.291233
230,0,2,1,0.75213677,0.5811966,1.9403461,24.916574
231,0,1,0,0.74358976,0.45299146,2.1351914,26.888449
231,0,1,0.25,0.6666667,0.3846154,2.4484682,30.960443
231,0,1,0.5,0.5811966,0.41880342,2.7906075,37.530983
231,0,1,0.75,0.50427353,0.44444445,3.1522255,40.42618
231,0,1,1,0.53846157,0.4017094,3.5273364,54.211563
231,0,2,0,0.6581197,0.53846157,1.7408957,10.999687
231,0,2,0.25,0.5811966,0.4957265,1.7471006,13.055907
231,0,2,0.5,0.61538464,0.5897436,1.7721334,15.138212
231,0,2,0.75,0.52136755,0.52136755,1.8152152,22.489613
231,0,2,1,0.5470086,0.5470086,1.8751029,20.78276
232,0,1,0,0.75213677,0.5555556,2.2019773,26.2555
232,0,1,0.25,0.7692308,0.53846157,2.1883545,25.875124
232,0,1,0.5,0.73504275,0.52991456,2.1822875,26.27708
232,0,1,0.75,0.74358976,0.50427353,2.1838474,24.064297
232,0,1,1,0.7606838,0.53846157,2.1931257,24.229275
232,0,2,0,0.5811966,0.6666667,2.3871472,36.999916
232,0,2,0.25,0.52991456,0.63247865,2.4060626,36.836994
232,0,2,0.5,0.51282054,0.60683763,2.4156182,37.310337
232,0,2,0.75,0.53846157,0.5555556,2.4157412,37.317314
232,0,2,1,0.5555556,0.53846157,2.4064682,37.64633
233,0,1,0,0.35042736,0.3931624,2.097978,37.856453
233,0,1,0.25,0.36752138,0.41025642,2.1084409,38.466206
233,0,1,0.5,0.4017094,0.3846154,2.1158683,39.31933
233,0,1,0.75,0.41880342,0.4017094,2.1202204,38.609615
233,0,1,1,0.4017094,0.37606838,2.1214516,38.48771
233,0,2,0,0.33333334,0.30769232,1.8670833,31.91431
233,0,2,0.25,0.36752138,0.34188035,1.8664145,31.801037
233,0,2,0.5,0.41025642,0.33333334,1.8672076,32.403355
233,0,2,0.75,0.44444445,0.37606838,1.86944,32.07278
233,0,2,1,0.43589744,0.3931624,1.8731041,31.934881
234,0,1,0,0.30769232,0.36752138,1.7224404,32.258186
234,0,1,0.25,0.30769232,0.3846154,1.7266878,32.30316
234,0,1,0.5,0.32478634,0.3846154,1.731351,32.756336
234,0,1,0.75,0.35897437,0.4017094,1.7363929,32.126587
234,0,1,1,0.33333334,0.43589744,1.7417895,31.433315
234,0,2,0,0.43589744,0.4871795,1.6057395,21.211369
234,0,2,0.25,0.43589744,0.4957265,1.6031029,20.347816
234,0,2,0.5,0.42735043,0.50427353,1.599244,19.644037
234,0,2,0.75,0.44444445,0.51282054,1.5941905,19.319157
234,0,2,1,0.47863248,0.51282054,1.5879738,18.718237
235,0,1,0,0.47863248,0.7008547,2.756294,44.011703
235,0,1,0.25,0.4957265,0.6837607,2.7212956,43.42225
235,0,1,0.5,0.51282054,0.6495727,2.7015667,43.042458
235,0,1,0.75,0.5470086,0.63247865,2.697086,42.678734
235,0,1,1,0.5641026,0.64102566,2.7078228,42.478752
235,0,2,0,0.36752138,0.9145299,1.6039222,19.243052
235,0,2,0.25,0.3846154,0.85470086,1.6173332,19.36216
235,0,2,0.5,0.3846154,0.8119658,1.6309588,19.584698
235,0,2,0.75,0.41025642,0.82905984,1.6447053,19.95174
235,0,2,1,0.41880342,0.82905984,1.6584959,20.166351
236,0,1,0,0.93162394,0.6837607,1.636929,19.77472
236,0,1,0.25,0.93162394,0.6752137,1.6482389,19.91522
236,0,1,0.5,0.9230769,0.6837607,1.6507887,20.052814
236,0,1,0.75,0.9059829,0.6581197,1.6445142,20.057167
236,0,1,1,0.8974359,0.64102566,1.6294218,19.74506
236,0,2,0,0.35042736,0.85470086,1.5749632,11.6099415
236,0,2,0.25,0.35042736,0.83760685,1.5629036,11.482095
236,0,2,0.5,0.35042736,0.82905984,1.5588403,11.4536
236,0,2,0.75,0.33333334,0.82905984,1.5626961,11.606302
236,0,2,1,0.33333334,0.82051283,1.574556,11.618384
237,0,1,0,0.8119658,0.47863248,3.248131,16.583977
237,0,1,0.25,0.8034188,0.47863248,3.2638054,16.508596
237,0,1,0.5,0.7948718,0.44444445,3.2693195,16.32291
237,0,1,0.75,0.7777778,0.44444445,3.2646291,16.284525
237,0,1,1,0.7863248,0.46153846,3.2497005,15.99674
237,0,2,0,0.35042736,0.32478634,3.059085,52.82543
237,0,2,0.25,0.35042736,0.34188035,3.0685856,53.26004
237,0,2,0.5,0.35897437,0.33333334,3.075081,52.893093
237,0,2,0.75,0.36752138,0.30769232,3.0785677,52.4494
237,0,2,1,0.37606838,0.2905983,3.0790594,51.893013
238,0,1,0,0.62393165,0.5897436,1.9419459,21.49695
238,0,1,0.25,0.63247865,0.5726496,1.941435,21.47314
238,0,1,0.5,0.6495727,0.5641026,1.9412819,21.813328
238,0,1,0.75,0.6666667,0.5811966,1.9414867,21.402863
238,0,1,1,0.6837607,0.5555556,1.9420496,21.059341
238,0,2,0,0.47863248,0.63247865,1.6993673,15.155092
238,0,2,0.25,0.4871795,0.63247865,1.7123144,15.19452
238,0,2,0.5,0.51282054,0.63247865,1.7253081,15.108728
238,0,2,0.75,0.52136755,0.64102566,1.7383465,15.822021
238,0,2,1,0.5470086,0.6666667,1.7514287,16.34278
239,0,1,0,0.44444445,0.982906,1.8675687,9.635143
239,0,1,0.25,0.45299146,0.95726496,1.8885278,9.840776
239,0,1,0.5,0.44444445,0.94871795,1.899994,9.756711
239,0,1,0.75,0.47863248,0.95726496,1.8997458,9.613323
239,0,1,1,0.50427353,0.95726496,1.8868047,9.219563
239,0,2,0,0.73504275,0.5641026,2.6093333,20.386402
239,0,2,0.25,0.7094017,0.5726496,2.5678313,20.436394
239,0,2,0.5,0.6837607,0.5897436,2.5474463,20.288025
239,0,2,0.75,0.6923077,0.60683763,2.5474937,20.25595
239,0,2,1,0.6923077,0.61538464,2.5677304,20.299706
240,0,1,0,0.8974359,0.3846154,1.5801697,11.315945
240,0,1,0.25,0.9059829,0.4871795,1.5654874,12.17448
240,0,1,0.5,0.83760685,0.5726496,1.7472678,15.21273
240,0,1,0.75,0.5897436,0.5811966,2.13047,16.358603
240,0,1,1,0.5811966,0.73504275,2.525448,19.361517
240,0,2,0,0.9145299,0.3846154,1.5708145,16.30553
240,0,2,0.25,0.94017094,0.41880342,1.619663,19.931644
240,0,2,0.5,0.7606838,0.3846154,1.8539699,22.063488
240,0,2,0.75,0.62393165,0.37606838,2.2617087,27.47739
240,0,2,1,0.5897436,0.35042736,2.676091,29.509079
241,0,1,0,0.31623933,0.64102566,3.8252304,39.02292
241,0,1,0.25,0.33333334,0.64102566,3.8211887,38.246674
241,0,1,0.5,0.35042736,0.61538464,3.8171523,36.84272
241,0,1,0.75,0.35897437,0.64102566,3.813121,36.86045
241,0,1,1,0.3931624,0.62393165,3.8090956,36.402775
241,0,2,0,0.7948718,0.71794873,1.8660535,19.836056
241,0,2,0.25,0.7777778,0.72649574,1.8648379,19.58406
241,0,2,0.5,0.7948718,0.74358976,1.8636354,19.672558
241,0,2,0.75,0.82051283,0.71794873,1.8624458,19.719154
241,0,2,1,0.82905984,0.71794873,1.8612692,19.479637
242,0,1,0,0.52991456,0.7948718,2.1651454,14.830894
242,0,1,0.25,0.5726496,0.85470086,2.2135575,15.638684
242,0,1,0.5,0.60683763,0.8803419,2.2433527,15.955204
242,0,1,0.75,0.63247865,0.85470086,2.2543995,16.315403
242,0,1,1,0.63247865,0.8803419,2.2467358,16.576773
242,0,2,0,0.31623933,0.93162394,2.5684144,38.008453
242,0,2,0.25,0.30769232,0.9145299,2.5529974,37.376648
242,0,2,0.5,0.31623933,0.8888889,2.5423753,37.045837
242,0,2,0.75,0.36752138,0.8888889,2.536692,37.97592
242,0,2,1,0.34188035,0.8974359,2.5362153,38.2208
243,0,1,0,0.8632479,0.45299146,4.124087,18.348948
243,0,1,0.25,0.8803419,0.45299146,4.1233635,18.54774
243,0,1,0.5,0.8888889,0.46153846,4.132306,19.08414
243,0,1,0.75,0.8632479,0.47008547,4.1507974,19.336193
243,0,1,1,0.82051283,0.47008547,4.1787214,19.762291
243,0,2,0,0.7863248,0.5470086,2.8825808,23.159325
243,0,2,0.25,0.7863248,0.5555556,2.879265,23.097746
243,0,2,0.5,0.7777778,0.5641026,2.8832736,23.347057
243,0,2,0.75,0.7606838,0.53846157,2.8947377,23.690376
243,0,2,1,0.7606838,0.5470086,2.913972,23.775375
244,0,1,0,0.7777778,0.6581197,2.000896,25.507006
244,0,1,0.25,0.5555556,0.5811966,2.0203035,25.804928
244,0,1,0.5,0.47008547,0.50427353,2.1448603,28.963415
244,0,1,0.75,0.5555556,0.5555556,2.357962,32.437202
244,0,1,1,0.52991456,0.45299146,2.6382387,33.811066
244,0,2,0,0.64102566,0.7008547,1.3018178,18.214363
244,0,2,0.25,0.53846157,0.7606838,1.2768886,15.691469
244,0,2,0.5,0.5982906,0.82051283,1.2945886,12.912521
244,0,2,0.75,0.6495727,0.7948718,1.3532465,11.517071
244,0,2,1,0.71794873,0.84615386,1.4478927,9.734954
245,0,1,0,0.6666667,0.4957265,1.7367816,7.5302057
245,0,1,0.25,0.63247865,0.42735043,1.7822106,7.471697
245,0,1,0.5,0.63247865,0.33333334,1.911317,9.643375
245,0,1,0.75,0.64102566,0.35897437,2.1117203,13.3341465
245,0,1,1,0.82051283,0.41025642,2.3808079,18.69508
245,0,2,0,0.974359,0.41880342,1.3243579,9.748047
245,0,2,0.25,0.94871795,0.44444445,1.3436834,10.187467
245,0,2,0.5,0.982906,0.43589744,1.348899,9.434211
245,0,2,0.75,0.9230769,0.41880342,1.3368695,8.143874
245,0,2,1,1,0.4017094,1.3141572,6.195188
246,0,1,0,0.45299146,0.5726496,3.370985,23.989912
246,0,1,0.25,0.52136755,0.5897436,3.2456224,22.231834
246,0,1,0.5,0.60683763,0.5555556,3.1250253,19.750408
246,0,1,0.75,0.6752137,0.4957265,3.009765,22.670305
246,0,1,1,0.6923077,0.52136755,2.900479,17.969238
246,0,2,0,0.31623933,0.71794873,5.0370007,27.640926
246,0,2,0.25,0.31623933,0.8119658,4.9243026,30.904196
246,0,2,0.5,0.35042736,0.7692308,4.811743,32.17525
246,0,2,0.75,0.37606838,0.4957265,4.699331,32.0565
246,0,2,1,0.32478634,0.41880342,4.587076,31.7977
247,0,1,0,0.4017094,0.44444445,3.8565984,71.009766
247,0,1,0.25,0.41025642,0.45299146,3.8543093,69.300934
247,0,1,0.5,0.42735043,0.42735043,3.8620334,67.29666
247,0,1,0.75,0.46153846,0.42735043,3.8796422,65.2151
247,0,1,1,0.46153846,0.42735043,3.90701,64.41422
247,0,2,0,0.34188035,0.71794873,3.1290216,49.917686
247,0,2,0.25,0.37606838,0.75213677,3.1465747,49.507893
247,0,2,0.5,0.36752138,0.74358976,3.1579187,49.546017
247,0,2,0.75,0.3846154,0.7863248,3.1629894,48.97612
247,0,2,1,0.3846154,0.7948718,3.1617582,48.02832
248,0,1,0,0.43589744,0.9230769,1.5261962,17.02928
248,0,1,0.25,0.42735043,0.9145299,1.5185249,16.88912
248,0,1,0.5,0.42735043,0.9059829,1.5108539,17.112915
248,0,1,0.75,0.42735043,0.8974359,1.5031835,17.003088
248,0,1,1,0.3846154,0.8803419,1.4955136,17.269073
248,0,2,0,0.32478634,0.41880342,2.441462,39.41057
248,0,2,0.25,0.34188035,0.43589744,2.4486866,38.2742
248,0,2,0.5,0.33333334,0.42735043,2.4559135,39.27185
248,0,2,0.75,0.34188035,0.41880342,2.4631429,40.1621
248,0,2,1,0.30769232,0.43589744,2.470375,41.625854
249,0,1,0,0.5897436,0.6495727,2.2768688,33.08902
249,0,1,0.25,0.60683763,0.63247865,2.2803602,33.05049
249,0,1,0.5,0.63247865,0.6495727,2.2844124,33.178772
249,0,1,0.75,0.61538464,0.64102566,2.2889907,33.294376
249,0,1,1,0.5982906,0.6581197,2.2940702,33.932198
249,0,2,0,0.41025642,0.85470086,1.3370215,23.150291
249,0,2,0.25,0.4017094,0.85470086,1.3432722,23.460339
249,0,2,0.5,0.3846154,0.85470086,1.3428211,23.578455
249,0,2,0.75,0.4017094,0.85470086,1.3357,23.468582
249,0,2,1,0.41025642,0.8632479,1.3219407,23.309639
250,0,1,0,0.4957265,0.74358976,1.3734951,20.958996
250,0,1,0.25,0.50427353,0.71794873,1.3960478,21.169804
250,0,1,0.5,0.50427353,0.71794873,1.4298046,21.671225
250,0,1,0.75,0.4871795,0.73504275,1.4742342,21.676464
250,0,1,1,0.46153846,0.71794873,1.5288844,21.74482
250,0,2,0,0.6581197,0.75213677,1.4771582,22.148033
250,0,2,0.25,0.6581197,0.7008547,1.4834526,21.857668
250,0,2,0.5,0.6837607,0.7008547,1.4947064,22.043884
250,0,2,0.75,0.6837607,0.6837607,1.510092,22.139355
250,0,2,1,0.6666667,0.7094017,1.529115,22.190842
251,0,1,0,0.63247865,0.8974359,2.4778306,34.315598
251,0,1,0.25,0.6923077,0.8974359,2.4184802,33.896736
251,0,1,0.5,0.6923077,0.8717949,2.3869298,33.626823
251,0,1,0.75,0.7094017,0.8888889,2.3830724,33.35598
251,0,1,1,0.74358976,0.8717949,2.406857,33.41282
251,0,2,0,0.60683763,0.6837607,3.415884,49.28981
251,0,2,0.25,0.5982906,0.7008547,3.429871,50.10868
251,0,2,0.5,0.5811966,0.71794873,3.4402702,50.319595
251,0,2,0.75,0.5897436,0.74358976,3.4467573,50.01834
251,0,2,1,0.60683763,0.73504275,3.4492075,49.97073
252,0,1,0,0.95726496,0.42735043,1.7630427,14.094772
252,0,1,0.25,0.95726496,0.46153846,1.7807932,14.411793
252,0,1,0.5,0.95726496,0.4871795,1.7833734,14.45958
252,0,1,0.75,0.93162394,0.4871795,1.7712152,14.309768
252,0,1,1,0.93162394,0.4957265,1.7448907,14.053249
252,0,2,0,0.8974359,0.6666667,2.1547923,10.397163
252,0,2,0.25,0.8803419,0.6923077,2.1783412,10.381443
252,0,2,0.5,0.8717949,0.7008547,2.1929467,10.3400135
252,0,2,0.75,0.8717949,0.7008547,2.1984155,10.42539
252,0,2,1,0.8717949,0.6923077,2.1946666,10.31535
253,0,1,0,0.63247865,0.6581197,1.6333004,29.134636
253,0,1,0.25,0.5982906,0.62393165,1.6040015,29.077675
253,0,1,0.5,0.61538464,0.60683763,1.5712036,28.533255
253,0,1,0.75,0.63247865,0.5897436,1.5348275,28.151688
253,0,1,1,0.60683763,0.5641026,1.4948736,27.77981
253,0,2,0,0.52136755,0.74358976,2.28302,33.08182
253,0,2,0.25,0.52136755,0.72649574,2.270297,32.994225
253,0,2,0.5,0.52991456,0.6581197,2.2677271,32.829357
253,0,2,0.75,0.5641026,0.5982906,2.2739553,33.534817
253,0,2,1,0.5555556,0.63247865,2.2881186,34.008255
254,0,1,0,0.5897436,0.96581197,1.7886395,8.069018
254,0,1,0.25,0.60683763,0.974359,1.7912625,8.484522
254,0,1,0.5,0.61538464,0.96581197,1.7944041,8.687519
254,0,1,0.75,0.60683763,0.94871795,1.7979962,8.721541
254,0,1,1,0.5811966,0.94871795,1.8020577,8.760949
254,0,2,0,0.5811966,0.82051283,2.2153218,17.487709
254,0,2,0.25,0.5726496,0.82051283,2.2132988,17.513336
254,0,2,0.5,0.5470086,0.84615386,2.21628,17.870394
254,0,2,0.75,0.53846157,0.8632479,2.2241945,18.068438
254,0,2,1,0.52136755,0.8717949,2.2369943,18.377121
255,0,1,0,0.5982906,0.7948718,1.7586042,29.248335
255,0,1,0.25,0.60683763,0.8119658,1.7574677,29.123695
255,0,1,0.5,0.61538464,0.82051283,1.7567077,29.125603
255,0,1,0.75,0.5897436,0.8119658,1.7563039,28.969412
255,0,1,1,0.5897436,0.8034188,1.7562782,28.764883
255,0,2,0,0.72649574,0.6837607,1.4712793,23.776283
255,0,2,0.25,0.71794873,0.7008547,1.4627631,23.669083
255,0,2,0.5,0.72649574,0.7008547,1.4577512,23.818846
255,0,2,0.75,0.74358976,0.7008547,1.4562129,23.883873
255,0,2,1,0.7094017,0.7008547,1.4581356,23.93734
256,0,1,0,0.4017094,0.64102566,1.7289572,40.852737
256,0,1,0.25,0.37606838,0.6581197,1.7292695,40.67312
256,0,1,0.5,0.2991453,0.6581197,1.7288336,39.55237
256,0,1,0.75,0.30769232,0.61538464,1.7276548,38.81163
256,0,1,1,0.30769232,0.62393165,1.7257382,39.482567
256,0,2,0,0.7094017,0.37606838,2.00772,43.731743
256,0,2,0.25,0.72649574,0.36752138,2.0078437,43.00869
256,0,2,0.5,0.73504275,0.35042736,2.0063868,43.451294
256,0,2,0.75,0.7606838,0.35897437,2.0033712,41.456867
256,0,2,1,0.73504275,0.37606838,1.9988289,40.606964
257,0,1,0,0.62393165,0.3846154,3.0932574,38.071266
257,0,1,0.25,0.63247865,0.3846154,3.0809288,37.92382
257,0,1,0.5,0.63247865,0.3846154,3.0712104,38.583565
257,0,1,0.75,0.62393165,0.37606838,3.0640895,39.41001
257,0,1,1,0.6581197,0.35897437,3.0596013,39.76033
257,0,2,0,0.7863248,0.82051283,2.4120588,10.050959
257,0,2,0.25,0.7692308,0.7863248,2.4155023,10.325851
257,0,2,0.5,0.74358976,0.75213677,2.418261,10.517924
257,0,2,0.75,0.74358976,0.71794873,2.4202988,10.647075
257,0,2,1,0.73504275,0.72649574,2.4216232,10.797224
258,0,1,0,0.35897437,0.6837607,1.6238625,22.577856
258,0,1,0.25,0.33333334,0.64102566,1.6218722,22.349586
258,0,1,0.5,0.32478634,0.62393165,1.6198831,22.79348
258,0,1,0.75,0.31623933,0.5897436,1.6178945,23.430393
258,0,1,1,0.32478634,0.60683763,1.6159071,23.254272
258,0,2,0,0.7863248,0.6581197,1.4408454,12.077081
258,0,2,0.25,0.7863248,0.6581197,1.4363824,12.268026
258,0,2,0.5,0.8034188,0.6495727,1.4319196,12.225559
258,0,2,0.75,0.8119658,0.63247865,1.4274566,12.350423
258,0,2,1,0.82051283,0.64102566,1.4229935,12.416662
259,0,1,0,0.7008547,0.52991456,2.45754,22.503307
259,0,1,0.25,0.8034188,0.4871795,2.268507,19.912909
259,0,1,0.5,0.82905984,0.42735043,2.0877373,17.537968
259,0,1,0.75,0.7948718,0.36752138,1.9175699,15.459232
259,0,1,1,0.84615386,0.34188035,1.7610805,13.335758
259,0,2,0,0.3846154,0.8974359,1.7806273,13.164318
259,0,2,0.25,0.30769232,0.8974359,1.9417927,13.268078
259,0,2,0.5,0.2991453,0.94017094,2.1083508,12.740778
259,0,2,0.75,0.2905983,0.94871795,2.2791204,11.639827
259,0,2,1,0.30769232,0.982906,2.453222,10.932558
260,0,1,0,0.51282054,0.7863248,1.8584795,24.662926
260,0,1,0.25,0.5555556,0.75213677,1.8475964,24.200275
260,0,1,0.5,0.5982906,0.75213677,1.8199933,23.708237
260,0,1,0.75,0.5897436,0.7777778,1.7798076,22.215782
260,0,1,1,0.5641026,0.7948718,1.7352198,20.289835
260,0,2,0,0.74358976,0.7777778,2.0983553,26.941208
260,0,2,0.25,0.73504275,0.7948718,1.9970015,24.928988
260,0,2,0.5,0.73504275,0.7863248,1.8904573,23.02927
260,0,2,0.75,0.7606838,0.82905984,1.779036,20.876844
260,0,2,1,0.7692308,0.84615386,1.6630529,18.907867
261,0,1,0,0.60683763,0.74358976,1.7673931,22.461521
261,0,1,0.25,0.64102566,0.6666667,1.7599765,23.479143
261,0,1,0.5,0.72649574,0.63247865,1.7567507,25.149189
261,0,1,0.75,0.7692308,0.64102566,1.760236,26.685879
261,0,1,1,0.82051283,0.5641026,1.8013077,28.189632
261,0,2,0,0.60683763,0.7692308,1.675662,18.072485
261,0,2,0.25,0.6581197,0.71794873,1.6195414,15.64986
261,0,2,0.5,0.60683763,0.6666667,1.5690943,13.8520775
261,0,2,0.75,0.60683763,0.8034188,1.521992,14.217769
261,0,2,1,0.71794873,0.75213677,1.4434133,14.642948
262,0,1,0,0.5641026,0.47008547,4.0742373,20.547777
262,0,1,0.25,0.5982906,0.47008547,4.0789504,20.330124
262,0,1,0.5,0.64102566,0.47008547,4.085737,20.415562
262,0,1,0.75,0.62393165,0.46153846,4.0945826,19.22755
262,0,1,1,0.61538464,0.45299146,4.1055403,19.258179
262,0,2,0,0.47863248,0.5982906,3.684422,9.114742
262,0,2,0.25,0.5470086,0.60683763,3.6756868,9.821644
262,0,2,0.5,0.5982906,0.62393165,3.6728075,9.910853
262,0,2,0.75,0.5982906,0.6495727,3.6757734,9.92635
262,0,2,1,0.5982906,0.6752137,3.6846402,9.923557
263,0,1,0,0.35897437,0.75213677,1.400388,14.40054
263,0,1,0.25,0.37606838,0.7777778,1.4104108,14.648146
263,0,1,0.5,0.37606838,0.7863248,1.4169474,14.645459
263,0,1,0.75,0.37606838,0.8034188,1.4199666,14.536326
263,0,1,1,0.3846154,0.7948718,1.4194852,14.608577
263,0,2,0,0.37606838,0.8974359,1.6991068,20.05806
263,0,2,0.25,0.43589744,0.8974359,1.6937408,21.338474
263,0,2,0.5,0.45299146,0.9059829,1.6872944,21.374619
263,0,2,0.75,0.46153846,0.9059829,1.6798068,21.063694
263,0,2,1,0.46153846,0.9059829,1.671323,20.854908
264,0,1,0,0.6923077,0.50427353,1.6599029,25.678274
264,0,1,0.25,0.6666667,0.5470086,1.636169,27.023216
264,0,1,0.5,0.6837607,0.53846157,1.6243279,28.028591
264,0,1,0.75,0.61538464,0.5470086,1.6244762,29.349527
264,0,1,1,0.64102566,0.5982906,1.6367704,30.049313
264,0,2,0,0.5982906,0.4871795,1.300808,30.077414
264,0,2,0.25,0.5982906,0.4957265,1.3089873,31.621042
264,0,2,0.5,0.62393165,0.5470086,1.3124107,32.84954
264,0,2,0.75,0.62393165,0.5726496,1.3110636,34.053726
264,0,2,1,0.5897436,0.60683763,1.3049468,33.698807
265,0,1,0,0.94871795,0.72649574,1.638816,5.9004946
265,0,1,0.25,0.96581197,0.72649574,1.6854839,5.496808
265,0,1,0.5,0.95726496,0.72649574,1.7161307,5.210506
265,0,1,0.75,0.8717949,0.74358976,1.7296542,5.0227413
265,0,1,1,0.8888889,0.6923077,1.7256982,4.9314175
265,0,2,0,0.52136755,0.3846154,2.9318569,23.196419
265,0,2,0.25,0.51282054,0.3931624,2.9328828,23.867224
265,0,2,0.5,0.46153846,0.4017094,2.9150999,23.81675
265,0,2,0.75,0.45299146,0.47008547,2.878193,24.2716
265,0,2,1,0.43589744,0.46153846,2.8220294,25.017235
266,0,1,0,0.8717949,0.52136755,1.8291854,27.56308
266,0,1,0.25,0.8888889,0.47863248,1.8227451,27.570831
266,0,1,0.5,0.8717949,0.4957265,1.8211681,26.94976
266,0,1,0.75,0.8803419,0.4957265,1.8243877,26.602566
266,0,1,1,0.8974359,0.47863248,1.8324988,26.791964
266,0,2,0,0.2991453,0.82905984,2.2599075,21.199505
266,0,2,0.25,0.2905983,0.8119658,2.248344,20.597996
266,0,2,0.5,0.2905983,0.82905984,2.2483022,20.752983
266,0,2,0.75,0.2991453,0.82051283,2.2597518,21.35611
266,0,2,1,0.2991453,0.83760685,2.2826703,21.989002
267,0,1,0,0.7094017,0.2991453,1.8311887,16.091011
267,0,1,0.25,0.83760685,0.32478634,1.8300858,14.719259
267,0,1,0.5,0.8803419,0.2991453,1.832668,12.52151
267,0,1,0.75,0.96581197,0.2905983,1.8389195,11.343143
267,0,1,1,0.93162394,0.32478634,1.8488034,10.849832
267,0,2,0,0.71794873,0.7008547,2.0561283,6.3319187
267,0,2,0.25,0.72649574,0.7777778,2.1923215,7.1265817
267,0,2,0.5,0.74358976,0.8632479,2.3288426,7.0340023
267,0,2,0.75,0.7094017,0.8632479,2.465637,7.0190587
267,0,2,1,0.7008547,0.85470086,2.6026607,7.610215
268,0,1,0,0.71794873,0.4017094,1.8718997,30.535725
268,0,1,0.25,0.74358976,0.4017094,1.8692216,30.211193
268,0,1,0.5,0.7692308,0.3846154,1.8666583,30.080887
268,0,1,0.75,0.8034188,0.35042736,1.8642102,29.558403
268,0,1,1,0.84615386,0.35042736,1.861878,30.761723
268,0,2,0,0.35042736,0.5726496,2.1560419,27.915403
268,0,2,0.25,0.35897437,0.5897436,2.1424654,27.608877
268,0,2,0.5,0.3931624,0.5811966,2.1289184,26.927458
268,0,2,0.75,0.4017094,0.5897436,2.1154017,26.792177
268,0,2,1,0.4017094,0.5897436,2.1019158,26.172554
269,0,1,0,0.62393165,0.46153846,1.8527611,28.944977
269,0,1,0.25,0.61538464,0.45299146,1.8352703,29.18729
269,0,1,0.5,0.6666667,0.47863248,1.8245814,29.492771
269,0,1,0.75,0.6923077,0.50427353,1.821461,29.560438
269,0,1,1,0.6495727,0.50427353,1.8271695,30.261951
269,0,2,0,0.8888889,0.32478634,1.6070582,22.896603
269,0,2,0.25,0.8803419,0.31623933,1.6036434,22.068483
269,0,2,0.5,0.85470086,0.31623933,1.5827477,22.011646
269,0,2,0.75,0.84615386,0.2991453,1.544696,21.755852
269,0,2,1,0.8632479,0.2991453,1.4899415,20.951172
270,0,1,0,0.30769232,0.37606838,2.60356,56.36079
270,0,1,0.25,0.35042736,0.37606838,2.56092,53.124226
270,0,1,0.5,0.35042736,0.4871795,2.5380042,41.891926
270,0,1,0.75,0.5470086,0.5726496,2.5353475,34.46623
270,0,1,1,0.5470086,0.60683763,2.553013,30.519493
270,0,2,0,0.4871795,0.51282054,1.2215213,21.277393
270,0,2,0.25,0.41880342,0.5641026,1.353393,22.569744
270,0,2,0.5,0.41880342,0.61538464,1.4882398,22.265244
270,0,2,0.75,0.45299146,0.7948718,1.6253211,18.011517
270,0,2,1,0.47008547,0.7863248,1.7641162,15.836596
271,0,1,0,0.72649574,0.3846154,2.2975385,17.72173
271,0,1,0.25,0.75213677,0.37606838,2.3111134,18.065126
271,0,1,0.5,0.7777778,0.3846154,2.2825804,18.386524
271,0,1,0.75,0.82051283,0.37606838,2.2100813,18.19722
271,0,1,1,0.7948718,0.36752138,2.094364,17.356926
271,0,2,0,0.5470086,0.82051283,1.553003,9.233424
271,0,2,0.25,0.52136755,0.8974359,1.6768504,9.559654
271,0,2,0.5,0.5555556,0.94017094,1.737646,9.606247
271,0,2,0.75,0.5555556,0.93162394,1.7391816,9.498528
271,0,2,1,0.4957265,0.6923077,1.689689,7.338442
272,0,1,0,0.7094017,0.31623933,2.1578255,18.168201
272,0,1,0.25,0.6837607,0.32478634,2.1672442,18.604568
272,0,1,0.5,0.6923077,0.34188035,2.1847281,19.41939
272,0,1,0.75,0.6837607,0.33333334,2.2102265,20.212135
272,0,1,1,0.6837607,0.3846154,2.2440515,21.526329
272,0,2,0,0.6752137,0.5641026,1.7413092,17.514595
272,0,2,0.25,0.71794873,0.5555556,1.8389214,18.712234
272,0,2,0.5,0.71794873,0.5897436,1.9072524,19.420166
272,0,2,0.75,0.6837607,0.5811966,1.9448676,19.94991
272,0,2,1,0.64102566,0.5726496,1.9514201,20.226795
273,0,1,0,0.62393165,0.52136755,2.8454976,40.39084
273,0,1,0.25,0.5811966,0.47008547,2.8645973,43.06024
273,0,1,0.5,0.52136755,0.4957265,2.9231272,46.178055
273,0,1,0.75,0.4017094,0.53846157,3.0187953,47.529297
273,0,1,1,0.4017094,0.52991456,3.1482172,47.346542
273,0,2,0,0.63247865,0.2991453,3.50676,31.66644
273,0,2,0.25,0.8119658,0.4017094,3.2696733,34.510197
273,0,2,0.5,0.7863248,0.52136755,3.0358918,35.86605
273,0,2,0.75,0.7606838,0.60683763,2.8062413,35.399094
273,0,2,1,0.7094017,0.6752137,2.581824,33.465607
274,0,1,0,0.64102566,0.4871795,2.539167,27.386892
274,0,1,0.25,0.6495727,0.4871795,2.7468777,28.179008
274,0,1,0.5,0.5641026,0.5470086,2.95997,27.165447
274,0,1,0.75,0.52991456,0.50427353,3.1773615,26.49775
274,0,1,1,0.45299146,0.51282054,3.3982277,26.52103
274,0,2,0,0.8888889,0.45299146,1.5053928,16.074146
274,0,2,0.25,0.8119658,0.42735043,1.7598262,19.434605
274,0,2,0.5,0.75213677,0.43589744,2.0168705,22.950024
274,0,2,0.75,0.7094017,0.46153846,2.2756414,23.778732
274,0,2,1,0.6581197,0.50427353,2.5356097,26.680614
275,0,1,0,0.93162394,0.3931624,2.380772,15.424509
275,0,1,0.25,0.94871795,0.4017094,2.3489733,15.874363
275,0,1,0.5,0.8974359,0.3846154,2.2859805,15.774926
275,0,1,0.75,0.8632479,0.3846154,2.1915452,15.111704
275,0,1,1,0.85470086,0.41025642,2.0672483,14.535403
275,0,2,0,0.83760685,0.43589744,2.2216277,23.473286
275,0,2,0.25,0.82905984,0.41025642,2.3055315,25.227356
275,0,2,0.5,0.82905984,0.37606838,2.349481,25.601479
275,0,2,0.75,0.82905984,0.33333334,2.3574681,24.642286
275,0,2,1,0.82905984,0.34188035,2.3398867,23.815632
276,0,1,0,0.7777778,0.6923077,1.607553,24.828037
276,0,1,0.25,0.82051283,0.72649574,1.6140531,24.707333
276,0,1,0.5,0.85470086,0.72649574,1.6148772,24.714546
276,0,1,0.75,0.8717949,0.6666667,1.6099811,24.625435
276,0,1,1,0.8717949,0.64102566,1.5994663,24.651237
276,0,2,0,0.8034188,0.6837607,1.3719529,12.418125
276,0,2,0.25,0.84615386,0.6837607,1.3607033,12.307331
276,0,2,0.5,0.85470086,0.7008547,1.3590655,12.113402
276,0,2,0.75,0.8632479,0.6495727,1.3669901,12.506369
276,0,2,1,0.8974359,0.6837607,1.3844589,12.477589
277,0,1,0,0.33333334,0.30769232,3.331493,60.627655
277,0,1,0.25,0.34188035,0.31623933,3.332418,60.501846
277,0,1,0.5,0.35042736,0.35042736,3.3382323,63.8761
277,0,1,0.75,0.35897437,0.36752138,3.3488224,63.692375
277,0,1,1,0.36752138,0.4017094,3.36408,63.68431
277,0,2,0,0.47008547,0.4017094,2.9589167,69.16205
277,0,2,0.25,0.4871795,0.3931624,2.9683042,69.18353
277,0,2,0.5,0.4871795,0.41880342,2.9707997,67.84424
277,0,2,0.75,0.47008547,0.4017094,2.9663887,65.28104
277,0,2,1,0.4957265,0.3931624,2.9550788,64.969315
278,0,1,0,0.47863248,0.37606838,2.3813024,34.700424
278,0,1,0.25,0.4957265,0.35897437,2.381183,33.485832
278,0,1,0.5,0.4957265,0.37606838,2.3805437,32.612038
278,0,1,0.75,0.53846157,0.36752138,2.3794024,33.620186
278,0,1,1,0.5641026,0.41025642,2.377804,35.554688
278,0,2,0,0.42735043,0.37606838,2.4062016,31.398727
278,0,2,0.25,0.41880342,0.3931624,2.4058917,32.11524
278,0,2,0.5,0.41025642,0.3931624,2.4037833,32.06784
278,0,2,0.75,0.3846154,0.41025642,2.3999238,29.460566
278,0,2,1,0.36752138,0.3931624,2.3943756,27.411629
279,0,1,0,0.4017094,0.74358976,3.4430127,25.122717
279,0,1,0.25,0.4017094,0.7606838,3.3526483,26.234535
279,0,1,0.5,0.4871795,0.7008547,3.2636418,27.175465
279,0,1,0.75,0.50427353,0.6752137,3.1732767,27.80077
279,0,1,1,0.50427353,0.64102566,3.0817902,29.896378
279,0,2,0,0.8119658,0.7692308,2.4481027,20.183956
279,0,2,0.25,0.7863248,0.7692308,2.4235198,17.680752
279,0,2,0.5,0.7948718,0.7948718,2.427619,16.396767
279,0,2,0.75,0.75213677,0.82051283,2.4530866,16.44659
279,0,2,1,0.6837607,0.7863248,2.4976392,16.529488
280,0,1,0,0.35897437,0.8034188,1.8072993,11.537802
280,0,1,0.25,0.35042736,0.82051283,1.8061072,11.499554
280,0,1,0.5,0.33333334,0.82051283,1.8068973,11.538194
280,0,1,0.75,0.32478634,0.8803419,1.8096483,11.486707
280,0,1,1,0.34188035,0.8974359,1.8143419,11.551828
280,0,2,0,0.7863248,0.73504275,2.1008954,11.801138
280,0,2,0.25,0.7777778,0.73504275,2.098412,11.811601
280,0,2,0.5,0.7606838,0.7692308,2.0939765,11.683203
280,0,2,0.75,0.7863248,0.8034188,2.0875926,11.510242
280,0,2,1,0.7863248,0.7948718,2.0792994,11.46351
281,0,1,0,0.50427353,0.44444445,4.086999,14.776831
281,0,1,0.25,0.5470086,0.5555556,4.1076107,16.33164
281,0,1,0.5,0.5470086,0.45299146,4.094912,15.851179
281,0,1,0.75,0.52136755,0.52136755,4.049061,16.11031
281,0,1,1,0.46153846,0.53846157,3.9702265,15.483009
281,0,2,0,0.5811966,0.36752138,3.233933,25.402056
281,0,2,0.25,0.6666667,0.45299146,3.3642206,25.972355
281,0,2,0.5,0.7008547,0.51282054,3.4570916,28.392025
281,0,2,0.75,0.60683763,0.52991456,3.5127738,29.122902
281,0,2,1,0.5897436,0.4017094,3.5329382,28.928589
282,0,1,0,0.45299146,0.52136755,2.2104933,10.952356
282,0,1,0.25,0.46153846,0.53846157,2.229896,10.9424095
282,0,1,0.5,0.47008547,0.5555556,2.2416837,10.789998
282,0,1,0.75,0.47863248,0.5726496,2.2458327,10.850782
282,0,1,1,0.4957265,0.5897436,2.2423234,11.030867
282,0,2,0,0.2991453,0.5641026,3.3397915,64.82722
282,0,2,0.25,0.31623933,0.5555556,3.3518212,64.89957
282,0,2,0.5,0.32478634,0.5641026,3.3570633,64.44212
282,0,2,0.75,0.33333334,0.5641026,3.3554988,64.33389
282,0,2,1,0.33333334,0.5641026,3.3471196,63.985245
283,0,1,0,0.45299146,0.5897436,1.7594491,26.062645
283,0,1,0.25,0.43589744,0.5555556,1.7518471,25.315327
283,0,1,0.5,0.44444445,0.52991456,1.7444069,25.394985
283,0,1,0.75,0.46153846,0.53846157,1.7371306,25.305218
283,0,1,1,0.43589744,0.50427353,1.7300204,23.794605
283,0,2,0,0.3846154,0.41025642,3.9352438,101.040924
283,0,2,0.25,0.36752138,0.3931624,3.9132707,100.02834
283,0,2,0.5,0.36752138,0.4017094,3.8913102,99.71382
283,0,2,0.75,0.3846154,0.4017094,3.8693626,98.08405
283,0,2,1,0.36752138,0.37606838,3.8474288,96.50696
284,0,1,0,0.3931624,0.46153846,2.1505036,62.305443
284,0,1,0.25,0.3931624,0.45299146,2.1432536,61.504505
284,0,1,0.5,0.37606838,0.43589744,2.1420581,60.510174
284,0,1,0.75,0.35042736,0.42735043,2.1469147,59.63092
284,0,1,1,0.37606838,0.41880342,2.157828,58.584846
284,0,2,0,0.5897436,0.47008547,1.3594836,13.914347
284,0,2,0.25,0.5811966,0.47008547,1.358069,13.48601
284,0,2,0.5,0.5811966,0.47008547,1.3584827,13.094923
284,0,2,0.75,0.5811966,0.44444445,1.3606398,12.615292
284,0,2,1,0.60683763,0.45299146,1.3644905,13.183481
285,0,1,0,0.64102566,0.72649574,1.6764693,15.598789
285,0,1,0.25,0.6495727,0.71794873,1.6781102,16.008411
285,0,1,0.5,0.6752137,0.6495727,1.6810093,16.99496
285,0,1,0.75,0.64102566,0.5982906,1.6851605,17.196266
285,0,1,1,0.60683763,0.52136755,1.6905551,17.389202
285,0,2,0,0.8803419,0.43589744,1.4682795,9.112887
285,0,2,0.25,0.84615386,0.4871795,1.589028,9.42297
285,0,2,0.5,0.8119658,0.53846157,1.7098224,9.585098
285,0,2,0.75,0.74358976,0.4957265,1.8306538,9.192432
285,0,2,1,0.6666667,0.46153846,1.9515154,9.490597
286,0,1,0,0.71794873,0.46153846,3.0959258,42.042946
286,0,1,0.25,0.6495727,0.4871795,3.0893967,44.532425
286,0,1,0.5,0.5726496,0.44444445,3.1087027,46.898952
286,0,1,0.75,0.5470086,0.43589744,3.152089,48.52598
286,0,1,1,0.50427353,0.41880342,3.2184548,49.790436
286,0,2,0,0.9230769,0.7948718,1.5428145,7.2558775
286,0,2,0.25,0.8974359,0.75213677,1.5862604,8.218536
286,0,2,0.5,0.8888889,0.74358976,1.6261088,8.967529
286,0,2,0.75,0.8803419,0.71794873,1.6592683,9.8245735
286,0,2,1,0.9145299,0.7094017,1.6841136,10.291304
287,0,1,0,0.7606838,0.45299146,1.9577863,22.535622
287,0,1,0.25,0.74358976,0.42735043,1.9612083,22.740135
287,0,1,0.5,0.7948718,0.43589744,1.9635726,23.57929
287,0,1,0.75,0.7692308,0.41880342,1.9648396,23.63784
287,0,1,1,0.74358976,0.44444445,1.96498,23.872623
287,0,2,0,0.8974359,0.31623933,1.6256125,7.2163954
287,0,2,0.25,0.8888889,0.32478634,1.6228915,7.3103495
287,0,2,0.5,0.9145299,0.34188035,1.6219759,7.549226
287,0,2,0.75,0.9059829,0.34188035,1.6229261,7.884779
287,0,2,1,0.8803419,0.31623933,1.6258508,7.644606
288,0,1,0,0.52991456,0.35897437,3.3361416,54.15321
288,0,1,0.25,0.52136755,0.33333334,3.331322,51.17369
288,0,1,0.5,0.51282054,0.36752138,3.3441334,49.862427
288,0,1,0.75,0.5897436,0.35042736,3.3745604,48.747746
288,0,1,1,0.62393165,0.33333334,3.4227006,47.09906
288,0,2,0,0.50427353,0.5555556,2.400412,50.426186
288,0,2,0.25,0.52991456,0.5470086,2.4080713,49.21953
288,0,2,0.5,0.5897436,0.52991456,2.3913872,47.277927
288,0,2,0.75,0.7094017,0.50427353,2.351855,45.33588
288,0,2,1,0.73504275,0.45299146,2.2935207,41.887985
289,0,1,0,0.7863248,0.5641026,1.5660268,18.390373
289,0,1,0.25,0.74358976,0.47008547,1.8712106,25.478222
289,0,1,0.5,0.6581197,0.47863248,2.1722035,34.468567
289,0,1,0.75,0.4871795,0.50427353,2.4686303,42.813354
289,0,1,1,0.37606838,0.52136755,2.7675393,47.750328
289,0,2,0,0.93162394,0.35042736,1.370178,18.47411
289,0,2,0.25,0.9145299,0.3931624,1.5298429,22.90483
289,0,2,0.5,0.82905984,0.47863248,1.7039087,27.805187
289,0,2,0.75,0.7094017,0.6495727,1.8830034,31.209354
289,0,2,1,0.61538464,0.6495727,2.0630033,30.890293
290,0,1,0,0.35042736,0.8803419,2.9392061,20.28674
290,0,1,0.25,0.3846154,0.8803419,2.9362226,20.50246
290,0,1,0.5,0.3931624,0.9059829,2.9350603,20.584755
290,0,1,0.75,0.41880342,0.9145299,2.9356859,20.72398
290,0,1,1,0.42735043,0.9145299,2.9381378,20.95449
290,0,2,0,0.32478634,0.6666667,3.7198946,31.702915
290,0,2,0.25,0.36752138,0.6923077,3.7056515,32.164326
290,0,2,0.5,0.35042736,0.6923077,3.6983078,31.850414
290,0,2,0.75,0.37606838,0.6837607,3.697892,32.94858
290,0,2,1,0.35042736,0.6752137,3.7044325,32.440357
291,0,1,0,0.5470086,0.34188035,1.8102928,24.6572
291,0,1,0.25,0.53846157,0.34188035,1.8077077,25.025524
291,0,1,0.5,0.53846157,0.33333334,1.8024256,25.659327
291,0,1,0.75,0.51282054,0.35042736,1.7944813,25.896069
291,0,1,1,0.4957265,0.33333334,1.7839935,25.692726
291,0,2,0,0.52991456,0.37606838,1.7196612,27.358776
291,0,2,0.25,0.51282054,0.3846154,1.7129585,27.700113
291,0,2,0.5,0.47863248,0.3846154,1.7055955,27.674688
291,0,2,0.75,0.47863248,0.34188035,1.6976188,27.2504
291,0,2,1,0.47008547,0.32478634,1.6890773,26.94859
292,0,1,0,0.94017094,0.41025642,1.8999379,17.158342
292,0,1,0.25,0.9145299,0.42735043,1.7530012,16.25411
292,0,1,0.5,0.93162394,0.44444445,1.6119732,15.472364
292,0,1,0.75,0.93162394,0.51282054,1.4785459,14.833086
292,0,1,1,0.84615386,0.5641026,1.354966,13.946596
292,0,2,0,0.72649574,0.62393165,1.8011271,20.458529
292,0,2,0.25,0.7094017,0.6495727,1.6681111,17.117542
292,0,2,0.5,0.8034188,0.7777778,1.5364633,14.65993
292,0,2,0.75,0.84615386,0.82905984,1.4065673,13.24823
292,0,2,1,0.82051283,0.84615386,1.2789578,11.519026
293,0,1,0,0.6495727,0.5982906,1.3180428,6.087796
293,0,1,0.25,0.5897436,0.52991456,1.4190308,6.4597526
293,0,1,0.5,0.47863248,0.45299146,1.4795092,6.903591
293,0,1,0.75,0.44444445,0.47863248,1.4993161,7.211629
293,0,1,1,0.44444445,0.4957265,1.4784259,7.744279
293,0,2,0,0.6581197,0.42735043,1.9556483,14.93257
293,0,2,0.25,0.5982906,0.37606838,2.059353,15.69536
293,0,2,0.5,0.52991456,0.34188035,2.1087084,15.525339
293,0,2,0.75,0.4871795,0.32478634,2.103037,15.818701
293,0,2,1,0.50427353,0.35897437,2.042203,16.895676
294,0,1,0,0.7606838,0.7094017,1.6331686,27.169395
294,0,1,0.25,0.7692308,0.64102566,1.6719258,29.04646
294,0,1,0.5,0.7008547,0.62393165,1.7126268,31.98429
294,0,1,0.75,0.6752137,0.61538464,1.7551359,35.201813
294,0,1,1,0.6752137,0.61538464,1.7993257,39.680206
294,0,2,0,0.8717949,0.7008547,1.4857509,13.0185375
294,0,2,0.25,0.84615386,0.6837607,1.6182855,15.608685
294,0,2,0.5,0.7863248,0.5555556,1.7530808,19.009071
294,0,2,0.75,0.74358976,0.52991456,1.889653,22.550488
294,0,2,1,0.72649574,0.52136755,2.0276434,27.127306
295,0,1,0,0.6581197,0.46153846,2.227452,37.72729
295,0,1,0.25,0.6752137,0.45299146,2.1649034,37.64929
295,0,1,0.5,0.60683763,0.50427353,2.11256,39.911774
295,0,1,0.75,0.5555556,0.47008547,2.0705295,37.91356
295,0,1,1,0.53846157,0.4017094,2.043672,41.069626
295,0,2,0,0.42735043,0.61538464,2.2353258,33.98492
295,0,2,0.25,0.41025642,0.5811966,2.262844,36.07833
295,0,2,0.5,0.43589744,0.5641026,2.2885842,37.78686
295,0,2,0.75,0.4017094,0.52991456,2.3133314,38.453613
295,0,2,1,0.46153846,0.4957265,2.3380303,40.634903
296,0,1,0,0.8717949,0.5726496,1.5361172,20.142746
296,0,1,0.25,0.82051283,0.5641026,1.517227,20.042986
296,0,1,0.5,0.82051283,0.5641026,1.5300235,20.21297
296,0,1,0.75,0.85470086,0.5726496,1.5768715,20.718304
296,0,1,1,0.7948718,0.5897436,1.6604722,22.248083
296,0,2,0,0.83760685,0.30769232,1.3533124,23.261011
296,0,2,0.25,0.82905984,0.32478634,1.3607651,22.501522
296,0,2,0.5,0.8034188,0.34188035,1.4020429,22.910933
296,0,2,0.75,0.7948718,0.35042736,1.4788574,23.852207
296,0,2,1,0.7692308,0.34188035,1.5945121,25.554445
297,0,1,0,0.5811966,0.4017094,1.2922688,28.236204
297,0,1,0.25,0.5982906,0.4017094,1.2798426,27.112206
297,0,1,0.5,0.5811966,0.36752138,1.2645117,25.765598
297,0,1,0.75,0.5982906,0.36752138,1.2465665,23.931637
297,0,1,1,0.6495727,0.33333334,1.2265778,22.288563
297,0,2,0,0.5470086,0.47863248,1.4029368,31.719471
297,0,2,0.25,0.5641026,0.47008547,1.410154,29.49174
297,0,2,0.5,0.5982906,0.4871795,1.41248,27.884798
297,0,2,0.75,0.5982906,0.4957265,1.4098969,27.264072
297,0,2,1,0.5897436,0.51282054,1.402397,26.122404
298,0,1,0,0.37606838,0.75213677,3.7390025,15.775647
298,0,1,0.25,0.31623933,0.7606838,3.7361946,16.393705
298,0,1,0.5,0.2905983,0.74358976,3.7334075,16.623974
298,0,1,0.75,0.35042736,0.7777778,3.73064,16.545706
298,0,1,1,0.35897437,0.7948718,3.727892,16.719322
298,0,2,0,0.5982906,0.5555556,4.7802534,33.694965
298,0,2,0.25,0.5555556,0.5555556,4.78972,33.120552
298,0,2,0.5,0.52136755,0.52991456,4.7991943,33.35197
298,0,2,0.75,0.4871795,0.4957265,4.8086762,32.497025
298,0,2,1,0.47863248,0.50427353,4.8181643,32.616135
299,0,1,0,0.82051283,0.2991453,1.9815549,25.226154
299,0,1,0.25,0.82905984,0.32478634,2.2484345,38.407417
299,0,1,0.5,0.7777778,0.30769232,2.5356069,50.939613
299,0,1,0.75,0.6752137,0.33333334,2.8369162,62.50174
299,0,1,1,0.41880342,0.33333334,3.1483061,71.925415
299,0,2,0,0.82905984,0.6581197,1.3875067,13.691565
299,0,2,0.25,0.82905984,0.5982906,1.6841569,24.594257
299,0,2,0.5,0.74358976,0.47863248,1.9829602,35.839535
299,0,2,0.75,0.5982906,0.3931624,2.283071,48.780254
299,0,2,1,0.4017094,0.43589744,2.5840344,59.60797
300,0,1,0,0.32478634,0.51282054,3.1908627,69.12574
300,0,1,0.25,0.43589744,0.50427353,3.0445566,64.707924
300,0,1,0.5,0.46153846,0.53846157,2.917456,58.27451
300,0,1,0.75,0.50427353,0.5897436,2.819339,52.906105
300,0,1,1,0.46153846,0.6666667,2.7655041,49.68565
300,0,2,0,0.4017094,0.8974359,1.7999188,24.582863
300,0,2,0.25,0.41025642,0.94017094,1.7388167,24.202248
300,0,2,0.5,0.37606838,0.8717949,1.6407548,21.404816
300,0,2,0.75,0.41025642,0.8632479,1.499203,18.804058
300,0,2,1,0.4017094,0.9145299,1.3152003,13.078828
301,0,1,0,0.4957265,0.45299146,2.7883976,39.665665
301,0,1,0.25,0.51282054,0.47863248,2.7910416,42.15541
301,0,1,0.5,0.5470086,0.51282054,2.7931948,43.712296
301,0,1,0.75,0.5555556,0.53846157,2.7948327,44.068565
301,0,1,1,0.5555556,0.4957265,2.7959857,44.643745
301,0,2,0,0.44444445,0.3846154,4.407501,82.17941
301,0,2,0.25,0.4871795,0.35042736,4.399088,81.746475
301,0,2,0.5,0.52136755,0.35042736,4.392892,82.08725
301,0,2,0.75,0.5555556,0.35897437,4.3889375,81.77763
301,0,2,1,0.52991456,0.36752138,4.387294,81.328896
302,0,1,0,0.52991456,0.3846154,2.2824774,24.886326
302,0,1,0.25,0.51282054,0.3846154,2.287636,25.286968
302,0,1,0.5,0.4871795,0.41025642,2.2928512,25.36409
302,0,1,0.75,0.51282054,0.42735043,2.2981226,25.74339
302,0,1,1,0.47863248,0.42735043,2.3034499,26.278105
302,0,2,0,0.36752138,0.75213677,2.6519384,27.57215
302,0,2,0.25,0.35897437,0.73504275,2.6749325,28.646473
302,0,2,0.5,0.32478634,0.6837607,2.6979787,29.787226
302,0,2,0.75,0.30769232,0.6752137,2.7210755,31.052366
302,0,2,1,0.35897437,0.6752137,2.7442224,32.70508
303,0,1,0,0.37606838,0.52991456,1.7369504,20.17374
303,0,1,0.25,0.3846154,0.5470086,1.7516316,20.248535
303,0,1,0.5,0.3931624,0.5555556,1.757241,18.471481
303,0,1,0.75,0.41880342,0.5982906,1.753805,19.0172
303,0,1,1,0.42735043,0.5726496,1.7413573,19.22945
303,0,2,0,0.72649574,0.35897437,1.7430902,12.225952
303,0,2,0.25,0.71794873,0.34188035,1.7439549,11.942167
303,0,2,0.5,0.73504275,0.35897437,1.7419522,11.966522
303,0,2,0.75,0.72649574,0.37606838,1.7371013,12.158522
303,0,2,1,0.74358976,0.37606838,1.7294168,12.152088
304,0,1,0,0.5555556,0.7948718,1.855697,13.799034
304,0,1,0.25,0.5641026,0.7948718,1.9664437,16.895588
304,0,1,0.5,0.5641026,0.8119658,2.0775847,21.139557
304,0,1,0.75,0.52991456,0.82051283,2.1890593,25.685497
304,0,1,1,0.50427353,0.72649574,2.3008192,28.379105
304,0,2,0,0.83760685,0.41880342,1.9548037,22.643042
304,0,2,0.25,0.82051283,0.51282054,2.0621123,25.689888
304,0,2,0.5,0.74358976,0.5641026,2.1702747,29.000736
304,0,2,0.75,0.6581197,0.5897436,2.279167,32.174572
304,0,2,1,0.5641026,0.5641026,2.3886898,35.72107
305,0,1,0,0.96581197,0.2991453,2.696662,16.223408
305,0,1,0.25,0.974359,0.2991453,2.7632053,16.546432
305,0,1,0.5,0.96581197,0.2905983,2.8115695,16.917627
305,0,1,0.75,0.94017094,0.30769232,2.8415003,17.532078
305,0,1,1,0.93162394,0.2991453,2.8528504,17.840057
305,0,2,0,0.63247865,0.52991456,2.0605245,15.621423
305,0,2,0.25,0.63247865,0.53846157,2.0303118,15.658993
305,0,2,0.5,0.61538464,0.5555556,2.0170603,15.494103
305,0,2,0.75,0.5811966,0.53846157,2.0208492,15.096618
305,0,2,1,0.5555556,0.5811966,2.041728,16.52768
306,0,1,0,0.8717949,0.2991453,1.2321665,13.078907
306,0,1,0.25,0.84615386,0.2991453,1.2256482,13.388447
306,0,1,0.5,0.82905984,0.31623933,1.2234411,13.188134
306,0,1,0.75,0.8717949,0.32478634,1.2255504,13.371099
306,0,1,1,0.8632479,0.35042736,1.2319803,13.644236
306,0,2,0,0.63247865,0.53846157,2.3907402,27.5345
306,0,2,0.25,0.64102566,0.52991456,2.3888357,26.866398
306,0,2,0.5,0.64102566,0.51282054,2.386944,26.709143
306,0,2,0.75,0.62393165,0.52991456,2.3850782,26.911625
306,0,2,1,0.5897436,0.50427353,2.3832495,26.677996
307,0,1,0,0.6495727,0.6581197,1.8406419,31.064396
307,0,1,0.25,0.6495727,0.6837607,1.8049588,29.628136
307,0,1,0.5,0.6581197,0.6752137,1.77615,28.98154
307,0,1,0.75,0.6923077,0.7008547,1.7531041,28.449837
307,0,1,1,0.6837607,0.6923077,1.7357247,28.151386
307,0,2,0,0.75213677,0.62393165,1.4533111,20.546965
307,0,2,0.25,0.7692308,0.64102566,1.472315,20.32845
307,0,2,0.5,0.7863248,0.61538464,1.4955802,21.00586
307,0,2,0.75,0.7777778,0.5982906,1.5214187,21.360756
307,0,2,1,0.74358976,0.5811966,1.5495145,21.662737
308,0,1,0,0.6666667,0.4957265,1.586032,24.25496
308,0,1,0.25,0.6495727,0.4957265,1.5827881,24.22683
308,0,1,0.5,0.64102566,0.53846157,1.5795506,23.246738
308,0,1,0.75,0.64102566,0.53846157,1.5763197,23.00142
308,0,1,1,0.63247865,0.52136755,1.5730954,22.77858
308,0,2,0,0.52136755,0.72649574,1.4024014,26.064493
308,0,2,0.25,0.51282054,0.7008547,1.3997856,26.883438
308,0,2,0.5,0.45299146,0.6495727,1.3971704,26.791416
308,0,2,0.75,0.46153846,0.42735043,1.3945558,27.047426
308,0,2,1,0.45299146,0.46153846,1.3919414,28.106049
309,0,1,0,0.3846154,0.3931624,2.8172836,47.519753
309,0,1,0.25,0.4017094,0.3846154,2.7669587,46.573566
309,0,1,0.5,0.41025642,0.35042736,2.7693655,44.192657
309,0,1,0.75,0.41880342,0.32478634,2.8243153,41.939117
309,0,1,1,0.43589744,0.31623933,2.9318593,41.971085
309,0,2,0,0.33333334,0.35042736,3.18425,57.992992
309,0,2,0.25,0.3846154,0.3846154,3.1705146,55.076614
309,0,2,0.5,0.41880342,0.35042736,3.2567456,54.888725
309,0,2,0.75,0.44444445,0.35042736,3.4426277,56.758163
309,0,2,1,0.47008547,0.2991453,3.7277987,54.60585
310,0,1,0,0.8632479,0.5470086,2.112057,25.021471
310,0,1,0.25,0.7692308,0.5555556,2.1084206,28.292068
310,0,1,0.5,0.6666667,0.4871795,2.1253812,31.42301
310,0,1,0.75,0.5726496,0.4871795,2.1624548,36.694515
310,0,1,1,0.42735043,0.4017094,2.218633,40.780518
310,0,2,0,0.8119658,0.3846154,1.7614776,30.037043
310,0,2,0.25,0.72649574,0.35897437,1.8198999,34.779953
310,0,2,0.5,0.61538464,0.36752138,1.8848903,40.62411
310,0,2,0.75,0.52136755,0.32478634,1.9557943,48.11615
310,0,2,1,0.3931624,0.34188035,2.031993,55.80098
311,0,1,0,0.75213677,0.83760685,3.1234367,42.929146
311,0,1,0.25,0.75213677,0.82905984,3.1330311,42.81836
311,0,1,0.5,0.7606838,0.8119658,3.1426284,42.984795
311,0,1,0.75,0.7606838,0.82051283,3.152228,43.33473
311,0,1,1,0.7606838,0.8034188,3.16183,43.306828
311,0,2,0,0.93162394,0.8034188,1.3768545,15.491615
311,0,2,0.25,0.9230769,0.8119658,1.383284,15.652128
311,0,2,0.5,0.9230769,0.8119658,1.3897226,15.522121
311,0,2,0.75,0.9230769,0.82905984,1.3961697,15.561501
311,0,2,1,0.9145299,0.82905984,1.4026253,15.559662
312,0,1,0,0.73504275,0.51282054,1.5311359,22.66959
312,0,1,0.25,0.71794873,0.5811966,1.5256022,22.29863
312,0,1,0.5,0.7008547,0.53846157,1.52174,21.259697
312,0,1,0.75,0.72649574,0.5641026,1.519563,19.994055
312,0,1,1,0.73504275,0.60683763,1.5190778,18.96994
312,0,2,0,0.36752138,0.33333334,2.3571975,64.0505
312,0,2,0.25,0.3846154,0.35042736,2.3785415,61.226616
312,0,2,0.5,0.41025642,0.35042736,2.4002573,58.414722
312,0,2,0.75,0.42735043,0.35042736,2.4223351,54.582306
312,0,2,1,0.46153846,0.34188035,2.4447653,52.350006
313,0,1,0,0.7692308,0.50427353,1.6279931,16.308788
313,0,1,0.25,0.6923077,0.4957265,1.6072994,18.275661
313,0,1,0.5,0.63247865,0.42735043,1.6886585,20.929592
313,0,1,0.75,0.64102566,0.4017094,1.8712832,26.274364
313,0,1,1,0.7008547,0.31623933,2.154657,33.475266
313,0,2,0,0.6837607,0.5726496,1.8985921,8.988139
313,0,2,0.25,0.62393165,0.50427353,1.9435056,10.147958
313,0,2,0.5,0.5641026,0.41880342,1.9863807,12.507301
313,0,2,0.75,0.52991456,0.37606838,2.0388045,17.022156
313,0,2,1,0.5982906,0.34188035,2.1172626,24.288538
314,0,1,0,0.74358976,0.32478634,2.7114298,30.936424
314,0,1,0.25,0.75213677,0.47008547,2.736123,31.779
314,0,1,0.5,0.72649574,0.60683763,2.6682353,35.032745
314,0,1,0.75,0.7094017,0.74358976,2.5092583,34.514523
314,0,1,1,0.6752137,0.85470086,2.2634966,30.953037
314,0,2,0,0.71794873,0.75213677,1.632365,25.245804
314,0,2,0.25,0.5555556,0.7606838,1.7201751,25.355742
314,0,2,0.5,0.5726496,0.7692308,1.7339238,24.745497
314,0,2,0.75,0.5811966,0.8119658,1.6819992,23.485535
314,0,2,1,0.5726496,0.8632479,1.58365,22.017162
315,0,1,0,0.44444445,0.8034188,1.6382788,13.293087
315,0,1,0.25,0.53846157,0.7948718,1.4526194,15.799212
315,0,1,0.5,0.4957265,0.7692308,1.3407292,19.746178
315,0,1,0.75,0.63247865,0.5641026,1.321481,23.691143
315,0,1,1,0.47008547,0.30769232,1.3987049,28.551006
315,0,2,0,0.52136755,0.71794873,1.7793975,20.66135
315,0,2,0.25,0.73504275,0.73504275,1.6010199,18.964373
315,0,2,0.5,0.7606838,0.63247865,1.4804959,18.002682
315,0,2,0.75,0.72649574,0.43589744,1.4325032,18.94505
315,0,2,1,0.7863248,0.31623933,1.4641916,22.014042
316,0,1,0,0.4017094,0.45299146,3.3817596,51.521324
316,0,1,0.25,0.50427353,0.5897436,3.4899237,40.80389
316,0,1,0.5,0.5641026,0.6752137,3.608071,37.503777
316,0,1,0.75,0.5726496,0.72649574,3.7352538,35.007805
316,0,1,1,0.5726496,0.7777778,3.8705814,32.10657
316,0,2,0,0.2991453,0.6495727,3.449525,50.298824
316,0,2,0.25,0.42735043,0.7008547,3.4010386,40.173325
316,0,2,0.5,0.5811966,0.73504275,3.356917,35.36386
316,0,2,0.75,0.6495727,0.7948718,3.317335,29.9236
316,0,2,1,0.73504275,0.7948718,3.2824566,26.384007
317,0,1,0,0.5641026,0.47008547,1.4993336,31.079922
317,0,1,0.25,0.52991456,0.43589744,1.4992058,30.421982
317,0,1,0.5,0.53846157,0.42735043,1.5001606,29.705196
317,0,1,0.75,0.5641026,0.44444445,1.5020782,29.594955
317,0,1,1,0.5555556,0.43589744,1.5049778,29.36483
317,0,2,0,0.95726496,0.30769232,2.171237,5.6805634
317,0,2,0.25,0.96581197,0.32478634,2.161975,5.714178
317,0,2,0.5,0.94871795,0.30769232,2.1584902,5.61294
317,0,2,0.75,0.94871795,0.31623933,2.1607766,5.6408987
317,0,2,1,0.96581197,0.33333334,2.168833,5.7313557
318,0,1,0,0.94017094,0.3931624,1.7266518,30.785034
318,0,1,0.25,0.7008547,0.36752138,1.9120507,29.35777
318,0,1,0.5,0.5726496,0.37606838,2.0866196,32.10197
318,0,1,0.75,0.61538464,0.4017094,2.2629256,37.26557
318,0,1,1,0.60683763,0.43589744,2.443198,40.459618
318,0,2,0,0.95726496,0.2905983,1.9927555,19.191856
318,0,2,0.25,0.95726496,0.33333334,1.8499734,19.047552
318,0,2,0.5,0.96581197,0.36752138,1.6895106,19.463318
318,0,2,0.75,0.8974359,0.41025642,1.5385953,17.696102
318,0,2,1,0.95726496,0.41880342,1.4072568,15.407841
319,0,1,0,0.51282054,0.8632479,1.4037027,7.222173
319,0,1,0.25,0.6495727,0.82051283,1.6285622,7.6120634
319,0,1,0.5,0.63247865,0.6666667,1.8646836,6.192334
319,0,1,0.75,0.6581197,0.4957265,2.1082854,11.005344
319,0,1,1,0.5982906,0.5897436,2.3570502,20.264816
319,0,2,0,0.3846154,0.5726496,2.6317024,25.322084
319,0,2,0.25,0.61538464,0.6837607,2.28724,22.378529
319,0,2,0.5,0.6752137,0.60683763,1.9447219,15.098444
319,0,2,0.75,0.8632479,0.7606838,1.6053925,8.388023
319,0,2,1,0.7863248,0.9059829,1.2718061,6.582508
320,0,1,0,0.2991453,0.45299146,2.945484,72.5744
320,0,1,0.25,0.5555556,0.45299146,2.886619,62.533226
320,0,1,0.5,0.6581197,0.3846154,2.848923,53.098427
320,0,1,0.75,0.6581197,0.3846154,2.8332405,38.85293
320,0,1,1,0.62393165,0.5555556,2.8399374,33.530666
320,0,2,0,0.43589744,0.2991453,3.5367694,29.146759
320,0,2,0.25,0.60683763,0.3931624,3.3807552,20.82742
320,0,2,0.5,0.72649574,0.46153846,3.2363467,12.94656
320,0,2,0.75,0.7863248,0.5641026,3.1051636,12.697102
320,0,2,1,0.72649574,0.5726496,2.9889472,16.310081
321,0,1,0,0.37606838,0.84615386,3.5575786,10.273863
321,0,1,0.25,0.36752138,0.8034188,3.5618274,10.191719
321,0,1,0.5,0.36752138,0.82051283,3.5623589,10.147573
321,0,1,0.75,0.36752138,0.85470086,3.559255,10.763498
321,0,1,1,0.35042736,0.8717949,3.552832,10.878975
321,0,2,0,0.50427353,0.6923077,3.0542889,18.273697
321,0,2,0.25,0.4957265,0.7008547,3.049139,18.41644
321,0,2,0.5,0.4957265,0.6923077,3.0600417,18.473377
321,0,2,0.75,0.50427353,0.6666667,3.086917,18.717598
321,0,2,1,0.52991456,0.6581197,3.1298144,18.80922
322,0,1,0,0.7606838,0.2905983,2.1757991,12.053913
322,0,1,0.25,0.74358976,0.2905983,2.1740253,12.783613
322,0,1,0.5,0.7863248,0.2991453,2.1585784,13.519636
322,0,1,0.75,0.7692308,0.32478634,2.1296623,13.332926
322,0,1,1,0.7606838,0.34188035,2.0875297,13.774792
322,0,2,0,0.82905984,0.36752138,1.4044255,9.312407
322,0,2,0.25,0.82051283,0.3846154,1.4397396,9.892532
322,0,2,0.5,0.8632479,0.42735043,1.4570309,10.459593
322,0,2,0.75,0.84615386,0.41880342,1.4562044,10.697785
322,0,2,1,0.8888889,0.45299146,1.4372224,11.271418
323,0,1,0,0.34188035,0.2905983,4.0720234,53.204697
323,0,1,0.25,0.33333334,0.2905983,3.9882784,50.941124
323,0,1,0.5,0.41880342,0.2991453,3.9299328,49.430664
323,0,1,0.75,0.47008547,0.32478634,3.8934405,46.930763
323,0,1,1,0.44444445,0.32478634,3.8774295,46.717606
323,0,2,0,0.5726496,0.5897436,2.2178998,13.222344
323,0,2,0.25,0.5897436,0.60683763,2.2101462,12.246698
323,0,2,0.5,0.61538464,0.5982906,2.2058938,11.742235
323,0,2,0.75,0.63247865,0.61538464,2.2052605,11.819779
323,0,2,1,0.6837607,0.63247865,2.2084205,12.19875
324,0,1,0,0.5982906,0.2905983,4.7947717,38.7482
324,0,1,0.25,0.5811966,0.2905983,4.8068733,39.24592
324,0,1,0.5,0.5897436,0.2905983,4.812687,39.898724
324,0,1,0.75,0.62393165,0.30769232,4.812239,40.462887
324,0,1,1,0.62393165,0.32478634,4.8055735,39.98628
324,0,2,0,0.6666667,0.33333334,4.6878715,54.660027
324,0,2,0.25,0.64102566,0.36752138,4.701665,53.9787
324,0,2,0.5,0.61538464,0.35897437,4.718548,54.587944
324,0,2,0.75,0.62393165,0.35897437,4.7383213,55.27971
324,0,2,1,0.5982906,0.35042736,4.760858,56.180443
325,0,1,0,0.52991456,0.83760685,2.0717785,14.881519
325,0,1,0.25,0.52991456,0.83760685,2.0291748,15.16813
325,0,1,0.5,0.52136755,0.8034188,1.9929987,15.442541
325,0,1,0.75,0.52991456,0.7948718,1.9634162,15.722578
325,0,1,1,0.5470086,0.8119658,1.9410762,15.846039
325,0,2,0,0.9145299,0.5555556,1.5485277,17.885855
325,0,2,0.25,0.9230769,0.52991456,1.4945905,17.134151
325,0,2,0.5,0.94017094,0.5470086,1.4489523,16.943092
325,0,2,0.75,0.9230769,0.5641026,1.4117699,16.553492
325,0,2,1,0.9230769,0.5470086,1.383261,16.2137
326,0,1,0,0.6837607,0.4957265,1.8429184,48.279118
326,0,1,0.25,0.6837607,0.4957265,1.8454782,48.377975
326,0,1,0.5,0.73504275,0.50427353,1.8639199,47.618576
326,0,1,0.75,0.75213677,0.50427353,1.8980532,47.811115
326,0,1,1,0.7692308,0.50427353,1.9476856,47.584442
326,0,2,0,0.85470086,0.35042736,1.513178,23.04068
326,0,2,0.25,0.8717949,0.34188035,1.5052735,22.473131
326,0,2,0.5,0.8803419,0.31623933,1.5037175,22.012127
326,0,2,0.75,0.85470086,0.30769232,1.5081136,21.197636
326,0,2,1,0.84615386,0.2991453,1.5183398,20.329067
327,0,1,0,0.82051283,0.47008547,1.3043646,12.913626
327,0,1,0.25,0.7948718,0.41880342,1.3959955,10.881401
327,0,1,0.5,0.84615386,0.50427353,1.5523454,16.261978
327,0,1,0.75,0.8803419,0.7008547,1.6580495,21.563448
327,0,1,1,0.8717949,0.5811966,1.4756042,24.396303
327,0,2,0,0.5470086,0.50427353,1.4141623,20.779043
327,0,2,0.25,0.5555556,0.46153846,1.4549087,18.789236
327,0,2,0.5,0.7692308,0.73504275,1.5368768,20.372997
327,0,2,0.75,0.7948718,0.8888889,1.5759791,23.49503
327,0,2,1,0.7948718,0.7606838,1.3925802,25.13697
328,0,1,0,0.6495727,0.5982906,1.4941794,29.687035
328,0,1,0.25,0.6666667,0.5641026,1.4862933,30.435726
328,0,1,0.5,0.7094017,0.5470086,1.4856354,29.492489
328,0,1,0.75,0.74358976,0.5811966,1.4922134,30.686008
328,0,1,1,0.73504275,0.5897436,1.506074,30.621145
328,0,2,0,0.5641026,0.6923077,2.0464728,23.509972
328,0,2,0.25,0.5470086,0.6923077,2.0330288,22.79599
328,0,2,0.5,0.63247865,0.73504275,2.0267124,22.791672
328,0,2,0.75,0.6581197,0.7692308,2.0275695,23.252922
328,0,2,1,0.6923077,0.7606838,2.035649,22.635883
329,0,1,0,0.7094017,0.72649574,1.8649414,32.623108
329,0,1,0.25,0.7606838,0.5982906,1.952239,31.449245
329,0,1,0.5,0.71794873,0.52136755,2.063825,32.798515
329,0,1,0.75,0.7777778,0.4871795,2.1959994,34.052902
329,0,1,1,0.8974359,0.37606838,2.3274007,35.57805
329,0,2,0,0.4017094,0.82905984,4.0884447,60.978786
329,0,2,0.25,0.51282054,0.7606838,3.863406,62.928703
329,0,2,0.5,0.4957265,0.74358976,3.6385539,65.96796
329,0,2,0.75,0.4957265,0.74358976,3.4139268,68.54677
329,0,2,1,0.52991456,0.6923077,3.1883268,72.39456
330,0,1,0,0.7606838,0.6752137,1.3789642,18.85409
330,0,1,0.25,0.7692308,0.7008547,1.3711678,18.30194
330,0,1,0.5,0.7863248,0.73504275,1.3697667,17.921947
330,0,1,0.75,0.8034188,0.72649574,1.374692,17.547504
330,0,1,1,0.8034188,0.73504275,1.385936,17.497498
330,0,2,0,0.93162394,0.47863248,1.642663,10.413303
330,0,2,0.25,0.94017094,0.47863248,1.6414757,10.324903
330,0,2,0.5,0.96581197,0.47008547,1.6389444,10.256782
330,0,2,0.75,0.95726496,0.47008547,1.6350992,10.287779
330,0,2,1,0.94017094,0.47008547,1.6299684,10.363815
331,0,1,0,0.63247865,0.8803419,1.9618745,11.096693
331,0,1,0.25,0.64102566,0.8803419,1.8719507,11.158745
331,0,1,0.5,0.5811966,0.8632479,1.8125142,11.552147
331,0,1,0.75,0.5897436,0.84615386,1.7889682,12.19585
331,0,1,1,0.45299146,0.82051283,1.8140645,13.324111
331,0,2,0,0.41025642,0.6752137,3.0241857,22.4733
331,0,2,0.25,0.34188035,0.6495727,3.0298917,22.389969
331,0,2,0.5,0.37606838,0.6666667,2.936027,21.003872
331,0,2,0.75,0.33333334,0.62393165,2.7440798,18.990486
331,0,2,1,0.31623933,0.63247865,2.4563394,18.6119
332,0,1,0,0.8717949,0.45299146,1.3694708,16.889198
332,0,1,0.25,0.8632479,0.44444445,1.3528982,16.052107
332,0,1,0.5,0.8632479,0.44444445,1.3374894,15.198133
332,0,1,0.75,0.8974359,0.43589744,1.3232216,14.777361
332,0,1,1,0.9230769,0.44444445,1.3103315,14.574352
332,0,2,0,0.5982906,0.5726496,1.4090145,27.124443
332,0,2,0.25,0.61538464,0.60683763,1.3923967,26.500507
332,0,2,0.5,0.61538464,0.60683763,1.3848876,26.105162
332,0,2,0.75,0.62393165,0.61538464,1.3856654,25.931908
332,0,2,1,0.64102566,0.63247865,1.3942765,25.838058
333,0,1,0,0.5897436,0.5470086,2.3200831,15.830893
333,0,1,0.25,0.61538464,0.5555556,2.3189867,17.152657
333,0,1,0.5,0.62393165,0.5470086,2.3243246,18.37948
333,0,1,0.75,0.60683763,0.51282054,2.336188,19.522547
333,0,1,1,0.60683763,0.51282054,2.3547866,19.816158
333,0,2,0,0.45299146,0.30769232,2.7031126,38.753914
333,0,2,0.25,0.4871795,0.32478634,2.6835485,38.341877
333,0,2,0.5,0.53846157,0.32478634,2.6675773,38.47641
333,0,2,0.75,0.5470086,0.31623933,2.6554315,36.951214
333,0,2,1,0.52136755,0.30769232,2.647391,37.904964
334,0,1,0,0.5897436,0.47863248,2.0667439,34.88922
334,0,1,0.25,0.63247865,0.52136755,2.0387654,32.001846
334,0,1,0.5,0.6581197,0.63247865,2.018819,30.117653
334,0,1,0.75,0.6752137,0.8034188,2.0071452,29.76046
334,0,1,1,0.6495727,0.82905984,2.003888,28.548252
334,0,2,0,0.6923077,0.47863248,1.8698051,26.550037
334,0,2,0.25,0.83760685,0.5555556,1.7284628,26.49538
334,0,2,0.5,0.82905984,0.6495727,1.5884179,22.265114
334,0,2,0.75,0.7863248,0.8034188,1.4500474,19.933233
334,0,2,1,0.74358976,0.84615386,1.3138796,17.057842
335,0,1,0,0.8119658,0.5470086,1.2564808,12.873999
335,0,1,0.25,0.8034188,0.5470086,1.4074931,14.616556
335,0,1,0.5,0.71794873,0.5555556,1.5658473,14.522991
335,0,1,0.75,0.6837607,0.60683763,1.7295281,14.148208
335,0,1,1,0.7094017,0.7606838,1.8971572,16.149128
335,0,2,0,0.5555556,0.7948718,2.2766497,16.560402
335,0,2,0.25,0.52136755,0.72649574,2.3307877,17.39424
335,0,2,0.5,0.41880342,0.61538464,2.405813,19.076698
335,0,2,0.75,0.37606838,0.5555556,2.499846,20.275816
335,0,2,1,0.35897437,0.63247865,2.6108327,27.902256
336,0,1,0,0.8632479,0.43589744,1.9143231,15.120741
336,0,1,0.25,0.8803419,0.46153846,1.796071,13.205439
336,0,1,0.5,0.94871795,0.51282054,1.6395473,11.589436
336,0,1,0.75,0.982906,0.53846157,1.4521414,9.860744
336,0,1,1,0.974359,0.5641026,1.2508576,8.36682
336,0,2,0,0.8717949,0.7008547,1.4571568,14.677162
336,0,2,0.25,0.83760685,0.7777778,1.318616,14.204229
336,0,2,0.5,0.71794873,0.84615386,1.3302789,15.048894
336,0,2,0.75,0.6923077,0.8034188,1.4987773,17.221909
336,0,2,1,0.52991456,0.8119658,1.8355767,19.838224
337,0,1,0,0.5897436,0.71794873,2.5056763,13.428263
337,0,1,0.25,0.5811966,0.84615386,2.5201325,16.376114
337,0,1,0.5,0.63247865,0.85470086,2.5840864,19.642488
337,0,1,0.75,0.5555556,0.6923077,2.7449696,25.494041
337,0,1,1,0.47008547,0.47863248,2.93199,32.84652
337,0,2,0,0.982906,0.41880342,3.257537,4.8661404
337,0,2,0.25,0.9145299,0.41025642,3.2480218,3.8617117
337,0,2,0.5,1,0.37606838,3.2859213,3.86093
337,0,2,0.75,1,0.37606838,3.4287837,4.5296946
337,0,2,1,1,0.32478634,3.6013684,5.8100677
338,0,1,0,0.8119658,0.4871795,2.1858373,19.852571
338,0,1,0.25,0.8119658,0.51282054,2.082015,19.760475
338,0,1,0.5,0.7948718,0.61538464,1.9810246,18.77715
338,0,1,0.75,0.8632479,0.6923077,1.8875506,18.041016
338,0,1,1,0.83760685,0.5641026,1.8920939,19.436543
338,0,2,0,1,0.34188035,1.933922,16.422632
338,0,2,0.25,0.974359,0.37606838,1.8050944,18.022701
338,0,2,0.5,0.8888889,0.37606838,1.6781328,17.402721
338,0,2,0.75,0.8632479,0.41025642,1.5545284,15.253302
338,0,2,1,0.7948718,0.46153846,1.4886968,17.250515
339,0,1,0,0.41025642,0.53846157,1.4479573,25.066256
339,0,1,0.25,0.41025642,0.53846157,1.4468434,24.39318
339,0,1,0.5,0.4017094,0.5470086,1.4408263,24.172882
339,0,1,0.75,0.3931624,0.5726496,1.4299157,23.829243
339,0,1,1,0.3931624,0.5897436,1.4141296,23.302574
339,0,2,0,0.7692308,0.31623933,1.3206894,8.196403
339,0,2,0.25,0.7692308,0.31623933,1.3176548,7.807689
339,0,2,0.5,0.75213677,0.33333334,1.3117828,6.992507
339,0,2,0.75,0.8034188,0.34188035,1.3030761,6.8909006
339,0,2,1,0.7948718,0.33333334,1.2916112,6.4390554
340,0,1,0,0.41880342,0.74358976,1.4171557,20.237751
340,0,1,0.25,0.46153846,0.7863248,1.4680005,20.53034
340,0,1,0.5,0.52136755,0.82051283,1.5253438,21.578598
340,0,1,0.75,0.53846157,0.8632479,1.5884812,22.50629
340,0,1,1,0.60683763,0.8717949,1.6567516,23.25692
340,0,2,0,0.50427353,0.96581197,1.284862,14.006006
340,0,2,0.25,0.44444445,0.96581197,1.37439,14.665308
340,0,2,0.5,0.44444445,0.94871795,1.4900105,15.512472
340,0,2,0.75,0.42735043,1,1.6261683,16.140772
340,0,2,1,0.4017094,0.96581197,1.7781525,16.570091
341,0,1,0,0.8034188,0.42735043,2.0288486,15.58281
341,0,1,0.25,0.93162394,0.42735043,1.9022369,15.5672
341,0,1,0.5,0.9059829,0.47863248,1.8020643,15.4413185
341,0,1,0.75,0.9145299,0.4871795,1.7362919,14.774042
341,0,1,1,0.82051283,0.45299146,1.7229854,13.69349
341,0,2,0,0.8119658,0.8119658,2.9935305,7.915979
341,0,2,0.25,0.74358976,0.8119658,3.1325433,8.26512
341,0,2,0.5,0.6837607,0.82051283,3.1527734,8.807129
341,0,2,0.75,0.72649574,0.82051283,3.0505834,9.345539
341,0,2,1,0.7863248,0.72649574,2.8243897,8.866456
342,0,1,0,0.83760685,0.60683763,2.7314444,27.081335
342,0,1,0.25,0.7948718,0.5555556,2.7461648,26.033535
342,0,1,0.5,0.75213677,0.5897436,2.75191,24.178806
342,0,1,0.75,0.7094017,0.5982906,2.748693,23.287457
342,0,1,1,0.72649574,0.5982906,2.7365582,22.19053
342,0,2,0,0.42735043,0.43589744,3.2483258,45.10138
342,0,2,0.25,0.47863248,0.41880342,3.2486625,43.270157
342,0,2,0.5,0.47008547,0.4017094,3.2519066,42.827026
342,0,2,0.75,0.42735043,0.3846154,3.2580328,42.254612
342,0,2,1,0.41025642,0.35897437,3.267018,41.817707
343,0,1,0,0.45299146,0.6495727,1.5148696,31.839733
343,0,1,0.25,0.43589744,0.6581197,1.5109812,31.848713
343,0,1,0.5,0.42735043,0.64102566,1.5072865,32.780975
343,0,1,0.75,0.41025642,0.5982906,1.5038099,33.688084
343,0,1,1,0.4017094,0.5555556,1.5005786,33.98185
343,0,2,0,0.75213677,0.5897436,1.8290665,16.503014
343,0,2,0.25,0.74358976,0.5555556,1.8257736,16.700443
343,0,2,0.5,0.74358976,0.5811966,1.8244275,16.627867
343,0,2,0.75,0.7094017,0.5897436,1.825043,16.475895
343,0,2,1,0.7094017,0.5811966,1.8276407,16.502584
344,0,1,0,0.46153846,0.45299146,1.9342405,36.48634
344,0,1,0.25,0.5641026,0.47008547,1.9085742,31.30524
344,0,1,0.5,0.5897436,0.5555556,1.8948356,28.225864
344,0,1,0.75,0.5811966,0.61538464,1.8932837,25.478817
344,0,1,1,0.53846157,0.6923077,1.9039487,23.627869
344,0,2,0,0.3931624,0.32478634,2.5955236,45.140915
344,0,2,0.25,0.47863248,0.62393165,2.3256183,38.921745
344,0,2,0.5,0.47008547,0.7008547,2.0626316,28.509647
344,0,2,0.75,0.5470086,0.8632479,1.8095833,20.3809
344,0,2,1,0.46153846,0.95726496,1.5712821,15.533525
345,0,1,0,0.41025642,0.37606838,1.8629396,41.427795
345,0,1,0.25,0.45299146,0.4017094,1.8706709,40.761467
345,0,1,0.5,0.46153846,0.44444445,1.877499,40.607616
345,0,1,0.75,0.47008547,0.43589744,1.88338,40.48887
345,0,1,1,0.4957265,0.47863248,1.8882674,41.433563
345,0,2,0,0.7094017,0.31623933,1.3330636,25.016354
345,0,2,0.25,0.6666667,0.30769232,1.3308564,23.191975
345,0,2,0.5,0.64102566,0.37606838,1.3268303,23.443752
345,0,2,0.75,0.6923077,0.3846154,1.3210279,23.051226
345,0,2,1,0.7094017,0.3931624,1.3134999,23.103369
346,0,1,0,0.47008547,0.62393165,3.1760397,23.46175
346,0,1,0.25,0.4957265,0.6923077,3.0050097,29.779236
346,0,1,0.5,0.43589744,0.4871795,2.8414366,33.02535
346,0,1,0.75,0.43589744,0.50427353,2.6866825,39.628506
346,0,1,1,0.35042736,0.6666667,2.5423582,42.497993
346,0,2,0,0.6837607,0.37606838,1.6082445,27.09969
346,0,2,0.25,0.72649574,0.45299146,1.7246481,30.906654
346,0,2,0.5,0.64102566,0.3931624,1.8836645,34.29384
346,0,2,0.75,0.61538464,0.36752138,2.0755222,41.832943
346,0,2,1,0.4957265,0.30769232,2.2919886,44.931618
347,0,1,0,0.50427353,0.8974359,1.3591138,13.865999
347,0,1,0.25,0.50427353,0.9059829,1.3532226,13.664137
347,0,1,0.5,0.50427353,0.8974359,1.3514224,13.507167
347,0,1,0.75,0.4957265,0.8632479,1.3536849,13.450836
347,0,1,1,0.52136755,0.82905984,1.3599831,13.1220455
347,0,2,0,0.6837607,0.35042736,2.4922702,14.447115
347,0,2,0.25,0.63247865,0.34188035,2.4874032,14.276802
347,0,2,0.5,0.6581197,0.3846154,2.4865015,14.389076
347,0,2,0.75,0.6837607,0.41025642,2.4895616,14.38693
347,0,2,1,0.6837607,0.4017094,2.4965796,14.427674
348,0,1,0,0.8119658,0.41025642,1.4241581,24.243925
348,0,1,0.25,0.8034188,0.45299146,1.4522928,25.426907
348,0,1,0.5,0.7863248,0.45299146,1.4810951,26.796696
348,0,1,0.75,0.8034188,0.43589744,1.5105273,27.58114
348,0,1,1,0.74358976,0.47863248,1.5405532,30.023397
348,0,2,0,0.31623933,0.33333334,2.782289,55.57807
348,0,2,0.25,0.32478634,0.37606838,2.7538724,59.334526
348,0,2,0.5,0.2905983,0.37606838,2.72586,60.45604
348,0,2,0.75,0.2905983,0.41025642,2.6982644,61.592148
348,0,2,1,0.2905983,0.42735043,2.6710982,64.582855
349,0,1,0,0.4871795,0.60683763,2.3290405,34.997726
349,0,1,0.25,0.50427353,0.5982906,2.3257427,34.617195
349,0,1,0.5,0.52991456,0.5470086,2.3148878,34.483875
349,0,1,0.75,0.5555556,0.5555556,2.2967393,33.51741
349,0,1,1,0.5641026,0.5555556,2.271603,32.646347
349,0,2,0,0.4017094,0.3846154,3.873951,66.42551
349,0,2,0.25,0.41025642,0.3846154,3.8618166,66.3147
349,0,2,0.5,0.4017094,0.45299146,3.8534648,67.443405
349,0,2,0.75,0.4017094,0.47863248,3.84898,68.471016
349,0,2,1,0.37606838,0.51282054,3.8484335,69.583145
350,0,1,0,0.63247865,0.41880342,2.5332577,15.166172
350,0,1,0.25,0.63247865,0.43589744,2.5331302,15.603409
350,0,1,0.5,0.61538464,0.47863248,2.5345113,16.376934
350,0,1,0.75,0.60683763,0.45299146,2.5373793,16.69825
350,0,1,1,0.5641026,0.45299146,2.5417144,17.350363
350,0,2,0,0.3931624,0.35042736,3.5523024,38.19408
350,0,2,0.25,0.41880342,0.34188035,3.552792,39.223232
350,0,2,0.5,0.45299146,0.34188035,3.5517273,40.095234
350,0,2,0.75,0.41880342,0.34188035,3.549123,39.764874
350,0,2,1,0.41025642,0.35042736,3.5449932,40.104164
351,0,1,0,0.46153846,0.41025642,3.0775642,64.372444
351,0,1,0.25,0.43589744,0.44444445,3.0957482,65.39039
351,0,1,0.5,0.41880342,0.42735043,3.1070898,66.27721
351,0,1,0.75,0.3931624,0.41025642,3.1114788,66.65182
351,0,1,1,0.41025642,0.41025642,3.1088681,66.74341
351,0,2,0,0.6752137,0.43589744,1.6993622,23.951586
351,0,2,0.25,0.52991456,0.3931624,1.7124925,23.628086
351,0,2,0.5,0.45299146,0.34188035,1.7226012,23.84645
351,0,2,0.75,0.4871795,0.37606838,1.7293447,23.751986
351,0,2,1,0.51282054,0.4017094,1.7327845,24.300747
352,0,1,0,0.6666667,0.61538464,1.5488198,30.865963
352,0,1,0.25,0.6581197,0.61538464,1.5488455,34.42569
352,0,1,0.5,0.6581197,0.63247865,1.5974184,39.59208
352,0,1,0.75,0.5470086,0.41880342,1.690359,48.838768
352,0,1,1,0.47863248,0.43589744,1.8208858,58.724327
352,0,2,0,0.74358976,0.30769232,2.0495198,21.783945
352,0,2,0.25,0.75213677,0.32478634,1.8947237,24.737762
352,0,2,0.5,0.82905984,0.3846154,1.7615494,26.432201
352,0,2,0.75,0.8034188,0.35042736,1.6552236,28.90625
352,0,2,1,0.7008547,0.37606838,1.5811723,31.888975
353,0,1,0,0.4871795,0.72649574,1.9782712,22.51151
353,0,1,0.25,0.47008547,0.6581197,1.825991,17.584812
353,0,1,0.5,0.52136755,0.74358976,1.6767946,15.878191
353,0,1,0.75,0.61538464,0.8717949,1.5315837,13.640322
353,0,1,1,0.6666667,0.85470086,1.3916063,11.781502
353,0,2,0,0.6752137,0.3846154,1.8588014,12.958384
353,0,2,0.25,0.6666667,0.45299146,2.067555,16.20761
353,0,2,0.5,0.72649574,0.46153846,2.276736,18.384745
353,0,2,0.75,0.6666667,0.47863248,2.4862356,19.56493
353,0,2,1,0.60683763,0.47008547,2.6959808,22.904346
354,0,1,0,0.47008547,0.9230769,2.577981,11.23036
354,0,1,0.25,0.47863248,0.9145299,2.5038738,11.118904
354,0,1,0.5,0.4871795,0.9145299,2.4459882,10.83858
354,0,1,0.75,0.50427353,0.8974359,2.4019973,10.615884
354,0,1,1,0.52136755,0.93162394,2.370633,10.612083
354,0,2,0,0.52136755,0.9230769,2.1311815,9.976887
354,0,2,0.25,0.5470086,0.8974359,2.1286829,10.258734
354,0,2,0.5,0.5726496,0.9230769,2.1202488,10.432966
354,0,2,0.75,0.5641026,0.94017094,2.1062348,10.470594
354,0,2,1,0.5555556,0.93162394,2.0878336,10.473087
355,0,1,0,0.5641026,0.5641026,1.5138,31.728828
355,0,1,0.25,0.61538464,0.60683763,1.6236354,34.718296
355,0,1,0.5,0.5811966,0.61538464,1.692972,36.67529
355,0,1,0.75,0.5897436,0.5811966,1.7210982,38.234543
355,0,1,1,0.5982906,0.5641026,1.7078894,38.542595
355,0,2,0,0.32478634,0.33333334,2.4452693,59.79825
355,0,2,0.25,0.33333334,0.30769232,2.430942,59.710823
355,0,2,0.5,0.33333334,0.2991453,2.4275517,62.81339
355,0,2,0.75,0.34188035,0.34188035,2.4343367,64.33394
355,0,2,1,0.32478634,0.35897437,2.4507742,65.78656
356,0,1,0,0.5726496,0.4017094,2.582362,50.569977
356,0,1,0.25,0.5470086,0.4017094,2.6063278,49.758286
356,0,1,0.5,0.51282054,0.3931624,2.6305752,49.148956
356,0,1,0.75,0.52136755,0.42735043,2.6550066,48.65354
356,0,1,1,0.52136755,0.46153846,2.6796293,47.094788
356,0,2,0,0.63247865,0.52136755,1.9399602,36.440292
356,0,2,0.25,0.6666667,0.50427353,1.9507624,35.564392
356,0,2,0.5,0.5982906,0.5811966,1.9753308,35.90376
356,0,2,0.75,0.60683763,0.5470086,2.013534,35.6054
356,0,2,1,0.63247865,0.53846157,2.065223,35.609406
357,0,1,0,0.35042736,0.2991453,5.0164294,100.69563
357,0,1,0.25,0.36752138,0.2991453,5.0022492,101.94632
357,0,1,0.5,0.33333334,0.31623933,4.988069,101.88393
357,0,1,0.75,0.33333334,0.31623933,4.973889,102.24719
357,0,1,1,0.33333334,0.31623933,4.9597106,102.66468
357,0,2,0,0.41880342,0.36752138,2.653277,65.57693
357,0,2,0.25,0.42735043,0.33333334,2.663685,63.973984
357,0,2,0.5,0.42735043,0.33333334,2.6741755,63.222427
357,0,2,0.75,0.44444445,0.30769232,2.6847472,64.66229
357,0,2,1,0.45299146,0.2991453,2.6953998,64.62221
358,0,1,0,0.71794873,0.5726496,1.4825754,11.7544565
358,0,1,0.25,0.74358976,0.5726496,1.4796904,12.62162
358,0,1,0.5,0.75213677,0.63247865,1.4779096,12.396576
358,0,1,0.75,0.74358976,0.62393165,1.4772366,12.193475
358,0,1,1,0.7777778,0.5982906,1.4776734,12.052694
358,0,2,0,0.46153846,0.5811966,1.2506874,14.965794
358,0,2,0.25,0.42735043,0.5641026,1.2817923,14.8689
358,0,2,0.5,0.41025642,0.5726496,1.3132846,15.774325
358,0,2,0.75,0.35897437,0.5811966,1.3451372,15.942888
358,0,2,1,0.35897437,0.5641026,1.3773252,16.319416
359,0,1,0,0.63247865,0.37606838,1.4728196,39.297047
359,0,1,0.25,0.6581197,0.41025642,1.4809928,36.422447
359,0,1,0.5,0.6495727,0.41025642,1.4862132,33.265686
359,0,1,0.75,0.6923077,0.4017094,1.4885961,31.031254
359,0,1,1,0.7606838,0.46153846,1.4882823,27.824884
359,0,2,0,0.46153846,0.30769232,1.4426564,46.119133
359,0,2,0.25,0.4871795,0.30769232,1.3981942,39.936447
359,0,2,0.5,0.4957265,0.2991453,1.3623496,36.114502
359,0,2,0.75,0.51282054,0.32478634,1.335562,31.834023
359,0,2,1,0.5641026,0.31623933,1.3185958,28.827124
360,0,1,0,0.41880342,0.46153846,1.8395917,35.71295
360,0,1,0.25,0.41880342,0.43589744,1.848637,35.206394
360,0,1,0.5,0.45299146,0.47863248,1.8550383,35.56757
360,0,1,0.75,0.44444445,0.47863248,1.8588398,35.84829
360,0,1,1,0.44444445,0.44444445,1.8601236,35.354942
360,0,2,0,0.6495727,0.5726496,1.289944,23.189455
360,0,2,0.25,0.61538464,0.5641026,1.2891774,23.334728
360,0,2,0.5,0.60683763,0.5641026,1.2924008,23.354206
360,0,2,0.75,0.5982906,0.50427353,1.2992537,23.859535
360,0,2,1,0.5811966,0.47863248,1.3094902,24.178898
361,0,1,0,0.2991453,0.44444445,3.8422945,69.69579
361,0,1,0.25,0.31623933,0.4871795,3.8819013,68.15202
361,0,1,0.5,0.32478634,0.47863248,3.9120722,66.866135
361,0,1,0.75,0.32478634,0.46153846,3.9325364,65.04139
361,0,1,1,0.33333334,0.46153846,3.9431207,64.05902
361,0,2,0,0.2991453,0.7948718,1.6345503,27.06564
361,0,2,0.25,0.31623933,0.8034188,1.6305325,26.341274
361,0,2,0.5,0.2991453,0.82905984,1.6284964,24.671286
361,0,2,0.75,0.33333334,0.82905984,1.6282959,24.330662
361,0,2,1,0.34188035,0.8717949,1.6298653,23.809212
362,0,1,0,0.6837607,0.6837607,1.7055235,19.428362
362,0,1,0.25,0.6666667,0.6837607,1.7141666,19.873577
362,0,1,0.5,0.6581197,0.6752137,1.7188472,19.669434
362,0,1,0.75,0.60683763,0.6752137,1.7195517,19.466051
362,0,1,1,0.62393165,0.6837607,1.7162929,19.467064
362,0,2,0,0.82051283,0.35042736,1.2503374,8.0134325
362,0,2,0.25,0.85470086,0.35897437,1.2691294,8.604065
362,0,2,0.5,0.8632479,0.35897437,1.2799972,9.102659
362,0,2,0.75,0.84615386,0.36752138,1.2828732,9.5599
362,0,2,1,0.8632479,0.36752138,1.2777522,9.753492
363,0,1,0,0.982906,0.5555556,1.868588,10.491137
363,0,1,0.25,0.982906,0.51282054,2.0776198,9.0794115
363,0,1,0.5,1,0.45299146,2.2473211,7.961975
363,0,1,0.75,1,0.46153846,2.371549,7.170417
363,0,1,1,1,0.50427353,2.4470189,6.460965
363,0,2,0,0.32478634,0.6495727,3.1158776,43.89492
363,0,2,0.25,0.3846154,0.6495727,3.1344094,42.45806
363,0,2,0.5,0.3931624,0.6666667,3.123361,40.809868
363,0,2,0.75,0.45299146,0.6666667,3.0841632,38.189957
363,0,2,1,0.52136755,0.6752137,3.018721,34.9003
364,0,1,0,0.6923077,0.3931624,2.2933874,27.684029
364,0,1,0.25,0.6837607,0.47008547,2.434185,29.234295
364,0,1,0.5,0.6666667,0.5555556,2.5774791,27.789753
364,0,1,0.75,0.5555556,0.6495727,2.7228758,26.89966
364,0,1,1,0.5982906,0.7692308,2.8700562,25.23104
364,0,2,0,0.8632479,0.61538464,1.6087443,11.452486
364,0,2,0.25,0.7948718,0.53846157,1.9905796,15.642131
364,0,2,0.5,0.6581197,0.46153846,2.3793912,19.703234
364,0,2,0.75,0.62393165,0.41880342,2.7722456,24.35305
364,0,2,1,0.5982906,0.42735043,3.167639,29.031776
365,0,1,0,0.7094017,0.64102566,2.6224396,31.603899
365,0,1,0.25,0.7094017,0.7777778,2.7807033,32.71762
365,0,1,0.5,0.5470086,0.82051283,2.9399152,34.300346
365,0,1,0.75,0.45299146,0.7606838,3.0999296,35.653378
365,0,1,1,0.36752138,0.7948718,3.2606275,37.972
365,0,2,0,0.31623933,0.96581197,1.4482188,6.167989
365,0,2,0.25,0.31623933,0.96581197,1.5178891,9.3377285
365,0,2,0.5,0.31623933,0.95726496,1.5957983,13.902691
365,0,2,0.75,0.3846154,0.9230769,1.6808009,17.76236
365,0,2,1,0.53846157,0.9059829,1.7718761,21.051844
366,0,1,0,0.5555556,0.53846157,2.1765232,53.41794
366,0,1,0.25,0.5470086,0.42735043,2.199825,52.262447
366,0,1,0.5,0.51282054,0.41880342,2.244279,51.17978
366,0,1,0.75,0.52136755,0.43589744,2.305977,51.713326
366,0,1,1,0.47008547,0.41025642,2.38273,52.16451
366,0,2,0,0.32478634,0.42735043,2.4879894,44.89209
366,0,2,0.25,0.32478634,0.44444445,2.4372652,43.342728
366,0,2,0.5,0.30769232,0.46153846,2.3944533,41.532585
366,0,2,0.75,0.30769232,0.4871795,2.3592572,41.30365
366,0,2,1,0.34188035,0.50427353,2.3314404,41.085762
367,0,1,0,0.35897437,0.51282054,1.3409442,29.684458
367,0,1,0.25,0.35042736,0.5470086,1.3600137,29.624962
367,0,1,0.5,0.37606838,0.53846157,1.364313,30.219982
367,0,1,0.75,0.37606838,0.52991456,1.3537769,29.66999
367,0,1,1,0.3931624,0.5555556,1.3283813,28.832092
367,0,2,0,0.8803419,0.43589744,1.305776,19.879196
367,0,2,0.25,0.8803419,0.35042736,1.2742825,19.91803
367,0,2,0.5,0.9145299,0.36752138,1.255226,20.458088
367,0,2,0.75,0.8974359,0.35897437,1.2487284,19.360085
367,0,2,1,0.8974359,0.34188035,1.2548847,19.041817
368,0,1,0,0.52991456,0.72649574,1.4539307,29.689728
368,0,1,0.25,0.50427353,0.6837607,1.4565202,31.150234
368,0,1,0.5,0.4957265,0.6495727,1.4591672,32.332848
368,0,1,0.75,0.52136755,0.6495727,1.4618714,32.442932
368,0,1,1,0.52991456,0.62393165,1.464632,33.586445
368,0,2,0,0.8717949,0.42735043,1.2771779,18.772598
368,0,2,0.25,0.7948718,0.44444445,1.2730947,19.629654
368,0,2,0.5,0.7948718,0.44444445,1.2690151,19.847359
368,0,2,0.75,0.7948718,0.42735043,1.2649391,19.58509
368,0,2,1,0.8119658,0.41880342,1.2608663,20.309784
369,0,1,0,0.5555556,0.37606838,2.1709473,22.224316
369,0,1,0.25,0.5555556,0.36752138,2.1802766,23.018572
369,0,1,0.5,0.5555556,0.35042736,2.1882298,24.294655
369,0,1,0.75,0.50427353,0.33333334,2.1947274,25.27948
369,0,1,1,0.52136755,0.31623933,2.199684,25.7131
369,0,2,0,0.7863248,0.31623933,1.2702643,11.0554085
369,0,2,0.25,0.7948718,0.30769232,1.2601207,10.847948
369,0,2,0.5,0.7863248,0.2905983,1.2556452,10.997238
369,0,2,0.75,0.7777778,0.2991453,1.2568448,11.832236
369,0,2,1,0.7863248,0.30769232,1.2637674,12.157667
370,0,1,0,0.94017094,0.53846157,2.345309,18.170341
370,0,1,0.25,0.94017094,0.5470086,2.358507,18.30571
370,0,1,0.5,0.9230769,0.5897436,2.3635266,17.942966
370,0,1,0.75,0.9059829,0.5811966,2.3603292,17.587315
370,0,1,1,0.8974359,0.5726496,2.3488781,17.312254
370,0,2,0,0.7948718,0.52991456,2.4125571,23.950222
370,0,2,0.25,0.83760685,0.52991456,2.4038825,24.005606
370,0,2,0.5,0.82051283,0.52136755,2.400668,24.284773
370,0,2,0.75,0.8034188,0.52136755,2.4029186,24.275497
370,0,2,1,0.7863248,0.52991456,2.4106617,24.37859
371,0,1,0,0.5726496,0.61538464,2.9651046,15.597557
371,0,1,0.25,0.63247865,0.64102566,2.881865,17.038181
371,0,1,0.5,0.63247865,0.5726496,2.8219283,18.365921
371,0,1,0.75,0.6581197,0.50427353,2.7867978,18.965015
371,0,1,1,0.5641026,0.50427353,2.7774155,16.967346
371,0,2,0,0.6666667,0.2991453,3.8685791,38.2435
371,0,2,0.25,0.5982906,0.35042736,3.6592877,40.555847
371,0,2,0.5,0.43589744,0.31623933,3.4552236,41.30423
371,0,2,0.75,0.35042736,0.33333334,3.2573688,42.478256
371,0,2,1,0.44444445,0.42735043,3.0669255,46.102478
372,0,1,0,0.8974359,0.43589744,2.1034498,22.853926
372,0,1,0.25,0.9145299,0.46153846,2.0915282,22.469122
372,0,1,0.5,0.8888889,0.4871795,2.0860481,22.542955
372,0,1,0.75,0.9059829,0.44444445,2.0870175,22.216415
372,0,1,1,0.8888889,0.47008547,2.0944514,21.694221
372,0,2,0,0.53846157,0.45299146,4.2523065,47.36414
372,0,2,0.25,0.5897436,0.50427353,4.262281,47.52679
372,0,2,0.5,0.60683763,0.50427353,4.2672215,47.518745
372,0,2,0.75,0.64102566,0.4871795,4.2670665,46.601494
372,0,2,1,0.64102566,0.50427353,4.2618,44.981606
373,0,1,0,0.61538464,0.2905983,1.7159349,30.785917
373,0,1,0.25,0.62393165,0.3931624,1.7903223,27.844807
373,0,1,0.5,0.73504275,0.47008547,1.9845265,28.859835
373,0,1,0.75,0.6581197,0.51282054,2.1881132,29.736477
373,0,1,1,0.61538464,0.5726496,2.3986945,29.850435
373,0,2,0,0.7777778,0.33333334,2.5020447,22.879396
373,0,2,0.25,0.75213677,0.43589744,2.3485126,19.400997
373,0,2,0.5,0.7863248,0.4957265,2.3005311,19.24915
373,0,2,0.75,0.7008547,0.5726496,2.2737577,20.375778
373,0,2,1,0.6495727,0.5982906,2.2689424,20.756386
374,0,1,0,0.60683763,0.5641026,4.429783,34.59039
374,0,1,0.25,0.6581197,0.6666667,4.2677855,33.72409
374,0,1,0.5,0.5470086,0.6923077,4.043713,29.207886
374,0,1,0.75,0.43589744,0.6495727,3.7544312,28.261503
374,0,1,1,0.30769232,0.6923077,3.3980143,25.742123
374,0,2,0,0.64102566,0.50427353,2.09622,29.360863
374,0,2,0.25,0.5982906,0.5982906,2.2944984,29.125471
374,0,2,0.5,0.5555556,0.6495727,2.6198437,31.0504
374,0,2,0.75,0.4871795,0.71794873,3.040142,33.55342
374,0,2,1,0.41025642,0.7863248,3.570525,38.157204
375,0,1,0,0.7606838,0.9145299,1.767702,9.646807
375,0,1,0.25,0.7777778,0.9145299,1.6025094,8.036369
375,0,1,0.5,0.72649574,0.9059829,1.544532,7.137872
375,0,1,0.75,0.71794873,0.8888889,1.6054279,7.890628
375,0,1,1,0.5641026,0.8803419,1.7729902,9.358078
375,0,2,0,0.9145299,0.4871795,1.6259626,13.392223
375,0,2,0.25,0.95726496,0.61538464,1.6480292,16.514706
375,0,2,0.5,0.9059829,0.71794873,1.7258713,19.11531
375,0,2,0.75,0.63247865,0.71794873,1.8524716,21.863941
375,0,2,1,0.31623933,0.4871795,2.0186772,23.825718
376,0,1,0,0.4017094,0.34188035,2.042983,58.078835
376,0,1,0.25,0.37606838,0.53846157,2.0505426,57.471916
376,0,1,0.5,0.3846154,0.5555556,2.0484104,58.280464
376,0,1,0.75,0.41025642,0.4871795,2.0361948,56.65944
376,0,1,1,0.4017094,0.42735043,2.0136578,56.913445
376,0,2,0,0.5897436,0.37606838,1.5286597,35.91728
376,0,2,0.25,0.5982906,0.44444445,1.5130358,33.56256
376,0,2,0.5,0.60683763,0.4957265,1.5035566,32.017246
376,0,2,0.75,0.62393165,0.52136755,1.4995517,31.086372
376,0,2,1,0.62393165,0.52136755,1.5007178,30.881216
377,0,1,0,0.8974359,0.7094017,1.7237449,8.641715
377,0,1,0.25,0.94871795,0.7094017,1.9394616,12.227024
377,0,1,0.5,0.8974359,0.6923077,2.1565013,16.766747
377,0,1,0.75,0.7863248,0.6581197,2.374417,20.591507
377,0,1,1,0.5897436,0.52991456,2.582791,22.781645
377,0,2,0,0.5555556,0.7008547,1.3781492,19.733799
377,0,2,0.25,0.46153846,0.6752137,1.5763259,21.62233
377,0,2,0.5,0.46153846,0.6837607,1.8719876,26.38741
377,0,2,0.75,0.45299146,0.5982906,2.2276425,29.368687
377,0,2,1,0.30769232,0.5811966,2.6620038,28.933441
378,0,1,0,0.41025642,0.74358976,1.6637096,26.002514
378,0,1,0.25,0.41880342,0.74358976,1.675353,25.007774
378,0,1,0.5,0.46153846,0.7777778,1.6843948,23.879665
378,0,1,0.75,0.4871795,0.7692308,1.6909633,22.904682
378,0,1,1,0.4871795,0.75213677,1.6952001,22.090069
378,0,2,0,0.6666667,0.35042736,2.6752338,42.935272
378,0,2,0.25,0.6837607,0.32478634,2.6552112,41.45528
378,0,2,0.5,0.7008547,0.32478634,2.6366353,39.5803
378,0,2,0.75,0.6923077,0.2991453,2.6197908,38.771572
378,0,2,1,0.6752137,0.2905983,2.6061301,38.564392
379,0,1,0,0.85470086,0.7863248,1.7547091,13.627821
379,0,1,0.25,0.71794873,0.7008547,1.7039983,15.079066
379,0,1,0.5,0.5897436,0.64102566,1.7714345,15.874697
379,0,1,0.75,0.6752137,0.82905984,1.9447658,19.969048
379,0,1,1,0.52136755,0.75213677,2.1990933,24.943363
379,0,2,0,0.9145299,0.5811966,3.0692554,17.270237
379,0,2,0.25,0.9230769,0.5811966,3.0186293,15.098825
379,0,2,0.5,0.94017094,0.52136755,3.025111,12.288919
379,0,2,0.75,0.8803419,0.43589744,3.08834,9.022377
379,0,2,1,0.85470086,0.41025642,3.2049603,6.5221367
380,0,1,0,0.42735043,0.44444445,2.205923,32.050083
380,0,1,0.25,0.62393165,0.42735043,2.1269782,33.174423
380,0,1,0.5,0.74358976,0.44444445,2.062705,29.461615
380,0,1,0.75,0.8034188,0.62393165,2.0145087,23.285156
380,0,1,1,0.7863248,0.7692308,1.9835615,19.603598
380,0,2,0,0.43589744,0.52136755,1.2229978,30.640785
380,0,2,0.25,0.50427353,0.5555556,1.2892259,29.509306
380,0,2,0.5,0.50427353,0.47863248,1.3634559,29.539673
380,0,2,0.75,0.6837607,0.6666667,1.4444542,25.277493
380,0,2,1,0.8034188,0.8034188,1.5311471,22.10189
381,0,1,0,0.41025642,0.62393165,3.9522388,70.4328
381,0,1,0.25,0.41880342,0.63247865,3.9479592,70.91519
381,0,1,0.5,0.41880342,0.6495727,3.9576051,71.9981
381,0,1,0.75,0.41025642,0.6752137,3.981081,72.63435
381,0,1,1,0.41880342,0.6752137,4.018338,73.76708
381,0,2,0,0.36752138,0.974359,1.3517592,18.266571
381,0,2,0.25,0.37606838,0.974359,1.3433313,18.06908
381,0,2,0.5,0.3931624,0.95726496,1.3276047,17.833523
381,0,2,0.75,0.3931624,0.96581197,1.3047498,17.486523
381,0,2,1,0.4017094,0.96581197,1.2749422,16.942827
382,0,1,0,0.5470086,0.8034188,1.3390948,25.531252
382,0,1,0.25,0.52136755,0.8119658,1.3492129,25.853083
382,0,1,0.5,0.51282054,0.84615386,1.3593696,26.134674
382,0,1,0.75,0.50427353,0.8632479,1.369564,26.912046
382,0,1,1,0.4871795,0.8803419,1.3797952,26.759539
382,0,2,0,0.7948718,0.42735043,1.5994802,22.051151
382,0,2,0.25,0.7948718,0.43589744,1.6024024,22.373135
382,0,2,0.5,0.83760685,0.45299146,1.6054852,22.659866
382,0,2,0.75,0.82051283,0.45299146,1.6087278,23.445965
382,0,2,1,0.7777778,0.47863248,1.612129,24.568472
383,0,1,0,0.4871795,0.36752138,3.7945952,36.896442
383,0,1,0.25,0.36752138,0.34188035,3.5439863,42.97692
383,0,1,0.5,0.31623933,0.33333334,3.29776,46.864002
383,0,1,0.75,0.2905983,0.30769232,3.0569766,51.992874
383,0,1,1,0.35897437,0.32478634,2.8230276,60.406326
383,0,2,0,0.53846157,0.44444445,1.4333887,15.833583
383,0,2,0.25,0.51282054,0.41025642,1.4222647,17.237774
383,0,2,0.5,0.5726496,0.46153846,1.431154,19.543884
383,0,2,0.75,0.6495727,0.45299146,1.459691,22.208141
383,0,2,1,0.6495727,0.45299146,1.5067601,27.215229
384,0,1,0,0.9145299,0.5726496,2.071575,19.150436
384,0,1,0.25,0.8632479,0.5555556,2.068366,19.274532
384,0,1,0.5,0.8803419,0.53846157,2.0714166,19.629677
384,0,1,0.75,0.82905984,0.52136755,2.0806777,20.042706
384,0,1,1,0.85470086,0.50427353,2.096098,20.59595
384,0,2,0,0.31623933,0.73504275,2.399297,16.536034
384,0,2,0.25,0.31623933,0.7606838,2.402995,17.402626
384,0,2,0.5,0.2991453,0.7008547,2.407572,18.0537
384,0,2,0.75,0.30769232,0.7094017,2.4130104,19.220116
384,0,2,1,0.32478634,0.73504275,2.4193068,20.40723
385,0,1,0,0.5726496,0.82905984,1.2418116,12.782368
385,0,1,0.25,0.5641026,0.83760685,1.3796821,13.942532
385,0,1,0.5,0.5470086,0.8119658,1.5191545,14.848774
385,0,1,0.75,0.52991456,0.7948718,1.6598254,16.04419
385,0,1,1,0.5982906,0.84615386,1.8014138,17.868309
385,0,2,0,0.52136755,0.30769232,2.5938454,44.527588
385,0,2,0.25,0.51282054,0.31623933,2.857533,47.032722
385,0,2,0.5,0.4957265,0.34188035,3.1216033,49.507385
385,0,2,0.75,0.52136755,0.41025642,3.3859668,50.041546
385,0,2,1,0.5470086,0.4871795,3.65056,52.28233
386,0,1,0,0.5982906,0.5641026,1.456782,10.858479
386,0,1,0.25,0.5982906,0.60683763,1.4480903,10.74342
386,0,1,0.5,0.60683763,0.63247865,1.4304078,10.731314
386,0,1,0.75,0.6495727,0.6666667,1.4038724,10.787907
386,0,1,1,0.6666667,0.7094017,1.3686367,10.483864
386,0,2,0,0.42735043,0.94871795,1.9173489,9.137514
386,0,2,0.25,0.4017094,0.94871795,1.9143345,9.076656
386,0,2,0.5,0.4017094,0.95726496,1.9066588,8.916793
386,0,2,0.75,0.4017094,0.974359,1.8944048,8.742124
386,0,2,1,0.41025642,0.95726496,1.8776596,8.765449
387,0,1,0,0.83760685,0.53846157,1.5102319,18.000572
387,0,1,0.25,0.8034188,0.53846157,1.4761649,15.45352
387,0,1,0.5,0.8034188,0.5555556,1.4452527,14.448088
387,0,1,0.75,0.7777778,0.47863248,1.4177011,12.2578125
387,0,1,1,0.7948718,0.44444445,1.3937099,11.873758
387,0,2,0,0.52136755,0.7094017,1.3685355,14.711542
387,0,2,0.25,0.4871795,0.6666667,1.5523319,17.65398
387,0,2,0.5,0.45299146,0.5726496,1.7399534,21.047234
387,0,2,0.75,0.33333334,0.4957265,1.9302843,22.483198
387,0,2,1,0.33333334,0.46153846,2.1225958,26.627464
388,0,1,0,0.31623933,0.8119658,2.4090981,20.286457
388,0,1,0.25,0.34188035,0.8632479,2.0736773,15.745409
388,0,1,0.5,0.5555556,0.9145299,1.7422588,15.090141
388,0,1,0.75,0.7094017,0.7692308,1.4176513,15.111283
388,0,1,1,0.85470086,0.6666667,1.256865,17.990921
388,0,2,0,0.52991456,0.2991453,1.6006427,17.61079
388,0,2,0.25,0.5897436,0.2905983,1.8638415,22.222218
388,0,2,0.5,0.6752137,0.4871795,2.1298542,30.315372
388,0,2,0.75,0.74358976,0.6581197,2.397745,35.95454
388,0,2,1,0.71794873,0.71794873,2.6291265,41.721107
389,0,1,0,0.64102566,0.72649574,2.0415523,18.445503
389,0,1,0.25,0.6666667,0.8034188,1.8630028,12.470701
389,0,1,0.5,0.6581197,0.7692308,1.6935182,8.875002
389,0,1,0.75,0.6923077,0.83760685,1.5361012,8.836389
389,0,1,1,0.6923077,0.8632479,1.3948431,9.085668
389,0,2,0,0.7094017,0.31623933,2.1701376,20.43682
389,0,2,0.25,0.7692308,0.30769232,2.0033896,20.683594
389,0,2,0.5,0.73504275,0.46153846,1.838396,19.884514
389,0,2,0.75,0.60683763,0.46153846,1.6756743,19.595211
389,0,2,1,0.5897436,0.4957265,1.5159565,20.366264
390,0,1,0,0.5641026,0.60683763,2.4923344,33.009247
390,0,1,0.25,0.6666667,0.51282054,2.2611122,26.334381
390,0,1,0.5,0.7692308,0.51282054,2.0438848,20.735928
390,0,1,0.75,0.8717949,0.50427353,1.8456004,16.787605
390,0,1,1,0.9145299,0.52136755,1.6179509,11.624953
390,0,2,0,0.46153846,0.94017094,1.2682508,9.384281
390,0,2,0.25,0.41880342,0.8803419,1.6460469,14.455534
390,0,2,0.5,0.41880342,0.7692308,2.0370224,21.342323
390,0,2,0.75,0.6495727,0.6837607,2.4348369,25.260933
390,0,2,1,0.6752137,0.52991456,2.816282,26.42588
391,0,1,0,0.52136755,0.82905984,3.8819964,15.047836
391,0,1,0.25,0.50427353,0.83760685,3.8020513,14.230522
391,0,1,0.5,0.4957265,0.82051283,3.7449903,14.043209
391,0,1,0.75,0.50427353,0.82051283,3.7118664,14.524692
391,0,1,1,0.47863248,0.7948718,3.704152,14.852411
391,0,2,0,0.63247865,0.73504275,2.7179508,17.928986
391,0,2,0.25,0.62393165,0.7094017,2.771668,17.483078
391,0,2,0.5,0.60683763,0.7008547,2.8045652,16.91922
391,0,2,0.75,0.63247865,0.6923077,2.8169928,15.748507
391,0,2,1,0.61538464,0.72649574,2.8097043,14.301617
392,0,1,0,0.82905984,0.2905983,2.7383342,14.234884
392,0,1,0.25,0.7606838,0.30769232,2.8072898,12.915025
392,0,1,0.5,0.7008547,0.2905983,2.8735597,11.867792
392,0,1,0.75,0.6666667,0.2905983,2.9365757,10.874619
392,0,1,1,0.61538464,0.2905983,2.9957755,10.200754
392,0,2,0,0.6495727,0.31623933,2.4936795,44.232025
392,0,2,0.25,0.6495727,0.32478634,2.4444635,40.75694
392,0,2,0.5,0.6666667,0.33333334,2.4033937,39.008858
392,0,2,0.75,0.64102566,0.31623933,2.3708246,36.4971
392,0,2,1,0.6752137,0.31623933,2.348052,35.737877
393,0,1,0,0.72649574,0.84615386,1.4715135,10.684654
393,0,1,0.25,0.6752137,0.83760685,1.5187379,13.573395
393,0,1,0.5,0.6837607,0.71794873,1.5777915,16.817429
393,0,1,0.75,0.6837607,0.5726496,1.647403,19.98331
393,0,1,1,0.71794873,0.47008547,1.726296,26.572765
393,0,2,0,0.991453,0.51282054,1.2397888,6.9330473
393,0,2,0.25,0.974359,0.5470086,1.4200749,9.332611
393,0,2,0.5,0.83760685,0.50427353,1.6300385,14.204482
393,0,2,0.75,0.7008547,0.43589744,1.8596542,24.625818
393,0,2,1,0.7094017,0.4017094,2.1024933,44.8616
394,0,1,0,0.5897436,0.47863248,3.8650103,27.529346
394,0,1,0.25,0.63247865,0.6923077,3.2734716,25.475204
394,0,1,0.5,0.5811966,0.9230769,2.8984141,24.556953
394,0,1,0.75,0.45299146,0.93162394,2.7373602,21.872559
394,0,1,1,0.35042736,0.9230769,2.7821374,20.292862
394,0,2,0,0.6837607,0.41880342,3.6325195,29.841091
394,0,2,0.25,0.8119658,0.60683763,3.3135688,30.648453
394,0,2,0.5,0.84615386,0.71794873,3.0971608,26.249237
394,0,2,0.75,0.82905984,0.7948718,2.9657357,23.784866
394,0,2,1,0.7692308,0.73504275,2.9033666,20.985828
395,0,1,0,0.42735043,0.44444445,3.6992664,60.419945
395,0,1,0.25,0.43589744,0.43589744,3.701004,61.51551
395,0,1,0.5,0.46153846,0.4017094,3.7047815,62.677826
395,0,1,0.75,0.4957265,0.4017094,3.710464,65.00152
395,0,1,1,0.5470086,0.41880342,3.7179193,68.85311
395,0,2,0,0.3931624,0.6923077,2.4491456,36.84973
395,0,2,0.25,0.41880342,0.72649574,2.4389641,39.463478
395,0,2,0.5,0.44444445,0.6837607,2.4307358,40.210014
395,0,2,0.75,0.44444445,0.6666667,2.4239783,39.9878
395,0,2,1,0.46153846,0.64102566,2.418371,40.818398
396,0,1,0,0.47863248,0.6837607,1.277962,12.390602
396,0,1,0.25,0.5555556,0.6666667,1.2960188,12.844313
396,0,1,0.5,0.52136755,0.7008547,1.3047626,12.924349
396,0,1,0.75,0.53846157,0.7008547,1.304384,12.585928
396,0,1,1,0.52991456,0.75213677,1.2953691,12.980528
396,0,2,0,0.85470086,0.43589744,1.8361745,13.963629
396,0,2,0.25,0.8803419,0.41880342,1.8379207,13.943953
396,0,2,0.5,0.8717949,0.42735043,1.8474404,14.13742
396,0,2,0.75,0.85470086,0.43589744,1.8646371,14.234919
396,0,2,1,0.8632479,0.42735043,1.8895614,14.69146
397,0,1,0,0.4017094,0.4957265,2.3528147,32.95096
397,0,1,0.25,0.36752138,0.44444445,2.3776858,35.6716
397,0,1,0.5,0.35042736,0.47863248,2.4046817,37.890762
397,0,1,0.75,0.34188035,0.5470086,2.4337304,41.446
397,0,1,1,0.31623933,0.52136755,2.46476,44.077415
397,0,2,0,0.53846157,0.6581197,1.9784318,20.633343
397,0,2,0.25,0.5555556,0.7094017,1.8865488,19.544186
397,0,2,0.5,0.60683763,0.72649574,1.7992493,19.010757
397,0,2,0.75,0.61538464,0.7863248,1.7172321,18.98217
397,0,2,1,0.64102566,0.7863248,1.6412898,19.313957
398,0,1,0,0.51282054,0.36752138,3.8642104,57.42777
398,0,1,0.25,0.41880342,0.35042736,3.8476093,54.847572
398,0,1,0.5,0.41880342,0.32478634,3.8463433,54.684692
398,0,1,0.75,0.4957265,0.32478634,3.8615043,58.351753
398,0,1,1,0.51282054,0.32478634,3.8954978,57.831444
398,0,2,0,0.37606838,0.42735043,3.2789896,42.148582
398,0,2,0.25,0.36752138,0.42735043,3.247499,43.16478
398,0,2,0.5,0.35897437,0.43589744,3.2336977,42.825207
398,0,2,0.75,0.36752138,0.4017094,3.2378452,44.320877
398,0,2,1,0.36752138,0.3846154,3.260249,46.550415
399,0,1,0,0.42735043,0.37606838,4.489514,82.15721
399,0,1,0.25,0.43589744,0.3846154,4.484036,82.428986
399,0,1,0.5,0.41880342,0.36752138,4.4785676,82.04053
399,0,1,0.75,0.41880342,0.35897437,4.4731064,81.93859
399,0,1,1,0.3931624,0.36752138,4.4676538,81.92818
399,0,2,0,0.33333334,0.6923077,2.5526226,41.934456
399,0,2,0.25,0.32478634,0.6495727,2.5453625,41.039654
399,0,2,0.5,0.33333334,0.6581197,2.538159,40.70885
399,0,2,0.75,0.33333334,0.64102566,2.5310123,40.154594
399,0,2,1,0.32478634,0.63247865,2.5239227,40.54571
400,0,1,0,0.5897436,0.82905984,1.8578353,8.811684
400,0,1,0.25,0.5811966,0.85470086,1.8519133,8.99518
400,0,1,0.5,0.5726496,0.8803419,1.847022,9.189118
400,0,1,0.75,0.5726496,0.8803419,1.8431804,9.317463
400,0,1,1,0.5897436,0.8888889,1.8404303,9.412456
400,0,2,0,0.9145299,0.34188035,2.203799,19.518723
400,0,2,0.25,0.9145299,0.35042736,2.2093775,19.854477
400,0,2,0.5,0.9145299,0.33333334,2.213743,19.64375
400,0,2,0.75,0.9059829,0.33333334,2.216892,19.806847
400,0,2,1,0.9059829,0.31623933,2.2188365,19.809029
401,0,1,0,0.63247865,0.5726496,2.171535,47.561684
401,0,1,0.25,0.60683763,0.5641026,2.1683125,48.117897
401,0,1,0.5,0.5555556,0.53846157,2.1640096,48.875664
401,0,1,0.75,0.5811966,0.47008547,2.15869,48.571213
401,0,1,1,0.5897436,0.42735043,2.1524298,48.97101
401,0,2,0,0.47863248,0.46153846,1.9040506,42.796837
401,0,2,0.25,0.47863248,0.42735043,1.9095119,43.60679
401,0,2,0.5,0.43589744,0.4017094,1.9125501,44.681496
401,0,2,0.75,0.44444445,0.36752138,1.9131517,46.174686
401,0,2,1,0.44444445,0.32478634,1.9113041,47.194054
402,0,1,0,0.4871795,0.44444445,2.1014123,30.906693
402,0,1,0.25,0.46153846,0.45299146,2.218261,32.133102
402,0,1,0.5,0.5555556,0.52991456,2.447205,33.727547
402,0,1,0.75,0.61538464,0.5811966,2.6947646,34.924072
402,0,1,1,0.6495727,0.61538464,2.9434006,33.40473
402,0,2,0,0.9145299,0.32478634,1.9889872,13.923409
402,0,2,0.25,0.71794873,0.2991453,2.0044086,17.67455
402,0,2,0.5,0.6752137,0.31623933,1.8804569,16.567871
402,0,2,0.75,0.75213677,0.41880342,1.7329743,15.549428
402,0,2,1,0.82905984,0.47863248,1.6076778,15.447441
403,0,1,0,0.41880342,0.75213677,2.3119435,29.495152
403,0,1,0.25,0.4957265,0.7777778,2.2180765,25.644762
403,0,1,0.5,0.52991456,0.7948718,2.1261454,23.140099
403,0,1,0.75,0.5726496,0.83760685,2.036413,20.871767
403,0,1,1,0.62393165,0.82051283,1.9491823,19.029793
403,0,2,0,0.5897436,0.8034188,2.119191,17.8306
403,0,2,0.25,0.60683763,0.8888889,2.1650767,17.077526
403,0,2,0.5,0.7008547,0.9230769,2.2130868,17.408203
403,0,2,0.75,0.72649574,0.8717949,2.263086,16.98088
403,0,2,1,0.74358976,0.8888889,2.314945,16.412815
404,0,1,0,0.5811966,0.32478634,2.308272,34.0504
404,0,1,0.25,0.64102566,0.32478634,2.2636576,31.893133
404,0,1,0.5,0.6495727,0.33333334,2.2315285,30.497894
404,0,1,0.75,0.6752137,0.35042736,2.2109687,29.772074
404,0,1,1,0.73504275,0.36752138,2.201391,27.62913
404,0,2,0,0.82051283,0.31623933,1.9288865,28.26838
404,0,2,0.25,0.82905984,0.2991453,2.0276203,29.536774
404,0,2,0.5,0.8034188,0.2905983,2.0905766,30.72742
404,0,2,0.75,0.8632479,0.2991453,2.1109095,30.578232
404,0,2,1,0.9230769,0.3846154,2.086523,30.45301
405,0,1,0,0.8119658,0.6495727,4.696129,48.35768
405,0,1,0.25,0.8034188,0.6581197,4.698789,48.517456
405,0,1,0.5,0.8034188,0.6666667,4.6986732,48.80436
405,0,1,0.75,0.8119658,0.7008547,4.69579,48.94265
405,0,1,1,0.8034188,0.71794873,4.6901517,49.23501
405,0,2,0,1,0.30769232,3.5506032,17.249634
405,0,2,0.25,1,0.33333334,3.5581267,17.388031
405,0,2,0.5,1,0.33333334,3.56123,17.211582
405,0,2,0.75,1,0.34188035,3.559924,17.42951
405,0,2,1,1,0.34188035,3.5542607,17.640152
406,0,1,0,0.63247865,0.75213677,1.7155546,23.585545
406,0,1,0.25,0.64102566,0.74358976,1.7166312,23.633219
406,0,1,0.5,0.64102566,0.71794873,1.717332,24.234768
406,0,1,0.75,0.6666667,0.7008547,1.7176709,24.871815
406,0,1,1,0.6666667,0.6581197,1.7176733,25.2762
406,0,2,0,0.7606838,0.4017094,1.3432541,17.244476
406,0,2,0.25,0.71794873,0.3846154,1.3440392,18.203201
406,0,2,0.5,0.74358976,0.3846154,1.3451257,18.738894
406,0,2,0.75,0.7692308,0.41880342,1.346507,18.772324
406,0,2,1,0.7692308,0.4017094,1.348179,18.837025
407,0,1,0,0.5726496,0.7777778,1.5584204,13.386811
407,0,1,0.25,0.5555556,0.7948718,1.6662257,13.8365345
407,0,1,0.5,0.5555556,0.8034188,1.8049718,13.240854
407,0,1,0.75,0.5811966,0.9145299,1.9681257,14.770498
407,0,1,1,0.5641026,0.8034188,2.1501386,14.980766
407,0,2,0,0.72649574,0.42735043,1.5533172,21.812983
407,0,2,0.25,0.6581197,0.5641026,1.773634,24.308548
407,0,2,0.5,0.73504275,0.6495727,2.0106792,28.163769
407,0,2,0.75,0.5726496,0.5641026,2.2591937,24.725504
407,0,2,1,0.52991456,0.5641026,2.5157804,24.125708
408,0,1,0,0.3846154,0.7692308,2.0798075,31.66371
408,0,1,0.25,0.35897437,0.7606838,2.0702624,31.777637
408,0,1,0.5,0.36752138,0.7692308,2.0615883,30.705925
408,0,1,0.75,0.4017094,0.7777778,2.0539036,30.534279
408,0,1,1,0.3846154,0.7948718,2.0473633,30.733074
408,0,2,0,0.9145299,0.35897437,1.35521,14.382582
408,0,2,0.25,0.9059829,0.3846154,1.3625331,14.23321
408,0,2,0.5,0.9145299,0.4017094,1.3700452,14.236089
408,0,2,0.75,0.94017094,0.3931624,1.3776927,14.441786
408,0,2,1,0.94017094,0.41025642,1.3854225,14.142187
409,0,1,0,0.6495727,0.7094017,5.066501,29.931091
409,0,1,0.25,0.7606838,0.6752137,5.0353603,32.56127
409,0,1,0.5,0.7863248,0.63247865,5.0367537,33.880142
409,0,1,0.75,0.73504275,0.5897436,5.0647073,35.045822
409,0,1,1,0.7777778,0.5470086,5.1147995,36.373894
409,0,2,0,0.75213677,0.8888889,2.9061713,12.83794
409,0,2,0.25,0.7863248,0.8974359,2.9669194,12.775618
409,0,2,0.5,0.75213677,0.84615386,2.9952223,12.868612
409,0,2,0.75,0.7606838,0.85470086,2.9869766,12.90358
409,0,2,1,0.7692308,0.85470086,2.9401238,12.443123
410,0,1,0,0.8632479,0.53846157,1.417686,29.95599
410,0,1,0.25,0.82905984,0.47008547,1.4391582,30.100872
410,0,1,0.5,0.7777778,0.51282054,1.4531263,30.360332
410,0,1,0.75,0.7606838,0.52991456,1.4591898,31.325226
410,0,1,1,0.7094017,0.5726496,1.4572587,31.519081
410,0,2,0,0.5811966,0.7863248,1.5147771,21.06818
410,0,2,0.25,0.5982906,0.72649574,1.5261577,21.21994
410,0,2,0.5,0.5811966,0.71794873,1.531463,21.117632
410,0,2,0.75,0.5641026,0.6837607,1.53052,21.86475
410,0,2,1,0.4957265,0.6666667,1.5233434,22.448692
411,0,1,0,0.34188035,0.35897437,2.7631304,57.7553
411,0,1,0.25,0.34188035,0.35042736,2.7629137,58.271114
411,0,1,0.5,0.35042736,0.37606838,2.7633767,59.827488
411,0,1,0.75,0.33333334,0.32478634,2.7645097,59.268963
411,0,1,1,0.35042736,0.2991453,2.7663045,59.592724
411,0,2,0,0.5811966,0.4017094,1.5339762,30.162043
411,0,2,0.25,0.60683763,0.3846154,1.5368955,30.320824
411,0,2,0.5,0.63247865,0.35897437,1.5396967,30.473368
411,0,2,0.75,0.63247865,0.37606838,1.5423652,31.087868
411,0,2,1,0.60683763,0.36752138,1.5448861,31.627735
412,0,1,0,0.7606838,0.33333334,1.3377446,19.91323
412,0,1,0.25,0.7863248,0.34188035,1.3408493,20.005846
412,0,1,0.5,0.8034188,0.35897437,1.3438843,20.336914
412,0,1,0.75,0.8034188,0.34188035,1.3468434,20.30706
412,0,1,1,0.83760685,0.33333334,1.3497232,20.17276
412,0,2,0,0.8034188,0.41880342,1.2637844,8.509554
412,0,2,0.25,0.83760685,0.41880342,1.273064,8.646648
412,0,2,0.5,0.84615386,0.4017094,1.2829486,8.851003
412,0,2,0.75,0.82051283,0.4017094,1.2933478,9.175098
412,0,2,1,0.7863248,0.35897437,1.3041822,9.571659
413,0,1,0,0.5982906,0.3846154,2.4755533,23.236006
413,0,1,0.25,0.61538464,0.35042736,2.4789279,23.137062
413,0,1,0.5,0.60683763,0.42735043,2.484723,23.355202
413,0,1,0.75,0.60683763,0.41025642,2.492897,23.389854
413,0,1,1,0.61538464,0.36752138,2.5034485,23.579319
413,0,2,0,0.5811966,0.30769232,3.0657735,34.538998
413,0,2,0.25,0.5811966,0.31623933,3.072457,34.48749
413,0,2,0.5,0.5641026,0.30769232,3.0796814,34.04568
413,0,2,0.75,0.53846157,0.2905983,3.08739,32.424416
413,0,2,1,0.52136755,0.32478634,3.0955255,31.838234
414,0,1,0,0.6581197,0.51282054,1.4998903,20.02844
414,0,1,0.25,0.6666667,0.53846157,1.5457734,17.689426
414,0,1,0.5,0.72649574,0.5897436,1.6195722,15.849717
414,0,1,0.75,0.82051283,0.6581197,1.7176921,14.221329
414,0,1,1,0.7777778,0.6752137,1.8362397,12.536558
414,0,2,0,0.43589744,0.41880342,3.2971177,54.488705
414,0,2,0.25,0.46153846,0.44444445,3.2014713,48.059856
414,0,2,0.5,0.43589744,0.4871795,3.1241171,42.849007
414,0,2,0.75,0.44444445,0.5726496,3.06644,37.640903
414,0,2,1,0.4017094,0.6495727,3.0295646,33.66722
415,0,1,0,0.52991456,0.52136755,2.2303846,30.271942
415,0,1,0.25,0.5897436,0.4871795,1.9562707,32.57384
415,0,1,0.5,0.5726496,0.35897437,1.7163265,33.738487
415,0,1,0.75,0.64102566,0.36752138,1.5267475,30.036396
415,0,1,1,0.72649574,0.41880342,1.4080268,26.97987
415,0,2,0,0.6581197,0.64102566,2.1170592,26.379232
415,0,2,0.25,0.71794873,0.6752137,1.9154358,25.629452
415,0,2,0.5,0.73504275,0.6837607,1.7593269,26.291092
415,0,2,0.75,0.6581197,0.64102566,1.6616111,24.412632
415,0,2,1,0.73504275,0.5726496,1.6328056,25.818943
416,0,1,0,0.44444445,0.82905984,1.6308671,15.222947
416,0,1,0.25,0.5897436,0.82905984,1.8555517,14.649548
416,0,1,0.5,0.63247865,0.8803419,2.0239086,13.824596
416,0,1,0.75,0.6923077,0.8034188,2.1358035,14.175281
416,0,1,1,0.7777778,0.7606838,2.1983826,15.7556715
416,0,2,0,0.5726496,0.73504275,1.9507775,27.378569
416,0,2,0.25,0.7008547,0.7008547,1.8337659,21.922375
416,0,2,0.5,0.7863248,0.5982906,1.8403825,18.630875
416,0,2,0.75,0.72649574,0.51282054,1.9272482,18.46114
416,0,2,1,0.82051283,0.52136755,2.0817125,20.643616
417,0,1,0,0.73504275,0.5555556,2.9799783,15.539335
417,0,1,0.25,0.73504275,0.5641026,2.956145,15.594881
417,0,1,0.5,0.74358976,0.5555556,2.9423895,15.46439
417,0,1,0.75,0.71794873,0.5811966,2.9387414,15.372557
417,0,1,1,0.71794873,0.5555556,2.9452305,15.286391
417,0,2,0,0.64102566,0.5811966,2.350328,26.32397
417,0,2,0.25,0.6666667,0.5641026,2.3183625,25.154003
417,0,2,0.5,0.6752137,0.5470086,2.2925782,24.366068
417,0,2,0.75,0.6495727,0.5555556,2.2731457,23.64325
417,0,2,1,0.7008547,0.5641026,2.2602515,22.715439
418,0,1,0,0.31623933,0.60683763,3.1047528,14.905147
418,0,1,0.25,0.33333334,0.5641026,3.103819,15.5376425
418,0,1,0.5,0.32478634,0.5811966,3.1208327,17.792786
418,0,1,0.75,0.32478634,0.5726496,3.1555054,21.938454
418,0,1,1,0.37606838,0.4871795,3.2072628,28.162823
418,0,2,0,0.50427353,0.46153846,2.3256907,33.117805
418,0,2,0.25,0.5811966,0.45299146,2.160044,33.476093
418,0,2,0.5,0.61538464,0.43589744,2.0030785,29.845562
418,0,2,0.75,0.5982906,0.3846154,1.8569965,25.480425
418,0,2,1,0.5811966,0.33333334,1.7245663,19.636986
419,0,1,0,0.47008547,0.6666667,1.4899608,34.376907
419,0,1,0.25,0.47008547,0.6581197,1.4958405,34.437084
419,0,1,0.5,0.45299146,0.6581197,1.4997542,34.967064
419,0,1,0.75,0.47008547,0.6666667,1.5016623,35.421837
419,0,1,1,0.43589744,0.6495727,1.5016063,35.750477
419,0,2,0,0.53846157,0.5726496,2.043377,43.4204
419,0,2,0.25,0.52991456,0.5555556,2.03934,43.40821
419,0,2,0.5,0.52991456,0.52136755,2.0450892,43.81015
419,0,2,0.75,0.52136755,0.51282054,2.0605078,44.456406
419,0,2,1,0.4957265,0.53846157,2.0855205,46.193443
420,0,1,0,0.41880342,0.7863248,3.291923,24.213085
420,0,1,0.25,0.4871795,0.8717949,3.0648766,23.785946
420,0,1,0.5,0.50427353,0.85470086,2.8434603,23.220451
420,0,1,0.75,0.52991456,0.8888889,2.6290977,22.467667
420,0,1,1,0.4957265,0.82905984,2.4236605,21.389791
420,0,2,0,0.7948718,0.7777778,2.535378,7.373143
420,0,2,0.25,0.82051283,0.8034188,2.5351782,8.54409
420,0,2,0.5,0.8717949,0.83760685,2.53774,9.527297
420,0,2,0.75,0.84615386,0.7777778,2.5430548,10.6210575
420,0,2,1,0.8034188,0.73504275,2.5511055,12.114273
421,0,1,0,0.61538464,0.30769232,1.5192887,16.461983
421,0,1,0.25,0.62393165,0.35042736,1.520508,16.716208
421,0,1,0.5,0.64102566,0.33333334,1.5210202,17.144579
421,0,1,0.75,0.64102566,0.33333334,1.5208287,17.066458
421,0,1,1,0.64102566,0.34188035,1.5199372,16.894306
421,0,2,0,0.47863248,0.47008547,2.2509468,36.495636
421,0,2,0.25,0.4871795,0.45299146,2.2503908,36.261246
421,0,2,0.5,0.4957265,0.43589744,2.2519643,35.76242
421,0,2,0.75,0.4871795,0.45299146,2.2556536,35.270004
421,0,2,1,0.47863248,0.52136755,2.2614458,34.93104
422,0,1,0,0.52991456,0.3846154,2.65381,46.470383
422,0,1,0.25,0.52991456,0.41025642,2.3156302,37.517265
422,0,1,0.5,0.50427353,0.47863248,1.9881831,30.112549
422,0,1,0.75,0.5726496,0.6581197,1.6777656,26.056988
422,0,1,1,0.47863248,0.6495727,1.3957852,21.25196
422,0,2,0,0.5726496,0.5470086,2.0238445,27.138048
422,0,2,0.25,0.5982906,0.64102566,2.0480852,22.14339
422,0,2,0.5,0.5897436,0.5982906,2.0830543,19.272652
422,0,2,0.75,0.61538464,0.6837607,2.1282234,19.821697
422,0,2,1,0.5897436,0.62393165,2.1829586,17.087381
423,0,1,0,0.50427353,0.34188035,1.762537,44.59173
423,0,1,0.25,0.7606838,0.34188035,1.5892512,30.484547
423,0,1,0.5,0.93162394,0.42735043,1.4352248,19.321735
423,0,1,0.75,0.991453,0.41880342,1.3072829,12.259942
423,0,1,1,0.991453,0.44444445,1.2137032,8.901463
423,0,2,0,0.982906,0.3931624,1.4069839,13.1158285
423,0,2,0.25,0.974359,0.37606838,1.4660953,13.182176
423,0,2,0.5,0.8632479,0.2905983,1.579021,16.683641
423,0,2,0.75,0.8034188,0.30769232,1.735286,23.223013
423,0,2,1,0.74358976,0.35897437,1.9243613,28.871628
424,0,1,0,0.3846154,0.5726496,2.1155674,20.587086
424,0,1,0.25,0.35042736,0.5641026,2.1695237,19.537169
424,0,1,0.5,0.31623933,0.52136755,2.2162097,20.215263
424,0,1,0.75,0.33333334,0.50427353,2.2528312,19.467237
424,0,1,1,0.2991453,0.47863248,2.2788575,18.538942
424,0,2,0,0.35897437,0.43589744,3.0075536,30.188086
424,0,2,0.25,0.37606838,0.4871795,2.9441633,30.917273
424,0,2,0.5,0.3846154,0.45299146,2.9047358,31.428268
424,0,2,0.75,0.41025642,0.45299146,2.8877065,32.408188
424,0,2,1,0.36752138,0.43589744,2.8930292,29.912745
425,0,1,0,0.5470086,0.6923077,2.5033357,20.902279
425,0,1,0.25,0.4957265,0.6581197,2.510506,20.837929
425,0,1,0.5,0.4871795,0.63247865,2.4964213,20.429169
425,0,1,0.75,0.4871795,0.6495727,2.4614058,20.445576
425,0,1,1,0.47008547,0.7094017,2.4062617,20.41816
425,0,2,0,0.51282054,0.8119658,3.325955,20.141663
425,0,2,0.25,0.52136755,0.8119658,3.3631625,20.04375
425,0,2,0.5,0.5555556,0.85470086,3.3721118,20.203995
425,0,2,0.75,0.5555556,0.8888889,3.3528583,20.34188
425,0,2,1,0.53846157,0.8888889,3.305492,20.119537
426,0,1,0,0.37606838,0.7094017,2.3170743,41.210274
426,0,1,0.25,0.3931624,0.6923077,2.3309321,40.997326
426,0,1,0.5,0.41880342,0.6666667,2.3343909,40.433636
426,0,1,0.75,0.43589744,0.6923077,2.3274264,40.443325
426,0,1,1,0.41880342,0.7094017,2.310057,40.113472
426,0,2,0,0.2905983,0.7777778,1.9371083,35.94263
426,0,2,0.25,0.30769232,0.7948718,1.9278058,34.848663
426,0,2,0.5,0.30769232,0.8119658,1.9244381,34.810287
426,0,2,0.75,0.32478634,0.8034188,1.9269366,35.17762
426,0,2,1,0.33333334,0.7948718,1.9353007,34.574753
427,0,1,0,0.5982906,0.3931624,2.4219468,38.766003
427,0,1,0.25,0.5811966,0.3846154,2.3593185,38.701843
427,0,1,0.5,0.5726496,0.35897437,2.3179088,38.984108
427,0,1,0.75,0.5555556,0.3931624,2.297542,38.92625
427,0,1,1,0.52991456,0.41025642,2.2983737,39.405437
427,0,2,0,0.42735043,0.53846157,1.6204199,27.198898
427,0,2,0.25,0.42735043,0.5726496,1.6548743,28.190262
427,0,2,0.5,0.3846154,0.5470086,1.6821722,29.661053
427,0,2,0.75,0.41025642,0.5555556,1.7020153,30.034086
427,0,2,1,0.41025642,0.5641026,1.7142776,30.564716
428,0,1,0,0.6581197,0.37606838,1.259729,5.264662
428,0,1,0.25,0.73504275,0.36752138,1.542722,11.8183
428,0,1,0.5,0.74358976,0.41880342,1.8494354,16.07237
428,0,1,0.75,0.71794873,0.41880342,2.1698334,22.101078
428,0,1,1,0.62393165,0.51282054,2.4986575,27.80251
428,0,2,0,0.73504275,0.4957265,2.4151142,18.265259
428,0,2,0.25,0.73504275,0.61538464,2.237946,15.489069
428,0,2,0.5,0.73504275,0.5982906,2.0694468,12.512983
428,0,2,0.75,0.7606838,0.5897436,1.9119102,10.520419
428,0,2,1,0.72649574,0.51282054,1.7682682,8.807024
429,0,1,0,0.33333334,0.8632479,1.4348489,15.856815
429,0,1,0.25,0.33333334,0.84615386,1.4189528,15.45669
429,0,1,0.5,0.33333334,0.83760685,1.4073166,15.308014
429,0,1,0.75,0.35042736,0.84615386,1.4000368,15.161591
429,0,1,1,0.35042736,0.83760685,1.3972192,15.076415
429,0,2,0,0.2991453,0.7094017,2.3864894,27.147377
429,0,2,0.25,0.30769232,0.6923077,2.3784165,26.327574
429,0,2,0.5,0.2991453,0.63247865,2.3680477,26.56147
429,0,2,0.75,0.30769232,0.6495727,2.3554769,26.431236
429,0,2,1,0.2991453,0.6923077,2.3407993,26.383083
430,0,1,0,0.35042736,0.8034188,1.806776,8.973547
430,0,1,0.25,0.36752138,0.8034188,1.8032795,8.901541
430,0,1,0.5,0.3846154,0.7863248,1.8015244,8.916773
430,0,1,0.75,0.37606838,0.7863248,1.8015162,8.902536
430,0,1,1,0.36752138,0.7863248,1.8032609,8.915207
430,0,2,0,0.7094017,0.62393165,1.5251747,13.469339
430,0,2,0.25,0.7008547,0.61538464,1.531825,13.63704
430,0,2,0.5,0.71794873,0.60683763,1.5376819,13.779869
430,0,2,0.75,0.7094017,0.60683763,1.5427088,14.1276045
430,0,2,1,0.6923077,0.5897436,1.5468999,14.41533
431,0,1,0,0.2991453,0.82051283,2.0572994,25.002285
431,0,1,0.25,0.36752138,0.7948718,1.9203165,24.76408
431,0,1,0.5,0.3846154,0.75213677,1.8859612,27.189693
431,0,1,0.75,0.41025642,0.7094017,1.925576,30.453278
431,0,1,1,0.2991453,0.5897436,2.0144758,31.231972
431,0,2,0,0.42735043,0.85470086,1.590884,15.591354
431,0,2,0.25,0.4957265,0.7606838,1.8257142,16.006002
431,0,2,0.5,0.63247865,0.7948718,2.033641,19.306828
431,0,2,0.75,0.64102566,0.6752137,2.1924345,22.925795
431,0,2,1,0.5726496,0.62393165,2.2935069,28.066647
432,0,1,0,0.72649574,0.6752137,1.841317,16.999651
432,0,1,0.25,0.7863248,0.71794873,1.9431603,15.287415
432,0,1,0.5,0.7863248,0.6666667,2.0580375,13.551701
432,0,1,0.75,0.72649574,0.61538464,2.183893,11.911818
432,0,1,1,0.6837607,0.51282054,2.3189397,10.177458
432,0,2,0,0.71794873,0.2991453,1.500147,17.753828
432,0,2,0.25,0.94017094,0.30769232,1.6493807,18.30121
432,0,2,0.5,0.8803419,0.37606838,1.8403435,18.034054
432,0,2,0.75,0.7863248,0.34188035,2.0614712,17.602894
432,0,2,1,0.72649574,0.30769232,2.3040953,17.025326
433,0,1,0,0.3931624,0.5555556,1.714523,8.340847
433,0,1,0.25,0.3931624,0.5470086,1.6784312,7.867527
433,0,1,0.5,0.3931624,0.5555556,1.6423675,7.4476795
433,0,1,0.75,0.3931624,0.5555556,1.6063328,6.991478
433,0,1,1,0.41025642,0.5555556,1.5703293,6.7249813
433,0,2,0,0.75213677,0.5726496,1.7168516,5.1364536
433,0,2,0.25,0.72649574,0.50427353,1.7206953,4.945005
433,0,2,0.5,0.6752137,0.4957265,1.7256169,4.8074093
433,0,2,0.75,0.6666667,0.51282054,1.7316082,4.742003
433,0,2,1,0.6752137,0.44444445,1.738658,4.675325
434,0,1,0,0.72649574,0.6495727,1.4693959,15.066243
434,0,1,0.25,0.74358976,0.5726496,1.4455624,14.439691
434,0,1,0.5,0.7606838,0.5470086,1.4600716,13.458657
434,0,1,0.75,0.7948718,0.4957265,1.5118201,13.446305
434,0,1,1,0.8119658,0.46153846,1.5971923,14.46965
434,0,2,0,0.83760685,0.44444445,2.1671166,23.768904
434,0,2,0.25,0.83760685,0.35897437,1.9994404,24.490984
434,0,2,0.5,0.7948718,0.3846154,1.8388245,24.89795
434,0,2,0.75,0.62393165,0.30769232,1.6872863,24.138447
434,0,2,1,0.6581197,0.35042736,1.5474951,25.66085
435,0,1,0,0.47863248,0.41880342,4.1022468,57.969368
435,0,1,0.25,0.3931624,0.3846154,4.22946,55.912464
435,0,1,0.5,0.33333334,0.34188035,4.361217,54.030563
435,0,1,0.75,0.2991453,0.46153846,4.4971194,49.84469
435,0,1,1,0.30769232,0.44444445,4.636802,42.94806
435,0,2,0,0.83760685,0.36752138,2.034341,11.432667
435,0,2,0.25,0.82905984,0.30769232,2.0279667,10.645432
435,0,2,0.5,0.8632479,0.42735043,2.0257766,11.056855
435,0,2,0.75,0.83760685,0.46153846,2.0277839,10.262602
435,0,2,1,0.93162394,0.47863248,2.0339763,10.482775
436,0,1,0,0.5470086,0.6752137,1.6294639,21.208706
436,0,1,0.25,0.51282054,0.6666667,2.0075812,24.674557
436,0,1,0.5,0.5811966,0.71794873,2.402122,29.96765
436,0,1,0.75,0.5982906,0.6837607,2.806168,36.00141
436,0,1,1,0.52136755,0.6752137,3.2161384,42.332367
436,0,2,0,0.2991453,0.8632479,1.8815887,17.496338
436,0,2,0.25,0.30769232,0.8803419,1.7164845,16.296013
436,0,2,0.5,0.34188035,0.9230769,1.5581126,15.690324
436,0,2,0.75,0.3846154,0.94017094,1.4087458,14.778223
436,0,2,1,0.41880342,0.9230769,1.2715603,14.13553
437,0,1,0,0.62393165,0.6752137,1.5550995,22.132618
437,0,1,0.25,0.63247865,0.6923077,1.5762144,21.119404
437,0,1,0.5,0.5982906,0.6837607,1.5866853,21.462143
437,0,1,0.75,0.60683763,0.6752137,1.5863953,21.245245
437,0,1,1,0.5897436,0.6923077,1.5753299,21.155268
437,0,2,0,0.34188035,0.8632479,1.2873371,9.936926
437,0,2,0.25,0.37606838,0.8888889,1.2838267,9.79351
437,0,2,0.5,0.3931624,0.8888889,1.2837129,9.613203
437,0,2,0.75,0.3931624,0.8803419,1.286855,9.695715
437,0,2,1,0.3931624,0.82905984,1.2931854,10.053329
438,0,1,0,0.2905983,0.41025642,1.3714005,18.875854
438,0,1,0.25,0.36752138,0.4871795,1.3865817,19.042439
438,0,1,0.5,0.36752138,0.4871795,1.4116894,19.342434
438,0,1,0.75,0.33333334,0.43589744,1.4464866,19.862286
438,0,1,1,0.30769232,0.3846154,1.4907285,20.287704
438,0,2,0,0.4871795,0.6752137,1.5696373,12.929834
438,0,2,0.25,0.47863248,0.63247865,1.5570421,12.252634
438,0,2,0.5,0.46153846,0.7008547,1.5471383,13.818061
438,0,2,0.75,0.44444445,0.7863248,1.5399889,14.372887
438,0,2,1,0.41880342,0.8974359,1.5356704,14.659035
439,0,1,0,0.5470086,0.2905983,4.141413,26.892742
439,0,1,0.25,0.5470086,0.30769232,3.8402922,25.57544
439,0,1,0.5,0.61538464,0.30769232,3.5481489,26.307138
439,0,1,0.75,0.5982906,0.35897437,3.2673936,27.557873
439,0,1,1,0.53846157,0.34188035,3.0012226,26.128624
439,0,2,0,0.5982906,0.75213677,3.809284,17.87459
439,0,2,0.25,0.61538464,0.6837607,3.5923688,19.751001
439,0,2,0.5,0.6495727,0.5897436,3.4051855,23.569595
439,0,2,0.75,0.64102566,0.50427353,3.2528708,26.798922
439,0,2,1,0.6581197,0.36752138,3.1405032,30.435047
440,0,1,0,0.35042736,0.52136755,2.761082,65.55401
440,0,1,0.25,0.3846154,0.5555556,2.7328243,67.75728
440,0,1,0.5,0.37606838,0.5470086,2.7050087,70.11231
440,0,1,0.75,0.34188035,0.5470086,2.677648,71.60013
440,0,1,1,0.30769232,0.5811966,2.6507568,73.96625
440,0,2,0,0.52136755,0.51282054,1.8308417,38.226288
440,0,2,0.25,0.52991456,0.53846157,1.8138617,38.96044
440,0,2,0.5,0.5555556,0.5641026,1.798308,39.917618
440,0,2,0.75,0.5726496,0.5470086,1.7842177,41.474014
440,0,2,1,0.52136755,0.5555556,1.7716256,43.187653
441,0,1,0,0.43589744,0.4871795,2.0166845,46.177486
441,0,1,0.25,0.43589744,0.5555556,2.0177214,47.814964
441,0,1,0.5,0.46153846,0.5470086,2.0187583,48.28047
441,0,1,0.75,0.43589744,0.50427353,2.0197952,49.953003
441,0,1,1,0.43589744,0.4871795,2.0208323,49.667458
441,0,2,0,0.72649574,0.72649574,1.4162921,24.429142
441,0,2,0.25,0.71794873,0.7008547,1.419931,25.424543
441,0,2,0.5,0.7008547,0.6495727,1.4235721,26.001362
441,0,2,0.75,0.7094017,0.6495727,1.4272159,26.63961
441,0,2,1,0.72649574,0.64102566,1.4308622,26.884628
442,0,1,0,0.3846154,0.3931624,2.07531,57.999054
442,0,1,0.25,0.3931624,0.3846154,2.079453,58.25056
442,0,1,0.5,0.3931624,0.7863248,2.0590062,57.53476
442,0,1,0.75,0.46153846,0.7777778,2.0149534,53.757107
442,0,1,1,0.4957265,0.7094017,1.9530988,46.029377
442,0,2,0,0.62393165,0.52136755,1.5608553,31.632977
442,0,2,0.25,0.6495727,0.52136755,1.5292616,31.282055
442,0,2,0.5,0.6666667,0.7094017,1.5641243,32.01931
442,0,2,0.75,0.6837607,0.7008547,1.6651627,32.08633
442,0,2,1,0.6923077,0.60683763,1.8320336,31.905365
443,0,1,0,0.7606838,0.6923077,1.3911066,16.144905
443,0,1,0.25,0.7777778,0.6495727,1.3845997,15.267948
443,0,1,0.5,0.82905984,0.6495727,1.3791847,15.168371
443,0,1,0.75,0.82905984,0.6581197,1.3748579,14.953848
443,0,1,1,0.7948718,0.6581197,1.3716921,15.307465
443,0,2,0,0.9145299,0.35042736,1.2646153,10.405609
443,0,2,0.25,0.94017094,0.34188035,1.2734638,10.188463
443,0,2,0.5,0.94871795,0.36752138,1.2795025,10.311892
443,0,2,0.75,0.94017094,0.3846154,1.2826595,10.67715
443,0,2,1,0.9230769,0.3846154,1.2828758,10.885995
444,0,1,0,0.6923077,0.41025642,1.9499041,23.999897
444,0,1,0.25,0.73504275,0.50427353,1.9758949,27.808369
444,0,1,0.5,0.6581197,0.52136755,2.0275137,29.410736
444,0,1,0.75,0.46153846,0.53846157,2.1028738,33.158047
444,0,1,1,0.37606838,0.62393165,2.1995368,32.9208
444,0,2,0,0.6666667,0.4957265,2.4193645,31.246357
444,0,2,0.25,0.3931624,0.6495727,2.2009537,23.770384
444,0,2,0.5,0.3931624,0.72649574,1.9917036,12.083757
444,0,2,0.75,0.47008547,0.9145299,1.794821,9.1708145
444,0,2,1,0.60683763,0.85470086,1.6148366,14.215691
445,0,1,0,0.7948718,0.5726496,1.4459084,11.186182
445,0,1,0.25,0.85470086,0.53846157,1.4162492,12.757435
445,0,1,0.5,0.84615386,0.52136755,1.412475,14.639238
445,0,1,0.75,0.72649574,0.5555556,1.4437488,17.639194
445,0,1,1,0.6581197,0.5897436,1.5270573,20.504139
445,0,2,0,0.7692308,0.3846154,1.4556291,8.92396
445,0,2,0.25,0.8974359,0.46153846,1.4151621,8.514139
445,0,2,0.5,0.8717949,0.47863248,1.4106337,7.8574567
445,0,2,0.75,0.85470086,0.44444445,1.4426975,6.799941
445,0,2,1,0.71794873,0.30769232,1.5141524,5.161134
446,0,1,0,0.94871795,0.8119658,1.3210002,15.718378
446,0,1,0.25,0.96581197,0.6581197,1.537456,13.150524
446,0,1,0.5,0.96581197,0.4871795,1.7712098,9.584017
446,0,1,0.75,0.94017094,0.45299146,2.0162542,7.9522333
446,0,1,1,0.85470086,0.42735043,2.2689342,8.549303
446,0,2,0,0.4871795,0.5811966,2.6794,40.770836
446,0,2,0.25,0.50427353,0.4957265,2.4307432,35.335953
446,0,2,0.5,0.64102566,0.52136755,2.183533,28.427685
446,0,2,0.75,0.71794873,0.53846157,1.9383231,21.441345
446,0,2,1,0.74358976,0.5811966,1.695981,15.880915
447,0,1,0,0.3931624,0.7008547,2.19094,25.93409
447,0,1,0.25,0.3846154,0.6923077,2.1997747,26.470684
447,0,1,0.5,0.36752138,0.6666667,2.2173052,27.186157
447,0,1,0.75,0.3846154,0.6923077,2.2437937,27.60456
447,0,1,1,0.45299146,0.6752137,2.2796779,28.886665
447,0,2,0,0.4957265,0.5726496,1.8349695,23.2443
447,0,2,0.25,0.52136755,0.52136755,1.8613286,22.234585
447,0,2,0.5,0.52136755,0.51282054,1.8901405,23.250978
447,0,2,0.75,0.5470086,0.4957265,1.9207441,23.961365
447,0,2,1,0.5726496,0.47008547,1.9526436,22.68238
448,0,1,0,0.7948718,0.3931624,1.4207467,10.607079
448,0,1,0.25,0.8034188,0.31623933,1.4669827,9.512888
448,0,1,0.5,0.7948718,0.32478634,1.5132225,9.140414
448,0,1,0.75,0.7777778,0.37606838,1.5594662,10.234112
448,0,1,1,0.7692308,0.41025642,1.6057134,11.777819
448,0,2,0,0.72649574,0.34188035,1.2750777,12.279947
448,0,2,0.25,0.74358976,0.35042736,1.2825489,12.224573
448,0,2,0.5,0.73504275,0.35042736,1.2900305,12.01745
448,0,2,0.75,0.73504275,0.32478634,1.2975228,12.245098
448,0,2,1,0.7606838,0.34188035,1.3050255,13.30133
449,0,1,0,0.2991453,0.41025642,1.6517855,30.49236
449,0,1,0.25,0.31623933,0.41880342,1.5319049,21.471867
449,0,1,0.5,0.51282054,0.44444445,1.4530915,15.735217
449,0,1,0.75,0.6495727,0.5555556,1.4115186,14.336174
449,0,1,1,0.71794873,0.53846157,1.4084185,13.647272
449,0,2,0,0.5897436,0.2991453,2.476128,33.765232
449,0,2,0.25,0.5982906,0.30769232,2.483012,30.45319
449,0,2,0.5,0.5470086,0.2905983,2.5338583,29.562265
449,0,2,0.75,0.5982906,0.2905983,2.6349826,28.205168
449,0,2,1,0.5641026,0.30769232,2.7956276,29.647736
450,0,1,0,0.8632479,0.53846157,1.3366405,20.292467
450,0,1,0.25,0.8803419,0.52991456,1.3322754,19.904064
450,0,1,0.5,0.8717949,0.5641026,1.3294045,19.552551
450,0,1,0.75,0.83760685,0.5470086,1.3280221,19.388252
450,0,1,1,0.85470086,0.52991456,1.3281379,19.15815
450,0,2,0,0.72649574,0.3846154,2.491845,39.821342
450,0,2,0.25,0.73504275,0.4017094,2.4931312,39.64853
450,0,2,0.5,0.75213677,0.45299146,2.4914634,39.373135
450,0,2,0.75,0.73504275,0.43589744,2.486883,38.798565
450,0,2,1,0.7606838,0.43589744,2.479456,37.944298
451,0,1,0,0.52136755,0.42735043,1.3953773,19.04396
451,0,1,0.25,0.46153846,0.44444445,1.5509692,19.806587
451,0,1,0.5,0.52136755,0.4957265,1.6745118,19.617628
451,0,1,0.75,0.5470086,0.5811966,1.7929223,18.60752
451,0,1,1,0.5897436,0.6923077,1.908853,18.353874
451,0,2,0,0.5726496,0.5726496,1.5347198,18.613796
451,0,2,0.25,0.53846157,0.5555556,1.6040684,18.425758
451,0,2,0.5,0.5641026,0.60683763,1.7072272,18.368149
451,0,2,0.75,0.60683763,0.6495727,1.8214614,17.507671
451,0,2,1,0.5470086,0.71794873,1.934295,16.357265
452,0,1,0,0.72649574,0.2991453,3.2884831,46.782738
452,0,1,0.25,0.6752137,0.31623933,3.2547605,46.919777
452,0,1,0.5,0.6752137,0.35042736,3.2299254,47.943077
452,0,1,0.75,0.6752137,0.37606838,3.2138755,47.859734
452,0,1,1,0.6581197,0.35042736,3.2065854,46.758957
452,0,2,0,0.84615386,0.50427353,1.4866748,24.010607
452,0,2,0.25,0.8632479,0.50427353,1.4693779,22.889084
452,0,2,0.5,0.8803419,0.4957265,1.4570322,22.7166
452,0,2,0.75,0.8974359,0.4957265,1.4494138,21.768229
452,0,2,1,0.9059829,0.52991456,1.4463351,20.260761
453,0,1,0,0.51282054,0.95726496,1.2523983,12.3954735
453,0,1,0.25,0.47008547,0.974359,1.2630287,11.904411
453,0,1,0.5,0.41880342,0.95726496,1.2680757,11.501109
453,0,1,0.75,0.3931624,0.96581197,1.2675102,11.110117
453,0,1,1,0.3931624,0.93162394,1.2613083,10.969662
453,0,2,0,0.74358976,0.53846157,1.8771248,20.096352
453,0,2,0.25,0.73504275,0.5811966,1.8797321,20.078388
453,0,2,0.5,0.72649574,0.5897436,1.8801444,20.239841
453,0,2,0.75,0.73504275,0.5982906,1.878464,20.25608
453,0,2,1,0.71794873,0.5641026,1.8748562,19.828865
454,0,1,0,0.34188035,0.44444445,2.1728463,15.720301
454,0,1,0.25,0.35042736,0.43589744,2.176263,15.995436
454,0,1,0.5,0.32478634,0.4871795,2.1796873,15.678855
454,0,1,0.75,0.32478634,0.4871795,2.1830509,15.515148
454,0,1,1,0.35042736,0.47008547,2.1863098,15.711689
454,0,2,0,0.32478634,0.4017094,1.3233379,15.034781
454,0,2,0.25,0.31623933,0.36752138,1.341877,15.462015
454,0,2,0.5,0.36752138,0.37606838,1.3510176,15.741396
454,0,2,0.75,0.36752138,0.41025642,1.350622,15.8891735
454,0,2,1,0.3846154,0.4017094,1.3406082,15.812294
455,0,1,0,0.3846154,0.41880342,3.3625991,59.275055
455,0,1,0.25,0.37606838,0.43589744,3.4932067,53.878075
455,0,1,0.5,0.41880342,0.52991456,3.6347923,49.862537
455,0,1,0.75,0.44444445,0.5982906,3.7861245,45.178654
455,0,1,1,0.42735043,0.6581197,3.9460816,39.284206
455,0,2,0,0.41880342,0.43589744,1.7522933,27.608952
455,0,2,0.25,0.45299146,0.5555556,1.6329204,23.612516
455,0,2,0.5,0.5811966,0.6666667,1.5144438,18.512463
455,0,2,0.75,0.6581197,0.7948718,1.3970917,14.697123
455,0,2,1,0.75213677,0.84615386,1.2811731,11.745125
456,0,1,0,0.6495727,0.52991456,4.106519,14.446228
456,0,1,0.25,0.63247865,0.52136755,3.8740401,14.274239
456,0,1,0.5,0.60683763,0.50427353,3.641562,14.225248
456,0,1,0.75,0.5470086,0.43589744,3.409086,13.631353
456,0,1,1,0.5897436,0.34188035,3.1766105,10.053317
456,0,2,0,0.7008547,0.47008547,1.3565971,10.792199
456,0,2,0.25,0.62393165,0.41025642,1.5480675,10.637891
456,0,2,0.5,0.82051283,0.53846157,1.7552937,14.500534
456,0,2,0.75,0.73504275,0.4871795,1.9733188,17.721947
456,0,2,1,0.60683763,0.35897437,2.1989322,18.323288
457,0,1,0,0.44444445,0.35897437,3.043346,37.38336
457,0,1,0.25,0.46153846,0.3931624,3.0274823,36.37548
457,0,1,0.5,0.45299146,0.4017094,3.014308,36.4679
457,0,1,0.75,0.41880342,0.3846154,3.003911,36.19775
457,0,1,1,0.4017094,0.37606838,2.9963858,35.28964
457,0,2,0,0.5897436,0.3846154,1.2847282,12.969824
457,0,2,0.25,0.5726496,0.4017094,1.2860584,12.732672
457,0,2,0.5,0.5811966,0.36752138,1.2819662,13.32354
457,0,2,0.75,0.5726496,0.34188035,1.2724837,13.7789135
457,0,2,1,0.5811966,0.34188035,1.257642,13.9122925
458,0,1,0,0.6495727,0.60683763,1.5329311,30.62297
458,0,1,0.25,0.63247865,0.5811966,1.5437073,30.749935
458,0,1,0.5,0.64102566,0.5897436,1.5525565,31.038149
458,0,1,0.75,0.60683763,0.60683763,1.5593619,31.497496
458,0,1,1,0.5982906,0.60683763,1.5640309,31.887356
458,0,2,0,0.61538464,0.7863248,1.2919236,22.5327
458,0,2,0.25,0.61538464,0.7777778,1.3071223,23.621933
458,0,2,0.5,0.61538464,0.7777778,1.315229,23.790339
458,0,2,0.75,0.63247865,0.74358976,1.3161236,24.298492
458,0,2,1,0.63247865,0.75213677,1.3097175,24.2897
459,0,1,0,0.32478634,0.53846157,3.9903493,62.890617
459,0,1,0.25,0.36752138,0.5555556,3.928378,60.18491
459,0,1,0.5,0.36752138,0.5726496,3.9068575,58.75554
459,0,1,0.75,0.35042736,0.5982906,3.9255857,58.270653
459,0,1,1,0.36752138,0.5982906,3.984325,56.54207
459,0,2,0,0.33333334,0.35897437,2.848969,46.348907
459,0,2,0.25,0.31623933,0.35897437,2.8034134,45.904648
459,0,2,0.5,0.35897437,0.35042736,2.7886317,46.33848
459,0,2,0.75,0.35897437,0.3931624,2.8046522,45.772346
459,0,2,1,0.3931624,0.41025642,2.8516734,44.361435
460,0,1,0,0.50427353,0.35042736,1.6724974,28.651619
460,0,1,0.25,0.7008547,0.42735043,1.9326811,26.766167
460,0,1,0.5,0.8119658,0.46153846,2.218287,25.031223
460,0,1,0.75,0.72649574,0.35897437,2.520688,23.834667
460,0,1,1,0.74358976,0.30769232,2.8345141,21.265408
460,0,2,0,0.52136755,0.35897437,1.2481742,28.04327
460,0,2,0.25,0.6666667,0.45299146,1.3634657,26.509823
460,0,2,0.5,0.6923077,0.4871795,1.5244598,24.65697
460,0,2,0.75,0.75213677,0.47008547,1.718359,25.166618
460,0,2,1,0.6923077,0.3846154,1.9352981,25.694008
461,0,1,0,0.63247865,0.47008547,4.161876,65.64989
461,0,1,0.25,0.63247865,0.46153846,4.177565,66.246765
461,0,1,0.5,0.64102566,0.46153846,4.1731963,65.82767
461,0,1,0.75,0.7008547,0.41025642,4.1489854,65.97339
461,0,1,1,0.7094017,0.4017094,4.105223,64.04158
461,0,2,0,0.4017094,0.8034188,2.881621,49.268967
461,0,2,0.25,0.3846154,0.82051283,2.8747113,50.262764
461,0,2,0.5,0.41880342,0.8119658,2.8577182,49.918053
461,0,2,0.75,0.43589744,0.83760685,2.830869,48.949696
461,0,2,1,0.47863248,0.85470086,2.794576,47.084167
462,0,1,0,0.60683763,0.45299146,1.2880255,27.938286
462,0,1,0.25,0.60683763,0.43589744,1.291381,28.150412
462,0,1,0.5,0.63247865,0.4871795,1.3001474,27.858543
462,0,1,0.75,0.62393165,0.47863248,1.3142022,27.920544
462,0,1,1,0.64102566,0.4957265,1.333428,27.930542
462,0,2,0,0.5726496,0.32478634,2.032386,50.36322
462,0,2,0.25,0.61538464,0.31623933,2.0401852,51.506363
462,0,2,0.5,0.62393165,0.41880342,2.0514162,51.094353
462,0,2,0.75,0.5726496,0.41025642,2.0659425,52.439354
462,0,2,1,0.5811966,0.35042736,2.0837185,54.07313
463,0,1,0,0.7777778,0.75213677,1.5207974,24.089252
463,0,1,0.25,0.7863248,0.72649574,1.5280248,23.876465
463,0,1,0.5,0.8034188,0.73504275,1.5325385,23.877708
463,0,1,0.75,0.8034188,0.7606838,1.5343224,23.63868
463,0,1,1,0.82051283,0.7692308,1.5333713,23.417738
463,0,2,0,0.75213677,0.64102566,2.2938356,15.565419
463,0,2,0.25,0.73504275,0.6495727,2.304487,15.493124
463,0,2,0.5,0.71794873,0.6581197,2.3107426,15.650116
463,0,2,0.75,0.6837607,0.6581197,2.3125422,15.866549
463,0,2,1,0.7008547,0.6752137,2.3098795,16.262138
464,0,1,0,0.7692308,0.8119658,1.5062388,7.5413294
464,0,1,0.25,0.7606838,0.7948718,1.528464,7.792835
464,0,1,0.5,0.74358976,0.7692308,1.5387945,7.877742
464,0,1,0.75,0.7777778,0.7777778,1.5371171,8.080986
464,0,1,1,0.75213677,0.7777778,1.5233449,8.346504
464,0,2,0,0.52136755,0.50427353,3.5086863,30.4188
464,0,2,0.25,0.50427353,0.51282054,3.4952188,31.102654
464,0,2,0.5,0.50427353,0.51282054,3.4931962,31.113413
464,0,2,0.75,0.51282054,0.52991456,3.5025558,31.107338
464,0,2,1,0.4957265,0.51282054,3.5232587,31.189947
465,0,1,0,0.5641026,0.35897437,4.3447514,62.08694
465,0,1,0.25,0.53846157,0.4017094,4.3560433,61.7285
465,0,1,0.5,0.5470086,0.41880342,4.3626776,61.556007
465,0,1,0.75,0.52991456,0.43589744,4.3646135,61.95045
465,0,1,1,0.53846157,0.47863248,4.361837,63.445946
465,0,2,0,0.2905983,0.35897437,3.431127,66.71712
465,0,2,0.25,0.2905983,0.35897437,3.4473405,65.64837
465,0,2,0.5,0.2991453,0.34188035,3.4558728,64.97272
465,0,2,0.75,0.30769232,0.35897437,3.456665,64.381004
465,0,2,1,0.30769232,0.36752138,3.449669,65.087616
466,0,1,0,0.9145299,0.45299146,1.6396773,8.366268
466,0,1,0.25,0.8974359,0.45299146,1.646536,8.890972
466,0,1,0.5,0.8632479,0.47863248,1.7000034,9.550543
466,0,1,0.75,0.8119658,0.5555556,1.7979867,11.435232
466,0,1,1,0.7948718,0.6666667,1.939966,14.742803
466,0,2,0,0.6581197,0.43589744,2.3513513,24.16584
466,0,2,0.25,0.6923077,0.42735043,2.3093245,24.504807
466,0,2,0.5,0.6752137,0.41025642,2.3150733,25.194998
466,0,2,0.75,0.60683763,0.3846154,2.3687537,26.379787
466,0,2,1,0.52136755,0.35042736,2.4706686,27.47677
467,0,1,0,0.4871795,0.44444445,1.9979845,27.892921
467,0,1,0.25,0.53846157,0.4871795,1.981205,23.463928
467,0,1,0.5,0.5811966,0.52136755,1.9587047,21.501432
467,0,1,0.75,0.5811966,0.50427353,1.9304388,18.928967
467,0,1,1,0.60683763,0.47008547,1.8964757,17.531132
467,0,2,0,0.3846154,0.5726496,1.8694259,20.774267
467,0,2,0.25,0.43589744,0.60683763,1.8620594,19.411917
467,0,2,0.5,0.47008547,0.61538464,1.8447777,18.611317
467,0,2,0.75,0.5641026,0.6495727,1.8174447,20.547272
467,0,2,1,0.6752137,0.7008547,1.7802896,20.234905
468,0,1,0,0.5726496,0.6923077,4.4287343,31.441425
468,0,1,0.25,0.52991456,0.6923077,4.4235153,31.281555
468,0,1,0.5,0.50427353,0.6923077,4.4190497,31.687359
468,0,1,0.75,0.4957265,0.7094017,4.4153595,32.148197
468,0,1,1,0.47863248,0.7094017,4.412465,32.870728
468,0,2,0,0.95726496,0.4871795,2.560601,23.356014
468,0,2,0.25,0.96581197,0.50427353,2.5639777,23.447653
468,0,2,0.5,0.974359,0.52136755,2.5646002,23.135387
468,0,2,0.75,0.982906,0.52136755,2.5625012,22.832905
468,0,2,1,0.982906,0.52136755,2.5577235,22.671545
469,0,1,0,0.73504275,0.8119658,2.9021702,20.357403
469,0,1,0.25,0.75213677,0.82051283,2.874687,20.215511
469,0,1,0.5,0.71794873,0.84615386,2.8600533,20.293053
469,0,1,0.75,0.72649574,0.82905984,2.8584306,20.305593
469,0,1,1,0.74358976,0.83760685,2.870039,20.434834
469,0,2,0,0.83760685,0.6581197,1.5410314,19.780636
469,0,2,0.25,0.84615386,0.6923077,1.5095253,19.349499
469,0,2,0.5,0.84615386,0.6923077,1.4906657,19.07596
469,0,2,0.75,0.82905984,0.7008547,1.4847028,19.072971
469,0,2,1,0.82905984,0.74358976,1.4923303,19.111721
470,0,1,0,0.5555556,0.7777778,1.5163949,27.458797
470,0,1,0.25,0.53846157,0.74358976,1.5071965,27.966288
470,0,1,0.5,0.52991456,0.7606838,1.5077095,28.453278
470,0,1,0.75,0.51282054,0.75213677,1.5178,29.02765
470,0,1,1,0.50427353,0.71794873,1.5373762,29.951338
470,0,2,0,0.4017094,0.73504275,2.0193324,19.51021
470,0,2,0.25,0.41025642,0.73504275,2.026869,19.74468
470,0,2,0.5,0.43589744,0.75213677,2.031392,20.421215
470,0,2,0.75,0.44444445,0.73504275,2.0328143,20.562477
470,0,2,1,0.4871795,0.7777778,2.0311751,20.902569
471,0,1,0,0.46153846,0.31623933,1.6759996,40.265213
471,0,1,0.25,0.44444445,0.2991453,1.6239167,39.37931
471,0,1,0.5,0.43589744,0.2991453,1.5885283,39.94491
471,0,1,0.75,0.46153846,0.32478634,1.5704027,40.538933
471,0,1,1,0.46153846,0.33333334,1.5708808,41.662792
471,0,2,0,0.3846154,0.41025642,2.4576921,61.29953
471,0,2,0.25,0.41025642,0.41025642,2.4636743,61.78154
471,0,2,0.5,0.42735043,0.36752138,2.4589984,62.448776
471,0,2,0.75,0.42735043,0.37606838,2.443963,63.63965
471,0,2,1,0.3846154,0.2991453,2.4189613,63.582626
472,0,1,0,0.2991453,0.9145299,1.6974777,17.186443
472,0,1,0.25,0.30769232,0.82905984,1.6219585,18.826584
472,0,1,0.5,0.41025642,0.82051283,1.6053593,20.965118
472,0,1,0.75,0.46153846,0.7777778,1.6494598,23.013443
472,0,1,1,0.5982906,0.74358976,1.7496768,24.7047
472,0,2,0,0.43589744,0.95726496,1.3301902,10.554506
472,0,2,0.25,0.42735043,0.95726496,1.5807343,16.776173
472,0,2,0.5,0.3846154,0.94017094,1.8341883,25.67875
472,0,2,0.75,0.3846154,0.8632479,2.089494,37.668785
472,0,2,1,0.2905983,0.6752137,2.3460467,52.884377
473,0,1,0,0.7606838,0.41025642,1.944037,37.152187
473,0,1,0.25,0.75213677,0.3931624,1.9486157,37.318703
473,0,1,0.5,0.7606838,0.35897437,1.9526376,37.625813
473,0,1,0.75,0.73504275,0.37606838,1.9560751,37.882595
473,0,1,1,0.72649574,0.37606838,1.9589128,37.547916
473,0,2,0,0.82905984,0.33333334,4.5530353,28.10108
473,0,2,0.25,0.83760685,0.35042736,4.5551467,28.049759
473,0,2,0.5,0.83760685,0.35897437,4.554834,28.768204
473,0,2,0.75,0.82051283,0.35042736,4.5521083,28.65592
473,0,2,1,0.8119658,0.34188035,4.5469804,28.854645
474,0,1,0,0.52991456,0.5641026,1.6163272,39.27237
474,0,1,0.25,0.53846157,0.5555556,1.6227696,39.51069
474,0,1,0.5,0.51282054,0.5470086,1.6313763,39.76114
474,0,1,0.75,0.52136755,0.53846157,1.6421247,39.31668
474,0,1,1,0.4871795,0.50427353,1.6551106,39.23607
474,0,2,0,0.36752138,0.34188035,2.6719527,74.80197
474,0,2,0.25,0.36752138,0.35042736,2.6795433,73.96223
474,0,2,0.5,0.36752138,0.34188035,2.686168,74.61952
474,0,2,0.75,0.41025642,0.35897437,2.6917622,74.974525
474,0,2,1,0.35897437,0.37606838,2.696275,73.97937
475,0,1,0,0.75213677,0.2991453,1.2296127,20.009235
475,0,1,0.25,0.6666667,0.34188035,1.2450328,15.073982
475,0,1,0.5,0.8034188,0.43589744,1.3315988,12.100054
475,0,1,0.75,0.82905984,0.5897436,1.4768524,9.916458
475,0,1,1,0.83760685,0.61538464,1.665509,11.90787
475,0,2,0,0.7606838,0.34188035,1.4540651,18.961983
475,0,2,0.25,0.7863248,0.36752138,1.496822,21.260399
475,0,2,0.5,0.8034188,0.3931624,1.5674378,23.100533
475,0,2,0.75,0.7777778,0.37606838,1.662366,22.268965
475,0,2,1,0.7777778,0.37606838,1.7777159,21.992804
476,0,1,0,0.44444445,0.47008547,2.6327446,63.72496
476,0,1,0.25,0.44444445,0.50427353,2.7018406,61.43641
476,0,1,0.5,0.52991456,0.53846157,2.6312716,57.301353
476,0,1,0.75,0.5811966,0.5811966,2.4294283,49.76036
476,0,1,1,0.5811966,0.6581197,2.1278498,41.114395
476,0,2,0,0.52136755,0.52136755,2.5129292,40.37711
476,0,2,0.25,0.41880342,0.47008547,2.495279,41.92022
476,0,2,0.5,0.36752138,0.41025642,2.5699627,43.526585
476,0,2,0.75,0.36752138,0.47863248,2.7348485,46.720016
476,0,2,1,0.46153846,0.5726496,2.9972525,55.056213
477,0,1,0,0.5982906,0.42735043,2.5371218,50.46874
477,0,1,0.25,0.51282054,0.43589744,2.5611286,52.84687
477,0,1,0.5,0.50427353,0.43589744,2.5853379,53.87207
477,0,1,0.75,0.4957265,0.3931624,2.6097443,54.906525
477,0,1,1,0.44444445,0.3846154,2.6343424,56.89474
477,0,2,0,0.63247865,0.5641026,1.3350694,21.6138
477,0,2,0.25,0.60683763,0.5555556,1.3192955,20.573719
477,0,2,0.5,0.5982906,0.5555556,1.3050759,20.824177
477,0,2,0.75,0.5641026,0.53846157,1.2924616,20.935226
477,0,2,1,0.5641026,0.53846157,1.2815006,20.856033
478,0,1,0,0.6495727,0.43589744,3.4474049,21.256636
478,0,1,0.25,0.63247865,0.35042736,3.5264068,15.996609
478,0,1,0.5,0.5555556,0.2905983,3.6195204,13.825257
478,0,1,0.75,0.52991456,0.36752138,3.7256868,16.90276
478,0,1,1,0.5641026,0.35042736,3.9044855,18.749094
478,0,2,0,0.5897436,0.5811966,1.9568441,15.849827
478,0,2,0.25,0.53846157,0.50427353,2.038985,16.12719
478,0,2,0.5,0.5555556,0.46153846,2.1266804,15.35291
478,0,2,0.75,0.51282054,0.42735043,2.2192702,15.643229
478,0,2,1,0.5470086,0.35897437,2.3395987,15.072418
479,0,1,0,0.45299146,0.6581197,1.3539255,28.587873
479,0,1,0.25,0.42735043,0.63247865,1.3437138,29.442703
479,0,1,0.5,0.41880342,0.62393165,1.3308984,30.294304
479,0,1,0.75,0.41880342,0.6666667,1.3155739,30.971764
479,0,1,1,0.3931624,0.7094017,1.2978884,33.24223
479,0,2,0,0.46153846,0.7777778,1.2484102,33.09317
479,0,2,0.25,0.42735043,0.72649574,1.2560028,34.722523
479,0,2,0.5,0.43589744,0.75213677,1.255557,35.838093
479,0,2,0.75,0.43589744,0.73504275,1.2470855,36.992817
479,0,2,1,0.42735043,0.74358976,1.2306106,38.01593
480,0,1,0,0.7863248,0.42735043,1.2992716,8.301618
480,0,1,0.25,0.7692308,0.43589744,1.300354,8.805922
480,0,1,0.5,0.7863248,0.47008547,1.302663,9.189879
480,0,1,0.75,0.7863248,0.45299146,1.3055309,9.428326
480,0,1,1,0.7606838,0.46153846,1.3087405,9.448433
480,0,2,0,0.7692308,0.45299146,1.8423972,16.690329
480,0,2,0.25,0.74358976,0.45299146,1.8633115,16.873146
480,0,2,0.5,0.7606838,0.47008547,1.8718791,17.12171
480,0,2,0.75,0.7777778,0.4871795,1.867798,17.017582
480,0,2,1,0.7606838,0.47008547,1.8508587,16.88895
481,0,1,0,0.37606838,0.8119658,1.3298956,22.77362
481,0,1,0.25,0.3931624,0.8034188,1.329387,22.367416
481,0,1,0.5,0.41025642,0.8034188,1.3288836,21.90504
481,0,1,0.75,0.41880342,0.82051283,1.3283856,21.420671
481,0,1,1,0.43589744,0.84615386,1.3278931,20.770859
481,0,2,0,0.64102566,0.60683763,1.4999803,25.515663
481,0,2,0.25,0.63247865,0.61538464,1.4987434,25.384377
481,0,2,0.5,0.7094017,0.64102566,1.497507,25.04457
481,0,2,0.75,0.74358976,0.6495727,1.4962707,24.830551
481,0,2,1,0.7692308,0.6581197,1.4950345,24.729618
482,0,1,0,0.47863248,0.8888889,2.0430136,37.898834
482,0,1,0.25,0.47008547,0.8803419,2.0472429,37.54396
482,0,1,0.5,0.4871795,0.8717949,2.054367,36.938538
482,0,1,0.75,0.47008547,0.8974359,2.0643399,36.72322
482,0,1,1,0.44444445,0.8803419,2.0771267,36.613472
482,0,2,0,0.41025642,0.94871795,1.384328,23.794403
482,0,2,0.25,0.3846154,0.9059829,1.384171,24.101456
482,0,2,0.5,0.3846154,0.9059829,1.37848,24.07028
482,0,2,0.75,0.36752138,0.9145299,1.3674085,23.495857
482,0,2,1,0.35897437,0.93162394,1.3511887,22.953396
483,0,1,0,0.50427353,0.7094017,1.9152578,30.9594
483,0,1,0.25,0.4957265,0.6752137,1.9213996,30.719616
483,0,1,0.5,0.52136755,0.6923077,1.9387914,31.482883
483,0,1,0.75,0.52136755,0.6923077,1.9670744,31.238605
483,0,1,1,0.51282054,0.7094017,2.006021,31.549938
483,0,2,0,0.37606838,0.73504275,1.7769566,26.843903
483,0,2,0.25,0.35042736,0.72649574,1.7761617,26.590988
483,0,2,0.5,0.34188035,0.72649574,1.7745625,26.459469
483,0,2,0.75,0.35897437,0.73504275,1.7723712,26.621552
483,0,2,1,0.32478634,0.74358976,1.7698693,25.958431
484,0,1,0,0.93162394,0.47863248,1.5321637,18.72734
484,0,1,0.25,0.94017094,0.47863248,1.5380799,18.656551
484,0,1,0.5,0.96581197,0.4871795,1.5415856,18.919346
484,0,1,0.75,0.96581197,0.4871795,1.5426579,18.93827
484,0,1,1,0.95726496,0.47008547,1.5412766,18.867126
484,0,2,0,0.47008547,0.64102566,1.8782058,30.473454
484,0,2,0.25,0.47008547,0.62393165,1.8809099,30.616928
484,0,2,0.5,0.44444445,0.62393165,1.8861341,30.87043
484,0,2,0.75,0.42735043,0.62393165,1.8938422,31.752117
484,0,2,1,0.41880342,0.62393165,1.904003,32.30852
485,0,1,0,0.5555556,0.32478634,3.053488,55.397354
485,0,1,0.25,0.53846157,0.2991453,3.0439591,55.744457
485,0,1,0.5,0.4871795,0.30769232,3.0345645,54.35778
485,0,1,0.75,0.4957265,0.34188035,3.0253048,51.16389
485,0,1,1,0.4871795,0.3846154,3.0161812,47.260048
485,0,2,0,0.63247865,0.43589744,1.5012003,27.209167
485,0,2,0.25,0.7008547,0.47008547,1.453422,25.769676
485,0,2,0.5,0.71794873,0.5470086,1.4059806,24.259314
485,0,2,0.75,0.73504275,0.5982906,1.3589114,22.068542
485,0,2,1,0.72649574,0.5726496,1.3122549,19.88334
486,0,1,0,0.5555556,0.9230769,1.346729,21.79245
486,0,1,0.25,0.5641026,0.85470086,1.2831861,25.374054
486,0,1,0.5,0.3846154,0.6837607,1.254395,31.651249
486,0,1,0.75,0.33333334,0.5811966,1.2627344,35.56791
486,0,1,1,0.46153846,0.8034188,1.3074945,26.640366
486,0,2,0,0.5641026,0.84615386,1.60918,11.010498
486,0,2,0.25,0.64102566,0.94871795,1.5013261,11.333696
486,0,2,0.5,0.63247865,0.84615386,1.4242058,11.964575
486,0,2,0.75,0.5811966,0.8717949,1.3829694,11.183862
486,0,2,1,0.73504275,0.96581197,1.3808366,11.163887
487,0,1,0,0.9145299,0.50427353,1.3768339,18.684528
487,0,1,0.25,0.9145299,0.51282054,1.3844024,18.866322
487,0,1,0.5,0.9059829,0.50427353,1.3895954,19.148989
487,0,1,0.75,0.8803419,0.47863248,1.3923546,18.941479
487,0,1,1,0.8888889,0.47863248,1.3926361,19.063622
487,0,2,0,0.94017094,0.35897437,1.4358865,12.85037
487,0,2,0.25,0.94017094,0.36752138,1.4348229,12.8461275
487,0,2,0.5,0.94017094,0.34188035,1.4334667,12.821297
487,0,2,0.75,0.9230769,0.34188035,1.4318079,12.706065
487,0,2,1,0.9230769,0.32478634,1.4298791,12.802885
488,0,1,0,0.8888889,0.34188035,2.66996,17.009466
488,0,1,0.25,0.8888889,0.34188035,2.7410624,18.30946
488,0,1,0.5,0.8888889,0.31623933,2.787787,18.669231
488,0,1,0.75,0.8888889,0.2991453,2.8090682,19.007982
488,0,1,1,0.8717949,0.2905983,2.804374,18.44509
488,0,2,0,0.3846154,0.53846157,2.004418,17.698978
488,0,2,0.25,0.33333334,0.50427353,2.0217228,16.958782
488,0,2,0.5,0.35897437,0.47863248,2.0334256,16.612617
488,0,2,0.75,0.35897437,0.47008547,2.0393474,17.176008
488,0,2,1,0.4017094,0.5470086,2.0394027,19.171196
489,0,1,0,0.60683763,0.36752138,2.9344332,65.22272
489,0,1,0.25,0.5982906,0.4017094,2.8688033,53.99816
489,0,1,0.5,0.64102566,0.35897437,2.8042347,46.2966
489,0,1,0.75,0.64102566,0.35897437,2.740803,40.11219
489,0,1,1,0.61538464,0.3931624,2.6785884,34.271225
489,0,2,0,0.36752138,0.35897437,1.8436126,41.58397
489,0,2,0.25,0.7094017,0.37606838,1.985022,35.68419
489,0,2,0.5,0.7863248,0.47008547,2.126625,29.931545
489,0,2,0.75,0.8717949,0.4957265,2.268386,26.098015
489,0,2,1,0.84615386,0.51282054,2.4102762,22.785732
490,0,1,0,0.46153846,0.9230769,1.3453314,8.900232
490,0,1,0.25,0.45299146,0.9230769,1.3587042,9.090525
490,0,1,0.5,0.47863248,0.9145299,1.3658389,9.207221
490,0,1,0.75,0.44444445,0.8974359,1.3669735,9.700937
490,0,1,1,0.44444445,0.8974359,1.3625209,10.303285
490,0,2,0,0.51282054,0.5555556,1.6089613,31.547516
490,0,2,0.25,0.50427353,0.5470086,1.6340696,32.32677
490,0,2,0.5,0.47863248,0.53846157,1.6477715,34.55439
490,0,2,0.75,0.43589744,0.4871795,1.6500148,33.408085
490,0,2,1,0.4017094,0.4871795,1.640751,32.448177
491,0,1,0,0.51282054,0.5555556,3.8395984,18.246632
491,0,1,0.25,0.4957265,0.5555556,3.8487406,18.322605
491,0,1,0.5,0.4871795,0.52991456,3.8635771,18.378815
491,0,1,0.75,0.45299146,0.50427353,3.8839576,18.957685
491,0,1,1,0.44444445,0.51282054,3.9097357,19.235146
491,0,2,0,0.52136755,0.36752138,4.4046855,50.383812
491,0,2,0.25,0.50427353,0.35042736,4.4032555,50.442524
491,0,2,0.5,0.4957265,0.33333334,4.3915434,50.441906
491,0,2,0.75,0.4957265,0.33333334,4.3696833,51.255096
491,0,2,1,0.50427353,0.3931624,4.3378086,50.694424
492,0,1,0,0.35897437,0.74358976,1.6177174,13.2673025
492,0,1,0.25,0.37606838,0.75213677,1.6142898,13.384075
492,0,1,0.5,0.37606838,0.75213677,1.6055404,13.044218
492,0,1,0.75,0.3846154,0.7692308,1.591433,12.7618065
492,0,1,1,0.3931624,0.7692308,1.5719548,12.284226
492,0,2,0,0.5470086,0.6752137,2.0867426,26.534084
492,0,2,0.25,0.5470086,0.6666667,2.078985,26.418514
492,0,2,0.5,0.53846157,0.6666667,2.0734072,25.950539
492,0,2,0.75,0.53846157,0.6581197,2.0700176,25.77021
492,0,2,1,0.52991456,0.6923077,2.068856,25.722948
493,0,1,0,0.41880342,0.53846157,1.5827953,25.322866
493,0,1,0.25,0.47008547,0.5641026,1.5607516,24.318378
493,0,1,0.5,0.4957265,0.62393165,1.5448515,25.691048
493,0,1,0.75,0.52991456,0.6666667,1.5353862,23.91962
493,0,1,1,0.60683763,0.6752137,1.5326463,23.252558
493,0,2,0,0.52136755,0.82051283,1.5614276,13.13397
493,0,2,0.25,0.4871795,0.8119658,1.5348742,14.381123
493,0,2,0.5,0.47863248,0.7948718,1.5394747,16.009018
493,0,2,0.75,0.46153846,0.7692308,1.574764,17.628422
493,0,2,1,0.46153846,0.7777778,1.6405475,18.693874
494,0,1,0,0.94871795,0.5555556,1.2440166,5.0344324
494,0,1,0.25,0.95726496,0.5470086,1.2681267,4.5437417
494,0,1,0.5,0.96581197,0.52136755,1.4119668,4.6339574
494,0,1,0.75,0.9230769,0.47863248,1.6444123,5.0941744
494,0,1,1,0.94017094,0.42735043,1.9337711,5.8472567
494,0,2,0,0.84615386,0.47008547,2.137515,17.651428
494,0,2,0.25,0.7777778,0.46153846,2.3807096,20.888689
494,0,2,0.5,0.7777778,0.45299146,2.6264749,24.258888
494,0,2,0.75,0.6923077,0.47863248,2.8741517,27.539867
494,0,2,1,0.72649574,0.52991456,3.1232858,31.658707
495,0,1,0,0.45299146,0.6581197,1.9281572,33.97132
495,0,1,0.25,0.3846154,0.6923077,2.0304832,24.492962
495,0,1,0.5,0.4871795,0.7692308,2.137942,20.436356
495,0,1,0.75,0.4871795,0.7692308,2.2497988,16.72546
495,0,1,1,0.5726496,0.74358976,2.3654296,16.058054
495,0,2,0,0.37606838,0.3931624,3.1674628,56.204468
495,0,2,0.25,0.52991456,0.47863248,2.710662,45.212517
495,0,2,0.5,0.5982906,0.60683763,2.2679355,32.461876
495,0,2,0.75,0.7606838,0.72649574,1.8494197,24.380194
495,0,2,1,0.7863248,0.7692308,1.4758567,18.041222
496,0,1,0,0.53846157,0.50427353,2.2065263,36.29209
496,0,1,0.25,0.4957265,0.50427353,2.2004035,37.389244
496,0,1,0.5,0.47008547,0.5555556,2.196401,38.882996
496,0,1,0.75,0.47863248,0.53846157,2.1944087,40.06987
496,0,1,1,0.4957265,0.5555556,2.1943548,40.36181
496,0,2,0,0.30769232,0.43589744,4.3655286,89.18393
496,0,2,0.25,0.32478634,0.41880342,4.361588,90.00064
496,0,2,0.5,0.34188035,0.37606838,4.358727,89.57047
496,0,2,0.75,0.33333334,0.35897437,4.356904,89.91799
496,0,2,1,0.30769232,0.34188035,4.3561015,91.49293
497,0,1,0,0.46153846,0.71794873,2.4395773,28.747683
497,0,1,0.25,0.47008547,0.72649574,2.4399714,28.589333
497,0,1,0.5,0.45299146,0.71794873,2.4470835,28.845592
497,0,1,0.75,0.47863248,0.72649574,2.4607863,28.667995
497,0,1,1,0.51282054,0.74358976,2.4809694,29.052479
497,0,2,0,0.30769232,0.6837607,1.4138919,16.120947
497,0,2,0.25,0.35042736,0.72649574,1.4138519,16.91195
497,0,2,0.5,0.3931624,0.7777778,1.419513,16.698914
497,0,2,0.75,0.36752138,0.8119658,1.430906,15.830059
497,0,2,1,0.37606838,0.82051283,1.4480671,15.909104
498,0,1,0,0.8974359,0.41880342,2.074064,29.537615
498,0,1,0.25,0.8974359,0.4017094,2.014162,28.578114
498,0,1,0.5,0.9230769,0.3846154,1.9718198,28.696573
498,0,1,0.75,0.94871795,0.35897437,1.948698,27.605574
498,0,1,1,0.94871795,0.32478634,1.947216,28.312695
498,0,2,0,0.8803419,0.50427353,2.0325823,28.934036
498,0,2,0.25,0.8974359,0.51282054,1.9991807,28.583416
498,0,2,0.5,0.9059829,0.52136755,1.9640009,27.420732
498,0,2,0.75,0.94871795,0.5811966,1.9274154,27.14761
498,0,2,1,0.94871795,0.5641026,1.8899142,26.928944
499,0,1,0,0.41025642,0.32478634,1.2998081,27.684927
499,0,1,0.25,0.45299146,0.43589744,1.3024997,26.419592
499,0,1,0.5,0.50427353,0.52136755,1.2934049,25.329025
499,0,1,0.75,0.47863248,0.5555556,1.2855026,24.258856
499,0,1,1,0.3931624,0.64102566,1.2984773,23.200512
499,0,2,0,0.9145299,0.52136755,1.9414837,16.38069
499,0,2,0.25,0.9145299,0.5897436,1.8028908,15.322794
499,0,2,0.5,0.8888889,0.64102566,1.7060525,15.134024
499,0,2,0.75,0.8717949,0.7094017,1.6622037,15.855008
499,0,2,1,0.82905984,0.7606838,1.6882672,17.658272
500,0,1,0,0.75213677,0.62393165,1.8360236,13.591055
500,0,1,0.25,0.74358976,0.5982906,1.8735809,13.421711
500,0,1,0.5,0.72649574,0.5555556,1.904101,14.074899
500,0,1,0.75,0.7094017,0.5470086,1.9273711,13.678093
500,0,1,1,0.71794873,0.5641026,1.9432116,13.5842
500,0,2,0,0.7692308,0.47008547,1.2792335,13.546991
500,0,2,0.25,0.7606838,0.46153846,1.3307896,14.245115
500,0,2,0.5,0.73504275,0.46153846,1.371018,14.530564
500,0,2,0.75,0.75213677,0.47863248,1.3995359,14.817879
500,0,2,1,0.7777778,0.45299146,1.4169555,15.025884
501,0,1,0,0.53846157,0.43589744,3.3848562,12.38105
501,0,1,0.25,0.6666667,0.43589744,3.2170725,13.915712
501,0,1,0.5,0.73504275,0.52991456,3.0517588,15.999008
501,0,1,0.75,0.6666667,0.5470086,2.8893394,13.771244
501,0,1,1,0.5811966,0.5470086,2.73033,11.513937
501,0,2,0,0.4017094,0.93162394,1.2580314,11.41534
501,0,2,0.25,0.35042736,0.7094017,1.7056396,13.666817
501,0,2,0.5,0.4017094,0.6837607,2.1645696,17.774075
501,0,2,0.75,0.51282054,0.75213677,2.6288989,22.20852
501,0,2,1,0.62393165,0.7777778,3.0961986,26.61401
502,0,1,0,0.71794873,0.34188035,1.7299923,24.630116
502,0,1,0.25,0.6837607,0.34188035,1.7417266,24.195755
502,0,1,0.5,0.6923077,0.33333334,1.7521398,24.28143
502,0,1,0.75,0.71794873,0.35897437,1.760828,24.105751
502,0,1,1,0.71794873,0.3931624,1.7677673,23.72897
502,0,2,0,0.53846157,0.4017094,1.6167469,30.567972
502,0,2,0.25,0.52136755,0.42735043,1.6020895,32.41146
502,0,2,0.5,0.52991456,0.3846154,1.6003269,33.017174
502,0,2,0.75,0.4871795,0.3846154,1.6115752,32.71438
502,0,2,1,0.52136755,0.35897437,1.6359636,32.638397
503,0,1,0,0.8888889,0.4871795,1.2304268,15.411799
503,0,1,0.25,0.8974359,0.47008547,1.2255942,15.694244
503,0,1,0.5,0.9059829,0.47863248,1.227648,15.930053
503,0,1,0.75,0.8803419,0.46153846,1.2365772,15.966705
503,0,1,1,0.8803419,0.47863248,1.2524556,16.474998
503,0,2,0,0.73504275,0.50427353,1.764379,26.044897
503,0,2,0.25,0.7777778,0.4957265,1.7617303,26.980743
503,0,2,0.5,0.74358976,0.52991456,1.759761,27.240223
503,0,2,0.75,0.72649574,0.52136755,1.7584312,27.426338
503,0,2,1,0.7008547,0.5555556,1.7577199,27.479586
504,0,1,0,0.45299146,0.74358976,3.8078728,36.31182
504,0,1,0.25,0.42735043,0.75213677,3.8092003,36.817566
504,0,1,0.5,0.43589744,0.75213677,3.8074288,37.28639
504,0,1,0.75,0.42735043,0.7606838,3.8025603,37.551174
504,0,1,1,0.46153846,0.7777778,3.7946124,37.09894
504,0,2,0,0.72649574,0.8034188,1.7468807,17.616661
504,0,2,0.25,0.7094017,0.8034188,1.7500308,17.511318
504,0,2,0.5,0.7094017,0.84615386,1.7477798,17.32819
504,0,2,0.75,0.71794873,0.82905984,1.7400242,16.986767
504,0,2,1,0.71794873,0.82905984,1.7267581,16.650192
505,0,1,0,0.41025642,0.33333334,5.084899,82.91989
505,0,1,0.25,0.44444445,0.33333334,5.088801,82.85507
505,0,1,0.5,0.4017094,0.34188035,5.085417,80.486145
505,0,1,0.75,0.3931624,0.34188035,5.074696,81.93428
505,0,1,1,0.41025642,0.34188035,5.0565915,81.36159
505,0,2,0,0.37606838,0.43589744,2.8680778,65.599045
505,0,2,0.25,0.35897437,0.3931624,2.8287988,61.780563
505,0,2,0.5,0.30769232,0.37606838,2.791563,59.555073
505,0,2,0.75,0.31623933,0.35897437,2.7548106,55.0792
505,0,2,1,0.32478634,0.36752138,2.7177985,53.157894
506,0,1,0,0.5811966,0.5555556,4.0086455,39.921253
506,0,1,0.25,0.5982906,0.5470086,3.9950187,40.22022
506,0,1,0.5,0.5982906,0.53846157,3.9969804,40.79705
506,0,1,0.75,0.62393165,0.53846157,4.014484,41.138775
506,0,1,1,0.6495727,0.52136755,4.047579,42.02674
506,0,2,0,0.4871795,0.35042736,4.0500116,65.47352
506,0,2,0.25,0.47008547,0.37606838,4.053782,65.9185
506,0,2,0.5,0.46153846,0.35897437,4.06055,66.20967
506,0,2,0.75,0.44444445,0.35897437,4.0702705,66.73957
506,0,2,1,0.3931624,0.32478634,4.0831084,64.11722
507,0,1,0,0.61538464,0.5897436,2.6352217,40.1768
507,0,1,0.25,0.6495727,0.5555556,2.6657214,39.17138
507,0,1,0.5,0.6752137,0.5470086,2.683964,37.68658
507,0,1,0.75,0.6495727,0.5726496,2.6896815,37.23419
507,0,1,1,0.64102566,0.5811966,2.6827834,36.942516
507,0,2,0,0.5811966,0.5982906,2.2532322,41.04744
507,0,2,0.25,0.62393165,0.62393165,2.3012443,41.207825
507,0,2,0.5,0.6495727,0.61538464,2.33502,41.225494
507,0,2,0.75,0.62393165,0.5982906,2.3539894,41.098724
507,0,2,1,0.6495727,0.5641026,2.358359,40.78823
508,0,1,0,0.9230769,0.61538464,2.2550116,17.990322
508,0,1,0.25,0.9059829,0.6495727,2.2530534,17.937166
508,0,1,0.5,0.9059829,0.64102566,2.2510977,17.835518
508,0,1,0.75,0.9230769,0.63247865,2.249144,17.787453
508,0,1,1,0.9230769,0.63247865,2.247193,17.773712
508,0,2,0,0.47863248,0.32478634,1.6669874,36.829712
508,0,2,0.25,0.47863248,0.5641026,1.6655917,41.70462
508,0,2,0.5,0.46153846,0.5811966,1.6642294,40.365448
508,0,2,0.75,0.47863248,0.5982906,1.6629003,39.62007
508,0,2,1,0.47863248,0.5982906,1.6616045,39.07895
509,0,1,0,0.3931624,0.6923077,2.3306522,27.729805
509,0,1,0.25,0.44444445,0.7094017,2.0919006,23.038486
509,0,1,0.5,0.47008547,0.84615386,1.8817042,18.5556
509,0,1,0.75,0.51282054,0.8803419,1.710622,14.2678995
509,0,1,1,0.52136755,0.8717949,1.5913202,10.351133
509,0,2,0,0.6666667,0.4017094,4.551209,56.082695
509,0,2,0.25,0.63247865,0.51282054,4.274674,52.61154
509,0,2,0.5,0.62393165,0.53846157,4.0113297,50.424175
509,0,2,0.75,0.60683763,0.6495727,3.7639468,47.28897
509,0,2,1,0.5897436,0.7008547,3.5358763,43.57919
510,0,1,0,0.7094017,0.41025642,3.4002194,31.149498
510,0,1,0.25,0.73504275,0.41025642,3.3958087,30.875988
510,0,1,0.5,0.74358976,0.41880342,3.3962507,30.775692
510,0,1,0.75,0.74358976,0.42735043,3.4015296,30.847397
510,0,1,1,0.73504275,0.41025642,3.4116278,30.715149
510,0,2,0,0.6752137,0.53846157,4.0928087,50.673225
510,0,2,0.25,0.6837607,0.4871795,4.104307,50.63936
510,0,2,0.5,0.6666667,0.4957265,4.111863,51.278427
510,0,2,0.75,0.6923077,0.4957265,4.115435,51.5175
510,0,2,1,0.6923077,0.4957265,4.1150117,51.248985
511,0,1,0,0.5982906,0.8119658,2.127163,25.216663
511,0,1,0.25,0.7692308,0.84615386,2.0238411,18.912243
511,0,1,0.5,0.83760685,0.8632479,1.9677266,13.596342
511,0,1,0.75,0.83760685,0.85470086,1.9628724,10.712522
511,0,1,1,0.84615386,0.8632479,2.0096495,11.055637
511,0,2,0,0.7692308,0.53846157,1.9321927,32.232864
511,0,2,0.25,0.7692308,0.37606838,1.8342507,27.66075
511,0,2,0.5,0.7606838,0.33333334,1.7379695,22.296343
511,0,2,0.75,0.7948718,0.32478634,1.643641,18.547188
511,0,2,1,0.7948718,0.31623933,1.5516213,13.872065
512,0,1,0,0.32478634,0.41880342,4.7161465,103.145454
512,0,1,0.25,0.35042736,0.41880342,4.698643,101.29654
512,0,1,0.5,0.34188035,0.45299146,4.6873965,100.19714
512,0,1,0.75,0.35042736,0.44444445,4.6824126,99.588036
512,0,1,1,0.36752138,0.41880342,4.683743,97.67677
512,0,2,0,0.44444445,0.52136755,2.158304,49.966354
512,0,2,0.25,0.41025642,0.52991456,2.1351974,50.104668
512,0,2,0.5,0.41025642,0.52991456,2.1141722,50.02673
512,0,2,0.75,0.3931624,0.52991456,2.0953538,49.837273
512,0,2,1,0.3846154,0.5555556,2.0788908,48.82063
513,0,1,0,0.52136755,0.64102566,2.25204,35.224277
513,0,1,0.25,0.4957265,0.61538464,2.2443423,34.596954
513,0,1,0.5,0.4871795,0.61538464,2.2372131,34.21696
513,0,1,0.75,0.47863248,0.5811966,2.23073,33.43464
513,0,1,1,0.45299146,0.5897436,2.2249756,33.29367
513,0,2,0,0.3931624,0.61538464,1.9951074,20.677563
513,0,2,0.25,0.3846154,0.6581197,1.9945041,19.974087
513,0,2,0.5,0.37606838,0.6581197,1.987903,19.622225
513,0,2,0.75,0.3931624,0.6666667,1.975354,19.643051
513,0,2,1,0.3931624,0.6752137,1.9569249,18.97572
514,0,1,0,0.83760685,0.2991453,2.067488,34.72271
514,0,1,0.25,0.8632479,0.33333334,2.064772,34.76549
514,0,1,0.5,0.8803419,0.32478634,2.0620568,34.36136
514,0,1,0.75,0.8888889,0.31623933,2.0593426,34.559364
514,0,1,1,0.8974359,0.35897437,2.056629,35.200657
514,0,2,0,0.8119658,0.31623933,1.9676933,15.298162
514,0,2,0.25,0.82051283,0.32478634,1.9639504,15.468573
514,0,2,0.5,0.7948718,0.34188035,1.9602144,15.411272
514,0,2,0.75,0.82051283,0.36752138,1.9564859,15.507688
514,0,2,1,0.8119658,0.37606838,1.9527647,15.44971
515,0,1,0,0.64102566,0.3846154,3.6105373,44.60498
515,0,1,0.25,0.64102566,0.37606838,3.6146271,44.20468
515,0,1,0.5,0.63247865,0.41025642,3.6215487,43.814995
515,0,1,0.75,0.64102566,0.41880342,3.631204,43.356552
515,0,1,1,0.6495727,0.41880342,3.643522,43.15172
515,0,2,0,0.5726496,0.47008547,2.6512945,43.737637
515,0,2,0.25,0.53846157,0.52136755,2.6393936,43.12422
515,0,2,0.5,0.51282054,0.52136755,2.632469,41.78157
515,0,2,0.75,0.52136755,0.51282054,2.6305492,40.428955
515,0,2,1,0.50427353,0.51282054,2.6336703,39.326614
516,0,1,0,0.3931624,0.41025642,2.457697,23.018124
516,0,1,0.25,0.3931624,0.45299146,2.4527829,22.142551
516,0,1,0.5,0.41880342,0.46153846,2.4500284,23.302103
516,0,1,0.75,0.3846154,0.47008547,2.4494386,23.273613
516,0,1,1,0.35042736,0.43589744,2.4510474,22.47171
516,0,2,0,0.63247865,0.6837607,1.7528639,24.96106
516,0,2,0.25,0.63247865,0.6752137,1.7574911,24.873665
516,0,2,0.5,0.60683763,0.64102566,1.7586414,24.532574
516,0,2,0.75,0.5897436,0.63247865,1.7563285,24.266685
516,0,2,1,0.5982906,0.64102566,1.750572,24.006893
517,0,1,0,0.36752138,0.64102566,1.8973794,32.229004
517,0,1,0.25,0.41025642,0.6581197,1.8978972,33.252296
517,0,1,0.5,0.41025642,0.6581197,1.9020027,32.959595
517,0,1,0.75,0.41025642,0.6666667,1.9096107,33.468685
517,0,1,1,0.43589744,0.7008547,1.9206672,33.789383
517,0,2,0,0.47008547,0.5811966,1.5785204,18.397785
517,0,2,0.25,0.47008547,0.61538464,1.576883,18.236824
517,0,2,0.5,0.47008547,0.6495727,1.5778913,17.971687
517,0,2,0.75,0.47863248,0.64102566,1.5814869,18.126934
517,0,2,1,0.4871795,0.64102566,1.5876518,18.202248
518,0,1,0,0.52136755,0.82905984,2.0316617,27.667168
518,0,1,0.25,0.52991456,0.82905984,2.0465941,27.844852
518,0,1,0.5,0.51282054,0.83760685,2.0581858,27.768753
518,0,1,0.75,0.50427353,0.82905984,2.0664341,27.767208
518,0,1,1,0.4871795,0.8119658,2.0713534,27.683434
518,0,2,0,0.4957265,0.982906,1.6105801,12.761755
518,0,2,0.25,0.50427353,1,1.600666,12.555126
518,0,2,0.5,0.51282054,0.982906,1.5990889,12.476053
518,0,2,0.75,0.50427353,0.982906,1.6058894,12.448549
518,0,2,1,0.4871795,0.982906,1.6211164,12.418299
519,0,1,0,0.73504275,0.7606838,1.2782972,17.600185
519,0,1,0.25,0.71794873,0.7777778,1.3352703,18.634174
519,0,1,0.5,0.71794873,0.7692308,1.3672341,19.144217
519,0,1,0.75,0.6666667,0.8034188,1.3751228,18.522251
519,0,1,1,0.60683763,0.7777778,1.3613079,18.308416
519,0,2,0,0.46153846,0.52991456,2.0203857,33.85552
519,0,2,0.25,0.4871795,0.5555556,2.0055969,34.23889
519,0,2,0.5,0.4957265,0.53846157,1.9774448,34.417343
519,0,2,0.75,0.43589744,0.5470086,1.9361484,34.447014
519,0,2,1,0.47008547,0.4871795,1.8821443,34.20359
520,0,1,0,0.41025642,0.73504275,2.5482943,19.923866
520,0,1,0.25,0.50427353,0.7948718,2.3634388,16.02921
520,0,1,0.5,0.5726496,0.85470086,2.1998715,11.367244
520,0,1,0.75,0.6495727,0.9230769,2.0626624,8.803219
520,0,1,1,0.6666667,0.8803419,1.9573622,7.8752584
520,0,2,0,0.75213677,0.73504275,1.2882236,15.942896
520,0,2,0.25,0.8803419,0.7008547,1.2877616,15.572948
520,0,2,0.5,0.9145299,0.61538464,1.3033242,14.094107
520,0,2,0.75,0.94871795,0.60683763,1.3343507,12.459405
520,0,2,1,0.93162394,0.47008547,1.3797987,9.640868
521,0,1,0,0.43589744,0.84615386,4.505158,5.237982
521,0,1,0.25,0.44444445,0.82051283,4.5006886,5.2846537
521,0,1,0.5,0.45299146,0.82051283,4.4938226,5.346688
521,0,1,0.75,0.46153846,0.8119658,4.4846096,5.320997
521,0,1,1,0.44444445,0.7777778,4.4731035,5.4090247
521,0,2,0,0.6837607,0.41025642,3.3665617,13.3717165
521,0,2,0.25,0.71794873,0.44444445,3.3674688,14.283161
521,0,2,0.5,0.7094017,0.42735043,3.3695784,13.932995
521,0,2,0.75,0.7094017,0.41880342,3.3728642,14.246098
521,0,2,1,0.7094017,0.41880342,3.3773007,14.041689
522,0,1,0,0.8034188,0.5982906,1.5318118,28.672863
522,0,1,0.25,0.7948718,0.6495727,1.4636904,27.71925
522,0,1,0.5,0.7094017,0.64102566,1.4128788,27.174088
522,0,1,0.75,0.72649574,0.5811966,1.3812878,27.453386
522,0,1,1,0.6666667,0.5897436,1.3702481,26.761244
522,0,2,0,0.7606838,0.6495727,1.8176571,15.904106
522,0,2,0.25,0.6837607,0.62393165,1.7448963,18.322662
522,0,2,0.5,0.6495727,0.63247865,1.6758858,20.14389
522,0,2,0.75,0.6581197,0.63247865,1.6111062,22.417402
522,0,2,1,0.53846157,0.64102566,1.551089,23.651798
523,0,1,0,0.74358976,0.44444445,1.6907495,19.802559
523,0,1,0.25,0.8034188,0.5726496,1.8210917,22.485949
523,0,1,0.5,0.8034188,0.7777778,1.9648117,24.658382
523,0,1,0.75,0.71794873,0.85470086,2.1445017,22.344936
523,0,1,1,0.6495727,0.7777778,2.2654932,18.434223
523,0,2,0,0.7863248,0.35897437,1.634211,17.98513
523,0,2,0.25,0.7094017,0.34188035,1.9211764,20.438911
523,0,2,0.5,0.7094017,0.33333334,2.2102304,26.50814
523,0,2,0.75,0.75213677,0.37606838,2.444032,30.30364
523,0,2,1,0.6923077,0.3931624,2.530085,29.952442
524,0,1,0,0.62393165,0.35897437,3.9818995,31.948658
524,0,1,0.25,0.51282054,0.35897437,3.6876462,29.053871
524,0,1,0.5,0.6666667,0.36752138,3.3950267,24.259321
524,0,1,0.75,0.6923077,0.35897437,3.1045034,20.249462
524,0,1,1,0.64102566,0.33333334,2.8167248,18.70605
524,0,2,0,0.7863248,0.7008547,1.4538252,10.054724
524,0,2,0.25,0.7606838,0.7094017,1.3945569,8.366992
524,0,2,0.5,0.71794873,0.6581197,1.3375703,8.722528
524,0,2,0.75,0.6752137,0.7094017,1.2831696,8.920325
524,0,2,1,0.74358976,0.63247865,1.2316986,10.904753
525,0,1,0,0.9145299,0.30769232,2.8661122,11.199719
525,0,1,0.25,0.8803419,0.2991453,2.9831855,13.892656
525,0,1,0.5,0.85470086,0.32478634,2.9551935,14.640589
525,0,1,0.75,0.8803419,0.4017094,2.7795796,14.798073
525,0,1,1,0.8974359,0.50427353,2.4652243,14.875475
525,0,2,0,0.82905984,0.4871795,1.3368775,11.789768
525,0,2,0.25,0.73504275,0.44444445,1.6963223,14.90744
525,0,2,0.5,0.7606838,0.43589744,1.9157032,16.248278
525,0,2,0.75,0.7692308,0.4871795,1.9959937,17.838455
525,0,2,1,0.8034188,0.5470086,1.9421468,15.514283
526,0,1,0,0.7777778,0.71794873,1.6519899,25.51858
526,0,1,0.25,0.75213677,0.72649574,1.619935,27.539011
526,0,1,0.5,0.6581197,0.74358976,1.6040426,29.373291
526,0,1,0.75,0.5470086,0.74358976,1.6047935,30.935316
526,0,1,1,0.4957265,0.7863248,1.6221632,32.848923
526,0,2,0,0.8803419,0.75213677,1.5099739,16.418053
526,0,2,0.25,0.8717949,0.71794873,1.4382845,16.220894
526,0,2,0.5,0.8974359,0.63247865,1.4755427,16.369055
526,0,2,0.75,0.8803419,0.5726496,1.6142222,17.192932
526,0,2,1,0.8974359,0.5641026,1.8314263,19.911663
527,0,1,0,0.96581197,0.32478634,1.4930073,6.368379
527,0,1,0.25,0.94017094,0.32478634,1.5376679,6.385194
527,0,1,0.5,0.9230769,0.31623933,1.5827703,6.0444164
527,0,1,0.75,0.96581197,0.35897437,1.6282785,6.0598307
527,0,1,1,0.94017094,0.4017094,1.6741589,6.2790995
527,0,2,0,0.9230769,0.7008547,1.3887564,7.7032514
527,0,2,0.25,0.94017094,0.62393165,1.5756795,8.028324
527,0,2,0.5,0.9145299,0.6581197,1.7659962,8.673976
527,0,2,0.75,0.8974359,0.62393165,1.9587182,9.361868
527,0,2,1,0.8632479,0.63247865,2.1531997,10.244387
528,0,1,0,0.94017094,0.35897437,1.8592995,21.565178
528,0,1,0.25,0.94871795,0.32478634,1.78794,21.803627
528,0,1,0.5,0.94871795,0.30769232,1.7172205,22.05687
528,0,1,0.75,0.96581197,0.2905983,1.6472231,22.577713
528,0,1,1,0.93162394,0.2991453,1.5780443,23.311966
528,0,2,0,0.33333334,0.8034188,1.3146067,11.751687
528,0,2,0.25,0.37606838,0.7692308,1.2923236,13.866705
528,0,2,0.5,0.35897437,0.7777778,1.2766566,16.013638
528,0,2,0.75,0.3846154,0.75213677,1.2678506,17.952759
528,0,2,1,0.36752138,0.6752137,1.2660491,20.26973
529,0,1,0,0.50427353,0.84615386,1.3784785,14.162311
529,0,1,0.25,0.5641026,0.8632479,1.3662202,12.725369
529,0,1,0.5,0.5641026,0.82905984,1.3788593,11.3766
529,0,1,0.75,0.61538464,0.8803419,1.415729,10.13005
529,0,1,1,0.63247865,0.82905984,1.4750136,9.728909
529,0,2,0,0.52991456,0.6581197,1.6261793,23.721811
529,0,2,0.25,0.62393165,0.6666667,1.5967945,21.266453
529,0,2,0.5,0.60683763,0.5811966,1.5728772,19.110256
529,0,2,0.75,0.6752137,0.5555556,1.55468,16.477276
529,0,2,1,0.7094017,0.5641026,1.542405,14.81351
530,0,1,0,0.6923077,0.5811966,1.408721,13.607277
530,0,1,0.25,0.6752137,0.60683763,1.3928024,13.316053
530,0,1,0.5,0.6923077,0.61538464,1.3781542,13.358902
530,0,1,0.75,0.71794873,0.6752137,1.364889,13.067071
530,0,1,1,0.71794873,0.6752137,1.3531318,12.828955
530,0,2,0,0.7777778,0.45299146,1.2446368,11.8092
530,0,2,0.25,0.82051283,0.44444445,1.235532,11.523556
530,0,2,0.5,0.7863248,0.46153846,1.2336044,11.350481
530,0,2,0.75,0.8119658,0.46153846,1.2387029,10.980518
530,0,2,1,0.8034188,0.46153846,1.2507191,10.982818
531,0,1,0,0.8717949,0.33333334,1.4682171,10.367762
531,0,1,0.25,0.9059829,0.3931624,1.6222639,9.862875
531,0,1,0.5,0.8803419,0.45299146,1.7860836,10.828718
531,0,1,0.75,0.8803419,0.5811966,1.9572238,13.254534
531,0,1,1,0.82905984,0.5470086,2.1339242,17.289787
531,0,2,0,0.5982906,0.74358976,1.7471097,14.625511
531,0,2,0.25,0.5726496,0.8119658,1.9183695,17.676897
531,0,2,0.5,0.4871795,0.73504275,2.0940177,20.616482
531,0,2,0.75,0.45299146,0.75213677,2.2730367,24.09583
531,0,2,1,0.33333334,0.6837607,2.45469,27.337517
532,0,1,0,0.52136755,0.52136755,4.8516645,55.454826
532,0,1,0.25,0.5470086,0.50427353,4.8478003,56.196136
532,0,1,0.5,0.52991456,0.51282054,4.8436337,56.230732
532,0,1,0.75,0.53846157,0.50427353,4.839159,56.29867
532,0,1,1,0.5555556,0.51282054,4.8343954,56.323833
532,0,2,0,0.47863248,0.46153846,3.5281055,69.49216
532,0,2,0.25,0.47008547,0.47863248,3.5268242,69.73614
532,0,2,0.5,0.46153846,0.47008547,3.523824,68.73935
532,0,2,0.75,0.46153846,0.47008547,3.5191274,67.47925
532,0,2,1,0.45299146,0.47863248,3.512761,68.78946
533,0,1,0,0.71794873,0.7948718,1.7023546,12.483868
533,0,1,0.25,0.74358976,0.7863248,1.6473154,12.201319
533,0,1,0.5,0.7606838,0.75213677,1.5739717,11.5903225
533,0,1,0.75,0.7692308,0.6923077,1.4840465,10.809172
533,0,1,1,0.7863248,0.61538464,1.3829529,10.59094
533,0,2,0,0.42735043,0.5726496,3.3188667,41.182106
533,0,2,0.25,0.4871795,0.5555556,3.3136332,41.411995
533,0,2,0.5,0.41880342,0.5641026,3.3292055,41.296364
533,0,2,0.75,0.4017094,0.53846157,3.3667996,42.66765
533,0,2,1,0.4017094,0.51282054,3.428065,43.959465
534,0,1,0,0.51282054,0.64102566,3.6765132,51.090286
534,0,1,0.25,0.37606838,0.51282054,3.6604414,60.308952
534,0,1,0.5,0.2905983,0.4017094,3.645461,71.06676
534,0,1,0.75,0.2991453,0.41025642,3.6315866,82.393394
534,0,1,1,0.37606838,0.46153846,3.61883,91.96078
534,0,2,0,0.6666667,0.6666667,4.2344832,36.105885
534,0,2,0.25,0.6495727,0.53846157,4.2787027,41.705116
534,0,2,0.5,0.5982906,0.50427353,4.3314767,47.81872
534,0,2,0.75,0.47008547,0.43589744,4.3924975,54.811874
534,0,2,1,0.4871795,0.30769232,4.461426,59.984272
535,0,1,0,0.64102566,0.7008547,1.3685925,23.882956
535,0,1,0.25,0.63247865,0.6837607,1.3561212,23.60416
535,0,1,0.5,0.64102566,0.6666667,1.3539354,23.640278
535,0,1,0.75,0.62393165,0.6495727,1.3619579,24.00888
535,0,1,1,0.64102566,0.6495727,1.3800954,24.922695
535,0,2,0,0.36752138,0.6581197,2.278321,42.38757
535,0,2,0.25,0.35897437,0.6666667,2.266888,42.686867
535,0,2,0.5,0.35897437,0.6837607,2.25993,42.82202
535,0,2,0.75,0.35897437,0.63247865,2.2574914,42.94348
535,0,2,1,0.32478634,0.61538464,2.2596197,43.36267
536,0,1,0,0.6752137,0.34188035,1.6195072,14.219997
536,0,1,0.25,0.64102566,0.35897437,1.6125016,14.978155
536,0,1,0.5,0.62393165,0.36752138,1.5883877,16.298006
536,0,1,0.75,0.61538464,0.3931624,1.547548,16.138481
536,0,1,1,0.63247865,0.3846154,1.4905068,16.280453
536,0,2,0,0.5726496,0.72649574,1.5811044,15.077207
536,0,2,0.25,0.52136755,0.7094017,1.5843192,14.278597
536,0,2,0.5,0.5641026,0.6837607,1.5918713,13.797406
536,0,2,0.75,0.5726496,0.7008547,1.6036377,13.126205
536,0,2,1,0.5470086,0.7094017,1.6207523,13.700481
537,0,1,0,0.32478634,0.8034188,2.3826866,33.17259
537,0,1,0.25,0.32478634,0.7948718,2.4056113,33.928345
537,0,1,0.5,0.30769232,0.8034188,2.4211287,34.275288
537,0,1,0.75,0.34188035,0.7948718,2.42916,34.059364
537,0,1,1,0.34188035,0.7863248,2.4296231,33.80634
537,0,2,0,0.8034188,0.7094017,1.7125928,22.816238
537,0,2,0.25,0.8034188,0.73504275,1.6843171,22.561905
537,0,2,0.5,0.7863248,0.7606838,1.6643484,22.746891
537,0,2,0.75,0.7777778,0.7777778,1.6527598,22.976456
537,0,2,1,0.7606838,0.7692308,1.6496439,23.466919
538,0,1,0,0.7008547,0.7863248,1.7642598,11.693313
538,0,1,0.25,0.71794873,0.7692308,1.7324594,12.145603
538,0,1,0.5,0.72649574,0.7606838,1.7045369,12.430637
538,0,1,0.75,0.7094017,0.7777778,1.6808828,12.820414
538,0,1,1,0.73504275,0.75213677,1.6623251,13.023454
538,0,2,0,0.5555556,0.31623933,3.1532097,44.223183
538,0,2,0.25,0.5726496,0.32478634,3.1632159,43.677383
538,0,2,0.5,0.5726496,0.34188035,3.1809711,45.910057
538,0,2,0.75,0.5726496,0.35042736,3.206296,47.328686
538,0,2,1,0.5641026,0.37606838,3.239076,48.880966
539,0,1,0,0.41025642,0.7094017,1.9356453,27.924974
539,0,1,0.25,0.52991456,0.71794873,2.0136526,28.624409
539,0,1,0.5,0.6923077,0.6581197,2.1056755,25.175167
539,0,1,0.75,0.7948718,0.60683763,2.2099648,20.80756
539,0,1,1,0.7692308,0.52136755,2.3248706,17.781513
539,0,2,0,0.50427353,0.43589744,2.3738198,37.477192
539,0,2,0.25,0.51282054,0.3931624,2.3874373,38.77446
539,0,2,0.5,0.5555556,0.3846154,2.470529,38.261997
539,0,2,0.75,0.4871795,0.3931624,2.6164842,38.51935
539,0,2,1,0.53846157,0.3846154,2.8155437,40.652008
540,0,1,0,0.5726496,0.35042736,2.5008106,50.211315
540,0,1,0.25,0.53846157,0.37606838,2.493914,50.25946
540,0,1,0.5,0.53846157,0.3846154,2.4872708,49.47074
540,0,1,0.75,0.52991456,0.37606838,2.480884,49.418457
540,0,1,1,0.51282054,0.3931624,2.474755,48.699436
540,0,2,0,0.63247865,0.7777778,1.3645321,9.82341
540,0,2,0.25,0.63247865,0.8034188,1.3636528,9.453403
540,0,2,0.5,0.5726496,0.82051283,1.3629632,9.457942
540,0,2,0.75,0.5641026,0.82051283,1.3624631,9.129005
540,0,2,1,0.5811966,0.83760685,1.3621527,8.797871
541,0,1,0,0.5555556,0.8034188,1.874897,19.869133
541,0,1,0.25,0.52991456,0.7948718,1.8859242,20.485615
541,0,1,0.5,0.52136755,0.7948718,1.8890359,20.37885
541,0,1,0.75,0.53846157,0.7606838,1.8841616,20.531727
541,0,1,1,0.5470086,0.7606838,1.8713962,20.92035
541,0,2,0,0.60683763,0.74358976,2.2631795,21.27066
541,0,2,0.25,0.5982906,0.74358976,2.2580874,21.454521
541,0,2,0.5,0.5811966,0.72649574,2.2583518,21.80605
541,0,2,0.75,0.5897436,0.7777778,2.2639549,22.707024
541,0,2,1,0.5811966,0.7606838,2.2749002,22.647453
542,0,1,0,0.9059829,0.5897436,1.7731695,13.12224
542,0,1,0.25,0.8717949,0.61538464,1.7173834,11.428858
542,0,1,0.5,0.7863248,0.5982906,1.6709719,10.350832
542,0,1,0.75,0.6666667,0.5811966,1.6347337,10.012476
542,0,1,1,0.6666667,0.61538464,1.6093563,10.302091
542,0,2,0,0.82905984,0.6752137,1.2299672,12.5660715
542,0,2,0.25,0.7948718,0.64102566,1.5289708,17.654247
542,0,2,0.5,0.6581197,0.5726496,1.8312961,24.628637
542,0,2,0.75,0.5470086,0.50427353,2.1355326,32.74594
542,0,2,1,0.41880342,0.5897436,2.4409654,42.720764
543,0,1,0,0.8803419,0.30769232,1.7371039,28.325478
543,0,1,0.25,0.85470086,0.33333334,1.741891,28.30663
543,0,1,0.5,0.85470086,0.31623933,1.7516193,28.28014
543,0,1,0.75,0.8717949,0.30769232,1.7662174,28.318607
543,0,1,1,0.85470086,0.30769232,1.7856318,27.96101
543,0,2,0,0.3846154,0.45299146,3.1953325,48.06105
543,0,2,0.25,0.36752138,0.50427353,3.1811697,49.687634
543,0,2,0.5,0.3846154,0.51282054,3.1732147,50.47341
543,0,2,0.75,0.4017094,0.51282054,3.1713927,50.891846
543,0,2,1,0.41880342,0.5641026,3.1756685,52.29353
544,0,1,0,0.34188035,0.6495727,2.9519172,22.687183
544,0,1,0.25,0.37606838,0.62393165,2.9482255,23.182753
544,0,1,0.5,0.34188035,0.63247865,2.9535587,22.886429
544,0,1,0.75,0.34188035,0.6495727,2.967821,22.572868
544,0,1,1,0.32478634,0.64102566,2.9909315,23.223095
544,0,2,0,0.8803419,0.4017094,1.4705403,16.59615
544,0,2,0.25,0.8974359,0.4017094,1.4778908,16.63941
544,0,2,0.5,0.9059829,0.4017094,1.4781884,16.733242
544,0,2,0.75,0.9059829,0.4017094,1.4714422,16.664127
544,0,2,1,0.8974359,0.3931624,1.4576817,17.117666
545,0,1,0,0.8119658,0.7606838,1.4077057,20.692122
545,0,1,0.25,0.8034188,0.7606838,1.415103,20.770802
545,0,1,0.5,0.7948718,0.7094017,1.4201576,20.97372
545,0,1,0.75,0.7692308,0.7008547,1.4227748,21.045593
545,0,1,1,0.7094017,0.7008547,1.4229172,21.171104
545,0,2,0,0.72649574,0.61538464,2.7470136,16.94241
545,0,2,0.25,0.71794873,0.60683763,2.748783,17.321445
545,0,2,0.5,0.7008547,0.5982906,2.7489932,17.63786
545,0,2,0.75,0.6923077,0.60683763,2.7476246,17.852192
545,0,2,1,0.6752137,0.60683763,2.7446752,17.802
546,0,1,0,0.3846154,0.44444445,2.6452851,53.136963
546,0,1,0.25,0.44444445,0.62393165,2.5721784,38.197464
546,0,1,0.5,0.50427353,0.5641026,2.5007386,27.904573
546,0,1,0.75,0.6837607,0.6581197,2.431112,21.922642
546,0,1,1,0.6752137,0.6495727,2.3634603,15.742674
546,0,2,0,0.94017094,0.35042736,1.349247,20.412247
546,0,2,0.25,0.93162394,0.4017094,1.4961253,15.13699
546,0,2,0.5,0.9230769,0.33333334,1.7327113,14.681334
546,0,2,0.75,0.8119658,0.30769232,2.027846,14.066759
546,0,2,1,0.7692308,0.33333334,2.3596623,14.044762
547,0,1,0,0.63247865,0.35897437,1.4023533,36.294186
547,0,1,0.25,0.64102566,0.37606838,1.4027463,34.928387
547,0,1,0.5,0.6581197,0.3846154,1.4055998,33.78285
547,0,1,0.75,0.6923077,0.42735043,1.4108992,34.86733
547,0,1,1,0.6495727,0.43589744,1.4186347,34.708748
547,0,2,0,0.45299146,0.37606838,1.3771569,40.83415
547,0,2,0.25,0.46153846,0.36752138,1.3678839,41.332375
547,0,2,0.5,0.46153846,0.41025642,1.3610628,40.176056
547,0,2,0.75,0.47008547,0.45299146,1.3566465,38.429146
547,0,2,1,0.47863248,0.4957265,1.3546816,37.44272
548,0,1,0,0.43589744,0.41880342,2.9118962,34.651924
548,0,1,0.25,0.41880342,0.42735043,2.9049182,34.68062
548,0,1,0.5,0.41880342,0.42735043,2.8979497,35.06729
548,0,1,0.75,0.4017094,0.3846154,2.8909903,35.676586
548,0,1,1,0.4017094,0.37606838,2.8840404,36.04306
548,0,2,0,0.41025642,0.85470086,1.3863196,9.820106
548,0,2,0.25,0.47008547,0.8632479,1.3866781,9.749927
548,0,2,0.5,0.47863248,0.8803419,1.387047,9.887469
548,0,2,0.75,0.50427353,0.8803419,1.3874261,9.869606
548,0,2,1,0.4871795,0.8803419,1.3878158,9.918888
549,0,1,0,0.47863248,0.33333334,4.018734,62.310013
549,0,1,0.25,0.45299146,0.36752138,4.0014467,64.43469
549,0,1,0.5,0.43589744,0.35897437,4.0006185,66.262794
549,0,1,0.75,0.47008547,0.33333334,4.016083,67.9837
549,0,1,1,0.47863248,0.31623933,4.0478244,69.21403
549,0,2,0,0.3931624,0.2905983,4.977012,80.49922
549,0,2,0.25,0.3931624,0.2905983,4.979808,80.13675
549,0,2,0.5,0.3931624,0.30769232,4.988409,82.370255
549,0,2,0.75,0.3846154,0.32478634,5.0027313,81.85268
549,0,2,1,0.3846154,0.34188035,5.0226865,84.05804
550,0,1,0,0.63247865,0.30769232,2.2189045,33.14431
550,0,1,0.25,0.6495727,0.2991453,2.198207,32.14125
550,0,1,0.5,0.6666667,0.32478634,2.1861959,30.163097
550,0,1,0.75,0.6666667,0.32478634,2.1828778,29.742298
550,0,1,1,0.7008547,0.35897437,2.1882982,28.92916
550,0,2,0,0.8034188,0.43589744,2.6207974,20.133915
550,0,2,0.25,0.82051283,0.43589744,2.6157053,19.894142
550,0,2,0.5,0.82051283,0.3931624,2.6145232,19.538307
550,0,2,0.75,0.7948718,0.36752138,2.6172388,19.507229
550,0,2,1,0.8119658,0.36752138,2.6238515,19.264034
551,0,1,0,0.50427353,0.2991453,1.794473,32.466217
551,0,1,0.25,0.50427353,0.33333334,1.8021419,32.406265
551,0,1,0.5,0.50427353,0.35042736,1.8072332,33.453236
551,0,1,0.75,0.52136755,0.37606838,1.8097048,33.41208
551,0,1,1,0.5641026,0.37606838,1.8095199,33.18618
551,0,2,0,0.6581197,0.4871795,1.43663,10.031445
551,0,2,0.25,0.64102566,0.42735043,1.4363652,10.527458
551,0,2,0.5,0.60683763,0.44444445,1.4373477,11.427088
551,0,2,0.75,0.5726496,0.41880342,1.4395853,12.0191345
551,0,2,1,0.53846157,0.42735043,1.4431107,12.991499
552,0,1,0,0.84615386,0.50427353,1.5481305,7.953573
552,0,1,0.25,0.84615386,0.50427353,1.5628406,7.8880816
552,0,1,0.5,0.83760685,0.52136755,1.5759935,7.7196817
552,0,1,0.75,0.8717949,0.52991456,1.5873169,7.4296083
552,0,1,1,0.84615386,0.51282054,1.5966344,7.169688
552,0,2,0,0.5726496,0.31623933,2.7973955,26.230597
552,0,2,0.25,0.5641026,0.31623933,2.7709074,26.509533
552,0,2,0.5,0.5897436,0.32478634,2.7614725,25.471275
552,0,2,0.75,0.5897436,0.35042736,2.7689857,25.058727
552,0,2,1,0.5641026,0.36752138,2.7934527,24.661964
553,0,1,0,0.45299146,0.5982906,2.9580708,23.797564
553,0,1,0.25,0.35897437,0.51282054,2.8666542,25.418102
553,0,1,0.5,0.31623933,0.5470086,2.804347,27.444912
553,0,1,0.75,0.30769232,0.4871795,2.7712574,24.386211
553,0,1,1,0.30769232,0.4871795,2.770907,17.156818
553,0,2,0,0.6581197,0.41025642,1.6979853,25.539974
553,0,2,0.25,0.71794873,0.3931624,1.7298893,28.025246
553,0,2,0.5,0.73504275,0.3846154,1.7652172,30.055593
553,0,2,0.75,0.71794873,0.34188035,1.8021616,29.746046
553,0,2,1,0.6752137,0.33333334,1.8429238,30.800055
554,0,1,0,0.5982906,0.5982906,1.8737844,45.26882
554,0,1,0.25,0.61538464,0.60683763,1.8875334,45.130474
554,0,1,0.5,0.60683763,0.62393165,1.8939387,44.820423
554,0,1,0.75,0.5641026,0.63247865,1.8931684,45.20553
554,0,1,1,0.5555556,0.62393165,1.8854761,43.964005
554,0,2,0,0.8632479,0.44444445,1.8043425,31.273167
554,0,2,0.25,0.85470086,0.47008547,1.8067691,31.447575
554,0,2,0.5,0.8632479,0.4871795,1.7997158,31.118027
554,0,2,0.75,0.84615386,0.50427353,1.7833157,30.817509
554,0,2,1,0.82905984,0.53846157,1.7577198,30.398191
555,0,1,0,0.63247865,0.7863248,3.110824,25.2407
555,0,1,0.25,0.5726496,0.74358976,3.1640239,25.058262
555,0,1,0.5,0.5470086,0.73504275,3.2105103,25.53627
555,0,1,0.75,0.52991456,0.73504275,3.2502697,26.39695
555,0,1,1,0.52991456,0.7094017,3.2834325,26.667492
555,0,2,0,0.47863248,0.47008547,5.005003,43.836514
555,0,2,0.25,0.47863248,0.4871795,4.946348,44.732056
555,0,2,0.5,0.4871795,0.47008547,4.911042,44.816414
555,0,2,0.75,0.50427353,0.43589744,4.8994446,43.98256
555,0,2,1,0.51282054,0.43589744,4.911906,46.517025
556,0,1,0,0.41025642,0.5982906,3.6007633,53.076134
556,0,1,0.25,0.42735043,0.61538464,3.730158,56.19802
556,0,1,0.5,0.37606838,0.5470086,3.7795482,56.899513
556,0,1,0.75,0.3846154,0.47008547,3.748216,57.23857
556,0,1,1,0.32478634,0.3846154,3.635911,58.01219
556,0,2,0,0.47008547,0.8974359,1.9502606,29.467155
556,0,2,0.25,0.50427353,0.84615386,1.814686,29.622757
556,0,2,0.5,0.45299146,0.6923077,1.7597619,30.116863
556,0,2,0.75,0.4017094,0.62393165,1.7839482,33.286526
556,0,2,1,0.36752138,0.61538464,1.8857064,38.927773
557,0,1,0,0.6923077,0.42735043,1.362231,5.952133
557,0,1,0.25,0.6837607,0.41880342,1.347496,5.964644
557,0,1,0.5,0.7094017,0.41880342,1.3414322,5.9026093
557,0,1,0.75,0.71794873,0.44444445,1.343999,6.127308
557,0,1,1,0.6666667,0.43589744,1.3551633,6.2169285
557,0,2,0,0.5982906,0.31623933,2.701122,19.701118
557,0,2,0.25,0.62393165,0.34188035,2.6950057,20.145775
557,0,2,0.5,0.60683763,0.30769232,2.6927078,20.17471
557,0,2,0.75,0.61538464,0.30769232,2.6940107,20.191055
557,0,2,1,0.64102566,0.31623933,2.6988344,20.236418
558,0,1,0,0.2991453,0.5726496,1.2524291,36.633007
558,0,1,0.25,0.30769232,0.5897436,1.2525228,36.643433
558,0,1,0.5,0.31623933,0.5982906,1.2471589,36.772236
558,0,1,0.75,0.32478634,0.5811966,1.2363006,36.410614
558,0,1,1,0.33333334,0.5811966,1.220044,34.143066
558,0,2,0,0.51282054,0.35042736,2.5613694,56.17907
558,0,2,0.25,0.4957265,0.32478634,2.5560174,58.319206
558,0,2,0.5,0.4871795,0.35042736,2.557438,59.667473
558,0,2,0.75,0.50427353,0.35042736,2.5656323,60.958076
558,0,2,1,0.4957265,0.35042736,2.5806556,58.967678
559,0,1,0,0.5641026,0.74358976,2.9186888,22.430239
559,0,1,0.25,0.5897436,0.74358976,2.879412,22.079428
559,0,1,0.5,0.6495727,0.73504275,2.8411276,22.008888
559,0,1,0.75,0.5897436,0.5982906,2.803877,21.532398
559,0,1,1,0.60683763,0.53846157,2.767702,25.561302
559,0,2,0,0.73504275,0.8803419,1.6559465,15.630007
559,0,2,0.25,0.6666667,0.85470086,1.7295989,18.687649
559,0,2,0.5,0.60683763,0.7948718,1.8067102,21.544342
559,0,2,0.75,0.5555556,0.6666667,1.886857,22.693817
559,0,2,1,0.5982906,0.60683763,1.9696685,24.343018
560,0,1,0,0.51282054,0.85470086,1.440329,27.552944
560,0,1,0.25,0.52991456,0.85470086,1.3907443,25.792635
560,0,1,0.5,0.5555556,0.8632479,1.357198,24.704788
560,0,1,0.75,0.5811966,0.8803419,1.3396937,24.241543
560,0,1,1,0.62393165,0.8803419,1.3383653,24.052631
560,0,2,0,0.95726496,0.3846154,1.5276709,10.417522
560,0,2,0.25,0.93162394,0.41025642,1.4999655,9.74165
560,0,2,0.5,0.9145299,0.42735043,1.484896,9.333349
560,0,2,0.75,0.8717949,0.43589744,1.48251,8.943943
560,0,2,1,0.8717949,0.42735043,1.4928657,8.70756
561,0,1,0,0.7606838,0.7606838,1.2391001,15.274079
561,0,1,0.25,0.75213677,0.7692308,1.2585888,15.541353
561,0,1,0.5,0.7692308,0.74358976,1.2636755,15.277075
561,0,1,0.75,0.7863248,0.74358976,1.2542621,15.163134
561,0,1,1,0.7948718,0.72649574,1.230321,14.678005
561,0,2,0,0.36752138,0.5811966,2.1162744,34.812725
561,0,2,0.25,0.36752138,0.64102566,2.0997736,34.359985
561,0,2,0.5,0.3846154,0.6666667,2.0881228,34.237972
561,0,2,0.75,0.41025642,0.6666667,2.081481,33.51924
561,0,2,1,0.41025642,0.64102566,2.0800173,33.17788
562,0,1,0,0.71794873,0.6495727,1.3801279,6.9590406
562,0,1,0.25,0.74358976,0.6495727,1.3831604,7.071953
562,0,1,0.5,0.75213677,0.6837607,1.39505,6.715656
562,0,1,0.75,0.74358976,0.6752137,1.4153156,6.4536114
562,0,1,1,0.7606838,0.6923077,1.4439412,6.4550614
562,0,2,0,0.62393165,0.36752138,3.6010537,32.587555
562,0,2,0.25,0.6581197,0.37606838,3.5828824,32.851135
562,0,2,0.5,0.6923077,0.3846154,3.5743878,32.574535
562,0,2,0.75,0.6581197,0.35897437,3.5756686,31.796417
562,0,2,1,0.6581197,0.3846154,3.5868556,31.8893
563,0,1,0,0.85470086,0.3931624,2.0713673,32.740685
563,0,1,0.25,0.72649574,0.3846154,2.1037521,36.077538
563,0,1,0.5,0.71794873,0.43589744,2.180347,38.454994
563,0,1,0.75,0.71794873,0.4017094,2.2832808,39.368137
563,0,1,1,0.7777778,0.3931624,2.4045851,39.467033
563,0,2,0,0.83760685,0.5726496,1.9640129,27.468998
563,0,2,0.25,0.82051283,0.51282054,2.0365608,26.924685
563,0,2,0.5,0.82051283,0.4871795,2.0741632,27.7486
563,0,2,0.75,0.8034188,0.42735043,2.0760992,26.17682
563,0,2,1,0.8888889,0.50427353,2.0422096,24.828014
564,0,1,0,0.34188035,0.45299146,2.2649808,67.83038
564,0,1,0.25,0.46153846,0.4871795,2.4221187,60.04409
564,0,1,0.5,0.52991456,0.5470086,2.547366,53.911137
564,0,1,0.75,0.5982906,0.62393165,2.6414611,46.520897
564,0,1,1,0.6581197,0.6837607,2.705882,42.836884
564,0,2,0,0.53846157,0.36752138,2.0967233,49.613426
564,0,2,0.25,0.60683763,0.4871795,2.1856465,45.498653
564,0,2,0.5,0.6581197,0.5982906,2.2504609,41.867638
564,0,2,0.75,0.60683763,0.6666667,2.2674015,37.933434
564,0,2,1,0.60683763,0.74358976,2.2215226,34.011086
565,0,1,0,0.5982906,0.7692308,1.666728,16.931095
565,0,1,0.25,0.64102566,0.6495727,1.8730721,13.414848
565,0,1,0.5,0.7692308,0.5641026,2.1525695,11.7355
565,0,1,0.75,0.74358976,0.46153846,2.4806154,11.219439
565,0,1,1,0.7692308,0.43589744,2.8404384,13.602282
565,0,2,0,0.8119658,0.47863248,1.3523127,16.189278
565,0,2,0.25,0.84615386,0.42735043,1.2919621,15.203705
565,0,2,0.5,0.8974359,0.36752138,1.2473764,15.7125435
565,0,2,0.75,0.8632479,0.30769232,1.2202847,13.933257
565,0,2,1,0.85470086,0.2905983,1.2118609,13.706811
566,0,1,0,0.5982906,0.45299146,2.7684226,40.681282
566,0,1,0.25,0.5897436,0.46153846,2.7721596,40.351204
566,0,1,0.5,0.5897436,0.42735043,2.7742045,40.199406
566,0,1,0.75,0.60683763,0.43589744,2.7745383,39.397873
566,0,1,1,0.61538464,0.42735043,2.773143,39.946354
566,0,2,0,0.84615386,0.45299146,2.3323355,16.057068
566,0,2,0.25,0.85470086,0.43589744,2.35599,15.875839
566,0,2,0.5,0.8632479,0.43589744,2.3723502,16.28111
566,0,2,0.75,0.8632479,0.41880342,2.3813167,15.396317
566,0,2,1,0.8632479,0.43589744,2.38279,15.27599
567,0,1,0,0.7777778,0.5811966,1.623423,22.787594
567,0,1,0.25,0.75213677,0.5811966,1.6261958,22.938488
567,0,1,0.5,0.73504275,0.5811966,1.6289717,22.936958
567,0,1,0.75,0.7606838,0.5897436,1.6317511,23.222778
567,0,1,1,0.7606838,0.5811966,1.6345335,23.05455
567,0,2,0,0.5555556,0.4957265,3.0021188,54.39125
567,0,2,0.25,0.5555556,0.4957265,2.997529,54.155125
567,0,2,0.5,0.5470086,0.4957265,2.9929397,53.66889
567,0,2,0.75,0.5555556,0.47863248,2.9883504,54.4207
567,0,2,1,0.4871795,0.47863248,2.9837618,55.200302
568,0,1,0,0.4017094,0.71794873,4.772333,31.130253
568,0,1,0.25,0.37606838,0.7094017,4.7630997,31.135153
568,0,1,0.5,0.3931624,0.71794873,4.760329,31.404255
568,0,1,0.75,0.3846154,0.72649574,4.763985,31.934662
568,0,1,1,0.37606838,0.6923077,4.7740655,32.619324
568,0,2,0,0.45299146,0.3931624,4.0542307,33.02598
568,0,2,0.25,0.43589744,0.42735043,4.0721755,33.457756
568,0,2,0.5,0.43589744,0.41880342,4.0788636,33.63514
568,0,2,0.75,0.43589744,0.41880342,4.0742817,33.59302
568,0,2,1,0.41880342,0.42735043,4.0584335,33.16449
569,0,1,0,0.8034188,0.3931624,2.230961,20.693214
569,0,1,0.25,0.7863248,0.3931624,2.249193,20.966812
569,0,1,0.5,0.7606838,0.4017094,2.2666006,21.166626
569,0,1,0.75,0.7692308,0.3846154,2.282852,21.61916
569,0,1,1,0.7692308,0.33333334,2.2976744,21.845093
569,0,2,0,0.8974359,0.32478634,3.9735534,7.456145
569,0,2,0.25,0.9145299,0.31623933,3.9709527,7.999666
569,0,2,0.5,0.8717949,0.32478634,3.9701705,8.486931
569,0,2,0.75,0.8803419,0.32478634,3.9712129,9.054819
569,0,2,1,0.8803419,0.33333334,3.974085,9.610032
570,0,1,0,0.47863248,0.82905984,1.3299193,15.408699
570,0,1,0.25,0.47863248,0.82051283,1.330169,15.2177105
570,0,1,0.5,0.47863248,0.7863248,1.3304311,14.987303
570,0,1,0.75,0.4871795,0.74358976,1.3305087,15.209848
570,0,1,1,0.44444445,0.73504275,1.3306063,15.37598
570,0,2,0,0.41880342,0.9145299,1.5259202,12.923523
570,0,2,0.25,0.41025642,0.8974359,1.5425501,12.911617
570,0,2,0.5,0.41880342,0.8717949,1.5488483,13.003265
570,0,2,0.75,0.43589744,0.85470086,1.5448327,13.0700035
570,0,2,1,0.41880342,0.8803419,1.5305363,13.147211
571,0,1,0,0.7094017,0.2991453,2.1630495,17.698738
571,0,1,0.25,0.7948718,0.30769232,2.1134982,18.3976
571,0,1,0.5,0.85470086,0.33333334,2.0842812,18.432707
571,0,1,0.75,0.84615386,0.32478634,2.076257,19.03357
571,0,1,1,0.83760685,0.32478634,2.0896704,19.7113
571,0,2,0,0.974359,0.34188035,1.695921,2.3054795
571,0,2,0.25,0.991453,0.34188035,1.645689,2.307926
571,0,2,0.5,0.974359,0.37606838,1.6011823,2.4112036
571,0,2,0.75,0.96581197,0.35897437,1.5628905,2.4915054
571,0,2,1,0.9145299,0.35897437,1.5312797,2.4877963
572,0,1,0,0.7008547,0.35042736,1.4163944,17.083347
572,0,1,0.25,0.7094017,0.33333334,1.422408,16.944733
572,0,1,0.5,0.6837607,0.34188035,1.4284307,16.485954
572,0,1,0.75,0.6495727,0.33333334,1.4344624,16.464655
572,0,1,1,0.6666667,0.35897437,1.4405035,16.672527
572,0,2,0,0.47863248,0.7863248,1.4572287,10.374277
572,0,2,0.25,0.51282054,0.7777778,1.4532622,10.505091
572,0,2,0.5,0.52136755,0.7692308,1.4493095,10.37934
572,0,2,0.75,0.50427353,0.7948718,1.4453707,10.425459
572,0,2,1,0.52136755,0.7863248,1.4414458,10.671829
573,0,1,0,0.5726496,0.5641026,2.9745834,42.419136
573,0,1,0.25,0.5897436,0.5641026,2.9603498,42.39534
573,0,1,0.5,0.5811966,0.4957265,2.9511514,42.64766
573,0,1,0.75,0.5641026,0.46153846,2.946976,42.974346
573,0,1,1,0.5555556,0.45299146,2.9478803,42.980907
573,0,2,0,0.5726496,0.4957265,2.501203,41.650833
573,0,2,0.25,0.5897436,0.4871795,2.4850116,41.618526
573,0,2,0.5,0.5982906,0.4957265,2.4738548,41.88926
573,0,2,0.75,0.61538464,0.47008547,2.4678383,42.0703
573,0,2,1,0.5982906,0.46153846,2.4671016,42.461243
574,0,1,0,0.9145299,0.5811966,1.213112,18.856823
574,0,1,0.25,0.9145299,0.5982906,1.237518,18.636719
574,0,1,0.5,0.8974359,0.5897436,1.2549913,18.523136
574,0,1,0.75,0.85470086,0.5897436,1.2650102,18.546125
574,0,1,1,0.85470086,0.51282054,1.2675663,18.679619
574,0,2,0,0.60683763,0.60683763,1.9804248,33.054066
574,0,2,0.25,0.62393165,0.61538464,1.9938219,33.28717
574,0,2,0.5,0.61538464,0.64102566,2.0170991,33.319298
574,0,2,0.75,0.63247865,0.60683763,2.0491774,32.98871
574,0,2,1,0.5897436,0.5982906,2.0898278,33.18415
575,0,1,0,0.72649574,0.63247865,1.2194418,17.38767
575,0,1,0.25,0.74358976,0.60683763,1.2146175,17.029934
575,0,1,0.5,0.7606838,0.60683763,1.2135682,16.86393
575,0,1,0.75,0.73504275,0.60683763,1.216027,17.008272
575,0,1,1,0.72649574,0.5726496,1.2220336,17.492254
575,0,2,0,0.5641026,0.42735043,2.270947,46.397057
575,0,2,0.25,0.5811966,0.3846154,2.285592,47.178078
575,0,2,0.5,0.5641026,0.32478634,2.290148,47.459114
575,0,2,0.75,0.50427353,0.30769232,2.2845795,48.86727
575,0,2,1,0.50427353,0.30769232,2.268921,50.000572
576,0,1,0,0.64102566,0.4957265,1.5597737,16.281797
576,0,1,0.25,0.74358976,0.60683763,1.4780859,25.075989
576,0,1,0.5,0.73504275,0.5982906,1.4736029,25.241232
576,0,1,0.75,0.6923077,0.52136755,1.5469959,25.235228
576,0,1,1,0.63247865,0.50427353,1.6881386,30.926466
576,0,2,0,0.64102566,0.4871795,1.27166,14.291581
576,0,2,0.25,0.46153846,0.3931624,1.3141083,9.573036
576,0,2,0.5,0.7863248,0.41880342,1.3801647,15.442793
576,0,2,0.75,0.73504275,0.43589744,1.4666432,17.183971
576,0,2,1,0.74358976,0.41880342,1.5701724,19.260227
577,0,1,0,0.5982906,0.35897437,1.4342849,30.774796
577,0,1,0.25,0.62393165,0.32478634,1.4650042,30.511724
577,0,1,0.5,0.61538464,0.31623933,1.4836688,31.037867
577,0,1,0.75,0.61538464,0.32478634,1.4902153,28.379478
577,0,1,1,0.63247865,0.30769232,1.4846122,26.62479
577,0,2,0,0.6581197,0.5470086,1.4197544,18.499073
577,0,2,0.25,0.7008547,0.62393165,1.4031744,17.5774
577,0,2,0.5,0.6923077,0.61538464,1.4017227,16.821285
577,0,2,0.75,0.72649574,0.5982906,1.4150192,15.696655
577,0,2,1,0.72649574,0.5982906,1.4428213,15.443274
578,0,1,0,0.3846154,0.8803419,1.7601166,10.483257
578,0,1,0.25,0.3846154,0.8974359,1.7567414,11.030345
578,0,1,0.5,0.3846154,0.9059829,1.738251,11.208075
578,0,1,0.75,0.4017094,0.94017094,1.7040575,11.64238
578,0,1,1,0.3931624,0.9230769,1.6543581,12.053705
578,0,2,0,0.30769232,0.8632479,2.4234028,17.878681
578,0,2,0.25,0.31623933,0.83760685,2.466021,18.286613
578,0,2,0.5,0.2991453,0.83760685,2.5040233,18.720108
578,0,2,0.75,0.30769232,0.7692308,2.5372999,19.883854
578,0,2,1,0.2905983,0.8034188,2.5658498,19.219364
579,0,1,0,0.41880342,0.6581197,1.8279753,28.252707
579,0,1,0.25,0.50427353,0.5982906,1.8244944,29.42979
579,0,1,0.5,0.51282054,0.47863248,1.8552725,31.72609
579,0,1,0.75,0.4871795,0.3846154,1.9186622,32.319134
579,0,1,1,0.45299146,0.33333334,2.0115826,33.66893
579,0,2,0,0.6752137,0.7948718,1.633452,24.605034
579,0,2,0.25,0.63247865,0.7008547,1.6857586,28.919594
579,0,2,0.5,0.5897436,0.5982906,1.7463634,33.263493
579,0,2,0.75,0.6666667,0.5726496,1.8144354,36.015175
579,0,2,1,0.6581197,0.51282054,1.8891678,38.90342
580,0,1,0,0.30769232,0.8803419,1.2706329,14.579329
580,0,1,0.25,0.4017094,0.83760685,1.3871546,15.599209
580,0,1,0.5,0.41025642,0.6837607,1.5915577,13.907692
580,0,1,0.75,0.45299146,0.7008547,1.8550158,9.529612
580,0,1,1,0.6752137,0.71794873,2.1559863,12.9396
580,0,2,0,0.36752138,0.93162394,1.4058056,15.703947
580,0,2,0.25,0.33333334,0.8974359,1.4087547,17.499386
580,0,2,0.5,0.35042736,0.84615386,1.4483123,19.102732
580,0,2,0.75,0.34188035,0.84615386,1.5216267,23.513777
580,0,2,1,0.30769232,0.6923077,1.6241317,29.335333
581,0,1,0,0.6923077,0.46153846,2.450279,36.446037
581,0,1,0.25,0.6581197,0.4871795,2.4098415,37.481125
581,0,1,0.5,0.5726496,0.44444445,2.36979,37.82376
581,0,1,0.75,0.52136755,0.41025642,2.3301444,39.841805
581,0,1,1,0.31623933,0.31623933,2.2909248,40.453426
581,0,2,0,0.44444445,0.8632479,1.8488578,17.296774
581,0,2,0.25,0.46153846,0.7948718,1.8653058,20.178543
581,0,2,0.5,0.3931624,0.75213677,1.8819959,22.60865
581,0,2,0.75,0.3846154,0.6923077,1.8989221,26.083519
581,0,2,1,0.31623933,0.3931624,1.9160782,30.608906
582,0,1,0,0.5641026,0.5811966,4.955423,77.29334
582,0,1,0.25,0.5641026,0.52991456,4.9488015,75.54033
582,0,1,0.5,0.52991456,0.4957265,4.957056,75.498276
582,0,1,0.75,0.52991456,0.47863248,4.9799986,75.0457
582,0,1,1,0.51282054,0.46153846,5.0174985,74.260994
582,0,2,0,0.31623933,0.8888889,1.9538447,17.776283
582,0,2,0.25,0.30769232,0.9059829,1.9594522,17.731422
582,0,2,0.5,0.31623933,0.9145299,1.9693109,17.562
582,0,2,0.75,0.31623933,0.9145299,1.9831853,17.627945
582,0,2,1,0.31623933,0.9145299,2.001214,17.828403
583,0,1,0,0.7094017,0.33333334,3.29256,34.354095
583,0,1,0.25,0.7008547,0.32478634,3.2929811,33.865852
583,0,1,0.5,0.73504275,0.32478634,3.2895997,33.745193
583,0,1,0.75,0.71794873,0.32478634,3.2824566,33.728745
583,0,1,1,0.72649574,0.34188035,3.2715943,33.750546
583,0,2,0,0.47863248,0.31623933,3.1011732,50.935646
583,0,2,0.25,0.51282054,0.33333334,3.0971076,50.21099
583,0,2,0.5,0.47863248,0.35897437,3.0950787,49.986015
583,0,2,0.75,0.47863248,0.35042736,3.0949428,50.313858
583,0,2,1,0.4871795,0.32478634,3.0966587,50.572517
584,0,1,0,0.5811966,0.71794873,1.4889416,13.1187525
584,0,1,0.25,0.64102566,0.6666667,1.482952,14.08263
584,0,1,0.5,0.6581197,0.6581197,1.4831469,14.232652
584,0,1,0.75,0.6666667,0.6666667,1.4904377,14.202393
584,0,1,1,0.72649574,0.71794873,1.5061686,14.406067
584,0,2,0,0.43589744,0.8119658,1.6240455,15.711775
584,0,2,0.25,0.46153846,0.8119658,1.6992079,17.602585
584,0,2,0.5,0.4957265,0.75213677,1.7559245,17.314178
584,0,2,0.75,0.5470086,0.74358976,1.7944593,16.910734
584,0,2,1,0.5470086,0.7606838,1.8152264,16.762276
585,0,1,0,0.62393165,0.82051283,1.8694202,23.929653
585,0,1,0.25,0.63247865,0.83760685,1.8492929,23.45897
585,0,1,0.5,0.63247865,0.82905984,1.8321674,22.907394
585,0,1,0.75,0.6495727,0.82051283,1.8181537,22.607918
585,0,1,1,0.6495727,0.8119658,1.8073759,22.290846
585,0,2,0,0.41025642,0.8632479,2.6511126,25.726685
585,0,2,0.25,0.47008547,0.8632479,2.6195414,25.943485
585,0,2,0.5,0.4957265,0.85470086,2.5994189,25.793617
585,0,2,0.75,0.52136755,0.8632479,2.590838,25.41275
585,0,2,1,0.52136755,0.8717949,2.593894,25.466204
586,0,1,0,0.75213677,0.5641026,1.3999962,28.8825
586,0,1,0.25,0.74358976,0.5811966,1.3932229,28.917517
586,0,1,0.5,0.75213677,0.5641026,1.3838664,28.696465
586,0,1,0.75,0.72649574,0.5811966,1.3719618,28.530071
586,0,1,1,0.74358976,0.5726496,1.3575932,28.109615
586,0,2,0,0.6837607,0.4017094,1.5232748,27.462505
586,0,2,0.25,0.6495727,0.4017094,1.523139,27.247967
586,0,2,0.5,0.64102566,0.4017094,1.5198818,27.119228
586,0,2,0.75,0.6581197,0.41880342,1.5135552,27.33139
586,0,2,1,0.6837607,0.43589744,1.5042256,27.80359
587,0,1,0,0.35897437,0.5811966,2.6892543,33.49259
587,0,1,0.25,0.43589744,0.5982906,2.7228556,33.93403
587,0,1,0.5,0.3846154,0.63247865,2.7450597,33.55221
587,0,1,0.75,0.37606838,0.62393165,2.7557282,33.480446
587,0,1,1,0.37606838,0.5982906,2.7547307,33.069145
587,0,2,0,0.34188035,0.44444445,2.9092393,33.28389
587,0,2,0.25,0.3931624,0.41025642,2.8821266,33.892162
587,0,2,0.5,0.34188035,0.42735043,2.8623655,33.679832
587,0,2,0.75,0.33333334,0.43589744,2.8498182,33.50585
587,0,2,1,0.33333334,0.43589744,2.844528,33.17189
588,0,1,0,0.8974359,0.64102566,1.6824752,20.800898
588,0,1,0.25,0.82905984,0.4871795,1.6060499,19.345684
588,0,1,0.5,0.8632479,0.41880342,1.6746867,20.842361
588,0,1,0.75,0.84615386,0.47008547,2.061104,26.01796
588,0,1,1,0.7948718,0.47008547,2.415544,29.585476
588,0,2,0,0.63247865,0.8717949,2.056266,13.813289
588,0,2,0.25,0.6495727,0.9145299,1.876143,15.12228
588,0,2,0.5,0.6581197,0.93162394,1.7074776,16.194525
588,0,2,0.75,0.6495727,0.9145299,1.6604091,15.571032
588,0,2,1,0.6923077,0.85470086,1.6864398,14.204712
589,0,1,0,0.6495727,0.4017094,1.929261,30.290268
589,0,1,0.25,0.63247865,0.42735043,1.8986541,30.251774
589,0,1,0.5,0.5897436,0.41880342,1.8811314,31.37278
589,0,1,0.75,0.5641026,0.44444445,1.876902,32.069492
589,0,1,1,0.5811966,0.45299146,1.8861605,32.781128
589,0,2,0,0.41025642,0.72649574,1.2696271,19.675188
589,0,2,0.25,0.37606838,0.73504275,1.2668673,20.123325
589,0,2,0.5,0.36752138,0.75213677,1.2710713,20.335201
589,0,2,0.75,0.35897437,0.7606838,1.2822267,20.67614
589,0,2,1,0.37606838,0.75213677,1.3003185,21.014166
590,0,1,0,0.7008547,0.6752137,3.0790346,10.7801
590,0,1,0.25,0.7094017,0.5982906,2.6868095,11.479628
590,0,1,0.5,0.6581197,0.5555556,2.3017426,11.766036
590,0,1,0.75,0.74358976,0.50427353,1.9281268,11.33342
590,0,1,1,0.8803419,0.53846157,1.5741377,10.036093
590,0,2,0,0.33333334,0.82051283,3.0459762,10.811811
590,0,2,0.25,0.35042736,0.82905984,2.8612578,9.096666
590,0,2,0.5,0.34188035,0.85470086,2.697015,8.09459
590,0,2,0.75,0.32478634,0.8717949,2.5571966,6.7931376
590,0,2,1,0.35042736,0.96581197,2.4459941,6.2960405
591,0,1,0,0.73504275,0.42735043,2.683805,11.442759
591,0,1,0.25,0.72649574,0.5726496,2.55899,9.365428
591,0,1,0.5,0.63247865,0.4957265,2.4618404,10.442645
591,0,1,0.75,0.51282054,0.37606838,2.3977604,11.224574
591,0,1,1,0.72649574,0.47008547,2.3757796,7.813017
591,0,2,0,0.5811966,0.47863248,4.7709346,36.19134
591,0,2,0.25,0.5897436,0.51282054,4.776763,35.607388
591,0,2,0.5,0.5641026,0.4957265,4.682193,34.977085
591,0,2,0.75,0.60683763,0.45299146,4.485989,32.751038
591,0,2,1,0.47863248,0.41880342,4.1885624,30.177004
592,0,1,0,0.5555556,0.73504275,3.1544197,38.90107
592,0,1,0.25,0.50427353,0.72649574,3.187569,38.98381
592,0,1,0.5,0.51282054,0.71794873,3.2075899,39.117073
592,0,1,0.75,0.47008547,0.72649574,3.2143729,39.335197
592,0,1,1,0.4871795,0.73504275,3.2078817,39.26898
592,0,2,0,0.9145299,0.5470086,2.9191344,25.46511
592,0,2,0.25,0.9059829,0.5470086,2.9112635,25.480183
592,0,2,0.5,0.8974359,0.5555556,2.9036744,25.725853
592,0,2,0.75,0.9230769,0.5641026,2.8961148,25.977314
592,0,2,1,0.93162394,0.5726496,2.888554,26.485641
593,0,1,0,0.5726496,0.36752138,2.423953,40.977467
593,0,1,0.25,0.5811966,0.37606838,2.422942,41.0545
593,0,1,0.5,0.61538464,0.35897437,2.4171045,40.429962
593,0,1,0.75,0.61538464,0.35897437,2.4064837,40.748016
593,0,1,1,0.64102566,0.33333334,2.3911247,41.206413
593,0,2,0,0.4017094,0.6495727,1.9813046,27.589722
593,0,2,0.25,0.44444445,0.6923077,2.0012598,29.118603
593,0,2,0.5,0.44444445,0.6495727,2.0114741,30.33665
593,0,2,0.75,0.43589744,0.64102566,2.011933,30.903427
593,0,2,1,0.44444445,0.64102566,2.0026464,31.055874
594,0,1,0,0.9145299,0.5897436,1.6243155,5.7650375
594,0,1,0.25,0.8974359,0.52136755,1.5728498,4.749793
594,0,1,0.5,0.94017094,0.5982906,1.5366184,3.7600145
594,0,1,0.75,0.94871795,0.62393165,1.5224954,3.1673577
594,0,1,1,0.96581197,0.60683763,1.536521,2.9815903
594,0,2,0,0.37606838,0.73504275,3.1219304,23.636646
594,0,2,0.25,0.35897437,0.7606838,3.3298352,28.107698
594,0,2,0.5,0.36752138,0.7094017,3.4979649,31.837679
594,0,2,0.75,0.36752138,0.6752137,3.6255832,34.04782
594,0,2,1,0.3931624,0.64102566,3.712497,36.771515
595,0,1,0,0.7948718,0.37606838,1.5748036,25.822464
595,0,1,0.25,0.83760685,0.45299146,1.5856824,23.499882
595,0,1,0.5,0.85470086,0.4957265,1.5579426,22.970165
595,0,1,0.75,0.83760685,0.47863248,1.489064,21.45056
595,0,1,1,0.82905984,0.44444445,1.3788226,19.22099
595,0,2,0,0.5982906,0.63247865,1.3444821,27.539001
595,0,2,0.25,0.60683763,0.7863248,1.4609295,24.141018
595,0,2,0.5,0.5726496,0.8632479,1.4981829,20.759516
595,0,2,0.75,0.5555556,0.8974359,1.4604667,16.884941
595,0,2,1,0.5726496,0.9059829,1.3639864,13.421658
596,0,1,0,0.84615386,0.64102566,1.2882099,7.6710825
596,0,1,0.25,0.7948718,0.61538464,1.475216,9.469625
596,0,1,0.5,0.7777778,0.61538464,1.7041724,12.634349
596,0,1,0.75,0.7094017,0.52991456,1.960436,16.274105
596,0,1,1,0.5555556,0.41880342,2.2346318,19.8945
596,0,2,0,0.64102566,0.41025642,1.4342808,7.9895735
596,0,2,0.25,0.60683763,0.3931624,1.6181048,7.8921103
596,0,2,0.5,0.6837607,0.37606838,1.8151648,7.5154476
596,0,2,0.75,0.73504275,0.35897437,2.021594,8.107628
596,0,2,1,0.7863248,0.3931624,2.2347975,9.227038
597,0,1,0,0.60683763,0.42735043,1.297617,14.591367
597,0,1,0.25,0.63247865,0.42735043,1.2974265,14.900829
597,0,1,0.5,0.6495727,0.42735043,1.2972044,15.011164
597,0,1,0.75,0.6752137,0.43589744,1.296775,15.116924
597,0,1,1,0.63247865,0.42735043,1.296317,15.097722
597,0,2,0,0.8974359,0.50427353,1.2456167,18.277275
597,0,2,0.25,0.8974359,0.4957265,1.2565188,18.534801
597,0,2,0.5,0.8974359,0.47863248,1.2620302,18.530914
597,0,2,0.75,0.9059829,0.47863248,1.2622045,18.734055
597,0,2,1,0.84615386,0.4871795,1.2571845,18.684586
598,0,1,0,0.5811966,0.63247865,1.5048522,22.889654
598,0,1,0.25,0.5641026,0.64102566,1.5092981,22.381847
598,0,1,0.5,0.52136755,0.6495727,1.5131979,22.38762
598,0,1,0.75,0.5470086,0.6923077,1.5164758,22.570969
598,0,1,1,0.52991456,0.6923077,1.5191152,22.661392
598,0,2,0,0.2991453,0.52136755,3.110696,52.677193
598,0,2,0.25,0.33333334,0.52136755,3.10273,51.873787
598,0,2,0.5,0.34188035,0.5555556,3.0997572,50.181858
598,0,2,0.75,0.34188035,0.5470086,3.1017833,48.382378
598,0,2,1,0.32478634,0.5470086,3.1088166,47.944572
599,0,1,0,0.7692308,0.5811966,1.3680528,17.948215
599,0,1,0.25,0.73504275,0.53846157,1.384583,21.557709
599,0,1,0.5,0.72649574,0.5641026,1.4539338,25.631111
599,0,1,0.75,0.82051283,0.4957265,1.5691177,31.020939
599,0,1,1,0.7863248,0.41880342,1.7209558,37.53679
599,0,2,0,0.85470086,0.34188035,1.4299299,10.258369
599,0,2,0.25,0.8888889,0.35042736,1.3551939,11.6987705
599,0,2,0.5,0.9059829,0.44444445,1.31127,13.532722
599,0,2,0.75,0.84615386,0.43589744,1.3012818,15.939032
599,0,2,1,0.75213677,0.41880342,1.3259965,18.539938
600,0,1,0,0.50427353,0.47863248,3.326343,53.96154
600,0,1,0.25,0.53846157,0.4871795,3.3359559,54.170074
600,0,1,0.5,0.5470086,0.46153846,3.3377497,54.074646
600,0,1,0.75,0.5555556,0.45299146,3.3317332,54.21331
600,0,1,1,0.5897436,0.44444445,3.31792,52.85102
600,0,2,0,0.37606838,0.46153846,3.4219275,62.85559
600,0,2,0.25,0.35897437,0.46153846,3.4145477,62.605316
600,0,2,0.5,0.33333334,0.47008547,3.411698,62.56943
600,0,2,0.75,0.33333334,0.46153846,3.4133747,61.287468
600,0,2,1,0.35897437,0.45299146,3.4195826,61.90856
601,0,1,0,0.8119658,0.4957265,2.3703496,10.167092
601,0,1,0.25,0.7948718,0.50427353,2.352557,10.009756
601,0,1,0.5,0.8119658,0.53846157,2.3203847,10.178789
601,0,1,0.75,0.8119658,0.4957265,2.2743242,10.599588
601,0,1,1,0.83760685,0.47863248,2.215025,10.848505
601,0,2,0,0.7777778,0.5555556,3.9418375,28.716368
601,0,2,0.25,0.74358976,0.50427353,3.974313,28.822878
601,0,2,0.5,0.71794873,0.47008547,3.9928167,29.460245
601,0,2,0.75,0.7008547,0.47008547,3.997442,29.4235
601,0,2,1,0.7008547,0.43589744,3.988683,28.964401
602,0,1,0,0.41880342,0.7606838,1.6043723,30.23666
602,0,1,0.25,0.3931624,0.75213677,1.5985478,30.25391
602,0,1,0.5,0.35042736,0.72649574,1.5890789,30.377354
602,0,1,0.75,0.36752138,0.72649574,1.5761876,31.231533
602,0,1,1,0.33333334,0.7008547,1.5610555,31.932236
602,0,2,0,0.7863248,0.64102566,1.4598196,22.871653
602,0,2,0.25,0.7863248,0.63247865,1.4568121,23.613966
602,0,2,0.5,0.7777778,0.5897436,1.472013,23.756704
602,0,2,0.75,0.75213677,0.5555556,1.504246,23.986889
602,0,2,1,0.7606838,0.5641026,1.5526888,25.013195
603,0,1,0,0.73504275,0.32478634,1.357483,21.67774
603,0,1,0.25,0.73504275,0.30769232,1.3449152,21.731453
603,0,1,0.5,0.7606838,0.32478634,1.3401413,21.938148
603,0,1,0.75,0.74358976,0.31623933,1.3431531,21.385426
603,0,1,1,0.73504275,0.30769232,1.3539535,20.95959
603,0,2,0,0.6666667,0.50427353,1.7360092,16.494598
603,0,2,0.25,0.6581197,0.50427353,1.7219447,16.44719
603,0,2,0.5,0.6495727,0.4871795,1.7159594,17.319393
603,0,2,0.75,0.64102566,0.4871795,1.718047,17.94783
603,0,2,1,0.62393165,0.47008547,1.7282314,17.820705
604,0,1,0,0.42735043,0.45299146,2.2380364,39.676773
604,0,1,0.25,0.45299146,0.44444445,2.2188792,37.60193
604,0,1,0.5,0.53846157,0.45299146,2.2350585,36.93389
604,0,1,0.75,0.5982906,0.45299146,2.2866685,37.812393
604,0,1,1,0.6495727,0.43589744,2.3749526,37.768436
604,0,2,0,0.72649574,0.7948718,1.3639833,12.805511
604,0,2,0.25,0.8034188,0.8119658,1.3665062,12.601818
604,0,2,0.5,0.82905984,0.82905984,1.3677665,12.494633
604,0,2,0.75,0.83760685,0.8034188,1.3650341,11.787862
604,0,2,1,0.8803419,0.8034188,1.3562129,11.317997
605,0,1,0,0.73504275,0.36752138,1.5278939,29.183464
605,0,1,0.25,0.7008547,0.36752138,1.5186653,28.70102
605,0,1,0.5,0.72649574,0.36752138,1.5179567,27.986923
605,0,1,0.75,0.8888889,0.3846154,1.5256214,28.437155
605,0,1,1,0.7692308,0.3846154,1.5415602,27.344164
605,0,2,0,0.974359,0.46153846,1.6619915,13.29085
605,0,2,0.25,0.95726496,0.4871795,1.6418939,13.6103945
605,0,2,0.5,0.982906,0.52136755,1.6280266,13.500936
605,0,2,0.75,0.96581197,0.5470086,1.6199373,13.117958
605,0,2,1,0.96581197,0.53846157,1.6178213,12.809641
606,0,1,0,0.60683763,0.41025642,2.5784192,28.879784
606,0,1,0.25,0.4871795,0.36752138,2.7832484,32.236855
606,0,1,0.5,0.46153846,0.32478634,2.9897966,39.966248
606,0,1,0.75,0.45299146,0.33333334,3.1977305,47.571075
606,0,1,1,0.46153846,0.3846154,3.4067967,55.337017
606,0,2,0,0.4957265,0.52991456,2.1335776,24.215199
606,0,2,0.25,0.51282054,0.5982906,2.1017573,25.077803
606,0,2,0.5,0.47008547,0.5811966,2.0894623,28.973671
606,0,2,0.75,0.51282054,0.5555556,2.0970361,30.699692
606,0,2,1,0.52136755,0.52136755,2.1242664,32.209507
607,0,1,0,0.63247865,0.6581197,1.728473,15.559031
607,0,1,0.25,0.5555556,0.52136755,1.7588215,16.67156
607,0,1,0.5,0.47863248,0.41880342,1.7944177,18.453896
607,0,1,0.75,0.4017094,0.3846154,1.8349558,18.150723
607,0,1,1,0.5555556,0.4957265,1.8801166,20.648396
607,0,2,0,0.52991456,0.7008547,1.7151816,12.257388
607,0,2,0.25,0.44444445,0.61538464,1.7452203,11.58374
607,0,2,0.5,0.34188035,0.42735043,1.7792116,11.845254
607,0,2,0.75,0.32478634,0.47008547,1.8169333,14.045449
607,0,2,1,0.41025642,0.6495727,1.8581586,15.7661915
608,0,1,0,0.63247865,0.52991456,2.2141693,36.174007
608,0,1,0.25,0.62393165,0.52991456,2.2180388,36.313015
608,0,1,0.5,0.61538464,0.52136755,2.2219133,36.181656
608,0,1,0.75,0.64102566,0.5470086,2.2257931,37.24147
608,0,1,1,0.64102566,0.51282054,2.229678,36.7084
608,0,2,0,0.5811966,0.75213677,1.378494,28.616365
608,0,2,0.25,0.5726496,0.6923077,1.3876737,28.644266
608,0,2,0.5,0.5726496,0.7008547,1.3969074,29.178953
608,0,2,0.75,0.5641026,0.7008547,1.4061935,28.80957
608,0,2,1,0.5726496,0.6581197,1.4155308,29.406973
609,0,1,0,0.6837607,0.9230769,2.0362856,19.375618
609,0,1,0.25,0.60683763,0.8034188,1.992447,19.504084
609,0,1,0.5,0.62393165,0.74358976,1.9497666,18.566917
609,0,1,0.75,0.6837607,0.7606838,1.8965038,16.90612
609,0,1,1,0.7094017,0.8632479,1.8306301,14.201688
609,0,2,0,0.94871795,0.4871795,1.3128847,12.371299
609,0,2,0.25,0.9145299,0.5811966,1.2276757,14.12636
609,0,2,0.5,0.93162394,0.5982906,1.2194599,15.991812
609,0,2,0.75,0.8803419,0.6581197,1.2584854,17.56277
609,0,2,1,0.83760685,0.61538464,1.3311867,19.37735
610,0,1,0,0.61538464,0.82905984,3.483499,9.817862
610,0,1,0.25,0.5641026,0.82051283,3.4550526,11.589787
610,0,1,0.5,0.53846157,0.7692308,3.4659572,13.539488
610,0,1,0.75,0.50427353,0.73504275,3.5176961,16.9505
610,0,1,1,0.47863248,0.73504275,3.6122584,20.627739
610,0,2,0,0.9230769,0.47863248,1.7829217,10.228512
610,0,2,0.25,0.93162394,0.52991456,1.7632599,9.962814
610,0,2,0.5,0.95726496,0.5811966,1.8029033,10.297071
610,0,2,0.75,0.974359,0.5641026,1.9060088,11.13737
610,0,2,1,0.94871795,0.5555556,2.0811143,12.276745
611,0,1,0,0.41880342,0.991453,1.3570446,9.12226
611,0,1,0.25,0.41025642,0.991453,1.3542396,9.2066145
611,0,1,0.5,0.41025642,0.991453,1.3558651,9.110823
611,0,1,0.75,0.41880342,0.991453,1.3618685,9.196857
611,0,1,1,0.43589744,0.991453,1.3722038,9.435424
611,0,2,0,0.73504275,0.83760685,1.3413533,19.13649
611,0,2,0.25,0.74358976,0.82051283,1.3372806,19.596352
611,0,2,0.5,0.75213677,0.82905984,1.3298281,19.810894
611,0,2,0.75,0.75213677,0.7863248,1.3189847,20.163876
611,0,2,1,0.75213677,0.7777778,1.3047494,20.346186
612,0,1,0,0.52991456,0.8803419,1.8611928,10.664782
612,0,1,0.25,0.50427353,0.9145299,1.8549532,10.663475
612,0,1,0.5,0.52991456,0.8974359,1.8908713,10.760003
612,0,1,0.75,0.53846157,0.94871795,1.9686942,11.145879
612,0,1,1,0.52991456,0.94871795,2.0884125,11.736144
612,0,2,0,0.7863248,0.71794873,3.6654415,37.85662
612,0,2,0.25,0.6666667,0.74358976,3.8585012,38.417145
612,0,2,0.5,0.74358976,0.74358976,4.0325108,38.559723
612,0,2,0.75,0.6837607,0.73504275,4.1866627,38.409355
612,0,2,1,0.6581197,0.75213677,4.320239,38.933815
613,0,1,0,0.5726496,0.43589744,1.8181111,20.888496
613,0,1,0.25,0.5897436,0.45299146,1.8012644,21.78375
613,0,1,0.5,0.5811966,0.47863248,1.794297,22.486746
613,0,1,0.75,0.5811966,0.47863248,1.796787,23.624065
613,0,1,1,0.5555556,0.47008547,1.80836,25.073212
613,0,2,0,0.46153846,0.94017094,1.859761,6.002693
613,0,2,0.25,0.45299146,0.82905984,1.9015809,6.4685454
613,0,2,0.5,0.43589744,0.8717949,1.9347368,6.5412216
613,0,2,0.75,0.47008547,0.9145299,1.9584484,6.785652
613,0,2,1,0.44444445,0.93162394,1.9725477,6.6838446
614,0,1,0,0.36752138,0.6581197,1.7422338,24.556055
614,0,1,0.25,0.35897437,0.6752137,1.7462767,24.532597
614,0,1,0.5,0.35042736,0.6495727,1.7506707,23.519981
614,0,1,0.75,0.30769232,0.64102566,1.755384,22.699272
614,0,1,1,0.41880342,0.6495727,1.7603866,22.193981
614,0,2,0,0.46153846,0.6495727,1.5826622,15.219029
614,0,2,0.25,0.52136755,0.63247865,1.5803128,14.677034
614,0,2,0.5,0.52136755,0.6837607,1.5773642,13.177538
614,0,2,0.75,0.5641026,0.7008547,1.5738399,12.932434
614,0,2,1,0.62393165,0.6837607,1.5697788,12.196371
615,0,1,0,0.7008547,0.34188035,1.4815727,18.180714
615,0,1,0.25,0.7777778,0.35897437,1.4246376,18.230972
615,0,1,0.5,0.7863248,0.34188035,1.3752826,17.626547
615,0,1,0.75,0.82905984,0.3931624,1.334656,17.855524
615,0,1,1,0.85470086,0.45299146,1.3041123,18.055595
615,0,2,0,0.6581197,0.4871795,1.9229754,38.19297
615,0,2,0.25,0.6837607,0.50427353,1.8695221,35.68403
615,0,2,0.5,0.7008547,0.52991456,1.8347337,34.583603
615,0,2,0.75,0.7606838,0.5555556,1.8186194,34.029213
615,0,2,1,0.75213677,0.5470086,1.8211871,32.727364
616,0,1,0,0.50427353,0.34188035,4.5076103,70.682465
616,0,1,0.25,0.47863248,0.33333334,4.531424,68.33777
616,0,1,0.5,0.4957265,0.31623933,4.5502753,67.37926
616,0,1,0.75,0.52136755,0.33333334,4.56368,68.38368
616,0,1,1,0.52991456,0.32478634,4.5714536,68.74682
616,0,2,0,0.3931624,0.5470086,4.7894106,61.56199
616,0,2,0.25,0.37606838,0.50427353,4.8251786,59.53517
616,0,2,0.5,0.3846154,0.52991456,4.843143,59.136
616,0,2,0.75,0.3931624,0.5470086,4.8428683,60.987373
616,0,2,1,0.41025642,0.53846157,4.8241568,59.018623
617,0,1,0,0.94871795,0.5726496,1.3771749,16.517273
617,0,1,0.25,0.9059829,0.8119658,1.5284637,18.004402
617,0,1,0.5,0.6752137,0.82051283,1.7122009,14.788955
617,0,1,0.75,0.64102566,0.8717949,1.9190888,13.66366
617,0,1,1,0.4871795,0.82905984,2.1424313,13.254459
617,0,2,0,0.5811966,0.8717949,1.812104,14.012173
617,0,2,0.25,0.5470086,0.8803419,1.8532101,13.844902
617,0,2,0.5,0.5982906,0.8803419,1.8958079,14.745279
617,0,2,0.75,0.62393165,0.9145299,1.9397998,16.451431
617,0,2,1,0.6666667,0.8888889,1.9850932,17.815172
618,0,1,0,0.62393165,0.37606838,1.4071157,17.694263
618,0,1,0.25,0.5897436,0.33333334,1.384539,18.149569
618,0,1,0.5,0.62393165,0.33333334,1.3837978,19.481525
618,0,1,0.75,0.63247865,0.32478634,1.4050287,18.733278
618,0,1,1,0.60683763,0.35042736,1.4483389,18.801506
618,0,2,0,0.6923077,0.8034188,1.4950178,16.786842
618,0,2,0.25,0.6923077,0.8034188,1.4861426,16.970304
618,0,2,0.5,0.73504275,0.7777778,1.4971471,17.473331
618,0,2,0.75,0.7008547,0.74358976,1.5283264,17.386303
618,0,2,1,0.6923077,0.6923077,1.580249,17.443356
619,0,1,0,0.6666667,0.8974359,1.3892618,11.97042
619,0,1,0.25,0.6752137,0.8974359,1.3888202,12.238546
619,0,1,0.5,0.6923077,0.8974359,1.3912139,12.474735
619,0,1,0.75,0.6837607,0.9059829,1.396311,12.719801
619,0,1,1,0.7094017,0.9059829,1.404062,13.210658
619,0,2,0,0.94871795,0.60683763,2.1482205,16.38224
619,0,2,0.25,0.96581197,0.5982906,2.1497157,16.530195
619,0,2,0.5,0.95726496,0.5897436,2.1495173,16.514713
619,0,2,0.75,0.94017094,0.5726496,2.1476312,16.482105
619,0,2,1,0.9230769,0.5555556,2.144075,16.22614
620,0,1,0,0.2905983,0.32478634,2.5035405,41.319794
620,0,1,0.25,0.34188035,0.41025642,2.554816,40.189426
620,0,1,0.5,0.33333334,0.5641026,2.614037,36.90932
620,0,1,0.75,0.33333334,0.6666667,2.680677,29.551
620,0,1,1,0.2905983,0.53846157,2.7541971,22.982334
620,0,2,0,0.8034188,0.3846154,1.6183095,21.210562
620,0,2,0.25,0.9145299,0.50427353,1.5774487,16.039915
620,0,2,0.5,0.93162394,0.52991456,1.5683614,11.180244
620,0,2,0.75,0.9230769,0.47863248,1.5915917,9.211939
620,0,2,1,0.83760685,0.4017094,1.645771,11.665819
621,0,1,0,0.35042736,0.8974359,1.6565965,24.706888
621,0,1,0.25,0.33333334,0.9230769,1.6383519,24.777424
621,0,1,0.5,0.33333334,0.9145299,1.6233515,24.536709
621,0,1,0.75,0.33333334,0.9059829,1.6116651,24.145166
621,0,1,1,0.33333334,0.9230769,1.6034495,24.114182
621,0,2,0,0.30769232,0.94871795,1.2824371,13.326928
621,0,2,0.25,0.30769232,0.95726496,1.288294,13.358282
621,0,2,0.5,0.30769232,0.96581197,1.2872798,13.312993
621,0,2,0.75,0.31623933,0.95726496,1.2794219,13.193975
621,0,2,1,0.31623933,0.94871795,1.2647696,13.000617
622,0,1,0,0.47008547,0.32478634,1.8800642,39.360176
622,0,1,0.25,0.44444445,0.35897437,1.8772516,39.05814
622,0,1,0.5,0.47008547,0.35897437,1.8735186,39.060722
622,0,1,0.75,0.45299146,0.35897437,1.8689082,37.8804
622,0,1,1,0.47863248,0.34188035,1.8634689,36.30294
622,0,2,0,0.41025642,0.4957265,1.5054007,26.110718
622,0,2,0.25,0.46153846,0.47863248,1.5056902,26.682243
622,0,2,0.5,0.52991456,0.46153846,1.5076236,24.135103
622,0,2,0.75,0.52991456,0.45299146,1.5111346,21.302269
622,0,2,1,0.52991456,0.43589744,1.5162504,19.023098
623,0,1,0,0.31623933,0.8888889,2.0529363,29.745377
623,0,1,0.25,0.31623933,0.8803419,2.050768,29.746052
623,0,1,0.5,0.30769232,0.8888889,2.0474958,29.313473
623,0,1,0.75,0.32478634,0.8717949,2.0431402,30.102089
623,0,1,1,0.34188035,0.8632479,2.0377235,31.295586
623,0,2,0,0.3846154,0.44444445,3.5842474,54.348145
623,0,2,0.25,0.4017094,0.47008547,3.575101,55.261097
623,0,2,0.5,0.3931624,0.45299146,3.5696163,55.439888
623,0,2,0.75,0.36752138,0.45299146,3.5678058,55.13851
623,0,2,1,0.35042736,0.4957265,3.569706,55.303093
624,0,1,0,0.7606838,0.9059829,1.2802972,15.527817
624,0,1,0.25,0.62393165,0.7692308,1.331874,20.94646
624,0,1,0.5,0.4871795,0.5982906,1.3916999,27.274517
624,0,1,0.75,0.37606838,0.51282054,1.4587604,37.368233
624,0,1,1,0.30769232,0.5897436,1.5321058,45.38536
624,0,2,0,0.5811966,0.3846154,1.5699271,29.162819
624,0,2,0.25,0.4957265,0.52136755,1.5218076,31.417871
624,0,2,0.5,0.45299146,0.5470086,1.4887899,34.66336
624,0,2,0.75,0.47863248,0.5982906,1.4718909,36.00306
624,0,2,1,0.44444445,0.5726496,1.471666,37.298912
625,0,1,0,0.60683763,0.43589744,2.894269,45.35778
625,0,1,0.25,0.63247865,0.41880342,2.9028049,45.158607
625,0,1,0.5,0.63247865,0.42735043,2.9009962,45.539574
625,0,1,0.75,0.61538464,0.42735043,2.8888407,45.376762
625,0,1,1,0.6495727,0.41880342,2.866357,44.585243
625,0,2,0,0.41880342,0.41025642,2.4912934,56.776855
625,0,2,0.25,0.41025642,0.4017094,2.4997096,57.00316
625,0,2,0.5,0.41880342,0.4017094,2.499057,57.873196
625,0,2,0.75,0.43589744,0.4017094,2.4894044,57.12703
625,0,2,1,0.41880342,0.36752138,2.4708374,56.969505
626,0,1,0,0.8717949,0.31623933,2.500226,27.94656
626,0,1,0.25,0.71794873,0.32478634,2.3214812,29.894058
626,0,1,0.5,0.60683763,0.3846154,2.1688476,30.990257
626,0,1,0.75,0.47863248,0.3846154,2.0481713,30.162043
626,0,1,1,0.41025642,0.32478634,1.9653476,27.870632
626,0,2,0,0.94871795,0.5982906,3.0004544,16.37496
626,0,2,0.25,0.9059829,0.64102566,2.8166618,11.275677
626,0,2,0.5,0.7777778,0.5726496,2.6449516,10.911609
626,0,2,0.75,0.5555556,0.4871795,2.4878275,13.807422
626,0,2,1,0.41025642,0.3846154,2.3482182,17.018421
627,0,1,0,0.41880342,0.35042736,4.157472,63.547916
627,0,1,0.25,0.42735043,0.36752138,4.1421294,63.25112
627,0,1,0.5,0.3846154,0.3931624,4.1368346,60.210922
627,0,1,0.75,0.35897437,0.45299146,4.1415777,61.657677
627,0,1,1,0.36752138,0.47008547,4.1563516,63.03957
627,0,2,0,0.75213677,0.32478634,2.0668283,34.72032
627,0,2,0.25,0.7777778,0.30769232,2.0614548,32.8854
627,0,2,0.5,0.82905984,0.30769232,2.055204,31.973553
627,0,2,0.75,0.82051283,0.30769232,2.0481467,30.299187
627,0,2,1,0.8034188,0.2905983,2.0403638,30.01245
628,0,1,0,0.7008547,0.41880342,1.4076759,24.703255
628,0,1,0.25,0.6752137,0.3846154,1.3995754,24.718164
628,0,1,0.5,0.6923077,0.41025642,1.3962549,28.172081
628,0,1,0.75,0.6666667,0.37606838,1.3977435,26.76183
628,0,1,1,0.61538464,0.36752138,1.4040705,25.552498
628,0,2,0,0.45299146,0.42735043,2.0763004,37.948685
628,0,2,0.25,0.43589744,0.41025642,2.0661652,37.71673
628,0,2,0.5,0.35897437,0.36752138,2.0545752,35.10765
628,0,2,0.75,0.52991456,0.35897437,2.0416577,41.055862
628,0,2,1,0.50427353,0.35042736,2.0275404,39.987434
629,0,1,0,0.8888889,0.5897436,1.4888314,26.431864
629,0,1,0.25,0.9059829,0.5811966,1.6069083,30.47678
629,0,1,0.5,0.8717949,0.5555556,1.7495985,34.15561
629,0,1,0.75,0.84615386,0.5470086,1.9113972,40.20937
629,0,1,1,0.5470086,0.45299146,2.0878675,48.316925
629,0,2,0,0.63247865,0.8034188,1.4133517,20.948414
629,0,2,0.25,0.53846157,0.7008547,1.6491749,24.586071
629,0,2,0.5,0.5641026,0.7094017,1.8956101,30.194073
629,0,2,0.75,0.46153846,0.64102566,2.1490092,36.80757
629,0,2,1,0.36752138,0.4871795,2.407175,47.259274
630,0,1,0,0.63247865,0.35897437,3.8304496,31.751167
630,0,1,0.25,0.64102566,0.41025642,3.7918012,33.338875
630,0,1,0.5,0.6666667,0.47008547,3.76946,35.385605
630,0,1,0.75,0.7094017,0.44444445,3.7632759,36.54136
630,0,1,1,0.7008547,0.42735043,3.773613,36.39915
630,0,2,0,0.47008547,0.47008547,3.484027,44.60521
630,0,2,0.25,0.36752138,0.4871795,3.4104633,46.162037
630,0,2,0.5,0.4017094,0.50427353,3.3620508,46.46325
630,0,2,0.75,0.3931624,0.4957265,3.3391345,47.866016
630,0,2,1,0.41880342,0.53846157,3.3420804,48.650066
631,0,1,0,0.8632479,0.45299146,2.3623335,19.32488
631,0,1,0.25,0.7863248,0.46153846,2.4674685,21.96455
631,0,1,0.5,0.74358976,0.3931624,2.541632,24.293995
631,0,1,0.75,0.7094017,0.36752138,2.5841753,25.655525
631,0,1,1,0.7008547,0.32478634,2.5948849,26.581879
631,0,2,0,0.96581197,0.33333334,1.9252017,17.237736
631,0,2,0.25,0.991453,0.2991453,1.8986809,18.593819
631,0,2,0.5,0.982906,0.35897437,1.8621794,19.03997
631,0,2,0.75,0.982906,0.36752138,1.8156432,19.733038
631,0,2,1,0.974359,0.35042736,1.7592052,20.238844
632,0,1,0,0.47008547,0.72649574,2.4689057,24.485767
632,0,1,0.25,0.4957265,0.6837607,2.470956,25.955517
632,0,1,0.5,0.47008547,0.62393165,2.4809396,27.238947
632,0,1,0.75,0.45299146,0.73504275,2.4951437,28.723015
632,0,1,1,0.45299146,0.5555556,2.5118413,28.987556
632,0,2,0,0.7948718,0.7008547,1.386043,9.920498
632,0,2,0.25,0.75213677,0.72649574,1.5402849,11.187416
632,0,2,0.5,0.72649574,0.7777778,1.6769031,12.84492
632,0,2,0.75,0.6752137,0.74358976,1.7967855,14.547958
632,0,2,1,0.6581197,0.7008547,1.9029531,17.571718
633,0,1,0,0.4871795,0.6581197,2.2652974,28.532326
633,0,1,0.25,0.3846154,0.6666667,2.249408,28.32534
633,0,1,0.5,0.35897437,0.6752137,2.2450383,27.721066
633,0,1,0.75,0.35897437,0.6495727,2.252174,27.278572
633,0,1,1,0.36752138,0.6752137,2.2708013,27.570885
633,0,2,0,0.8974359,0.41880342,2.103905,18.926018
633,0,2,0.25,0.8888889,0.4871795,2.1308627,19.201694
633,0,2,0.5,0.8888889,0.50427353,2.1468954,19.291006
633,0,2,0.75,0.8888889,0.51282054,2.152015,19.196016
633,0,2,1,0.8974359,0.52136755,2.1462677,19.52271
634,0,1,0,0.74358976,0.75213677,1.2715834,8.568169
634,0,1,0.25,0.82051283,0.72649574,1.430455,9.33713
634,0,1,0.5,0.83760685,0.6581197,1.6029645,10.125275
634,0,1,0.75,0.8632479,0.6752137,1.8010587,11.585566
634,0,1,1,0.82051283,0.5811966,2.0080805,14.436269
634,0,2,0,0.3931624,0.6752137,1.6149428,13.679764
634,0,2,0.25,0.4017094,0.63247865,1.7509626,14.284782
634,0,2,0.5,0.42735043,0.6752137,1.8988869,16.232166
634,0,2,0.75,0.42735043,0.62393165,2.082197,19.055138
634,0,2,1,0.43589744,0.61538464,2.2841523,22.512909
635,0,1,0,0.7606838,0.61538464,1.7861134,14.472702
635,0,1,0.25,0.82905984,0.61538464,1.7945826,13.882685
635,0,1,0.5,0.82905984,0.64102566,1.7836771,13.432583
635,0,1,0.75,0.82051283,0.63247865,1.7535788,12.943764
635,0,1,1,0.7948718,0.63247865,1.7045432,12.159416
635,0,2,0,0.72649574,0.4017094,1.929017,31.631683
635,0,2,0.25,0.7777778,0.3846154,1.9465638,31.410215
635,0,2,0.5,0.7692308,0.36752138,1.972248,31.770279
635,0,2,0.75,0.5897436,0.34188035,2.0058978,32.923706
635,0,2,1,0.44444445,0.35042736,2.0477974,32.800587
636,0,1,0,0.52136755,0.3931624,2.475392,14.616356
636,0,1,0.25,0.52136755,0.3846154,2.4933128,14.802599
636,0,1,0.5,0.5555556,0.3846154,2.5055459,15.588751
636,0,1,0.75,0.5555556,0.3846154,2.5123117,15.9992
636,0,1,1,0.5641026,0.3931624,2.514306,16.583273
636,0,2,0,0.5555556,0.33333334,1.7233292,28.000147
636,0,2,0.25,0.52991456,0.35897437,1.7141676,28.53957
636,0,2,0.5,0.53846157,0.35897437,1.7166185,29.159071
636,0,2,0.75,0.5470086,0.3931624,1.7306074,29.35194
636,0,2,1,0.5811966,0.41025642,1.7560331,29.837725
637,0,1,0,0.6581197,0.45299146,1.2609748,16.00708
637,0,1,0.25,0.7008547,0.46153846,1.2568218,16.199942
637,0,1,0.5,0.7008547,0.46153846,1.2480221,16.265383
637,0,1,0.75,0.6752137,0.50427353,1.2346343,16.625044
637,0,1,1,0.7008547,0.50427353,1.2167279,16.452654
637,0,2,0,0.4957265,0.60683763,2.1231098,17.985958
637,0,2,0.25,0.5811966,0.60683763,2.1404834,17.319706
637,0,2,0.5,0.5470086,0.61538464,2.1483226,17.179783
637,0,2,0.75,0.53846157,0.5982906,2.1462808,16.863222
637,0,2,1,0.5641026,0.63247865,2.134122,16.601564
638,0,1,0,0.60683763,0.42735043,1.3548187,26.161743
638,0,1,0.25,0.64102566,0.45299146,1.3400754,26.399803
638,0,1,0.5,0.6752137,0.44444445,1.3405082,25.753262
638,0,1,0.75,0.6923077,0.46153846,1.355862,25.932793
638,0,1,1,0.7008547,0.44444445,1.385959,26.108706
638,0,2,0,0.4871795,0.5897436,1.6193374,26.192732
638,0,2,0.25,0.4871795,0.63247865,1.5900413,25.47677
638,0,2,0.5,0.4957265,0.63247865,1.571815,24.75105
638,0,2,0.75,0.4957265,0.64102566,1.564441,24.724724
638,0,2,1,0.52991456,0.60683763,1.5681094,24.469936
639,0,1,0,0.93162394,0.47863248,3.4914484,34.63064
639,0,1,0.25,0.94017094,0.5897436,3.399841,34.28014
639,0,1,0.5,0.8717949,0.6752137,3.339293,33.560703
639,0,1,0.75,0.7606838,0.6837607,3.3074439,32.70609
639,0,1,1,0.6666667,0.6923077,3.3054996,31.870834
639,0,2,0,0.94871795,0.64102566,3.1798844,31.985031
639,0,2,0.25,0.8717949,0.64102566,3.2711859,34.32856
639,0,2,0.5,0.75213677,0.6923077,3.413166,36.54851
639,0,2,0.75,0.63247865,0.6581197,3.604283,39.409214
639,0,2,1,0.4871795,0.6581197,3.842782,41.170753
640,0,1,0,0.6581197,0.5811966,2.3495066,10.660381
640,0,1,0.25,0.6752137,0.5555556,2.1117408,10.801962
640,0,1,0.5,0.7863248,0.52991456,1.8761791,11.808152
640,0,1,0.75,0.8717949,0.60683763,1.6437683,11.180088
640,0,1,1,0.8974359,0.5726496,1.4160604,9.969497
640,0,2,0,0.35042736,0.7606838,3.641897,15.164228
640,0,2,0.25,0.32478634,0.6495727,3.5251932,13.080503
640,0,2,0.5,0.3931624,0.7948718,3.4466958,13.207088
640,0,2,0.75,0.42735043,0.8803419,3.4090443,12.425452
640,0,2,1,0.4017094,0.8888889,3.4135907,12.341987
641,0,1,0,0.5726496,0.64102566,1.2860304,29.141258
641,0,1,0.25,0.5641026,0.60683763,1.2822349,28.234863
641,0,1,0.5,0.5897436,0.5726496,1.2701539,26.947496
641,0,1,0.75,0.5726496,0.53846157,1.2494222,25.415577
641,0,1,1,0.5470086,0.5811966,1.2199136,24.374044
641,0,2,0,0.7948718,0.6666667,1.4512904,22.489655
641,0,2,0.25,0.7863248,0.6581197,1.4618081,23.337553
641,0,2,0.5,0.7948718,0.6581197,1.4679942,23.305859
641,0,2,0.75,0.7863248,0.64102566,1.4687064,23.121658
641,0,2,1,0.7606838,0.6752137,1.4630247,23.505205
642,0,1,0,0.982906,0.64102566,1.3488817,4.111948
642,0,1,0.25,0.991453,0.6495727,1.3575667,4.1908293
642,0,1,0.5,1,0.6752137,1.3631529,4.3290234
642,0,1,0.75,0.991453,0.7008547,1.3655928,4.5316486
642,0,1,1,0.991453,0.6837607,1.3648885,4.686882
642,0,2,0,0.8119658,0.6495727,1.8990848,19.30576
642,0,2,0.25,0.7863248,0.6495727,1.9073049,19.091637
642,0,2,0.5,0.8034188,0.6581197,1.9123027,19.305176
642,0,2,0.75,0.8034188,0.64102566,1.9140487,19.161493
642,0,2,1,0.8034188,0.63247865,1.9125241,19.003952
643,0,1,0,0.37606838,0.7008547,2.5563767,18.29702
643,0,1,0.25,0.4957265,0.7606838,2.391789,12.729046
643,0,1,0.5,0.51282054,0.7692308,2.3198788,10.276239
643,0,1,0.75,0.62393165,0.7777778,2.377688,10.235872
643,0,1,1,0.61538464,0.62393165,2.4468415,11.130439
643,0,2,0,0.41880342,0.47008547,4.4051924,48.67865
643,0,2,0.25,0.50427353,0.47863248,4.23719,44.63697
643,0,2,0.5,0.4957265,0.53846157,4.309807,42.225708
643,0,2,0.75,0.53846157,0.62393165,4.624418,39.844326
643,0,2,1,0.3846154,0.47863248,4.9443946,39.86872
644,0,1,0,0.31623933,0.41025642,4.114246,13.11649
644,0,1,0.25,0.31623933,0.42735043,4.1071973,13.537319
644,0,1,0.5,0.2905983,0.41025642,4.101316,13.857004
644,0,1,0.75,0.2991453,0.41880342,4.0966206,14.36338
644,0,1,1,0.30769232,0.41025642,4.093136,14.77211
644,0,2,0,0.75213677,0.47008547,1.2710962,13.772713
644,0,2,0.25,0.73504275,0.45299146,1.279701,13.933802
644,0,2,0.5,0.73504275,0.42735043,1.2889882,14.468157
644,0,2,0.75,0.73504275,0.43589744,1.2988802,14.598018
644,0,2,1,0.74358976,0.44444445,1.3095852,14.858021
645,0,1,0,0.47863248,0.7692308,2.4867604,23.020899
645,0,1,0.25,0.5470086,0.71794873,2.450494,22.61398
645,0,1,0.5,0.61538464,0.73504275,2.4158735,24.720825
645,0,1,0.75,0.72649574,0.75213677,2.3829699,27.610931
645,0,1,1,0.9230769,0.6752137,2.3518553,28.853321
645,0,2,0,0.64102566,0.6752137,1.2507668,18.076916
645,0,2,0.25,0.8119658,0.71794873,1.411411,17.19625
645,0,2,0.5,0.7863248,0.8717949,1.5800122,16.356611
645,0,2,0.75,0.71794873,0.94871795,1.7542778,16.276817
645,0,2,1,0.6752137,0.982906,1.9326761,16.024467
646,0,1,0,0.2905983,0.9230769,1.8410848,26.327644
646,0,1,0.25,0.35897437,0.9230769,1.835918,26.255798
646,0,1,0.5,0.44444445,0.94871795,1.8624989,25.663849
646,0,1,0.75,0.47863248,0.9230769,1.9191858,26.797646
646,0,1,1,0.52991456,0.8974359,2.0045767,28.599472
646,0,2,0,0.73504275,0.8119658,1.5377634,34.270622
646,0,2,0.25,0.74358976,0.7094017,1.4674983,33.66059
646,0,2,0.5,0.74358976,0.6581197,1.4230884,33.26432
646,0,2,0.75,0.71794873,0.61538464,1.3992879,34.310562
646,0,2,1,0.7692308,0.62393165,1.3919057,35.45237
647,0,1,0,0.6581197,0.6923077,2.310152,20.79567
647,0,1,0.25,0.6923077,0.6837607,2.2903101,19.920105
647,0,1,0.5,0.74358976,0.6581197,2.2704947,19.086586
647,0,1,0.75,0.75213677,0.64102566,2.2507067,17.671091
647,0,1,1,0.7692308,0.61538464,2.2309465,17.523106
647,0,2,0,0.83760685,0.5811966,1.3921163,15.775635
647,0,2,0.25,0.83760685,0.52136755,1.4081036,15.614904
647,0,2,0.5,0.83760685,0.52991456,1.4246833,15.358166
647,0,2,0.75,0.83760685,0.5470086,1.4418349,16.142685
647,0,2,1,0.8717949,0.5470086,1.4595382,16.087584
648,0,1,0,0.4017094,0.8034188,1.7276343,31.384798
648,0,1,0.25,0.41880342,0.82051283,1.7300799,31.719883
648,0,1,0.5,0.42735043,0.82051283,1.7393636,32.4795
648,0,1,0.75,0.41880342,0.8034188,1.7554084,32.774265
648,0,1,1,0.4017094,0.7606838,1.7781538,32.827816
648,0,2,0,0.32478634,0.82905984,1.9114872,29.461563
648,0,2,0.25,0.32478634,0.83760685,1.903187,29.627365
648,0,2,0.5,0.30769232,0.82051283,1.8893026,29.11097
648,0,2,0.75,0.32478634,0.82051283,1.8699572,29.653255
648,0,2,1,0.34188035,0.8119658,1.8452771,29.59507
649,0,1,0,0.53846157,0.6495727,1.2566913,22.464014
649,0,1,0.25,0.5470086,0.64102566,1.2537715,22.635149
649,0,1,0.5,0.52991456,0.62393165,1.2518121,22.690197
649,0,1,0.75,0.53846157,0.5811966,1.2507849,22.889153
649,0,1,1,0.53846157,0.5726496,1.2506652,22.777744
649,0,2,0,0.8119658,0.4957265,1.3827485,24.389362
649,0,2,0.25,0.82905984,0.44444445,1.3890443,24.6023
649,0,2,0.5,0.82051283,0.43589744,1.3940362,24.628508
649,0,2,0.75,0.8034188,0.43589744,1.3976904,24.725334
649,0,2,1,0.7948718,0.44444445,1.3999802,24.897038
650,0,1,0,0.75213677,0.36752138,1.6740836,34.647243
650,0,1,0.25,0.73504275,0.3846154,1.627317,32.42507
650,0,1,0.5,0.71794873,0.4017094,1.5807431,31.128239
650,0,1,0.75,0.72649574,0.41025642,1.5343808,28.875113
650,0,1,1,0.71794873,0.45299146,1.4882493,27.115555
650,0,2,0,0.35897437,0.41025642,2.1053498,53.218422
650,0,2,0.25,0.3846154,0.36752138,2.1523237,51.87507
650,0,2,0.5,0.35897437,0.32478634,2.1994417,51.4077
650,0,2,0.75,0.35042736,0.34188035,2.2466943,50.87631
650,0,2,1,0.34188035,0.3846154,2.2940729,52.304108
651,0,1,0,0.74358976,0.63247865,2.2369933,11.3201275
651,0,1,0.25,0.71794873,0.61538464,2.240699,11.262932
651,0,1,0.5,0.6923077,0.63247865,2.2458181,11.16156
651,0,1,0.75,0.6923077,0.61538464,2.252333,11.084375
651,0,1,1,0.7094017,0.60683763,2.2602258,10.995144
651,0,2,0,0.3846154,0.8717949,1.6469351,15.650831
651,0,2,0.25,0.37606838,0.8717949,1.6580312,15.585314
651,0,2,0.5,0.37606838,0.8717949,1.6663008,15.767675
651,0,2,0.75,0.3931624,0.8717949,1.671678,16.239178
651,0,2,1,0.41025642,0.8717949,1.6742191,16.690365
652,0,1,0,0.45299146,0.991453,2.0472684,23.944653
652,0,1,0.25,0.45299146,0.991453,2.0498707,23.869312
652,0,1,0.5,0.47008547,0.982906,2.0524917,24.165945
652,0,1,0.75,0.47008547,0.991453,2.0551312,24.357025
652,0,1,1,0.4871795,1,2.0577896,24.399698
652,0,2,0,0.64102566,0.74358976,2.2221084,34.508476
652,0,2,0.25,0.6837607,0.73504275,2.2150176,34.529156
652,0,2,0.5,0.7094017,0.74358976,2.207939,34.958755
652,0,2,0.75,0.71794873,0.73504275,2.2008727,34.804848
652,0,2,1,0.7094017,0.73504275,2.193818,34.99996
653,0,1,0,0.61538464,0.7777778,1.289956,11.546541
653,0,1,0.25,0.60683763,0.8119658,1.3172072,10.99949
653,0,1,0.5,0.5982906,0.85470086,1.3446685,11.512495
653,0,1,0.75,0.5811966,0.83760685,1.3723278,11.407099
653,0,1,1,0.5982906,0.85470086,1.4001728,11.922272
653,0,2,0,0.33333334,0.82051283,2.0551548,22.322659
653,0,2,0.25,0.35042736,0.83760685,2.0095835,22.544823
653,0,2,0.5,0.34188035,0.8632479,1.9645513,22.060604
653,0,2,0.75,0.31623933,0.8632479,1.9200969,21.767567
653,0,2,1,0.32478634,0.83760685,1.8762605,21.98158
654,0,1,0,0.41025642,0.60683763,3.7574322,39.67969
654,0,1,0.25,0.4017094,0.61538464,3.7641866,40.630417
654,0,1,0.5,0.41025642,0.5811966,3.7709432,40.997826
654,0,1,0.75,0.41025642,0.5726496,3.7777019,42.54505
654,0,1,1,0.42735043,0.5897436,3.784462,43.237846
654,0,2,0,0.53846157,0.50427353,4.7234974,49.179443
654,0,2,0.25,0.52991456,0.4871795,4.726607,49.485653
654,0,2,0.5,0.5726496,0.4871795,4.729723,50.335144
654,0,2,0.75,0.5555556,0.4871795,4.7328463,49.798862
654,0,2,1,0.53846157,0.47008547,4.7359753,49.646805
655,0,1,0,0.61538464,0.9059829,1.4330693,16.64664
655,0,1,0.25,0.63247865,0.8803419,1.4343212,17.616909
655,0,1,0.5,0.61538464,0.8803419,1.4374884,18.280401
655,0,1,0.75,0.52991456,0.9145299,1.4423299,17.872458
655,0,1,1,0.51282054,0.9059829,1.4486557,18.724907
655,0,2,0,0.35897437,0.7692308,1.5799041,25.63832
655,0,2,0.25,0.33333334,0.7692308,1.5514722,26.350212
655,0,2,0.5,0.34188035,0.75213677,1.5250673,27.388138
655,0,2,0.75,0.35042736,0.71794873,1.5005339,27.917032
655,0,2,1,0.31623933,0.7606838,1.4778441,28.757233
656,0,1,0,0.33333334,0.6837607,1.4320587,22.46187
656,0,1,0.25,0.35042736,0.6837607,1.4253936,22.133743
656,0,1,0.5,0.2991453,0.6666667,1.4013222,21.36688
656,0,1,0.75,0.33333334,0.6666667,1.3602513,22.058025
656,0,1,1,0.32478634,0.6666667,1.3028238,22.128428
656,0,2,0,0.52991456,0.53846157,2.863257,58.259575
656,0,2,0.25,0.4957265,0.4957265,2.86116,58.481678
656,0,2,0.5,0.52991456,0.4957265,2.8595634,58.725502
656,0,2,0.75,0.5641026,0.47008547,2.8583698,59.678062
656,0,2,1,0.5726496,0.43589744,2.8575337,62.392387
657,0,1,0,0.4017094,0.47863248,2.071759,30.996647
657,0,1,0.25,0.3931624,0.52991456,2.0796535,30.782455
657,0,1,0.5,0.3846154,0.53846157,2.081656,30.623875
657,0,1,0.75,0.4017094,0.5726496,2.0777912,30.153288
657,0,1,1,0.41880342,0.61538464,2.0680933,29.565895
657,0,2,0,0.5555556,0.31623933,2.8122938,23.928497
657,0,2,0.25,0.5555556,0.32478634,2.8149986,23.87452
657,0,2,0.5,0.5470086,0.33333334,2.8208842,23.83561
657,0,2,0.75,0.5726496,0.35042736,2.8298888,23.845219
657,0,2,1,0.5726496,0.35042736,2.8419514,24.065552
658,0,1,0,0.7094017,0.41025642,2.4346695,23.618309
658,0,1,0.25,0.6923077,0.44444445,2.3737178,24.673096
658,0,1,0.5,0.62393165,0.51282054,2.3235946,25.931683
658,0,1,0.75,0.6752137,0.5641026,2.2848122,26.62381
658,0,1,1,0.6581197,0.5555556,2.258047,25.642082
658,0,2,0,0.5726496,0.41025642,2.156244,43.277256
658,0,2,0.25,0.61538464,0.51282054,2.176906,44.374893
658,0,2,0.5,0.5811966,0.52991456,2.2117314,43.224617
658,0,2,0.75,0.5470086,0.53846157,2.2573903,44.541252
658,0,2,1,0.46153846,0.52991456,2.3113825,44.780933
659,0,1,0,0.8119658,0.6752137,1.6428769,23.662205
659,0,1,0.25,0.8119658,0.6837607,1.6433539,24.011791
659,0,1,0.5,0.8034188,0.71794873,1.6439465,23.941086
659,0,1,0.75,0.8119658,0.71794873,1.6446536,24.167866
659,0,1,1,0.7948718,0.7692308,1.6454756,24.051525
659,0,2,0,0.5641026,0.44444445,1.4579589,36.501835
659,0,2,0.25,0.52991456,0.47863248,1.4198782,35.37716
659,0,2,0.5,0.5470086,0.4957265,1.3823274,34.11284
659,0,2,0.75,0.53846157,0.53846157,1.3453506,33.070908
659,0,2,1,0.50427353,0.5641026,1.3089964,31.87709
660,0,1,0,0.61538464,0.93162394,1.231052,12.293893
660,0,1,0.25,0.5726496,0.83760685,1.2629062,14.140853
660,0,1,0.5,0.5726496,0.7948718,1.332534,16.164434
660,0,1,0.75,0.52991456,0.74358976,1.4344457,19.397392
660,0,1,1,0.47008547,0.74358976,1.5623366,22.432926
660,0,2,0,0.41025642,0.84615386,1.5411818,13.539244
660,0,2,0.25,0.51282054,0.8717949,1.5168084,17.180243
660,0,2,0.5,0.5982906,0.8717949,1.5375522,21.626911
660,0,2,0.75,0.8034188,0.7777778,1.6016619,24.711567
660,0,2,1,0.8803419,0.52136755,1.7042496,24.723064
661,0,1,0,0.85470086,0.63247865,1.6378149,8.242995
661,0,1,0.25,0.8717949,0.6923077,1.5359184,8.03783
661,0,1,0.5,0.8717949,0.75213677,1.4570755,7.6216903
661,0,1,0.75,0.8632479,0.8119658,1.4031891,7.3178973
661,0,1,1,0.84615386,0.8632479,1.3766652,6.87301
661,0,2,0,0.6923077,0.30769232,2.9028432,57.951057
661,0,2,0.25,0.64102566,0.2905983,3.0255084,59.384514
661,0,2,0.5,0.5982906,0.32478634,3.1169837,60.68837
661,0,2,0.75,0.5555556,0.34188035,3.1766474,61.660732
661,0,2,1,0.52991456,0.36752138,3.2039058,62.58034
662,0,1,0,0.34188035,0.46153846,2.4634578,40.55372
662,0,1,0.25,0.37606838,0.47863248,2.4641716,41.41487
662,0,1,0.5,0.41880342,0.4871795,2.4700794,44.431896
662,0,1,0.75,0.35897437,0.51282054,2.484612,49.5625
662,0,1,1,0.4871795,0.47863248,2.512228,51.73645
662,0,2,0,0.5726496,0.4871795,1.7270517,37.12012
662,0,2,0.25,0.41025642,0.47008547,1.6669862,27.210415
662,0,2,0.5,0.4017094,0.50427353,1.6455177,28.622246
662,0,2,0.75,0.42735043,0.4957265,1.6707466,38.851295
662,0,2,1,0.47863248,0.50427353,1.7615876,44.40499
663,0,1,0,0.60683763,0.37606838,2.1882744,26.403257
663,0,1,0.25,0.60683763,0.37606838,2.1838112,26.219261
663,0,1,0.5,0.60683763,0.37606838,2.1797867,25.748528
663,0,1,0.75,0.5897436,0.31623933,2.1762109,26.025166
663,0,1,1,0.5982906,0.2991453,2.1731062,26.354465
663,0,2,0,0.94017094,0.5726496,1.4269553,12.218368
663,0,2,0.25,0.93162394,0.5726496,1.4371241,12.543631
663,0,2,0.5,0.9145299,0.5555556,1.4379231,12.7553005
663,0,2,0.75,0.9059829,0.4957265,1.4293756,12.899833
663,0,2,1,0.9059829,0.4871795,1.4115309,12.920576
664,0,1,0,0.6666667,0.5470086,2.357813,36.82879
664,0,1,0.25,0.5897436,0.51282054,2.2652028,37.846725
664,0,1,0.5,0.5470086,0.45299146,2.1994743,38.34607
664,0,1,0.75,0.47008547,0.44444445,2.1611273,40.902847
664,0,1,1,0.46153846,0.44444445,2.1512427,43.312065
664,0,2,0,0.41025642,0.974359,1.549483,8.434332
664,0,2,0.25,0.42735043,0.974359,1.5220897,8.772882
664,0,2,0.5,0.43589744,0.95726496,1.4686552,9.060796
664,0,2,0.75,0.41880342,0.94017094,1.3861291,9.072611
664,0,2,1,0.34188035,0.9145299,1.2731601,8.616539
665,0,1,0,0.61538464,0.50427353,3.6056652,52.218964
665,0,1,0.25,0.6495727,0.52136755,3.6075618,51.34102
665,0,1,0.5,0.61538464,0.5470086,3.605387,50.01371
665,0,1,0.75,0.5982906,0.5555556,3.599159,49.031967
665,0,1,1,0.63247865,0.5811966,3.588906,47.699444
665,0,2,0,0.7606838,0.50427353,2.2108684,28.372879
665,0,2,0.25,0.7777778,0.53846157,2.2002814,27.942635
665,0,2,0.5,0.8119658,0.5470086,2.1920042,27.506918
665,0,2,0.75,0.85470086,0.5555556,2.186135,27.279346
665,0,2,1,0.8717949,0.5641026,2.1828325,26.93044
666,0,1,0,0.8803419,0.43589744,1.7205861,18.60157
666,0,1,0.25,0.8803419,0.43589744,1.7215607,18.797646
666,0,1,0.5,0.8974359,0.43589744,1.7156135,19.080692
666,0,1,0.75,0.9059829,0.41880342,1.7028115,18.68792
666,0,1,1,0.9230769,0.4017094,1.6832391,19.10653
666,0,2,0,0.75213677,0.35042736,1.7744194,20.558083
666,0,2,0.25,0.7777778,0.33333334,1.808984,21.4316
666,0,2,0.5,0.7777778,0.32478634,1.828594,21.837013
666,0,2,0.75,0.7606838,0.33333334,1.8331747,22.60778
666,0,2,1,0.71794873,0.33333334,1.8226637,23.025356
667,0,1,0,0.45299146,0.6923077,3.1923504,33.207695
667,0,1,0.25,0.4871795,0.5811966,2.9792547,33.55597
667,0,1,0.5,0.51282054,0.43589744,2.787189,32.471153
667,0,1,0.75,0.5897436,0.31623933,2.6207812,31.011574
667,0,1,1,0.62393165,0.30769232,2.48519,29.09938
667,0,2,0,0.4871795,0.72649574,1.7275231,19.349827
667,0,2,0.25,0.47863248,0.6581197,1.6173444,17.614697
667,0,2,0.5,0.4871795,0.5811966,1.5643865,16.42117
667,0,2,0.75,0.4871795,0.5555556,1.5744343,16.144867
667,0,2,1,0.53846157,0.60683763,1.6463343,16.410904
668,0,1,0,0.37606838,0.33333334,4.338302,32.648697
668,0,1,0.25,0.44444445,0.34188035,4.3361864,33.541565
668,0,1,0.5,0.45299146,0.33333334,4.332833,33.930737
668,0,1,0.75,0.4871795,0.35897437,4.3282614,31.192682
668,0,1,1,0.50427353,0.36752138,4.3224936,30.335526
668,0,2,0,0.7692308,0.52136755,1.915463,15.792879
668,0,2,0.25,0.7863248,0.52136755,1.9032364,15.648404
668,0,2,0.5,0.75213677,0.52991456,1.8961157,15.307529
668,0,2,0.75,0.73504275,0.52991456,1.8940988,15.421421
668,0,2,1,0.72649574,0.52136755,1.8972343,15.511545
669,0,1,0,0.32478634,0.60683763,1.8974553,35.35035
669,0,1,0.25,0.35897437,0.60683763,1.8314108,33.2294
669,0,1,0.5,0.33333334,0.61538464,1.7672873,31.701843
669,0,1,0.75,0.37606838,0.61538464,1.7080226,29.349007
669,0,1,1,0.35897437,0.5726496,1.6588005,27.874622
669,0,2,0,0.73504275,0.47008547,1.581583,21.238714
669,0,2,0.25,0.7863248,0.50427353,1.6576064,21.314795
669,0,2,0.5,0.7606838,0.5555556,1.7231382,21.441498
669,0,2,0.75,0.74358976,0.5726496,1.7776625,21.295364
669,0,2,1,0.7094017,0.5982906,1.8208171,20.306118
670,0,1,0,0.8974359,0.3846154,1.2432101,21.740328
670,0,1,0.25,0.8888889,0.37606838,1.2482072,21.201199
670,0,1,0.5,0.9145299,0.36752138,1.2609024,21.031656
670,0,1,0.75,0.94017094,0.36752138,1.2810719,21.206467
670,0,1,1,0.94017094,0.35042736,1.3087312,20.904367
670,0,2,0,0.5982906,0.7692308,1.4316607,18.762035
670,0,2,0.25,0.5811966,0.75213677,1.4405911,18.54174
670,0,2,0.5,0.5897436,0.7606838,1.4577146,18.607473
670,0,2,0.75,0.5897436,0.7606838,1.4828639,19.226574
670,0,2,1,0.60683763,0.73504275,1.5159811,19.30045
671,0,1,0,0.34188035,0.7863248,3.8478658,55.209946
671,0,1,0.25,0.3846154,0.7692308,3.8584652,55.768692
671,0,1,0.5,0.41880342,0.75213677,3.870271,57.382248
671,0,1,0.75,0.44444445,0.71794873,3.8830059,58.253136
671,0,1,1,0.4957265,0.7008547,3.896504,58.664185
671,0,2,0,0.3846154,0.4957265,4.0013046,47.446213
671,0,2,0.25,0.47863248,0.45299146,4.006554,45.743855
671,0,2,0.5,0.51282054,0.43589744,4.0033765,45.843014
671,0,2,0.75,0.50427353,0.42735043,3.9922414,45.579727
671,0,2,1,0.50427353,0.47008547,3.9746497,43.975975
672,0,1,0,0.46153846,0.61538464,1.5491555,17.308216
672,0,1,0.25,0.47008547,0.61538464,1.5504429,17.63185
672,0,1,0.5,0.47863248,0.62393165,1.5521511,17.937866
672,0,1,0.75,0.41880342,0.63247865,1.5542686,17.831135
672,0,1,1,0.4017094,0.6495727,1.556786,17.864296
672,0,2,0,0.83760685,0.51282054,1.6377981,14.419408
672,0,2,0.25,0.83760685,0.52136755,1.6389711,14.686258
672,0,2,0.5,0.85470086,0.52136755,1.6408682,14.525883
672,0,2,0.75,0.8034188,0.52136755,1.6434748,14.343473
672,0,2,1,0.7948718,0.4957265,1.6467764,13.819124
673,0,1,0,0.73504275,0.5726496,1.4307965,16.635899
673,0,1,0.25,0.82905984,0.60683763,1.4356784,16.512455
673,0,1,0.5,0.82051283,0.6837607,1.4495107,15.538698
673,0,1,0.75,0.83760685,0.73504275,1.4720411,14.667994
673,0,1,1,0.84615386,0.7777778,1.4852816,13.810045
673,0,2,0,0.2905983,0.74358976,2.2654843,14.722164
673,0,2,0.25,0.32478634,0.6581197,2.5250914,19.767426
673,0,2,0.5,0.2905983,0.75213677,2.7895646,24.435543
673,0,2,0.75,0.33333334,0.72649574,3.057641,28.985847
673,0,2,1,0.35897437,0.72649574,3.278675,33.139015
674,0,1,0,0.8888889,0.35897437,2.5972748,15.19626
674,0,1,0.25,0.9230769,0.4957265,2.296319,19.64094
674,0,1,0.5,0.82051283,0.5897436,2.0216415,21.280422
674,0,1,0.75,0.71794873,0.8803419,1.7854136,20.581125
674,0,1,1,0.5470086,0.9059829,1.6047049,15.721346
674,0,2,0,0.72649574,0.8119658,1.779163,23.227386
674,0,2,0.25,0.5726496,0.85470086,1.9084483,26.70958
674,0,2,0.5,0.41025642,0.72649574,2.0522158,27.846022
674,0,2,0.75,0.35042736,0.73504275,2.2076378,24.950413
674,0,2,1,0.34188035,0.84615386,2.3724248,21.482185
675,0,1,0,0.6923077,0.7863248,2.0050275,9.450454
675,0,1,0.25,0.6495727,0.7863248,2.0134099,9.420523
675,0,1,0.5,0.6581197,0.7777778,2.0235431,9.517034
675,0,1,0.75,0.6495727,0.7777778,2.0353274,9.462082
675,0,1,1,0.6752137,0.7777778,2.0486972,9.254126
675,0,2,0,0.47008547,0.75213677,1.2230016,25.328136
675,0,2,0.25,0.4871795,0.74358976,1.2370158,26.02507
675,0,2,0.5,0.4871795,0.71794873,1.2481105,26.653233
675,0,2,0.75,0.4957265,0.72649574,1.2562007,26.948708
675,0,2,1,0.47863248,0.74358976,1.2612123,27.439331
676,0,1,0,0.74358976,0.3846154,1.5475262,20.454357
676,0,1,0.25,0.75213677,0.37606838,1.5552875,21.16856
676,0,1,0.5,0.73504275,0.35042736,1.564483,20.653332
676,0,1,0.75,0.7094017,0.36752138,1.5749608,20.96456
676,0,1,1,0.6752137,0.36752138,1.5865946,20.528667
676,0,2,0,0.45299146,0.74358976,1.4009992,20.337002
676,0,2,0.25,0.46153846,0.74358976,1.4043044,20.485107
676,0,2,0.5,0.42735043,0.6923077,1.4041121,19.842287
676,0,2,0.75,0.3931624,0.7008547,1.4004128,20.358046
676,0,2,1,0.41025642,0.73504275,1.3932534,20.547306
677,0,1,0,0.8803419,0.42735043,1.2955881,19.216427
677,0,1,0.25,0.93162394,0.46153846,1.25556,15.928728
677,0,1,0.5,0.96581197,0.41880342,1.2432393,11.945124
677,0,1,0.75,0.974359,0.41025642,1.2594395,10.697294
677,0,1,1,0.991453,0.44444445,1.3030969,10.112826
677,0,2,0,0.8034188,0.3846154,1.2619528,22.849405
677,0,2,0.25,0.93162394,0.34188035,1.2819394,18.713371
677,0,2,0.5,0.974359,0.35042736,1.3124006,16.510494
677,0,2,0.75,0.94871795,0.35897437,1.3526288,14.437201
677,0,2,1,0.9230769,0.32478634,1.4017836,13.476692
678,0,1,0,0.82905984,0.47863248,1.6532838,13.325975
678,0,1,0.25,0.7948718,0.53846157,1.6832814,13.514002
678,0,1,0.5,0.8119658,0.52991456,1.7043761,13.893866
678,0,1,0.75,0.8632479,0.5811966,1.7167776,14.572115
678,0,1,1,0.82051283,0.5641026,1.723024,15.205681
678,0,2,0,0.63247865,0.5811966,1.4210249,17.403316
678,0,2,0.25,0.6581197,0.5982906,1.390587,17.424187
678,0,2,0.5,0.6666667,0.5982906,1.3492279,17.133308
678,0,2,0.75,0.7008547,0.5726496,1.2972162,16.795046
678,0,2,1,0.7008547,0.53846157,1.2352027,16.443104
679,0,1,0,0.82905984,0.61538464,1.5711892,23.897106
679,0,1,0.25,0.83760685,0.62393165,1.5720856,23.764853
679,0,1,0.5,0.83760685,0.63247865,1.5795573,23.677124
679,0,1,0.75,0.82905984,0.63247865,1.5932796,23.342934
679,0,1,1,0.82051283,0.63247865,1.613226,23.402653
679,0,2,0,0.7094017,0.51282054,2.5403132,40.23108
679,0,2,0.25,0.6495727,0.5641026,2.5632014,40.949318
679,0,2,0.5,0.61538464,0.5470086,2.5799935,41.09969
679,0,2,0.75,0.5726496,0.53846157,2.590603,41.676193
679,0,2,1,0.5470086,0.53846157,2.594945,40.866615
680,0,1,0,0.84615386,0.4871795,2.0078497,8.621319
680,0,1,0.25,0.93162394,0.4957265,2.1425858,10.199537
680,0,1,0.5,0.94871795,0.43589744,2.2792716,14.425636
680,0,1,0.75,0.8119658,0.37606838,2.4175773,21.854403
680,0,1,1,0.71794873,0.30769232,2.5572395,29.365646
680,0,2,0,0.5811966,0.6581197,1.9125382,25.671597
680,0,2,0.25,0.7948718,0.64102566,1.9736439,19.142208
680,0,2,0.5,0.82051283,0.52136755,2.073194,13.00329
680,0,2,0.75,0.74358976,0.35042736,2.2059896,12.754484
680,0,2,1,0.6666667,0.32478634,2.3664408,20.211403
681,0,1,0,0.46153846,0.6923077,1.4361043,15.630793
681,0,1,0.25,0.46153846,0.7008547,1.4316525,15.76097
681,0,1,0.5,0.46153846,0.7094017,1.4310977,15.771962
681,0,1,0.75,0.4871795,0.73504275,1.4343925,15.599447
681,0,1,1,0.4957265,0.7094017,1.4415413,15.428846
681,0,2,0,0.44444445,0.43589744,3.71381,28.519194
681,0,2,0.25,0.45299146,0.45299146,3.7263067,28.73218
681,0,2,0.5,0.47008547,0.46153846,3.7317088,28.562931
681,0,2,0.75,0.50427353,0.47863248,3.7300117,28.431519
681,0,2,1,0.52991456,0.50427353,3.7212126,28.248827
682,0,1,0,0.47863248,0.4871795,1.4599205,24.11784
682,0,1,0.25,0.47863248,0.50427353,1.4507521,24.014393
682,0,1,0.5,0.47863248,0.4871795,1.4415945,23.161657
682,0,1,0.75,0.50427353,0.44444445,1.4324472,23.04736
682,0,1,1,0.4957265,0.46153846,1.4233109,23.090958
682,0,2,0,0.41025642,0.5726496,1.9705932,32.934822
682,0,2,0.25,0.42735043,0.5811966,1.97332,33.38496
682,0,2,0.5,0.42735043,0.5726496,1.9760792,33.3793
682,0,2,0.75,0.45299146,0.5555556,1.978871,33.646454
682,0,2,1,0.46153846,0.5555556,1.9816954,33.66838
683,0,1,0,0.2991453,0.5726496,2.0456474,14.939373
683,0,1,0.25,0.2991453,0.61538464,2.0548587,14.618815
683,0,1,0.5,0.30769232,0.5982906,2.0621092,14.396326
683,0,1,0.75,0.30769232,0.60683763,2.0672722,14.811794
683,0,1,1,0.37606838,0.6495727,2.0703619,14.247415
683,0,2,0,0.33333334,0.4957265,2.5718963,19.653849
683,0,2,0.25,0.37606838,0.53846157,2.551509,22.21389
683,0,2,0.5,0.46153846,0.5470086,2.5352411,22.520395
683,0,2,0.75,0.4017094,0.52991456,2.5229814,22.345348
683,0,2,1,0.3846154,0.4957265,2.5147388,20.322573
684,0,1,0,0.45299146,0.7008547,2.0157337,30.283035
684,0,1,0.25,0.46153846,0.7008547,1.9976765,29.938105
684,0,1,0.5,0.45299146,0.6923077,1.9896994,29.661541
684,0,1,0.75,0.47008547,0.7008547,1.9918077,29.90565
684,0,1,1,0.47008547,0.6923077,2.0040057,30.09185
684,0,2,0,0.47008547,0.64102566,1.2315485,24.737053
684,0,2,0.25,0.4871795,0.62393165,1.2323655,24.797546
684,0,2,0.5,0.47008547,0.61538464,1.2306899,24.891972
684,0,2,0.75,0.44444445,0.5811966,1.2265391,24.836823
684,0,2,1,0.43589744,0.5897436,1.2199303,24.673397
685,0,1,0,0.8803419,0.45299146,2.354506,12.221193
685,0,1,0.25,0.9059829,0.36752138,2.3113558,8.954186
685,0,1,0.5,0.96581197,0.41880342,2.3090727,6.8345165
685,0,1,0.75,0.93162394,0.4017094,2.347775,6.0717325
685,0,1,1,0.7777778,0.34188035,2.4255028,7.5584373
685,0,2,0,0.5470086,0.44444445,2.3963134,21.609623
685,0,2,0.25,0.63247865,0.3931624,2.5677266,23.767506
685,0,2,0.5,0.51282054,0.32478634,2.7453146,22.911997
685,0,2,0.75,0.62393165,0.30769232,2.9279535,22.24984
685,0,2,1,0.7606838,0.34188035,3.1147547,20.153025
686,0,1,0,0.7863248,0.6495727,1.5190642,13.178849
686,0,1,0.25,0.6581197,0.4957265,1.7037951,14.123142
686,0,1,0.5,0.45299146,0.43589744,1.8926597,11.400299
686,0,1,0.75,0.45299146,0.36752138,2.0845346,14.296345
686,0,1,1,0.51282054,0.36752138,2.2786598,18.537516
686,0,2,0,0.47008547,0.31623933,5.0517273,57.1472
686,0,2,0.25,0.41025642,0.47863248,4.9331603,61.206745
686,0,2,0.5,0.44444445,0.50427353,4.820361,66.39679
686,0,2,0.75,0.35042736,0.47863248,4.713743,69.72923
686,0,2,1,0.30769232,0.41880342,4.6137342,75.26454
687,0,1,0,0.5811966,0.43589744,1.6234843,11.508261
687,0,1,0.25,0.61538464,0.43589744,1.5482851,10.1088505
687,0,1,0.5,0.6923077,0.5470086,1.541031,9.892783
687,0,1,0.75,0.6837607,0.5555556,1.5966446,10.22276
687,0,1,1,0.6923077,0.60683763,1.7095188,10.826546
687,0,2,0,0.8632479,0.41025642,1.2261281,8.318803
687,0,2,0.25,0.9230769,0.51282054,1.4109603,8.438196
687,0,2,0.5,0.9059829,0.51282054,1.5461956,8.09896
687,0,2,0.75,0.9145299,0.52136755,1.6320716,8.482284
687,0,2,1,0.8888889,0.62393165,1.6720183,8.948267
688,0,1,0,0.8888889,0.4957265,1.3396022,20.33516
688,0,1,0.25,0.8803419,0.4871795,1.3405671,20.448536
688,0,1,0.5,0.84615386,0.47863248,1.3445252,20.651794
688,0,1,0.75,0.85470086,0.46153846,1.3513368,20.728657
688,0,1,1,0.8632479,0.47008547,1.3611387,20.65704
688,0,2,0,0.5897436,0.85470086,1.4446939,29.034698
688,0,2,0.25,0.5811966,0.85470086,1.4410443,28.540966
688,0,2,0.5,0.61538464,0.85470086,1.4427769,28.374176
688,0,2,0.75,0.62393165,0.83760685,1.4498662,27.976398
688,0,2,1,0.63247865,0.83760685,1.4622905,27.580673
689,0,1,0,0.6495727,0.60683763,2.8203425,40.09517
689,0,1,0.25,0.64102566,0.61538464,2.8116918,39.84938
689,0,1,0.5,0.64102566,0.62393165,2.8119354,39.568092
689,0,1,0.75,0.64102566,0.61538464,2.8210533,39.62329
689,0,1,1,0.61538464,0.63247865,2.8390236,39.525425
689,0,2,0,0.42735043,0.75213677,2.746136,41.4495
689,0,2,0.25,0.42735043,0.74358976,2.752342,41.384098
689,0,2,0.5,0.41880342,0.74358976,2.7588677,41.42226
689,0,2,0.75,0.42735043,0.75213677,2.7656837,41.329094
689,0,2,1,0.43589744,0.7606838,2.7727597,41.200447
690,0,1,0,0.6495727,0.7863248,1.6683744,23.367252
690,0,1,0.25,0.64102566,0.8119658,1.6566182,23.709969
690,0,1,0.5,0.60683763,0.74358976,1.6369312,23.869488
690,0,1,0.75,0.62393165,0.71794873,1.6032258,24.154114
690,0,1,1,0.63247865,0.6837607,1.5534838,22.683842
690,0,2,0,0.37606838,0.8803419,1.5386505,14.944978
690,0,2,0.25,0.36752138,0.9145299,1.4629688,14.682915
690,0,2,0.5,0.35897437,0.8717949,1.3945897,14.5492
690,0,2,0.75,0.35897437,0.8974359,1.3306044,14.671938
690,0,2,1,0.36752138,0.9059829,1.2686465,14.358358
691,0,1,0,0.74358976,0.62393165,1.4414487,10.854183
691,0,1,0.25,0.8034188,0.5470086,1.4012898,10.950607
691,0,1,0.5,0.7948718,0.47008547,1.3872328,10.610786
691,0,1,0.75,0.8119658,0.4871795,1.4000635,14.020447
691,0,1,1,0.7692308,0.3931624,1.4390635,15.398404
691,0,2,0,0.3931624,0.5555556,1.7075437,28.255268
691,0,2,0.25,0.4017094,0.52136755,1.61752,22.742104
691,0,2,0.5,0.51282054,0.5555556,1.5410929,20.330933
691,0,2,0.75,0.61538464,0.5811966,1.4803699,18.416996
691,0,2,1,0.64102566,0.61538464,1.4373426,15.688141
692,0,1,0,0.36752138,0.82051283,1.6019562,18.34376
692,0,1,0.25,0.46153846,0.8034188,1.8280823,21.178686
692,0,1,0.5,0.43589744,0.85470086,2.0588324,18.728004
692,0,1,0.75,0.60683763,0.7008547,2.2928104,17.678524
692,0,1,1,0.62393165,0.5555556,2.529121,17.342134
692,0,2,0,0.43589744,0.5811966,2.0134754,27.308361
692,0,2,0.25,0.50427353,0.6495727,1.8806468,27.969578
692,0,2,0.5,0.60683763,0.6495727,1.7569476,26.529545
692,0,2,0.75,0.53846157,0.5897436,1.6444399,25.482143
692,0,2,1,0.51282054,0.5726496,1.5455685,26.197554
693,0,1,0,0.41880342,0.41880342,2.8786883,37.773167
693,0,1,0.25,0.41880342,0.41025642,2.8830142,38.86224
693,0,1,0.5,0.44444445,0.41025642,2.8804426,40.552612
693,0,1,0.75,0.41880342,0.32478634,2.8710349,42.9094
693,0,1,1,0.41025642,0.31623933,2.854854,44.796314
693,0,2,0,0.63247865,0.51282054,1.6925883,13.310766
693,0,2,0.25,0.62393165,0.4871795,1.6708983,13.472454
693,0,2,0.5,0.6495727,0.52136755,1.6573496,13.905898
693,0,2,0.75,0.63247865,0.60683763,1.6522733,14.946701
693,0,2,1,0.64102566,0.62393165,1.6562148,14.903063
694,0,1,0,0.43589744,0.4871795,1.396155,29.865229
694,0,1,0.25,0.43589744,0.51282054,1.3929125,28.971119
694,0,1,0.5,0.43589744,0.47008547,1.3932649,29.084553
694,0,1,0.75,0.41880342,0.4957265,1.3972234,28.688833
694,0,1,1,0.3931624,0.5641026,1.4048008,27.723595
694,0,2,0,0.60683763,0.41025642,2.1480289,34.361908
694,0,2,0.25,0.60683763,0.41880342,2.1482828,33.52783
694,0,2,0.5,0.63247865,0.41880342,2.146044,32.851067
694,0,2,0.75,0.6666667,0.42735043,2.1413937,32.116383
694,0,2,1,0.6495727,0.47008547,2.134442,30.968172
695,0,1,0,0.84615386,0.74358976,1.8575366,21.30814
695,0,1,0.25,0.84615386,0.74358976,1.8520889,21.323338
695,0,1,0.5,0.8803419,0.7692308,1.8446361,21.195223
695,0,1,0.75,0.8632479,0.7863248,1.8352615,20.85081
695,0,1,1,0.8632479,0.7606838,1.8240894,20.615768
695,0,2,0,0.8888889,0.3931624,2.066028,14.099018
695,0,2,0.25,0.9059829,0.41880342,2.066418,14.673904
695,0,2,0.5,0.9145299,0.3846154,2.0688267,14.8430605
695,0,2,0.75,0.9145299,0.3931624,2.0732064,15.169112
695,0,2,1,0.9059829,0.41025642,2.0795834,15.485651
696,0,1,0,0.6837607,0.60683763,1.3972856,23.99034
696,0,1,0.25,0.6752137,0.60683763,1.3805046,23.750448
696,0,1,0.5,0.6752137,0.63247865,1.38588,23.783978
696,0,1,0.75,0.6923077,0.6666667,1.407297,24.249231
696,0,1,1,0.73504275,0.6581197,1.4399853,24.785923
696,0,2,0,0.5726496,0.34188035,1.4921473,31.82862
696,0,2,0.25,0.5470086,0.4017094,1.4821523,32.337536
696,0,2,0.5,0.52136755,0.46153846,1.4911631,32.443638
696,0,2,0.75,0.47863248,0.51282054,1.5172166,33.254715
696,0,2,1,0.42735043,0.4957265,1.5579996,34.310356
697,0,1,0,0.6923077,0.5897436,1.6520863,14.704943
697,0,1,0.25,0.7777778,0.62393165,1.7018882,14.237847
697,0,1,0.5,0.8034188,0.5641026,1.7445832,13.154055
697,0,1,0.75,0.9145299,0.52991456,1.787842,13.9437275
697,0,1,1,0.93162394,0.3846154,1.8316247,14.137056
697,0,2,0,0.47863248,0.5641026,3.1345737,31.28645
697,0,2,0.25,0.5726496,0.52991456,3.004862,30.434658
697,0,2,0.5,0.63247865,0.47008547,2.8122447,31.810734
697,0,2,0.75,0.7094017,0.47008547,2.6200387,32.77512
697,0,2,1,0.8632479,0.42735043,2.4283412,33.887253
698,0,1,0,0.3846154,0.2905983,3.5017018,91.77435
698,0,1,0.25,0.3931624,0.30769232,3.4987118,92.12745
698,0,1,0.5,0.41025642,0.32478634,3.4957573,92.35101
698,0,1,0.75,0.3931624,0.2905983,3.4928384,94.15105
698,0,1,1,0.3846154,0.2905983,3.4899552,95.79799
698,0,2,0,0.46153846,0.61538464,1.5006479,31.854279
698,0,2,0.25,0.50427353,0.63247865,1.488695,31.191288
698,0,2,0.5,0.52991456,0.64102566,1.4767812,30.70477
698,0,2,0.75,0.5811966,0.6495727,1.4649079,28.618423
698,0,2,1,0.5982906,0.6666667,1.4530755,28.680656
699,0,1,0,0.63247865,0.64102566,2.2115378,39.87358
699,0,1,0.25,0.52136755,0.5897436,2.1946006,40.219185
699,0,1,0.5,0.4957265,0.53846157,2.1858897,41.568882
699,0,1,0.75,0.43589744,0.51282054,2.1853745,42.504326
699,0,1,1,0.4017094,0.4871795,2.1932662,43.232513
699,0,2,0,0.82905984,0.32478634,2.4566412,49.628128
699,0,2,0.25,0.8119658,0.34188035,2.457013,51.15908
699,0,2,0.5,0.71794873,0.35042736,2.4562826,53.56288
699,0,2,0.75,0.62393165,0.32478634,2.4544525,55.03325
699,0,2,1,0.62393165,0.30769232,2.451546,56.734646
700,0,1,0,0.50427353,0.44444445,2.8331428,44.476196
700,0,1,0.25,0.5641026,0.45299146,2.8200846,44.5029
700,0,1,0.5,0.5982906,0.45299146,2.8166847,44.177536
700,0,1,0.75,0.61538464,0.46153846,2.822943,44.3331
700,0,1,1,0.63247865,0.4871795,2.8388586,45.175728
700,0,2,0,0.52991456,0.61538464,1.7657039,38.50878
700,0,2,0.25,0.52991456,0.60683763,1.7610272,39.107407
700,0,2,0.5,0.5555556,0.61538464,1.7536103,39.226624
700,0,2,0.75,0.5555556,0.62393165,1.7435087,39.775932
700,0,2,1,0.5811966,0.6581197,1.7308736,40.65175
701,0,1,0,0.7606838,0.6495727,3.1486154,15.268576
701,0,1,0.25,0.7692308,0.6495727,3.149772,15.673176
701,0,1,0.5,0.7692308,0.6581197,3.154455,15.857549
701,0,1,0.75,0.7948718,0.6752137,3.162581,16.024736
701,0,1,1,0.7863248,0.7094017,3.1741436,16.200127
701,0,2,0,0.5897436,0.6923077,3.724929,42.595695
701,0,2,0.25,0.52136755,0.7008547,3.731656,42.971527
701,0,2,0.5,0.51282054,0.71794873,3.7334309,43.25654
701,0,2,0.75,0.50427353,0.71794873,3.7302408,43.02867
701,0,2,1,0.4957265,0.6923077,3.7221494,42.69679
702,0,1,0,0.8119658,0.45299146,1.2521446,12.65556
702,0,1,0.25,0.82905984,0.44444445,1.2562779,13.693391
702,0,1,0.5,0.83760685,0.44444445,1.2619368,14.75629
702,0,1,0.75,0.8119658,0.43589744,1.2690673,15.210518
702,0,1,1,0.8034188,0.44444445,1.2776185,15.696896
702,0,2,0,0.7777778,0.31623933,1.5181956,22.614641
702,0,2,0.25,0.7692308,0.32478634,1.5261203,23.336916
702,0,2,0.5,0.7692308,0.30769232,1.532613,23.607986
702,0,2,0.75,0.7777778,0.30769232,1.5375707,23.966206
702,0,2,1,0.7777778,0.33333334,1.5409509,23.141825
703,0,1,0,0.7948718,0.63247865,1.2834578,10.00848
703,0,1,0.25,0.7948718,0.64102566,1.2767731,9.872138
703,0,1,0.5,0.7863248,0.63247865,1.2680565,9.63796
703,0,1,0.75,0.7948718,0.64102566,1.2574056,9.542482
703,0,1,1,0.8034188,0.64102566,1.2449296,9.379479
703,0,2,0,0.73504275,0.53846157,2.3602993,24.330517
703,0,2,0.25,0.73504275,0.53846157,2.3557682,23.769444
703,0,2,0.5,0.7008547,0.5555556,2.345823,22.875841
703,0,2,0.75,0.7008547,0.5641026,2.330556,22.359205
703,0,2,1,0.7094017,0.5811966,2.3100705,22.17696
704,0,1,0,0.30769232,0.42735043,1.9965066,25.13713
704,0,1,0.25,0.47008547,0.50427353,1.9344227,22.762232
704,0,1,0.5,0.6923077,0.6752137,1.8752829,19.615587
704,0,1,0.75,0.73504275,0.6495727,1.8193734,17.934032
704,0,1,1,0.75213677,0.5897436,1.7670015,16.074648
704,0,2,0,0.8888889,0.5470086,1.3994416,6.715024
704,0,2,0.25,0.83760685,0.5555556,1.4680926,6.585828
704,0,2,0.5,0.75213677,0.5641026,1.5375029,5.874139
704,0,2,0.75,0.9230769,0.64102566,1.6075742,8.350744
704,0,2,1,0.8888889,0.60683763,1.6782236,11.530477
705,0,1,0,0.5811966,0.5555556,1.8709631,29.26693
705,0,1,0.25,0.4957265,0.5982906,2.1070194,30.455101
705,0,1,0.5,0.5555556,0.6923077,2.3571746,32.707954
705,0,1,0.75,0.4871795,0.7606838,2.6173887,32.54706
705,0,1,1,0.41880342,0.8119658,2.8849418,30.878147
705,0,2,0,0.3846154,0.64102566,2.9040818,39.75039
705,0,2,0.25,0.5726496,0.62393165,2.6304874,35.719173
705,0,2,0.5,0.71794873,0.5726496,2.3607407,33.355675
705,0,2,0.75,0.8632479,0.45299146,2.0963287,27.855347
705,0,2,1,0.9059829,0.35897437,1.839553,22.33879
706,0,1,0,0.7863248,0.42735043,3.9179244,22.718548
706,0,1,0.25,0.83760685,0.33333334,3.86094,20.637959
706,0,1,0.5,0.8632479,0.34188035,3.7679617,18.297127
706,0,1,0.75,0.93162394,0.34188035,3.6392941,16.509998
706,0,1,1,0.93162394,0.35897437,3.4756184,13.647036
706,0,2,0,0.6666667,0.62393165,1.8316808,19.087963
706,0,2,0.25,0.7692308,0.5811966,1.6839767,18.286804
706,0,2,0.5,0.7863248,0.52991456,1.5670732,17.484905
706,0,2,0.75,0.7692308,0.52991456,1.504007,16.555128
706,0,2,1,0.7606838,0.5811966,1.5496386,16.71093
707,0,1,0,0.5811966,0.47008547,4.693863,82.15854
707,0,1,0.25,0.5897436,0.4871795,4.647871,78.26533
707,0,1,0.5,0.5726496,0.4957265,4.60038,75.99402
707,0,1,0.75,0.5555556,0.50427353,4.5516887,72.86908
707,0,1,1,0.5726496,0.50427353,4.502195,71.058655
707,0,2,0,0.35042736,0.71794873,1.7695528,26.350574
707,0,2,0.25,0.47863248,0.7606838,1.704077,25.582958
707,0,2,0.5,0.45299146,0.7863248,1.6757106,24.417427
707,0,2,0.75,0.44444445,0.82051283,1.6845819,23.7202
707,0,2,1,0.44444445,0.7863248,1.7306868,23.77958
708,0,1,0,0.7606838,0.9059829,1.8778157,8.050161
708,0,1,0.25,0.7606838,0.8888889,1.9155983,7.86646
708,0,1,0.5,0.73504275,0.8803419,1.954251,7.434205
708,0,1,0.75,0.7094017,0.85470086,1.9935206,7.0308933
708,0,1,1,0.6666667,0.85470086,2.0332294,6.8996925
708,0,2,0,0.47863248,0.31623933,3.187451,24.40596
708,0,2,0.25,0.4871795,0.33333334,3.1310353,23.433704
708,0,2,0.5,0.46153846,0.32478634,3.0879526,22.801216
708,0,2,0.75,0.4871795,0.30769232,3.0583913,21.992077
708,0,2,1,0.50427353,0.2991453,3.042621,21.464584
709,0,1,0,0.8632479,0.6752137,1.8821311,20.73914
709,0,1,0.25,0.85470086,0.6837607,1.8225895,20.276405
709,0,1,0.5,0.75213677,0.6923077,1.7961283,19.855122
709,0,1,0.75,0.72649574,0.72649574,1.8042032,19.164627
709,0,1,1,0.71794873,0.5897436,1.8463609,17.440302
709,0,2,0,0.74358976,0.6837607,1.4470044,21.763859
709,0,2,0.25,0.7008547,0.6923077,1.433061,21.26648
709,0,2,0.5,0.5982906,0.5641026,1.446188,20.681297
709,0,2,0.75,0.62393165,0.60683763,1.4856677,20.467993
709,0,2,1,0.6495727,0.5897436,1.5494872,18.937801
710,0,1,0,0.8717949,0.30769232,1.2457149,12.8072605
710,0,1,0.25,0.9059829,0.30769232,1.2532145,12.1783905
710,0,1,0.5,0.8888889,0.33333334,1.2546465,12.172419
710,0,1,0.75,0.82051283,0.35042736,1.250376,12.201019
710,0,1,1,0.82051283,0.35897437,1.2409145,12.052352
710,0,2,0,0.62393165,0.46153846,2.5123773,36.475143
710,0,2,0.25,0.6752137,0.44444445,2.5319471,36.945618
710,0,2,0.5,0.62393165,0.44444445,2.5469782,38.29998
710,0,2,0.75,0.64102566,0.46153846,2.5571725,39.264618
710,0,2,1,0.6837607,0.47863248,2.5627975,41.10274
711,0,1,0,0.44444445,0.8119658,1.7358054,17.276917
711,0,1,0.25,0.41880342,0.7777778,1.6569372,16.010214
711,0,1,0.5,0.45299146,0.83760685,1.6305971,15.061906
711,0,1,0.75,0.47008547,0.8888889,1.6592888,14.3377905
711,0,1,1,0.45299146,0.9230769,1.7402925,13.682874
711,0,2,0,0.41025642,0.75213677,1.76667,13.322633
711,0,2,0.25,0.41880342,0.6837607,1.6439081,13.247919
711,0,2,0.5,0.50427353,0.84615386,1.5434386,12.947964
711,0,2,0.75,0.5641026,0.9059829,1.4698406,11.895599
711,0,2,1,0.62393165,0.95726496,1.4272766,10.972655
712,0,1,0,0.8888889,0.35897437,1.4284745,14.407896
712,0,1,0.25,0.8888889,0.36752138,1.4217044,14.626614
712,0,1,0.5,0.8717949,0.34188035,1.4146397,13.6859665
712,0,1,0.75,0.8717949,0.36752138,1.4073318,14.162338
712,0,1,1,0.8803419,0.34188035,1.3998265,14.292091
712,0,2,0,0.4017094,0.83760685,1.308865,11.9190235
712,0,2,0.25,0.42735043,0.83760685,1.314965,11.973277
712,0,2,0.5,0.41880342,0.85470086,1.3216627,12.104376
712,0,2,0.75,0.41880342,0.83760685,1.3289206,12.200791
712,0,2,1,0.42735043,0.82905984,1.3367025,12.275667
713,0,1,0,0.33333334,0.8974359,1.4811544,6.788232
713,0,1,0.25,0.41025642,0.93162394,1.6360376,7.715144
713,0,1,0.5,0.42735043,0.95726496,1.792082,8.798317
713,0,1,0.75,0.50427353,0.8888889,1.9490091,9.457179
713,0,1,1,0.53846157,0.8119658,2.1066215,9.992058
713,0,2,0,0.64102566,0.83760685,2.086095,7.2920117
713,0,2,0.25,0.6581197,0.82051283,2.3355496,7.1512375
713,0,2,0.5,0.6923077,0.7777778,2.5872781,7.5905
713,0,2,0.75,0.7948718,0.7606838,2.8406765,8.838155
713,0,2,1,0.8632479,0.7606838,3.0953348,10.580782
714,0,1,0,0.83760685,0.2991453,1.8563429,24.627151
714,0,1,0.25,0.8632479,0.2991453,1.8427379,24.052982
714,0,1,0.5,0.8717949,0.31623933,1.8387884,23.89391
714,0,1,0.75,0.85470086,0.31623933,1.8444357,23.926292
714,0,1,1,0.84615386,0.31623933,1.859647,24.038784
714,0,2,0,0.30769232,1,1.9593012,6.5331755
714,0,2,0.25,0.32478634,0.991453,1.9591798,6.475425
714,0,2,0.5,0.30769232,0.974359,1.9597142,6.3861885
714,0,2,0.75,0.33333334,0.96581197,1.9609097,6.20662
714,0,2,1,0.33333334,0.94871795,1.9627804,6.165041
715,0,1,0,0.35042736,0.4957265,2.4717925,35.96483
715,0,1,0.25,0.36752138,0.5811966,2.556138,36.115654
715,0,1,0.5,0.3846154,0.60683763,2.6193125,36.96679
715,0,1,0.75,0.43589744,0.63247865,2.6595871,37.958195
715,0,1,1,0.45299146,0.63247865,2.6764128,38.59355
715,0,2,0,0.33333334,0.7094017,1.5716221,25.754974
715,0,2,0.25,0.35042736,0.75213677,1.701857,27.940811
715,0,2,0.5,0.36752138,0.7606838,1.8109832,29.693592
715,0,2,0.75,0.34188035,0.74358976,1.8980056,30.276257
715,0,2,1,0.36752138,0.73504275,1.9623944,32.870224
716,0,1,0,0.2991453,0.82905984,3.6367767,29.14763
716,0,1,0.25,0.31623933,0.82051283,3.2785215,32.109093
716,0,1,0.5,0.3846154,0.7777778,2.9209247,33.72564
716,0,1,0.75,0.37606838,0.74358976,2.751817,37.60527
716,0,1,1,0.35042736,0.6666667,2.7311666,42.36072
716,0,2,0,0.35042736,0.64102566,3.1709797,26.66497
716,0,2,0.25,0.35897437,0.7692308,2.8381553,26.758232
716,0,2,0.5,0.3931624,0.8034188,2.506541,25.789513
716,0,2,0.75,0.30769232,0.7692308,2.3293028,26.339764
716,0,2,1,0.35042736,0.7094017,2.287398,29.03004
717,0,1,0,0.7692308,0.5897436,2.125119,33.79271
717,0,1,0.25,0.64102566,0.6752137,1.9412957,25.966198
717,0,1,0.5,0.6837607,0.83760685,1.7664231,17.735098
717,0,1,0.75,0.8034188,0.94017094,1.6034324,10.009308
717,0,1,1,0.85470086,0.94017094,1.4563183,6.5884514
717,0,2,0,0.35042736,0.60683763,2.1104798,30.885843
717,0,2,0.25,0.47863248,0.7606838,2.4301002,36.302116
717,0,2,0.5,0.5470086,0.6923077,2.7559938,38.62355
717,0,2,0.75,0.6581197,0.64102566,3.0861738,43.015503
717,0,2,1,0.7094017,0.50427353,3.4193988,46.208786
718,0,1,0,0.44444445,0.5470086,2.914562,10.315585
718,0,1,0.25,0.53846157,0.61538464,2.8610725,13.880621
718,0,1,0.5,0.52991456,0.5811966,2.812368,17.283434
718,0,1,0.75,0.4871795,0.6752137,2.7687008,23.823645
718,0,1,1,0.43589744,0.5897436,2.7303126,30.632849
718,0,2,0,0.47008547,0.6752137,1.6502374,13.350298
718,0,2,0.25,0.53846157,0.71794873,1.6305373,9.955467
718,0,2,0.5,0.5726496,0.7692308,1.6214727,9.139785
718,0,2,0.75,0.50427353,0.74358976,1.6232225,10.056692
718,0,2,1,0.4871795,0.73504275,1.6357517,14.042998
719,0,1,0,0.6495727,0.64102566,2.2460802,9.999886
719,0,1,0.25,0.6495727,0.6666667,2.3286886,10.949451
719,0,1,0.5,0.5982906,0.6666667,2.4297457,14.5735445
719,0,1,0.75,0.52991456,0.60683763,2.5470564,18.952526
719,0,1,1,0.4017094,0.61538464,2.6784856,23.81694
719,0,2,0,0.60683763,0.36752138,2.3533258,38.710022
719,0,2,0.25,0.7863248,0.5982906,2.1333423,40.083687
719,0,2,0.5,0.4871795,0.73504275,1.9407271,37.3993
719,0,2,0.75,0.35042736,0.6666667,1.7843652,28.15732
719,0,2,1,0.34188035,0.8119658,1.6744436,19.611717
720,0,1,0,0.6923077,0.33333334,3.8029215,51.354332
720,0,1,0.25,0.6495727,0.35042736,3.8479695,51.87048
720,0,1,0.5,0.62393165,0.35897437,3.8807943,52.56832
720,0,1,0.75,0.64102566,0.36752138,3.9008558,53.230927
720,0,1,1,0.60683763,0.32478634,3.907846,53.54163
720,0,2,0,0.6666667,0.62393165,3.3875308,33.88159
720,0,2,0.25,0.6666667,0.6495727,3.3577855,33.571938
720,0,2,0.5,0.6495727,0.6581197,3.3391757,33.798775
720,0,2,0.75,0.60683763,0.63247865,3.331523,33.64781
720,0,2,1,0.5641026,0.5897436,3.3347812,33.30568
721,0,1,0,0.7606838,0.50427353,1.5229843,13.595604
721,0,1,0.25,0.8034188,0.52991456,1.5467198,13.7587805
721,0,1,0.5,0.7948718,0.53846157,1.6088673,13.706684
721,0,1,0.75,0.7777778,0.47863248,1.7083995,13.834047
721,0,1,1,0.7948718,0.46153846,1.8438619,14.320137
721,0,2,0,0.6666667,0.62393165,1.7082293,28.833136
721,0,2,0.25,0.5982906,0.64102566,1.7761974,29.877407
721,0,2,0.5,0.5470086,0.62393165,1.8363745,30.746338
721,0,2,0.75,0.51282054,0.62393165,1.8880821,31.156708
721,0,2,1,0.51282054,0.6666667,1.9308724,31.00319
722,0,1,0,0.35042736,0.6837607,1.7911574,31.53099
722,0,1,0.25,0.35042736,0.6666667,1.7981032,31.029766
722,0,1,0.5,0.35042736,0.6495727,1.8058605,30.6585
722,0,1,0.75,0.35897437,0.6837607,1.8141471,30.413021
722,0,1,1,0.35042736,0.6752137,1.8227166,29.759552
722,0,2,0,0.8888889,0.41880342,1.6335483,23.333954
722,0,2,0.25,0.8717949,0.41025642,1.6451265,23.21662
722,0,2,0.5,0.8717949,0.41025642,1.6553391,23.08231
722,0,2,0.75,0.8632479,0.41025642,1.6641581,22.575512
722,0,2,1,0.82905984,0.41025642,1.6718429,22.413425
723,0,1,0,0.53846157,0.71794873,2.2151043,16.56261
723,0,1,0.25,0.46153846,0.7094017,2.2571762,18.296246
723,0,1,0.5,0.37606838,0.64102566,2.2923434,19.359354
723,0,1,0.75,0.35042736,0.61538464,2.3203645,21.057446
723,0,1,1,0.41880342,0.5811966,2.3411496,25.271194
723,0,2,0,0.75213677,0.4957265,2.2742412,24.894466
723,0,2,0.25,0.8119658,0.45299146,2.3089902,24.99566
723,0,2,0.5,0.82905984,0.43589744,2.301415,25.620476
723,0,2,0.75,0.8034188,0.42735043,2.250441,24.243088
723,0,2,1,0.8803419,0.4017094,2.1554847,22.561024
724,0,1,0,0.4017094,1,1.511061,23.741684
724,0,1,0.25,0.3931624,0.982906,1.5224738,23.834158
724,0,1,0.5,0.3846154,0.991453,1.5274069,23.755962
724,0,1,0.75,0.3931624,0.991453,1.5258533,23.594484
724,0,1,1,0.3846154,0.991453,1.5178168,23.445324
724,0,2,0,0.84615386,0.83760685,2.6981974,33.917152
724,0,2,0.25,0.85470086,0.83760685,2.702407,33.51584
724,0,2,0.5,0.8803419,0.8632479,2.7056522,33.165043
724,0,2,0.75,0.8888889,0.85470086,2.7079616,33.001057
724,0,2,1,0.8803419,0.8632479,2.7093627,32.76545
725,0,1,0,0.95726496,0.5555556,2.194407,7.984209
725,0,1,0.25,0.9230769,0.51282054,2.2754843,7.812907
725,0,1,0.5,0.9230769,0.52136755,2.3175635,7.6021194
725,0,1,0.75,0.93162394,0.51282054,2.3223298,6.7224646
725,0,1,1,0.95726496,0.53846157,2.2931917,5.843201
725,0,2,0,0.85470086,0.85470086,2.0249245,7.497479
725,0,2,0.25,0.7692308,0.8034188,2.1489108,8.020283
725,0,2,0.5,0.72649574,0.7606838,2.194676,8.0418
725,0,2,0.75,0.8119658,0.82051283,2.1452758,8.161085
725,0,2,1,0.82905984,0.83760685,1.9924128,7.48692
726,0,1,0,0.41880342,0.9145299,1.4617789,11.451811
726,0,1,0.25,0.41880342,0.8717949,1.4450119,11.781281
726,0,1,0.5,0.41025642,0.8974359,1.4330298,12.752327
726,0,1,0.75,0.4017094,0.8717949,1.4259526,13.599861
726,0,1,1,0.44444445,0.8803419,1.4238545,14.915715
726,0,2,0,0.7692308,0.42735043,2.410126,31.062603
726,0,2,0.25,0.8034188,0.41025642,2.2869368,30.817474
726,0,2,0.5,0.83760685,0.37606838,2.1712792,29.121185
726,0,2,0.75,0.85470086,0.35042736,2.0644195,26.709263
726,0,2,1,0.8803419,0.3846154,1.9677925,25.119986
727,0,1,0,0.5641026,0.47863248,4.3836007,35.81816
727,0,1,0.25,0.53846157,0.46153846,4.374218,35.43696
727,0,1,0.5,0.5897436,0.44444445,4.374226,34.939137
727,0,1,0.75,0.61538464,0.42735043,4.3834195,35.347057
727,0,1,1,0.5897436,0.44444445,4.4016356,33.933327
727,0,2,0,0.32478634,0.41025642,3.762562,63.93428
727,0,2,0.25,0.33333334,0.35042736,3.7976627,61.52877
727,0,2,0.5,0.33333334,0.34188035,3.8091602,58.26449
727,0,2,0.75,0.36752138,0.34188035,3.7960773,58.547333
727,0,2,1,0.4017094,0.4017094,3.7578876,58.025703
728,0,1,0,0.41880342,0.74358976,2.406602,30.030611
728,0,1,0.25,0.3846154,0.74358976,2.5065277,22.783024
728,0,1,0.5,0.35897437,0.74358976,2.6273034,17.935589
728,0,1,0.75,0.35897437,0.7094017,2.7662008,16.77632
728,0,1,1,0.35042736,0.6837607,2.9206347,16.505087
728,0,2,0,0.52991456,0.7863248,1.452327,19.2803
728,0,2,0.25,0.3931624,0.7948718,1.5555338,16.588205
728,0,2,0.5,0.3931624,0.8034188,1.6946262,14.596173
728,0,2,0.75,0.32478634,0.7692308,1.8615798,13.304958
728,0,2,1,0.2991453,0.71794873,2.0495963,11.608006
729,0,1,0,0.35897437,0.52991456,2.6045341,67.31883
729,0,1,0.25,0.31623933,0.42735043,2.618449,59.656013
729,0,1,0.5,0.3931624,0.35042736,2.6484032,54.176254
729,0,1,0.75,0.4957265,0.4017094,2.6938622,49.040066
729,0,1,1,0.60683763,0.50427353,2.7540574,44.56665
729,0,2,0,0.6752137,0.64102566,2.1093051,26.606802
729,0,2,0.25,0.6495727,0.64102566,1.9669205,18.916601
729,0,2,0.5,0.6666667,0.6923077,1.8399079,13.409405
729,0,2,0.75,0.6837607,0.7948718,1.731653,9.369588
729,0,2,1,0.71794873,0.8888889,1.6458617,8.1960125
730,0,1,0,0.8974359,0.33333334,1.2567077,18.806461
730,0,1,0.25,0.9059829,0.33333334,1.2430769,17.961136
730,0,1,0.5,0.9059829,0.31623933,1.2438937,17.946888
730,0,1,0.75,0.8974359,0.31623933,1.2564269,17.505981
730,0,1,1,0.8717949,0.31623933,1.2789866,17.393963
730,0,2,0,0.83760685,0.7777778,1.3169583,24.015976
730,0,2,0.25,0.8717949,0.72649574,1.2567725,22.50834
730,0,2,0.5,0.8974359,0.75213677,1.2233453,21.724035
730,0,2,0.75,0.8803419,0.7008547,1.2153828,21.177927
730,0,2,1,0.8717949,0.6581197,1.2319857,21.269085
731,0,1,0,0.53846157,0.7692308,1.2384875,11.540765
731,0,1,0.25,0.53846157,0.8034188,1.2281462,10.862196
731,0,1,0.5,0.5470086,0.7777778,1.2231394,10.465436
731,0,1,0.75,0.5726496,0.75213677,1.2234826,9.89472
731,0,1,1,0.5726496,0.8034188,1.2291907,9.317646
731,0,2,0,0.2991453,0.5897436,1.5355122,27.817286
731,0,2,0.25,0.34188035,0.63247865,1.543254,26.58876
731,0,2,0.5,0.33333334,0.5897436,1.5481973,25.39301
731,0,2,0.75,0.35042736,0.5982906,1.5503349,24.79219
731,0,2,1,0.33333334,0.5726496,1.5497333,24.084585
732,0,1,0,0.47008547,0.84615386,3.364018,13.829943
732,0,1,0.25,0.47008547,0.83760685,3.3447707,13.78775
732,0,1,0.5,0.47008547,0.82905984,3.3424625,13.640966
732,0,1,0.75,0.47863248,0.8119658,3.357093,13.8031
732,0,1,1,0.47863248,0.8632479,3.3887587,14.184763
732,0,2,0,0.5811966,0.6752137,2.5453548,22.92529
732,0,2,0.25,0.5811966,0.6752137,2.5599258,23.052973
732,0,2,0.5,0.5811966,0.6581197,2.558047,22.756428
732,0,2,0.75,0.5897436,0.6666667,2.5397446,22.675957
732,0,2,1,0.5726496,0.6495727,2.5050747,22.312923
733,0,1,0,0.32478634,0.64102566,1.5701766,30.657475
733,0,1,0.25,0.2991453,0.6752137,1.5763745,31.602497
733,0,1,0.5,0.2905983,0.64102566,1.5867279,31.61214
733,0,1,0.75,0.2991453,0.61538464,1.6011391,32.313244
733,0,1,1,0.2991453,0.5470086,1.6195588,32.586735
733,0,2,0,0.42735043,0.41880342,2.2293189,45.840256
733,0,2,0.25,0.41880342,0.3931624,2.2219653,45.62076
733,0,2,0.5,0.44444445,0.41880342,2.2238712,45.431137
733,0,2,0.75,0.43589744,0.37606838,2.2349434,44.97811
733,0,2,1,0.41880342,0.37606838,2.2550988,46.145508
734,0,1,0,0.5470086,0.64102566,1.6623704,16.592812
734,0,1,0.25,0.5811966,0.7008547,1.6983207,17.443447
734,0,1,0.5,0.60683763,0.72649574,1.719471,17.61913
734,0,1,0.75,0.61538464,0.75213677,1.7256521,17.840076
734,0,1,1,0.62393165,0.7863248,1.7167362,17.681665
734,0,2,0,0.60683763,0.47008547,1.8604966,29.117342
734,0,2,0.25,0.6495727,0.4957265,1.8348806,28.828411
734,0,2,0.5,0.6581197,0.52136755,1.8166051,28.855846
734,0,2,0.75,0.6495727,0.52136755,1.8057634,28.760029
734,0,2,1,0.6666667,0.5470086,1.8024412,28.898096
735,0,1,0,0.7777778,0.6752137,1.5335174,7.916047
735,0,1,0.25,0.7606838,0.6666667,1.660305,9.018563
735,0,1,0.5,0.72649574,0.6837607,1.7895215,8.670575
735,0,1,0.75,0.6495727,0.7692308,1.9206764,11.434059
735,0,1,1,0.63247865,0.8119658,2.0533988,15.091548
735,0,2,0,0.35042736,0.6837607,3.0088787,14.926273
735,0,2,0.25,0.41880342,0.7094017,2.6891396,16.273226
735,0,2,0.5,0.44444445,0.71794873,2.3721313,15.210188
735,0,2,0.75,0.42735043,0.7863248,2.059116,17.760548
735,0,2,1,0.45299146,0.7692308,1.7522343,19.18125
736,0,1,0,0.61538464,0.3846154,1.6348063,16.73442
736,0,1,0.25,0.6837607,0.37606838,1.5389841,15.304081
736,0,1,0.5,0.6752137,0.41025642,1.4855329,14.921907
736,0,1,0.75,0.6923077,0.3931624,1.4749212,14.577994
736,0,1,1,0.6837607,0.35042736,1.5072423,14.839817
736,0,2,0,0.2991453,0.52136755,2.0584266,21.64127
736,0,2,0.25,0.35897437,0.64102566,2.1150794,22.670221
736,0,2,0.5,0.35042736,0.6923077,2.136252,23.32365
736,0,2,0.75,0.37606838,0.6581197,2.1220038,23.86382
736,0,2,1,0.31623933,0.5641026,2.0724533,23.886065
737,0,1,0,0.5982906,0.5555556,1.8389002,25.478203
737,0,1,0.25,0.64102566,0.61538464,1.8840771,26.61043
737,0,1,0.5,0.61538464,0.5811966,1.9303097,25.773678
737,0,1,0.75,0.5982906,0.6495727,1.976435,26.453104
737,0,1,1,0.6495727,0.74358976,2.0215013,28.33717
737,0,2,0,0.6495727,0.47008547,2.0412717,29.109318
737,0,2,0.25,0.75213677,0.5470086,1.9026114,26.185196
737,0,2,0.5,0.7948718,0.53846157,1.826679,24.26932
737,0,2,0.75,0.7863248,0.5555556,1.7965214,24.104107
737,0,2,1,0.74358976,0.4871795,1.8015296,25.30233
738,0,1,0,0.47008547,0.75213677,1.7958292,32.758923
738,0,1,0.25,0.47008547,0.7777778,1.7964096,32.343018
738,0,1,0.5,0.47008547,0.7948718,1.7940893,31.914228
738,0,1,0.75,0.47863248,0.8119658,1.7888284,31.841368
738,0,1,1,0.4871795,0.82905984,1.780598,31.33102
738,0,2,0,0.73504275,0.63247865,2.1520562,49.681904
738,0,2,0.25,0.74358976,0.64102566,2.1396925,48.553635
738,0,2,0.5,0.7606838,0.60683763,2.1285203,46.49711
738,0,2,0.75,0.7777778,0.5555556,2.1186476,44.108917
738,0,2,1,0.7777778,0.5726496,2.1102028,43.283356
739,0,1,0,0.35897437,0.5811966,1.6908981,42.55317
739,0,1,0.25,0.36752138,0.5641026,1.6969671,39.985058
739,0,1,0.5,0.3846154,0.60683763,1.7003759,38.971115
739,0,1,0.75,0.3846154,0.63247865,1.7006651,38.879288
739,0,1,1,0.4017094,0.64102566,1.6977196,38.712906
739,0,2,0,0.52136755,0.6923077,1.4254366,35.829445
739,0,2,0.25,0.5641026,0.6923077,1.4171119,35.141285
739,0,2,0.5,0.5726496,0.7008547,1.4135518,34.23113
739,0,2,0.75,0.5897436,0.7008547,1.4147414,33.68586
739,0,2,1,0.61538464,0.7094017,1.4206972,33.48082
740,0,1,0,0.9059829,0.2991453,3.5967555,31.091194
740,0,1,0.25,0.82051283,0.2905983,3.7371385,39.2535
740,0,1,0.5,0.71794873,0.33333334,3.8779664,48.37721
740,0,1,0.75,0.5811966,0.36752138,4.0191927,55.530807
740,0,1,1,0.42735043,0.35042736,4.1607766,57.300613
740,0,2,0,0.82051283,0.5897436,2.2492561,18.682245
740,0,2,0.25,0.73504275,0.6581197,2.2292216,22.337814
740,0,2,0.5,0.62393165,0.61538464,2.210415,24.497856
740,0,2,0.75,0.47863248,0.63247865,2.192868,25.312752
740,0,2,1,0.3846154,0.5811966,2.176611,27.63598
741,0,1,0,0.3846154,0.82905984,2.1069171,22.627953
741,0,1,0.25,0.3931624,0.82051283,2.1030989,22.865341
741,0,1,0.5,0.3846154,0.7948718,2.104839,23.189789
741,0,1,0.75,0.37606838,0.8119658,2.1121206,23.063128
741,0,1,1,0.36752138,0.7948718,2.124929,23.3483
741,0,2,0,0.43589744,0.60683763,3.9510293,57.041252
741,0,2,0.25,0.44444445,0.60683763,3.9472816,57.2149
741,0,2,0.5,0.46153846,0.60683763,3.9451206,56.61718
741,0,2,0.75,0.4957265,0.5982906,3.9444916,56.80404
741,0,2,1,0.50427353,0.60683763,3.9454234,57.155983
742,0,1,0,0.6495727,0.5555556,1.409005,14.2716255
742,0,1,0.25,0.6923077,0.5811966,1.428274,14.689526
742,0,1,0.5,0.7008547,0.60683763,1.4628799,14.258861
742,0,1,0.75,0.7094017,0.63247865,1.5117793,14.848978
742,0,1,1,0.6495727,0.6495727,1.5742766,14.207457
742,0,2,0,0.32478634,0.60683763,1.547977,9.32717
742,0,2,0.25,0.33333334,0.6495727,1.5336483,9.59615
742,0,2,0.5,0.3931624,0.7008547,1.5370343,9.87657
742,0,2,0.75,0.4017094,0.72649574,1.5581418,10.343955
742,0,2,1,0.41025642,0.73504275,1.5971241,11.028154
743,0,1,0,0.37606838,0.5811966,3.2465749,55.012947
743,0,1,0.25,0.37606838,0.5897436,3.229888,51.982597
743,0,1,0.5,0.35042736,0.62393165,3.213764,51.073418
743,0,1,0.75,0.35042736,0.63247865,3.1982105,51.602158
743,0,1,1,0.36752138,0.62393165,3.1832373,49.498405
743,0,2,0,0.5726496,0.5641026,1.8791784,22.373882
743,0,2,0.25,0.5555556,0.60683763,1.9031118,22.23049
743,0,2,0.5,0.5641026,0.62393165,1.9270821,23.2402
743,0,2,0.75,0.5726496,0.6581197,1.9510883,24.831747
743,0,2,1,0.5641026,0.63247865,1.975129,24.149033
744,0,1,0,0.41880342,0.8717949,1.5611701,19.739033
744,0,1,0.25,0.47008547,0.85470086,1.7491326,20.537365
744,0,1,0.5,0.47008547,0.82905984,1.9821426,24.134056
744,0,1,0.75,0.45299146,0.8119658,2.2462242,28.5027
744,0,1,1,0.43589744,0.73504275,2.5316727,34.10149
744,0,2,0,0.9230769,0.42735043,1.2758448,9.042525
744,0,2,0.25,0.83760685,0.30769232,1.4351853,9.131895
744,0,2,0.5,0.9230769,0.2905983,1.5955402,10.035149
744,0,2,0.75,0.8888889,0.30769232,1.756631,12.2933445
744,0,2,1,0.8717949,0.31623933,1.9182729,14.604916
745,0,1,0,0.2991453,0.4017094,4.311898,32.507652
745,0,1,0.25,0.35897437,0.3931624,4.281425,31.66106
745,0,1,0.5,0.4017094,0.3931624,4.2757993,32.78884
745,0,1,0.75,0.42735043,0.3931624,4.294767,33.62381
745,0,1,1,0.41880342,0.3846154,4.3381605,37.149143
745,0,2,0,0.61538464,0.41880342,2.3001049,14.186816
745,0,2,0.25,0.6495727,0.44444445,2.3147116,14.991556
745,0,2,0.5,0.71794873,0.46153846,2.305522,15.677853
745,0,2,0.75,0.74358976,0.46153846,2.2732394,16.522158
745,0,2,1,0.7777778,0.45299146,2.2187974,17.839783
746,0,1,0,0.4957265,0.85470086,1.2466923,13.534188
746,0,1,0.25,0.47863248,0.7777778,1.398335,16.936092
746,0,1,0.5,0.47863248,0.6923077,1.5691253,21.513327
746,0,1,0.75,0.43589744,0.5982906,1.7534775,25.846249
746,0,1,1,0.3931624,0.51282054,1.9475437,31.721386
746,0,2,0,0.62393165,0.74358976,1.5961975,18.4903
746,0,2,0.25,0.5811966,0.63247865,1.6106573,22.800177
746,0,2,0.5,0.52991456,0.60683763,1.6427726,27.59181
746,0,2,0.75,0.52136755,0.60683763,1.6915377,31.598063
746,0,2,1,0.42735043,0.51282054,1.755566,36.17282
747,0,1,0,0.5726496,0.9059829,2.0406296,12.896778
747,0,1,0.25,0.5726496,0.9059829,2.053666,13.265102
747,0,1,0.5,0.5726496,0.8974359,2.0741596,13.529966
747,0,1,0.75,0.5641026,0.9059829,2.1021078,13.817222
747,0,1,1,0.5726496,0.8974359,2.137626,14.211552
747,0,2,0,0.74358976,0.7094017,2.2099347,23.16875
747,0,2,0.25,0.75213677,0.71794873,2.212865,23.572859
747,0,2,0.5,0.74358976,0.71794873,2.209118,23.701944
747,0,2,0.75,0.72649574,0.6581197,2.1998713,23.513845
747,0,2,1,0.73504275,0.6666667,2.186776,23.566319
748,0,1,0,0.4017094,0.9145299,2.3752823,37.53017
748,0,1,0.25,0.3931624,0.9059829,2.3755076,37.41502
748,0,1,0.5,0.41880342,0.9059829,2.3808424,36.991264
748,0,1,0.75,0.42735043,0.9145299,2.391229,36.81578
748,0,1,1,0.44444445,0.9230769,2.4066541,36.399025
748,0,2,0,0.75213677,0.47008547,2.7042692,48.74147
748,0,2,0.25,0.73504275,0.46153846,2.706298,46.679443
748,0,2,0.5,0.73504275,0.43589744,2.697416,46.03033
748,0,2,0.75,0.73504275,0.42735043,2.677696,46.195587
748,0,2,1,0.75213677,0.42735043,2.6472223,45.830345
749,0,1,0,0.30769232,0.35897437,2.626591,50.106224
749,0,1,0.25,0.34188035,0.37606838,2.3172948,48.81151
749,0,1,0.5,0.35042736,0.2905983,2.0010474,48.278534
749,0,1,0.75,0.3846154,0.31623933,1.7112496,44.095802
749,0,1,1,0.5726496,0.3846154,1.4447752,35.83575
749,0,2,0,0.6666667,0.64102566,1.4971038,15.297684
749,0,2,0.25,0.6581197,0.5470086,1.522257,16.43541
749,0,2,0.5,0.5982906,0.35042736,1.7010602,24.843866
749,0,2,0.75,0.45299146,0.2991453,1.9460027,34.684185
749,0,2,1,0.3931624,0.2905983,2.1956465,47.819115
750,0,1,0,0.8632479,0.5641026,1.8377626,23.735989
750,0,1,0.25,0.84615386,0.5555556,1.9238406,24.589817
750,0,1,0.5,0.84615386,0.6495727,2.0671172,27.049244
750,0,1,0.75,0.84615386,0.74358976,2.256724,29.359234
750,0,1,1,0.7606838,0.74358976,2.4820664,31.181578
750,0,2,0,0.8119658,0.6495727,2.1819694,11.427923
750,0,2,0.25,0.71794873,0.64102566,2.3874826,15.18368
750,0,2,0.5,0.7008547,0.6837607,2.5936415,19.082445
750,0,2,0.75,0.7094017,0.7777778,2.8003042,23.287556
750,0,2,1,0.60683763,0.8034188,3.0073662,27.894009
751,0,1,0,0.35042736,0.62393165,1.3779136,23.246492
751,0,1,0.25,0.35897437,0.61538464,1.3495373,22.741909
751,0,1,0.5,0.36752138,0.5982906,1.3301654,22.542948
751,0,1,0.75,0.36752138,0.5897436,1.3197074,22.52707
751,0,1,1,0.3931624,0.60683763,1.3181123,21.86438
751,0,2,0,0.44444445,0.36752138,4.0688925,80.89248
751,0,2,0.25,0.46153846,0.36752138,4.060443,79.0105
751,0,2,0.5,0.47008547,0.3931624,4.0555778,77.34531
751,0,2,0.75,0.43589744,0.41025642,4.0543413,76.661606
751,0,2,1,0.45299146,0.41025642,4.0567985,75.6569
752,0,1,0,0.6837607,0.35042736,2.642972,33.843006
752,0,1,0.25,0.63247865,0.3846154,2.6128144,34.594208
752,0,1,0.5,0.5811966,0.41025642,2.5806282,35.551388
752,0,1,0.75,0.52136755,0.46153846,2.547482,35.284184
752,0,1,1,0.47863248,0.4871795,2.5152333,35.128
752,0,2,0,0.8119658,0.51282054,1.2792882,9.080095
752,0,2,0.25,0.8034188,0.4871795,1.2928451,8.98169
752,0,2,0.5,0.8632479,0.4957265,1.3183568,9.105695
752,0,2,0.75,0.8888889,0.4871795,1.3556731,9.402849
752,0,2,1,0.8974359,0.4957265,1.4046196,9.303188
753,0,1,0,0.74358976,0.6666667,1.2867734,10.504256
753,0,1,0.25,0.9059829,0.6752137,1.4946555,7.0463705
753,0,1,0.5,0.9145299,0.6752137,1.7243077,5.6300173
753,0,1,0.75,0.8632479,0.6666667,1.9681243,6.187417
753,0,1,1,0.7692308,0.62393165,2.221446,8.387928
753,0,2,0,0.82051283,0.3931624,4.2332883,15.026925
753,0,2,0.25,0.84615386,0.35042736,4.121347,18.475813
753,0,2,0.5,0.8119658,0.41025642,4.0139384,24.43201
753,0,2,0.75,0.7008547,0.43589744,3.9114344,28.09333
753,0,2,1,0.51282054,0.3846154,3.8142312,30.439022
754,0,1,0,0.6923077,0.8974359,1.366,18.6313
754,0,1,0.25,0.53846157,0.8803419,1.4272703,18.227325
754,0,1,0.5,0.43589744,0.8632479,1.4903107,16.149324
754,0,1,0.75,0.34188035,0.7692308,1.5549062,14.453968
754,0,1,1,0.35042736,0.7606838,1.620871,13.339233
754,0,2,0,0.74358976,0.8632479,1.51746,12.63453
754,0,2,0.25,0.6923077,0.7948718,1.6371523,17.143475
754,0,2,0.5,0.5897436,0.7948718,1.7721398,21.76279
754,0,2,0.75,0.44444445,0.7606838,1.9191971,27.263397
754,0,2,1,0.33333334,0.75213677,2.0757608,30.97324
755,0,1,0,0.6581197,0.5811966,2.8858976,12.904766
755,0,1,0.25,0.85470086,0.43589744,3.0260046,12.010922
755,0,1,0.5,0.6666667,0.41880342,3.2079804,10.090187
755,0,1,0.75,0.7777778,0.4017094,3.4251592,16.006983
755,0,1,1,0.75213677,0.43589744,3.6712987,23.677578
755,0,2,0,0.73504275,0.5897436,1.6975552,10.7572155
755,0,2,0.25,0.6837607,0.4017094,1.9901731,21.824352
755,0,2,0.5,0.45299146,0.35897437,2.3327866,23.60273
755,0,2,0.75,0.41025642,0.35042736,2.7064753,36.1616
755,0,2,1,0.34188035,0.3846154,3.1000218,45.589012
756,0,1,0,0.52991456,0.5641026,2.6268396,27.482803
756,0,1,0.25,0.50427353,0.6666667,2.4192386,24.345654
756,0,1,0.5,0.35042736,0.6581197,2.2134733,20.256998
756,0,1,0.75,0.3931624,0.6666667,2.0101066,16.540428
756,0,1,1,0.30769232,0.6495727,1.809949,18.746218
756,0,2,0,0.7863248,0.3931624,1.6826795,6.6977625
756,0,2,0.25,0.8803419,0.3931624,1.7642733,9.763926
756,0,2,0.5,0.82051283,0.3931624,1.8586327,13.206269
756,0,2,0.75,0.83760685,0.35042736,1.9639183,16.684368
756,0,2,1,0.75213677,0.44444445,2.0784712,19.98085
757,0,1,0,0.45299146,0.36752138,4.681835,58.934784
757,0,1,0.25,0.4871795,0.3846154,4.711179,62.064003
757,0,1,0.5,0.51282054,0.41025642,4.727811,63.885296
757,0,1,0.75,0.4957265,0.43589744,4.7316427,64.01184
757,0,1,1,0.52991456,0.43589744,4.7226048,64.05091
757,0,2,0,0.47008547,0.5641026,2.5127063,24.23172
757,0,2,0.25,0.52991456,0.5811966,2.479208,24.943577
757,0,2,0.5,0.5726496,0.6666667,2.460159,26.20033
757,0,2,0.75,0.5982906,0.7008547,2.454494,26.87114
757,0,2,1,0.5811966,0.74358976,2.461801,26.809616
758,0,1,0,0.4957265,0.51282054,1.9845529,23.537521
758,0,1,0.25,0.4871795,0.4957265,1.9811834,22.522472
758,0,1,0.5,0.52136755,0.47863248,1.9784607,21.717854
758,0,1,0.75,0.53846157,0.43589744,1.9763875,20.628777
758,0,1,1,0.52136755,0.45299146,1.9749657,19.761778
758,0,2,0,0.4871795,0.72649574,1.4143842,12.865662
758,0,2,0.25,0.52136755,0.7606838,1.4359915,12.0409775
758,0,2,0.5,0.5555556,0.75213677,1.459437,11.250321
758,0,2,0.75,0.5555556,0.72649574,1.4846333,9.9834585
758,0,2,1,0.53846157,0.75213677,1.5114934,9.6802845
759,0,1,0,0.45299146,0.8803419,1.8460243,20.381683
759,0,1,0.25,0.41880342,0.7863248,1.9444293,24.778757
759,0,1,0.5,0.42735043,0.7008547,1.9654016,29.350792
759,0,1,0.75,0.4017094,0.63247865,1.9097354,31.800068
759,0,1,1,0.36752138,0.50427353,1.7827339,34.673622
759,0,2,0,0.52136755,0.8119658,1.6437747,22.078959
759,0,2,0.25,0.4957265,0.74358976,1.5256902,21.549633
759,0,2,0.5,0.50427353,0.74358976,1.4698672,23.216057
759,0,2,0.75,0.46153846,0.6837607,1.4787481,25.092941
759,0,2,1,0.47863248,0.6581197,1.5524651,29.270329
760,0,1,0,0.6581197,0.35897437,1.4344873,17.232758
760,0,1,0.25,0.6581197,0.52136755,1.5549198,15.271656
760,0,1,0.5,0.71794873,0.60683763,1.6764078,14.754783
760,0,1,0.75,0.7692308,0.6666667,1.7987381,11.979982
760,0,1,1,0.8034188,0.73504275,1.9217508,7.3575315
760,0,2,0,0.75213677,0.2991453,2.2365403,26.017239
760,0,2,0.25,0.82905984,0.3846154,2.1886299,24.381405
760,0,2,0.5,0.7094017,0.44444445,2.1924531,21.851631
760,0,2,0.75,0.7863248,0.37606838,2.2477458,18.696407
760,0,2,1,0.85470086,0.33333334,2.3508801,15.677208
761,0,1,0,0.61538464,0.37606838,2.0934844,25.78223
761,0,1,0.25,0.5555556,0.3931624,2.0389125,25.627731
761,0,1,0.5,0.6495727,0.3931624,1.9811859,24.470284
761,0,1,0.75,0.6923077,0.41025642,1.9189306,23.390839
761,0,1,1,0.71794873,0.4017094,1.8512461,21.660294
761,0,2,0,0.61538464,0.36752138,2.492674,29.158155
761,0,2,0.25,0.52136755,0.30769232,2.5295684,30.025879
761,0,2,0.5,0.52136755,0.3846154,2.5723403,31.162151
761,0,2,0.75,0.5982906,0.36752138,2.620765,31.986465
761,0,2,1,0.53846157,0.35897437,2.6745853,33.764744
762,0,1,0,0.7008547,0.4017094,2.1771054,21.856842
762,0,1,0.25,0.74358976,0.4017094,2.2018502,22.49076
762,0,1,0.5,0.73504275,0.41880342,2.227118,22.247473
762,0,1,0.75,0.73504275,0.45299146,2.2528915,22.155712
762,0,1,1,0.74358976,0.4871795,2.2791533,22.47527
762,0,2,0,0.5811966,0.44444445,1.8456812,17.375004
762,0,2,0.25,0.5726496,0.47008547,1.8319472,17.365227
762,0,2,0.5,0.5897436,0.44444445,1.8184711,17.803278
762,0,2,0.75,0.61538464,0.43589744,1.8052591,18.335234
762,0,2,1,0.6495727,0.4017094,1.7923169,19.367807
763,0,1,0,0.63247865,0.5897436,2.0366268,22.407536
763,0,1,0.25,0.53846157,0.5641026,2.091605,14.0844
763,0,1,0.5,0.62393165,0.61538464,2.1678097,7.4365926
763,0,1,0.75,0.7008547,0.64102566,2.263097,7.331083
763,0,1,1,0.64102566,0.6837607,2.3751721,8.854636
763,0,2,0,0.5982906,0.60683763,2.043974,14.171495
763,0,2,0.25,0.6666667,0.5726496,1.9653097,8.671164
763,0,2,0.5,0.7863248,0.50427353,1.9064196,10.884741
763,0,2,0.75,0.7606838,0.44444445,1.8691739,13.970469
763,0,2,1,0.74358976,0.31623933,1.8548769,16.573675
764,0,1,0,0.8717949,0.53846157,3.2985632,28.581833
764,0,1,0.25,0.9059829,0.53846157,3.3011394,28.864027
764,0,1,0.5,0.9230769,0.5555556,3.290647,28.97897
764,0,1,0.75,0.9230769,0.5641026,3.2670033,28.765087
764,0,1,1,0.9145299,0.5641026,3.2301867,28.724022
764,0,2,0,0.84615386,0.7948718,1.4397348,8.909255
764,0,2,0.25,0.8717949,0.7692308,1.4142199,8.464338
764,0,2,0.5,0.8803419,0.7948718,1.4060178,8.222627
764,0,2,0.75,0.85470086,0.8119658,1.4146295,8.1198635
764,0,2,1,0.8632479,0.7777778,1.4397048,8.218853
765,0,1,0,0.35042736,0.82051283,2.6244798,37.10106
765,0,1,0.25,0.31623933,0.7948718,2.6171627,35.468014
765,0,1,0.5,0.33333334,0.82905984,2.6325047,34.2305
765,0,1,0.75,0.32478634,0.7863248,2.6649559,33.984562
765,0,1,1,0.2991453,0.8034188,2.7129157,33.304222
765,0,2,0,0.5470086,0.3846154,2.9557047,24.505486
765,0,2,0.25,0.7606838,0.62393165,2.691466,24.82021
765,0,2,0.5,0.74358976,0.62393165,2.5390244,24.98521
765,0,2,0.75,0.71794873,0.61538464,2.4750264,25.085205
765,0,2,1,0.60683763,0.6495727,2.4914467,26.268486
766,0,1,0,0.974359,0.32478634,3.864663,20.629143
766,0,1,0.25,0.982906,0.30769232,3.737586,13.5355
766,0,1,0.5,1,0.31623933,3.6417446,10.362705
766,0,1,0.75,0.991453,0.36752138,3.5796487,13.717316
766,0,1,1,0.95726496,0.3846154,3.553068,20.195915
766,0,2,0,0.31623933,0.6923077,2.3465831,28.653545
766,0,2,0.25,0.44444445,0.7606838,2.255605,21.506422
766,0,2,0.5,0.5641026,0.8119658,2.183727,14.422256
766,0,2,0.75,0.5726496,0.8803419,2.1328802,8.300761
766,0,2,1,0.5811966,0.93162394,2.1045904,6.668495
767,0,1,0,0.43589744,0.4017094,2.0532832,34.0074
767,0,1,0.25,0.42735043,0.43589744,2.0438924,34.76201
767,0,1,0.5,0.43589744,0.37606838,2.0438735,35.73549
767,0,1,0.75,0.43589744,0.41025642,2.0532286,37.47899
767,0,1,1,0.47863248,0.3931624,2.07197,38.435074
767,0,2,0,0.47008547,0.42735043,2.1488695,32.946068
767,0,2,0.25,0.45299146,0.43589744,2.150525,32.901897
767,0,2,0.5,0.44444445,0.42735043,2.1448088,33.78224
767,0,2,0.75,0.45299146,0.41025642,2.1317718,35.0655
767,0,2,1,0.5555556,0.37606838,2.1114926,36.689613
768,0,1,0,0.64102566,0.5555556,2.6861243,45.065155
768,0,1,0.25,0.72649574,0.60683763,2.656242,48.037415
768,0,1,0.5,0.6923077,0.63247865,2.6281652,50.09066
768,0,1,0.75,0.6581197,0.5897436,2.601953,52.133114
768,0,1,1,0.5982906,0.6495727,2.5776615,54.092697
768,0,2,0,0.991453,0.35042736,2.1398096,26.937279
768,0,2,0.25,0.94871795,0.35897437,2.175013,27.509703
768,0,2,0.5,0.94871795,0.35897437,2.2118008,28.173347
768,0,2,0.75,0.974359,0.33333334,2.2500958,28.577602
768,0,2,1,0.95726496,0.35042736,2.2898219,29.03585
769,0,1,0,0.82051283,0.32478634,2.4961581,25.537983
769,0,1,0.25,0.82051283,0.32478634,2.4874103,26.617863
769,0,1,0.5,0.8632479,0.31623933,2.4805052,27.83971
769,0,1,0.75,0.8888889,0.32478634,2.4754848,28.339474
769,0,1,1,0.8803419,0.31623933,2.472396,28.486427
769,0,2,0,0.72649574,0.30769232,1.6145713,15.7542515
769,0,2,0.25,0.73504275,0.33333334,1.6090057,15.899982
769,0,2,0.5,0.74358976,0.33333334,1.6082405,16.411798
769,0,2,0.75,0.75213677,0.34188035,1.6122522,16.969063
769,0,2,1,0.72649574,0.34188035,1.6210527,16.866356
770,0,1,0,0.82905984,0.6666667,1.5609834,27.240372
770,0,1,0.25,0.8632479,0.6666667,1.5514181,26.391048
770,0,1,0.5,0.85470086,0.6837607,1.5458688,25.91901
770,0,1,0.75,0.8632479,0.6752137,1.5441897,25.573326
770,0,1,1,0.85470086,0.6923077,1.5466318,25.300552
770,0,2,0,0.32478634,0.7606838,2.7734444,42.393143
770,0,2,0.25,0.33333334,0.72649574,2.7591324,42.62085
770,0,2,0.5,0.32478634,0.7094017,2.7562768,42.29835
770,0,2,0.75,0.2905983,0.6923077,2.764827,42.35405
770,0,2,1,0.32478634,0.6837607,2.784743,43.403313
771,0,1,0,0.6837607,0.33333334,3.4136155,18.64391
771,0,1,0.25,0.64102566,0.2991453,3.399286,18.545109
771,0,1,0.5,0.6495727,0.2991453,3.3866563,18.315723
771,0,1,0.75,0.64102566,0.2991453,3.3757424,18.40711
771,0,1,1,0.61538464,0.30769232,3.3665755,18.472599
771,0,2,0,0.37606838,0.34188035,5.021543,77.94358
771,0,2,0.25,0.35897437,0.30769232,5.013913,78.47291
771,0,2,0.5,0.35042736,0.30769232,4.9978166,77.01127
771,0,2,0.75,0.31623933,0.30769232,4.973466,79.677246
771,0,2,1,0.30769232,0.31623933,4.9410872,80.79999
772,0,1,0,0.51282054,0.8803419,1.5975314,22.216942
772,0,1,0.25,0.5555556,0.8803419,1.5995632,22.081404
772,0,1,0.5,0.5641026,0.85470086,1.6051701,22.08947
772,0,1,0.75,0.5470086,0.84615386,1.6141931,22.876312
772,0,1,1,0.5555556,0.84615386,1.626573,23.134115
772,0,2,0,0.43589744,0.8888889,1.2401621,12.516262
772,0,2,0.25,0.45299146,0.8888889,1.2373677,12.564341
772,0,2,0.5,0.44444445,0.8974359,1.2326318,12.423649
772,0,2,0.75,0.44444445,0.8974359,1.2260064,12.458852
772,0,2,1,0.43589744,0.8803419,1.2175428,12.399721
773,0,1,0,0.4017094,0.71794873,2.4731114,37.747612
773,0,1,0.25,0.41025642,0.7008547,2.472157,37.130013
773,0,1,0.5,0.41025642,0.71794873,2.4734254,37.550545
773,0,1,0.75,0.3931624,0.73504275,2.4767835,36.970737
773,0,1,1,0.37606838,0.75213677,2.4821546,37.166054
773,0,2,0,0.42735043,0.72649574,2.756684,47.627853
773,0,2,0.25,0.41880342,0.72649574,2.7472794,48.478806
773,0,2,0.5,0.42735043,0.71794873,2.739099,48.877663
773,0,2,0.75,0.41880342,0.75213677,2.7322133,49.02517
773,0,2,1,0.42735043,0.7606838,2.7266963,48.859383
774,0,1,0,0.35897437,0.7863248,2.4087605,32.084515
774,0,1,0.25,0.36752138,0.85470086,2.4095464,27.471703
774,0,1,0.5,0.41025642,0.93162394,2.4124992,25.04395
774,0,1,0.75,0.36752138,0.96581197,2.4176116,23.303783
774,0,1,1,0.34188035,0.96581197,2.4248686,21.610916
774,0,2,0,0.60683763,0.7777778,1.4341277,18.726313
774,0,2,0.25,0.52136755,0.62393165,1.5816842,23.039286
774,0,2,0.5,0.46153846,0.60683763,1.7349445,28.261349
774,0,2,0.75,0.41025642,0.63247865,1.8925226,32.10687
774,0,2,1,0.35042736,0.72649574,2.0534253,34.175053
775,0,1,0,0.6923077,0.83760685,2.015911,25.04655
775,0,1,0.25,0.6752137,0.8034188,2.032585,26.841866
775,0,1,0.5,0.6923077,0.8119658,2.049268,28.30972
775,0,1,0.75,0.6923077,0.7777778,2.065961,29.789154
775,0,1,1,0.6837607,0.7692308,2.0826626,31.603989
775,0,2,0,0.7692308,0.61538464,2.1384897,17.754395
775,0,2,0.25,0.7863248,0.5982906,2.1499794,18.64046
775,0,2,0.5,0.8119658,0.60683763,2.1614802,19.791233
775,0,2,0.75,0.83760685,0.5982906,2.1729918,20.75062
775,0,2,1,0.83760685,0.60683763,2.1845143,21.884655
776,0,1,0,0.4017094,0.35042736,2.7868688,48.316105
776,0,1,0.25,0.41025642,0.36752138,2.8036003,47.82511
776,0,1,0.5,0.46153846,0.37606838,2.8183467,46.801483
776,0,1,0.75,0.45299146,0.34188035,2.8309498,44.968143
776,0,1,1,0.4957265,0.32478634,2.841286,43.699535
776,0,2,0,0.7094017,0.4871795,2.6119218,37.815247
776,0,2,0.25,0.7008547,0.4871795,2.5824125,35.99423
776,0,2,0.5,0.6752137,0.47008547,2.5580525,35.489918
776,0,2,0.75,0.73504275,0.44444445,2.5389116,33.79477
776,0,2,1,0.7606838,0.41880342,2.5250955,33.105225
777,0,1,0,0.82905984,0.50427353,2.1215935,20.593136
777,0,1,0.25,0.7863248,0.52136755,2.108589,20.321766
777,0,1,0.5,0.8119658,0.53846157,2.1074293,20.424093
777,0,1,0.75,0.8119658,0.53846157,2.1179893,20.512506
777,0,1,1,0.8119658,0.5555556,2.1402178,20.538069
777,0,2,0,0.51282054,0.7094017,3.0075777,33.102512
777,0,2,0.25,0.4957265,0.71794873,3.0153224,33.982506
777,0,2,0.5,0.51282054,0.7008547,3.018964,34.645966
777,0,2,0.75,0.47863248,0.7008547,3.0184917,34.797115
777,0,2,1,0.47008547,0.72649574,3.0138927,35.33796
778,0,1,0,0.51282054,0.42735043,2.7836673,38.68297
778,0,1,0.25,0.50427353,0.3931624,2.754944,37.080307
778,0,1,0.5,0.51282054,0.36752138,2.7334197,36.414284
778,0,1,0.75,0.51282054,0.35897437,2.7192957,35.839634
778,0,1,1,0.52991456,0.34188035,2.7128432,36.40031
778,0,2,0,0.42735043,0.4871795,4.238122,80.3105
778,0,2,0.25,0.4017094,0.47008547,4.1850705,78.083145
778,0,2,0.5,0.46153846,0.45299146,4.1518226,78.73262
778,0,2,0.75,0.46153846,0.46153846,4.1385593,77.37868
778,0,2,1,0.4871795,0.47008547,4.1455526,78.21274
779,0,1,0,0.52136755,0.41880342,3.7754576,48.4337
779,0,1,0.25,0.52136755,0.41025642,3.7977622,49.704227
779,0,1,0.5,0.4871795,0.3846154,3.8126435,50.53822
779,0,1,0.75,0.50427353,0.35897437,3.820027,50.785828
779,0,1,1,0.4871795,0.37606838,3.8198457,50.84176
779,0,2,0,0.6837607,0.84615386,1.2250949,6.878374
779,0,2,0.25,0.72649574,0.84615386,1.2381157,7.1313806
779,0,2,0.5,0.7008547,0.8803419,1.2494636,7.2285476
779,0,2,0.75,0.6923077,0.8888889,1.2589643,7.2299
779,0,2,1,0.6837607,0.8803419,1.2666361,7.0896564
780,0,1,0,0.47008547,0.6495727,1.755864,27.002522
780,0,1,0.25,0.46153846,0.6837607,1.7572391,26.533428
780,0,1,0.5,0.46153846,0.6495727,1.7615749,26.384125
780,0,1,0.75,0.4871795,0.5811966,1.7687736,25.898163
780,0,1,1,0.4871795,0.5982906,1.7788045,26.118013
780,0,2,0,0.44444445,0.52136755,1.806115,28.738228
780,0,2,0.25,0.47863248,0.53846157,1.7927692,29.156612
780,0,2,0.5,0.4957265,0.5470086,1.7873949,29.560322
780,0,2,0.75,0.52991456,0.52991456,1.7899523,29.22117
780,0,2,1,0.5555556,0.51282054,1.8004949,28.637894
781,0,1,0,0.36752138,0.71794873,1.7050595,37.97138
781,0,1,0.25,0.3931624,0.5897436,1.739918,36.74585
781,0,1,0.5,0.44444445,0.53846157,1.7939588,35.400936
781,0,1,0.75,0.51282054,0.5641026,1.8407114,34.65311
781,0,1,1,0.52991456,0.51282054,1.8738815,34.044384
781,0,2,0,0.6837607,0.3846154,1.3356167,9.530222
781,0,2,0.25,0.7948718,0.4017094,1.4194428,11.762884
781,0,2,0.5,0.82051283,0.4017094,1.4755636,12.959015
781,0,2,0.75,0.8119658,0.41880342,1.4992149,13.633314
781,0,2,1,0.7863248,0.37606838,1.4883606,13.904753
782,0,1,0,0.85470086,0.42735043,2.0388734,29.008568
782,0,1,0.25,0.8034188,0.44444445,2.072585,31.386744
782,0,1,0.5,0.7777778,0.51282054,2.0733004,33.124893
782,0,1,0.75,0.7606838,0.5555556,2.0396998,34.08727
782,0,1,1,0.6666667,0.5982906,1.9712706,35.67409
782,0,2,0,0.35042736,0.7948718,1.6467768,21.779934
782,0,2,0.25,0.35042736,0.7777778,1.5896492,22.578545
782,0,2,0.5,0.35897437,0.7606838,1.5105547,22.736237
782,0,2,0.75,0.36752138,0.75213677,1.4102818,23.237267
782,0,2,1,0.3846154,0.71794873,1.2898027,22.844019
783,0,1,0,0.52991456,0.3846154,2.0522144,14.295296
783,0,1,0.25,0.7692308,0.4871795,1.9467019,16.774342
783,0,1,0.5,0.7777778,0.45299146,1.9445405,16.97026
783,0,1,0.75,0.7948718,0.5641026,2.0712042,17.153307
783,0,1,1,0.7692308,0.5811966,2.4274158,18.418339
783,0,2,0,0.4957265,0.60683763,1.7303319,14.357122
783,0,2,0.25,0.6923077,0.6923077,1.624866,18.01751
783,0,2,0.5,0.72649574,0.50427353,1.5316818,20.066776
783,0,2,0.75,0.7606838,0.41025642,1.4445183,17.6329
783,0,2,1,0.7948718,0.3931624,1.314623,14.401331
784,0,1,0,0.8632479,0.51282054,1.6287459,13.5981245
784,0,1,0.25,0.8717949,0.4871795,1.9326303,15.953481
784,0,1,0.5,0.84615386,0.51282054,2.2557535,18.713028
784,0,1,0.75,0.82905984,0.53846157,2.5909278,21.022066
784,0,1,1,0.7777778,0.5811966,2.9340255,23.957981
784,0,2,0,0.52991456,0.8717949,1.8009065,8.699651
784,0,2,0.25,0.52991456,0.9059829,1.7246035,8.641548
784,0,2,0.5,0.5470086,0.9059829,1.6638126,8.571913
784,0,2,0.75,0.52991456,0.9059829,1.6202806,8.419565
784,0,2,1,0.52136755,0.9230769,1.5954204,8.309919
785,0,1,0,0.8632479,0.45299146,2.680325,24.092594
785,0,1,0.25,0.8888889,0.51282054,2.482039,21.549076
785,0,1,0.5,0.82905984,0.51282054,2.2930915,17.050638
785,0,1,0.75,0.9145299,0.5811966,2.1159842,16.954636
785,0,1,1,0.93162394,0.61538464,1.9539438,15.378012
785,0,2,0,0.6837607,0.4957265,3.0191565,40.052895
785,0,2,0.25,0.64102566,0.6752137,3.0257626,37.922867
785,0,2,0.5,0.5726496,0.6666667,3.071748,32.693436
785,0,2,0.75,0.4957265,0.64102566,3.1553912,30.86214
785,0,2,1,0.35897437,0.6495727,3.2738078,26.188013
786,0,1,0,0.8034188,0.3931624,1.7458401,23.663298
786,0,1,0.25,0.82051283,0.41025642,1.74092,24.776133
786,0,1,0.5,0.7863248,0.42735043,1.7377921,24.84996
786,0,1,0.75,0.7863248,0.41025642,1.7364204,25.332802
786,0,1,1,0.7606838,0.42735043,1.736771,25.563217
786,0,2,0,0.5555556,0.2991453,3.192302,44.808414
786,0,2,0.25,0.5470086,0.2905983,3.1840289,44.341393
786,0,2,0.5,0.5555556,0.31623933,3.1785197,44.44673
786,0,2,0.75,0.5555556,0.32478634,3.175785,45.05848
786,0,2,1,0.5641026,0.2991453,3.1758583,44.820076
787,0,1,0,0.4957265,0.6666667,1.4267503,22.355453
787,0,1,0.25,0.4871795,0.6923077,1.4293255,22.103443
787,0,1,0.5,0.47863248,0.71794873,1.4437628,21.344847
787,0,1,0.75,0.47863248,0.72649574,1.4698286,20.679398
787,0,1,1,0.44444445,0.74358976,1.5072606,20.429762
787,0,2,0,0.47008547,0.3846154,2.64647,48.839073
787,0,2,0.25,0.35897437,0.41880342,2.6301134,48.545685
787,0,2,0.5,0.33333334,0.36752138,2.6097102,46.942955
787,0,2,0.75,0.32478634,0.34188035,2.5854206,45.5149
787,0,2,1,0.4957265,0.32478634,2.5574088,55.630356
788,0,1,0,0.8119658,0.41025642,2.1170502,21.31676
788,0,1,0.25,0.8632479,0.41025642,2.0979812,22.108637
788,0,1,0.5,0.85470086,0.43589744,2.0746825,21.69614
788,0,1,0.75,0.84615386,0.45299146,2.0492783,22.068184
788,0,1,1,0.7606838,0.37606838,2.0279312,22.226854
788,0,2,0,0.41025642,0.5555556,3.2694552,26.896275
788,0,2,0.25,0.42735043,0.50427353,3.237901,26.533268
788,0,2,0.5,0.47008547,0.45299146,3.2103508,27.252335
788,0,2,0.75,0.4957265,0.41025642,3.1872144,29.175068
788,0,2,1,0.50427353,0.3931624,3.1704762,33.63244
789,0,1,0,0.4957265,0.43589744,4.062697,39.336388
789,0,1,0.25,0.52991456,0.4017094,4.0704975,39.32209
789,0,1,0.5,0.53846157,0.3846154,4.0779567,38.943966
789,0,1,0.75,0.5555556,0.36752138,4.0850077,38.93903
789,0,1,1,0.5470086,0.37606838,4.091585,38.44208
789,0,2,0,0.63247865,0.5982906,3.311318,28.024529
789,0,2,0.25,0.60683763,0.5555556,3.3002715,27.093437
789,0,2,0.5,0.5897436,0.5726496,3.285159,26.93967
789,0,2,0.75,0.5555556,0.52136755,3.2660787,26.990543
789,0,2,1,0.5555556,0.5555556,3.2431636,26.644325
790,0,1,0,0.8034188,0.73504275,1.8900734,11.832514
790,0,1,0.25,0.7777778,0.7094017,1.7920791,11.498405
790,0,1,0.5,0.7008547,0.7094017,1.7009845,12.801551
790,0,1,0.75,0.6495727,0.6923077,1.617956,15.161249
790,0,1,1,0.61538464,0.5811966,1.5442945,18.346237
790,0,2,0,0.63247865,0.47008547,1.7271423,19.865366
790,0,2,0.25,0.71794873,0.4871795,1.7343777,24.04169
790,0,2,0.5,0.7606838,0.4871795,1.7611537,28.301384
790,0,2,0.75,0.6752137,0.45299146,1.8066027,30.710796
790,0,2,1,0.5982906,0.3931624,1.8693633,34.01237
791,0,1,0,0.2991453,0.75213677,2.2341309,27.162127
791,0,1,0.25,0.30769232,0.7777778,2.1356945,23.501873
791,0,1,0.5,0.32478634,0.7692308,2.0610204,19.741245
791,0,1,0.75,0.35042736,0.82051283,2.0102298,17.850395
791,0,1,1,0.34188035,0.8803419,1.9831555,15.63105
791,0,2,0,0.6495727,0.7094017,1.552882,24.611694
791,0,2,0.25,0.6666667,0.71794873,1.5573142,24.047424
791,0,2,0.5,0.6752137,0.75213677,1.5867953,24.205791
791,0,2,0.75,0.61538464,0.7863248,1.6415176,23.630043
791,0,2,1,0.61538464,0.7863248,1.721731,23.516508
792,0,1,0,0.3931624,0.36752138,2.6774988,45.121536
792,0,1,0.25,0.3846154,0.36752138,2.676072,45.33833
792,0,1,0.5,0.37606838,0.37606838,2.6746192,45.30397
792,0,1,0.75,0.4017094,0.3846154,2.6730945,44.797173
792,0,1,1,0.3931624,0.3846154,2.6714945,44.394608
792,0,2,0,0.37606838,0.41880342,2.8832664,49.55967
792,0,2,0.25,0.36752138,0.42735043,2.8849711,49.33374
792,0,2,0.5,0.36752138,0.46153846,2.8845282,51.192028
792,0,2,0.75,0.32478634,0.47863248,2.8819406,51.898277
792,0,2,1,0.31623933,0.45299146,2.8772235,51.987698
793,0,1,0,0.45299146,0.42735043,3.7264576,62.875195
793,0,1,0.25,0.47863248,0.46153846,3.7087343,64.12112
793,0,1,0.5,0.41025642,0.44444445,3.6910157,64.28315
793,0,1,0.75,0.42735043,0.47863248,3.6733027,65.71643
793,0,1,1,0.47863248,0.4957265,3.6555943,64.4218
793,0,2,0,0.6666667,0.5641026,1.7865514,29.842003
793,0,2,0.25,0.6581197,0.52136755,1.783483,31.847197
793,0,2,0.5,0.5897436,0.4957265,1.7804374,32.05006
793,0,2,0.75,0.5811966,0.47863248,1.7774143,32.618015
793,0,2,1,0.5555556,0.47008547,1.7744143,33.79036
794,0,1,0,0.2991453,0.82051283,3.3449826,39.78392
794,0,1,0.25,0.43589744,0.82051283,3.2311006,41.833603
794,0,1,0.5,0.6581197,0.73504275,3.1184475,43.560345
794,0,1,0.75,0.73504275,0.64102566,3.0071623,45.15957
794,0,1,1,0.8034188,0.52136755,2.8974025,45.723755
794,0,2,0,0.4017094,0.8717949,2.7012575,31.645767
794,0,2,0.25,0.4957265,0.82905984,2.5212498,31.298697
794,0,2,0.5,0.60683763,0.7606838,2.389097,31.083797
794,0,2,0.75,0.64102566,0.6666667,2.3130162,32.40138
794,0,2,1,0.6495727,0.7008547,2.2985818,34.23037
795,0,1,0,0.6752137,0.5470086,1.6281854,27.142925
795,0,1,0.25,0.61538464,0.62393165,1.5633258,26.356964
795,0,1,0.5,0.60683763,0.5982906,1.5012429,25.38628
795,0,1,0.75,0.61538464,0.64102566,1.4423788,25.674397
795,0,1,1,0.5982906,0.6923077,1.3871747,24.606693
795,0,2,0,0.5726496,0.51282054,1.4101943,29.230843
795,0,2,0.25,0.5555556,0.51282054,1.4202639,28.766129
795,0,2,0.5,0.6752137,0.52991456,1.4378572,29.9314
795,0,2,0.75,0.7008547,0.5470086,1.4630283,31.482594
795,0,2,1,0.6495727,0.5811966,1.4959081,30.697659
796,0,1,0,0.61538464,0.47863248,1.8217742,25.6563
796,0,1,0.25,0.63247865,0.47008547,1.7324148,23.43481
796,0,1,0.5,0.6837607,0.46153846,1.6476189,22.022331
796,0,1,0.75,0.73504275,0.46153846,1.5681276,19.992596
796,0,1,1,0.82051283,0.52136755,1.4947873,18.120895
796,0,2,0,0.5811966,0.44444445,2.0894494,33.752975
796,0,2,0.25,0.6581197,0.43589744,1.9608334,30.591707
796,0,2,0.5,0.73504275,0.41025642,1.8373528,28.700478
796,0,2,0.75,0.7606838,0.36752138,1.7201141,25.428291
796,0,2,1,0.7692308,0.4017094,1.6104814,23.10704
797,0,1,0,0.6837607,1,1.3387924,2.6645422
797,0,1,0.25,0.6923077,1,1.2600735,2.7831955
797,0,1,0.5,0.7008547,0.982906,1.2543263,3.5380826
797,0,1,0.75,0.7008547,0.974359,1.3225026,4.709715
797,0,1,1,0.7094017,0.991453,1.4542423,5.9388447
797,0,2,0,0.9059829,0.52136755,1.5113198,8.27771
797,0,2,0.25,0.95726496,0.53846157,1.5269539,7.930482
797,0,2,0.5,0.974359,0.53846157,1.627853,7.457778
797,0,2,0.75,1,0.51282054,1.7997333,7.483965
797,0,2,1,1,0.43589744,2.0245965,7.4444604
798,0,1,0,0.32478634,0.85470086,1.2845057,29.440582
798,0,1,0.25,0.32478634,0.85470086,1.2759613,28.84919
798,0,1,0.5,0.35042736,0.82905984,1.268113,27.74899
798,0,1,0.75,0.35042736,0.8034188,1.2608868,27.082272
798,0,1,1,0.32478634,0.82905984,1.2543174,26.335041
798,0,2,0,0.7948718,0.4871795,1.5832245,40.3415
798,0,2,0.25,0.83760685,0.44444445,1.5562835,39.24832
798,0,2,0.5,0.8803419,0.3846154,1.5407069,38.608448
798,0,2,0.75,0.8717949,0.3931624,1.5365034,38.002518
798,0,2,1,0.8888889,0.35897437,1.5438268,37.79557
799,0,1,0,0.82905984,0.52136755,3.045491,17.549644
799,0,1,0.25,0.85470086,0.6666667,3.2376308,17.528505
799,0,1,0.5,0.82905984,0.7606838,3.429928,18.38317
799,0,1,0.75,0.7948718,0.8119658,3.6223571,20.55571
799,0,1,1,0.72649574,0.8034188,3.8148985,23.487125
799,0,2,0,0.46153846,0.45299146,4.792992,33.95558
799,0,2,0.25,0.43589744,0.44444445,4.7313757,34.558174
799,0,2,0.5,0.51282054,0.5726496,4.6712866,40.79469
799,0,2,0.75,0.42735043,0.61538464,4.6127853,42.65373
799,0,2,1,0.4017094,0.60683763,4.555934,43.807316
800,0,1,0,0.7008547,0.42735043,2.5021696,20.350056
800,0,1,0.25,0.7094017,0.44444445,2.4690404,20.254051
800,0,1,0.5,0.7094017,0.45299146,2.4379818,20.32148
800,0,1,0.75,0.7094017,0.47863248,2.4084096,20.076302
800,0,1,1,0.71794873,0.47863248,2.3801355,20.522224
800,0,2,0,0.9059829,0.60683763,1.3071127,9.639779
800,0,2,0.25,0.8888889,0.60683763,1.3353107,9.56218
800,0,2,0.5,0.8717949,0.5982906,1.3699393,9.839636
800,0,2,0.75,0.84615386,0.5811966,1.4107267,10.031921
800,0,2,1,0.8034188,0.5555556,1.4573944,10.295541
801,0,1,0,0.35042736,0.41880342,3.981987,35.51117
801,0,1,0.25,0.37606838,0.41025642,3.9947126,36.533474
801,0,1,0.5,0.4017094,0.3931624,4.004086,37.972145
801,0,1,0.75,0.3931624,0.3846154,4.0099163,37.139534
801,0,1,1,0.3931624,0.41880342,4.0121264,37.516655
801,0,2,0,0.5982906,0.6495727,2.2689996,17.012758
801,0,2,0.25,0.5811966,0.62393165,2.2922559,17.381721
801,0,2,0.5,0.5641026,0.63247865,2.3055844,16.961784
801,0,2,0.75,0.5555556,0.64102566,2.3089287,16.91017
801,0,2,1,0.5555556,0.6495727,2.3022645,17.170938
802,0,1,0,0.6752137,0.75213677,3.112999,10.056566
802,0,1,0.25,0.6752137,0.73504275,3.1277943,10.188042
802,0,1,0.5,0.6752137,0.73504275,3.1400936,10.2508545
802,0,1,0.75,0.6752137,0.74358976,3.1498265,10.179311
802,0,1,1,0.6752137,0.73504275,3.1569247,10.353689
802,0,2,0,0.6923077,0.7008547,2.601631,15.462149
802,0,2,0.25,0.6923077,0.74358976,2.6093707,15.630268
802,0,2,0.5,0.6923077,0.75213677,2.616248,15.729853
802,0,2,0.75,0.6923077,0.74358976,2.6221702,15.602665
802,0,2,1,0.6837607,0.7606838,2.6270628,15.959869
803,0,1,0,0.47863248,0.7948718,1.6754769,26.583366
803,0,1,0.25,0.47863248,0.7948718,1.6921327,27.341362
803,0,1,0.5,0.51282054,0.8119658,1.7035432,27.975655
803,0,1,0.75,0.5470086,0.82051283,1.7098057,29.015547
803,0,1,1,0.5470086,0.7863248,1.7110964,29.065044
803,0,2,0,0.35897437,0.4957265,4.401658,86.78516
803,0,2,0.25,0.36752138,0.4871795,4.390737,87.253975
803,0,2,0.5,0.36752138,0.4957265,4.378393,87.21745
803,0,2,0.75,0.36752138,0.47863248,4.364601,88.446205
803,0,2,1,0.35897437,0.46153846,4.349465,88.65485
804,0,1,0,0.5726496,0.7606838,2.7559116,7.003066
804,0,1,0.25,0.5641026,0.7777778,2.7631655,6.9759545
804,0,1,0.5,0.5555556,0.7863248,2.7701218,6.996972
804,0,1,0.75,0.5555556,0.75213677,2.7767038,7.171933
804,0,1,1,0.5726496,0.75213677,2.782838,7.364512
804,0,2,0,0.60683763,0.5726496,4.149178,28.557356
804,0,2,0.25,0.61538464,0.5555556,4.15011,29.126999
804,0,2,0.5,0.5811966,0.5641026,4.152137,29.073425
804,0,2,0.75,0.5982906,0.52991456,4.1552396,29.348392
804,0,2,1,0.60683763,0.4871795,4.1593986,29.96245
805,0,1,0,0.7094017,0.71794873,1.6001784,8.295485
805,0,1,0.25,0.71794873,0.72649574,1.5703357,8.190236
805,0,1,0.5,0.72649574,0.73504275,1.5720991,8.425694
805,0,1,0.75,0.73504275,0.71794873,1.5923622,8.308403
805,0,1,1,0.6837607,0.6666667,1.6205027,8.53941
805,0,2,0,0.5470086,0.8803419,1.6725018,9.158379
805,0,2,0.25,0.53846157,0.8974359,1.7688359,10.639908
805,0,2,0.5,0.50427353,0.8717949,1.7770938,11.5569515
805,0,2,0.75,0.41025642,0.85470086,1.7026366,12.681215
805,0,2,1,0.34188035,0.8119658,1.5576043,12.641091
806,0,1,0,0.3931624,0.6837607,2.4646149,29.486544
806,0,1,0.25,0.5897436,0.74358976,2.3138726,23.118595
806,0,1,0.5,0.7606838,0.9145299,2.1822662,17.16864
806,0,1,0.75,0.8119658,0.96581197,2.0734441,11.179796
806,0,1,1,0.7863248,0.8717949,1.9911443,7.9266706
806,0,2,0,0.35042736,0.8888889,1.2338614,17.424429
806,0,2,0.25,0.41880342,0.8717949,1.3226037,22.88848
806,0,2,0.5,0.46153846,0.94871795,1.4120535,28.174583
806,0,2,0.75,0.5982906,0.8717949,1.5020841,31.057182
806,0,2,1,0.71794873,0.7606838,1.5925969,29.524944
807,0,1,0,0.7692308,0.5982906,1.6906235,19.428968
807,0,1,0.25,0.83760685,0.6581197,1.8510424,20.437965
807,0,1,0.5,0.8034188,0.75213677,2.066041,21.716995
807,0,1,0.75,0.7948718,0.75213677,2.3204978,24.635302
807,0,1,1,0.6837607,0.7777778,2.6028662,27.23035
807,0,2,0,0.9059829,0.53846157,1.4640657,21.890667
807,0,2,0.25,0.9230769,0.5726496,1.4316794,20.47217
807,0,2,0.5,0.974359,0.46153846,1.4672006,19.451939
807,0,2,0.75,0.84615386,0.42735043,1.5660151,17.915962
807,0,2,1,0.9145299,0.42735043,1.7172314,17.040138
808,0,1,0,0.83760685,0.32478634,2.159651,18.750507
808,0,1,0.25,0.84615386,0.34188035,2.1652734,17.896103
808,0,1,0.5,0.84615386,0.33333334,2.1591818,16.697384
808,0,1,0.75,0.85470086,0.34188035,2.141279,15.880938
808,0,1,1,0.8717949,0.33333334,2.1115043,15.851541
808,0,2,0,0.8803419,0.47863248,1.6585786,14.616926
808,0,2,0.25,0.84615386,0.4871795,1.6709481,14.598135
808,0,2,0.5,0.83760685,0.51282054,1.6916443,14.95192
808,0,2,0.75,0.83760685,0.51282054,1.7204784,15.415332
808,0,2,1,0.83760685,0.50427353,1.7572899,15.985394
809,0,1,0,0.42735043,0.35897437,1.4142946,33.1481
809,0,1,0.25,0.4871795,0.33333334,1.3998646,32.29413
809,0,1,0.5,0.4871795,0.35042736,1.3916285,32.2179
809,0,1,0.75,0.47863248,0.33333334,1.3890052,30.568169
809,0,1,1,0.4957265,0.41880342,1.3914626,29.321959
809,0,2,0,0.52136755,0.47008547,1.4150413,26.966053
809,0,2,0.25,0.5470086,0.42735043,1.3965132,26.147984
809,0,2,0.5,0.51282054,0.43589744,1.4013884,25.383028
809,0,2,0.75,0.50427353,0.41025642,1.4289784,25.461065
809,0,2,1,0.53846157,0.43589744,1.4788065,25.501762
810,0,1,0,0.73504275,0.64102566,1.3020967,7.3427534
810,0,1,0.25,0.72649574,0.6837607,1.3090954,7.2715874
810,0,1,0.5,0.71794873,0.7008547,1.3093082,7.228942
810,0,1,0.75,0.6837607,0.7094017,1.3027568,7.3617697
810,0,1,1,0.7008547,0.71794873,1.2894818,7.2674365
810,0,2,0,0.61538464,0.5726496,1.3099561,28.417616
810,0,2,0.25,0.6495727,0.5726496,1.3083825,27.251331
810,0,2,0.5,0.6495727,0.61538464,1.3093504,26.503654
810,0,2,0.75,0.6495727,0.61538464,1.3127756,25.951225
810,0,2,1,0.64102566,0.5982906,1.318599,25.376331
811,0,1,0,0.35042736,0.63247865,2.843547,43.358833
811,0,1,0.25,0.36752138,0.6581197,2.8400316,43.24852
811,0,1,0.5,0.4017094,0.64102566,2.8332212,42.70803
811,0,1,0.75,0.3931624,0.64102566,2.8231752,42.31536
811,0,1,1,0.32478634,0.61538464,2.8099554,41.026703
811,0,2,0,0.41880342,0.974359,1.3132962,17.342506
811,0,2,0.25,0.44444445,0.96581197,1.2950296,17.051052
811,0,2,0.5,0.44444445,0.95726496,1.2805176,17.181732
811,0,2,0.75,0.3931624,0.974359,1.2699392,17.01164
811,0,2,1,0.36752138,0.982906,1.2635242,16.60814
812,0,1,0,0.4957265,0.6752137,2.7294967,30.427322
812,0,1,0.25,0.50427353,0.62393165,2.4157367,27.458683
812,0,1,0.5,0.5641026,0.72649574,2.1032383,21.443382
812,0,1,0.75,0.62393165,0.8034188,1.7926623,14.582058
812,0,1,1,0.44444445,0.83760685,1.4852139,8.641115
812,0,2,0,0.71794873,0.7606838,1.7796825,12.341782
812,0,2,0.25,0.75213677,0.7094017,1.7138711,12.398923
812,0,2,0.5,0.72649574,0.63247865,1.6541129,13.395493
812,0,2,0.75,0.60683763,0.6837607,1.6010859,13.395617
812,0,2,1,0.47863248,0.7606838,1.5554781,16.69202
813,0,1,0,0.30769232,0.50427353,2.2899144,43.666817
813,0,1,0.25,0.31623933,0.52136755,2.2869668,41.865616
813,0,1,0.5,0.34188035,0.4957265,2.2884989,42.098194
813,0,1,0.75,0.3846154,0.4957265,2.2944279,42.952255
813,0,1,1,0.4017094,0.51282054,2.3047557,43.199444
813,0,2,0,0.8803419,0.5641026,1.2315059,10.368052
813,0,2,0.25,0.8717949,0.5811966,1.225554,10.075508
813,0,2,0.5,0.8888889,0.5897436,1.2290759,9.809714
813,0,2,0.75,0.8974359,0.60683763,1.2418954,9.735975
813,0,2,1,0.8974359,0.60683763,1.2639686,9.786077
814,0,1,0,0.44444445,0.8632479,1.8612638,7.893326
814,0,1,0.25,0.52991456,0.8119658,2.2207863,10.469881
814,0,1,0.5,0.46153846,0.7863248,2.5837233,12.925018
814,0,1,0.75,0.46153846,0.6666667,2.9488134,14.442381
814,0,1,1,0.3846154,0.5897436,3.3153465,15.101366
814,0,2,0,0.47863248,0.6923077,3.0269418,16.916061
814,0,2,0.25,0.4871795,0.7008547,3.2382488,18.163975
814,0,2,0.5,0.47863248,0.63247865,3.4676917,19.756123
814,0,2,0.75,0.53846157,0.5897436,3.7119086,19.365616
814,0,2,1,0.52136755,0.5555556,3.968174,19.658852
815,0,1,0,0.6752137,0.4957265,2.6321864,21.987204
815,0,1,0.25,0.63247865,0.5555556,2.674442,22.285463
815,0,1,0.5,0.5897436,0.5982906,2.7239406,22.788479
815,0,1,0.75,0.53846157,0.64102566,2.77966,23.357292
815,0,1,1,0.51282054,0.74358976,2.8406737,23.436947
815,0,2,0,0.8034188,0.43589744,2.1023352,23.013544
815,0,2,0.25,0.7948718,0.44444445,2.0650747,24.212128
815,0,2,0.5,0.72649574,0.47008547,2.1007988,24.310017
815,0,2,0.75,0.7094017,0.46153846,2.2077878,25.085278
815,0,2,1,0.6837607,0.47863248,2.3860207,24.695314
816,0,1,0,0.36752138,0.9059829,2.5545094,35.607353
816,0,1,0.25,0.47008547,0.94871795,2.375948,34.38257
816,0,1,0.5,0.5811966,0.93162394,2.2243412,32.223244
816,0,1,0.75,0.6666667,0.94017094,2.1003592,30.23954
816,0,1,1,0.7008547,0.9230769,2.004816,28.667114
816,0,2,0,0.62393165,0.71794873,1.8029498,25.194744
816,0,2,0.25,0.85470086,0.6495727,1.8472612,23.261154
816,0,2,0.5,0.85470086,0.5726496,1.8739247,21.202255
816,0,2,0.75,0.8717949,0.52991456,1.8795226,19.146172
816,0,2,1,0.9059829,0.47863248,1.8614992,17.351639
817,0,1,0,0.5811966,0.42735043,3.9678092,40.547436
817,0,1,0.25,0.93162394,0.45299146,3.834185,39.335342
817,0,1,0.5,0.8034188,0.36752138,3.7308235,37.722183
817,0,1,0.75,0.6495727,0.32478634,3.7705634,40.76693
817,0,1,1,0.63247865,0.2991453,3.8468945,55.63033
817,0,2,0,0.7777778,0.82051283,2.5104704,34.752106
817,0,2,0.25,0.8717949,0.60683763,2.7765539,38.953064
817,0,2,0.5,0.7777778,0.35042736,3.0833414,39.551178
817,0,2,0.75,0.5897436,0.2905983,3.4758968,50.626568
817,0,2,1,0.30769232,0.2991453,3.876233,62.014748
818,0,1,0,0.3846154,0.8803419,1.5353951,29.855053
818,0,1,0.25,0.36752138,0.8888889,1.507407,28.98481
818,0,1,0.5,0.35042736,0.8803419,1.480485,28.25135
818,0,1,0.75,0.31623933,0.9230769,1.4548868,28.057579
818,0,1,1,0.30769232,0.8717949,1.4309673,27.743187
818,0,2,0,0.83760685,0.6923077,2.0837774,41.66723
818,0,2,0.25,0.8034188,0.6581197,2.0843167,43.020493
818,0,2,0.5,0.7777778,0.6923077,2.0780008,42.756577
818,0,2,0.75,0.7777778,0.71794873,2.0648181,42.664894
818,0,2,1,0.7008547,0.72649574,2.0447738,41.777557
819,0,1,0,0.7948718,0.71794873,2.3716102,7.9024982
819,0,1,0.25,0.7863248,0.7094017,2.3386788,7.8249874
819,0,1,0.5,0.83760685,0.71794873,2.3087468,8.076677
819,0,1,0.75,0.8632479,0.71794873,2.2818632,8.361799
819,0,1,1,0.82051283,0.75213677,2.2582786,8.43324
819,0,2,0,0.8717949,0.37606838,2.6820183,21.722954
819,0,2,0.25,0.84615386,0.41880342,2.7289891,22.191044
819,0,2,0.5,0.85470086,0.44444445,2.7670968,22.238462
819,0,2,0.75,0.85470086,0.46153846,2.7959595,22.212784
819,0,2,1,0.82905984,0.44444445,2.8152223,22.188507
820,0,1,0,0.9230769,0.63247865,1.3474165,3.834645
820,0,1,0.25,0.93162394,0.5982906,1.2358333,4.425098
820,0,1,0.5,0.9145299,0.6666667,1.2307861,4.640864
820,0,1,0.75,0.93162394,0.6837607,1.3334851,5.4288664
820,0,1,1,0.8888889,0.6495727,1.5222766,5.347178
820,0,2,0,0.51282054,0.5811966,2.0518572,27.190079
820,0,2,0.25,0.51282054,0.53846157,1.7314144,18.359123
820,0,2,0.5,0.7777778,0.72649574,1.4804219,11.924865
820,0,2,0.75,0.96581197,0.84615386,1.3385353,7.4314346
820,0,2,1,0.95726496,0.7948718,1.3408504,4.7342796
821,0,1,0,0.64102566,0.53846157,1.7442095,26.353077
821,0,1,0.25,0.6752137,0.52136755,1.7087609,28.483812
821,0,1,0.5,0.72649574,0.47863248,1.680163,30.766472
821,0,1,0.75,0.7606838,0.47008547,1.6587704,32.303574
821,0,1,1,0.7948718,0.43589744,1.6448642,32.273888
821,0,2,0,0.5470086,0.43589744,2.356646,34.94117
821,0,2,0.25,0.5641026,0.3846154,2.249459,35.46463
821,0,2,0.5,0.5641026,0.53846157,2.1522348,35.77587
821,0,2,0.75,0.61538464,0.47863248,2.06638,35.64292
821,0,2,1,0.62393165,0.45299146,1.9933646,34.37419
822,0,1,0,0.52991456,0.71794873,1.8260777,13.873917
822,0,1,0.25,0.4871795,0.7008547,1.8149402,13.582112
822,0,1,0.5,0.4957265,0.7094017,1.8108702,14.07731
822,0,1,0.75,0.4957265,0.7094017,1.8138494,14.189541
822,0,1,1,0.47863248,0.7094017,1.8238715,14.342225
822,0,2,0,0.8888889,0.4017094,1.256698,14.246876
822,0,2,0.25,0.8974359,0.3846154,1.2382195,13.494352
822,0,2,0.5,0.8888889,0.3846154,1.227682,13.181213
822,0,2,0.75,0.8717949,0.37606838,1.2251526,12.8706875
822,0,2,1,0.85470086,0.3846154,1.2307041,13.515518
823,0,1,0,0.44444445,0.73504275,1.8533237,38.036415
823,0,1,0.25,0.42735043,0.6752137,1.8454921,37.845467
823,0,1,0.5,0.42735043,0.6495727,1.8376644,37.965824
823,0,1,0.75,0.45299146,0.63247865,1.8298411,38.25859
823,0,1,1,0.44444445,0.62393165,1.8220221,37.775513
823,0,2,0,0.37606838,0.4871795,3.278232,80.52733
823,0,2,0.25,0.36752138,0.47008547,3.273535,83.377914
823,0,2,0.5,0.36752138,0.45299146,3.2688565,83.3528
823,0,2,0.75,0.37606838,0.41025642,3.2641969,81.3297
823,0,2,1,0.3846154,0.34188035,3.2595556,80.75023
824,0,1,0,0.35897437,0.4871795,2.624795,44.81871
824,0,1,0.25,0.35897437,0.4957265,2.622229,44.352158
824,0,1,0.5,0.36752138,0.4957265,2.6196685,43.20408
824,0,1,0.75,0.3846154,0.51282054,2.6171124,41.611885
824,0,1,1,0.41025642,0.51282054,2.6145601,41.69995
824,0,2,0,0.5726496,0.45299146,2.4706137,40.014267
824,0,2,0.25,0.5641026,0.46153846,2.4682403,39.822212
824,0,2,0.5,0.5555556,0.45299146,2.4658837,40.04589
824,0,2,0.75,0.52991456,0.4871795,2.4635448,40.212914
824,0,2,1,0.50427353,0.51282054,2.4612222,39.92901
825,0,1,0,0.74358976,0.6666667,1.8327991,37.308777
825,0,1,0.25,0.7008547,0.75213677,1.9493139,36.837914
825,0,1,0.5,0.5811966,0.73504275,2.0665221,35.09883
825,0,1,0.75,0.52991456,0.7863248,2.1843114,33.135933
825,0,1,1,0.4871795,0.8119658,2.3025928,30.948635
825,0,2,0,0.60683763,0.64102566,1.907951,37.18434
825,0,2,0.25,0.5726496,0.6581197,1.8695456,33.801678
825,0,2,0.5,0.5641026,0.6666667,1.8453734,30.042854
825,0,2,0.75,0.5470086,0.6837607,1.8359962,26.28179
825,0,2,1,0.52136755,0.6666667,1.8416396,23.087088
826,0,1,0,0.53846157,0.45299146,1.8404588,38.94598
826,0,1,0.25,0.53846157,0.46153846,1.839363,39.407753
826,0,1,0.5,0.5641026,0.4957265,1.8391209,39.327003
826,0,1,0.75,0.60683763,0.53846157,1.8397325,39.428272
826,0,1,1,0.5982906,0.5726496,1.8412006,39.5566
826,0,2,0,0.30769232,0.44444445,2.014185,46.66124
826,0,2,0.25,0.33333334,0.45299146,2.0133615,46.778893
826,0,2,0.5,0.34188035,0.43589744,2.0141401,46.267403
826,0,2,0.75,0.35042736,0.43589744,2.0165076,46.136353
826,0,2,1,0.34188035,0.47863248,2.0204535,45.49874
827,0,1,0,0.5555556,0.2991453,1.7720034,18.324558
827,0,1,0.25,0.47008547,0.2905983,1.8456106,12.930158
827,0,1,0.5,0.50427353,0.33333334,1.919904,13.957195
827,0,1,0.75,0.47863248,0.2905983,1.9948076,13.319361
827,0,1,1,0.5641026,0.4017094,2.0702548,13.261084
827,0,2,0,0.53846157,0.5982906,3.3154087,11.911368
827,0,2,0.25,0.5470086,0.62393165,3.5251563,13.190916
827,0,2,0.5,0.5555556,0.5555556,3.7441204,17.375221
827,0,2,0.75,0.47863248,0.50427353,3.9707751,19.465672
827,0,2,1,0.51282054,0.4871795,4.203878,24.193071
828,0,1,0,0.63247865,0.5470086,1.8345413,23.177916
828,0,1,0.25,0.6837607,0.60683763,1.9252759,25.097452
828,0,1,0.5,0.6837607,0.64102566,2.017913,25.57481
828,0,1,0.75,0.64102566,0.72649574,2.1064065,25.446812
828,0,1,1,0.5897436,0.72649574,2.1679947,24.012718
828,0,2,0,0.36752138,0.82051283,1.5227853,16.12799
828,0,2,0.25,0.33333334,0.73504275,1.5575364,9.846363
828,0,2,0.5,0.3931624,0.75213677,1.6758521,13.653238
828,0,2,0.75,0.42735043,0.7606838,1.8334198,20.978695
828,0,2,1,0.53846157,0.72649574,1.923008,21.977516
829,0,1,0,0.5470086,0.31623933,2.5228434,47.917072
829,0,1,0.25,0.52136755,0.32478634,2.5331318,46.72843
829,0,1,0.5,0.52136755,0.33333334,2.537962,47.7107
829,0,1,0.75,0.52136755,0.30769232,2.537317,48.94902
829,0,1,1,0.51282054,0.30769232,2.5311823,48.61819
829,0,2,0,0.7692308,0.35897437,1.5488746,32.01552
829,0,2,0.25,0.7606838,0.34188035,1.5380834,31.02674
829,0,2,0.5,0.7606838,0.33333334,1.528009,30.124966
829,0,2,0.75,0.7692308,0.30769232,1.5187231,29.938292
829,0,2,1,0.73504275,0.31623933,1.5103534,29.329578
830,0,1,0,0.31623933,0.31623933,3.4864273,90.28865
830,0,1,0.25,0.32478634,0.31623933,3.4976192,90.079865
830,0,1,0.5,0.30769232,0.33333334,3.506411,89.61554
830,0,1,0.75,0.31623933,0.31623933,3.512749,89.185165
830,0,1,1,0.34188035,0.30769232,3.5165794,89.457085
830,0,2,0,0.3931624,0.33333334,3.2271833,70.50778
830,0,2,0.25,0.3931624,0.31623933,3.2333508,69.878204
830,0,2,0.5,0.4017094,0.2991453,3.2405381,69.72471
830,0,2,0.75,0.3931624,0.2905983,3.2486863,69.89079
830,0,2,1,0.3931624,0.2905983,3.2577388,68.8645
831,0,1,0,0.5982906,0.5897436,3.7607703,71.426254
831,0,1,0.25,0.5982906,0.52136755,3.7873344,70.35356
831,0,1,0.5,0.5811966,0.51282054,3.8075805,70.2554
831,0,1,0.75,0.5982906,0.50427353,3.82127,70.987015
831,0,1,1,0.5982906,0.50427353,3.8282657,71.860886
831,0,2,0,0.4871795,0.63247865,2.9345882,65.03354
831,0,2,0.25,0.47863248,0.5982906,2.9243608,64.75694
831,0,2,0.5,0.4957265,0.5811966,2.914129,64.47096
831,0,2,0.75,0.4871795,0.5470086,2.9038363,64.56521
831,0,2,1,0.4957265,0.53846157,2.8935459,64.973015
832,0,1,0,0.53846157,0.83760685,1.4307948,7.842997
832,0,1,0.25,0.52991456,0.8632479,1.4085549,7.30744
832,0,1,0.5,0.50427353,0.9145299,1.3926985,6.886775
832,0,1,0.75,0.4957265,0.8803419,1.3833277,6.3272467
832,0,1,1,0.50427353,0.9059829,1.3805442,6.4357166
832,0,2,0,0.36752138,0.63247865,1.354227,30.633333
832,0,2,0.25,0.4017094,0.71794873,1.3351688,29.69014
832,0,2,0.5,0.41025642,0.7008547,1.3210132,29.125603
832,0,2,0.75,0.44444445,0.71794873,1.311818,28.680132
832,0,2,1,0.42735043,0.6752137,1.3076531,28.899815
833,0,1,0,0.42735043,0.5897436,3.591477,19.963478
833,0,1,0.25,0.43589744,0.60683763,3.5962787,19.9494
833,0,1,0.5,0.44444445,0.60683763,3.6034608,19.987156
833,0,1,0.75,0.43589744,0.61538464,3.61296,20.007614
833,0,1,1,0.43589744,0.61538464,3.6247141,19.997074
833,0,2,0,0.7948718,0.5470086,2.7636292,9.691101
833,0,2,0.25,0.7948718,0.5641026,2.7703967,9.658613
833,0,2,0.5,0.7863248,0.5555556,2.7778702,9.452017
833,0,2,0.75,0.7777778,0.5555556,2.7859848,9.325679
833,0,2,1,0.7692308,0.5470086,2.7946863,9.180998
834,0,1,0,0.82051283,0.43589744,1.5347594,21.12248
834,0,1,0.25,0.7777778,0.45299146,1.5299459,22.198528
834,0,1,0.5,0.7606838,0.43589744,1.5123549,22.865593
834,0,1,0.75,0.7606838,0.46153846,1.4814173,23.429173
834,0,1,1,0.7863248,0.46153846,1.4380741,24.088852
834,0,2,0,0.75213677,0.6666667,2.1817856,21.831284
834,0,2,0.25,0.72649574,0.61538464,2.1316495,23.385609
834,0,2,0.5,0.7008547,0.61538464,2.1014466,25.561916
834,0,2,0.75,0.5641026,0.5726496,2.0910544,24.910118
834,0,2,1,0.5641026,0.5897436,2.100269,28.205757
835,0,1,0,0.5897436,0.61538464,2.9672067,24.013062
835,0,1,0.25,0.5897436,0.63247865,2.965997,23.984383
835,0,1,0.5,0.5811966,0.62393165,2.966624,24.106579
835,0,1,0.75,0.5982906,0.60683763,2.9690933,24.418045
835,0,1,1,0.5982906,0.60683763,2.9734194,24.421347
835,0,2,0,0.8119658,0.4017094,4.2518635,27.132494
835,0,2,0.25,0.7692308,0.3846154,4.254117,26.250156
835,0,2,0.5,0.74358976,0.41025642,4.257824,26.85001
835,0,2,0.75,0.7606838,0.3931624,4.2629547,27.022915
835,0,2,1,0.72649574,0.3931624,4.2694807,26.94109
836,0,1,0,0.9230769,0.63247865,1.4125683,19.522108
836,0,1,0.25,0.9145299,0.6495727,1.4137933,19.32166
836,0,1,0.5,0.93162394,0.6495727,1.4054898,19.204859
836,0,1,0.75,0.9145299,0.62393165,1.3876987,19.01028
836,0,1,1,0.94017094,0.6495727,1.3604782,18.91966
836,0,2,0,0.85470086,0.33333334,1.3725219,14.508118
836,0,2,0.25,0.84615386,0.32478634,1.3816252,14.426411
836,0,2,0.5,0.83760685,0.30769232,1.3856552,14.227806
836,0,2,0.75,0.84615386,0.31623933,1.3846375,14.537274
836,0,2,1,0.8717949,0.34188035,1.3787014,14.367971
837,0,1,0,0.8888889,0.73504275,2.3693748,13.442406
837,0,1,0.25,0.8717949,0.73504275,2.3779685,13.6805725
837,0,1,0.5,0.84615386,0.71794873,2.3787596,13.964653
837,0,1,0.75,0.82905984,0.7094017,2.3716574,13.811552
837,0,1,1,0.83760685,0.7008547,2.3566413,13.595987
837,0,2,0,0.75213677,0.93162394,1.4638205,7.727418
837,0,2,0.25,0.75213677,0.93162394,1.461383,7.685262
837,0,2,0.5,0.75213677,0.93162394,1.4618458,7.6846647
837,0,2,0.75,0.75213677,0.9145299,1.4651715,7.7318063
837,0,2,1,0.75213677,0.9145299,1.4713476,7.8024035
838,0,1,0,0.62393165,0.45299146,1.6220187,18.99353
838,0,1,0.25,0.5982906,0.4017094,1.6361752,18.732944
838,0,1,0.5,0.7008547,0.4017094,1.6470556,20.943398
838,0,1,0.75,0.6752137,0.41880342,1.654681,21.882275
838,0,1,1,0.6752137,0.41025642,1.6590831,24.49733
838,0,2,0,0.8119658,0.46153846,1.325596,12.164499
838,0,2,0.25,0.75213677,0.47008547,1.3167038,12.377068
838,0,2,0.5,0.82051283,0.45299146,1.3113775,13.968665
838,0,2,0.75,0.82051283,0.43589744,1.3095503,13.650707
838,0,2,1,0.7777778,0.42735043,1.3111659,14.010561
839,0,1,0,0.52991456,0.42735043,2.024088,33.807987
839,0,1,0.25,0.47863248,0.44444445,2.1287591,35.95913
839,0,1,0.5,0.45299146,0.46153846,2.2107894,37.592964
839,0,1,0.75,0.42735043,0.47008547,2.2667909,38.63391
839,0,1,1,0.4017094,0.50427353,2.2945073,38.619698
839,0,2,0,0.31623933,0.43589744,3.3534791,53.705948
839,0,2,0.25,0.3846154,0.41880342,3.3102996,51.818665
839,0,2,0.5,0.3846154,0.43589744,3.26596,48.761948
839,0,2,0.75,0.41880342,0.44444445,3.219283,48.278915
839,0,2,1,0.42735043,0.44444445,3.1700485,47.41868
840,0,1,0,0.7606838,0.7094017,1.225526,8.995002
840,0,1,0.25,0.61538464,0.62393165,1.3296028,11.127729
840,0,1,0.5,0.47008547,0.61538464,1.4385338,14.76606
840,0,1,0.75,0.41880342,0.5897436,1.5512968,20.127886
840,0,1,1,0.36752138,0.62393165,1.6671145,25.923704
840,0,2,0,0.64102566,0.5555556,2.5019908,22.269386
840,0,2,0.25,0.5982906,0.5726496,2.3134632,26.445168
840,0,2,0.5,0.5897436,0.5470086,2.1364865,30.684341
840,0,2,0.75,0.5555556,0.41880342,1.9741688,33.256294
840,0,2,1,0.5555556,0.32478634,1.8304147,35.35448
841,0,1,0,0.5897436,0.31623933,2.6737294,61.821304
841,0,1,0.25,0.5470086,0.31623933,2.6736789,61.07168
841,0,1,0.5,0.51282054,0.2991453,2.6725292,59.72252
841,0,1,0.75,0.47008547,0.2991453,2.6702638,58.69359
841,0,1,1,0.43589744,0.2991453,2.6668854,58.061394
841,0,2,0,0.8888889,0.42735043,1.5926241,10.357899
841,0,2,0.25,0.9145299,0.43589744,1.5952646,10.10526
841,0,2,0.5,0.94017094,0.44444445,1.5939064,10.111578
841,0,2,0.75,0.94017094,0.43589744,1.5884361,10.311459
841,0,2,1,0.94017094,0.41880342,1.5788633,10.525059
842,0,1,0,0.85470086,0.4957265,1.4460819,5.705231
842,0,1,0.25,0.9230769,0.50427353,1.4359899,5.7256308
842,0,1,0.5,0.95726496,0.51282054,1.4320387,5.8766003
842,0,1,0.75,0.96581197,0.51282054,1.434262,6.098295
842,0,1,1,0.94871795,0.51282054,1.4427642,6.368868
842,0,2,0,0.8119658,0.31623933,1.2921237,12.888294
842,0,2,0.25,0.84615386,0.35042736,1.3004134,12.875253
842,0,2,0.5,0.85470086,0.33333334,1.3104573,12.990818
842,0,2,0.75,0.8717949,0.32478634,1.3222144,13.07369
842,0,2,1,0.8717949,0.30769232,1.3358998,13.200449
843,0,1,0,0.5641026,0.3846154,2.8738542,51.461582
843,0,1,0.25,0.61538464,0.4017094,2.8662357,51.54094
843,0,1,0.5,0.5555556,0.3931624,2.8548532,48.94259
843,0,1,0.75,0.53846157,0.3931624,2.8398407,48.39746
843,0,1,1,0.52136755,0.3931624,2.8213842,48.040863
843,0,2,0,0.37606838,0.35042736,3.0411463,65.8703
843,0,2,0.25,0.3846154,0.34188035,3.060339,65.04379
843,0,2,0.5,0.36752138,0.35897437,3.074219,64.46422
843,0,2,0.75,0.32478634,0.33333334,3.0826488,63.790043
843,0,2,1,0.2905983,0.34188035,3.0855956,63.857933
844,0,1,0,0.47008547,0.8119658,1.3067411,14.607292
844,0,1,0.25,0.3931624,0.82051283,1.3128529,14.44845
844,0,1,0.5,0.43589744,0.8119658,1.348391,15.051088
844,0,1,0.75,0.46153846,0.85470086,1.3962141,14.585718
844,0,1,1,0.53846157,0.85470086,1.4523942,14.971742
844,0,2,0,0.33333334,0.7863248,1.4995595,18.647377
844,0,2,0.25,0.3846154,0.8119658,1.3874209,18.762468
844,0,2,0.5,0.45299146,0.75213677,1.3351666,18.679596
844,0,2,0.75,0.50427353,0.7692308,1.3330826,18.69107
844,0,2,1,0.5897436,0.7606838,1.369964,19.577944
845,0,1,0,0.43589744,0.9230769,1.2886965,16.756275
845,0,1,0.25,0.4017094,0.9230769,1.3869741,16.09259
845,0,1,0.5,0.34188035,0.8034188,1.559346,16.184834
845,0,1,0.75,0.30769232,0.7777778,1.7242678,16.327015
845,0,1,1,0.32478634,0.84615386,1.9015727,18.254522
845,0,2,0,0.72649574,0.50427353,2.2093394,40.520187
845,0,2,0.25,0.6581197,0.6752137,2.3772027,41.616116
845,0,2,0.5,0.51282054,0.61538464,2.5652323,42.683846
845,0,2,0.75,0.4957265,0.7008547,2.7207072,47.149048
845,0,2,1,0.41880342,0.75213677,2.8635654,47.1361
846,0,1,0,0.61538464,0.41880342,1.6165237,15.530832
846,0,1,0.25,0.7863248,0.6752137,1.3653325,11.5366125
846,0,1,0.5,0.72649574,0.82051283,1.4265388,8.63484
846,0,1,0.75,0.63247865,0.93162394,1.5240759,12.318177
846,0,1,1,0.71794873,0.7094017,1.5959295,23.94392
846,0,2,0,0.991453,0.7008547,1.3771294,4.1988883
846,0,2,0.25,0.8888889,0.7008547,1.3650664,8.0426855
846,0,2,0.5,0.84615386,0.7094017,1.6651436,13.369638
846,0,2,0.75,0.62393165,0.61538464,1.9425007,22.494373
846,0,2,1,0.33333334,0.47008547,2.1244254,32.551495
847,0,1,0,0.47008547,0.47008547,3.0428038,40.127075
847,0,1,0.25,0.47008547,0.47008547,3.0419888,40.148754
847,0,1,0.5,0.44444445,0.45299146,3.044054,40.480648
847,0,1,0.75,0.41025642,0.45299146,3.048931,39.089
847,0,1,1,0.3931624,0.45299146,3.0565867,38.85274
847,0,2,0,0.71794873,0.75213677,1.4089656,19.154808
847,0,2,0.25,0.72649574,0.75213677,1.4110813,19.06809
847,0,2,0.5,0.74358976,0.73504275,1.412134,19.315477
847,0,2,0.75,0.73504275,0.75213677,1.4120964,19.379759
847,0,2,1,0.7777778,0.74358976,1.4109564,19.2678
848,0,1,0,0.5897436,0.43589744,1.9353461,24.917809
848,0,1,0.25,0.5897436,0.3846154,1.9346862,24.968159
848,0,1,0.5,0.61538464,0.35042736,1.934898,24.672112
848,0,1,0.75,0.63247865,0.34188035,1.9359702,24.896433
848,0,1,1,0.63247865,0.35042736,1.9378937,25.179203
848,0,2,0,0.41880342,0.8803419,1.9898797,12.523091
848,0,2,0.25,0.43589744,0.8803419,1.9877555,12.682017
848,0,2,0.5,0.42735043,0.8632479,1.9846085,12.415369
848,0,2,0.75,0.41025642,0.8632479,1.9804237,12.960033
848,0,2,1,0.4017094,0.8632479,1.9752246,12.862953
849,0,1,0,0.8119658,0.5470086,1.3038244,9.920056
849,0,1,0.25,0.82905984,0.5982906,1.3391849,10.719362
849,0,1,0.5,0.8119658,0.63247865,1.4121561,10.901935
849,0,1,0.75,0.8034188,0.63247865,1.5173213,11.55436
849,0,1,1,0.82905984,0.60683763,1.6485307,13.009138
849,0,2,0,0.75213677,0.60683763,1.5128953,18.555231
849,0,2,0.25,0.73504275,0.5897436,1.5197531,19.568604
849,0,2,0.5,0.74358976,0.5811966,1.5675526,19.965065
849,0,2,0.75,0.6837607,0.51282054,1.6527455,20.954765
849,0,2,1,0.7094017,0.47863248,1.7699399,22.492664
850,0,1,0,0.96581197,0.7777778,1.2366238,4.2194633
850,0,1,0.25,0.96581197,0.7777778,1.3154032,2.8769112
850,0,1,0.5,0.94017094,0.5641026,1.4963336,3.9357183
850,0,1,0.75,0.9145299,0.52136755,1.7479774,7.409252
850,0,1,1,0.8632479,0.42735043,2.044387,11.453268
850,0,2,0,0.85470086,0.5897436,1.2280915,4.3930855
850,0,2,0.25,0.8803419,0.53846157,1.3639362,6.432124
850,0,2,0.5,0.84615386,0.52991456,1.536752,9.719494
850,0,2,0.75,0.7692308,0.42735043,1.7355297,13.156609
850,0,2,1,0.6495727,0.41880342,1.9523554,15.232397
851,0,1,0,0.9059829,0.5641026,1.2686,14.337463
851,0,1,0.25,0.82905984,0.47863248,1.2792859,11.011595
851,0,1,0.5,0.75213677,0.47863248,1.3060381,9.382123
851,0,1,0.75,0.7692308,0.50427353,1.3479,9.437379
851,0,1,1,0.7692308,0.47863248,1.4035207,10.641358
851,0,2,0,0.85470086,0.2905983,2.2596345,24.059746
851,0,2,0.25,0.85470086,0.2905983,2.2178326,23.541245
851,0,2,0.5,0.8888889,0.2905983,2.190397,23.911068
851,0,2,0.75,0.8717949,0.33333334,2.1778703,24.198723
851,0,2,1,0.7777778,0.36752138,2.1805089,23.441942
852,0,1,0,0.53846157,0.63247865,3.2698548,48.59084
852,0,1,0.25,0.60683763,0.63247865,3.0265584,46.69183
852,0,1,0.5,0.7606838,0.60683763,2.7842371,45.145844
852,0,1,0.75,0.8034188,0.52136755,2.5431707,41.06312
852,0,1,1,0.8888889,0.4957265,2.3037515,37.032204
852,0,2,0,0.41025642,0.74358976,2.6784916,43.96411
852,0,2,0.25,0.5555556,0.74358976,2.6663005,47.808327
852,0,2,0.5,0.7606838,0.7008547,2.6547303,50.14136
852,0,2,0.75,0.8717949,0.52136755,2.643789,50.83744
852,0,2,1,0.82905984,0.31623933,2.633484,47.177128
853,0,1,0,0.5982906,0.32478634,2.2809384,41.954155
853,0,1,0.25,0.5726496,0.31623933,2.2692783,36.009506
853,0,1,0.5,0.5897436,0.31623933,2.3055222,35.519672
853,0,1,0.75,0.50427353,0.32478634,2.3817515,33.00943
853,0,1,1,0.4871795,0.2905983,2.4945612,33.968636
853,0,2,0,0.2991453,0.52991456,2.141786,36.404076
853,0,2,0.25,0.3846154,0.52136755,1.9849854,30.915396
853,0,2,0.5,0.32478634,0.52991456,1.8773322,26.945686
853,0,2,0.75,0.2991453,0.51282054,1.8214937,24.573673
853,0,2,1,0.30769232,0.53846157,1.8261248,24.383951
854,0,1,0,0.60683763,0.5641026,2.210057,24.954748
854,0,1,0.25,0.74358976,0.47008547,2.2988584,24.277485
854,0,1,0.5,0.8034188,0.36752138,2.4095707,22.44458
854,0,1,0.75,0.8974359,0.3931624,2.5393293,17.643627
854,0,1,1,0.93162394,0.30769232,2.685375,17.447437
854,0,2,0,0.5726496,0.4017094,4.931885,19.269646
854,0,2,0.25,0.4871795,0.36752138,4.77639,17.40799
854,0,2,0.5,0.5470086,0.37606838,4.63192,20.266241
854,0,2,0.75,0.62393165,0.50427353,4.499537,20.09286
854,0,2,1,0.53846157,0.4957265,4.380337,19.814941
855,0,1,0,0.74358976,0.35897437,1.9818866,27.519077
855,0,1,0.25,0.7606838,0.37606838,1.9798666,27.56947
855,0,1,0.5,0.74358976,0.3846154,1.9723357,27.734682
855,0,1,0.75,0.72649574,0.3931624,1.9593844,27.956577
855,0,1,1,0.7863248,0.3931624,1.941153,27.591686
855,0,2,0,0.74358976,0.2991453,1.5367063,32.607113
855,0,2,0.25,0.7606838,0.32478634,1.5314702,32.359093
855,0,2,0.5,0.75213677,0.33333334,1.535113,32.441345
855,0,2,0.75,0.73504275,0.34188035,1.5476773,32.8889
855,0,2,1,0.7948718,0.34188035,1.569264,33.303493
856,0,1,0,0.7094017,0.6581197,1.9223593,8.14048
856,0,1,0.25,0.7008547,0.6837607,1.9537902,7.9637537
856,0,1,0.5,0.6837607,0.7094017,1.9353131,8.054904
856,0,1,0.75,0.6837607,0.6923077,1.8617737,8.13233
856,0,1,1,0.6495727,0.75213677,1.7331504,7.9902697
856,0,2,0,0.60683763,0.33333334,4.4224668,24.966034
856,0,2,0.25,0.61538464,0.35897437,4.3834724,24.621098
856,0,2,0.5,0.6495727,0.3931624,4.3555036,23.576624
856,0,2,0.75,0.6581197,0.37606838,4.3386173,22.511028
856,0,2,1,0.62393165,0.36752138,4.33373,21.522541
857,0,1,0,0.5726496,0.8888889,1.3185875,28.148582
857,0,1,0.25,0.5726496,0.8888889,1.3117598,27.73039
857,0,1,0.5,0.5982906,0.9059829,1.3093007,27.272263
857,0,1,0.75,0.63247865,0.9059829,1.3111496,26.78138
857,0,1,1,0.61538464,0.8888889,1.3173177,26.53933
857,0,2,0,0.46153846,0.5470086,2.43261,51.8337
857,0,2,0.25,0.47008547,0.5470086,2.4342296,50.994873
857,0,2,0.5,0.4957265,0.5641026,2.43665,49.75415
857,0,2,0.75,0.47863248,0.5726496,2.4398112,49.190674
857,0,2,1,0.52136755,0.61538464,2.4437594,49.311996
858,0,1,0,0.46153846,0.6923077,2.0059943,14.187853
858,0,1,0.25,0.44444445,0.6666667,1.997384,14.350441
858,0,1,0.5,0.45299146,0.6923077,1.9956477,14.631956
858,0,1,0.75,0.46153846,0.6923077,2.0009384,14.561861
858,0,1,1,0.4871795,0.72649574,2.0135505,14.578236
858,0,2,0,0.72649574,0.4017094,2.4880142,15.244312
858,0,2,0.25,0.72649574,0.3931624,2.4557064,15.332335
858,0,2,0.5,0.73504275,0.3931624,2.4466834,15.573982
858,0,2,0.75,0.75213677,0.41025642,2.4612556,13.675075
858,0,2,1,0.7777778,0.4017094,2.5000718,12.876583
859,0,1,0,0.44444445,0.41025642,2.5416205,46.296116
859,0,1,0.25,0.47008547,0.46153846,2.5184414,47.823517
859,0,1,0.5,0.52136755,0.4871795,2.4865375,48.992584
859,0,1,0.75,0.51282054,0.46153846,2.4457972,50.72988
859,0,1,1,0.4871795,0.4871795,2.3970635,53.211006
859,0,2,0,0.45299146,0.6581197,1.5088491,28.401001
859,0,2,0.25,0.4871795,0.6666667,1.4988014,28.81358
859,0,2,0.5,0.44444445,0.63247865,1.5167766,30.055386
859,0,2,0.75,0.43589744,0.62393165,1.562059,32.429565
859,0,2,1,0.41880342,0.5641026,1.6359555,35.569214
860,0,1,0,0.94017094,0.2991453,1.5605435,17.402704
860,0,1,0.25,0.9230769,0.35042736,1.5402737,18.65229
860,0,1,0.5,0.82905984,0.34188035,1.6115203,20.002169
860,0,1,0.75,0.7863248,0.36752138,1.7634212,20.564022
860,0,1,1,0.7777778,0.33333334,1.990741,21.08336
860,0,2,0,0.95726496,0.5555556,3.536022,8.910154
860,0,2,0.25,0.94871795,0.51282054,3.648245,10.472971
860,0,2,0.5,0.94017094,0.52136755,3.7426069,11.2000885
860,0,2,0.75,0.9145299,0.4871795,3.8149133,11.228076
860,0,2,1,0.8888889,0.4957265,3.8685622,10.840458
861,0,1,0,0.5897436,0.6495727,1.8522,31.684727
861,0,1,0.25,0.5811966,0.6666667,1.853008,31.634224
861,0,1,0.5,0.5555556,0.6837607,1.8537416,31.763304
861,0,1,0.75,0.5555556,0.6837607,1.8543932,32.417294
861,0,1,1,0.5555556,0.6581197,1.8549659,33.090675
861,0,2,0,0.8119658,0.8034188,1.2576505,18.047522
861,0,2,0.25,0.7948718,0.8119658,1.2523646,18.174393
861,0,2,0.5,0.7863248,0.8119658,1.2473698,18.204048
861,0,2,0.75,0.7606838,0.8034188,1.2426541,18.258663
861,0,2,1,0.74358976,0.8034188,1.2382313,18.457396
862,0,1,0,0.94017094,0.52991456,1.3134521,9.983427
862,0,1,0.25,0.93162394,0.3846154,1.5501254,11.821448
862,0,1,0.5,0.71794873,0.30769232,1.763346,12.530643
862,0,1,0.75,0.74358976,0.2991453,1.9628279,20.296242
862,0,1,1,0.6752137,0.41025642,1.8787086,21.981552
862,0,2,0,0.63247865,0.7094017,1.7650145,17.368206
862,0,2,0.25,0.6752137,0.5470086,2.1178277,20.633144
862,0,2,0.5,0.45299146,0.36752138,2.4613438,18.281544
862,0,2,0.75,0.46153846,0.30769232,2.7836378,32.932526
862,0,2,1,0.36752138,0.50427353,2.7244358,37.71163
863,0,1,0,0.6581197,0.47863248,3.2888837,46.517956
863,0,1,0.25,0.75213677,0.51282054,3.0883398,39.156998
863,0,1,0.5,0.82905984,0.4871795,2.892129,33.421352
863,0,1,0.75,0.8803419,0.50427353,2.7011952,28.277714
863,0,1,1,0.94017094,0.4957265,2.5167398,23.172798
863,0,2,0,0.3846154,1,1.3910183,18.536797
863,0,2,0.25,0.47863248,0.8717949,1.7109836,27.170044
863,0,2,0.5,0.4871795,0.6923077,2.0353658,33.66057
863,0,2,0.75,0.60683763,0.63247865,2.3623447,39.07206
863,0,2,1,0.7094017,0.5726496,2.6909747,42.039215
864,0,1,0,0.83760685,0.35897437,1.3957846,9.500876
864,0,1,0.25,0.84615386,0.35897437,1.4011191,9.586285
864,0,1,0.5,0.84615386,0.34188035,1.4040854,9.747665
864,0,1,0.75,0.82905984,0.34188035,1.4045665,9.573994
864,0,1,1,0.82905984,0.34188035,1.4025643,9.5155945
864,0,2,0,0.9059829,0.5982906,1.711028,7.686096
864,0,2,0.25,0.8974359,0.60683763,1.7034833,7.577352
864,0,2,0.5,0.8974359,0.60683763,1.6983413,7.5669584
864,0,2,0.75,0.8974359,0.61538464,1.6956192,7.491454
864,0,2,1,0.8888889,0.60683763,1.6954215,7.3817573
865,0,1,0,0.95726496,0.52136755,1.6607546,12.477613
865,0,1,0.25,0.974359,0.53846157,1.6673703,12.281689
865,0,1,0.5,0.974359,0.52991456,1.6715839,12.055599
865,0,1,0.75,0.974359,0.52136755,1.6733433,11.83308
865,0,1,1,0.96581197,0.50427353,1.6726843,11.697245
865,0,2,0,0.74358976,0.5726496,2.308354,41.48207
865,0,2,0.25,0.7863248,0.5555556,2.3160956,41.084023
865,0,2,0.5,0.7948718,0.53846157,2.322598,40.002945
865,0,2,0.75,0.7777778,0.5470086,2.327614,40.104275
865,0,2,1,0.8119658,0.52991456,2.3310132,38.907246
866,0,1,0,0.8803419,0.36752138,1.8361143,20.71737
866,0,1,0.25,0.8803419,0.3846154,1.8365368,21.838732
866,0,1,0.5,0.8888889,0.34188035,1.8364717,21.36457
866,0,1,0.75,0.84615386,0.34188035,1.8359165,21.127739
866,0,1,1,0.7692308,0.32478634,1.8348691,19.455334
866,0,2,0,0.7863248,0.41025642,3.596916,36.45689
866,0,2,0.25,0.7863248,0.3846154,3.586701,36.678802
866,0,2,0.5,0.7948718,0.3931624,3.5801158,36.35627
866,0,2,0.75,0.75213677,0.37606838,3.5771754,36.56679
866,0,2,1,0.72649574,0.35042736,3.5779042,36.370937
867,0,1,0,0.5555556,0.73504275,1.5803828,17.323374
867,0,1,0.25,0.5641026,0.7606838,1.5783547,18.028236
867,0,1,0.5,0.61538464,0.7606838,1.5788561,17.949549
867,0,1,0.75,0.61538464,0.7777778,1.5818441,18.167849
867,0,1,1,0.60683763,0.75213677,1.5873079,18.276648
867,0,2,0,0.62393165,0.4957265,2.2058876,28.795824
867,0,2,0.25,0.64102566,0.4957265,2.2077506,29.094156
867,0,2,0.5,0.6752137,0.47008547,2.2147903,28.887615
867,0,2,0.75,0.6752137,0.47008547,2.2269604,29.1067
867,0,2,1,0.6837607,0.4871795,2.244229,29.408947
868,0,1,0,0.6666667,0.7863248,2.0446985,14.287826
868,0,1,0.25,0.5811966,0.7777778,1.9919951,15.681473
868,0,1,0.5,0.5811966,0.7863248,1.9940615,17.146082
868,0,1,0.75,0.4957265,0.74358976,2.0505362,18.255527
868,0,1,1,0.44444445,0.6837607,2.1612458,22.048178
868,0,2,0,0.4871795,0.45299146,2.3510075,27.511375
868,0,2,0.25,0.45299146,0.4871795,2.4298363,31.569485
868,0,2,0.5,0.51282054,0.43589744,2.462282,34.00966
868,0,2,0.75,0.5470086,0.45299146,2.4489825,36.575157
868,0,2,1,0.5641026,0.3846154,2.3911362,35.88034
869,0,1,0,0.96581197,0.6581197,1.591646,12.563819
869,0,1,0.25,0.85470086,0.51282054,1.5341893,14.930666
869,0,1,0.5,0.7863248,0.46153846,1.520135,17.810379
869,0,1,0.75,0.75213677,0.44444445,1.5506635,21.576962
869,0,1,1,0.61538464,0.2905983,1.6232615,24.254223
869,0,2,0,0.34188035,0.7008547,2.9492402,32.2175
869,0,2,0.25,0.32478634,0.64102566,2.7750368,34.76445
869,0,2,0.5,0.2991453,0.5897436,2.6057522,37.6187
869,0,2,0.75,0.30769232,0.47863248,2.442409,40.2852
869,0,2,1,0.2905983,0.41880342,2.286281,42.761185
870,0,1,0,0.4017094,0.9145299,2.0900445,11.034662
870,0,1,0.25,0.41880342,0.94017094,1.917394,11.609131
870,0,1,0.5,0.41880342,0.9230769,1.7472552,11.255537
870,0,1,0.75,0.50427353,0.8888889,1.580441,11.898785
870,0,1,1,0.5726496,0.8803419,1.4181232,13.102803
870,0,2,0,0.35897437,0.8803419,1.6867783,15.0891075
870,0,2,0.25,0.3846154,0.7863248,1.6624228,17.011734
870,0,2,0.5,0.37606838,0.7094017,1.6631376,19.244577
870,0,2,0.75,0.35897437,0.6752137,1.6888908,23.330198
870,0,2,1,0.33333334,0.61538464,1.7385699,27.553467
871,0,1,0,0.53846157,0.72649574,2.879198,41.819477
871,0,1,0.25,0.53846157,0.73504275,2.8858807,41.96364
871,0,1,0.5,0.53846157,0.71794873,2.8856196,41.4076
871,0,1,0.75,0.53846157,0.71794873,2.8784492,40.709747
871,0,1,1,0.5555556,0.71794873,2.864442,39.779404
871,0,2,0,0.47863248,0.7008547,2.6524553,39.472275
871,0,2,0.25,0.51282054,0.7094017,2.6563263,39.418724
871,0,2,0.5,0.51282054,0.6837607,2.6558247,39.518448
871,0,2,0.75,0.50427353,0.6752137,2.6509516,38.963036
871,0,2,1,0.52136755,0.6923077,2.64172,38.594883
872,0,1,0,0.7948718,0.30769232,2.3754482,14.037353
872,0,1,0.25,0.8034188,0.32478634,2.3538918,14.214924
872,0,1,0.5,0.8034188,0.31623933,2.3398535,14.373487
872,0,1,0.75,0.7948718,0.30769232,2.3334148,14.466339
872,0,1,1,0.7948718,0.31623933,2.3347456,14.383227
872,0,2,0,0.46153846,0.34188035,2.7095559,28.543736
872,0,2,0.25,0.44444445,0.32478634,2.7044277,28.734077
872,0,2,0.5,0.45299146,0.32478634,2.7041953,28.037289
872,0,2,0.75,0.44444445,0.31623933,2.7086828,27.553654
872,0,2,1,0.4871795,0.33333334,2.7177885,28.03822
873,0,1,0,0.41025642,0.46153846,5.049292,22.395325
873,0,1,0.25,0.4017094,0.46153846,5.0752325,23.176426
873,0,1,0.5,0.41025642,0.45299146,5.0939527,23.184269
873,0,1,0.75,0.41025642,0.3931624,5.105339,22.578197
873,0,1,1,0.41880342,0.3931624,5.1092744,22.53837
873,0,2,0,0.4957265,0.34188035,2.494587,13.934765
873,0,2,0.25,0.52136755,0.37606838,2.4915328,13.707985
873,0,2,0.5,0.51282054,0.35897437,2.4876637,13.748955
873,0,2,0.75,0.53846157,0.36752138,2.483019,13.643504
873,0,2,1,0.5555556,0.35897437,2.4776437,14.069578
874,0,1,0,0.83760685,0.5726496,1.9752281,23.357843
874,0,1,0.25,0.8717949,0.53846157,1.7966683,17.202976
874,0,1,0.5,0.9145299,0.5982906,1.6389195,13.1775875
874,0,1,0.75,0.94017094,0.63247865,1.5085242,10.147537
874,0,1,1,0.974359,0.5982906,1.4130751,8.93339
874,0,2,0,0.9145299,0.45299146,1.348121,10.667845
874,0,2,0.25,0.9145299,0.5555556,1.3051366,10.780718
874,0,2,0.5,0.9230769,0.6581197,1.2680976,11.835726
874,0,2,0.75,0.8803419,0.72649574,1.2375381,12.880865
874,0,2,1,0.8632479,0.8119658,1.2139474,14.040619
875,0,1,0,0.41880342,0.82051283,1.4049019,22.645552
875,0,1,0.25,0.41880342,0.7863248,1.4101899,22.570808
875,0,1,0.5,0.41880342,0.7606838,1.4175714,22.613533
875,0,1,0.75,0.41880342,0.7606838,1.4271383,22.853771
875,0,1,1,0.4017094,0.7863248,1.4390876,23.085318
875,0,2,0,0.36752138,0.82051283,2.488783,14.006434
875,0,2,0.25,0.37606838,0.82051283,2.5015876,13.955894
875,0,2,0.5,0.36752138,0.7863248,2.5057044,13.5629225
875,0,2,0.75,0.35042736,0.75213677,2.5011325,13.285906
875,0,2,1,0.3846154,0.7863248,2.4878807,14.630133
876,0,1,0,0.5982906,0.7094017,1.870981,30.233072
876,0,1,0.25,0.63247865,0.6666667,1.8201137,30.908138
876,0,1,0.5,0.62393165,0.63247865,1.7836558,32.62045
876,0,1,0.75,0.5555556,0.5811966,1.7625014,32.04426
876,0,1,1,0.5470086,0.63247865,1.7572032,32.906757
876,0,2,0,0.30769232,0.85470086,1.6416181,26.548178
876,0,2,0.25,0.33333334,0.7777778,1.6642501,28.669924
876,0,2,0.5,0.36752138,0.74358976,1.699422,31.474941
876,0,2,0.75,0.3931624,0.64102566,1.7463764,33.206688
876,0,2,1,0.34188035,0.5897436,1.8041934,32.808136
877,0,1,0,0.72649574,0.63247865,1.2731887,20.72715
877,0,1,0.25,0.6752137,0.6752137,1.5191997,25.04778
877,0,1,0.5,0.62393165,0.6752137,1.7102264,26.31284
877,0,1,0.75,0.5811966,0.71794873,1.8420192,27.1798
877,0,1,1,0.5555556,0.6495727,1.9120238,27.804749
877,0,2,0,0.8119658,0.41025642,1.7936904,26.65843
877,0,2,0.25,0.8034188,0.42735043,1.7773372,25.395922
877,0,2,0.5,0.7606838,0.43589744,1.7822502,23.822233
877,0,2,0.75,0.7777778,0.41880342,1.805713,22.699608
877,0,2,1,0.8632479,0.46153846,1.8446445,24.178488
878,0,1,0,0.8717949,0.52136755,1.6029735,22.352402
878,0,1,0.25,0.8717949,0.51282054,1.6005273,22.321346
878,0,1,0.5,0.8888889,0.52136755,1.6053814,22.304937
878,0,1,0.75,0.8888889,0.51282054,1.6173493,22.184101
878,0,1,1,0.85470086,0.50427353,1.6362579,22.26776
878,0,2,0,0.72649574,0.63247865,1.3126453,21.050766
878,0,2,0.25,0.73504275,0.63247865,1.3162388,21.251762
878,0,2,0.5,0.7606838,0.64102566,1.317072,21.500072
878,0,2,0.75,0.7692308,0.6495727,1.3150321,21.55214
878,0,2,1,0.7692308,0.62393165,1.3100524,21.29351
879,0,1,0,0.41025642,0.31623933,3.6338367,54.15753
879,0,1,0.25,0.37606838,0.2991453,3.6342258,55.624596
879,0,1,0.5,0.3931624,0.2905983,3.6463318,56.575348
879,0,1,0.75,0.41025642,0.2905983,3.6701028,57.756863
879,0,1,1,0.41025642,0.30769232,3.7055485,58.885895
879,0,2,0,0.42735043,0.34188035,4.5913677,72.25774
879,0,2,0.25,0.42735043,0.32478634,4.586215,72.73588
879,0,2,0.5,0.41025642,0.33333334,4.5881867,73.049515
879,0,2,0.75,0.41880342,0.31623933,4.5971727,73.36912
879,0,2,1,0.41880342,0.2905983,4.6130834,73.531006
880,0,1,0,0.75213677,0.7863248,1.9784625,18.14814
880,0,1,0.25,0.75213677,0.7863248,1.9673193,17.641731
880,0,1,0.5,0.75213677,0.7863248,1.96529,16.717619
880,0,1,0.75,0.7606838,0.7692308,1.9723481,16.39186
880,0,1,1,0.75213677,0.7008547,1.988478,16.283484
880,0,2,0,0.8888889,0.53846157,2.0043495,13.331123
880,0,2,0.25,0.8888889,0.52136755,1.9936167,13.141939
880,0,2,0.5,0.8632479,0.51282054,1.9897276,13.047231
880,0,2,0.75,0.84615386,0.4957265,1.9926872,13.139606
880,0,2,1,0.82905984,0.4871795,2.0025187,13.443319
881,0,1,0,0.6837607,0.36752138,1.4095743,20.050093
881,0,1,0.25,0.6752137,0.37606838,1.4053639,19.626831
881,0,1,0.5,0.64102566,0.37606838,1.4011712,19.03913
881,0,1,0.75,0.6666667,0.3931624,1.396996,19.139275
881,0,1,1,0.6666667,0.3846154,1.3928391,18.661686
881,0,2,0,0.52991456,0.43589744,1.8526809,29.249454
881,0,2,0.25,0.53846157,0.45299146,1.8483789,28.433577
881,0,2,0.5,0.52991456,0.45299146,1.8440771,27.76315
881,0,2,0.75,0.5470086,0.46153846,1.8397753,27.404068
881,0,2,1,0.5641026,0.47863248,1.835474,27.67411
882,0,1,0,0.73504275,0.5555556,3.766788,49.76741
882,0,1,0.25,0.7008547,0.6666667,3.9920006,55.798805
882,0,1,0.5,0.62393165,0.7606838,4.2177672,58.783516
882,0,1,0.75,0.52991456,0.8119658,4.4440036,61.762787
882,0,1,1,0.41880342,0.8119658,4.6706424,63.94731
882,0,2,0,0.33333334,0.8803419,1.7709994,23.585117
882,0,2,0.25,0.33333334,0.85470086,1.7375602,22.7275
882,0,2,0.5,0.32478634,0.94017094,1.7226787,21.887726
882,0,2,0.75,0.34188035,0.94017094,1.726834,21.672733
882,0,2,1,0.30769232,0.93162394,1.7498916,21.599072
883,0,1,0,0.8803419,0.6752137,1.8834317,25.266716
883,0,1,0.25,0.8888889,0.71794873,1.865308,23.704947
883,0,1,0.5,0.9145299,0.71794873,1.8295542,21.520884
883,0,1,0.75,0.9230769,0.7094017,1.7771366,19.680798
883,0,1,1,0.9059829,0.7094017,1.7118754,17.552612
883,0,2,0,0.4871795,0.6837607,1.703332,34.871758
883,0,2,0.25,0.5641026,0.6666667,1.7261772,35.705643
883,0,2,0.5,0.64102566,0.6581197,1.7624553,34.544445
883,0,2,0.75,0.6923077,0.6666667,1.8117929,35.026733
883,0,2,1,0.6923077,0.60683763,1.8774815,34.74724
884,0,1,0,0.35897437,0.7094017,2.3897219,27.41061
884,0,1,0.25,0.35897437,0.6837607,2.3728728,27.393482
884,0,1,0.5,0.32478634,0.7008547,2.3571513,27.828022
884,0,1,0.75,0.2991453,0.7094017,2.3426747,27.7006
884,0,1,1,0.2905983,0.71794873,2.329554,28.049395
884,0,2,0,0.41880342,0.52991456,1.4444603,28.385006
884,0,2,0.25,0.42735043,0.4871795,1.4381317,27.455143
884,0,2,0.5,0.45299146,0.5470086,1.4393651,26.926867
884,0,2,0.75,0.4871795,0.53846157,1.44811,26.781311
884,0,2,1,0.47008547,0.53846157,1.464319,26.381245
885,0,1,0,0.47008547,0.7948718,2.0294735,21.017582
885,0,1,0.25,0.47008547,0.8119658,2.0216653,21.011726
885,0,1,0.5,0.47008547,0.82905984,2.0144024,20.808533
885,0,1,0.75,0.47008547,0.8034188,2.0077245,20.656351
885,0,1,1,0.46153846,0.8119658,2.001683,20.385124
885,0,2,0,0.33333334,0.982906,2.758385,12.459257
885,0,2,0.25,0.35042736,0.991453,2.7385235,12.447973
885,0,2,0.5,0.33333334,0.991453,2.7212694,12.598671
885,0,2,0.75,0.32478634,0.982906,2.706748,12.931915
885,0,2,1,0.31623933,1,2.695118,13.08784
886,0,1,0,0.46153846,0.5897436,1.3774658,19.690573
886,0,1,0.25,0.47863248,0.60683763,1.3705555,19.910515
886,0,1,0.5,0.46153846,0.5897436,1.3634254,19.743952
886,0,1,0.75,0.46153846,0.5982906,1.3561482,20.039858
886,0,1,1,0.46153846,0.5982906,1.348808,20.796555
886,0,2,0,0.41025642,0.5982906,1.3427956,12.901718
886,0,2,0.25,0.4017094,0.60683763,1.3366715,13.0891
886,0,2,0.5,0.4017094,0.63247865,1.3367331,13.417655
886,0,2,0.75,0.3931624,0.62393165,1.3430697,13.736576
886,0,2,1,0.3931624,0.62393165,1.3557832,13.891925
887,0,1,0,0.9230769,0.30769232,1.2529949,14.074582
887,0,1,0.25,0.8974359,0.31623933,1.2250985,13.890274
887,0,1,0.5,0.8888889,0.31623933,1.2136854,14.101405
887,0,1,0.75,0.84615386,0.32478634,1.2190765,14.123209
887,0,1,1,0.82051283,0.30769232,1.2416102,14.172977
887,0,2,0,0.7948718,0.37606838,1.7291173,19.907246
887,0,2,0.25,0.7948718,0.4017094,1.7375029,21.4771
887,0,2,0.5,0.7863248,0.4017094,1.743343,21.616238
887,0,2,0.75,0.73504275,0.41025642,1.7463928,21.929165
887,0,2,1,0.6752137,0.41025642,1.746522,21.785444
888,0,1,0,0.7863248,0.2905983,2.815152,21.216722
888,0,1,0.25,0.82051283,0.34188035,2.6839838,21.058407
888,0,1,0.5,0.7692308,0.2905983,2.5648847,20.474413
888,0,1,0.75,0.8034188,0.32478634,2.4596078,20.290413
888,0,1,1,0.84615386,0.34188035,2.3699973,19.183422
888,0,2,0,1,0.4871795,1.496594,5.3032923
888,0,2,0.25,1,0.47863248,1.5493586,5.614221
888,0,2,0.5,0.982906,0.47863248,1.6255856,5.9261208
888,0,2,0.75,0.974359,0.47863248,1.7221626,6.039922
888,0,2,1,0.94017094,0.4957265,1.8358805,6.168621
889,0,1,0,0.62393165,0.96581197,1.5190376,12.595354
889,0,1,0.25,0.61538464,0.974359,1.7152538,15.090465
889,0,1,0.5,0.6752137,0.95726496,1.9311146,17.762463
889,0,1,0.75,0.6581197,0.96581197,2.1607392,20.775026
889,0,1,1,0.63247865,0.8717949,2.400181,23.907188
889,0,2,0,0.75213677,0.85470086,2.185191,12.846127
889,0,2,0.25,0.7606838,0.82905984,2.4212983,14.476089
889,0,2,0.5,0.7692308,0.7948718,2.6603675,16.27864
889,0,2,0.75,0.75213677,0.75213677,2.9016657,18.124996
889,0,2,1,0.72649574,0.6837607,3.1446812,20.290556
890,0,1,0,0.6495727,0.4957265,3.1161058,31.64307
890,0,1,0.25,0.63247865,0.47863248,3.1151063,31.233963
890,0,1,0.5,0.64102566,0.47863248,3.119878,31.245583
890,0,1,0.75,0.63247865,0.4871795,3.1303325,30.310795
890,0,1,1,0.63247865,0.44444445,3.146391,30.30946
890,0,2,0,0.94871795,0.82051283,1.5475875,9.804499
890,0,2,0.25,0.94017094,0.83760685,1.564739,9.999086
890,0,2,0.5,0.94871795,0.83760685,1.5598501,10.060047
890,0,2,0.75,0.95726496,0.83760685,1.5330148,9.846065
890,0,2,1,0.94871795,0.84615386,1.4844748,9.928968
891,0,1,0,0.85470086,0.41025642,1.5726829,23.33682
891,0,1,0.25,0.8632479,0.41880342,1.5714023,22.708405
891,0,1,0.5,0.8632479,0.3931624,1.5684749,22.647274
891,0,1,0.75,0.8717949,0.3931624,1.5638757,22.581577
891,0,1,1,0.85470086,0.41025642,1.5576648,22.746058
891,0,2,0,0.9145299,0.62393165,1.5387625,12.899379
891,0,2,0.25,0.9145299,0.63247865,1.5492848,13.139116
891,0,2,0.5,0.9145299,0.6581197,1.5567367,13.223946
891,0,2,0.75,0.9230769,0.6495727,1.5611495,13.108007
891,0,2,1,0.9145299,0.6666667,1.5626866,13.1372595
892,0,1,0,0.82051283,0.3846154,1.8289386,40.02536
892,0,1,0.25,0.7008547,0.3931624,1.8325669,40.559288
892,0,1,0.5,0.6923077,0.3846154,1.8362015,41.13733
892,0,1,0.75,0.6837607,0.4017094,1.8398433,41.42268
892,0,1,1,0.7008547,0.33333334,1.8434919,42.521614
892,0,2,0,0.64102566,0.63247865,1.3682013,27.508364
892,0,2,0.25,0.62393165,0.64102566,1.3654169,27.854164
892,0,2,0.5,0.62393165,0.62393165,1.3626605,28.199238
892,0,2,0.75,0.62393165,0.62393165,1.3599323,28.767801
892,0,2,1,0.62393165,0.61538464,1.3572323,28.917202
893,0,1,0,0.37606838,0.62393165,3.476106,42.210876
893,0,1,0.25,0.35042736,0.6581197,3.5758543,44.3419
893,0,1,0.5,0.32478634,0.7094017,3.6452682,46.761368
893,0,1,0.75,0.31623933,0.7008547,3.6838129,47.94301
893,0,1,1,0.2905983,0.7008547,3.6910172,49.44764
893,0,2,0,0.34188035,0.9059829,1.3559217,14.572313
893,0,2,0.25,0.35042736,0.8717949,1.3046125,14.493649
893,0,2,0.5,0.35042736,0.8632479,1.2769314,14.969801
893,0,2,0.75,0.31623933,0.8803419,1.2729826,14.889818
893,0,2,1,0.34188035,0.8974359,1.2928947,15.328281
894,0,1,0,0.50427353,0.75213677,1.6646075,32.383045
894,0,1,0.25,0.4871795,0.6837607,1.6703101,32.296043
894,0,1,0.5,0.4957265,0.6752137,1.6586562,32.111088
894,0,1,0.75,0.5641026,0.64102566,1.6305083,33.436897
894,0,1,1,0.5726496,0.5726496,1.588159,31.928919
894,0,2,0,0.42735043,0.6923077,1.5253619,23.959072
894,0,2,0.25,0.37606838,0.73504275,1.5458994,23.63102
894,0,2,0.5,0.35042736,0.73504275,1.5402532,22.965965
894,0,2,0.75,0.32478634,0.73504275,1.5106901,22.98825
894,0,2,1,0.35042736,0.74358976,1.461669,21.410461
895,0,1,0,0.41880342,0.8034188,2.8024585,11.546073
895,0,1,0.25,0.4871795,0.8034188,2.9475038,11.884951
895,0,1,0.5,0.4871795,0.7948718,3.1117468,13.059305
895,0,1,0.75,0.5470086,0.8034188,3.2923148,14.753673
895,0,1,1,0.5470086,0.8034188,3.4866722,16.749447
895,0,2,0,0.85470086,0.64102566,1.9357506,16.572319
895,0,2,0.25,0.8717949,0.5897436,1.9108702,16.871073
895,0,2,0.5,0.8888889,0.5555556,1.8872921,17.037973
895,0,2,0.75,0.8632479,0.4957265,1.8650674,16.531738
895,0,2,1,0.82905984,0.45299146,1.8442434,16.678272
896,0,1,0,0.94017094,0.6666667,1.6748719,17.634432
896,0,1,0.25,0.93162394,0.6666667,1.6728438,17.478369
896,0,1,0.5,0.93162394,0.6837607,1.665108,17.769861
896,0,1,0.75,0.94017094,0.6752137,1.6520311,17.950388
896,0,1,1,0.93162394,0.7094017,1.6343312,18.24427
896,0,2,0,0.9145299,0.30769232,1.5963707,14.961348
896,0,2,0.25,0.8974359,0.31623933,1.5873432,15.094762
896,0,2,0.5,0.8974359,0.31623933,1.572924,15.238939
896,0,2,0.75,0.9145299,0.31623933,1.5533432,15.437787
896,0,2,1,0.9059829,0.31623933,1.5288788,15.812674
897,0,1,0,0.46153846,0.32478634,3.7518218,53.936333
897,0,1,0.25,0.43589744,0.32478634,3.7430968,55.320866
897,0,1,0.5,0.41880342,0.34188035,3.7418098,56.5732
897,0,1,0.75,0.4017094,0.32478634,3.7479086,59.07012
897,0,1,1,0.36752138,0.36752138,3.761357,60.39781
897,0,2,0,0.5555556,0.6666667,1.7702887,22.748531
897,0,2,0.25,0.53846157,0.6495727,1.7409192,23.115942
897,0,2,0.5,0.53846157,0.60683763,1.7218503,23.13291
897,0,2,0.75,0.51282054,0.5726496,1.7128643,23.661095
897,0,2,1,0.4871795,0.60683763,1.7139857,24.598173
898,0,1,0,0.47008547,0.45299146,4.330392,68.80586
898,0,1,0.25,0.47008547,0.46153846,4.326271,68.84596
898,0,1,0.5,0.47863248,0.4957265,4.322321,67.9131
898,0,1,0.75,0.53846157,0.50427353,4.318578,68.6739
898,0,1,1,0.5726496,0.51282054,4.3150864,68.10293
898,0,2,0,0.3931624,0.5726496,3.0807323,39.88138
898,0,2,0.25,0.3846154,0.5897436,3.074542,39.682198
898,0,2,0.5,0.35897437,0.60683763,3.0675008,39.690697
898,0,2,0.75,0.37606838,0.62393165,3.0595603,39.302666
898,0,2,1,0.3931624,0.63247865,3.0507498,38.82498
899,0,1,0,0.63247865,0.84615386,1.6170237,13.686914
899,0,1,0.25,0.5811966,0.8632479,1.6242762,13.901688
899,0,1,0.5,0.5811966,0.8632479,1.6308175,13.966768
899,0,1,0.75,0.5641026,0.85470086,1.6365381,14.00873
899,0,1,1,0.5641026,0.85470086,1.6413476,14.28389
899,0,2,0,0.63247865,0.3931624,3.3978713,47.36666
899,0,2,0.25,0.6581197,0.3846154,3.387156,46.93058
899,0,2,0.5,0.6666667,0.36752138,3.378243,46.674576
899,0,2,0.75,0.6495727,0.3846154,3.3711307,46.435104
899,0,2,1,0.6837607,0.36752138,3.365956,45.763626
900,0,1,0,0.46153846,0.7777778,1.5313121,30.524216
900,0,1,0.25,0.47008547,0.7948718,1.502488,29.630812
900,0,1,0.5,0.4871795,0.7863248,1.4896824,29.316368
900,0,1,0.75,0.50427353,0.74358976,1.4930235,29.092236
900,0,1,1,0.46153846,0.75213677,1.5127349,29.510542
900,0,2,0,0.2991453,0.82051283,2.0559351,36.953873
900,0,2,0.25,0.33333334,0.83760685,2.0500712,37.583645
900,0,2,0.5,0.33333334,0.84615386,2.050187,36.87252
900,0,2,0.75,0.30769232,0.83760685,2.0562868,36.223145
900,0,2,1,0.2905983,0.82905984,2.0683832,35.371105
901,0,1,0,0.7948718,0.43589744,3.0053437,27.884922
901,0,1,0.25,0.7948718,0.45299146,3.0056865,27.848774
901,0,1,0.5,0.7863248,0.47863248,3.0067747,26.751976
901,0,1,0.75,0.7863248,0.47863248,3.008663,25.987686
901,0,1,1,0.7777778,0.44444445,3.0116591,24.876722
901,0,2,0,0.7606838,0.32478634,1.5338423,27.290295
901,0,2,0.25,0.7606838,0.2991453,1.5322144,27.65738
901,0,2,0.5,0.7692308,0.31623933,1.5359964,28.033913
901,0,2,0.75,0.7777778,0.30769232,1.5452075,27.953093
901,0,2,1,0.7863248,0.2905983,1.5600653,28.265408
902,0,1,0,0.4017094,0.82051283,1.4255724,18.308235
902,0,1,0.25,0.3846154,0.84615386,1.417876,18.75555
902,0,1,0.5,0.3931624,0.85470086,1.4107006,19.76973
902,0,1,0.75,0.41880342,0.83760685,1.4040546,20.45293
902,0,1,1,0.41025642,0.8632479,1.3979459,19.963657
902,0,2,0,0.52991456,0.47863248,1.3162881,23.18212
902,0,2,0.25,0.5641026,0.47863248,1.3363882,23.194763
902,0,2,0.5,0.5641026,0.47008547,1.3565421,23.82872
902,0,2,0.75,0.5726496,0.47008547,1.3767475,24.315666
902,0,2,1,0.5555556,0.47008547,1.3970027,24.347805
903,0,1,0,0.7692308,0.35897437,3.0271144,59.182
903,0,1,0.25,0.82905984,0.31623933,2.9766638,52.403984
903,0,1,0.5,0.71794873,0.31623933,2.9155922,49.31978
903,0,1,0.75,0.7008547,0.34188035,2.8383427,46.750923
903,0,1,1,0.6752137,0.34188035,2.7460024,44.30043
903,0,2,0,0.93162394,0.2991453,2.6373923,25.940674
903,0,2,0.25,0.9059829,0.35897437,2.595438,24.646585
903,0,2,0.5,0.93162394,0.36752138,2.5977306,24.298084
903,0,2,0.75,0.95726496,0.37606838,2.6399922,23.84251
903,0,2,1,0.9145299,0.35042736,2.7206883,24.024784
904,0,1,0,0.7863248,0.4871795,2.3095422,17.550182
904,0,1,0.25,0.7777778,0.5641026,2.4792342,18.966755
904,0,1,0.5,0.74358976,0.53846157,2.6764476,18.890545
904,0,1,0.75,0.6666667,0.52136755,2.895565,18.780174
904,0,1,1,0.6581197,0.5897436,3.131992,19.231236
904,0,2,0,0.4017094,0.35897437,4.44352,41.317215
904,0,2,0.25,0.34188035,0.43589744,4.263031,35.51655
904,0,2,0.5,0.44444445,0.47008547,4.0838075,28.697063
904,0,2,0.75,0.5641026,0.6923077,3.9060242,23.783936
904,0,2,1,0.5555556,0.7008547,3.729886,19.088856
905,0,1,0,0.37606838,0.7008547,2.4454,40.922523
905,0,1,0.25,0.45299146,0.52991456,2.4647768,34.652554
905,0,1,0.5,0.61538464,0.50427353,2.4952295,29.639917
905,0,1,0.75,0.6495727,0.46153846,2.53636,24.859064
905,0,1,1,0.6581197,0.43589744,2.5876591,22.968609
905,0,2,0,0.61538464,0.72649574,2.1227202,32.48694
905,0,2,0.25,0.6752137,0.50427353,2.276352,26.440113
905,0,2,0.5,0.7863248,0.51282054,2.438359,23.871277
905,0,2,0.75,0.71794873,0.4017094,2.6071808,20.625114
905,0,2,1,0.62393165,0.31623933,2.7815766,18.05486
906,0,1,0,0.7777778,0.60683763,1.9634082,26.898722
906,0,1,0.25,0.7777778,0.5982906,1.9670271,26.81926
906,0,1,0.5,0.71794873,0.5982906,1.9709288,26.525005
906,0,1,0.75,0.73504275,0.60683763,1.9751066,25.837963
906,0,1,1,0.75213677,0.60683763,1.9795648,25.589901
906,0,2,0,0.4957265,0.7692308,1.5224087,20.090881
906,0,2,0.25,0.4871795,0.7863248,1.5384691,20.50138
906,0,2,0.5,0.4871795,0.7863248,1.5431184,20.047129
906,0,2,0.75,0.4871795,0.7863248,1.5363423,19.51732
906,0,2,1,0.4957265,0.8034188,1.5181516,19.263073
907,0,1,0,0.41025642,0.35897437,3.797289,25.462448
907,0,1,0.25,0.41025642,0.33333334,3.8010747,24.520752
907,0,1,0.5,0.4017094,0.34188035,3.803141,24.301723
907,0,1,0.75,0.43589744,0.37606838,3.8034794,24.768436
907,0,1,1,0.42735043,0.36752138,3.8020992,24.515924
907,0,2,0,0.5555556,0.35042736,3.7702057,33.04683
907,0,2,0.25,0.5555556,0.35042736,3.765523,32.797676
907,0,2,0.5,0.5555556,0.34188035,3.7629864,32.962143
907,0,2,0.75,0.5811966,0.35042736,3.76261,34.297104
907,0,2,1,0.5726496,0.34188035,3.7644093,35.900467
908,0,1,0,0.5897436,0.5897436,1.9882945,23.009682
908,0,1,0.25,0.60683763,0.5555556,1.9367739,25.869753
908,0,1,0.5,0.5470086,0.51282054,1.901481,28.683716
908,0,1,0.75,0.5641026,0.47008547,1.8833287,31.10658
908,0,1,1,0.52991456,0.47008547,1.8828124,32.58816
908,0,2,0,0.7948718,0.71794873,2.1387744,10.637403
908,0,2,0.25,0.7692308,0.74358976,2.0687573,12.212036
908,0,2,0.5,0.7094017,0.71794873,2.0136018,13.67508
908,0,2,0.75,0.62393165,0.7008547,1.9745531,15.632488
908,0,2,1,0.6752137,0.7777778,1.9525771,17.89843
909,0,1,0,0.32478634,0.83760685,3.6001353,7.9984903
909,0,1,0.25,0.30769232,0.82051283,3.6234622,7.981986
909,0,1,0.5,0.2991453,0.84615386,3.6451328,7.8658156
909,0,1,0.75,0.2991453,0.85470086,3.6649795,7.866123
909,0,1,1,0.2905983,0.83760685,3.6828415,7.922366
909,0,2,0,0.82905984,0.33333334,1.9329804,16.036959
909,0,2,0.25,0.82051283,0.31623933,1.9244864,16.642843
909,0,2,0.5,0.82905984,0.32478634,1.9297,15.889347
909,0,2,0.75,0.83760685,0.30769232,1.9478656,15.774305
909,0,2,1,0.8632479,0.2991453,1.9785348,16.331936
910,0,1,0,0.47008547,0.6923077,1.5046992,9.767084
910,0,1,0.25,0.47863248,0.7008547,1.5036302,9.161131
910,0,1,0.5,0.52136755,0.74358976,1.4998225,8.294662
910,0,1,0.75,0.52136755,0.72649574,1.4933697,7.832768
910,0,1,1,0.52991456,0.74358976,1.4843715,7.453009
910,0,2,0,0.8034188,0.36752138,1.5191597,16.4146
910,0,2,0.25,0.83760685,0.37606838,1.5259235,16.3298
910,0,2,0.5,0.82905984,0.4017094,1.5341624,16.39926
910,0,2,0.75,0.83760685,0.41880342,1.5437691,15.979705
910,0,2,1,0.82051283,0.41880342,1.5547214,15.869804
911,0,1,0,0.4871795,0.83760685,2.692898,20.105488
911,0,1,0.25,0.47863248,0.82051283,2.487917,21.148048
911,0,1,0.5,0.50427353,0.7863248,2.2539318,20.965515
911,0,1,0.75,0.5982906,0.7948718,2.041525,18.189123
911,0,1,1,0.61538464,0.83760685,1.853501,15.65438
911,0,2,0,0.974359,0.5897436,2.4326894,15.99382
911,0,2,0.25,0.8717949,0.5555556,2.3080232,17.844305
911,0,2,0.5,0.8119658,0.52136755,2.1685922,18.165672
911,0,2,0.75,0.8632479,0.51282054,2.0491004,17.096157
911,0,2,1,0.95726496,0.42735043,1.9412489,16.099096
912,0,1,0,0.6752137,0.6923077,2.152876,31.470297
912,0,1,0.25,0.6923077,0.72649574,2.069851,30.238989
912,0,1,0.5,0.6581197,0.7094017,2.0264084,29.091171
912,0,1,0.75,0.6495727,0.6923077,2.0227885,28.890228
912,0,1,1,0.6666667,0.6752137,2.059405,27.97013
912,0,2,0,0.42735043,0.8119658,1.904779,21.836329
912,0,2,0.25,0.47008547,0.84615386,1.846754,21.325659
912,0,2,0.5,0.44444445,0.84615386,1.8187613,21.414375
912,0,2,0.75,0.44444445,0.82905984,1.8202198,21.211538
912,0,2,1,0.44444445,0.7948718,1.8509811,20.860222
913,0,1,0,0.974359,0.35042736,1.2691668,22.51131
913,0,1,0.25,0.95726496,0.35042736,1.2767009,22.293278
913,0,1,0.5,0.96581197,0.35042736,1.2802854,22.606834
913,0,1,0.75,0.95726496,0.35042736,1.2797282,22.267532
913,0,1,1,0.94871795,0.33333334,1.2748938,22.188297
913,0,2,0,0.34188035,0.41880342,3.0996027,53.844902
913,0,2,0.25,0.34188035,0.3846154,3.0854208,53.262726
913,0,2,0.5,0.34188035,0.36752138,3.07898,53.496006
913,0,2,0.75,0.33333334,0.35042736,3.080069,52.81971
913,0,2,1,0.35042736,0.2905983,3.0885766,51.5095
914,0,1,0,0.53846157,0.5555556,1.6978053,23.731312
914,0,1,0.25,0.63247865,0.50427353,1.5712533,25.797016
914,0,1,0.5,0.6752137,0.50427353,1.4473604,27.278204
914,0,1,0.75,0.71794873,0.46153846,1.326871,27.131573
914,0,1,1,0.64102566,0.42735043,1.2108024,24.319439
914,0,2,0,0.60683763,0.63247865,3.3307993,39.063545
914,0,2,0.25,0.84615386,0.60683763,3.3587432,35.771355
914,0,2,0.5,0.9145299,0.5982906,3.394663,33.175327
914,0,2,0.75,0.94871795,0.44444445,3.4383087,27.89677
914,0,2,1,0.95726496,0.37606838,3.4893904,22.40996
915,0,1,0,0.96581197,0.6495727,1.6323375,4.5708876
915,0,1,0.25,0.94871795,0.6495727,1.6292557,4.5931845
915,0,1,0.5,0.94871795,0.6495727,1.6230597,4.607274
915,0,1,0.75,0.96581197,0.6837607,1.6138278,4.5637026
915,0,1,1,0.982906,0.6666667,1.6016608,4.5134664
915,0,2,0,0.4871795,0.35897437,3.506385,35.182053
915,0,2,0.25,0.47008547,0.36752138,3.5025558,35.589584
915,0,2,0.5,0.44444445,0.3846154,3.4986403,35.606567
915,0,2,0.75,0.43589744,0.4017094,3.4946632,36.26124
915,0,2,1,0.44444445,0.41025642,3.4906528,36.000698
916,0,1,0,0.4871795,0.34188035,4.7105274,87.52807
916,0,1,0.25,0.47863248,0.37606838,4.71026,88.42015
916,0,1,0.5,0.45299146,0.36752138,4.7099986,87.86485
916,0,1,0.75,0.44444445,0.37606838,4.7097425,87.53726
916,0,1,1,0.43589744,0.3846154,4.709493,87.73134
916,0,2,0,0.52136755,0.42735043,3.3057885,59.71357
916,0,2,0.25,0.4957265,0.42735043,3.287681,59.622787
916,0,2,0.5,0.46153846,0.43589744,3.269575,62.682747
916,0,2,0.75,0.46153846,0.42735043,3.2514699,62.200886
916,0,2,1,0.43589744,0.41880342,3.2333658,62.534927
917,0,1,0,0.7777778,0.60683763,2.071642,6.28905
917,0,1,0.25,0.74358976,0.62393165,2.0684187,5.8051953
917,0,1,0.5,0.75213677,0.6581197,2.0772026,5.1902876
917,0,1,0.75,0.75213677,0.63247865,2.0990684,4.660364
917,0,1,1,0.74358976,0.6495727,2.1358526,4.2725453
917,0,2,0,0.6752137,0.45299146,1.6779518,18.127316
917,0,2,0.25,0.72649574,0.4957265,1.7049471,18.57562
917,0,2,0.5,0.74358976,0.50427353,1.7244823,18.533081
917,0,2,0.75,0.7777778,0.50427353,1.736701,18.34576
917,0,2,1,0.7863248,0.52991456,1.7418748,17.712337
918,0,1,0,0.51282054,0.7948718,1.4238783,13.415168
918,0,1,0.25,0.42735043,0.7692308,1.4511064,12.835131
918,0,1,0.5,0.41025642,0.83760685,1.4792051,14.05607
918,0,1,0.75,0.45299146,0.8803419,1.5081255,15.9250145
918,0,1,1,0.3846154,0.8034188,1.5378214,18.778032
918,0,2,0,0.3846154,0.73504275,2.5254781,28.843773
918,0,2,0.25,0.44444445,0.85470086,2.4768121,30.973072
918,0,2,0.5,0.42735043,0.7008547,2.4414644,31.265059
918,0,2,0.75,0.3846154,0.7008547,2.420019,32.366394
918,0,2,1,0.35897437,0.61538464,2.4128456,36.580746
919,0,1,0,0.41880342,0.9059829,1.4041886,17.526718
919,0,1,0.25,0.42735043,0.9230769,1.4069314,17.61928
919,0,1,0.5,0.42735043,0.93162394,1.409694,17.578411
919,0,1,0.75,0.43589744,0.94017094,1.412513,17.771534
919,0,1,1,0.42735043,0.95726496,1.4155003,17.846077
919,0,2,0,0.5470086,0.61538464,2.7025661,38.227352
919,0,2,0.25,0.5470086,0.60683763,2.6981597,37.784832
919,0,2,0.5,0.5470086,0.60683763,2.696876,37.722595
919,0,2,0.75,0.5641026,0.61538464,2.698713,37.232574
919,0,2,1,0.5897436,0.62393165,2.7036688,37.282
920,0,1,0,0.37606838,0.7008547,2.8781075,60.080185
920,0,1,0.25,0.37606838,0.71794873,2.8729,59.528107
920,0,1,0.5,0.36752138,0.7094017,2.8713882,59.092766
920,0,1,0.75,0.37606838,0.71794873,2.8735795,59.181175
920,0,1,1,0.33333334,0.6752137,2.879487,58.99798
920,0,2,0,0.8803419,0.35897437,1.3751627,9.567867
920,0,2,0.25,0.8974359,0.36752138,1.3689419,9.48731
920,0,2,0.5,0.8888889,0.37606838,1.3654554,9.401762
920,0,2,0.75,0.8974359,0.3846154,1.364704,9.352322
920,0,2,1,0.8717949,0.3846154,1.366688,9.235607
921,0,1,0,0.72649574,0.47863248,1.5422417,30.1236
921,0,1,0.25,0.6666667,0.5470086,1.6111958,32.54484
921,0,1,0.5,0.53846157,0.61538464,1.7184544,36.156933
921,0,1,0.75,0.42735043,0.7008547,1.8573931,38.085915
921,0,1,1,0.35897437,0.6495727,2.0214903,39.551662
921,0,2,0,0.5982906,0.8119658,1.3538506,13.683434
921,0,2,0.25,0.63247865,0.84615386,1.2815508,11.229692
921,0,2,0.5,0.62393165,0.8717949,1.2334553,11.058255
921,0,2,0.75,0.52136755,0.9145299,1.2124481,14.578575
921,0,2,1,0.36752138,0.8119658,1.2199293,19.32376
922,0,1,0,0.8632479,0.5555556,1.2214303,8.637049
922,0,1,0.25,0.85470086,0.53846157,1.2310424,8.430838
922,0,1,0.5,0.85470086,0.52136755,1.2406629,8.231224
922,0,1,0.75,0.8632479,0.53846157,1.2502921,8.170023
922,0,1,1,0.8632479,0.53846157,1.2599294,8.112158
922,0,2,0,0.30769232,0.41025642,1.5534561,25.936092
922,0,2,0.25,0.33333334,0.3931624,1.5429466,26.395111
922,0,2,0.5,0.34188035,0.41025642,1.5324587,27.409277
922,0,2,0.75,0.35042736,0.41880342,1.5219932,27.495739
922,0,2,1,0.35897437,0.41025642,1.5115502,27.48127
923,0,1,0,0.32478634,0.7948718,2.3008704,10.929045
923,0,1,0.25,0.32478634,0.7948718,2.3718455,10.562074
923,0,1,0.5,0.34188035,0.82905984,2.4450421,10.835514
923,0,1,0.75,0.36752138,0.83760685,2.518016,11.098026
923,0,1,1,0.32478634,0.84615386,2.5905123,11.041646
923,0,2,0,0.2905983,0.51282054,3.6041415,32.987785
923,0,2,0.25,0.32478634,0.52991456,3.5765064,31.044199
923,0,2,0.5,0.32478634,0.4957265,3.5691237,29.587803
923,0,2,0.75,0.32478634,0.5555556,3.5818858,27.797672
923,0,2,1,0.2991453,0.5641026,3.6146712,24.966507
924,0,1,0,0.82905984,0.2905983,1.747978,23.242516
924,0,1,0.25,0.82051283,0.30769232,1.7705165,23.659515
924,0,1,0.5,0.8717949,0.34188035,1.7735618,23.663368
924,0,1,0.75,0.8717949,0.36752138,1.7572062,22.714867
924,0,1,1,0.8888889,0.35897437,1.7217921,21.428314
924,0,2,0,0.63247865,0.62393165,1.6947113,27.297817
924,0,2,0.25,0.6495727,0.63247865,1.72328,27.534506
924,0,2,0.5,0.7094017,0.61538464,1.7129585,26.994076
924,0,2,0.75,0.73504275,0.5897436,1.6639775,25.965439
924,0,2,1,0.73504275,0.5897436,1.5768353,24.165829
925,0,1,0,0.72649574,0.52136755,2.9924424,33.50392
925,0,1,0.25,0.7094017,0.51282054,2.9817498,32.406147
925,0,1,0.5,0.63247865,0.51282054,2.9870093,31.52586
925,0,1,0.75,0.5897436,0.47008547,3.0081193,31.283566
925,0,1,1,0.5555556,0.45299146,3.0449874,32.72264
925,0,2,0,0.6581197,0.46153846,2.1063733,57.26252
925,0,2,0.25,0.63247865,0.42735043,2.075506,55.61747
925,0,2,0.5,0.60683763,0.44444445,2.0421915,53.56517
925,0,2,0.75,0.60683763,0.47008547,2.0066445,51.777428
925,0,2,1,0.61538464,0.47863248,1.9692158,50.624863
926,0,1,0,0.44444445,0.51282054,1.9702214,38.523285
926,0,1,0.25,0.46153846,0.52136755,1.9691181,37.8386
926,0,1,0.5,0.4871795,0.53846157,1.9683291,37.290207
926,0,1,0.75,0.46153846,0.52991456,1.9678549,36.764206
926,0,1,1,0.43589744,0.5641026,1.9676952,37.035164
926,0,2,0,0.46153846,0.96581197,1.2425475,14.644605
926,0,2,0.25,0.47863248,0.96581197,1.2348036,15.00844
926,0,2,0.5,0.4871795,0.94017094,1.2281338,15.262767
926,0,2,0.75,0.4957265,0.94871795,1.2225552,15.379215
926,0,2,1,0.50427353,0.95726496,1.218083,15.671808
927,0,1,0,0.63247865,0.34188035,2.3043509,25.09441
927,0,1,0.25,0.5982906,0.30769232,2.1586123,19.348215
927,0,1,0.5,0.74358976,0.33333334,2.0344443,21.284718
927,0,1,0.75,0.85470086,0.37606838,1.9360023,19.46894
927,0,1,1,0.9059829,0.50427353,1.867359,17.745983
927,0,2,0,0.73504275,0.8119658,1.5950874,13.2653475
927,0,2,0.25,0.72649574,0.7777778,1.5527235,12.3737545
927,0,2,0.5,0.7008547,0.82051283,1.5297369,13.342016
927,0,2,0.75,0.61538464,0.7863248,1.5270022,15.848694
927,0,2,1,0.51282054,0.75213677,1.5446274,21.300434
928,0,1,0,0.62393165,0.30769232,3.5585794,15.104118
928,0,1,0.25,0.62393165,0.30769232,3.550872,14.876938
928,0,1,0.5,0.64102566,0.31623933,3.5431736,14.808873
928,0,1,0.75,0.64102566,0.32478634,3.5354834,14.858078
928,0,1,1,0.64102566,0.34188035,3.5278025,15.091844
928,0,2,0,0.4017094,0.5982906,4.753261,70.342384
928,0,2,0.25,0.3931624,0.62393165,4.7451797,70.9247
928,0,2,0.5,0.4017094,0.60683763,4.7371,69.992325
928,0,2,0.75,0.4017094,0.5641026,4.729021,69.12895
928,0,2,1,0.41025642,0.5726496,4.720944,70.37531
929,0,1,0,0.3846154,0.6752137,1.2378064,29.012213
929,0,1,0.25,0.35897437,0.7008547,1.2380946,29.09438
929,0,1,0.5,0.35897437,0.72649574,1.2447457,29.338379
929,0,1,0.75,0.32478634,0.72649574,1.2571052,29.249989
929,0,1,1,0.35042736,0.71794873,1.275282,29.753738
929,0,2,0,0.6581197,0.41025642,2.1691906,35.46826
929,0,2,0.25,0.63247865,0.37606838,2.1742191,34.630745
929,0,2,0.5,0.6923077,0.33333334,2.180645,32.50788
929,0,2,0.75,0.6837607,0.33333334,2.188278,28.777945
929,0,2,1,0.6752137,0.33333334,2.1970305,28.34465
930,0,1,0,0.64102566,0.5555556,4.552062,37.155823
930,0,1,0.25,0.5555556,0.5470086,4.5739303,40.983547
930,0,1,0.5,0.46153846,0.5555556,4.6075397,46.026558
930,0,1,0.75,0.3846154,0.51282054,4.652634,50.09498
930,0,1,1,0.31623933,0.63247865,4.7088847,56.38691
930,0,2,0,0.73504275,0.51282054,3.129746,41.62062
930,0,2,0.25,0.6923077,0.6837607,3.0585837,39.019554
930,0,2,0.5,0.5555556,0.7863248,2.999432,33.714005
930,0,2,0.75,0.46153846,0.82905984,2.9530122,30.939316
930,0,2,1,0.41025642,0.8632479,2.9199324,28.200825
931,0,1,0,0.33333334,0.83760685,1.7785921,24.225494
931,0,1,0.25,0.3846154,0.85470086,1.7622238,25.026604
931,0,1,0.5,0.47008547,0.7863248,1.765101,23.601952
931,0,1,0.75,0.47863248,0.83760685,1.7871299,20.680958
931,0,1,1,0.5555556,0.71794873,1.8276192,19.00951
931,0,2,0,0.41880342,0.62393165,2.2230353,36.14001
931,0,2,0.25,0.47008547,0.60683763,2.0556664,34.097214
931,0,2,0.5,0.5897436,0.5726496,1.8896497,35.16774
931,0,2,0.75,0.6581197,0.5726496,1.7253754,32.477924
931,0,2,1,0.6837607,0.51282054,1.5633924,31.463531
932,0,1,0,0.34188035,0.33333334,2.6860974,21.900965
932,0,1,0.25,0.34188035,0.32478634,2.6982064,22.469707
932,0,1,0.5,0.35042736,0.30769232,2.7053251,22.488388
932,0,1,0.75,0.33333334,0.31623933,2.7074077,21.872679
932,0,1,1,0.31623933,0.30769232,2.7044337,23.352102
932,0,2,0,0.7863248,0.36752138,1.5813282,6.331712
932,0,2,0.25,0.7777778,0.36752138,1.5890412,6.2449036
932,0,2,0.5,0.7777778,0.35042736,1.5905541,6.328578
932,0,2,0.75,0.7692308,0.33333334,1.5858303,6.3357525
932,0,2,1,0.7777778,0.33333334,1.5748676,6.501875
933,0,1,0,0.8632479,0.35897437,1.5488089,12.424025
933,0,1,0.25,0.7094017,0.3931624,1.9107964,21.829805
933,0,1,0.5,0.5811966,0.41025642,2.1261735,25.334648
933,0,1,0.75,0.36752138,0.2905983,2.2471242,15.621901
933,0,1,1,0.53846157,0.44444445,2.4233918,32.54536
933,0,2,0,0.35042736,0.4957265,2.2368963,37.374886
933,0,2,0.25,0.53846157,0.6666667,2.273341,16.649185
933,0,2,0.5,0.47863248,0.7948718,2.160121,9.59428
933,0,2,0.75,0.51282054,0.74358976,1.8859767,8.584831
933,0,2,1,0.32478634,0.8632479,1.6510737,5.814739
934,0,1,0,0.37606838,0.64102566,3.7136421,27.757145
934,0,1,0.25,0.35042736,0.6666667,3.3620887,24.85804
934,0,1,0.5,0.35897437,0.6837607,3.0121746,23.441032
934,0,1,0.75,0.36752138,0.7094017,2.6645453,22.652748
934,0,1,1,0.35897437,0.8119658,2.320228,22.207718
934,0,2,0,0.94871795,0.8119658,1.3335922,9.708635
934,0,2,0.25,0.8974359,0.7606838,1.4823685,12.028873
934,0,2,0.5,0.8632479,0.74358976,1.6329948,15.433984
934,0,2,0.75,0.83760685,0.73504275,1.7850032,19.26712
934,0,2,1,0.7948718,0.75213677,1.938068,23.482779
935,0,1,0,0.96581197,0.34188035,1.6577568,13.46874
935,0,1,0.25,0.93162394,0.35042736,1.6586986,13.469118
935,0,1,0.5,0.9230769,0.34188035,1.6596452,13.443338
935,0,1,0.75,0.94871795,0.35897437,1.6605963,13.350508
935,0,1,1,0.93162394,0.35042736,1.6615523,13.163931
935,0,2,0,0.34188035,0.4017094,2.4678774,55.907734
935,0,2,0.25,0.33333334,0.3931624,2.467845,55.189865
935,0,2,0.5,0.35897437,0.4017094,2.467826,55.25959
935,0,2,0.75,0.3846154,0.41880342,2.4678192,55.37966
935,0,2,1,0.3931624,0.43589744,2.4678254,53.782883
936,0,1,0,0.5555556,0.61538464,2.764668,56.915382
936,0,1,0.25,0.53846157,0.62393165,2.767873,57.07845
936,0,1,0.5,0.53846157,0.5811966,2.771362,58.7542
936,0,1,0.75,0.5726496,0.60683763,2.7750988,58.792664
936,0,1,1,0.5897436,0.61538464,2.779056,58.801548
936,0,2,0,0.35042736,0.33333334,4.069252,89.68945
936,0,2,0.25,0.34188035,0.35897437,4.077089,89.38289
936,0,2,0.5,0.34188035,0.36752138,4.083736,89.297485
936,0,2,0.75,0.34188035,0.35897437,4.08914,89.16282
936,0,2,1,0.35042736,0.33333334,4.0932527,90.06975
937,0,1,0,0.45299146,0.36752138,4.686377,94.58336
937,0,1,0.25,0.43589744,0.36752138,4.680084,95.796
937,0,1,0.5,0.45299146,0.35897437,4.6787024,96.00211
937,0,1,0.75,0.43589744,0.3846154,4.6822114,95.06029
937,0,1,1,0.41880342,0.4017094,4.6906176,95.83499
937,0,2,0,0.42735043,0.31623933,4.7958035,105.49914
937,0,2,0.25,0.37606838,0.32478634,4.806355,105.248245
937,0,2,0.5,0.37606838,0.35042736,4.8118634,105.3748
937,0,2,0.75,0.35897437,0.35042736,4.8123093,105.41365
937,0,2,1,0.37606838,0.35042736,4.8076987,104.36837
938,0,1,0,0.96581197,0.7094017,1.4898885,4.405097
938,0,1,0.25,0.95726496,0.62393165,1.5514863,4.6745405
938,0,1,0.5,0.991453,0.5726496,1.6322045,5.2550497
938,0,1,0.75,1,0.50427353,1.7293683,6.0024233
938,0,1,1,1,0.3846154,1.8403748,6.3452682
938,0,2,0,0.64102566,0.3846154,4.2651525,33.748253
938,0,2,0.25,0.6581197,0.35042736,4.1384783,31.408161
938,0,2,0.5,0.6837607,0.31623933,4.0146956,29.900524
938,0,2,0.75,0.7094017,0.31623933,3.8940797,30.336784
938,0,2,1,0.8803419,0.33333334,3.7769332,26.181946
939,0,1,0,0.4871795,0.4871795,2.0021894,26.883898
939,0,1,0.25,0.4871795,0.3931624,2.0142217,26.649128
939,0,1,0.5,0.50427353,0.42735043,2.0329003,25.46538
939,0,1,0.75,0.4957265,0.42735043,2.058045,24.791399
939,0,1,1,0.5555556,0.43589744,2.0894215,25.033022
939,0,2,0,0.31623933,0.33333334,3.708168,60.439884
939,0,2,0.25,0.31623933,0.37606838,3.628952,55.209984
939,0,2,0.5,0.41025642,0.45299146,3.5497563,51.49804
939,0,2,0.75,0.4017094,0.47863248,3.4705832,49.157223
939,0,2,1,0.41880342,0.4957265,3.3914328,46.657585
940,0,1,0,0.94017094,0.44444445,1.4124181,8.274504
940,0,1,0.25,0.93162394,0.41025642,1.433706,8.666626
940,0,1,0.5,0.93162394,0.3846154,1.4385258,8.978003
940,0,1,0.75,0.9230769,0.3846154,1.4274554,9.408398
940,0,1,1,0.8888889,0.35897437,1.4013585,9.280453
940,0,2,0,0.62393165,0.44444445,1.4117181,57.76127
940,0,2,0.25,0.62393165,0.47008547,1.4305959,57.009315
940,0,2,0.5,0.6752137,0.47863248,1.4304839,55.674084
940,0,2,0.75,0.6752137,0.45299146,1.4114095,55.06647
940,0,2,1,0.6923077,0.41025642,1.3734348,52.75853
941,0,1,0,0.4017094,0.33333334,2.1590016,61.035534
941,0,1,0.25,0.3931624,0.36752138,2.1620276,60.692703
941,0,1,0.5,0.4017094,0.3846154,2.1635833,59.918777
941,0,1,0.75,0.4017094,0.37606838,2.163652,59.811012
941,0,1,1,0.3846154,0.3846154,2.1622524,58.747917
941,0,2,0,0.35897437,0.42735043,2.7244549,76.540054
941,0,2,0.25,0.33333334,0.41880342,2.7204828,75.5052
941,0,2,0.5,0.34188035,0.46153846,2.716864,75.657036
941,0,2,0.75,0.32478634,0.41025642,2.7136357,75.46759
941,0,2,1,0.30769232,0.3931624,2.7108347,74.81438
942,0,1,0,0.73504275,0.46153846,4.395647,68.73132
942,0,1,0.25,0.7606838,0.4871795,4.354784,68.929825
942,0,1,0.5,0.75213677,0.50427353,4.3195515,68.75013
942,0,1,0.75,0.73504275,0.50427353,4.290149,69.02733
942,0,1,1,0.7008547,0.51282054,4.266777,69.328354
942,0,2,0,0.8119658,0.52991456,1.7887812,14.928223
942,0,2,0.25,0.8034188,0.5555556,1.7269839,15.059475
942,0,2,0.5,0.8119658,0.5811966,1.6756369,15.1164875
942,0,2,0.75,0.85470086,0.6666667,1.6356702,15.353343
942,0,2,1,0.9230769,0.73504275,1.6086708,15.290947
943,0,1,0,0.37606838,0.6837607,2.498055,29.14719
943,0,1,0.25,0.3931624,0.7094017,2.5107903,28.181805
943,0,1,0.5,0.4017094,0.71794873,2.5115702,28.094595
943,0,1,0.75,0.3931624,0.7008547,2.50036,27.978695
943,0,1,1,0.4017094,0.6837607,2.477159,27.52738
943,0,2,0,0.5726496,0.7863248,1.5302271,15.851305
943,0,2,0.25,0.5555556,0.7606838,1.5437315,15.527227
943,0,2,0.5,0.5555556,0.7692308,1.5536579,16.30129
943,0,2,0.75,0.5470086,0.7692308,1.5598464,16.904459
943,0,2,1,0.51282054,0.74358976,1.562201,16.445782
944,0,1,0,0.5811966,0.5897436,3.9229715,73.703
944,0,1,0.25,0.5641026,0.5726496,3.9261618,73.74051
944,0,1,0.5,0.5470086,0.5726496,3.9293559,73.530815
944,0,1,0.75,0.53846157,0.5811966,3.932555,73.07695
944,0,1,1,0.52136755,0.5811966,3.9357584,73.50067
944,0,2,0,0.6666667,0.46153846,2.7297103,35.876263
944,0,2,0.25,0.6581197,0.47008547,2.7337475,35.952312
944,0,2,0.5,0.6581197,0.45299146,2.7377863,36.590874
944,0,2,0.75,0.6581197,0.46153846,2.7418268,36.681385
944,0,2,1,0.6581197,0.46153846,2.7458692,36.639957
945,0,1,0,0.34188035,0.43589744,3.0916812,35.286182
945,0,1,0.25,0.36752138,0.4871795,3.0743287,35.82067
945,0,1,0.5,0.37606838,0.47008547,3.063843,36.510216
945,0,1,0.75,0.36752138,0.47008547,3.0602744,36.966934
945,0,1,1,0.34188035,0.46153846,3.063675,38.15423
945,0,2,0,0.52136755,0.2905983,4.792148,58.425766
945,0,2,0.25,0.5641026,0.31623933,4.815078,61.432648
945,0,2,0.5,0.5897436,0.30769232,4.8288474,63.30253
945,0,2,0.75,0.60683763,0.32478634,4.8334184,66.660934
945,0,2,1,0.53846157,0.31623933,4.828854,65.5506
946,0,1,0,0.75213677,0.45299146,2.7078009,42.889435
946,0,1,0.25,0.74358976,0.50427353,2.7258554,42.784634
946,0,1,0.5,0.7606838,0.50427353,2.7354121,43.13871
946,0,1,0.75,0.7692308,0.53846157,2.7361734,42.722042
946,0,1,1,0.7692308,0.52136755,2.7279713,42.805008
946,0,2,0,0.8717949,0.46153846,2.087978,34.830784
946,0,2,0.25,0.8717949,0.46153846,2.0525336,34.232475
946,0,2,0.5,0.8974359,0.4957265,2.0302207,34.295372
946,0,2,0.75,0.9059829,0.50427353,2.0210342,33.45652
946,0,2,1,0.9059829,0.4957265,2.0250337,33.631516
947,0,1,0,0.60683763,0.8803419,2.5652244,10.952466
947,0,1,0.25,0.5555556,0.64102566,2.7604017,12.564588
947,0,1,0.5,0.5470086,0.5726496,2.9568362,16.372826
947,0,1,0.75,0.52991456,0.4871795,3.154293,23.382368
947,0,1,1,0.5555556,0.47008547,3.3525915,31.997902
947,0,2,0,0.5982906,0.6837607,2.3734584,17.197222
947,0,2,0.25,0.5555556,0.5811966,2.5011017,13.452229
947,0,2,0.5,0.6837607,0.5726496,2.6687326,12.760414
947,0,2,0.75,0.6923077,0.53846157,2.8693514,14.451426
947,0,2,1,0.73504275,0.53846157,3.096553,21.811878
948,0,1,0,0.6752137,0.4017094,1.3469934,25.203634
948,0,1,0.25,0.61538464,0.41025642,1.3748925,25.991718
948,0,1,0.5,0.5897436,0.4017094,1.3828506,24.853775
948,0,1,0.75,0.5726496,0.3931624,1.3708602,24.234886
948,0,1,1,0.5470086,0.47008547,1.3390594,23.49492
948,0,2,0,0.5726496,0.47863248,1.6649444,41.341595
948,0,2,0.25,0.5811966,0.50427353,1.6899832,41.900455
948,0,2,0.5,0.5641026,0.52136755,1.699098,40.789486
948,0,2,0.75,0.4957265,0.51282054,1.6929984,39.90058
948,0,2,1,0.4957265,0.61538464,1.6730853,39.718445
949,0,1,0,0.8888889,0.61538464,2.050594,11.377256
949,0,1,0.25,0.8034188,0.60683763,1.8919138,13.499605
949,0,1,0.5,0.6752137,0.60683763,1.767968,15.299643
949,0,1,0.75,0.5897436,0.5641026,1.6864331,18.015732
949,0,1,1,0.5982906,0.47008547,1.653594,22.456081
949,0,2,0,0.74358976,0.2905983,2.838527,29.765676
949,0,2,0.25,0.8034188,0.32478634,2.7188053,31.819649
949,0,2,0.5,0.8034188,0.41025642,2.6063337,35.368332
949,0,2,0.75,0.73504275,0.4017094,2.5020897,39.248665
949,0,2,1,0.62393165,0.43589744,2.4071426,45.884174
950,0,1,0,0.41880342,0.7777778,1.5557508,29.766392
950,0,1,0.25,0.3846154,0.73504275,1.598037,31.896599
950,0,1,0.5,0.36752138,0.6923077,1.6189224,33.57966
950,0,1,0.75,0.36752138,0.6581197,1.618449,35.235252
950,0,1,1,0.35897437,0.61538464,1.5967032,36.751205
950,0,2,0,0.7948718,0.5555556,1.6873926,30.123396
950,0,2,0.25,0.7692308,0.5555556,1.6868715,31.03823
950,0,2,0.5,0.73504275,0.5470086,1.6749731,32.07666
950,0,2,0.75,0.7606838,0.5470086,1.6519924,32.944054
950,0,2,1,0.73504275,0.52991456,1.6183625,33.520775
951,0,1,0,0.63247865,0.5641026,3.894646,21.03497
951,0,1,0.25,0.64102566,0.5470086,3.9237275,21.002193
951,0,1,0.5,0.60683763,0.52991456,3.9682317,20.458065
951,0,1,0.75,0.61538464,0.52136755,4.027648,20.857399
951,0,1,1,0.64102566,0.4871795,4.101328,20.552078
951,0,2,0,0.9059829,0.4017094,1.7453574,5.7000504
951,0,2,0.25,0.95726496,0.44444445,1.7507008,5.3304515
951,0,2,0.5,0.9230769,0.50427353,1.7610072,6.4949265
951,0,2,0.75,0.82051283,0.5897436,1.7761909,6.9371576
951,0,2,1,0.8034188,0.5555556,1.7961279,7.1239195
952,0,1,0,0.74358976,0.44444445,1.3795162,7.7416177
952,0,1,0.25,0.73504275,0.4017094,1.4548005,7.9251614
952,0,1,0.5,0.6837607,0.35042736,1.5305624,8.341155
952,0,1,0.75,0.7094017,0.33333334,1.6067344,8.986893
952,0,1,1,0.7094017,0.34188035,1.6832604,9.640358
952,0,2,0,0.8632479,0.41025642,1.468729,4.9587355
952,0,2,0.25,0.83760685,0.44444445,1.4122589,5.537139
952,0,2,0.5,0.8717949,0.43589744,1.3698841,6.6056776
952,0,2,0.75,0.8803419,0.42735043,1.3429397,7.8781605
952,0,2,1,0.8974359,0.41025642,1.3323624,9.341789
953,0,1,0,0.75213677,0.62393165,1.837738,34.91322
953,0,1,0.25,0.7863248,0.60683763,1.773264,32.605545
953,0,1,0.5,0.7948718,0.5811966,1.7146504,29.567724
953,0,1,0.75,0.7863248,0.5470086,1.6621165,26.910194
953,0,1,1,0.8119658,0.51282054,1.6161284,24.426085
953,0,2,0,0.35897437,0.34188035,3.3543978,68.43417
953,0,2,0.25,0.37606838,0.35042736,3.4249935,65.76652
953,0,2,0.5,0.32478634,0.32478634,3.4823499,61.60328
953,0,2,0.75,0.37606838,0.36752138,3.526732,61.77607
953,0,2,1,0.37606838,0.37606838,3.5585458,59.677986
954,0,1,0,0.50427353,0.5811966,2.0739753,34.92021
954,0,1,0.25,0.4957265,0.5470086,2.0697687,35.648064
954,0,1,0.5,0.4871795,0.5811966,2.0740893,36.888687
954,0,1,0.75,0.4871795,0.5555556,2.0868747,37.966576
954,0,1,1,0.45299146,0.50427353,2.1081548,39.636955
954,0,2,0,0.52136755,0.82905984,1.4996226,22.648617
954,0,2,0.25,0.4957265,0.83760685,1.5188109,23.461761
954,0,2,0.5,0.4957265,0.8034188,1.523069,24.32267
954,0,2,0.75,0.47863248,0.82051283,1.5125967,24.871109
954,0,2,1,0.47863248,0.7948718,1.4876776,25.214928
955,0,1,0,0.43589744,0.64102566,1.56667,16.745285
955,0,1,0.25,0.43589744,0.6666667,1.5678391,16.65532
955,0,1,0.5,0.41880342,0.7008547,1.5678997,16.461166
955,0,1,0.75,0.43589744,0.71794873,1.5668458,16.418495
955,0,1,1,0.45299146,0.6837607,1.5646989,16.198027
955,0,2,0,0.5641026,0.52136755,2.173287,16.517597
955,0,2,0.25,0.5726496,0.52991456,2.1706975,16.53386
955,0,2,0.5,0.5555556,0.5897436,2.169235,16.407396
955,0,2,0.75,0.5726496,0.5982906,2.168878,16.395113
955,0,2,1,0.5641026,0.5726496,2.1696186,16.580296
956,0,1,0,0.47863248,0.8888889,2.8729472,17.595764
956,0,1,0.25,0.45299146,0.9145299,2.8872917,18.06264
956,0,1,0.5,0.46153846,0.8888889,2.8932674,18.60975
956,0,1,0.75,0.46153846,0.8803419,2.8895035,18.775143
956,0,1,1,0.45299146,0.9230769,2.8754547,18.648287
956,0,2,0,0.84615386,0.35897437,2.0100496,21.261412
956,0,2,0.25,0.8717949,0.34188035,2.0055203,21.583973
956,0,2,0.5,0.8888889,0.35042736,2.0042224,22.040468
956,0,2,0.75,0.8974359,0.3846154,2.0061507,22.154766
956,0,2,1,0.8888889,0.37606838,2.0112925,22.300667
957,0,1,0,0.73504275,0.3931624,1.8795615,26.497517
957,0,1,0.25,0.7692308,0.41880342,1.8276918,25.308567
957,0,1,0.5,0.8632479,0.45299146,1.7790737,24.209183
957,0,1,0.75,0.93162394,0.4957265,1.733981,22.688707
957,0,1,1,0.8974359,0.51282054,1.6926956,21.241266
957,0,2,0,0.41880342,0.47008547,2.3654795,43.02542
957,0,2,0.25,0.37606838,0.46153846,2.4457831,38.032623
957,0,2,0.5,0.31623933,0.5470086,2.5267797,32.78717
957,0,2,0.75,0.31623933,0.62393165,2.6084044,30.809448
957,0,2,1,0.2905983,0.6837607,2.6906004,26.000137
958,0,1,0,0.95726496,0.47863248,1.303448,15.639664
958,0,1,0.25,0.96581197,0.44444445,1.3014058,16.195377
958,0,1,0.5,0.96581197,0.47008547,1.2979453,16.694191
958,0,1,0.75,0.982906,0.47863248,1.293132,16.907925
958,0,1,1,0.982906,0.47863248,1.2871127,17.065117
958,0,2,0,0.8888889,0.5811966,1.62724,17.466225
958,0,2,0.25,0.9145299,0.5726496,1.6299815,17.648838
958,0,2,0.5,0.94871795,0.5641026,1.6289214,18.07176
958,0,2,0.75,0.9145299,0.5470086,1.6240788,17.683947
958,0,2,1,0.93162394,0.52991456,1.6154788,17.47432
959,0,1,0,0.61538464,0.41880342,1.6250361,25.861263
959,0,1,0.25,0.5726496,0.41880342,1.6252238,25.385143
959,0,1,0.5,0.5555556,0.42735043,1.6270705,25.16529
959,0,1,0.75,0.5811966,0.44444445,1.6305281,24.676811
959,0,1,1,0.62393165,0.44444445,1.6355582,24.251919
959,0,2,0,0.35897437,0.7777778,1.457171,22.786572
959,0,2,0.25,0.36752138,0.7777778,1.4561641,20.89562
959,0,2,0.5,0.37606838,0.7692308,1.4494115,20.023476
959,0,2,0.75,0.36752138,0.7692308,1.4369516,18.914398
959,0,2,1,0.3846154,0.7777778,1.4188292,17.79082
960,0,1,0,0.9145299,0.35897437,2.7074928,13.098904
960,0,1,0.25,0.9230769,0.36752138,2.6999266,13.024046
960,0,1,0.5,0.9230769,0.35897437,2.697048,13.052002
960,0,1,0.75,0.9230769,0.35897437,2.698855,13.091547
960,0,1,1,0.9145299,0.35897437,2.7053502,13.178823
960,0,2,0,0.75213677,0.75213677,1.9060442,21.640089
960,0,2,0.25,0.73504275,0.74358976,1.9058568,21.762377
960,0,2,0.5,0.7008547,0.74358976,1.9058543,21.55921
960,0,2,0.75,0.7094017,0.74358976,1.9060311,21.7225
960,0,2,1,0.6923077,0.74358976,1.9063926,21.66685
961,0,1,0,0.35897437,0.4871795,3.2055502,48.316
961,0,1,0.25,0.4017094,0.5470086,3.4207475,44.65464
961,0,1,0.5,0.46153846,0.46153846,3.6501405,41.088093
961,0,1,0.75,0.47863248,0.5641026,3.89122,39.523865
961,0,1,1,0.42735043,0.53846157,4.141946,37.680756
961,0,2,0,0.85470086,0.50427353,1.4314623,9.837873
961,0,2,0.25,0.8803419,0.60683763,1.5310811,7.4112034
961,0,2,0.5,0.8888889,0.63247865,1.6790768,6.0571427
961,0,2,0.75,0.96581197,0.6923077,1.8639616,5.905361
961,0,2,1,0.82905984,0.7094017,2.0759027,6.7031217
962,0,1,0,0.52136755,0.62393165,2.1672106,20.871445
962,0,1,0.25,0.41880342,0.53846157,2.2180665,19.436817
962,0,1,0.5,0.3931624,0.47008547,2.2869914,17.725885
962,0,1,0.75,0.35897437,0.3846154,2.3731844,14.828199
962,0,1,1,0.33333334,0.43589744,2.475943,14.586086
962,0,2,0,0.31623933,0.32478634,1.9043401,27.803188
962,0,2,0.25,0.42735043,0.37606838,1.8994067,29.611351
962,0,2,0.5,0.52136755,0.4957265,1.8823111,26.546022
962,0,2,0.75,0.44444445,0.52136755,1.8531674,23.760084
962,0,2,1,0.45299146,0.52136755,1.8122638,22.948322
963,0,1,0,0.51282054,0.62393165,2.6202774,32.345543
963,0,1,0.25,0.42735043,0.63247865,2.6897457,29.569485
963,0,1,0.5,0.35897437,0.47008547,2.7566152,28.207333
963,0,1,0.75,0.30769232,0.46153846,2.8091938,30.08299
963,0,1,1,0.33333334,0.7692308,2.8633137,35.41783
963,0,2,0,0.82905984,0.6752137,2.1002176,12.167791
963,0,2,0.25,0.7948718,0.71794873,2.026588,11.674496
963,0,2,0.5,0.8717949,0.63247865,2.1031199,12.8696995
963,0,2,0.75,0.84615386,0.5641026,2.2261915,13.987175
963,0,2,1,0.73504275,0.5897436,2.3530624,12.421726
964,0,1,0,0.2991453,0.93162394,1.4522723,13.514007
964,0,1,0.25,0.33333334,0.8974359,1.4789076,13.746769
964,0,1,0.5,0.34188035,0.93162394,1.4817425,13.144146
964,0,1,0.75,0.35042736,0.95726496,1.4457,12.666262
964,0,1,1,0.37606838,0.95726496,1.3638109,12.332247
964,0,2,0,0.64102566,0.53846157,1.9408385,26.00301
964,0,2,0.25,0.6666667,0.4957265,1.9738611,25.131205
964,0,2,0.5,0.64102566,0.46153846,2.0075288,24.972107
964,0,2,0.75,0.64102566,0.43589744,2.0419595,23.99687
964,0,2,1,0.62393165,0.3931624,2.0772502,23.386158
965,0,1,0,0.61538464,0.43589744,1.502171,26.053513
965,0,1,0.25,0.5897436,0.45299146,1.5580648,27.233915
965,0,1,0.5,0.5811966,0.3931624,1.6015115,29.279945
965,0,1,0.75,0.5470086,0.42735043,1.6318264,31.164118
965,0,1,1,0.51282054,0.46153846,1.6484293,31.988285
965,0,2,0,0.4957265,0.5897436,1.4835151,19.562698
965,0,2,0.25,0.47008547,0.6581197,1.4546272,19.827114
965,0,2,0.5,0.47008547,0.64102566,1.4347478,19.758324
965,0,2,0.75,0.45299146,0.6495727,1.422886,19.932564
965,0,2,1,0.44444445,0.6495727,1.4183679,20.496046
966,0,1,0,0.8119658,0.7094017,1.295438,5.8109183
966,0,1,0.25,0.8119658,0.6752137,1.4510015,8.771862
966,0,1,0.5,0.73504275,0.61538464,1.6289402,17.891178
966,0,1,0.75,0.5641026,0.52991456,1.8227135,27.548029
966,0,1,1,0.4017094,0.5555556,2.0277863,37.14714
966,0,2,0,0.8888889,0.30769232,1.2991495,10.052609
966,0,2,0.25,0.7863248,0.30769232,1.5456063,20.827873
966,0,2,0.5,0.5982906,0.36752138,1.8262556,30.436539
966,0,2,0.75,0.35042736,0.33333334,2.127609,35.360065
966,0,2,1,0.41025642,0.41880342,2.4420142,48.771378
967,0,1,0,0.36752138,0.3846154,2.459989,30.388405
967,0,1,0.25,0.32478634,0.3931624,2.465094,31.037588
967,0,1,0.5,0.33333334,0.3931624,2.455562,31.575691
967,0,1,0.75,0.32478634,0.3846154,2.4315891,31.204544
967,0,1,1,0.35042736,0.3931624,2.3933923,30.628395
967,0,2,0,0.33333334,0.982906,1.3586091,15.745678
967,0,2,0.25,0.34188035,0.982906,1.378252,15.863254
967,0,2,0.5,0.34188035,0.991453,1.3888521,15.853394
967,0,2,0.75,0.33333334,1,1.390371,15.801141
967,0,2,1,0.33333334,1,1.3827738,15.529594
968,0,1,0,0.47008547,0.43589744,2.0228932,50.92317
968,0,1,0.25,0.4957265,0.42735043,2.0229082,50.24681
968,0,1,0.5,0.46153846,0.42735043,2.0269854,47.587765
968,0,1,0.75,0.43589744,0.43589744,2.0350978,45.80684
968,0,1,1,0.44444445,0.41025642,2.0472322,43.471184
968,0,2,0,0.33333334,0.42735043,2.4713733,69.127365
968,0,2,0.25,0.32478634,0.4017094,2.4694896,69.45546
968,0,2,0.5,0.34188035,0.3846154,2.4691594,68.5593
968,0,2,0.75,0.34188035,0.3846154,2.4704401,66.57637
968,0,2,1,0.34188035,0.4017094,2.4735281,65.148445
969,0,1,0,0.47863248,0.61538464,2.724176,40.584763
969,0,1,0.25,0.47008547,0.60683763,2.7391245,40.662952
969,0,1,0.5,0.50427353,0.5982906,2.7465565,41.430717
969,0,1,0.75,0.51282054,0.60683763,2.7464268,40.96288
969,0,1,1,0.52136755,0.5982906,2.7386959,40.71132
969,0,2,0,0.52991456,0.47863248,2.08115,26.531672
969,0,2,0.25,0.5811966,0.50427353,2.0813825,25.687248
969,0,2,0.5,0.64102566,0.52136755,2.0842013,25.193855
969,0,2,0.75,0.6581197,0.52136755,2.0895696,25.546474
969,0,2,1,0.6666667,0.52136755,2.0974536,25.23063
970,0,1,0,0.4871795,0.974359,1.4455553,11.482846
970,0,1,0.25,0.45299146,0.95726496,1.5134054,10.442881
970,0,1,0.5,0.3931624,1,1.6040448,9.9018135
970,0,1,0.75,0.36752138,0.991453,1.7148917,10.284822
970,0,1,1,0.34188035,0.96581197,1.8481212,10.186119
970,0,2,0,0.93162394,0.6495727,1.3855342,11.476507
970,0,2,0.25,0.94017094,0.71794873,1.4428316,12.094953
970,0,2,0.5,0.9230769,0.7948718,1.5155346,12.699959
970,0,2,0.75,0.8803419,0.83760685,1.6077923,13.540707
970,0,2,1,0.7777778,0.84615386,1.726674,14.031996
971,0,1,0,0.61538464,0.33333334,1.3037999,21.915184
971,0,1,0.25,0.61538464,0.33333334,1.3274968,21.732656
971,0,1,0.5,0.5982906,0.33333334,1.3443141,21.341118
971,0,1,0.75,0.5982906,0.35042736,1.3541138,20.990364
971,0,1,1,0.5811966,0.33333334,1.3567998,20.80149
971,0,2,0,0.64102566,0.5641026,2.1619153,12.36698
971,0,2,0.25,0.64102566,0.5470086,2.1542146,12.224221
971,0,2,0.5,0.60683763,0.52991456,2.1452324,12.196299
971,0,2,0.75,0.5811966,0.52136755,2.1350687,11.998048
971,0,2,1,0.5726496,0.52991456,2.1238253,12.080909
972,0,1,0,0.45299146,0.30769232,4.728228,57.215908
972,0,1,0.25,0.47863248,0.31623933,4.7278852,57.43864
972,0,1,0.5,0.4871795,0.30769232,4.7275915,56.750862
972,0,1,0.75,0.4871795,0.31623933,4.727347,56.437744
972,0,1,1,0.4871795,0.33333334,4.727153,56.859146
972,0,2,0,0.43589744,0.53846157,2.366372,24.848873
972,0,2,0.25,0.4871795,0.5555556,2.3564808,25.023125
972,0,2,0.5,0.41025642,0.5555556,2.3467336,25.980904
972,0,2,0.75,0.44444445,0.5641026,2.337132,25.844002
972,0,2,1,0.47863248,0.62393165,2.3276782,25.528187
973,0,1,0,0.3931624,0.9059829,1.3731155,14.25894
973,0,1,0.25,0.4017094,0.8974359,1.3853219,14.512852
973,0,1,0.5,0.44444445,0.8803419,1.3995222,14.8359165
973,0,1,0.75,0.47008547,0.85470086,1.4156567,16.251614
973,0,1,1,0.45299146,0.9059829,1.4336598,17.423752
973,0,2,0,0.62393165,0.72649574,1.766844,23.347301
973,0,2,0.25,0.60683763,0.6923077,1.7794383,23.415102
973,0,2,0.5,0.63247865,0.6923077,1.7942513,23.414913
973,0,2,0.75,0.6581197,0.6923077,1.811228,23.796223
973,0,2,1,0.6495727,0.64102566,1.8303082,23.942684
974,0,1,0,0.37606838,0.9145299,2.224427,25.887218
974,0,1,0.25,0.3846154,0.8888889,2.219676,26.384312
974,0,1,0.5,0.4017094,0.8888889,2.2222493,26.502838
974,0,1,0.75,0.41880342,0.8632479,2.2319868,27.402065
974,0,1,1,0.42735043,0.8632479,2.2487574,27.82241
974,0,2,0,0.5811966,0.8717949,1.2713475,9.630585
974,0,2,0.25,0.5726496,0.8974359,1.2450194,9.7561455
974,0,2,0.5,0.5982906,0.9230769,1.2324659,9.74959
974,0,2,0.75,0.5982906,0.9230769,1.2336208,9.997973
974,0,2,1,0.60683763,0.9145299,1.2484336,10.263233
975,0,1,0,0.41880342,0.6752137,3.3142831,45.703705
975,0,1,0.25,0.42735043,0.5982906,3.4003696,50.298134
975,0,1,0.5,0.41880342,0.5470086,3.4696803,54.005585
975,0,1,0.75,0.42735043,0.41025642,3.52299,56.48909
975,0,1,1,0.41880342,0.32478634,3.5612094,59.139366
975,0,2,0,0.82051283,0.94871795,1.2895888,5.702298
975,0,2,0.25,0.82051283,0.9230769,1.3120198,5.6082067
975,0,2,0.5,0.82905984,0.8632479,1.333876,5.557053
975,0,2,0.75,0.83760685,0.83760685,1.3578374,5.619356
975,0,2,1,0.84615386,0.8034188,1.3868469,5.8756824
976,0,1,0,0.71794873,0.33333334,2.0955722,27.282055
976,0,1,0.25,0.7008547,0.34188035,2.098482,26.82923
976,0,1,0.5,0.6923077,0.32478634,2.0999403,26.505013
976,0,1,0.75,0.7008547,0.32478634,2.0999374,26.241503
976,0,1,1,0.71794873,0.31623933,2.0984712,26.031216
976,0,2,0,0.52136755,0.64102566,1.6265614,23.600086
976,0,2,0.25,0.4871795,0.6837607,1.6307011,23.511387
976,0,2,0.5,0.47008547,0.6837607,1.630924,23.461246
976,0,2,0.75,0.47008547,0.6666667,1.6272548,23.386848
976,0,2,1,0.47863248,0.6666667,1.6197327,23.119886
977,0,1,0,0.7008547,0.71794873,1.3066117,17.925732
977,0,1,0.25,0.73504275,0.71794873,1.2971015,17.639349
977,0,1,0.5,0.7777778,0.6923077,1.2939651,17.039516
977,0,1,0.75,0.7692308,0.6837607,1.2971504,17.10604
977,0,1,1,0.7863248,0.6666667,1.3066449,17.235504
977,0,2,0,0.8034188,0.7777778,1.3648475,12.711287
977,0,2,0.25,0.8119658,0.7606838,1.3681923,12.535206
977,0,2,0.5,0.8119658,0.71794873,1.3685603,12.0065975
977,0,2,0.75,0.82905984,0.7094017,1.3659989,12.086277
977,0,2,1,0.82051283,0.71794873,1.3605667,12.212103
978,0,1,0,0.42735043,0.52136755,3.9437075,53.59157
978,0,1,0.25,0.36752138,0.50427353,3.9692676,51.54577
978,0,1,0.5,0.32478634,0.45299146,3.9462314,50.75136
978,0,1,0.75,0.2905983,0.4957265,3.8747535,51.80789
978,0,1,1,0.2991453,0.5641026,3.7550905,58.053577
978,0,2,0,0.36752138,0.47008547,4.2993517,98.99581
978,0,2,0.25,0.35897437,0.45299146,4.2973247,100.65802
978,0,2,0.5,0.34188035,0.43589744,4.2724643,101.85918
978,0,2,0.75,0.30769232,0.41880342,4.224493,101.85654
978,0,2,1,0.2991453,0.41025642,4.154516,101.48692
979,0,1,0,0.41880342,0.74358976,1.2833635,30.574589
979,0,1,0.25,0.42735043,0.73504275,1.2955582,31.162392
979,0,1,0.5,0.43589744,0.7692308,1.3052697,31.117188
979,0,1,0.75,0.41880342,0.7606838,1.3122456,31.37637
979,0,1,1,0.44444445,0.75213677,1.3164654,31.551052
979,0,2,0,0.4017094,0.7948718,1.5627109,20.554394
979,0,2,0.25,0.3846154,0.7948718,1.5714014,20.634735
979,0,2,0.5,0.37606838,0.82905984,1.5742617,19.691357
979,0,2,0.75,0.3846154,0.7948718,1.5713117,19.303291
979,0,2,1,0.3931624,0.7692308,1.5625795,18.879963
980,0,1,0,0.50427353,0.6752137,2.1272163,15.211178
980,0,1,0.25,0.5555556,0.6837607,1.834894,16.623283
980,0,1,0.5,0.7777778,0.5470086,1.583029,17.369408
980,0,1,0.75,0.8974359,0.46153846,1.3937316,14.332884
980,0,1,1,0.9230769,0.30769232,1.2947403,11.803236
980,0,2,0,0.8119658,0.42735043,2.2799888,17.959188
980,0,2,0.25,0.83760685,0.47008547,2.1951702,13.89781
980,0,2,0.5,0.94017094,0.47008547,2.1798856,9.038391
980,0,2,0.75,0.94871795,0.42735043,2.2355614,7.926716
980,0,2,1,0.85470086,0.41880342,2.357175,7.9199076
981,0,1,0,0.64102566,0.41025642,2.1717713,37.674362
981,0,1,0.25,0.60683763,0.44444445,2.168063,37.458702
981,0,1,0.5,0.61538464,0.3931624,2.1665988,36.922234
981,0,1,0.75,0.5897436,0.35042736,2.1673563,36.395813
981,0,1,1,0.5641026,0.35042736,2.1703339,37.249725
981,0,2,0,0.3846154,0.7008547,1.3363199,21.26815
981,0,2,0.25,0.34188035,0.6666667,1.3407698,21.061901
981,0,2,0.5,0.36752138,0.6495727,1.3442394,21.415525
981,0,2,0.75,0.35042736,0.64102566,1.3466895,23.721552
981,0,2,1,0.34188035,0.61538464,1.3480841,22.681562
982,0,1,0,0.3931624,0.82051283,3.4253318,36.211327
982,0,1,0.25,0.50427353,0.8034188,3.2193968,41.896206
982,0,1,0.5,0.44444445,0.5982906,3.020445,43.043446
982,0,1,0.75,0.43589744,0.4871795,2.8299506,48.628452
982,0,1,1,0.4871795,0.4017094,2.6497371,51.95264
982,0,2,0,0.6923077,0.7863248,2.474739,28.654325
982,0,2,0.25,0.7777778,0.74358976,2.2880788,30.761566
982,0,2,0.5,0.7692308,0.52136755,2.112684,30.18885
982,0,2,0.75,0.85470086,0.45299146,1.9515929,31.153973
982,0,2,1,0.8803419,0.35042736,1.8086329,32.14801
983,0,1,0,0.37606838,0.85470086,1.7778378,20.736439
983,0,1,0.25,0.36752138,0.82051283,1.8068116,20.333416
983,0,1,0.5,0.34188035,0.8034188,1.8364689,20.211159
983,0,1,0.75,0.34188035,0.8034188,1.866777,19.825691
983,0,1,1,0.35042736,0.8119658,1.8977052,19.627079
983,0,2,0,0.2991453,0.5811966,2.5591788,36.64989
983,0,2,0.25,0.32478634,0.5726496,2.560246,36.884644
983,0,2,0.5,0.32478634,0.5897436,2.562029,36.750168
983,0,2,0.75,0.32478634,0.61538464,2.564526,35.970764
983,0,2,1,0.33333334,0.62393165,2.5677357,37.1641
984,0,1,0,0.35042736,0.2905983,3.7357485,92.84995
984,0,1,0.25,0.35042736,0.2905983,3.7529376,93.60515
984,0,1,0.5,0.36752138,0.30769232,3.7609754,94.135574
984,0,1,0.75,0.4017094,0.33333334,3.7598462,94.229004
984,0,1,1,0.43589744,0.33333334,3.7495418,94.61887
984,0,2,0,0.42735043,0.50427353,1.6127226,31.67258
984,0,2,0.25,0.42735043,0.51282054,1.6159239,31.388443
984,0,2,0.5,0.44444445,0.52136755,1.6185868,31.539574
984,0,2,0.75,0.46153846,0.52136755,1.6206547,31.922028
984,0,2,1,0.4871795,0.52991456,1.6221647,32.635124
985,0,1,0,0.7863248,0.71794873,2.475728,23.120714
985,0,1,0.25,0.6923077,0.72649574,2.5444982,23.63491
985,0,1,0.5,0.6837607,0.7606838,2.5889983,23.749315
985,0,1,0.75,0.7008547,0.7948718,2.6088986,23.945652
985,0,1,1,0.6666667,0.7863248,2.6040692,23.025446
985,0,2,0,0.42735043,0.52136755,4.346078,47.316845
985,0,2,0.25,0.3846154,0.52991456,4.431103,47.83419
985,0,2,0.5,0.47863248,0.47863248,4.5036783,51.442535
985,0,2,0.75,0.4871795,0.47008547,4.561045,52.013466
985,0,2,1,0.5641026,0.3846154,4.6021166,52.484062
986,0,1,0,0.6752137,0.43589744,1.8052813,14.167514
986,0,1,0.25,0.5726496,0.41880342,1.7879118,16.289097
986,0,1,0.5,0.47008547,0.35897437,1.7633088,17.06514
986,0,1,0.75,0.47008547,0.31623933,1.7265724,17.68578
986,0,1,1,0.46153846,0.30769232,1.676212,18.372791
986,0,2,0,0.6752137,0.7863248,1.4055033,5.1580133
986,0,2,0.25,0.62393165,0.7606838,1.3965396,5.355709
986,0,2,0.5,0.5897436,0.75213677,1.3834709,5.4431815
986,0,2,0.75,0.52136755,0.72649574,1.361614,5.2948904
986,0,2,1,0.47008547,0.73504275,1.3304656,5.631491
987,0,1,0,0.3846154,0.5555556,4.8538113,92.047905
987,0,1,0.25,0.3931624,0.52991456,4.8552294,92.37082
987,0,1,0.5,0.3846154,0.50427353,4.8570933,93.95648
987,0,1,0.75,0.34188035,0.44444445,4.859384,96.684265
987,0,1,1,0.35897437,0.41025642,4.862082,98.950745
987,0,2,0,0.35897437,0.63247865,3.4274182,56.631493
987,0,2,0.25,0.35042736,0.62393165,3.4298217,57.695618
987,0,2,0.5,0.3846154,0.61538464,3.431596,57.342705
987,0,2,0.75,0.37606838,0.5982906,3.4327123,57.802486
987,0,2,1,0.36752138,0.60683763,3.4331586,58.18365
988,0,1,0,0.2991453,0.7606838,2.1142094,21.906803
988,0,1,0.25,0.33333334,0.71794873,2.3506243,33.344246
988,0,1,0.5,0.4017094,0.6581197,2.589773,46.093594
988,0,1,0.75,0.52136755,0.5555556,2.8309622,58.779865
988,0,1,1,0.5811966,0.41880342,3.0737128,67.77779
988,0,2,0,0.42735043,0.5982906,2.731966,34.54928
988,0,2,0.25,0.50427353,0.64102566,2.7036154,38.933105
988,0,2,0.5,0.5897436,0.6666667,2.6830933,43.482002
988,0,2,0.75,0.6837607,0.61538464,2.6705801,47.14984
988,0,2,1,0.73504275,0.4957265,2.6661885,50.515404
989,0,1,0,0.6666667,0.50427353,1.679406,22.940344
989,0,1,0.25,0.6752137,0.50427353,1.6302466,21.315218
989,0,1,0.5,0.6923077,0.53846157,1.5969898,20.720886
989,0,1,0.75,0.6581197,0.61538464,1.575462,20.091679
989,0,1,1,0.61538464,0.62393165,1.5625567,20.23657
989,0,2,0,0.7948718,0.35042736,1.5591906,21.714298
989,0,2,0.25,0.82905984,0.37606838,1.6735915,21.570118
989,0,2,0.5,0.82905984,0.37606838,1.7424926,21.30867
989,0,2,0.75,0.82905984,0.4017094,1.7653658,21.30642
989,0,2,1,0.7948718,0.3846154,1.7420748,20.29596
990,0,1,0,0.41880342,0.6666667,2.7140846,29.343487
990,0,1,0.25,0.37606838,0.6752137,2.6801457,29.509842
990,0,1,0.5,0.37606838,0.6752137,2.65924,27.834448
990,0,1,0.75,0.37606838,0.64102566,2.6514885,27.925827
990,0,1,1,0.3846154,0.7094017,2.6570144,29.433441
990,0,2,0,0.7008547,0.3846154,2.5432496,23.339832
990,0,2,0.25,0.6923077,0.37606838,2.5249708,22.34974
990,0,2,0.5,0.6923077,0.37606838,2.513064,21.305666
990,0,2,0.75,0.6923077,0.4017094,2.5075967,21.479649
990,0,2,1,0.6752137,0.36752138,2.5086396,20.976582
991,0,1,0,0.63247865,0.47863248,1.4611031,7.466026
991,0,1,0.25,0.72649574,0.5641026,1.4608632,8.1534815
991,0,1,0.5,0.7606838,0.5726496,1.4666402,8.918573
991,0,1,0.75,0.82051283,0.60683763,1.478367,9.7584095
991,0,1,1,0.8974359,0.62393165,1.4959807,10.559785
991,0,2,0,0.5811966,0.74358976,1.8096702,17.945427
991,0,2,0.25,0.5811966,0.7008547,1.7812674,18.33435
991,0,2,0.5,0.5641026,0.72649574,1.7502043,18.474289
991,0,2,0.75,0.5555556,0.74358976,1.7143385,18.328873
991,0,2,1,0.5641026,0.73504275,1.6738783,17.88293
992,0,1,0,0.33333334,0.93162394,1.727071,29.871443
992,0,1,0.25,0.35042736,0.9230769,1.7252295,30.290764
992,0,1,0.5,0.35042736,0.9230769,1.7170026,30.501698
992,0,1,0.75,0.35042736,0.9230769,1.7023121,30.51685
992,0,1,1,0.35042736,0.9059829,1.681446,30.539635
992,0,2,0,0.37606838,0.82905984,2.6172566,38.28469
992,0,2,0.25,0.41025642,0.84615386,2.6421957,38.628662
992,0,2,0.5,0.44444445,0.85470086,2.6670787,39.17804
992,0,2,0.75,0.47863248,0.85470086,2.6919086,39.54355
992,0,2,1,0.52136755,0.85470086,2.7166967,39.995125
993,0,1,0,0.63247865,0.5811966,3.9789376,21.955963
993,0,1,0.25,0.60683763,0.53846157,4.158441,30.086086
993,0,1,0.5,0.52991456,0.4871795,4.339963,38.506058
993,0,1,0.75,0.41880342,0.35042736,4.5232606,44.712753
993,0,1,1,0.36752138,0.42735043,4.7081256,50.788902
993,0,2,0,0.982906,0.47863248,1.6393665,12.536739
993,0,2,0.25,1,0.45299146,1.560871,10.907217
993,0,2,0.5,1,0.46153846,1.4893662,9.585388
993,0,2,0.75,1,0.47008547,1.4259036,8.803415
993,0,2,1,0.94871795,0.4957265,1.3716005,7.9609537
994,0,1,0,0.9145299,0.4871795,1.4826031,12.334511
994,0,1,0.25,0.9145299,0.47863248,1.4174643,13.577032
994,0,1,0.5,0.83760685,0.4957265,1.3724095,15.755749
994,0,1,0.75,0.82905984,0.52991456,1.3494526,19.854607
994,0,1,1,0.82051283,0.5982906,1.3497208,25.184998
994,0,2,0,0.94871795,0.53846157,1.356317,7.74113
994,0,2,0.25,0.94871795,0.45299146,1.5578399,10.295344
994,0,2,0.5,0.8803419,0.37606838,1.7712109,13.105831
994,0,2,0.75,0.8034188,0.35042736,1.9926275,17.31088
994,0,2,1,0.83760685,0.31623933,2.2196832,22.217056
995,0,1,0,0.9230769,0.5641026,2.7235715,16.397366
995,0,1,0.25,0.8119658,0.5811966,2.7081985,14.9532795
995,0,1,0.5,0.73504275,0.62393165,2.7047794,13.474319
995,0,1,0.75,0.6752137,0.53846157,2.71336,12.46114
995,0,1,1,0.52136755,0.51282054,2.7338269,9.902556
995,0,2,0,0.8803419,0.7008547,1.8471538,11.9566555
995,0,2,0.25,0.8717949,0.6923077,1.6290097,10.821905
995,0,2,0.5,0.8803419,0.63247865,1.5012605,9.957421
995,0,2,0.75,0.8632479,0.5811966,1.4873827,9.490432
995,0,2,1,0.8119658,0.47863248,1.5903602,9.098122
996,0,1,0,0.6581197,0.63247865,1.9239295,23.255848
996,0,1,0.25,0.62393165,0.61538464,1.6916893,20.361315
996,0,1,0.5,0.7008547,0.64102566,1.4888239,19.178104
996,0,1,0.75,0.7863248,0.6495727,1.3288549,17.168888
996,0,1,1,0.9059829,0.61538464,1.2286538,14.637669
996,0,2,0,0.52136755,0.5470086,2.1998122,29.24685
996,0,2,0.25,0.47863248,0.52991456,2.0674522,34.4208
996,0,2,0.5,0.50427353,0.52991456,2.0034716,38.051086
996,0,2,0.75,0.5641026,0.46153846,2.0143957,34.544743
996,0,2,1,0.6666667,0.4017094,2.0990555,35.743187
997,0,1,0,0.46153846,0.6923077,2.386965,15.904263
997,0,1,0.25,0.41025642,0.6495727,2.5195284,17.232199
997,0,1,0.5,0.34188035,0.64102566,2.6120503,19.130241
997,0,1,0.75,0.2905983,0.62393165,2.6637046,20.1873
997,0,1,1,0.2991453,0.5641026,2.6737936,20.662575
997,0,2,0,0.6923077,0.5982906,2.2031345,27.894379
997,0,2,0.25,0.61538464,0.61538464,2.0252962,26.405956
997,0,2,0.5,0.5982906,0.6923077,1.9100671,26.473778
997,0,2,0.75,0.52136755,0.7606838,1.8583162,27.179394
997,0,2,1,0.47863248,0.7094017,1.8703823,26.645554
998,0,1,0,0.6495727,0.75213677,2.5236862,20.657606
998,0,1,0.25,0.6752137,0.74358976,2.501056,20.71275
998,0,1,0.5,0.6581197,0.72649574,2.4844716,20.670563
998,0,1,0.75,0.6581197,0.72649574,2.4740443,20.888031
998,0,1,1,0.6666667,0.6923077,2.4698844,20.70853
998,0,2,0,0.72649574,0.4017094,4.205333,46.69373
998,0,2,0.25,0.71794873,0.43589744,4.1852913,47.05925
998,0,2,0.5,0.6923077,0.3846154,4.1705604,47.66207
998,0,2,0.75,0.74358976,0.3931624,4.161238,48.95729
998,0,2,1,0.75213677,0.3931624,4.1574445,49.01362
999,0,1,0,0.62393165,0.7777778,1.3993965,17.270039
999,0,1,0.25,0.5982906,0.71794873,1.4018617,17.890816
999,0,1,0.5,0.61538464,0.71794873,1.4542807,19.175642
999,0,1,0.75,0.5726496,0.72649574,1.5515994,20.999447
999,0,1,1,0.53846157,0.72649574,1.6860607,23.588972
999,0,2,0,0.34188035,0.96581197,2.2201512,24.64819
999,0,2,0.25,0.44444445,0.94871795,2.5188792,32.61271
999,0,2,0.5,0.5555556,0.82905984,2.8223243,39.46572
999,0,2,0.75,0.6752137,0.6837607,3.1291146,45.63481
999,0,2,1,0.6666667,0.41880342,3.4383552,48.36242
1000,0,1,0,0.46153846,0.52991456,3.3619883,51.483864
1000,0,1,0.25,0.4957265,0.52991456,3.354431,52.705414
1000,0,1,0.5,0.4957265,0.5555556,3.3560708,51.42875
1000,0,1,0.75,0.47863248,0.52991456,3.366834,51.69513
1000,0,1,1,0.47863248,0.4957265,3.3866434,51.517876
1000,0,2,0,0.31623933,0.5726496,5.112748,68.37671
1000,0,2,0.25,0.34188035,0.5470086,5.112581,69.949295
1000,0,2,0.5,0.30769232,0.51282054,5.1098866,71.74864
1000,0,2,0.75,0.30769232,0.44444445,5.104629,73.354256
1000,0,2,1,0.2905983,0.47008547,5.0967855,74.40074
1001,0,1,0,0.6837607,0.31623933,3.0253448,26.795303
1001,0,1,0.25,0.6837607,0.31623933,3.0225706,26.333082
1001,0,1,0.5,0.6666667,0.30769232,3.0297766,26.274847
1001,0,1,0.75,0.6666667,0.2905983,3.0469043,26.60605
1001,0,1,1,0.6666667,0.34188035,3.0739064,25.616066
1001,0,2,0,0.6923077,0.8034188,2.0641348,11.377563
1001,0,2,0.25,0.6923077,0.8119658,2.0158303,10.952116
1001,0,2,0.5,0.6581197,0.7777778,1.9844576,11.039314
1001,0,2,0.75,0.6495727,0.7777778,1.9703373,11.149033
1001,0,2,1,0.6666667,0.7606838,1.9738117,10.99024
1002,0,1,0,0.31623933,0.36752138,2.7371855,62.847214
1002,0,1,0.25,0.30769232,0.36752138,2.727506,62.11248
1002,0,1,0.5,0.30769232,0.36752138,2.722027,61.161556
1002,0,1,0.75,0.31623933,0.4017094,2.7207665,62.0104
1002,0,1,1,0.32478634,0.3931624,2.7237453,61.433674
1002,0,2,0,0.6923077,0.71794873,1.4605523,30.784983
1002,0,2,0.25,0.6923077,0.74358976,1.4644042,30.630095
1002,0,2,0.5,0.7008547,0.7606838,1.4671488,30.514069
1002,0,2,0.75,0.7008547,0.7692308,1.4687573,30.442604
1002,0,2,1,0.6837607,0.7692308,1.4692115,30.500929
1003,0,1,0,1,0.2991453,1.2619812,9.072876
1003,0,1,0.25,1,0.2991453,1.409253,12.261827
1003,0,1,0.5,1,0.34188035,1.5829605,15.967421
1003,0,1,0.75,1,0.35897437,1.775361,19.852535
1003,0,1,1,0.9230769,0.41025642,1.9810153,24.247559
1003,0,2,0,0.7094017,0.82051283,1.3539432,15.140949
1003,0,2,0.25,0.60683763,0.9145299,1.6354325,15.215607
1003,0,2,0.5,0.47008547,0.8888889,1.9175559,15.210442
1003,0,2,0.75,0.4017094,0.7863248,2.2000694,14.401161
1003,0,2,1,0.35897437,0.73504275,2.4828396,14.870161
1004,0,1,0,0.5726496,0.8974359,3.173653,13.9960575
1004,0,1,0.25,0.5897436,0.8803419,3.0604787,13.019267
1004,0,1,0.5,0.53846157,0.73504275,2.8984385,13.370041
1004,0,1,0.75,0.5641026,0.7606838,2.67169,12.765379
1004,0,1,1,0.50427353,0.7606838,2.3866673,14.663253
1004,0,2,0,0.61538464,0.7692308,3.6267638,29.564283
1004,0,2,0.25,0.45299146,0.5726496,3.6783998,35.78601
1004,0,2,0.5,0.36752138,0.51282054,3.6629028,45.112045
1004,0,2,0.75,0.47008547,0.53846157,3.575954,48.571426
1004,0,2,1,0.44444445,0.47008547,3.4146893,52.986496
1005,0,1,0,0.8803419,0.2905983,1.3493446,22.28986
1005,0,1,0.25,0.8034188,0.36752138,1.4982984,27.39909
1005,0,1,0.5,0.62393165,0.47008547,1.6482774,32.10752
1005,0,1,0.75,0.5641026,0.5811966,1.7990245,33.181885
1005,0,1,1,0.46153846,0.6666667,1.9503635,30.298553
1005,0,2,0,0.73504275,0.7008547,1.9205903,33.783707
1005,0,2,0.25,0.44444445,0.8034188,1.9124882,30.977734
1005,0,2,0.5,0.37606838,0.7094017,1.9122903,28.3721
1005,0,2,0.75,0.41025642,0.73504275,1.9199979,26.07337
1005,0,2,1,0.4871795,0.6581197,1.9355167,23.339144
1006,0,1,0,0.33333334,0.82905984,2.126472,28.438957
1006,0,1,0.25,0.35042736,0.83760685,2.0022533,28.94986
1006,0,1,0.5,0.32478634,0.8119658,1.8798714,30.242653
1006,0,1,0.75,0.35042736,0.7863248,1.759711,32.248802
1006,0,1,1,0.3931624,0.7863248,1.6422584,31.437595
1006,0,2,0,0.4871795,0.83760685,1.4070696,20.87704
1006,0,2,0.25,0.62393165,0.7606838,1.5563579,21.719912
1006,0,2,0.5,0.6923077,0.7094017,1.7212971,22.99535
1006,0,2,0.75,0.6581197,0.62393165,1.897811,24.376488
1006,0,2,1,0.6837607,0.5470086,2.082959,25.361351
1007,0,1,0,0.7777778,0.30769232,2.69469,50.264137
1007,0,1,0.25,0.7606838,0.30769232,2.6882706,50.152603
1007,0,1,0.5,0.74358976,0.31623933,2.6845067,49.141426
1007,0,1,0.75,0.7606838,0.34188035,2.6834166,49.77527
1007,0,1,1,0.7606838,0.31623933,2.6850252,49.9346
1007,0,2,0,0.3846154,0.46153846,2.689221,51.542
1007,0,2,0.25,0.3846154,0.47008547,2.6953678,50.933334
1007,0,2,0.5,0.3846154,0.4871795,2.70124,50.172203
1007,0,2,0.75,0.3846154,0.4871795,2.706788,49.824955
1007,0,2,1,0.3931624,0.50427353,2.7119768,49.310017
1008,0,1,0,0.6837607,0.4017094,1.6750075,15.859276
1008,0,1,0.25,0.6752137,0.4017094,1.6970137,14.959065
1008,0,1,0.5,0.6837607,0.4017094,1.7191081,14.467081
1008,0,1,0.75,0.6581197,0.3846154,1.7412868,13.613907
1008,0,1,1,0.62393165,0.36752138,1.763547,13.172129
1008,0,2,0,0.3846154,0.63247865,2.146765,15.542236
1008,0,2,0.25,0.37606838,0.60683763,2.1511452,15.439337
1008,0,2,0.5,0.35042736,0.60683763,2.1556702,15.295052
1008,0,2,0.75,0.35897437,0.62393165,2.1603394,14.999695
1008,0,2,1,0.35897437,0.64102566,2.1651511,14.911327
1009,0,1,0,0.9059829,0.50427353,2.2270525,25.430668
1009,0,1,0.25,0.8888889,0.50427353,2.2375438,25.808395
1009,0,1,0.5,0.8888889,0.51282054,2.2471926,26.090929
1009,0,1,0.75,0.8974359,0.51282054,2.2560115,25.78263
1009,0,1,1,0.8632479,0.51282054,2.2640464,25.582417
1009,0,2,0,0.3846154,0.982906,1.5626816,9.041441
1009,0,2,0.25,0.37606838,0.974359,1.5512676,8.812565
1009,0,2,0.5,0.3846154,0.982906,1.54879,8.745718
1009,0,2,0.75,0.3846154,0.982906,1.555242,8.665084
1009,0,2,1,0.3846154,0.974359,1.570638,8.755179
1010,0,1,0,0.37606838,0.5726496,2.1746979,32.001225
1010,0,1,0.25,0.34188035,0.61538464,2.2323873,28.905142
1010,0,1,0.5,0.37606838,0.6752137,2.3015146,26.068823
1010,0,1,0.75,0.41025642,0.7948718,2.381084,23.69666
1010,0,1,1,0.42735043,0.8632479,2.4700868,23.365517
1010,0,2,0,0.42735043,0.44444445,2.9855628,42.010094
1010,0,2,0.25,0.44444445,0.47008547,2.8598084,38.584957
1010,0,2,0.5,0.4871795,0.6495727,2.740302,33.812244
1010,0,2,0.75,0.5811966,0.74358976,2.6278965,30.450447
1010,0,2,1,0.52991456,0.7606838,2.523541,26.669266
1011,0,1,0,0.36752138,0.47008547,1.4382958,35.469017
1011,0,1,0.25,0.3846154,0.41025642,1.4526824,34.974125
1011,0,1,0.5,0.3846154,0.43589744,1.4630592,34.586376
1011,0,1,0.75,0.3931624,0.42735043,1.4693545,33.663376
1011,0,1,1,0.3931624,0.41025642,1.4715272,33.558136
1011,0,2,0,0.7692308,0.42735043,1.3293363,5.095829
1011,0,2,0.25,0.7692308,0.45299146,1.3182353,4.9420433
1011,0,2,0.5,0.7863248,0.45299146,1.3122072,4.825456
1011,0,2,0.75,0.7863248,0.43589744,1.3113291,4.5678105
1011,0,2,1,0.7777778,0.42735043,1.3158139,4.4433537
1012,0,1,0,0.52136755,0.47863248,3.2538936,17.494282
1012,0,1,0.25,0.47863248,0.45299146,3.2209644,16.985281
1012,0,1,0.5,0.5982906,0.51282054,3.1927242,18.476677
1012,0,1,0.75,0.5641026,0.52136755,3.1692986,15.941504
1012,0,1,1,0.5897436,0.61538464,3.1507943,17.935112
1012,0,2,0,0.7692308,0.5641026,2.1375022,18.221115
1012,0,2,0.25,0.5982906,0.5982906,2.3506708,19.308605
1012,0,2,0.5,0.42735043,0.52136755,2.5972676,18.07711
1012,0,2,0.75,0.42735043,0.47008547,2.8686852,17.34259
1012,0,2,1,0.63247865,0.52136755,3.1585307,28.022926
1013,0,1,0,0.51282054,0.52136755,1.7294792,30.893017
1013,0,1,0.25,0.50427353,0.51282054,1.7069116,30.308554
1013,0,1,0.5,0.43589744,0.50427353,1.6948999,28.965065
1013,0,1,0.75,0.3931624,0.45299146,1.6940494,28.458065
1013,0,1,1,0.34188035,0.37606838,1.7058033,27.618443
1013,0,2,0,0.974359,0.60683763,1.8560255,7.6003523
1013,0,2,0.25,0.991453,0.5726496,1.8538214,7.8187275
1013,0,2,0.5,1,0.5641026,1.8684473,7.9682975
1013,0,2,0.75,1,0.5982906,1.8998843,8.208923
1013,0,2,1,0.991453,0.5641026,1.9482466,8.139833
1014,0,1,0,0.6923077,0.6581197,1.987827,17.372456
1014,0,1,0.25,0.73504275,0.72649574,1.9378258,15.27769
1014,0,1,0.5,0.71794873,0.6752137,1.9018493,12.878997
1014,0,1,0.75,0.71794873,0.73504275,1.8807018,12.056905
1014,0,1,1,0.71794873,0.7863248,1.8748857,12.006223
1014,0,2,0,0.6923077,0.7008547,1.5534235,16.489841
1014,0,2,0.25,0.6837607,0.72649574,1.6625674,15.932431
1014,0,2,0.5,0.64102566,0.73504275,1.78763,15.582766
1014,0,2,0.75,0.5641026,0.74358976,1.9255115,15.105449
1014,0,2,1,0.50427353,0.75213677,2.0736563,15.43264
1015,0,1,0,0.94017094,0.5555556,1.5204898,10.656793
1015,0,1,0.25,0.93162394,0.5641026,1.5098102,10.49947
1015,0,1,0.5,0.9230769,0.5726496,1.5029969,10.388441
1015,0,1,0.75,0.8717949,0.5897436,1.5000943,9.931467
1015,0,1,1,0.8803419,0.5470086,1.5011518,9.727476
1015,0,2,0,0.53846157,0.35042736,3.9659812,50.949368
1015,0,2,0.25,0.4957265,0.32478634,3.9613335,48.973637
1015,0,2,0.5,0.5470086,0.4017094,3.9562597,48.043648
1015,0,2,0.75,0.52991456,0.41025642,3.9507961,46.059
1015,0,2,1,0.4957265,0.42735043,3.9449823,45.45556
1016,0,1,0,0.4017094,0.7094017,5.0320616,58.895805
1016,0,1,0.25,0.3931624,0.7094017,5.007511,58.569992
1016,0,1,0.5,0.3931624,0.73504275,4.998745,58.6883
1016,0,1,0.75,0.37606838,0.72649574,5.0058,58.927902
1016,0,1,1,0.36752138,0.75213677,5.0287113,59.32372
1016,0,2,0,0.4957265,0.47008547,3.4211721,40.11432
1016,0,2,0.25,0.50427353,0.4871795,3.4180505,40.551334
1016,0,2,0.5,0.47863248,0.4957265,3.420499,41.07026
1016,0,2,0.75,0.47863248,0.52136755,3.4285154,41.444763
1016,0,2,1,0.47008547,0.4957265,3.4420962,39.883957
1017,0,1,0,0.31623933,0.53846157,3.9734755,30.843042
1017,0,1,0.25,0.35897437,0.4871795,4.1247034,23.388927
1017,0,1,0.5,0.36752138,0.3931624,4.2776313,20.257149
1017,0,1,0.75,0.41025642,0.42735043,4.4320827,23.145002
1017,0,1,1,0.5470086,0.5811966,4.587904,18.388817
1017,0,2,0,0.5641026,0.47008547,3.088958,14.764737
1017,0,2,0.25,0.7606838,0.52991456,3.4922657,15.19914
1017,0,2,0.5,0.7692308,0.46153846,3.8959463,16.279524
1017,0,2,0.75,0.7094017,0.43589744,4.2998953,16.004097
1017,0,2,1,0.7008547,0.41880342,4.7040424,16.470552
1018,0,1,0,0.41025642,0.9059829,1.2267408,3.891547
1018,0,1,0.25,0.35042736,0.8717949,1.2688676,3.7427373
1018,0,1,0.5,0.35897437,0.7863248,1.3131545,3.8617845
1018,0,1,0.75,0.35042736,0.7777778,1.3593905,3.593381
1018,0,1,1,0.33333334,0.83760685,1.4073833,4.0117044
1018,0,2,0,0.53846157,0.44444445,2.779518,25.224678
1018,0,2,0.25,0.61538464,0.41880342,2.643382,24.826736
1018,0,2,0.5,0.6752137,0.46153846,2.5304475,25.3876
1018,0,2,0.75,0.6752137,0.35042736,2.4439325,26.73292
1018,0,2,1,0.6923077,0.34188035,2.3867116,26.23708
1019,0,1,0,0.7948718,0.52991456,2.2225556,19.890055
1019,0,1,0.25,0.7692308,0.5555556,2.2145166,19.704426
1019,0,1,0.5,0.7606838,0.5555556,2.208796,18.980602
1019,0,1,0.75,0.74358976,0.53846157,2.2054186,18.475754
1019,0,1,1,0.73504275,0.53846157,2.2044156,18.273098
1019,0,2,0,0.8803419,0.34188035,1.6371622,11.7265
1019,0,2,0.25,0.85470086,0.33333334,1.6536816,11.797426
1019,0,2,0.5,0.82051283,0.30769232,1.657997,11.584631
1019,0,2,0.75,0.8119658,0.31623933,1.6501092,11.912035
1019,0,2,1,0.8034188,0.2991453,1.6302329,11.920124
1020,0,1,0,0.3931624,0.5641026,2.353549,55.244038
1020,0,1,0.25,0.3931624,0.5555556,2.3363273,53.522526
1020,0,1,0.5,0.3846154,0.52991456,2.3282537,52.377823
1020,0,1,0.75,0.35042736,0.53846157,2.3293562,52.536877
1020,0,1,1,0.36752138,0.5470086,2.3397427,52.66989
1020,0,2,0,0.6581197,0.36752138,2.9042044,48.33393
1020,0,2,0.25,0.6495727,0.3846154,2.9071457,46.97376
1020,0,2,0.5,0.64102566,0.3846154,2.905986,46.34642
1020,0,2,0.75,0.62393165,0.3846154,2.9007547,46.187004
1020,0,2,1,0.61538464,0.42735043,2.891482,46.484306
1021,0,1,0,0.44444445,0.33333334,2.1980762,32.09062
1021,0,1,0.25,0.41025642,0.41025642,2.2414384,32.710144
1021,0,1,0.5,0.6666667,0.47863248,2.2879853,36.92452
1021,0,1,0.75,0.6495727,0.52136755,2.3373828,37.35978
1021,0,1,1,0.52136755,0.52991456,2.389457,36.88118
1021,0,2,0,0.8034188,0.36752138,1.7266055,16.699947
1021,0,2,0.25,0.82905984,0.36752138,1.713963,17.138554
1021,0,2,0.5,0.83760685,0.3846154,1.7199069,17.634768
1021,0,2,0.75,0.8034188,0.4017094,1.7485398,18.485285
1021,0,2,1,0.64102566,0.35897437,1.8047729,20.007568
1022,0,1,0,0.73504275,0.37606838,1.3130641,28.51757
1022,0,1,0.25,0.71794873,0.36752138,1.3183496,29.0644
1022,0,1,0.5,0.6923077,0.36752138,1.3173656,29.280674
1022,0,1,0.75,0.6752137,0.34188035,1.3102142,29.087715
1022,0,1,1,0.6923077,0.33333334,1.2970046,29.044933
1022,0,2,0,0.47863248,0.5641026,1.6766874,41.560524
1022,0,2,0.25,0.4957265,0.5811966,1.6770998,41.969166
1022,0,2,0.5,0.47008547,0.5470086,1.6790782,42.17903
1022,0,2,0.75,0.42735043,0.53846157,1.6825523,41.874763
1022,0,2,1,0.46153846,0.5555556,1.68748,42.358063
1023,0,1,0,0.7948718,0.4017094,1.3868809,16.34418
1023,0,1,0.25,0.75213677,0.3931624,1.4444174,18.237103
1023,0,1,0.5,0.75213677,0.3846154,1.5210947,20.108015
1023,0,1,0.75,0.7008547,0.3931624,1.615274,22.073462
1023,0,1,1,0.6923077,0.42735043,1.7253853,24.323097
1023,0,2,0,0.75213677,0.36752138,1.4952395,24.54787
1023,0,2,0.25,0.75213677,0.37606838,1.4865569,23.672272
1023,0,2,0.5,0.75213677,0.41025642,1.4798346,22.311907
1023,0,2,0.75,0.73504275,0.41880342,1.4756881,21.02855
1023,0,2,1,0.74358976,0.44444445,1.4747795,20.587902
