seed,id,chair,neighbor,pose,outfit,stature_m,build,skin_tone,hairstyle,glasses,x_m,y_m,z_m,yaw_radians
0,40,2,false,SeatedTalking,Knitwear,1.6941235,1.1542208,7,2,false,-2.7603817,0,0.9460654,4.3694997
2,47,11,false,SeatedListening,Shirt,1.7334569,1.0533783,1,5,false,1.4090252,0,2.7661314,4.6713824
2,48,9,false,SeatedWorking,Shirt,1.6547526,1.1451951,2,5,true,-3.2410378,0,1.1528333,4.819019
3,85,13,false,SeatedListening,Knitwear,1.5689741,1.0754249,4,0,false,2.9922707,0,3.015191,4.1110725
3,86,1,false,SeatedListening,Blazer,1.7830596,0.93696725,3,2,false,-4.606473,0,4.0066786,3.6293485
3,87,19,false,SeatedListening,Knitwear,1.5512948,0.91822195,2,5,false,-3.137091,0,-5.265008,3.600456
5,110,39,true,SeatedListening,Shirt,1.7112293,1.0143025,4,4,false,-2.3384178,0,11.263213,3.1415927
6,71,,false,StandingWalking,Knitwear,1.5879005,1.1311647,0,4,false,1.9551668,0,-3.2884219,0.17374873
7,92,34,true,SeatedWorking,Blazer,1.9154186,0.8221371,4,4,false,-1.79198,0,9.706304,3.1415927
8,19,11,true,SeatedListening,Blazer,1.5271124,0.90334207,5,0,false,-3.9380755,0,4.9191856,3.1415927
8,20,,false,StandingWalking,Blazer,1.5051666,1.1672435,3,1,false,-2.5496633,-0.30101708,-1.7354087,-2.0939155
10,50,15,false,SeatedTalking,Shirt,1.819521,0.8868315,7,5,false,4.9773793,-0.25583044,-0.5628052,0.9572477
10,51,,false,StandingConversation,Shirt,1.9293102,1.1221253,6,1,false,2.6060312,0,0.8913888,1.7599223
11,95,33,false,SeatedListening,Knitwear,1.7332553,1.1739736,6,1,true,-4.342317,0,-2.1757603,2.199927
11,96,8,false,SeatedTalking,Shirt,1.8410136,0.96219563,0,2,false,4.4114895,0,2.1601539,-0.6484306
11,97,38,false,SeatedTalking,Blazer,1.7915136,1.0770662,3,2,false,-4.3539515,0,1.7510308,4.924632
11,98,17,false,SeatedTalking,Blazer,1.8391451,0.952662,2,1,false,-4.718278,0,6.8580804,4.958461
12,86,,false,StandingReading,Shirt,1.9303443,0.9054455,2,1,false,2.3099852,0,-2.9160383,-0.3782506
14,50,10,false,SeatedListening,Shirt,1.5498548,0.8876085,4,6,false,-2.2692509,0,-0.0155928135,2.6891823
14,51,17,false,SeatedWorking,Shirt,1.6020107,0.83635104,3,1,false,1.601962,0,5.6182976,3.4886227
14,52,25,true,SeatedTalking,Knitwear,1.7883583,1.2000428,6,7,false,-2.2468,0,9.226897,3.1415927
14,53,5,false,SeatedTalking,Knitwear,1.5413495,1.0029846,1,2,false,-1.5959746,0,3.578009,2.7076168
15,46,2,false,SeatedWorking,Shirt,1.777164,1.0117137,5,7,false,-3.1304297,0,-0.7516879,2.6639395
16,60,7,false,SeatedListening,Knitwear,1.6597383,1.0208143,4,2,true,-4.685483,0,-0.304088,2.5079646
16,61,,false,StandingRelaxed,Blazer,1.7804604,0.8626857,6,2,false,4.495084,0,-2.18963,1.5741255
17,39,,false,StandingReading,Shirt,1.8080387,1.0263368,5,7,true,2.7156694,0,0.18466909,-1.3366958
19,39,1,false,SeatedWorking,Shirt,1.6966603,0.85710007,6,1,true,-2.1146116,0,-6.670263,4.48302
19,40,,false,StandingReading,Blazer,1.5605869,1.192388,7,5,false,-0.12608907,0,6.9947286,2.195937
21,56,3,false,SeatedTalking,Knitwear,1.7510508,1.0809243,6,7,false,0.96413624,0,3.0616584,-0.037374645
22,66,22,false,SeatedTalking,Blazer,1.633011,0.8442989,7,4,true,-3.2791677,0,4.629172,5.1519723
22,67,8,false,SeatedWorking,Blazer,1.715168,0.8630319,4,0,false,0.6528143,0,1.0470445,-0.67534363
23,74,3,false,SeatedListening,Shirt,1.6488197,0.94267523,1,6,false,-2.1174498,0,-2.593149,3.4166985
23,75,,false,StandingPresenting,Shirt,1.5192014,1.1643438,0,6,false,4.58506,0,4.5997076,-1.816306
24,84,29,true,SeatedWorking,Blazer,1.9123588,0.96370053,2,3,false,-3.4070892,0,8.368939,3.1415927
24,85,21,false,SeatedTalking,Shirt,1.5253769,0.8634597,6,7,true,6.0924015,0,2.6535926,2.99746
24,86,,false,StandingConversation,Shirt,1.770375,1.1232133,0,7,true,-4.466735,0,-2.5371299,0.48482108
25,82,28,false,SeatedWorking,Shirt,1.7775692,0.95220757,5,6,false,-0.8209551,0,3.4558234,0.7440125
25,83,9,false,SeatedListening,Knitwear,1.8468133,0.8625333,7,1,false,-4.6342125,0,4.054076,0.053833485
25,84,3,false,SeatedTalking,Knitwear,1.812674,1.052724,4,3,false,-6.2607536,0,4.0532618,0.0043343753
25,85,14,false,SeatedListening,Blazer,1.8562548,0.9035411,4,0,false,4.5934443,0,-1.8699291,2.2883437
25,86,,false,StandingReading,Knitwear,1.8106818,0.9979392,2,2,false,-5.6189966,-0.49061483,-0.15171762,0.8773539
26,29,1,false,SeatedWorking,Knitwear,1.5192856,1.1052475,7,0,true,-0.5986029,0,1.6125288,0.23338473
26,30,5,false,SeatedTalking,Shirt,1.5946046,0.95676994,2,2,false,2.1107004,0,-0.8028385,-0.16571152
27,25,3,false,SeatedListening,Blazer,1.5407946,1.059083,3,7,true,-3.3827486,0,0.0068885162,4.106678
27,26,5,false,SeatedTalking,Knitwear,1.9435714,0.8994355,2,6,false,2.7030883,0,1.7489033,1.6772029
27,27,,false,StandingRelaxed,Shirt,1.5470829,1.1197987,7,7,true,2.7459521,0,-1.9964383,-2.9986105
29,40,,false,StandingRelaxed,Knitwear,1.6910228,0.90162295,0,3,true,-1.8063412,0,2.718075,2.6836956
31,86,20,false,SeatedWorking,Blazer,1.555221,0.9299426,5,5,false,1.0325512,0,3.4841447,4.6641536
31,87,,false,StandingWalking,Blazer,1.5698963,1.1150521,3,4,true,-0.49371716,0,-1.599659,-1.4220849
33,59,20,true,SeatedListening,Knitwear,1.7975552,1.0977362,5,2,false,-2.0498624,0,5.248377,3.1415927
33,60,10,false,SeatedListening,Shirt,1.6494051,0.9546203,5,1,true,1.7531219,0,2.7970772,6.1304455
33,61,1,false,SeatedWorking,Blazer,1.5394651,0.87178993,0,1,false,-2.9808416,0,-3.2362075,3.9194493
33,62,,false,StandingWalking,Shirt,1.5969088,0.9867641,6,4,true,-1.1972972,0,-0.061374255,2.181073
34,38,,false,StandingConversation,Shirt,1.870915,1.0162715,1,2,true,2.1543596,0,1.0450255,1.0566714
35,114,1,false,SeatedWorking,Knitwear,1.7471461,0.9788467,6,7,true,-2.9037204,0,-3.2719953,7.2926598
36,67,33,false,SeatedTalking,Shirt,1.7656682,1.0623558,4,5,false,-0.5417528,0,6.357941,1.9410208
36,68,12,false,SeatedWorking,Knitwear,1.7521596,1.0064645,5,4,true,3.6945055,0,-5.134113,4.0826526
36,69,16,false,SeatedListening,Shirt,1.5606345,0.86651456,7,5,true,3.488779,0,-0.97351867,4.20045
36,70,1,false,SeatedListening,Shirt,1.8283962,0.9599631,2,6,false,-4.176111,0,-5.43857,4.4429502
36,71,23,false,SeatedListening,Blazer,1.5021691,1.184363,5,6,true,-4.5764794,0,-0.45918867,4.486412
36,72,31,false,SeatedTalking,Knitwear,1.6566914,1.0672921,1,1,true,-0.16194439,0,4.7167373,2.2266772
36,73,38,true,SeatedTalking,Knitwear,1.6031053,1.0747659,5,1,false,-2.730469,0,8.369158,3.1415927
37,80,,false,StandingPresenting,Knitwear,1.5765517,1.1099768,4,5,true,-1.1506894,0,-3.6470032,2.6383748
39,49,5,false,SeatedTalking,Knitwear,1.6506295,0.9786129,2,4,false,-1.9935942,0,3.7727103,-0.5294224
39,50,,false,StandingConversation,Blazer,1.7631493,1.104852,0,3,true,1.4169259,0,2.5248125,3.0236628
40,45,,false,StandingWalking,Shirt,1.7316856,0.87496704,3,7,false,-3.5649922,0,-2.2383835,-2.920486
41,25,9,false,SeatedListening,Shirt,1.7376745,1.2178559,6,4,false,-3.5464718,0,1.877356,4.3769317
42,55,1,false,SeatedWorking,Shirt,1.6130949,0.8368642,6,7,false,0.2275849,0,-2.793285,2.263495
43,58,,false,StandingPresenting,Blazer,1.9164927,0.8736742,1,4,false,3.613605,0,-1.8017988,-1.5985594
44,41,,false,StandingWalking,Shirt,1.6178042,0.827485,5,0,false,-4.617451,0,-4.601072,-2.7056217
46,32,5,false,SeatedListening,Shirt,1.7219695,1.181964,3,5,false,0.39612287,0,1.1914465,2.0852213
47,93,1,false,SeatedTalking,Shirt,1.6182668,1.1642056,0,1,false,0.47681558,0,-1.795618,3.3090258
47,94,5,false,SeatedTalking,Blazer,1.5004287,1.1850038,3,5,false,2.5239568,0,-2.8474278,1.1893771
47,95,9,false,SeatedListening,Blazer,1.8184391,0.8883357,7,1,false,1.8229926,0,-6.1294093,2.0512092
47,96,34,true,SeatedTalking,Blazer,1.8028116,1.1992276,4,6,false,-2.0683215,0,9.1518345,3.1415927
47,97,2,false,SeatedTalking,Knitwear,1.6103572,0.8756115,7,7,false,-1.2703098,0,-0.6326203,4.7402315
48,63,20,true,SeatedWorking,Shirt,1.7578585,0.95593065,2,4,true,-1.813675,0,5.6691585,3.1415927
49,148,3,false,SeatedListening,Blazer,1.6205735,0.8698467,7,5,false,-1.968425,0,-8.617672,3.3646765
49,149,9,false,SeatedTalking,Blazer,1.6460745,1.0454264,4,6,false,-4.190263,0,7.0783396,3.4577239
49,150,5,false,SeatedTalking,Blazer,1.731193,0.97893095,1,6,false,-0.66552067,0,-8.330115,2.91153
49,151,11,false,SeatedTalking,Shirt,1.658895,0.96272284,4,3,false,-3.9681988,0,6.1446424,4.6128616
50,106,7,false,SeatedTalking,Blazer,1.5137277,0.9417434,5,5,false,1.0844102,0,-8.723213,-0.7978924
50,107,1,false,SeatedWorking,Shirt,1.7988977,0.86044353,3,3,false,-2.0660663,0,-8.136803,0.1663008
50,108,26,false,SeatedWorking,Blazer,1.7555071,0.83946794,6,2,false,-0.14854783,0,2.642291,2.9334545
50,109,21,false,SeatedWorking,Shirt,1.7116697,1.0867362,2,5,false,-2.8259742,0,-3.657311,1.423592
50,110,43,true,SeatedTalking,Knitwear,1.6412352,1.0862012,4,3,false,-2.2636366,0,11.58,3.1415927
50,111,,false,StandingPresenting,Shirt,1.837789,0.83292747,6,4,false,-0.9787992,0,-9.483469,3.7332916
51,47,9,false,SeatedTalking,Shirt,1.5425066,0.9598927,0,0,false,-1.2217985,0,-2.2822511,6.0087767
52,63,9,false,SeatedListening,Knitwear,1.5127981,1.0444924,2,7,false,2.378204,0,0.8603462,1.3818498
53,29,5,false,SeatedWorking,Shirt,1.620397,1.0408185,1,0,false,-0.030633181,0,3.7960415,5.9708886
53,30,11,true,SeatedWorking,Shirt,1.7343864,1.1879432,6,7,true,-1.232,0,5.694815,3.1415927
54,103,34,false,SeatedTalking,Shirt,1.5729762,1.0177754,6,3,true,-6.923293,0,5.9359517,0.7926799
54,104,44,false,SeatedTalking,Knitwear,1.5347817,0.9670081,3,4,false,6.033238,0,5.357585,4.8788714
54,105,5,false,SeatedWorking,Blazer,1.6131493,1.0467734,6,2,false,-5.9358206,0,-6.01693,3.5601854
54,106,,false,StandingPresenting,Shirt,1.7521536,1.047324,2,7,false,-7.469671,0,-0.7133074,4.2170734
55,107,21,false,SeatedListening,Blazer,1.7502297,1.1673877,0,4,false,4.7381463,0,-3.899327,4.19403
55,108,7,false,SeatedTalking,Blazer,1.698549,1.0924878,5,2,false,-0.21969676,0,-1.7561618,4.374461
55,109,15,false,SeatedListening,Blazer,1.7693598,1.1039183,6,0,false,-2.1565428,0,-3.016841,3.5451772
55,110,11,false,SeatedListening,Knitwear,1.5051422,0.9574787,7,2,true,-1.5995398,0,3.8579187,4.5406265
55,111,,false,StandingRelaxed,Blazer,1.55573,0.9811649,7,2,true,-2.4732354,0,3.8371198,0.18496823
56,117,18,false,SeatedListening,Blazer,1.6385673,1.1514131,1,1,false,3.8389947,0,2.2640686,-0.6555115
56,118,36,false,SeatedWorking,Blazer,1.6836891,1.1569645,4,7,false,2.9138901,0,-6.401685,1.4808651
56,119,26,false,SeatedTalking,Shirt,1.7954715,1.0257695,2,5,false,1.2055185,0,7.0693483,0.8940942
56,120,42,false,SeatedWorking,Blazer,1.7248495,1.0829287,5,4,false,0.046685636,0,-6.745091,2.026174
56,121,,false,StandingReading,Knitwear,1.5035347,1.20661,3,6,false,4.4858522,0,6.212318,1.1143959
57,16,10,true,SeatedWorking,Shirt,1.5321515,0.9134381,5,5,true,-1.7563286,0,4.1754713,3.1415927
57,17,,false,StandingReading,Blazer,1.9062748,0.8866749,1,6,true,0.026940297,0,-0.348802,-0.16113997
59,57,13,false,SeatedTalking,Shirt,1.8699609,1.017358,3,3,false,-5.951873,0,2.498499,-0.36732212
59,58,,false,StandingConversation,Blazer,1.7482071,1.0639533,6,4,false,5.3138556,0,0.33680755,1.7845523
60,83,3,false,SeatedListening,Blazer,1.5348976,1.1716049,6,7,false,-2.3975136,0,-7.1443033,4.5131683
60,84,32,false,SeatedListening,Knitwear,1.7860376,0.8705877,3,2,false,1.6562452,0,8.963191,-1.319606
60,85,30,false,SeatedListening,Knitwear,1.8720169,0.9047385,2,5,false,-0.08020477,0,9.000449,-0.6535827
60,86,,false,StandingWalking,Shirt,1.6844841,0.8541889,3,1,false,-2.8937426,0,1.2664713,-1.7728152
61,90,7,false,SeatedTalking,Blazer,1.6893762,1.1005045,0,1,true,-3.1606266,0,-5.6041875,3.6679635
61,91,14,false,SeatedWorking,Knitwear,1.622377,0.85835713,7,6,false,0.26636374,0,2.0359726,0.16515112
61,92,,false,StandingWalking,Knitwear,1.795417,0.9347468,0,5,false,-2.6170447,0,-0.53718543,2.1813042
63,32,11,false,SeatedListening,Shirt,1.7140126,1.0357679,3,6,false,0.030606583,0,-3.220179,2.543738
63,33,15,false,SeatedTalking,Knitwear,1.6975467,1.1854997,5,5,false,-2.771022,0,2.9607155,2.6401792
63,34,8,false,SeatedTalking,Knitwear,1.6481616,0.85484946,0,2,false,-1.1332328,0,3.2332313,2.9546316
63,35,2,false,SeatedListening,Blazer,1.7295023,0.85323375,2,4,false,0.96023154,-0.41082078,-0.56021553,3.4289234
63,36,20,true,SeatedListening,Shirt,1.8399943,1.0512954,7,0,false,-2.6621244,0,6.6701894,3.1415927
64,40,16,false,SeatedWorking,Shirt,1.6371963,1.2139739,7,6,false,-2.858963,0,-3.1625552,4.344447
64,41,1,false,SeatedWorking,Shirt,1.749393,0.9349797,1,3,true,-5.835642,0,-1.8494451,0.102534115
64,42,7,false,SeatedListening,Knitwear,1.6654751,0.8232371,2,2,false,0.553747,0,-0.5209321,5.072013
64,43,,false,StandingRelaxed,Blazer,1.8536341,1.1554244,3,2,true,-1.4696553,0,2.200214,2.3689945
65,165,56,true,SeatedListening,Blazer,1.5529509,0.89669394,3,4,false,-2.7103262,0,11.58,3.1415927
65,166,4,false,SeatedTalking,Shirt,1.7693151,0.9520905,3,5,false,-3.3133526,0,-4.454918,5.048216
65,167,44,false,SeatedWorking,Shirt,1.647302,0.964663,0,4,true,4.2026434,0,-9.109813,2.8925753
65,168,,false,StandingPresenting,Knitwear,1.8446574,0.87447745,3,4,false,-4.733125,0,-1.9898721,4.104976
66,64,7,false,SeatedListening,Knitwear,1.6253854,1.048307,2,3,true,-1.8273737,0,8.221103,1.2704633
67,44,4,false,SeatedListening,Knitwear,1.7123628,0.96945596,1,0,true,3.4405482,0,0.24319325,7.5757933
67,45,,false,StandingConversation,Blazer,1.5008223,0.9744568,7,4,true,3.309109,0,-1.2917072,0.36188102
68,51,13,false,SeatedTalking,Blazer,1.7544441,0.9116622,0,1,false,-0.7053423,0,4.632494,0.5527897
68,52,6,false,SeatedWorking,Shirt,1.5889053,0.943125,5,0,false,1.9957185,0,0.008112669,0.610754
68,53,,false,StandingConversation,Shirt,1.6241668,0.86061174,4,2,true,3.166264,0,-1.4195457,-2.8528223
69,35,1,false,SeatedTalking,Blazer,1.6622539,1.1902592,7,0,true,0.6831846,0,0.864412,5.786853
69,36,5,false,SeatedWorking,Knitwear,1.6801431,1.1315744,2,7,false,-0.7868677,0,4.0816174,5.790814
69,37,,false,StandingConversation,Shirt,1.6964445,0.8295488,3,7,false,1.9157,0,-1.5061998,-2.8616083
70,37,1,false,SeatedListening,Shirt,1.7145987,0.8590869,7,1,false,2.5194645,0,-0.99393815,4.8134723
71,156,7,false,SeatedListening,Knitwear,1.7756743,0.8968544,7,7,true,-2.8250196,0,-5.284724,2.9334064
71,157,5,false,SeatedTalking,Shirt,1.5271016,1.101578,0,7,true,-2.764896,0,-2.7592368,3.9904447
71,158,27,false,SeatedListening,Shirt,1.6555805,1.1383786,1,3,false,1.3560096,0.15297195,-7.7209854,0.43116143
71,159,45,false,SeatedListening,Shirt,1.7494664,1.1617572,6,5,false,4.753832,0,3.331981,0.354396
71,160,33,false,SeatedListening,Shirt,1.7487513,0.9372848,1,0,false,4.9568543,0,7.374434,0.4295356
71,161,23,false,SeatedListening,Knitwear,1.5658689,1.0691893,7,1,true,3.2032409,0,-6.477026,0.46309116
72,43,5,false,SeatedTalking,Knitwear,1.6500766,0.842486,3,7,false,-0.44942975,0,-0.7121979,3.0669112
73,52,8,false,SeatedWorking,Blazer,1.7451634,1.158422,0,7,false,3.9094274,0,-2.802,2.8872683
73,53,10,false,SeatedListening,Blazer,1.736265,1.1979157,0,4,true,2.6086817,0,-2.3175192,-0.23934045
73,54,17,false,SeatedWorking,Blazer,1.6432211,1.1123173,4,0,false,-4.3090796,0,3.1531444,-0.112142175
73,55,14,false,SeatedWorking,Shirt,1.6510859,1.1427069,4,5,false,1.4931011,0,3.026971,-0.23801494
74,168,12,false,SeatedTalking,Blazer,1.6968826,1.1757647,0,4,false,-4.630552,0,8.201945,2.9779725
74,169,38,false,SeatedListening,Shirt,1.7089837,1.1669481,0,4,false,1.232569,-0.15591577,4.7673807,2.553157
74,170,42,false,SeatedTalking,Blazer,1.6163877,1.2134252,4,5,false,4.1651754,0,-7.209449,2.5175278
74,171,2,false,SeatedWorking,Knitwear,1.6646266,1.210667,6,5,true,-2.2938733,0,-5.0653844,5.9796395
74,172,5,false,SeatedTalking,Knitwear,1.6084719,1.1183655,2,6,true,-0.7603327,0,-4.5390654,3.774004
74,173,32,false,SeatedTalking,Shirt,1.7506675,1.0535233,1,7,false,-0.22768539,0,7.7513466,1.1529148
76,31,10,true,SeatedListening,Shirt,1.857781,1.1202402,1,0,false,-2.1664457,0,4.6819334,3.1415927
77,68,8,false,SeatedWorking,Shirt,1.5499203,1.1279762,6,2,false,2.4520936,0,2.8306634,0.8755119
77,69,17,true,SeatedListening,Blazer,1.5446175,1.0543482,0,6,false,-2.0016701,0,7.0491023,3.1415927
77,70,1,false,SeatedWorking,Blazer,1.5141606,1.141038,7,4,true,-0.08567375,0,-4.781431,1.672676
78,62,1,false,SeatedTalking,Knitwear,1.7680318,0.8744322,2,2,false,-4.6683435,0,-2.5939596,4.360194
78,63,16,false,SeatedTalking,Shirt,1.536835,1.0837893,0,3,true,4.692527,0,-2.543821,0.8620547
79,59,5,false,SeatedListening,Knitwear,1.5823402,1.093267,6,1,false,-3.118466,0,-2.3380458,-0.102523685
79,60,,false,StandingRelaxed,Shirt,1.8224381,1.0148925,6,7,false,0.35297915,0,2.9955988,-0.66018915
80,32,11,false,SeatedListening,Shirt,1.8382479,0.82108545,3,5,false,4.6089993,0,-0.23751414,-0.00522431
81,63,13,true,SeatedWorking,Blazer,1.9172653,0.8616726,2,0,true,-1.793443,0,4.198694,3.1415927
81,64,5,false,SeatedListening,Knitwear,1.9290559,1.0253041,6,6,false,-1.9614031,0,-1.3545787,1.6468565
81,65,,false,StandingRelaxed,Blazer,1.6850733,0.83484286,7,4,false,-0.3935129,0,-1.9360671,1.7530262
82,56,1,false,SeatedListening,Blazer,1.5772793,0.93454844,7,6,false,-0.32622147,0,1.848614,-0.57315207
82,57,5,false,SeatedWorking,Shirt,1.5862325,1.0759363,6,3,false,1.1762338,0,1.2391084,1.941898
83,92,,false,StandingRelaxed,Shirt,1.6666757,1.0614914,1,5,false,-4.61217,0,4.530465,-2.4800627
84,60,8,false,SeatedListening,Knitwear,1.8934264,0.8232135,0,2,true,3.1433947,0,-0.38435745,2.722656
84,61,,false,StandingRelaxed,Shirt,1.9153345,1.0325958,1,7,false,0.60451025,0,0.27344218,2.0027049
85,42,16,true,SeatedListening,Shirt,1.5845517,1.0341718,1,2,false,-2.2079756,0,7.118651,3.1415927
85,43,3,false,SeatedTalking,Knitwear,1.7588745,1.0525188,5,3,true,-2.8420186,0,-2.0611732,1.2806878
86,69,8,false,SeatedTalking,Shirt,1.6622083,1.0247328,0,1,false,4.2805758,-0.13912274,-0.6083515,4.32503
86,70,21,false,SeatedListening,Shirt,1.8282106,0.9804115,0,6,false,-3.0371642,0,5.1932836,5.3973775
86,71,,false,StandingRelaxed,Knitwear,1.6296984,1.1998273,6,0,false,2.6404862,0,-4.4619117,1.3042514
87,25,3,false,SeatedListening,Knitwear,1.9108582,1.080899,0,2,false,-2.4074347,0,-1.6327016,2.3751707
88,82,7,false,SeatedListening,Blazer,1.6111444,1.170038,5,6,false,3.9568238,0.29451525,-2.149084,0.6717566
89,126,1,false,SeatedTalking,Blazer,1.7696998,1.0091243,4,1,false,-2.462034,0,-5.697624,3.877846
89,127,35,false,SeatedWorking,Shirt,1.5384587,1.1650589,6,0,false,-2.9309087,0,2.109198,1.1040651
89,128,19,false,SeatedWorking,Knitwear,1.5302273,1.0887564,6,7,true,5.3464947,0,-4.685919,0.16067412
89,129,45,false,SeatedTalking,Shirt,1.6072721,1.1266392,4,2,false,7.2700124,0,4.028602,1.8045388
89,130,5,false,SeatedTalking,Knitwear,1.5362674,0.9916356,6,7,false,-6.257299,0,-6.1113863,3.3220632
89,131,37,false,SeatedTalking,Knitwear,1.5945523,1.1195467,7,0,true,-1.6334435,0,3.518157,1.5313139
89,132,,false,StandingWalking,Shirt,1.5553583,0.8556996,7,5,false,-3.8876266,0,-5.3953934,1.4648874
90,23,8,true,SeatedListening,Blazer,1.7801895,1.112558,7,4,false,-1.6351525,0,4.5245914,3.1415927
90,24,2,false,SeatedListening,Knitwear,1.8222728,1.0765301,6,5,true,-1.7752154,0,0.38970298,4.1327004
90,25,1,false,SeatedListening,Knitwear,1.6315401,1.2038914,3,0,true,0.98369956,0,-0.50382346,3.1221302
90,26,,false,StandingWalking,Knitwear,1.7497311,1.0795387,1,6,false,-1.9863344,0,-2.3445752,-2.8709567
91,49,11,false,SeatedTalking,Blazer,1.7997799,0.952554,1,4,true,0.32863438,0,2.9646344,4.6381955
91,50,,false,StandingPresenting,Blazer,1.6401216,0.9357157,0,3,true,0.79266995,0.33348006,-3.6112688,3.0831766
92,50,1,false,SeatedListening,Shirt,1.5886055,0.94726276,2,6,true,1.83927,0,-5.389784,2.0620096
92,51,9,false,SeatedWorking,Blazer,1.5738403,1.0704787,1,1,false,-0.45630175,-0.26400915,-0.035636753,1.3048246
93,53,1,false,SeatedListening,Shirt,1.7764611,0.8988327,2,5,false,-2.7796247,0,-6.649615,4.9290576
93,54,18,false,SeatedTalking,Shirt,1.5399073,1.1424444,5,5,false,1.987168,0,-0.42264426,5.4508147
93,55,25,true,SeatedWorking,Knitwear,1.5088121,0.8397755,6,0,false,-2.7227545,0,10.124545,3.1415927
94,35,1,false,SeatedListening,Knitwear,1.5276302,1.0928049,4,7,false,-2.0399563,0,-0.35443774,3.0444202
94,36,8,false,SeatedTalking,Knitwear,1.7181767,0.93266785,1,3,false,2.5386872,0,-2.108744,3.1795206
94,37,16,true,SeatedWorking,Blazer,1.7683127,0.89264756,7,7,false,-2.2292886,0,3.977333,3.1415927
94,38,,false,StandingRelaxed,Blazer,1.6421847,1.2008805,4,5,true,-3.3296728,0,-1.2713053,-2.3229983
95,57,14,false,SeatedListening,Blazer,1.5406109,1.1147587,4,6,true,-1.5543125,0,7.005613,3.7946255
95,58,,false,StandingWalking,Blazer,1.6638837,1.0291426,4,4,true,2.5188339,0,-2.2349675,2.426541
96,34,,false,StandingRelaxed,Blazer,1.6326631,0.9962776,6,7,false,-0.7959739,0,-1.735901,-3.1106224
97,33,5,false,SeatedTalking,Shirt,1.6740755,1.0174388,6,1,false,-1.8604075,0,1.9366434,0.3116181
97,34,12,true,SeatedTalking,Blazer,1.791744,0.9402423,0,6,false,-1.5944743,0,3.88,3.1415927
98,115,3,false,SeatedListening,Shirt,1.609138,1.2013205,2,2,false,-6.976852,0,-2.6736975,0.31186497
98,116,15,false,SeatedTalking,Knitwear,1.7383635,1.0045823,3,5,true,6.1823406,0,-0.06299436,-0.3017517
98,117,11,false,SeatedTalking,Shirt,1.5946155,0.9449165,3,7,false,7.93442,0,-3.1318927,2.363031
98,118,,false,StandingRelaxed,Blazer,1.8967263,1.0231223,2,6,false,3.4014635,0,1.9550406,-1.0245967
99,70,2,false,SeatedListening,Blazer,1.791135,1.1361115,7,7,false,-3.0498362,0,-1.831362,-0.5875989
99,71,15,false,SeatedListening,Blazer,1.6070887,0.98938936,4,3,false,4.258489,0,-0.8011892,4.3132367
99,72,30,true,SeatedWorking,Shirt,1.5891149,0.903193,6,0,true,-4.00465,0,8.026135,3.1415927
100,130,0,false,SeatedListening,Blazer,1.8470384,1.2070749,6,3,false,-3.0474405,0,-5.0604696,1.9106472
100,131,28,false,SeatedWorking,Shirt,1.7929664,0.98611003,0,5,true,4.7937574,0,-5.844777,3.1247392
100,132,33,false,SeatedTalking,Shirt,1.5021399,1.1886237,2,3,false,-0.88552403,0,-0.9584471,4.0035734
100,133,30,false,SeatedWorking,Shirt,1.7299408,0.84674996,4,3,true,3.0974565,0,-6.9594493,3.0939362
100,134,,false,StandingConversation,Shirt,1.5127106,1.0456877,4,6,true,4.46994,0,-1.1208267,-2.6056514
101,52,3,false,SeatedListening,Knitwear,1.8253461,1.0434387,2,3,false,-1.7516468,0.26380014,-2.4165683,4.1841164
101,53,9,false,SeatedWorking,Shirt,1.5145798,0.99338585,3,4,false,1.4910977,0,3.9070377,0.055765122
102,66,19,false,SeatedTalking,Knitwear,1.7475697,0.9585455,0,1,false,0.30142564,0,4.2090755,1.4053651
102,67,7,false,SeatedTalking,Shirt,1.856399,0.93540853,1,4,true,-2.4442248,0,-0.68014354,1.7524371
102,68,,false,StandingRelaxed,Shirt,1.8480399,1.2055023,0,0,false,-1.669796,0,-2.6986158,-0.20550036
103,31,7,false,SeatedTalking,Shirt,1.6671627,0.92288375,6,3,false,0.24376358,0,-2.4292152,-0.1526587
103,32,16,true,SeatedTalking,Blazer,1.6236509,1.0231234,4,2,false,-1.3326111,0,6.0748415,3.1415927
104,74,13,false,SeatedListening,Shirt,1.5102493,0.9300621,5,4,false,5.5922894,0,6.3577485,1.5997536
104,75,20,false,SeatedListening,Blazer,1.5638995,1.2052877,0,5,false,6.0521502,0,-1.429177,3.7032542
104,76,,false,StandingRelaxed,Knitwear,1.7666824,1.0068583,3,4,true,0.11471217,0,-6.8613224,-2.506512
105,64,2,false,SeatedTalking,Blazer,1.5820123,0.89716065,2,3,false,-1.0049978,0,-3.2645357,4.4959226
105,65,,false,StandingPresenting,Shirt,1.7725518,0.8879526,6,3,true,-2.1691473,0,2.1653948,4.8534474
106,78,16,false,SeatedTalking,Knitwear,1.6893314,1.2044914,5,3,false,2.1245208,0,2.3025205,3.3198519
106,79,1,false,SeatedListening,Shirt,1.7811219,0.959156,2,1,false,-7.482799,0,2.5097394,1.2280928
106,80,12,false,SeatedListening,Shirt,1.7627124,1.1058733,7,1,false,2.056132,0,-2.2522027,4.8205705
107,52,1,false,SeatedListening,Knitwear,1.6249483,0.916056,2,1,false,-0.7000908,0,-3.480216,-0.3375213
107,53,20,true,SeatedTalking,Knitwear,1.6661844,1.1039404,2,2,true,-1.4604831,0,6.6847367,3.1415927
108,35,3,false,SeatedListening,Blazer,1.5962493,0.83276564,4,0,false,1.0219581,0,0.0758971,-0.34237564
108,36,,false,StandingReading,Blazer,1.5925289,1.193059,7,1,true,3.3389728,0,0.58556575,2.3219326
110,52,17,true,SeatedWorking,Shirt,1.589428,1.0066973,6,7,false,-2.986716,0,4.346243,3.1415927
110,53,3,false,SeatedListening,Shirt,1.9006715,0.88921,7,3,false,-2.1561675,0,0.3786869,0.023893952
110,54,,false,StandingPresenting,Blazer,1.8085899,0.923239,7,4,false,-0.16279316,0,-0.3099151,1.0512893
111,40,11,false,SeatedListening,Shirt,1.6527454,1.0390207,1,7,false,2.598571,0,0.23742965,4.693241
112,44,3,false,SeatedTalking,Blazer,1.5925168,1.1040363,3,3,false,0.6303624,0,-0.033952326,7.4218493
112,45,1,false,SeatedTalking,Shirt,1.6437066,0.8527459,4,3,false,3.211773,0,-0.9384829,8.25416
113,26,4,false,SeatedTalking,Knitwear,1.9232701,0.9504225,3,0,false,-0.97703016,0,0.52564675,6.316172
113,27,6,false,SeatedListening,Blazer,1.538693,0.97731394,6,5,true,-1.7347283,0,-0.9306403,4.8596983
113,28,5,false,SeatedWorking,Knitwear,1.7963068,1.06612,6,1,false,2.1472929,0,0.64137655,7.7909055
113,29,2,false,SeatedWorking,Knitwear,1.9060099,1.0290616,4,6,false,-0.18979931,0,-1.4183822,2.732121
115,80,29,false,SeatedWorking,Knitwear,1.7491285,0.9371306,6,3,false,3.3041863,0,0.27131522,0.76503086
115,81,9,false,SeatedTalking,Knitwear,1.7861221,1.033016,0,4,false,-0.7066862,0,-4.6170187,1.0910362
115,82,15,false,SeatedListening,Knitwear,1.5179522,1.0515517,5,3,false,0.77252316,0,3.1416333,3.647756
115,83,11,false,SeatedListening,Shirt,1.6682698,1.0391399,5,6,true,-1.5357636,0,-2.0926116,3.9572778
116,160,3,false,SeatedListening,Blazer,1.6452905,0.93421197,3,1,false,-3.7034013,0,-5.8508315,0.0070333034
116,161,17,false,SeatedWorking,Knitwear,1.7299672,0.96957284,2,4,true,6.0689783,0,-6.7737308,1.6362387
116,162,11,false,SeatedListening,Knitwear,1.6380495,1.2102821,6,6,false,-4.936596,0,3.9346385,5.0445476
116,163,24,false,SeatedListening,Knitwear,1.509682,1.1358417,7,6,false,-1.3224456,0,6.548466,2.5823605
116,164,26,false,SeatedTalking,Knitwear,1.8554845,0.96148336,2,7,false,-0.1400151,0,2.1350415,3.5102754
116,165,,false,StandingReading,Knitwear,1.5657067,0.89874715,2,3,false,2.3398254,0,-1.6981579,1.8628323
117,43,21,true,SeatedWorking,Blazer,1.7149725,0.9674279,6,0,false,-2.2083178,0,4.9422364,3.1415927
117,44,9,false,SeatedTalking,Blazer,1.7075516,1.1305754,0,6,true,-1.4392673,0,0.25978947,2.260352
118,112,9,false,SeatedListening,Shirt,1.5343152,1.0480947,4,1,true,-2.612214,0,1.6256742,4.680904
118,113,16,false,SeatedTalking,Shirt,1.6158504,0.9851635,7,6,true,2.2093549,0,-3.0074124,2.5055594
118,114,7,false,SeatedTalking,Shirt,1.6213063,0.9166842,5,5,false,-7.3449717,0,-0.3670448,0.97762185
119,103,37,true,SeatedWorking,Knitwear,1.5423621,0.9985675,1,3,false,-2.0626976,0,8.903328,3.1415927
119,104,15,false,SeatedWorking,Blazer,1.795732,1.033927,0,6,false,0.93503886,0,2.2259345,0.13415131
119,105,,false,StandingWalking,Blazer,1.8626465,1.0660384,5,3,false,1.1272658,0,0.15166858,3.0482762
120,116,31,false,SeatedWorking,Knitwear,1.7989681,1.1069918,7,3,true,3.8578677,0,5.420748,1.9241436
121,43,13,false,SeatedWorking,Blazer,1.8321573,0.94318795,7,6,false,4.627489,0,-0.79938835,0.98644054
121,44,4,false,SeatedTalking,Knitwear,1.836965,0.94973695,2,5,true,-1.8877132,0,1.604315,-0.67025495
122,85,24,false,SeatedListening,Shirt,1.9294153,1.1148705,1,7,false,3.641701,0,2.0628147,3.3806558
122,86,13,false,SeatedListening,Shirt,1.6740022,1.0378383,0,1,false,1.4097679,0,-1.8909006,2.1555972
123,31,2,false,SeatedListening,Blazer,1.5266484,1.123966,7,6,true,-1.7058189,0,0.642763,-0.67353874
123,32,3,false,SeatedTalking,Shirt,1.771456,0.9890773,7,5,false,1.1939662,0,0.6780914,0.047355026
124,138,3,false,SeatedListening,Knitwear,1.5790623,1.0928029,7,2,false,-3.95049,0,-5.9863057,5.102886
124,139,23,false,SeatedListening,Shirt,1.6809964,0.93142253,2,7,false,1.5599341,0,4.9117017,3.9297671
124,140,19,false,SeatedListening,Blazer,1.8977759,0.9141256,1,3,false,2.8870454,0,-3.9286115,-0.5345659
124,141,,false,StandingPresenting,Knitwear,1.5244025,1.172029,6,7,false,1.5000316,0,6.389174,-2.164169
125,79,15,false,SeatedTalking,Knitwear,1.5989491,1.020036,0,3,false,-4.359601,0,-2.0035822,2.6067202
125,80,,false,StandingRelaxed,Shirt,1.5943443,1.054192,2,6,false,0.8194648,0,1.3918626,2.515587
126,40,5,false,SeatedWorking,Blazer,1.8416457,0.9733577,6,4,true,0.3975821,0,2.506211,1.4490651
127,52,1,false,SeatedTalking,Blazer,1.5260305,0.9553697,5,0,false,-1.1735938,0,-4.7229257,-0.7435039
127,53,22,false,SeatedTalking,Knitwear,1.6332468,0.82924896,1,4,false,-0.17692451,0,4.5791473,2.6493802
127,54,2,false,SeatedListening,Knitwear,1.5892873,1.0363152,0,2,false,1.1662533,0,-3.0097077,0.24336025
127,55,19,false,SeatedTalking,Shirt,1.922778,0.9286395,2,0,false,1.5115564,0,-0.2463603,2.4542863
127,56,10,false,SeatedListening,Knitwear,1.6384199,0.8575081,5,5,false,-4.1378374,0,6.1603713,-1.8005176
127,57,,false,StandingRelaxed,Knitwear,1.6922855,0.89793515,2,3,true,-2.2688582,0,-4.61964,1.7433383
128,52,2,false,SeatedListening,Shirt,1.5845019,1.1961248,3,1,false,-6.3636875,0,0.9036721,5.160954
128,53,,false,StandingConversation,Blazer,1.7835569,0.8573233,7,7,true,-5.7686005,0,-0.32134172,0.6434579
129,105,3,false,SeatedListening,Blazer,1.8543409,1.1255889,5,2,false,-2.025026,0,0.13922893,5.002929
129,106,13,false,SeatedWorking,Knitwear,1.5474228,0.889984,4,5,false,-5.757265,0,-1.0199298,4.827119
129,107,,false,StandingRelaxed,Knitwear,1.5248063,0.88684964,4,4,false,0.31690982,0,3.3614228,0.46030283
131,54,18,false,SeatedTalking,Shirt,1.836451,0.97557795,7,7,false,1.8650627,0,-0.95162517,2.0448089
131,55,14,false,SeatedTalking,Knitwear,1.8252274,0.8692476,6,2,false,0.28699255,0,1.9152852,4.227403
132,60,,false,StandingWalking,Knitwear,1.5572231,1.1935899,1,4,false,-2.4933832,0,2.7036417,-3.0972152
133,68,3,false,SeatedTalking,Shirt,1.5476559,0.97605777,5,3,false,1.2334352,0,0.8846032,1.7140985
133,69,1,false,SeatedListening,Shirt,1.5233705,1.0665047,7,7,false,2.6242933,0,2.8399131,1.5813428
134,66,9,false,SeatedListening,Knitwear,1.6006017,1.1241175,2,1,false,-0.7537305,0,3.946112,2.933323
134,67,20,true,SeatedListening,Blazer,1.6921606,0.847538,1,6,false,-1.5300459,0,6.472276,3.1415927
135,42,,false,StandingWalking,Knitwear,1.7106048,1.0491217,7,4,false,1.9738911,0,-1.264866,0.39961624
136,44,12,false,SeatedListening,Blazer,1.6414088,0.8812115,1,2,true,-1.0865687,0,3.8996394,2.0406437
136,45,10,false,SeatedListening,Blazer,1.8379862,0.93051696,5,2,false,-1.5517238,0,5.8513985,0.52791387
136,46,18,false,SeatedTalking,Shirt,1.7341485,0.8521447,5,0,false,-2.3931847,0,0.32012457,5.0773363
137,51,11,false,SeatedWorking,Shirt,1.5725578,1.1683865,5,2,false,-0.077790976,0,1.8634814,1.3131726
137,52,13,false,SeatedWorking,Knitwear,1.6070476,0.85538393,6,0,true,3.3120275,0,-1.240966,1.0229701
137,53,1,false,SeatedListening,Shirt,1.8128748,0.9994258,7,7,true,5.67473,0,-1.126002,1.8331404
137,54,,false,StandingConversation,Knitwear,1.6630608,1.1012884,5,7,false,-3.1309366,0,-2.0482287,-2.4580014
138,81,11,false,SeatedTalking,Knitwear,1.7027199,1.2023554,6,0,false,3.5554786,0,3.675357,1.5611618
138,82,5,false,SeatedTalking,Blazer,1.6609442,0.83691686,4,2,true,-2.6199257,0,-2.070294,4.049145
138,83,,false,StandingReading,Knitwear,1.9467692,0.9128472,7,0,false,-1.5079907,0,4.6310015,-3.1173263
139,70,21,false,SeatedTalking,Knitwear,1.5593132,0.8488812,4,4,false,-6.4903054,0,2.344312,5.1272225
139,71,1,false,SeatedTalking,Shirt,1.651946,1.0560582,1,3,true,-5.9241047,0,-2.1701941,3.1746552
139,72,25,false,SeatedWorking,Shirt,1.5934063,1.1873128,5,6,false,4.773812,0,3.0485687,4.363534
140,79,29,true,SeatedTalking,Shirt,1.6876342,1.0804645,0,5,true,-2.31374,0,7.8793545,3.1415927
140,80,,false,StandingRelaxed,Blazer,1.630139,0.9385541,5,0,false,-2.9549575,0.122399256,-0.5338136,1.8289473
141,118,18,false,SeatedListening,Blazer,1.8983712,0.9884448,1,6,false,2.126862,0,-8.202128,6.3744946
141,119,,false,StandingRelaxed,Shirt,1.573065,0.92610973,0,6,false,-3.0775115,0,-5.633891,-2.5515501
142,33,5,false,SeatedWorking,Blazer,1.5743719,1.0165837,3,6,false,-2.2220273,0,-2.7832296,4.1697316
142,34,7,false,SeatedTalking,Blazer,1.5716898,1.1214981,7,4,false,1.1050602,0,3.0428934,1.5448176
143,23,2,false,SeatedWorking,Blazer,1.5733633,1.0750953,2,6,false,3.7299664,0,-1.9542191,8.033526
144,46,,false,StandingReading,Shirt,1.7534221,0.9483813,5,0,false,-0.6111776,0,2.4374607,-1.1415296
146,51,1,false,SeatedTalking,Knitwear,1.5237156,0.86586356,2,6,false,-2.7006161,0,1.0905625,2.9841373
146,52,15,true,SeatedTalking,Shirt,1.6893793,1.2159897,3,1,false,-2.035474,0,5.412191,3.1415927
146,53,6,false,SeatedListening,Shirt,1.5467359,0.852014,4,4,false,2.0042913,0,1.2653883,5.7121544
146,54,,false,StandingWalking,Shirt,1.6356629,1.0592642,4,3,false,-2.0075173,0,-1.4477731,0.66438675
147,65,12,false,SeatedTalking,Blazer,1.5261155,0.82800364,5,0,false,0.8376596,0,4.1769795,1.6606079
147,66,10,false,SeatedTalking,Knitwear,1.7303392,1.0407988,5,0,false,2.3198452,0,3.790879,3.813793
147,67,6,false,SeatedTalking,Shirt,1.7129571,0.88768256,1,5,false,0.6370445,0,-4.223653,2.673936
147,68,,false,StandingConversation,Blazer,1.7023672,1.0122727,5,4,false,-3.9424825,0,1.9956292,2.6736991
149,84,19,false,SeatedListening,Knitwear,1.7537563,0.98655325,2,3,false,2.8228846,0,-3.449102,2.1898975
149,85,5,false,SeatedListening,Knitwear,1.578779,1.1766666,3,0,false,-1.0420306,0,1.625057,3.0402281
149,86,7,false,SeatedListening,Shirt,1.7161297,1.1869504,2,3,true,-1.4061893,0,-0.30628404,1.6566042
149,87,21,false,SeatedWorking,Blazer,1.6496109,1.1378725,6,3,true,3.0895073,0,4.334638,0.9604815
149,88,15,false,SeatedListening,Knitwear,1.8584917,0.9850385,4,7,false,4.2982893,0,2.2067933,0.819677
149,89,1,false,SeatedTalking,Shirt,1.9017757,0.8259848,0,7,true,-2.7402325,0,4.4271545,2.922092
149,90,,false,StandingPresenting,Knitwear,1.7091627,0.8776229,4,7,false,-3.6181114,0,0.86341673,1.3213799
150,57,1,false,SeatedWorking,Shirt,1.7616365,1.0119827,3,6,false,-1.1895542,0,-2.4685345,2.9257102
151,110,32,false,SeatedListening,Blazer,1.7299409,1.12927,0,2,false,-1.8721532,0,5.148719,5.653487
151,111,26,false,SeatedListening,Knitwear,1.7317731,0.94478804,4,3,false,-7.4795485,0,-1.21959,5.002075
151,112,11,false,SeatedTalking,Blazer,1.7133482,0.99518573,3,1,false,-6.840678,0,0.11600712,4.5232744
151,113,22,false,SeatedListening,Shirt,1.8246261,1.0825493,5,7,false,-6.046579,0,4.2908306,5.8494177
151,114,,false,StandingReading,Blazer,1.9086031,1.0216045,3,0,true,-1.1590217,0,-0.74622184,0.93673444
152,45,1,false,SeatedTalking,Blazer,1.860105,0.9046433,3,2,false,-2.5544426,0,0.38267487,2.066842
152,46,3,false,SeatedWorking,Knitwear,1.640638,0.88735497,7,1,true,-1.4361838,0,2.2044742,4.9960694
152,47,,false,StandingWalking,Blazer,1.8412596,1.2048558,4,3,false,-0.5474693,0,0.29074067,3.0011938
153,70,2,false,SeatedListening,Blazer,1.8640964,0.86169153,7,3,false,-3.4393396,0,-4.967923,1.727786
153,71,9,false,SeatedListening,Knitwear,1.6755506,1.010071,3,4,false,1.4785355,0,-1.7622628,0.6891527
153,72,7,false,SeatedListening,Blazer,1.7082561,0.8603036,5,6,false,0.7188044,0,-5.476569,3.8871028
153,73,29,false,SeatedTalking,Knitwear,1.8964549,0.9005153,7,2,true,4.2360215,0,4.6474147,4.9544663
153,74,,false,StandingRelaxed,Knitwear,1.9085855,1.0665215,5,7,false,3.9732678,0,-4.6961513,0.7366667
154,35,2,false,SeatedListening,Knitwear,1.8352201,1.0302836,1,2,false,-2.7822452,0,2.1876614,5.8973703
155,90,8,false,SeatedListening,Shirt,1.6927078,1.1727169,5,3,false,1.981589,0,-1.4542704,4.5994234
158,39,7,false,SeatedTalking,Blazer,1.5681508,1.0654118,3,7,true,2.3533683,0,-1.5808941,1.0467325
158,40,1,false,SeatedListening,Shirt,1.527297,0.893976,0,0,false,-2.7223272,0,0.48439115,5.178368
159,78,41,false,SeatedWorking,Blazer,1.5909717,0.8476262,3,4,true,4.0249667,0,4.2780733,-0.046494246
159,79,45,true,SeatedWorking,Blazer,1.5963601,0.85244656,2,6,false,-3.6330547,0,8.423094,3.1415927
159,80,12,false,SeatedWorking,Knitwear,1.5650934,0.90167314,0,5,false,6.2837687,0,-1.7855415,0.5943409
159,81,10,false,SeatedWorking,Blazer,1.7777113,1.2094749,0,6,false,4.194131,0,-5.418642,0.6786349
159,82,,false,StandingPresenting,Blazer,1.7324003,1.0211891,4,1,false,0.79986286,0,5.7671137,1.1547596
160,58,11,false,SeatedListening,Shirt,1.7326541,1.0918123,6,5,true,3.5026898,0,-0.13409561,3.0015388
160,59,1,false,SeatedListening,Shirt,1.6136471,0.98903096,4,3,false,0.267457,0,0.9089562,2.7710145
160,60,3,false,SeatedListening,Shirt,1.8400967,1.0358022,1,4,false,3.425801,0,-2.2032628,1.7999425
161,30,,false,StandingPresenting,Knitwear,1.8408371,0.82685614,3,4,false,-0.032333516,0,-0.67585677,-1.0451517
162,91,1,false,SeatedTalking,Shirt,1.5283923,0.9026427,0,7,true,-4.129328,0,-4.412359,3.2624493
162,92,20,false,SeatedWorking,Knitwear,1.6629074,1.0255512,3,3,true,3.808332,0,1.9225409,1.844543
162,93,37,true,SeatedWorking,Blazer,1.7238019,1.0937169,0,0,false,-2.6598432,0,7.399453,3.1415927
162,94,,false,StandingWalking,Shirt,1.8853931,1.0913926,2,2,false,4.6773796,0,-2.075341,1.5475185
163,56,9,false,SeatedWorking,Blazer,1.7332114,1.0161091,2,7,false,-1.8702885,0,2.633083,1.9425627
163,57,3,false,SeatedWorking,Knitwear,1.6718513,1.1424966,6,7,false,-1.8372073,0,-0.86033636,5.2448397
163,58,,false,StandingRelaxed,Knitwear,1.5078578,1.1662828,2,2,false,0.6413149,0,3.9451823,-2.072835
164,87,5,false,SeatedTalking,Shirt,1.8248465,0.9270824,3,7,true,-5.9428244,0,3.3777003,4.0497856
164,88,,false,StandingConversation,Knitwear,1.7937133,1.0745751,3,0,false,-5.884996,0,-3.5032296,2.1652586
165,68,9,false,SeatedTalking,Blazer,1.6024368,0.9326216,7,2,false,-1.4919741,0,-2.060058,5.3414297
165,69,3,false,SeatedWorking,Knitwear,1.8932872,0.9662781,2,0,false,1.3799362,0,-0.42815778,4.5690913
166,107,29,false,SeatedListening,Blazer,1.8063234,1.1087701,6,6,false,4.3964634,0,6.489475,0.72968066
166,108,10,false,SeatedTalking,Blazer,1.7657512,0.9174023,2,1,false,-1.2707274,0,-2.3325448,1.8668816
166,109,,false,StandingRelaxed,Shirt,1.806647,1.1369712,6,3,false,-0.21540795,0,-2.5119016,2.2092073
167,47,3,false,SeatedListening,Knitwear,1.8900812,0.9907168,4,0,false,-0.74261945,0,1.3773892,1.8716344
168,59,17,false,SeatedTalking,Shirt,1.7280986,0.9745326,2,2,false,-7.6552343,0,4.0937185,4.580311
168,60,21,false,SeatedListening,Knitwear,1.6591727,1.0939742,0,1,false,-2.8861375,0,4.560641,4.2105536
168,61,,false,StandingPresenting,Shirt,1.9162315,0.9893627,0,5,false,5.0163827,0,-2.8494055,-2.9822333
169,96,44,true,SeatedWorking,Knitwear,1.6849166,1.0036204,2,3,true,-4.0330753,0,7.00202,3.1415927
169,97,15,false,SeatedWorking,Knitwear,1.5234269,1.1864862,3,3,false,3.764001,0,0.33404148,2.6498103
169,98,,false,StandingWalking,Knitwear,1.9270539,0.8307294,0,1,false,5.651025,0,2.683586,-0.94442964
170,36,9,true,SeatedListening,Knitwear,1.8245242,0.8663839,0,1,true,-1.6342181,0,3.9328594,3.1415927
171,81,16,false,SeatedListening,Blazer,1.6101717,0.89211434,2,2,true,3.2244365,0,-3.2157443,2.419395
172,138,13,false,SeatedListening,Shirt,1.7565335,0.94077444,2,4,false,-5.4115148,0,0.16194904,-0.19143677
172,139,1,false,SeatedListening,Shirt,1.679626,0.855692,1,6,true,-3.7095916,0,-6.449104,4.54692
172,140,17,false,SeatedListening,Blazer,1.670201,0.98204774,0,1,true,-3.2175767,0,0.16618711,0.89578557
172,141,7,false,SeatedListening,Blazer,1.6590676,1.1624545,5,0,true,-1.2501948,0,-6.7160797,4.2058077
172,142,3,false,SeatedListening,Knitwear,1.8169045,0.9878696,6,2,true,-2.2125633,0,-4.365795,4.732468
172,143,24,false,SeatedTalking,Blazer,1.6778257,0.8429493,1,3,false,3.4858787,0,-0.6711191,3.6158366
173,28,,false,StandingRelaxed,Blazer,1.7458637,0.88506645,0,3,false,-1.2045556,0,-2.852098,-2.1901531
175,90,13,false,SeatedListening,Knitwear,1.7901984,1.0447545,2,2,false,3.5541496,0,3.7981343,4.8164263
175,91,15,false,SeatedWorking,Shirt,1.7646482,1.0464826,7,1,false,3.3110895,0,0.6484042,4.8592567
175,92,7,false,SeatedListening,Shirt,1.9197947,0.824062,5,7,true,-1.6659493,0,0.09422326,1.5585291
175,93,27,false,SeatedListening,Blazer,1.5797079,1.1130066,6,6,false,1.819618,0,-3.629637,3.2099197
175,94,,false,StandingReading,Knitwear,1.5266528,0.97008693,5,2,true,-3.3670437,0,0.8347182,-1.3532902
176,60,7,false,SeatedTalking,Blazer,1.6634585,0.8647396,3,2,false,-1.3362528,0,2.8191168,8.035215
176,61,,false,StandingConversation,Knitwear,1.5101725,0.9010717,3,0,true,-2.131241,0,-1.4778435,-1.2467587
177,112,37,false,SeatedListening,Shirt,1.5371221,1.1038111,0,2,false,4.021666,0,-6.519332,4.541935
177,113,11,false,SeatedTalking,Blazer,1.6860856,0.9189787,0,7,false,-3.9212723,0,-5.917237,4.552066
177,114,3,false,SeatedListening,Knitwear,1.7171831,0.920665,1,6,false,-2.6283116,0,-3.6314795,5.1877966
177,115,16,false,SeatedWorking,Knitwear,1.7631038,1.00982,5,3,true,-5.2059326,0,1.0560155,5.9324603
177,116,,false,StandingRelaxed,Knitwear,1.8945532,1.103877,4,0,false,1.2578278,0,0.57397753,-0.38035226
178,30,2,false,SeatedTalking,Knitwear,1.772696,0.8744545,3,5,true,-1.9641408,0,-0.29867724,2.6257608
179,50,1,false,SeatedWorking,Shirt,1.7840807,1.0628924,1,6,true,-0.31861702,0,-1.354482,2.19737
180,86,2,false,SeatedTalking,Shirt,1.6059633,1.2044034,1,7,true,1.871258,0,-4.0650387,-1.3286395
180,87,24,true,SeatedListening,Blazer,1.6587939,0.8349597,5,0,false,-2.1202068,0,7.4496393,3.1415927
180,88,,false,StandingReading,Knitwear,1.5749671,1.0017933,3,1,false,0.18237028,0,-0.9164121,-0.8551276
181,74,1,false,SeatedTalking,Knitwear,1.5953318,0.98438764,2,6,true,-2.459781,0,-2.0023484,-0.0059861243
182,36,,false,StandingReading,Shirt,1.8092265,0.9146212,7,0,false,2.255901,0,-0.8577817,-1.7927443
183,76,17,false,SeatedTalking,Blazer,1.5935574,1.0400779,2,5,false,4.4814863,0,4.132202,1.5750566
183,77,15,false,SeatedListening,Knitwear,1.559217,1.012115,7,2,true,1.1615131,0,-2.4367774,1.6206903
183,78,,false,StandingReading,Blazer,1.7502486,1.0319096,5,2,true,-8.044475,0,4.088091,-2.2192118
184,103,14,false,SeatedTalking,Shirt,1.6443707,0.9456004,3,4,false,1.6653333,0,-3.7513785,2.121699
184,104,3,false,SeatedListening,Shirt,1.5079749,0.8545827,3,5,false,-7.0363727,0,-3.8831396,2.8122191
184,105,6,false,SeatedListening,Shirt,1.5378758,1.0228639,6,0,false,7.526497,0,-2.846415,1.717526
184,106,,false,StandingRelaxed,Shirt,1.5795972,0.9867033,3,0,true,-6.768674,0,1.7577506,1.3411105
185,47,8,false,SeatedTalking,Blazer,1.8697793,1.1540267,0,5,true,3.2795644,0,1.2697642,0.7083881
185,48,10,false,SeatedListening,Blazer,1.915813,1.0190059,7,3,false,0.75542283,0,4.4698977,1.1942484
187,42,,false,StandingWalking,Knitwear,1.8316308,0.89987063,5,2,false,-0.9306947,0,1.6266574,0.60553145
188,97,11,false,SeatedWorking,Blazer,1.7670453,1.0418608,2,7,false,1.3105462,0,1.3469936,1.3974667
188,98,,false,StandingPresenting,Knitwear,1.7732768,1.1552713,0,6,false,2.2087188,0,-7.304057,1.9528687
189,37,14,true,SeatedTalking,Shirt,1.7503824,1.0200634,5,1,true,-2.2584057,0,4.887845,3.1415927
189,38,,false,StandingConversation,Blazer,1.7929683,0.8301944,5,1,true,3.465895,0,-2.5564098,-2.7237005
190,42,16,true,SeatedWorking,Shirt,1.8482828,1.0609953,4,1,true,-1.3729593,0,6.001968,3.1415927
190,43,,false,StandingConversation,Blazer,1.8136723,1.0826522,3,4,false,0.43184718,0,2.5129874,-2.9382818
191,62,1,false,SeatedListening,Knitwear,1.659697,0.85240847,5,0,false,-4.7851944,0,1.8390647,1.3198948
191,63,14,false,SeatedListening,Shirt,1.8543134,0.8341867,0,6,false,4.176827,-0.12304265,-1.5882053,2.5675795
191,64,7,false,SeatedListening,Blazer,1.6746591,0.9476013,0,2,false,-5.4513865,0,-4.9941893,2.2900994
193,75,35,true,SeatedTalking,Blazer,1.8028996,1.1290857,1,1,false,-2.3301895,0,8.70632,3.1415927
193,76,,false,StandingReading,Shirt,1.6762961,0.97064817,6,4,true,0.87174535,0,-3.7113254,0.25496507
194,105,2,false,SeatedListening,Knitwear,1.573505,1.0139538,7,2,false,-2.1903417,0,-6.9891334,3.7984588
194,106,37,false,SeatedTalking,Blazer,1.912221,1.044043,1,6,true,3.9064846,0,-1.600312,1.3144315
194,107,20,false,SeatedListening,Knitwear,1.5213978,0.8825372,1,7,false,-3.3600588,0,4.934775,1.3836093
194,108,,false,StandingWalking,Shirt,1.5343559,0.9073646,4,5,false,0.67938507,0,-1.2682717,-2.159388
195,39,11,true,SeatedListening,Blazer,1.8524336,0.8784395,5,5,true,-1.232,0,4.668226,3.1415927
195,40,,false,StandingPresenting,Knitwear,1.8394156,1.1496195,5,5,false,1.5371132,0,-1.6207476,1.2813334
196,46,6,false,SeatedListening,Knitwear,1.7208292,0.85072535,5,2,false,2.278967,0,3.5598106,1.447058
197,32,9,false,SeatedListening,Blazer,1.865466,0.8506542,1,6,false,1.6711862,0,-2.9524555,-0.34998962
197,33,,false,StandingWalking,Knitwear,1.858627,1.2092416,5,6,true,-1.8668543,0,1.4462883,-1.8533365
198,46,,false,StandingPresenting,Shirt,1.8218514,0.9549621,5,0,false,3.3499045,0,1.2147303,2.111239
199,101,10,false,SeatedListening,Shirt,1.6748145,1.0895963,1,2,true,8.206155,0,-0.3394612,3.281846
200,46,,false,StandingReading,Knitwear,1.9077517,1.0077962,5,6,false,4.489556,0,-2.0131311,1.5823371
202,47,,false,StandingRelaxed,Knitwear,1.9484255,1.1537781,4,1,true,0.050241213,0,1.4446009,1.5128615
204,121,25,false,SeatedWorking,Blazer,1.5894855,1.1340842,6,2,false,-6.5237083,0,-1.5598003,6.4146256
204,122,21,false,SeatedTalking,Shirt,1.7407417,0.8579219,2,5,true,2.71468,0,-3.5367777,6.275838
204,123,40,false,SeatedTalking,Blazer,1.8052768,0.9679596,2,5,false,-7.263464,0,1.3191746,3.8079188
205,43,7,false,SeatedWorking,Knitwear,1.767899,1.1719526,1,2,false,-1.8036493,0,4.2585816,4.6845436
206,29,1,false,SeatedListening,Knitwear,1.6804569,0.96640354,1,7,false,-2.1493862,0.37062755,-0.057258785,3.1085682
206,30,7,true,SeatedTalking,Blazer,1.838919,0.90036386,0,0,true,-2.0516536,0,3.88,3.1415927
207,44,18,false,SeatedListening,Knitwear,1.8948418,1.125614,5,1,true,0.5548383,0,-3.1368587,5.007095
207,45,1,false,SeatedTalking,Knitwear,1.5038265,0.9128514,0,5,false,2.998549,0,-7.5371337,1.3651589
207,46,26,false,SeatedTalking,Blazer,1.7366495,1.1782198,4,1,true,2.945177,0,0.34149027,1.7144972
208,23,8,false,SeatedTalking,Blazer,1.8671108,0.88981247,0,7,false,3.3616965,0,1.4527574,1.5553644
208,24,,false,StandingPresenting,Shirt,1.5728743,1.117342,5,7,false,-0.895455,0,-1.4122031,3.1159735
209,37,25,true,SeatedWorking,Blazer,1.5874503,1.1811318,4,4,true,-4.147336,0,7.011181,3.1415927
209,38,11,false,SeatedListening,Blazer,1.6317108,0.87056756,2,0,false,6.234581,0,-2.0236597,4.044688
210,85,8,false,SeatedListening,Blazer,1.7120342,0.9887605,1,0,false,-1.8838313,0,-4.610528,0.9925444
210,86,22,false,SeatedTalking,Blazer,1.7623593,0.8545892,5,5,true,-2.1995995,0,6.9869623,0.61888534
212,32,2,false,SeatedTalking,Knitwear,1.7682385,0.83675855,0,6,false,2.561003,0,-2.2273302,4.374789
213,28,12,true,SeatedTalking,Shirt,1.5060593,0.8781747,5,7,false,-1.232,0,4.9564166,3.1415927
213,29,,false,StandingWalking,Blazer,1.7873452,0.9601436,3,3,true,-1.4739841,-0.27027655,-0.47916946,-0.20475864
214,55,,false,StandingReading,Shirt,1.5664978,0.96297383,2,2,false,-1.9730376,0,1.2541076,-3.076158
215,85,5,false,SeatedTalking,Shirt,1.9011394,1.0285097,2,0,false,-1.7535357,0,3.2076368,0.8644748
215,86,22,true,SeatedWorking,Blazer,1.5528361,0.9359767,7,6,false,-3.0854185,0,5.914071,3.1415927
215,87,3,false,SeatedWorking,Knitwear,1.6832411,0.82159054,0,4,false,-1.9845606,0,-1.3754566,2.6187854
215,88,7,false,SeatedListening,Knitwear,1.5049272,0.9916772,4,7,false,-0.47638452,0,-0.7393355,0.70510757
216,45,7,false,SeatedListening,Knitwear,1.5085833,1.0877849,3,5,false,0.046675295,0,-2.9598901,3.727033
216,46,11,false,SeatedWorking,Blazer,1.7722455,0.9872238,1,4,false,0.7674086,0,2.890143,6.633026
218,78,28,true,SeatedWorking,Shirt,1.7263658,0.97705203,4,6,false,-3.4594586,0,5.5140324,3.1415927
219,67,18,false,SeatedWorking,Knitwear,1.6786038,0.958783,2,7,false,-2.6452641,0,-1.008349,1.2941895
219,68,10,false,SeatedTalking,Shirt,1.6440843,0.839259,7,5,true,-1.1455636,0,2.0052133,1.8886027
220,80,5,false,SeatedTalking,Knitwear,1.5786811,0.8597651,7,1,false,-1.5612662,0,-1.5498784,4.901603
220,81,13,false,SeatedWorking,Knitwear,1.6984063,1.0714958,5,7,true,3.7856886,0,-0.7684234,3.0558546
221,47,1,false,SeatedListening,Blazer,1.8350027,0.949599,4,4,true,1.5189154,0,-0.3795062,0.8474264
222,84,7,false,SeatedListening,Shirt,1.5659,0.9103428,3,5,false,-3.5748887,0,3.1722238,1.0437865
222,85,13,false,SeatedTalking,Knitwear,1.7831372,1.1091111,6,7,false,3.1660194,0,-4.6486006,1.8251929
222,86,9,false,SeatedListening,Blazer,1.8249389,1.0967858,3,3,true,-3.75439,0,-0.44284004,-0.41932994
224,64,3,false,SeatedWorking,Knitwear,1.6859046,1.1062382,6,2,true,-4.106902,0,1.3928723,1.7352773
224,65,11,false,SeatedWorking,Blazer,1.9355608,0.9301909,0,7,true,0.0812279,0,2.0840356,4.127406
225,28,,false,StandingRelaxed,Blazer,1.7508245,0.8306695,4,7,false,-1.6345994,0,-0.16143236,-1.8611734
226,60,15,false,SeatedWorking,Knitwear,1.6136199,0.8674762,4,7,false,-3.8550236,0,-1.2079169,-0.15971646
227,37,1,false,SeatedListening,Shirt,1.8715967,1.1764128,5,3,true,0.7537199,0,-1.9071307,4.840889
227,38,,false,StandingWalking,Shirt,1.8072596,1.1665992,2,1,false,2.5542252,0,-0.38175187,0.86414886
229,97,19,false,SeatedWorking,Knitwear,1.6919227,1.0333486,6,6,true,1.5004871,0,-2.7331188,4.2798424
229,98,,false,StandingPresenting,Shirt,1.6373361,0.83515364,5,3,false,-6.7740307,0,-1.8770639,-0.57820153
230,162,29,false,SeatedWorking,Knitwear,1.5216548,1.118517,4,1,false,-2.4945822,0,4.070044,0.030069977
230,163,1,false,SeatedWorking,Blazer,1.6285111,0.9104867,5,5,false,-6.803138,0,3.082904,4.04434
230,164,15,false,SeatedTalking,Shirt,1.5981157,1.0890255,0,3,false,8.555725,0,2.284176,4.1680417
230,165,27,false,SeatedWorking,Blazer,1.604908,0.9503678,3,7,false,-2.451405,0,0.008277774,0.19770491
231,74,24,true,SeatedTalking,Blazer,1.6121609,1.0668299,0,6,false,-2.240681,0,5.839468,3.1415927
231,75,,false,StandingReading,Blazer,1.6730629,1.205075,5,5,false,1.7140961,0,2.9384472,-2.6871479
232,36,10,false,SeatedListening,Blazer,1.5620571,1.1855886,2,5,true,-2.7688758,0,4.0272527,5.0110893
232,37,15,false,SeatedListening,Knitwear,1.7245896,0.86517423,4,0,true,-1.5570058,0,-0.25199106,2.0292997
232,38,1,false,SeatedListening,Shirt,1.8179839,0.9931355,6,4,false,3.0140047,0,-4.2476306,-0.45022056
232,39,,false,StandingWalking,Blazer,1.8730277,0.9521239,4,1,true,3.1030257,0,0.07329723,-2.7551427
233,141,3,false,SeatedWorking,Shirt,1.7090358,0.96513057,3,3,false,-4.367445,0,-3.7673311,4.8571224
233,142,23,false,SeatedListening,Blazer,1.5965713,1.1684314,3,5,false,1.3350773,0,4.612143,4.832958
233,143,7,false,SeatedListening,Blazer,1.6553072,0.83607316,7,5,false,-3.561538,0,6.557881,6.3154697
233,144,16,false,SeatedListening,Shirt,1.6332687,1.0401002,4,4,true,-0.042804003,0,0.80727035,1.2782009
233,145,47,true,SeatedListening,Blazer,1.6349478,1.0719005,1,2,false,-2.5023334,0,8.293448,3.1415927
233,146,39,false,SeatedListening,Blazer,1.8760917,0.829314,3,1,true,4.5574226,0,2.2585385,0.18166411
233,147,,false,StandingRelaxed,Shirt,1.590968,0.9876263,3,6,false,-3.2229118,0,4.7275176,0.056874037
234,101,3,false,SeatedTalking,Knitwear,1.7172494,0.9776726,2,6,true,-3.0655081,0,-9.422807,1.5362422
234,102,7,false,SeatedWorking,Shirt,1.5529804,0.9266083,6,3,false,0.37333596,0,-1.9245608,1.2761809
235,38,1,false,SeatedTalking,Blazer,1.8501953,1.0943041,7,6,false,2.0887578,0,0.677238,1.7828557
236,119,28,false,SeatedWorking,Shirt,1.508653,0.90852654,6,4,false,2.1199555,0,3.7311125,5.2554426
236,120,13,false,SeatedTalking,Knitwear,1.6726457,1.1118511,7,2,true,1.3070238,0,-1.5784372,7.535195
236,121,40,true,SeatedTalking,Knitwear,1.6226435,0.9425514,4,7,false,-2.3049724,0,8.762828,3.1415927
236,122,7,false,SeatedListening,Knitwear,1.673638,1.169357,1,7,false,2.6479867,0,-6.1686335,4.6553826
236,123,,false,StandingRelaxed,Shirt,1.7579811,1.2056963,2,5,false,1.2300929,0,1.9960382,-1.5280292
237,46,10,false,SeatedTalking,Shirt,1.6075046,0.8588997,6,6,false,1.6145645,0,2.1294239,0.44339466
237,47,,false,StandingReading,Knitwear,1.6140182,0.9316254,5,3,false,0.44123504,0,-2.8753839,-3.0213723
238,84,30,false,SeatedListening,Blazer,1.5023208,1.0328428,2,6,false,5.1314564,0,0.23625422,-0.8320809
238,85,3,false,SeatedWorking,Blazer,1.5599416,1.1719129,6,2,false,-1.0830562,0,-1.9144781,-0.4376116
238,86,28,false,SeatedTalking,Blazer,1.773885,0.82886666,5,2,true,0.4553821,0,-1.5695235,-0.6899321
238,87,11,false,SeatedListening,Blazer,1.7560917,0.87367076,3,0,true,-6.4974008,0,-2.8713257,-1.3758651
238,88,23,false,SeatedWorking,Shirt,1.641761,0.8444825,6,3,false,5.109606,0,4.520241,0.24186477
239,32,1,false,SeatedWorking,Knitwear,1.7376391,0.86070246,4,0,false,0.16637611,0,-2.7827723,5.177497
240,74,15,false,SeatedWorking,Knitwear,1.6589376,0.9490044,4,1,false,6.635782,0,2.328267,0.06948301
240,75,28,false,SeatedListening,Shirt,1.5382152,1.2018887,0,7,false,3.0400987,0,1.5487981,2.7296
240,76,,false,StandingWalking,Shirt,1.8388623,0.84718007,7,2,false,5.7098846,0,0.61181706,-0.3976996
241,18,,false,StandingWalking,Knitwear,1.5238938,1.0891626,5,5,false,-3.0261285,0,2.0901287,-2.0023034
242,56,,false,StandingRelaxed,Knitwear,1.7888277,1.169519,2,2,false,0.3140213,0,0.11028324,-0.393368
243,106,16,false,SeatedListening,Knitwear,1.8010995,0.85045815,3,1,false,4.840277,0,3.315178,4.732824
243,107,22,false,SeatedTalking,Blazer,1.8144209,1.0665976,0,5,false,-1.6937253,0,-0.4227282,4.098627
243,108,7,false,SeatedWorking,Blazer,1.8531045,0.9675519,5,7,false,-5.2933836,0,1.2955267,6.9740868
243,109,3,false,SeatedListening,Shirt,1.7265288,0.9338838,2,0,false,1.6532522,0,-1.3402407,8.164692
243,110,5,false,SeatedWorking,Shirt,1.6095386,0.94186467,4,6,false,-1.8542113,0,0.88608897,7.8629475
243,111,,false,StandingWalking,Shirt,1.904679,0.9976785,7,5,false,1.1372901,0,3.017576,1.1351893
244,36,11,true,SeatedTalking,Knitwear,1.699664,1.0316069,4,0,false,-1.2833687,0,4.678956,3.1415927
245,68,9,false,SeatedTalking,Shirt,1.6416265,0.93314546,1,0,false,-5.274164,0,5.088996,5.278096
245,69,29,false,SeatedTalking,Shirt,1.7577251,0.9211903,6,5,false,1.781666,0,1.7851919,4.714894
245,70,,false,StandingWalking,Blazer,1.9191809,0.93832797,2,1,false,2.8601294,0,-2.1005244,1.3124421
246,117,5,false,SeatedWorking,Knitwear,1.8376014,1.0660074,7,2,false,-1.4151593,0,3.1109858,6.8775644
246,118,21,false,SeatedTalking,Knitwear,1.7888331,0.9276786,5,1,false,1.57551,0,-1.7769369,6.0718637
246,119,31,false,SeatedWorking,Shirt,1.5241308,0.9543825,3,3,false,7.128786,0,-1.5617537,3.8273115
246,120,9,false,SeatedListening,Shirt,1.794187,1.0055053,1,4,true,-5.326365,0,2.3626509,6.628149
246,121,33,false,SeatedWorking,Knitwear,1.6159844,0.8344318,4,7,false,-6.6803684,0,-3.5291388,3.4855437
246,122,3,false,SeatedWorking,Blazer,1.6961355,0.9851307,2,7,true,0.6570929,0,3.4734347,6.4511275
246,123,27,false,SeatedWorking,Blazer,1.509767,1.0906655,0,7,false,6.4475613,0,-4.1482105,2.8172245
248,38,1,false,SeatedTalking,Knitwear,1.6622423,1.1323386,7,5,false,1.0622448,0,0.28265506,2.0453985
248,39,,false,StandingWalking,Shirt,1.5053047,1.084341,1,3,false,-2.4152842,0,1.2560222,2.5713332
249,62,16,false,SeatedListening,Blazer,1.8109591,1.0675448,0,0,true,2.684643,0,-0.8072579,0.6332757
249,63,9,false,SeatedListening,Knitwear,1.9028897,0.87838596,4,6,true,-0.2536897,0,1.337833,4.322554
249,64,21,true,SeatedWorking,Knitwear,1.5777057,1.1074364,0,3,false,-2.3103936,0,6.688645,3.1415927
249,65,,false,StandingWalking,Shirt,1.7844064,1.1302848,3,0,true,-3.9794545,0,3.8971732,-2.1281865
250,72,1,false,SeatedListening,Blazer,1.8544894,0.92836326,1,5,false,4.651596,0,-0.68210244,5.092887
250,73,,false,StandingConversation,Shirt,1.6401373,0.8499041,2,0,true,2.6448686,0,-0.5936348,1.2714498
251,72,23,false,SeatedListening,Blazer,1.8468567,0.82997185,4,0,false,2.2579823,0,4.662779,5.409724
251,73,0,false,SeatedTalking,Knitwear,1.5440279,1.0448694,1,1,false,-1.1749041,0,-8.818058,1.9758394
251,74,13,false,SeatedListening,Blazer,1.6889102,1.0827075,3,6,false,1.1346124,0,-1.2266072,3.5188608
251,75,25,false,SeatedTalking,Blazer,1.8524511,0.92362493,6,4,false,-3.8184383,0,6.1076403,4.563898
251,76,,false,StandingRelaxed,Knitwear,1.8341036,1.1729313,7,2,false,-3.16583,0,-4.054127,-2.5081553
252,25,2,false,SeatedListening,Shirt,1.8898457,1.2142866,7,4,false,1.3060939,0,2.0709188,2.857993
253,147,59,true,SeatedTalking,Blazer,1.6152554,1.0881581,4,6,false,-3.0594478,0,10.536735,3.1415927
253,148,47,false,SeatedTalking,Shirt,1.7187971,1.1286174,7,7,true,5.0575185,0,-7.084763,0.46794912
254,67,7,false,SeatedListening,Knitwear,1.6707811,1.1133493,0,5,true,-4.286027,0,-0.78607684,5.0825768
254,68,18,false,SeatedListening,Blazer,1.6457047,1.1435066,3,0,false,0.6962054,0,6.1743507,4.9251294
254,69,4,false,SeatedTalking,Knitwear,1.7230792,0.91339415,5,0,false,2.1479197,0,-2.7323647,8.301749
254,70,,false,StandingConversation,Knitwear,1.8599565,1.1168511,6,5,true,-2.2411716,0,-5.9502416,1.8449218
255,59,7,false,SeatedWorking,Knitwear,1.9173348,0.82091266,5,5,true,-1.032751,0,-5.2422924,1.1554751
255,60,,false,StandingRelaxed,Shirt,1.8637068,1.1948779,6,0,false,2.4035769,0,-1.3323232,-1.3361857
256,78,7,false,SeatedWorking,Knitwear,1.5760248,0.91289043,4,5,false,-1.7007285,0,1.5345224,6.7334304
256,79,27,true,SeatedListening,Blazer,1.6128081,1.1345252,4,1,false,-1.9438765,0,5.897992,3.1415927
256,80,9,false,SeatedTalking,Knitwear,1.8828425,1.1831739,1,6,true,-2.692862,0,-0.76168275,6.2607937
256,81,13,false,SeatedWorking,Blazer,1.6754382,1.13717,3,7,false,-1.6449763,0,3.1475854,3.0609813
257,66,8,false,SeatedWorking,Blazer,1.5776957,0.84555596,2,6,false,3.8686252,0,-0.3269943,3.853425
257,67,21,true,SeatedWorking,Knitwear,1.6799234,0.86302,4,1,true,-3.0966597,0,5.0881505,3.1415927
259,83,19,false,SeatedWorking,Knitwear,1.7631291,0.9407327,2,0,false,-2.422982,-0.2753443,-1.5377536,4.232748
259,84,23,false,SeatedListening,Knitwear,1.5458974,0.93100035,6,0,false,-2.9178872,0,6.9893,3.7436016
259,85,11,false,SeatedWorking,Shirt,1.565553,1.0158318,6,6,false,-1.5128999,0,-3.403629,7.4408646
259,86,,false,StandingReading,Shirt,1.9397433,0.93758357,5,5,false,1.6384717,0,-4.8574634,0.6980288
260,47,9,true,SeatedTalking,Knitwear,1.5723088,0.84972316,7,5,true,-2.0887966,0,3.9507065,3.1415927
260,48,1,false,SeatedListening,Knitwear,1.513676,0.936161,5,0,true,2.7743368,0,-1.6874145,1.0788436
260,49,,false,StandingWalking,Blazer,1.6339917,0.9591424,6,6,true,2.966106,0,-0.06624699,1.1907046
261,24,,false,StandingPresenting,Shirt,1.6166035,1.020652,7,5,false,-1.7404233,0,0.50200605,4.9177914
262,56,1,false,SeatedListening,Knitwear,1.8455832,0.8802904,4,1,false,-1.6117039,0,3.9409058,4.767392
262,57,11,false,SeatedWorking,Knitwear,1.823974,0.8616123,7,5,true,0.62273103,0,4.168131,5.3805075
262,58,3,false,SeatedListening,Blazer,1.7788262,1.1286575,1,0,false,-1.3534496,-0.44742584,-1.694803,5.049968
262,59,20,true,SeatedTalking,Blazer,1.8672487,0.91259044,6,7,false,-1.2582831,0,7.5177665,3.1415927
263,47,5,false,SeatedListening,Shirt,1.6981467,0.93213177,2,3,false,0.36188334,0,1.4409375,6.968805
263,48,13,false,SeatedTalking,Shirt,1.8652087,1.1956991,6,4,false,-2.1746268,0,4.593779,4.4687815
263,49,24,true,SeatedTalking,Blazer,1.9455678,0.89920735,6,2,true,-1.997908,0,7.5172653,3.1415927
263,50,,false,StandingReading,Knitwear,1.9477801,0.99486744,1,6,false,1.7784123,0,2.0699692,0.69551206
264,66,13,false,SeatedListening,Shirt,1.8489873,0.8920474,2,6,true,-0.74457157,0,0.25773984,-0.11460516
264,67,20,false,SeatedWorking,Blazer,1.5489202,0.9830571,0,2,true,4.184283,0,2.944623,1.6538092
265,62,12,false,SeatedListening,Knitwear,1.6681602,0.8781937,1,5,false,3.1547532,0,-1.6106703,4.3459334
266,166,30,false,SeatedWorking,Shirt,1.5566864,0.9769439,7,4,false,4.375265,0,4.368073,1.4029568
266,167,,false,StandingConversation,Knitwear,1.6779794,1.1749052,6,0,false,4.8862033,0,0.24944635,0.8056965
267,116,13,false,SeatedTalking,Blazer,1.75821,1.1184669,3,7,true,3.9397426,0,3.3001466,1.5939543
267,117,7,false,SeatedListening,Shirt,1.6321841,1.0283105,5,5,true,1.2299889,0,2.8248446,4.2932105
268,25,7,false,SeatedListening,Shirt,1.6158785,0.8291352,5,7,false,2.6133618,0,0.26246285,2.9287744
268,26,,false,StandingPresenting,Shirt,1.5123588,0.9967686,2,7,false,-1.652115,0,-2.1811461,-0.6380229
269,63,,false,StandingWalking,Blazer,1.8057785,0.9270473,2,1,true,-1.8862523,0,-0.15513638,0.8547194
270,75,8,false,SeatedListening,Shirt,1.6851058,1.2009292,6,6,true,1.6447945,0,4.121357,2.9356732
270,76,15,false,SeatedListening,Shirt,1.8704613,0.92150223,2,1,false,-0.8185611,0,-0.26951376,4.447574
270,77,,false,StandingWalking,Knitwear,1.7589548,1.1229881,3,1,false,-1.2103128,0,5.2337337,0.81542015
271,60,,false,StandingRelaxed,Blazer,1.507448,0.97891223,7,0,false,4.2615914,0,0.28691182,-0.48197937
273,47,5,false,SeatedWorking,Shirt,1.6934426,0.8357876,7,3,false,0.66621023,0,-0.6860172,5.018969
273,48,,false,StandingWalking,Knitwear,1.7762004,0.9440722,3,4,false,-1.7782373,0,3.0000799,0.7493093
274,44,18,false,SeatedListening,Shirt,1.6783577,1.0580617,6,3,false,-5.1365485,0,-4.4050813,-0.3322729
274,45,24,false,SeatedTalking,Shirt,1.7059512,1.038105,5,4,false,-2.0227876,0,1.0395586,0.3072862
274,46,22,false,SeatedWorking,Knitwear,1.6788045,1.0388582,6,3,true,5.7774673,0,-0.2498049,1.486469
274,47,13,false,SeatedTalking,Shirt,1.783943,0.87328005,2,5,false,2.127192,0,-3.057771,2.0405955
274,48,6,false,SeatedListening,Knitwear,1.5404301,1.0524952,4,0,true,3.9784184,0,0.32446235,1.4839873
274,49,,false,StandingRelaxed,Blazer,1.8207586,0.9293581,6,0,true,-4.0355997,0,2.726136,0.9886043
275,31,5,false,SeatedTalking,Blazer,1.6034724,1.0928978,6,2,false,-0.9701623,0,0.46146584,2.5192094
276,31,7,false,SeatedListening,Blazer,1.8128865,0.924152,2,2,false,2.1180642,0,0.6361121,3.6631396
276,32,,false,StandingConversation,Knitwear,1.7292346,0.94216824,4,4,false,0.43270338,0,1.9748887,-1.6089586
279,28,9,false,SeatedListening,Knitwear,1.6420579,1.0067061,4,0,true,2.1729481,0,-1.5611883,1.498926
279,29,5,false,SeatedListening,Shirt,1.5762583,0.8748622,1,7,true,-1.407372,0,-1.8395308,1.6250503
279,30,,false,StandingRelaxed,Knitwear,1.5200377,0.91295147,4,6,false,-1.5940334,0,1.3570548,-0.89334226
280,43,6,false,SeatedWorking,Knitwear,1.7580094,0.92477417,0,4,false,-0.73656964,0,3.4208095,4.470207
281,34,,false,StandingConversation,Shirt,1.9229364,1.1584663,2,6,false,2.6596222,0,2.4984891,1.193721
282,44,16,false,SeatedListening,Blazer,1.8428844,1.2179754,6,1,false,4.956935,0,1.8430171,5.283408
283,32,14,true,SeatedWorking,Blazer,1.6784431,1.1982912,1,4,false,-1.9910462,0,4.219205,3.1415927
283,33,1,false,SeatedWorking,Blazer,1.6105492,1.1522651,0,7,false,-2.0761812,0,1.3693583,6.820774
283,34,7,false,SeatedListening,Shirt,1.8712859,1.1244018,2,1,false,1.5835593,0,2.04641,0.660017
283,35,,false,StandingPresenting,Knitwear,1.7249299,0.903384,0,1,true,-2.5124316,0,-2.0647252,-2.1966786
284,36,5,false,SeatedTalking,Shirt,1.5830469,1.0506924,5,5,true,-0.6110126,0,1.7210817,4.6792464
284,37,7,false,SeatedTalking,Shirt,1.7009555,0.9549787,5,5,false,1.0486139,0,-1.4153588,3.3804753
284,38,1,false,SeatedWorking,Blazer,1.5999532,0.9062096,7,1,true,-0.6055308,0,-0.38167512,3.7076797
284,39,3,false,SeatedWorking,Knitwear,1.6963105,1.0093281,7,5,false,-1.4523137,0,-2.3523085,4.2287903
284,40,,false,StandingReading,Shirt,1.9302428,1.0725529,1,7,false,1.6113838,0,0.40656832,-1.2846093
285,51,19,false,SeatedListening,Knitwear,1.5963846,0.90795785,6,6,false,0.51177055,0,2.8089573,5.050058
285,52,3,false,SeatedListening,Blazer,1.883866,1.0305387,1,5,false,-7.047803,0,2.9891436,6.1478615
285,53,,false,StandingReading,Knitwear,1.5924436,1.0565724,4,0,true,3.2066002,0,2.0248652,0.8816998
286,43,3,false,SeatedTalking,Shirt,1.5811481,0.8877549,7,6,false,2.3940432,0,0.30310917,1.096942
286,44,,false,StandingConversation,Knitwear,1.5222379,1.1698515,2,5,true,2.1159592,0,-2.2372231,1.3781097
287,150,38,false,SeatedListening,Knitwear,1.6638693,1.1193411,3,5,false,-3.3020444,0,1.9880953,1.9327979
287,151,26,false,SeatedWorking,Knitwear,1.6605167,0.96834546,2,6,false,0.60210854,0.44249374,6.151973,2.1219854
287,152,47,true,SeatedTalking,Blazer,1.716277,1.0564302,4,4,false,-2.320963,0,11.58,3.1415927
287,153,13,false,SeatedTalking,Shirt,1.8391167,0.8321647,0,5,false,-2.3813381,0,-2.9075513,3.3529854
287,154,,false,StandingWalking,Shirt,1.7240742,0.9053416,2,6,false,-3.2000525,0,-7.942116,-2.583455
288,77,13,false,SeatedTalking,Shirt,1.5006092,1.2061744,4,2,false,3.8687217,0,3.340707,1.5269489
289,53,,false,StandingReading,Shirt,1.7009488,1.0512694,6,4,false,-1.0508412,0,-2.2180681,-1.3752902
290,150,35,false,SeatedListening,Shirt,1.5570539,0.9484401,2,5,true,8.166226,0,-5.4422655,2.8822966
290,151,3,false,SeatedListening,Knitwear,1.6523205,1.0161927,5,7,true,-7.7171984,0,1.9453502,3.2130964
290,152,49,false,SeatedListening,Shirt,1.6465422,1.1174887,4,2,true,-0.085918546,0,1.095557,5.424024
290,153,9,false,SeatedListening,Shirt,1.5243534,0.9694664,0,1,false,-7.166411,0,-3.496037,2.9187908
290,154,22,false,SeatedTalking,Blazer,1.7988193,0.8681462,1,5,false,3.0453835,0,5.6919255,0.94873023
290,155,13,false,SeatedTalking,Blazer,1.5195274,1.0995578,5,2,false,-3.3750205,0,-1.8356857,2.9325078
290,156,,false,StandingRelaxed,Knitwear,1.7404332,0.88532746,2,7,true,2.089711,0,-1.8212827,-1.231499
291,39,2,false,SeatedWorking,Shirt,1.6119062,1.0674324,3,4,false,3.090423,0,-3.3993564,4.6697516
291,40,,false,StandingRelaxed,Knitwear,1.6288707,1.0430877,1,3,false,3.6797984,0,0.30176353,-1.7094741
292,110,24,false,SeatedTalking,Knitwear,1.7540381,0.9054243,6,7,false,4.291015,0,1.0641527,3.0522745
292,111,9,false,SeatedListening,Shirt,1.8716128,0.95772964,0,6,false,3.778913,0,-6.42398,0.67572266
292,112,25,false,SeatedListening,Knitwear,1.8251436,0.90964395,5,2,false,4.4343376,0,3.1641302,6.150408
292,113,37,false,SeatedWorking,Shirt,1.5634664,0.8265142,2,1,false,-1.4630367,0,3.1291456,0.45921278
292,114,13,false,SeatedTalking,Shirt,1.6968569,1.0670892,5,3,false,-5.3212786,0,-1.3465272,4.7243013
292,115,,false,StandingConversation,Blazer,1.8547628,1.1099238,4,0,true,4.353357,0,6.1037283,1.1596243
293,147,7,false,SeatedListening,Shirt,1.7038336,0.88664126,1,0,false,4.9424214,0,-4.8703136,4.513981
293,148,,false,StandingWalking,Shirt,1.8055279,0.8224168,3,4,true,-0.10991492,0,4.1202745,1.8136208
294,45,3,false,SeatedListening,Blazer,1.6754086,0.9395575,4,5,false,-2.0028234,0,-3.064817,0.014485121
295,55,3,false,SeatedListening,Knitwear,1.750834,1.2186048,0,7,false,-3.7838645,0,-1.138227,3.1026137
296,68,1,false,SeatedListening,Knitwear,1.5790915,1.0736489,5,5,false,0.37254828,0,-7.0394793,4.2043915
296,69,7,false,SeatedTalking,Shirt,1.681132,1.1236662,4,2,false,-1.81062,0,2.1672003,-0.22906137
296,70,21,false,SeatedListening,Shirt,1.6133702,1.138776,0,5,false,-2.0975904,0,8.108442,0.2683886
296,71,10,false,SeatedWorking,Shirt,1.7779452,0.83943534,3,5,false,-0.47112438,0,3.353096,0.39728144
296,72,,false,StandingReading,Knitwear,1.5387437,0.9513089,5,7,false,1.4305004,0,-2.5020099,2.1165864
297,93,1,false,SeatedTalking,Knitwear,1.7726755,0.9781986,4,4,true,-3.2709475,0,-7.5426183,-0.21703187
297,94,2,false,SeatedListening,Knitwear,1.846143,0.9760434,0,0,false,-0.40508175,0,-7.0989814,0.09277573
297,95,30,false,SeatedListening,Knitwear,1.602073,0.90641034,5,2,false,-4.193808,0,6.8879385,3.7763205
298,40,3,false,SeatedListening,Blazer,1.8152543,1.0525632,7,5,true,-2.526936,0,-0.6079627,4.5154157
298,41,,false,StandingWalking,Shirt,1.8225597,1.1396096,0,1,true,-1.1501633,0,-1.9256817,-1.8207364
299,50,7,false,SeatedTalking,Knitwear,1.8319459,0.9780059,0,1,false,1.0367594,0,2.912245,6.2218513
299,51,3,false,SeatedWorking,Shirt,1.6145538,0.9987813,4,0,false,-2.8268802,0,-1.2832704,5.715428
300,56,5,false,SeatedTalking,Shirt,1.5852646,0.96923643,2,5,true,2.5312095,0,-1.6393962,2.664866
301,28,,false,StandingConversation,Blazer,1.7767369,0.9383814,6,7,true,0.012325431,0,2.0747936,-0.15187597
302,55,,false,StandingReading,Shirt,1.536003,0.99946916,4,5,true,2.3479006,0,0.6499079,-1.1794875
303,64,10,false,SeatedWorking,Blazer,1.5836201,1.1647508,4,0,true,-2.9650824,0,-5.3184414,0.40476236
303,65,6,false,SeatedTalking,Blazer,1.5811179,1.1849365,0,6,false,-0.43982226,0,-1.3333519,1.0136307
303,66,29,false,SeatedListening,Shirt,1.6933504,0.8679054,7,6,false,3.7945871,0,-3.5066595,0.009915203
303,67,,false,StandingRelaxed,Shirt,1.5270214,1.0393276,3,3,false,1.256759,-0.16099274,4.9236097,-3.077749
304,58,18,false,SeatedListening,Knitwear,1.7812558,1.1815581,1,5,false,-0.5762459,0,4.4253345,2.409881
304,59,1,false,SeatedListening,Blazer,1.7214003,0.9639509,4,1,false,-1.0134517,0,-3.1255207,1.644753
305,49,2,false,SeatedListening,Knitwear,1.5371149,1.1908321,7,3,false,-0.61569375,0,5.996916,0.43036318
305,50,4,false,SeatedTalking,Knitwear,1.6951566,1.1401002,3,2,false,0.19174474,0,-1.843145,-0.7812192
305,51,13,true,SeatedListening,Knitwear,1.7753459,1.1712539,4,7,false,-2.0481203,0,8.426544,3.1415927
306,44,11,true,SeatedListening,Blazer,1.7909045,1.1993806,3,2,false,-1.9543275,0,6.3627768,3.1415927
307,59,3,false,SeatedTalking,Blazer,1.7576244,1.1744791,7,5,false,2.7394335,0,-0.5173252,8.361782
307,60,2,false,SeatedWorking,Blazer,1.8760695,1.1152309,3,2,false,0.34204894,0,1.2145444,6.5683465
307,61,1,false,SeatedTalking,Shirt,1.7330979,1.0963677,6,7,false,-1.181581,0,-0.79821676,3.8079636
307,62,,false,StandingConversation,Blazer,1.9136412,0.95822084,3,7,false,-2.4569557,0,4.3966355,2.4153526
308,54,3,false,SeatedListening,Knitwear,1.6455318,0.83020586,2,2,true,-1.685107,0,-0.9965991,0.7861433
308,55,17,false,SeatedListening,Shirt,1.7014574,0.90779364,0,0,true,-1.5385084,0,1.5098016,0.7578529
309,62,16,false,SeatedListening,Shirt,1.9182476,0.9537367,1,1,false,2.0642843,0,2.0541604,4.551903
310,38,1,false,SeatedListening,Shirt,1.5909942,0.94804436,7,5,false,1.196739,0,0.3670606,3.1277275
311,42,9,true,SeatedListening,Blazer,1.5032827,0.83593637,2,0,false,-1.232,0,6.076479,3.1415927
312,56,1,false,SeatedTalking,Shirt,1.5800558,1.0457377,3,4,false,1.2449096,0,-2.8300216,-0.15656143
312,57,11,false,SeatedWorking,Blazer,1.5917816,1.1910043,0,0,false,-0.9174511,0.42320442,1.687572,4.074766
312,58,5,false,SeatedListening,Shirt,1.7120482,0.89070094,7,3,true,0.37661594,0,-1.3959194,0.56194043
313,69,33,false,SeatedListening,Shirt,1.7550099,1.1313226,4,0,false,3.467677,0,6.842648,-0.053039074
313,70,15,false,SeatedWorking,Blazer,1.6736547,1.1902505,4,5,false,-1.0100819,0,-4.041949,4.180998
313,71,13,false,SeatedListening,Blazer,1.5091758,1.2193141,5,2,false,0.80240244,0,-6.8845825,4.8735285
313,72,27,false,SeatedListening,Knitwear,1.6346235,1.0421392,5,6,true,5.4344788,0,1.5512683,2.922916
313,73,,false,StandingConversation,Shirt,1.5123903,0.86278623,3,1,false,2.4644606,0,-3.0621824,1.1492679
315,20,6,false,SeatedListening,Blazer,1.5965766,1.2132533,4,5,true,0.150119,0,2.8658724,1.8467565
315,21,,false,StandingWalking,Blazer,1.8241208,0.9387975,5,3,true,-0.028546588,-0.12937382,0.44582543,-1.7384018
316,101,21,false,SeatedTalking,Knitwear,1.9018073,1.1538212,6,2,false,2.8263116,0,3.5504754,5.169921
316,102,38,false,SeatedTalking,Knitwear,1.7475919,1.1332905,1,4,false,-2.9186428,0,2.3032331,4.9125786
316,103,1,false,SeatedListening,Shirt,1.5752777,1.0883958,5,1,false,2.738919,0,-7.2659984,5.2150717
316,104,18,false,SeatedWorking,Knitwear,1.9156793,0.9675433,4,1,false,-3.4334934,0,0.107198596,-0.57154274
316,105,16,false,SeatedTalking,Blazer,1.7013211,0.85271615,2,0,false,-1.8951592,0,-1.0928261,2.0493324
316,106,7,false,SeatedListening,Shirt,1.9033716,0.86619186,6,6,false,-1.2546988,0,-6.465714,5.435488
316,107,,false,StandingWalking,Knitwear,1.7942743,0.8964505,7,7,true,3.1574013,0,2.152141,-2.4785514
317,70,11,false,SeatedWorking,Shirt,1.6492758,0.92141986,6,5,false,4.379035,0,-1.0392803,1.050852
318,37,9,false,SeatedListening,Shirt,1.6283357,1.1595122,2,4,false,-1.9907894,0,0.6818178,2.160669
318,38,,false,StandingWalking,Knitwear,1.5414804,1.0028982,2,1,true,-2.6540601,0,2.347594,-2.948449
319,51,,false,StandingRelaxed,Knitwear,1.888208,1.2152948,4,5,false,0.49184567,0.14183348,0.8078615,-0.21714902
320,86,15,false,SeatedTalking,Knitwear,1.7778829,0.8389045,7,4,true,2.0478544,0,-1.2662069,-0.25899234
320,87,,false,StandingWalking,Shirt,1.8832922,0.99952716,5,5,false,2.3278055,0,-5.213477,-0.17205906
321,88,13,false,SeatedListening,Knitwear,1.6408854,0.98139066,5,2,false,-0.8271189,0,-0.51791847,0.09313083
321,89,2,false,SeatedListening,Blazer,1.6565131,0.92031646,5,0,false,2.3223672,0,-5.997307,0.86274606
321,90,4,false,SeatedTalking,Blazer,1.5529761,1.0447004,5,7,false,-2.9788628,0,-6.4063644,-0.035865173
321,91,,false,StandingRelaxed,Shirt,1.6683534,1.1230689,6,2,false,1.5539544,0,7.8825507,1.035145
322,80,14,false,SeatedTalking,Blazer,1.740165,1.0861769,3,4,false,2.5487738,0,-1.8332835,-1.0219177
322,81,12,false,SeatedListening,Knitwear,1.556704,1.1018376,1,2,true,0.86474556,0,4.1485653,0.109369844
323,22,,false,StandingReading,Shirt,1.7661642,1.114656,7,2,false,-0.92834836,0,-1.5701847,0.95405316
324,58,1,false,SeatedListening,Shirt,1.6015587,0.9799476,2,4,false,0.99296916,0,-3.186946,0.28746226
324,59,5,false,SeatedTalking,Knitwear,1.6967572,1.077982,5,2,true,1.1514935,0,-1.4115696,-0.9396323
324,60,3,false,SeatedWorking,Blazer,1.6968682,1.1495786,5,4,false,-3.131166,0,-2.1878111,0.3262462
325,25,7,false,SeatedTalking,Shirt,1.534003,1.127866,7,6,false,1.0151484,0,0.254268,-0.71949255
325,26,,false,StandingPresenting,Knitwear,1.9291253,1.0057694,0,2,true,-3.98391,0,-0.79107964,4.690101
326,42,3,false,SeatedListening,Shirt,1.628621,1.078294,6,1,true,-2.060782,0,1.6873957,6.141183
327,50,,false,StandingConversation,Knitwear,1.5238161,1.1453962,4,1,false,-1.7045565,0,0.34085372,-3.047112
328,50,10,false,SeatedTalking,Knitwear,1.7843027,0.8654637,1,1,false,0.7089789,0,1.9272108,2.8529382
328,51,3,false,SeatedListening,Blazer,1.8274423,0.9227368,1,1,false,-0.9996183,0,1.6720785,0.8775594
328,52,15,true,SeatedWorking,Knitwear,1.5121429,0.8722804,0,5,false,-1.7001911,0,4.587731,3.1415927
329,67,12,false,SeatedWorking,Shirt,1.7127954,1.0555195,2,6,false,-2.7049208,0,4.530945,4.7416277
329,68,,false,StandingReading,Blazer,1.5933177,0.90231085,7,3,true,3.2351813,0,-4.835571,2.7176478
330,170,11,false,SeatedTalking,Knitwear,1.7828248,1.1091387,2,6,false,-3.4033995,0,-0.23200417,3.3347583
330,171,22,false,SeatedListening,Knitwear,1.6036537,1.0424733,4,2,false,2.4008238,0,3.0666978,1.4986674
330,172,48,false,SeatedListening,Blazer,1.6528383,1.2179512,4,3,false,-2.8127255,0,6.0292025,2.949544
330,173,46,false,SeatedTalking,Knitwear,1.6874388,1.1487958,2,4,false,-4.274717,0,7.060966,2.6573012
330,174,44,false,SeatedTalking,Knitwear,1.689186,1.0812347,1,2,true,-2.805027,0,9.515748,6.2963085
330,175,36,false,SeatedTalking,Blazer,1.6387413,1.1898538,7,4,false,2.0052028,0,-9.095999,2.9872596
330,176,30,false,SeatedListening,Knitwear,1.7776985,1.1045455,2,3,false,0.72244453,0,1.0308509,4.6322966
330,177,32,false,SeatedTalking,Blazer,1.5975856,0.97088015,3,3,false,3.6446235,0,-7.733609,3.1325524
331,101,20,false,SeatedTalking,Knitwear,1.8982853,1.0481114,0,2,true,-0.6662311,0,8.051588,-0.15382805
331,102,13,false,SeatedTalking,Knitwear,1.5589298,0.9282828,0,4,false,-2.1031935,0,1.6444875,-0.7636636
331,103,41,true,SeatedListening,Shirt,1.5845307,0.86165094,7,3,false,-2.1605139,0,10.104552,3.1415927
331,104,5,false,SeatedTalking,Knitwear,1.6421171,1.1158887,1,2,true,-0.38992485,0,-2.3684561,3.2786486
332,32,,false,StandingRelaxed,Shirt,1.537582,0.903852,1,4,true,-0.6221853,0,0.798526,-1.9571303
333,92,,false,StandingReading,Blazer,1.6150156,0.82288325,0,0,false,2.4964175,0,-1.0685424,-2.9456859
334,172,45,false,SeatedListening,Shirt,1.8416519,0.9727092,1,2,false,-1.6240325,0,0.4239755,1.6078522
334,173,19,false,SeatedWorking,Blazer,1.812311,1.0344412,1,1,false,6.216848,0,-3.8092532,-0.8326926
334,174,21,false,SeatedWorking,Shirt,1.6574228,1.091067,6,5,true,1.988174,0,-3.3758051,0.65475535
334,175,41,false,SeatedListening,Knitwear,1.5464002,1.1434902,5,2,true,-6.469944,0,1.5754461,2.7634113
334,176,23,false,SeatedTalking,Blazer,1.6710873,0.87519467,1,7,false,5.4320464,0,-0.39953148,0.7509264
334,177,,false,StandingReading,Shirt,1.6040398,0.9962695,0,7,false,-2.5751774,0.36681,2.5102994,2.6027362
335,79,13,false,SeatedListening,Blazer,1.6070592,1.0977013,4,7,true,5.304059,0,3.8584673,5.2231493
335,80,7,false,SeatedTalking,Knitwear,1.8110006,0.9074649,4,5,false,-6.168832,0,5.415146,0.0019618869
335,81,11,false,SeatedWorking,Blazer,1.5067403,0.96594274,1,2,true,5.6998076,0,0.47616142,4.6485972
335,82,21,false,SeatedListening,Shirt,1.535146,0.88797563,2,0,false,4.1597176,0,-4.803324,3.6952705
335,83,39,true,SeatedListening,Knitwear,1.5293618,1.1857967,7,0,false,-3.3398643,0,7.1988444,3.1415927
335,84,1,false,SeatedWorking,Knitwear,1.6520655,0.94935584,5,6,false,-6.088198,0,-3.6180212,-0.14943752
336,98,3,false,SeatedListening,Knitwear,1.6057543,1.0658891,2,3,false,-7.1435537,0,-5.96489,2.9867194
336,99,42,false,SeatedTalking,Knitwear,1.8327566,0.8268561,3,6,true,-6.4470606,0,5.758775,-1.11995
336,100,29,false,SeatedTalking,Knitwear,1.6654292,0.93515384,2,5,true,0.22760625,0,-3.7134552,-0.5336924
336,101,33,false,SeatedTalking,Knitwear,1.5291722,1.1748033,1,2,true,-0.39424932,0,4.2770977,3.486401
336,102,,false,StandingRelaxed,Shirt,1.5877743,0.9135661,5,3,false,-2.524729,0,-5.4718776,0.9811733
337,78,42,true,SeatedWorking,Shirt,1.7505101,0.96318305,0,1,true,-2.3260434,0,11.58,3.1415927
337,79,33,false,SeatedTalking,Blazer,1.6800841,1.047736,6,6,false,3.2908118,0,-6.195016,3.0225034
338,59,5,false,SeatedWorking,Shirt,1.5015187,1.0929712,0,2,true,0.3334076,0,0.55181855,2.8084848
338,60,7,false,SeatedWorking,Knitwear,1.7200994,1.1300993,2,0,false,0.17270574,0,-2.1113653,3.0386076
338,61,,false,StandingPresenting,Knitwear,1.560051,0.91919786,7,1,false,-1.614373,0,-1.9473667,3.5177426
339,70,43,true,SeatedListening,Blazer,1.5573407,1.0502772,5,7,false,-2.344976,0,11.58,3.1415927
339,71,24,false,SeatedTalking,Blazer,1.5653623,0.8732854,1,5,false,0.018139318,0,-9.088399,3.0301304
339,72,,false,StandingConversation,Knitwear,1.9460614,0.85280246,7,1,false,3.6099393,0,4.519317,0.5527694
341,67,1,false,SeatedTalking,Knitwear,1.5716333,1.0653337,0,0,false,-0.18577233,0,-1.2401903,2.3753924
341,68,,false,StandingPresenting,Knitwear,1.7127824,0.99737734,3,1,false,-1.6494387,0,-5.905868,3.1486712
342,20,,false,StandingPresenting,Shirt,1.62053,1.0572143,3,6,false,-0.6735855,0,-1.7332404,1.5385506
343,55,,false,StandingRelaxed,Shirt,1.7655246,1.2005315,4,0,false,1.9519775,0,1.5322602,-0.82416415
344,61,14,false,SeatedListening,Shirt,1.8593587,0.98369074,0,0,false,-1.6964118,0,4.4450994,3.4533994
344,62,6,false,SeatedTalking,Shirt,1.9453872,1.0886673,5,3,true,2.3027384,0,-3.2519276,3.1280663
344,63,,false,StandingRelaxed,Blazer,1.6003889,0.86626375,6,4,false,-0.024153838,0,-0.21847379,1.397989
345,35,13,false,SeatedTalking,Shirt,1.5224955,1.080097,1,3,false,1.6939867,0,1.116712,3.386074
345,36,,false,StandingWalking,Blazer,1.9263675,1.0201252,3,4,false,-1.394767,0,1.5282825,-1.9687895
346,61,2,false,SeatedListening,Shirt,1.9160324,1.0328213,1,4,false,-6.1297474,0,-1.4798946,0.8040093
346,62,20,false,SeatedTalking,Shirt,1.7802658,0.8259004,1,6,false,-1.9500064,0,-1.2419236,2.2708802
347,86,25,true,SeatedTalking,Blazer,1.5823113,1.128363,3,0,false,-2.1055708,0,7.0178223,3.1415927
347,87,11,false,SeatedListening,Shirt,1.8757068,0.9333752,2,5,false,-1.4358265,0,1.535952,3.3965082
348,43,7,false,SeatedListening,Shirt,1.5428472,1.0410839,2,4,false,3.1633728,0,-0.47165287,3.1152492
349,90,1,false,SeatedListening,Shirt,1.8164976,0.89530003,0,4,false,2.642498,0,1.3441428,5.1147394
350,50,17,true,SeatedWorking,Blazer,1.8055218,1.1793764,5,1,false,-2.7943473,0,5.1010427,3.1415927
350,51,,false,StandingRelaxed,Blazer,1.52808,0.8518597,1,1,false,-3.6192048,0,-1.0838962,-0.6401508
351,72,1,false,SeatedTalking,Blazer,1.5420573,1.0860099,2,1,true,-1.6763104,0,-4.92803,-1.1736002
351,73,4,false,SeatedListening,Blazer,1.6682246,0.90861833,4,5,false,-1.1225867,0,-3.2908318,-0.08390838
351,74,15,false,SeatedTalking,Shirt,1.9099487,1.024081,5,3,false,-0.55603004,0,6.291091,-1.0005583
351,75,14,false,SeatedTalking,Shirt,1.8423028,1.0692343,4,5,false,-0.1678941,0,3.3953276,2.8560717
352,51,7,false,SeatedListening,Knitwear,1.6443684,1.1370035,6,1,false,2.8263612,0,1.2136643,0.16051766
352,52,5,false,SeatedTalking,Shirt,1.7976086,0.83975255,2,7,false,-0.66251767,0,0.056487143,-0.032307565
352,53,,false,StandingConversation,Blazer,1.7664444,0.9845711,6,7,false,3.7622762,0,-1.4614943,0.15724134
353,47,22,false,SeatedListening,Knitwear,1.6928022,0.9497206,4,3,false,-3.2362568,0,3.7662969,1.6953644
353,48,33,true,SeatedListening,Knitwear,1.5477145,1.2195238,6,4,false,-2.9304128,0,6.9305086,3.1415927
353,49,,false,StandingReading,Shirt,1.7917292,0.85826784,7,5,false,3.6672778,0,-3.918687,-2.6582892
354,84,5,false,SeatedTalking,Shirt,1.715219,0.87637854,2,0,true,-1.8147066,0,4.095187,0.9273801
354,85,14,false,SeatedListening,Knitwear,1.6842219,1.1103137,5,6,false,8.034784,0,1.5812938,1.1800306
355,39,,false,StandingRelaxed,Blazer,1.7439717,1.1040176,7,1,true,1.5584744,0,-1.3886576,-1.7163695
356,53,,false,StandingReading,Blazer,1.5299035,1.2065741,5,7,false,0.50275904,0,-1.2734689,2.0837023
357,64,9,false,SeatedWorking,Blazer,1.5551361,0.9654505,5,0,false,0.81420994,0,1.7797624,0.04233262
357,65,3,false,SeatedTalking,Blazer,1.7022092,1.1027536,3,1,false,0.829581,0,-2.2510931,-0.7084862
358,133,1,false,SeatedWorking,Blazer,1.8169537,1.1006985,2,4,false,1.2493341,0,-0.7331184,2.6030774
359,62,1,false,SeatedListening,Blazer,1.6655034,0.88513184,2,2,false,0.5986164,0,-1.1609533,4.576644
359,63,5,false,SeatedListening,Blazer,1.8810185,1.1861721,2,2,true,1.7750689,0,0.79605824,4.1406574
360,39,,false,StandingConversation,Shirt,1.512084,0.94357735,2,0,false,0.5896959,0,0.12044283,-0.5848303
362,82,4,false,SeatedWorking,Shirt,1.5877404,0.97265965,2,0,false,0.15955752,0,-1.9088967,1.6520314
362,83,8,false,SeatedListening,Knitwear,1.7867388,1.0957994,7,4,true,5.0438232,0,-2.4872804,2.1695998
362,84,,false,StandingReading,Shirt,1.5600698,0.9781697,7,6,false,-7.756648,0,2.4756198,0.5215416
364,68,3,false,SeatedWorking,Knitwear,1.7185471,0.8592845,0,4,false,-0.9180123,0,-1.7074608,1.7686992
364,69,20,false,SeatedListening,Knitwear,1.8458493,0.93279845,1,3,true,3.1455495,0,1.386176,3.3365908
365,54,13,false,SeatedTalking,Shirt,1.8324234,0.85585517,5,1,false,3.4241886,0,-1.442725,3.2173061
366,34,,false,StandingConversation,Knitwear,1.7721817,1.1511978,2,5,true,1.2533457,0,-0.48964372,-0.32464075
368,49,5,false,SeatedTalking,Shirt,1.5995908,0.89778847,6,0,false,0.096592605,0,-1.0429394,1.646262
368,50,1,false,SeatedWorking,Shirt,1.7961895,0.8640696,6,6,false,-1.5592847,0,0.6710241,4.1437187
368,51,,false,StandingRelaxed,Shirt,1.881614,0.90227497,4,6,false,-1.1888125,0,2.2685347,1.1385038
369,25,2,false,SeatedTalking,Shirt,1.5151179,1.1468273,1,0,false,-1.28669,0,1.7386264,1.4683132
369,26,,false,StandingPresenting,Shirt,1.6070396,1.1726608,4,0,true,-2.115265,0,-2.519976,-0.501071
370,27,,false,StandingConversation,Knitwear,1.5118845,0.84462494,4,2,false,-1.114059,0,-2.2915082,-0.97694874
372,30,,false,StandingWalking,Shirt,1.7288061,0.85259336,6,5,true,-1.7410569,-0.33544463,-0.930467,0.27857566
373,94,28,false,SeatedWorking,Shirt,1.5911592,0.86874217,5,0,false,3.9551554,0,-5.3056808,0.5551795
373,95,18,false,SeatedWorking,Blazer,1.6386198,1.0182233,7,1,true,3.1266646,0,8.077949,0.3936637
373,96,32,false,SeatedWorking,Shirt,1.5627565,1.0059171,2,4,false,4.4764643,0,-0.89535105,-0.010114044
373,97,34,false,SeatedWorking,Blazer,1.6462395,0.96209466,0,6,false,4.6618333,0,6.114488,0.6197617
373,98,30,false,SeatedTalking,Shirt,1.6490659,1.1098462,0,7,false,-0.0863266,0,6.577164,0.2556064
374,44,15,false,SeatedListening,Knitwear,1.6574322,1.1072023,7,0,true,-2.7093234,0,-3.8556936,0.2713083
374,45,11,false,SeatedListening,Knitwear,1.5992415,0.91898304,0,0,true,-2.3888814,0,1.663824,0.5727961
374,46,3,false,SeatedTalking,Blazer,1.6730971,1.1086462,5,0,true,0.017760456,0,-4.3450766,1.3463259
374,47,,false,StandingReading,Knitwear,1.8564341,1.0502653,4,5,false,2.245789,0,-1.4322615,0.55169463
375,34,6,false,SeatedListening,Knitwear,1.5872467,1.0077592,1,5,false,2.2392693,0,-2.503424,1.8482927
375,35,,false,StandingConversation,Blazer,1.632732,1.0397918,3,3,false,-1.5383314,0,2.4195151,-1.5215337
376,70,7,false,SeatedTalking,Knitwear,1.8024446,0.9052306,3,1,false,0.9223745,0,0.9063134,3.350831
376,71,8,false,SeatedTalking,Knitwear,1.7373182,0.8881178,3,7,true,-0.56788397,0,2.56883,4.2381344
378,67,9,false,SeatedTalking,Shirt,1.6482403,0.8630181,5,4,false,-0.78414035,-0.26764187,-0.8548889,0.5886499
378,68,11,false,SeatedTalking,Knitwear,1.9237931,0.9619611,1,0,true,2.8845713,0,2.5629513,0.9800129
378,69,3,false,SeatedWorking,Shirt,1.8133682,0.955644,4,5,true,1.6002184,-0.26764187,-1.3304071,-1.0530577
379,99,11,false,SeatedListening,Shirt,1.5545748,0.8469675,0,3,false,3.0904288,0,2.589312,1.6225195
379,100,32,true,SeatedTalking,Blazer,1.5880762,1.0460688,2,6,false,-3.3406732,0,7.039952,3.1415927
379,101,,false,StandingConversation,Shirt,1.5978802,1.1335744,3,1,false,-4.007963,0,-3.2659245,-1.2195402
380,25,0,false,SeatedTalking,Blazer,1.6526554,0.9818019,4,6,false,-0.37397736,-0.24321805,-0.6140785,4.9520154
380,26,,false,StandingReading,Shirt,1.6340233,1.1949701,7,5,false,2.085346,0,-0.35701934,2.4076421
381,55,1,false,SeatedTalking,Knitwear,1.8175986,0.8769211,3,0,true,1.6211711,0,-2.739875,2.8927696
381,56,6,false,SeatedListening,Knitwear,1.5759672,1.1549568,0,6,false,1.9124568,0,-1.537472,3.0167515
381,57,,false,StandingRelaxed,Blazer,1.9209566,0.95871645,0,0,false,-2.1810539,0,3.4359126,0.09783101
382,23,,false,StandingConversation,Blazer,1.7904255,1.2177117,3,6,false,-0.6876478,0,2.1420581,-0.8986671
383,29,5,false,SeatedListening,Shirt,1.877777,0.9248979,7,7,false,-0.3328271,0,-1.6433297,4.872405
384,81,12,false,SeatedListening,Knitwear,1.804531,0.86309034,7,7,true,1.0057129,0,-1.7655084,1.9966745
384,82,3,false,SeatedTalking,Blazer,1.632802,1.2006476,3,3,false,0.6053184,0,-5.8164053,3.5435781
384,83,,false,StandingPresenting,Shirt,1.7345885,0.88963056,1,3,false,-2.8533885,0,-2.6702905,-1.0538292
385,19,,false,StandingRelaxed,Knitwear,1.8689387,1.003989,0,0,true,2.9608939,0,0.055362247,-0.26641536
386,83,20,false,SeatedListening,Knitwear,1.5978609,1.0328525,1,4,false,3.0654402,0,-2.1310134,2.9188902
386,84,7,false,SeatedTalking,Blazer,1.7132323,1.1876347,4,4,false,-1.7809545,0,-5.1593447,1.8133055
386,85,,false,StandingRelaxed,Blazer,1.9205996,1.025043,3,1,false,0.55268663,0,-3.1965399,1.4694111
387,59,29,true,SeatedListening,Knitwear,1.5427291,0.92821556,0,7,true,-4.3206234,0,5.360751,3.1415927
387,60,11,false,SeatedListening,Knitwear,1.5316854,0.8823316,3,5,false,1.2753677,0,2.9650698,1.4782196
387,61,18,false,SeatedListening,Blazer,1.9221213,0.8469834,6,0,false,4.9386396,0,0.13401842,0.30604511
389,104,4,false,SeatedWorking,Knitwear,1.8065987,0.98514384,5,0,true,-4.3840857,0,2.6267,-0.32742512
389,105,31,false,SeatedWorking,Blazer,1.7054849,0.9099922,5,3,false,5.945966,0,1.1694083,0.79051423
389,106,12,false,SeatedListening,Knitwear,1.6164774,1.1196078,5,0,false,-6.469316,0,-0.5883022,0.033417687
389,107,10,false,SeatedTalking,Knitwear,1.5303375,1.1575166,6,2,false,-3.7254238,0,-4.53497,-0.2522605
390,97,12,false,SeatedListening,Blazer,1.6894231,0.91637135,5,0,true,-3.3571575,0,2.057726,3.178607
390,98,52,true,SeatedTalking,Blazer,1.7271209,1.2130281,0,4,true,-3.1028693,0,10.342132,3.1415927
391,114,23,false,SeatedTalking,Shirt,1.6019567,1.0353689,6,4,true,1.034796,0,-2.1562905,2.7091713
391,115,27,false,SeatedTalking,Shirt,1.6830522,1.1734177,6,3,false,1.4811424,0,1.6560205,3.6547117
391,116,38,true,SeatedWorking,Knitwear,1.6465498,1.1608099,5,2,true,-2.145578,0,9.842033,3.1415927
391,117,25,false,SeatedWorking,Shirt,1.6817759,0.84710175,7,6,false,-3.0035644,0,2.6755424,3.3312192
392,66,,false,StandingWalking,Knitwear,1.6880816,0.8508177,4,1,false,-3.1226676,0,2.0696921,1.6793616
393,128,15,false,SeatedListening,Knitwear,1.7934357,0.9421556,1,4,true,-6.0528975,0,-1.6909919,0.002161026
393,129,3,false,SeatedListening,Shirt,1.5755824,1.1952382,6,3,false,0.19602159,0,-5.4514904,0.42699623
393,130,32,false,SeatedListening,Knitwear,1.8702202,0.8446574,4,1,true,2.3047814,0,3.9374242,7.8389864
393,131,48,true,SeatedWorking,Knitwear,1.724518,0.9547532,5,4,true,-3.3759859,0,8.890634,3.1415927
394,49,4,false,SeatedWorking,Blazer,1.5904497,1.1885451,3,5,false,0.58373886,0,0.7077713,0.5643041
394,50,3,false,SeatedTalking,Blazer,1.7636786,1.1053243,0,2,false,-0.4926481,0,-1.3524673,3.596424
394,51,,false,StandingConversation,Knitwear,1.8949212,0.83673626,0,7,false,-1.7982225,0,-0.30446324,-0.0439806
395,28,9,true,SeatedTalking,Knitwear,1.7787496,0.93466526,5,1,false,-2.0517323,0,6.161138,3.1415927
396,145,5,false,SeatedListening,Knitwear,1.7712619,1.093084,4,3,true,-1.8727515,0,-4.4096384,-0.52187985
396,146,31,false,SeatedListening,Shirt,1.5348562,0.82186943,7,7,false,1.0611484,0,6.1530232,1.1242962
396,147,33,false,SeatedListening,Blazer,1.6723384,0.919079,3,5,true,3.4411516,0,-1.9769282,0.276165
396,148,,false,StandingReading,Shirt,1.5611638,1.0474737,0,5,false,0.15509573,0,4.2633452,2.996269
397,81,1,false,SeatedWorking,Blazer,1.6529157,1.0661781,5,3,false,-6.7730274,0,-2.1997957,5.5040035
397,82,4,false,SeatedTalking,Blazer,1.5750415,0.84259665,4,1,false,-6.9323444,0,-0.08990872,5.4008327
397,83,19,false,SeatedWorking,Shirt,1.5314696,1.1156018,7,3,false,4.337854,0,-3.869092,2.5373638
397,84,28,false,SeatedTalking,Shirt,1.6838459,1.0780497,1,7,false,0.70307696,0,4.1237707,-1.2745377
398,63,10,false,SeatedTalking,Blazer,1.541434,1.0063686,4,7,true,-0.11640698,0,4.3063545,3.3941686
398,64,,false,StandingReading,Blazer,1.7364753,1.0478456,1,1,true,0.5426918,0,0.39652565,-2.7968786
399,46,,false,StandingPresenting,Blazer,1.9128745,0.83899045,4,6,true,-1.1196188,0,2.8624313,0.8909943
400,27,1,false,SeatedTalking,Blazer,1.7161884,0.8397412,5,1,false,-2.007205,0,-1.0949228,0.34881514
400,28,,false,StandingRelaxed,Blazer,1.5300777,1.1405562,7,6,true,-2.7333457,0,1.8637362,0.50319886
401,55,14,true,SeatedTalking,Knitwear,1.5833318,0.8409142,0,3,false,-2.128884,0,4.6326594,3.1415927
401,56,,false,StandingRelaxed,Shirt,1.6219366,1.1139282,7,5,false,-1.7827058,0,1.0619473,2.9360268
402,39,9,false,SeatedWorking,Blazer,1.736218,1.0253062,5,6,false,-2.5341613,0,1.5702878,4.6687055
402,40,,false,StandingWalking,Knitwear,1.846849,0.9243198,2,0,false,1.6216364,0,-2.3987577,-1.2418152
403,54,7,false,SeatedWorking,Shirt,1.6135806,1.1281115,2,0,true,2.1149368,0,1.132107,0.78483087
403,55,,false,StandingReading,Blazer,1.8386581,1.0011711,4,2,false,-2.6743999,0,-2.6415389,0.53546643
404,50,1,false,SeatedListening,Blazer,1.7372878,0.9909581,3,4,false,0.81434596,0,2.7349505,6.58645
406,56,5,false,SeatedListening,Knitwear,1.7054263,1.1992273,7,1,false,2.061502,0,1.6108038,5.5419693
407,71,4,false,SeatedTalking,Shirt,1.6422566,0.9298852,1,4,false,-5.9341445,0,0.14373803,3.9987283
407,72,2,false,SeatedListening,Knitwear,1.55468,1.1732423,3,1,true,-4.5697603,0,1.8624251,5.024968
408,111,29,false,SeatedTalking,Knitwear,1.8602421,0.96188605,7,0,false,-2.701296,0,4.237673,-1.5184685
408,112,,false,StandingPresenting,Knitwear,1.7264653,0.8265029,7,6,true,2.4807408,0,3.6737025,1.976651
409,56,3,false,SeatedWorking,Blazer,1.5287238,1.0365621,7,2,false,-4.91836,0,-1.4440874,0.8822107
409,57,19,false,SeatedWorking,Knitwear,1.7372518,0.93066394,0,1,true,-3.4173913,0,-2.389267,1.7150345
410,44,5,false,SeatedListening,Shirt,1.551976,1.0494721,5,1,false,1.42771,0,-0.37896776,-0.22095132
410,45,,false,StandingWalking,Shirt,1.9342736,1.1383305,7,4,false,-0.6447226,0,-0.21425089,-2.1434588
411,55,16,true,SeatedWorking,Shirt,1.8019129,1.1745814,4,3,false,-1.4561205,0,6.034953,3.1415927
411,56,11,false,SeatedTalking,Blazer,1.5502156,0.9491441,6,0,false,-0.94295007,0,0.9378513,4.9148297
412,58,9,false,SeatedListening,Blazer,1.6491723,0.9457253,7,6,true,-1.2826717,0,1.0001305,0.4700011
412,59,30,true,SeatedListening,Shirt,1.5178734,1.1253384,4,2,false,-2.0823374,0,8.602927,3.1415927
412,60,,false,StandingRelaxed,Blazer,1.816853,1.0216073,7,7,false,1.4325664,0,-4.706747,-0.40493584
413,100,4,false,SeatedListening,Knitwear,1.5839136,1.0102968,4,6,false,-3.2866006,0,-5.641136,0.62172383
413,101,,false,StandingReading,Knitwear,1.543842,0.82957995,0,2,false,0.3426557,0,4.6210194,-2.3491082
414,138,7,false,SeatedTalking,Shirt,1.7495633,1.1086291,2,5,false,-2.3614516,0,-3.8764272,-0.24599123
414,139,11,false,SeatedWorking,Shirt,1.6043603,0.836564,4,6,false,-2.9333677,0,2.4155462,5.2534604
414,140,20,false,SeatedTalking,Shirt,1.7941866,0.87551403,7,6,false,0.79042983,0,-4.8714666,4.106252
414,141,31,false,SeatedWorking,Blazer,1.6815674,0.94811904,5,3,false,2.255583,0,3.2484572,4.398221
415,35,10,false,SeatedTalking,Shirt,1.6601677,1.0717782,4,5,true,0.3969906,0,-3.1885629,0.11935738
415,36,14,false,SeatedTalking,Shirt,1.8677125,1.0499687,1,6,true,3.6985915,0,1.862255,1.3236678
415,37,,false,StandingReading,Shirt,1.616501,0.9970208,3,5,false,3.9482715,0,-2.0869453,-2.3500721
416,30,,false,StandingReading,Knitwear,1.662102,0.94319576,0,3,false,-1.9439609,0,1.5101959,-0.2208221
417,76,33,true,SeatedListening,Knitwear,1.5480721,1.0420613,5,5,false,-2.4921463,0,7.257682,3.1415927
419,36,8,false,SeatedWorking,Shirt,1.847759,0.8633303,6,3,false,1.3481367,0,0.8800954,2.4229097
419,37,3,false,SeatedWorking,Shirt,1.5571703,1.0548918,0,2,true,0.6218137,0,-1.4304976,1.096777
420,56,17,false,SeatedWorking,Blazer,1.7642024,0.88447386,7,6,false,5.394256,0,1.8252923,1.5679369
420,57,1,false,SeatedListening,Shirt,1.5372176,1.0440311,2,0,true,-5.050926,0,2.3003302,4.5041633
420,58,29,true,SeatedTalking,Blazer,1.8537135,1.0365435,6,1,false,-2.8521154,0,6.1413846,3.1415927
421,130,0,false,SeatedTalking,Blazer,1.6440482,1.1577783,3,4,true,-4.6881146,0,-4.064682,1.7282078
421,131,40,false,SeatedListening,Knitwear,1.5185509,1.0489732,3,4,false,-5.910035,0,2.0064335,0.3904378
421,132,7,false,SeatedWorking,Knitwear,1.6576505,1.0529382,6,3,false,0.09288031,0,-4.241889,1.6805091
422,96,9,false,SeatedListening,Shirt,1.6256438,1.1052909,0,4,true,-2.7199173,0,-5.470654,3.0425568
422,97,14,false,SeatedWorking,Blazer,1.7187427,0.8689032,7,3,false,5.277879,0,-4.4636736,6.8925695
422,98,12,false,SeatedListening,Blazer,1.8647567,1.1909355,6,0,false,4.5888,0,-6.119132,2.4690974
422,99,,false,StandingRelaxed,Shirt,1.5188265,0.8762742,4,0,false,-1.2892888,0,-4.6280956,1.9383113
423,54,1,false,SeatedWorking,Shirt,1.6851083,0.93230474,4,3,false,1.312636,0,0.90765995,0.07213846
423,55,11,false,SeatedTalking,Knitwear,1.7859067,0.87230545,5,5,false,1.1890919,0,4.150321,-0.02205646
424,51,1,false,SeatedListening,Blazer,1.5747814,0.9065627,6,1,true,0.40749478,0,-1.3452232,4.909118
424,52,3,false,SeatedListening,Blazer,1.7324654,0.99897677,1,1,false,2.1224475,0,-1.0662429,3.4182816
424,53,,false,StandingPresenting,Shirt,1.5363883,1.1992543,5,7,true,-3.1796274,0,-0.1260825,-1.8070774
425,112,14,false,SeatedWorking,Knitwear,1.5414513,0.9202393,5,2,false,1.4073786,0,-3.3031006,2.7275817
425,113,24,false,SeatedListening,Blazer,1.6744804,1.078913,4,4,false,4.0680504,0,1.9341567,2.8059015
425,114,10,false,SeatedListening,Shirt,1.6747415,1.0312629,0,2,true,-2.193602,0,-4.798557,4.2145
425,115,20,false,SeatedListening,Knitwear,1.7070066,1.1979449,2,0,false,3.7161334,0,-3.4969687,3.414384
427,49,2,false,SeatedListening,Knitwear,1.5340941,0.8980657,0,0,false,1.0927601,0,1.8597946,6.370122
427,50,,false,StandingRelaxed,Knitwear,1.554955,0.86034054,7,5,true,-1.8625232,0,-3.939348,2.976689
428,73,16,false,SeatedTalking,Blazer,1.8420794,1.1822909,2,3,false,4.226977,0,1.4729543,1.974726
428,74,13,false,SeatedListening,Knitwear,1.7527975,1.1685495,0,3,false,2.3379412,0,-2.037593,0.41801178
428,75,,false,StandingReading,Blazer,1.8326695,0.84497994,6,5,false,-4.65799,0,-2.2120354,1.7515328
430,38,15,false,SeatedTalking,Knitwear,1.81728,0.8846632,4,4,false,5.469533,0,-1.9660338,3.1449823
430,39,3,false,SeatedWorking,Shirt,1.520231,1.0787227,4,2,false,-5.971153,0,1.1538656,4.5675044
430,40,,false,StandingPresenting,Knitwear,1.8399491,1.0801525,1,6,false,1.6270076,-0.3894588,0.21745303,-0.29740572
431,37,13,false,SeatedTalking,Blazer,1.6653452,1.1235915,0,5,false,1.4916134,0,0.35335404,2.1136792
431,38,5,false,SeatedWorking,Blazer,1.6675986,1.1730877,7,5,true,0.60585004,0,-3.6586285,1.399312
431,39,3,false,SeatedWorking,Shirt,1.613369,0.9951441,3,6,false,1.9547122,0,2.6176326,1.262997
433,85,7,false,SeatedWorking,Blazer,1.6557626,0.95147085,3,2,false,-2.2382832,0,0.3349408,5.2552133
433,86,9,false,SeatedListening,Blazer,1.9335725,0.82351476,3,4,false,-2.7272875,0,-1.2468873,4.870653
433,87,13,false,SeatedListening,Shirt,1.596042,0.9987018,5,3,false,2.369134,0,3.4508348,1.1205187
434,60,20,false,SeatedTalking,Blazer,1.5683752,1.1914455,2,6,false,3.5007043,0,1.3661478,0.24864903
434,61,14,false,SeatedWorking,Shirt,1.5729545,1.1453933,3,0,false,-2.2512002,0,1.0147262,-0.47079515
434,62,,false,StandingConversation,Shirt,1.8527272,1.1115192,5,6,false,-5.87076,0,-3.1158793,2.6824973
435,55,2,false,SeatedWorking,Blazer,1.6022455,1.1241112,0,1,true,-0.56638587,0,-1.9987005,1.8515041
436,87,34,false,SeatedWorking,Blazer,1.5869352,1.1060561,2,2,true,4.6980643,0,-1.4045596,0.95297587
437,59,11,false,SeatedWorking,Shirt,1.5550582,1.0238798,0,4,false,1.3108165,0,3.8128805,0.7501899
437,60,1,false,SeatedListening,Blazer,1.5946499,1.1328163,1,5,false,-4.482362,0,-1.6668562,-0.3104044
437,61,7,false,SeatedListening,Knitwear,1.6776086,1.2082509,3,0,true,3.2024078,0,1.3785044,0.58195126
437,62,,false,StandingConversation,Knitwear,1.7554948,0.9815903,5,3,false,2.2136803,0,-1.2259753,0.888335
438,59,16,false,SeatedTalking,Blazer,1.8174231,0.9360068,2,0,false,4.460957,0,-3.4095762,4.249756
438,60,8,false,SeatedListening,Knitwear,1.6178291,1.0673611,7,1,true,0.55810416,0,-0.74514717,2.9299946
438,61,6,false,SeatedWorking,Blazer,1.9329126,0.8363268,7,3,false,2.0508857,0,0.33406836,1.8648864
438,62,,false,StandingRelaxed,Blazer,1.5154048,0.9419036,5,7,false,5.3202047,0,-2.2339125,-0.5243151
439,119,17,false,SeatedListening,Shirt,1.6222336,1.2165536,6,3,true,-4.153794,0,-1.887833,5.246128
439,120,19,false,SeatedTalking,Knitwear,1.8724458,0.842539,3,3,false,-0.51295793,0,8.039703,5.097009
439,121,25,false,SeatedWorking,Shirt,1.6564187,1.1720507,6,3,false,2.2847118,0,9.023058,5.4074817
439,122,,false,StandingRelaxed,Knitwear,1.575886,1.0360411,6,1,true,3.9028628,0,3.5620651,-0.028707504
440,37,11,false,SeatedWorking,Blazer,1.8234011,0.96177185,1,6,false,1.6611186,0,1.5415702,2.8846726
440,38,9,false,SeatedListening,Shirt,1.6208571,1.0756555,5,0,false,-1.4747295,0,1.6033235,2.3780835
440,39,,false,StandingReading,Shirt,1.7938071,0.937122,5,7,true,0.28998893,0,2.2878408,-1.287308
441,43,6,false,SeatedListening,Shirt,1.5805774,1.0830969,3,7,false,0.49577552,0,2.0989766,-0.51224387
441,44,11,true,SeatedTalking,Blazer,1.7655528,1.0564203,6,1,false,-1.2699541,0,5.4495325,3.1415927
441,45,,false,StandingRelaxed,Blazer,1.7372359,0.8287851,6,6,true,0.072242945,0,-2.9609919,-0.8128247
442,32,2,false,SeatedTalking,Knitwear,1.8109908,0.9981961,0,5,true,0.10568036,0,0.8056013,5.2799106
443,98,28,false,SeatedTalking,Knitwear,1.7013713,1.1524761,2,4,false,-6.4700804,0,2.87421,2.37133
443,99,7,false,SeatedTalking,Shirt,1.6660272,0.9256149,5,3,false,1.9994444,0,2.9362125,2.0582826
443,100,,false,StandingWalking,Shirt,1.7689484,1.1033721,2,1,true,-4.346664,0,3.7282896,-1.0918243
444,101,13,false,SeatedTalking,Shirt,1.6729709,1.0658956,7,7,false,2.6735616,0,1.1438541,4.6382556
444,102,32,true,SeatedListening,Knitwear,1.7868978,1.091346,2,1,false,-4.17973,0,5.873957,3.1415927
444,103,,false,StandingPresenting,Blazer,1.8246455,1.2034501,1,2,true,-2.701533,0,1.4220502,1.7000067
445,34,,false,StandingRelaxed,Knitwear,1.5444825,1.2040067,5,6,true,-1.4658526,0,1.862586,1.7809765
446,54,14,false,SeatedWorking,Knitwear,1.729164,0.8865989,5,2,true,2.0481024,0,2.6250262,-0.31750768
447,49,1,false,SeatedWorking,Knitwear,1.5352439,1.0479814,6,6,true,-2.7897704,0,-3.700178,0.42126393
447,50,13,false,SeatedListening,Blazer,1.7967513,0.92538416,1,2,false,2.9046805,0,-0.2382083,-0.3068139
447,51,15,false,SeatedListening,Knitwear,1.5602258,1.0230068,7,4,false,2.0934231,0,-3.9327073,-0.52809644
447,52,,false,StandingReading,Blazer,1.8582904,0.8675423,4,0,false,-0.100972384,0,-0.39036456,-2.0821729
448,38,9,false,SeatedListening,Blazer,1.5283147,1.0472661,0,2,false,-1.9303654,0,3.6099691,2.9167194
448,39,11,false,SeatedListening,Shirt,1.7047791,1.0766305,4,6,false,-3.3846285,0,-0.5047704,1.5631008
448,40,,false,StandingConversation,Shirt,1.76069,0.85147434,4,6,true,-3.4833336,0,0.74886125,-0.46751142
449,94,1,false,SeatedWorking,Blazer,1.5338274,1.0807884,7,4,false,-5.796948,0,1.3251733,1.904433
449,95,,false,StandingWalking,Blazer,1.8981564,1.1487291,2,3,false,-1.3229703,0.30423754,-0.3463613,-2.9577637
450,67,19,true,SeatedWorking,Knitwear,1.7905098,0.82194096,6,6,true,-2.0295413,0,5.946234,3.1415927
453,52,1,false,SeatedTalking,Blazer,1.7728386,1.0527294,0,2,false,-0.28214404,0,-3.6473575,3.030127
453,53,,false,StandingConversation,Knitwear,1.8059156,0.8938925,5,2,false,0.23490307,0,-1.7227917,-1.2243541
455,33,12,true,SeatedWorking,Shirt,1.8378985,1.1371758,4,7,false,-1.5897369,0,4.998771,3.1415927
456,75,18,false,SeatedTalking,Knitwear,1.7192247,1.119177,3,2,false,3.2464385,0,-1.5325629,3.7981346
456,76,,false,StandingWalking,Shirt,1.6095897,1.0732623,6,4,false,1.5262092,0,3.4023054,-2.2949154
458,25,1,false,SeatedListening,Blazer,1.8574077,1.1691422,6,7,false,-1.2470882,0,0.67166424,-1.0008869
458,26,,false,StandingConversation,Blazer,1.5908461,0.9095116,0,2,true,2.9645665,0,-1.2176481,2.3373845
459,51,19,false,SeatedWorking,Shirt,1.9257413,1.071582,2,0,false,3.692779,0,3.1434653,1.6759621
459,52,1,false,SeatedTalking,Knitwear,1.8835645,0.88084173,1,7,true,1.8749795,0,-1.6970074,3.3712301
459,53,17,false,SeatedWorking,Shirt,1.6027918,1.1511905,7,7,true,1.4798536,0,2.8802724,3.37989
459,54,30,true,SeatedWorking,Shirt,1.611982,1.0115587,4,0,true,-2.590929,0,7.7724805,3.1415927
460,62,19,false,SeatedTalking,Blazer,1.7904277,1.141389,1,1,false,2.1600704,0,5.5475693,4.239068
460,63,10,false,SeatedWorking,Shirt,1.8345535,1.0460467,2,0,false,-2.5808794,0,3.1952546,0.03302796
461,42,3,false,SeatedTalking,Shirt,1.7433993,1.0570565,5,2,false,-1.7981685,0,0.32971734,-0.85083616
461,43,15,true,SeatedTalking,Blazer,1.743747,0.9402211,5,5,false,-1.3572633,0,6.000741,3.1415927
462,39,7,false,SeatedTalking,Shirt,1.5164441,1.1088595,3,7,true,1.099368,0,-2.5037467,2.8257792
462,40,3,false,SeatedTalking,Knitwear,1.584583,1.1771417,2,6,true,-0.39655337,0,-3.4745483,3.4686947
462,41,,false,StandingReading,Shirt,1.5045553,1.1699753,2,6,false,2.5720494,0,-1.6858002,0.9022076
463,59,7,false,SeatedListening,Blazer,1.7583628,0.9922756,3,6,false,-2.1876915,0,0.14946067,3.5418584
463,60,10,false,SeatedWorking,Blazer,1.6349288,1.0712385,4,0,false,5.8787813,0,0.5374774,1.685303
464,89,2,false,SeatedListening,Blazer,1.7657971,1.0832995,2,2,false,2.2221334,0,1.3744862,2.9757771
464,90,5,false,SeatedWorking,Blazer,1.536458,1.0961632,4,3,true,4.515096,0,-1.6920373,3.6066477
464,91,3,false,SeatedListening,Blazer,1.5077093,0.8398693,0,7,false,-0.6713512,0,1.5687753,3.3248763
465,25,5,false,SeatedWorking,Shirt,1.5786952,1.1068177,2,6,true,0.08344716,0.44055355,-1.9017379,2.8092966
465,26,0,false,SeatedListening,Knitwear,1.8953167,0.9356053,5,6,true,1.7077372,0,-0.46428072,3.097267
466,109,27,false,SeatedListening,Blazer,1.7336215,0.949595,3,6,false,3.092862,0,0.15259346,1.3285859
466,110,,false,StandingReading,Blazer,1.5853192,1.213579,7,6,false,-1.496832,0,1.0971726,1.8170836
467,40,15,false,SeatedWorking,Blazer,1.6610405,1.0051028,1,4,false,3.1381078,0,1.7405894,1.5964977
467,41,1,false,SeatedTalking,Knitwear,1.6365141,1.1354446,1,6,false,-3.9874356,0,0.14728507,1.0722218
467,42,,false,StandingRelaxed,Shirt,1.8266587,1.0211353,4,5,false,-2.7415934,0,-1.4199183,2.8875139
468,142,43,false,SeatedListening,Knitwear,1.8389364,0.91573405,2,3,false,5.2501764,0,2.0408907,-0.18212867
468,143,,false,StandingWalking,Shirt,1.6573032,1.0315228,4,0,false,-0.9163801,0,4.716937,1.3849819
470,82,21,false,SeatedWorking,Shirt,1.7059615,1.0159236,0,2,true,3.4735763,0,5.4958315,0.14949721
470,83,8,false,SeatedTalking,Blazer,1.7581303,0.9909412,5,0,true,-1.7080047,0,1.4457121,-0.64873767
470,84,,false,StandingWalking,Knitwear,1.5513489,1.0964963,5,0,false,-0.657188,0,3.682299,-1.681962
471,44,21,true,SeatedTalking,Blazer,1.6818057,1.1556519,1,3,true,-2.3996332,0,4.947753,3.1415927
471,45,9,false,SeatedListening,Blazer,1.5866804,0.9681554,6,0,true,4.6473045,0,1.8638718,1.4141839
471,46,15,false,SeatedListening,Blazer,1.6292182,1.1313591,0,7,true,0.015419826,0,-1.0534914,-0.30919084
471,47,7,false,SeatedWorking,Shirt,1.5619309,1.0888944,4,2,false,4.68326,0,-1.242562,1.3060886
472,50,23,true,SeatedTalking,Blazer,1.672889,1.1117364,3,2,false,-1.9407811,0,7.087212,3.1415927
472,51,3,false,SeatedListening,Shirt,1.8939283,0.92357624,0,4,false,2.0265965,0,-3.3124416,4.058373
472,52,17,false,SeatedTalking,Shirt,1.8326609,0.82746756,5,5,false,2.1533103,0,4.932283,1.9422927
473,40,,false,StandingRelaxed,Shirt,1.6963747,0.8784461,0,6,false,3.9462566,0,-1.9092417,0.055597067
474,95,7,false,SeatedTalking,Knitwear,1.5201881,0.83872086,5,4,true,8.402799,0,-0.8435695,1.6048156
474,96,17,false,SeatedTalking,Knitwear,1.7621996,0.98402447,0,6,true,7.021476,0,1.5146184,2.8850818
474,97,27,false,SeatedListening,Knitwear,1.5594784,1.1062524,6,2,false,-8.613004,0,4.0020742,5.822921
474,98,40,true,SeatedTalking,Shirt,1.5537982,1.043819,2,3,false,-4.1297235,0,6.044957,3.1415927
475,39,,false,StandingWalking,Knitwear,1.5185481,1.1897409,0,4,false,0.5216683,0,1.420109,-2.3129988
476,77,18,false,SeatedTalking,Blazer,1.6996884,0.99353266,6,5,false,-2.7387583,0,0.23191184,0.30962825
476,78,20,false,SeatedListening,Knitwear,1.7355326,1.0164895,1,5,true,-0.7576171,0,0.5470544,0.34227365
477,31,9,true,SeatedWorking,Knitwear,1.6381308,1.0966415,5,4,false,-1.232,0,5.117294,3.1415927
477,32,,false,StandingPresenting,Knitwear,1.5661036,1.0745522,7,5,false,-0.6559893,-0.24210736,0.8369027,-1.8661978
478,124,47,false,SeatedListening,Shirt,1.7777121,0.8738773,1,6,true,5.5766616,0,3.911199,0.016038477
479,57,7,false,SeatedListening,Knitwear,1.8033073,1.0309272,0,7,false,-1.9982827,0,1.8988731,3.6573386
479,58,5,false,SeatedTalking,Shirt,1.5052652,1.0873706,4,0,false,0.23609102,0,-2.2499173,4.447418
479,59,3,false,SeatedTalking,Knitwear,1.6632077,0.8467235,4,4,true,2.5856988,0,-2.506213,2.7086616
479,60,,false,StandingWalking,Shirt,1.7811707,1.2153322,3,4,true,-2.8367412,0,-0.49599218,-2.9794686
480,83,18,false,SeatedTalking,Knitwear,1.5062968,0.9302217,4,1,false,3.346681,0,-0.22946924,-1.0284377
480,84,,false,StandingReading,Blazer,1.6320069,1.0145948,1,5,true,0.024348544,0,-0.14116432,1.8170316
481,29,8,false,SeatedListening,Shirt,1.7215111,1.0496955,0,3,true,2.8546402,0,0.47576177,2.600441
483,23,,false,StandingWalking,Shirt,1.837237,1.010991,4,7,false,0.549964,0,-1.7945788,3.1155474
484,59,7,false,SeatedTalking,Knitwear,1.916317,0.8274441,2,4,false,-4.7258544,0,-1.5553858,4.9668927
484,60,1,false,SeatedTalking,Blazer,1.7522324,1.1403944,3,0,true,2.4637537,0,-0.65957326,5.1982226
484,61,11,false,SeatedListening,Shirt,1.658194,0.9232437,4,1,false,-3.8493814,0,0.03357786,5.1624007
485,83,14,false,SeatedWorking,Shirt,1.6498773,0.87556916,3,6,false,1.5958272,0,1.5183742,3.379578
485,84,1,false,SeatedWorking,Shirt,1.7466815,1.0009409,2,6,true,-3.412012,0,-2.787078,4.6098514
485,85,5,false,SeatedTalking,Knitwear,1.7754323,0.84500885,4,5,true,-1.4887264,0,-6.1853337,2.8407745
486,114,41,true,SeatedListening,Blazer,1.7911485,1.2119257,3,3,false,-3.3769815,0,9.31311,3.1415927
486,115,30,false,SeatedListening,Blazer,1.8291073,1.0465336,3,2,false,-3.1554127,0,6.845867,-0.22851488
486,116,1,false,SeatedListening,Blazer,1.7428329,0.93822217,2,5,false,-4.2901244,0,-1.3461691,0.91058636
486,117,19,false,SeatedTalking,Shirt,1.506983,0.96898955,7,6,false,2.6639488,0,2.4874969,2.408133
486,118,32,false,SeatedListening,Shirt,1.7406373,1.0504112,2,6,true,-3.0949507,0,4.1764994,2.8152595
486,119,23,false,SeatedListening,Knitwear,1.7692317,0.863376,4,4,false,5.8941216,0,-2.3665352,1.3549123
486,120,,false,StandingPresenting,Knitwear,1.8202679,0.8383109,4,5,true,1.9093117,0,4.5715256,-0.5675483
487,89,29,false,SeatedTalking,Blazer,1.9053862,0.90721965,4,7,false,4.5576324,0,0.95285666,0.47501
487,90,10,false,SeatedListening,Knitwear,1.5058609,1.1710882,0,6,false,2.68977,0,-4.35695,0.3184775
487,91,24,false,SeatedWorking,Blazer,1.7607248,0.84474474,3,2,false,-4.599806,0,4.6143413,4.8272476
487,92,5,false,SeatedWorking,Knitwear,1.6697998,0.91249865,4,6,false,-1.4283171,0,-3.496407,0.29587346
488,30,6,false,SeatedTalking,Knitwear,1.7910067,1.2197535,6,1,true,2.6311638,0,1.6140854,-0.34393314
488,31,8,false,SeatedListening,Knitwear,1.501267,1.197127,4,2,true,4.090872,0,-1.3424584,0.05816704
489,53,1,false,SeatedTalking,Shirt,1.5297976,1.071081,7,5,false,-0.096084915,0,1.049558,0.17181075
489,54,16,true,SeatedTalking,Blazer,1.7970133,1.026713,3,2,true,-1.688378,0,6.139009,3.1415927
489,55,3,false,SeatedListening,Blazer,1.912029,1.0536532,7,3,false,-1.3608721,0,-1.1957774,3.2608159
490,36,12,true,SeatedTalking,Shirt,1.7067515,0.99954814,4,3,false,-1.9004098,0,3.9094863,3.1415927
490,37,,false,StandingPresenting,Knitwear,1.8057415,0.83025974,5,4,true,1.8912084,0,-1.8942049,-1.5376817
491,118,11,false,SeatedTalking,Knitwear,1.5824339,0.9706372,7,5,true,-5.1423244,0,-3.8018882,4.0896993
491,119,25,false,SeatedTalking,Blazer,1.8619907,0.9658252,1,7,false,0.026006043,0,2.0611463,2.9490032
491,120,5,false,SeatedListening,Shirt,1.6780957,0.8716435,1,4,false,-0.9335494,0,-0.8647034,4.3031845
491,121,3,false,SeatedWorking,Knitwear,1.6178995,1.1257937,5,3,false,2.9018164,0,3.976677,7.9420323
491,122,29,false,SeatedListening,Blazer,1.5644433,1.1066908,3,3,false,0.95074415,0,-0.03005606,4.2314854
492,74,1,false,SeatedListening,Shirt,1.6562403,0.92310596,5,2,true,-2.881366,0,-5.6356287,3.491624
492,75,28,true,SeatedTalking,Shirt,1.893863,0.92681074,2,0,true,-1.9141837,0,9.585009,3.1415927
492,76,,false,StandingReading,Shirt,1.868307,1.2055128,4,1,false,1.8295165,0,4.6309147,-2.0975225
494,91,,false,StandingWalking,Knitwear,1.8854983,0.860685,2,7,false,-2.528341,0,1.7366548,-3.0982735
495,28,,false,StandingRelaxed,Knitwear,1.7418053,1.1459079,6,6,false,-1.5481206,0,-0.18017197,-0.48253798
496,36,19,true,SeatedWorking,Knitwear,1.7427633,1.177777,4,0,false,-2.7358432,0,4.5707774,3.1415927
496,37,4,false,SeatedListening,Knitwear,1.5577145,0.8641898,3,6,true,3.1365633,0,-1.4774023,7.9880843
496,38,,false,StandingConversation,Blazer,1.906066,1.1176143,4,0,false,3.5104103,0,-0.20829083,-1.3426212
497,51,1,false,SeatedListening,Knitwear,1.5500689,1.0773757,1,3,false,1.3299439,0,4.3994927,6.3525133
497,52,7,false,SeatedListening,Blazer,1.5315444,1.0132129,0,4,false,-3.1854312,0,-2.9275212,3.881556
497,53,3,false,SeatedTalking,Knitwear,1.6165026,0.8259751,2,2,false,-0.3046437,0,4.52684,6.373176
498,42,16,true,SeatedListening,Knitwear,1.8744925,1.0015261,5,6,true,-1.4210699,0,6.6955557,3.1415927
500,100,19,false,SeatedTalking,Blazer,1.8123641,0.8603867,1,6,false,2.774327,0,-1.3498583,2.0078633
500,101,,false,StandingWalking,Blazer,1.6140636,0.96640325,1,0,false,2.7074413,0,-3.5825598,2.4031055
501,97,25,false,SeatedListening,Knitwear,1.921072,0.924325,4,3,false,5.8614845,0,4.266647,5.7473135
501,98,1,false,SeatedWorking,Shirt,1.728235,1.0582567,6,4,true,-1.6599095,0,0.57886106,6.5541773
501,99,15,false,SeatedTalking,Knitwear,1.736414,0.822349,4,0,false,2.3100677,0,-3.803162,4.8666296
501,100,3,false,SeatedWorking,Knitwear,1.5992106,1.0407228,3,4,false,-5.7012715,0,-0.3106296,5.5516505
501,101,17,false,SeatedWorking,Blazer,1.7593268,1.0144656,5,5,false,4.7893343,0,1.5102584,5.313963
501,102,23,false,SeatedListening,Blazer,1.6993697,1.1223626,7,5,false,2.708547,0,5.2588105,5.2956758
501,103,7,false,SeatedTalking,Blazer,1.6935047,0.9202751,2,5,false,-5.324571,0,-2.7307892,5.6388583
501,104,,false,StandingRelaxed,Knitwear,1.6187708,1.0348551,3,5,true,1.1672251,0,-4.3423457,2.1204212
502,104,34,false,SeatedListening,Shirt,1.6811476,1.1070858,2,1,false,-6.9171596,0,6.168949,5.7719183
503,73,8,false,SeatedListening,Knitwear,1.8198457,0.84938425,4,0,true,-0.8891564,0,6.560379,-0.55499446
503,74,13,false,SeatedTalking,Knitwear,1.6861823,0.9067075,6,5,false,-1.5917761,0,-0.1718294,2.7299614
503,75,1,false,SeatedListening,Shirt,1.8760889,0.86125755,5,7,true,-1.5958958,0,-5.0957336,0.22116745
503,76,,false,StandingWalking,Shirt,1.6045755,0.99428666,5,1,false,1.6367586,0,7.3899684,0.23273969
504,68,34,false,SeatedWorking,Shirt,1.5764813,1.1811652,1,7,false,6.2810926,0,4.0004797,4.3195477
504,69,39,false,SeatedWorking,Shirt,1.6434333,0.97843754,2,3,false,6.6668406,0,-4.83292,-0.2923143
504,70,9,false,SeatedTalking,Blazer,1.5673089,1.0754935,2,0,false,2.219353,0,-5.4378653,5.0074105
504,71,28,false,SeatedListening,Shirt,1.5281452,1.0581555,7,1,false,-4.3438287,0,5.7951584,-0.21602309
505,26,10,true,SeatedWorking,Knitwear,1.9138713,0.91870284,6,7,false,-1.7631073,0,3.88,3.1415927
506,141,29,false,SeatedTalking,Blazer,1.512765,0.8990954,6,6,false,5.487232,0,0.6139596,2.5383744
506,142,38,false,SeatedListening,Knitwear,1.6563052,1.0895193,0,2,false,8.972324,0,0.041024752,1.3548
506,143,27,false,SeatedListening,Shirt,1.7631676,0.9162943,2,3,false,5.93763,0,-2.651925,2.8558583
506,144,11,false,SeatedListening,Knitwear,1.6665897,1.1199803,3,6,false,-2.4796886,0,3.465461,1.3597534
506,145,46,true,SeatedTalking,Knitwear,1.610858,1.0820014,4,4,true,-4.62,0,7.1276317,3.1415927
506,146,,false,StandingReading,Knitwear,1.9474077,0.9588064,2,1,false,3.196308,0,-4.856362,-0.64333415
507,104,4,false,SeatedTalking,Blazer,1.7274736,1.0056641,2,6,true,-3.2903624,0,-8.163298,2.3146272
507,105,20,false,SeatedListening,Shirt,1.6996437,1.2135903,0,0,false,3.0871134,0,-7.52836,2.2457144
507,106,11,false,SeatedListening,Shirt,1.7016736,0.9185537,0,0,false,-2.1305652,0,8.470961,0.05232682
507,107,35,false,SeatedListening,Shirt,1.8966944,1.1449186,5,0,false,5.1638455,0,6.6601205,1.1035428
507,108,54,true,SeatedWorking,Knitwear,1.7029282,1.0257225,3,5,false,-2.8335013,0,10.942352,3.1415927
507,109,9,false,SeatedTalking,Knitwear,1.6038874,0.9358097,7,6,false,-1.0606537,0,6.8091893,1.6104543
507,110,39,false,SeatedTalking,Shirt,1.612202,1.022644,2,2,true,-2.749205,0,-0.8479833,3.6458106
507,111,41,false,SeatedTalking,Knitwear,1.8080009,1.0526676,2,3,false,-5.2207627,0,-1.5521835,3.2044775
507,112,32,false,SeatedListening,Knitwear,1.7354296,0.8350746,2,7,false,3.546909,0,7.5274,-0.36018336
507,113,8,false,SeatedTalking,Blazer,1.5382144,0.9971394,3,3,false,-3.334616,0,6.8504863,-1.6651399
507,114,,false,StandingWalking,Shirt,1.8734416,0.8964245,7,1,false,-0.17312591,0,-0.14310367,-0.11447334
508,42,1,false,SeatedTalking,Knitwear,1.5897166,1.1203619,0,3,false,-4.6043777,0,1.5859025,4.6280637
508,43,,false,StandingConversation,Knitwear,1.7839538,0.9457566,5,4,true,4.266361,0,-0.6114306,-2.584309
510,40,7,false,SeatedWorking,Shirt,1.5608844,1.0939481,5,4,false,-4.304842,0,-1.8954494,3.0349054
511,48,24,true,SeatedListening,Shirt,1.5914791,1.1061988,2,4,false,-1.8918289,0,6.40145,3.1415927
511,49,,false,StandingWalking,Shirt,1.5715715,1.0510806,1,7,true,-2.8651106,0,-2.7599764,-2.2829478
512,53,,false,StandingWalking,Shirt,1.9155394,1.0860833,4,0,false,0.053454176,0,-1.2542821,-2.474918
513,28,17,true,SeatedListening,Knitwear,1.869211,0.9370593,6,7,false,-1.4170845,0,6.8078737,3.1415927
513,29,9,false,SeatedListening,Shirt,1.8777313,1.0096997,6,4,false,1.6684505,0,3.516635,0.48831752
513,30,11,false,SeatedListening,Blazer,1.6208634,1.1628461,2,2,false,-1.6298412,0,3.3040457,-0.07019745
513,31,,false,StandingRelaxed,Shirt,1.9286673,0.96289325,1,7,false,-1.5056012,0,-2.8213077,-0.1920681
515,110,3,false,SeatedTalking,Shirt,1.5361333,1.0701395,2,6,false,-5.477628,0,-5.1924014,2.7865193
515,111,33,false,SeatedListening,Knitwear,1.7051872,0.82174486,3,5,false,5.5448065,0,4.506986,1.9598118
515,112,,false,StandingPresenting,Knitwear,1.8442334,0.9859071,2,6,true,-1.289723,0,2.187231,-0.43738675
516,98,28,false,SeatedListening,Shirt,1.5978675,0.9684454,5,2,false,-2.8534636,0,0.46239263,1.0245119
516,99,14,false,SeatedListening,Knitwear,1.7845687,0.82993424,2,7,false,1.7375441,0,-5.2554307,3.5693696
517,54,5,false,SeatedListening,Shirt,1.6929635,1.1117573,3,2,false,-0.37675977,0,2.0858593,5.386273
517,55,,false,StandingRelaxed,Blazer,1.6639079,1.1629305,1,6,false,0.7001187,0,-1.306898,-0.009468317
518,24,2,false,SeatedListening,Shirt,1.6462073,1.1426892,1,4,false,-1.2777252,0,-3.3423278,3.0904322
518,25,,false,StandingRelaxed,Shirt,1.861489,0.9502784,0,7,false,-1.8525693,0,2.3234959,-2.0419545
519,20,,false,StandingRelaxed,Knitwear,1.8167522,1.0153507,5,1,true,-1.0918012,0,0.52966714,-1.678524
520,39,11,false,SeatedWorking,Blazer,1.5447181,0.96596265,0,1,false,-1.9684496,0,-0.6844981,-0.055926703
521,173,36,false,SeatedWorking,Knitwear,1.7707042,1.1321985,3,3,false,-0.8936502,0.47640896,-4.1035714,4.1836786
521,174,40,false,SeatedWorking,Knitwear,1.6871246,0.8474483,3,1,false,0.22760934,0,5.3605204,4.710162
522,61,40,true,SeatedListening,Knitwear,1.580359,1.1518962,0,1,false,-2.9568386,0,9.268474,3.1415927
522,62,9,false,SeatedListening,Shirt,1.7816105,0.96561426,6,2,false,-2.499472,0,1.7820045,0.09427062
522,63,13,false,SeatedTalking,Blazer,1.6045493,1.0630784,7,3,false,-0.82929754,0,1.8152454,0.4440198
522,64,,false,StandingWalking,Blazer,1.902434,1.1212382,5,2,false,2.2515545,0,0.68303937,0.65059805
523,43,6,false,SeatedWorking,Knitwear,1.5221379,1.0268989,0,2,false,-1.8943695,0,3.97126,-0.39726815
523,44,,false,StandingPresenting,Knitwear,1.8297414,0.8574495,4,5,false,-1.3444754,0,-0.63728267,1.4733884
525,79,9,false,SeatedListening,Blazer,1.6261734,0.9201869,3,5,true,2.2931614,0,-3.397791,4.5194793
525,80,25,false,SeatedTalking,Knitwear,1.870183,1.1050138,0,7,false,0.7630189,-0.45346266,1.0081025,5.0515065
525,81,31,false,SeatedListening,Blazer,1.8110296,0.90719867,5,6,false,-1.6297628,0,-2.7571623,5.0096035
525,82,29,false,SeatedTalking,Blazer,1.5745188,1.1827095,5,7,false,-5.8462396,0,-1.8884504,4.5618367
525,83,,false,StandingRelaxed,Knitwear,1.7509546,1.2094624,6,1,false,-4.6833096,0,5.2579517,2.7192109
526,55,11,false,SeatedTalking,Blazer,1.8378806,1.195907,1,4,true,3.0966399,0,2.4000568,-0.16855818
526,56,17,false,SeatedWorking,Shirt,1.5810455,0.9525167,0,1,true,-4.352447,0,3.6601486,4.70428
526,57,21,true,SeatedWorking,Knitwear,1.6739031,1.20298,0,5,false,-3.1637473,0,5.9972744,3.1415927
526,58,19,false,SeatedListening,Knitwear,1.7552553,0.83198744,6,6,true,-6.3809223,0,3.3535893,5.5461516
526,59,,false,StandingConversation,Knitwear,1.7337492,0.82598186,6,2,false,0.18959148,0,-0.6545952,1.581219
527,70,9,false,SeatedListening,Blazer,1.6144437,0.93378997,0,7,false,0.5302483,0,-2.4269772,3.224737
527,71,7,false,SeatedWorking,Knitwear,1.620282,0.98078287,2,1,false,2.3619528,0,-0.71749073,5.3181825
527,72,,false,StandingPresenting,Knitwear,1.8077797,1.0920345,2,7,false,-0.9027144,0,0.6512652,2.2168143
528,74,3,false,SeatedTalking,Shirt,1.5995164,1.1635619,1,5,true,-2.582656,0,-1.1104109,4.4319215
528,75,14,false,SeatedWorking,Knitwear,1.9105529,1.1248019,6,4,true,-3.3794837,0,6.2108593,5.5577126
529,44,3,false,SeatedListening,Shirt,1.7260528,0.8940171,1,2,false,-2.960406,0,1.1719064,1.9201936
529,45,7,false,SeatedListening,Knitwear,1.5849508,1.0308261,7,6,true,3.4418435,0,1.2061065,1.6554307
529,46,15,true,SeatedWorking,Shirt,1.5383537,1.0195934,4,0,false,-2.12515,0,4.5750675,3.1415927
529,47,,false,StandingReading,Shirt,1.6708609,1.1550244,6,7,false,0.6045004,0,1.2007443,-0.5186534
530,66,13,false,SeatedTalking,Shirt,1.8676655,0.84156233,0,1,false,-1.7203546,0,1.907284,4.3209624
531,53,7,false,SeatedTalking,Knitwear,1.5428264,1.0082577,1,0,true,-1.5643141,0,1.5862565,-0.63594294
531,54,,false,StandingWalking,Blazer,1.6144894,1.0533849,3,4,false,-3.3202069,0,-1.1967106,-0.42941737
532,28,7,false,SeatedListening,Knitwear,1.7546744,0.9579084,2,3,true,3.814253,0,0.6784285,7.2687845
533,38,7,false,SeatedTalking,Shirt,1.5896695,0.92511195,7,7,false,-1.2487774,0,3.1493292,-2.1999524
534,51,9,false,SeatedListening,Blazer,1.7625788,0.85594696,0,6,false,-0.6338196,0,3.1506112,0.12309681
535,36,3,false,SeatedListening,Knitwear,1.6198688,1.0001055,5,1,false,0.8228696,0,-1.475054,3.980932
535,37,,false,StandingWalking,Blazer,1.9407303,0.83602166,6,1,false,-0.5538503,0,1.7515042,1.8300278
536,58,1,false,SeatedListening,Shirt,1.8178303,0.9095181,7,4,false,3.6720338,0,0.71348387,5.2573824
536,59,11,false,SeatedListening,Knitwear,1.9346994,0.900203,6,0,false,-2.3215737,0,0.023796797,6.8893023
537,34,12,true,SeatedListening,Knitwear,1.7084486,1.1096432,0,6,false,-1.761266,0,6.6342893,3.1415927
537,35,4,false,SeatedTalking,Blazer,1.6849043,0.99611306,4,7,false,-0.79151237,0,-3.28491,2.758998
537,36,6,false,SeatedTalking,Knitwear,1.6738104,1.1154438,4,3,false,1.222896,0,-4.2616444,2.0647826
538,41,9,false,SeatedListening,Shirt,1.916338,0.85882,3,4,false,-1.9299028,0,1.7097564,3.1499474
539,45,4,false,SeatedWorking,Shirt,1.548546,0.85956115,7,2,false,0.22847144,0,0.9738025,0.774588
539,46,,false,StandingWalking,Shirt,1.7733383,1.0312512,0,3,true,3.4233623,0,1.299386,1.2746394
540,64,20,true,SeatedWorking,Shirt,1.5571101,1.0467618,2,5,false,-2.8559964,0,4.0625515,3.1415927
540,65,15,false,SeatedTalking,Knitwear,1.9318362,1.182615,6,0,true,2.6392422,0,1.1238389,3.1424198
540,66,1,false,SeatedTalking,Knitwear,1.5690907,1.1630808,4,1,false,-3.3490026,0,0.59139085,2.969389
540,67,,false,StandingPresenting,Blazer,1.6917901,0.9141469,3,7,false,-3.9075654,0,-1.4914278,-0.16413069
542,41,3,false,SeatedTalking,Shirt,1.7201337,1.077162,6,0,false,-1.0789843,0,1.0308939,-0.010535598
543,82,29,true,SeatedListening,Blazer,1.5777072,1.0445621,5,1,true,-1.8170899,0,9.973818,3.1415927
544,41,5,false,SeatedListening,Shirt,1.8331113,0.85752416,3,5,false,2.2964165,0,1.1441424,7.316785
545,29,,false,StandingConversation,Knitwear,1.6577384,0.94761693,0,6,false,0.33100766,0,1.5036798,1.1578529
546,48,3,false,SeatedTalking,Knitwear,1.6648993,1.127275,5,0,false,-0.9969815,0,3.5773952,7.648426
547,93,1,false,SeatedWorking,Shirt,1.8591032,0.8475955,0,2,true,-4.7624083,0,-1.6404802,4.5925355
548,22,,false,StandingPresenting,Shirt,1.657176,0.93869823,1,7,false,0.5784435,0,-1.5272987,2.5127196
549,73,33,true,SeatedListening,Blazer,1.8903031,0.94582283,1,1,false,-2.277737,0,10.587311,3.1415927
549,74,12,false,SeatedListening,Knitwear,1.9198247,1.0362424,4,0,false,2.4397702,0,-8.343063,2.5602956
549,75,22,false,SeatedListening,Knitwear,1.691474,1.1100961,3,7,false,3.3158236,0,3.7915735,1.7718074
549,76,,false,StandingRelaxed,Shirt,1.7074357,1.1783352,2,5,false,0.9965571,0,-4.9305954,-0.3549428
550,35,1,false,SeatedTalking,Shirt,1.6790311,0.86016464,7,0,false,2.5368502,0,2.2598157,5.0290895
552,49,3,false,SeatedTalking,Blazer,1.6164436,0.99708956,5,5,false,-6.423169,0,-2.4392288,1.9729944
553,95,32,false,SeatedTalking,Shirt,1.6145556,1.1375595,4,3,true,1.9620899,0,4.1114674,2.8059757
553,96,22,false,SeatedListening,Shirt,1.909668,1.007777,5,3,false,0.22729518,0,4.47161,6.5905275
554,23,10,true,SeatedWorking,Shirt,1.5298991,1.0722749,7,3,false,-1.8510795,0,4.991499,3.1415927
554,24,,false,StandingPresenting,Knitwear,1.565156,1.0327982,6,6,false,-0.449493,0,-2.4864674,3.788498
555,82,28,true,SeatedTalking,Blazer,1.5943238,1.2075801,4,6,false,-2.8688557,0,6.414421,3.1415927
555,83,3,false,SeatedWorking,Shirt,1.7297783,1.0416169,0,2,false,-3.415408,0,1.241189,6.4977303
555,84,,false,StandingRelaxed,Knitwear,1.7654884,1.2006316,0,1,false,0.4755671,0,1.0457249,2.1277192
557,49,7,false,SeatedTalking,Blazer,1.7790155,0.8725536,0,0,true,0.715193,0,-2.5779867,4.5971813
558,40,7,false,SeatedListening,Knitwear,1.6652637,1.0338798,7,0,true,-1.703651,-0.37245074,-0.24844028,5.0584173
558,41,5,false,SeatedTalking,Blazer,1.5697736,0.8933534,0,3,false,1.238524,0,0.4427048,4.863877
558,42,,false,StandingReading,Blazer,1.5708313,1.0024555,6,6,false,-0.30597168,-0.37245074,-0.79615164,1.3953202
559,92,12,false,SeatedWorking,Blazer,1.5118195,1.1459944,4,5,false,0.0963375,0,0.3581931,4.326046
559,93,18,false,SeatedTalking,Blazer,1.5980868,1.0087168,6,3,false,6.763433,0,-0.29787895,2.056937
560,106,30,false,SeatedWorking,Shirt,1.8006089,0.8314599,4,5,false,-0.5516699,0,6.460862,1.2205482
560,107,28,false,SeatedTalking,Shirt,1.8525453,0.8532435,3,5,false,-2.3659372,0,-1.6780221,2.1369
560,108,1,false,SeatedListening,Blazer,1.9081526,0.8560554,0,0,false,-6.6483073,0,-1.6572218,5.573163
560,109,6,false,SeatedListening,Shirt,1.7018147,1.0181227,0,2,false,-6.054953,0,4.688982,5.1878314
560,110,33,false,SeatedTalking,Knitwear,1.5646411,1.2012327,7,6,false,5.388591,0,-1.3431878,-0.37134257
560,111,,false,StandingPresenting,Blazer,1.6425873,0.9635887,6,7,false,6.261464,0,4.222545,2.2139482
561,67,10,false,SeatedTalking,Knitwear,1.6922026,1.1016912,0,2,false,-1.0880196,0,-1.7087866,1.2265002
562,55,31,true,SeatedListening,Shirt,1.9158944,0.86240906,2,4,false,-3.8453317,0,5.477666,3.1415927
562,56,5,false,SeatedListening,Shirt,1.6138499,1.0494926,1,4,false,-5.0107884,0,-2.6938756,0.46647587
562,57,,false,StandingRelaxed,Shirt,1.6733916,1.1479499,7,0,false,6.2631307,0,-3.3235798,0.0056843758
563,30,14,true,SeatedTalking,Shirt,1.5928265,1.1983557,6,5,false,-2.2690434,0,6.692146,3.1415927
563,31,2,false,SeatedListening,Blazer,1.9406002,0.8433633,7,6,false,1.5045235,0,0.66999304,2.6686082
563,32,,false,StandingConversation,Shirt,1.8171967,0.9899709,3,1,true,-3.3126838,0,-2.870149,2.2129562
564,36,2,false,SeatedListening,Blazer,1.6090794,0.98175526,2,2,false,-1.2552198,0,0.63344103,4.532934
564,37,1,false,SeatedTalking,Knitwear,1.6605934,0.82568,7,5,false,0.40086415,0,-1.5286963,3.3305886
564,38,,false,StandingRelaxed,Knitwear,1.7537677,1.1276947,5,3,false,-1.7760098,0,-0.46459258,0.5544734
566,63,23,false,SeatedTalking,Shirt,1.601096,1.1454586,4,0,false,4.4696326,0,2.5515795,-0.24123335
566,64,7,false,SeatedListening,Blazer,1.772059,1.1044112,0,5,false,-5.8843055,0,0.363351,-0.2495547
566,65,29,true,SeatedListening,Shirt,1.8690795,0.9290201,5,2,false,-3.510001,0,5.716701,3.1415927
566,66,3,false,SeatedTalking,Shirt,1.5101295,1.1639676,5,1,true,-2.4620283,0,-1.2016668,-0.4318046
566,67,5,false,SeatedTalking,Knitwear,1.617632,1.2103283,1,6,false,-0.40303117,0,-0.42870778,-1.0341737
566,68,15,false,SeatedListening,Shirt,1.7854052,1.0049539,1,7,false,0.5965852,0,-2.9271939,0.09172657
567,55,24,true,SeatedListening,Shirt,1.8472736,0.9747839,2,0,false,-3.844865,0,5.637712,3.1415927
567,56,7,false,SeatedWorking,Knitwear,1.5286452,0.9692633,2,1,false,4.811292,0,-2.750183,-0.26244918
567,57,,false,StandingConversation,Knitwear,1.5387274,1.202428,5,3,false,-6.188181,0,2.2395036,-2.1353238
568,97,9,false,SeatedWorking,Shirt,1.6628257,1.0232471,3,4,false,-2.4530041,0,5.1084023,3.3057752
568,98,25,false,SeatedListening,Knitwear,1.7537212,1.0367972,6,1,false,-1.3103249,0,-3.9770799,-0.054415137
568,99,1,false,SeatedTalking,Knitwear,1.6870326,1.1773123,5,7,false,-4.3889623,0,-1.8676453,4.2327676
568,100,3,false,SeatedListening,Blazer,1.561747,0.9173395,6,0,false,-5.652215,0,-4.1103606,5.7600827
569,102,13,false,SeatedTalking,Blazer,1.7820154,1.0343318,5,5,false,6.6841717,0,-4.5064826,1.5741408
569,103,,false,StandingConversation,Blazer,1.6947855,0.996653,3,2,true,-1.265594,0.16246465,-3.5726361,2.3866622
570,57,16,false,SeatedListening,Blazer,1.531803,1.0648762,1,1,false,1.934186,0,3.1348298,3.1700258
570,58,9,false,SeatedWorking,Knitwear,1.6578566,1.0950552,7,3,false,2.478927,0,-3.9439955,3.0343997
571,100,29,true,SeatedTalking,Shirt,1.6046095,0.8747292,6,4,false,-3.7200828,0,5.096609,3.1415927
571,101,,false,StandingWalking,Blazer,1.8540401,1.0171198,1,4,false,-6.558098,0,-0.68321437,-0.71477437
572,62,3,false,SeatedWorking,Knitwear,1.6207365,0.8344113,2,2,false,-2.4564233,0,2.4231136,-0.32361856
572,63,15,false,SeatedListening,Shirt,1.6934263,0.9974268,3,7,false,0.94831616,0,-2.9269555,0.19621244
573,43,1,false,SeatedListening,Blazer,1.5313915,1.1846584,1,1,false,0.06317282,-0.13682835,-1.1561531,1.9414229
573,44,3,false,SeatedListening,Shirt,1.8150444,1.1370068,3,5,false,-0.59993714,0,2.18236,1.7959852
574,29,3,false,SeatedListening,Knitwear,1.5685568,1.1780746,3,6,false,-1.7692022,0,-1.073776,-1.1181914
575,70,5,false,SeatedListening,Knitwear,1.577206,0.95739317,6,2,false,6.8449383,0.3669179,-0.5227501,0.5813962
575,71,8,false,SeatedTalking,Knitwear,1.5008765,1.05306,2,4,false,0.5937842,0,-1.4320276,3.3533432
576,87,2,false,SeatedWorking,Knitwear,1.9357588,0.8750962,1,1,true,-0.45137584,0,-4.5194306,3.297016
576,88,13,false,SeatedListening,Knitwear,1.9009767,0.83308476,7,6,true,-2.0136151,0,0.1318836,4.762406
576,89,6,false,SeatedTalking,Knitwear,1.7187382,0.8733141,3,3,false,2.5514064,0,-3.2755995,8.090418
576,90,1,false,SeatedTalking,Knitwear,1.8832102,0.9599069,1,5,false,0.8226384,0,-4.5366917,4.0816917
577,59,11,false,SeatedListening,Blazer,1.5666933,0.9225682,0,1,false,-1.5589118,0,-0.25524384,4.6251564
577,60,14,false,SeatedListening,Shirt,1.8180444,0.93194175,0,1,false,5.01601,0,-3.2691395,3.1352544
578,60,21,false,SeatedTalking,Shirt,1.5123708,1.2168688,1,7,false,0.43161857,0,-2.170837,1.622363
578,61,23,false,SeatedListening,Shirt,1.798336,0.8743052,4,0,true,-5.7501497,0,0.16360515,1.0482327
578,62,,false,StandingPresenting,Shirt,1.5158113,1.1043642,0,5,false,-5.510511,0,2.0270982,2.6213372
581,78,13,false,SeatedWorking,Blazer,1.5167332,0.9233603,3,7,true,-1.7591054,0,4.4717984,4.747432
581,79,,false,StandingWalking,Knitwear,1.8059454,0.86402327,3,6,true,-1.7626282,0,2.343515,-2.1197803
582,143,26,false,SeatedListening,Blazer,1.9379737,0.95857495,0,4,true,6.783182,0,1.8628601,3.8742132
582,144,28,false,SeatedTalking,Shirt,1.5314114,1.1669959,0,2,false,6.8139114,0,3.740026,4.69256
582,145,14,false,SeatedWorking,Shirt,1.5973238,1.0833588,7,0,false,0.63831925,0,-2.1661062,1.8410833
582,146,43,false,SeatedTalking,Knitwear,1.5160092,0.9947937,3,4,true,-0.029672444,0,2.0408125,1.6803975
582,147,24,false,SeatedListening,Shirt,1.5108031,0.8432065,6,2,false,7.2750044,0,-3.8481016,3.334764
582,148,8,false,SeatedTalking,Knitwear,1.6339598,1.1328454,2,0,false,-1.2865176,0,-5.45772,3.4000225
582,149,30,false,SeatedTalking,Blazer,1.7782674,0.91707706,6,7,false,4.884596,0,1.5171373,3.1373043
583,87,13,false,SeatedListening,Shirt,1.5370948,1.0642558,3,1,true,4.719349,0,-2.5400538,3.8791456
583,88,7,false,SeatedWorking,Knitwear,1.6674066,0.93543094,2,5,true,5.408447,0,-0.5565834,2.553558
583,89,15,false,SeatedWorking,Knitwear,1.7488726,1.0683469,6,7,false,2.8279922,0,-2.6946104,3.1073825
584,70,1,false,SeatedTalking,Blazer,1.6725016,1.1906824,6,1,false,2.5912528,0,-2.8486733,4.468051
584,71,,false,StandingConversation,Shirt,1.648717,0.8874988,3,5,true,-1.270715,-0.13141418,-1.0379891,3.0565207
585,32,,false,StandingConversation,Blazer,1.7084879,1.0205885,0,7,false,-1.340907,0,1.4469993,0.84557986
586,48,,false,StandingConversation,Shirt,1.633504,1.0949278,7,6,true,1.3923703,0,-2.5964851,0.5388415
587,37,17,false,SeatedTalking,Blazer,1.6568182,0.95880675,7,7,true,0.9562604,0,3.930659,-0.02805096
587,38,7,false,SeatedListening,Knitwear,1.8431838,1.0605894,3,2,true,-3.015832,0,2.3374915,3.7652652
587,39,,false,StandingPresenting,Blazer,1.5455114,0.84878683,5,7,false,-2.2862854,0,-2.694528,2.2933366
588,36,,false,StandingWalking,Knitwear,1.9385188,0.91778505,0,7,false,-1.8811525,0,0.9637744,-1.4950681
589,45,1,false,SeatedWorking,Knitwear,1.5689659,0.9154535,0,3,false,0.35697913,0,-1.195432,4.942261
589,46,,false,StandingReading,Blazer,1.8588202,0.9201311,6,4,false,-0.8363528,0,-0.15941152,-0.6014838
590,33,19,true,SeatedListening,Shirt,1.9028575,0.84539837,0,5,false,-3.385534,0,4.324542,3.1415927
590,34,5,false,SeatedWorking,Blazer,1.7932625,0.84178007,5,0,false,2.643302,0,0.26743057,1.2565405
591,94,19,false,SeatedListening,Knitwear,1.8250476,1.0760751,5,1,false,-2.3589556,0,-3.2928624,-0.37292552
591,95,,false,StandingPresenting,Shirt,1.832824,0.93362784,4,1,true,-3.0619326,0,3.984158,2.0777957
592,76,11,false,SeatedListening,Shirt,1.7818398,0.84615374,2,4,false,-0.7270669,0,3.0138938,2.6217058
592,77,24,false,SeatedListening,Shirt,1.6648871,1.0311874,5,4,false,2.483828,0,0.9952401,4.761384
593,29,11,true,SeatedListening,Knitwear,1.905493,0.8614429,5,3,false,-1.7483037,0,3.88,3.1415927
593,30,,false,StandingPresenting,Blazer,1.9454708,0.8541207,3,6,true,-1.7097621,0,-1.2304716,-0.39132476
594,92,2,false,SeatedListening,Shirt,1.6697509,0.83272547,2,6,false,-0.38677466,0,-1.3835722,3.0346851
594,93,3,false,SeatedWorking,Knitwear,1.7481745,1.0689094,0,5,true,2.200815,0,0.20264912,7.534183
594,94,13,false,SeatedWorking,Knitwear,1.5040674,1.0646274,0,0,false,-0.12749606,0,-5.8179603,4.0565586
594,95,17,false,SeatedListening,Knitwear,1.5088699,0.95436925,5,3,false,1.6537657,0,-7.0446963,4.3500457
594,96,,false,StandingConversation,Knitwear,1.7793654,1.201256,7,0,false,-1.5494916,0,3.7603762,1.1577442
595,61,5,false,SeatedListening,Blazer,1.720284,1.190107,4,0,true,0.19311959,0,-4.7749214,1.8752877
595,62,,false,StandingRelaxed,Shirt,1.66204,1.0395774,5,2,false,-0.77872974,0,0.07180985,-2.161532
596,53,9,false,SeatedWorking,Knitwear,1.5627667,0.905861,4,5,true,3.0969427,0,-2.4625034,1.9861224
596,54,3,false,SeatedListening,Shirt,1.6636318,0.9097178,6,4,true,-2.301956,0,-2.2280123,4.648034
596,55,,false,StandingWalking,Knitwear,1.7771469,1.1451666,6,3,false,-3.5042922,0,-1.1603749,1.5041664
597,22,,false,StandingWalking,Blazer,1.9336598,0.95211715,2,6,false,-2.5372703,0,1.1362234,1.8707721
599,34,7,false,SeatedWorking,Knitwear,1.7974386,0.8830936,5,2,false,1.9341588,0,0.8242476,1.8308736
600,125,39,false,SeatedListening,Shirt,1.6177887,1.0938365,6,4,true,0.80323774,0,-0.8955807,1.2367616
600,126,5,false,SeatedWorking,Shirt,1.8050776,0.8880832,7,0,true,-2.4461076,0,-3.46573,0.9243378
601,31,8,false,SeatedWorking,Shirt,1.6435415,0.93238515,6,0,true,1.0829382,0,-3.9419572,2.9787846
601,32,,false,StandingPresenting,Shirt,1.7152452,1.2135568,5,3,true,-1.1534666,0,4.452836,0.5720856
602,36,,false,StandingPresenting,Shirt,1.5503029,0.9007231,1,7,false,1.1905191,0,-1.3157473,-0.79199624
603,41,5,false,SeatedWorking,Blazer,1.6447916,1.0612364,4,0,false,-1.3708308,0,1.2972144,3.6161485
603,42,3,false,SeatedTalking,Knitwear,1.6396836,0.899708,5,5,false,-1.8830024,0,-3.2205772,3.3114858
604,36,2,false,SeatedTalking,Knitwear,1.7898026,0.92810184,4,3,true,0.06805208,0,-0.36063898,0.74231637
604,37,5,false,SeatedListening,Shirt,1.7525506,0.84152275,2,1,false,-1.5586939,0,3.700242,-1.3683075
604,38,,false,StandingPresenting,Blazer,1.8253291,1.0291067,0,7,false,0.68158686,0,-1.8550069,-1.6033462
605,53,5,false,SeatedTalking,Blazer,1.6321367,0.9859157,1,5,true,-1.7961704,0,1.4978575,3.8981233
605,54,1,false,SeatedListening,Knitwear,1.8943536,0.98761016,7,1,false,1.3317018,0,-0.11305377,3.1217532
605,55,11,true,SeatedWorking,Blazer,1.6431416,1.0089741,5,6,false,-1.232,0,4.6184025,3.1415927
606,42,11,false,SeatedTalking,Blazer,1.6012616,0.97345304,3,3,false,1.054057,0,1.6797802,3.0665314
607,68,2,false,SeatedTalking,Shirt,1.7806468,0.8979945,4,6,true,-0.76094186,0,-2.3112116,2.2156823
607,69,6,false,SeatedListening,Blazer,1.575112,0.8854108,4,5,false,1.1814649,0,-3.1771498,2.4931924
607,70,25,true,SeatedTalking,Knitwear,1.5177231,1.1818136,2,0,false,-1.9638729,0,7.2223196,3.1415927
608,60,5,false,SeatedTalking,Shirt,1.7113879,1.1585673,5,2,false,-0.9484487,0,3.98245,1.5252177
608,61,1,false,SeatedWorking,Knitwear,1.6180586,1.0634068,5,2,true,-1.704725,0,-0.8049265,2.1188564
608,62,17,true,SeatedWorking,Shirt,1.6442105,0.98313123,5,6,false,-1.7248471,0,6.163737,3.1415927
609,57,10,false,SeatedTalking,Shirt,1.8260837,0.9344774,3,2,true,1.0072008,0,-2.0231757,4.4939094
609,58,17,true,SeatedTalking,Blazer,1.7047876,0.82861817,1,3,false,-2.3693616,0,4.785487,3.1415927
609,59,4,false,SeatedListening,Shirt,1.7148079,1.023809,2,4,false,-3.8248127,0,2.287878,5.3453417
612,38,4,false,SeatedTalking,Knitwear,1.5738014,0.91797704,0,3,true,-4.4961395,0,0.05839646,3.6838977
612,39,,false,StandingWalking,Knitwear,1.901444,0.8540717,2,3,false,-4.5899563,0,2.1772616,0.7865727
613,36,,false,StandingRelaxed,Shirt,1.5820278,0.96874523,4,0,false,0.0716243,0.4581794,1.3215731,-1.0951402
614,44,2,false,SeatedListening,Shirt,1.7649037,0.94394016,7,2,true,0.29020172,0.3990414,2.0490584,0.20807302
614,45,11,false,SeatedWorking,Shirt,1.6701809,0.8366047,4,2,true,-2.6660917,0.3990414,1.3671178,-0.03695026
615,48,,false,StandingConversation,Shirt,1.8277258,0.97749805,1,6,false,1.192118,0,-2.1764424,-1.9846627
616,34,,false,StandingPresenting,Knitwear,1.9158611,0.88619995,0,1,true,-0.6588707,0,0.05500979,0.08416891
617,26,12,true,SeatedListening,Shirt,1.7333395,0.91004086,4,4,false,-1.486459,0,4.566583,3.1415927
618,52,10,false,SeatedListening,Shirt,1.5267729,0.93009996,3,3,false,-1.5692489,0,4.344677,2.647468
618,53,,false,StandingRelaxed,Shirt,1.8631935,0.95327044,4,0,false,0.0895413,0,-1.3322768,0.46824026
619,37,,false,StandingPresenting,Shirt,1.8419994,1.0442452,7,5,true,-2.701325,0,1.9798764,-2.7175534
621,90,5,false,SeatedListening,Knitwear,1.7697232,0.9157202,5,0,false,3.807074,0,-5.120482,3.9298065
621,91,10,false,SeatedListening,Knitwear,1.7946615,1.0424395,4,5,false,-3.3374794,0,1.2749343,0.47154325
621,92,32,false,SeatedWorking,Blazer,1.6146919,0.9145999,6,4,false,-0.9358624,0,5.216162,0.39205563
622,18,2,false,SeatedWorking,Shirt,1.8100796,0.8656103,1,6,false,1.8595197,0,-0.5418872,8.2076435
622,19,,false,StandingPresenting,Shirt,1.5177011,1.0232522,7,1,false,-1.6096838,0,-1.3346883,3.5305252
624,35,3,false,SeatedTalking,Shirt,1.66381,0.93913996,0,4,false,-0.16383475,0,-1.3913255,5.243915
624,36,,false,StandingPresenting,Blazer,1.6832628,0.916592,3,0,false,0.24340707,0,1.3495136,-1.4307045
625,38,,false,StandingReading,Knitwear,1.785347,0.94230527,4,4,false,-4.793579,0,-2.0169325,-2.2111459
627,43,17,true,SeatedWorking,Knitwear,1.8255318,1.0941854,0,3,false,-2.0064945,0,4.504156,3.1415927
627,44,5,false,SeatedTalking,Knitwear,1.6496238,0.88364214,4,6,false,0.6675847,0,-0.9133423,1.3887343
627,45,,false,StandingConversation,Knitwear,1.9277097,1.0156817,3,5,false,-3.4414203,0,-0.32606232,0.6816516
628,70,32,false,SeatedTalking,Blazer,1.787212,0.9328685,3,1,false,-3.459587,0,1.9537914,1.7724242
628,71,22,false,SeatedWorking,Shirt,1.5153664,0.8277167,0,7,false,-0.33963352,0,3.2468975,4.994927
628,72,34,false,SeatedListening,Shirt,1.6377351,0.9262282,3,0,false,-3.946283,0,4.679918,1.5285194
628,73,38,true,SeatedTalking,Blazer,1.6379198,0.82838935,4,0,true,-2.9750807,0,6.8594003,3.1415927
628,74,,false,StandingRelaxed,Blazer,1.931719,0.95910776,7,4,false,3.1750865,0,-3.1621652,-0.5089452
629,47,17,false,SeatedWorking,Knitwear,1.6739943,1.1975696,5,0,false,-2.9185858,0,3.8987308,0.05120623
629,48,12,false,SeatedTalking,Shirt,1.5613072,0.84811175,1,2,false,3.370046,0,3.009329,7.6597366
630,57,25,true,SeatedWorking,Blazer,1.6033188,1.0595064,1,0,true,-1.6670002,0,6.566294,3.1415927
630,58,,false,StandingRelaxed,Knitwear,1.5193224,0.9181742,7,0,true,0.27170387,0,1.7387568,0.74940276
631,90,17,false,SeatedListening,Blazer,1.7136503,0.8553967,7,2,false,1.9741247,0,-3.7635586,0.13676256
631,91,,false,StandingRelaxed,Shirt,1.8545519,1.0307953,3,4,false,-3.6070478,0,5.9072623,-1.8033757
632,56,9,false,SeatedListening,Shirt,1.7336241,1.1866488,1,1,true,-1.59677,0,3.8035347,0.74075377
632,57,,false,StandingConversation,Knitwear,1.5028907,1.1805521,1,6,true,-0.87993497,0,-1.7778766,0.6576209
633,48,4,false,SeatedWorking,Shirt,1.6518888,1.0638487,4,7,false,-2.581572,0,1.1462632,2.7480946
633,49,,false,StandingReading,Shirt,1.5398456,1.0459325,7,4,true,1.6088959,0,-1.4250976,-0.3217547
634,91,35,true,SeatedTalking,Knitwear,1.6939925,0.8469228,7,5,false,-2.0738409,0,10.648582,3.1415927
634,92,16,false,SeatedListening,Knitwear,1.8241864,0.8691581,4,0,true,1.1429924,0,-2.0131223,2.7270055
635,32,3,false,SeatedTalking,Blazer,1.6182652,1.0412297,2,2,true,0.46139148,0,-1.5323288,2.4737298
635,33,,false,StandingPresenting,Blazer,1.8437157,0.98835695,5,4,false,2.372327,0,0.6162906,1.3404515
636,136,33,false,SeatedListening,Blazer,1.7784487,0.8786713,2,7,false,-1.8082759,0,4.8812084,5.0992265
636,137,15,false,SeatedTalking,Shirt,1.7647839,1.0464218,4,4,false,6.149449,0,-2.2295115,4.2731237
636,138,9,false,SeatedListening,Shirt,1.5777509,0.8469575,5,4,true,-1.4607699,0,-1.8030438,4.2327156
636,139,,false,StandingWalking,Blazer,1.9019992,1.0524725,7,2,false,-2.7750804,0,-4.947176,-1.5586593
637,47,7,false,SeatedWorking,Blazer,1.5755934,1.0204072,1,0,false,-1.850094,0,2.8774228,4.3255663
637,48,8,false,SeatedTalking,Blazer,1.8797019,1.2175384,5,6,false,2.0661106,0,3.3953528,0.991302
637,49,,false,StandingWalking,Blazer,1.7629501,1.0027702,5,5,false,-1.6389904,0,1.6087477,1.2739942
638,61,1,false,SeatedTalking,Blazer,1.7259502,0.86587715,0,6,false,-5.177857,0,0.55408674,2.0376222
639,46,8,false,SeatedListening,Shirt,1.7503792,1.0501144,7,3,true,2.2825296,0,-3.1560614,3.2917047
640,160,22,false,SeatedListening,Shirt,1.6047095,0.82826775,3,7,false,6.821085,0,-1.4056263,1.953622
640,161,18,false,SeatedListening,Shirt,1.7441628,0.8247873,1,1,false,-0.5327226,0,-3.5900538,0.053790987
640,162,33,false,SeatedWorking,Shirt,1.7268796,0.87008107,5,5,false,-6.4360642,0,4.814578,-0.91356266
640,163,35,false,SeatedTalking,Blazer,1.7127471,0.97703475,6,1,true,-8.33493,0,3.9953268,-0.82063395
640,164,14,false,SeatedListening,Knitwear,1.6372356,0.91231734,3,4,false,0.049321264,0,-1.4391208,0.79523957
640,165,44,false,SeatedListening,Shirt,1.6941371,1.1743699,2,5,false,-0.34123456,0,4.7654915,5.268296
640,166,42,false,SeatedListening,Blazer,1.8732009,0.8784131,4,5,false,0.3709411,0,2.011723,4.9400415
641,33,,false,StandingPresenting,Shirt,1.8305116,0.9252836,5,6,false,-1.6259301,0,2.8753202,-1.6251343
642,84,20,false,SeatedTalking,Knitwear,1.6579922,1.2090178,3,2,false,-6.594754,0,2.089211,3.6263082
642,85,14,false,SeatedTalking,Knitwear,1.6602883,0.8269319,5,4,false,1.7820321,0,1.4626734,3.7078848
642,86,7,false,SeatedListening,Blazer,1.5494672,1.154814,0,6,false,-4.137443,0,1.9475868,3.1523376
643,37,5,false,SeatedListening,Knitwear,1.7378261,0.93929315,7,1,false,0.04426167,0,2.7011356,0.44544676
643,38,,false,StandingConversation,Knitwear,1.8061485,1.0935527,0,5,false,5.62793,0,1.8931272,2.2203734
644,34,12,false,SeatedListening,Shirt,1.7314092,1.1350443,2,1,false,2.438954,0,1.350558,3.6048064
644,35,22,true,SeatedWorking,Shirt,1.676488,0.8549314,1,7,false,-2.4863591,0,6.162286,3.1415927
644,36,14,false,SeatedListening,Blazer,1.5538511,1.1987859,6,0,false,-4.240582,0,0.12725013,4.5770693
645,36,11,false,SeatedListening,Blazer,1.7048185,0.98222816,5,1,true,-0.78864396,0,4.4856324,1.8639022
645,37,19,false,SeatedListening,Blazer,1.631757,1.0543625,4,5,false,2.1031137,0,0.2941211,1.3539209
645,38,,false,StandingRelaxed,Shirt,1.9326564,0.99720216,7,7,false,1.7931762,0,-4.8986235,0.007887125
646,20,2,false,SeatedListening,Blazer,1.5592058,1.1148331,4,6,false,0.8837741,0,0.6250997,3.543264
646,21,,false,StandingReading,Knitwear,1.7142907,0.84721565,4,7,true,1.9246466,0,-0.91371715,0.97699904
647,36,,false,StandingPresenting,Knitwear,1.5823625,0.90065163,7,1,true,-1.6349683,0,-2.5617878,-1.519948
648,48,8,false,SeatedTalking,Shirt,1.5274733,1.0389991,3,5,false,0.85234815,0,2.7057576,1.0332212
648,49,,false,StandingRelaxed,Blazer,1.9057746,1.1491022,1,1,false,1.628778,0,-2.473105,2.94898
650,51,3,false,SeatedListening,Knitwear,1.5818923,1.1749338,7,2,true,-0.5489984,0,-0.1769864,4.4183407
650,52,10,false,SeatedListening,Blazer,1.8709097,0.84320945,5,0,true,2.7447588,0,1.827826,0.0051528662
650,53,,false,StandingPresenting,Knitwear,1.5336738,0.9967373,4,5,true,-3.717144,0,-1.8303254,3.550067
651,63,27,false,SeatedWorking,Blazer,1.6822128,0.82844716,5,2,true,5.593179,0,0.9006869,3.94027
651,64,16,false,SeatedTalking,Shirt,1.6506165,0.8924949,0,4,false,7.044791,0,-2.1678364,5.986687
651,65,3,false,SeatedTalking,Blazer,1.5879235,0.8830363,0,2,true,-7.4783535,0,3.2211754,4.898698
651,66,,false,StandingPresenting,Blazer,1.6894318,1.1114334,0,2,false,-5.1572785,0,-3.856893,3.0711732
652,27,,false,StandingWalking,Shirt,1.8341553,1.0004815,2,5,true,2.0069258,0,0.7580045,-2.0816174
653,47,3,false,SeatedListening,Blazer,1.5153345,1.120086,6,3,true,1.6387831,0,-2.4536777,3.7265604
653,48,11,false,SeatedTalking,Knitwear,1.616344,1.1911644,1,3,false,1.2180265,0,1.4854331,3.7217448
654,45,,false,StandingRelaxed,Shirt,1.9115986,0.8426554,6,1,false,0.8984258,-0.13601595,-0.45044822,-2.3765056
655,77,29,true,SeatedWorking,Blazer,1.6066567,0.84807336,5,1,false,-1.9151621,0,9.522797,3.1415927
655,78,14,false,SeatedListening,Knitwear,1.6233348,1.1331679,2,6,false,0.055972755,0,-3.9312232,1.9472331
656,48,11,false,SeatedTalking,Blazer,1.8403523,0.99987775,6,4,false,4.4227085,0,-0.6711128,0.53602993
657,43,6,false,SeatedWorking,Shirt,1.6983236,0.8473714,7,6,false,0.53965145,0,-2.886954,2.6089702
657,44,3,false,SeatedTalking,Shirt,1.7152498,1.1485453,4,5,false,-1.4526715,0,2.081163,-1.4676219
657,45,16,true,SeatedTalking,Shirt,1.7677974,0.8729398,0,6,true,-1.232,0,6.49521,3.1415927
658,100,24,false,SeatedListening,Knitwear,1.7986861,1.0186315,7,4,false,3.9323394,0,-2.9943771,3.2818782
658,101,5,false,SeatedWorking,Knitwear,1.8401754,0.83794445,0,4,true,-4.456928,0,-0.09082037,3.247238
658,102,15,false,SeatedListening,Blazer,1.6986693,0.99953616,5,6,true,-1.6158148,0,-1.4506752,-0.17020524
658,103,11,false,SeatedListening,Shirt,1.5817738,0.87744766,4,3,false,-0.54989374,0,-2.5508552,0.44104293
658,104,,false,StandingWalking,Shirt,1.9306469,0.8907769,1,3,false,-4.0249405,0,2.3752666,2.7116244
659,16,3,false,SeatedTalking,Shirt,1.6757929,0.9389603,7,6,false,0.5547788,0.13449572,0.76750743,1.3221673
659,17,,false,StandingRelaxed,Shirt,1.5053463,0.8510515,1,6,true,0.5724387,0.13449572,-0.5404292,1.2770278
661,58,11,false,SeatedWorking,Knitwear,1.5733299,1.0133975,4,0,false,-4.483946,0,1.9743686,4.8979163
661,59,,false,StandingReading,Shirt,1.8878957,0.9209333,7,1,false,-2.2883804,0,-2.058768,2.2553833
662,70,30,false,SeatedListening,Shirt,1.8915031,0.9579155,0,5,true,1.5759807,0,2.1644492,2.2301562
662,71,18,false,SeatedTalking,Knitwear,1.5328066,1.1452131,2,5,false,-2.2681754,0,-1.9897184,5.4003334
662,72,,false,StandingConversation,Knitwear,1.8435603,0.854887,7,7,true,-6.2019567,0,-0.40642282,-1.3395315
663,26,5,false,SeatedListening,Shirt,1.7694992,1.036999,7,7,false,2.1071131,0,-1.3379229,2.2391977
663,27,12,true,SeatedWorking,Knitwear,1.7855892,1.1528264,1,2,true,-1.4629523,0,4.067242,3.1415927
663,28,,false,StandingWalking,Blazer,1.8929698,1.0347425,2,0,true,-1.124912,0,1.3983113,-2.4648428
664,43,4,false,SeatedTalking,Knitwear,1.6744007,1.1562696,3,0,false,-1.0050371,0,0.8923033,6.0165415
665,22,11,true,SeatedWorking,Knitwear,1.5463384,0.9985903,0,2,true,-2.1953478,0,3.88,3.1415927
665,23,,false,StandingWalking,Blazer,1.6209781,0.8880109,0,5,false,-3.9409363,0,-0.1206583,1.5298936
666,77,24,false,SeatedListening,Blazer,1.5399692,1.1926348,4,5,false,1.213278,0,5.925433,1.193962
666,78,17,false,SeatedWorking,Blazer,1.606427,0.9603501,4,1,true,2.1090374,0,-6.6003685,-0.84258115
666,79,3,false,SeatedListening,Knitwear,1.6149234,0.8425747,2,3,false,-0.9054852,0,-5.0431137,-0.36605415
669,69,1,false,SeatedTalking,Knitwear,1.7407489,1.0582707,1,3,true,-0.6975039,0,-4.3705635,4.872884
669,70,26,true,SeatedWorking,Shirt,1.7998497,1.1568052,0,7,true,-1.7417419,0,8.500741,3.1415927
669,71,,false,StandingReading,Knitwear,1.5551116,0.827511,6,5,true,-1.5694395,-0.12041537,2.9836235,-2.010842
670,40,13,false,SeatedListening,Blazer,1.5094184,1.1698872,2,1,false,-0.7827773,0,2.1071243,2.1901793
670,41,,false,StandingPresenting,Blazer,1.6877791,1.1542646,1,3,false,1.0233082,0,-3.7036467,1.942259
671,69,6,false,SeatedWorking,Blazer,1.5277218,1.0795245,0,7,true,-7.4371095,0,1.9252778,4.9826894
671,70,,false,StandingReading,Blazer,1.9334586,1.01854,3,1,true,-2.9135091,0,-1.5678293,-2.5333273
672,119,15,false,SeatedListening,Knitwear,1.6769565,1.0803908,4,7,false,-0.3828243,0,-0.043310165,0.6684916
672,120,31,false,SeatedTalking,Shirt,1.6001663,1.0509498,6,4,false,7.645574,0,-2.6091087,3.7106414
672,121,27,false,SeatedWorking,Shirt,1.7220241,1.0212991,4,1,false,7.7410192,0,0.50372696,3.7843008
673,116,12,false,SeatedTalking,Knitwear,1.5610658,0.99298304,1,3,true,1.4576708,0,0.83938557,0.18631163
673,117,3,false,SeatedListening,Blazer,1.5834408,0.8373694,0,0,false,-7.3907204,0,0.6386829,1.328888
673,118,30,false,SeatedListening,Blazer,1.510777,1.0929346,0,7,false,3.859813,0,-3.885365,1.3447468
673,119,28,false,SeatedWorking,Knitwear,1.7667443,0.9568854,3,7,false,-2.6385322,0,3.118847,1.8035979
673,120,24,false,SeatedTalking,Knitwear,1.5154332,1.2130966,3,6,true,-1.6912134,0,-1.9468881,1.4613775
674,65,16,false,SeatedListening,Shirt,1.5803732,1.0316799,5,1,false,1.3722242,0,4.27981,4.832155
674,66,2,false,SeatedTalking,Blazer,1.8374753,1.1129276,7,0,true,1.5979013,0,0.32466397,8.014869
674,67,3,false,SeatedWorking,Knitwear,1.7028781,1.101444,7,4,false,-0.6292796,0,0.19576211,4.626827
675,104,37,true,SeatedWorking,Blazer,1.6538552,1.2155519,4,5,false,-2.3042471,0,9.668126,3.1415927
675,105,24,false,SeatedListening,Shirt,1.858435,0.8565155,1,2,true,-0.52648044,0,-1.0142348,3.3008575
675,106,17,false,SeatedTalking,Knitwear,1.5488708,1.1427159,4,6,false,3.8025718,0,2.131089,0.5532746
675,107,29,false,SeatedTalking,Shirt,1.5103154,0.82602185,0,2,true,-1.8763754,0,-2.4004712,3.8433719
675,108,8,false,SeatedTalking,Blazer,1.5587577,0.82145876,3,6,false,0.9554032,0,6.2325926,1.2944603
676,74,1,false,SeatedListening,Knitwear,1.5572331,1.0375388,6,0,false,-3.8368125,0,-0.15403694,-0.5459519
676,75,11,false,SeatedWorking,Blazer,1.5235708,1.0131333,4,2,true,4.145216,0,1.1121593,0.010849655
676,76,15,false,SeatedTalking,Shirt,1.7896082,0.8622561,6,6,true,-0.9548142,0,2.0413973,-0.6125437
676,77,3,false,SeatedWorking,Blazer,1.5580364,1.0014998,1,3,false,-1.0974517,0,0.15121102,-0.49523255
676,78,,false,StandingWalking,Knitwear,1.5252024,0.89447474,5,5,false,1.8644463,0,-0.2924736,-0.08961129
677,23,,false,StandingPresenting,Knitwear,1.8807008,0.9398724,7,2,false,2.1679864,0,1.9691991,-1.8183365
678,31,,false,StandingConversation,Blazer,1.8199197,0.9563627,7,7,false,0.40169778,0,0.52935773,-1.1240058
680,123,38,false,SeatedListening,Blazer,1.5281584,1.1782584,4,0,true,-0.32548845,0,0.11770409,2.5427215
680,124,7,false,SeatedTalking,Shirt,1.5701658,0.87995565,5,5,false,-3.885283,0,-9.122725,4.723878
680,125,35,false,SeatedTalking,Shirt,1.9333218,1.2187569,2,1,false,2.4443703,0,-0.6176356,2.5472035
680,126,40,false,SeatedTalking,Knitwear,1.8823607,1.0511329,3,4,false,2.6618671,0,1.250214,2.8067555
680,127,30,false,SeatedListening,Knitwear,1.5332699,1.0521431,1,5,true,4.904678,0,7.2322354,-0.028472453
680,128,3,false,SeatedWorking,Shirt,1.7685089,1.0114815,0,2,false,3.6308494,0,-6.2028937,3.6685917
680,129,13,false,SeatedListening,Shirt,1.5044885,1.0852138,1,0,true,1.5687184,0,-7.312961,5.0235205
681,53,5,false,SeatedListening,Knitwear,1.7850032,0.86170053,3,4,true,2.2079167,0.12965888,-2.399174,1.703065
681,54,13,false,SeatedWorking,Shirt,1.5896358,0.9102853,6,7,false,-1.0115466,0,0.66676104,1.3214873
681,55,,false,StandingRelaxed,Shirt,1.7313223,0.8658724,2,2,false,-0.5753031,0,3.7883627,1.3636901
682,46,6,false,SeatedTalking,Shirt,1.7703015,0.87152374,6,0,false,3.3021758,0,-0.7583169,2.0664153
682,47,,false,StandingConversation,Knitwear,1.8703833,1.2159534,1,1,false,-2.9175766,0,-1.5686837,-0.27885342
683,44,2,false,SeatedWorking,Blazer,1.739188,1.0653496,4,5,false,-1.1332641,0,1.5655648,5.125213
683,45,,false,StandingRelaxed,Blazer,1.5652978,0.86530894,1,2,true,-2.4712293,0,3.4149144,-0.21486664
684,38,,false,StandingWalking,Shirt,1.7419332,1.1646606,2,3,false,-1.5267949,0,2.0424893,0.72140765
685,63,12,false,SeatedListening,Knitwear,1.5603722,1.0695057,0,1,false,-3.6701665,0,0.16971314,2.7124693
685,64,2,false,SeatedTalking,Shirt,1.8584611,1.0679494,2,4,true,-1.0647963,0,-0.7657784,4.6508603
685,65,6,false,SeatedListening,Knitwear,1.7044595,1.0025352,0,2,false,3.9771974,0,1.6586885,2.453087
685,66,10,false,SeatedListening,Knitwear,1.5488313,0.93775517,0,3,true,3.9385173,0,-1.0048803,2.7310119
686,34,,false,StandingPresenting,Knitwear,1.7113866,1.0814826,7,7,false,-0.5862237,0,-2.6631846,2.576741
687,95,9,false,SeatedWorking,Blazer,1.5614108,0.86526537,3,2,false,-0.49211672,0,-3.9928594,6.8546786
687,96,14,false,SeatedListening,Blazer,1.8969905,0.9122975,4,0,false,-4.594775,0,4.85246,3.4378712
687,97,22,false,SeatedTalking,Shirt,1.6003314,0.90305656,3,6,false,-1.7100253,0,5.3095,3.8812065
688,35,14,true,SeatedListening,Knitwear,1.8493853,1.0023845,6,0,false,-1.8106157,0,6.055487,3.1415927
688,36,,false,StandingRelaxed,Blazer,1.668281,0.83630365,5,3,false,2.3724985,0,1.4792203,0.8602841
689,111,17,false,SeatedWorking,Knitwear,1.6117437,0.86157686,0,7,false,0.34228235,0,-6.9232054,4.511974
689,112,,false,StandingConversation,Knitwear,1.7822,1.203345,4,3,false,-0.9072224,0,-6.7076044,0.9990089
690,59,10,false,SeatedListening,Knitwear,1.6582056,0.9590653,1,0,false,-0.46325284,0,-3.1015167,3.411771
690,60,,false,StandingRelaxed,Blazer,1.9477321,1.0813324,3,5,false,-0.979741,0,0.68378896,2.1657107
692,98,34,true,SeatedTalking,Knitwear,1.8994353,0.8589074,0,5,true,-1.848286,0,9.230158,3.1415927
693,45,1,false,SeatedListening,Knitwear,1.7039784,0.9223187,5,2,true,0.44050533,0,-0.6890695,5.681197
693,46,,false,StandingReading,Knitwear,1.6997211,0.95647484,6,6,true,-1.3965021,0,-0.29561844,-2.1538897
694,33,3,false,SeatedListening,Knitwear,1.5172185,0.83224267,0,3,false,1.2371349,0,-0.98070264,1.9314315
695,46,9,false,SeatedListening,Shirt,1.7150996,0.8214255,6,3,false,-0.64913285,0,-2.6591327,3.3453918
695,47,,false,StandingWalking,Shirt,1.5419594,0.92148924,3,0,false,2.6142936,0,1.4916915,-1.4669044
696,45,20,false,SeatedListening,Blazer,1.8957851,1.1111358,5,3,false,3.0754547,0,-4.992406,3.6717389
696,46,23,false,SeatedListening,Shirt,1.5661211,1.128645,5,3,false,1.0072372,0,-5.095862,4.276056
696,47,,false,StandingRelaxed,Blazer,1.7156857,0.8296925,6,5,false,0.6546631,0,-0.78688127,-2.0111268
697,58,9,false,SeatedWorking,Knitwear,1.6693004,1.0424763,4,6,false,-2.2641857,0,2.4591753,5.2572236
698,66,7,false,SeatedWorking,Blazer,1.6064024,1.1471286,0,2,false,2.327249,0,-1.8317528,3.6069608
698,67,15,true,SeatedWorking,Shirt,1.8103639,0.9997492,6,6,false,-1.947125,0,3.88,3.1415927
698,68,,false,StandingWalking,Knitwear,1.7859236,1.0552607,3,0,false,1.0129333,0,0.4928943,0.7001567
699,29,8,false,SeatedWorking,Knitwear,1.6160059,1.0783426,1,1,true,-0.45426506,0,2.0195131,5.784358
699,30,14,true,SeatedWorking,Shirt,1.769193,0.9335764,2,0,false,-1.6033864,0,4.4975934,3.1415927
700,47,7,false,SeatedListening,Blazer,1.7927296,1.0059205,5,7,false,1.7844007,0,-5.0071263,4.4709263
700,48,16,false,SeatedTalking,Shirt,1.7522806,0.92675,3,6,true,-0.94791114,0,4.927886,0.6882632
701,33,,false,StandingPresenting,Knitwear,1.9219723,1.134623,7,1,false,2.2698536,0,1.2366064,-2.4065037
702,101,24,false,SeatedWorking,Shirt,1.6659472,1.1111524,4,2,true,-3.0304282,0,6.8588476,3.118771
703,18,3,false,SeatedWorking,Blazer,1.6633188,1.2009689,6,7,true,-0.6812628,0,-1.7619302,0.9102433
704,35,1,false,SeatedListening,Shirt,1.7955956,0.82259417,2,2,false,1.2799495,0,-5.80228,3.3243456
704,36,7,false,SeatedTalking,Shirt,1.8767421,0.87428385,4,6,false,-0.95369923,0,-2.1177304,4.1879654
704,37,,false,StandingRelaxed,Knitwear,1.8044233,1.0623196,2,4,false,1.4377986,0,3.6097014,3.056937
705,67,1,false,SeatedTalking,Knitwear,1.7753911,0.9517046,2,3,false,0.6409751,0,-2.2402022,4.1355333
705,68,13,false,SeatedTalking,Shirt,1.6256049,0.84002215,1,5,false,-2.0370579,0,1.1077607,1.9225856
705,69,3,false,SeatedTalking,Shirt,1.651733,0.9302759,2,0,false,-2.1840022,0,-4.1120906,3.8254077
707,48,,false,StandingPresenting,Knitwear,1.6677822,1.202796,1,6,false,1.7231554,0,2.117255,-1.7287155
708,156,33,false,SeatedWorking,Knitwear,1.8002237,1.0905776,5,1,false,5.213455,0,1.4531085,2.5192175
708,157,9,false,SeatedTalking,Shirt,1.6806839,0.84767056,6,1,false,-2.7866523,0,0.9939818,2.8479815
708,158,25,false,SeatedTalking,Blazer,1.5426114,1.0701476,5,6,true,2.989152,0,-6.432489,2.2210543
708,159,1,false,SeatedWorking,Knitwear,1.7746171,0.8733305,3,4,false,-1.1848177,0,6.7381134,4.9518414
709,50,25,false,SeatedListening,Knitwear,1.9488928,0.8478158,3,1,true,-2.1186864,0,0.13403678,-0.0150254965
710,55,10,false,SeatedTalking,Shirt,1.5280133,1.1018454,4,4,false,6.772844,0,0.7884576,3.1703143
712,110,32,false,SeatedListening,Shirt,1.6218038,1.1133959,5,5,true,8.000262,0,2.8084536,2.995143
712,111,35,false,SeatedWorking,Blazer,1.5480072,0.82054365,3,5,true,-4.735264,-0.16245581,4.160418,1.4265903
712,112,28,false,SeatedListening,Knitwear,1.5073086,1.184754,7,3,false,4.1274014,0,5.4947877,6.2031455
713,72,11,false,SeatedWorking,Blazer,1.7292072,1.0763087,4,3,true,-4.680067,0,-0.07716471,0.16597292
713,73,,false,StandingPresenting,Shirt,1.6798111,1.1562529,0,1,true,-6.4341526,0,2.3036842,0.2125454
714,84,27,false,SeatedTalking,Blazer,1.6319447,0.8771429,7,0,false,-0.29167342,0,-0.5921162,4.487438
714,85,21,false,SeatedWorking,Shirt,1.5609996,1.1836624,0,4,true,-0.055149883,0,7.5594864,3.0646524
714,86,19,false,SeatedTalking,Blazer,1.7152878,1.1102703,1,5,false,3.5777755,0,4.7284765,2.0873418
714,87,,false,StandingRelaxed,Blazer,1.8229134,0.9996822,4,3,false,0.7468671,0,2.3022778,-2.8832092
715,20,13,true,SeatedWorking,Blazer,1.8638252,1.0303472,0,7,false,-1.7245753,0,5.0949764,3.1415927
715,21,7,false,SeatedWorking,Shirt,1.6804664,0.8766603,1,1,true,-1.1479796,0,-2.9450605,3.8578982
715,22,2,false,SeatedTalking,Knitwear,1.8511738,0.8545696,3,2,false,0.22407681,0,-1.4849277,2.8940346
715,23,3,false,SeatedWorking,Knitwear,1.9011145,1.2093557,6,6,false,0.6323282,0,1.1400454,5.950618
715,24,,false,StandingConversation,Shirt,1.8841634,1.1422746,6,3,true,-0.6883892,0,1.3051894,-1.6819493
716,57,0,false,SeatedListening,Knitwear,1.7815387,0.84293413,4,6,false,-1.6966954,0.4564203,-0.47178516,-0.33367816
717,28,3,false,SeatedListening,Blazer,1.5157852,0.8849826,4,5,false,3.118644,0,-1.6807574,1.586755
718,36,7,false,SeatedWorking,Shirt,1.7379363,1.0180639,4,0,true,0.5564626,0,2.6634152,0.5244835
719,37,,false,StandingPresenting,Blazer,1.6308937,1.1067488,0,0,false,1.3868512,0,-1.2181854,1.5305264
721,43,11,false,SeatedWorking,Knitwear,1.7507056,1.1208721,0,3,false,4.5361915,0,2.0727544,4.3773556
721,44,24,false,SeatedListening,Shirt,1.791468,0.91166514,0,0,true,-0.7989455,0,4.030881,5.4005075
721,45,0,false,SeatedTalking,Shirt,1.5177718,1.0133688,6,1,false,-4.8455157,0,-1.8844315,3.6008182
721,46,,false,StandingReading,Blazer,1.8544917,0.9474204,7,6,true,-0.123099856,0,-3.3446527,1.0361927
722,57,16,false,SeatedTalking,Shirt,1.6697239,0.9570383,6,7,false,-1.2829113,0,5.466169,0.3318564
723,36,,false,StandingConversation,Shirt,1.7566931,1.0902609,1,7,true,0.093097486,0.48194423,0.48995456,3.0413926
724,131,35,false,SeatedListening,Knitwear,1.5124552,1.007775,4,1,false,5.732779,0,6.5699363,4.7283025
724,132,45,true,SeatedTalking,Blazer,1.5552461,1.1803337,5,7,false,-3.6619773,0,8.857038,3.1415927
724,133,25,false,SeatedListening,Shirt,1.5507743,1.0139965,2,5,false,5.098502,0,1.9359194,1.7794856
724,134,,false,StandingWalking,Shirt,1.5092654,0.94847214,0,3,false,5.0731373,0,-4.8439236,-1.5113876
725,94,36,false,SeatedListening,Shirt,1.5430672,1.1607147,0,6,false,2.5192816,0,8.246588,-0.4303062
725,95,10,false,SeatedWorking,Blazer,1.7164086,0.9272556,0,0,false,-0.47889006,0,-4.661898,1.9753976
725,96,1,false,SeatedListening,Shirt,1.6027079,0.99029684,4,5,true,2.2999787,0,-7.659963,4.7183037
725,97,11,false,SeatedTalking,Shirt,1.6187732,0.9959116,5,4,false,-1.0223973,0,-2.364431,5.9588556
725,98,20,false,SeatedListening,Blazer,1.9349815,1.1171181,7,7,false,-1.4999099,0,2.0400167,-0.033705354
725,99,,false,StandingPresenting,Knitwear,1.7918482,1.0042133,3,7,true,-1.1185918,0,-6.1915693,2.5417469
726,104,40,false,SeatedWorking,Knitwear,1.9130502,0.90004265,3,7,true,2.9102476,0,6.175149,0.2650182
726,105,,false,StandingWalking,Shirt,1.8684683,1.110739,6,0,false,0.8717807,0,5.664032,3.024192
727,142,5,false,SeatedListening,Shirt,1.5599645,0.957381,1,4,false,-5.699311,0,4.3205886,4.2944884
727,143,30,false,SeatedTalking,Blazer,1.7700883,0.9408297,0,0,false,8.060611,0,-2.7468898,-0.7873758
727,144,7,false,SeatedWorking,Shirt,1.5911137,0.9938412,1,7,false,-4.437708,0,-3.4731727,8.00298
728,57,20,false,SeatedListening,Shirt,1.801068,0.92976093,1,5,false,1.8562243,0,1.5336398,1.9033768
728,58,13,false,SeatedWorking,Shirt,1.7545677,1.0654445,3,7,true,1.3071973,0,-4.144871,3.0482347
728,59,1,false,SeatedTalking,Knitwear,1.5429289,1.1042913,2,1,true,-0.8108523,0,-6.9774675,1.9517082
728,60,16,false,SeatedListening,Knitwear,1.6256043,1.0278728,6,4,true,-0.82246804,0,2.6634908,1.7847571
728,61,15,false,SeatedListening,Knitwear,1.6752737,0.9429409,7,3,false,-0.3220994,0,5.5199976,1.9921592
728,62,24,false,SeatedTalking,Blazer,1.7420813,0.8500872,2,1,true,-2.4948206,0,5.458918,1.5766482
728,63,,false,StandingWalking,Knitwear,1.6647137,1.0583816,2,5,false,-1.7308652,0,0.09087381,-2.692556
729,49,,false,StandingPresenting,Shirt,1.9291123,0.9088522,0,4,true,0.039189905,0,-2.1369975,3.337571
730,32,12,true,SeatedListening,Blazer,1.8482186,1.052134,6,2,false,-1.232,0,4.548269,3.1415927
730,33,,false,StandingWalking,Knitwear,1.5700958,1.1911947,7,4,true,-1.9681122,0,-0.11025115,-2.1156158
731,68,33,false,SeatedListening,Blazer,1.8230852,0.9885287,5,0,false,-2.9087775,0,0.26997864,1.2228414
732,94,3,false,SeatedTalking,Knitwear,1.6697934,1.1291445,4,7,false,0.037048697,0,-8.163327,3.8336077
732,95,9,false,SeatedTalking,Blazer,1.7911775,0.9884634,7,4,false,-3.5764198,0,-1.0269597,0.903438
732,96,17,false,SeatedTalking,Shirt,1.5248948,0.979585,4,0,false,-2.9926467,0,-2.7648551,1.642169
733,44,,false,StandingConversation,Knitwear,1.5878527,1.059883,3,4,false,-1.3719852,0,-3.564372,-2.9196098
734,53,3,false,SeatedListening,Knitwear,1.8502818,0.90500367,1,7,false,-2.614014,0,-1.3524442,4.8063426
735,145,3,false,SeatedWorking,Blazer,1.6642283,0.89457124,7,2,false,-7.476693,0,-0.91132724,4.756781
735,146,26,false,SeatedListening,Blazer,1.6562307,0.8960722,3,0,false,-0.6718953,0,-4.2029543,1.5269809
735,147,24,false,SeatedListening,Blazer,1.6857592,1.1562693,7,3,false,6.982624,0,3.5620441,2.2285154
735,148,11,false,SeatedListening,Blazer,1.6038182,0.94699794,7,3,false,5.001705,0,0.9830041,2.0511441
735,149,9,false,SeatedTalking,Shirt,1.7686034,0.86708504,6,2,false,2.1584198,0,-3.3807955,1.431018
736,91,22,false,SeatedWorking,Blazer,1.568324,1.1329638,5,4,false,-0.092891455,0,-1.5027633,4.0733466
737,27,,false,StandingReading,Shirt,1.6516542,1.0825894,5,6,false,1.0031917,0,-0.115347266,0.9335897
738,21,,false,StandingConversation,Blazer,1.8794185,1.0843388,2,5,false,1.7635798,0,-3.0790577,0.955775
739,47,8,false,SeatedListening,Knitwear,1.7055458,0.96156096,1,1,true,-0.9451362,0,1.130228,2.8565273
739,48,16,true,SeatedListening,Blazer,1.5406393,0.99423593,0,0,false,-2.4402573,0,3.88,3.1415927
739,49,3,false,SeatedTalking,Knitwear,1.6734943,0.8932693,1,2,false,-4.0204344,0,1.0660391,3.6998088
740,75,3,false,SeatedListening,Knitwear,1.5353522,0.8328226,7,7,false,-4.198576,0,-3.8036842,1.73151
740,76,12,false,SeatedListening,Blazer,1.7080528,0.9151914,0,1,true,3.8412604,0,-2.1165717,0.29569036
741,35,7,false,SeatedListening,Blazer,1.5732968,0.8803989,6,7,true,-2.861542,0,-1.3064282,1.8870614
741,36,15,false,SeatedTalking,Knitwear,1.5788441,1.0771592,3,0,false,0.50528145,0,-0.25589687,1.5661877
741,37,3,false,SeatedListening,Shirt,1.5518917,0.85258603,4,4,true,-0.5461238,0,-2.6392326,2.4051633
742,39,5,false,SeatedListening,Shirt,1.7575705,1.05126,2,7,false,1.9765662,0,-1.775871,3.0761592
742,40,11,false,SeatedListening,Blazer,1.7617834,0.95109844,1,1,false,-0.44127232,0,1.0586066,0.5522249
742,41,9,false,SeatedListening,Blazer,1.7516755,1.0385077,5,2,false,0.98657954,0,3.283161,2.9117763
742,42,21,true,SeatedListening,Blazer,1.6094055,0.9114316,4,3,false,-1.4350711,0,7.4905567,3.1415927
742,43,,false,StandingConversation,Knitwear,1.8139087,1.0808644,1,6,false,-0.58300287,0,-0.2616503,0.06800604
743,32,17,true,SeatedListening,Blazer,1.5701392,0.9153251,7,5,false,-1.3824353,0,6.8716316,3.1415927
744,66,11,false,SeatedWorking,Blazer,1.7295363,0.95217496,0,7,true,3.3279834,0,0.30091542,3.3947325
745,34,1,false,SeatedListening,Knitwear,1.8793322,0.9808477,4,4,true,0.08784896,0,2.9955053,0.74717855
745,35,,false,StandingConversation,Blazer,1.5536343,0.90772414,6,5,true,1.5465062,0,-0.16390525,-0.3349712
746,23,13,true,SeatedTalking,Shirt,1.5174618,0.9821886,3,7,false,-1.6907116,0,5.3824615,3.1415927
747,18,5,true,SeatedTalking,Shirt,1.8848901,0.8206671,7,6,false,-1.5428021,0,3.9325366,3.1415927
747,19,,false,StandingConversation,Shirt,1.7074033,0.85633034,0,6,true,1.482475,0,2.0998838,1.5895612
749,45,9,true,SeatedListening,Blazer,1.7300698,1.0767214,4,3,false,-1.4809659,0,4.6592455,3.1415927
750,51,,false,StandingRelaxed,Blazer,1.7072973,0.9299302,4,5,false,-1.9452178,0,-1.7047911,1.6984756
751,50,,false,StandingPresenting,Knitwear,1.864951,1.1842057,0,3,false,-6.715954,0.5040047,-1.308731,-1.9269444
752,92,13,false,SeatedListening,Knitwear,1.5547011,1.1002121,7,3,false,1.7209203,0,1.5995299,0.7868136
752,93,26,true,SeatedListening,Shirt,1.6904674,1.0352483,3,6,true,-2.6154237,0,5.109555,3.1415927
752,94,,false,StandingPresenting,Knitwear,1.7588131,0.98974425,1,6,false,2.3464508,0,-0.979987,1.8477285
753,35,20,true,SeatedTalking,Shirt,1.7768078,1.216598,0,3,false,-2.0393198,0,5.932373,3.1415927
754,103,21,false,SeatedTalking,Shirt,1.5607514,1.1761581,2,5,true,1.6196778,0,1.1136477,4.0966954
754,104,11,false,SeatedWorking,Shirt,1.7643478,1.0722816,5,0,false,-3.2914724,0,2.2085376,0.039609224
754,105,17,false,SeatedTalking,Shirt,1.6285775,1.1568763,3,1,true,-1.7296293,0,3.9272757,-0.23625478
754,106,7,false,SeatedListening,Shirt,1.6971829,1.0988171,7,3,false,-1.7257843,0,7.542721,1.2026399
754,107,19,false,SeatedWorking,Blazer,1.7074795,0.90736556,0,3,false,2.010752,0,-3.384678,2.6714866
754,108,,false,StandingReading,Blazer,1.7760649,0.83070725,2,6,false,0.58800507,0,-6.6122627,-1.1871095
755,70,5,false,SeatedTalking,Shirt,1.7499324,1.0146854,0,1,false,3.2285163,0,-1.6160107,4.7404137
755,71,18,false,SeatedListening,Shirt,1.5739695,1.2009965,3,0,false,-4.6801133,0,-1.391705,4.2742243
755,72,,false,StandingPresenting,Knitwear,1.5429643,0.94282246,3,6,true,-3.3091934,0,-1.9226817,-1.8874203
757,56,2,false,SeatedTalking,Blazer,1.8941694,0.99430525,4,5,true,-0.5896878,0,-1.3198214,-0.045511186
758,41,11,false,SeatedWorking,Shirt,1.7678456,0.9995444,5,5,true,0.6561295,0,-3.8371928,3.2436397
759,46,6,false,SeatedListening,Shirt,1.6445037,0.9930608,5,4,false,3.1333477,0,0.3642658,4.725237
759,47,,false,StandingRelaxed,Knitwear,1.7915032,0.8768389,1,4,false,1.815998,0.36202946,-1.7047578,1.5346491
760,96,29,true,SeatedWorking,Knitwear,1.5987927,0.9094143,6,3,false,-3.7276149,0,5.07405,3.1415927
760,97,13,false,SeatedListening,Shirt,1.8046535,1.0264164,6,3,true,-3.0716205,0,1.5256891,-0.5094944
760,98,,false,StandingConversation,Shirt,1.7425406,0.9724438,5,7,false,0.5191032,0,2.663589,2.7900813
761,53,7,false,SeatedListening,Knitwear,1.7371123,1.0192331,0,6,false,-0.1486032,0,2.5151856,4.04197
761,54,13,true,SeatedWorking,Shirt,1.5040399,0.8636804,7,7,false,-1.3272097,0,5.3783216,3.1415927
761,55,,false,StandingRelaxed,Shirt,1.5991142,0.82147837,5,2,false,-0.80783206,0,1.6566541,1.454344
762,43,,false,StandingPresenting,Knitwear,1.6829307,0.96062183,6,5,false,-2.2995968,0,0.6506093,1.8566511
763,112,16,false,SeatedWorking,Knitwear,1.5259477,1.0952206,3,3,false,3.0057285,0,3.1334338,4.160878
764,25,15,true,SeatedWorking,Blazer,1.6723922,0.867602,3,1,false,-2.1635149,0,3.88,3.1415927
766,101,23,false,SeatedListening,Knitwear,1.7256461,1.0832838,7,5,false,-0.33832306,0,1.2371613,1.7859391
766,102,11,false,SeatedListening,Knitwear,1.5628786,1.121681,7,7,false,-0.9582633,0,5.295516,0.22005916
766,103,18,false,SeatedWorking,Knitwear,1.6676441,0.83664507,3,7,false,-1.7979941,0,7.0419774,0.3820095
766,104,29,false,SeatedListening,Shirt,1.5455402,1.1954439,2,3,true,4.053753,0,-1.3299067,3.2612162
767,23,7,true,SeatedWorking,Shirt,1.5646477,1.0954388,4,6,false,-1.6274698,0,3.88,3.1415927
768,50,3,false,SeatedListening,Blazer,1.8014758,1.1099236,6,1,false,1.24076,0,-3.322762,3.3698146
768,51,22,true,SeatedWorking,Knitwear,1.6183854,1.0860841,1,2,false,-1.5311711,0,6.879091,3.1415927
768,52,,false,StandingWalking,Blazer,1.8829235,1.0228045,4,6,true,-1.7976851,0,0.9606523,-0.7460091
769,52,7,false,SeatedTalking,Knitwear,1.7041643,1.175991,4,4,false,1.4900032,0,-4.3871408,4.4550734
769,53,3,false,SeatedWorking,Knitwear,1.5205674,1.0033079,7,5,false,-1.473026,0,-3.1951818,3.5617008
769,54,,false,StandingPresenting,Blazer,1.5672908,1.086241,5,7,true,-2.9914134,0,-2.8799775,-2.5357654
770,23,11,true,SeatedListening,Blazer,1.8793849,1.0505948,2,1,false,-1.3885717,0,4.5362206,3.1415927
771,91,23,false,SeatedListening,Shirt,1.6406593,1.0672052,4,2,false,2.5159953,0,4.328306,3.6568465
771,92,19,false,SeatedTalking,Knitwear,1.5856785,1.0770651,2,3,false,-1.8911244,0,4.981091,6.025491
771,93,5,false,SeatedListening,Shirt,1.8056735,0.88707757,2,1,false,-2.044454,0,-4.6318684,1.5420363
772,47,7,false,SeatedWorking,Shirt,1.5762541,1.1219416,6,6,false,-0.0526788,0,-0.19251764,0.09257609
772,48,,false,StandingPresenting,Shirt,1.7153935,1.1897714,2,0,false,0.49767137,0,-1.9371176,-2.545352
773,88,,false,StandingPresenting,Shirt,1.563331,1.1049008,4,3,false,-3.849648,0,-0.79852635,4.61216
774,71,6,false,SeatedTalking,Blazer,1.6397806,0.85006326,4,3,false,1.6899939,0,-2.6510153,7.688433
774,72,,false,StandingConversation,Shirt,1.5831027,1.1705124,5,3,false,-0.022420818,-0.4687458,2.6956408,2.3288872
776,44,1,false,SeatedTalking,Shirt,1.6619523,1.1345378,2,0,false,1.2973373,0,0.054141223,-0.5063292
776,45,5,false,SeatedListening,Shirt,1.679045,0.85988957,3,2,false,-2.865281,0,0.9803007,-0.4454996
777,28,1,false,SeatedTalking,Shirt,1.5529186,0.8653442,5,1,false,0.53727,0,1.0006322,5.6777635
778,27,2,false,SeatedTalking,Shirt,1.9071405,1.1637712,2,3,true,-1.4937788,0,-1.0712236,1.6168487
779,30,13,true,SeatedListening,Blazer,1.6690437,0.9144334,0,1,false,-1.2965617,0,5.2608247,3.1415927
779,31,,false,StandingConversation,Shirt,1.7417228,0.83484536,1,5,true,-1.3349499,0,-2.0745022,3.0124142
782,41,5,false,SeatedTalking,Blazer,1.6390415,1.196938,7,2,false,-1.1261857,0,-2.658845,-0.00770716
782,42,,false,StandingWalking,Blazer,1.8798062,1.2113136,2,7,false,1.317292,0,1.651977,-2.1808558
783,89,,false,StandingRelaxed,Shirt,1.7182125,1.037482,6,3,false,0.58087486,0,-4.020227,-0.35307765
784,73,8,false,SeatedTalking,Knitwear,1.7653265,0.82404065,4,3,true,-2.7920399,0,2.5391285,4.175096
784,74,10,false,SeatedListening,Blazer,1.6025127,1.1852527,6,5,true,1.5516694,0,4.5400105,3.8258076
784,75,6,false,SeatedListening,Blazer,1.7070324,1.1252581,3,2,true,3.4611979,0,-3.950826,4.768581
784,76,0,false,SeatedTalking,Blazer,1.8362436,0.95407856,0,0,true,2.299272,0.4172935,-1.6203912,3.6660047
784,77,14,false,SeatedTalking,Blazer,1.6045151,1.1119828,0,6,false,-3.432754,0,0.22868443,4.768074
785,57,5,false,SeatedTalking,Knitwear,1.7604293,1.1836156,4,0,false,-0.89714867,-0.30732822,1.4087906,4.4675837
785,58,11,false,SeatedTalking,Knitwear,1.7943008,1.0688871,3,3,true,-3.0209918,0,7.1633425,4.823114
785,59,9,false,SeatedListening,Blazer,1.7101918,0.9198089,6,0,false,-0.936997,0,-6.947442,4.6248207
785,60,7,false,SeatedListening,Knitwear,1.8015616,0.93366027,0,7,false,-0.13117522,-0.30732822,-0.7556517,4.59355
785,61,,false,StandingConversation,Shirt,1.6886232,0.84444946,4,6,false,0.9327232,0,-4.921237,0.018824339
786,56,11,false,SeatedListening,Blazer,1.7740973,0.90432984,1,2,false,2.8881233,0,-1.1828203,1.7558874
786,57,1,false,SeatedListening,Shirt,1.7783928,0.86192787,2,0,false,-1.3281178,0,-1.0893956,8.408588
786,58,3,false,SeatedListening,Shirt,1.8815827,0.83166546,1,5,false,-1.465431,0,1.8614066,4.7194853
787,33,5,false,SeatedListening,Blazer,1.679105,0.9708204,4,3,false,1.1324574,0,-0.82529247,4.1775365
788,70,31,true,SeatedTalking,Knitwear,1.7482901,0.94959474,6,4,false,-2.6238823,0,6.905804,3.1415927
788,71,9,false,SeatedTalking,Knitwear,1.7271174,0.90953165,3,1,false,-3.9371524,0,2.049374,1.0224289
788,72,5,false,SeatedTalking,Knitwear,1.858598,0.82146657,3,2,false,-2.6280527,0,-3.75601,0.86988664
788,73,3,false,SeatedTalking,Shirt,1.7272519,0.91593856,2,0,false,5.0548,0,-4.2315574,1.2895792
789,24,11,true,SeatedTalking,Blazer,1.6446961,1.089598,7,7,false,-2.006121,0,3.88,3.1415927
789,25,,false,StandingRelaxed,Shirt,1.6320051,1.0793198,6,7,false,-2.1221132,0,1.2549504,1.4952371
790,116,22,false,SeatedListening,Knitwear,1.5972595,0.9057086,7,0,false,-5.8127575,0,4.146126,4.777316
790,117,5,false,SeatedListening,Blazer,1.5497855,0.9622414,5,4,false,-1.402211,0,-2.7235909,0.23331468
790,118,13,false,SeatedTalking,Knitwear,1.5719149,1.0686816,6,0,false,-1.3908103,0,-0.19086158,0.36878836
791,47,2,false,SeatedTalking,Knitwear,1.526732,0.9403062,6,6,false,-0.9514154,0,1.0435964,4.066195
791,48,,false,StandingPresenting,Knitwear,1.5287586,0.9045386,7,1,true,2.597406,0,2.4334779,1.5720409
793,115,3,false,SeatedWorking,Knitwear,1.5466936,0.90912116,5,4,false,0.7779407,0,-5.204259,0.2516883
793,116,24,false,SeatedListening,Shirt,1.831447,0.91706604,1,6,false,5.6767073,0,4.1260996,2.2866156
793,117,26,false,SeatedListening,Blazer,1.5691817,0.8417365,2,2,true,6.6143084,0,0.40471774,2.4500284
793,118,13,false,SeatedListening,Knitwear,1.7484112,1.0521395,6,4,false,0.5921634,0,0.6012767,1.9226725
793,119,17,false,SeatedListening,Shirt,1.6358788,0.86771464,6,6,false,-4.4845896,0,-1.9982526,0.4297307
793,120,37,false,SeatedTalking,Knitwear,1.7429178,0.95980823,0,5,false,3.5637243,0,4.160559,3.2354681
795,128,36,false,SeatedTalking,Knitwear,1.7250857,1.0476451,5,1,false,4.7186136,0,6.4293394,1.6612074
795,129,4,false,SeatedWorking,Knitwear,1.6793156,0.96723664,1,3,true,-3.379807,0,6.1167545,1.6582527
795,130,12,false,SeatedWorking,Knitwear,1.5181668,0.82235956,6,1,false,3.4794178,0,-3.5912042,2.157563
795,131,29,false,SeatedTalking,Blazer,1.7679813,0.97353333,1,2,false,-0.79196,0,-3.792993,5.217835
796,32,6,false,SeatedListening,Knitwear,1.8595856,0.8810386,3,0,true,-0.18530613,0,1.7472802,2.832798
797,52,5,false,SeatedWorking,Blazer,1.7942562,0.9844891,7,7,false,-4.851242,0,2.1040435,2.3518856
797,53,,false,StandingWalking,Knitwear,1.681726,1.1305822,2,5,false,5.538503,0,-0.34278956,-2.377976
798,42,5,false,SeatedListening,Knitwear,1.7598424,1.0666338,0,5,false,-1.2652553,0,1.1226628,0.4051177
798,43,,false,StandingReading,Knitwear,1.7197134,1.0125494,6,2,false,0.94768417,0,-1.182322,-1.5871519
799,52,31,true,SeatedWorking,Blazer,1.8189278,1.092884,6,3,false,-2.2851927,0,11.58,3.1415927
799,53,17,false,SeatedListening,Knitwear,1.6774776,1.0112175,1,0,true,1.1258188,0,5.6157365,5.4254236
799,54,,false,StandingConversation,Knitwear,1.5868741,1.146698,7,3,false,1.2771165,0,-0.56045634,-2.4958751
800,79,16,false,SeatedTalking,Shirt,1.8483841,0.8651608,7,3,false,-1.0533503,0,-0.99757636,2.1568656
800,80,20,true,SeatedListening,Knitwear,1.7708154,1.1650445,6,6,false,-3.0480537,0,5.1588216,3.1415927
800,81,,false,StandingRelaxed,Knitwear,1.6434454,1.0852336,1,4,false,-5.047083,0,0.6894681,0.24430299
802,97,28,true,SeatedListening,Shirt,1.769208,0.92079705,2,0,false,-2.8127964,0,7.5361347,3.1415927
802,98,18,false,SeatedTalking,Knitwear,1.7398131,0.85550606,4,1,false,-4.075685,0,2.7900484,1.1918801
802,99,,false,StandingConversation,Blazer,1.8365839,1.0422895,0,2,true,-0.2500669,0,-4.1929507,-2.279981
803,24,,false,StandingRelaxed,Shirt,1.8447311,0.8384099,4,5,true,0.56667304,0,1.7061911,2.293081
804,30,20,true,SeatedListening,Knitwear,1.5730417,1.0076691,4,1,false,-2.161838,0,11.026274,3.1415927
804,31,7,false,SeatedTalking,Shirt,1.7065756,0.9675941,5,6,false,0.4230045,0,5.4119964,3.914575
804,32,12,false,SeatedListening,Knitwear,1.6590638,1.1891973,2,3,false,2.4716418,0,3.3186307,4.688936
804,33,2,false,SeatedListening,Shirt,1.6425058,0.8933643,2,0,false,-1.6956754,0,-5.0560937,1.2225211
804,34,,false,StandingRelaxed,Blazer,1.5309303,0.9251544,3,7,true,-2.6894655,0,6.0160117,1.2564833
805,80,28,true,SeatedListening,Shirt,1.7862715,0.83476144,2,2,false,-3.1876488,0,7.4484377,3.1415927
805,81,19,false,SeatedTalking,Blazer,1.7964861,1.0527022,2,7,true,4.330287,0,1.6368537,1.3961899
805,82,21,false,SeatedListening,Shirt,1.5406576,1.0249271,2,0,true,3.456966,0,-1.636646,0.7841741
806,41,13,false,SeatedTalking,Knitwear,1.6254823,1.132907,5,0,false,-2.1672173,0,4.5310364,4.476228
806,42,,false,StandingReading,Blazer,1.897701,0.9902613,6,5,false,-0.71977925,0,1.7410537,-1.028929
807,67,,false,StandingWalking,Knitwear,1.6720612,1.1214018,1,5,true,-2.4237082,0,0.031875264,1.546932
808,57,,false,StandingPresenting,Blazer,1.827231,1.1690868,6,3,true,-5.1858377,0,2.7809362,0.14807105
810,36,2,false,SeatedWorking,Knitwear,1.6920011,1.0567912,4,5,false,-1.5252525,0,0.36178562,4.9248753
810,37,,false,StandingRelaxed,Shirt,1.5078717,1.0447359,6,7,false,2.3897164,0,1.0889192,0.36196995
811,67,11,false,SeatedListening,Shirt,1.7757704,0.94706964,5,3,false,-0.47803572,0,3.6963382,4.927585
811,68,5,false,SeatedListening,Knitwear,1.5246122,0.94804364,3,0,false,1.5793781,0,-3.881465,0.44240326
811,69,,false,StandingReading,Shirt,1.9086096,1.0993202,3,0,false,-1.6851069,0,-0.89401114,0.80637646
812,37,7,false,SeatedListening,Blazer,1.8288597,1.2064693,2,7,false,-6.754421,0,-1.1765592,3.5444565
812,38,5,false,SeatedWorking,Shirt,1.5247456,1.1149986,3,6,false,3.6467688,0,-3.13598,-0.1276693
812,39,,false,StandingReading,Knitwear,1.7616334,1.0722756,0,5,false,-5.5030446,0,-1.973369,-1.3879455
813,55,10,false,SeatedListening,Shirt,1.7218161,0.8613891,6,7,false,1.4382334,0,-0.3866381,-0.38329557
813,56,14,false,SeatedTalking,Blazer,1.507782,0.99470556,5,2,false,0.8705043,0,-2.5149887,-0.2145944
814,133,37,false,SeatedListening,Blazer,1.5121949,0.88103044,1,5,false,-5.6966915,0,2.9635983,0.5187797
814,134,,false,StandingConversation,Shirt,1.5601642,1.1934569,7,7,false,-3.4093752,0,3.1448205,2.962732
815,83,25,false,SeatedTalking,Knitwear,1.57966,0.8365337,2,5,true,3.3419335,0,2.6914003,1.6032584
815,84,33,false,SeatedWorking,Shirt,1.5842724,0.857901,2,1,false,3.1717315,0,-3.9681473,1.5637505
815,85,,false,StandingReading,Shirt,1.7298715,1.1009988,2,1,true,1.1522491,0,-1.2137367,-2.3631904
816,72,9,false,SeatedTalking,Blazer,1.792136,1.1983771,7,2,false,-3.4682288,0,-0.57389057,3.8160717
816,73,18,false,SeatedListening,Shirt,1.9463398,0.9984758,0,3,true,2.8696048,0,-1.5016007,3.0303
816,74,,false,StandingWalking,Shirt,1.9176009,0.9572007,4,2,true,-1.6962308,0,0.58315605,3.0943582
817,151,44,false,SeatedWorking,Shirt,1.6162441,1.1856147,4,2,false,4.261588,0,5.402479,0.5198158
817,152,21,false,SeatedWorking,Blazer,1.5423849,1.0904648,5,2,false,-0.52247703,0,6.238994,2.9664898
817,153,23,false,SeatedTalking,Blazer,1.6901312,1.1717749,3,5,true,0.5079673,0,3.9298828,2.2021027
817,154,30,false,SeatedTalking,Knitwear,1.8262457,1.0676917,1,4,true,-2.5984664,0,-0.27075005,2.4885483
817,155,11,false,SeatedWorking,Shirt,1.7362435,0.90075845,7,2,false,3.4119859,0,-7.2222395,2.2747664
817,156,,false,StandingRelaxed,Blazer,1.9342954,1.1214689,0,4,false,-1.0832553,0,-3.4949799,-1.9180355
818,33,4,false,SeatedListening,Knitwear,1.8027613,0.9547515,0,1,true,-1.3698384,0,-0.7096636,1.131448
818,34,,false,StandingReading,Knitwear,1.6119535,0.9399051,4,4,false,-2.906068,0,-1.1233087,-1.9958783
819,122,19,false,SeatedWorking,Blazer,1.6478585,1.1980889,1,6,false,4.7337713,0,-4.6256933,3.9074113
819,123,,false,StandingPresenting,Knitwear,1.8671403,1.2144451,1,4,false,-5.2736025,0,3.7929525,-1.9492867
820,117,13,false,SeatedWorking,Blazer,1.9248781,0.8588231,3,7,false,2.2860105,0,8.629995,3.9972339
820,118,22,false,SeatedListening,Blazer,1.7818513,0.9312186,7,0,true,1.0593805,0,-5.725978,3.8239508
820,119,27,false,SeatedListening,Knitwear,1.5003961,0.95736766,6,4,true,3.3988593,0,3.0482905,3.47519
820,120,,false,StandingWalking,Shirt,1.509426,0.98487514,5,7,false,-1.387633,0,-6.0401096,2.1076066
821,54,6,false,SeatedTalking,Shirt,1.6178843,1.0500035,4,4,false,1.6157147,0,2.771751,5.0629535
821,55,,false,StandingPresenting,Knitwear,1.5703173,1.1882389,7,2,true,2.1912599,0,-2.9313068,2.76622
822,44,1,false,SeatedTalking,Shirt,1.5206277,1.2115976,6,7,false,0.55561185,0,-1.4141846,1.3914263
822,45,,false,StandingConversation,Knitwear,1.636985,1.0812802,5,1,false,-0.8094266,0,-2.1332898,-2.1073668
823,33,1,false,SeatedTalking,Blazer,1.6904331,1.0171908,3,3,false,-1.38518,0,-1.4057844,3.0202787
823,34,,false,StandingRelaxed,Shirt,1.7767924,1.1838895,1,0,false,-2.8703196,0,0.48972598,-1.6263688
824,71,9,false,SeatedTalking,Knitwear,1.551052,0.90712214,7,2,false,2.2221384,0,-2.3268878,2.438886
824,72,,false,StandingReading,Knitwear,1.7197675,1.0617349,2,1,false,-2.7446373,0,-0.755256,0.22486067
826,72,14,false,SeatedListening,Blazer,1.6049336,0.8321251,1,1,true,4.4032917,0,-2.1875865,1.5712023
827,88,1,false,SeatedListening,Knitwear,1.5741642,0.95535755,5,7,true,-1.7888494,0,-5.3287663,-0.11238161
827,89,17,false,SeatedWorking,Blazer,1.9358251,0.9192355,3,7,true,1.284869,0,7.998409,0.47815436
828,135,11,false,SeatedListening,Shirt,1.6204253,1.1987427,5,4,false,-0.904408,0,2.2872262,3.2231565
828,136,7,false,SeatedListening,Blazer,1.7060112,0.9004541,1,6,true,-0.4540678,0,-6.8977013,6.704869
828,137,38,false,SeatedTalking,Knitwear,1.5342711,0.85689515,0,4,false,2.8109276,0,8.190778,1.1740558
828,138,,false,StandingConversation,Blazer,1.609144,0.9921825,4,3,false,-1.0425855,0,-2.3643878,1.5455945
829,181,10,false,SeatedListening,Knitwear,1.7496201,1.0047339,6,1,true,-5.6192284,0,5.0893173,3.4517553
829,182,16,false,SeatedWorking,Knitwear,1.8007417,1.008324,4,2,false,-1.0807567,0,-4.6921487,1.8118049
829,183,49,false,SeatedWorking,Shirt,1.5782177,0.8729462,1,0,false,2.821961,0,0.08125035,4.9846315
829,184,1,false,SeatedWorking,Shirt,1.7094127,1.2070956,6,6,false,-6.8446403,0,-1.7464573,2.336854
829,185,31,false,SeatedListening,Blazer,1.6646773,1.1061021,5,2,false,5.7739697,0,4.8374352,2.9971054
830,21,,false,StandingRelaxed,Knitwear,1.6130899,1.105514,3,0,false,-0.030623198,0,2.3127866,-2.8742712
831,20,,false,StandingReading,Shirt,1.5231187,1.0723277,7,2,false,1.0493718,0,-1.178641,-1.4423577
832,46,12,true,SeatedWorking,Knitwear,1.8544663,0.9721806,1,4,false,-1.6642016,0,4.646661,3.1415927
832,47,1,false,SeatedTalking,Blazer,1.8056557,0.83577055,3,2,true,-2.0949137,0,-2.449033,5.2837324
832,48,5,false,SeatedTalking,Shirt,1.7180445,0.957966,1,1,true,-2.7011092,0,0.7008498,3.0030458
832,49,,false,StandingConversation,Knitwear,1.9435613,1.1950328,4,2,false,2.4024792,0,1.5789964,0.18100214
833,48,4,false,SeatedListening,Blazer,1.5791796,0.95283425,0,3,false,4.679635,0,0.53766376,1.7046303
833,49,,false,StandingWalking,Blazer,1.5440431,0.9729969,5,5,false,1.3632919,0,3.9720967,0.0763042
835,87,19,false,SeatedListening,Knitwear,1.6148543,0.9615787,1,6,false,-5.441958,0,2.3900745,3.0138612
835,88,,false,StandingPresenting,Knitwear,1.5502875,0.84124506,1,0,false,-0.40523383,0,-1.6493179,0.4880104
836,67,25,true,SeatedWorking,Knitwear,1.5621952,1.0683694,5,4,true,-2.687526,0,6.203268,3.1415927
836,68,15,false,SeatedListening,Shirt,1.5023829,1.0986297,3,0,false,2.8261943,0,-2.891802,-0.39215982
836,69,11,false,SeatedTalking,Blazer,1.7614528,1.0485071,2,5,false,2.9080725,0,4.275672,6.064376
837,39,8,false,SeatedWorking,Knitwear,1.7462934,1.181678,0,1,false,3.4315557,0,2.5316172,0.3917598
837,40,,false,StandingConversation,Blazer,1.8047861,0.9996054,2,7,true,-2.6077769,0,-1.778926,-1.5135732
838,29,1,false,SeatedWorking,Knitwear,1.7173604,1.1380146,3,7,false,-1.5756872,0,-0.17048138,0.035812207
838,30,3,false,SeatedTalking,Shirt,1.5422319,1.0455983,0,7,false,-1.3548421,0.1592828,-2.2378027,-0.18983838
838,31,8,false,SeatedWorking,Knitwear,1.5575651,1.1525775,4,6,false,-2.0175016,0,1.7676185,3.2223256
838,32,,false,StandingPresenting,Blazer,1.6516814,0.88729244,0,0,false,0.21124849,0.1592828,-2.5116801,-2.8200724
839,23,,false,StandingRelaxed,Blazer,1.9465733,0.93127996,6,5,false,-0.7163073,0,0.5920504,-0.36114383
840,63,14,false,SeatedListening,Shirt,1.942379,1.1741266,1,0,true,-1.5422816,0,6.349458,0.6158047
840,64,27,true,SeatedListening,Shirt,1.7397817,1.2141607,4,0,false,-2.572174,0,8.6396265,3.1415927
841,69,5,false,SeatedTalking,Blazer,1.7816505,0.86866075,3,4,false,-5.257842,0,-1.9886256,3.6471472
842,42,3,false,SeatedTalking,Shirt,1.5772415,1.0984355,6,4,false,0.40323257,-0.32469964,0.7937319,1.6045349
842,43,,false,StandingRelaxed,Knitwear,1.6655807,1.1434432,6,7,false,-1.2055178,0,3.1276019,2.7183354
843,32,10,false,SeatedListening,Knitwear,1.7486979,0.9681536,7,4,false,4.447925,0,0.10593456,1.3237277
843,33,,false,StandingPresenting,Shirt,1.5383567,1.0734787,3,6,false,-4.6589293,0,-0.9681636,0.23081851
844,84,3,false,SeatedTalking,Knitwear,1.5654991,0.9600331,5,7,true,-7.6305056,0,2.4685335,4.634217
844,85,15,false,SeatedWorking,Blazer,1.6723478,0.86544067,6,3,false,-4.154871,0,3.109088,4.128644
844,86,,false,StandingWalking,Blazer,1.8471227,1.1667687,6,5,true,-2.7054741,0,-0.129137,-0.65755653
846,82,23,false,SeatedTalking,Blazer,1.5625397,1.1288052,3,5,false,-2.5510292,0,2.4892092,3.142261
846,83,15,false,SeatedWorking,Knitwear,1.71659,0.8659569,4,6,true,0.44623888,0,5.2277107,6.239348
847,137,32,false,SeatedTalking,Knitwear,1.6873308,1.0972649,5,6,true,1.3278762,0,3.7527673,0.3116924
847,138,16,false,SeatedTalking,Knitwear,1.7864757,1.2072914,3,2,false,6.6485796,0,3.6244774,0.8854321
849,93,16,false,SeatedTalking,Blazer,1.6225616,0.8588533,7,0,false,-2.4835072,0,1.9450076,-0.073042005
849,94,31,false,SeatedWorking,Blazer,1.6454623,1.1662122,1,1,false,1.960508,0,-1.600167,1.6577404
849,95,5,false,SeatedTalking,Blazer,1.609501,0.9591092,4,2,true,2.8178532,0,-4.441496,-0.01738403
851,39,,false,StandingWalking,Shirt,1.6851162,0.94199586,2,5,false,1.3524519,0,2.7651343,-2.3989782
852,62,3,false,SeatedWorking,Knitwear,1.5494547,1.1746998,1,1,false,-0.4264602,0,-4.4880257,-0.01902783
852,63,9,false,SeatedListening,Knitwear,1.7169386,1.0453321,4,6,false,-3.693037,0,-6.469849,-0.4061605
852,64,7,false,SeatedTalking,Knitwear,1.9355726,0.9202181,5,1,false,-3.2674134,0,-4.4993954,-0.26679724
852,65,,false,StandingConversation,Blazer,1.6225443,0.8449031,0,4,false,2.7685835,0,-3.1946642,1.0420053
853,34,,false,StandingRelaxed,Blazer,1.7996644,1.1095512,7,1,false,-1.8755316,0,-2.506189,-2.3427932
854,173,1,false,SeatedListening,Knitwear,1.6719567,0.82373875,5,2,true,-8.556265,0,-4.8059688,3.810237
854,174,14,false,SeatedWorking,Blazer,1.5896595,1.0292575,1,6,true,5.5330048,0,-5.2596126,3.5798175
854,175,36,false,SeatedListening,Shirt,1.7974252,0.88802546,6,3,false,-0.7745118,0,3.3088229,4.886897
854,176,20,false,SeatedWorking,Blazer,1.5335218,0.9768923,2,3,false,0.6999199,0,0.5247467,4.556466
854,177,3,false,SeatedWorking,Shirt,1.6969705,0.9846397,2,7,false,-8.841674,0,-1.7486899,3.407099
854,178,7,false,SeatedListening,Blazer,1.6679169,0.8612206,4,0,false,-7.262024,0,3.6576529,0.9531261
855,28,0,false,SeatedListening,Shirt,1.8166227,0.9260285,4,0,true,-0.6229505,0,1.7684687,5.6133285
855,29,,false,StandingRelaxed,Knitwear,1.6080902,1.1600376,2,1,false,1.0210412,-0.44087625,-3.085638,-3.1213453
856,127,10,false,SeatedListening,Shirt,1.7154813,0.92512846,1,3,false,-0.013723969,0,-6.433707,2.3389394
856,128,24,false,SeatedListening,Knitwear,1.6044581,1.05442,4,4,true,1.029156,0,6.043851,5.131999
856,129,41,true,SeatedTalking,Shirt,1.5351386,1.1293815,1,6,true,-2.608724,0,8.782145,3.1415927
856,130,7,false,SeatedListening,Shirt,1.782987,0.895782,4,0,false,2.2236881,0,-3.2921615,1.8221816
856,131,5,false,SeatedTalking,Knitwear,1.56778,0.94834614,2,4,false,-3.608657,0,-6.1547394,1.4945778
857,50,8,false,SeatedTalking,Knitwear,1.7052708,0.940434,4,0,false,2.5916598,0,0.2258283,4.4316716
857,51,12,false,SeatedWorking,Blazer,1.6333708,1.0816025,3,1,false,3.0642772,0,-1.5632836,4.273161
857,52,10,false,SeatedListening,Knitwear,1.8149191,0.91334796,1,6,false,2.3008533,0,1.5082992,4.09489
857,53,,false,StandingReading,Shirt,1.5801765,1.0631685,1,5,false,-4.012252,0,-0.6161266,2.5606806
858,85,3,false,SeatedListening,Blazer,1.6640913,0.99831367,1,0,false,4.8384757,0,3.0431042,0.052336544
859,74,23,false,SeatedListening,Shirt,1.8781867,1.0855763,3,3,false,-3.3464646,0,3.3760996,4.9653196
859,75,18,false,SeatedListening,Shirt,1.6694973,0.8889892,2,1,false,0.24083394,0,2.1167862,2.537518
859,76,21,false,SeatedListening,Blazer,1.5596316,0.9323819,2,1,true,-7.9304895,0,2.25655,4.41488
859,77,10,false,SeatedListening,Blazer,1.859821,1.0410643,0,3,false,-0.24561745,0,0.14737308,0.6733404
859,78,28,false,SeatedListening,Knitwear,1.7814331,1.1155112,0,3,true,5.6214237,0,-2.4975069,3.7205265
860,92,24,false,SeatedWorking,Knitwear,1.7034012,1.1505313,2,6,true,5.333164,0,3.889598,3.4671082
860,93,20,false,SeatedTalking,Shirt,1.5028784,1.0057847,0,3,false,6.3936434,0,-1.8489003,6.228449
860,94,,false,StandingConversation,Blazer,1.8374168,0.89585567,5,3,true,-5.492215,0,4.445648,-2.3013794
861,20,7,true,SeatedWorking,Knitwear,1.7424479,1.139806,0,3,false,-2.175382,0,4.1996756,3.1415927
862,117,22,false,SeatedListening,Blazer,1.511048,0.9284814,2,5,false,-0.95875585,0,4.5406837,0.45533764
862,118,29,false,SeatedTalking,Knitwear,1.9061879,1.128384,1,5,false,4.11345,0,2.8881402,3.7081735
862,119,33,false,SeatedWorking,Shirt,1.6819386,1.1039474,2,3,true,5.420059,0,-0.330274,2.472199
862,120,8,false,SeatedTalking,Blazer,1.5466659,0.95556116,6,0,false,7.3981643,0,-5.2747107,2.3574457
862,121,,false,StandingConversation,Knitwear,1.9221934,1.0887297,1,7,false,3.7085636,0,0.80279094,0.42942166
863,65,9,false,SeatedListening,Shirt,1.8931255,1.0441787,7,1,true,-1.2054408,0,6.156424,1.8845316
863,66,,false,StandingReading,Shirt,1.6245334,1.1960658,1,5,true,2.413679,0,-5.1669517,-2.7019777
864,103,4,false,SeatedWorking,Knitwear,1.5468196,1.1229298,2,7,false,4.688253,0,-3.9438286,0.32381818
864,104,12,false,SeatedTalking,Blazer,1.8418431,0.9870313,4,7,false,-5.366107,0,3.22084,0.28782463
864,105,2,false,SeatedTalking,Shirt,1.6754785,1.0783205,1,0,true,1.303381,0,-1.1713027,-0.8435091
865,49,,false,StandingWalking,Blazer,1.6741022,0.978276,3,1,false,1.2334689,0,-0.13703367,1.7727726
867,72,26,false,SeatedListening,Blazer,1.8937564,0.8713105,1,4,false,-3.0985324,0,0.96410733,3.0087087
867,73,33,false,SeatedWorking,Shirt,1.5382625,0.9524942,1,4,false,3.8022778,0,-8.814326,2.638273
867,74,31,false,SeatedTalking,Knitwear,1.6543217,0.8284702,4,6,false,2.5223289,0,-9.057918,3.6092007
867,75,20,false,SeatedListening,Shirt,1.581756,1.1018319,7,4,true,3.303521,0,6.60953,3.2091925
867,76,16,false,SeatedListening,Shirt,1.7627434,0.9540002,7,7,false,1.0990784,0,-4.3892446,3.9894698
867,77,23,false,SeatedListening,Knitwear,1.7015983,1.1436975,1,6,false,1.3095796,0,8.433711,3.1879215
867,78,,false,StandingPresenting,Knitwear,1.7435662,1.0946672,1,6,false,-3.1607888,0,-2.6745253,0.45968723
868,96,21,false,SeatedTalking,Blazer,1.7634825,0.88433856,2,6,false,-2.7098055,0,3.3710306,1.671
868,97,,false,StandingWalking,Knitwear,1.9056355,0.886759,6,7,true,3.9436548,0,-0.9007259,1.8934214
870,76,,false,StandingConversation,Shirt,1.798783,0.9153155,5,1,true,2.6776998,0,0.37835744,1.8689139
871,47,3,false,SeatedListening,Blazer,1.6335948,1.1202371,7,4,true,0.24325845,0,3.7781138,0.45849147
872,48,12,true,SeatedWorking,Shirt,1.7495173,0.8991135,6,0,false,-2.13803,0,3.88,3.1415927
875,94,3,false,SeatedListening,Blazer,1.671498,0.9003036,0,1,true,-0.73622,0,5.9099665,3.1677637
875,95,7,false,SeatedTalking,Shirt,1.7765436,1.0071574,2,5,true,3.6028903,0,3.9868343,3.341669
875,96,14,false,SeatedListening,Shirt,1.6918374,0.9145951,2,2,false,3.8734748,0,-5.614744,3.3226414
876,51,1,false,SeatedTalking,Blazer,1.7579596,1.0662298,3,0,false,-1.049297,0,-1.1508964,3.741319
876,52,,false,StandingReading,Knitwear,1.741376,1.0101436,1,6,false,-0.036568258,0,2.9500396,-0.5014603
877,116,29,false,SeatedWorking,Shirt,1.7925309,0.89660466,3,6,false,2.0509748,0,0.21872014,-0.09707174
877,117,15,false,SeatedListening,Shirt,1.5810126,1.0593909,3,3,true,-5.3285074,0,7.620734,3.6790245
877,118,41,false,SeatedListening,Knitwear,1.7575243,1.1021367,0,6,true,5.8438225,0,-3.5670114,1.0955887
877,119,37,false,SeatedWorking,Shirt,1.6787559,1.0249622,1,6,false,2.3052092,0,-7.0346427,2.4227958
877,120,31,false,SeatedListening,Knitwear,1.6763902,0.9356054,4,4,false,1.1685576,0,6.0823865,0.012520075
878,87,19,false,SeatedListening,Blazer,1.58916,0.94785905,0,0,true,2.336824,0,-0.68708783,5.449538
878,88,1,false,SeatedListening,Blazer,1.8042899,0.9395416,4,2,false,-3.673566,0,-1.7341374,2.7286675
878,89,35,true,SeatedWorking,Knitwear,1.5480781,1.052718,5,3,false,-2.4783268,0,8.87438,3.1415927
878,90,9,false,SeatedTalking,Blazer,1.5878652,1.1831871,2,2,false,-2.5714679,0,4.5018587,2.4114487
879,58,13,false,SeatedTalking,Knitwear,1.7058575,1.1486537,1,4,false,0.47107565,0,4.8229756,1.6586359
879,59,32,true,SeatedTalking,Shirt,1.6257515,0.9004733,6,5,false,-2.5329921,0,7.894913,3.1415927
879,60,25,false,SeatedListening,Knitwear,1.6481758,0.9265506,1,6,false,4.937149,0,4.5673065,1.7089541
879,61,,false,StandingPresenting,Knitwear,1.7628443,0.8226339,7,7,false,-3.919012,0,1.0691082,-2.4310007
880,37,3,false,SeatedWorking,Blazer,1.5101974,0.82275814,5,2,false,-3.5502396,0,2.625926,4.4383287
880,38,9,true,SeatedTalking,Knitwear,1.5858432,1.0440375,0,2,false,-2.305275,0,4.9268317,3.1415927
880,39,6,false,SeatedTalking,Shirt,1.9403231,0.9517555,5,1,true,3.3576906,0,1.654723,-0.29001695
880,40,1,false,SeatedListening,Blazer,1.5110761,1.1493255,4,1,true,-2.9064054,0,0.6955061,5.373351
881,36,2,false,SeatedListening,Blazer,1.5101403,1.1111964,1,2,false,-2.952703,0,0.43445674,-0.046684623
881,37,8,false,SeatedListening,Shirt,1.7226713,1.2103295,1,6,false,-3.5025465,0,3.8762097,4.3146114
881,38,18,false,SeatedListening,Knitwear,1.7137552,1.192067,4,6,false,3.345407,0,-5.3361225,1.6518346
881,39,11,false,SeatedTalking,Shirt,1.5757403,1.2014697,4,2,true,2.7088652,0,-0.48923892,3.3159118
882,81,16,false,SeatedListening,Shirt,1.6082456,1.0581111,3,2,false,-1.2563359,0,4.648717,-0.80995184
882,82,8,false,SeatedListening,Blazer,1.5473716,1.0350091,4,7,false,2.766096,0,-4.2550535,1.3765063
882,83,2,false,SeatedTalking,Blazer,1.6116471,0.82540935,0,6,false,-1.0577688,0,-3.6518617,1.4214516
882,84,18,false,SeatedListening,Knitwear,1.8026011,0.9807604,4,0,false,-3.1795459,0,4.87234,-0.011283666
882,85,0,false,SeatedTalking,Blazer,1.8818872,1.1681564,4,6,false,0.58364254,0,-4.2161393,2.1502936
882,86,,false,StandingConversation,Shirt,1.6076831,0.8584451,5,5,false,2.9200542,0,-0.34811583,-0.27861
883,51,5,false,SeatedTalking,Knitwear,1.5727767,0.8961086,1,5,false,-3.9466722,0,-1.8235207,5.236992
883,52,7,false,SeatedTalking,Shirt,1.8432865,1.0283756,0,1,false,0.15580696,0,-2.1493688,3.5493467
883,53,13,false,SeatedListening,Blazer,1.5624995,0.937307,4,0,true,2.2231438,0,2.79114,-0.35803923
883,54,,false,StandingPresenting,Knitwear,1.8924004,0.9642137,2,1,false,3.0564344,0,-2.6168125,-1.8009093
884,52,10,false,SeatedListening,Shirt,1.7393701,0.8708176,5,2,false,-1.2721748,0,-1.2924213,4.7159433
884,53,,false,StandingWalking,Knitwear,1.5081738,0.9302788,5,4,false,1.4698106,0,3.1990783,-1.8980653
885,30,10,false,SeatedListening,Blazer,1.575217,1.1713518,2,4,true,-1.0478547,0,-3.7712963,3.2363646
885,31,14,true,SeatedTalking,Knitwear,1.7478818,0.83624953,7,7,false,-1.8220592,0,5.58423,3.1415927
885,32,,false,StandingWalking,Knitwear,1.765575,1.1819758,6,4,false,-2.6837752,0,3.1807768,2.1597888
887,93,1,false,SeatedTalking,Blazer,1.8747923,1.0153888,5,6,false,-2.7112718,0,-5.423316,-1.7209688
887,94,15,false,SeatedWorking,Knitwear,1.5714751,1.0751915,6,0,false,1.2641113,0,2.21637,4.6560755
887,95,13,false,SeatedListening,Knitwear,1.9467772,1.0774187,3,4,true,2.2801013,0,-0.22126174,3.997584
887,96,27,false,SeatedWorking,Shirt,1.8351827,0.9656877,0,1,false,3.0406988,0,7.275886,0.16964398
887,97,9,false,SeatedTalking,Knitwear,1.6016525,1.1984568,7,1,false,-2.9528196,0,0.56737673,4.66079
888,55,18,false,SeatedTalking,Knitwear,1.8041792,1.0003276,5,5,true,7.6045227,0,-2.7415898,-0.09177402
888,56,29,false,SeatedTalking,Knitwear,1.5648478,0.8501443,2,0,false,0.26273698,0,1.7613368,4.2270517
888,57,11,false,SeatedWorking,Shirt,1.687399,1.1450456,0,0,false,-4.564385,0,-4.016796,2.9866695
888,58,23,false,SeatedTalking,Knitwear,1.8566816,0.9121306,5,5,false,-3.9147878,0,2.626548,4.1036696
889,100,34,false,SeatedListening,Knitwear,1.52535,0.889213,0,0,false,3.0292547,0,-8.118923,3.5290244
889,101,11,false,SeatedTalking,Shirt,1.8795563,0.8433965,4,1,false,-3.9213326,0,-3.6476388,-0.41283953
889,102,,false,StandingConversation,Blazer,1.7616651,1.1515005,7,7,true,5.744436,0,0.34456694,-2.1497407
891,118,7,false,SeatedTalking,Shirt,1.6898826,0.82347006,3,5,false,-2.3948069,0,-7.137798,-0.5573572
891,119,3,false,SeatedListening,Blazer,1.6942271,1.065088,2,7,false,-1.0764915,0,-4.4576297,-0.5190567
891,120,5,false,SeatedListening,Knitwear,1.7725074,0.88250864,2,3,true,-0.50737274,0,-6.648953,-1.1154413
891,121,51,true,SeatedTalking,Knitwear,1.8951588,1.0114031,1,1,false,-2.579977,0,10.44315,3.1415927
891,122,28,false,SeatedTalking,Knitwear,1.757425,0.8462591,3,5,false,2.3559253,0,5.9073725,3.4755383
891,123,,false,StandingReading,Blazer,1.7930937,0.8334819,0,2,true,1.2820582,0,6.105843,-1.4433299
892,64,23,false,SeatedWorking,Knitwear,1.881787,0.90554,0,3,false,-0.18869212,0,6.938762,-0.10841659
892,65,16,false,SeatedListening,Knitwear,1.728866,0.86821246,6,2,false,-1.1058276,0,0.7229774,-0.10440552
892,66,18,false,SeatedWorking,Shirt,1.6565108,1.0939226,7,4,false,-2.4678125,0,1.3790541,-0.88384396
892,67,10,false,SeatedTalking,Shirt,1.7178771,0.87496513,7,1,true,1.1587154,0,2.1874018,-0.0049599707
892,68,21,false,SeatedListening,Shirt,1.6097785,1.1031625,1,1,false,-2.3565698,0,6.8367248,0.16173725
893,72,21,true,SeatedListening,Shirt,1.5687815,0.9086352,7,5,false,-1.5915916,0,8.449088,3.1415927
893,73,,false,StandingConversation,Knitwear,1.896059,0.93401456,5,2,false,0.3331929,0.4983639,-2.5627007,2.1676152
894,59,9,false,SeatedListening,Blazer,1.7585115,0.91857696,5,3,false,2.298517,0,1.9404486,5.142591
894,60,15,true,SeatedTalking,Shirt,1.6825182,1.0733665,4,2,false,-2.25211,0,4.348612,3.1415927
896,56,11,false,SeatedListening,Knitwear,1.7016046,1.0367225,0,2,true,-2.3320382,0,-0.3173821,-1.1752801
897,54,11,false,SeatedListening,Shirt,1.5714568,1.1574168,7,0,false,-0.02118063,0,2.3031592,0.59690815
898,43,1,false,SeatedListening,Shirt,1.7502537,0.856078,2,4,true,-5.0170746,0,-0.34790504,3.5200949
898,44,11,false,SeatedWorking,Blazer,1.5781456,1.0337622,7,2,false,0.25137168,0,2.16403,4.876707
899,97,7,false,SeatedListening,Blazer,1.755524,0.89137316,1,3,true,-4.39621,0,0.16049105,-0.33815327
899,98,5,false,SeatedTalking,Knitwear,1.7162229,0.8694606,1,2,true,5.2021985,0,-2.554972,0.44949478
900,58,3,false,SeatedTalking,Knitwear,1.7868901,0.991925,3,7,true,2.0730524,0,-4.2990885,1.1453012
900,59,1,false,SeatedWorking,Knitwear,1.7141289,0.8591349,7,1,false,-0.14871562,0,-4.834166,1.0171514
901,79,27,false,SeatedListening,Shirt,1.5986955,1.2054023,2,2,false,3.2296293,0,2.0524347,-0.2640712
901,80,15,false,SeatedListening,Shirt,1.7826508,0.824702,3,5,false,6.486007,0,-2.445666,-0.86598885
902,34,9,false,SeatedWorking,Shirt,1.574856,1.0408345,2,7,false,3.5930407,0,0.3604487,0.25082034
902,35,22,true,SeatedTalking,Shirt,1.6460698,1.0660242,6,7,false,-2.2103083,0,4.728345,3.1415927
902,36,5,false,SeatedTalking,Shirt,1.5364445,1.0923578,2,4,false,-2.421562,0,1.3531766,-0.3127599
902,37,,false,StandingRelaxed,Blazer,1.7495307,1.1524208,0,7,false,-1.6642975,0,-0.22317137,2.5641172
903,56,1,false,SeatedListening,Blazer,1.7533591,1.0815688,2,2,true,-5.7723284,0,-0.95718163,5.31246
904,55,,false,StandingPresenting,Blazer,1.8185097,1.2000458,2,2,false,-0.015448347,0,-5.139286,-3.0886786
905,26,14,true,SeatedWorking,Blazer,1.6773522,0.95648885,7,0,false,-1.4293839,0,4.0183578,3.1415927
906,51,13,true,SeatedTalking,Blazer,1.7291896,0.94837224,4,0,false,-1.4463489,0,7.3132086,3.1415927
907,57,7,false,SeatedListening,Blazer,1.5532184,1.1205751,3,5,false,-0.9976072,0,3.048869,5.020132
908,82,31,true,SeatedTalking,Blazer,1.6397355,1.0806679,3,4,false,-2.83461,0,7.5975714,3.1415927
908,83,14,false,SeatedWorking,Shirt,1.785882,1.0384624,5,1,false,5.5779037,0,0.6420174,7.930828
908,84,10,false,SeatedTalking,Knitwear,1.5329288,0.99730617,0,1,true,-4.520981,0,-5.3128104,4.7841816
908,85,2,false,SeatedListening,Blazer,1.8948824,1.0409102,6,2,false,-3.652637,0,-2.3984613,4.717373
908,86,21,false,SeatedWorking,Blazer,1.6627932,0.9102131,5,7,false,-1.7093405,0,4.179099,4.8076916
909,56,2,false,SeatedListening,Knitwear,1.9150311,0.90161705,1,4,false,1.1546118,0,0.9485102,7.8678946
909,57,8,false,SeatedTalking,Shirt,1.7200857,0.8544709,6,5,false,1.4363189,0,2.012284,4.6469536
909,58,3,false,SeatedTalking,Shirt,1.9132357,0.85540575,6,5,true,-1.7688353,0,1.377277,4.535896
909,59,,false,StandingReading,Knitwear,1.6205214,0.91628236,1,7,false,-0.60018176,0,-2.4488118,0.8750994
910,107,7,false,SeatedTalking,Knitwear,1.5385683,0.8422006,6,7,false,-1.2815272,0,-1.3525349,3.0337155
910,108,,false,StandingReading,Blazer,1.8238668,1.1928046,2,7,false,-3.9792333,0,-0.015592625,-2.5324316
911,39,3,false,SeatedWorking,Shirt,1.5113114,0.98872685,7,0,false,-2.439102,0,2.5995836,0.22988893
911,40,,false,StandingRelaxed,Shirt,1.5482495,1.0097467,3,2,false,-0.8459366,0,2.6110578,0.4291184
913,44,5,false,SeatedListening,Shirt,1.578323,0.9574532,1,7,false,-1.4194438,0,1.8260522,3.6325421
913,45,,false,StandingPresenting,Blazer,1.9416234,1.0341824,2,2,false,0.24420902,0,0.48668346,-0.87190413
914,65,14,true,SeatedWorking,Shirt,1.5930972,1.02349,2,7,false,-1.232,0,6.2711377,3.1415927
914,66,,false,StandingPresenting,Knitwear,1.5121129,1.0071906,0,5,true,-1.1071302,0,1.0897137,2.8822749
915,101,1,false,SeatedListening,Knitwear,1.5432377,1.0094706,4,6,false,0.02655676,0,-1.4455663,3.2582386
915,102,24,false,SeatedListening,Knitwear,1.6492101,1.0315785,3,0,false,1.5743443,0,-8.645605,3.3484354
915,103,,false,StandingWalking,Shirt,1.6404727,0.9055339,6,5,false,-2.1368873,0,-6.109516,0.15122437
916,25,5,false,SeatedTalking,Blazer,1.5433172,0.8848921,0,0,false,2.9390912,0,0.55771613,4.6367764
917,58,1,false,SeatedTalking,Blazer,1.7234024,0.9316193,5,5,false,-1.5671005,0,2.5069563,2.3910067
918,89,28,false,SeatedListening,Knitwear,1.8674197,0.8609282,5,3,false,2.9556978,0,4.0339456,1.519453
918,90,4,false,SeatedWorking,Knitwear,1.6527871,1.0280328,6,5,false,-7.855446,0,-3.2231488,4.139616
918,91,24,false,SeatedListening,Shirt,1.5978103,1.1192936,4,1,true,7.3291407,0,-0.103901565,-0.2727776
918,92,,false,StandingConversation,Knitwear,1.9021503,1.1081269,5,0,true,-5.205912,0,-1.7076111,1.2611606
921,42,1,false,SeatedTalking,Knitwear,1.5397261,1.0242937,5,0,false,1.5459514,0,0.68724436,7.124708
921,43,5,false,SeatedTalking,Knitwear,1.7165799,1.1008707,2,5,false,-0.17972523,0,1.0707426,3.0050888
921,44,,false,StandingConversation,Knitwear,1.7387695,0.8575987,3,3,false,-2.0193079,0,2.0558276,0.50885916
922,74,13,false,SeatedTalking,Shirt,1.5837963,1.208744,1,4,false,2.4696846,0,-1.6576027,4.9668093
922,75,1,false,SeatedTalking,Blazer,1.5418066,1.0889084,6,2,false,-2.017202,0,3.3238475,0.68044984
922,76,11,false,SeatedListening,Blazer,1.5426143,0.9881303,2,5,false,2.4230762,0,0.14638174,4.845828
922,77,,false,StandingRelaxed,Blazer,1.7682667,0.95196366,7,2,false,1.6177708,0,3.4812837,1.268563
923,74,25,false,SeatedWorking,Shirt,1.615871,1.2076535,2,5,true,-1.8520254,0,2.3054795,-0.276722
923,75,17,false,SeatedListening,Blazer,1.633013,0.93408126,2,6,false,3.2504778,0,2.2637594,0.68630815
923,76,34,true,SeatedTalking,Blazer,1.760509,0.84289056,0,6,true,-2.5700288,0,8.407261,3.1415927
923,77,27,false,SeatedTalking,Blazer,1.9347634,0.82899415,5,6,false,0.117066145,0,1.3157876,1.4842781
924,58,9,false,SeatedListening,Knitwear,1.8742845,0.9207156,7,0,false,0.68213975,0,2.3342075,3.6770015
924,59,5,false,SeatedListening,Blazer,1.5956388,1.0796238,6,0,true,-3.5801105,0,-2.7033143,4.7121167
925,58,5,false,SeatedListening,Blazer,1.7344146,1.0419043,5,7,true,-1.0357559,0,-3.6649296,1.5955341
925,59,19,false,SeatedTalking,Blazer,1.9212482,0.91987586,6,1,false,1.1831895,0,4.095209,1.3421361
925,60,3,false,SeatedTalking,Shirt,1.7468542,0.8328937,4,2,false,2.3733792,0,-5.210552,1.3604856
926,73,12,false,SeatedTalking,Knitwear,1.6149026,0.9264194,6,6,false,4.6457305,0,2.5977793,-0.48497123
926,74,22,true,SeatedWorking,Knitwear,1.8408079,0.9816847,2,2,false,-3.4171603,0,4.5143776,3.1415927
926,75,5,false,SeatedTalking,Blazer,1.6091311,0.9637833,2,1,true,-5.8588285,0,0.81667817,1.9277271
926,76,18,false,SeatedListening,Knitwear,1.7557169,1.0312366,7,6,true,-1.4523324,0,-0.4393275,5.288567
927,42,14,true,SeatedTalking,Blazer,1.758918,1.0348058,1,3,false,-1.232,0,5.5607457,3.1415927
927,43,8,false,SeatedWorking,Blazer,1.6825881,1.0799102,6,7,true,-0.80795664,0,3.8167176,-0.00045837462
927,44,,false,StandingWalking,Blazer,1.6309004,1.1247275,4,1,false,0.50389653,0,3.006897,-1.593681
928,28,8,false,SeatedListening,Shirt,1.7060287,1.210156,1,7,true,-3.508328,0,0.8978645,3.5802667
928,29,1,false,SeatedTalking,Blazer,1.7079101,1.1075354,1,1,false,1.0319711,0,-0.714826,2.7986593
930,49,2,false,SeatedTalking,Knitwear,1.689698,0.99699676,0,7,false,-6.2957077,0,-1.6741639,4.8140135
931,42,2,false,SeatedWorking,Knitwear,1.7390631,1.0350773,1,7,false,-1.7139992,0,0.47029006,4.8624663
931,43,,false,StandingPresenting,Blazer,1.5875906,0.8323236,6,2,false,0.39051446,0,-1.3732038,-2.5351453
932,144,33,false,SeatedWorking,Shirt,1.8481569,0.8348476,7,6,false,-1.2612523,0,4.6730337,4.10101
932,145,23,false,SeatedWorking,Shirt,1.5700681,1.1496413,4,3,false,1.6002603,0,-0.52965575,5.7678523
932,146,17,false,SeatedWorking,Shirt,1.6534834,1.1265668,4,7,false,3.870325,0,1.7988484,4.6476603
932,147,27,false,SeatedWorking,Blazer,1.6915807,1.102867,3,7,false,2.9221206,0,3.3661623,7.752238
932,148,21,false,SeatedWorking,Knitwear,1.6556183,1.1050737,4,7,true,3.3079815,0,5.300358,3.737708
932,149,37,false,SeatedListening,Knitwear,1.5351236,0.83239716,3,3,false,-5.527819,0,-1.0815886,4.789418
932,150,,false,StandingWalking,Knitwear,1.6122538,0.95933604,6,7,false,-1.8769505,0,1.6192302,-1.3294798
933,79,11,false,SeatedWorking,Blazer,1.7052684,0.8767814,5,1,true,3.0007038,-0.31672505,-0.72384006,0.7010027
933,80,17,false,SeatedListening,Shirt,1.531618,0.9884236,5,2,true,-0.4610181,-0.31672505,-1.3459917,2.1780167
933,81,2,false,SeatedTalking,Knitwear,1.5235425,1.188598,6,1,true,-3.9127886,0,-1.3272958,1.4331859
933,82,19,false,SeatedListening,Knitwear,1.8192801,0.8925116,7,6,true,-1.5031631,0,3.7490075,1.5517015
933,83,,false,StandingWalking,Knitwear,1.8316848,0.8906872,1,5,false,6.4326253,0,0.45297855,-2.3729177
935,30,10,true,SeatedWorking,Shirt,1.5378637,1.0237137,6,3,false,-2.6983714,0,3.88,3.1415927
935,31,4,false,SeatedTalking,Shirt,1.6701758,0.98590803,2,1,false,-1.9673498,0,1.2575302,3.3484957
936,36,,false,StandingPresenting,Shirt,1.8838083,1.1992569,3,7,true,-1.2449968,0,0.930037,5.164425
937,53,11,false,SeatedListening,Blazer,1.8473723,1.2094438,0,0,false,2.7467709,0,-1.4198596,1.2812089
938,95,25,false,SeatedWorking,Shirt,1.7331158,1.1781123,2,2,false,-4.99511,0,3.2538936,1.5090652
938,96,31,false,SeatedListening,Knitwear,1.7683284,0.87586546,0,3,false,6.5904913,0,-3.1469736,2.3931088
938,97,7,false,SeatedTalking,Shirt,1.6305457,1.0314405,3,4,true,4.9334173,0,-0.86793816,1.6160213
938,98,23,false,SeatedWorking,Knitwear,1.7058741,0.8496459,5,1,false,1.0929246,0,3.9951873,1.8480864
939,72,24,false,SeatedTalking,Knitwear,1.7990729,0.99455166,0,7,false,1.3216457,0,2.7822301,5.646945
939,73,10,false,SeatedWorking,Blazer,1.6845169,0.9900211,3,5,true,5.131599,0,-2.0927763,0.16576602
939,74,32,true,SeatedTalking,Knitwear,1.5203283,0.9443444,0,0,true,-3.9661918,0,5.1448755,3.1415927
940,33,3,false,SeatedWorking,Shirt,1.5593299,0.9022061,1,6,true,1.9828438,0,-0.7354387,2.9656096
942,87,21,true,SeatedWorking,Shirt,1.6970327,1.1584878,7,4,false,-2.9643824,0,5.714349,3.1415927
942,88,,false,StandingPresenting,Shirt,1.9359199,1.1815091,3,4,false,5.670842,0,2.4127095,1.5241641
943,62,9,false,SeatedListening,Shirt,1.6543214,0.8904191,0,5,false,6.6459527,0,-0.9612926,0.8734686
943,63,,false,StandingRelaxed,Knitwear,1.6989481,1.1788591,4,1,false,4.507305,0,2.719585,2.7234137
944,48,10,true,SeatedWorking,Knitwear,1.757349,0.9672656,1,2,false,-1.232,0,5.1256747,3.1415927
944,49,1,false,SeatedListening,Shirt,1.6754997,0.88089764,7,4,true,1.2351462,0,1.4628676,7.1706915
944,50,,false,StandingReading,Knitwear,1.9146379,0.9885574,4,2,false,-1.8233515,0,0.15686367,-1.8486371
945,80,26,false,SeatedListening,Knitwear,1.796396,1.1669924,2,1,false,2.9940069,0,-5.860585,3.3884513
945,81,3,false,SeatedListening,Blazer,1.5206308,0.9167421,0,7,false,-4.9843574,0,-4.313836,3.5194962
945,82,27,false,SeatedListening,Blazer,1.6107177,1.005575,6,6,true,0.41861153,0,-4.527416,4.0965757
946,40,9,false,SeatedWorking,Knitwear,1.7720538,0.8971377,0,1,false,6.524326,0,-2.5847096,1.7081838
946,41,14,false,SeatedListening,Knitwear,1.5800958,0.92242515,3,7,false,-5.7787166,0,0.90239,4.275255
947,35,,false,StandingRelaxed,Shirt,1.6968246,0.94808966,4,5,false,-1.2009466,0,-2.1058023,-1.6889706
948,46,4,false,SeatedListening,Knitwear,1.8476472,0.9809396,7,2,false,1.6069812,0,-1.4158703,3.118469
948,47,1,false,SeatedWorking,Knitwear,1.8213372,0.836566,6,4,false,-2.2344396,0,0.7418513,4.052512
949,76,13,false,SeatedWorking,Knitwear,1.7306154,1.096597,1,2,false,-4.167312,0,6.37299,0.25640184
949,77,9,false,SeatedTalking,Knitwear,1.7526361,1.0882814,4,7,false,1.6114509,0,1.4696106,0.59217083
949,78,8,false,SeatedListening,Knitwear,1.9144437,0.9048187,5,5,false,-1.2109079,0,0.8030592,-0.63882446
950,47,6,false,SeatedWorking,Shirt,1.7395754,1.0910686,2,1,false,0.98990077,0,1.1808633,5.429656
950,48,,false,StandingRelaxed,Blazer,1.6997907,1.0734441,4,0,false,-1.7026942,0,2.046169,-0.55293345
951,104,21,false,SeatedWorking,Blazer,1.647121,0.97863185,4,5,false,1.788497,0,2.2097936,0.907645
951,105,6,false,SeatedWorking,Shirt,1.5107048,0.97045416,2,0,true,-3.89238,0,1.4803619,2.2795424
951,106,8,false,SeatedListening,Blazer,1.5852076,0.83275163,5,2,false,3.9806504,0,1.3774476,1.3816044
952,52,8,false,SeatedTalking,Blazer,1.7534274,0.9037347,4,6,false,-3.0596998,0,4.3966484,3.6386788
953,50,10,false,SeatedListening,Knitwear,1.6128074,0.9512139,7,4,true,2.8013523,0,-0.6623209,4.6870675
953,51,1,false,SeatedWorking,Knitwear,1.5902002,1.0937924,6,2,false,-3.5439653,0,-1.9110421,2.4841912
953,52,13,true,SeatedListening,Shirt,1.5147046,1.0818958,2,4,false,-2.6281984,0,3.9230099,3.1415927
955,56,16,true,SeatedWorking,Knitwear,1.7577128,1.0227373,3,1,false,-1.4957128,0,5.8393035,3.1415927
955,57,8,false,SeatedTalking,Shirt,1.613029,0.8639045,1,6,false,1.9274652,0,2.3752813,-0.00013273954
958,32,8,false,SeatedTalking,Knitwear,1.7594935,0.9692715,7,3,false,2.0320323,0,0.16362262,2.0323048
958,33,3,false,SeatedWorking,Shirt,1.5620136,0.88133126,1,7,false,-1.0207052,0,-4.291298,2.5496845
958,34,6,false,SeatedListening,Knitwear,1.5473565,1.0231851,7,7,false,-1.9973211,0,-0.48052758,3.155328
958,35,,false,StandingConversation,Knitwear,1.5345073,0.8240182,3,6,false,2.2274847,0,-3.7131796,0.46363735
959,45,11,true,SeatedListening,Knitwear,1.7810805,1.1962333,4,2,false,-2.0403733,0,3.88,3.1415927
960,66,4,false,SeatedTalking,Shirt,1.8399707,1.0264567,7,6,false,-0.81168556,0,3.3242002,4.684996
961,50,25,true,SeatedTalking,Shirt,1.7233474,1.0352399,4,5,false,-2.063828,0,7.3924847,3.1415927
961,51,14,false,SeatedListening,Shirt,1.7633185,1.0949376,1,1,false,-2.6267688,0,4.769611,1.4881605
961,52,18,false,SeatedListening,Shirt,1.5715806,0.93650836,7,3,false,-1.1123409,0,3.458205,1.4109069
962,86,1,false,SeatedListening,Shirt,1.5754182,1.1042057,1,5,false,-0.10152681,0,-7.804021,2.8710845
962,87,23,false,SeatedWorking,Blazer,1.7018104,0.90920347,7,1,true,-0.37499118,0,8.88579,0.12272234
962,88,7,false,SeatedWorking,Blazer,1.7853576,0.92114747,5,2,false,3.3180332,0,-8.555459,1.1846601
963,46,9,false,SeatedTalking,Knitwear,1.900476,0.9936741,4,3,false,1.3717885,0,2.4850838,2.8315597
963,47,5,false,SeatedWorking,Blazer,1.7649205,1.1842576,5,3,false,0.42310947,0,-0.7481255,7.5278573
964,102,19,false,SeatedListening,Blazer,1.7568145,1.1244982,0,2,true,-4.457096,0,3.7460217,1.7058319
964,103,23,false,SeatedWorking,Knitwear,1.5720748,1.0549273,6,3,false,0.6022891,0,-1.1421947,1.7908304
964,104,13,false,SeatedListening,Blazer,1.6524594,0.9963474,1,3,false,4.422574,0,-2.2247329,1.5719416
964,105,31,true,SeatedWorking,Shirt,1.5895337,1.0691478,4,4,true,-3.1267476,0,6.218533,3.1415927
965,28,8,false,SeatedListening,Shirt,1.7253426,1.1832786,7,4,false,1.2645578,0,0.40719903,4.3434463
965,29,,false,StandingPresenting,Shirt,1.678505,0.89780426,0,1,false,-0.6269473,-0.4782881,1.6178523,0.28561258
966,55,9,false,SeatedListening,Shirt,1.7463461,0.96747833,6,3,false,-3.6129475,0,0.8267424,3.9778047
967,39,9,true,SeatedWorking,Knitwear,1.5240301,1.1930468,1,2,false,-2.200365,0,3.88,3.1415927
967,40,2,false,SeatedListening,Blazer,1.854039,0.97896,0,0,false,1.1251951,0,0.19228555,0.5335907
967,41,,false,StandingPresenting,Blazer,1.8619163,0.95236516,0,5,false,3.411285,0,-1.5104833,2.2537255
968,20,1,false,SeatedWorking,Blazer,1.6419362,0.9545499,6,2,true,0.055965424,0,-2.6083176,1.8543919
968,21,,false,StandingReading,Knitwear,1.7885001,1.0337672,6,5,false,-0.2736725,0,-1.053201,2.6087372
970,116,20,false,SeatedWorking,Blazer,1.6386348,1.1475192,5,4,false,2.2818882,0,4.372074,0.0339638
970,117,34,true,SeatedWorking,Knitwear,1.6724882,0.8760384,0,7,true,-1.9522803,0,9.526631,3.1415927
970,118,,false,StandingConversation,Blazer,1.596465,1.0069062,5,7,true,1.1903553,0,-2.0793636,-0.31627655
971,65,1,false,SeatedTalking,Blazer,1.8954182,0.942099,2,0,false,-2.1826024,0,-2.4865754,2.670837
971,66,24,false,SeatedTalking,Knitwear,1.668141,1.195443,1,6,false,3.4535394,0,0.3320458,0.5258032
971,67,4,false,SeatedListening,Blazer,1.7762983,0.85300314,3,5,false,3.796651,0,-4.1886096,1.409697
971,68,6,false,SeatedTalking,Knitwear,1.720098,1.1165136,1,7,true,3.8265114,0,5.560399,0.58649725
971,69,8,false,SeatedTalking,Shirt,1.7204881,0.9327826,2,5,false,-3.2542763,0,-6.573231,1.4545112
971,70,10,false,SeatedListening,Blazer,1.6019183,0.8267068,7,5,false,-0.7908071,0,-4.13035,0.7818843
971,71,30,false,SeatedListening,Blazer,1.8394864,1.0398183,5,2,false,5.048174,0,1.7684034,-0.002489686
971,72,18,false,SeatedListening,Blazer,1.5702138,0.89306843,1,7,false,-4.310787,0,1.3799176,0.80562603
971,73,,false,StandingPresenting,Knitwear,1.7237023,1.0951543,7,0,false,1.0335377,0,7.1494465,-0.28727007
972,77,1,false,SeatedWorking,Blazer,1.5872518,0.94767994,5,2,true,-2.460806,0,4.8496137,3.5569067
972,78,,false,StandingPresenting,Shirt,1.6780703,1.1851695,5,0,true,3.4698644,0,-3.551568,-2.8269784
973,110,49,true,SeatedListening,Shirt,1.8761185,0.90659314,4,0,false,-4.0782304,0,7.3036947,3.1415927
973,111,35,false,SeatedTalking,Blazer,1.6480265,1.0365578,3,5,false,5.7087226,0,-2.5104957,4.928475
974,53,3,false,SeatedTalking,Knitwear,1.8249422,0.87076837,7,5,false,0.4127245,0,0.89140284,4.724109
974,54,,false,StandingConversation,Blazer,1.7529459,1.061338,4,1,false,-0.5228709,0,-0.27561885,2.18483
975,77,22,false,SeatedListening,Blazer,1.5162967,1.045953,5,1,true,-6.8268614,0,0.51559854,-0.9902351
975,78,14,false,SeatedTalking,Blazer,1.6492609,0.92423415,2,3,true,-6.0982537,0,-1.5702504,-0.23087296
975,79,,false,StandingReading,Shirt,1.5042596,1.1416798,4,0,false,5.775432,0,-3.0287263,2.6316931
976,50,21,true,SeatedWorking,Blazer,1.9104807,0.97758126,6,1,false,-3.2313342,0,5.3268003,3.1415927
976,51,5,false,SeatedWorking,Shirt,1.5285091,1.1424774,5,3,false,3.3318858,0,-0.94543517,4.8537297
976,52,2,false,SeatedTalking,Blazer,1.7039258,0.9608555,5,5,true,-6.2701473,0,2.845633,4.0891433
977,66,20,true,SeatedTalking,Blazer,1.5535661,1.116138,4,0,false,-1.7026774,0,5.383773,3.1415927
977,67,13,false,SeatedListening,Blazer,1.8081641,1.062815,7,1,false,0.6936896,0,-1.2918961,4.9681187
977,68,1,false,SeatedWorking,Shirt,1.6727256,1.1973739,3,4,false,-2.82877,0,-1.6439381,2.5781753
979,59,,false,StandingConversation,Knitwear,1.882306,1.10599,2,1,false,2.903328,0,0.5308811,-2.6855495
980,90,2,false,SeatedWorking,Blazer,1.8959144,1.1229845,7,1,false,-0.7794954,0,-1.1813169,-1.6529793
980,91,25,false,SeatedListening,Knitwear,1.5695006,1.203341,0,7,false,-0.6306887,0,4.10611,0.6305536
980,92,3,false,SeatedWorking,Blazer,1.5520053,0.92128587,2,3,false,-0.5944626,0,1.3976712,-1.514609
980,93,6,false,SeatedWorking,Knitwear,1.774106,1.1882421,2,4,true,0.8537611,0,2.7328565,-0.1310656
980,94,1,false,SeatedWorking,Shirt,1.5911015,1.1161815,7,4,false,-0.88168246,0,-2.4702253,-1.2131684
980,95,10,false,SeatedWorking,Knitwear,1.5754035,0.94770133,3,4,true,-3.8700647,0,1.6416614,0.3276064
982,31,3,false,SeatedWorking,Shirt,1.7628043,1.1814693,7,5,false,-2.3443375,0.31664076,-1.6046505,2.2220404
982,32,11,false,SeatedTalking,Shirt,1.7004002,1.0885088,6,4,false,5.121001,0,-0.072800994,0.36967853
982,33,,false,StandingConversation,Shirt,1.7527683,1.052248,4,4,false,0.06899483,0,-1.5417279,-1.9582247
983,60,17,true,SeatedTalking,Knitwear,1.6106459,0.9205018,4,6,false,-2.9095347,0,4.4773793,3.1415927
984,36,14,true,SeatedTalking,Shirt,1.7339845,1.1287098,6,5,false,-2.4986634,0,4.04794,3.1415927
984,37,3,false,SeatedListening,Blazer,1.6318018,1.0869131,6,0,true,2.4743629,0,-0.044616163,-0.16898012
985,135,16,false,SeatedTalking,Shirt,1.7287377,1.1496279,6,7,true,-2.7966564,0,2.561406,1.3770354
985,136,1,false,SeatedListening,Knitwear,1.5214808,1.1735878,2,2,true,-2.211092,0,-5.518036,2.8194923
985,137,24,false,SeatedTalking,Knitwear,1.6155764,0.93573433,0,5,false,5.7107496,0,1.6390359,0.15693477
985,138,32,false,SeatedListening,Knitwear,1.8198078,0.8321828,7,2,false,2.0557866,0,4.798183,-0.65722823
986,111,1,false,SeatedTalking,Shirt,1.707529,0.8384664,2,3,false,1.9364198,0,-2.1722784,4.538433
986,112,3,false,SeatedTalking,Shirt,1.5772622,1.0078311,5,2,true,-0.1271615,0,7.393825,4.1269865
987,32,11,true,SeatedTalking,Shirt,1.5532672,0.98204374,0,0,false,-1.4638774,0,4.913878,3.1415927
989,165,11,false,SeatedWorking,Shirt,1.6619138,1.0067754,3,0,false,0.29908764,0,-5.956272,3.3342419
989,166,30,false,SeatedListening,Knitwear,1.716368,1.0071967,1,1,false,-2.7737103,0,8.271274,5.5671387
989,167,17,false,SeatedListening,Blazer,1.7970685,0.9462652,5,6,false,0.4528862,-0.12526785,-1.593153,2.9449492
989,168,34,false,SeatedListening,Shirt,1.7098856,0.89201427,3,4,false,-4.869853,0,6.1898746,4.950352
990,70,1,false,SeatedWorking,Shirt,1.837414,1.0161688,6,4,false,-1.4331006,0,0.3442847,-1.4638724
990,71,10,false,SeatedTalking,Shirt,1.8616959,1.025488,5,7,true,1.9934199,0,3.2537618,0.41348124
990,72,,false,StandingConversation,Knitwear,1.556706,1.0580568,2,4,false,1.16225,0,0.79096264,-2.214436
991,75,5,false,SeatedListening,Knitwear,1.6232721,0.97076243,0,5,false,1.8213919,0,-1.3761094,0.33686072
991,76,,false,StandingConversation,Shirt,1.9494095,1.2160852,5,1,false,0.42937678,0,3.0896077,1.2317407
992,110,47,true,SeatedWorking,Knitwear,1.5102661,0.9362428,5,1,true,-4.130734,0,8.22041,3.1415927
992,111,27,false,SeatedListening,Knitwear,1.872255,0.935874,4,6,false,-6.977301,0,6.12702,1.71769
993,32,,false,StandingWalking,Blazer,1.9306668,0.9326441,6,6,false,2.7299786,0,-1.6197209,1.4782841
994,27,,false,StandingConversation,Blazer,1.7148528,1.1002362,5,5,true,2.7417521,0,1.5304478,-0.98292446
995,80,3,false,SeatedListening,Knitwear,1.8705953,1.0527757,5,0,true,0.09005525,0,-4.2490215,0.55811673
995,81,21,false,SeatedListening,Blazer,1.7418792,0.8869241,4,3,false,-4.3131366,0,1.8511263,0.20607525
995,82,30,true,SeatedListening,Knitwear,1.5662392,0.856632,4,3,false,-3.2827473,0,9.166729,3.1415927
995,83,23,false,SeatedWorking,Blazer,1.613926,0.8706805,7,3,false,5.3737116,0,-3.088474,0.07419017
996,71,,false,StandingRelaxed,Shirt,1.7287378,1.1089164,1,0,true,1.3478642,0,5.1593504,0.117016315
997,38,,false,StandingConversation,Shirt,1.7328479,0.9625325,2,7,false,-2.2036128,0,-4.0822487,-0.21548843
1000,58,5,false,SeatedTalking,Shirt,1.5720569,0.98638964,5,6,false,-1.0487864,0,-0.8542873,0.000038713217
1000,59,,false,StandingConversation,Shirt,1.6729051,1.0431653,4,2,false,1.3693367,0,-3.3362947,2.973121
1001,64,2,false,SeatedTalking,Knitwear,1.5894897,0.9637654,1,6,true,1.1198199,0,1.0560952,-0.385763
1001,65,1,false,SeatedWorking,Knitwear,1.6681701,1.1077794,3,3,true,-1.5154238,0,-0.15447989,-1.1320744
1002,29,5,false,SeatedTalking,Knitwear,1.8422768,1.1436027,1,4,false,-2.75969,0,1.630577,1.6432676
1002,30,9,false,SeatedListening,Knitwear,1.5703309,1.1448542,1,1,true,2.7841792,0,-1.7354853,5.2647324
1003,35,8,false,SeatedTalking,Shirt,1.9272935,1.0852329,3,6,true,-0.76463425,0,0.036831558,3.796774
1004,48,16,false,SeatedListening,Shirt,1.5952308,0.8765173,7,3,false,1.4534914,0,-1.6394626,-0.69170296
1005,83,7,false,SeatedTalking,Shirt,1.6686156,1.031899,0,1,false,3.7283163,0,-7.0012484,0.78756905
1005,84,25,false,SeatedTalking,Shirt,1.7306285,0.99956036,6,1,false,-3.9109263,0,7.473508,4.3176513
1007,108,7,false,SeatedListening,Blazer,1.5502509,1.1659764,4,0,false,-0.93755835,0,5.64043,0.15995264
1007,109,32,true,SeatedWorking,Knitwear,1.6608329,1.1314178,1,6,false,-2.1594067,0,7.8830037,3.1415927
1007,110,3,false,SeatedListening,Blazer,1.6486906,1.0878394,5,3,false,1.8865588,0,1.8482318,0.35952663
1009,40,9,false,SeatedWorking,Shirt,1.5912415,1.0330784,5,2,false,-1.7993693,0,4.9080358,1.2090158
1009,41,,false,StandingPresenting,Blazer,1.7058934,1.0893512,0,7,true,-1.6422805,0,-5.026415,2.543609
1011,42,11,false,SeatedWorking,Blazer,1.5670592,1.1153963,5,2,false,3.5116274,0,0.83877474,0.09163414
1011,43,1,false,SeatedListening,Blazer,1.6397913,0.9000431,5,6,false,-0.9421045,0,-0.32360703,-0.13551597
1012,125,15,false,SeatedListening,Knitwear,1.7671316,1.1865771,4,5,false,-3.2988925,0,2.4918227,5.210903
1012,126,13,false,SeatedTalking,Blazer,1.5684845,0.84468883,7,0,true,2.269833,0,3.8158913,5.907941
1012,127,39,true,SeatedWorking,Shirt,1.739549,0.93423533,3,2,false,-3.4161704,0,7.28853,3.1415927
1012,128,9,false,SeatedListening,Shirt,1.6688342,1.061628,1,0,true,-2.4795883,0,-2.0172694,5.0248203
1012,129,27,false,SeatedListening,Knitwear,1.7198211,0.82914937,4,3,false,2.994304,0,-4.6719966,5.796452
1012,130,17,false,SeatedWorking,Knitwear,1.5276971,0.9041002,3,4,false,0.044009566,0,-1.8731937,6.088839
1012,131,31,false,SeatedTalking,Knitwear,1.6679434,1.0302334,2,1,false,-4.405635,0,5.290915,5.790171
1012,132,19,false,SeatedListening,Blazer,1.9356513,1.0198615,7,3,false,-6.263325,0,-1.769428,4.089205
1013,62,1,false,SeatedTalking,Knitwear,1.711489,1.1542552,0,6,false,-1.7111521,0,-3.282898,4.316876
1013,63,,false,StandingReading,Blazer,1.8834468,1.0399437,0,7,true,-1.1061126,0,0.40785483,0.7527194
1015,86,23,false,SeatedWorking,Blazer,1.5804801,1.194604,0,6,false,3.9881482,0,4.647414,3.2534451
1015,87,12,false,SeatedTalking,Shirt,1.7571545,1.1369342,1,7,false,-3.6638072,0,4.2409167,3.2958543
1016,44,6,false,SeatedWorking,Shirt,1.5711836,1.1176146,0,2,true,3.022624,0,-3.8614151,1.8146809
1016,45,1,false,SeatedTalking,Knitwear,1.7726592,0.9818146,0,7,false,-0.9185026,-0.41164193,-5.098252,1.962321
1016,46,20,true,SeatedTalking,Knitwear,1.8408035,1.1558032,4,1,true,-1.8166615,0,10.672914,3.1415927
1017,116,3,false,SeatedTalking,Blazer,1.5958446,1.1694736,7,6,false,-2.6316583,0,2.9503858,3.704154
1017,117,5,false,SeatedWorking,Blazer,1.7514918,0.92465603,4,1,false,2.211719,0,1.8941467,2.3513322
1017,118,7,false,SeatedTalking,Blazer,1.8168325,1.2004454,5,2,true,2.1420748,0,6.36686,3.9799361
1017,119,2,false,SeatedListening,Knitwear,1.7455034,1.1138531,1,4,true,0.24131626,0,3.345374,2.468828
1018,73,5,false,SeatedListening,Knitwear,1.6019405,1.093282,5,4,true,-2.3419607,0,2.3146029,4.0607758
1018,74,20,false,SeatedListening,Blazer,1.5558746,1.0666528,1,0,false,0.25236517,0,-6.48856,4.667393
1019,67,9,false,SeatedListening,Knitwear,1.5653582,0.87549186,7,6,true,-2.8991222,0,2.603636,3.424133
1019,68,13,false,SeatedListening,Blazer,1.7443484,1.1909626,4,0,true,1.4509901,0,0.2521922,-0.4904875
1019,69,,false,StandingPresenting,Knitwear,1.671967,0.96014833,6,3,true,-2.265972,0,4.2379227,-2.033636
1020,36,4,false,SeatedTalking,Knitwear,1.7529184,1.0602578,7,5,false,-1.1245805,0,1.0539188,4.8338995
1021,60,20,false,SeatedListening,Shirt,1.7582574,0.8345193,3,5,false,0.73384476,0,0.25331587,3.6790125
1021,61,14,false,SeatedTalking,Shirt,1.867138,1.0316926,7,2,false,6.248949,0,1.083377,1.0435362
1021,62,15,false,SeatedTalking,Knitwear,1.8526895,0.891567,2,5,false,5.9915047,0,-1.8051733,1.5815175
1021,63,,false,StandingConversation,Knitwear,1.7210821,1.1070405,6,0,false,-5.1513224,0,-2.6058035,0.87289786
1022,102,16,false,SeatedListening,Knitwear,1.7124889,1.0892136,0,3,false,4.0359015,0,-4.53431,8.05117
1022,103,,false,StandingRelaxed,Shirt,1.7349012,0.96355915,7,4,true,-5.913897,0,3.123107,-1.410461
1023,53,19,false,SeatedListening,Shirt,1.7857836,0.8264559,5,6,true,-2.6690235,0,2.2899404,0.45215437
1023,54,5,false,SeatedTalking,Shirt,1.7074304,1.0001785,2,3,false,0.24061051,0,-2.097181,-0.76151174
1023,55,7,false,SeatedWorking,Blazer,1.6223363,1.0259478,7,6,false,-3.4611495,0,-2.8386416,0.022326142
1023,56,17,false,SeatedWorking,Knitwear,1.7239668,1.1006933,2,5,false,0.37995178,0,4.7351127,0.388098
