seed,step,time,source,other,fraction_all_pixels,fraction_valid_pixels
24000,0,0.0,0,1,0.5679947916666667,0.5679947916666667
24000,0,0.0,0,2,0.673828125,0.673828125
24000,0,0.0,0,3,0.4209114583333333,0.4209114583333333
24000,0,0.0,1,0,0.347578125,0.347578125
24000,0,0.0,1,2,0.6531510416666667,0.6531510416666667
24000,0,0.0,1,3,0.5767838541666667,0.5767838541666667
24000,0,0.0,2,0,0.4737630208333333,0.4737630208333333
24000,0,0.0,2,1,0.5683203125,0.5683203125
24000,0,0.0,2,3,0.43451822916666666,0.43451822916666666
24000,0,0.0,3,0,0.3051041666666667,0.3051041666666667
24000,0,0.0,3,1,0.6701953125,0.6701953125
24000,0,0.0,3,2,0.611015625,0.611015625
24000,1,0.5,0,1,0.5600520833333333,0.5600520833333333
24000,1,0.5,0,2,0.6719401041666667,0.6719401041666667
24000,1,0.5,0,3,0.4566796875,0.4566796875
24000,1,0.5,1,0,0.323203125,0.323203125
24000,1,0.5,1,2,0.60734375,0.60734375
24000,1,0.5,1,3,0.5288541666666666,0.5288541666666666
24000,1,0.5,2,0,0.4522786458333333,0.4522786458333333
24000,1,0.5,2,1,0.5708723958333334,0.5708723958333334
24000,1,0.5,2,3,0.41734375,0.41734375
24000,1,0.5,3,0,0.310390625,0.310390625
24000,1,0.5,3,1,0.6573177083333334,0.6573177083333334
24000,1,0.5,3,2,0.5847135416666667,0.5847135416666667
24000,2,1.0,0,1,0.5293880208333334,0.5293880208333334
24000,2,1.0,0,2,0.6708984375,0.6708984375
24000,2,1.0,0,3,0.4358203125,0.4358203125
24000,2,1.0,1,0,0.2815234375,0.2815234375
24000,2,1.0,1,2,0.5650520833333333,0.5650520833333333
24000,2,1.0,1,3,0.4884375,0.4884375
24000,2,1.0,2,0,0.4267708333333333,0.4267708333333333
24000,2,1.0,2,1,0.5591927083333333,0.5591927083333333
24000,2,1.0,2,3,0.3975,0.3975
24000,2,1.0,3,0,0.2816927083333333,0.2816927083333333
24000,2,1.0,3,1,0.6407552083333333,0.6407552083333333
24000,2,1.0,3,2,0.5720442708333333,0.5720442708333333
24001,0,0.0,0,1,0.16537760416666666,0.16537760416666666
24001,0,0.0,0,2,0.5490885416666667,0.5490885416666667
24001,0,0.0,0,3,0.22462239583333332,0.22462239583333332
24001,0,0.0,1,0,0.3836979166666667,0.3836979166666667
24001,0,0.0,1,2,0.26177083333333334,0.26177083333333334
24001,0,0.0,1,3,0.27748697916666665,0.27748697916666665
24001,0,0.0,2,0,0.486875,0.486875
24001,0,0.0,2,1,0.19756510416666667,0.19756510416666667
24001,0,0.0,2,3,0.2711588541666667,0.2711588541666667
24001,0,0.0,3,0,0.28924479166666667,0.28924479166666667
24001,0,0.0,3,1,0.2734244791666667,0.2734244791666667
24001,0,0.0,3,2,0.3125130208333333,0.3125130208333333
24001,1,0.5,0,1,0.17216145833333332,0.17216145833333332
24001,1,0.5,0,2,0.5598958333333334,0.5598958333333334
24001,1,0.5,0,3,0.22994791666666667,0.22994791666666667
24001,1,0.5,1,0,0.393984375,0.393984375
24001,1,0.5,1,2,0.26904947916666666,0.26904947916666666
24001,1,0.5,1,3,0.29657552083333333,0.29657552083333333
24001,1,0.5,2,0,0.5022265625,0.5022265625
24001,1,0.5,2,1,0.19912760416666667,0.19912760416666667
24001,1,0.5,2,3,0.27763020833333335,0.27763020833333335
24001,1,0.5,3,0,0.31049479166666666,0.31049479166666666
24001,1,0.5,3,1,0.30388020833333335,0.30388020833333335
24001,1,0.5,3,2,0.3205208333333333,0.3205208333333333
24001,2,1.0,0,1,0.16545572916666668,0.16545572916666668
24001,2,1.0,0,2,0.5780989583333334,0.5780989583333334
24001,2,1.0,0,3,0.23498697916666667,0.23498697916666667
24001,2,1.0,1,0,0.40131510416666666,0.40131510416666666
24001,2,1.0,1,2,0.28454427083333333,0.28454427083333333
24001,2,1.0,1,3,0.32171875,0.32171875
24001,2,1.0,2,0,0.5006770833333334,0.5006770833333334
24001,2,1.0,2,1,0.1856640625,0.1856640625
24001,2,1.0,2,3,0.28555989583333335,0.28555989583333335
24001,2,1.0,3,0,0.33955729166666665,0.33955729166666665
24001,2,1.0,3,1,0.3408072916666667,0.3408072916666667
24001,2,1.0,3,2,0.35377604166666665,0.35377604166666665
24002,0,0.0,0,1,0.4344921875,0.4344921875
24002,0,0.0,0,2,0.6971354166666667,0.6971354166666667
24002,0,0.0,0,3,0.57453125,0.57453125
24002,0,0.0,1,0,0.6862109375,0.6862109375
24002,0,0.0,1,2,0.6806119791666667,0.6806119791666667
24002,0,0.0,1,3,0.910234375,0.910234375
24002,0,0.0,2,0,0.7240755208333334,0.7240755208333334
24002,0,0.0,2,1,0.4833072916666667,0.4833072916666667
24002,0,0.0,2,3,0.6186848958333333,0.6186848958333333
24002,0,0.0,3,0,0.6690494791666667,0.6690494791666667
24002,0,0.0,3,1,0.6671614583333333,0.6671614583333333
24002,0,0.0,3,2,0.6585416666666667,0.6585416666666667
24002,1,0.5,0,1,0.44169270833333335,0.44169270833333335
24002,1,0.5,0,2,0.6935546875,0.6935546875
24002,1,0.5,0,3,0.5876041666666667,0.5876041666666667
24002,1,0.5,1,0,0.6629036458333334,0.6629036458333334
24002,1,0.5,1,2,0.6651692708333333,0.6651692708333333
24002,1,0.5,1,3,0.9186848958333333,0.9186848958333333
24002,1,0.5,2,0,0.6924869791666667,0.6924869791666667
24002,1,0.5,2,1,0.4832682291666667,0.4832682291666667
24002,1,0.5,2,3,0.61578125,0.61578125
24002,1,0.5,3,0,0.6410026041666667,0.6410026041666667
24002,1,0.5,3,1,0.6688151041666667,0.6688151041666667
24002,1,0.5,3,2,0.64234375,0.64234375
24002,2,1.0,0,1,0.4639453125,0.4639453125
24002,2,1.0,0,2,0.7013411458333333,0.7013411458333333
24002,2,1.0,0,3,0.6356119791666667,0.6356119791666667
24002,2,1.0,1,0,0.6452213541666667,0.6452213541666667
24002,2,1.0,1,2,0.66296875,0.66296875
24002,2,1.0,1,3,0.9210026041666667,0.9210026041666667
24002,2,1.0,2,0,0.627421875,0.627421875
24002,2,1.0,2,1,0.45489583333333333,0.45489583333333333
24002,2,1.0,2,3,0.5727083333333334,0.5727083333333334
24002,2,1.0,3,0,0.6339713541666666,0.6339713541666666
24002,2,1.0,3,1,0.6475260416666667,0.6475260416666667
24002,2,1.0,3,2,0.6223307291666667,0.6223307291666667
24003,0,0.0,0,1,0.42639322916666667,0.42639322916666667
24003,0,0.0,0,2,0.32690104166666667,0.32690104166666667
24003,0,0.0,0,3,0.3747786458333333,0.3747786458333333
24003,0,0.0,1,0,0.21907552083333334,0.21907552083333334
24003,0,0.0,1,2,0.38864583333333336,0.38864583333333336
24003,0,0.0,1,3,0.39140625,0.39140625
24003,0,0.0,2,0,0.24188802083333333,0.24188802083333333
24003,0,0.0,2,1,0.6311588541666666,0.6311588541666666
24003,0,0.0,2,3,0.6061848958333333,0.6061848958333333
24003,0,0.0,3,0,0.23981770833333332,0.23981770833333332
24003,0,0.0,3,1,0.637734375,0.637734375
24003,0,0.0,3,2,0.6255989583333333,0.6255989583333333
24003,1,0.5,0,1,0.39498697916666664,0.39498697916666664
24003,1,0.5,0,2,0.29033854166666667,0.29033854166666667
24003,1,0.5,0,3,0.3640364583333333,0.3640364583333333
24003,1,0.5,1,0,0.21201822916666666,0.21201822916666666
24003,1,0.5,1,2,0.3866015625,0.3866015625
24003,1,0.5,1,3,0.4033984375,0.4033984375
24003,1,0.5,2,0,0.22830729166666666,0.22830729166666666
24003,1,0.5,2,1,0.6235416666666667,0.6235416666666667
24003,1,0.5,2,3,0.5747916666666667,0.5747916666666667
24003,1,0.5,3,0,0.23044270833333333,0.23044270833333333
24003,1,0.5,3,1,0.6331510416666667,0.6331510416666667
24003,1,0.5,3,2,0.5849739583333333,0.5849739583333333
24003,2,1.0,0,1,0.36095052083333334,0.36095052083333334
24003,2,1.0,0,2,0.2494140625,0.2494140625
24003,2,1.0,0,3,0.34967447916666666,0.34967447916666666
24003,2,1.0,1,0,0.1991015625,0.1991015625
24003,2,1.0,1,2,0.3793359375,0.3793359375
24003,2,1.0,1,3,0.41630208333333335,0.41630208333333335
24003,2,1.0,2,0,0.2220703125,0.2220703125
24003,2,1.0,2,1,0.6199739583333334,0.6199739583333334
24003,2,1.0,2,3,0.5452213541666666,0.5452213541666666
24003,2,1.0,3,0,0.22997395833333334,0.22997395833333334
24003,2,1.0,3,1,0.6438671875,0.6438671875
24003,2,1.0,3,2,0.5484635416666667,0.5484635416666667
24004,0,0.0,0,1,0.5842317708333333,0.5842317708333333
24004,0,0.0,0,2,0.35692708333333334,0.35692708333333334
24004,0,0.0,0,3,0.637734375,0.637734375
24004,0,0.0,1,0,0.16983072916666667,0.16983072916666667
24004,0,0.0,1,2,0.10557291666666667,0.10557291666666667
24004,0,0.0,1,3,0.47606770833333334,0.47606770833333334
24004,0,0.0,2,0,0.4488802083333333,0.4488802083333333
24004,0,0.0,2,1,0.7081901041666666,0.7081901041666666
24004,0,0.0,2,3,0.7927473958333333,0.7927473958333333
24004,0,0.0,3,0,0.34305989583333335,0.34305989583333335
24004,0,0.0,3,1,0.7741536458333333,0.7741536458333333
24004,0,0.0,3,2,0.12002604166666667,0.12002604166666667
24004,1,0.5,0,1,0.598359375,0.598359375
24004,1,0.5,0,2,0.3488541666666667,0.3488541666666667
24004,1,0.5,0,3,0.6802473958333334,0.6802473958333334
24004,1,0.5,1,0,0.15912760416666666,0.15912760416666666
24004,1,0.5,1,2,0.09341145833333334,0.09341145833333334
24004,1,0.5,1,3,0.4474869791666667,0.4474869791666667
24004,1,0.5,2,0,0.470390625,0.470390625
24004,1,0.5,2,1,0.7064322916666667,0.7064322916666667
24004,1,0.5,2,3,0.7658984375,0.7658984375
24004,1,0.5,3,0,0.32350260416666665,0.32350260416666665
24004,1,0.5,3,1,0.7810677083333334,0.7810677083333334
24004,1,0.5,3,2,0.10591145833333333,0.10591145833333333
24004,2,1.0,0,1,0.6151171875,0.6151171875
24004,2,1.0,0,2,0.3707421875,0.3707421875
24004,2,1.0,0,3,0.6994791666666667,0.6994791666666667
24004,2,1.0,1,0,0.17631510416666665,0.17631510416666665
24004,2,1.0,1,2,0.09618489583333334,0.09618489583333334
24004,2,1.0,1,3,0.5364322916666666,0.5364322916666666
24004,2,1.0,2,0,0.5744401041666667,0.5744401041666667
24004,2,1.0,2,1,0.6863411458333334,0.6863411458333334
24004,2,1.0,2,3,0.7543489583333334,0.7543489583333334
24004,2,1.0,3,0,0.2704296875,0.2704296875
24004,2,1.0,3,1,0.7938411458333333,0.7938411458333333
24004,2,1.0,3,2,0.09088541666666666,0.09088541666666666
24005,0,0.0,0,1,0.563125,0.563125
24005,0,0.0,0,2,0.5294010416666667,0.5294010416666667
24005,0,0.0,0,3,0.31595052083333336,0.31595052083333336
24005,0,0.0,1,0,0.24515625,0.24515625
24005,0,0.0,1,2,0.4811328125,0.4811328125
24005,0,0.0,1,3,0.2762890625,0.2762890625
24005,0,0.0,2,0,0.23916666666666667,0.23916666666666667
24005,0,0.0,2,1,0.3238802083333333,0.3238802083333333
24005,0,0.0,2,3,0.14494791666666668,0.14494791666666668
24005,0,0.0,3,0,0.3052734375,0.3052734375
24005,0,0.0,3,1,0.47716145833333334,0.47716145833333334
24005,0,0.0,3,2,0.704609375,0.704609375
24005,1,0.5,0,1,0.6377473958333333,0.6377473958333333
24005,1,0.5,0,2,0.5875390625,0.5875390625
24005,1,0.5,0,3,0.3794140625,0.3794140625
24005,1,0.5,1,0,0.24166666666666667,0.24166666666666667
24005,1,0.5,1,2,0.47575520833333335,0.47575520833333335
24005,1,0.5,1,3,0.29388020833333334,0.29388020833333334
24005,1,0.5,2,0,0.23020833333333332,0.23020833333333332
24005,1,0.5,2,1,0.31415364583333333,0.31415364583333333
24005,1,0.5,2,3,0.12005208333333334,0.12005208333333334
24005,1,0.5,3,0,0.311953125,0.311953125
24005,1,0.5,3,1,0.5113151041666667,0.5113151041666667
24005,1,0.5,3,2,0.6806770833333333,0.6806770833333333
24005,2,1.0,0,1,0.6995703125,0.6995703125
24005,2,1.0,0,2,0.5698697916666666,0.5698697916666666
24005,2,1.0,0,3,0.440625,0.440625
24005,2,1.0,1,0,0.22459635416666668,0.22459635416666668
24005,2,1.0,1,2,0.47606770833333334,0.47606770833333334
24005,2,1.0,1,3,0.31540364583333336,0.31540364583333336
24005,2,1.0,2,0,0.164453125,0.164453125
24005,2,1.0,2,1,0.29858072916666667,0.29858072916666667
24005,2,1.0,2,3,0.0959765625,0.0959765625
24005,2,1.0,3,0,0.31397135416666666,0.31397135416666666
24005,2,1.0,3,1,0.5725260416666667,0.5725260416666667
24005,2,1.0,3,2,0.6541796875,0.6541796875
24006,0,0.0,0,1,0.4618359375,0.4618359375
24006,0,0.0,0,2,0.18625,0.18625
24006,0,0.0,0,3,0.29462239583333333,0.29462239583333333
24006,0,0.0,1,0,0.4071354166666667,0.4071354166666667
24006,0,0.0,1,2,0.3250911458333333,0.3250911458333333
24006,0,0.0,1,3,0.5079947916666666,0.5079947916666666
24006,0,0.0,2,0,0.23201822916666667,0.23201822916666667
24006,0,0.0,2,1,0.40977864583333334,0.40977864583333334
24006,0,0.0,2,3,0.5171744791666667,0.5171744791666667
24006,0,0.0,3,0,0.21638020833333332,0.21638020833333332
24006,0,0.0,3,1,0.23796875,0.23796875
24006,0,0.0,3,2,0.21608072916666668,0.21608072916666668
24006,1,0.5,0,1,0.5328255208333333,0.5328255208333333
24006,1,0.5,0,2,0.32384114583333334,0.32384114583333334
24006,1,0.5,0,3,0.4052864583333333,0.4052864583333333
24006,1,0.5,1,0,0.4155729166666667,0.4155729166666667
24006,1,0.5,1,2,0.37123697916666665,0.37123697916666665
24006,1,0.5,1,3,0.49091145833333333,0.49091145833333333
24006,1,0.5,2,0,0.36700520833333333,0.36700520833333333
24006,1,0.5,2,1,0.5136067708333333,0.5136067708333333
24006,1,0.5,2,3,0.5772786458333333,0.5772786458333333
24006,1,0.5,3,0,0.2672395833333333,0.2672395833333333
24006,1,0.5,3,1,0.18688802083333333,0.18688802083333333
24006,1,0.5,3,2,0.16352864583333335,0.16352864583333335
24006,2,1.0,0,1,0.5649348958333333,0.5649348958333333
24006,2,1.0,0,2,0.4547526041666667,0.4547526041666667
24006,2,1.0,0,3,0.42930989583333334,0.42930989583333334
24006,2,1.0,1,0,0.41302083333333334,0.41302083333333334
24006,2,1.0,1,2,0.4582421875,0.4582421875
24006,2,1.0,1,3,0.4795963541666667,0.4795963541666667
24006,2,1.0,2,0,0.49841145833333333,0.49841145833333333
24006,2,1.0,2,1,0.6330208333333334,0.6330208333333334
24006,2,1.0,2,3,0.5548958333333334,0.5548958333333334
24006,2,1.0,3,0,0.15774739583333333,0.15774739583333333
24006,2,1.0,3,1,0.1612890625,0.1612890625
24006,2,1.0,3,2,0.13076822916666667,0.13076822916666667
24007,0,0.0,0,1,0.42075520833333335,0.42075520833333335
24007,0,0.0,0,2,0.5024348958333333,0.5024348958333333
24007,0,0.0,0,3,0.5593619791666666,0.5593619791666666
24007,0,0.0,1,0,0.5730989583333334,0.5730989583333334
24007,0,0.0,1,2,0.45458333333333334,0.45458333333333334
24007,0,0.0,1,3,0.5552213541666666,0.5552213541666666
24007,0,0.0,2,0,0.5324739583333333,0.5324739583333333
24007,0,0.0,2,1,0.42670572916666666,0.42670572916666666
24007,0,0.0,2,3,0.65578125,0.65578125
24007,0,0.0,3,0,0.5583854166666666,0.5583854166666666
24007,0,0.0,3,1,0.3989713541666667,0.3989713541666667
24007,0,0.0,3,2,0.6193229166666666,0.6193229166666666
24007,1,0.5,0,1,0.48630208333333336,0.48630208333333336
24007,1,0.5,0,2,0.3897786458333333,0.3897786458333333
24007,1,0.5,0,3,0.3637890625,0.3637890625
24007,1,0.5,1,0,0.47561197916666664,0.47561197916666664
24007,1,0.5,1,2,0.32015625,0.32015625
24007,1,0.5,1,3,0.32140625,0.32140625
24007,1,0.5,2,0,0.40130208333333334,0.40130208333333334
24007,1,0.5,2,1,0.34454427083333333,0.34454427083333333
24007,1,0.5,2,3,0.675,0.675
24007,1,0.5,3,0,0.3576953125,0.3576953125
24007,1,0.5,3,1,0.340625,0.340625
24007,1,0.5,3,2,0.791171875,0.791171875
24007,2,1.0,0,1,0.44265625,0.44265625
24007,2,1.0,0,2,0.23221354166666666,0.23221354166666666
24007,2,1.0,0,3,0.17608072916666667,0.17608072916666667
24007,2,1.0,1,0,0.3324479166666667,0.3324479166666667
24007,2,1.0,1,2,0.12609375,0.12609375
24007,2,1.0,1,3,0.16381510416666667,0.16381510416666667
24007,2,1.0,2,0,0.34924479166666667,0.34924479166666667
24007,2,1.0,2,1,0.20321614583333333,0.20321614583333333
24007,2,1.0,2,3,0.6329166666666667,0.6329166666666667
24007,2,1.0,3,0,0.2566145833333333,0.2566145833333333
24007,2,1.0,3,1,0.2613802083333333,0.2613802083333333
24007,2,1.0,3,2,0.650390625,0.650390625
24008,0,0.0,0,1,0.3573177083333333,0.3573177083333333
24008,0,0.0,0,2,0.5311328125,0.5311328125
24008,0,0.0,0,3,0.3714322916666667,0.3714322916666667
24008,0,0.0,1,0,0.217578125,0.217578125
24008,0,0.0,1,2,0.2569921875,0.2569921875
24008,0,0.0,1,3,0.31471354166666665,0.31471354166666665
24008,0,0.0,2,0,0.31428385416666665,0.31428385416666665
24008,0,0.0,2,1,0.41125,0.41125
24008,0,0.0,2,3,0.4053645833333333,0.4053645833333333
24008,0,0.0,3,0,0.21852864583333334,0.21852864583333334
24008,0,0.0,3,1,0.6647786458333333,0.6647786458333333
24008,0,0.0,3,2,0.3626432291666667,0.3626432291666667
24008,1,0.5,0,1,0.3447395833333333,0.3447395833333333
24008,1,0.5,0,2,0.549453125,0.549453125
24008,1,0.5,0,3,0.33924479166666666,0.33924479166666666
24008,1,0.5,1,0,0.21510416666666668,0.21510416666666668
24008,1,0.5,1,2,0.3077083333333333,0.3077083333333333
24008,1,0.5,1,3,0.28930989583333333,0.28930989583333333
24008,1,0.5,2,0,0.33578125,0.33578125
24008,1,0.5,2,1,0.42138020833333334,0.42138020833333334
24008,1,0.5,2,3,0.38626302083333336,0.38626302083333336
24008,1,0.5,3,0,0.21572916666666667,0.21572916666666667
24008,1,0.5,3,1,0.6441927083333333,0.6441927083333333
24008,1,0.5,3,2,0.3784895833333333,0.3784895833333333
24008,2,1.0,0,1,0.3150390625,0.3150390625
24008,2,1.0,0,2,0.5817057291666666,0.5817057291666666
24008,2,1.0,0,3,0.35403645833333336,0.35403645833333336
24008,2,1.0,1,0,0.20696614583333334,0.20696614583333334
24008,2,1.0,1,2,0.304140625,0.304140625
24008,2,1.0,1,3,0.33587239583333334,0.33587239583333334
24008,2,1.0,2,0,0.33010416666666664,0.33010416666666664
24008,2,1.0,2,1,0.4271875,0.4271875
24008,2,1.0,2,3,0.38712239583333335,0.38712239583333335
24008,2,1.0,3,0,0.20481770833333332,0.20481770833333332
24008,2,1.0,3,1,0.6587890625,0.6587890625
24008,2,1.0,3,2,0.385703125,0.385703125
24009,0,0.0,0,1,0.6625651041666667,0.6625651041666667
24009,0,0.0,0,2,0.876796875,0.876796875
24009,0,0.0,0,3,0.7604427083333334,0.7604427083333334
24009,0,0.0,1,0,0.1487109375,0.1487109375
24009,0,0.0,1,2,0.372734375,0.372734375
24009,0,0.0,1,3,0.22078125,0.22078125
24009,0,0.0,2,0,0.491953125,0.491953125
24009,0,0.0,2,1,0.5953255208333333,0.5953255208333333
24009,0,0.0,2,3,0.5259375,0.5259375
24009,0,0.0,3,0,0.499375,0.499375
24009,0,0.0,3,1,0.8069010416666667,0.8069010416666667
24009,0,0.0,3,2,0.54125,0.54125
24009,1,0.5,0,1,0.7331770833333333,0.7331770833333333
24009,1,0.5,0,2,0.8486458333333333,0.8486458333333333
24009,1,0.5,0,3,0.7408333333333333,0.7408333333333333
24009,1,0.5,1,0,0.24243489583333333,0.24243489583333333
24009,1,0.5,1,2,0.4619921875,0.4619921875
24009,1,0.5,1,3,0.26109375,0.26109375
24009,1,0.5,2,0,0.3484114583333333,0.3484114583333333
24009,1,0.5,2,1,0.6268489583333333,0.6268489583333333
24009,1,0.5,2,3,0.5162239583333333,0.5162239583333333
24009,1,0.5,3,0,0.5816276041666667,0.5816276041666667
24009,1,0.5,3,1,0.8464322916666667,0.8464322916666667
24009,1,0.5,3,2,0.65375,0.65375
24009,2,1.0,0,1,0.7028385416666667,0.7028385416666667
24009,2,1.0,0,2,0.8327473958333333,0.8327473958333333
24009,2,1.0,0,3,0.7294270833333333,0.7294270833333333
24009,2,1.0,1,0,0.3347395833333333,0.3347395833333333
24009,2,1.0,1,2,0.539921875,0.539921875
24009,2,1.0,1,3,0.37809895833333335,0.37809895833333335
24009,2,1.0,2,0,0.2635416666666667,0.2635416666666667
24009,2,1.0,2,1,0.5276041666666667,0.5276041666666667
24009,2,1.0,2,3,0.4701171875,0.4701171875
24009,2,1.0,3,0,0.5838802083333333,0.5838802083333333
24009,2,1.0,3,1,0.8441015625,0.8441015625
24009,2,1.0,3,2,0.6781510416666666,0.6781510416666666
24010,0,0.0,0,1,0.5061848958333334,0.5061848958333334
24010,0,0.0,0,2,0.40520833333333334,0.40520833333333334
24010,0,0.0,0,3,0.4833072916666667,0.4833072916666667
24010,0,0.0,1,0,0.4452994791666667,0.4452994791666667
24010,0,0.0,1,2,0.34572916666666664,0.34572916666666664
24010,0,0.0,1,3,0.622265625,0.622265625
24010,0,0.0,2,0,0.37821614583333335,0.37821614583333335
24010,0,0.0,2,1,0.3679296875,0.3679296875
24010,0,0.0,2,3,0.42385416666666664,0.42385416666666664
24010,0,0.0,3,0,0.48009114583333334,0.48009114583333334
24010,0,0.0,3,1,0.8920052083333333,0.8920052083333333
24010,0,0.0,3,2,0.36505208333333333,0.36505208333333333
24010,1,0.5,0,1,0.49984375,0.49984375
24010,1,0.5,0,2,0.400703125,0.400703125
24010,1,0.5,0,3,0.487421875,0.487421875
24010,1,0.5,1,0,0.4277734375,0.4277734375
24010,1,0.5,1,2,0.34282552083333334,0.34282552083333334
24010,1,0.5,1,3,0.6211979166666667,0.6211979166666667
24010,1,0.5,2,0,0.3649609375,0.3649609375
24010,1,0.5,2,1,0.37342447916666666,0.37342447916666666
24010,1,0.5,2,3,0.42204427083333335,0.42204427083333335
24010,1,0.5,3,0,0.47631510416666667,0.47631510416666667
24010,1,0.5,3,1,0.8904427083333334,0.8904427083333334
24010,1,0.5,3,2,0.3593880208333333,0.3593880208333333
24010,2,1.0,0,1,0.49015625,0.49015625
24010,2,1.0,0,2,0.39671875,0.39671875
24010,2,1.0,0,3,0.49171875,0.49171875
24010,2,1.0,1,0,0.4135286458333333,0.4135286458333333
24010,2,1.0,1,2,0.34229166666666666,0.34229166666666666
24010,2,1.0,1,3,0.6209244791666667,0.6209244791666667
24010,2,1.0,2,0,0.3513541666666667,0.3513541666666667
24010,2,1.0,2,1,0.3801171875,0.3801171875
24010,2,1.0,2,3,0.42065104166666667,0.42065104166666667
24010,2,1.0,3,0,0.47072916666666664,0.47072916666666664
24010,2,1.0,3,1,0.890625,0.890625
24010,2,1.0,3,2,0.35203125,0.35203125
24011,0,0.0,0,1,0.4217578125,0.4217578125
24011,0,0.0,0,2,0.252265625,0.252265625
24011,0,0.0,0,3,0.4474609375,0.4474609375
24011,0,0.0,1,0,0.3582421875,0.3582421875
24011,0,0.0,1,2,0.1828125,0.1828125
24011,0,0.0,1,3,0.638515625,0.638515625
24011,0,0.0,2,0,0.31100260416666664,0.31100260416666664
24011,0,0.0,2,1,0.2258203125,0.2258203125
24011,0,0.0,2,3,0.2483203125,0.2483203125
24011,0,0.0,3,0,0.4416015625,0.4416015625
24011,0,0.0,3,1,0.5511979166666666,0.5511979166666666
24011,0,0.0,3,2,0.21048177083333333,0.21048177083333333
24011,1,0.5,0,1,0.42299479166666665,0.42299479166666665
24011,1,0.5,0,2,0.2534895833333333,0.2534895833333333
24011,1,0.5,0,3,0.4488802083333333,0.4488802083333333
24011,1,0.5,1,0,0.351640625,0.351640625
24011,1,0.5,1,2,0.19606770833333334,0.19606770833333334
24011,1,0.5,1,3,0.6339453125,0.6339453125
24011,1,0.5,2,0,0.31611979166666665,0.31611979166666665
24011,1,0.5,2,1,0.24514322916666667,0.24514322916666667
24011,1,0.5,2,3,0.2590104166666667,0.2590104166666667
24011,1,0.5,3,0,0.44147135416666666,0.44147135416666666
24011,1,0.5,3,1,0.5598697916666666,0.5598697916666666
24011,1,0.5,3,2,0.20970052083333332,0.20970052083333332
24011,2,1.0,0,1,0.4255729166666667,0.4255729166666667
24011,2,1.0,0,2,0.25635416666666666,0.25635416666666666
24011,2,1.0,0,3,0.4556119791666667,0.4556119791666667
24011,2,1.0,1,0,0.3494140625,0.3494140625
24011,2,1.0,1,2,0.20953125,0.20953125
24011,2,1.0,1,3,0.6356901041666667,0.6356901041666667
24011,2,1.0,2,0,0.3237890625,0.3237890625
24011,2,1.0,2,1,0.26319010416666666,0.26319010416666666
24011,2,1.0,2,3,0.27466145833333333,0.27466145833333333
24011,2,1.0,3,0,0.44092447916666666,0.44092447916666666
24011,2,1.0,3,1,0.5766015625,0.5766015625
24011,2,1.0,3,2,0.21649739583333333,0.21649739583333333
24012,0,0.0,0,1,0.44145833333333334,0.44145833333333334
24012,0,0.0,0,2,0.26434895833333333,0.26434895833333333
24012,0,0.0,0,3,0.322109375,0.322109375
24012,0,0.0,1,0,0.2886458333333333,0.2886458333333333
24012,0,0.0,1,2,0.2828125,0.2828125
24012,0,0.0,1,3,0.488046875,0.488046875
24012,0,0.0,2,0,0.453203125,0.453203125
24012,0,0.0,2,1,0.3544140625,0.3544140625
24012,0,0.0,2,3,0.33875,0.33875
24012,0,0.0,3,0,0.30536458333333333,0.30536458333333333
24012,0,0.0,3,1,0.7052213541666666,0.7052213541666666
24012,0,0.0,3,2,0.3422265625,0.3422265625
24012,1,0.5,0,1,0.3232421875,0.3232421875
24012,1,0.5,0,2,0.5276302083333333,0.5276302083333333
24012,1,0.5,0,3,0.2769010416666667,0.2769010416666667
24012,1,0.5,1,0,0.24088541666666666,0.24088541666666666
24012,1,0.5,1,2,0.2341015625,0.2341015625
24012,1,0.5,1,3,0.4526953125,0.4526953125
24012,1,0.5,2,0,0.523984375,0.523984375
24012,1,0.5,2,1,0.24432291666666667,0.24432291666666667
24012,1,0.5,2,3,0.2676171875,0.2676171875
24012,1,0.5,3,0,0.24266927083333334,0.24266927083333334
24012,1,0.5,3,1,0.6854427083333333,0.6854427083333333
24012,1,0.5,3,2,0.27015625,0.27015625
24012,2,1.0,0,1,0.236796875,0.236796875
24012,2,1.0,0,2,0.5381510416666667,0.5381510416666667
24012,2,1.0,0,3,0.21510416666666668,0.21510416666666668
24012,2,1.0,1,0,0.1936328125,0.1936328125
24012,2,1.0,1,2,0.3003385416666667,0.3003385416666667
24012,2,1.0,1,3,0.4463802083333333,0.4463802083333333
24012,2,1.0,2,0,0.26395833333333335,0.26395833333333335
24012,2,1.0,2,1,0.2587890625,0.2587890625
24012,2,1.0,2,3,0.30493489583333333,0.30493489583333333
24012,2,1.0,3,0,0.17744791666666668,0.17744791666666668
24012,2,1.0,3,1,0.687265625,0.687265625
24012,2,1.0,3,2,0.3436197916666667,0.3436197916666667
24013,0,0.0,0,1,0.4728125,0.4728125
24013,0,0.0,0,2,0.6106510416666666,0.6106510416666666
24013,0,0.0,0,3,0.6304296875,0.6304296875
24013,0,0.0,1,0,0.40654947916666667,0.40654947916666667
24013,0,0.0,1,2,0.49356770833333335,0.49356770833333335
24013,0,0.0,1,3,0.6510807291666667,0.6510807291666667
24013,0,0.0,2,0,0.3090234375,0.3090234375
24013,0,0.0,2,1,0.3439713541666667,0.3439713541666667
24013,0,0.0,2,3,0.4275130208333333,0.4275130208333333
24013,0,0.0,3,0,0.46459635416666667,0.46459635416666667
24013,0,0.0,3,1,0.49106770833333335,0.49106770833333335
24013,0,0.0,3,2,0.5098828125,0.5098828125
24013,1,0.5,0,1,0.4972786458333333,0.4972786458333333
24013,1,0.5,0,2,0.6047395833333333,0.6047395833333333
24013,1,0.5,0,3,0.6724479166666667,0.6724479166666667
24013,1,0.5,1,0,0.40098958333333334,0.40098958333333334
24013,1,0.5,1,2,0.48635416666666664,0.48635416666666664
24013,1,0.5,1,3,0.6168880208333334,0.6168880208333334
24013,1,0.5,2,0,0.2805078125,0.2805078125
24013,1,0.5,2,1,0.3692317708333333,0.3692317708333333
24013,1,0.5,2,3,0.4534505208333333,0.4534505208333333
24013,1,0.5,3,0,0.43774739583333333,0.43774739583333333
24013,1,0.5,3,1,0.4869921875,0.4869921875
24013,1,0.5,3,2,0.5142057291666666,0.5142057291666666
24013,2,1.0,0,1,0.47217447916666666,0.47217447916666666
24013,2,1.0,0,2,0.5499869791666666,0.5499869791666666
24013,2,1.0,0,3,0.6507291666666667,0.6507291666666667
24013,2,1.0,1,0,0.38755208333333335,0.38755208333333335
24013,2,1.0,1,2,0.46826822916666666,0.46826822916666666
24013,2,1.0,1,3,0.5904817708333333,0.5904817708333333
24013,2,1.0,2,0,0.2715885416666667,0.2715885416666667
24013,2,1.0,2,1,0.37852864583333334,0.37852864583333334
24013,2,1.0,2,3,0.46608072916666665,0.46608072916666665
24013,2,1.0,3,0,0.4107421875,0.4107421875
24013,2,1.0,3,1,0.5124088541666667,0.5124088541666667
24013,2,1.0,3,2,0.49138020833333335,0.49138020833333335
24014,0,0.0,0,1,0.13467447916666667,0.13467447916666667
24014,0,0.0,0,2,0.27295572916666666,0.27295572916666666
24014,0,0.0,0,3,0.26921875,0.26921875
24014,0,0.0,1,0,0.419921875,0.419921875
24014,0,0.0,1,2,0.15643229166666667,0.15643229166666667
24014,0,0.0,1,3,0.6545052083333334,0.6545052083333334
24014,0,0.0,2,0,0.3425,0.3425
24014,0,0.0,2,1,0.2248828125,0.2248828125
24014,0,0.0,2,3,0.22391927083333332,0.22391927083333332
24014,0,0.0,3,0,0.4879427083333333,0.4879427083333333
24014,0,0.0,3,1,0.16479166666666667,0.16479166666666667
24014,0,0.0,3,2,0.276171875,0.276171875
24014,1,0.5,0,1,0.138046875,0.138046875
24014,1,0.5,0,2,0.25026041666666665,0.25026041666666665
24014,1,0.5,0,3,0.2563020833333333,0.2563020833333333
24014,1,0.5,1,0,0.3945703125,0.3945703125
24014,1,0.5,1,2,0.11779947916666667,0.11779947916666667
24014,1,0.5,1,3,0.6763541666666667,0.6763541666666667
24014,1,0.5,2,0,0.31428385416666665,0.31428385416666665
24014,1,0.5,2,1,0.14540364583333334,0.14540364583333334
24014,1,0.5,2,3,0.21744791666666666,0.21744791666666666
24014,1,0.5,3,0,0.44946614583333333,0.44946614583333333
24014,1,0.5,3,1,0.17953125,0.17953125
24014,1,0.5,3,2,0.2659375,0.2659375
24014,2,1.0,0,1,0.12932291666666668,0.12932291666666668
24014,2,1.0,0,2,0.2634505208333333,0.2634505208333333
24014,2,1.0,0,3,0.24436197916666666,0.24436197916666666
24014,2,1.0,1,0,0.35096354166666666,0.35096354166666666
24014,2,1.0,1,2,0.10609375,0.10609375
24014,2,1.0,1,3,0.7017317708333334,0.7017317708333334
24014,2,1.0,2,0,0.30723958333333334,0.30723958333333334
24014,2,1.0,2,1,0.12498697916666666,0.12498697916666666
24014,2,1.0,2,3,0.21375,0.21375
24014,2,1.0,3,0,0.41799479166666664,0.41799479166666664
24014,2,1.0,3,1,0.19143229166666667,0.19143229166666667
24014,2,1.0,3,2,0.25872395833333334,0.25872395833333334
24015,0,0.0,0,1,0.7312369791666666,0.7312369791666666
24015,0,0.0,0,2,0.6472005208333333,0.6472005208333333
24015,0,0.0,0,3,0.6284375,0.6284375
24015,0,0.0,1,0,0.7083723958333333,0.7083723958333333
24015,0,0.0,1,2,0.6858463541666666,0.6858463541666666
24015,0,0.0,1,3,0.5747005208333333,0.5747005208333333
24015,0,0.0,2,0,0.71140625,0.71140625
24015,0,0.0,2,1,0.7745963541666666,0.7745963541666666
24015,0,0.0,2,3,0.6077473958333334,0.6077473958333334
24015,0,0.0,3,0,0.503515625,0.503515625
24015,0,0.0,3,1,0.29506510416666665,0.29506510416666665
24015,0,0.0,3,2,0.26102864583333335,0.26102864583333335
24015,1,0.5,0,1,0.7025,0.7025
24015,1,0.5,0,2,0.6174479166666667,0.6174479166666667
24015,1,0.5,0,3,0.5933723958333333,0.5933723958333333
24015,1,0.5,1,0,0.7088151041666667,0.7088151041666667
24015,1,0.5,1,2,0.6668880208333333,0.6668880208333333
24015,1,0.5,1,3,0.5637890625,0.5637890625
24015,1,0.5,2,0,0.7331640625,0.7331640625
24015,1,0.5,2,1,0.7677604166666666,0.7677604166666666
24015,1,0.5,2,3,0.6292578125,0.6292578125
24015,1,0.5,3,0,0.5393229166666667,0.5393229166666667
24015,1,0.5,3,1,0.2940234375,0.2940234375
24015,1,0.5,3,2,0.27634114583333336,0.27634114583333336
24015,2,1.0,0,1,0.7063151041666667,0.7063151041666667
24015,2,1.0,0,2,0.6083854166666667,0.6083854166666667
24015,2,1.0,0,3,0.5466536458333333,0.5466536458333333
24015,2,1.0,1,0,0.6630989583333333,0.6630989583333333
24015,2,1.0,1,2,0.6332682291666667,0.6332682291666667
24015,2,1.0,1,3,0.5637369791666667,0.5637369791666667
24015,2,1.0,2,0,0.7229166666666667,0.7229166666666667
24015,2,1.0,2,1,0.77703125,0.77703125
24015,2,1.0,2,3,0.6503515625,0.6503515625
24015,2,1.0,3,0,0.5503255208333333,0.5503255208333333
24015,2,1.0,3,1,0.4210286458333333,0.4210286458333333
24015,2,1.0,3,2,0.39782552083333333,0.39782552083333333
24016,0,0.0,0,1,0.2772265625,0.2772265625
24016,0,0.0,0,2,0.39981770833333335,0.39981770833333335
24016,0,0.0,0,3,0.6496744791666667,0.6496744791666667
24016,0,0.0,1,0,0.6819661458333334,0.6819661458333334
24016,0,0.0,1,2,0.8219140625,0.8219140625
24016,0,0.0,1,3,0.6171223958333333,0.6171223958333333
24016,0,0.0,2,0,0.6646484375,0.6646484375
24016,0,0.0,2,1,0.5931640625,0.5931640625
24016,0,0.0,2,3,0.5935286458333333,0.5935286458333333
24016,0,0.0,3,0,0.1940234375,0.1940234375
24016,0,0.0,3,1,0.07287760416666667,0.07287760416666667
24016,0,0.0,3,2,0.0976953125,0.0976953125
24016,1,0.5,0,1,0.30352864583333333,0.30352864583333333
24016,1,0.5,0,2,0.4112369791666667,0.4112369791666667
24016,1,0.5,0,3,0.6758723958333334,0.6758723958333334
24016,1,0.5,1,0,0.7297395833333333,0.7297395833333333
24016,1,0.5,1,2,0.8615494791666667,0.8615494791666667
24016,1,0.5,1,3,0.6482942708333334,0.6482942708333334
24016,1,0.5,2,0,0.7091666666666666,0.7091666666666666
24016,1,0.5,2,1,0.6416145833333333,0.6416145833333333
24016,1,0.5,2,3,0.6076041666666666,0.6076041666666666
24016,1,0.5,3,0,0.17009114583333335,0.17009114583333335
24016,1,0.5,3,1,0.07049479166666667,0.07049479166666667
24016,1,0.5,3,2,0.08889322916666667,0.08889322916666667
24016,2,1.0,0,1,0.402265625,0.402265625
24016,2,1.0,0,2,0.5242057291666666,0.5242057291666666
24016,2,1.0,0,3,0.6860416666666667,0.6860416666666667
24016,2,1.0,1,0,0.771171875,0.771171875
24016,2,1.0,1,2,0.765859375,0.765859375
24016,2,1.0,1,3,0.6683333333333333,0.6683333333333333
24016,2,1.0,2,0,0.7091796875,0.7091796875
24016,2,1.0,2,1,0.6630989583333333,0.6630989583333333
24016,2,1.0,2,3,0.602265625,0.602265625
24016,2,1.0,3,0,0.2151953125,0.2151953125
24016,2,1.0,3,1,0.10654947916666667,0.10654947916666667
24016,2,1.0,3,2,0.11506510416666667,0.11506510416666667
24017,0,0.0,0,1,0.5943359375,0.5943359375
24017,0,0.0,0,2,0.5713020833333333,0.5713020833333333
24017,0,0.0,0,3,0.5602994791666667,0.5602994791666667
24017,0,0.0,1,0,0.46872395833333336,0.46872395833333336
24017,0,0.0,1,2,0.3692708333333333,0.3692708333333333
24017,0,0.0,1,3,0.8028385416666667,0.8028385416666667
24017,0,0.0,2,0,0.4155078125,0.4155078125
24017,0,0.0,2,1,0.47161458333333334,0.47161458333333334
24017,0,0.0,2,3,0.4446484375,0.4446484375
24017,0,0.0,3,0,0.4494270833333333,0.4494270833333333
24017,0,0.0,3,1,0.7741536458333333,0.7741536458333333
24017,0,0.0,3,2,0.321875,0.321875
24017,1,0.5,0,1,0.5117708333333333,0.5117708333333333
24017,1,0.5,0,2,0.4855598958333333,0.4855598958333333
24017,1,0.5,0,3,0.48880208333333336,0.48880208333333336
24017,1,0.5,1,0,0.4803776041666667,0.4803776041666667
24017,1,0.5,1,2,0.35944010416666666,0.35944010416666666
24017,1,0.5,1,3,0.7965755208333334,0.7965755208333334
24017,1,0.5,2,0,0.20459635416666666,0.20459635416666666
24017,1,0.5,2,1,0.41532552083333335,0.41532552083333335
24017,1,0.5,2,3,0.37829427083333333,0.37829427083333333
24017,1,0.5,3,0,0.4724348958333333,0.4724348958333333
24017,1,0.5,3,1,0.7521223958333333,0.7521223958333333
24017,1,0.5,3,2,0.301171875,0.301171875
24017,2,1.0,0,1,0.5131119791666666,0.5131119791666666
24017,2,1.0,0,2,0.448203125,0.448203125
24017,2,1.0,0,3,0.4725390625,0.4725390625
24017,2,1.0,1,0,0.47858072916666666,0.47858072916666666
24017,2,1.0,1,2,0.2607421875,0.2607421875
24017,2,1.0,1,3,0.6898958333333334,0.6898958333333334
24017,2,1.0,2,0,0.13217447916666666,0.13217447916666666
24017,2,1.0,2,1,0.3291145833333333,0.3291145833333333
24017,2,1.0,2,3,0.30322916666666666,0.30322916666666666
24017,2,1.0,3,0,0.455390625,0.455390625
24017,2,1.0,3,1,0.7900260416666667,0.7900260416666667
24017,2,1.0,3,2,0.20444010416666666,0.20444010416666666
24018,0,0.0,0,1,0.41263020833333336,0.41263020833333336
24018,0,0.0,0,2,0.35875,0.35875
24018,0,0.0,0,3,0.3051041666666667,0.3051041666666667
24018,0,0.0,1,0,0.27901041666666665,0.27901041666666665
24018,0,0.0,1,2,0.4704817708333333,0.4704817708333333
24018,0,0.0,1,3,0.456640625,0.456640625
24018,0,0.0,2,0,0.11438802083333334,0.11438802083333334
24018,0,0.0,2,1,0.24045572916666666,0.24045572916666666
24018,0,0.0,2,3,0.1520703125,0.1520703125
24018,0,0.0,3,0,0.40610677083333335,0.40610677083333335
24018,0,0.0,3,1,0.7395963541666667,0.7395963541666667
24018,0,0.0,3,2,0.38838541666666665,0.38838541666666665
24018,1,0.5,0,1,0.41213541666666664,0.41213541666666664
24018,1,0.5,0,2,0.35158854166666664,0.35158854166666664
24018,1,0.5,0,3,0.30026041666666664,0.30026041666666664
24018,1,0.5,1,0,0.27520833333333333,0.27520833333333333
24018,1,0.5,1,2,0.4776692708333333,0.4776692708333333
24018,1,0.5,1,3,0.46869791666666666,0.46869791666666666
24018,1,0.5,2,0,0.11520833333333333,0.11520833333333333
24018,1,0.5,2,1,0.2606119791666667,0.2606119791666667
24018,1,0.5,2,3,0.18733072916666665,0.18733072916666665
24018,1,0.5,3,0,0.3822265625,0.3822265625
24018,1,0.5,3,1,0.7176822916666666,0.7176822916666666
24018,1,0.5,3,2,0.3566536458333333,0.3566536458333333
24018,2,1.0,0,1,0.40348958333333335,0.40348958333333335
24018,2,1.0,0,2,0.3527734375,0.3527734375
24018,2,1.0,0,3,0.2851432291666667,0.2851432291666667
24018,2,1.0,1,0,0.2689453125,0.2689453125
24018,2,1.0,1,2,0.4835546875,0.4835546875
24018,2,1.0,1,3,0.48303385416666667,0.48303385416666667
24018,2,1.0,2,0,0.119375,0.119375
24018,2,1.0,2,1,0.2883984375,0.2883984375
24018,2,1.0,2,3,0.22305989583333333,0.22305989583333333
24018,2,1.0,3,0,0.35907552083333333,0.35907552083333333
24018,2,1.0,3,1,0.6841796875,0.6841796875
24018,2,1.0,3,2,0.3626171875,0.3626171875
24019,0,0.0,0,1,0.5250260416666667,0.5250260416666667
24019,0,0.0,0,2,0.5559244791666667,0.5559244791666667
24019,0,0.0,0,3,0.4122135416666667,0.4122135416666667
24019,0,0.0,1,0,0.5182421875,0.5182421875
24019,0,0.0,1,2,0.558125,0.558125
24019,0,0.0,1,3,0.3098958333333333,0.3098958333333333
24019,0,0.0,2,0,0.3719401041666667,0.3719401041666667
24019,0,0.0,2,1,0.3155078125,0.3155078125
24019,0,0.0,2,3,0.18065104166666668,0.18065104166666668
24019,0,0.0,3,0,0.613203125,0.613203125
24019,0,0.0,3,1,0.8982682291666667,0.8982682291666667
24019,0,0.0,3,2,0.6276171875,0.6276171875
24019,1,0.5,0,1,0.5289192708333333,0.5289192708333333
24019,1,0.5,0,2,0.5653776041666667,0.5653776041666667
24019,1,0.5,0,3,0.39611979166666667,0.39611979166666667
24019,1,0.5,1,0,0.5330208333333334,0.5330208333333334
24019,1,0.5,1,2,0.5584244791666667,0.5584244791666667
24019,1,0.5,1,3,0.3018359375,0.3018359375
24019,1,0.5,2,0,0.38904947916666666,0.38904947916666666
24019,1,0.5,2,1,0.3128125,0.3128125
24019,1,0.5,2,3,0.18006510416666666,0.18006510416666666
24019,1,0.5,3,0,0.6330078125,0.6330078125
24019,1,0.5,3,1,0.903359375,0.903359375
24019,1,0.5,3,2,0.6489583333333333,0.6489583333333333
24019,2,1.0,0,1,0.5297395833333334,0.5297395833333334
24019,2,1.0,0,2,0.5717447916666667,0.5717447916666667
24019,2,1.0,0,3,0.37963541666666667,0.37963541666666667
24019,2,1.0,1,0,0.5366145833333333,0.5366145833333333
24019,2,1.0,1,2,0.5633072916666667,0.5633072916666667
24019,2,1.0,1,3,0.2866796875,0.2866796875
24019,2,1.0,2,0,0.3998828125,0.3998828125
24019,2,1.0,2,1,0.3109765625,0.3109765625
24019,2,1.0,2,3,0.17720052083333335,0.17720052083333335
24019,2,1.0,3,0,0.6568489583333333,0.6568489583333333
24019,2,1.0,3,1,0.9045052083333334,0.9045052083333334
24019,2,1.0,3,2,0.66890625,0.66890625
24020,0,0.0,0,1,0.605703125,0.605703125
24020,0,0.0,0,2,0.56921875,0.56921875
24020,0,0.0,0,3,0.45243489583333335,0.45243489583333335
24020,0,0.0,1,0,0.2137109375,0.2137109375
24020,0,0.0,1,2,0.19576822916666667,0.19576822916666667
24020,0,0.0,1,3,0.20998697916666667,0.20998697916666667
24020,0,0.0,2,0,0.5784635416666667,0.5784635416666667
24020,0,0.0,2,1,0.7370052083333334,0.7370052083333334
24020,0,0.0,2,3,0.279375,0.279375
24020,0,0.0,3,0,0.32069010416666666,0.32069010416666666
24020,0,0.0,3,1,0.4507291666666667,0.4507291666666667
24020,0,0.0,3,2,0.400390625,0.400390625
24020,1,0.5,0,1,0.6155859375,0.6155859375
24020,1,0.5,0,2,0.547890625,0.547890625
24020,1,0.5,0,3,0.4533203125,0.4533203125
24020,1,0.5,1,0,0.22536458333333334,0.22536458333333334
24020,1,0.5,1,2,0.19498697916666666,0.19498697916666666
24020,1,0.5,1,3,0.21709635416666667,0.21709635416666667
24020,1,0.5,2,0,0.5806770833333333,0.5806770833333333
24020,1,0.5,2,1,0.7379036458333333,0.7379036458333333
24020,1,0.5,2,3,0.2794270833333333,0.2794270833333333
24020,1,0.5,3,0,0.328828125,0.328828125
24020,1,0.5,3,1,0.4538932291666667,0.4538932291666667
24020,1,0.5,3,2,0.3960677083333333,0.3960677083333333
24020,2,1.0,0,1,0.6125911458333333,0.6125911458333333
24020,2,1.0,0,2,0.5467317708333334,0.5467317708333334
24020,2,1.0,0,3,0.46350260416666667,0.46350260416666667
24020,2,1.0,1,0,0.22688802083333334,0.22688802083333334
24020,2,1.0,1,2,0.19596354166666666,0.19596354166666666
24020,2,1.0,1,3,0.2245703125,0.2245703125
24020,2,1.0,2,0,0.578203125,0.578203125
24020,2,1.0,2,1,0.7469010416666667,0.7469010416666667
24020,2,1.0,2,3,0.27959635416666667,0.27959635416666667
24020,2,1.0,3,0,0.32850260416666666,0.32850260416666666
24020,2,1.0,3,1,0.458125,0.458125
24020,2,1.0,3,2,0.3952734375,0.3952734375
24021,0,0.0,0,1,0.5146875,0.5146875
24021,0,0.0,0,2,0.591953125,0.591953125
24021,0,0.0,0,3,0.5371744791666667,0.5371744791666667
24021,0,0.0,1,0,0.24170572916666666,0.24170572916666666
24021,0,0.0,1,2,0.3211848958333333,0.3211848958333333
24021,0,0.0,1,3,0.11454427083333334,0.11454427083333334
24021,0,0.0,2,0,0.3657682291666667,0.3657682291666667
24021,0,0.0,2,1,0.5545442708333334,0.5545442708333334
24021,0,0.0,2,3,0.3354947916666667,0.3354947916666667
24021,0,0.0,3,0,0.4616015625,0.4616015625
24021,0,0.0,3,1,0.6952473958333333,0.6952473958333333
24021,0,0.0,3,2,0.4693359375,0.4693359375
24021,1,0.5,0,1,0.5465104166666667,0.5465104166666667
24021,1,0.5,0,2,0.5883723958333333,0.5883723958333333
24021,1,0.5,0,3,0.5752213541666666,0.5752213541666666
24021,1,0.5,1,0,0.22694010416666666,0.22694010416666666
24021,1,0.5,1,2,0.3179427083333333,0.3179427083333333
24021,1,0.5,1,3,0.11450520833333333,0.11450520833333333
24021,1,0.5,2,0,0.3611197916666667,0.3611197916666667
24021,1,0.5,2,1,0.5707552083333334,0.5707552083333334
24021,1,0.5,2,3,0.34598958333333335,0.34598958333333335
24021,1,0.5,3,0,0.49256510416666666,0.49256510416666666
24021,1,0.5,3,1,0.6973046875,0.6973046875
24021,1,0.5,3,2,0.4723828125,0.4723828125
24021,2,1.0,0,1,0.5827473958333333,0.5827473958333333
24021,2,1.0,0,2,0.5865234375,0.5865234375
24021,2,1.0,0,3,0.61328125,0.61328125
24021,2,1.0,1,0,0.21766927083333334,0.21766927083333334
24021,2,1.0,1,2,0.3097786458333333,0.3097786458333333
24021,2,1.0,1,3,0.11540364583333333,0.11540364583333333
24021,2,1.0,2,0,0.36309895833333333,0.36309895833333333
24021,2,1.0,2,1,0.5853255208333333,0.5853255208333333
24021,2,1.0,2,3,0.38338541666666665,0.38338541666666665
24021,2,1.0,3,0,0.5107942708333333,0.5107942708333333
24021,2,1.0,3,1,0.7023958333333333,0.7023958333333333
24021,2,1.0,3,2,0.489609375,0.489609375
24022,0,0.0,0,1,0.531640625,0.531640625
24022,0,0.0,0,2,0.6120572916666667,0.6120572916666667
24022,0,0.0,0,3,0.5861197916666666,0.5861197916666666
24022,0,0.0,1,0,0.19122395833333333,0.19122395833333333
24022,0,0.0,1,2,0.5350911458333333,0.5350911458333333
24022,0,0.0,1,3,0.7026692708333333,0.7026692708333333
24022,0,0.0,2,0,0.15528645833333332,0.15528645833333332
24022,0,0.0,2,1,0.44024739583333333,0.44024739583333333
24022,0,0.0,2,3,0.5125390625,0.5125390625
24022,0,0.0,3,0,0.24380208333333334,0.24380208333333334
24022,0,0.0,3,1,0.713515625,0.713515625
24022,0,0.0,3,2,0.6123958333333334,0.6123958333333334
24022,1,0.5,0,1,0.5440104166666667,0.5440104166666667
24022,1,0.5,0,2,0.6254557291666667,0.6254557291666667
24022,1,0.5,0,3,0.5751953125,0.5751953125
24022,1,0.5,1,0,0.22766927083333333,0.22766927083333333
24022,1,0.5,1,2,0.5868619791666667,0.5868619791666667
24022,1,0.5,1,3,0.7937890625,0.7937890625
24022,1,0.5,2,0,0.17162760416666667,0.17162760416666667
24022,1,0.5,2,1,0.42313802083333335,0.42313802083333335
24022,1,0.5,2,3,0.5546354166666667,0.5546354166666667
24022,1,0.5,3,0,0.2553125,0.2553125
24022,1,0.5,3,1,0.6676171875,0.6676171875
24022,1,0.5,3,2,0.63265625,0.63265625
24022,2,1.0,0,1,0.5392838541666667,0.5392838541666667
24022,2,1.0,0,2,0.6375260416666667,0.6375260416666667
24022,2,1.0,0,3,0.55578125,0.55578125
24022,2,1.0,1,0,0.2533463541666667,0.2533463541666667
24022,2,1.0,1,2,0.648828125,0.648828125
24022,2,1.0,1,3,0.79203125,0.79203125
24022,2,1.0,2,0,0.1987890625,0.1987890625
24022,2,1.0,2,1,0.40986979166666665,0.40986979166666665
24022,2,1.0,2,3,0.5345963541666666,0.5345963541666666
24022,2,1.0,3,0,0.261484375,0.261484375
24022,2,1.0,3,1,0.5911067708333333,0.5911067708333333
24022,2,1.0,3,2,0.6079166666666667,0.6079166666666667
24023,0,0.0,0,1,0.37787760416666666,0.37787760416666666
24023,0,0.0,0,2,0.21537760416666665,0.21537760416666665
24023,0,0.0,0,3,0.21361979166666667,0.21361979166666667
24023,0,0.0,1,0,0.19416666666666665,0.19416666666666665
24023,0,0.0,1,2,0.26850260416666666,0.26850260416666666
24023,0,0.0,1,3,0.23119791666666667,0.23119791666666667
24023,0,0.0,2,0,0.23986979166666667,0.23986979166666667
24023,0,0.0,2,1,0.2630338541666667,0.2630338541666667
24023,0,0.0,2,3,0.2552994791666667,0.2552994791666667
24023,0,0.0,3,0,0.2090625,0.2090625
24023,0,0.0,3,1,0.4672395833333333,0.4672395833333333
24023,0,0.0,3,2,0.30561197916666666,0.30561197916666666
24023,1,0.5,0,1,0.37524739583333333,0.37524739583333333
24023,1,0.5,0,2,0.2230859375,0.2230859375
24023,1,0.5,0,3,0.21805989583333332,0.21805989583333332
24023,1,0.5,1,0,0.1969140625,0.1969140625
24023,1,0.5,1,2,0.2724609375,0.2724609375
24023,1,0.5,1,3,0.24220052083333332,0.24220052083333332
24023,1,0.5,2,0,0.24325520833333333,0.24325520833333333
24023,1,0.5,2,1,0.26265625,0.26265625
24023,1,0.5,2,3,0.24967447916666666,0.24967447916666666
24023,1,0.5,3,0,0.20069010416666666,0.20069010416666666
24023,1,0.5,3,1,0.48486979166666666,0.48486979166666666
24023,1,0.5,3,2,0.2940494791666667,0.2940494791666667
24023,2,1.0,0,1,0.3854166666666667,0.3854166666666667
24023,2,1.0,0,2,0.21946614583333332,0.21946614583333332
24023,2,1.0,0,3,0.2246484375,0.2246484375
24023,2,1.0,1,0,0.19735677083333333,0.19735677083333333
24023,2,1.0,1,2,0.27174479166666665,0.27174479166666665
24023,2,1.0,1,3,0.2394140625,0.2394140625
24023,2,1.0,2,0,0.2283984375,0.2283984375
24023,2,1.0,2,1,0.25299479166666666,0.25299479166666666
24023,2,1.0,2,3,0.23505208333333333,0.23505208333333333
24023,2,1.0,3,0,0.2034375,0.2034375
24023,2,1.0,3,1,0.4996875,0.4996875
24023,2,1.0,3,2,0.27389322916666664,0.27389322916666664
24024,0,0.0,0,1,0.38733072916666667,0.38733072916666667
24024,0,0.0,0,2,0.4841796875,0.4841796875
24024,0,0.0,0,3,0.4235026041666667,0.4235026041666667
24024,0,0.0,1,0,0.7297916666666666,0.7297916666666666
24024,0,0.0,1,2,0.6759635416666666,0.6759635416666666
24024,0,0.0,1,3,0.6952734375,0.6952734375
24024,0,0.0,2,0,0.4847265625,0.4847265625
24024,0,0.0,2,1,0.1856640625,0.1856640625
24024,0,0.0,2,3,0.4277473958333333,0.4277473958333333
24024,0,0.0,3,0,0.5577994791666666,0.5577994791666666
24024,0,0.0,3,1,0.3631510416666667,0.3631510416666667
24024,0,0.0,3,2,0.7900520833333333,0.7900520833333333
24024,1,0.5,0,1,0.32623697916666666,0.32623697916666666
24024,1,0.5,0,2,0.430546875,0.430546875
24024,1,0.5,0,3,0.41891927083333336,0.41891927083333336
24024,1,0.5,1,0,0.5281770833333334,0.5281770833333334
24024,1,0.5,1,2,0.6975260416666667,0.6975260416666667
24024,1,0.5,1,3,0.6051302083333333,0.6051302083333333
24024,1,0.5,2,0,0.4254427083333333,0.4254427083333333
24024,1,0.5,2,1,0.244453125,0.244453125
24024,1,0.5,2,3,0.6796484375,0.6796484375
24024,1,0.5,3,0,0.46010416666666665,0.46010416666666665
24024,1,0.5,3,1,0.2542578125,0.2542578125
24024,1,0.5,3,2,0.7251302083333333,0.7251302083333333
24024,2,1.0,0,1,0.36096354166666667,0.36096354166666667
24024,2,1.0,0,2,0.4788541666666667,0.4788541666666667
24024,2,1.0,0,3,0.348125,0.348125
24024,2,1.0,1,0,0.41641927083333335,0.41641927083333335
24024,2,1.0,1,2,0.6468359375,0.6468359375
24024,2,1.0,1,3,0.475859375,0.475859375
24024,2,1.0,2,0,0.44712239583333335,0.44712239583333335
24024,2,1.0,2,1,0.358828125,0.358828125
24024,2,1.0,2,3,0.5887890625,0.5887890625
24024,2,1.0,3,0,0.38734375,0.38734375
24024,2,1.0,3,1,0.1889453125,0.1889453125
24024,2,1.0,3,2,0.4744140625,0.4744140625
24025,0,0.0,0,1,0.5585807291666667,0.5585807291666667
24025,0,0.0,0,2,0.6727213541666667,0.6727213541666667
24025,0,0.0,0,3,0.35768229166666665,0.35768229166666665
24025,0,0.0,1,0,0.47216145833333334,0.47216145833333334
24025,0,0.0,1,2,0.6633463541666667,0.6633463541666667
24025,0,0.0,1,3,0.5182161458333333,0.5182161458333333
24025,0,0.0,2,0,0.3069791666666667,0.3069791666666667
24025,0,0.0,2,1,0.3781510416666667,0.3781510416666667
24025,0,0.0,2,3,0.30059895833333333,0.30059895833333333
24025,0,0.0,3,0,0.3515625,0.3515625
24025,0,0.0,3,1,0.573828125,0.573828125
24025,0,0.0,3,2,0.5127213541666666,0.5127213541666666
24025,1,0.5,0,1,0.5583463541666667,0.5583463541666667
24025,1,0.5,0,2,0.6662630208333333,0.6662630208333333
24025,1,0.5,0,3,0.35723958333333333,0.35723958333333333
24025,1,0.5,1,0,0.4694921875,0.4694921875
24025,1,0.5,1,2,0.6575130208333333,0.6575130208333333
24025,1,0.5,1,3,0.5186458333333334,0.5186458333333334
24025,1,0.5,2,0,0.2937239583333333,0.2937239583333333
24025,1,0.5,2,1,0.3651302083333333,0.3651302083333333
24025,1,0.5,2,3,0.29364583333333333,0.29364583333333333
24025,1,0.5,3,0,0.34795572916666667,0.34795572916666667
24025,1,0.5,3,1,0.5740494791666667,0.5740494791666667
24025,1,0.5,3,2,0.512421875,0.512421875
24025,2,1.0,0,1,0.5623046875,0.5623046875
24025,2,1.0,0,2,0.6651171875,0.6651171875
24025,2,1.0,0,3,0.3505989583333333,0.3505989583333333
24025,2,1.0,1,0,0.4733072916666667,0.4733072916666667
24025,2,1.0,1,2,0.6503515625,0.6503515625
24025,2,1.0,1,3,0.5167578125,0.5167578125
24025,2,1.0,2,0,0.2849479166666667,0.2849479166666667
24025,2,1.0,2,1,0.3520963541666667,0.3520963541666667
24025,2,1.0,2,3,0.29315104166666667,0.29315104166666667
24025,2,1.0,3,0,0.34515625,0.34515625
24025,2,1.0,3,1,0.5678385416666667,0.5678385416666667
24025,2,1.0,3,2,0.5093359375,0.5093359375
24026,0,0.0,0,1,0.18033854166666666,0.18033854166666666
24026,0,0.0,0,2,0.477109375,0.477109375
24026,0,0.0,0,3,0.4196484375,0.4196484375
24026,0,0.0,1,0,0.4531640625,0.4531640625
24026,0,0.0,1,2,0.5955598958333334,0.5955598958333334
24026,0,0.0,1,3,0.47072916666666664,0.47072916666666664
24026,0,0.0,2,0,0.5536197916666666,0.5536197916666666
24026,0,0.0,2,1,0.3226171875,0.3226171875
24026,0,0.0,2,3,0.6049088541666666,0.6049088541666666
24026,0,0.0,3,0,0.41436197916666667,0.41436197916666667
24026,0,0.0,3,1,0.22279947916666668,0.22279947916666668
24026,0,0.0,3,2,0.4149609375,0.4149609375
24026,1,0.5,0,1,0.16610677083333333,0.16610677083333333
24026,1,0.5,0,2,0.48147135416666664,0.48147135416666664
24026,1,0.5,0,3,0.3865885416666667,0.3865885416666667
24026,1,0.5,1,0,0.4043098958333333,0.4043098958333333
24026,1,0.5,1,2,0.5445963541666666,0.5445963541666666
24026,1,0.5,1,3,0.470859375,0.470859375
24026,1,0.5,2,0,0.49951822916666666,0.49951822916666666
24026,1,0.5,2,1,0.30658854166666666,0.30658854166666666
24026,1,0.5,2,3,0.5778776041666667,0.5778776041666667
24026,1,0.5,3,0,0.39109375,0.39109375
24026,1,0.5,3,1,0.293984375,0.293984375
24026,1,0.5,3,2,0.5528125,0.5528125
24026,2,1.0,0,1,0.14647135416666668,0.14647135416666668
24026,2,1.0,0,2,0.3319270833333333,0.3319270833333333
24026,2,1.0,0,3,0.357421875,0.357421875
24026,2,1.0,1,0,0.38223958333333335,0.38223958333333335
24026,2,1.0,1,2,0.4996875,0.4996875
24026,2,1.0,1,3,0.46203125,0.46203125
24026,2,1.0,2,0,0.4302213541666667,0.4302213541666667
24026,2,1.0,2,1,0.315234375,0.315234375
24026,2,1.0,2,3,0.44328125,0.44328125
24026,2,1.0,3,0,0.32537760416666667,0.32537760416666667
24026,2,1.0,3,1,0.3882552083333333,0.3882552083333333
24026,2,1.0,3,2,0.5608463541666666,0.5608463541666666
24027,0,0.0,0,1,0.1194921875,0.1194921875
24027,0,0.0,0,2,0.20740885416666666,0.20740885416666666
24027,0,0.0,0,3,0.22428385416666666,0.22428385416666666
24027,0,0.0,1,0,0.36666666666666664,0.36666666666666664
24027,0,0.0,1,2,0.314765625,0.314765625
24027,0,0.0,1,3,0.2516796875,0.2516796875
24027,0,0.0,2,0,0.45328125,0.45328125
24027,0,0.0,2,1,0.36466145833333335,0.36466145833333335
24027,0,0.0,2,3,0.21505208333333334,0.21505208333333334
24027,0,0.0,3,0,0.2889453125,0.2889453125
24027,0,0.0,3,1,0.23450520833333333,0.23450520833333333
24027,0,0.0,3,2,0.2933072916666667,0.2933072916666667
24027,1,0.5,0,1,0.10559895833333334,0.10559895833333334
24027,1,0.5,0,2,0.20401041666666667,0.20401041666666667
24027,1,0.5,0,3,0.23921875,0.23921875
24027,1,0.5,1,0,0.3641015625,0.3641015625
24027,1,0.5,1,2,0.326171875,0.326171875
24027,1,0.5,1,3,0.23545572916666666,0.23545572916666666
24027,1,0.5,2,0,0.46829427083333336,0.46829427083333336
24027,1,0.5,2,1,0.35966145833333335,0.35966145833333335
24027,1,0.5,2,3,0.23438802083333332,0.23438802083333332
24027,1,0.5,3,0,0.3055729166666667,0.3055729166666667
24027,1,0.5,3,1,0.23365885416666668,0.23365885416666668
24027,1,0.5,3,2,0.3029557291666667,0.3029557291666667
24027,2,1.0,0,1,0.0887109375,0.0887109375
24027,2,1.0,0,2,0.19608072916666666,0.19608072916666666
24027,2,1.0,0,3,0.25513020833333333,0.25513020833333333
24027,2,1.0,1,0,0.36328125,0.36328125
24027,2,1.0,1,2,0.3505859375,0.3505859375
24027,2,1.0,1,3,0.24002604166666666,0.24002604166666666
24027,2,1.0,2,0,0.47565104166666666,0.47565104166666666
24027,2,1.0,2,1,0.3501692708333333,0.3501692708333333
24027,2,1.0,2,3,0.24419270833333334,0.24419270833333334
24027,2,1.0,3,0,0.31255208333333334,0.31255208333333334
24027,2,1.0,3,1,0.24255208333333333,0.24255208333333333
24027,2,1.0,3,2,0.30735677083333335,0.30735677083333335
24028,0,0.0,0,1,0.3377864583333333,0.3377864583333333
24028,0,0.0,0,2,0.29171875,0.29171875
24028,0,0.0,0,3,0.632265625,0.632265625
24028,0,0.0,1,0,0.5703385416666666,0.5703385416666666
24028,0,0.0,1,2,0.6141666666666666,0.6141666666666666
24028,0,0.0,1,3,0.6261328125,0.6261328125
24028,0,0.0,2,0,0.7142838541666666,0.7142838541666666
24028,0,0.0,2,1,0.8307552083333334,0.8307552083333334
24028,0,0.0,2,3,0.7638541666666666,0.7638541666666666
24028,0,0.0,3,0,0.225703125,0.225703125
24028,0,0.0,3,1,0.08424479166666667,0.08424479166666667
24028,0,0.0,3,2,0.05817708333333333,0.05817708333333333
24028,1,0.5,0,1,0.36298177083333333,0.36298177083333333
24028,1,0.5,0,2,0.307265625,0.307265625
24028,1,0.5,0,3,0.6226953125,0.6226953125
24028,1,0.5,1,0,0.57921875,0.57921875
24028,1,0.5,1,2,0.6198177083333334,0.6198177083333334
24028,1,0.5,1,3,0.6284765625,0.6284765625
24028,1,0.5,2,0,0.7430989583333333,0.7430989583333333
24028,1,0.5,2,1,0.851328125,0.851328125
24028,1,0.5,2,3,0.7627473958333333,0.7627473958333333
24028,1,0.5,3,0,0.19783854166666667,0.19783854166666667
24028,1,0.5,3,1,0.0869140625,0.0869140625
24028,1,0.5,3,2,0.0588671875,0.0588671875
24028,2,1.0,0,1,0.38197916666666665,0.38197916666666665
24028,2,1.0,0,2,0.3062239583333333,0.3062239583333333
24028,2,1.0,0,3,0.6178125,0.6178125
24028,2,1.0,1,0,0.5913151041666667,0.5913151041666667
24028,2,1.0,1,2,0.6048177083333334,0.6048177083333334
24028,2,1.0,1,3,0.6295572916666666,0.6295572916666666
24028,2,1.0,2,0,0.7636588541666667,0.7636588541666667
24028,2,1.0,2,1,0.870625,0.870625
24028,2,1.0,2,3,0.7651692708333333,0.7651692708333333
24028,2,1.0,3,0,0.1855078125,0.1855078125
24028,2,1.0,3,1,0.08984375,0.08984375
24028,2,1.0,3,2,0.059622395833333335,0.059622395833333335
24029,0,0.0,0,1,0.35217447916666667,0.35217447916666667
24029,0,0.0,0,2,0.40368489583333333,0.40368489583333333
24029,0,0.0,0,3,0.28045572916666667,0.28045572916666667
24029,0,0.0,1,0,0.2601041666666667,0.2601041666666667
24029,0,0.0,1,2,0.3376953125,0.3376953125
24029,0,0.0,1,3,0.28924479166666667,0.28924479166666667
24029,0,0.0,2,0,0.4139322916666667,0.4139322916666667
24029,0,0.0,2,1,0.4292447916666667,0.4292447916666667
24029,0,0.0,2,3,0.321015625,0.321015625
24029,0,0.0,3,0,0.35673177083333335,0.35673177083333335
24029,0,0.0,3,1,0.7490364583333333,0.7490364583333333
24029,0,0.0,3,2,0.556328125,0.556328125
24029,1,0.5,0,1,0.34576822916666666,0.34576822916666666
24029,1,0.5,0,2,0.40998697916666665,0.40998697916666665
24029,1,0.5,0,3,0.26212239583333335,0.26212239583333335
24029,1,0.5,1,0,0.24959635416666667,0.24959635416666667
24029,1,0.5,1,2,0.3412630208333333,0.3412630208333333
24029,1,0.5,1,3,0.27102864583333336,0.27102864583333336
24029,1,0.5,2,0,0.4152473958333333,0.4152473958333333
24029,1,0.5,2,1,0.40890625,0.40890625
24029,1,0.5,2,3,0.2889583333333333,0.2889583333333333
24029,1,0.5,3,0,0.3511197916666667,0.3511197916666667
24029,1,0.5,3,1,0.733671875,0.733671875
24029,1,0.5,3,2,0.5623958333333333,0.5623958333333333
24029,2,1.0,0,1,0.3496484375,0.3496484375
24029,2,1.0,0,2,0.41919270833333333,0.41919270833333333
24029,2,1.0,0,3,0.2556380208333333,0.2556380208333333
24029,2,1.0,1,0,0.24940104166666666,0.24940104166666666
24029,2,1.0,1,2,0.32764322916666666,0.32764322916666666
24029,2,1.0,1,3,0.2502213541666667,0.2502213541666667
24029,2,1.0,2,0,0.4099479166666667,0.4099479166666667
24029,2,1.0,2,1,0.3945703125,0.3945703125
24029,2,1.0,2,3,0.27459635416666667,0.27459635416666667
24029,2,1.0,3,0,0.3398567708333333,0.3398567708333333
24029,2,1.0,3,1,0.7156380208333334,0.7156380208333334
24029,2,1.0,3,2,0.5498697916666667,0.5498697916666667
24030,0,0.0,0,1,0.22837239583333332,0.22837239583333332
24030,0,0.0,0,2,0.49279947916666667,0.49279947916666667
24030,0,0.0,0,3,0.4081119791666667,0.4081119791666667
24030,0,0.0,1,0,0.38576822916666664,0.38576822916666664
24030,0,0.0,1,2,0.5753645833333333,0.5753645833333333
24030,0,0.0,1,3,0.6274869791666666,0.6274869791666666
24030,0,0.0,2,0,0.19794270833333333,0.19794270833333333
24030,0,0.0,2,1,0.18114583333333334,0.18114583333333334
24030,0,0.0,2,3,0.1959765625,0.1959765625
24030,0,0.0,3,0,0.35934895833333336,0.35934895833333336
24030,0,0.0,3,1,0.4183854166666667,0.4183854166666667
24030,0,0.0,3,2,0.685859375,0.685859375
24030,1,0.5,0,1,0.2415234375,0.2415234375
24030,1,0.5,0,2,0.5074739583333333,0.5074739583333333
24030,1,0.5,0,3,0.43321614583333334,0.43321614583333334
24030,1,0.5,1,0,0.41328125,0.41328125
24030,1,0.5,1,2,0.595546875,0.595546875
24030,1,0.5,1,3,0.6544140625,0.6544140625
24030,1,0.5,2,0,0.19002604166666667,0.19002604166666667
24030,1,0.5,2,1,0.18352864583333334,0.18352864583333334
24030,1,0.5,2,3,0.19360677083333333,0.19360677083333333
24030,1,0.5,3,0,0.36591145833333333,0.36591145833333333
24030,1,0.5,3,1,0.4457552083333333,0.4457552083333333
24030,1,0.5,3,2,0.6845703125,0.6845703125
24030,2,1.0,0,1,0.26125,0.26125
24030,2,1.0,0,2,0.5161328125,0.5161328125
24030,2,1.0,0,3,0.45014322916666666,0.45014322916666666
24030,2,1.0,1,0,0.43259114583333336,0.43259114583333336
24030,2,1.0,1,2,0.6171744791666667,0.6171744791666667
24030,2,1.0,1,3,0.6788932291666666,0.6788932291666666
24030,2,1.0,2,0,0.17885416666666668,0.17885416666666668
24030,2,1.0,2,1,0.18354166666666666,0.18354166666666666
24030,2,1.0,2,3,0.18544270833333334,0.18544270833333334
24030,2,1.0,3,0,0.36841145833333333,0.36841145833333333
24030,2,1.0,3,1,0.45928385416666667,0.45928385416666667
24030,2,1.0,3,2,0.6837890625,0.6837890625
24031,0,0.0,0,1,0.39166666666666666,0.39166666666666666
24031,0,0.0,0,2,0.34294270833333335,0.34294270833333335
24031,0,0.0,0,3,0.449609375,0.449609375
24031,0,0.0,1,0,0.3522005208333333,0.3522005208333333
24031,0,0.0,1,2,0.65453125,0.65453125
24031,0,0.0,1,3,0.84640625,0.84640625
24031,0,0.0,2,0,0.13787760416666667,0.13787760416666667
24031,0,0.0,2,1,0.24227864583333333,0.24227864583333333
24031,0,0.0,2,3,0.37225260416666667,0.37225260416666667
24031,0,0.0,3,0,0.28078125,0.28078125
24031,0,0.0,3,1,0.4495703125,0.4495703125
24031,0,0.0,3,2,0.6020703125,0.6020703125
24031,1,0.5,0,1,0.3542578125,0.3542578125
24031,1,0.5,0,2,0.3225390625,0.3225390625
24031,1,0.5,0,3,0.3995703125,0.3995703125
24031,1,0.5,1,0,0.3408203125,0.3408203125
24031,1,0.5,1,2,0.6443619791666667,0.6443619791666667
24031,1,0.5,1,3,0.8297265625,0.8297265625
24031,1,0.5,2,0,0.1389453125,0.1389453125
24031,1,0.5,2,1,0.22899739583333334,0.22899739583333334
24031,1,0.5,2,3,0.35787760416666664,0.35787760416666664
24031,1,0.5,3,0,0.25580729166666666,0.25580729166666666
24031,1,0.5,3,1,0.4307682291666667,0.4307682291666667
24031,1,0.5,3,2,0.5793880208333333,0.5793880208333333
24031,2,1.0,0,1,0.3140364583333333,0.3140364583333333
24031,2,1.0,0,2,0.28490885416666667,0.28490885416666667
24031,2,1.0,0,3,0.35572916666666665,0.35572916666666665
24031,2,1.0,1,0,0.3119401041666667,0.3119401041666667
24031,2,1.0,1,2,0.6401822916666666,0.6401822916666666
24031,2,1.0,1,3,0.813125,0.813125
24031,2,1.0,2,0,0.15076822916666666,0.15076822916666666
24031,2,1.0,2,1,0.22220052083333333,0.22220052083333333
24031,2,1.0,2,3,0.3527473958333333,0.3527473958333333
24031,2,1.0,3,0,0.23651041666666667,0.23651041666666667
24031,2,1.0,3,1,0.4228125,0.4228125
24031,2,1.0,3,2,0.5513411458333334,0.5513411458333334
24032,0,0.0,0,1,0.233046875,0.233046875
24032,0,0.0,0,2,0.4331770833333333,0.4331770833333333
24032,0,0.0,0,3,0.3207421875,0.3207421875
24032,0,0.0,1,0,0.191796875,0.191796875
24032,0,0.0,1,2,0.4202604166666667,0.4202604166666667
24032,0,0.0,1,3,0.47296875,0.47296875
24032,0,0.0,2,0,0.34467447916666666,0.34467447916666666
24032,0,0.0,2,1,0.3290104166666667,0.3290104166666667
24032,0,0.0,2,3,0.377578125,0.377578125
24032,0,0.0,3,0,0.2924348958333333,0.2924348958333333
24032,0,0.0,3,1,0.35096354166666666,0.35096354166666666
24032,0,0.0,3,2,0.6167447916666666,0.6167447916666666
24032,1,0.5,0,1,0.18569010416666668,0.18569010416666668
24032,1,0.5,0,2,0.433125,0.433125
24032,1,0.5,0,3,0.3436588541666667,0.3436588541666667
24032,1,0.5,1,0,0.16518229166666668,0.16518229166666668
24032,1,0.5,1,2,0.373828125,0.373828125
24032,1,0.5,1,3,0.44502604166666665,0.44502604166666665
24032,1,0.5,2,0,0.3019661458333333,0.3019661458333333
24032,1,0.5,2,1,0.30138020833333334,0.30138020833333334
24032,1,0.5,2,3,0.4047265625,0.4047265625
24032,1,0.5,3,0,0.2850390625,0.2850390625
24032,1,0.5,3,1,0.31938802083333334,0.31938802083333334
24032,1,0.5,3,2,0.6342708333333333,0.6342708333333333
24032,2,1.0,0,1,0.1626953125,0.1626953125
24032,2,1.0,0,2,0.40522135416666666,0.40522135416666666
24032,2,1.0,0,3,0.35377604166666665,0.35377604166666665
24032,2,1.0,1,0,0.14899739583333332,0.14899739583333332
24032,2,1.0,1,2,0.3369270833333333,0.3369270833333333
24032,2,1.0,1,3,0.40486979166666665,0.40486979166666665
24032,2,1.0,2,0,0.25067708333333333,0.25067708333333333
24032,2,1.0,2,1,0.2740625,0.2740625
24032,2,1.0,2,3,0.43233072916666665,0.43233072916666665
24032,2,1.0,3,0,0.27015625,0.27015625
24032,2,1.0,3,1,0.2912369791666667,0.2912369791666667
24032,2,1.0,3,2,0.646875,0.646875
24033,0,0.0,0,1,0.46579427083333336,0.46579427083333336
24033,0,0.0,0,2,0.22895833333333335,0.22895833333333335
24033,0,0.0,0,3,0.236640625,0.236640625
24033,0,0.0,1,0,0.5094401041666666,0.5094401041666666
24033,0,0.0,1,2,0.37299479166666666,0.37299479166666666
24033,0,0.0,1,3,0.39372395833333335,0.39372395833333335
24033,0,0.0,2,0,0.4578515625,0.4578515625
24033,0,0.0,2,1,0.6612239583333334,0.6612239583333334
24033,0,0.0,2,3,0.7794661458333333,0.7794661458333333
24033,0,0.0,3,0,0.4959895833333333,0.4959895833333333
24033,0,0.0,3,1,0.7140885416666667,0.7140885416666667
24033,0,0.0,3,2,0.7273177083333333,0.7273177083333333
24033,1,0.5,0,1,0.50109375,0.50109375
24033,1,0.5,0,2,0.26600260416666666,0.26600260416666666
24033,1,0.5,0,3,0.2633333333333333,0.2633333333333333
24033,1,0.5,1,0,0.556171875,0.556171875
24033,1,0.5,1,2,0.42791666666666667,0.42791666666666667
24033,1,0.5,1,3,0.44438802083333334,0.44438802083333334
24033,1,0.5,2,0,0.5058203125,0.5058203125
24033,1,0.5,2,1,0.6703385416666666,0.6703385416666666
24033,1,0.5,2,3,0.7850911458333333,0.7850911458333333
24033,1,0.5,3,0,0.5353776041666667,0.5353776041666667
24033,1,0.5,3,1,0.727265625,0.727265625
24033,1,0.5,3,2,0.7772526041666666,0.7772526041666666
24033,2,1.0,0,1,0.5261328125,0.5261328125
24033,2,1.0,0,2,0.26998697916666664,0.26998697916666664
24033,2,1.0,0,3,0.2689973958333333,0.2689973958333333
24033,2,1.0,1,0,0.5815885416666666,0.5815885416666666
24033,2,1.0,1,2,0.4477083333333333,0.4477083333333333
24033,2,1.0,1,3,0.45272135416666665,0.45272135416666665
24033,2,1.0,2,0,0.5261588541666666,0.5261588541666666
24033,2,1.0,2,1,0.7104817708333333,0.7104817708333333
24033,2,1.0,2,3,0.8135546875,0.8135546875
24033,2,1.0,3,0,0.5409635416666667,0.5409635416666667
24033,2,1.0,3,1,0.7284114583333333,0.7284114583333333
24033,2,1.0,3,2,0.7822526041666666,0.7822526041666666
24034,0,0.0,0,1,0.8721223958333333,0.8721223958333333
24034,0,0.0,0,2,0.49276041666666665,0.49276041666666665
24034,0,0.0,0,3,0.6162109375,0.6162109375
24034,0,0.0,1,0,0.4286067708333333,0.4286067708333333
24034,0,0.0,1,2,0.3671484375,0.3671484375
24034,0,0.0,1,3,0.48700520833333333,0.48700520833333333
24034,0,0.0,2,0,0.5991666666666666,0.5991666666666666
24034,0,0.0,2,1,0.6456901041666666,0.6456901041666666
24034,0,0.0,2,3,0.9151041666666667,0.9151041666666667
24034,0,0.0,3,0,0.4133072916666667,0.4133072916666667
24034,0,0.0,3,1,0.515078125,0.515078125
24034,0,0.0,3,2,0.476640625,0.476640625
24034,1,0.5,0,1,0.8552864583333334,0.8552864583333334
24034,1,0.5,0,2,0.4036328125,0.4036328125
24034,1,0.5,0,3,0.6481380208333334,0.6481380208333334
24034,1,0.5,1,0,0.48962239583333333,0.48962239583333333
24034,1,0.5,1,2,0.2547786458333333,0.2547786458333333
24034,1,0.5,1,3,0.5016666666666667,0.5016666666666667
24034,1,0.5,2,0,0.7301171875,0.7301171875
24034,1,0.5,2,1,0.6668619791666667,0.6668619791666667
24034,1,0.5,2,3,0.888046875,0.888046875
24034,1,0.5,3,0,0.538125,0.538125
24034,1,0.5,3,1,0.5901432291666666,0.5901432291666666
24034,1,0.5,3,2,0.3872786458333333,0.3872786458333333
24034,2,1.0,0,1,0.8190494791666667,0.8190494791666667
24034,2,1.0,0,2,0.31317708333333333,0.31317708333333333
24034,2,1.0,0,3,0.6528515625,0.6528515625
24034,2,1.0,1,0,0.5349739583333334,0.5349739583333334
24034,2,1.0,1,2,0.1657421875,0.1657421875
24034,2,1.0,1,3,0.4881901041666667,0.4881901041666667
24034,2,1.0,2,0,0.8146614583333334,0.8146614583333334
24034,2,1.0,2,1,0.6834635416666667,0.6834635416666667
24034,2,1.0,2,3,0.8414713541666666,0.8414713541666666
24034,2,1.0,3,0,0.6602994791666666,0.6602994791666666
24034,2,1.0,3,1,0.6473958333333333,0.6473958333333333
24034,2,1.0,3,2,0.3160807291666667,0.3160807291666667
24035,0,0.0,0,1,0.4722135416666667,0.4722135416666667
24035,0,0.0,0,2,0.35822916666666665,0.35822916666666665
24035,0,0.0,0,3,0.39078125,0.39078125
24035,0,0.0,1,0,0.42040364583333334,0.42040364583333334
24035,0,0.0,1,2,0.5964713541666666,0.5964713541666666
24035,0,0.0,1,3,0.5772135416666667,0.5772135416666667
24035,0,0.0,2,0,0.1949609375,0.1949609375
24035,0,0.0,2,1,0.3950911458333333,0.3950911458333333
24035,0,0.0,2,3,0.33481770833333335,0.33481770833333335
24035,0,0.0,3,0,0.3511197916666667,0.3511197916666667
24035,0,0.0,3,1,0.4441276041666667,0.4441276041666667
24035,0,0.0,3,2,0.5032161458333333,0.5032161458333333
24035,1,0.5,0,1,0.33470052083333335,0.33470052083333335
24035,1,0.5,0,2,0.2687890625,0.2687890625
24035,1,0.5,0,3,0.29162760416666667,0.29162760416666667
24035,1,0.5,1,0,0.3784375,0.3784375
24035,1,0.5,1,2,0.5619661458333334,0.5619661458333334
24035,1,0.5,1,3,0.7264322916666667,0.7264322916666667
24035,1,0.5,2,0,0.2545703125,0.2545703125
24035,1,0.5,2,1,0.488046875,0.488046875
24035,1,0.5,2,3,0.5441796875,0.5441796875
24035,1,0.5,3,0,0.3167317708333333,0.3167317708333333
24035,1,0.5,3,1,0.3917057291666667,0.3917057291666667
24035,1,0.5,3,2,0.4286197916666667,0.4286197916666667
24035,2,1.0,0,1,0.2580078125,0.2580078125
24035,2,1.0,0,2,0.18576822916666666,0.18576822916666666
24035,2,1.0,0,3,0.17171875,0.17171875
24035,2,1.0,1,0,0.16247395833333333,0.16247395833333333
24035,2,1.0,1,2,0.13268229166666667,0.13268229166666667
24035,2,1.0,1,3,0.5868619791666667,0.5868619791666667
24035,2,1.0,2,0,0.22295572916666667,0.22295572916666667
24035,2,1.0,2,1,0.5407421875,0.5407421875
24035,2,1.0,2,3,0.48657552083333333,0.48657552083333333
24035,2,1.0,3,0,0.19078125,0.19078125
24035,2,1.0,3,1,0.6271484375,0.6271484375
24035,2,1.0,3,2,0.10859375,0.10859375
24036,0,0.0,0,1,0.6678385416666667,0.6678385416666667
24036,0,0.0,0,2,0.6256640625,0.6256640625
24036,0,0.0,0,3,0.5216927083333334,0.5216927083333334
24036,0,0.0,1,0,0.5054817708333333,0.5054817708333333
24036,0,0.0,1,2,0.4876432291666667,0.4876432291666667
24036,0,0.0,1,3,0.470546875,0.470546875
24036,0,0.0,2,0,0.5502083333333333,0.5502083333333333
24036,0,0.0,2,1,0.5986328125,0.5986328125
24036,0,0.0,2,3,0.5134895833333334,0.5134895833333334
24036,0,0.0,3,0,0.45514322916666666,0.45514322916666666
24036,0,0.0,3,1,0.5208333333333334,0.5208333333333334
24036,0,0.0,3,2,0.48701822916666665,0.48701822916666665
24036,1,0.5,0,1,0.6759765625,0.6759765625
24036,1,0.5,0,2,0.6263802083333333,0.6263802083333333
24036,1,0.5,0,3,0.5347135416666666,0.5347135416666666
24036,1,0.5,1,0,0.5077734375,0.5077734375
24036,1,0.5,1,2,0.5056380208333333,0.5056380208333333
24036,1,0.5,1,3,0.48955729166666667,0.48955729166666667
24036,1,0.5,2,0,0.5673958333333333,0.5673958333333333
24036,1,0.5,2,1,0.6367708333333333,0.6367708333333333
24036,1,0.5,2,3,0.519140625,0.519140625
24036,1,0.5,3,0,0.4560546875,0.4560546875
24036,1,0.5,3,1,0.5283984375,0.5283984375
24036,1,0.5,3,2,0.4712630208333333,0.4712630208333333
24036,2,1.0,0,1,0.6860286458333333,0.6860286458333333
24036,2,1.0,0,2,0.6500651041666666,0.6500651041666666
24036,2,1.0,0,3,0.5429296875,0.5429296875
24036,2,1.0,1,0,0.4902473958333333,0.4902473958333333
24036,2,1.0,1,2,0.5,0.5
24036,2,1.0,1,3,0.5032421875,0.5032421875
24036,2,1.0,2,0,0.6068098958333333,0.6068098958333333
24036,2,1.0,2,1,0.6612760416666666,0.6612760416666666
24036,2,1.0,2,3,0.5158723958333333,0.5158723958333333
24036,2,1.0,3,0,0.44907552083333335,0.44907552083333335
24036,2,1.0,3,1,0.5549348958333333,0.5549348958333333
24036,2,1.0,3,2,0.4596354166666667,0.4596354166666667
24037,0,0.0,0,1,0.2887369791666667,0.2887369791666667
24037,0,0.0,0,2,0.10696614583333333,0.10696614583333333
24037,0,0.0,0,3,0.136484375,0.136484375
24037,0,0.0,1,0,0.5332682291666667,0.5332682291666667
24037,0,0.0,1,2,0.17361979166666666,0.17361979166666666
24037,0,0.0,1,3,0.2984895833333333,0.2984895833333333
24037,0,0.0,2,0,0.5408463541666667,0.5408463541666667
24037,0,0.0,2,1,0.6423177083333333,0.6423177083333333
24037,0,0.0,2,3,0.7573958333333334,0.7573958333333334
24037,0,0.0,3,0,0.5019921875,0.5019921875
24037,0,0.0,3,1,0.7412369791666666,0.7412369791666666
24037,0,0.0,3,2,0.4548046875,0.4548046875
24037,1,0.5,0,1,0.30248697916666667,0.30248697916666667
24037,1,0.5,0,2,0.10846354166666666,0.10846354166666666
24037,1,0.5,0,3,0.14040364583333334,0.14040364583333334
24037,1,0.5,1,0,0.5302604166666667,0.5302604166666667
24037,1,0.5,1,2,0.16774739583333334,0.16774739583333334
24037,1,0.5,1,3,0.29430989583333333,0.29430989583333333
24037,1,0.5,2,0,0.556953125,0.556953125
24037,1,0.5,2,1,0.64578125,0.64578125
24037,1,0.5,2,3,0.7686458333333334,0.7686458333333334
24037,1,0.5,3,0,0.5122005208333333,0.5122005208333333
24037,1,0.5,3,1,0.7362630208333333,0.7362630208333333
24037,1,0.5,3,2,0.4512630208333333,0.4512630208333333
24037,2,1.0,0,1,0.3077473958333333,0.3077473958333333
24037,2,1.0,0,2,0.10860677083333334,0.10860677083333334
24037,2,1.0,0,3,0.14671875,0.14671875
24037,2,1.0,1,0,0.5188541666666666,0.5188541666666666
24037,2,1.0,1,2,0.1649609375,0.1649609375
24037,2,1.0,1,3,0.309765625,0.309765625
24037,2,1.0,2,0,0.5696744791666667,0.5696744791666667
24037,2,1.0,2,1,0.6510026041666667,0.6510026041666667
24037,2,1.0,2,3,0.7711458333333333,0.7711458333333333
24037,2,1.0,3,0,0.52671875,0.52671875
24037,2,1.0,3,1,0.7356119791666667,0.7356119791666667
24037,2,1.0,3,2,0.42733072916666665,0.42733072916666665
24038,0,0.0,0,1,0.2826171875,0.2826171875
24038,0,0.0,0,2,0.5497916666666667,0.5497916666666667
24038,0,0.0,0,3,0.20884114583333332,0.20884114583333332
24038,0,0.0,1,0,0.29028645833333333,0.29028645833333333
24038,0,0.0,1,2,0.46901041666666665,0.46901041666666665
24038,0,0.0,1,3,0.43182291666666667,0.43182291666666667
24038,0,0.0,2,0,0.20041666666666666,0.20041666666666666
24038,0,0.0,2,1,0.21901041666666668,0.21901041666666668
24038,0,0.0,2,3,0.15609375,0.15609375
24038,0,0.0,3,0,0.32794270833333333,0.32794270833333333
24038,0,0.0,3,1,0.6860286458333333,0.6860286458333333
24038,0,0.0,3,2,0.5092447916666667,0.5092447916666667
24038,1,0.5,0,1,0.29497395833333334,0.29497395833333334
24038,1,0.5,0,2,0.5780989583333334,0.5780989583333334
24038,1,0.5,0,3,0.19946614583333333,0.19946614583333333
24038,1,0.5,1,0,0.29334635416666666,0.29334635416666666
24038,1,0.5,1,2,0.4734114583333333,0.4734114583333333
24038,1,0.5,1,3,0.4514453125,0.4514453125
24038,1,0.5,2,0,0.20489583333333333,0.20489583333333333
24038,1,0.5,2,1,0.227734375,0.227734375
24038,1,0.5,2,3,0.16993489583333332,0.16993489583333332
24038,1,0.5,3,0,0.3149869791666667,0.3149869791666667
24038,1,0.5,3,1,0.7100260416666667,0.7100260416666667
24038,1,0.5,3,2,0.5065885416666667,0.5065885416666667
24038,2,1.0,0,1,0.32671875,0.32671875
24038,2,1.0,0,2,0.6558463541666667,0.6558463541666667
24038,2,1.0,0,3,0.22569010416666666,0.22569010416666666
24038,2,1.0,1,0,0.3090625,0.3090625
24038,2,1.0,1,2,0.487578125,0.487578125
24038,2,1.0,1,3,0.47033854166666667,0.47033854166666667
24038,2,1.0,2,0,0.2075,0.2075
24038,2,1.0,2,1,0.24447916666666666,0.24447916666666666
24038,2,1.0,2,3,0.18276041666666668,0.18276041666666668
24038,2,1.0,3,0,0.3350520833333333,0.3350520833333333
24038,2,1.0,3,1,0.7260807291666667,0.7260807291666667
24038,2,1.0,3,2,0.5085677083333333,0.5085677083333333
24039,0,0.0,0,1,0.7344921875,0.7344921875
24039,0,0.0,0,2,0.4237239583333333,0.4237239583333333
24039,0,0.0,0,3,0.41251302083333335,0.41251302083333335
24039,0,0.0,1,0,0.5207682291666667,0.5207682291666667
24039,0,0.0,1,2,0.34563802083333334,0.34563802083333334
24039,0,0.0,1,3,0.3472135416666667,0.3472135416666667
24039,0,0.0,2,0,0.7405078125,0.7405078125
24039,0,0.0,2,1,0.7989583333333333,0.7989583333333333
24039,0,0.0,2,3,0.911171875,0.911171875
24039,0,0.0,3,0,0.7422395833333333,0.7422395833333333
24039,0,0.0,3,1,0.819453125,0.819453125
24039,0,0.0,3,2,0.9260546875,0.9260546875
24039,1,0.5,0,1,0.7182552083333333,0.7182552083333333
24039,1,0.5,0,2,0.43147135416666665,0.43147135416666665
24039,1,0.5,0,3,0.4291276041666667,0.4291276041666667
24039,1,0.5,1,0,0.476015625,0.476015625
24039,1,0.5,1,2,0.3315885416666667,0.3315885416666667
24039,1,0.5,1,3,0.333671875,0.333671875
24039,1,0.5,2,0,0.7449609375,0.7449609375
24039,1,0.5,2,1,0.7684895833333333,0.7684895833333333
24039,1,0.5,2,3,0.9197135416666666,0.9197135416666666
24039,1,0.5,3,0,0.7424609375,0.7424609375
24039,1,0.5,3,1,0.774140625,0.774140625
24039,1,0.5,3,2,0.9136588541666667,0.9136588541666667
24039,2,1.0,0,1,0.7064973958333334,0.7064973958333334
24039,2,1.0,0,2,0.456796875,0.456796875
24039,2,1.0,0,3,0.44643229166666665,0.44643229166666665
24039,2,1.0,1,0,0.45360677083333334,0.45360677083333334
24039,2,1.0,1,2,0.3364453125,0.3364453125
24039,2,1.0,1,3,0.3283333333333333,0.3283333333333333
24039,2,1.0,2,0,0.7466927083333333,0.7466927083333333
24039,2,1.0,2,1,0.7577083333333333,0.7577083333333333
24039,2,1.0,2,3,0.8929557291666667,0.8929557291666667
24039,2,1.0,3,0,0.7495833333333334,0.7495833333333334
24039,2,1.0,3,1,0.7625,0.7625
24039,2,1.0,3,2,0.9109635416666667,0.9109635416666667
24040,0,0.0,0,1,0.5112890625,0.5112890625
24040,0,0.0,0,2,0.50734375,0.50734375
24040,0,0.0,0,3,0.34346354166666665,0.34346354166666665
24040,0,0.0,1,0,0.39130208333333333,0.39130208333333333
24040,0,0.0,1,2,0.5357682291666667,0.5357682291666667
24040,0,0.0,1,3,0.133515625,0.133515625
24040,0,0.0,2,0,0.22953125,0.22953125
24040,0,0.0,2,1,0.3530078125,0.3530078125
24040,0,0.0,2,3,0.12725260416666667,0.12725260416666667
24040,0,0.0,3,0,0.5401302083333334,0.5401302083333334
24040,0,0.0,3,1,0.3975,0.3975
24040,0,0.0,3,2,0.374296875,0.374296875
24040,1,0.5,0,1,0.5341015625,0.5341015625
24040,1,0.5,0,2,0.5018619791666666,0.5018619791666666
24040,1,0.5,0,3,0.3711848958333333,0.3711848958333333
24040,1,0.5,1,0,0.37373697916666665,0.37373697916666665
24040,1,0.5,1,2,0.5339583333333333,0.5339583333333333
24040,1,0.5,1,3,0.13942708333333334,0.13942708333333334
24040,1,0.5,2,0,0.22923177083333332,0.22923177083333332
24040,1,0.5,2,1,0.37743489583333334,0.37743489583333334
24040,1,0.5,2,3,0.13897135416666667,0.13897135416666667
24040,1,0.5,3,0,0.5827604166666667,0.5827604166666667
24040,1,0.5,3,1,0.4526953125,0.4526953125
24040,1,0.5,3,2,0.42049479166666665,0.42049479166666665
24040,2,1.0,0,1,0.5106901041666667,0.5106901041666667
24040,2,1.0,0,2,0.503984375,0.503984375
24040,2,1.0,0,3,0.37494791666666666,0.37494791666666666
24040,2,1.0,1,0,0.29337239583333335,0.29337239583333335
24040,2,1.0,1,2,0.5340234375,0.5340234375
24040,2,1.0,1,3,0.11951822916666667,0.11951822916666667
24040,2,1.0,2,0,0.2497265625,0.2497265625
24040,2,1.0,2,1,0.4236328125,0.4236328125
24040,2,1.0,2,3,0.14674479166666668,0.14674479166666668
24040,2,1.0,3,0,0.6274088541666667,0.6274088541666667
24040,2,1.0,3,1,0.4784244791666667,0.4784244791666667
24040,2,1.0,3,2,0.45880208333333333,0.45880208333333333
24041,0,0.0,0,1,0.2833072916666667,0.2833072916666667
24041,0,0.0,0,2,0.1959765625,0.1959765625
24041,0,0.0,0,3,0.5549088541666667,0.5549088541666667
24041,0,0.0,1,0,0.7476953125,0.7476953125
24041,0,0.0,1,2,0.167734375,0.167734375
24041,0,0.0,1,3,0.608515625,0.608515625
24041,0,0.0,2,0,0.48854166666666665,0.48854166666666665
24041,0,0.0,2,1,0.428125,0.428125
24041,0,0.0,2,3,0.35951822916666665,0.35951822916666665
24041,0,0.0,3,0,0.5908463541666666,0.5908463541666666
24041,0,0.0,3,1,0.23438802083333332,0.23438802083333332
24041,0,0.0,3,2,0.07104166666666667,0.07104166666666667
24041,1,0.5,0,1,0.2932942708333333,0.2932942708333333
24041,1,0.5,0,2,0.20114583333333333,0.20114583333333333
24041,1,0.5,0,3,0.5420442708333333,0.5420442708333333
24041,1,0.5,1,0,0.7343229166666667,0.7343229166666667
24041,1,0.5,1,2,0.16649739583333334,0.16649739583333334
24041,1,0.5,1,3,0.5891927083333334,0.5891927083333334
24041,1,0.5,2,0,0.46109375,0.46109375
24041,1,0.5,2,1,0.408125,0.408125
24041,1,0.5,2,3,0.3476171875,0.3476171875
24041,1,0.5,3,0,0.5627213541666667,0.5627213541666667
24041,1,0.5,3,1,0.2208203125,0.2208203125
24041,1,0.5,3,2,0.07497395833333333,0.07497395833333333
24041,2,1.0,0,1,0.31134114583333333,0.31134114583333333
24041,2,1.0,0,2,0.207421875,0.207421875
24041,2,1.0,0,3,0.5278645833333333,0.5278645833333333
24041,2,1.0,1,0,0.7152213541666667,0.7152213541666667
24041,2,1.0,1,2,0.174765625,0.174765625
24041,2,1.0,1,3,0.5710546875,0.5710546875
24041,2,1.0,2,0,0.4330859375,0.4330859375
24041,2,1.0,2,1,0.39872395833333335,0.39872395833333335
24041,2,1.0,2,3,0.34447916666666667,0.34447916666666667
24041,2,1.0,3,0,0.5383333333333333,0.5383333333333333
24041,2,1.0,3,1,0.2143359375,0.2143359375
24041,2,1.0,3,2,0.08244791666666666,0.08244791666666666
24042,0,0.0,0,1,0.5168489583333333,0.5168489583333333
24042,0,0.0,0,2,0.552578125,0.552578125
24042,0,0.0,0,3,0.3888802083333333,0.3888802083333333
24042,0,0.0,1,0,0.15690104166666666,0.15690104166666666
24042,0,0.0,1,2,0.3201953125,0.3201953125
24042,0,0.0,1,3,0.13274739583333334,0.13274739583333334
24042,0,0.0,2,0,0.3916145833333333,0.3916145833333333
24042,0,0.0,2,1,0.530546875,0.530546875
24042,0,0.0,2,3,0.29236979166666666,0.29236979166666666
24042,0,0.0,3,0,0.5467838541666666,0.5467838541666666
24042,0,0.0,3,1,0.655859375,0.655859375
24042,0,0.0,3,2,0.6052213541666667,0.6052213541666667
24042,1,0.5,0,1,0.550703125,0.550703125
24042,1,0.5,0,2,0.634296875,0.634296875
24042,1,0.5,0,3,0.30270833333333336,0.30270833333333336
24042,1,0.5,1,0,0.28390625,0.28390625
24042,1,0.5,1,2,0.4815234375,0.4815234375
24042,1,0.5,1,3,0.1749609375,0.1749609375
24042,1,0.5,2,0,0.37036458333333333,0.37036458333333333
24042,1,0.5,2,1,0.4914192708333333,0.4914192708333333
24042,1,0.5,2,3,0.2116015625,0.2116015625
24042,1,0.5,3,0,0.6050260416666666,0.6050260416666666
24042,1,0.5,3,1,0.7546875,0.7546875
24042,1,0.5,3,2,0.66078125,0.66078125
24042,2,1.0,0,1,0.5363671875,0.5363671875
24042,2,1.0,0,2,0.5968229166666666,0.5968229166666666
24042,2,1.0,0,3,0.22015625,0.22015625
24042,2,1.0,1,0,0.5810807291666666,0.5810807291666666
24042,2,1.0,1,2,0.5130338541666667,0.5130338541666667
24042,2,1.0,1,3,0.2453515625,0.2453515625
24042,2,1.0,2,0,0.32817708333333334,0.32817708333333334
24042,2,1.0,2,1,0.287265625,0.287265625
24042,2,1.0,2,3,0.127265625,0.127265625
24042,2,1.0,3,0,0.6569921875,0.6569921875
24042,2,1.0,3,1,0.8300260416666667,0.8300260416666667
24042,2,1.0,3,2,0.7130338541666666,0.7130338541666666
24043,0,0.0,0,1,0.7511067708333333,0.7511067708333333
24043,0,0.0,0,2,0.3072916666666667,0.3072916666666667
24043,0,0.0,0,3,0.6923567708333334,0.6923567708333334
24043,0,0.0,1,0,0.18930989583333332,0.18930989583333332
24043,0,0.0,1,2,0.18388020833333332,0.18388020833333332
24043,0,0.0,1,3,0.33911458333333333,0.33911458333333333
24043,0,0.0,2,0,0.41106770833333334,0.41106770833333334
24043,0,0.0,2,1,0.571796875,0.571796875
24043,0,0.0,2,3,0.4160026041666667,0.4160026041666667
24043,0,0.0,3,0,0.3653645833333333,0.3653645833333333
24043,0,0.0,3,1,0.4499609375,0.4499609375
24043,0,0.0,3,2,0.31149739583333336,0.31149739583333336
24043,1,0.5,0,1,0.7486848958333333,0.7486848958333333
24043,1,0.5,0,2,0.33350260416666666,0.33350260416666666
24043,1,0.5,0,3,0.6868489583333334,0.6868489583333334
24043,1,0.5,1,0,0.19040364583333333,0.19040364583333333
24043,1,0.5,1,2,0.19037760416666666,0.19037760416666666
24043,1,0.5,1,3,0.33912760416666665,0.33912760416666665
24043,1,0.5,2,0,0.4312890625,0.4312890625
24043,1,0.5,2,1,0.5822005208333333,0.5822005208333333
24043,1,0.5,2,3,0.42171875,0.42171875
24043,1,0.5,3,0,0.386640625,0.386640625
24043,1,0.5,3,1,0.45287760416666667,0.45287760416666667
24043,1,0.5,3,2,0.3141015625,0.3141015625
24043,2,1.0,0,1,0.7516015625,0.7516015625
24043,2,1.0,0,2,0.3616666666666667,0.3616666666666667
24043,2,1.0,0,3,0.6820182291666667,0.6820182291666667
24043,2,1.0,1,0,0.19005208333333334,0.19005208333333334
24043,2,1.0,1,2,0.1958203125,0.1958203125
24043,2,1.0,1,3,0.34067708333333335,0.34067708333333335
24043,2,1.0,2,0,0.45221354166666666,0.45221354166666666
24043,2,1.0,2,1,0.5927864583333333,0.5927864583333333
24043,2,1.0,2,3,0.4361328125,0.4361328125
24043,2,1.0,3,0,0.40924479166666666,0.40924479166666666
24043,2,1.0,3,1,0.4636588541666667,0.4636588541666667
24043,2,1.0,3,2,0.3263671875,0.3263671875
24044,0,0.0,0,1,0.395859375,0.395859375
24044,0,0.0,0,2,0.5335807291666667,0.5335807291666667
24044,0,0.0,0,3,0.5056380208333333,0.5056380208333333
24044,0,0.0,1,0,0.6155729166666667,0.6155729166666667
24044,0,0.0,1,2,0.8151432291666667,0.8151432291666667
24044,0,0.0,1,3,0.6651171875,0.6651171875
24044,0,0.0,2,0,0.3708723958333333,0.3708723958333333
24044,0,0.0,2,1,0.18329427083333333,0.18329427083333333
24044,0,0.0,2,3,0.8091145833333333,0.8091145833333333
24044,0,0.0,3,0,0.12506510416666666,0.12506510416666666
24044,0,0.0,3,1,0.05904947916666667,0.05904947916666667
24044,0,0.0,3,2,0.2585807291666667,0.2585807291666667
24044,1,0.5,0,1,0.3146875,0.3146875
24044,1,0.5,0,2,0.50875,0.50875
24044,1,0.5,0,3,0.6165625,0.6165625
24044,1,0.5,1,0,0.6925260416666666,0.6925260416666666
24044,1,0.5,1,2,0.7980729166666667,0.7980729166666667
24044,1,0.5,1,3,0.7315755208333333,0.7315755208333333
24044,1,0.5,2,0,0.40720052083333336,0.40720052083333336
24044,1,0.5,2,1,0.17375,0.17375
24044,1,0.5,2,3,0.8196354166666666,0.8196354166666666
24044,1,0.5,3,0,0.20791666666666667,0.20791666666666667
24044,1,0.5,3,1,0.07102864583333333,0.07102864583333333
24044,1,0.5,3,2,0.35315104166666667,0.35315104166666667
24044,2,1.0,0,1,0.2606380208333333,0.2606380208333333
24044,2,1.0,0,2,0.5569921875,0.5569921875
24044,2,1.0,0,3,0.6848958333333334,0.6848958333333334
24044,2,1.0,1,0,0.7706901041666666,0.7706901041666666
24044,2,1.0,1,2,0.7629166666666667,0.7629166666666667
24044,2,1.0,1,3,0.760546875,0.760546875
24044,2,1.0,2,0,0.4775260416666667,0.4775260416666667
24044,2,1.0,2,1,0.16393229166666667,0.16393229166666667
24044,2,1.0,2,3,0.7180989583333334,0.7180989583333334
24044,2,1.0,3,0,0.25884114583333334,0.25884114583333334
24044,2,1.0,3,1,0.07705729166666667,0.07705729166666667
24044,2,1.0,3,2,0.4023307291666667,0.4023307291666667
24045,0,0.0,0,1,0.2555338541666667,0.2555338541666667
24045,0,0.0,0,2,0.431015625,0.431015625
24045,0,0.0,0,3,0.37838541666666664,0.37838541666666664
24045,0,0.0,1,0,0.318828125,0.318828125
24045,0,0.0,1,2,0.4039453125,0.4039453125
24045,0,0.0,1,3,0.5962239583333333,0.5962239583333333
24045,0,0.0,2,0,0.427578125,0.427578125
24045,0,0.0,2,1,0.272265625,0.272265625
24045,0,0.0,2,3,0.48147135416666664,0.48147135416666664
24045,0,0.0,3,0,0.31865885416666667,0.31865885416666667
24045,0,0.0,3,1,0.4423697916666667,0.4423697916666667
24045,0,0.0,3,2,0.5869010416666667,0.5869010416666667
24045,1,0.5,0,1,0.27520833333333333,0.27520833333333333
24045,1,0.5,0,2,0.4370572916666667,0.4370572916666667
24045,1,0.5,0,3,0.4110416666666667,0.4110416666666667
24045,1,0.5,1,0,0.31125,0.31125
24045,1,0.5,1,2,0.3931119791666667,0.3931119791666667
24045,1,0.5,1,3,0.5915104166666667,0.5915104166666667
24045,1,0.5,2,0,0.42526041666666664,0.42526041666666664
24045,1,0.5,2,1,0.2804817708333333,0.2804817708333333
24045,1,0.5,2,3,0.5679817708333333,0.5679817708333333
24045,1,0.5,3,0,0.320234375,0.320234375
24045,1,0.5,3,1,0.44079427083333333,0.44079427083333333
24045,1,0.5,3,2,0.5901953125,0.5901953125
24045,2,1.0,0,1,0.2875,0.2875
24045,2,1.0,0,2,0.46240885416666666,0.46240885416666666
24045,2,1.0,0,3,0.4178125,0.4178125
24045,2,1.0,1,0,0.3282291666666667,0.3282291666666667
24045,2,1.0,1,2,0.421796875,0.421796875
24045,2,1.0,1,3,0.607421875,0.607421875
24045,2,1.0,2,0,0.4424869791666667,0.4424869791666667
24045,2,1.0,2,1,0.283359375,0.283359375
24045,2,1.0,2,3,0.6502604166666667,0.6502604166666667
24045,2,1.0,3,0,0.325546875,0.325546875
24045,2,1.0,3,1,0.3873046875,0.3873046875
24045,2,1.0,3,2,0.62765625,0.62765625
24046,0,0.0,0,1,0.4652734375,0.4652734375
24046,0,0.0,0,2,0.5834895833333333,0.5834895833333333
24046,0,0.0,0,3,0.22450520833333334,0.22450520833333334
24046,0,0.0,1,0,0.5986067708333334,0.5986067708333334
24046,0,0.0,1,2,0.5223046875,0.5223046875
24046,0,0.0,1,3,0.3056640625,0.3056640625
24046,0,0.0,2,0,0.49278645833333334,0.49278645833333334
24046,0,0.0,2,1,0.33608072916666665,0.33608072916666665
24046,0,0.0,2,3,0.14766927083333334,0.14766927083333334
24046,0,0.0,3,0,0.5900651041666667,0.5900651041666667
24046,0,0.0,3,1,0.7772135416666667,0.7772135416666667
24046,0,0.0,3,2,0.551953125,0.551953125
24046,1,0.5,0,1,0.46432291666666664,0.46432291666666664
24046,1,0.5,0,2,0.5542057291666667,0.5542057291666667
24046,1,0.5,0,3,0.20029947916666666,0.20029947916666666
24046,1,0.5,1,0,0.6111458333333334,0.6111458333333334
24046,1,0.5,1,2,0.48625,0.48625
24046,1,0.5,1,3,0.2909244791666667,0.2909244791666667
24046,1,0.5,2,0,0.4826953125,0.4826953125
24046,1,0.5,2,1,0.3160807291666667,0.3160807291666667
24046,1,0.5,2,3,0.139921875,0.139921875
24046,1,0.5,3,0,0.5629427083333334,0.5629427083333334
24046,1,0.5,3,1,0.7452473958333333,0.7452473958333333
24046,1,0.5,3,2,0.5485026041666666,0.5485026041666666
24046,2,1.0,0,1,0.4483333333333333,0.4483333333333333
24046,2,1.0,0,2,0.5289583333333333,0.5289583333333333
24046,2,1.0,0,3,0.17772135416666668,0.17772135416666668
24046,2,1.0,1,0,0.5999609375,0.5999609375
24046,2,1.0,1,2,0.44125,0.44125
24046,2,1.0,1,3,0.28705729166666666,0.28705729166666666
24046,2,1.0,2,0,0.49221354166666664,0.49221354166666664
24046,2,1.0,2,1,0.3037109375,0.3037109375
24046,2,1.0,2,3,0.13484375,0.13484375
24046,2,1.0,3,0,0.5135677083333333,0.5135677083333333
24046,2,1.0,3,1,0.7096744791666667,0.7096744791666667
24046,2,1.0,3,2,0.5112369791666667,0.5112369791666667
24047,0,0.0,0,1,0.5430989583333333,0.5430989583333333
24047,0,0.0,0,2,0.4878385416666667,0.4878385416666667
24047,0,0.0,0,3,0.3783463541666667,0.3783463541666667
24047,0,0.0,1,0,0.4736328125,0.4736328125
24047,0,0.0,1,2,0.287890625,0.287890625
24047,0,0.0,1,3,0.13013020833333333,0.13013020833333333
24047,0,0.0,2,0,0.5362109375,0.5362109375
24047,0,0.0,2,1,0.4867447916666667,0.4867447916666667
24047,0,0.0,2,3,0.3824739583333333,0.3824739583333333
24047,0,0.0,3,0,0.6102734375,0.6102734375
24047,0,0.0,3,1,0.478203125,0.478203125
24047,0,0.0,3,2,0.625390625,0.625390625
24047,1,0.5,0,1,0.4542317708333333,0.4542317708333333
24047,1,0.5,0,2,0.45946614583333334,0.45946614583333334
24047,1,0.5,0,3,0.2945963541666667,0.2945963541666667
24047,1,0.5,1,0,0.12720052083333333,0.12720052083333333
24047,1,0.5,1,2,0.3355078125,0.3355078125
24047,1,0.5,1,3,0.06764322916666667,0.06764322916666667
24047,1,0.5,2,0,0.4709765625,0.4709765625
24047,1,0.5,2,1,0.5184765625,0.5184765625
24047,1,0.5,2,3,0.2378515625,0.2378515625
24047,1,0.5,3,0,0.4696875,0.4696875
24047,1,0.5,3,1,0.5139322916666667,0.5139322916666667
24047,1,0.5,3,2,0.383984375,0.383984375
24047,2,1.0,0,1,0.6464583333333334,0.6464583333333334
24047,2,1.0,0,2,0.67546875,0.67546875
24047,2,1.0,0,3,0.12959635416666668,0.12959635416666668
24047,2,1.0,1,0,0.2225390625,0.2225390625
24047,2,1.0,1,2,0.3647265625,0.3647265625
24047,2,1.0,1,3,0.122421875,0.122421875
24047,2,1.0,2,0,0.4803645833333333,0.4803645833333333
24047,2,1.0,2,1,0.4822135416666667,0.4822135416666667
24047,2,1.0,2,3,0.07990885416666667,0.07990885416666667
24047,2,1.0,3,0,0.1566015625,0.1566015625
24047,2,1.0,3,1,0.6088020833333333,0.6088020833333333
24047,2,1.0,3,2,0.10477864583333334,0.10477864583333334
24048,0,0.0,0,1,0.575546875,0.575546875
24048,0,0.0,0,2,0.43514322916666665,0.43514322916666665
24048,0,0.0,0,3,0.34779947916666665,0.34779947916666665
24048,0,0.0,1,0,0.37895833333333334,0.37895833333333334
24048,0,0.0,1,2,0.2712890625,0.2712890625
24048,0,0.0,1,3,0.42009114583333335,0.42009114583333335
24048,0,0.0,2,0,0.643515625,0.643515625
24048,0,0.0,2,1,0.6227994791666667,0.6227994791666667
24048,0,0.0,2,3,0.5755859375,0.5755859375
24048,0,0.0,3,0,0.46236979166666664,0.46236979166666664
24048,0,0.0,3,1,0.747109375,0.747109375
24048,0,0.0,3,2,0.4731640625,0.4731640625
24048,1,0.5,0,1,0.5867708333333334,0.5867708333333334
24048,1,0.5,0,2,0.4892578125,0.4892578125
24048,1,0.5,0,3,0.3485286458333333,0.3485286458333333
24048,1,0.5,1,0,0.38549479166666667,0.38549479166666667
24048,1,0.5,1,2,0.2903125,0.2903125
24048,1,0.5,1,3,0.3984244791666667,0.3984244791666667
24048,1,0.5,2,0,0.6314713541666667,0.6314713541666667
24048,1,0.5,2,1,0.648671875,0.648671875
24048,1,0.5,2,3,0.5844401041666667,0.5844401041666667
24048,1,0.5,3,0,0.4694140625,0.4694140625
24048,1,0.5,3,1,0.74875,0.74875
24048,1,0.5,3,2,0.5056640625,0.5056640625
24048,2,1.0,0,1,0.5782552083333333,0.5782552083333333
24048,2,1.0,0,2,0.5515494791666666,0.5515494791666666
24048,2,1.0,0,3,0.3471875,0.3471875
24048,2,1.0,1,0,0.37493489583333334,0.37493489583333334
24048,2,1.0,1,2,0.2950520833333333,0.2950520833333333
24048,2,1.0,1,3,0.39696614583333334,0.39696614583333334
24048,2,1.0,2,0,0.5889583333333334,0.5889583333333334
24048,2,1.0,2,1,0.6409244791666666,0.6409244791666666
24048,2,1.0,2,3,0.5803645833333333,0.5803645833333333
24048,2,1.0,3,0,0.4605859375,0.4605859375
24048,2,1.0,3,1,0.750234375,0.750234375
24048,2,1.0,3,2,0.5172786458333334,0.5172786458333334
24049,0,0.0,0,1,0.5296614583333333,0.5296614583333333
24049,0,0.0,0,2,0.6173046875,0.6173046875
24049,0,0.0,0,3,0.5283723958333333,0.5283723958333333
24049,0,0.0,1,0,0.4122395833333333,0.4122395833333333
24049,0,0.0,1,2,0.6015364583333334,0.6015364583333334
24049,0,0.0,1,3,0.4015755208333333,0.4015755208333333
24049,0,0.0,2,0,0.26309895833333335,0.26309895833333335
24049,0,0.0,2,1,0.33196614583333334,0.33196614583333334
24049,0,0.0,2,3,0.2145703125,0.2145703125
24049,0,0.0,3,0,0.7466796875,0.7466796875
24049,0,0.0,3,1,0.6497916666666667,0.6497916666666667
24049,0,0.0,3,2,0.6669140625,0.6669140625
24049,1,0.5,0,1,0.7476953125,0.7476953125
24049,1,0.5,0,2,0.64,0.64
24049,1,0.5,0,3,0.7773697916666666,0.7773697916666666
24049,1,0.5,1,0,0.4798177083333333,0.4798177083333333
24049,1,0.5,1,2,0.6427994791666667,0.6427994791666667
24049,1,0.5,1,3,0.6581770833333334,0.6581770833333334
24049,1,0.5,2,0,0.22220052083333333,0.22220052083333333
24049,1,0.5,2,1,0.3022005208333333,0.3022005208333333
24049,1,0.5,2,3,0.26794270833333333,0.26794270833333333
24049,1,0.5,3,0,0.5304296875,0.5304296875
24049,1,0.5,3,1,0.7628125,0.7628125
24049,1,0.5,3,2,0.6877213541666667,0.6877213541666667
24049,2,1.0,0,1,0.8469401041666667,0.8469401041666667
24049,2,1.0,0,2,0.5998177083333334,0.5998177083333334
24049,2,1.0,0,3,0.7287760416666667,0.7287760416666667
24049,2,1.0,1,0,0.5262890625,0.5262890625
24049,2,1.0,1,2,0.63234375,0.63234375
24049,2,1.0,1,3,0.8010807291666666,0.8010807291666666
24049,2,1.0,2,0,0.20368489583333332,0.20368489583333332
24049,2,1.0,2,1,0.26177083333333334,0.26177083333333334
24049,2,1.0,2,3,0.36873697916666665,0.36873697916666665
24049,2,1.0,3,0,0.32674479166666665,0.32674479166666665
24049,2,1.0,3,1,0.5208984375,0.5208984375
24049,2,1.0,3,2,0.734140625,0.734140625
24050,0,0.0,0,1,0.12796875,0.12796875
24050,0,0.0,0,2,0.24713541666666666,0.24713541666666666
24050,0,0.0,0,3,0.18165364583333332,0.18165364583333332
24050,0,0.0,1,0,0.28984375,0.28984375
24050,0,0.0,1,2,0.36713541666666666,0.36713541666666666
24050,0,0.0,1,3,0.4587630208333333,0.4587630208333333
24050,0,0.0,2,0,0.48791666666666667,0.48791666666666667
24050,0,0.0,2,1,0.14119791666666667,0.14119791666666667
24050,0,0.0,2,3,0.3602604166666667,0.3602604166666667
24050,0,0.0,3,0,0.43361979166666664,0.43361979166666664
24050,0,0.0,3,1,0.24602864583333334,0.24602864583333334
24050,0,0.0,3,2,0.656015625,0.656015625
24050,1,0.5,0,1,0.121875,0.121875
24050,1,0.5,0,2,0.23389322916666666,0.23389322916666666
24050,1,0.5,0,3,0.20122395833333334,0.20122395833333334
24050,1,0.5,1,0,0.2945963541666667,0.2945963541666667
24050,1,0.5,1,2,0.3436588541666667,0.3436588541666667
24050,1,0.5,1,3,0.4203385416666667,0.4203385416666667
24050,1,0.5,2,0,0.524609375,0.524609375
24050,1,0.5,2,1,0.13420572916666668,0.13420572916666668
24050,1,0.5,2,3,0.4459765625,0.4459765625
24050,1,0.5,3,0,0.48971354166666664,0.48971354166666664
24050,1,0.5,3,1,0.2048828125,0.2048828125
24050,1,0.5,3,2,0.6990104166666666,0.6990104166666666
24050,2,1.0,0,1,0.1271875,0.1271875
24050,2,1.0,0,2,0.2533463541666667,0.2533463541666667
24050,2,1.0,0,3,0.19716145833333334,0.19716145833333334
24050,2,1.0,1,0,0.32484375,0.32484375
24050,2,1.0,1,2,0.352109375,0.352109375
24050,2,1.0,1,3,0.454453125,0.454453125
24050,2,1.0,2,0,0.5394270833333333,0.5394270833333333
24050,2,1.0,2,1,0.13399739583333334,0.13399739583333334
24050,2,1.0,2,3,0.3701953125,0.3701953125
24050,2,1.0,3,0,0.4953125,0.4953125
24050,2,1.0,3,1,0.22923177083333332,0.22923177083333332
24050,2,1.0,3,2,0.6645703125,0.6645703125
24051,0,0.0,0,1,0.3333203125,0.3333203125
24051,0,0.0,0,2,0.633046875,0.633046875
24051,0,0.0,0,3,0.34694010416666665,0.34694010416666665
24051,0,0.0,1,0,0.7126171875,0.7126171875
24051,0,0.0,1,2,0.6718619791666667,0.6718619791666667
24051,0,0.0,1,3,0.7423046875,0.7423046875
24051,0,0.0,2,0,0.17502604166666666,0.17502604166666666
24051,0,0.0,2,1,0.07479166666666667,0.07479166666666667
24051,0,0.0,2,3,0.07705729166666667,0.07705729166666667
24051,0,0.0,3,0,0.7128776041666667,0.7128776041666667
24051,0,0.0,3,1,0.7866145833333333,0.7866145833333333
24051,0,0.0,3,2,0.7411197916666666,0.7411197916666666
24051,1,0.5,0,1,0.24477864583333334,0.24477864583333334
24051,1,0.5,0,2,0.6715494791666666,0.6715494791666666
24051,1,0.5,0,3,0.3040625,0.3040625
24051,1,0.5,1,0,0.5662239583333334,0.5662239583333334
24051,1,0.5,1,2,0.7063541666666666,0.7063541666666666
24051,1,0.5,1,3,0.7525390625,0.7525390625
24051,1,0.5,2,0,0.3262630208333333,0.3262630208333333
24051,1,0.5,2,1,0.0752734375,0.0752734375
24051,1,0.5,2,3,0.0916796875,0.0916796875
24051,1,0.5,3,0,0.6187239583333334,0.6187239583333334
24051,1,0.5,3,1,0.6611067708333334,0.6611067708333334
24051,1,0.5,3,2,0.797421875,0.797421875
24051,2,1.0,0,1,0.21895833333333334,0.21895833333333334
24051,2,1.0,0,2,0.5932942708333333,0.5932942708333333
24051,2,1.0,0,3,0.2887369791666667,0.2887369791666667
24051,2,1.0,1,0,0.5376302083333333,0.5376302083333333
24051,2,1.0,1,2,0.7054036458333334,0.7054036458333334
24051,2,1.0,1,3,0.8145963541666666,0.8145963541666666
24051,2,1.0,2,0,0.4025520833333333,0.4025520833333333
24051,2,1.0,2,1,0.07067708333333333,0.07067708333333333
24051,2,1.0,2,3,0.10888020833333334,0.10888020833333334
24051,2,1.0,3,0,0.6356901041666667,0.6356901041666667
24051,2,1.0,3,1,0.5379947916666666,0.5379947916666666
24051,2,1.0,3,2,0.7991796875,0.7991796875
24052,0,0.0,0,1,0.4496354166666667,0.4496354166666667
24052,0,0.0,0,2,0.6681380208333333,0.6681380208333333
24052,0,0.0,0,3,0.40618489583333334,0.40618489583333334
24052,0,0.0,1,0,0.5448567708333333,0.5448567708333333
24052,0,0.0,1,2,0.6438802083333334,0.6438802083333334
24052,0,0.0,1,3,0.37299479166666666,0.37299479166666666
24052,0,0.0,2,0,0.41022135416666666,0.41022135416666666
24052,0,0.0,2,1,0.3215104166666667,0.3215104166666667
24052,0,0.0,2,3,0.21868489583333334,0.21868489583333334
24052,0,0.0,3,0,0.5800911458333333,0.5800911458333333
24052,0,0.0,3,1,0.694296875,0.694296875
24052,0,0.0,3,2,0.5726041666666667,0.5726041666666667
24052,1,0.5,0,1,0.46533854166666666,0.46533854166666666
24052,1,0.5,0,2,0.5956380208333333,0.5956380208333333
24052,1,0.5,0,3,0.36875,0.36875
24052,1,0.5,1,0,0.573125,0.573125
24052,1,0.5,1,2,0.6266015625,0.6266015625
24052,1,0.5,1,3,0.2845963541666667,0.2845963541666667
24052,1,0.5,2,0,0.3179296875,0.3179296875
24052,1,0.5,2,1,0.274921875,0.274921875
24052,1,0.5,2,3,0.164296875,0.164296875
24052,1,0.5,3,0,0.6256640625,0.6256640625
24052,1,0.5,3,1,0.6106640625,0.6106640625
24052,1,0.5,3,2,0.5168098958333334,0.5168098958333334
24052,2,1.0,0,1,0.45841145833333335,0.45841145833333335
24052,2,1.0,0,2,0.5605989583333333,0.5605989583333333
24052,2,1.0,0,3,0.3646484375,0.3646484375
24052,2,1.0,1,0,0.5980729166666666,0.5980729166666666
24052,2,1.0,1,2,0.5899088541666667,0.5899088541666667
24052,2,1.0,1,3,0.3128125,0.3128125
24052,2,1.0,2,0,0.2934114583333333,0.2934114583333333
24052,2,1.0,2,1,0.244140625,0.244140625
24052,2,1.0,2,3,0.16048177083333334,0.16048177083333334
24052,2,1.0,3,0,0.6303776041666667,0.6303776041666667
24052,2,1.0,3,1,0.6340234375,0.6340234375
24052,2,1.0,3,2,0.5102213541666667,0.5102213541666667
24053,0,0.0,0,1,0.1727734375,0.1727734375
24053,0,0.0,0,2,0.35647135416666664,0.35647135416666664
24053,0,0.0,0,3,0.2458984375,0.2458984375
24053,0,0.0,1,0,0.43421875,0.43421875
24053,0,0.0,1,2,0.3144921875,0.3144921875
24053,0,0.0,1,3,0.3413671875,0.3413671875
24053,0,0.0,2,0,0.4113671875,0.4113671875
24053,0,0.0,2,1,0.17924479166666665,0.17924479166666665
24053,0,0.0,2,3,0.47997395833333334,0.47997395833333334
24053,0,0.0,3,0,0.5386067708333333,0.5386067708333333
24053,0,0.0,3,1,0.36537760416666665,0.36537760416666665
24053,0,0.0,3,2,0.6828385416666667,0.6828385416666667
24053,1,0.5,0,1,0.1829296875,0.1829296875
24053,1,0.5,0,2,0.37638020833333335,0.37638020833333335
24053,1,0.5,0,3,0.2751953125,0.2751953125
24053,1,0.5,1,0,0.4403125,0.4403125
24053,1,0.5,1,2,0.3143489583333333,0.3143489583333333
24053,1,0.5,1,3,0.33736979166666664,0.33736979166666664
24053,1,0.5,2,0,0.426640625,0.426640625
24053,1,0.5,2,1,0.18888020833333333,0.18888020833333333
24053,1,0.5,2,3,0.48873697916666664,0.48873697916666664
24053,1,0.5,3,0,0.5274348958333334,0.5274348958333334
24053,1,0.5,3,1,0.3681770833333333,0.3681770833333333
24053,1,0.5,3,2,0.6695052083333334,0.6695052083333334
24053,2,1.0,0,1,0.1941796875,0.1941796875
24053,2,1.0,0,2,0.45578125,0.45578125
24053,2,1.0,0,3,0.30497395833333335,0.30497395833333335
24053,2,1.0,1,0,0.42841145833333333,0.42841145833333333
24053,2,1.0,1,2,0.3173046875,0.3173046875
24053,2,1.0,1,3,0.31985677083333336,0.31985677083333336
24053,2,1.0,2,0,0.4468359375,0.4468359375
24053,2,1.0,2,1,0.19861979166666666,0.19861979166666666
24053,2,1.0,2,3,0.508125,0.508125
24053,2,1.0,3,0,0.5228255208333333,0.5228255208333333
24053,2,1.0,3,1,0.35856770833333335,0.35856770833333335
24053,2,1.0,3,2,0.67453125,0.67453125
24054,0,0.0,0,1,0.7973567708333333,0.7973567708333333
24054,0,0.0,0,2,0.76921875,0.76921875
24054,0,0.0,0,3,0.5970572916666667,0.5970572916666667
24054,0,0.0,1,0,0.3429036458333333,0.3429036458333333
24054,0,0.0,1,2,0.8201953125,0.8201953125
24054,0,0.0,1,3,0.341640625,0.341640625
24054,0,0.0,2,0,0.3304166666666667,0.3304166666666667
24054,0,0.0,2,1,0.713515625,0.713515625
24054,0,0.0,2,3,0.340703125,0.340703125
24054,0,0.0,3,0,0.6337239583333333,0.6337239583333333
24054,0,0.0,3,1,0.7404947916666667,0.7404947916666667
24054,0,0.0,3,2,0.7139973958333333,0.7139973958333333
24054,1,0.5,0,1,0.7763411458333334,0.7763411458333334
24054,1,0.5,0,2,0.7648307291666666,0.7648307291666666
24054,1,0.5,0,3,0.5559895833333334,0.5559895833333334
24054,1,0.5,1,0,0.3273828125,0.3273828125
24054,1,0.5,1,2,0.6997526041666666,0.6997526041666666
24054,1,0.5,1,3,0.26983072916666667,0.26983072916666667
24054,1,0.5,2,0,0.3835677083333333,0.3835677083333333
24054,1,0.5,2,1,0.8148958333333334,0.8148958333333334
24054,1,0.5,2,3,0.33329427083333335,0.33329427083333335
24054,1,0.5,3,0,0.6268489583333333,0.6268489583333333
24054,1,0.5,3,1,0.7609505208333334,0.7609505208333334
24054,1,0.5,3,2,0.710703125,0.710703125
24054,2,1.0,0,1,0.7564192708333334,0.7564192708333334
24054,2,1.0,0,2,0.7363151041666667,0.7363151041666667
24054,2,1.0,0,3,0.4814583333333333,0.4814583333333333
24054,2,1.0,1,0,0.38190104166666666,0.38190104166666666
24054,2,1.0,1,2,0.6375,0.6375
24054,2,1.0,1,3,0.24786458333333333,0.24786458333333333
24054,2,1.0,2,0,0.4335546875,0.4335546875
24054,2,1.0,2,1,0.7719791666666667,0.7719791666666667
24054,2,1.0,2,3,0.3131640625,0.3131640625
24054,2,1.0,3,0,0.62359375,0.62359375
24054,2,1.0,3,1,0.7523697916666666,0.7523697916666666
24054,2,1.0,3,2,0.6764322916666666,0.6764322916666666
24055,0,0.0,0,1,0.6057942708333334,0.6057942708333334
24055,0,0.0,0,2,0.7184895833333333,0.7184895833333333
24055,0,0.0,0,3,0.6119401041666667,0.6119401041666667
24055,0,0.0,1,0,0.5277864583333334,0.5277864583333334
24055,0,0.0,1,2,0.38611979166666666,0.38611979166666666
24055,0,0.0,1,3,0.31907552083333335,0.31907552083333335
24055,0,0.0,2,0,0.7016015625,0.7016015625
24055,0,0.0,2,1,0.45088541666666665,0.45088541666666665
24055,0,0.0,2,3,0.7585546875,0.7585546875
24055,0,0.0,3,0,0.4553125,0.4553125
24055,0,0.0,3,1,0.3778515625,0.3778515625
24055,0,0.0,3,2,0.456328125,0.456328125
24055,1,0.5,0,1,0.6112109375,0.6112109375
24055,1,0.5,0,2,0.87078125,0.87078125
24055,1,0.5,0,3,0.7141927083333334,0.7141927083333334
24055,1,0.5,1,0,0.5640104166666666,0.5640104166666666
24055,1,0.5,1,2,0.5421354166666666,0.5421354166666666
24055,1,0.5,1,3,0.416875,0.416875
24055,1,0.5,2,0,0.656015625,0.656015625
24055,1,0.5,2,1,0.5189973958333334,0.5189973958333334
24055,1,0.5,2,3,0.7138802083333333,0.7138802083333333
24055,1,0.5,3,0,0.5167578125,0.5167578125
24055,1,0.5,3,1,0.4479296875,0.4479296875
24055,1,0.5,3,2,0.58640625,0.58640625
24055,2,1.0,0,1,0.5873177083333333,0.5873177083333333
24055,2,1.0,0,2,0.8026432291666666,0.8026432291666666
24055,2,1.0,0,3,0.7126041666666667,0.7126041666666667
24055,2,1.0,1,0,0.6554817708333334,0.6554817708333334
24055,2,1.0,1,2,0.6268229166666667,0.6268229166666667
24055,2,1.0,1,3,0.5175520833333334,0.5175520833333334
24055,2,1.0,2,0,0.42059895833333333,0.42059895833333333
24055,2,1.0,2,1,0.4160546875,0.4160546875
24055,2,1.0,2,3,0.773515625,0.773515625
24055,2,1.0,3,0,0.3676302083333333,0.3676302083333333
24055,2,1.0,3,1,0.3874609375,0.3874609375
24055,2,1.0,3,2,0.7281640625,0.7281640625
24056,0,0.0,0,1,0.2944791666666667,0.2944791666666667
24056,0,0.0,0,2,0.4806770833333333,0.4806770833333333
24056,0,0.0,0,3,0.32252604166666665,0.32252604166666665
24056,0,0.0,1,0,0.31852864583333335,0.31852864583333335
24056,0,0.0,1,2,0.31983072916666666,0.31983072916666666
24056,0,0.0,1,3,0.3657421875,0.3657421875
24056,0,0.0,2,0,0.4605208333333333,0.4605208333333333
24056,0,0.0,2,1,0.2869140625,0.2869140625
24056,0,0.0,2,3,0.40565104166666666,0.40565104166666666
24056,0,0.0,3,0,0.5378255208333333,0.5378255208333333
24056,0,0.0,3,1,0.43052083333333335,0.43052083333333335
24056,0,0.0,3,2,0.6579427083333333,0.6579427083333333
24056,1,0.5,0,1,0.28546875,0.28546875
24056,1,0.5,0,2,0.5343359375,0.5343359375
24056,1,0.5,0,3,0.4637630208333333,0.4637630208333333
24056,1,0.5,1,0,0.2827604166666667,0.2827604166666667
24056,1,0.5,1,2,0.25192708333333336,0.25192708333333336
24056,1,0.5,1,3,0.3496484375,0.3496484375
24056,1,0.5,2,0,0.4223177083333333,0.4223177083333333
24056,1,0.5,2,1,0.17625,0.17625
24056,1,0.5,2,3,0.547421875,0.547421875
24056,1,0.5,3,0,0.5154427083333334,0.5154427083333334
24056,1,0.5,3,1,0.29748697916666667,0.29748697916666667
24056,1,0.5,3,2,0.7129817708333334,0.7129817708333334
24056,2,1.0,0,1,0.26635416666666667,0.26635416666666667
24056,2,1.0,0,2,0.5110286458333333,0.5110286458333333
24056,2,1.0,0,3,0.5280078125,0.5280078125
24056,2,1.0,1,0,0.2746875,0.2746875
24056,2,1.0,1,2,0.206015625,0.206015625
24056,2,1.0,1,3,0.3088151041666667,0.3088151041666667
24056,2,1.0,2,0,0.3722265625,0.3722265625
24056,2,1.0,2,1,0.15174479166666666,0.15174479166666666
24056,2,1.0,2,3,0.6410677083333334,0.6410677083333334
24056,2,1.0,3,0,0.4029036458333333,0.4029036458333333
24056,2,1.0,3,1,0.2476171875,0.2476171875
24056,2,1.0,3,2,0.6845052083333333,0.6845052083333333
24057,0,0.0,0,1,0.5370182291666666,0.5370182291666666
24057,0,0.0,0,2,0.2407421875,0.2407421875
24057,0,0.0,0,3,0.5285286458333334,0.5285286458333334
24057,0,0.0,1,0,0.3397526041666667,0.3397526041666667
24057,0,0.0,1,2,0.12805989583333333,0.12805989583333333
24057,0,0.0,1,3,0.5644791666666666,0.5644791666666666
24057,0,0.0,2,0,0.45783854166666665,0.45783854166666665
24057,0,0.0,2,1,0.5970052083333334,0.5970052083333334
24057,0,0.0,2,3,0.556796875,0.556796875
24057,0,0.0,3,0,0.4015755208333333,0.4015755208333333
24057,0,0.0,3,1,0.811796875,0.811796875
24057,0,0.0,3,2,0.1465234375,0.1465234375
24057,1,0.5,0,1,0.5400911458333333,0.5400911458333333
24057,1,0.5,0,2,0.2473828125,0.2473828125
24057,1,0.5,0,3,0.5266666666666666,0.5266666666666666
24057,1,0.5,1,0,0.33697916666666666,0.33697916666666666
24057,1,0.5,1,2,0.1255859375,0.1255859375
24057,1,0.5,1,3,0.56265625,0.56265625
24057,1,0.5,2,0,0.46665364583333335,0.46665364583333335
24057,1,0.5,2,1,0.596953125,0.596953125
24057,1,0.5,2,3,0.5726041666666667,0.5726041666666667
24057,1,0.5,3,0,0.3873567708333333,0.3873567708333333
24057,1,0.5,3,1,0.8220703125,0.8220703125
24057,1,0.5,3,2,0.15658854166666666,0.15658854166666666
24057,2,1.0,0,1,0.543828125,0.543828125
24057,2,1.0,0,2,0.277265625,0.277265625
24057,2,1.0,0,3,0.5325260416666666,0.5325260416666666
24057,2,1.0,1,0,0.32671875,0.32671875
24057,2,1.0,1,2,0.13421875,0.13421875
24057,2,1.0,1,3,0.5876692708333333,0.5876692708333333
24057,2,1.0,2,0,0.4900130208333333,0.4900130208333333
24057,2,1.0,2,1,0.6329557291666666,0.6329557291666666
24057,2,1.0,2,3,0.5990494791666666,0.5990494791666666
24057,2,1.0,3,0,0.37350260416666664,0.37350260416666664
24057,2,1.0,3,1,0.8303515625,0.8303515625
24057,2,1.0,3,2,0.15998697916666665,0.15998697916666665
24058,0,0.0,0,1,0.5102604166666667,0.5102604166666667
24058,0,0.0,0,2,0.3229166666666667,0.3229166666666667
24058,0,0.0,0,3,0.3562369791666667,0.3562369791666667
24058,0,0.0,1,0,0.4629296875,0.4629296875
24058,0,0.0,1,2,0.24665364583333332,0.24665364583333332
24058,0,0.0,1,3,0.3301822916666667,0.3301822916666667
24058,0,0.0,2,0,0.6316536458333334,0.6316536458333334
24058,0,0.0,2,1,0.5738020833333334,0.5738020833333334
24058,0,0.0,2,3,0.5009505208333334,0.5009505208333334
24058,0,0.0,3,0,0.5110677083333334,0.5110677083333334
24058,0,0.0,3,1,0.8145963541666666,0.8145963541666666
24058,0,0.0,3,2,0.42,0.42
24058,1,0.5,0,1,0.5034505208333333,0.5034505208333333
24058,1,0.5,0,2,0.32190104166666667,0.32190104166666667
24058,1,0.5,0,3,0.3503776041666667,0.3503776041666667
24058,1,0.5,1,0,0.4646484375,0.4646484375
24058,1,0.5,1,2,0.25052083333333336,0.25052083333333336
24058,1,0.5,1,3,0.3394010416666667,0.3394010416666667
24058,1,0.5,2,0,0.62390625,0.62390625
24058,1,0.5,2,1,0.5765234375,0.5765234375
24058,1,0.5,2,3,0.5142578125,0.5142578125
24058,1,0.5,3,0,0.5117838541666667,0.5117838541666667
24058,1,0.5,3,1,0.8160286458333333,0.8160286458333333
24058,1,0.5,3,2,0.4274609375,0.4274609375
24058,2,1.0,0,1,0.5013802083333333,0.5013802083333333
24058,2,1.0,0,2,0.3152994791666667,0.3152994791666667
24058,2,1.0,0,3,0.34802083333333333,0.34802083333333333
24058,2,1.0,1,0,0.4567057291666667,0.4567057291666667
24058,2,1.0,1,2,0.2458984375,0.2458984375
24058,2,1.0,1,3,0.34372395833333336,0.34372395833333336
24058,2,1.0,2,0,0.6233333333333333,0.6233333333333333
24058,2,1.0,2,1,0.5752213541666666,0.5752213541666666
24058,2,1.0,2,3,0.51328125,0.51328125
24058,2,1.0,3,0,0.5080989583333333,0.5080989583333333
24058,2,1.0,3,1,0.8154296875,0.8154296875
24058,2,1.0,3,2,0.41869791666666667,0.41869791666666667
24059,0,0.0,0,1,0.35432291666666665,0.35432291666666665
24059,0,0.0,0,2,0.8604557291666667,0.8604557291666667
24059,0,0.0,0,3,0.5217838541666666,0.5217838541666666
24059,0,0.0,1,0,0.30291666666666667,0.30291666666666667
24059,0,0.0,1,2,0.6157942708333334,0.6157942708333334
24059,0,0.0,1,3,0.07743489583333334,0.07743489583333334
24059,0,0.0,2,0,0.27053385416666664,0.27053385416666664
24059,0,0.0,2,1,0.4383723958333333,0.4383723958333333
24059,0,0.0,2,3,0.20055989583333333,0.20055989583333333
24059,0,0.0,3,0,0.4576822916666667,0.4576822916666667
24059,0,0.0,3,1,0.4513802083333333,0.4513802083333333
24059,0,0.0,3,2,0.9326171875,0.9326171875
24059,1,0.5,0,1,0.38186197916666664,0.38186197916666664
24059,1,0.5,0,2,0.7509635416666667,0.7509635416666667
24059,1,0.5,0,3,0.4478515625,0.4478515625
24059,1,0.5,1,0,0.3580078125,0.3580078125
24059,1,0.5,1,2,0.6399348958333333,0.6399348958333333
24059,1,0.5,1,3,0.07609375,0.07609375
24059,1,0.5,2,0,0.22447916666666667,0.22447916666666667
24059,1,0.5,2,1,0.41365885416666665,0.41365885416666665
24059,1,0.5,2,3,0.13485677083333333,0.13485677083333333
24059,1,0.5,3,0,0.47388020833333333,0.47388020833333333
24059,1,0.5,3,1,0.4813411458333333,0.4813411458333333
24059,1,0.5,3,2,0.8613932291666667,0.8613932291666667
24059,2,1.0,0,1,0.408046875,0.408046875
24059,2,1.0,0,2,0.7307291666666667,0.7307291666666667
24059,2,1.0,0,3,0.3681640625,0.3681640625
24059,2,1.0,1,0,0.38307291666666665,0.38307291666666665
24059,2,1.0,1,2,0.6398177083333333,0.6398177083333333
24059,2,1.0,1,3,0.08571614583333333,0.08571614583333333
24059,2,1.0,2,0,0.25973958333333336,0.25973958333333336
24059,2,1.0,2,1,0.38415364583333333,0.38415364583333333
24059,2,1.0,2,3,0.11654947916666666,0.11654947916666666
24059,2,1.0,3,0,0.47626302083333333,0.47626302083333333
24059,2,1.0,3,1,0.5468098958333333,0.5468098958333333
24059,2,1.0,3,2,0.814609375,0.814609375
24060,0,0.0,0,1,0.42158854166666665,0.42158854166666665
24060,0,0.0,0,2,0.4796223958333333,0.4796223958333333
24060,0,0.0,0,3,0.5771875,0.5771875
24060,0,0.0,1,0,0.46020833333333333,0.46020833333333333
24060,0,0.0,1,2,0.6092447916666667,0.6092447916666667
24060,0,0.0,1,3,0.6504427083333333,0.6504427083333333
24060,0,0.0,2,0,0.3055859375,0.3055859375
24060,0,0.0,2,1,0.37796875,0.37796875
24060,0,0.0,2,3,0.3728385416666667,0.3728385416666667
24060,0,0.0,3,0,0.45369791666666665,0.45369791666666665
24060,0,0.0,3,1,0.6421484375,0.6421484375
24060,0,0.0,3,2,0.7377473958333334,0.7377473958333334
24060,1,0.5,0,1,0.4203385416666667,0.4203385416666667
24060,1,0.5,0,2,0.48678385416666664,0.48678385416666664
24060,1,0.5,0,3,0.5747395833333333,0.5747395833333333
24060,1,0.5,1,0,0.44309895833333335,0.44309895833333335
24060,1,0.5,1,2,0.6250130208333333,0.6250130208333333
24060,1,0.5,1,3,0.6276432291666667,0.6276432291666667
24060,1,0.5,2,0,0.30505208333333333,0.30505208333333333
24060,1,0.5,2,1,0.39059895833333336,0.39059895833333336
24060,1,0.5,2,3,0.3847526041666667,0.3847526041666667
24060,1,0.5,3,0,0.4326953125,0.4326953125
24060,1,0.5,3,1,0.6614973958333333,0.6614973958333333
24060,1,0.5,3,2,0.7626302083333333,0.7626302083333333
24060,2,1.0,0,1,0.4234114583333333,0.4234114583333333
24060,2,1.0,0,2,0.4920703125,0.4920703125
24060,2,1.0,0,3,0.5725130208333333,0.5725130208333333
24060,2,1.0,1,0,0.42170572916666665,0.42170572916666665
24060,2,1.0,1,2,0.6446223958333334,0.6446223958333334
24060,2,1.0,1,3,0.60578125,0.60578125
24060,2,1.0,2,0,0.30020833333333335,0.30020833333333335
24060,2,1.0,2,1,0.416171875,0.416171875
24060,2,1.0,2,3,0.4076171875,0.4076171875
24060,2,1.0,3,0,0.403125,0.403125
24060,2,1.0,3,1,0.68453125,0.68453125
24060,2,1.0,3,2,0.7834244791666667,0.7834244791666667
24061,0,0.0,0,1,0.4714583333333333,0.4714583333333333
24061,0,0.0,0,2,0.17787760416666668,0.17787760416666668
24061,0,0.0,0,3,0.4178776041666667,0.4178776041666667
24061,0,0.0,1,0,0.12149739583333333,0.12149739583333333
24061,0,0.0,1,2,0.024088541666666668,0.024088541666666668
24061,0,0.0,1,3,0.051640625,0.051640625
24061,0,0.0,2,0,0.49563802083333336,0.49563802083333336
24061,0,0.0,2,1,0.4026171875,0.4026171875
24061,0,0.0,2,3,0.6431640625,0.6431640625
24061,0,0.0,3,0,0.6030078125,0.6030078125
24061,0,0.0,3,1,0.35571614583333333,0.35571614583333333
24061,0,0.0,3,2,0.2615104166666667,0.2615104166666667
24061,1,0.5,0,1,0.5108463541666667,0.5108463541666667
24061,1,0.5,0,2,0.182734375,0.182734375
24061,1,0.5,0,3,0.34640625,0.34640625
24061,1,0.5,1,0,0.10811197916666666,0.10811197916666666
24061,1,0.5,1,2,0.0242578125,0.0242578125
24061,1,0.5,1,3,0.03893229166666667,0.03893229166666667
24061,1,0.5,2,0,0.480546875,0.480546875
24061,1,0.5,2,1,0.4137239583333333,0.4137239583333333
24061,1,0.5,2,3,0.6808984375,0.6808984375
24061,1,0.5,3,0,0.6175,0.6175
24061,1,0.5,3,1,0.37375,0.37375
24061,1,0.5,3,2,0.32772135416666665,0.32772135416666665
24061,2,1.0,0,1,0.4747135416666667,0.4747135416666667
24061,2,1.0,0,2,0.19376302083333333,0.19376302083333333
24061,2,1.0,0,3,0.2815885416666667,0.2815885416666667
24061,2,1.0,1,0,0.08388020833333333,0.08388020833333333
24061,2,1.0,1,2,0.024700520833333333,0.024700520833333333
24061,2,1.0,1,3,0.029609375,0.029609375
24061,2,1.0,2,0,0.4816536458333333,0.4816536458333333
24061,2,1.0,2,1,0.4254296875,0.4254296875
24061,2,1.0,2,3,0.6814322916666666,0.6814322916666666
24061,2,1.0,3,0,0.581640625,0.581640625
24061,2,1.0,3,1,0.36368489583333335,0.36368489583333335
24061,2,1.0,3,2,0.4249088541666667,0.4249088541666667
24062,0,0.0,0,1,0.7003125,0.7003125
24062,0,0.0,0,2,0.5281901041666667,0.5281901041666667
24062,0,0.0,0,3,0.52953125,0.52953125
24062,0,0.0,1,0,0.3749609375,0.3749609375
24062,0,0.0,1,2,0.6133072916666666,0.6133072916666666
24062,0,0.0,1,3,0.5896614583333334,0.5896614583333334
24062,0,0.0,2,0,0.14755208333333333,0.14755208333333333
24062,0,0.0,2,1,0.25787760416666666,0.25787760416666666
24062,0,0.0,2,3,0.36270833333333335,0.36270833333333335
24062,0,0.0,3,0,0.1819140625,0.1819140625
24062,0,0.0,3,1,0.39891927083333334,0.39891927083333334
24062,0,0.0,3,2,0.7325130208333334,0.7325130208333334
24062,1,0.5,0,1,0.7293098958333334,0.7293098958333334
24062,1,0.5,0,2,0.522109375,0.522109375
24062,1,0.5,0,3,0.5219661458333333,0.5219661458333333
24062,1,0.5,1,0,0.38421875,0.38421875
24062,1,0.5,1,2,0.6038802083333333,0.6038802083333333
24062,1,0.5,1,3,0.6194791666666667,0.6194791666666667
24062,1,0.5,2,0,0.14342447916666667,0.14342447916666667
24062,1,0.5,2,1,0.2457421875,0.2457421875
24062,1,0.5,2,3,0.35294270833333335,0.35294270833333335
24062,1,0.5,3,0,0.17809895833333333,0.17809895833333333
24062,1,0.5,3,1,0.4022265625,0.4022265625
24062,1,0.5,3,2,0.7191145833333333,0.7191145833333333
24062,2,1.0,0,1,0.7295052083333333,0.7295052083333333
24062,2,1.0,0,2,0.5227994791666667,0.5227994791666667
24062,2,1.0,0,3,0.5114973958333333,0.5114973958333333
24062,2,1.0,1,0,0.3822786458333333,0.3822786458333333
24062,2,1.0,1,2,0.60140625,0.60140625
24062,2,1.0,1,3,0.6303255208333334,0.6303255208333334
24062,2,1.0,2,0,0.14173177083333333,0.14173177083333333
24062,2,1.0,2,1,0.247265625,0.247265625
24062,2,1.0,2,3,0.34759114583333334,0.34759114583333334
24062,2,1.0,3,0,0.1751171875,0.1751171875
24062,2,1.0,3,1,0.413359375,0.413359375
24062,2,1.0,3,2,0.7161197916666666,0.7161197916666666
24063,0,0.0,0,1,0.4751692708333333,0.4751692708333333
24063,0,0.0,0,2,0.3040234375,0.3040234375
24063,0,0.0,0,3,0.42901041666666667,0.42901041666666667
24063,0,0.0,1,0,0.4712109375,0.4712109375
24063,0,0.0,1,2,0.29888020833333334,0.29888020833333334
24063,0,0.0,1,3,0.2867838541666667,0.2867838541666667
24063,0,0.0,2,0,0.30592447916666665,0.30592447916666665
24063,0,0.0,2,1,0.2242578125,0.2242578125
24063,0,0.0,2,3,0.4669010416666667,0.4669010416666667
24063,0,0.0,3,0,0.4918359375,0.4918359375
24063,0,0.0,3,1,0.3032682291666667,0.3032682291666667
24063,0,0.0,3,2,0.47463541666666664,0.47463541666666664
24063,1,0.5,0,1,0.45479166666666665,0.45479166666666665
24063,1,0.5,0,2,0.3019140625,0.3019140625
24063,1,0.5,0,3,0.44501302083333333,0.44501302083333333
24063,1,0.5,1,0,0.4674609375,0.4674609375
24063,1,0.5,1,2,0.295546875,0.295546875
24063,1,0.5,1,3,0.2987239583333333,0.2987239583333333
24063,1,0.5,2,0,0.3057552083333333,0.3057552083333333
24063,1,0.5,2,1,0.21615885416666666,0.21615885416666666
24063,1,0.5,2,3,0.46020833333333333,0.46020833333333333
24063,1,0.5,3,0,0.5082161458333333,0.5082161458333333
24063,1,0.5,3,1,0.3067708333333333,0.3067708333333333
24063,1,0.5,3,2,0.4755989583333333,0.4755989583333333
24063,2,1.0,0,1,0.43127604166666667,0.43127604166666667
24063,2,1.0,0,2,0.310390625,0.310390625
24063,2,1.0,0,3,0.4584375,0.4584375
24063,2,1.0,1,0,0.4610677083333333,0.4610677083333333
24063,2,1.0,1,2,0.29380208333333335,0.29380208333333335
24063,2,1.0,1,3,0.3076953125,0.3076953125
24063,2,1.0,2,0,0.31169270833333335,0.31169270833333335
24063,2,1.0,2,1,0.21481770833333333,0.21481770833333333
24063,2,1.0,2,3,0.4560416666666667,0.4560416666666667
24063,2,1.0,3,0,0.5290494791666667,0.5290494791666667
24063,2,1.0,3,1,0.30591145833333333,0.30591145833333333
24063,2,1.0,3,2,0.47670572916666665,0.47670572916666665
24064,0,0.0,0,1,0.7611848958333334,0.7611848958333334
24064,0,0.0,0,2,0.7923177083333334,0.7923177083333334
24064,0,0.0,0,3,0.6387890625,0.6387890625
24064,0,0.0,1,0,0.3301822916666667,0.3301822916666667
24064,0,0.0,1,2,0.8058854166666667,0.8058854166666667
24064,0,0.0,1,3,0.47552083333333334,0.47552083333333334
24064,0,0.0,2,0,0.31192708333333335,0.31192708333333335
24064,0,0.0,2,1,0.6225260416666667,0.6225260416666667
24064,0,0.0,2,3,0.3554557291666667,0.3554557291666667
24064,0,0.0,3,0,0.5209895833333333,0.5209895833333333
24064,0,0.0,3,1,0.9689713541666667,0.9689713541666667
24064,0,0.0,3,2,0.931640625,0.931640625
24064,1,0.5,0,1,0.7713671875,0.7713671875
24064,1,0.5,0,2,0.7705598958333333,0.7705598958333333
24064,1,0.5,0,3,0.630546875,0.630546875
24064,1,0.5,1,0,0.338046875,0.338046875
24064,1,0.5,1,2,0.7668098958333334,0.7668098958333334
24064,1,0.5,1,3,0.4634505208333333,0.4634505208333333
24064,1,0.5,2,0,0.3324479166666667,0.3324479166666667
24064,1,0.5,2,1,0.6285416666666667,0.6285416666666667
24064,1,0.5,2,3,0.36421875,0.36421875
24064,1,0.5,3,0,0.5328385416666667,0.5328385416666667
24064,1,0.5,3,1,0.9628515625,0.9628515625
24064,1,0.5,3,2,0.8977864583333334,0.8977864583333334
24064,2,1.0,0,1,0.7663020833333334,0.7663020833333334
24064,2,1.0,0,2,0.7492447916666667,0.7492447916666667
24064,2,1.0,0,3,0.6324609375,0.6324609375
24064,2,1.0,1,0,0.34921875,0.34921875
24064,2,1.0,1,2,0.7500260416666666,0.7500260416666666
24064,2,1.0,1,3,0.462265625,0.462265625
24064,2,1.0,2,0,0.34390625,0.34390625
24064,2,1.0,2,1,0.6321223958333333,0.6321223958333333
24064,2,1.0,2,3,0.3705598958333333,0.3705598958333333
24064,2,1.0,3,0,0.5550390625,0.5550390625
24064,2,1.0,3,1,0.960234375,0.960234375
24064,2,1.0,3,2,0.8759375,0.8759375
24065,0,0.0,0,1,0.5797135416666667,0.5797135416666667
24065,0,0.0,0,2,0.25990885416666665,0.25990885416666665
24065,0,0.0,0,3,0.6172265625,0.6172265625
24065,0,0.0,1,0,0.6045442708333333,0.6045442708333333
24065,0,0.0,1,2,0.220703125,0.220703125
24065,0,0.0,1,3,0.528125,0.528125
24065,0,0.0,2,0,0.7951171875,0.7951171875
24065,0,0.0,2,1,0.7988671875,0.7988671875
24065,0,0.0,2,3,0.7978776041666666,0.7978776041666666
24065,0,0.0,3,0,0.17063802083333332,0.17063802083333332
24065,0,0.0,3,1,0.3659895833333333,0.3659895833333333
24065,0,0.0,3,2,0.07169270833333333,0.07169270833333333
24065,1,0.5,0,1,0.5967708333333334,0.5967708333333334
24065,1,0.5,0,2,0.26890625,0.26890625
24065,1,0.5,0,3,0.6043619791666667,0.6043619791666667
24065,1,0.5,1,0,0.5794270833333334,0.5794270833333334
24065,1,0.5,1,2,0.21640625,0.21640625
24065,1,0.5,1,3,0.5125,0.5125
24065,1,0.5,2,0,0.7804817708333334,0.7804817708333334
24065,1,0.5,2,1,0.8019010416666666,0.8019010416666666
24065,1,0.5,2,3,0.744140625,0.744140625
24065,1,0.5,3,0,0.1626171875,0.1626171875
24065,1,0.5,3,1,0.34524739583333336,0.34524739583333336
24065,1,0.5,3,2,0.0691796875,0.0691796875
24065,2,1.0,0,1,0.6141276041666667,0.6141276041666667
24065,2,1.0,0,2,0.291484375,0.291484375
24065,2,1.0,0,3,0.5854817708333333,0.5854817708333333
24065,2,1.0,1,0,0.5511328125,0.5511328125
24065,2,1.0,1,2,0.21203125,0.21203125
24065,2,1.0,1,3,0.497578125,0.497578125
24065,2,1.0,2,0,0.7780338541666667,0.7780338541666667
24065,2,1.0,2,1,0.8050911458333333,0.8050911458333333
24065,2,1.0,2,3,0.6928385416666667,0.6928385416666667
24065,2,1.0,3,0,0.15748697916666668,0.15748697916666668
24065,2,1.0,3,1,0.324140625,0.324140625
24065,2,1.0,3,2,0.06979166666666667,0.06979166666666667
24066,0,0.0,0,1,0.19259114583333334,0.19259114583333334
24066,0,0.0,0,2,0.1367578125,0.1367578125
24066,0,0.0,0,3,0.19265625,0.19265625
24066,0,0.0,1,0,0.19772135416666667,0.19772135416666667
24066,0,0.0,1,2,0.17536458333333332,0.17536458333333332
24066,0,0.0,1,3,0.1448828125,0.1448828125
24066,0,0.0,2,0,0.331875,0.331875
24066,0,0.0,2,1,0.553359375,0.553359375
24066,0,0.0,2,3,0.4584505208333333,0.4584505208333333
24066,0,0.0,3,0,0.4257942708333333,0.4257942708333333
24066,0,0.0,3,1,0.6488541666666666,0.6488541666666666
24066,0,0.0,3,2,0.6019921875,0.6019921875
24066,1,0.5,0,1,0.21513020833333332,0.21513020833333332
24066,1,0.5,0,2,0.13751302083333333,0.13751302083333333
24066,1,0.5,0,3,0.1819140625,0.1819140625
24066,1,0.5,1,0,0.21694010416666668,0.21694010416666668
24066,1,0.5,1,2,0.19904947916666665,0.19904947916666665
24066,1,0.5,1,3,0.15966145833333334,0.15966145833333334
24066,1,0.5,2,0,0.38819010416666666,0.38819010416666666
24066,1,0.5,2,1,0.5729296875,0.5729296875
24066,1,0.5,2,3,0.45872395833333335,0.45872395833333335
24066,1,0.5,3,0,0.509609375,0.509609375
24066,1,0.5,3,1,0.7088932291666666,0.7088932291666666
24066,1,0.5,3,2,0.635390625,0.635390625
24066,2,1.0,0,1,0.23274739583333334,0.23274739583333334
24066,2,1.0,0,2,0.1415234375,0.1415234375
24066,2,1.0,0,3,0.15630208333333334,0.15630208333333334
24066,2,1.0,1,0,0.24192708333333332,0.24192708333333332
24066,2,1.0,1,2,0.212265625,0.212265625
24066,2,1.0,1,3,0.16153645833333333,0.16153645833333333
24066,2,1.0,2,0,0.4384765625,0.4384765625
24066,2,1.0,2,1,0.5826692708333333,0.5826692708333333
24066,2,1.0,2,3,0.4661328125,0.4661328125
24066,2,1.0,3,0,0.5601432291666667,0.5601432291666667
24066,2,1.0,3,1,0.7152083333333333,0.7152083333333333
24066,2,1.0,3,2,0.657578125,0.657578125
24067,0,0.0,0,1,0.20438802083333332,0.20438802083333332
24067,0,0.0,0,2,0.5222135416666667,0.5222135416666667
24067,0,0.0,0,3,0.24302083333333332,0.24302083333333332
24067,0,0.0,1,0,0.5205208333333333,0.5205208333333333
24067,0,0.0,1,2,0.6140364583333333,0.6140364583333333
24067,0,0.0,1,3,0.6363932291666666,0.6363932291666666
24067,0,0.0,2,0,0.471875,0.471875
24067,0,0.0,2,1,0.2839713541666667,0.2839713541666667
24067,0,0.0,2,3,0.15044270833333334,0.15044270833333334
24067,0,0.0,3,0,0.5783984375,0.5783984375
24067,0,0.0,3,1,0.5606770833333333,0.5606770833333333
24067,0,0.0,3,2,0.6359505208333334,0.6359505208333334
24067,1,0.5,0,1,0.22928385416666666,0.22928385416666666
24067,1,0.5,0,2,0.4558333333333333,0.4558333333333333
24067,1,0.5,0,3,0.3103255208333333,0.3103255208333333
24067,1,0.5,1,0,0.5347005208333333,0.5347005208333333
24067,1,0.5,1,2,0.5615104166666667,0.5615104166666667
24067,1,0.5,1,3,0.6636458333333334,0.6636458333333334
24067,1,0.5,2,0,0.45352864583333335,0.45352864583333335
24067,1,0.5,2,1,0.36368489583333335,0.36368489583333335
24067,1,0.5,2,3,0.4310026041666667,0.4310026041666667
24067,1,0.5,3,0,0.614453125,0.614453125
24067,1,0.5,3,1,0.549296875,0.549296875
24067,1,0.5,3,2,0.7081510416666666,0.7081510416666666
24067,2,1.0,0,1,0.21393229166666666,0.21393229166666666
24067,2,1.0,0,2,0.3954036458333333,0.3954036458333333
24067,2,1.0,0,3,0.332890625,0.332890625
24067,2,1.0,1,0,0.4463671875,0.4463671875
24067,2,1.0,1,2,0.5162109375,0.5162109375
24067,2,1.0,1,3,0.6542447916666667,0.6542447916666667
24067,2,1.0,2,0,0.392578125,0.392578125
24067,2,1.0,2,1,0.3974739583333333,0.3974739583333333
24067,2,1.0,2,3,0.4313671875,0.4313671875
24067,2,1.0,3,0,0.56453125,0.56453125
24067,2,1.0,3,1,0.4872005208333333,0.4872005208333333
24067,2,1.0,3,2,0.516015625,0.516015625
24068,0,0.0,0,1,0.5663932291666667,0.5663932291666667
24068,0,0.0,0,2,0.712578125,0.712578125
24068,0,0.0,0,3,0.444921875,0.444921875
24068,0,0.0,1,0,0.34899739583333333,0.34899739583333333
24068,0,0.0,1,2,0.5148567708333334,0.5148567708333334
24068,0,0.0,1,3,0.34067708333333335,0.34067708333333335
24068,0,0.0,2,0,0.1715234375,0.1715234375
24068,0,0.0,2,1,0.4459765625,0.4459765625
24068,0,0.0,2,3,0.1388671875,0.1388671875
24068,0,0.0,3,0,0.49494791666666665,0.49494791666666665
24068,0,0.0,3,1,0.8348307291666667,0.8348307291666667
24068,0,0.0,3,2,0.6872005208333334,0.6872005208333334
24068,1,0.5,0,1,0.5645833333333333,0.5645833333333333
24068,1,0.5,0,2,0.7163541666666666,0.7163541666666666
24068,1,0.5,0,3,0.4424609375,0.4424609375
24068,1,0.5,1,0,0.35161458333333334,0.35161458333333334
24068,1,0.5,1,2,0.5098307291666667,0.5098307291666667
24068,1,0.5,1,3,0.333671875,0.333671875
24068,1,0.5,2,0,0.18381510416666666,0.18381510416666666
24068,1,0.5,2,1,0.4487760416666667,0.4487760416666667
24068,1,0.5,2,3,0.13990885416666668,0.13990885416666668
24068,1,0.5,3,0,0.4919921875,0.4919921875
24068,1,0.5,3,1,0.81890625,0.81890625
24068,1,0.5,3,2,0.67453125,0.67453125
24068,2,1.0,0,1,0.5658203125,0.5658203125
24068,2,1.0,0,2,0.7200390625,0.7200390625
24068,2,1.0,0,3,0.4394140625,0.4394140625
24068,2,1.0,1,0,0.3510546875,0.3510546875
24068,2,1.0,1,2,0.5025520833333333,0.5025520833333333
24068,2,1.0,1,3,0.3268359375,0.3268359375
24068,2,1.0,2,0,0.19985677083333334,0.19985677083333334
24068,2,1.0,2,1,0.4559505208333333,0.4559505208333333
24068,2,1.0,2,3,0.14018229166666665,0.14018229166666665
24068,2,1.0,3,0,0.49658854166666666,0.49658854166666666
24068,2,1.0,3,1,0.8049479166666667,0.8049479166666667
24068,2,1.0,3,2,0.6590625,0.6590625
24069,0,0.0,0,1,0.3194140625,0.3194140625
24069,0,0.0,0,2,0.20208333333333334,0.20208333333333334
24069,0,0.0,0,3,0.38352864583333335,0.38352864583333335
24069,0,0.0,1,0,0.2846484375,0.2846484375
24069,0,0.0,1,2,0.40252604166666667,0.40252604166666667
24069,0,0.0,1,3,0.4212369791666667,0.4212369791666667
24069,0,0.0,2,0,0.19571614583333333,0.19571614583333333
24069,0,0.0,2,1,0.43483072916666665,0.43483072916666665
24069,0,0.0,2,3,0.3088151041666667,0.3088151041666667
24069,0,0.0,3,0,0.4027604166666667,0.4027604166666667
24069,0,0.0,3,1,0.49416666666666664,0.49416666666666664
24069,0,0.0,3,2,0.327265625,0.327265625
24069,1,0.5,0,1,0.32110677083333333,0.32110677083333333
24069,1,0.5,0,2,0.21283854166666666,0.21283854166666666
24069,1,0.5,0,3,0.39154947916666666,0.39154947916666666
24069,1,0.5,1,0,0.2881901041666667,0.2881901041666667
24069,1,0.5,1,2,0.40248697916666665,0.40248697916666665
24069,1,0.5,1,3,0.41920572916666665,0.41920572916666665
24069,1,0.5,2,0,0.20459635416666666,0.20459635416666666
24069,1,0.5,2,1,0.441015625,0.441015625
24069,1,0.5,2,3,0.3069661458333333,0.3069661458333333
24069,1,0.5,3,0,0.4041796875,0.4041796875
24069,1,0.5,3,1,0.49,0.49
24069,1,0.5,3,2,0.3241276041666667,0.3241276041666667
24069,2,1.0,0,1,0.33053385416666664,0.33053385416666664
24069,2,1.0,0,2,0.22951822916666667,0.22951822916666667
24069,2,1.0,0,3,0.40216145833333333,0.40216145833333333
24069,2,1.0,1,0,0.2919010416666667,0.2919010416666667
24069,2,1.0,1,2,0.40166666666666667,0.40166666666666667
24069,2,1.0,1,3,0.41723958333333333,0.41723958333333333
24069,2,1.0,2,0,0.2151171875,0.2151171875
24069,2,1.0,2,1,0.4463671875,0.4463671875
24069,2,1.0,2,3,0.30701822916666666,0.30701822916666666
24069,2,1.0,3,0,0.40481770833333336,0.40481770833333336
24069,2,1.0,3,1,0.4877473958333333,0.4877473958333333
24069,2,1.0,3,2,0.32490885416666665,0.32490885416666665
24070,0,0.0,0,1,0.17515625,0.17515625
24070,0,0.0,0,2,0.5224088541666667,0.5224088541666667
24070,0,0.0,0,3,0.6203255208333334,0.6203255208333334
24070,0,0.0,1,0,0.39470052083333335,0.39470052083333335
24070,0,0.0,1,2,0.7806640625,0.7806640625
24070,0,0.0,1,3,0.6493619791666667,0.6493619791666667
24070,0,0.0,2,0,0.47673177083333335,0.47673177083333335
24070,0,0.0,2,1,0.24776041666666668,0.24776041666666668
24070,0,0.0,2,3,0.7312630208333334,0.7312630208333334
24070,0,0.0,3,0,0.3466796875,0.3466796875
24070,0,0.0,3,1,0.16529947916666668,0.16529947916666668
24070,0,0.0,3,2,0.40967447916666666,0.40967447916666666
24070,1,0.5,0,1,0.1944921875,0.1944921875
24070,1,0.5,0,2,0.5144791666666667,0.5144791666666667
24070,1,0.5,0,3,0.6079166666666667,0.6079166666666667
24070,1,0.5,1,0,0.41401041666666666,0.41401041666666666
24070,1,0.5,1,2,0.7695703125,0.7695703125
24070,1,0.5,1,3,0.6401953125,0.6401953125
24070,1,0.5,2,0,0.4847005208333333,0.4847005208333333
24070,1,0.5,2,1,0.22669270833333333,0.22669270833333333
24070,1,0.5,2,3,0.7291145833333333,0.7291145833333333
24070,1,0.5,3,0,0.3487890625,0.3487890625
24070,1,0.5,3,1,0.15701822916666666,0.15701822916666666
24070,1,0.5,3,2,0.409765625,0.409765625
24070,2,1.0,0,1,0.21494791666666666,0.21494791666666666
24070,2,1.0,0,2,0.513203125,0.513203125
24070,2,1.0,0,3,0.60375,0.60375
24070,2,1.0,1,0,0.41498697916666666,0.41498697916666666
24070,2,1.0,1,2,0.7481770833333333,0.7481770833333333
24070,2,1.0,1,3,0.5967317708333333,0.5967317708333333
24070,2,1.0,2,0,0.49192708333333335,0.49192708333333335
24070,2,1.0,2,1,0.2076171875,0.2076171875
24070,2,1.0,2,3,0.7153385416666667,0.7153385416666667
24070,2,1.0,3,0,0.3603125,0.3603125
24070,2,1.0,3,1,0.14470052083333335,0.14470052083333335
24070,2,1.0,3,2,0.41837239583333335,0.41837239583333335
24071,0,0.0,0,1,0.33404947916666666,0.33404947916666666
24071,0,0.0,0,2,0.16415364583333333,0.16415364583333333
24071,0,0.0,0,3,0.323203125,0.323203125
24071,0,0.0,1,0,0.2714713541666667,0.2714713541666667
24071,0,0.0,1,2,0.08619791666666667,0.08619791666666667
24071,0,0.0,1,3,0.12998697916666666,0.12998697916666666
24071,0,0.0,2,0,0.17609375,0.17609375
24071,0,0.0,2,1,0.7090104166666666,0.7090104166666666
24071,0,0.0,2,3,0.7300911458333333,0.7300911458333333
24071,0,0.0,3,0,0.3399609375,0.3399609375
24071,0,0.0,3,1,0.6657942708333333,0.6657942708333333
24071,0,0.0,3,2,0.4268359375,0.4268359375
24071,1,0.5,0,1,0.28653645833333335,0.28653645833333335
24071,1,0.5,0,2,0.16170572916666667,0.16170572916666667
24071,1,0.5,0,3,0.3183463541666667,0.3183463541666667
24071,1,0.5,1,0,0.250859375,0.250859375
24071,1,0.5,1,2,0.12880208333333334,0.12880208333333334
24071,1,0.5,1,3,0.15227864583333334,0.15227864583333334
24071,1,0.5,2,0,0.12692708333333333,0.12692708333333333
24071,1,0.5,2,1,0.7025,0.7025
24071,1,0.5,2,3,0.6804427083333333,0.6804427083333333
24071,1,0.5,3,0,0.37451822916666666,0.37451822916666666
24071,1,0.5,3,1,0.7334114583333333,0.7334114583333333
24071,1,0.5,3,2,0.424609375,0.424609375
24071,2,1.0,0,1,0.3163151041666667,0.3163151041666667
24071,2,1.0,0,2,0.20291666666666666,0.20291666666666666
24071,2,1.0,0,3,0.32766927083333336,0.32766927083333336
24071,2,1.0,1,0,0.2619401041666667,0.2619401041666667
24071,2,1.0,1,2,0.16671875,0.16671875
24071,2,1.0,1,3,0.1940625,0.1940625
24071,2,1.0,2,0,0.16352864583333335,0.16352864583333335
24071,2,1.0,2,1,0.6605208333333333,0.6605208333333333
24071,2,1.0,2,3,0.698828125,0.698828125
24071,2,1.0,3,0,0.35833333333333334,0.35833333333333334
24071,2,1.0,3,1,0.7784244791666667,0.7784244791666667
24071,2,1.0,3,2,0.4063411458333333,0.4063411458333333
24072,0,0.0,0,1,0.4664453125,0.4664453125
24072,0,0.0,0,2,0.429765625,0.429765625
24072,0,0.0,0,3,0.2773307291666667,0.2773307291666667
24072,0,0.0,1,0,0.24359375,0.24359375
24072,0,0.0,1,2,0.2943359375,0.2943359375
24072,0,0.0,1,3,0.13815104166666667,0.13815104166666667
24072,0,0.0,2,0,0.444921875,0.444921875
24072,0,0.0,2,1,0.41725260416666665,0.41725260416666665
24072,0,0.0,2,3,0.373515625,0.373515625
24072,0,0.0,3,0,0.6240104166666667,0.6240104166666667
24072,0,0.0,3,1,0.588359375,0.588359375
24072,0,0.0,3,2,0.6423958333333334,0.6423958333333334
24072,1,0.5,0,1,0.4095963541666667,0.4095963541666667
24072,1,0.5,0,2,0.35389322916666666,0.35389322916666666
24072,1,0.5,0,3,0.3774869791666667,0.3774869791666667
24072,1,0.5,1,0,0.21255208333333334,0.21255208333333334
24072,1,0.5,1,2,0.28859375,0.28859375
24072,1,0.5,1,3,0.12528645833333332,0.12528645833333332
24072,1,0.5,2,0,0.405859375,0.405859375
24072,1,0.5,2,1,0.4073307291666667,0.4073307291666667
24072,1,0.5,2,3,0.46654947916666667,0.46654947916666667
24072,1,0.5,3,0,0.5367447916666667,0.5367447916666667
24072,1,0.5,3,1,0.5565755208333333,0.5565755208333333
24072,1,0.5,3,2,0.66875,0.66875
24072,2,1.0,0,1,0.4144921875,0.4144921875
24072,2,1.0,0,2,0.36149739583333335,0.36149739583333335
24072,2,1.0,0,3,0.395078125,0.395078125
24072,2,1.0,1,0,0.1936328125,0.1936328125
24072,2,1.0,1,2,0.2874348958333333,0.2874348958333333
24072,2,1.0,1,3,0.113828125,0.113828125
24072,2,1.0,2,0,0.3853125,0.3853125
24072,2,1.0,2,1,0.419140625,0.419140625
24072,2,1.0,2,3,0.4637369791666667,0.4637369791666667
24072,2,1.0,3,0,0.5191145833333334,0.5191213427258168
24072,2,1.0,3,1,0.5354817708333334,0.5354887433430123
24072,2,1.0,3,2,0.6374479166666667,0.637456216877824
24073,0,0.0,0,1,0.35930989583333334,0.35930989583333334
24073,0,0.0,0,2,0.5383203125,0.5383203125
24073,0,0.0,0,3,0.6716666666666666,0.6716666666666666
24073,0,0.0,1,0,0.26591145833333335,0.26591145833333335
24073,0,0.0,1,2,0.7903515625,0.7903515625
24073,0,0.0,1,3,0.5023828125,0.5023828125
24073,0,0.0,2,0,0.26885416666666667,0.26885416666666667
24073,0,0.0,2,1,0.5024869791666666,0.5024869791666666
24073,0,0.0,2,3,0.2895703125,0.2895703125
24073,0,0.0,3,0,0.4859765625,0.4859765625
24073,0,0.0,3,1,0.6192838541666666,0.6192838541666666
24073,0,0.0,3,2,0.75515625,0.75515625
24073,1,0.5,0,1,0.374296875,0.374296875
24073,1,0.5,0,2,0.5593619791666666,0.5593619791666666
24073,1,0.5,0,3,0.7150390625,0.7150390625
24073,1,0.5,1,0,0.26760416666666664,0.26760416666666664
24073,1,0.5,1,2,0.7774088541666667,0.7774088541666667
24073,1,0.5,1,3,0.5081119791666666,0.5081119791666666
24073,1,0.5,2,0,0.27341145833333336,0.27341145833333336
24073,1,0.5,2,1,0.48098958333333336,0.48098958333333336
24073,1,0.5,2,3,0.31223958333333335,0.31223958333333335
24073,1,0.5,3,0,0.4955598958333333,0.4955598958333333
24073,1,0.5,3,1,0.5906901041666667,0.5906901041666667
24073,1,0.5,3,2,0.7618619791666666,0.7618619791666666
24073,2,1.0,0,1,0.39197916666666666,0.39197916666666666
24073,2,1.0,0,2,0.575078125,0.575078125
24073,2,1.0,0,3,0.7382552083333334,0.7382552083333334
24073,2,1.0,1,0,0.27479166666666666,0.27479166666666666
24073,2,1.0,1,2,0.7434375,0.7434375
24073,2,1.0,1,3,0.5109375,0.5109375
24073,2,1.0,2,0,0.24861979166666667,0.24861979166666667
24073,2,1.0,2,1,0.39013020833333334,0.39013020833333334
24073,2,1.0,2,3,0.29256510416666665,0.29256510416666665
24073,2,1.0,3,0,0.48084635416666666,0.48084635416666666
24073,2,1.0,3,1,0.5360807291666667,0.5360807291666667
24073,2,1.0,3,2,0.7482682291666667,0.7482682291666667
24074,0,0.0,0,1,0.7291145833333333,0.7291145833333333
24074,0,0.0,0,2,0.6505989583333334,0.6505989583333334
24074,0,0.0,0,3,0.8378255208333333,0.8378255208333333
24074,0,0.0,1,0,0.17473958333333334,0.17473958333333334
24074,0,0.0,1,2,0.72765625,0.72765625
24074,0,0.0,1,3,0.42466145833333335,0.42466145833333335
24074,0,0.0,2,0,0.18006510416666666,0.18006510416666666
24074,0,0.0,2,1,0.5810416666666667,0.5810416666666667
24074,0,0.0,2,3,0.3377734375,0.3377734375
24074,0,0.0,3,0,0.4279557291666667,0.4279557291666667
24074,0,0.0,3,1,0.7873046875,0.7873046875
24074,0,0.0,3,2,0.6617708333333333,0.6617708333333333
24074,1,0.5,0,1,0.7592838541666667,0.7592838541666667
24074,1,0.5,0,2,0.6441276041666667,0.6441276041666667
24074,1,0.5,0,3,0.8533984375,0.8533984375
24074,1,0.5,1,0,0.19501302083333333,0.19501302083333333
24074,1,0.5,1,2,0.7056901041666667,0.7056901041666667
24074,1,0.5,1,3,0.4373958333333333,0.4373958333333333
24074,1,0.5,2,0,0.1841796875,0.1841796875
24074,1,0.5,2,1,0.540546875,0.540546875
24074,1,0.5,2,3,0.33243489583333335,0.33243489583333335
24074,1,0.5,3,0,0.43180989583333335,0.43180989583333335
24074,1,0.5,3,1,0.7916145833333333,0.7916145833333333
24074,1,0.5,3,2,0.6572135416666667,0.6572135416666667
24074,2,1.0,0,1,0.769921875,0.769921875
24074,2,1.0,0,2,0.6570963541666667,0.6570963541666667
24074,2,1.0,0,3,0.858671875,0.858671875
24074,2,1.0,1,0,0.2073828125,0.2073828125
24074,2,1.0,1,2,0.6860286458333333,0.6860286458333333
24074,2,1.0,1,3,0.4377083333333333,0.4377083333333333
24074,2,1.0,2,0,0.21895833333333334,0.21895833333333334
24074,2,1.0,2,1,0.6306640625,0.6306640625
24074,2,1.0,2,3,0.39911458333333333,0.39911458333333333
24074,2,1.0,3,0,0.440703125,0.440703125
24074,2,1.0,3,1,0.7910807291666667,0.7910807291666667
24074,2,1.0,3,2,0.6622395833333333,0.6622395833333333
24075,0,0.0,0,1,0.16834635416666666,0.16834635416666666
24075,0,0.0,0,2,0.467265625,0.467265625
24075,0,0.0,0,3,0.2748307291666667,0.2748307291666667
24075,0,0.0,1,0,0.42204427083333335,0.42204427083333335
24075,0,0.0,1,2,0.605234375,0.605234375
24075,0,0.0,1,3,0.561015625,0.561015625
24075,0,0.0,2,0,0.4937109375,0.4937109375
24075,0,0.0,2,1,0.18079427083333333,0.18079427083333333
24075,0,0.0,2,3,0.45360677083333334,0.45360677083333334
24075,0,0.0,3,0,0.5025651041666667,0.5025651041666667
24075,0,0.0,3,1,0.21075520833333333,0.21075520833333333
24075,0,0.0,3,2,0.6423567708333333,0.6423567708333333
24075,1,0.5,0,1,0.18747395833333333,0.18747395833333333
24075,1,0.5,0,2,0.504765625,0.504765625
24075,1,0.5,0,3,0.29813802083333335,0.29813802083333335
24075,1,0.5,1,0,0.416875,0.416875
24075,1,0.5,1,2,0.5907291666666666,0.5907291666666666
24075,1,0.5,1,3,0.540859375,0.540859375
24075,1,0.5,2,0,0.5065364583333334,0.5065364583333334
24075,1,0.5,2,1,0.18861979166666668,0.18861979166666668
24075,1,0.5,2,3,0.47,0.47
24075,1,0.5,3,0,0.5034765625,0.5034765625
24075,1,0.5,3,1,0.2157421875,0.2157421875
24075,1,0.5,3,2,0.6662630208333333,0.6662630208333333
24075,2,1.0,0,1,0.16973958333333333,0.16973958333333333
24075,2,1.0,0,2,0.5143098958333333,0.5143098958333333
24075,2,1.0,0,3,0.274453125,0.274453125
24075,2,1.0,1,0,0.4069140625,0.4069140625
24075,2,1.0,1,2,0.5800260416666667,0.5800260416666667
24075,2,1.0,1,3,0.527734375,0.527734375
24075,2,1.0,2,0,0.5060026041666666,0.5060026041666666
24075,2,1.0,2,1,0.18641927083333334,0.18641927083333334
24075,2,1.0,2,3,0.4261979166666667,0.4261979166666667
24075,2,1.0,3,0,0.4842447916666667,0.4842447916666667
24075,2,1.0,3,1,0.245234375,0.245234375
24075,2,1.0,3,2,0.6628645833333333,0.6628645833333333
24076,0,0.0,0,1,0.6668229166666667,0.6668229166666667
24076,0,0.0,0,2,0.6971614583333333,0.6971614583333333
24076,0,0.0,0,3,0.5907552083333333,0.5907552083333333
24076,0,0.0,1,0,0.1297265625,0.1297265625
24076,0,0.0,1,2,0.13014322916666668,0.13014322916666668
24076,0,0.0,1,3,0.4210286458333333,0.4210286458333333
24076,0,0.0,2,0,0.8168880208333333,0.8168880208333333
24076,0,0.0,2,1,0.7673958333333334,0.7673958333333334
24076,0,0.0,2,3,0.6530208333333334,0.6530208333333334
24076,0,0.0,3,0,0.2032421875,0.2032421875
24076,0,0.0,3,1,0.7795442708333333,0.7795442708333333
24076,0,0.0,3,2,0.19981770833333334,0.19981770833333334
24076,1,0.5,0,1,0.6979296875,0.6979296875
24076,1,0.5,0,2,0.8073958333333333,0.8073958333333333
24076,1,0.5,0,3,0.5866927083333333,0.5866927083333333
24076,1,0.5,1,0,0.11157552083333333,0.11157552083333333
24076,1,0.5,1,2,0.11549479166666667,0.11549479166666667
24076,1,0.5,1,3,0.4427083333333333,0.4427083333333333
24076,1,0.5,2,0,0.8307942708333333,0.8307942708333333
24076,1,0.5,2,1,0.7586197916666667,0.7586197916666667
24076,1,0.5,2,3,0.6366666666666667,0.6366666666666667
24076,1,0.5,3,0,0.16587239583333332,0.16587239583333332
24076,1,0.5,3,1,0.7860026041666667,0.7860026041666667
24076,1,0.5,3,2,0.17243489583333332,0.17243489583333332
24076,2,1.0,0,1,0.7369661458333333,0.7369661458333333
24076,2,1.0,0,2,0.879453125,0.879453125
24076,2,1.0,0,3,0.6089453125,0.6089453125
24076,2,1.0,1,0,0.095234375,0.095234375
24076,2,1.0,1,2,0.101328125,0.101328125
24076,2,1.0,1,3,0.4563932291666667,0.4563932291666667
24076,2,1.0,2,0,0.8317317708333334,0.8317317708333334
24076,2,1.0,2,1,0.7481770833333333,0.7481770833333333
24076,2,1.0,2,3,0.6027864583333333,0.6027864583333333
24076,2,1.0,3,0,0.1426171875,0.1426171875
24076,2,1.0,3,1,0.8041666666666667,0.8041666666666667
24076,2,1.0,3,2,0.14497395833333335,0.14497395833333335
24077,0,0.0,0,1,0.09688802083333334,0.09688802083333334
24077,0,0.0,0,2,0.16471354166666666,0.16471354166666666
24077,0,0.0,0,3,0.09927083333333334,0.09927083333333334
24077,0,0.0,1,0,0.3427864583333333,0.3427864583333333
24077,0,0.0,1,2,0.5294270833333333,0.5294270833333333
24077,0,0.0,1,3,0.6792708333333334,0.6792708333333334
24077,0,0.0,2,0,0.5710546875,0.5710546875
24077,0,0.0,2,1,0.24317708333333332,0.24317708333333332
24077,0,0.0,2,3,0.30930989583333335,0.30930989583333335
24077,0,0.0,3,0,0.44115885416666667,0.44115885416666667
24077,0,0.0,3,1,0.5539713541666667,0.5539713541666667
24077,0,0.0,3,2,0.5072265625,0.5072265625
24077,1,0.5,0,1,0.09942708333333333,0.09942708333333333
24077,1,0.5,0,2,0.17236979166666666,0.17236979166666666
24077,1,0.5,0,3,0.09845052083333333,0.09845052083333333
24077,1,0.5,1,0,0.3434765625,0.3434765625
24077,1,0.5,1,2,0.5044791666666667,0.5044791666666667
24077,1,0.5,1,3,0.6634114583333334,0.6634114583333334
24077,1,0.5,2,0,0.5940234375,0.5940234375
24077,1,0.5,2,1,0.22899739583333334,0.22899739583333334
24077,1,0.5,2,3,0.26555989583333334,0.26555989583333334
24077,1,0.5,3,0,0.4367317708333333,0.4367317708333333
24077,1,0.5,3,1,0.5702994791666667,0.5702994791666667
24077,1,0.5,3,2,0.49407552083333334,0.49407552083333334
24077,2,1.0,0,1,0.10079427083333334,0.10079427083333334
24077,2,1.0,0,2,0.188046875,0.188046875
24077,2,1.0,0,3,0.09662760416666667,0.09662760416666667
24077,2,1.0,1,0,0.35110677083333336,0.35110677083333336
24077,2,1.0,1,2,0.48700520833333333,0.48700520833333333
24077,2,1.0,1,3,0.6510677083333334,0.6510677083333334
24077,2,1.0,2,0,0.6124739583333333,0.6124739583333333
24077,2,1.0,2,1,0.2158984375,0.2158984375
24077,2,1.0,2,3,0.24029947916666666,0.24029947916666666
24077,2,1.0,3,0,0.42454427083333335,0.42454427083333335
24077,2,1.0,3,1,0.5785677083333334,0.5785677083333334
24077,2,1.0,3,2,0.48475260416666666,0.48475260416666666
24078,0,0.0,0,1,0.1859375,0.1859375
24078,0,0.0,0,2,0.18740885416666667,0.18740885416666667
24078,0,0.0,0,3,0.26166666666666666,0.26166666666666666
24078,0,0.0,1,0,0.17115885416666668,0.17115885416666668
24078,0,0.0,1,2,0.2970833333333333,0.2970833333333333
24078,0,0.0,1,3,0.6438671875,0.6438671875
24078,0,0.0,2,0,0.2527083333333333,0.2527083333333333
24078,0,0.0,2,1,0.33609375,0.33609375
24078,0,0.0,2,3,0.5266145833333333,0.5266145833333333
24078,0,0.0,3,0,0.2829817708333333,0.2829817708333333
24078,0,0.0,3,1,0.14912760416666668,0.14912760416666668
24078,0,0.0,3,2,0.3007682291666667,0.3007682291666667
24078,1,0.5,0,1,0.20819010416666667,0.20819010416666667
24078,1,0.5,0,2,0.19361979166666668,0.19361979166666668
24078,1,0.5,0,3,0.2666796875,0.2666796875
24078,1,0.5,1,0,0.17515625,0.17515625
24078,1,0.5,1,2,0.31388020833333335,0.31388020833333335
24078,1,0.5,1,3,0.6199348958333334,0.6199348958333334
24078,1,0.5,2,0,0.25247395833333336,0.25247395833333336
24078,1,0.5,2,1,0.3408984375,0.3408984375
24078,1,0.5,2,3,0.5313541666666667,0.5313541666666667
24078,1,0.5,3,0,0.2758203125,0.2758203125
24078,1,0.5,3,1,0.13876302083333333,0.13876302083333333
24078,1,0.5,3,2,0.2933984375,0.2933984375
24078,2,1.0,0,1,0.23091145833333335,0.23091145833333335
24078,2,1.0,0,2,0.19881510416666667,0.19881510416666667
24078,2,1.0,0,3,0.26622395833333334,0.26622395833333334
24078,2,1.0,1,0,0.18697916666666667,0.18697916666666667
24078,2,1.0,1,2,0.33100260416666666,0.33100260416666666
24078,2,1.0,1,3,0.5831640625,0.5831640625
24078,2,1.0,2,0,0.24994791666666666,0.24994791666666666
24078,2,1.0,2,1,0.3487239583333333,0.3487239583333333
24078,2,1.0,2,3,0.5413802083333333,0.5413802083333333
24078,2,1.0,3,0,0.2721875,0.2721875
24078,2,1.0,3,1,0.1286328125,0.1286328125
24078,2,1.0,3,2,0.28748697916666666,0.28748697916666666
24079,0,0.0,0,1,0.49009114583333335,0.49009114583333335
24079,0,0.0,0,2,0.40790364583333333,0.40790364583333333
24079,0,0.0,0,3,0.5691145833333333,0.5691145833333333
24079,0,0.0,1,0,0.5474088541666666,0.5474088541666666
24079,0,0.0,1,2,0.6136979166666666,0.6136979166666666
24079,0,0.0,1,3,0.39927083333333335,0.39927083333333335
24079,0,0.0,2,0,0.46153645833333334,0.46153645833333334
24079,0,0.0,2,1,0.5931640625,0.5931640625
24079,0,0.0,2,3,0.36647135416666665,0.36647135416666665
24079,0,0.0,3,0,0.5751692708333334,0.5751692708333334
24079,0,0.0,3,1,0.38548177083333335,0.38548177083333335
24079,0,0.0,3,2,0.3170442708333333,0.3170442708333333
24079,1,0.5,0,1,0.4778776041666667,0.4778776041666667
24079,1,0.5,0,2,0.3977734375,0.3977734375
24079,1,0.5,0,3,0.5510416666666667,0.5510416666666667
24079,1,0.5,1,0,0.5377994791666667,0.5377994791666667
24079,1,0.5,1,2,0.599453125,0.599453125
24079,1,0.5,1,3,0.36407552083333333,0.36407552083333333
24079,1,0.5,2,0,0.4642838541666667,0.4642838541666667
24079,1,0.5,2,1,0.5578645833333333,0.5578645833333333
24079,1,0.5,2,3,0.3501171875,0.3501171875
24079,1,0.5,3,0,0.5482682291666666,0.5482682291666666
24079,1,0.5,3,1,0.3474609375,0.3474609375
24079,1,0.5,3,2,0.28869791666666667,0.28869791666666667
24079,2,1.0,0,1,0.46673177083333334,0.46673177083333334
24079,2,1.0,0,2,0.37135416666666665,0.37135416666666665
24079,2,1.0,0,3,0.5392057291666666,0.5392057291666666
24079,2,1.0,1,0,0.5507942708333333,0.5507942708333333
24079,2,1.0,1,2,0.5772395833333334,0.5772395833333334
24079,2,1.0,1,3,0.3418359375,0.3418359375
24079,2,1.0,2,0,0.4590234375,0.4590234375
24079,2,1.0,2,1,0.523828125,0.523828125
24079,2,1.0,2,3,0.32298177083333335,0.32298177083333335
24079,2,1.0,3,0,0.5049869791666667,0.5049869791666667
24079,2,1.0,3,1,0.28891927083333335,0.28891927083333335
24079,2,1.0,3,2,0.24360677083333335,0.24360677083333335
24080,0,0.0,0,1,0.19778645833333333,0.19778645833333333
24080,0,0.0,0,2,0.5027734375,0.5027734375
24080,0,0.0,0,3,0.55171875,0.55171875
24080,0,0.0,1,0,0.209375,0.209375
24080,0,0.0,1,2,0.34727864583333334,0.34727864583333334
24080,0,0.0,1,3,0.22466145833333334,0.22466145833333334
24080,0,0.0,2,0,0.22391927083333332,0.22391927083333332
24080,0,0.0,2,1,0.283125,0.283125
24080,0,0.0,2,3,0.21182291666666667,0.21182291666666667
24080,0,0.0,3,0,0.4618098958333333,0.4618098958333333
24080,0,0.0,3,1,0.14350260416666666,0.14350260416666666
24080,0,0.0,3,2,0.30497395833333335,0.30497395833333335
24080,1,0.5,0,1,0.19072916666666667,0.19072916666666667
24080,1,0.5,0,2,0.5695442708333334,0.5695442708333334
24080,1,0.5,0,3,0.5557942708333333,0.5557942708333333
24080,1,0.5,1,0,0.21083333333333334,0.21083333333333334
24080,1,0.5,1,2,0.36270833333333335,0.36270833333333335
24080,1,0.5,1,3,0.24494791666666665,0.24494791666666665
24080,1,0.5,2,0,0.30796875,0.30796875
24080,1,0.5,2,1,0.2946484375,0.2946484375
24080,1,0.5,2,3,0.24069010416666667,0.24069010416666667
24080,1,0.5,3,0,0.427890625,0.427890625
24080,1,0.5,3,1,0.16526041666666666,0.16526041666666666
24080,1,0.5,3,2,0.30609375,0.30609375
24080,2,1.0,0,1,0.17268229166666665,0.17268229166666665
24080,2,1.0,0,2,0.5403776041666667,0.5403776041666667
24080,2,1.0,0,3,0.5490364583333334,0.5490364583333334
24080,2,1.0,1,0,0.1841015625,0.1841015625
24080,2,1.0,1,2,0.3790364583333333,0.3790364583333333
24080,2,1.0,1,3,0.24673177083333334,0.24673177083333334
24080,2,1.0,2,0,0.39708333333333334,0.39708333333333334
24080,2,1.0,2,1,0.30734375,0.30734375
24080,2,1.0,2,3,0.3416015625,0.3416015625
24080,2,1.0,3,0,0.403203125,0.403203125
24080,2,1.0,3,1,0.18893229166666667,0.18893229166666667
24080,2,1.0,3,2,0.32571614583333336,0.32571614583333336
24081,0,0.0,0,1,0.20130208333333333,0.20130208333333333
24081,0,0.0,0,2,0.17944010416666667,0.17944010416666667
24081,0,0.0,0,3,0.13873697916666666,0.13873697916666666
24081,0,0.0,1,0,0.12825520833333334,0.12825520833333334
24081,0,0.0,1,2,0.5313671875,0.5313671875
24081,0,0.0,1,3,0.5963671875,0.5963671875
24081,0,0.0,2,0,0.20459635416666666,0.20459635416666666
24081,0,0.0,2,1,0.4513671875,0.4513671875
24081,0,0.0,2,3,0.4239453125,0.4239453125
24081,0,0.0,3,0,0.13436197916666667,0.13436197916666667
24081,0,0.0,3,1,0.7459375,0.7459375
24081,0,0.0,3,2,0.710390625,0.710390625
24081,1,0.5,0,1,0.18830729166666665,0.18830729166666665
24081,1,0.5,0,2,0.2575390625,0.2575390625
24081,1,0.5,0,3,0.2651953125,0.2651953125
24081,1,0.5,1,0,0.15140625,0.15140625
24081,1,0.5,1,2,0.5626822916666666,0.5626822916666666
24081,1,0.5,1,3,0.720625,0.720625
24081,1,0.5,2,0,0.1363671875,0.1363671875
24081,1,0.5,2,1,0.23102864583333332,0.23102864583333332
24081,1,0.5,2,3,0.33677083333333335,0.33677083333333335
24081,1,0.5,3,0,0.17009114583333335,0.17009114583333335
24081,1,0.5,3,1,0.5504947916666667,0.5504947916666667
24081,1,0.5,3,2,0.6903125,0.6903125
24081,2,1.0,0,1,0.20528645833333334,0.20528645833333334
24081,2,1.0,0,2,0.38178385416666666,0.38178385416666666
24081,2,1.0,0,3,0.2640885416666667,0.2640885416666667
24081,2,1.0,1,0,0.22294270833333332,0.22294270833333332
24081,2,1.0,1,2,0.5670052083333333,0.5670052083333333
24081,2,1.0,1,3,0.7025651041666666,0.7025651041666666
24081,2,1.0,2,0,0.15821614583333332,0.15821614583333332
24081,2,1.0,2,1,0.161015625,0.161015625
24081,2,1.0,2,3,0.295078125,0.295078125
24081,2,1.0,3,0,0.15936197916666667,0.15936197916666667
24081,2,1.0,3,1,0.36921875,0.36921875
24081,2,1.0,3,2,0.7271614583333333,0.7271614583333333
24082,0,0.0,0,1,0.3940234375,0.3940234375
24082,0,0.0,0,2,0.22260416666666666,0.22260416666666666
24082,0,0.0,0,3,0.223359375,0.223359375
24082,0,0.0,1,0,0.29739583333333336,0.29739583333333336
24082,0,0.0,1,2,0.056966145833333336,0.056966145833333336
24082,0,0.0,1,3,0.06958333333333333,0.06958333333333333
24082,0,0.0,2,0,0.33151041666666664,0.33151041666666664
24082,0,0.0,2,1,0.7780729166666667,0.7780729166666667
24082,0,0.0,2,3,0.7599479166666666,0.7599479166666666
24082,0,0.0,3,0,0.3046875,0.3046875
24082,0,0.0,3,1,0.7250911458333333,0.7250911458333333
24082,0,0.0,3,2,0.5802864583333334,0.5802864583333334
24082,1,0.5,0,1,0.3833463541666667,0.3833463541666667
24082,1,0.5,0,2,0.21930989583333332,0.21930989583333332
24082,1,0.5,0,3,0.21575520833333334,0.21575520833333334
24082,1,0.5,1,0,0.3032682291666667,0.3032682291666667
24082,1,0.5,1,2,0.057330729166666664,0.057330729166666664
24082,1,0.5,1,3,0.07006510416666667,0.07006510416666667
24082,1,0.5,2,0,0.32559895833333335,0.32559895833333335
24082,1,0.5,2,1,0.7755729166666666,0.7755729166666666
24082,1,0.5,2,3,0.7700651041666666,0.7700651041666666
24082,1,0.5,3,0,0.29755208333333333,0.29755208333333333
24082,1,0.5,3,1,0.7297526041666667,0.7297526041666667
24082,1,0.5,3,2,0.5903645833333333,0.5903645833333333
24082,2,1.0,0,1,0.3784375,0.3784375
24082,2,1.0,0,2,0.21421875,0.21421875
24082,2,1.0,0,3,0.20575520833333333,0.20575520833333333
24082,2,1.0,1,0,0.303984375,0.303984375
24082,2,1.0,1,2,0.0565625,0.0565625
24082,2,1.0,1,3,0.0692578125,0.0692578125
24082,2,1.0,2,0,0.321953125,0.321953125
24082,2,1.0,2,1,0.763984375,0.763984375
24082,2,1.0,2,3,0.7806770833333333,0.7806770833333333
24082,2,1.0,3,0,0.2873828125,0.2873828125
24082,2,1.0,3,1,0.7317317708333333,0.7317317708333333
24082,2,1.0,3,2,0.6029427083333333,0.6029427083333333
24083,0,0.0,0,1,0.2694010416666667,0.2694010416666667
24083,0,0.0,0,2,0.3051302083333333,0.3051302083333333
24083,0,0.0,0,3,0.5511588541666667,0.5511588541666667
24083,0,0.0,1,0,0.382109375,0.382109375
24083,0,0.0,1,2,0.15772135416666666,0.15772135416666666
24083,0,0.0,1,3,0.5924739583333334,0.5924739583333334
24083,0,0.0,2,0,0.2128515625,0.2128515625
24083,0,0.0,2,1,0.234140625,0.234140625
24083,0,0.0,2,3,0.25364583333333335,0.25364583333333335
24083,0,0.0,3,0,0.43829427083333333,0.43829427083333333
24083,0,0.0,3,1,0.30018229166666666,0.30018229166666666
24083,0,0.0,3,2,0.22498697916666666,0.22498697916666666
24083,1,0.5,0,1,0.30462239583333334,0.30462239583333334
24083,1,0.5,0,2,0.3553645833333333,0.3553645833333333
24083,1,0.5,0,3,0.5457942708333333,0.5457942708333333
24083,1,0.5,1,0,0.43688802083333333,0.43688802083333333
24083,1,0.5,1,2,0.1979296875,0.1979296875
24083,1,0.5,1,3,0.6367317708333333,0.6367317708333333
24083,1,0.5,2,0,0.36954427083333335,0.36954427083333335
24083,1,0.5,2,1,0.17294270833333333,0.17294270833333333
24083,1,0.5,2,3,0.25567708333333333,0.25567708333333333
24083,1,0.5,3,0,0.4663802083333333,0.4663802083333333
24083,1,0.5,3,1,0.3691536458333333,0.3691536458333333
24083,1,0.5,3,2,0.2611328125,0.2611328125
24083,2,1.0,0,1,0.34477864583333334,0.34477864583333334
24083,2,1.0,0,2,0.3466927083333333,0.3466927083333333
24083,2,1.0,0,3,0.5199088541666667,0.5199088541666667
24083,2,1.0,1,0,0.4590234375,0.4590234375
24083,2,1.0,1,2,0.27276041666666667,0.27276041666666667
24083,2,1.0,1,3,0.6414583333333334,0.6414583333333334
24083,2,1.0,2,0,0.32752604166666666,0.32752604166666666
24083,2,1.0,2,1,0.26684895833333333,0.26684895833333333
24083,2,1.0,2,3,0.3182421875,0.3182421875
24083,2,1.0,3,0,0.4573567708333333,0.4573567708333333
24083,2,1.0,3,1,0.3955078125,0.3955078125
24083,2,1.0,3,2,0.26513020833333334,0.26513020833333334
24084,0,0.0,0,1,0.6464713541666667,0.6464713541666667
24084,0,0.0,0,2,0.5230078125,0.5230078125
24084,0,0.0,0,3,0.5767578125,0.5767578125
24084,0,0.0,1,0,0.690546875,0.690546875
24084,0,0.0,1,2,0.5768489583333334,0.5768489583333334
24084,0,0.0,1,3,0.6321484375,0.6321484375
24084,0,0.0,2,0,0.15548177083333334,0.15548177083333334
24084,0,0.0,2,1,0.12678385416666665,0.12678385416666665
24084,0,0.0,2,3,0.6543880208333334,0.6543880208333334
24084,0,0.0,3,0,0.14127604166666666,0.14127604166666666
24084,0,0.0,3,1,0.1196875,0.1196875
24084,0,0.0,3,2,0.7663411458333333,0.7663411458333333
24084,1,0.5,0,1,0.6733072916666667,0.6733072916666667
24084,1,0.5,0,2,0.5208984375,0.5208984375
24084,1,0.5,0,3,0.5897265625,0.5897265625
24084,1,0.5,1,0,0.7012760416666667,0.7012760416666667
24084,1,0.5,1,2,0.5658854166666667,0.5658854166666667
24084,1,0.5,1,3,0.6359244791666666,0.6359244791666666
24084,1,0.5,2,0,0.15161458333333333,0.15161458333333333
24084,1,0.5,2,1,0.12766927083333332,0.12766927083333332
24084,1,0.5,2,3,0.6448697916666667,0.6448697916666667
24084,1,0.5,3,0,0.13881510416666668,0.13881510416666668
24084,1,0.5,3,1,0.12342447916666667,0.12342447916666667
24084,1,0.5,3,2,0.7419140625,0.7419140625
24084,2,1.0,0,1,0.6743489583333333,0.6743489583333333
24084,2,1.0,0,2,0.5572005208333334,0.5572005208333334
24084,2,1.0,0,3,0.6370833333333333,0.6370833333333333
24084,2,1.0,1,0,0.6761458333333333,0.6761458333333333
24084,2,1.0,1,2,0.5657682291666667,0.5657682291666667
24084,2,1.0,1,3,0.6436588541666667,0.6436588541666667
24084,2,1.0,2,0,0.1529296875,0.1529296875
24084,2,1.0,2,1,0.1320703125,0.1320703125
24084,2,1.0,2,3,0.6153385416666667,0.6153385416666667
24084,2,1.0,3,0,0.14591145833333333,0.14591145833333333
24084,2,1.0,3,1,0.133671875,0.133671875
24084,2,1.0,3,2,0.7256640625,0.7256640625
24085,0,0.0,0,1,0.29661458333333335,0.29661458333333335
24085,0,0.0,0,2,0.5305078125,0.5305078125
24085,0,0.0,0,3,0.39186197916666665,0.39186197916666665
24085,0,0.0,1,0,0.7928385416666667,0.7928385416666667
24085,0,0.0,1,2,0.6812109375,0.6812109375
24085,0,0.0,1,3,0.4540104166666667,0.4540104166666667
24085,0,0.0,2,0,0.7109244791666667,0.7109244791666667
24085,0,0.0,2,1,0.43842447916666666,0.43842447916666666
24085,0,0.0,2,3,0.569140625,0.569140625
24085,0,0.0,3,0,0.7070052083333334,0.7070052083333334
24085,0,0.0,3,1,0.39665364583333335,0.39665364583333335
24085,0,0.0,3,2,0.8396223958333333,0.8396223958333333
24085,1,0.5,0,1,0.2961067708333333,0.2961067708333333
24085,1,0.5,0,2,0.5360416666666666,0.5360416666666666
24085,1,0.5,0,3,0.3898828125,0.3898828125
24085,1,0.5,1,0,0.7835416666666667,0.7835416666666667
24085,1,0.5,1,2,0.7045442708333334,0.7045442708333334
24085,1,0.5,1,3,0.46936197916666667,0.46936197916666667
24085,1,0.5,2,0,0.718828125,0.718828125
24085,1,0.5,2,1,0.44375,0.44375
24085,1,0.5,2,3,0.5706770833333333,0.5706770833333333
24085,1,0.5,3,0,0.7141145833333333,0.7141145833333333
24085,1,0.5,3,1,0.40772135416666666,0.40772135416666666
24085,1,0.5,3,2,0.8478776041666667,0.8478776041666667
24085,2,1.0,0,1,0.2944791666666667,0.2944791666666667
24085,2,1.0,0,2,0.5413411458333334,0.5413411458333334
24085,2,1.0,0,3,0.38686197916666665,0.38686197916666665
24085,2,1.0,1,0,0.7814973958333333,0.7814973958333333
24085,2,1.0,1,2,0.7305078125,0.7305078125
24085,2,1.0,1,3,0.48065104166666667,0.48065104166666667
24085,2,1.0,2,0,0.7208854166666666,0.7208854166666666
24085,2,1.0,2,1,0.4425390625,0.4425390625
24085,2,1.0,2,3,0.5482942708333334,0.5482942708333334
24085,2,1.0,3,0,0.7301302083333333,0.7301302083333333
24085,2,1.0,3,1,0.41375,0.41375
24085,2,1.0,3,2,0.8369140625,0.8369140625
24086,0,0.0,0,1,0.19682291666666665,0.19682291666666665
24086,0,0.0,0,2,0.18205729166666668,0.18205729166666668
24086,0,0.0,0,3,0.3054557291666667,0.3054557291666667
24086,0,0.0,1,0,0.69125,0.69125
24086,0,0.0,1,2,0.526640625,0.526640625
24086,0,0.0,1,3,0.621875,0.621875
24086,0,0.0,2,0,0.8140885416666667,0.8140885416666667
24086,0,0.0,2,1,0.5857291666666666,0.5857291666666666
24086,0,0.0,2,3,0.8057161458333333,0.8057161458333333
24086,0,0.0,3,0,0.8190885416666667,0.8190885416666667
24086,0,0.0,3,1,0.49962239583333334,0.49962239583333334
24086,0,0.0,3,2,0.5245442708333333,0.5245442708333333
24086,1,0.5,0,1,0.1941015625,0.1941015625
24086,1,0.5,0,2,0.18194010416666667,0.18194010416666667
24086,1,0.5,0,3,0.3033723958333333,0.3033723958333333
24086,1,0.5,1,0,0.6911458333333333,0.6911458333333333
24086,1,0.5,1,2,0.5231901041666667,0.5231901041666667
24086,1,0.5,1,3,0.6236588541666667,0.6236588541666667
24086,1,0.5,2,0,0.8204817708333333,0.8204817708333333
24086,1,0.5,2,1,0.5771354166666667,0.5771354166666667
24086,1,0.5,2,3,0.8017578125,0.8017578125
24086,1,0.5,3,0,0.8153125,0.8153125
24086,1,0.5,3,1,0.48537760416666664,0.48537760416666664
24086,1,0.5,3,2,0.5236979166666667,0.5236979166666667
24086,2,1.0,0,1,0.19264322916666668,0.19264322916666668
24086,2,1.0,0,2,0.18403645833333335,0.18403645833333335
24086,2,1.0,0,3,0.3036067708333333,0.3036067708333333
24086,2,1.0,1,0,0.6932161458333334,0.6932161458333334
24086,2,1.0,1,2,0.5255598958333333,0.5255598958333333
24086,2,1.0,1,3,0.6253776041666667,0.6253776041666667
24086,2,1.0,2,0,0.8242578125,0.8242578125
24086,2,1.0,2,1,0.5743098958333334,0.5743098958333334
24086,2,1.0,2,3,0.799609375,0.799609375
24086,2,1.0,3,0,0.8169140625,0.8169140625
24086,2,1.0,3,1,0.4765494791666667,0.4765494791666667
24086,2,1.0,3,2,0.5276171875,0.5276171875
24087,0,0.0,0,1,0.1434765625,0.1434765625
24087,0,0.0,0,2,0.44154947916666665,0.44154947916666665
24087,0,0.0,0,3,0.38838541666666665,0.38838541666666665
24087,0,0.0,1,0,0.5220052083333333,0.5220052083333333
24087,0,0.0,1,2,0.35302083333333334,0.35302083333333334
24087,0,0.0,1,3,0.48537760416666664,0.48537760416666664
24087,0,0.0,2,0,0.13182291666666668,0.13182291666666668
24087,0,0.0,2,1,0.030260416666666668,0.030260416666666668
24087,0,0.0,2,3,0.112578125,0.112578125
24087,0,0.0,3,0,0.5902864583333334,0.5902864583333334
24087,0,0.0,3,1,0.137109375,0.137109375
24087,0,0.0,3,2,0.440078125,0.440078125
24087,1,0.5,0,1,0.13671875,0.13671875
24087,1,0.5,0,2,0.4486848958333333,0.4486848958333333
24087,1,0.5,0,3,0.39130208333333333,0.39130208333333333
24087,1,0.5,1,0,0.5395572916666667,0.5395572916666667
24087,1,0.5,1,2,0.34553385416666665,0.34553385416666665
24087,1,0.5,1,3,0.4866796875,0.4866796875
24087,1,0.5,2,0,0.13673177083333332,0.13673177083333332
24087,1,0.5,2,1,0.028958333333333332,0.028958333333333332
24087,1,0.5,2,3,0.1098828125,0.1098828125
24087,1,0.5,3,0,0.6194270833333333,0.6194270833333333
24087,1,0.5,3,1,0.13731770833333334,0.13731770833333334
24087,1,0.5,3,2,0.42712239583333333,0.42712239583333333
24087,2,1.0,0,1,0.13794270833333333,0.13794270833333333
24087,2,1.0,0,2,0.44569010416666666,0.44569010416666666
24087,2,1.0,0,3,0.4085416666666667,0.4085416666666667
24087,2,1.0,1,0,0.5473697916666667,0.5473697916666667
24087,2,1.0,1,2,0.3411588541666667,0.3411588541666667
24087,2,1.0,1,3,0.48703125,0.48703125
24087,2,1.0,2,0,0.13798177083333332,0.13798177083333332
24087,2,1.0,2,1,0.029830729166666667,0.029830729166666667
24087,2,1.0,2,3,0.11282552083333333,0.11282552083333333
24087,2,1.0,3,0,0.6335677083333333,0.6335677083333333
24087,2,1.0,3,1,0.14227864583333333,0.14227864583333333
24087,2,1.0,3,2,0.4292708333333333,0.4292708333333333
24088,0,0.0,0,1,0.6491666666666667,0.6491666666666667
24088,0,0.0,0,2,0.6932552083333333,0.6932552083333333
24088,0,0.0,0,3,0.5691536458333334,0.5691536458333334
24088,0,0.0,1,0,0.46359375,0.46359375
24088,0,0.0,1,2,0.6383723958333334,0.6383723958333334
24088,0,0.0,1,3,0.39502604166666666,0.39502604166666666
24088,0,0.0,2,0,0.121875,0.121875
24088,0,0.0,2,1,0.24591145833333333,0.24591145833333333
24088,0,0.0,2,3,0.08899739583333334,0.08899739583333334
24088,0,0.0,3,0,0.7022395833333334,0.7022395833333334
24088,0,0.0,3,1,0.6016796875,0.6016796875
24088,0,0.0,3,2,0.7273958333333334,0.7273958333333334
24088,1,0.5,0,1,0.6571223958333333,0.6571223958333333
24088,1,0.5,0,2,0.682265625,0.682265625
24088,1,0.5,0,3,0.5710677083333333,0.5710677083333333
24088,1,0.5,1,0,0.444609375,0.444609375
24088,1,0.5,1,2,0.6536067708333333,0.6536067708333333
24088,1,0.5,1,3,0.36919270833333334,0.36919270833333334
24088,1,0.5,2,0,0.12171875,0.12171875
24088,1,0.5,2,1,0.2672395833333333,0.2672395833333333
24088,1,0.5,2,3,0.0896875,0.0896875
24088,1,0.5,3,0,0.706953125,0.706953125
24088,1,0.5,3,1,0.6104947916666666,0.6104947916666666
24088,1,0.5,3,2,0.7369010416666667,0.7369010416666667
24088,2,1.0,0,1,0.6731380208333333,0.6731380208333333
24088,2,1.0,0,2,0.6911197916666667,0.6911197916666667
24088,2,1.0,0,3,0.5671744791666666,0.5671744791666666
24088,2,1.0,1,0,0.44783854166666665,0.44783854166666665
24088,2,1.0,1,2,0.65953125,0.65953125
24088,2,1.0,1,3,0.3697786458333333,0.3697786458333333
24088,2,1.0,2,0,0.12709635416666668,0.12709635416666668
24088,2,1.0,2,1,0.2632421875,0.2632421875
24088,2,1.0,2,3,0.0886328125,0.0886328125
24088,2,1.0,3,0,0.6979427083333334,0.6979427083333334
24088,2,1.0,3,1,0.6419791666666667,0.6419791666666667
24088,2,1.0,3,2,0.7279557291666666,0.7279557291666666
24089,0,0.0,0,1,0.6121354166666667,0.6121354166666667
24089,0,0.0,0,2,0.65125,0.65125
24089,0,0.0,0,3,0.6114453125,0.6114453125
24089,0,0.0,1,0,0.44580729166666666,0.44580729166666666
24089,0,0.0,1,2,0.7597916666666666,0.7597916666666666
24089,0,0.0,1,3,0.7360026041666666,0.7360026041666666
24089,0,0.0,2,0,0.35727864583333335,0.35727864583333335
24089,0,0.0,2,1,0.6091015625,0.6091015625
24089,0,0.0,2,3,0.78515625,0.78515625
24089,0,0.0,3,0,0.35369791666666667,0.35369791666666667
24089,0,0.0,3,1,0.5532421875,0.5532421875
24089,0,0.0,3,2,0.7685286458333334,0.7685286458333334
24089,1,0.5,0,1,0.6335026041666667,0.6335026041666667
24089,1,0.5,0,2,0.653125,0.653125
24089,1,0.5,0,3,0.627109375,0.627109375
24089,1,0.5,1,0,0.4483984375,0.4483984375
24089,1,0.5,1,2,0.7643619791666667,0.7643619791666667
24089,1,0.5,1,3,0.749453125,0.749453125
24089,1,0.5,2,0,0.3531770833333333,0.3531770833333333
24089,1,0.5,2,1,0.6123828125,0.6123828125
24089,1,0.5,2,3,0.79421875,0.79421875
24089,1,0.5,3,0,0.3618880208333333,0.3618880208333333
24089,1,0.5,3,1,0.5667838541666667,0.5667838541666667
24089,1,0.5,3,2,0.7803255208333333,0.7803255208333333
24089,2,1.0,0,1,0.64859375,0.64859375
24089,2,1.0,0,2,0.6682291666666667,0.6682291666666667
24089,2,1.0,0,3,0.6489583333333333,0.6489583333333333
24089,2,1.0,1,0,0.43888020833333335,0.43888020833333335
24089,2,1.0,1,2,0.7715755208333334,0.7715755208333334
24089,2,1.0,1,3,0.7601432291666667,0.7601432291666667
24089,2,1.0,2,0,0.350234375,0.350234375
24089,2,1.0,2,1,0.6159114583333334,0.6159114583333334
24089,2,1.0,2,3,0.7903255208333333,0.7903255208333333
24089,2,1.0,3,0,0.3736979166666667,0.3736979166666667
24089,2,1.0,3,1,0.5858463541666666,0.5858463541666666
24089,2,1.0,3,2,0.7891015625,0.7891015625
24090,0,0.0,0,1,0.6573828125,0.6573828125
24090,0,0.0,0,2,0.6473958333333333,0.6473958333333333
24090,0,0.0,0,3,0.4449869791666667,0.4449869791666667
24090,0,0.0,1,0,0.41766927083333333,0.41766927083333333
24090,0,0.0,1,2,0.6063020833333334,0.6063020833333334
24090,0,0.0,1,3,0.35790364583333334,0.35790364583333334
24090,0,0.0,2,0,0.5779817708333334,0.5779817708333334
24090,0,0.0,2,1,0.674609375,0.674609375
24090,0,0.0,2,3,0.36483072916666665,0.36483072916666665
24090,0,0.0,3,0,0.6972395833333334,0.6972395833333334
24090,0,0.0,3,1,0.8509244791666667,0.8509244791666667
24090,0,0.0,3,2,0.837109375,0.837109375
24090,1,0.5,0,1,0.676796875,0.676796875
24090,1,0.5,0,2,0.636484375,0.636484375
24090,1,0.5,0,3,0.44061197916666667,0.44061197916666667
24090,1,0.5,1,0,0.32048177083333335,0.32048177083333335
24090,1,0.5,1,2,0.4400130208333333,0.4400130208333333
24090,1,0.5,1,3,0.16993489583333332,0.16993489583333332
24090,1,0.5,2,0,0.5190885416666666,0.5190885416666666
24090,1,0.5,2,1,0.7037239583333333,0.7037239583333333
24090,1,0.5,2,3,0.3468880208333333,0.3468880208333333
24090,1,0.5,3,0,0.6539192708333333,0.6539192708333333
24090,1,0.5,3,1,0.7311588541666667,0.7311588541666667
24090,1,0.5,3,2,0.8437630208333333,0.8437630208333333
24090,2,1.0,0,1,0.672421875,0.672421875
24090,2,1.0,0,2,0.626171875,0.626171875
24090,2,1.0,0,3,0.45036458333333335,0.45036458333333335
24090,2,1.0,1,0,0.29463541666666665,0.29463541666666665
24090,2,1.0,1,2,0.23075520833333332,0.23075520833333332
24090,2,1.0,1,3,0.10958333333333334,0.10958333333333334
24090,2,1.0,2,0,0.5486328125,0.5486328125
24090,2,1.0,2,1,0.588515625,0.588515625
24090,2,1.0,2,3,0.3187760416666667,0.3187760416666667
24090,2,1.0,3,0,0.7015625,0.7015625
24090,2,1.0,3,1,0.6135546875,0.6135546875
24090,2,1.0,3,2,0.7924348958333334,0.7924348958333334
24091,0,0.0,0,1,0.5713541666666667,0.5713541666666667
24091,0,0.0,0,2,0.23483072916666667,0.23483072916666667
24091,0,0.0,0,3,0.343515625,0.343515625
24091,0,0.0,1,0,0.206015625,0.206015625
24091,0,0.0,1,2,0.05290364583333333,0.05290364583333333
24091,0,0.0,1,3,0.0784765625,0.0784765625
24091,0,0.0,2,0,0.5326432291666666,0.5326432291666666
24091,0,0.0,2,1,0.44255208333333335,0.44255208333333335
24091,0,0.0,2,3,0.7809114583333333,0.7809114583333333
24091,0,0.0,3,0,0.648671875,0.648671875
24091,0,0.0,3,1,0.51296875,0.51296875
24091,0,0.0,3,2,0.5363541666666667,0.5363541666666667
24091,1,0.5,0,1,0.5808333333333333,0.5808333333333333
24091,1,0.5,0,2,0.2876171875,0.2876171875
24091,1,0.5,0,3,0.34747395833333333,0.34747395833333333
24091,1,0.5,1,0,0.20920572916666666,0.20920572916666666
24091,1,0.5,1,2,0.05680989583333333,0.05680989583333333
24091,1,0.5,1,3,0.07760416666666667,0.07760416666666667
24091,1,0.5,2,0,0.5217447916666667,0.5217447916666667
24091,1,0.5,2,1,0.4314192708333333,0.4314192708333333
24091,1,0.5,2,3,0.7226302083333334,0.7226302083333334
24091,1,0.5,3,0,0.6483072916666667,0.6483072916666667
24091,1,0.5,3,1,0.5122526041666666,0.5122526041666666
24091,1,0.5,3,2,0.5454557291666666,0.5454557291666666
24091,2,1.0,0,1,0.5878385416666667,0.5878385416666667
24091,2,1.0,0,2,0.32462239583333335,0.32462239583333335
24091,2,1.0,0,3,0.3670833333333333,0.3670833333333333
24091,2,1.0,1,0,0.21506510416666666,0.21506510416666666
24091,2,1.0,1,2,0.061484375,0.061484375
24091,2,1.0,1,3,0.0776953125,0.0776953125
24091,2,1.0,2,0,0.49216145833333336,0.49216145833333336
24091,2,1.0,2,1,0.4186197916666667,0.4186197916666667
24091,2,1.0,2,3,0.6793359375,0.6793359375
24091,2,1.0,3,0,0.645,0.645
24091,2,1.0,3,1,0.5128255208333333,0.5128255208333333
24091,2,1.0,3,2,0.5468489583333334,0.5468489583333334
24092,0,0.0,0,1,0.5449609375,0.5449609375
24092,0,0.0,0,2,0.6865364583333333,0.6865364583333333
24092,0,0.0,0,3,0.42296875,0.42296875
24092,0,0.0,1,0,0.44233072916666666,0.44233072916666666
24092,0,0.0,1,2,0.7529036458333334,0.7529036458333334
24092,0,0.0,1,3,0.37421875,0.37421875
24092,0,0.0,2,0,0.346328125,0.346328125
24092,0,0.0,2,1,0.4266666666666667,0.4266666666666667
24092,0,0.0,2,3,0.2425,0.2425
24092,0,0.0,3,0,0.47610677083333336,0.47610677083333336
24092,0,0.0,3,1,0.8415364583333333,0.8415364583333333
24092,0,0.0,3,2,0.7508854166666666,0.7508854166666666
24092,1,0.5,0,1,0.5543098958333333,0.5543098958333333
24092,1,0.5,0,2,0.6944401041666667,0.6944401041666667
24092,1,0.5,0,3,0.43766927083333335,0.43766927083333335
24092,1,0.5,1,0,0.44752604166666665,0.44752604166666665
24092,1,0.5,1,2,0.7671223958333333,0.7671223958333333
24092,1,0.5,1,3,0.3662890625,0.3662890625
24092,1,0.5,2,0,0.34759114583333334,0.34759114583333334
24092,1,0.5,2,1,0.42868489583333336,0.42868489583333336
24092,1,0.5,2,3,0.21942708333333333,0.21942708333333333
24092,1,0.5,3,0,0.5000520833333333,0.5000520833333333
24092,1,0.5,3,1,0.8470703125,0.8470703125
24092,1,0.5,3,2,0.7465234375,0.7465234375
24092,2,1.0,0,1,0.5584505208333334,0.5584505208333334
24092,2,1.0,0,2,0.7039192708333334,0.7039192708333334
24092,2,1.0,0,3,0.45078125,0.45078125
24092,2,1.0,1,0,0.4512760416666667,0.4512760416666667
24092,2,1.0,1,2,0.7789322916666667,0.7789322916666667
24092,2,1.0,1,3,0.3545703125,0.3545703125
24092,2,1.0,2,0,0.3503776041666667,0.3503776041666667
24092,2,1.0,2,1,0.4295833333333333,0.4295833333333333
24092,2,1.0,2,3,0.20205729166666667,0.20205729166666667
24092,2,1.0,3,0,0.5170833333333333,0.5170833333333333
24092,2,1.0,3,1,0.8438802083333333,0.8438802083333333
24092,2,1.0,3,2,0.7407552083333333,0.7407552083333333
24093,0,0.0,0,1,0.45688802083333335,0.45688802083333335
24093,0,0.0,0,2,0.22889322916666666,0.22889322916666666
24093,0,0.0,0,3,0.5321484375,0.5321484375
24093,0,0.0,1,0,0.4297916666666667,0.4297916666666667
24093,0,0.0,1,2,0.4184765625,0.4184765625
24093,0,0.0,1,3,0.4597526041666667,0.4597526041666667
24093,0,0.0,2,0,0.36157552083333333,0.36157552083333333
24093,0,0.0,2,1,0.6681510416666666,0.6681510416666666
24093,0,0.0,2,3,0.45643229166666666,0.45643229166666666
24093,0,0.0,3,0,0.16622395833333334,0.16622395833333334
24093,0,0.0,3,1,0.22639322916666665,0.22639322916666665
24093,0,0.0,3,2,0.14424479166666668,0.14424479166666668
24093,1,0.5,0,1,0.44233072916666666,0.44233072916666666
24093,1,0.5,0,2,0.22919270833333333,0.22919270833333333
24093,1,0.5,0,3,0.5427734375,0.5427734375
24093,1,0.5,1,0,0.41748697916666666,0.41748697916666666
24093,1,0.5,1,2,0.4470442708333333,0.4470442708333333
24093,1,0.5,1,3,0.4546354166666667,0.4546354166666667
24093,1,0.5,2,0,0.35967447916666667,0.35967447916666667
24093,1,0.5,2,1,0.6747005208333333,0.6747005208333333
24093,1,0.5,2,3,0.44678385416666666,0.44678385416666666
24093,1,0.5,3,0,0.16942708333333334,0.16942708333333334
24093,1,0.5,3,1,0.221953125,0.221953125
24093,1,0.5,3,2,0.14194010416666666,0.14194010416666666
24093,2,1.0,0,1,0.42190104166666664,0.42190104166666664
24093,2,1.0,0,2,0.22528645833333333,0.22528645833333333
24093,2,1.0,0,3,0.5575130208333333,0.5575130208333333
24093,2,1.0,1,0,0.40924479166666666,0.40924479166666666
24093,2,1.0,1,2,0.4679036458333333,0.4679036458333333
24093,2,1.0,1,3,0.44604166666666667,0.44604166666666667
24093,2,1.0,2,0,0.35486979166666666,0.35486979166666666
24093,2,1.0,2,1,0.6676822916666667,0.6676822916666667
24093,2,1.0,2,3,0.439375,0.439375
24093,2,1.0,3,0,0.17381510416666668,0.17381510416666668
24093,2,1.0,3,1,0.21147135416666665,0.21147135416666665
24093,2,1.0,3,2,0.13828125,0.13828125
24094,0,0.0,0,1,0.432265625,0.432265625
24094,0,0.0,0,2,0.2515625,0.2515625
24094,0,0.0,0,3,0.5862109375,0.5862109375
24094,0,0.0,1,0,0.14078125,0.14078125
24094,0,0.0,1,2,0.0619921875,0.0619921875
24094,0,0.0,1,3,0.3199739583333333,0.3199739583333333
24094,0,0.0,2,0,0.7017578125,0.7017578125
24094,0,0.0,2,1,0.5724348958333333,0.5724348958333333
24094,0,0.0,2,3,0.6044140625,0.6044140625
24094,0,0.0,3,0,0.31442708333333336,0.31442708333333336
24094,0,0.0,3,1,0.47486979166666665,0.47486979166666665
24094,0,0.0,3,2,0.10360677083333333,0.10360677083333333
24094,1,0.5,0,1,0.4247916666666667,0.4247916666666667
24094,1,0.5,0,2,0.2504427083333333,0.2504427083333333
24094,1,0.5,0,3,0.573125,0.573125
24094,1,0.5,1,0,0.13725260416666665,0.13725260416666665
24094,1,0.5,1,2,0.061796875,0.061796875
24094,1,0.5,1,3,0.3194661458333333,0.3194661458333333
24094,1,0.5,2,0,0.6939322916666667,0.6939322916666667
24094,1,0.5,2,1,0.5630859375,0.5630859375
24094,1,0.5,2,3,0.591171875,0.591171875
24094,1,0.5,3,0,0.3054557291666667,0.3054557291666667
24094,1,0.5,3,1,0.469296875,0.469296875
24094,1,0.5,3,2,0.10205729166666666,0.10205729166666666
24094,2,1.0,0,1,0.4215364583333333,0.4215364583333333
24094,2,1.0,0,2,0.2476953125,0.2476953125
24094,2,1.0,0,3,0.5632161458333333,0.5632161458333333
24094,2,1.0,1,0,0.13936197916666668,0.13936197916666668
24094,2,1.0,1,2,0.0613671875,0.0613671875
24094,2,1.0,1,3,0.3163151041666667,0.3163151041666667
24094,2,1.0,2,0,0.6918489583333334,0.6918489583333334
24094,2,1.0,2,1,0.5628515625,0.5628515625
24094,2,1.0,2,3,0.5898046875,0.5898046875
24094,2,1.0,3,0,0.3004557291666667,0.3004557291666667
24094,2,1.0,3,1,0.45927083333333335,0.45927083333333335
24094,2,1.0,3,2,0.10046875,0.10046875
24095,0,0.0,0,1,0.7463411458333333,0.7463411458333333
24095,0,0.0,0,2,0.8265234375,0.8265234375
24095,0,0.0,0,3,0.5269791666666667,0.5269791666666667
24095,0,0.0,1,0,0.5587239583333333,0.5587239583333333
24095,0,0.0,1,2,0.73875,0.73875
24095,0,0.0,1,3,0.5676302083333333,0.5676302083333333
24095,0,0.0,2,0,0.4065234375,0.4065234375
24095,0,0.0,2,1,0.576484375,0.576484375
24095,0,0.0,2,3,0.4522786458333333,0.4522786458333333
24095,0,0.0,3,0,0.610546875,0.610546875
24095,0,0.0,3,1,0.7482291666666666,0.7482291666666666
24095,0,0.0,3,2,0.6933723958333333,0.6933723958333333
24095,1,0.5,0,1,0.7060677083333333,0.7060677083333333
24095,1,0.5,0,2,0.7994791666666666,0.7994791666666666
24095,1,0.5,0,3,0.5267447916666667,0.5267447916666667
24095,1,0.5,1,0,0.5475651041666667,0.5475651041666667
24095,1,0.5,1,2,0.739765625,0.739765625
24095,1,0.5,1,3,0.6001432291666666,0.6001432291666666
24095,1,0.5,2,0,0.4240494791666667,0.4240494791666667
24095,1,0.5,2,1,0.5676302083333333,0.5676302083333333
24095,1,0.5,2,3,0.46760416666666665,0.46760416666666665
24095,1,0.5,3,0,0.5946354166666666,0.5946354166666666
24095,1,0.5,3,1,0.7439453125,0.7439453125
24095,1,0.5,3,2,0.6971484375,0.6971484375
24095,2,1.0,0,1,0.6984895833333333,0.6984895833333333
24095,2,1.0,0,2,0.7609635416666667,0.7609635416666667
24095,2,1.0,0,3,0.52265625,0.52265625
24095,2,1.0,1,0,0.5706770833333333,0.5706770833333333
24095,2,1.0,1,2,0.7268619791666666,0.7268619791666666
24095,2,1.0,1,3,0.6141796875,0.6141796875
24095,2,1.0,2,0,0.4220052083333333,0.4220052083333333
24095,2,1.0,2,1,0.557265625,0.557265625
24095,2,1.0,2,3,0.47268229166666664,0.47268229166666664
24095,2,1.0,3,0,0.6102213541666667,0.6102213541666667
24095,2,1.0,3,1,0.7558203125,0.7558203125
24095,2,1.0,3,2,0.7005989583333333,0.7005989583333333
24096,0,0.0,0,1,0.37078125,0.37078125
24096,0,0.0,0,2,0.15022135416666665,0.15022135416666665
24096,0,0.0,0,3,0.21259114583333333,0.21259114583333333
24096,0,0.0,1,0,0.33565104166666665,0.33565104166666665
24096,0,0.0,1,2,0.33970052083333335,0.33970052083333335
24096,0,0.0,1,3,0.43114583333333334,0.43114583333333334
24096,0,0.0,2,0,0.22076822916666666,0.22076822916666666
24096,0,0.0,2,1,0.022096354166666665,0.022096354166666665
24096,0,0.0,2,3,0.18489583333333334,0.18489583333333334
24096,0,0.0,3,0,0.30578125,0.30578125
24096,0,0.0,3,1,0.06653645833333334,0.06653645833333334
24096,0,0.0,3,2,0.54,0.54
24096,1,0.5,0,1,0.37734375,0.37734375
24096,1,0.5,0,2,0.160078125,0.160078125
24096,1,0.5,0,3,0.22592447916666666,0.22592447916666666
24096,1,0.5,1,0,0.3314453125,0.3314453125
24096,1,0.5,1,2,0.34346354166666665,0.34346354166666665
24096,1,0.5,1,3,0.44819010416666666,0.44819010416666666
24096,1,0.5,2,0,0.21876302083333332,0.21876302083333332
24096,1,0.5,2,1,0.0224609375,0.0224609375
24096,1,0.5,2,3,0.1716015625,0.1716015625
24096,1,0.5,3,0,0.31296875,0.31296875
24096,1,0.5,3,1,0.07216145833333333,0.07216145833333333
24096,1,0.5,3,2,0.5180208333333334,0.5180208333333334
24096,2,1.0,0,1,0.35821614583333333,0.35821614583333333
24096,2,1.0,0,2,0.18220052083333332,0.18220052083333332
24096,2,1.0,0,3,0.2665885416666667,0.2665885416666667
24096,2,1.0,1,0,0.2781640625,0.2781640625
24096,2,1.0,1,2,0.3441015625,0.3441015625
24096,2,1.0,1,3,0.4482421875,0.4482421875
24096,2,1.0,2,0,0.27859375,0.27859375
24096,2,1.0,2,1,0.026276041666666666,0.026276041666666666
24096,2,1.0,2,3,0.1885546875,0.1885546875
24096,2,1.0,3,0,0.2963671875,0.2963671875
24096,2,1.0,3,1,0.08134114583333334,0.08134114583333334
24096,2,1.0,3,2,0.5412760416666667,0.5412760416666667
24097,0,0.0,0,1,0.3693359375,0.3693359375
24097,0,0.0,0,2,0.5476041666666667,0.5476041666666667
24097,0,0.0,0,3,0.5926432291666667,0.5926432291666667
24097,0,0.0,1,0,0.530703125,0.530703125
24097,0,0.0,1,2,0.5826171875,0.5826171875
24097,0,0.0,1,3,0.540390625,0.540390625
24097,0,0.0,2,0,0.47684895833333335,0.47684895833333335
24097,0,0.0,2,1,0.43606770833333336,0.43606770833333336
24097,0,0.0,2,3,0.48421875,0.48421875
24097,0,0.0,3,0,0.19408854166666667,0.19408854166666667
24097,0,0.0,3,1,0.11186197916666667,0.11186197916666667
24097,0,0.0,3,2,0.2223046875,0.2223046875
24097,1,0.5,0,1,0.4781640625,0.4781640625
24097,1,0.5,0,2,0.6128125,0.6128125
24097,1,0.5,0,3,0.6299609375,0.6299609375
24097,1,0.5,1,0,0.6361848958333334,0.6361848958333334
24097,1,0.5,1,2,0.4782421875,0.4782421875
24097,1,0.5,1,3,0.5491276041666666,0.5491276041666666
24097,1,0.5,2,0,0.4997916666666667,0.4997916666666667
24097,1,0.5,2,1,0.367421875,0.367421875
24097,1,0.5,2,3,0.5236328125,0.5236328125
24097,1,0.5,3,0,0.1536328125,0.1536328125
24097,1,0.5,3,1,0.096640625,0.096640625
24097,1,0.5,3,2,0.27598958333333334,0.27598958333333334
24097,2,1.0,0,1,0.4974088541666667,0.4974088541666667
24097,2,1.0,0,2,0.5888411458333334,0.5888411458333334
24097,2,1.0,0,3,0.6239322916666666,0.6239322916666666
24097,2,1.0,1,0,0.6529427083333333,0.6529427083333333
24097,2,1.0,1,2,0.41553385416666666,0.41553385416666666
24097,2,1.0,1,3,0.5754036458333334,0.5754036458333334
24097,2,1.0,2,0,0.444453125,0.444453125
24097,2,1.0,2,1,0.23490885416666665,0.23490885416666665
24097,2,1.0,2,3,0.46296875,0.46296875
24097,2,1.0,3,0,0.11951822916666667,0.11951822916666667
24097,2,1.0,3,1,0.0824609375,0.0824609375
24097,2,1.0,3,2,0.28196614583333335,0.28196614583333335
24098,0,0.0,0,1,0.3716015625,0.3716015625
24098,0,0.0,0,2,0.23078125,0.23078125
24098,0,0.0,0,3,0.20751302083333334,0.20751302083333334
24098,0,0.0,1,0,0.3196875,0.3196875
24098,0,0.0,1,2,0.20162760416666667,0.20162760416666667
24098,0,0.0,1,3,0.1876171875,0.1876171875
24098,0,0.0,2,0,0.284921875,0.284921875
24098,0,0.0,2,1,0.3370052083333333,0.3370052083333333
24098,0,0.0,2,3,0.4765625,0.4765625
24098,0,0.0,3,0,0.2567447916666667,0.2567447916666667
24098,0,0.0,3,1,0.22412760416666666,0.22412760416666666
24098,0,0.0,3,2,0.528359375,0.528359375
24098,1,0.5,0,1,0.37583333333333335,0.37583333333333335
24098,1,0.5,0,2,0.23678385416666667,0.23678385416666667
24098,1,0.5,0,3,0.20223958333333333,0.20223958333333333
24098,1,0.5,1,0,0.322734375,0.322734375
24098,1,0.5,1,2,0.20154947916666666,0.20154947916666666
24098,1,0.5,1,3,0.18919270833333332,0.18919270833333332
24098,1,0.5,2,0,0.295078125,0.295078125
24098,1,0.5,2,1,0.3269921875,0.3269921875
24098,1,0.5,2,3,0.4640625,0.4640625
24098,1,0.5,3,0,0.25049479166666666,0.25049479166666666
24098,1,0.5,3,1,0.2152734375,0.2152734375
24098,1,0.5,3,2,0.5302864583333333,0.5302864583333333
24098,2,1.0,0,1,0.3780208333333333,0.3780208333333333
24098,2,1.0,0,2,0.23944010416666667,0.23944010416666667
24098,2,1.0,0,3,0.1983203125,0.1983203125
24098,2,1.0,1,0,0.32309895833333335,0.32309895833333335
24098,2,1.0,1,2,0.2010546875,0.2010546875
24098,2,1.0,1,3,0.18873697916666668,0.18873697916666668
24098,2,1.0,2,0,0.30322916666666666,0.30322916666666666
24098,2,1.0,2,1,0.3218489583333333,0.3218489583333333
24098,2,1.0,2,3,0.4610677083333333,0.4610677083333333
24098,2,1.0,3,0,0.24752604166666667,0.24752604166666667
24098,2,1.0,3,1,0.20881510416666665,0.20881510416666665
24098,2,1.0,3,2,0.5241796875,0.5241796875
24099,0,0.0,0,1,0.39967447916666665,0.39967447916666665
24099,0,0.0,0,2,0.40065104166666665,0.40065104166666665
24099,0,0.0,0,3,0.32861979166666666,0.32861979166666666
24099,0,0.0,1,0,0.7045703125,0.7045703125
24099,0,0.0,1,2,0.749375,0.749375
24099,0,0.0,1,3,0.6066536458333334,0.6066536458333334
24099,0,0.0,2,0,0.6427864583333334,0.6427864583333334
24099,0,0.0,2,1,0.6724609375,0.6724609375
24099,0,0.0,2,3,0.5304817708333334,0.5304817708333334
24099,0,0.0,3,0,0.7023046875,0.7023046875
24099,0,0.0,3,1,0.8460416666666667,0.8460416666666667
24099,0,0.0,3,2,0.850703125,0.850703125
24099,1,0.5,0,1,0.40307291666666667,0.40307291666666667
24099,1,0.5,0,2,0.4271744791666667,0.4271744791666667
24099,1,0.5,0,3,0.20717447916666668,0.20717447916666668
24099,1,0.5,1,0,0.7224088541666667,0.7224088541666667
24099,1,0.5,1,2,0.7050130208333333,0.7050130208333333
24099,1,0.5,1,3,0.3846354166666667,0.3846354166666667
24099,1,0.5,2,0,0.7548828125,0.7548828125
24099,1,0.5,2,1,0.6227473958333334,0.6227473958333334
24099,1,0.5,2,3,0.348203125,0.348203125
24099,1,0.5,3,0,0.7338671875,0.7338671875
24099,1,0.5,3,1,0.7426432291666667,0.7426432291666667
24099,1,0.5,3,2,0.8820182291666666,0.8820182291666666
24099,2,1.0,0,1,0.37182291666666667,0.37182291666666667
24099,2,1.0,0,2,0.4236197916666667,0.4236197916666667
24099,2,1.0,0,3,0.14091145833333332,0.14091145833333332
24099,2,1.0,1,0,0.7346614583333333,0.7346614583333333
24099,2,1.0,1,2,0.641796875,0.641796875
24099,2,1.0,1,3,0.2864453125,0.2864453125
24099,2,1.0,2,0,0.7951041666666666,0.7951041666666666
24099,2,1.0,2,1,0.5352083333333333,0.5352083333333333
24099,2,1.0,2,3,0.25415364583333333,0.25415364583333333
24099,2,1.0,3,0,0.708671875,0.708671875
24099,2,1.0,3,1,0.6381640625,0.6381640625
24099,2,1.0,3,2,0.8415625,0.8415625
24100,0,0.0,0,1,0.3127734375,0.3127734375
24100,0,0.0,0,2,0.40716145833333334,0.40716145833333334
24100,0,0.0,0,3,0.34220052083333335,0.34220052083333335
24100,0,0.0,1,0,0.49592447916666665,0.49592447916666665
24100,0,0.0,1,2,0.29518229166666665,0.29518229166666665
24100,0,0.0,1,3,0.8273958333333333,0.8273958333333333
24100,0,0.0,2,0,0.43712239583333334,0.43712239583333334
24100,0,0.0,2,1,0.269140625,0.269140625
24100,0,0.0,2,3,0.17434895833333333,0.17434895833333333
24100,0,0.0,3,0,0.4124348958333333,0.4124348958333333
24100,0,0.0,3,1,0.41932291666666666,0.41932291666666666
24100,0,0.0,3,2,0.18975260416666667,0.18975260416666667
24100,1,0.5,0,1,0.30680989583333335,0.30680989583333335
24100,1,0.5,0,2,0.381015625,0.381015625
24100,1,0.5,0,3,0.3449479166666667,0.3449479166666667
24100,1,0.5,1,0,0.5237890625,0.5237890625
24100,1,0.5,1,2,0.3384765625,0.3384765625
24100,1,0.5,1,3,0.7519010416666667,0.7519010416666667
24100,1,0.5,2,0,0.422109375,0.422109375
24100,1,0.5,2,1,0.263515625,0.263515625
24100,1,0.5,2,3,0.17860677083333334,0.17860677083333334
24100,1,0.5,3,0,0.431640625,0.431640625
24100,1,0.5,3,1,0.29365885416666665,0.29365885416666665
24100,1,0.5,3,2,0.20201822916666667,0.20201822916666667
24100,2,1.0,0,1,0.27348958333333334,0.27348958333333334
24100,2,1.0,0,2,0.4042838541666667,0.4042838541666667
24100,2,1.0,0,3,0.3522265625,0.3522265625
24100,2,1.0,1,0,0.5283984375,0.5283984375
24100,2,1.0,1,2,0.4178125,0.4178125
24100,2,1.0,1,3,0.6949348958333333,0.6949348958333333
24100,2,1.0,2,0,0.4225130208333333,0.4225130208333333
24100,2,1.0,2,1,0.26165364583333334,0.26165364583333334
24100,2,1.0,2,3,0.18875,0.18875
24100,2,1.0,3,0,0.4432421875,0.4432421875
24100,2,1.0,3,1,0.24825520833333334,0.24825520833333334
24100,2,1.0,3,2,0.22106770833333333,0.22106770833333333
24101,0,0.0,0,1,0.5486197916666666,0.5486197916666666
24101,0,0.0,0,2,0.3197265625,0.3197265625
24101,0,0.0,0,3,0.24561197916666666,0.24561197916666666
24101,0,0.0,1,0,0.270390625,0.270390625
24101,0,0.0,1,2,0.37188802083333333,0.37188802083333333
24101,0,0.0,1,3,0.10270833333333333,0.10270833333333333
24101,0,0.0,2,0,0.16225260416666668,0.16225260416666668
24101,0,0.0,2,1,0.731015625,0.731015625
24101,0,0.0,2,3,0.24165364583333335,0.24165364583333335
24101,0,0.0,3,0,0.2785286458333333,0.2785286458333333
24101,0,0.0,3,1,0.7296875,0.7296875
24101,0,0.0,3,2,0.8219270833333333,0.8219270833333333
24101,1,0.5,0,1,0.5955208333333334,0.5955208333333334
24101,1,0.5,0,2,0.37029947916666667,0.37029947916666667
24101,1,0.5,0,3,0.3038671875,0.3038671875
24101,1,0.5,1,0,0.2847135416666667,0.2847135416666667
24101,1,0.5,1,2,0.3793489583333333,0.3793489583333333
24101,1,0.5,1,3,0.10998697916666667,0.10998697916666667
24101,1,0.5,2,0,0.1783984375,0.1783984375
24101,1,0.5,2,1,0.7677994791666667,0.7677994791666667
24101,1,0.5,2,3,0.25623697916666666,0.25623697916666666
24101,1,0.5,3,0,0.317421875,0.317421875
24101,1,0.5,3,1,0.7463411458333333,0.7463411458333333
24101,1,0.5,3,2,0.8327604166666667,0.8327604166666667
24101,2,1.0,0,1,0.6354947916666667,0.6354947916666667
24101,2,1.0,0,2,0.41977864583333335,0.41977864583333335
24101,2,1.0,0,3,0.34368489583333334,0.34368489583333334
24101,2,1.0,1,0,0.2996875,0.2996875
24101,2,1.0,1,2,0.39514322916666667,0.39514322916666667
24101,2,1.0,1,3,0.11192708333333333,0.11192708333333333
24101,2,1.0,2,0,0.19884114583333334,0.19884114583333334
24101,2,1.0,2,1,0.8000390625,0.8000390625
24101,2,1.0,2,3,0.26513020833333334,0.26513020833333334
24101,2,1.0,3,0,0.3358463541666667,0.3358463541666667
24101,2,1.0,3,1,0.7522135416666667,0.7522135416666667
24101,2,1.0,3,2,0.8557161458333333,0.8557161458333333
24102,0,0.0,0,1,0.5730078125,0.5730078125
24102,0,0.0,0,2,0.5238151041666667,0.5238151041666667
24102,0,0.0,0,3,0.32390625,0.32390625
24102,0,0.0,1,0,0.2794140625,0.2794140625
24102,0,0.0,1,2,0.3764453125,0.3764453125
24102,0,0.0,1,3,0.20337239583333333,0.20337239583333333
24102,0,0.0,2,0,0.43026041666666665,0.43026041666666665
24102,0,0.0,2,1,0.3966145833333333,0.3966145833333333
24102,0,0.0,2,3,0.24046875,0.24046875
24102,0,0.0,3,0,0.5060026041666666,0.5060026041666666
24102,0,0.0,3,1,0.5252213541666667,0.5252213541666667
24102,0,0.0,3,2,0.6955859375,0.6955859375
24102,1,0.5,0,1,0.6058984375,0.6058984375
24102,1,0.5,0,2,0.6318229166666667,0.6318229166666667
24102,1,0.5,0,3,0.3796875,0.3796875
24102,1,0.5,1,0,0.4137239583333333,0.4137239583333333
24102,1,0.5,1,2,0.5337369791666666,0.5337369791666666
24102,1,0.5,1,3,0.4396744791666667,0.4396744791666667
24102,1,0.5,2,0,0.44907552083333335,0.44907552083333335
24102,1,0.5,2,1,0.4559635416666667,0.4559635416666667
24102,1,0.5,2,3,0.2705208333333333,0.2705208333333333
24102,1,0.5,3,0,0.533125,0.533125
24102,1,0.5,3,1,0.6333072916666667,0.6333072916666667
24102,1,0.5,3,2,0.7883723958333333,0.7883723958333333
24102,2,1.0,0,1,0.46427083333333335,0.46427083333333335
24102,2,1.0,0,2,0.6181380208333334,0.6181380208333334
24102,2,1.0,0,3,0.4726171875,0.4726171875
24102,2,1.0,1,0,0.47170572916666664,0.47170572916666664
24102,2,1.0,1,2,0.5305208333333333,0.5305208333333333
24102,2,1.0,1,3,0.4360807291666667,0.4360807291666667
24102,2,1.0,2,0,0.3871354166666667,0.3871354166666667
24102,2,1.0,2,1,0.3878255208333333,0.3878255208333333
24102,2,1.0,2,3,0.6081119791666667,0.6081119791666667
24102,2,1.0,3,0,0.3804166666666667,0.3804166666666667
24102,2,1.0,3,1,0.3938671875,0.3938671875
24102,2,1.0,3,2,0.7830598958333334,0.7830598958333334
24103,0,0.0,0,1,0.5510286458333333,0.5510286458333333
24103,0,0.0,0,2,0.560703125,0.560703125
24103,0,0.0,0,3,0.519296875,0.519296875
24103,0,0.0,1,0,0.3246484375,0.3246484375
24103,0,0.0,1,2,0.5543359375,0.5543359375
24103,0,0.0,1,3,0.7722526041666666,0.7722526041666666
24103,0,0.0,2,0,0.30127604166666666,0.30127604166666666
24103,0,0.0,2,1,0.7573177083333333,0.7573177083333333
24103,0,0.0,2,3,0.6751692708333333,0.6751692708333333
24103,0,0.0,3,0,0.19747395833333334,0.19747395833333334
24103,0,0.0,3,1,0.44091145833333334,0.44091145833333334
24103,0,0.0,3,2,0.24619791666666666,0.24619791666666666
24103,1,0.5,0,1,0.5489973958333333,0.5489973958333333
24103,1,0.5,0,2,0.5761588541666667,0.5761588541666667
24103,1,0.5,0,3,0.5203385416666667,0.5203385416666667
24103,1,0.5,1,0,0.33498697916666664,0.33498697916666664
24103,1,0.5,1,2,0.5513151041666666,0.5513151041666666
24103,1,0.5,1,3,0.7702213541666667,0.7702213541666667
24103,1,0.5,2,0,0.3194661458333333,0.3194661458333333
24103,1,0.5,2,1,0.7418619791666666,0.7418619791666666
24103,1,0.5,2,3,0.662421875,0.662421875
24103,1,0.5,3,0,0.20658854166666665,0.20658854166666665
24103,1,0.5,3,1,0.4198177083333333,0.4198177083333333
24103,1,0.5,3,2,0.24419270833333334,0.24419270833333334
24103,2,1.0,0,1,0.556953125,0.556953125
24103,2,1.0,0,2,0.5945442708333334,0.5945442708333334
24103,2,1.0,0,3,0.5226302083333333,0.5226302083333333
24103,2,1.0,1,0,0.34805989583333335,0.34805989583333335
24103,2,1.0,1,2,0.5485677083333333,0.5485677083333333
24103,2,1.0,1,3,0.7694661458333333,0.7694661458333333
24103,2,1.0,2,0,0.34106770833333333,0.34106770833333333
24103,2,1.0,2,1,0.7252994791666667,0.7252994791666667
24103,2,1.0,2,3,0.6559505208333334,0.6559505208333334
24103,2,1.0,3,0,0.2169921875,0.2169921875
24103,2,1.0,3,1,0.4040234375,0.4040234375
24103,2,1.0,3,2,0.24290364583333332,0.24290364583333332
24104,0,0.0,0,1,0.6009895833333333,0.6009895833333333
24104,0,0.0,0,2,0.5123697916666666,0.5123697916666666
24104,0,0.0,0,3,0.4876953125,0.4876953125
24104,0,0.0,1,0,0.3178125,0.3178125
24104,0,0.0,1,2,0.4156901041666667,0.4156901041666667
24104,0,0.0,1,3,0.5853515625,0.5853515625
24104,0,0.0,2,0,0.3587369791666667,0.3587369791666667
24104,0,0.0,2,1,0.6822395833333333,0.6822395833333333
24104,0,0.0,2,3,0.37841145833333334,0.37841145833333334
24104,0,0.0,3,0,0.2643098958333333,0.2643098958333333
24104,0,0.0,3,1,0.5781119791666667,0.5781119791666667
24104,0,0.0,3,2,0.30296875,0.30296875
24104,1,0.5,0,1,0.3728385416666667,0.3728385416666667
24104,1,0.5,0,2,0.40041666666666664,0.40041666666666664
24104,1,0.5,0,3,0.38772135416666664,0.38772135416666664
24104,1,0.5,1,0,0.3017708333333333,0.3017708333333333
24104,1,0.5,1,2,0.16888020833333334,0.16888020833333334
24104,1,0.5,1,3,0.6329296875,0.6329296875
24104,1,0.5,2,0,0.6333854166666667,0.6333854166666667
24104,1,0.5,2,1,0.202421875,0.202421875
24104,1,0.5,2,3,0.19330729166666666,0.19330729166666666
24104,1,0.5,3,0,0.3094791666666667,0.3094791666666667
24104,1,0.5,3,1,0.6785807291666667,0.6785807291666667
24104,1,0.5,3,2,0.123359375,0.123359375
24104,2,1.0,0,1,0.5508854166666667,0.5508854166666667
24104,2,1.0,0,2,0.20977864583333333,0.20977864583333333
24104,2,1.0,0,3,0.5000260416666666,0.5000260416666666
24104,2,1.0,1,0,0.5177734375,0.5177734375
24104,2,1.0,1,2,0.19040364583333333,0.19040364583333333
24104,2,1.0,1,3,0.4692838541666667,0.4692838541666667
24104,2,1.0,2,0,0.7115364583333333,0.7115364583333333
24104,2,1.0,2,1,0.40752604166666667,0.40752604166666667
24104,2,1.0,2,3,0.49985677083333335,0.49985677083333335
24104,2,1.0,3,0,0.5790364583333333,0.5790364583333333
24104,2,1.0,3,1,0.8047005208333333,0.8047005208333333
24104,2,1.0,3,2,0.22541666666666665,0.22541666666666665
24105,0,0.0,0,1,0.33229166666666665,0.33229166666666665
24105,0,0.0,0,2,0.557109375,0.557109375
24105,0,0.0,0,3,0.3593880208333333,0.3593880208333333
24105,0,0.0,1,0,0.2361328125,0.2361328125
24105,0,0.0,1,2,0.310546875,0.310546875
24105,0,0.0,1,3,0.16055989583333333,0.16055989583333333
24105,0,0.0,2,0,0.3477734375,0.3477734375
24105,0,0.0,2,1,0.36614583333333334,0.36614583333333334
24105,0,0.0,2,3,0.3082552083333333,0.3082552083333333
24105,0,0.0,3,0,0.27927083333333336,0.27927083333333336
24105,0,0.0,3,1,0.584765625,0.584765625
24105,0,0.0,3,2,0.3379947916666667,0.3379947916666667
24105,1,0.5,0,1,0.3323828125,0.3323828125
24105,1,0.5,0,2,0.5559635416666666,0.5559635416666666
24105,1,0.5,0,3,0.37276041666666665,0.37276041666666665
24105,1,0.5,1,0,0.24444010416666667,0.24444010416666667
24105,1,0.5,1,2,0.31930989583333336,0.31930989583333336
24105,1,0.5,1,3,0.16040364583333333,0.16040364583333333
24105,1,0.5,2,0,0.34704427083333333,0.34704427083333333
24105,1,0.5,2,1,0.36983072916666665,0.36983072916666665
24105,1,0.5,2,3,0.3317578125,0.3317578125
24105,1,0.5,3,0,0.27145833333333336,0.27145833333333336
24105,1,0.5,3,1,0.5624348958333333,0.5624348958333333
24105,1,0.5,3,2,0.3378776041666667,0.3378776041666667
24105,2,1.0,0,1,0.3423307291666667,0.3423307291666667
24105,2,1.0,0,2,0.545703125,0.545703125
24105,2,1.0,0,3,0.3858333333333333,0.3858333333333333
24105,2,1.0,1,0,0.255703125,0.255703125
24105,2,1.0,1,2,0.321015625,0.321015625
24105,2,1.0,1,3,0.15673177083333334,0.15673177083333334
24105,2,1.0,2,0,0.34498697916666665,0.34498697916666665
24105,2,1.0,2,1,0.36322916666666666,0.36322916666666666
24105,2,1.0,2,3,0.35716145833333335,0.35716145833333335
24105,2,1.0,3,0,0.26352864583333335,0.26352864583333335
24105,2,1.0,3,1,0.5340625,0.5340625
24105,2,1.0,3,2,0.3418359375,0.3418359375
24106,0,0.0,0,1,0.31854166666666667,0.31854166666666667
24106,0,0.0,0,2,0.71578125,0.71578125
24106,0,0.0,0,3,0.6983984375,0.6983984375
24106,0,0.0,1,0,0.81953125,0.81953125
24106,0,0.0,1,2,0.8380729166666666,0.8380729166666666
24106,0,0.0,1,3,0.8668489583333333,0.8668489583333333
24106,0,0.0,2,0,0.4866015625,0.4866015625
24106,0,0.0,2,1,0.21432291666666667,0.21432291666666667
24106,0,0.0,2,3,0.48704427083333335,0.48704427083333335
24106,0,0.0,3,0,0.569140625,0.569140625
24106,0,0.0,3,1,0.19403645833333333,0.19403645833333333
24106,0,0.0,3,2,0.5775390625,0.5775390625
24106,1,0.5,0,1,0.42791666666666667,0.42791666666666667
24106,1,0.5,0,2,0.7804036458333333,0.7804036458333333
24106,1,0.5,0,3,0.7315755208333333,0.7315755208333333
24106,1,0.5,1,0,0.8728385416666666,0.8728385416666666
24106,1,0.5,1,2,0.8038411458333333,0.8038411458333333
24106,1,0.5,1,3,0.8689453125,0.8689453125
24106,1,0.5,2,0,0.5257291666666667,0.5257291666666667
24106,1,0.5,2,1,0.27075520833333333,0.27075520833333333
24106,1,0.5,2,3,0.4714713541666667,0.4714713541666667
24106,1,0.5,3,0,0.5898307291666667,0.5898307291666667
24106,1,0.5,3,1,0.2614973958333333,0.2614973958333333
24106,1,0.5,3,2,0.5829036458333333,0.5829036458333333
24106,2,1.0,0,1,0.5598828125,0.5598828125
24106,2,1.0,0,2,0.7679947916666666,0.7679947916666666
24106,2,1.0,0,3,0.7305729166666667,0.7305729166666667
24106,2,1.0,1,0,0.8465364583333334,0.8465364583333334
24106,2,1.0,1,2,0.7523697916666666,0.7523697916666666
24106,2,1.0,1,3,0.8848697916666667,0.8848697916666667
24106,2,1.0,2,0,0.51671875,0.51671875
24106,2,1.0,2,1,0.32188802083333334,0.32188802083333334
24106,2,1.0,2,3,0.4844791666666667,0.4844791666666667
24106,2,1.0,3,0,0.5681770833333334,0.5681770833333334
24106,2,1.0,3,1,0.3150130208333333,0.3150130208333333
24106,2,1.0,3,2,0.51484375,0.51484375
24107,0,0.0,0,1,0.2872265625,0.2872265625
24107,0,0.0,0,2,0.309609375,0.309609375
24107,0,0.0,0,3,0.4894140625,0.4894140625
24107,0,0.0,1,0,0.5314322916666666,0.5314322916666666
24107,0,0.0,1,2,0.4198828125,0.4198828125
24107,0,0.0,1,3,0.6776171875,0.6776171875
24107,0,0.0,2,0,0.4218359375,0.4218359375
24107,0,0.0,2,1,0.290234375,0.290234375
24107,0,0.0,2,3,0.3784635416666667,0.3784635416666667
24107,0,0.0,3,0,0.5458723958333334,0.5458723958333334
24107,0,0.0,3,1,0.38501302083333333,0.38501302083333333
24107,0,0.0,3,2,0.4427083333333333,0.4427083333333333
24107,1,0.5,0,1,0.3266015625,0.3266015625
24107,1,0.5,0,2,0.32203125,0.32203125
24107,1,0.5,0,3,0.49625,0.49625
24107,1,0.5,1,0,0.567734375,0.567734375
24107,1,0.5,1,2,0.4324088541666667,0.4324088541666667
24107,1,0.5,1,3,0.7334895833333334,0.7334895833333334
24107,1,0.5,2,0,0.411484375,0.411484375
24107,1,0.5,2,1,0.302109375,0.302109375
24107,1,0.5,2,3,0.354375,0.354375
24107,1,0.5,3,0,0.5583203125,0.5583203125
24107,1,0.5,3,1,0.4603776041666667,0.4603776041666667
24107,1,0.5,3,2,0.42309895833333333,0.42309895833333333
24107,2,1.0,0,1,0.34149739583333333,0.34149739583333333
24107,2,1.0,0,2,0.34772135416666666,0.34772135416666666
24107,2,1.0,0,3,0.5151822916666666,0.5151822916666666
24107,2,1.0,1,0,0.5629947916666667,0.5629947916666667
24107,2,1.0,1,2,0.4428255208333333,0.4428255208333333
24107,2,1.0,1,3,0.7883333333333333,0.7883333333333333
24107,2,1.0,2,0,0.4304296875,0.4304296875
24107,2,1.0,2,1,0.31951822916666667,0.31951822916666667
24107,2,1.0,2,3,0.3887630208333333,0.3887630208333333
24107,2,1.0,3,0,0.5349869791666667,0.5349869791666667
24107,2,1.0,3,1,0.43623697916666665,0.43623697916666665
24107,2,1.0,3,2,0.4161328125,0.4161328125
24108,0,0.0,0,1,0.3944010416666667,0.3944010416666667
24108,0,0.0,0,2,0.4137239583333333,0.4137239583333333
24108,0,0.0,0,3,0.5035286458333333,0.5035286458333333
24108,0,0.0,1,0,0.3783463541666667,0.3783463541666667
24108,0,0.0,1,2,0.416328125,0.416328125
24108,0,0.0,1,3,0.4057161458333333,0.4057161458333333
24108,0,0.0,2,0,0.442421875,0.442421875
24108,0,0.0,2,1,0.515,0.515
24108,0,0.0,2,3,0.6772786458333333,0.6772786458333333
24108,0,0.0,3,0,0.19506510416666667,0.19506510416666667
24108,0,0.0,3,1,0.15059895833333334,0.15059895833333334
24108,0,0.0,3,2,0.14770833333333333,0.14770833333333333
24108,1,0.5,0,1,0.3817578125,0.3817578125
24108,1,0.5,0,2,0.3831380208333333,0.3831380208333333
24108,1,0.5,0,3,0.502890625,0.502890625
24108,1,0.5,1,0,0.3751041666666667,0.3751041666666667
24108,1,0.5,1,2,0.4106640625,0.4106640625
24108,1,0.5,1,3,0.3936458333333333,0.3936458333333333
24108,1,0.5,2,0,0.435703125,0.435703125
24108,1,0.5,2,1,0.497265625,0.497265625
24108,1,0.5,2,3,0.6646484375,0.6646484375
24108,1,0.5,3,0,0.19881510416666667,0.19881510416666667
24108,1,0.5,3,1,0.1347265625,0.1347265625
24108,1,0.5,3,2,0.140859375,0.140859375
24108,2,1.0,0,1,0.36321614583333334,0.36321614583333334
24108,2,1.0,0,2,0.3467838541666667,0.3467838541666667
24108,2,1.0,0,3,0.4979166666666667,0.4979166666666667
24108,2,1.0,1,0,0.37450520833333334,0.37450520833333334
24108,2,1.0,1,2,0.3923567708333333,0.3923567708333333
24108,2,1.0,1,3,0.4049609375,0.4049609375
24108,2,1.0,2,0,0.41651041666666666,0.41651041666666666
24108,2,1.0,2,1,0.4644140625,0.4644140625
24108,2,1.0,2,3,0.686328125,0.686328125
24108,2,1.0,3,0,0.20595052083333334,0.20595052083333334
24108,2,1.0,3,1,0.14447916666666666,0.14447916666666666
24108,2,1.0,3,2,0.14623697916666667,0.14623697916666667
24109,0,0.0,0,1,0.5022265625,0.5022265625
24109,0,0.0,0,2,0.4646875,0.4646875
24109,0,0.0,0,3,0.32470052083333334,0.32470052083333334
24109,0,0.0,1,0,0.27515625,0.27515625
24109,0,0.0,1,2,0.7099348958333334,0.7099348958333334
24109,0,0.0,1,3,0.17065104166666667,0.17065104166666667
24109,0,0.0,2,0,0.2605338541666667,0.2605338541666667
24109,0,0.0,2,1,0.5940364583333333,0.5940364583333333
24109,0,0.0,2,3,0.1262109375,0.1262109375
24109,0,0.0,3,0,0.3731770833333333,0.3731770833333333
24109,0,0.0,3,1,0.7266927083333333,0.7266927083333333
24109,0,0.0,3,2,0.7097135416666667,0.7097135416666667
24109,1,0.5,0,1,0.34305989583333335,0.34305989583333335
24109,1,0.5,0,2,0.35131510416666667,0.35131510416666667
24109,1,0.5,0,3,0.1866015625,0.1866015625
24109,1,0.5,1,0,0.20529947916666666,0.20529947916666666
24109,1,0.5,1,2,0.6804947916666667,0.6804947916666667
24109,1,0.5,1,3,0.2158203125,0.2158203125
24109,1,0.5,2,0,0.21005208333333333,0.21005208333333333
24109,1,0.5,2,1,0.5514713541666667,0.5514713541666667
24109,1,0.5,2,3,0.149453125,0.149453125
24109,1,0.5,3,0,0.26893229166666666,0.26893229166666666
24109,1,0.5,3,1,0.7215364583333334,0.7215364583333334
24109,1,0.5,3,2,0.7390364583333333,0.7390364583333333
24109,2,1.0,0,1,0.4098046875,0.4098046875
24109,2,1.0,0,2,0.44772135416666664,0.44772135416666664
24109,2,1.0,0,3,0.3605598958333333,0.3605598958333333
24109,2,1.0,1,0,0.260546875,0.260546875
24109,2,1.0,1,2,0.6393489583333334,0.6393489583333334
24109,2,1.0,1,3,0.19295572916666667,0.19295572916666667
24109,2,1.0,2,0,0.29235677083333333,0.29235677083333333
24109,2,1.0,2,1,0.6038671875,0.6038671875
24109,2,1.0,2,3,0.17963541666666666,0.17963541666666666
24109,2,1.0,3,0,0.6468880208333333,0.6468880208333333
24109,2,1.0,3,1,0.6058463541666667,0.6058463541666667
24109,2,1.0,3,2,0.7935286458333334,0.7935286458333334
24110,0,0.0,0,1,0.2095703125,0.2095703125
24110,0,0.0,0,2,0.377109375,0.377109375
24110,0,0.0,0,3,0.3497005208333333,0.3497005208333333
24110,0,0.0,1,0,0.1966796875,0.1966796875
24110,0,0.0,1,2,0.3354296875,0.3354296875
24110,0,0.0,1,3,0.3759635416666667,0.3759635416666667
24110,0,0.0,2,0,0.25024739583333333,0.25024739583333333
24110,0,0.0,2,1,0.20235677083333334,0.20235677083333334
24110,0,0.0,2,3,0.4393229166666667,0.4393229166666667
24110,0,0.0,3,0,0.24861979166666667,0.24861979166666667
24110,0,0.0,3,1,0.24787760416666665,0.24787760416666665
24110,0,0.0,3,2,0.7894010416666667,0.7894010416666667
24110,1,0.5,0,1,0.21880208333333334,0.21880208333333334
24110,1,0.5,0,2,0.3811979166666667,0.3811979166666667
24110,1,0.5,0,3,0.3630078125,0.3630078125
24110,1,0.5,1,0,0.20880208333333333,0.20880208333333333
24110,1,0.5,1,2,0.34595052083333333,0.34595052083333333
24110,1,0.5,1,3,0.40329427083333336,0.40329427083333336
24110,1,0.5,2,0,0.25654947916666665,0.25654947916666665
24110,1,0.5,2,1,0.20735677083333334,0.20735677083333334
24110,1,0.5,2,3,0.44755208333333335,0.44755208333333335
24110,1,0.5,3,0,0.24233072916666668,0.24233072916666668
24110,1,0.5,3,1,0.24096354166666667,0.24096354166666667
24110,1,0.5,3,2,0.7812760416666666,0.7812760416666666
24110,2,1.0,0,1,0.22141927083333332,0.22141927083333332
24110,2,1.0,0,2,0.3799609375,0.3799609375
24110,2,1.0,0,3,0.3734895833333333,0.3734895833333333
24110,2,1.0,1,0,0.21190104166666668,0.21190104166666668
24110,2,1.0,1,2,0.36020833333333335,0.36020833333333335
24110,2,1.0,1,3,0.42625,0.42625
24110,2,1.0,2,0,0.24279947916666667,0.24279947916666667
24110,2,1.0,2,1,0.19388020833333333,0.19388020833333333
24110,2,1.0,2,3,0.4446484375,0.4446484375
24110,2,1.0,3,0,0.23454427083333335,0.23454427083333335
24110,2,1.0,3,1,0.23563802083333332,0.23563802083333332
24110,2,1.0,3,2,0.77984375,0.77984375
24111,0,0.0,0,1,0.4844661458333333,0.4844661458333333
24111,0,0.0,0,2,0.35541666666666666,0.35541666666666666
24111,0,0.0,0,3,0.41608072916666666,0.41608072916666666
24111,0,0.0,1,0,0.35717447916666667,0.35717447916666667
24111,0,0.0,1,2,0.319375,0.319375
24111,0,0.0,1,3,0.18782552083333334,0.18782552083333334
24111,0,0.0,2,0,0.5805859375,0.5805859375
24111,0,0.0,2,1,0.5167057291666667,0.5167057291666667
24111,0,0.0,2,3,0.39700520833333336,0.39700520833333336
24111,0,0.0,3,0,0.7580338541666667,0.7580338541666667
24111,0,0.0,3,1,0.438828125,0.438828125
24111,0,0.0,3,2,0.39774739583333335,0.39774739583333335
24111,1,0.5,0,1,0.5787369791666667,0.5787369791666667
24111,1,0.5,0,2,0.2526171875,0.2526171875
24111,1,0.5,0,3,0.4174348958333333,0.4174348958333333
24111,1,0.5,1,0,0.49365885416666666,0.49365885416666666
24111,1,0.5,1,2,0.26028645833333336,0.26028645833333336
24111,1,0.5,1,3,0.48454427083333335,0.48454427083333335
24111,1,0.5,2,0,0.52953125,0.52953125
24111,1,0.5,2,1,0.5204557291666667,0.5204557291666667
24111,1,0.5,2,3,0.354921875,0.354921875
24111,1,0.5,3,0,0.6084505208333333,0.6084505208333333
24111,1,0.5,3,1,0.5277734375,0.5277734375
24111,1,0.5,3,2,0.311796875,0.311796875
24111,2,1.0,0,1,0.5831901041666666,0.5831901041666666
24111,2,1.0,0,2,0.18014322916666667,0.18014322916666667
24111,2,1.0,0,3,0.4152473958333333,0.4152473958333333
24111,2,1.0,1,0,0.6352473958333333,0.6352473958333333
24111,2,1.0,1,2,0.2011328125,0.2011328125
24111,2,1.0,1,3,0.48376302083333333,0.48376302083333333
24111,2,1.0,2,0,0.5020963541666666,0.5020963541666666
24111,2,1.0,2,1,0.493828125,0.493828125
24111,2,1.0,2,3,0.3365625,0.3365625
24111,2,1.0,3,0,0.5543359375,0.5543359375
24111,2,1.0,3,1,0.4558203125,0.4558203125
24111,2,1.0,3,2,0.29537760416666664,0.29537760416666664
24112,0,0.0,0,1,0.3683203125,0.3683203125
24112,0,0.0,0,2,0.4011588541666667,0.4011588541666667
24112,0,0.0,0,3,0.5768359375,0.5768359375
24112,0,0.0,1,0,0.4684765625,0.4684765625
24112,0,0.0,1,2,0.6747526041666667,0.6747526041666667
24112,0,0.0,1,3,0.4144010416666667,0.4144010416666667
24112,0,0.0,2,0,0.5059505208333334,0.5059505208333334
24112,0,0.0,2,1,0.6812109375,0.6812109375
24112,0,0.0,2,3,0.46696614583333335,0.46696614583333335
24112,0,0.0,3,0,0.1466796875,0.1466796875
24112,0,0.0,3,1,0.145859375,0.145859375
24112,0,0.0,3,2,0.1388671875,0.1388671875
24112,1,0.5,0,1,0.34985677083333333,0.34985677083333333
24112,1,0.5,0,2,0.441640625,0.441640625
24112,1,0.5,0,3,0.6335416666666667,0.6335416666666667
24112,1,0.5,1,0,0.46826822916666666,0.46826822916666666
24112,1,0.5,1,2,0.6353645833333333,0.6353645833333333
24112,1,0.5,1,3,0.45305989583333334,0.45305989583333334
24112,1,0.5,2,0,0.4886197916666667,0.4886197916666667
24112,1,0.5,2,1,0.5945052083333333,0.5945052083333333
24112,1,0.5,2,3,0.5103125,0.5103125
24112,1,0.5,3,0,0.14373697916666667,0.14373697916666667
24112,1,0.5,3,1,0.15005208333333334,0.15005208333333334
24112,1,0.5,3,2,0.17248697916666667,0.17248697916666667
24112,2,1.0,0,1,0.22419270833333332,0.22419270833333332
24112,2,1.0,0,2,0.4184765625,0.4184765625
24112,2,1.0,0,3,0.6959505208333333,0.6959505208333333
24112,2,1.0,1,0,0.4044010416666667,0.4044010416666667
24112,2,1.0,1,2,0.25809895833333335,0.25809895833333335
24112,2,1.0,1,3,0.4490234375,0.4490234375
24112,2,1.0,2,0,0.37647135416666666,0.37647135416666666
24112,2,1.0,2,1,0.47018229166666664,0.47018229166666664
24112,2,1.0,2,3,0.5090625,0.5090625
24112,2,1.0,3,0,0.13485677083333333,0.13485677083333333
24112,2,1.0,3,1,0.16966145833333332,0.16966145833333332
24112,2,1.0,3,2,0.18321614583333334,0.18321614583333334
24113,0,0.0,0,1,0.13470052083333334,0.13470052083333334
24113,0,0.0,0,2,0.34381510416666666,0.34381510416666666
24113,0,0.0,0,3,0.3411328125,0.3411328125
24113,0,0.0,1,0,0.0740625,0.0740625
24113,0,0.0,1,2,0.26783854166666665,0.26783854166666665
24113,0,0.0,1,3,0.22880208333333332,0.22880208333333332
24113,0,0.0,2,0,0.32852864583333335,0.32852864583333335
24113,0,0.0,2,1,0.11861979166666667,0.11861979166666667
24113,0,0.0,2,3,0.28803385416666666,0.28803385416666666
24113,0,0.0,3,0,0.3431119791666667,0.3431119791666667
24113,0,0.0,3,1,0.10395833333333333,0.10395833333333333
24113,0,0.0,3,2,0.5871354166666667,0.5871354166666667
24113,1,0.5,0,1,0.102734375,0.102734375
24113,1,0.5,0,2,0.4152473958333333,0.4152473958333333
24113,1,0.5,0,3,0.32373697916666666,0.32373697916666666
24113,1,0.5,1,0,0.04739583333333333,0.04739583333333333
24113,1,0.5,1,2,0.09669270833333334,0.09669270833333334
24113,1,0.5,1,3,0.07923177083333334,0.07923177083333334
24113,1,0.5,2,0,0.4351041666666667,0.4351041666666667
24113,1,0.5,2,1,0.0294140625,0.0294140625
24113,1,0.5,2,3,0.282421875,0.282421875
24113,1,0.5,3,0,0.38604166666666667,0.38604166666666667
24113,1,0.5,3,1,0.017981770833333334,0.017981770833333334
24113,1,0.5,3,2,0.5248307291666666,0.5248307291666666
24113,2,1.0,0,1,0.07411458333333333,0.07411458333333333
24113,2,1.0,0,2,0.24760416666666665,0.24760416666666665
24113,2,1.0,0,3,0.18990885416666667,0.18990885416666667
24113,2,1.0,1,0,0.0648828125,0.0648828125
24113,2,1.0,1,2,0.047578125,0.047578125
24113,2,1.0,1,3,0.015716145833333334,0.015716145833333334
24113,2,1.0,2,0,0.44453125,0.44453125
24113,2,1.0,2,1,0.09110677083333334,0.09110677083333334
24113,2,1.0,2,3,0.33774739583333335,0.33774739583333335
24113,2,1.0,3,0,0.4168880208333333,0.4168880208333333
24113,2,1.0,3,1,0.03057291666666667,0.03057291666666667
24113,2,1.0,3,2,0.5433072916666667,0.5433072916666667
24114,0,0.0,0,1,0.2948828125,0.2948828125
24114,0,0.0,0,2,0.6088020833333333,0.6088020833333333
24114,0,0.0,0,3,0.705703125,0.705703125
24114,0,0.0,1,0,0.8180859375,0.8180859375
24114,0,0.0,1,2,0.6950390625,0.6950390625
24114,0,0.0,1,3,0.8294661458333333,0.8294661458333333
24114,0,0.0,2,0,0.280703125,0.280703125
24114,0,0.0,2,1,0.162578125,0.162578125
24114,0,0.0,2,3,0.41334635416666665,0.41334635416666665
24114,0,0.0,3,0,0.5132161458333333,0.5132161458333333
24114,0,0.0,3,1,0.29546875,0.29546875
24114,0,0.0,3,2,0.7041796875,0.7041796875
24114,1,0.5,0,1,0.4658072916666667,0.4658072916666667
24114,1,0.5,0,2,0.6498177083333333,0.6498177083333333
24114,1,0.5,0,3,0.6936197916666667,0.6936197916666667
24114,1,0.5,1,0,0.851796875,0.851796875
24114,1,0.5,1,2,0.7784114583333334,0.7784114583333334
24114,1,0.5,1,3,0.8481901041666666,0.8481901041666666
24114,1,0.5,2,0,0.3119140625,0.3119140625
24114,1,0.5,2,1,0.21873697916666668,0.21873697916666668
24114,1,0.5,2,3,0.606171875,0.606171875
24114,1,0.5,3,0,0.4153645833333333,0.4153645833333333
24114,1,0.5,3,1,0.304296875,0.304296875
24114,1,0.5,3,2,0.7624088541666667,0.7624088541666667
24114,2,1.0,0,1,0.7148958333333333,0.7148958333333333
24114,2,1.0,0,2,0.7526302083333334,0.7526302083333334
24114,2,1.0,0,3,0.7370442708333333,0.7370442708333333
24114,2,1.0,1,0,0.8107942708333333,0.8107942708333333
24114,2,1.0,1,2,0.8341276041666666,0.8341276041666666
24114,2,1.0,1,3,0.8584505208333333,0.8584505208333333
24114,2,1.0,2,0,0.34380208333333334,0.34380208333333334
24114,2,1.0,2,1,0.2969791666666667,0.2969791666666667
24114,2,1.0,2,3,0.792890625,0.792890625
24114,2,1.0,3,0,0.32712239583333336,0.32712239583333336
24114,2,1.0,3,1,0.3076171875,0.3076171875
24114,2,1.0,3,2,0.7137369791666667,0.7137369791666667
24115,0,0.0,0,1,0.243515625,0.243515625
24115,0,0.0,0,2,0.42309895833333333,0.42309895833333333
24115,0,0.0,0,3,0.18721354166666668,0.18721354166666668
24115,0,0.0,1,0,0.2264453125,0.2264453125
24115,0,0.0,1,2,0.6781770833333334,0.6781770833333334
24115,0,0.0,1,3,0.7025260416666667,0.7025260416666667
24115,0,0.0,2,0,0.26515625,0.26515625
24115,0,0.0,2,1,0.36537760416666665,0.36537760416666665
24115,0,0.0,2,3,0.36657552083333333,0.36657552083333333
24115,0,0.0,3,0,0.1900390625,0.1900390625
24115,0,0.0,3,1,0.7156380208333334,0.7156380208333334
24115,0,0.0,3,2,0.6256640625,0.6256640625
24115,1,0.5,0,1,0.3428515625,0.3428515625
24115,1,0.5,0,2,0.5510416666666667,0.5510416666666667
24115,1,0.5,0,3,0.33524739583333335,0.33524739583333335
24115,1,0.5,1,0,0.23954427083333332,0.23954427083333332
24115,1,0.5,1,2,0.6539322916666667,0.6539322916666667
24115,1,0.5,1,3,0.6137369791666667,0.6137369791666667
24115,1,0.5,2,0,0.214765625,0.214765625
24115,1,0.5,2,1,0.35641927083333336,0.35641927083333336
24115,1,0.5,2,3,0.2559895833333333,0.2559895833333333
24115,1,0.5,3,0,0.28825520833333335,0.28825520833333335
24115,1,0.5,3,1,0.8579947916666667,0.8579947916666667
24115,1,0.5,3,2,0.6375520833333334,0.6375520833333334
24115,2,1.0,0,1,0.43859375,0.43859375
24115,2,1.0,0,2,0.5508463541666667,0.5508463541666667
24115,2,1.0,0,3,0.4580078125,0.4580078125
24115,2,1.0,1,0,0.32614583333333336,0.32614583333333336
24115,2,1.0,1,2,0.6061588541666667,0.6061588541666667
24115,2,1.0,1,3,0.5098177083333333,0.5098177083333333
24115,2,1.0,2,0,0.18040364583333332,0.18040364583333332
24115,2,1.0,2,1,0.39772135416666665,0.39772135416666665
24115,2,1.0,2,3,0.21731770833333333,0.21731770833333333
24115,2,1.0,3,0,0.42125,0.42125
24115,2,1.0,3,1,0.7658203125,0.7658203125
24115,2,1.0,3,2,0.5870963541666666,0.5870963541666666
24116,0,0.0,0,1,0.6231510416666667,0.6231510416666667
24116,0,0.0,0,2,0.7266015625,0.7266015625
24116,0,0.0,0,3,0.6423177083333333,0.6423177083333333
24116,0,0.0,1,0,0.35486979166666666,0.35486979166666666
24116,0,0.0,1,2,0.7474739583333333,0.7474739583333333
24116,0,0.0,1,3,0.6277864583333334,0.6277864583333334
24116,0,0.0,2,0,0.16053385416666666,0.16053385416666666
24116,0,0.0,2,1,0.4405859375,0.4405859375
24116,0,0.0,2,3,0.7099479166666667,0.7099479166666667
24116,0,0.0,3,0,0.12319010416666666,0.12319010416666666
24116,0,0.0,3,1,0.3601953125,0.3601953125
24116,0,0.0,3,2,0.5734505208333334,0.5734505208333334
24116,1,0.5,0,1,0.6467578125,0.6467578125
24116,1,0.5,0,2,0.754453125,0.754453125
24116,1,0.5,0,3,0.6593229166666666,0.6593229166666666
24116,1,0.5,1,0,0.351015625,0.351015625
24116,1,0.5,1,2,0.7461848958333334,0.7461848958333334
24116,1,0.5,1,3,0.6314713541666667,0.6314713541666667
24116,1,0.5,2,0,0.166953125,0.166953125
24116,1,0.5,2,1,0.4533984375,0.4533984375
24116,1,0.5,2,3,0.710390625,0.710390625
24116,1,0.5,3,0,0.12682291666666667,0.12682291666666667
24116,1,0.5,3,1,0.37680989583333335,0.37680989583333335
24116,1,0.5,3,2,0.582734375,0.582734375
24116,2,1.0,0,1,0.6370182291666666,0.6370182291666666
24116,2,1.0,0,2,0.7573307291666667,0.7573307291666667
24116,2,1.0,0,3,0.6613411458333334,0.6613411458333334
24116,2,1.0,1,0,0.328203125,0.328203125
24116,2,1.0,1,2,0.7413151041666667,0.7413151041666667
24116,2,1.0,1,3,0.6359765625,0.6359765625
24116,2,1.0,2,0,0.1633203125,0.1633203125
24116,2,1.0,2,1,0.44927083333333334,0.44927083333333334
24116,2,1.0,2,3,0.7076822916666666,0.7076822916666666
24116,2,1.0,3,0,0.12934895833333335,0.12934895833333335
24116,2,1.0,3,1,0.38622395833333334,0.38622395833333334
24116,2,1.0,3,2,0.6267447916666666,0.6267447916666666
24117,0,0.0,0,1,0.384296875,0.384296875
24117,0,0.0,0,2,0.3251953125,0.3251953125
24117,0,0.0,0,3,0.474375,0.474375
24117,0,0.0,1,0,0.2793359375,0.2793359375
24117,0,0.0,1,2,0.22618489583333334,0.22618489583333334
24117,0,0.0,1,3,0.09188802083333333,0.09188802083333333
24117,0,0.0,2,0,0.1759375,0.1759375
24117,0,0.0,2,1,0.16802083333333334,0.16802083333333334
24117,0,0.0,2,3,0.2544401041666667,0.2544401041666667
24117,0,0.0,3,0,0.3778515625,0.3778515625
24117,0,0.0,3,1,0.36330729166666664,0.36330729166666664
24117,0,0.0,3,2,0.27643229166666666,0.27643229166666666
24117,1,0.5,0,1,0.40360677083333335,0.40360677083333335
24117,1,0.5,0,2,0.5648697916666666,0.5648697916666666
24117,1,0.5,0,3,0.46243489583333336,0.46243489583333336
24117,1,0.5,1,0,0.3178125,0.3178125
24117,1,0.5,1,2,0.281640625,0.281640625
24117,1,0.5,1,3,0.12270833333333334,0.12270833333333334
24117,1,0.5,2,0,0.4079296875,0.4079296875
24117,1,0.5,2,1,0.253125,0.253125
24117,1,0.5,2,3,0.3025130208333333,0.3025130208333333
24117,1,0.5,3,0,0.51375,0.51375
24117,1,0.5,3,1,0.47903645833333336,0.47903645833333336
24117,1,0.5,3,2,0.4459375,0.4459375
24117,2,1.0,0,1,0.42549479166666665,0.42549479166666665
24117,2,1.0,0,2,0.5009375,0.5009375
24117,2,1.0,0,3,0.41625,0.41625
24117,2,1.0,1,0,0.39221354166666667,0.39221354166666667
24117,2,1.0,1,2,0.37041666666666667,0.37041666666666667
24117,2,1.0,1,3,0.14848958333333334,0.14848958333333334
24117,2,1.0,2,0,0.5528645833333333,0.5528645833333333
24117,2,1.0,2,1,0.35647135416666664,0.35647135416666664
24117,2,1.0,2,3,0.3425651041666667,0.3425651041666667
24117,2,1.0,3,0,0.6346875,0.6346875
24117,2,1.0,3,1,0.5770572916666666,0.5770572916666666
24117,2,1.0,3,2,0.5429947916666666,0.5429947916666666
24118,0,0.0,0,1,0.5213932291666666,0.5213932291666666
24118,0,0.0,0,2,0.24337239583333334,0.24337239583333334
24118,0,0.0,0,3,0.4392317708333333,0.4392317708333333
24118,0,0.0,1,0,0.4560677083333333,0.4560677083333333
24118,0,0.0,1,2,0.236015625,0.236015625
24118,0,0.0,1,3,0.3545963541666667,0.3545963541666667
24118,0,0.0,2,0,0.35955729166666667,0.35955729166666667
24118,0,0.0,2,1,0.4195963541666667,0.4195963541666667
24118,0,0.0,2,3,0.32447916666666665,0.32447916666666665
24118,0,0.0,3,0,0.4812239583333333,0.4812239583333333
24118,0,0.0,3,1,0.38276041666666666,0.38276041666666666
24118,0,0.0,3,2,0.26326822916666665,0.26326822916666665
24118,1,0.5,0,1,0.4266536458333333,0.4266536458333333
24118,1,0.5,0,2,0.2656640625,0.2656640625
24118,1,0.5,0,3,0.3515234375,0.3515234375
24118,1,0.5,1,0,0.44854166666666667,0.44854166666666667
24118,1,0.5,1,2,0.271875,0.271875
24118,1,0.5,1,3,0.3695833333333333,0.3695833333333333
24118,1,0.5,2,0,0.5637630208333333,0.5637630208333333
24118,1,0.5,2,1,0.5826171875,0.5826171875
24118,1,0.5,2,3,0.4344661458333333,0.4344661458333333
24118,1,0.5,3,0,0.4575,0.4575
24118,1,0.5,3,1,0.38752604166666665,0.38752604166666665
24118,1,0.5,3,2,0.32135416666666666,0.32135416666666666
24118,2,1.0,0,1,0.49083333333333334,0.49083333333333334
24118,2,1.0,0,2,0.32283854166666665,0.32283854166666665
24118,2,1.0,0,3,0.2908854166666667,0.2908854166666667
24118,2,1.0,1,0,0.4858203125,0.4858203125
24118,2,1.0,1,2,0.4303125,0.4303125
24118,2,1.0,1,3,0.35268229166666665,0.35268229166666665
24118,2,1.0,2,0,0.45807291666666666,0.45807291666666666
24118,2,1.0,2,1,0.5775,0.5775
24118,2,1.0,2,3,0.4815625,0.4815625
24118,2,1.0,3,0,0.4295572916666667,0.4295572916666667
24118,2,1.0,3,1,0.39868489583333333,0.39868489583333333
24118,2,1.0,3,2,0.4642057291666667,0.4642057291666667
24119,0,0.0,0,1,0.46026041666666667,0.46026041666666667
24119,0,0.0,0,2,0.6157682291666666,0.6157682291666666
24119,0,0.0,0,3,0.3629557291666667,0.3629557291666667
24119,0,0.0,1,0,0.4398046875,0.4398046875
24119,0,0.0,1,2,0.40796875,0.40796875
24119,0,0.0,1,3,0.29725260416666666,0.29725260416666666
24119,0,0.0,2,0,0.4710286458333333,0.4710286458333333
24119,0,0.0,2,1,0.33575520833333333,0.33575520833333333
24119,0,0.0,2,3,0.30432291666666667,0.30432291666666667
24119,0,0.0,3,0,0.5171744791666667,0.5171744791666667
24119,0,0.0,3,1,0.7493489583333334,0.7493489583333334
24119,0,0.0,3,2,0.48798177083333333,0.48798177083333333
24119,1,0.5,0,1,0.46502604166666667,0.46502604166666667
24119,1,0.5,0,2,0.6032421875,0.6032421875
24119,1,0.5,0,3,0.378359375,0.378359375
24119,1,0.5,1,0,0.47205729166666666,0.47205729166666666
24119,1,0.5,1,2,0.41506510416666664,0.41506510416666664
24119,1,0.5,1,3,0.42190104166666664,0.42190104166666664
24119,1,0.5,2,0,0.4948046875,0.4948046875
24119,1,0.5,2,1,0.38209635416666665,0.38209635416666665
24119,1,0.5,2,3,0.3283333333333333,0.3283333333333333
24119,1,0.5,3,0,0.5536979166666667,0.5536979166666667
24119,1,0.5,3,1,0.8011197916666667,0.8011197916666667
24119,1,0.5,3,2,0.4677864583333333,0.4677864583333333
24119,2,1.0,0,1,0.4630859375,0.4630859375
24119,2,1.0,0,2,0.5794921875,0.5794921875
24119,2,1.0,0,3,0.4160546875,0.4160546875
24119,2,1.0,1,0,0.4972786458333333,0.4972786458333333
24119,2,1.0,1,2,0.43720052083333333,0.43720052083333333
24119,2,1.0,1,3,0.4676692708333333,0.4676692708333333
24119,2,1.0,2,0,0.5157942708333333,0.5157942708333333
24119,2,1.0,2,1,0.39319010416666667,0.39319010416666667
24119,2,1.0,2,3,0.3700130208333333,0.3700130208333333
24119,2,1.0,3,0,0.4882421875,0.4882421875
24119,2,1.0,3,1,0.8262109375,0.8262109375
24119,2,1.0,3,2,0.43388020833333335,0.43388020833333335
24120,0,0.0,0,1,0.5155208333333333,0.5155208333333333
24120,0,0.0,0,2,0.5428255208333334,0.5428255208333334
24120,0,0.0,0,3,0.36920572916666666,0.36920572916666666
24120,0,0.0,1,0,0.4889192708333333,0.4889192708333333
24120,0,0.0,1,2,0.5697395833333333,0.5697395833333333
24120,0,0.0,1,3,0.37192708333333335,0.37192708333333335
24120,0,0.0,2,0,0.11858072916666666,0.11858072916666666
24120,0,0.0,2,1,0.1293359375,0.1293359375
24120,0,0.0,2,3,0.4129557291666667,0.4129557291666667
24120,0,0.0,3,0,0.28162760416666666,0.28162760416666666
24120,0,0.0,3,1,0.32545572916666665,0.32545572916666665
24120,0,0.0,3,2,0.29759114583333335,0.29759114583333335
24120,1,0.5,0,1,0.6653385416666666,0.6653385416666666
24120,1,0.5,0,2,0.5535807291666667,0.5535807291666667
24120,1,0.5,0,3,0.2798307291666667,0.2798307291666667
24120,1,0.5,1,0,0.5419401041666667,0.5419401041666667
24120,1,0.5,1,2,0.5500651041666667,0.5500651041666667
24120,1,0.5,1,3,0.30270833333333336,0.30270833333333336
24120,1,0.5,2,0,0.11471354166666667,0.11471354166666667
24120,1,0.5,2,1,0.13994791666666667,0.13994791666666667
24120,1,0.5,2,3,0.11928385416666666,0.11928385416666666
24120,1,0.5,3,0,0.27227864583333333,0.27227864583333333
24120,1,0.5,3,1,0.3879166666666667,0.3879166666666667
24120,1,0.5,3,2,0.2618098958333333,0.2618098958333333
24120,2,1.0,0,1,0.6466276041666666,0.6466276041666666
24120,2,1.0,0,2,0.5067708333333333,0.5067708333333333
24120,2,1.0,0,3,0.273125,0.273125
24120,2,1.0,1,0,0.5456640625,0.5456640625
24120,2,1.0,1,2,0.5303776041666667,0.5303776041666667
24120,2,1.0,1,3,0.281953125,0.281953125
24120,2,1.0,2,0,0.15434895833333334,0.15434895833333334
24120,2,1.0,2,1,0.21006510416666666,0.21006510416666666
24120,2,1.0,2,3,0.082578125,0.082578125
24120,2,1.0,3,0,0.4569140625,0.4569140625
24120,2,1.0,3,1,0.5649348958333333,0.5649348958333333
24120,2,1.0,3,2,0.4090494791666667,0.4090494791666667
24121,0,0.0,0,1,0.45358072916666664,0.45358072916666664
24121,0,0.0,0,2,0.5426302083333333,0.5426302083333333
24121,0,0.0,0,3,0.388671875,0.388671875
24121,0,0.0,1,0,0.5063932291666666,0.5063932291666666
24121,0,0.0,1,2,0.444296875,0.444296875
24121,0,0.0,1,3,0.610078125,0.610078125
24121,0,0.0,2,0,0.48272135416666667,0.48272135416666667
24121,0,0.0,2,1,0.3401953125,0.3401953125
24121,0,0.0,2,3,0.33611979166666667,0.33611979166666667
24121,0,0.0,3,0,0.5555208333333334,0.5555208333333334
24121,0,0.0,3,1,0.7901822916666666,0.7901822916666666
24121,0,0.0,3,2,0.4736197916666667,0.4736197916666667
24121,1,0.5,0,1,0.45872395833333335,0.45872395833333335
24121,1,0.5,0,2,0.5308333333333334,0.5308333333333334
24121,1,0.5,0,3,0.36,0.36
24121,1,0.5,1,0,0.4894921875,0.4894921875
24121,1,0.5,1,2,0.4109375,0.4109375
24121,1,0.5,1,3,0.6024088541666667,0.6024088541666667
24121,1,0.5,2,0,0.478046875,0.478046875
24121,1,0.5,2,1,0.36889322916666667,0.36889322916666667
24121,1,0.5,2,3,0.318125,0.318125
24121,1,0.5,3,0,0.524765625,0.524765625
24121,1,0.5,3,1,0.8510677083333333,0.8510677083333333
24121,1,0.5,3,2,0.4434505208333333,0.4434505208333333
24121,2,1.0,0,1,0.46466145833333333,0.46466145833333333
24121,2,1.0,0,2,0.5273177083333334,0.5273177083333334
24121,2,1.0,0,3,0.36873697916666665,0.36873697916666665
24121,2,1.0,1,0,0.5323697916666666,0.5323697916666666
24121,2,1.0,1,2,0.40989583333333335,0.40989583333333335
24121,2,1.0,1,3,0.6050911458333333,0.6050911458333333
24121,2,1.0,2,0,0.4765494791666667,0.4765494791666667
24121,2,1.0,2,1,0.40122395833333335,0.40122395833333335
24121,2,1.0,2,3,0.3325,0.3325
24121,2,1.0,3,0,0.5509635416666666,0.5509635416666666
24121,2,1.0,3,1,0.8279947916666667,0.8279947916666667
24121,2,1.0,3,2,0.444609375,0.444609375
24122,0,0.0,0,1,0.5104817708333333,0.5104817708333333
24122,0,0.0,0,2,0.48223958333333333,0.48223958333333333
24122,0,0.0,0,3,0.6958072916666667,0.6958072916666667
24122,0,0.0,1,0,0.6449088541666667,0.6449088541666667
24122,0,0.0,1,2,0.6508463541666667,0.6508463541666667
24122,0,0.0,1,3,0.8165755208333333,0.8165755208333333
24122,0,0.0,2,0,0.3997265625,0.3997265625
24122,0,0.0,2,1,0.5474088541666666,0.5474088541666666
24122,0,0.0,2,3,0.7531380208333334,0.7531380208333334
24122,0,0.0,3,0,0.4841536458333333,0.4841536458333333
24122,0,0.0,3,1,0.3170442708333333,0.3170442708333333
24122,0,0.0,3,2,0.4373697916666667,0.4373697916666667
24122,1,0.5,0,1,0.5454166666666667,0.5454166666666667
24122,1,0.5,0,2,0.5658463541666666,0.5658463541666666
24122,1,0.5,0,3,0.7440104166666667,0.7440104166666667
24122,1,0.5,1,0,0.6760026041666667,0.6760026041666667
24122,1,0.5,1,2,0.5810026041666667,0.5810026041666667
24122,1,0.5,1,3,0.735703125,0.735703125
24122,1,0.5,2,0,0.6,0.6
24122,1,0.5,2,1,0.558046875,0.558046875
24122,1,0.5,2,3,0.7461197916666666,0.7461197916666666
24122,1,0.5,3,0,0.49678385416666665,0.49678385416666665
24122,1,0.5,3,1,0.3499479166666667,0.3499479166666667
24122,1,0.5,3,2,0.4457291666666667,0.4457291666666667
24122,2,1.0,0,1,0.5605989583333333,0.5605989583333333
24122,2,1.0,0,2,0.5169661458333333,0.5169661458333333
24122,2,1.0,0,3,0.6982942708333333,0.6982942708333333
24122,2,1.0,1,0,0.7246484375,0.7246484375
24122,2,1.0,1,2,0.49951822916666666,0.49951822916666666
24122,2,1.0,1,3,0.6790755208333333,0.6790755208333333
24122,2,1.0,2,0,0.6661328125,0.6661328125
24122,2,1.0,2,1,0.56796875,0.56796875
24122,2,1.0,2,3,0.6769401041666666,0.6769401041666666
24122,2,1.0,3,0,0.5123046875,0.5123046875
24122,2,1.0,3,1,0.3886328125,0.3886328125
24122,2,1.0,3,2,0.4132421875,0.4132421875
24123,0,0.0,0,1,0.48244791666666664,0.48244791666666664
24123,0,0.0,0,2,0.6763020833333333,0.6763020833333333
24123,0,0.0,0,3,0.5293098958333333,0.5293098958333333
24123,0,0.0,1,0,0.6542057291666666,0.6542057291666666
24123,0,0.0,1,2,0.6547786458333333,0.6547786458333333
24123,0,0.0,1,3,0.8973046875,0.8973046875
24123,0,0.0,2,0,0.23752604166666666,0.23752604166666666
24123,0,0.0,2,1,0.23447916666666666,0.23447916666666666
24123,0,0.0,2,3,0.26614583333333336,0.26614583333333336
24123,0,0.0,3,0,0.4774348958333333,0.4774348958333333
24123,0,0.0,3,1,0.5348828125,0.5348828125
24123,0,0.0,3,2,0.46295572916666666,0.46295572916666666
24123,1,0.5,0,1,0.42713541666666666,0.42713541666666666
24123,1,0.5,0,2,0.6387109375,0.6387109375
24123,1,0.5,0,3,0.49713541666666666,0.49713541666666666
24123,1,0.5,1,0,0.6221875,0.6221875
24123,1,0.5,1,2,0.674921875,0.674921875
24123,1,0.5,1,3,0.9013802083333333,0.9013802083333333
24123,1,0.5,2,0,0.20055989583333333,0.20055989583333333
24123,1,0.5,2,1,0.21399739583333333,0.21399739583333333
24123,1,0.5,2,3,0.250625,0.250625
24123,1,0.5,3,0,0.4811197916666667,0.4811197916666667
24123,1,0.5,3,1,0.5059635416666667,0.5059635416666667
24123,1,0.5,3,2,0.4494270833333333,0.4494270833333333
24123,2,1.0,0,1,0.4269791666666667,0.4269791666666667
24123,2,1.0,0,2,0.6451822916666666,0.6451822916666666
24123,2,1.0,0,3,0.46817708333333335,0.46817708333333335
24123,2,1.0,1,0,0.640625,0.640625
24123,2,1.0,1,2,0.665078125,0.665078125
24123,2,1.0,1,3,0.861875,0.861875
24123,2,1.0,2,0,0.18319010416666667,0.18319010416666667
24123,2,1.0,2,1,0.199921875,0.199921875
24123,2,1.0,2,3,0.238828125,0.238828125
24123,2,1.0,3,0,0.46350260416666667,0.46350260416666667
24123,2,1.0,3,1,0.5087369791666667,0.5087369791666667
24123,2,1.0,3,2,0.46131510416666666,0.46131510416666666
24124,0,0.0,0,1,0.5395442708333333,0.5395442708333333
24124,0,0.0,0,2,0.13178385416666666,0.13178385416666666
24124,0,0.0,0,3,0.1545703125,0.1545703125
24124,0,0.0,1,0,0.4635286458333333,0.4635286458333333
24124,0,0.0,1,2,0.12479166666666666,0.12479166666666666
24124,0,0.0,1,3,0.1579296875,0.1579296875
24124,0,0.0,2,0,0.562109375,0.562109375
24124,0,0.0,2,1,0.6225,0.6225
24124,0,0.0,2,3,0.8449869791666667,0.8449869791666667
24124,0,0.0,3,0,0.49864583333333334,0.49864583333333334
24124,0,0.0,3,1,0.5585546875,0.5585546875
24124,0,0.0,3,2,0.6334635416666666,0.6334635416666666
24124,1,0.5,0,1,0.5470052083333333,0.5470052083333333
24124,1,0.5,0,2,0.13247395833333334,0.13247395833333334
24124,1,0.5,0,3,0.1517578125,0.1517578125
24124,1,0.5,1,0,0.4602734375,0.4602734375
24124,1,0.5,1,2,0.12596354166666668,0.12596354166666668
24124,1,0.5,1,3,0.1566796875,0.1566796875
24124,1,0.5,2,0,0.5594010416666667,0.5594010416666667
24124,1,0.5,2,1,0.6283072916666667,0.6283072916666667
24124,1,0.5,2,3,0.8397786458333333,0.8397786458333333
24124,1,0.5,3,0,0.49291666666666667,0.49291666666666667
24124,1,0.5,3,1,0.5608723958333334,0.5608723958333334
24124,1,0.5,3,2,0.6520182291666666,0.6520182291666666
24124,2,1.0,0,1,0.5586328125,0.5586328125
24124,2,1.0,0,2,0.13259114583333334,0.13259114583333334
24124,2,1.0,0,3,0.15393229166666667,0.15393229166666667
24124,2,1.0,1,0,0.45630208333333333,0.45630208333333333
24124,2,1.0,1,2,0.12515625,0.12515625
24124,2,1.0,1,3,0.1568359375,0.1568359375
24124,2,1.0,2,0,0.5632421875,0.5632421875
24124,2,1.0,2,1,0.6344921875,0.6344921875
24124,2,1.0,2,3,0.8653255208333334,0.8653255208333334
24124,2,1.0,3,0,0.48822916666666666,0.48822916666666666
24124,2,1.0,3,1,0.558359375,0.558359375
24124,2,1.0,3,2,0.63625,0.63625
24125,0,0.0,0,1,0.4871484375,0.4871484375
24125,0,0.0,0,2,0.7990234375,0.7990234375
24125,0,0.0,0,3,0.31274739583333333,0.31274739583333333
24125,0,0.0,1,0,0.5949609375,0.5949609375
24125,0,0.0,1,2,0.6536979166666667,0.6536979166666667
24125,0,0.0,1,3,0.38473958333333336,0.38473958333333336
24125,0,0.0,2,0,0.3907291666666667,0.3907291666666667
24125,0,0.0,2,1,0.3260677083333333,0.3260677083333333
24125,0,0.0,2,3,0.1807421875,0.1807421875
24125,0,0.0,3,0,0.6491145833333334,0.6491145833333334
24125,0,0.0,3,1,0.7328776041666667,0.7328776041666667
24125,0,0.0,3,2,0.6790885416666667,0.6790885416666667
24125,1,0.5,0,1,0.4496354166666667,0.4496354166666667
24125,1,0.5,0,2,0.7926041666666667,0.7926041666666667
24125,1,0.5,0,3,0.34967447916666666,0.34967447916666666
24125,1,0.5,1,0,0.5987369791666667,0.5987369791666667
24125,1,0.5,1,2,0.65546875,0.65546875
24125,1,0.5,1,3,0.47227864583333334,0.47227864583333334
24125,1,0.5,2,0,0.3334375,0.3334375
24125,1,0.5,2,1,0.2800520833333333,0.2800520833333333
24125,1,0.5,2,3,0.20908854166666666,0.20908854166666666
24125,1,0.5,3,0,0.6220182291666667,0.6220182291666667
24125,1,0.5,3,1,0.7097005208333333,0.7097005208333333
24125,1,0.5,3,2,0.6690494791666667,0.6690494791666667
24125,2,1.0,0,1,0.4874088541666667,0.4874088541666667
24125,2,1.0,0,2,0.7772526041666666,0.7772526041666666
24125,2,1.0,0,3,0.3827994791666667,0.3827994791666667
24125,2,1.0,1,0,0.5548046875,0.5548046875
24125,2,1.0,1,2,0.6059895833333333,0.6059895833333333
24125,2,1.0,1,3,0.5793359375,0.5793359375
24125,2,1.0,2,0,0.31166666666666665,0.31166666666666665
24125,2,1.0,2,1,0.2837890625,0.2837890625
24125,2,1.0,2,3,0.22692708333333333,0.22692708333333333
24125,2,1.0,3,0,0.5751953125,0.5751953125
24125,2,1.0,3,1,0.7800130208333333,0.7800130208333333
24125,2,1.0,3,2,0.6106119791666667,0.6106119791666667
24126,0,0.0,0,1,0.6016666666666667,0.6016666666666667
24126,0,0.0,0,2,0.3001953125,0.3001953125
24126,0,0.0,0,3,0.38446614583333333,0.38446614583333333
24126,0,0.0,1,0,0.27131510416666665,0.27131510416666665
24126,0,0.0,1,2,0.3344140625,0.3344140625
24126,0,0.0,1,3,0.27197916666666666,0.27197916666666666
24126,0,0.0,2,0,0.29473958333333333,0.29473958333333333
24126,0,0.0,2,1,0.3438541666666667,0.3438541666666667
24126,0,0.0,2,3,0.47561197916666664,0.47561197916666664
24126,0,0.0,3,0,0.4211328125,0.4211328125
24126,0,0.0,3,1,0.6531510416666667,0.6531510416666667
24126,0,0.0,3,2,0.5532942708333334,0.5532942708333334
24126,1,0.5,0,1,0.5745572916666667,0.5745572916666667
24126,1,0.5,0,2,0.3218489583333333,0.3218489583333333
24126,1,0.5,0,3,0.40653645833333335,0.40653645833333335
24126,1,0.5,1,0,0.2475,0.2475
24126,1,0.5,1,2,0.3226041666666667,0.3226041666666667
24126,1,0.5,1,3,0.27671875,0.27671875
24126,1,0.5,2,0,0.315546875,0.315546875
24126,1,0.5,2,1,0.3475520833333333,0.3475520833333333
24126,1,0.5,2,3,0.5343880208333334,0.5343880208333334
24126,1,0.5,3,0,0.4501953125,0.4501953125
24126,1,0.5,3,1,0.5812369791666666,0.5812369791666666
24126,1,0.5,3,2,0.5638671875,0.5638671875
24126,2,1.0,0,1,0.5622395833333333,0.5622395833333333
24126,2,1.0,0,2,0.34041666666666665,0.34041666666666665
24126,2,1.0,0,3,0.41998697916666666,0.41998697916666666
24126,2,1.0,1,0,0.23610677083333334,0.23610677083333334
24126,2,1.0,1,2,0.33716145833333333,0.33716145833333333
24126,2,1.0,1,3,0.262734375,0.262734375
24126,2,1.0,2,0,0.33825520833333333,0.33825520833333333
24126,2,1.0,2,1,0.379921875,0.379921875
24126,2,1.0,2,3,0.5645052083333333,0.5645052083333333
24126,2,1.0,3,0,0.452734375,0.452734375
24126,2,1.0,3,1,0.5714713541666666,0.5714713541666666
24126,2,1.0,3,2,0.563046875,0.563046875
24127,0,0.0,0,1,0.273515625,0.273515625
24127,0,0.0,0,2,0.26393229166666665,0.26393229166666665
24127,0,0.0,0,3,0.298125,0.298125
24127,0,0.0,1,0,0.3334765625,0.3334765625
24127,0,0.0,1,2,0.273359375,0.273359375
24127,0,0.0,1,3,0.28203125,0.28203125
24127,0,0.0,2,0,0.3077083333333333,0.3077083333333333
24127,0,0.0,2,1,0.24692708333333332,0.24692708333333332
24127,0,0.0,2,3,0.4651692708333333,0.4651692708333333
24127,0,0.0,3,0,0.3446875,0.3446875
24127,0,0.0,3,1,0.3112890625,0.3112890625
24127,0,0.0,3,2,0.17040364583333334,0.17040364583333334
24127,1,0.5,0,1,0.2515234375,0.2515234375
24127,1,0.5,0,2,0.2442578125,0.2442578125
24127,1,0.5,0,3,0.25907552083333335,0.25907552083333335
24127,1,0.5,1,0,0.34359375,0.34359375
24127,1,0.5,1,2,0.231328125,0.231328125
24127,1,0.5,1,3,0.25990885416666665,0.25990885416666665
24127,1,0.5,2,0,0.2654166666666667,0.2654166666666667
24127,1,0.5,2,1,0.2319921875,0.2319921875
24127,1,0.5,2,3,0.43774739583333333,0.43774739583333333
24127,1,0.5,3,0,0.3606770833333333,0.3606770833333333
24127,1,0.5,3,1,0.29348958333333336,0.29348958333333336
24127,1,0.5,3,2,0.152421875,0.152421875
24127,2,1.0,0,1,0.22923177083333332,0.22923177083333332
24127,2,1.0,0,2,0.2387890625,0.2387890625
24127,2,1.0,0,3,0.22401041666666666,0.22401041666666666
24127,2,1.0,1,0,0.35203125,0.35203125
24127,2,1.0,1,2,0.17287760416666667,0.17287760416666667
24127,2,1.0,1,3,0.2545703125,0.2545703125
24127,2,1.0,2,0,0.234765625,0.234765625
24127,2,1.0,2,1,0.22703125,0.22703125
24127,2,1.0,2,3,0.41108072916666666,0.41108072916666666
24127,2,1.0,3,0,0.33453125,0.33453125
24127,2,1.0,3,1,0.282421875,0.282421875
24127,2,1.0,3,2,0.13235677083333333,0.13235677083333333
