seed,step,time,reference_min_overlap,reference_mean_overlap,all_pairs_min_overlap,all_pairs_mean_overlap,reference_pairs_below_requested,connected_at_10_percent,connected_at_35_percent
24000,0,0.0,0.36442708333333335,0.4455859375,0.36442708333333335,0.5009092881944445,0,True,True
24000,1,0.5,0.39360677083333334,0.48322916666666665,0.39360677083333334,0.5129361979166667,0,True,True
24000,2,1.0,0.4169010416666667,0.5069835069444445,0.4169010416666667,0.51423828125,0,True,True
24001,0,0.0,0.4023307291666667,0.4528862847222222,0.4023307291666667,0.45034288194444444,0,True,True
24001,1,0.5,0.3803125,0.4537543402777778,0.2978645833333333,0.44435763888888885,0,True,True
24001,2,1.0,0.3415234375,0.3924696180555556,0.190078125,0.3722005208333334,1,True,True
24002,0,0.0,0.5306640625,0.6432725694444444,0.4245963541666667,0.5787565104166666,0,True,True
24002,1,0.5,0.4998697916666667,0.6218489583333334,0.4556640625,0.5767209201388889,0,True,True
24002,2,1.0,0.4665755208333333,0.5768663194444444,0.4665755208333333,0.564921875,0,True,True
24003,0,0.0,0.31256510416666666,0.46010850694444444,0.210234375,0.39595703125000004,1,True,True
24003,1,0.5,0.3587890625,0.49031684027777783,0.23901041666666667,0.4318164062500001,0,True,True
24003,2,1.0,0.42546875,0.5269835069444445,0.2876692708333333,0.47804904513888896,0,True,True
24004,0,0.0,0.3931640625,0.47318576388888883,0.2974609375,0.4418815104166666,0,True,True
24004,1,0.5,0.42759114583333335,0.4500954861111111,0.264296875,0.4377105034722222,0,True,True
24004,2,1.0,0.4926953125,0.5112239583333333,0.3473046875,0.4776171875,0,True,True
24005,0,0.0,0.3267057291666667,0.40394097222222225,0.20958333333333334,0.39919053819444444,1,True,True
24005,1,0.5,0.4250130208333333,0.46248697916666665,0.2562760416666667,0.4444509548611111,0,True,True
24005,2,1.0,0.3963802083333333,0.5731467013888889,0.32852864583333335,0.523728298611111,0,True,True
24006,0,0.0,0.412265625,0.5663975694444444,0.2992447916666667,0.47800564236111115,0,True,True
24006,1,0.5,0.4082421875,0.5271614583333334,0.2892838541666667,0.49655815972222217,0,True,True
24006,2,1.0,0.4789453125,0.5405859375,0.3788151041666667,0.5075889756944444,0,True,True
24007,0,0.0,0.3376822916666667,0.45933593749999996,0.3376822916666667,0.45030164930555555,1,True,True
24007,1,0.5,0.3438671875,0.5190017361111111,0.3438671875,0.5087131076388889,1,True,True
24007,2,1.0,0.3400651041666667,0.5455381944444445,0.33360677083333334,0.4944444444444444,1,True,True
24008,0,0.0,0.2918880208333333,0.3617838541666667,0.23311197916666668,0.3515190972222222,2,True,False
24008,1,0.5,0.30092447916666665,0.3543923611111111,0.21821614583333335,0.3398871527777778,2,True,False
24008,2,1.0,0.31546875,0.3538628472222222,0.2080859375,0.3344227430555555,2,True,False
24009,0,0.0,0.6101692708333334,0.6297612847222221,0.6101692708333334,0.7305143229166666,0,True,True
24009,1,0.5,0.6327604166666667,0.7490972222222222,0.6327604166666667,0.7399782986111111,0,True,True
24009,2,1.0,0.6300390625,0.7120182291666666,0.4787890625,0.6468793402777778,0,True,True
24010,0,0.0,0.4463020833333333,0.47640625,0.4024479166666667,0.48321397569444446,0,True,True
24010,1,0.5,0.4561848958333333,0.48165798611111105,0.40421875,0.48890842013888886,0,True,True
24010,2,1.0,0.4662109375,0.4840928819444444,0.40459635416666667,0.4922916666666666,0,True,True
24011,0,0.0,0.4458463541666667,0.4741493055555555,0.4458463541666667,0.5336979166666667,0,True,True
24011,1,0.5,0.442265625,0.4724045138888889,0.442265625,0.5337586805555555,0,True,True
24011,2,1.0,0.4497526041666667,0.47528645833333333,0.4497526041666667,0.5342513020833334,0,True,True
24012,0,0.0,0.4230859375,0.5375607638888888,0.4230859375,0.5446549479166666,0,True,True
24012,1,0.5,0.5241796875,0.5718359375000001,0.4028776041666667,0.5373285590277778,0,True,True
24012,2,1.0,0.38515625,0.5310243055555556,0.3648046875,0.4892621527777778,0,True,True
24013,0,0.0,0.4834375,0.6274348958333333,0.35325520833333335,0.5498936631944445,0,True,True
24013,1,0.5,0.39372395833333335,0.6373784722222222,0.35020833333333334,0.55525390625,0,True,True
24013,2,1.0,0.3208463541666667,0.5678559027777778,0.2962109375,0.49049696180555563,1,True,False
24014,0,0.0,0.5450260416666667,0.6051171875,0.48234375,0.5905598958333333,0,True,True
24014,1,0.5,0.5538411458333333,0.6126996527777777,0.5020052083333333,0.6023394097222221,0,True,True
24014,2,1.0,0.5513411458333334,0.6008680555555556,0.5119921875,0.6014691840277778,0,True,True
24015,0,0.0,0.5897916666666667,0.6841232638888889,0.5871875,0.6458767361111111,0,True,True
24015,1,0.5,0.5677994791666666,0.6747612847222223,0.5677994791666666,0.6308572048611111,0,True,True
24015,2,1.0,0.5111458333333333,0.6451519097222222,0.5111458333333333,0.6066015625,0,True,True
24016,0,0.0,0.43020833333333336,0.5476345486111112,0.28154947916666667,0.4850911458333333,0,True,True
24016,1,0.5,0.5053255208333334,0.5959982638888889,0.3225,0.5249045138888889,0,True,True
24016,2,1.0,0.58265625,0.6323350694444444,0.5009114583333333,0.6121050347222222,0,True,True
24017,0,0.0,0.5252473958333334,0.6053862847222222,0.5252473958333334,0.6236740451388888,0,True,True
24017,1,0.5,0.48184895833333335,0.5673828125,0.478828125,0.5534657118055556,0,True,True
24017,2,1.0,0.47604166666666664,0.5609288194444444,0.45240885416666665,0.5344704861111111,0,True,True
24018,0,0.0,0.3609375,0.4277821180555555,0.3609375,0.4328537326388889,0,True,True
24018,1,0.5,0.3630598958333333,0.41985243055555554,0.3630598958333333,0.4443012152777777,0,True,True
24018,2,1.0,0.33373697916666667,0.39861979166666667,0.33373697916666667,0.4220833333333333,2,True,True
24019,0,0.0,0.458515625,0.5459461805555555,0.3872526041666667,0.5221397569444445,0,True,True
24019,1,0.5,0.42923177083333336,0.5308029513888889,0.38579427083333334,0.5133962673611111,0,True,True
24019,2,1.0,0.394140625,0.5168272569444444,0.37778645833333335,0.5032421875,0,True,True
24020,0,0.0,0.6019661458333333,0.6523784722222222,0.6019661458333333,0.7034136284722222,0,True,True
24020,1,0.5,0.4224609375,0.5911892361111111,0.4224609375,0.6057378472222222,0,True,True
24020,2,1.0,0.36380208333333336,0.5460286458333333,0.36380208333333336,0.5279253472222223,0,True,True
24021,0,0.0,0.4688802083333333,0.5001302083333333,0.4688802083333333,0.5922721354166667,0,True,True
24021,1,0.5,0.4296484375,0.4742013888888889,0.4296484375,0.5751844618055555,0,True,True
24021,2,1.0,0.39600260416666666,0.45178819444444446,0.39600260416666666,0.5552560763888889,0,True,True
24022,0,0.0,0.4148828125,0.5460807291666666,0.29390625,0.48668836805555554,0,True,True
24022,1,0.5,0.4254427083333333,0.5067751736111111,0.3317578125,0.47141710069444437,0,True,True
24022,2,1.0,0.3953125,0.4625998263888889,0.30330729166666665,0.43917751736111116,0,True,True
24023,0,0.0,0.3807552083333333,0.5266796875,0.3405859375,0.4646462673611111,0,True,True
24023,1,0.5,0.4567057291666667,0.5512934027777777,0.33859375,0.49330078125000004,0,True,True
24023,2,1.0,0.42234375,0.5601822916666667,0.32640625,0.4935308159722222,0,True,True
24024,0,0.0,0.57296875,0.6068315972222222,0.57296875,0.6522330729166667,0,True,True
24024,1,0.5,0.596171875,0.6892013888888888,0.596171875,0.6889930555555556,0,True,True
24024,2,1.0,0.5965364583333334,0.7184244791666666,0.5724739583333334,0.6725455729166666,0,True,True
24025,0,0.0,0.45481770833333335,0.5260373263888889,0.38393229166666665,0.5097113715277778,0,True,True
24025,1,0.5,0.48485677083333334,0.5285850694444444,0.3773828125,0.5101540798611112,0,True,True
24025,2,1.0,0.466640625,0.5070963541666667,0.34203125,0.4904448784722222,0,True,True
24026,0,0.0,0.36118489583333335,0.4565928819444445,0.22513020833333333,0.40919921875000004,0,True,True
24026,1,0.5,0.45076822916666665,0.5425911458333333,0.36549479166666665,0.5069227430555555,0,True,True
24026,2,1.0,0.34986979166666665,0.42519097222222224,0.34986979166666665,0.5044075520833333,1,True,True
24027,0,0.0,0.37885416666666666,0.5142881944444445,0.23904947916666666,0.4534375,0,True,True
24027,1,0.5,0.3530729166666667,0.44948350694444444,0.3530729166666667,0.4669053819444445,0,True,True
24027,2,1.0,0.3645703125,0.40808593749999994,0.18203125,0.37203125,0,True,True
24028,0,0.0,0.551640625,0.6183029513888889,0.4871484375,0.5817990451388889,0,True,True
24028,1,0.5,0.49109375,0.5579991319444444,0.49109375,0.5586284722222221,0,True,True
24028,2,1.0,0.4178515625,0.5397439236111111,0.4129296875,0.48871744791666666,0,True,True
24029,0,0.0,0.344296875,0.48746527777777776,0.285078125,0.45526692708333333,1,True,True
24029,1,0.5,0.335625,0.4558376736111111,0.3046744791666667,0.45161675347222224,1,True,True
24029,2,1.0,0.36325520833333336,0.4490321180555556,0.3558984375,0.46188802083333336,0,True,True
24030,0,0.0,0.5235026041666667,0.5780946180555556,0.5235026041666667,0.6011870659722223,0,True,True
24030,1,0.5,0.5086458333333334,0.5976171874999999,0.5086458333333334,0.6112131076388888,0,True,True
24030,2,1.0,0.5126953125,0.6154253472222223,0.5126953125,0.6290082465277779,0,True,True
24031,0,0.0,0.5993489583333333,0.7196961805555556,0.5387630208333334,0.6731184895833334,0,True,True
24031,1,0.5,0.4206640625,0.5357725694444445,0.3201822916666667,0.4872157118055556,0,True,True
24031,2,1.0,0.33727864583333333,0.3918272569444445,0.18984375,0.34771484375,1,True,False
24032,0,0.0,0.4036328125,0.5511067708333334,0.27578125,0.4659288194444444,0,True,True
24032,1,0.5,0.4109114583333333,0.45924479166666665,0.24841145833333333,0.4151019965277778,0,True,True
24032,2,1.0,0.35009114583333334,0.3881032986111111,0.2062890625,0.3714822048611111,0,True,True
24033,0,0.0,0.4043098958333333,0.5351953125,0.4043098958333333,0.5136089409722222,0,True,True
24033,1,0.5,0.38415364583333333,0.4922048611111111,0.38415364583333333,0.49310980902777773,0,True,True
24033,2,1.0,0.42104166666666665,0.48530815972222224,0.42104166666666665,0.5152734375,0,True,True
24034,0,0.0,0.460078125,0.6291796875000001,0.29354166666666665,0.5362999131944445,0,True,True
24034,1,0.5,0.44438802083333334,0.6309678819444444,0.28470052083333336,0.5324761284722223,0,True,True
24034,2,1.0,0.45825520833333333,0.634375,0.29977864583333336,0.5390972222222222,0,True,True
24035,0,0.0,0.5925651041666666,0.6435980902777778,0.5444010416666667,0.6087717013888889,0,True,True
24035,1,0.5,0.6161848958333334,0.6366666666666667,0.5204557291666667,0.59708984375,0,True,True
24035,2,1.0,0.6182161458333333,0.6473307291666667,0.496640625,0.6071202256944445,0,True,True
24036,0,0.0,0.4860546875,0.5761979166666666,0.32122395833333334,0.51208984375,0,True,True
24036,1,0.5,0.4437109375,0.5813585069444445,0.3231510416666667,0.5154991319444444,0,True,True
24036,2,1.0,0.3555859375,0.576623263888889,0.283515625,0.49945312500000005,0,True,True
24037,0,0.0,0.31979166666666664,0.4532161458333333,0.2830729166666667,0.4424327256944444,1,True,True
24037,1,0.5,0.3227083333333333,0.46154513888888893,0.29899739583333335,0.45770833333333333,1,True,True
24037,2,1.0,0.3437369791666667,0.46048611111111115,0.3076171875,0.4596115451388889,1,True,True
24038,0,0.0,0.3759375,0.4691623263888889,0.3759375,0.5016905381944444,0,True,True
24038,1,0.5,0.3886328125,0.46303819444444444,0.3886328125,0.4970659722222222,0,True,True
24038,2,1.0,0.4148828125,0.48779947916666666,0.4148828125,0.5117838541666666,0,True,True
24039,0,0.0,0.5738671875,0.7154861111111112,0.5156380208333333,0.6727907986111111,0,True,True
24039,1,0.5,0.5265234375,0.7070225694444444,0.5060286458333333,0.6708528645833333,0,True,True
24039,2,1.0,0.403828125,0.6195572916666666,0.403828125,0.6103515624999999,0,True,True
24040,0,0.0,0.3461458333333333,0.4890538194444445,0.20703125,0.39905381944444446,1,True,False
24040,1,0.5,0.33591145833333336,0.4665668402777778,0.18708333333333332,0.3752039930555555,1,True,False
24040,2,1.0,0.3499348958333333,0.44775607638888887,0.1737109375,0.36002387152777776,1,True,False
24041,0,0.0,0.5383463541666667,0.63265625,0.5374869791666667,0.6021918402777778,0,True,True
24041,1,0.5,0.521640625,0.6111935763888888,0.5166666666666667,0.58287109375,0,True,True
24041,2,1.0,0.5118359375,0.5957855902777778,0.5118359375,0.5714995659722222,0,True,True
24042,0,0.0,0.45733072916666667,0.5434722222222222,0.45733072916666667,0.5732877604166666,0,True,True
24042,1,0.5,0.5371484375,0.5645225694444443,0.442265625,0.5610394965277777,0,True,True
24042,2,1.0,0.40734375,0.5425347222222222,0.3233984375,0.4945030381944444,0,True,True
24043,0,0.0,0.3868229166666667,0.4447916666666667,0.20638020833333334,0.42467447916666673,0,True,True
24043,1,0.5,0.3895182291666667,0.45233072916666667,0.20908854166666666,0.42860894097222224,0,True,True
24043,2,1.0,0.3844921875,0.4486545138888889,0.20434895833333333,0.4227907986111111,0,True,True
24044,0,0.0,0.45752604166666666,0.5738498263888888,0.44178385416666666,0.5677886284722222,0,True,True
24044,1,0.5,0.4554947916666667,0.5886111111111111,0.4546614583333333,0.5728255208333334,0,True,True
24044,2,1.0,0.42822916666666666,0.6120529513888889,0.4066796875,0.5772048611111111,0,True,True
24045,0,0.0,0.4279296875,0.5749348958333333,0.342578125,0.5058767361111111,0,True,True
24045,1,0.5,0.4225,0.5282118055555555,0.30940104166666665,0.4701649305555555,0,True,True
24045,2,1.0,0.42462239583333333,0.47798611111111106,0.2929296875,0.44104600694444446,0,True,True
24046,0,0.0,0.6164322916666667,0.6929557291666666,0.5769140625,0.6662109374999999,0,True,True
24046,1,0.5,0.6142578125,0.6796137152777777,0.6038411458333334,0.6600824652777778,0,True,True
24046,2,1.0,0.49701822916666666,0.6618012152777778,0.49701822916666666,0.64341796875,0,True,True
24047,0,0.0,0.5253125,0.5585590277777778,0.44677083333333334,0.5328515625,0,True,True
24047,1,0.5,0.5479817708333333,0.6029817708333334,0.4962239583333333,0.5837152777777778,0,True,True
24047,2,1.0,0.45848958333333334,0.5740364583333334,0.34216145833333333,0.49569444444444444,0,True,True
24048,0,0.0,0.48040364583333334,0.5910243055555556,0.301875,0.5070421006944444,0,True,True
24048,1,0.5,0.47380208333333335,0.5881336805555556,0.30572916666666666,0.5043359375,0,True,True
24048,2,1.0,0.49286458333333333,0.5920486111111111,0.31080729166666665,0.5077083333333333,0,True,True
24049,0,0.0,0.3542578125,0.5519010416666666,0.30614583333333334,0.4925759548611111,0,True,True
24049,1,0.5,0.4618229166666667,0.5275998263888889,0.30454427083333335,0.4825477430555556,0,True,True
24049,2,1.0,0.3551171875,0.4212239583333333,0.1762890625,0.3954448784722222,0,True,True
24050,0,0.0,0.37432291666666667,0.42420138888888886,0.37432291666666667,0.4825455729166666,0,True,True
24050,1,0.5,0.4122005208333333,0.4267534722222222,0.4122005208333333,0.4874674479166667,0,True,True
24050,2,1.0,0.316015625,0.38986111111111105,0.316015625,0.48960937499999996,1,True,True
24051,0,0.0,0.5731380208333333,0.6838107638888888,0.4796223958333333,0.6206575520833333,0,True,True
24051,1,0.5,0.52640625,0.5538454861111111,0.350546875,0.5027061631944444,0,True,True
24051,2,1.0,0.3769921875,0.48780381944444445,0.26125,0.43123046875,0,True,True
24052,0,0.0,0.47528645833333333,0.5344704861111111,0.30798177083333333,0.4713693576388889,0,True,True
24052,1,0.5,0.4103776041666667,0.5894270833333333,0.35204427083333334,0.5337434895833333,0,True,True
24052,2,1.0,0.349765625,0.52703125,0.33165364583333334,0.49557074652777783,1,True,True
24053,0,0.0,0.45630208333333333,0.5308897569444445,0.26688802083333335,0.4813324652777778,0,True,True
24053,1,0.5,0.4513671875,0.5261805555555555,0.256875,0.47274305555555557,0,True,True
24053,2,1.0,0.44157552083333335,0.5202994791666666,0.2631380208333333,0.4694292534722222,0,True,True
24054,0,0.0,0.6823307291666667,0.6907248263888889,0.5961067708333333,0.67935546875,0,True,True
24054,1,0.5,0.5604296875,0.6853819444444444,0.5604296875,0.6404752604166667,0,True,True
24054,2,1.0,0.6216796875,0.6765842013888889,0.5555078125,0.6416276041666668,0,True,True
24055,0,0.0,0.4635286458333333,0.5621744791666666,0.3539453125,0.5109852430555556,0,True,True
24055,1,0.5,0.5592708333333334,0.609275173611111,0.3426953125,0.5494270833333333,0,True,True
24055,2,1.0,0.4800390625,0.5511024305555555,0.2692057291666667,0.4657400173611111,0,True,True
24056,0,0.0,0.40598958333333335,0.5116840277777778,0.3327864583333333,0.48851996527777786,0,True,True
24056,1,0.5,0.65765625,0.6756336805555555,0.6008463541666667,0.6631510416666667,0,True,True
24056,2,1.0,0.4793359375,0.5037586805555555,0.4793359375,0.6140950520833334,0,True,True
24057,0,0.0,0.5618098958333333,0.6082465277777778,0.383359375,0.5524500868055555,0,True,True
24057,1,0.5,0.5538411458333333,0.6782769097222222,0.5538411458333333,0.6669943576388889,0,True,True
24057,2,1.0,0.48901041666666667,0.5061892361111111,0.38569010416666666,0.5070941840277777,0,True,True
24058,0,0.0,0.3384765625,0.5119921875000001,0.16106770833333334,0.4300737847222223,1,True,True
24058,1,0.5,0.3350520833333333,0.507756076388889,0.15953125,0.42712456597222226,1,True,True
24058,2,1.0,0.3394010416666667,0.5027126736111112,0.164296875,0.42509982638888894,1,True,True
24059,0,0.0,0.37549479166666666,0.4949305555555556,0.30813802083333336,0.46860026041666664,0,True,True
24059,1,0.5,0.38028645833333335,0.5033550347222223,0.3221354166666667,0.4766883680555556,0,True,True
24059,2,1.0,0.3891015625,0.5356597222222222,0.29779947916666666,0.4911176215277777,0,True,True
24060,0,0.0,0.5148828125,0.5649652777777777,0.32403645833333333,0.5109071180555557,0,True,True
24060,1,0.5,0.5030859375,0.5656684027777777,0.329765625,0.5110394965277777,0,True,True
24060,2,1.0,0.4953125,0.5615190972222223,0.33484375,0.5123328993055557,0,True,True
24061,0,0.0,0.5353515625,0.5625434027777779,0.5353515625,0.6007573784722223,0,True,True
24061,1,0.5,0.4551171875,0.5103689236111112,0.4551171875,0.5524913194444445,0,True,True
24061,2,1.0,0.388359375,0.46766059027777773,0.388359375,0.4829709201388888,0,True,True
24062,0,0.0,0.44665364583333333,0.5865494791666667,0.3681510416666667,0.5220551215277779,0,True,True
24062,1,0.5,0.4660416666666667,0.5954730902777778,0.3898828125,0.5360416666666667,0,True,True
24062,2,1.0,0.47973958333333333,0.5961762152777778,0.3997265625,0.5443793402777778,0,True,True
24063,0,0.0,0.4606640625,0.5722786458333333,0.4606640625,0.5771831597222222,0,True,True
24063,1,0.5,0.42734375,0.5447916666666667,0.42734375,0.5567578124999999,0,True,True
24063,2,1.0,0.38993489583333335,0.5076432291666666,0.38993489583333335,0.5293684895833333,0,True,True
24064,0,0.0,0.6553385416666667,0.7058246527777778,0.6553385416666667,0.7231684027777777,0,True,True
24064,1,0.5,0.6512760416666666,0.7029557291666667,0.6512760416666666,0.7205186631944445,0,True,True
24064,2,1.0,0.6486328125,0.7015017361111111,0.6486328125,0.7235416666666667,0,True,True
24065,0,0.0,0.407421875,0.5567795138888889,0.2805989583333333,0.49361111111111117,0,True,True
24065,1,0.5,0.40791666666666665,0.5412717013888889,0.25701822916666667,0.47261501736111117,0,True,True
24065,2,1.0,0.4259765625,0.5323046875,0.24830729166666668,0.46178385416666673,0,True,True
24066,0,0.0,0.4828515625,0.5048697916666667,0.3495182291666667,0.445,0,True,True
24066,1,0.5,0.4983723958333333,0.5104861111111111,0.34265625,0.4487413194444445,0,True,True
24066,2,1.0,0.5076171875,0.5254296875000001,0.3576171875,0.46234809027777785,0,True,True
24067,0,0.0,0.4164583333333333,0.521171875,0.24447916666666666,0.4484787326388889,0,True,True
24067,1,0.5,0.399921875,0.5274826388888889,0.2468359375,0.45488932291666667,0,True,True
24067,2,1.0,0.3128515625,0.42723524305555555,0.22950520833333332,0.3922243923611111,1,True,True
24068,0,0.0,0.4505859375,0.5242144097222222,0.4505859375,0.5564171006944444,0,True,True
24068,1,0.5,0.4421744791666667,0.5230815972222222,0.4421744791666667,0.54779296875,0,True,True
24068,2,1.0,0.43221354166666665,0.5228515625,0.43221354166666665,0.5389474826388888,0,True,True
24069,0,0.0,0.36108072916666667,0.38526475694444445,0.36108072916666667,0.4942664930555556,0,True,True
24069,1,0.5,0.354375,0.3775824652777778,0.354375,0.4857595486111112,0,True,True
24069,2,1.0,0.34466145833333334,0.36963975694444445,0.34466145833333334,0.47389539930555563,1,True,True
24070,0,0.0,0.3865885416666667,0.4745269097222222,0.22125,0.4057183159722222,0,True,True
24070,1,0.5,0.4109375,0.4702473958333333,0.2305859375,0.40216796875,0,True,True
24070,2,1.0,0.38643229166666665,0.4868793402777778,0.25037760416666666,0.40847873263888895,0,True,True
24071,0,0.0,0.4676953125,0.6473480902777777,0.4461328125,0.58302734375,0,True,True
24071,1,0.5,0.6243880208333333,0.6624262152777778,0.5094010416666667,0.6221571180555555,0,True,True
24071,2,1.0,0.5932942708333333,0.6362022569444444,0.5176041666666666,0.6166710069444444,0,True,True
24072,0,0.0,0.4723828125,0.5765755208333334,0.4543098958333333,0.5536393229166666,0,True,True
24072,1,0.5,0.5054817708333333,0.5541579861111111,0.38188802083333334,0.5202756076388889,0,True,True
24072,2,1.0,0.47033854166666667,0.5151822916666666,0.3450520833333333,0.4913194444444444,0,True,True
24073,0,0.0,0.34098958333333335,0.5084592013888889,0.30080729166666664,0.4669965277777777,1,True,True
24073,1,0.5,0.37244791666666666,0.5200911458333333,0.31470052083333333,0.47809027777777774,0,True,True
24073,2,1.0,0.4035286458333333,0.5109201388888889,0.3071875,0.48754774305555554,0,True,True
24074,0,0.0,0.5316927083333334,0.6153515625,0.5316927083333334,0.6052430555555556,0,True,True
24074,1,0.5,0.4794791666666667,0.5791796875,0.4794791666666667,0.5762304687500001,0,True,True
24074,2,1.0,0.44731770833333334,0.5251562500000001,0.44731770833333334,0.5348003472222222,0,True,True
24075,0,0.0,0.44078125,0.4718098958333334,0.3743359375,0.45536892361111114,0,True,True
24075,1,0.5,0.3433333333333333,0.4574913194444445,0.31506510416666667,0.42016493055555554,1,True,False
24075,2,1.0,0.40665364583333335,0.4443532986111111,0.28649739583333333,0.4009288194444444,0,True,True
24076,0,0.0,0.5808723958333334,0.6076996527777778,0.46319010416666667,0.6004535590277779,0,True,True
24076,1,0.5,0.5858203125,0.6181336805555556,0.3957161458333333,0.5770421006944445,0,True,True
24076,2,1.0,0.424375,0.6120920138888889,0.3401171875,0.5560134548611111,0,True,True
24077,0,0.0,0.31669270833333335,0.49390625,0.30733072916666665,0.43659505208333327,1,True,False
24077,1,0.5,0.33141927083333333,0.4862760416666667,0.33141927083333333,0.4444574652777778,1,True,True
24077,2,1.0,0.3486197916666667,0.4829600694444445,0.3486197916666667,0.45144748263888884,1,True,True
24078,0,0.0,0.33915364583333335,0.519240451388889,0.33915364583333335,0.48531684027777783,1,True,True
24078,1,0.5,0.3211588541666667,0.5058246527777778,0.3211588541666667,0.47283854166666667,1,True,True
24078,2,1.0,0.30248697916666667,0.4905989583333334,0.30248697916666667,0.45650824652777783,1,True,True
24079,0,0.0,0.36138020833333334,0.6152387152777777,0.3207552083333333,0.5293207465277777,0,True,True
24079,1,0.5,0.40264322916666667,0.5589192708333333,0.379453125,0.5170703124999999,0,True,True
24079,2,1.0,0.4566145833333333,0.5289496527777777,0.39993489583333336,0.5031770833333333,0,True,True
24080,0,0.0,0.5380078125,0.5795920138888889,0.5380078125,0.5929557291666666,0,True,True
24080,1,0.5,0.5440364583333334,0.5815364583333333,0.5440364583333334,0.6016102430555555,0,True,True
24080,2,1.0,0.5158072916666666,0.5483940972222222,0.3626953125,0.5038953993055556,0,True,True
24081,0,0.0,0.56453125,0.7071440972222223,0.5411067708333334,0.6744444444444445,0,True,True
24081,1,0.5,0.4323046875,0.4849435763888889,0.4323046875,0.5848546006944444,0,True,True
24081,2,1.0,0.33015625,0.36953993055555556,0.33015625,0.5264930555555555,1,True,True
24082,0,0.0,0.552890625,0.6218750000000001,0.3915234375,0.5837803819444445,0,True,True
24082,1,0.5,0.535234375,0.6098220486111111,0.39303385416666664,0.5786523437500001,0,True,True
24082,2,1.0,0.5304427083333333,0.58828125,0.43779947916666667,0.5807335069444445,0,True,True
24083,0,0.0,0.4869140625,0.5494140625,0.42138020833333334,0.5168684895833334,0,True,True
24083,1,0.5,0.5227213541666667,0.5677039930555555,0.5104947916666667,0.5579036458333334,0,True,True
24083,2,1.0,0.5123177083333333,0.5505251736111111,0.4562109375,0.5288259548611111,0,True,True
24084,0,0.0,0.3954166666666667,0.46723090277777773,0.1760546875,0.4046636284722222,0,True,True
24084,1,0.5,0.3645703125,0.45935329861111107,0.17309895833333333,0.4034613715277777,0,True,True
24084,2,1.0,0.35348958333333336,0.4462890625,0.17811197916666666,0.39745225694444447,0,True,True
24085,0,0.0,0.35649739583333334,0.5089843749999999,0.16776041666666666,0.4044509548611111,0,True,True
24085,1,0.5,0.3578125,0.5094053819444445,0.16846354166666666,0.4068467881944445,0,True,True
24085,2,1.0,0.36046875,0.5055034722222222,0.1694921875,0.4056184895833334,0,True,True
24086,0,0.0,0.33872395833333335,0.5461935763888889,0.2257421875,0.4604644097222223,1,True,False
24086,1,0.5,0.3329166666666667,0.5448307291666667,0.21803385416666668,0.45812065972222227,1,True,False
24086,2,1.0,0.32700520833333335,0.5455989583333333,0.21436197916666666,0.45795138888888887,1,True,False
24087,0,0.0,0.4679296875,0.5645876736111112,0.4041015625,0.5300824652777778,0,True,True
24087,1,0.5,0.5131510416666667,0.5905425347222222,0.5131510416666667,0.6118359375,0,True,True
24087,2,1.0,0.394765625,0.5137109375000001,0.394765625,0.51724609375,0,True,True
24088,0,0.0,0.3467708333333333,0.5706467013888888,0.2731640625,0.49455078125,1,True,True
24088,1,0.5,0.3283463541666667,0.5665060763888888,0.27057291666666666,0.49169921875,1,True,True
24088,2,1.0,0.3351822916666667,0.5741406250000001,0.272265625,0.49760633680555566,1,True,True
24089,0,0.0,0.530390625,0.5682378472222221,0.530390625,0.6456553819444444,0,True,True
24089,1,0.5,0.5359244791666666,0.5743532986111111,0.5359244791666666,0.64373046875,0,True,True
24089,2,1.0,0.5398828125,0.5794921875000001,0.5398828125,0.6406119791666667,0,True,True
24090,0,0.0,0.42671875,0.5665234375,0.42671875,0.548376736111111,0,True,True
24090,1,0.5,0.361953125,0.6154644097222223,0.3177994791666667,0.54060546875,0,True,True
24090,2,1.0,0.33248697916666664,0.5277083333333333,0.23514322916666666,0.4681032986111111,1,True,False
24091,0,0.0,0.5049869791666667,0.5616449652777779,0.44438802083333334,0.5478841145833333,0,True,True
24091,1,0.5,0.5020963541666666,0.5559592013888889,0.44462239583333335,0.5449587673611113,0,True,True
24091,2,1.0,0.5129296875,0.5693315972222223,0.45815104166666665,0.5579123263888889,0,True,True
24092,0,0.0,0.3743489583333333,0.5237196180555556,0.26145833333333335,0.4664800347222222,0,True,True
24092,1,0.5,0.5615755208333333,0.6322048611111111,0.5125520833333334,0.5912174479166666,0,True,True
24092,2,1.0,0.45598958333333334,0.6001345486111112,0.446484375,0.5696289062500001,0,True,True
24093,0,0.0,0.3428125,0.48245225694444444,0.2020703125,0.4130577256944445,1,True,True
24093,1,0.5,0.3428645833333333,0.4897092013888889,0.209921875,0.41919053819444446,1,True,True
24093,2,1.0,0.33856770833333333,0.4868619791666666,0.21798177083333334,0.4211219618055555,1,True,True
24094,0,0.0,0.467578125,0.4919010416666667,0.467578125,0.4958875868055556,0,True,True
24094,1,0.5,0.46536458333333336,0.49295572916666663,0.4625390625,0.49543402777777773,0,True,True
24094,2,1.0,0.4687109375,0.49504340277777775,0.4583984375,0.4972699652777777,0,True,True
24095,0,0.0,0.4111458333333333,0.5449782986111111,0.21826822916666666,0.46029513888888896,0,True,True
24095,1,0.5,0.4191796875,0.5258854166666667,0.20033854166666668,0.4398111979166666,0,True,True
24095,2,1.0,0.39850260416666666,0.5013324652777778,0.17014322916666666,0.4081640625,0,True,True
24096,0,0.0,0.43052083333333335,0.5438802083333334,0.43052083333333335,0.5636002604166667,0,True,True
24096,1,0.5,0.466484375,0.5860807291666666,0.466484375,0.5730772569444444,0,True,True
24096,2,1.0,0.5180338541666667,0.5462022569444445,0.4012109375,0.5128580729166666,0,True,True
24097,0,0.0,0.4417447916666667,0.47789062499999996,0.2191796875,0.4320486111111111,0,True,True
24097,1,0.5,0.420078125,0.4945963541666667,0.269375,0.4554839409722222,0,True,True
24097,2,1.0,0.41239583333333335,0.5286675347222222,0.30109375,0.4837109375,0,True,True
24098,0,0.0,0.370703125,0.4511241319444445,0.30256510416666665,0.4439887152777778,0,True,True
24098,1,0.5,0.367578125,0.45551215277777785,0.2829817708333333,0.43943142361111115,0,True,True
24098,2,1.0,0.3746484375,0.46240885416666666,0.2891666666666667,0.44654296875,0,True,True
24099,0,0.0,0.419453125,0.6526128472222222,0.4030078125,0.59033203125,0,True,True
24099,1,0.5,0.4555078125,0.5880815972222223,0.32352864583333335,0.5117903645833334,0,True,True
24099,2,1.0,0.43364583333333334,0.5442838541666667,0.2608723958333333,0.46833984375,0,True,True
24100,0,0.0,0.35182291666666665,0.4641883680555556,0.2424609375,0.44996744791666665,0,True,True
24100,1,0.5,0.3397135416666667,0.4925737847222222,0.2713802083333333,0.47923611111111114,1,True,True
24100,2,1.0,0.38309895833333335,0.5037630208333334,0.33565104166666665,0.4746571180555555,0,True,True
24101,0,0.0,0.6294921875,0.6592144097222222,0.5060286458333333,0.6257747395833333,0,True,True
24101,1,0.5,0.6177213541666666,0.6618098958333334,0.5107682291666666,0.6324956597222222,0,True,True
24101,2,1.0,0.626484375,0.6537326388888889,0.53046875,0.6226692708333333,0,True,True
24102,0,0.0,0.37725260416666667,0.4223046875,0.37725260416666667,0.5537977430555555,0,True,True
24102,1,0.5,0.4502734375,0.4911197916666666,0.4502734375,0.5900238715277777,0,True,True
24102,2,1.0,0.45079427083333334,0.5047135416666667,0.365859375,0.48458984375,0,True,True
24103,0,0.0,0.30932291666666667,0.5304513888888889,0.20174479166666667,0.4537803819444444,1,True,False
24103,1,0.5,0.2487109375,0.5298697916666667,0.20971354166666667,0.45173177083333343,1,True,False
24103,2,1.0,0.25744791666666667,0.5272612847222221,0.23205729166666667,0.4504665798611111,1,True,False
24104,0,0.0,0.45057291666666666,0.6265277777777778,0.4403125,0.5961935763888889,0,True,True
24104,1,0.5,0.46979166666666666,0.5795659722222223,0.31970052083333333,0.5128624131944445,0,True,True
24104,2,1.0,0.4230859375,0.4432378472222222,0.260078125,0.41245008680555556,0,True,True
24105,0,0.0,0.3914713541666667,0.4700043402777778,0.3914713541666667,0.5256640625000001,0,True,True
24105,1,0.5,0.36852864583333333,0.44625868055555556,0.36852864583333333,0.5101323784722223,0,True,True
24105,2,1.0,0.36834635416666667,0.4375607638888889,0.36834635416666667,0.5017513020833334,0,True,True
24106,0,0.0,0.6494270833333333,0.6655902777777779,0.4959635416666667,0.6218120659722223,0,True,True
24106,1,0.5,0.60421875,0.6816102430555556,0.44178385416666666,0.6044487847222222,0,True,True
24106,2,1.0,0.5250911458333334,0.6163411458333333,0.3699609375,0.5531640625,0,True,True
24107,0,0.0,0.5022135416666667,0.5564973958333334,0.43377604166666667,0.5308463541666666,0,True,True
24107,1,0.5,0.45819010416666667,0.517287326388889,0.38220052083333333,0.48912109375000007,0,True,True
24107,2,1.0,0.40760416666666666,0.5032682291666667,0.3738671875,0.4690516493055556,0,True,True
24108,0,0.0,0.3885416666666667,0.49605468750000004,0.33240885416666666,0.4680707465277778,0,True,True
24108,1,0.5,0.36453125,0.48226128472222224,0.3184765625,0.4565559895833333,0,True,True
24108,2,1.0,0.3707552083333333,0.4716276041666667,0.3194270833333333,0.4477690972222222,0,True,True
24109,0,0.0,0.3768359375,0.4265234375,0.3768359375,0.48861328125,0,True,True
24109,1,0.5,0.34608072916666666,0.3626692708333333,0.34608072916666666,0.4120377604166667,1,True,True
24109,2,1.0,0.4062630208333333,0.5240190972222222,0.3534244791666667,0.46353732638888884,0,True,True
24110,0,0.0,0.4464192708333333,0.54328125,0.23545572916666666,0.47419921875,0,True,True
24110,1,0.5,0.47430989583333333,0.5481163194444444,0.256875,0.48569444444444443,0,True,True
24110,2,1.0,0.48735677083333334,0.5503993055555556,0.2696614583333333,0.4921918402777778,0,True,True
24111,0,0.0,0.3981119791666667,0.6049652777777778,0.3981119791666667,0.5863541666666666,0,True,True
24111,1,0.5,0.6135416666666667,0.6959548611111112,0.5740494791666667,0.6705555555555556,0,True,True
24111,2,1.0,0.4081119791666667,0.6114583333333333,0.4081119791666667,0.5611306423611111,0,True,True
24112,0,0.0,0.3580078125,0.43174479166666674,0.34936197916666667,0.45671875,0,True,True
24112,1,0.5,0.49834635416666667,0.568923611111111,0.37740885416666664,0.5316775173611111,0,True,True
24112,2,1.0,0.5127473958333333,0.5461067708333333,0.43114583333333334,0.49803819444444447,0,True,True
24113,0,0.0,0.6450911458333334,0.6720182291666666,0.6069791666666666,0.6645746527777777,0,True,True
24113,1,0.5,0.6655078125,0.6818532986111111,0.6580729166666667,0.6825651041666667,0,True,True
24113,2,1.0,0.5868489583333333,0.6593402777777778,0.5868489583333333,0.6645659722222222,0,True,True
24114,0,0.0,0.32524739583333334,0.40679687499999995,0.19720052083333334,0.37714192708333333,1,True,True
24114,1,0.5,0.44631510416666664,0.5619270833333333,0.36916666666666664,0.5288302951388889,0,True,True
24114,2,1.0,0.41346354166666666,0.5986631944444444,0.41346354166666666,0.5640625,0,True,True
24115,0,0.0,0.43626302083333335,0.4876736111111111,0.43626302083333335,0.5483246527777778,0,True,True
24115,1,0.5,0.4394921875,0.4891623263888889,0.4394921875,0.5526584201388889,0,True,True
24115,2,1.0,0.4401041666666667,0.48811197916666665,0.4401041666666667,0.5505620659722222,0,True,True
24116,0,0.0,0.5883203125,0.715881076388889,0.5883203125,0.7011805555555556,0,True,True
24116,1,0.5,0.6294401041666666,0.7340190972222222,0.6294401041666666,0.7224587673611111,0,True,True
24116,2,1.0,0.6537239583333333,0.7386588541666667,0.6537239583333333,0.7226410590277778,0,True,True
24117,0,0.0,0.36291666666666667,0.51015625,0.275625,0.4735264756944444,0,True,True
24117,1,0.5,0.46123697916666667,0.5259548611111112,0.30236979166666667,0.48586371527777783,0,True,True
24117,2,1.0,0.5142317708333334,0.560959201388889,0.3351692708333333,0.5050347222222221,0,True,True
24118,0,0.0,0.4313671875,0.4675651041666667,0.3064453125,0.4282096354166667,0,True,True
24118,1,0.5,0.4903515625,0.5095182291666667,0.4317317708333333,0.524197048611111,0,True,True
24118,2,1.0,0.47506510416666664,0.5700477430555555,0.47506510416666664,0.5770724826388889,0,True,True
24119,0,0.0,0.5374348958333334,0.6563758680555556,0.48897135416666665,0.6115017361111111,0,True,True
24119,1,0.5,0.5690885416666667,0.6318359375,0.5175390625,0.5830750868055555,0,True,True
24119,2,1.0,0.623359375,0.6614800347222222,0.5516276041666667,0.6128233506944444,0,True,True
24120,0,0.0,0.3443359375,0.4354253472222222,0.2704947916666667,0.44626736111111104,2,True,False
24120,1,0.5,0.4447786458333333,0.6036458333333333,0.4447786458333333,0.5960199652777778,0,True,True
24120,2,1.0,0.47619791666666667,0.5549305555555555,0.47619791666666667,0.614919704861111,0,True,True
24121,0,0.0,0.40850260416666667,0.5114192708333333,0.26330729166666667,0.4470833333333333,0,True,True
24121,1,0.5,0.424296875,0.49359375000000005,0.2613802083333333,0.4347330729166667,0,True,True
24121,2,1.0,0.394609375,0.4845703125,0.24591145833333333,0.42691840277777776,0,True,True
24122,0,0.0,0.5453125,0.5715494791666667,0.3723046875,0.5386523437499999,0,True,True
24122,1,0.5,0.5974479166666666,0.6111328125000001,0.3976953125,0.5684027777777779,0,True,True
24122,2,1.0,0.4310546875,0.5420616319444443,0.35587239583333335,0.5106662326388888,0,True,True
24123,0,0.0,0.5887369791666667,0.6366666666666666,0.4385546875,0.5904926215277777,0,True,True
24123,1,0.5,0.462265625,0.5908940972222222,0.37243489583333333,0.5508116319444445,0,True,True
24123,2,1.0,0.43041666666666667,0.5833289930555555,0.3662890625,0.5451475694444444,0,True,True
24124,0,0.0,0.35381510416666667,0.4410894097222222,0.35381510416666667,0.5127777777777778,0,True,True
24124,1,0.5,0.3590234375,0.4210069444444445,0.3590234375,0.5167296006944445,0,True,True
24124,2,1.0,0.3509375,0.4076432291666667,0.3509375,0.5145855034722223,0,True,True
24125,0,0.0,0.3601432291666667,0.4455729166666667,0.18454427083333333,0.3800412326388889,0,True,True
24125,1,0.5,0.360859375,0.45448784722222224,0.17420572916666666,0.38434244791666666,0,True,True
24125,2,1.0,0.38061197916666667,0.45698784722222224,0.191953125,0.3898415798611112,0,True,True
24126,0,0.0,0.3391927083333333,0.4098784722222222,0.3391927083333333,0.4262065972222222,1,True,True
24126,1,0.5,0.3868359375,0.4216059027777778,0.3225911458333333,0.43107855902777775,0,True,True
24126,2,1.0,0.4041927083333333,0.43453559027777783,0.33403645833333334,0.4405707465277778,0,True,True
24127,0,0.0,0.393203125,0.45471788194444446,0.303203125,0.42920572916666666,0,True,True
24127,1,0.5,0.48158854166666665,0.5029557291666666,0.34291666666666665,0.45809461805555557,0,True,True
24127,2,1.0,0.46563802083333333,0.528771701388889,0.378203125,0.46491753472222225,0,True,True
24128,0,0.0,0.5109765625,0.6238107638888889,0.5109765625,0.5844552951388889,0,True,True
24128,1,0.5,0.5036328125,0.6236458333333333,0.5036328125,0.5796679687499999,0,True,True
24128,2,1.0,0.49384114583333333,0.6181640625000001,0.49384114583333333,0.572463107638889,0,True,True
24129,0,0.0,0.5803255208333333,0.6016883680555555,0.3987890625,0.5507335069444445,0,True,True
24129,1,0.5,0.4500911458333333,0.5607161458333333,0.44951822916666667,0.5534960937500001,0,True,True
24129,2,1.0,0.3678515625,0.4658159722222222,0.3678515625,0.5246571180555555,0,True,True
24130,0,0.0,0.5616536458333333,0.6805512152777777,0.5616536458333333,0.6800282118055554,0,True,True
24130,1,0.5,0.5448567708333333,0.6759635416666666,0.5448567708333333,0.6636480034722222,0,True,True
24130,2,1.0,0.5191015625,0.6690364583333333,0.5191015625,0.6464995659722222,0,True,True
24131,0,0.0,0.3734375,0.574296875,0.2465625,0.4955447048611112,0,True,True
24131,1,0.5,0.38286458333333334,0.5780338541666667,0.26825520833333333,0.5012131076388889,0,True,True
24131,2,1.0,0.3660807291666667,0.5664322916666666,0.25502604166666665,0.4882530381944444,0,True,True
24132,0,0.0,0.4554296875,0.582951388888889,0.32967447916666665,0.5160828993055556,0,True,True
24132,1,0.5,0.480703125,0.5199435763888889,0.314296875,0.47671006944444444,0,True,True
24132,2,1.0,0.4915234375,0.5193836805555555,0.3176171875,0.4676953125,0,True,True
24133,0,0.0,0.5512630208333333,0.593967013888889,0.41794270833333336,0.5395073784722223,0,True,True
24133,1,0.5,0.47920572916666665,0.5844184027777778,0.3985677083333333,0.5252191840277777,0,True,True
24133,2,1.0,0.46055989583333334,0.5393880208333334,0.36140625,0.48798611111111106,0,True,True
24134,0,0.0,0.4363932291666667,0.48325086805555556,0.33416666666666667,0.46600911458333333,0,True,True
24134,1,0.5,0.4548046875,0.4943706597222222,0.33856770833333333,0.4742534722222222,0,True,True
24134,2,1.0,0.47680989583333333,0.5024131944444444,0.34084635416666664,0.4800846354166666,0,True,True
24135,0,0.0,0.40415364583333335,0.5223524305555556,0.40415364583333335,0.5024587673611111,0,True,True
24135,1,0.5,0.4256510416666667,0.5277821180555556,0.4256510416666667,0.5077821180555556,0,True,True
24135,2,1.0,0.3601432291666667,0.47657986111111117,0.3601432291666667,0.46313585069444446,0,True,True
24136,0,0.0,0.4195052083333333,0.5402473958333333,0.20260416666666667,0.4484505208333333,0,True,True
24136,1,0.5,0.4821875,0.5437065972222223,0.2711458333333333,0.47493272569444445,0,True,True
24136,2,1.0,0.48977864583333336,0.5139973958333334,0.30951822916666666,0.4579470486111112,0,True,True
24137,0,0.0,0.35787760416666664,0.43928819444444445,0.195703125,0.38953124999999994,0,True,True
24137,1,0.5,0.445,0.5002690972222222,0.25786458333333334,0.45024739583333334,0,True,True
24137,2,1.0,0.5248958333333333,0.6000737847222223,0.3617578125,0.5421310763888889,0,True,True
24138,0,0.0,0.4384375,0.46152777777777776,0.22932291666666665,0.4157335069444445,0,True,True
24138,1,0.5,0.4475390625,0.5071440972222222,0.2610546875,0.46472222222222226,0,True,True
24138,2,1.0,0.42962239583333334,0.5261197916666666,0.2997916666666667,0.47642578124999996,0,True,True
24139,0,0.0,0.4779557291666667,0.5552647569444444,0.39455729166666664,0.5184657118055556,0,True,True
24139,1,0.5,0.4757942708333333,0.5219791666666667,0.4076953125,0.5092013888888889,0,True,True
24139,2,1.0,0.43359375,0.45644097222222224,0.3165364583333333,0.45640407986111114,0,True,True
24140,0,0.0,0.4309895833333333,0.5195789930555555,0.429765625,0.4999435763888889,0,True,True
24140,1,0.5,0.464453125,0.5337586805555555,0.4514973958333333,0.5213628472222223,0,True,True
24140,2,1.0,0.449296875,0.5033680555555556,0.39153645833333334,0.478263888888889,0,True,True
24141,0,0.0,0.37807291666666665,0.5118576388888889,0.18618489583333334,0.4254166666666667,0,True,True
24141,1,0.5,0.39979166666666666,0.5181814236111111,0.20756510416666665,0.4371571180555555,0,True,True
24141,2,1.0,0.4161197916666667,0.524513888888889,0.23822916666666666,0.4477669270833334,0,True,True
24142,0,0.0,0.41251302083333335,0.4900607638888889,0.41251302083333335,0.4798893229166667,0,True,True
24142,1,0.5,0.40100260416666667,0.4930425347222222,0.3739453125,0.4685134548611111,0,True,True
24142,2,1.0,0.4141015625,0.4767404513888889,0.3406901041666667,0.45040364583333337,0,True,True
24143,0,0.0,0.35544270833333336,0.48595486111111114,0.30834635416666667,0.4259982638888889,0,True,True
24143,1,0.5,0.31365885416666667,0.4615060763888888,0.2697526041666667,0.40655815972222215,1,True,False
24143,2,1.0,0.27098958333333334,0.4402517361111111,0.23962239583333333,0.38960937500000004,1,True,False
24144,0,0.0,0.4369401041666667,0.611037326388889,0.29365885416666665,0.5256032986111112,0,True,True
24144,1,0.5,0.4289192708333333,0.5988975694444445,0.2797395833333333,0.5207486979166667,0,True,True
24144,2,1.0,0.43192708333333335,0.5716970486111111,0.2691145833333333,0.5093077256944444,0,True,True
24145,0,0.0,0.5384635416666667,0.5875260416666667,0.35235677083333333,0.5202300347222223,0,True,True
24145,1,0.5,0.40291666666666665,0.5286024305555556,0.26028645833333336,0.4617881944444444,0,True,True
24145,2,1.0,0.30216145833333335,0.44612847222222224,0.23587239583333333,0.40934027777777776,1,True,False
24146,0,0.0,0.5519791666666667,0.5987326388888888,0.4577734375,0.5545551215277779,0,True,True
24146,1,0.5,0.4891666666666667,0.5742664930555555,0.4170703125,0.5410264756944444,0,True,True
24146,2,1.0,0.4405078125,0.5452734375,0.33162760416666665,0.50251953125,0,True,True
24147,0,0.0,0.423359375,0.445234375,0.423359375,0.49154296875,0,True,True
24147,1,0.5,0.5102994791666666,0.5253342013888888,0.4666666666666667,0.5412065972222222,0,True,True
24147,2,1.0,0.4166015625,0.5063194444444444,0.37841145833333334,0.49154730902777777,0,True,True
24148,0,0.0,0.38115885416666667,0.5040798611111111,0.3548307291666667,0.47483723958333335,0,True,True
24148,1,0.5,0.3789453125,0.46234809027777785,0.26947916666666666,0.4263910590277778,0,True,True
24148,2,1.0,0.38733072916666667,0.44045138888888885,0.2475,0.40069661458333333,0,True,True
24149,0,0.0,0.5279817708333333,0.6259201388888888,0.3956380208333333,0.5795138888888888,0,True,True
24149,1,0.5,0.4419661458333333,0.5781987847222222,0.3673958333333333,0.5183506944444444,0,True,True
24149,2,1.0,0.3541666666666667,0.45615451388888895,0.2914453125,0.41430555555555554,0,True,True
24150,0,0.0,0.5043880208333333,0.6006597222222223,0.5043880208333333,0.5596961805555556,0,True,True
24150,1,0.5,0.5035286458333333,0.6047873263888889,0.39993489583333336,0.5279296875,0,True,True
24150,2,1.0,0.4666666666666667,0.5631684027777778,0.327109375,0.48379123263888885,0,True,True
24151,0,0.0,0.46529947916666664,0.5428168402777778,0.46529947916666664,0.5419769965277778,0,True,True
24151,1,0.5,0.34490885416666667,0.4748394097222222,0.32708333333333334,0.45105034722222226,1,True,True
24151,2,1.0,0.3328515625,0.42353732638888886,0.3328515625,0.4222634548611111,1,True,True
24152,0,0.0,0.5969010416666667,0.6126866319444445,0.4923958333333333,0.6033246527777778,0,True,True
24152,1,0.5,0.525625,0.6230989583333334,0.5115494791666667,0.6148372395833334,0,True,True
24152,2,1.0,0.4416276041666667,0.5647395833333333,0.4375911458333333,0.5528059895833334,0,True,True
24153,0,0.0,0.365625,0.4799305555555556,0.212109375,0.43261935763888887,0,True,True
24153,1,0.5,0.4705989583333333,0.5192057291666666,0.23962239583333333,0.4833940972222222,0,True,True
24153,2,1.0,0.5267578125,0.5529817708333334,0.33981770833333336,0.5135785590277778,0,True,True
24154,0,0.0,0.5173177083333333,0.6856336805555555,0.4180598958333333,0.6026193576388889,0,True,True
24154,1,0.5,0.5142578125,0.6822352430555555,0.41015625,0.5994704861111111,0,True,True
24154,2,1.0,0.5119010416666666,0.680078125,0.4032161458333333,0.5970855034722222,0,True,True
24155,0,0.0,0.3741145833333333,0.5022873263888888,0.3362630208333333,0.47329644097222223,0,True,True
24155,1,0.5,0.43733072916666665,0.49306423611111105,0.26309895833333335,0.4702105034722222,0,True,True
24155,2,1.0,0.39763020833333335,0.42705729166666667,0.20795572916666666,0.3883832465277777,0,True,True
24156,0,0.0,0.3261848958333333,0.3618359375,0.3261848958333333,0.40210069444444446,1,True,True
24156,1,0.5,0.3816276041666667,0.39612847222222225,0.3816276041666667,0.44483506944444445,0,True,True
24156,2,1.0,0.4045703125,0.5194227430555555,0.4045703125,0.5063368055555555,0,True,True
24157,0,0.0,0.3863802083333333,0.4384722222222222,0.17740885416666666,0.3833072916666667,0,True,True
24157,1,0.5,0.384453125,0.40693142361111106,0.17908854166666666,0.3629709201388889,0,True,True
24157,2,1.0,0.38203125,0.4061197916666666,0.16846354166666666,0.36480468749999995,0,True,True
24158,0,0.0,0.37145833333333333,0.45100694444444445,0.37145833333333333,0.47109157986111105,0,True,True
24158,1,0.5,0.5189583333333333,0.5982204861111112,0.4216536458333333,0.5439344618055556,0,True,True
24158,2,1.0,0.3714453125,0.45934027777777775,0.36486979166666667,0.4317643229166666,0,True,True
24159,0,0.0,0.3751302083333333,0.46170138888888884,0.24609375,0.4308311631944444,0,True,True
24159,1,0.5,0.43704427083333336,0.47531249999999997,0.2136328125,0.43038845486111116,0,True,True
24159,2,1.0,0.3777994791666667,0.5057118055555555,0.20946614583333334,0.45084418402777776,0,True,True
24160,0,0.0,0.42510416666666667,0.5903472222222222,0.36334635416666666,0.5269097222222222,0,True,True
24160,1,0.5,0.41055989583333335,0.4739887152777778,0.33631510416666666,0.4427126736111111,0,True,True
24160,2,1.0,0.46118489583333333,0.4946788194444445,0.34391927083333335,0.4625108506944444,0,True,True
24161,0,0.0,0.4131901041666667,0.5887977430555555,0.2899479166666667,0.5157421875,0,True,True
24161,1,0.5,0.5190234375,0.6538845486111111,0.405703125,0.5943706597222221,0,True,True
24161,2,1.0,0.6245703125,0.668415798611111,0.4740755208333333,0.6216319444444444,0,True,True
24162,0,0.0,0.30973958333333335,0.5992534722222222,0.2723828125,0.5161957465277778,1,True,True
24162,1,0.5,0.333203125,0.5908203125,0.22423177083333334,0.4827886284722222,1,True,False
24162,2,1.0,0.46481770833333336,0.5389409722222221,0.22552083333333334,0.4564626736111111,0,True,True
24163,0,0.0,0.46390625,0.5976909722222222,0.312265625,0.5127625868055555,0,True,True
24163,1,0.5,0.4706119791666667,0.5993619791666667,0.3221744791666667,0.5169748263888889,0,True,True
24163,2,1.0,0.47813802083333334,0.6017578124999999,0.33057291666666666,0.5225954861111112,0,True,True
24164,0,0.0,0.4614453125,0.5634809027777777,0.44069010416666665,0.5292144097222221,0,True,True
24164,1,0.5,0.5398567708333334,0.582951388888889,0.4803385416666667,0.554572482638889,0,True,True
24164,2,1.0,0.40850260416666667,0.4899045138888889,0.297421875,0.46148003472222227,0,True,True
24165,0,0.0,0.5073697916666666,0.6186111111111111,0.378359375,0.55498046875,0,True,True
24165,1,0.5,0.4075651041666667,0.5269965277777778,0.29690104166666664,0.49751519097222224,0,True,True
24165,2,1.0,0.4114713541666667,0.5024869791666666,0.30377604166666666,0.4440147569444444,0,True,True
24166,0,0.0,0.4648567708333333,0.4978559027777778,0.34565104166666666,0.4793880208333334,0,True,True
24166,1,0.5,0.5282942708333334,0.6009071180555555,0.35595052083333334,0.5597243923611112,0,True,True
24166,2,1.0,0.4013541666666667,0.5140147569444444,0.23233072916666667,0.45796875,0,True,True
24167,0,0.0,0.3609765625,0.5110677083333334,0.3609765625,0.5215473090277778,0,True,True
24167,1,0.5,0.37807291666666665,0.5180729166666667,0.37807291666666665,0.5193728298611111,0,True,True
24167,2,1.0,0.39111979166666666,0.5195095486111111,0.39111979166666666,0.5208311631944444,0,True,True
24168,0,0.0,0.5166145833333333,0.5643012152777778,0.3650260416666667,0.5122265625000001,0,True,True
24168,1,0.5,0.52296875,0.5542317708333333,0.35454427083333334,0.50427734375,0,True,True
24168,2,1.0,0.5111458333333333,0.5432942708333334,0.3490625,0.4982573784722222,0,True,True
24169,0,0.0,0.4824609375,0.59046875,0.281953125,0.5310590277777778,0,True,True
24169,1,0.5,0.530078125,0.5517795138888889,0.24302083333333332,0.5044097222222222,0,True,True
24169,2,1.0,0.4640755208333333,0.49812065972222225,0.1834765625,0.4490559895833333,0,True,True
24170,0,0.0,0.37018229166666666,0.4373611111111111,0.37018229166666666,0.46369574652777773,0,True,True
24170,1,0.5,0.36575520833333336,0.4276779513888889,0.36575520833333336,0.46283203125,0,True,True
24170,2,1.0,0.29748697916666667,0.3772048611111111,0.29748697916666667,0.44764973958333326,2,True,True
24171,0,0.0,0.34134114583333336,0.3889496527777778,0.34134114583333336,0.46159071180555555,1,True,True
24171,1,0.5,0.36102864583333333,0.41963107638888886,0.36102864583333333,0.4773958333333333,0,True,True
24171,2,1.0,0.37852864583333334,0.44015624999999997,0.37852864583333334,0.4779752604166667,0,True,True
24172,0,0.0,0.3320442708333333,0.5563802083333333,0.318359375,0.47326605902777774,1,True,False
24172,1,0.5,0.3113020833333333,0.5248046875,0.29640625,0.45000651041666667,1,True,False
24172,2,1.0,0.29354166666666665,0.4725737847222222,0.26125,0.4130251736111111,1,True,False
24173,0,0.0,0.5085807291666666,0.5538454861111112,0.4224609375,0.526095920138889,0,True,True
24173,1,0.5,0.5120703125,0.5549782986111111,0.40595052083333333,0.5220811631944444,0,True,True
24173,2,1.0,0.45611979166666666,0.5480034722222222,0.38140625,0.514450954861111,0,True,True
24174,0,0.0,0.5422916666666666,0.6785243055555555,0.46596354166666665,0.6174956597222222,0,True,True
24174,1,0.5,0.33946614583333334,0.46169704861111116,0.33946614583333334,0.5145941840277778,1,True,True
24174,2,1.0,0.3784375,0.4847743055555555,0.3784375,0.5442296006944444,0,True,True
24175,0,0.0,0.39734375,0.4644444444444445,0.39734375,0.5485742187500001,0,True,True
24175,1,0.5,0.47055989583333335,0.5622309027777778,0.47055989583333335,0.5964149305555555,0,True,True
24175,2,1.0,0.5963671875,0.606857638888889,0.3505078125,0.5593554687500001,0,True,True
24176,0,0.0,0.5136588541666667,0.5985069444444444,0.4345572916666667,0.5583051215277778,0,True,True
24176,1,0.5,0.5043880208333333,0.5855121527777778,0.44264322916666665,0.5519205729166666,0,True,True
24176,2,1.0,0.49733072916666665,0.5731076388888889,0.45287760416666667,0.5471093750000001,0,True,True
24177,0,0.0,0.42609375,0.5097005208333333,0.42609375,0.5226410590277777,0,True,True
24177,1,0.5,0.5484895833333333,0.6065972222222222,0.44895833333333335,0.5698936631944443,0,True,True
24177,2,1.0,0.3510286458333333,0.5002517361111111,0.3510286458333333,0.5034223090277777,0,True,True
24178,0,0.0,0.35868489583333335,0.4333767361111111,0.35868489583333335,0.5122569444444444,0,True,True
24178,1,0.5,0.28930989583333333,0.4343359375,0.21623697916666668,0.37276909722222223,1,True,True
24178,2,1.0,0.3301822916666667,0.4429036458333333,0.20880208333333333,0.37342013888888886,1,True,True
24179,0,0.0,0.3619791666666667,0.5107421875,0.3619791666666667,0.5115321180555555,0,True,True
24179,1,0.5,0.4948958333333333,0.5929253472222221,0.4639583333333333,0.5619726562499999,0,True,True
24179,2,1.0,0.3533203125,0.5290190972222222,0.27171875,0.4488585069444444,0,True,True
24180,0,0.0,0.49481770833333333,0.5512196180555556,0.49481770833333333,0.5828059895833333,0,True,True
24180,1,0.5,0.549375,0.5747482638888889,0.4293359375,0.5453168402777778,0,True,True
24180,2,1.0,0.35484375,0.4952256944444445,0.2953125,0.45180772569444444,0,True,True
24181,0,0.0,0.6425130208333333,0.6702777777777778,0.6425130208333333,0.6966341145833334,0,True,True
24181,1,0.5,0.6535286458333334,0.6764713541666666,0.6535286458333334,0.7010807291666666,0,True,True
24181,2,1.0,0.6455859375,0.6772873263888889,0.6455859375,0.6939019097222222,0,True,True
24182,0,0.0,0.4191796875,0.5459722222222222,0.4191796875,0.5613910590277779,0,True,True
24182,1,0.5,0.5524739583333333,0.5879600694444445,0.5524739583333333,0.6385308159722222,0,True,True
24182,2,1.0,0.5632682291666666,0.6523524305555556,0.4700520833333333,0.6105078125000001,0,True,True
24183,0,0.0,0.5216145833333333,0.6034418402777778,0.37817708333333333,0.5403624131944444,0,True,True
24183,1,0.5,0.44109375,0.5653125,0.33037760416666667,0.5118229166666667,0,True,True
24183,2,1.0,0.3766796875,0.47829861111111116,0.2773046875,0.45471137152777774,0,True,True
24184,0,0.0,0.39186197916666665,0.4349348958333333,0.3721614583333333,0.43603515624999994,0,True,True
24184,1,0.5,0.4012890625,0.45798177083333336,0.4012890625,0.48466579861111114,0,True,True
24184,2,1.0,0.35627604166666665,0.45412326388888885,0.35627604166666665,0.4662890625,0,True,True
24185,0,0.0,0.3691796875,0.4602126736111111,0.21876302083333332,0.41119791666666666,0,True,True
24185,1,0.5,0.3311458333333333,0.4923220486111111,0.3311458333333333,0.4817990451388889,1,True,True
24185,2,1.0,0.3037109375,0.4673784722222223,0.3037109375,0.44495659722222225,1,True,True
24186,0,0.0,0.44885416666666667,0.6029904513888888,0.2841796875,0.5235134548611111,0,True,True
24186,1,0.5,0.414296875,0.5762543402777778,0.4053125,0.5486740451388888,0,True,True
24186,2,1.0,0.5927473958333334,0.6439409722222221,0.5592578125,0.6419965277777777,0,True,True
24187,0,0.0,0.38546875,0.4996310763888889,0.35736979166666666,0.4650672743055555,0,True,True
24187,1,0.5,0.38522135416666664,0.4979947916666667,0.3711067708333333,0.4699001736111111,0,True,True
24187,2,1.0,0.3808463541666667,0.49960069444444444,0.37515625,0.4742947048611111,0,True,True
24188,0,0.0,0.39729166666666665,0.4845703125,0.331640625,0.44130208333333326,0,True,True
24188,1,0.5,0.4709765625,0.4976736111111111,0.35248697916666666,0.4537434895833334,0,True,True
24188,2,1.0,0.5040885416666666,0.551579861111111,0.4522786458333333,0.5099848090277778,0,True,True
24189,0,0.0,0.4351953125,0.5268967013888889,0.4351953125,0.5542881944444445,0,True,True
24189,1,0.5,0.42212239583333333,0.5107682291666666,0.42212239583333333,0.5689171006944443,0,True,True
24189,2,1.0,0.4369140625,0.5064756944444445,0.4369140625,0.5669401041666667,0,True,True
24190,0,0.0,0.33662760416666665,0.4824392361111111,0.2581380208333333,0.42715277777777777,1,True,True
24190,1,0.5,0.3598177083333333,0.4940104166666666,0.26483072916666667,0.43624999999999997,0,True,True
24190,2,1.0,0.37690104166666666,0.5061892361111111,0.2720703125,0.44412109375,0,True,True
24191,0,0.0,0.6526041666666667,0.7284461805555557,0.5972916666666667,0.6982790798611113,0,True,True
24191,1,0.5,0.5645703125,0.6240625,0.5405338541666667,0.6102191840277779,0,True,True
24191,2,1.0,0.3492578125,0.42946614583333337,0.3492578125,0.4493880208333334,1,True,True
24192,0,0.0,0.44109375,0.5648958333333333,0.3618880208333333,0.5163802083333333,0,True,True
24192,1,0.5,0.41729166666666667,0.556015625,0.35868489583333335,0.5110525173611111,0,True,True
24192,2,1.0,0.4061328125,0.5483159722222223,0.359921875,0.5050477430555556,0,True,True
24193,0,0.0,0.272890625,0.45483072916666667,0.272890625,0.4179644097222223,1,True,True
24193,1,0.5,0.2710416666666667,0.4514496527777778,0.2710416666666667,0.41528211805555554,1,True,True
24193,2,1.0,0.2788541666666667,0.4497439236111111,0.2788541666666667,0.4145355902777777,1,True,True
24194,0,0.0,0.4588671875,0.49329861111111106,0.30075520833333336,0.44574652777777773,0,True,True
24194,1,0.5,0.43734375,0.5123828125,0.32263020833333333,0.46943359375,0,True,True
24194,2,1.0,0.3839192708333333,0.5167404513888889,0.344140625,0.4867013888888889,0,True,True
24195,0,0.0,0.48423177083333335,0.5715842013888889,0.48423177083333335,0.5877235243055555,0,True,True
24195,1,0.5,0.4548567708333333,0.5762282986111111,0.4548567708333333,0.5880794270833333,0,True,True
24195,2,1.0,0.4314322916666667,0.5903385416666667,0.4314322916666667,0.591599392361111,0,True,True
24196,0,0.0,0.5219010416666666,0.5759678819444445,0.453984375,0.5494140625,0,True,True
24196,1,0.5,0.5163932291666666,0.5664626736111111,0.42126302083333333,0.5354774305555556,0,True,True
24196,2,1.0,0.48985677083333334,0.5441232638888889,0.399140625,0.5146028645833333,0,True,True
24197,0,0.0,0.3665625,0.4709548611111112,0.24850260416666667,0.4107183159722223,0,True,True
24197,1,0.5,0.4051953125,0.5191840277777778,0.3428645833333333,0.4730143229166666,0,True,True
24197,2,1.0,0.3854036458333333,0.5139713541666667,0.3854036458333333,0.5010959201388888,0,True,True
24198,0,0.0,0.6134114583333333,0.6439192708333333,0.5850260416666667,0.6447374131944444,0,True,True
24198,1,0.5,0.46921875,0.5577473958333333,0.46921875,0.5803927951388889,0,True,True
24198,2,1.0,0.3484114583333333,0.4011154513888889,0.3484114583333333,0.4493424479166666,1,True,True
24199,0,0.0,0.3692708333333333,0.5258723958333333,0.32860677083333334,0.49581597222222223,0,True,True
24199,1,0.5,0.37990885416666664,0.5331293402777778,0.338984375,0.5007313368055556,0,True,True
24199,2,1.0,0.38557291666666665,0.5392621527777778,0.34630208333333334,0.5049500868055555,0,True,True
24200,0,0.0,0.3983984375,0.48009982638888893,0.256171875,0.4608289930555556,0,True,True
24200,1,0.5,0.40557291666666667,0.48315104166666667,0.258046875,0.45962239583333325,0,True,True
24200,2,1.0,0.41703125,0.5036414930555555,0.2595442708333333,0.46921440972222217,0,True,True
24201,0,0.0,0.43790364583333335,0.4967838541666667,0.2894791666666667,0.45038845486111106,0,True,True
24201,1,0.5,0.5162890625,0.5585069444444444,0.5162890625,0.600661892361111,0,True,True
24201,2,1.0,0.36986979166666667,0.5207204861111111,0.36986979166666667,0.5399891493055555,0,True,True
24202,0,0.0,0.5146223958333334,0.5813151041666667,0.4379166666666667,0.5514322916666666,0,True,True
24202,1,0.5,0.5198046875,0.5752734374999999,0.4412109375,0.5476996527777778,0,True,True
24202,2,1.0,0.5222005208333333,0.5701605902777778,0.44002604166666665,0.5460069444444444,0,True,True
24203,0,0.0,0.40424479166666666,0.5918272569444444,0.31083333333333335,0.5219748263888889,0,True,True
24203,1,0.5,0.3932421875,0.588302951388889,0.3090104166666667,0.5182964409722223,0,True,True
24203,2,1.0,0.38171875,0.5774131944444444,0.31100260416666664,0.5109027777777778,0,True,True
24204,0,0.0,0.44298177083333334,0.5642795138888889,0.34024739583333335,0.5106749131944445,0,True,True
24204,1,0.5,0.4314192708333333,0.5055815972222222,0.36868489583333336,0.4790646701388888,0,True,True
24204,2,1.0,0.38690104166666667,0.47206597222222224,0.3145833333333333,0.44997178819444444,0,True,True
24205,0,0.0,0.4361328125,0.5399001736111111,0.2824479166666667,0.45214626736111113,0,True,True
24205,1,0.5,0.5535677083333334,0.6603081597222222,0.5255598958333333,0.6243402777777778,0,True,True
24205,2,1.0,0.40315104166666665,0.5990060763888889,0.39453125,0.5629817708333333,0,True,True
24206,0,0.0,0.5811848958333333,0.6381857638888889,0.42595052083333335,0.5781336805555556,0,True,True
24206,1,0.5,0.49139322916666667,0.6124348958333333,0.3759635416666667,0.5459309895833334,0,True,True
24206,2,1.0,0.45287760416666667,0.5393793402777778,0.3311328125,0.4806749131944445,0,True,True
24207,0,0.0,0.5103125,0.5687022569444444,0.39783854166666666,0.5287022569444445,0,True,True
24207,1,0.5,0.48216145833333335,0.5746831597222222,0.39484375,0.5341427951388888,0,True,True
24207,2,1.0,0.38430989583333336,0.5513758680555555,0.32625,0.503515625,0,True,True
24208,0,0.0,0.30493489583333333,0.45812065972222227,0.30493489583333333,0.46142578125,1,True,True
24208,1,0.5,0.47216145833333334,0.5719227430555556,0.4191796875,0.5296961805555555,0,True,True
24208,2,1.0,0.40325520833333334,0.4729383680555556,0.40325520833333334,0.48838541666666674,0,True,True
24209,0,0.0,0.3639453125,0.4451085069444445,0.3639453125,0.5394097222222222,0,True,True
24209,1,0.5,0.431484375,0.5028211805555556,0.431484375,0.5557335069444446,0,True,True
24209,2,1.0,0.49776041666666665,0.5715017361111111,0.49776041666666665,0.5948784722222222,0,True,True
24210,0,0.0,0.4421875,0.48538194444444444,0.4421875,0.5922222222222222,0,True,True
24210,1,0.5,0.4882682291666667,0.5265885416666667,0.4882682291666667,0.5538650173611112,0,True,True
24210,2,1.0,0.35375,0.48770833333333335,0.2721875,0.44226345486111107,0,True,True
24211,0,0.0,0.2754947916666667,0.32005208333333335,0.2754947916666667,0.39382161458333337,2,True,True
24211,1,0.5,0.2801432291666667,0.3190060763888889,0.2801432291666667,0.3972113715277778,3,True,False
24211,2,1.0,0.28826822916666667,0.3196701388888889,0.28826822916666667,0.40093315972222227,3,True,False
24212,0,0.0,0.3780338541666667,0.5266970486111111,0.35748697916666666,0.47206597222222224,0,True,True
24212,1,0.5,0.3934635416666667,0.5327170138888889,0.3710807291666667,0.4796137152777778,0,True,True
24212,2,1.0,0.3953515625,0.5350260416666667,0.3713671875,0.4820421006944444,0,True,True
24213,0,0.0,0.4085416666666667,0.5358203125,0.32494791666666667,0.4845833333333333,0,True,True
24213,1,0.5,0.42552083333333335,0.5103428819444444,0.3207291666666667,0.4647026909722222,0,True,True
24213,2,1.0,0.5057552083333333,0.5426649305555555,0.39087239583333333,0.49699001736111104,0,True,True
24214,0,0.0,0.4534765625,0.5092925347222222,0.4534765625,0.6149066840277778,0,True,True
24214,1,0.5,0.5029557291666666,0.5465234375,0.5029557291666666,0.6378385416666666,0,True,True
24214,2,1.0,0.47653645833333336,0.5224956597222222,0.47653645833333336,0.6230642361111111,0,True,True
24215,0,0.0,0.36223958333333334,0.5461284722222223,0.21506510416666666,0.4711306423611111,0,True,True
24215,1,0.5,0.39776041666666667,0.5579774305555556,0.22235677083333333,0.48213324652777784,0,True,True
24215,2,1.0,0.4391796875,0.5676041666666667,0.23869791666666668,0.4931488715277778,0,True,True
24216,0,0.0,0.4867447916666667,0.5054036458333333,0.4867447916666667,0.5606618923611111,0,True,True
24216,1,0.5,0.5239583333333333,0.5754383680555555,0.509921875,0.58158203125,0,True,True
24216,2,1.0,0.5164322916666667,0.5597829861111111,0.38494791666666667,0.5161241319444444,0,True,True
24217,0,0.0,0.5048697916666667,0.5612369791666666,0.4728515625,0.5422808159722222,0,True,True
24217,1,0.5,0.47302083333333333,0.5830772569444443,0.4570703125,0.5496809895833333,0,True,True
24217,2,1.0,0.6181901041666666,0.6428168402777777,0.5571484375,0.6157248263888888,0,True,True
24218,0,0.0,0.3989713541666667,0.5507204861111111,0.3293229166666667,0.491447482638889,0,True,True
24218,1,0.5,0.34203125,0.4904253472222222,0.34203125,0.46766059027777773,1,True,True
24218,2,1.0,0.27860677083333335,0.3804470486111111,0.27860677083333335,0.39876085069444445,2,True,True
24219,0,0.0,0.4910807291666667,0.5347699652777779,0.4910807291666667,0.5432443576388889,0,True,True
24219,1,0.5,0.584453125,0.6079079861111111,0.5322135416666667,0.5872808159722221,0,True,True
24219,2,1.0,0.46141927083333334,0.5853906249999999,0.378515625,0.5306488715277777,0,True,True
24220,0,0.0,0.4973046875,0.5342664930555556,0.4492057291666667,0.5072547743055557,0,True,True
24220,1,0.5,0.3907552083333333,0.5150911458333334,0.3907552083333333,0.4978732638888889,0,True,True
24220,2,1.0,0.3617578125,0.4847960069444444,0.3295442708333333,0.44157118055555555,0,True,True
24221,0,0.0,0.35186197916666667,0.47660156249999996,0.35186197916666667,0.48192708333333334,0,True,True
24221,1,0.5,0.3512369791666667,0.48266927083333333,0.3512369791666667,0.48290364583333334,0,True,True
24221,2,1.0,0.3502473958333333,0.4880338541666666,0.3502473958333333,0.4846701388888888,0,True,True
24222,0,0.0,0.4537760416666667,0.5650564236111112,0.4075520833333333,0.5434483506944445,0,True,True
24222,1,0.5,0.4549739583333333,0.5666623263888889,0.41725260416666665,0.54373046875,0,True,True
24222,2,1.0,0.4379427083333333,0.5575347222222223,0.40984375,0.52744140625,0,True,True
24223,0,0.0,0.3311588541666667,0.42776909722222217,0.3311588541666667,0.4818424479166667,1,True,True
24223,1,0.5,0.34186197916666666,0.4442361111111111,0.34186197916666666,0.4915755208333334,1,True,True
24223,2,1.0,0.34484375,0.44957465277777775,0.34484375,0.4940972222222222,1,True,True
24224,0,0.0,0.34305989583333335,0.5168793402777777,0.196328125,0.42516059027777775,1,True,False
24224,1,0.5,0.4368619791666667,0.5476562500000001,0.24662760416666665,0.4793055555555556,0,True,True
24224,2,1.0,0.4779817708333333,0.5715625000000001,0.39380208333333333,0.5502712673611111,0,True,True
24225,0,0.0,0.30571614583333334,0.36027777777777775,0.30571614583333334,0.43126519097222227,2,True,True
24225,1,0.5,0.3425,0.37581163194444445,0.3425,0.4462087673611111,1,True,True
24225,2,1.0,0.3522005208333333,0.39315538194444444,0.3522005208333333,0.45240668402777784,0,True,True
24226,0,0.0,0.4135026041666667,0.4891015625,0.4135026041666667,0.48043619791666664,0,True,True
24226,1,0.5,0.4319921875,0.4906987847222222,0.41768229166666665,0.4731401909722222,0,True,True
24226,2,1.0,0.42932291666666667,0.47140624999999997,0.3781510416666667,0.45023437499999996,0,True,True
24227,0,0.0,0.46216145833333333,0.5356857638888889,0.30255208333333333,0.4835091145833333,0,True,True
24227,1,0.5,0.4464973958333333,0.5167708333333333,0.29096354166666666,0.47363064236111113,0,True,True
24227,2,1.0,0.44100260416666665,0.5165885416666667,0.2886458333333333,0.47354600694444443,0,True,True
24228,0,0.0,0.5020442708333334,0.6251736111111111,0.42497395833333335,0.5886740451388889,0,True,True
24228,1,0.5,0.6058333333333333,0.6870052083333333,0.5202864583333333,0.6504144965277777,0,True,True
24228,2,1.0,0.5270572916666667,0.6632465277777778,0.4989453125,0.6252452256944444,0,True,True
24229,0,0.0,0.4152734375,0.6460503472222223,0.3150130208333333,0.5673177083333334,0,True,True
24229,1,0.5,0.49083333333333334,0.6449131944444444,0.2715755208333333,0.5540516493055555,0,True,True
24229,2,1.0,0.3357161458333333,0.6114236111111111,0.24776041666666668,0.5224023437499999,1,True,False
24230,0,0.0,0.510546875,0.5473090277777778,0.3870572916666667,0.5265234375,0,True,True
24230,1,0.5,0.45751302083333334,0.47066840277777783,0.28118489583333334,0.4422699652777778,0,True,True
24230,2,1.0,0.37029947916666667,0.46681423611111117,0.34046875,0.42410590277777777,0,True,True
24231,0,0.0,0.48162760416666667,0.5420225694444445,0.29662760416666667,0.478671875,0,True,True
24231,1,0.5,0.4386067708333333,0.5302300347222223,0.30278645833333334,0.4744683159722222,0,True,True
24231,2,1.0,0.4080729166666667,0.5141579861111111,0.3025,0.4670052083333333,0,True,True
24232,0,0.0,0.37643229166666664,0.5496093750000001,0.2942578125,0.4981792534722223,0,True,True
24232,1,0.5,0.3740625,0.55296875,0.305,0.5039040798611111,0,True,True
24232,2,1.0,0.3572135416666667,0.53625,0.29733072916666664,0.4961111111111111,0,True,True
24233,0,0.0,0.4597395833333333,0.5982769097222221,0.37678385416666665,0.5288628472222222,0,True,True
24233,1,0.5,0.4537760416666667,0.5992144097222222,0.37,0.5307183159722223,0,True,True
24233,2,1.0,0.4513671875,0.6011805555555556,0.366875,0.5321375868055556,0,True,True
24234,0,0.0,0.3884375,0.5185460069444444,0.3884375,0.5563845486111111,0,True,True
24234,1,0.5,0.3807421875,0.5299479166666666,0.3807421875,0.5285785590277778,0,True,True
24234,2,1.0,0.40921875,0.5604600694444445,0.3412369791666667,0.5242057291666667,0,True,True
24235,0,0.0,0.5047265625,0.6498220486111111,0.46067708333333335,0.5915690104166668,0,True,True
24235,1,0.5,0.5044791666666667,0.6390668402777777,0.46455729166666665,0.5894466145833334,0,True,True
24235,2,1.0,0.49194010416666667,0.6120355902777778,0.46901041666666665,0.576759982638889,0,True,True
24236,0,0.0,0.5008723958333333,0.5879340277777777,0.39514322916666667,0.5561480034722223,0,True,True
24236,1,0.5,0.5104427083333334,0.6020225694444444,0.42029947916666666,0.565390625,0,True,True
24236,2,1.0,0.5168098958333334,0.6015842013888889,0.42115885416666665,0.5661089409722221,0,True,True
24237,0,0.0,0.41044270833333335,0.4504817708333333,0.25765625,0.40997612847222226,0,True,True
24237,1,0.5,0.4928385416666667,0.5403689236111111,0.4383854166666667,0.5128906249999999,0,True,True
24237,2,1.0,0.4815364583333333,0.5281553819444444,0.40643229166666667,0.532263454861111,0,True,True
24238,0,0.0,0.41076822916666667,0.5456423611111111,0.41076822916666667,0.5466927083333334,0,True,True
24238,1,0.5,0.41473958333333333,0.5464756944444444,0.41473958333333333,0.5414192708333333,0,True,True
24238,2,1.0,0.4121484375,0.5438151041666667,0.4121484375,0.5401453993055555,0,True,True
24239,0,0.0,0.6695963541666666,0.7501822916666666,0.6605598958333333,0.7126562499999999,0,True,True
24239,1,0.5,0.6990625,0.7544618055555555,0.647265625,0.7165169270833333,0,True,True
24239,2,1.0,0.7234505208333334,0.7502560763888889,0.6504427083333333,0.7152582465277778,0,True,True
24240,0,0.0,0.46404947916666667,0.4886067708333333,0.3064453125,0.44207465277777785,0,True,True
24240,1,0.5,0.4639713541666667,0.504375,0.303203125,0.4471983506944444,0,True,True
24240,2,1.0,0.4112630208333333,0.5330729166666667,0.30135416666666665,0.4601822916666667,0,True,True
24241,0,0.0,0.4254557291666667,0.5206770833333333,0.18877604166666667,0.4386067708333334,0,True,True
24241,1,0.5,0.4302473958333333,0.5376085069444444,0.20795572916666666,0.47008463541666673,0,True,True
24241,2,1.0,0.41837239583333335,0.5179774305555556,0.15880208333333334,0.4248719618055556,0,True,True
24242,0,0.0,0.39200520833333335,0.4857899305555556,0.33674479166666665,0.44268663194444446,0,True,True
24242,1,0.5,0.3932291666666667,0.4840538194444444,0.3329036458333333,0.43970052083333333,0,True,True
24242,2,1.0,0.37364583333333334,0.47710503472222215,0.32549479166666667,0.4317491319444444,0,True,True
24243,0,0.0,0.5224739583333333,0.5960286458333334,0.4136328125,0.5261154513888889,0,True,True
24243,1,0.5,0.4782942708333333,0.5661805555555556,0.43654947916666664,0.5135828993055555,0,True,True
24243,2,1.0,0.43041666666666667,0.5260546875,0.3759635416666667,0.4744227430555556,0,True,True
24244,0,0.0,0.42333333333333334,0.5810416666666667,0.40022135416666665,0.5240842013888889,0,True,True
24244,1,0.5,0.42337239583333336,0.5709244791666667,0.42337239583333336,0.5308572048611111,0,True,True
24244,2,1.0,0.38666666666666666,0.5360026041666667,0.38666666666666666,0.5245355902777779,0,True,True
24245,0,0.0,0.5980729166666666,0.6385026041666667,0.48321614583333333,0.5797026909722223,0,True,True
24245,1,0.5,0.6004817708333333,0.6459071180555556,0.5110546875,0.5969791666666667,0,True,True
24245,2,1.0,0.40545572916666667,0.47421006944444444,0.31080729166666665,0.44892578125,0,True,True
24246,0,0.0,0.392265625,0.5008376736111112,0.392265625,0.510881076388889,0,True,True
24246,1,0.5,0.40063802083333333,0.5063845486111112,0.40063802083333333,0.5178211805555555,0,True,True
24246,2,1.0,0.3990625,0.5056336805555556,0.3990625,0.5167057291666667,0,True,True
24247,0,0.0,0.5388020833333333,0.5668055555555557,0.4826953125,0.5629470486111111,0,True,True
24247,1,0.5,0.5379817708333333,0.5688064236111111,0.47985677083333333,0.5637087673611111,0,True,True
24247,2,1.0,0.5303125,0.5639756944444444,0.4871484375,0.563828125,0,True,True
24248,0,0.0,0.36895833333333333,0.49886284722222224,0.21881510416666666,0.44732421874999995,0,True,True
24248,1,0.5,0.34932291666666665,0.5364887152777778,0.29424479166666667,0.46282118055555554,1,True,False
24248,2,1.0,0.2962109375,0.4616883680555555,0.2962109375,0.4416775173611111,1,True,True
24249,0,0.0,0.37725260416666667,0.5824913194444444,0.3468098958333333,0.5052604166666667,0,True,True
24249,1,0.5,0.39794270833333334,0.5359939236111111,0.27977864583333334,0.45349826388888886,0,True,True
24249,2,1.0,0.39005208333333335,0.4338671875,0.20869791666666668,0.37686414930555556,0,True,True
24250,0,0.0,0.5183072916666667,0.6318967013888889,0.4597265625,0.5869856770833334,0,True,True
24250,1,0.5,0.5080078125,0.6266493055555555,0.44819010416666666,0.5819401041666666,0,True,True
24250,2,1.0,0.4934895833333333,0.6192317708333334,0.43397135416666666,0.5751974826388889,0,True,True
24251,0,0.0,0.43817708333333333,0.4827864583333334,0.19772135416666667,0.42526258680555556,0,True,True
24251,1,0.5,0.4268359375,0.4752734375,0.18966145833333334,0.41510850694444446,0,True,True
24251,2,1.0,0.40665364583333335,0.4722265625,0.18171875,0.4053602430555556,0,True,True
24252,0,0.0,0.39177083333333335,0.5663802083333334,0.3334505208333333,0.5001475694444445,0,True,True
24252,1,0.5,0.41768229166666665,0.5885590277777778,0.34795572916666667,0.5126909722222223,0,True,True
24252,2,1.0,0.4150520833333333,0.5917621527777778,0.3406640625,0.5205099826388889,0,True,True
24253,0,0.0,0.46458333333333335,0.5920052083333334,0.381171875,0.5442144097222222,0,True,True
24253,1,0.5,0.4746484375,0.6216059027777777,0.41033854166666667,0.5765125868055555,0,True,True
24253,2,1.0,0.489296875,0.645290798611111,0.4408203125,0.59740234375,0,True,True
24254,0,0.0,0.4598046875,0.51765625,0.4598046875,0.5628407118055555,0,True,True
24254,1,0.5,0.478515625,0.5342795138888888,0.478515625,0.5932812500000001,0,True,True
24254,2,1.0,0.4859375,0.5463671875,0.4859375,0.6150889756944444,0,True,True
24255,0,0.0,0.30876302083333335,0.36474392361111113,0.30876302083333335,0.49597656250000005,1,True,True
24255,1,0.5,0.32479166666666665,0.4944010416666666,0.32479166666666665,0.48259765625,1,True,True
24255,2,1.0,0.30365885416666666,0.4721397569444445,0.18354166666666666,0.4011176215277778,1,True,True
24256,0,0.0,0.49578125,0.6230946180555555,0.4761328125,0.5912261284722222,0,True,True
24256,1,0.5,0.4758984375,0.5222178819444445,0.4758984375,0.5407421875,0,True,True
24256,2,1.0,0.3965234375,0.4386631944444444,0.3965234375,0.5147808159722222,0,True,True
24257,0,0.0,0.5197395833333334,0.6357074652777778,0.45166666666666666,0.6036827256944445,0,True,True
24257,1,0.5,0.5219270833333334,0.63765625,0.4514453125,0.6028125,0,True,True
24257,2,1.0,0.5200651041666666,0.6430946180555556,0.44876302083333336,0.6023046874999999,0,True,True
24258,0,0.0,0.4308723958333333,0.5153559027777778,0.3295182291666667,0.4551757812500001,0,True,True
24258,1,0.5,0.4286067708333333,0.5324001736111111,0.32154947916666665,0.46519531249999996,0,True,True
24258,2,1.0,0.42473958333333334,0.5423220486111111,0.312265625,0.47238932291666663,0,True,True
24259,0,0.0,0.4045703125,0.5509982638888888,0.22223958333333332,0.45858723958333325,0,True,True
24259,1,0.5,0.4682161458333333,0.5784678819444444,0.27272135416666665,0.518671875,0,True,True
24259,2,1.0,0.41313802083333334,0.5893836805555556,0.30180989583333334,0.5028385416666667,0,True,True
24260,0,0.0,0.3896614583333333,0.5722135416666667,0.3118619791666667,0.5085373263888889,0,True,True
24260,1,0.5,0.51609375,0.5602560763888889,0.51609375,0.6027061631944445,0,True,True
24260,2,1.0,0.4099348958333333,0.5773958333333333,0.4099348958333333,0.5641623263888889,0,True,True
24261,0,0.0,0.4213411458333333,0.43798611111111113,0.2676171875,0.40882378472222225,0,True,True
24261,1,0.5,0.43015625,0.45125,0.3926692708333333,0.4405099826388889,0,True,True
24261,2,1.0,0.4724479166666667,0.4970703125,0.40729166666666666,0.4703927951388889,0,True,True
24262,0,0.0,0.6807942708333333,0.6975086805555556,0.531484375,0.6406749131944444,0,True,True
24262,1,0.5,0.6679427083333334,0.6923177083333334,0.5234244791666667,0.6331749131944445,0,True,True
24262,2,1.0,0.6381770833333333,0.6819661458333334,0.501015625,0.6226736111111111,0,True,True
24263,0,0.0,0.5077213541666666,0.5874348958333333,0.5077213541666666,0.5763780381944444,0,True,True
24263,1,0.5,0.5141536458333333,0.5824782986111111,0.5077213541666666,0.5732226562499999,0,True,True
24263,2,1.0,0.5189973958333334,0.5739887152777778,0.5060026041666666,0.5680295138888889,0,True,True
24264,0,0.0,0.39505208333333336,0.5759939236111111,0.39505208333333336,0.5667447916666667,0,True,True
24264,1,0.5,0.41680989583333333,0.5789713541666667,0.41680989583333333,0.5708897569444443,0,True,True
24264,2,1.0,0.4216796875,0.5823567708333334,0.4216796875,0.5759157986111111,0,True,True
24265,0,0.0,0.3610546875,0.4966796875000001,0.258984375,0.45138454861111116,0,True,True
24265,1,0.5,0.48791666666666667,0.6333593750000001,0.45209635416666666,0.5697200520833333,0,True,True
24265,2,1.0,0.4279427083333333,0.5847612847222222,0.33869791666666665,0.5290147569444444,0,True,True
24266,0,0.0,0.4238151041666667,0.5318836805555556,0.3538541666666667,0.49918402777777776,0,True,True
24266,1,0.5,0.427734375,0.5214800347222223,0.35614583333333333,0.48916883680555556,0,True,True
24266,2,1.0,0.4084375,0.5253038194444445,0.35506510416666665,0.4833940972222222,0,True,True
24267,0,0.0,0.39205729166666664,0.5135503472222221,0.27932291666666664,0.44864366319444443,0,True,True
24267,1,0.5,0.4389453125,0.5406032986111111,0.320859375,0.4745811631944444,0,True,True
24267,2,1.0,0.43313802083333336,0.5241796875000001,0.3346875,0.4579036458333334,0,True,True
24268,0,0.0,0.481015625,0.5336284722222222,0.34325520833333334,0.4943771701388889,0,True,True
24268,1,0.5,0.39032552083333333,0.5248567708333334,0.3467838541666667,0.4882964409722222,0,True,True
24268,2,1.0,0.3152734375,0.46380208333333334,0.28575520833333334,0.43252387152777777,1,True,True
24269,0,0.0,0.29044270833333335,0.33362847222222225,0.2034765625,0.3349327256944445,2,True,False
24269,1,0.5,0.2871223958333333,0.32894965277777777,0.20044270833333333,0.33417751736111106,2,True,False
24269,2,1.0,0.2719010416666667,0.3226345486111111,0.189296875,0.32522786458333336,2,True,False
24270,0,0.0,0.35510416666666667,0.4528732638888889,0.35510416666666667,0.5220529513888889,0,True,True
24270,1,0.5,0.6154817708333333,0.6632378472222221,0.598125,0.6593272569444444,0,True,True
24270,2,1.0,0.413203125,0.5526953125,0.3483984375,0.5227907986111112,0,True,True
24271,0,0.0,0.2991796875,0.44268229166666667,0.16243489583333334,0.38373263888888887,1,True,False
24271,1,0.5,0.31002604166666664,0.4402734375,0.17055989583333334,0.38723307291666664,1,True,True
24271,2,1.0,0.33677083333333335,0.44478298611111106,0.21658854166666666,0.41832465277777775,1,True,True
24272,0,0.0,0.35127604166666665,0.5011979166666667,0.28803385416666666,0.4757269965277778,0,True,True
24272,1,0.5,0.3505078125,0.5001692708333333,0.2956640625,0.47582465277777786,0,True,True
24272,2,1.0,0.3370703125,0.49188368055555554,0.2960546875,0.4664561631944444,1,True,True
24273,0,0.0,0.4464453125,0.5154253472222222,0.28260416666666666,0.45670789930555555,0,True,True
24273,1,0.5,0.4430078125,0.5174913194444445,0.28177083333333336,0.4646723090277778,0,True,True
24273,2,1.0,0.4402734375,0.5105859375,0.2815885416666667,0.4621506076388889,0,True,True
24274,0,0.0,0.5975651041666666,0.6660373263888889,0.482578125,0.6105772569444444,0,True,True
24274,1,0.5,0.618828125,0.6723046875,0.5412109375,0.6257313368055556,0,True,True
24274,2,1.0,0.6195182291666667,0.6733333333333333,0.5483072916666667,0.6269032118055555,0,True,True
24275,0,0.0,0.45774739583333335,0.5372960069444445,0.39760416666666665,0.48619574652777775,0,True,True
24275,1,0.5,0.4998958333333333,0.5439539930555556,0.4285546875,0.49906467013888894,0,True,True
24275,2,1.0,0.5272916666666667,0.5484722222222222,0.421875,0.5076627604166667,0,True,True
24276,0,0.0,0.52875,0.6372265625,0.52875,0.6086024305555555,0,True,True
24276,1,0.5,0.5584765625,0.6521875,0.5584765625,0.6229079861111112,0,True,True
24276,2,1.0,0.5881901041666666,0.6711935763888889,0.5881901041666666,0.6413715277777778,0,True,True
24277,0,0.0,0.3798828125,0.5349869791666667,0.1842578125,0.4522721354166666,0,True,True
24277,1,0.5,0.35955729166666667,0.5315842013888888,0.17484375,0.4475173611111111,0,True,True
24277,2,1.0,0.33889322916666664,0.5271744791666667,0.16412760416666666,0.43970920138888886,1,True,False
24278,0,0.0,0.30842447916666665,0.38776041666666666,0.20470052083333334,0.3732443576388889,2,True,False
24278,1,0.5,0.3319140625,0.38578125,0.18731770833333333,0.3654427083333333,2,True,False
24278,2,1.0,0.3616796875,0.39776909722222226,0.19075520833333334,0.37073784722222225,0,True,True
24279,0,0.0,0.34108072916666665,0.5578124999999999,0.2253125,0.4709309895833333,1,True,False
24279,1,0.5,0.34522135416666666,0.5353385416666666,0.22821614583333333,0.4633116319444444,1,True,False
24279,2,1.0,0.35485677083333333,0.5205425347222222,0.22365885416666667,0.4537261284722222,0,True,True
24280,0,0.0,0.3565755208333333,0.49963107638888893,0.3565755208333333,0.5065277777777778,0,True,True
24280,1,0.5,0.3641015625,0.5063237847222223,0.3641015625,0.5162152777777778,0,True,True
24280,2,1.0,0.3711979166666667,0.5084157986111112,0.3711979166666667,0.5209917534722223,0,True,True
24281,0,0.0,0.402265625,0.6490842013888889,0.39944010416666664,0.5933875868055556,0,True,True
24281,1,0.5,0.4183984375,0.6144748263888888,0.4183984375,0.5913151041666665,0,True,True
24281,2,1.0,0.4295833333333333,0.6058246527777778,0.4295833333333333,0.5935698784722222,0,True,True
24282,0,0.0,0.38309895833333335,0.4501345486111111,0.3274609375,0.4484396701388889,0,True,True
24282,1,0.5,0.43459635416666664,0.4433246527777777,0.3121744791666667,0.4457508680555555,0,True,True
24282,2,1.0,0.3152734375,0.45654513888888887,0.3152734375,0.4631814236111111,1,True,True
24283,0,0.0,0.45807291666666666,0.5156944444444445,0.28796875,0.46634331597222217,0,True,True
24283,1,0.5,0.460625,0.5183854166666667,0.2844140625,0.46605034722222216,0,True,True
24283,2,1.0,0.4570182291666667,0.5215842013888888,0.28075520833333334,0.466545138888889,0,True,True
24284,0,0.0,0.3143489583333333,0.524474826388889,0.3143489583333333,0.4706336805555556,1,True,False
24284,1,0.5,0.3150390625,0.5421571180555556,0.3090625,0.46615234375,1,True,False
24284,2,1.0,0.32766927083333336,0.5203645833333334,0.3051171875,0.4430143229166667,1,True,False
24285,0,0.0,0.48626302083333334,0.5725173611111112,0.43752604166666664,0.53087890625,0,True,True
24285,1,0.5,0.5066536458333334,0.5600868055555556,0.48328125,0.5537217881944444,0,True,True
24285,2,1.0,0.41615885416666665,0.4647569444444444,0.41615885416666665,0.5312152777777778,0,True,True
24286,0,0.0,0.3046744791666667,0.4408376736111111,0.16802083333333334,0.35312065972222223,2,True,False
24286,1,0.5,0.3103385416666667,0.43650173611111115,0.16743489583333335,0.35127604166666665,2,True,False
24286,2,1.0,0.30921875,0.43756510416666666,0.15768229166666667,0.3473828125,2,True,False
24287,0,0.0,0.39803385416666665,0.40324652777777775,0.39803385416666665,0.5034874131944445,0,True,True
24287,1,0.5,0.3984244791666667,0.40473090277777773,0.3984244791666667,0.5148263888888889,0,True,True
24287,2,1.0,0.40014322916666667,0.4090755208333334,0.40014322916666667,0.5184895833333333,0,True,True
24288,0,0.0,0.5492317708333333,0.5776215277777778,0.47109375,0.5564735243055555,0,True,True
24288,1,0.5,0.47282552083333335,0.5107986111111111,0.375546875,0.48970703125,0,True,True
24288,2,1.0,0.418359375,0.4701692708333334,0.30798177083333333,0.44872178819444447,0,True,True
24289,0,0.0,0.5025130208333334,0.5751692708333334,0.30485677083333335,0.5036740451388889,0,True,True
24289,1,0.5,0.39458333333333334,0.5729644097222223,0.2980859375,0.4884765625,0,True,True
24289,2,1.0,0.3802083333333333,0.5234895833333334,0.22966145833333335,0.4322243923611111,0,True,True
24290,0,0.0,0.5605598958333333,0.6639670138888889,0.49221354166666664,0.6136697048611112,0,True,True
24290,1,0.5,0.520625,0.5443142361111112,0.35053385416666666,0.4701388888888889,0,True,True
24290,2,1.0,0.3344140625,0.4723828125,0.21904947916666667,0.38812934027777785,1,True,True
24291,0,0.0,0.45240885416666665,0.5704036458333334,0.414765625,0.5392534722222222,0,True,True
24291,1,0.5,0.388515625,0.5235807291666666,0.34079427083333336,0.4744683159722222,0,True,True
24291,2,1.0,0.333828125,0.44036458333333334,0.2441796875,0.3992556423611111,1,True,False
24292,0,0.0,0.42833333333333334,0.4945529513888889,0.42833333333333334,0.5739822048611111,0,True,True
24292,1,0.5,0.4258854166666667,0.4932074652777778,0.4258854166666667,0.5791970486111112,0,True,True
24292,2,1.0,0.4261197916666667,0.49258246527777777,0.4261197916666667,0.5834071180555556,0,True,True
24293,0,0.0,0.5135807291666666,0.5913107638888889,0.467734375,0.5529969618055556,0,True,True
24293,1,0.5,0.49985677083333335,0.5824956597222223,0.47546875,0.5491688368055556,0,True,True
24293,2,1.0,0.48713541666666665,0.5605555555555555,0.4698046875,0.5411805555555554,0,True,True
24294,0,0.0,0.41451822916666664,0.5171310763888889,0.41451822916666664,0.5728255208333333,0,True,True
24294,1,0.5,0.40963541666666664,0.5240190972222223,0.40963541666666664,0.5693489583333333,0,True,True
24294,2,1.0,0.37822916666666667,0.5176779513888888,0.37822916666666667,0.5462630208333333,0,True,True
24295,0,0.0,0.336796875,0.4241102430555556,0.336796875,0.4282378472222222,1,True,True
24295,1,0.5,0.43984375,0.5328993055555555,0.41125,0.5158485243055556,0,True,True
24295,2,1.0,0.41196614583333335,0.46412326388888886,0.32838541666666665,0.46452039930555555,0,True,True
24296,0,0.0,0.2743229166666667,0.43578125,0.1316796875,0.3773155381944444,1,True,False
24296,1,0.5,0.33296875,0.4425043402777778,0.15497395833333333,0.37987196180555555,1,True,False
24296,2,1.0,0.3956640625,0.4901866319444445,0.18165364583333332,0.4266796875,0,True,True
24297,0,0.0,0.4710546875,0.5528602430555556,0.3806510416666667,0.5205425347222223,0,True,True
24297,1,0.5,0.44505208333333335,0.5261935763888889,0.33263020833333334,0.48940538194444444,0,True,True
24297,2,1.0,0.39505208333333336,0.46588975694444446,0.30395833333333333,0.44113064236111105,0,True,True
24298,0,0.0,0.4884895833333333,0.5109722222222223,0.38200520833333335,0.4822048611111111,0,True,True
24298,1,0.5,0.47390625,0.5070312499999999,0.3795442708333333,0.47909288194444444,0,True,True
24298,2,1.0,0.4651822916666667,0.5061979166666667,0.37850260416666665,0.47582031249999995,0,True,True
24299,0,0.0,0.48430989583333334,0.6283854166666667,0.46649739583333333,0.5884570312499999,0,True,True
24299,1,0.5,0.6389583333333333,0.7102126736111112,0.5162369791666667,0.6585894097222221,0,True,True
24299,2,1.0,0.5685807291666667,0.722087673611111,0.48041666666666666,0.6521896701388888,0,True,True
24300,0,0.0,0.3952864583333333,0.5288064236111111,0.3952864583333333,0.5570638020833333,0,True,True
24300,1,0.5,0.40497395833333333,0.4580034722222222,0.40497395833333333,0.5593880208333334,0,True,True
24300,2,1.0,0.4110286458333333,0.42938368055555554,0.4110286458333333,0.5448654513888889,0,True,True
24301,0,0.0,0.5333333333333333,0.5980946180555555,0.4085416666666667,0.5494162326388888,0,True,True
24301,1,0.5,0.6382552083333334,0.645607638888889,0.5298307291666666,0.6319487847222222,0,True,True
24301,2,1.0,0.5816276041666667,0.6597916666666667,0.5767057291666666,0.6296202256944444,0,True,True
24302,0,0.0,0.38188802083333334,0.5280381944444444,0.38188802083333334,0.5222938368055555,0,True,True
24302,1,0.5,0.3722786458333333,0.5228819444444445,0.3722786458333333,0.5059743923611112,0,True,True
24302,2,1.0,0.36498697916666667,0.5239583333333333,0.36498697916666667,0.5030360243055555,0,True,True
24303,0,0.0,0.2998177083333333,0.4883723958333333,0.23272135416666667,0.40873263888888894,1,True,False
24303,1,0.5,0.28501302083333335,0.48523437499999994,0.27283854166666666,0.4075564236111111,1,True,False
24303,2,1.0,0.393515625,0.47536458333333337,0.2621614583333333,0.4134939236111111,0,True,True
24304,0,0.0,0.39057291666666666,0.5222092013888888,0.39057291666666666,0.5362087673611111,0,True,True
24304,1,0.5,0.4778125,0.608806423611111,0.406484375,0.56248046875,0,True,True
24304,2,1.0,0.42618489583333335,0.4790494791666667,0.37276041666666665,0.48160590277777776,0,True,True
24305,0,0.0,0.389765625,0.5014973958333333,0.389765625,0.5441536458333333,0,True,True
24305,1,0.5,0.3837890625,0.5111848958333334,0.3837890625,0.5236827256944444,0,True,True
24305,2,1.0,0.3486328125,0.5118793402777778,0.3486328125,0.49761067708333334,1,True,True
24306,0,0.0,0.35966145833333335,0.4931510416666667,0.35966145833333335,0.4847352430555556,0,True,True
24306,1,0.5,0.5135286458333334,0.6046918402777778,0.5135286458333334,0.618200954861111,0,True,True
24306,2,1.0,0.42182291666666666,0.5474088541666667,0.42182291666666666,0.5469032118055556,0,True,True
24307,0,0.0,0.38502604166666665,0.4900564236111111,0.3045572916666667,0.4389908854166667,0,True,True
24307,1,0.5,0.4114713541666667,0.5159201388888889,0.2479296875,0.43927083333333333,0,True,True
24307,2,1.0,0.3448177083333333,0.4883376736111111,0.1926953125,0.41041232638888886,1,True,False
24308,0,0.0,0.41294270833333335,0.4551432291666666,0.3653255208333333,0.46471137152777775,0,True,True
24308,1,0.5,0.365,0.4362847222222222,0.365,0.45523871527777776,0,True,True
24308,2,1.0,0.30346354166666667,0.4018272569444445,0.30346354166666667,0.4340690104166667,1,True,True
24309,0,0.0,0.41403645833333336,0.5196961805555556,0.41403645833333336,0.5217013888888888,0,True,True
24309,1,0.5,0.5428255208333334,0.5620225694444445,0.4169921875,0.5168988715277778,0,True,True
24309,2,1.0,0.42921875,0.5392838541666667,0.3901953125,0.47997395833333334,0,True,True
24310,0,0.0,0.3748828125,0.4511675347222222,0.26532552083333333,0.40498697916666665,0,True,True
24310,1,0.5,0.39264322916666666,0.4544140625,0.23674479166666668,0.39234375,0,True,True
24310,2,1.0,0.48196614583333336,0.49964409722222225,0.34372395833333336,0.46480251736111117,0,True,True
24311,0,0.0,0.3198828125,0.5458246527777778,0.2071484375,0.440390625,1,True,False
24311,1,0.5,0.4529296875,0.5061588541666667,0.2569140625,0.4471397569444444,0,True,True
24311,2,1.0,0.3935416666666667,0.48245225694444444,0.214140625,0.41641710069444443,0,True,True
24312,0,0.0,0.38329427083333334,0.5035286458333333,0.38329427083333334,0.5532508680555556,0,True,True
24312,1,0.5,0.48216145833333335,0.5984852430555556,0.48216145833333335,0.6035611979166667,0,True,True
24312,2,1.0,0.4706640625,0.6230121527777778,0.3744661458333333,0.5581184895833334,0,True,True
24313,0,0.0,0.5282682291666667,0.6624609375,0.4798046875,0.6249913194444444,0,True,True
24313,1,0.5,0.3932291666666667,0.5680512152777778,0.3932291666666667,0.5768337673611111,0,True,True
24313,2,1.0,0.3869401041666667,0.4835373263888889,0.3869401041666667,0.49849609375000004,0,True,True
24314,0,0.0,0.37557291666666665,0.5010416666666666,0.37557291666666665,0.51271484375,0,True,True
24314,1,0.5,0.5423828125,0.6074826388888889,0.38061197916666667,0.5608355034722222,0,True,True
24314,2,1.0,0.455234375,0.5044444444444445,0.303828125,0.4445616319444445,0,True,True
24315,0,0.0,0.34001302083333335,0.6207378472222222,0.3196875,0.5433745659722223,1,True,True
24315,1,0.5,0.35278645833333333,0.6105729166666667,0.3126953125,0.5333506944444445,0,True,True
24315,2,1.0,0.37192708333333335,0.6136501736111112,0.32829427083333335,0.5397005208333333,0,True,True
24316,0,0.0,0.3957421875,0.5797222222222221,0.3727083333333333,0.5449522569444444,0,True,True
24316,1,0.5,0.4290364583333333,0.563125,0.4290364583333333,0.5501931423611112,0,True,True
24316,2,1.0,0.403671875,0.5278342013888889,0.403671875,0.5193858506944444,0,True,True
24317,0,0.0,0.5114583333333333,0.5727256944444444,0.4727734375,0.5419205729166666,0,True,True
24317,1,0.5,0.5245833333333333,0.576271701388889,0.484296875,0.5493728298611111,0,True,True
24317,2,1.0,0.5069010416666667,0.5439192708333334,0.41356770833333334,0.52658203125,0,True,True
24318,0,0.0,0.3820442708333333,0.5167013888888888,0.368515625,0.49819444444444444,0,True,True
24318,1,0.5,0.3648177083333333,0.5045659722222222,0.3508072916666667,0.4854817708333334,0,True,True
24318,2,1.0,0.3563541666666667,0.5031770833333334,0.34345052083333333,0.4823459201388889,0,True,True
24319,0,0.0,0.418125,0.5088064236111111,0.33317708333333335,0.4836501736111111,0,True,True
24319,1,0.5,0.3676953125,0.47332465277777774,0.299140625,0.4499240451388889,0,True,True
24319,2,1.0,0.34717447916666666,0.47305989583333324,0.29572916666666665,0.4415494791666667,1,True,True
24320,0,0.0,0.5115234375,0.6219357638888888,0.5115234375,0.6059700520833333,0,True,True
24320,1,0.5,0.55703125,0.6183723958333333,0.55703125,0.6441297743055555,0,True,True
24320,2,1.0,0.4682161458333333,0.6185807291666667,0.4633072916666667,0.5832443576388889,0,True,True
24321,0,0.0,0.4270963541666667,0.5213151041666667,0.3851953125,0.46425781250000003,0,True,True
24321,1,0.5,0.5191666666666667,0.5969314236111112,0.34432291666666665,0.5255143229166667,0,True,True
24321,2,1.0,0.4532291666666667,0.549748263888889,0.3275,0.4929644097222223,0,True,True
24322,0,0.0,0.41619791666666667,0.5694401041666667,0.2702864583333333,0.49677734375,0,True,True
24322,1,0.5,0.5752083333333333,0.6278428819444444,0.536796875,0.6178233506944444,0,True,True
24322,2,1.0,0.5004817708333333,0.5556901041666666,0.5004817708333333,0.5568836805555555,0,True,True
24323,0,0.0,0.4430078125,0.5395963541666666,0.32415364583333334,0.4768359375,0,True,True
24323,1,0.5,0.4370572916666667,0.5338151041666667,0.33231770833333335,0.47795355902777775,0,True,True
24323,2,1.0,0.4173177083333333,0.5174305555555555,0.32576822916666665,0.4696440972222222,0,True,True
24324,0,0.0,0.4448046875,0.519314236111111,0.28141927083333335,0.49485026041666663,0,True,True
24324,1,0.5,0.44057291666666665,0.5124131944444444,0.25018229166666667,0.47495008680555556,0,True,True
24324,2,1.0,0.475,0.5337413194444444,0.26830729166666667,0.49226562499999993,0,True,True
24325,0,0.0,0.4478255208333333,0.5436631944444444,0.4478255208333333,0.5506358506944444,0,True,True
24325,1,0.5,0.4091927083333333,0.5242013888888889,0.4091927083333333,0.5309526909722222,0,True,True
24325,2,1.0,0.3676302083333333,0.5078298611111111,0.3610026041666667,0.4988975694444444,0,True,True
24326,0,0.0,0.5935677083333334,0.7029166666666667,0.5654557291666666,0.6822287326388888,0,True,True
24326,1,0.5,0.5986979166666667,0.6960329861111111,0.5986979166666667,0.691990017361111,0,True,True
24326,2,1.0,0.5869661458333333,0.6891536458333333,0.5706510416666667,0.6766471354166667,0,True,True
24327,0,0.0,0.45110677083333334,0.5035590277777778,0.38479166666666664,0.4685785590277778,0,True,True
24327,1,0.5,0.40065104166666665,0.46611111111111114,0.382265625,0.46138454861111117,0,True,True
24327,2,1.0,0.355234375,0.4227907986111112,0.355234375,0.4863324652777778,0,True,True
24328,0,0.0,0.43158854166666666,0.5306467013888888,0.30029947916666666,0.45383463541666663,0,True,True
24328,1,0.5,0.5705078125,0.6996875,0.4988671875,0.6522591145833333,0,True,True
24328,2,1.0,0.5042447916666667,0.5438064236111111,0.3976171875,0.5160308159722222,0,True,True
24329,0,0.0,0.3810677083333333,0.5811067708333334,0.3250911458333333,0.5259700520833334,0,True,True
24329,1,0.5,0.37828125,0.5807725694444444,0.31083333333333335,0.5198567708333334,0,True,True
24329,2,1.0,0.3740234375,0.5778298611111111,0.29509114583333335,0.5105967881944443,0,True,True
24330,0,0.0,0.46752604166666667,0.5295789930555556,0.3231119791666667,0.47455512152777773,0,True,True
24330,1,0.5,0.6436328125,0.6935807291666666,0.5853645833333333,0.6858029513888889,0,True,True
24330,2,1.0,0.525,0.6047309027777777,0.3978125,0.5619965277777778,0,True,True
24331,0,0.0,0.3517708333333333,0.4492057291666667,0.3517708333333333,0.46488498263888894,0,True,True
24331,1,0.5,0.34856770833333334,0.4515798611111111,0.34856770833333334,0.4643098958333334,1,True,True
24331,2,1.0,0.3499479166666667,0.4568315972222223,0.3499479166666667,0.4661805555555556,1,True,True
24332,0,0.0,0.4161328125,0.4444140625,0.314296875,0.41062282986111115,0,True,True
24332,1,0.5,0.42149739583333334,0.4277821180555556,0.2909375,0.39263237847222227,0,True,True
24332,2,1.0,0.41606770833333334,0.4248828125,0.30373697916666664,0.38971354166666666,0,True,True
24333,0,0.0,0.3869401041666667,0.465625,0.37822916666666667,0.45620225694444455,0,True,True
24333,1,0.5,0.3808203125,0.46240451388888887,0.3808203125,0.4554253472222223,0,True,True
24333,2,1.0,0.3736848958333333,0.45779513888888895,0.3736848958333333,0.45158637152777775,0,True,True
24334,0,0.0,0.3953776041666667,0.627265625,0.38450520833333335,0.5722960069444444,0,True,True
24334,1,0.5,0.4376171875,0.5796961805555556,0.34610677083333335,0.5049934895833335,0,True,True
24334,2,1.0,0.447734375,0.4601779513888889,0.23337239583333333,0.4092708333333333,0,True,True
24335,0,0.0,0.4145963541666667,0.4702517361111111,0.4145963541666667,0.5176475694444443,0,True,True
24335,1,0.5,0.3274609375,0.4018055555555555,0.3274609375,0.43053385416666673,1,True,True
24335,2,1.0,0.332578125,0.3619270833333334,0.20358072916666667,0.3533376736111111,1,True,True
24336,0,0.0,0.4043098958333333,0.5166319444444444,0.35690104166666664,0.44576171875,0,True,True
24336,1,0.5,0.40069010416666667,0.5074262152777779,0.34009114583333333,0.4335807291666667,0,True,True
24336,2,1.0,0.4021484375,0.49888888888888894,0.318671875,0.4258203125,0,True,True
24337,0,0.0,0.3217578125,0.42608072916666667,0.3157682291666667,0.4142513020833334,1,True,True
24337,1,0.5,0.31244791666666666,0.42102864583333327,0.30270833333333336,0.4059049479166666,1,True,True
24337,2,1.0,0.2925520833333333,0.40976128472222223,0.2891927083333333,0.3932877604166667,1,True,True
24338,0,0.0,0.31296875,0.3589973958333334,0.1647265625,0.3420355902777778,1,True,False
24338,1,0.5,0.2997135416666667,0.34284288194444446,0.15421875,0.3301822916666667,1,True,False
24338,2,1.0,0.29859375,0.3449609375,0.15421875,0.33003472222222224,2,True,False
24339,0,0.0,0.4052734375,0.5014800347222222,0.24438802083333333,0.4373285590277778,0,True,True
24339,1,0.5,0.39739583333333334,0.4950651041666667,0.23098958333333333,0.43334635416666667,0,True,True
24339,2,1.0,0.37583333333333335,0.49062934027777777,0.21256510416666666,0.4283919270833334,0,True,True
24340,0,0.0,0.40079427083333335,0.42514756944444443,0.36135416666666664,0.4626215277777777,0,True,True
24340,1,0.5,0.4978255208333333,0.5099782986111111,0.38897135416666667,0.5110546875,0,True,True
24340,2,1.0,0.6269921875,0.6441840277777778,0.5179166666666667,0.6220377604166667,0,True,True
24341,0,0.0,0.3821744791666667,0.6209939236111112,0.3821744791666667,0.5535221354166667,0,True,True
24341,1,0.5,0.382734375,0.51140625,0.31342447916666666,0.48702907986111105,0,True,True
24341,2,1.0,0.3335677083333333,0.3828732638888889,0.2046484375,0.37814453124999997,1,True,True
24342,0,0.0,0.3998567708333333,0.5172569444444445,0.32407552083333335,0.47073567708333336,0,True,True
24342,1,0.5,0.37744791666666666,0.5315538194444445,0.27946614583333335,0.45829427083333335,0,True,True
24342,2,1.0,0.37204427083333336,0.5369401041666667,0.24936197916666666,0.4526215277777778,0,True,True
24343,0,0.0,0.34936197916666667,0.4694140625,0.34936197916666667,0.5260850694444444,1,True,True
24343,1,0.5,0.3585026041666667,0.47853298611111117,0.3585026041666667,0.5198220486111111,0,True,True
24343,2,1.0,0.3668359375,0.4883420138888889,0.3668359375,0.5142013888888889,0,True,True
24344,0,0.0,0.4507552083333333,0.6027690972222222,0.4507552083333333,0.6114474826388888,0,True,True
24344,1,0.5,0.46515625,0.5869357638888889,0.46515625,0.5936675347222222,0,True,True
24344,2,1.0,0.42028645833333333,0.5576171875,0.42028645833333333,0.5778884548611112,0,True,True
24345,0,0.0,0.5096614583333333,0.5583550347222223,0.38654947916666665,0.511032986111111,0,True,True
24345,1,0.5,0.5408723958333334,0.6123567708333333,0.5034375,0.5874609375,0,True,True
24345,2,1.0,0.43420572916666667,0.46989583333333335,0.43420572916666667,0.4947374131944444,0,True,True
24346,0,0.0,0.568046875,0.5971397569444444,0.37296875,0.5291254340277778,0,True,True
24346,1,0.5,0.5757552083333334,0.6229253472222221,0.5536588541666667,0.6312977430555555,0,True,True
24346,2,1.0,0.4715234375,0.5507291666666667,0.4715234375,0.6173415798611112,0,True,True
24347,0,0.0,0.4723046875,0.6382769097222222,0.4228385416666667,0.5800412326388888,0,True,True
24347,1,0.5,0.4574739583333333,0.6315755208333333,0.40467447916666666,0.5763975694444444,0,True,True
24347,2,1.0,0.4641015625,0.6096267361111111,0.4122005208333333,0.5675043402777777,0,True,True
24348,0,0.0,0.4585546875,0.5388498263888889,0.4585546875,0.5711154513888889,0,True,True
24348,1,0.5,0.4676171875,0.5378862847222222,0.4676171875,0.5757378472222222,0,True,True
24348,2,1.0,0.45881510416666665,0.5266623263888889,0.45881510416666665,0.5610264756944444,0,True,True
24349,0,0.0,0.5328776041666666,0.6219270833333334,0.3490755208333333,0.5543511284722222,0,True,True
24349,1,0.5,0.46307291666666667,0.6011328125,0.30768229166666666,0.5291167534722222,0,True,True
24349,2,1.0,0.42015625,0.5810677083333333,0.2986197916666667,0.518654513888889,0,True,True
24350,0,0.0,0.39911458333333333,0.5959852430555556,0.29790364583333334,0.5346875,0,True,True
24350,1,0.5,0.459296875,0.5697439236111111,0.3093489583333333,0.5213650173611111,0,True,True
24350,2,1.0,0.4136328125,0.52390625,0.24,0.46693359374999993,0,True,True
24351,0,0.0,0.3818229166666667,0.5329383680555555,0.23313802083333332,0.4843489583333333,0,True,True
24351,1,0.5,0.3780078125,0.5283289930555556,0.23348958333333333,0.48415364583333326,0,True,True
24351,2,1.0,0.3599088541666667,0.5136241319444445,0.23266927083333333,0.47775173611111105,0,True,True
24352,0,0.0,0.5022916666666667,0.5718446180555555,0.42235677083333334,0.5421245659722221,0,True,True
24352,1,0.5,0.5896875,0.5977690972222222,0.4567057291666667,0.5526931423611111,0,True,True
24352,2,1.0,0.3611197916666667,0.5536458333333334,0.3341145833333333,0.48705946180555565,0,True,True
24353,0,0.0,0.396875,0.4845486111111111,0.3811328125,0.46056206597222227,0,True,True
24353,1,0.5,0.49481770833333333,0.5913671875,0.426015625,0.5446809895833333,0,True,True
24353,2,1.0,0.44221354166666665,0.5537890625,0.3766145833333333,0.4927517361111111,0,True,True
24354,0,0.0,0.4022526041666667,0.5539887152777778,0.25015625,0.46691623263888893,0,True,True
24354,1,0.5,0.4734114583333333,0.5435503472222222,0.31609375,0.47006293402777777,0,True,True
24354,2,1.0,0.4316015625,0.5316449652777778,0.4065234375,0.48107638888888893,0,True,True
24355,0,0.0,0.5704166666666667,0.6408767361111111,0.44885416666666667,0.6147222222222222,0,True,True
24355,1,0.5,0.5062109375,0.5491145833333333,0.484140625,0.5297547743055555,0,True,True
24355,2,1.0,0.38333333333333336,0.445625,0.22955729166666666,0.4175434027777778,0,True,True
24356,0,0.0,0.374609375,0.553671875,0.24669270833333334,0.47503255208333334,0,True,True
24356,1,0.5,0.419453125,0.5579513888888888,0.38990885416666665,0.4919791666666666,0,True,True
24356,2,1.0,0.34791666666666665,0.3893706597222222,0.32088541666666665,0.39547309027777783,1,True,True
24357,0,0.0,0.585,0.667443576388889,0.49833333333333335,0.6281640625,0,True,True
24357,1,0.5,0.5791666666666667,0.650390625,0.5791666666666667,0.6728949652777777,0,True,True
24357,2,1.0,0.5251953125,0.6345138888888888,0.5251953125,0.6365364583333333,0,True,True
24358,0,0.0,0.45455729166666664,0.5007899305555555,0.3564583333333333,0.4691145833333333,0,True,True
24358,1,0.5,0.4565885416666667,0.49920138888888893,0.3540234375,0.47406684027777785,0,True,True
24358,2,1.0,0.4413932291666667,0.4965538194444445,0.36192708333333334,0.4670203993055555,0,True,True
24359,0,0.0,0.37916666666666665,0.5255815972222223,0.3303515625,0.46902343750000003,0,True,True
24359,1,0.5,0.408359375,0.5109678819444444,0.3420182291666667,0.4722677951388889,0,True,True
24359,2,1.0,0.40259114583333333,0.500451388888889,0.3401171875,0.4660047743055555,0,True,True
24360,0,0.0,0.44609375,0.4724826388888889,0.26233072916666667,0.4298936631944445,0,True,True
24360,1,0.5,0.4450911458333333,0.4694487847222222,0.2784505208333333,0.4349283854166666,0,True,True
24360,2,1.0,0.43627604166666667,0.45297743055555556,0.2746354166666667,0.4275607638888889,0,True,True
24361,0,0.0,0.37506510416666666,0.42493489583333327,0.25958333333333333,0.43100477430555556,0,True,True
24361,1,0.5,0.47171875,0.5912456597222222,0.40337239583333334,0.5508528645833334,0,True,True
24361,2,1.0,0.41296875,0.5639409722222223,0.41296875,0.5613346354166667,0,True,True
24362,0,0.0,0.34727864583333334,0.42214843750000003,0.2683203125,0.3970160590277778,1,True,True
24362,1,0.5,0.4600390625,0.5485243055555555,0.4600390625,0.5929188368055556,0,True,True
24362,2,1.0,0.5912239583333333,0.6862586805555555,0.5519661458333334,0.6633702256944444,0,True,True
24363,0,0.0,0.42075520833333335,0.506328125,0.3224869791666667,0.44280598958333334,0,True,True
24363,1,0.5,0.4297005208333333,0.5100520833333334,0.3233984375,0.44491970486111115,0,True,True
24363,2,1.0,0.442890625,0.5130078125,0.32885416666666667,0.4483029513888889,0,True,True
24364,0,0.0,0.40196614583333334,0.5695138888888889,0.2768098958333333,0.49255425347222226,0,True,True
24364,1,0.5,0.5047916666666666,0.5880078125,0.4338671875,0.5697699652777777,0,True,True
24364,2,1.0,0.3995052083333333,0.5627951388888889,0.35618489583333335,0.5180121527777778,0,True,True
24365,0,0.0,0.3512239583333333,0.45035590277777776,0.3512239583333333,0.5345594618055556,0,True,True
24365,1,0.5,0.355,0.46349392361111114,0.355,0.5222894965277778,0,True,True
24365,2,1.0,0.3561197916666667,0.4812369791666667,0.3561197916666667,0.5103949652777778,0,True,True
24366,0,0.0,0.4652864583333333,0.5956814236111111,0.43028645833333334,0.5293077256944444,0,True,True
24366,1,0.5,0.4781901041666667,0.6030729166666666,0.37994791666666666,0.5302799479166667,0,True,True
24366,2,1.0,0.4815755208333333,0.5613932291666667,0.39740885416666666,0.5158485243055556,0,True,True
24367,0,0.0,0.3693489583333333,0.4553298611111111,0.2516145833333333,0.42766276041666657,0,True,True
24367,1,0.5,0.39348958333333334,0.5212109375,0.39348958333333334,0.49551649305555556,0,True,True
24367,2,1.0,0.28665364583333336,0.3588498263888889,0.28665364583333336,0.4403580729166667,2,True,True
24368,0,0.0,0.48432291666666666,0.5681206597222223,0.42192708333333334,0.5220920138888888,0,True,True
24368,1,0.5,0.4820963541666667,0.5755251736111111,0.42315104166666667,0.5189040798611111,0,True,True
24368,2,1.0,0.5030989583333333,0.594157986111111,0.42705729166666667,0.5295789930555556,0,True,True
24369,0,0.0,0.4448828125,0.5260460069444445,0.370859375,0.5092426215277778,0,True,True
24369,1,0.5,0.45048177083333335,0.5252213541666667,0.358046875,0.5044921874999999,0,True,True
24369,2,1.0,0.45190104166666667,0.5298177083333333,0.3512239583333333,0.5032855902777776,0,True,True
24370,0,0.0,0.7216666666666667,0.7303645833333333,0.6463802083333333,0.7059939236111111,0,True,True
24370,1,0.5,0.7122135416666666,0.7611024305555555,0.6263411458333333,0.71857421875,0,True,True
24370,2,1.0,0.5605078125,0.7187022569444445,0.5205208333333333,0.6681857638888888,0,True,True
24371,0,0.0,0.38115885416666667,0.42417100694444443,0.38115885416666667,0.5357530381944444,0,True,True
24371,1,0.5,0.38234375,0.42841579861111106,0.38234375,0.5362630208333333,0,True,True
24371,2,1.0,0.37552083333333336,0.4377821180555556,0.37552083333333336,0.5341102430555555,0,True,True
24372,0,0.0,0.5513411458333334,0.6486501736111111,0.431640625,0.6112999131944444,0,True,True
24372,1,0.5,0.5602864583333333,0.6582248263888889,0.43028645833333334,0.6164713541666667,0,True,True
24372,2,1.0,0.5618880208333333,0.6435546875,0.44140625,0.6094444444444445,0,True,True
24373,0,0.0,0.33934895833333334,0.39794704861111113,0.13467447916666667,0.34067057291666664,1,True,False
24373,1,0.5,0.3418098958333333,0.40074652777777775,0.13680989583333333,0.34391493055555555,1,True,False
24373,2,1.0,0.35282552083333335,0.40796875,0.14140625,0.35167968749999995,0,True,True
24374,0,0.0,0.3977994791666667,0.5879036458333333,0.25609375,0.5044943576388888,0,True,True
24374,1,0.5,0.49266927083333334,0.5638585069444444,0.38569010416666666,0.49557074652777783,0,True,True
24374,2,1.0,0.40098958333333334,0.49874999999999997,0.31421875,0.42681640624999995,0,True,True
24375,0,0.0,0.37372395833333333,0.5154861111111111,0.37372395833333333,0.5049153645833333,0,True,True
24375,1,0.5,0.378359375,0.4130034722222222,0.378359375,0.4826215277777777,0,True,True
24375,2,1.0,0.4050651041666667,0.46877604166666664,0.4050651041666667,0.4684201388888889,0,True,True
24376,0,0.0,0.40524739583333336,0.5176258680555555,0.3527604166666667,0.46970486111111115,0,True,True
24376,1,0.5,0.4151171875,0.5283246527777777,0.36842447916666665,0.4822916666666666,0,True,True
24376,2,1.0,0.4164322916666667,0.5407986111111112,0.379609375,0.49343967013888895,0,True,True
24377,0,0.0,0.41759114583333334,0.5803428819444445,0.41759114583333334,0.5778472222222223,0,True,True
24377,1,0.5,0.4232682291666667,0.5814713541666666,0.4232682291666667,0.5848502604166667,0,True,True
24377,2,1.0,0.42466145833333335,0.5727560763888889,0.42466145833333335,0.5766080729166666,0,True,True
24378,0,0.0,0.46015625,0.5349305555555556,0.3967057291666667,0.5056032986111111,0,True,True
24378,1,0.5,0.4231640625,0.4875998263888888,0.4231640625,0.5224782986111111,0,True,True
24378,2,1.0,0.3801171875,0.41989583333333336,0.3801171875,0.5070507812499999,0,True,True
24379,0,0.0,0.37817708333333333,0.5716753472222222,0.37817708333333333,0.530310329861111,0,True,True
24379,1,0.5,0.6299869791666667,0.6793185763888889,0.6299869791666667,0.6784592013888889,0,True,True
24379,2,1.0,0.406875,0.5283593750000001,0.2759505208333333,0.4543901909722223,0,True,True
24380,0,0.0,0.39826822916666665,0.4777387152777777,0.39826822916666665,0.5534049479166666,0,True,True
24380,1,0.5,0.5117057291666667,0.6317013888888888,0.5117057291666667,0.6460807291666666,0,True,True
24380,2,1.0,0.6364192708333334,0.688693576388889,0.4713411458333333,0.6331618923611111,0,True,True
24381,0,0.0,0.41748697916666666,0.49313368055555556,0.26783854166666665,0.45121310763888894,0,True,True
24381,1,0.5,0.4049479166666667,0.4894487847222222,0.2611588541666667,0.4481401909722222,0,True,True
24381,2,1.0,0.39416666666666667,0.48193576388888887,0.2544401041666667,0.44261501736111103,0,True,True
24382,0,0.0,0.34725260416666665,0.40770399305555555,0.325625,0.40277777777777773,1,True,True
24382,1,0.5,0.42170572916666665,0.50078125,0.3526953125,0.4577387152777777,0,True,True
24382,2,1.0,0.4769921875,0.5432118055555556,0.4199609375,0.5107769097222222,0,True,True
24383,0,0.0,0.3640494791666667,0.579392361111111,0.3640494791666667,0.5407139756944445,0,True,True
24383,1,0.5,0.3939973958333333,0.5029079861111111,0.3939973958333333,0.5754448784722223,0,True,True
24383,2,1.0,0.348828125,0.45608940972222217,0.348828125,0.5031575520833332,1,True,True
24384,0,0.0,0.38143229166666665,0.5049869791666667,0.38143229166666665,0.5517860243055557,0,True,True
24384,1,0.5,0.37557291666666665,0.5335807291666667,0.37557291666666665,0.5457964409722221,0,True,True
24384,2,1.0,0.3739192708333333,0.5915277777777778,0.3739192708333333,0.5721592881944445,0,True,True
24385,0,0.0,0.3341145833333333,0.4147092013888889,0.3341145833333333,0.45664930555555555,1,True,True
24385,1,0.5,0.43697916666666664,0.5563888888888889,0.43697916666666664,0.5452191840277777,0,True,True
24385,2,1.0,0.5595963541666666,0.6240755208333333,0.5442447916666666,0.6069813368055555,0,True,True
24386,0,0.0,0.5375651041666667,0.560625,0.4740755208333333,0.54947265625,0,True,True
24386,1,0.5,0.4718098958333333,0.5387065972222222,0.4636588541666667,0.5422265625000001,0,True,True
24386,2,1.0,0.47881510416666667,0.5376909722222222,0.47881510416666667,0.54751953125,0,True,True
24387,0,0.0,0.467265625,0.5440147569444445,0.32640625,0.4898763020833334,0,True,True
24387,1,0.5,0.4903255208333333,0.5502300347222222,0.3988541666666667,0.51912109375,0,True,True
24387,2,1.0,0.3694791666666667,0.4966579861111111,0.3631770833333333,0.47142361111111114,0,True,True
24388,0,0.0,0.441171875,0.5921137152777778,0.30811197916666666,0.5134526909722222,0,True,True
24388,1,0.5,0.5584244791666667,0.6019227430555556,0.5552213541666666,0.6129969618055556,0,True,True
24388,2,1.0,0.51296875,0.5625520833333334,0.51296875,0.5703645833333334,0,True,True
24389,0,0.0,0.32631510416666665,0.4429036458333333,0.32631510416666665,0.46642795138888893,1,True,True
24389,1,0.5,0.40328125,0.4920008680555556,0.40328125,0.5115321180555555,0,True,True
24389,2,1.0,0.5208854166666667,0.5932204861111111,0.516640625,0.5839322916666667,0,True,True
24390,0,0.0,0.4373046875,0.5623784722222223,0.42162760416666667,0.5176432291666667,0,True,True
24390,1,0.5,0.3827213541666667,0.5389453125,0.3827213541666667,0.4972243923611111,0,True,True
24390,2,1.0,0.3519921875,0.5235720486111112,0.3519921875,0.47901258680555553,0,True,True
24391,0,0.0,0.365078125,0.40533854166666666,0.20822916666666666,0.3728754340277778,0,True,True
24391,1,0.5,0.37421875,0.3980598958333334,0.20325520833333333,0.3639344618055556,0,True,True
24391,2,1.0,0.34977864583333335,0.3819184027777778,0.19162760416666666,0.34890625000000003,1,True,False
24392,0,0.0,0.5460286458333333,0.5633680555555556,0.3437630208333333,0.5023350694444445,0,True,True
24392,1,0.5,0.41713541666666665,0.5440928819444445,0.30596354166666667,0.48126302083333344,0,True,True
24392,2,1.0,0.37290364583333335,0.4734765625,0.26760416666666664,0.4455794270833333,0,True,True
24393,0,0.0,0.5300911458333334,0.5868619791666667,0.3970442708333333,0.5278103298611111,0,True,True
24393,1,0.5,0.5059635416666667,0.5833723958333333,0.39166666666666666,0.5263736979166667,0,True,True
24393,2,1.0,0.48201822916666665,0.5792447916666666,0.39171875,0.5222092013888888,0,True,True
24394,0,0.0,0.36639322916666667,0.5379513888888888,0.28985677083333333,0.4810481770833333,0,True,True
24394,1,0.5,0.502890625,0.6513585069444444,0.4445442708333333,0.6131271701388888,0,True,True
24394,2,1.0,0.3999739583333333,0.5143663194444444,0.3999739583333333,0.5467534722222221,0,True,True
24395,0,0.0,0.35186197916666667,0.42956597222222226,0.35186197916666667,0.4422916666666667,0,True,True
24395,1,0.5,0.44067708333333333,0.49008246527777777,0.352890625,0.4743836805555555,0,True,True
24395,2,1.0,0.3995052083333333,0.44300781249999993,0.3095703125,0.4486697048611111,0,True,True
24396,0,0.0,0.49759114583333336,0.6362890625,0.3104296875,0.5502951388888889,0,True,True
24396,1,0.5,0.5142447916666667,0.6379513888888889,0.41376302083333333,0.5852256944444444,0,True,True
24396,2,1.0,0.44546875,0.5525390625000001,0.38959635416666666,0.5277842881944445,0,True,True
24397,0,0.0,0.3655729166666667,0.4399045138888889,0.19040364583333333,0.37159939236111117,0,True,True
24397,1,0.5,0.36580729166666665,0.5420399305555555,0.2799348958333333,0.4651584201388888,0,True,True
24397,2,1.0,0.2988411458333333,0.5613585069444444,0.2988411458333333,0.5010156250000001,1,True,True
24398,0,0.0,0.3644140625,0.4590364583333333,0.2349609375,0.3878059895833333,0,True,True
24398,1,0.5,0.38328125,0.48118489583333335,0.2735677083333333,0.41659288194444444,0,True,True
24398,2,1.0,0.39609375,0.49361111111111117,0.3045833333333333,0.43511501736111113,0,True,True
24399,0,0.0,0.278671875,0.4699522569444445,0.20665364583333334,0.3922309027777778,1,True,False
24399,1,0.5,0.26126302083333336,0.45883246527777777,0.19020833333333334,0.3801649305555555,1,True,False
24399,2,1.0,0.24983072916666665,0.4515668402777777,0.17484375,0.3702625868055555,1,True,False
24400,0,0.0,0.3892317708333333,0.5250043402777779,0.36626302083333334,0.46609375000000003,0,True,True
24400,1,0.5,0.4378255208333333,0.5573784722222223,0.40088541666666666,0.5010286458333334,0,True,True
24400,2,1.0,0.43145833333333333,0.5337717013888889,0.4078645833333333,0.47976779513888884,0,True,True
24401,0,0.0,0.447265625,0.5803949652777778,0.3076953125,0.4956293402777778,0,True,True
24401,1,0.5,0.45110677083333334,0.5929210069444445,0.336875,0.5106966145833334,0,True,True
24401,2,1.0,0.4674609375,0.5990798611111111,0.3573177083333333,0.5211783854166667,0,True,True
24402,0,0.0,0.2754817708333333,0.3526432291666666,0.2754817708333333,0.38306857638888886,1,True,True
24402,1,0.5,0.44354166666666667,0.49586805555555563,0.44354166666666667,0.5163585069444445,0,True,True
24402,2,1.0,0.39643229166666666,0.47384548611111105,0.39643229166666666,0.5085069444444444,0,True,True
24403,0,0.0,0.3288671875,0.41858506944444446,0.24234375,0.3743771701388889,1,True,True
24403,1,0.5,0.3232291666666667,0.4156944444444444,0.22765625,0.3621484375,1,True,False
24403,2,1.0,0.3351822916666667,0.4196484375,0.22674479166666667,0.3630425347222222,1,True,False
24404,0,0.0,0.38755208333333335,0.4874262152777778,0.38755208333333335,0.48842881944444444,0,True,True
24404,1,0.5,0.4307942708333333,0.5700607638888888,0.4307942708333333,0.5462543402777778,0,True,True
24404,2,1.0,0.40421875,0.4644184027777778,0.3706640625,0.4623849826388889,0,True,True
24405,0,0.0,0.39602864583333336,0.4480078125,0.23600260416666666,0.40991102430555554,0,True,True
24405,1,0.5,0.4670703125,0.5194618055555555,0.2740885416666667,0.46483506944444447,0,True,True
24405,2,1.0,0.407578125,0.5380338541666667,0.28063802083333333,0.4783875868055556,0,True,True
24406,0,0.0,0.3655598958333333,0.42040798611111113,0.23733072916666667,0.4208029513888889,0,True,True
24406,1,0.5,0.4488020833333333,0.46209635416666667,0.265625,0.44862847222222224,0,True,True
24406,2,1.0,0.4849348958333333,0.4987890625,0.3309635416666667,0.4775672743055555,0,True,True
24407,0,0.0,0.5004296875,0.5847439236111112,0.4395572916666667,0.572890625,0,True,True
24407,1,0.5,0.4765625,0.5714496527777778,0.41772135416666667,0.5442643229166666,0,True,True
24407,2,1.0,0.466875,0.5448784722222223,0.3824609375,0.5081054687500001,0,True,True
24408,0,0.0,0.4393489583333333,0.5292057291666667,0.3143229166666667,0.49564236111111115,0,True,True
24408,1,0.5,0.4564713541666667,0.5392057291666666,0.3477734375,0.52236328125,0,True,True
24408,2,1.0,0.447421875,0.5503602430555556,0.36169270833333333,0.5310004340277779,0,True,True
24409,0,0.0,0.4943489583333333,0.5740755208333334,0.3753255208333333,0.4927994791666667,0,True,True
24409,1,0.5,0.48768229166666666,0.5786371527777777,0.37600260416666664,0.49384548611111106,0,True,True
24409,2,1.0,0.4769921875,0.5772786458333333,0.3818489583333333,0.4937434895833333,0,True,True
24410,0,0.0,0.5528385416666667,0.5861892361111111,0.5528385416666667,0.6568446180555555,0,True,True
24410,1,0.5,0.6227604166666667,0.6674739583333333,0.6227604166666667,0.7067643229166666,0,True,True
24410,2,1.0,0.6910546875,0.6962803819444444,0.6881901041666667,0.7147092013888888,0,True,True
24411,0,0.0,0.4691927083333333,0.6028993055555555,0.4691927083333333,0.5882682291666667,0,True,True
24411,1,0.5,0.47141927083333335,0.5985199652777778,0.47141927083333335,0.5737326388888889,0,True,True
24411,2,1.0,0.452578125,0.5708810763888889,0.452578125,0.5541406249999999,0,True,True
24412,0,0.0,0.36796875,0.5494053819444445,0.3043619791666667,0.5037217881944445,0,True,True
24412,1,0.5,0.3666536458333333,0.5404600694444445,0.25154947916666665,0.47250434027777777,0,True,True
24412,2,1.0,0.35359375,0.5090147569444444,0.20881510416666665,0.43179470486111104,0,True,True
24413,0,0.0,0.2991666666666667,0.47611545138888883,0.2991666666666667,0.4399283854166667,1,True,True
24413,1,0.5,0.2872005208333333,0.4639453125,0.2872005208333333,0.4225542534722222,1,True,False
24413,2,1.0,0.28563802083333334,0.4608506944444444,0.28563802083333334,0.4207335069444444,1,True,True
24414,0,0.0,0.45837239583333333,0.5251302083333332,0.357734375,0.49821397569444453,0,True,True
24414,1,0.5,0.40444010416666665,0.5010677083333333,0.33904947916666667,0.4683940972222222,0,True,True
24414,2,1.0,0.4663541666666667,0.5259982638888889,0.2863411458333333,0.4743663194444445,0,True,True
24415,0,0.0,0.5079817708333333,0.5944401041666666,0.5079817708333333,0.5977191840277778,0,True,True
24415,1,0.5,0.51125,0.6075911458333333,0.5046744791666666,0.595703125,0,True,True
24415,2,1.0,0.4955078125,0.5820399305555556,0.4955078125,0.5808159722222221,0,True,True
24416,0,0.0,0.6825130208333333,0.7357769097222223,0.6740234375,0.7246940104166667,0,True,True
24416,1,0.5,0.574375,0.7247960069444445,0.574375,0.6979882812500001,0,True,True
24416,2,1.0,0.38177083333333334,0.6412760416666666,0.3435416666666667,0.5641948784722223,0,True,True
24417,0,0.0,0.464375,0.5889887152777777,0.40609375,0.5426410590277778,0,True,True
24417,1,0.5,0.47453125,0.5958420138888889,0.411484375,0.5565733506944445,0,True,True
24417,2,1.0,0.4817578125,0.6030078125,0.40944010416666665,0.5650868055555555,0,True,True
24418,0,0.0,0.49799479166666666,0.5254557291666667,0.49799479166666666,0.5720182291666667,0,True,True
24418,1,0.5,0.4402734375,0.543611111111111,0.4402734375,0.5896289062499999,0,True,True
24418,2,1.0,0.33977864583333334,0.5082769097222223,0.33977864583333334,0.5480859375,1,True,True
24419,0,0.0,0.42078125,0.5015104166666666,0.3319270833333333,0.49041015625,0,True,True
24419,1,0.5,0.416875,0.5621354166666667,0.30606770833333335,0.5045941840277778,0,True,True
24419,2,1.0,0.5117447916666666,0.6069661458333333,0.468515625,0.5973980034722222,0,True,True
24420,0,0.0,0.41358072916666666,0.4630989583333333,0.25069010416666665,0.40271484374999994,0,True,True
24420,1,0.5,0.42497395833333335,0.45790798611111105,0.24348958333333334,0.4022981770833333,0,True,True
24420,2,1.0,0.43235677083333335,0.45296440972222224,0.23635416666666667,0.4022634548611111,0,True,True
24421,0,0.0,0.5077994791666667,0.6043923611111112,0.38516927083333335,0.5434396701388889,0,True,True
24421,1,0.5,0.61890625,0.6573350694444444,0.4786458333333333,0.6122200520833333,0,True,True
24421,2,1.0,0.4933723958333333,0.6349826388888888,0.3952734375,0.5704058159722222,0,True,True
24422,0,0.0,0.35305989583333336,0.4363151041666667,0.2912109375,0.41555121527777783,0,True,True
24422,1,0.5,0.36596354166666667,0.4340581597222222,0.306484375,0.42126953125000005,0,True,True
24422,2,1.0,0.3694791666666667,0.42952256944444445,0.30733072916666665,0.4200217013888889,0,True,True
24423,0,0.0,0.3538541666666667,0.4402256944444445,0.33260416666666665,0.4236848958333333,0,True,True
24423,1,0.5,0.3688151041666667,0.44697048611111106,0.3395182291666667,0.42371093750000005,0,True,True
24423,2,1.0,0.3270572916666667,0.42411892361111114,0.32591145833333335,0.4057139756944445,1,True,True
24424,0,0.0,0.5255338541666666,0.620078125,0.38903645833333333,0.5387261284722223,0,True,True
24424,1,0.5,0.5469791666666667,0.6225868055555556,0.39688802083333335,0.5431336805555556,0,True,True
24424,2,1.0,0.5647005208333333,0.6265321180555555,0.41158854166666664,0.5491775173611111,0,True,True
24425,0,0.0,0.33033854166666665,0.44404947916666665,0.2137109375,0.4071592881944444,1,True,True
24425,1,0.5,0.5405208333333333,0.5987890625,0.49166666666666664,0.5571527777777777,0,True,True
24425,2,1.0,0.4491276041666667,0.5275737847222223,0.36809895833333334,0.4795833333333334,0,True,True
24426,0,0.0,0.34997395833333333,0.592712673611111,0.2973177083333333,0.5189127604166667,1,True,True
24426,1,0.5,0.359765625,0.5774696180555555,0.30071614583333334,0.50890625,0,True,True
24426,2,1.0,0.3651953125,0.5629427083333333,0.293984375,0.4973415798611111,0,True,True
24427,0,0.0,0.3486458333333333,0.48731336805555553,0.2748828125,0.4295138888888889,1,True,True
24427,1,0.5,0.3461458333333333,0.4793489583333334,0.29203125,0.4342491319444444,1,True,True
24427,2,1.0,0.33841145833333336,0.4737369791666666,0.3020703125,0.4339670138888889,1,True,True
24428,0,0.0,0.4171484375,0.5604036458333334,0.2940234375,0.47409071180555556,0,True,True
24428,1,0.5,0.45479166666666665,0.5435243055555555,0.2941015625,0.4525065104166666,0,True,True
24428,2,1.0,0.39705729166666665,0.5293706597222222,0.270234375,0.43154296875000003,0,True,True
24429,0,0.0,0.34014322916666667,0.43755208333333334,0.34014322916666667,0.46899305555555554,1,True,True
24429,1,0.5,0.3615494791666667,0.46977864583333334,0.34794270833333335,0.46617404513888894,0,True,True
24429,2,1.0,0.3627473958333333,0.46740451388888893,0.360078125,0.4660698784722223,0,True,True
24430,0,0.0,0.3462630208333333,0.4479210069444444,0.19967447916666667,0.3920464409722222,1,True,False
24430,1,0.5,0.361171875,0.4431423611111111,0.19515625,0.38769314236111113,0,True,True
24430,2,1.0,0.36432291666666666,0.4363020833333333,0.18884114583333333,0.38202690972222225,0,True,True
24431,0,0.0,0.3908203125,0.4773394097222223,0.34369791666666666,0.4544487847222222,0,True,True
24431,1,0.5,0.4114713541666667,0.49141059027777784,0.355,0.4651996527777778,0,True,True
24431,2,1.0,0.42661458333333335,0.5058463541666667,0.3768489583333333,0.47651909722222224,0,True,True
24432,0,0.0,0.498203125,0.5449696180555555,0.3121875,0.4911610243055555,0,True,True
24432,1,0.5,0.494296875,0.5477821180555557,0.30614583333333334,0.49484157986111116,0,True,True
24432,2,1.0,0.43571614583333335,0.5445529513888889,0.2853125,0.49172526041666664,0,True,True
24433,0,0.0,0.4453255208333333,0.5400303819444444,0.33412760416666665,0.4845616319444444,0,True,True
24433,1,0.5,0.4475911458333333,0.5344835069444445,0.33076822916666665,0.48284722222222226,0,True,True
24433,2,1.0,0.480625,0.5346571180555556,0.34372395833333336,0.4879796006944444,0,True,True
24434,0,0.0,0.466953125,0.5167578125,0.3982291666666667,0.5132052951388889,0,True,True
24434,1,0.5,0.4147005208333333,0.5428125,0.2913411458333333,0.46987847222222223,0,True,True
24434,2,1.0,0.39764322916666667,0.5652560763888889,0.34791666666666665,0.5110763888888888,0,True,True
24435,0,0.0,0.5340364583333334,0.5654166666666667,0.5340364583333334,0.5884787326388888,0,True,True
24435,1,0.5,0.34141927083333334,0.43838975694444443,0.19428385416666666,0.3915842013888889,1,True,True
24435,2,1.0,0.40044270833333334,0.4700564236111111,0.19100260416666667,0.40506293402777777,0,True,True
24436,0,0.0,0.37266927083333334,0.4718880208333333,0.37266927083333334,0.47965711805555555,0,True,True
24436,1,0.5,0.3613411458333333,0.4727083333333333,0.3613411458333333,0.4732356770833333,0,True,True
24436,2,1.0,0.3778515625,0.48682291666666666,0.3778515625,0.47989583333333335,0,True,True
24437,0,0.0,0.34686197916666667,0.4244401041666667,0.22061197916666667,0.36516927083333334,1,True,False
24437,1,0.5,0.34748697916666665,0.4241015625,0.22115885416666667,0.36296223958333335,1,True,False
24437,2,1.0,0.348828125,0.42076822916666673,0.22223958333333332,0.3613563368055556,1,True,False
24438,0,0.0,0.36466145833333335,0.45236111111111116,0.31083333333333335,0.4301866319444445,0,True,True
24438,1,0.5,0.4062369791666667,0.45526041666666667,0.3809895833333333,0.4311762152777778,0,True,True
24438,2,1.0,0.3980208333333333,0.5071918402777779,0.3980208333333333,0.5079188368055555,0,True,True
24439,0,0.0,0.6146223958333333,0.615802951388889,0.5980598958333333,0.6247938368055556,0,True,True
24439,1,0.5,0.7165885416666666,0.7343229166666667,0.663046875,0.7302669270833334,0,True,True
24439,2,1.0,0.7562239583333333,0.7701953125,0.6338932291666667,0.7449218749999998,0,True,True
24440,0,0.0,0.37938802083333334,0.4996310763888889,0.3282421875,0.4756640625,0,True,True
24440,1,0.5,0.33162760416666665,0.45157552083333324,0.31971354166666666,0.43959201388888886,1,True,True
24440,2,1.0,0.387890625,0.47773437500000004,0.30451822916666665,0.45314236111111117,0,True,True
24441,0,0.0,0.4987109375,0.5528602430555556,0.4146875,0.5376649305555555,0,True,True
24441,1,0.5,0.44973958333333336,0.5427083333333332,0.3708723958333333,0.5112022569444443,0,True,True
24441,2,1.0,0.38690104166666667,0.5343836805555555,0.33819010416666667,0.4910329861111111,0,True,True
24442,0,0.0,0.6074479166666666,0.6330772569444444,0.6074479166666666,0.6531857638888888,0,True,True
24442,1,0.5,0.5851432291666666,0.6593576388888889,0.5851432291666666,0.6794010416666666,0,True,True
24442,2,1.0,0.437109375,0.5634939236111111,0.437109375,0.58869140625,0,True,True
24443,0,0.0,0.4236979166666667,0.6768923611111112,0.36694010416666667,0.59798828125,0,True,True
24443,1,0.5,0.4225390625,0.6779513888888888,0.36966145833333336,0.5991341145833333,0,True,True
24443,2,1.0,0.42766927083333334,0.6544618055555556,0.36779947916666667,0.585115017361111,0,True,True
24444,0,0.0,0.5927083333333333,0.6839496527777778,0.3985546875,0.6102039930555555,0,True,True
24444,1,0.5,0.4176302083333333,0.5321180555555555,0.3032942708333333,0.48889539930555553,0,True,True
24444,2,1.0,0.39966145833333333,0.42731770833333327,0.23309895833333333,0.42690538194444444,0,True,True
24445,0,0.0,0.4232682291666667,0.46748697916666665,0.4232682291666667,0.5313020833333334,0,True,True
24445,1,0.5,0.44826822916666664,0.49326822916666674,0.44826822916666664,0.5534374999999999,0,True,True
24445,2,1.0,0.4569270833333333,0.5242881944444444,0.4569270833333333,0.5751931423611111,0,True,True
24446,0,0.0,0.5284114583333334,0.6049392361111111,0.47533854166666667,0.5752886284722222,0,True,True
24446,1,0.5,0.36920572916666666,0.49296875,0.3643489583333333,0.4348914930555556,0,True,True
24446,2,1.0,0.3005729166666667,0.38246093750000004,0.18341145833333333,0.31124782986111116,2,True,False
24447,0,0.0,0.43930989583333335,0.5345008680555555,0.43930989583333335,0.5314366319444445,0,True,True
24447,1,0.5,0.5520833333333334,0.6177647569444444,0.52640625,0.5986805555555555,0,True,True
24447,2,1.0,0.4854557291666667,0.5456467013888889,0.4300130208333333,0.5283940972222223,0,True,True
24448,0,0.0,0.2923307291666667,0.4480989583333333,0.2923307291666667,0.49188585069444435,1,True,True
24448,1,0.5,0.3375520833333333,0.48076388888888894,0.3375520833333333,0.5404839409722223,1,True,True
24448,2,1.0,0.46067708333333335,0.5359244791666667,0.46067708333333335,0.5469401041666667,0,True,True
24449,0,0.0,0.4051953125,0.6139409722222222,0.4051953125,0.5842404513888889,0,True,True
24449,1,0.5,0.4097395833333333,0.6140972222222222,0.4097395833333333,0.5903689236111112,0,True,True
24449,2,1.0,0.41139322916666665,0.613671875,0.41139322916666665,0.5891840277777778,0,True,True
24450,0,0.0,0.47509114583333334,0.5855642361111112,0.47509114583333334,0.5795876736111111,0,True,True
24450,1,0.5,0.5376171875,0.6091536458333332,0.47934895833333335,0.5876888020833333,0,True,True
24450,2,1.0,0.4932942708333333,0.5449913194444443,0.363359375,0.51234375,0,True,True
24451,0,0.0,0.6983723958333333,0.7185286458333332,0.5952994791666667,0.6794097222222222,0,True,True
24451,1,0.5,0.647734375,0.6890234375,0.568515625,0.6535763888888888,0,True,True
24451,2,1.0,0.6321875,0.6979817708333332,0.566015625,0.6555078124999999,0,True,True
24452,0,0.0,0.3621875,0.46164930555555567,0.18697916666666667,0.3970746527777778,0,True,True
24452,1,0.5,0.3672005208333333,0.4685243055555555,0.1903515625,0.39937065972222224,0,True,True
24452,2,1.0,0.36065104166666667,0.46559027777777784,0.1890625,0.3841666666666667,0,True,True
24453,0,0.0,0.3994270833333333,0.5017578125000001,0.3994270833333333,0.5061132812500001,0,True,True
24453,1,0.5,0.3625390625,0.44190104166666666,0.3625390625,0.46140407986111104,0,True,True
24453,2,1.0,0.33630208333333333,0.36940538194444444,0.33630208333333333,0.4128255208333333,2,True,True
24454,0,0.0,0.3481640625,0.6321223958333332,0.2945703125,0.5447526041666666,1,True,True
24454,1,0.5,0.6561979166666667,0.7020659722222223,0.47208333333333335,0.655234375,0,True,True
24454,2,1.0,0.689921875,0.7316189236111111,0.5999739583333333,0.6992513020833334,0,True,True
24455,0,0.0,0.4016015625,0.4908984375,0.25548177083333334,0.45176649305555555,0,True,True
24455,1,0.5,0.3855078125,0.49382812500000006,0.2613802083333333,0.45470486111111114,0,True,True
24455,2,1.0,0.3693489583333333,0.4879470486111111,0.2596484375,0.4507942708333334,0,True,True
24456,0,0.0,0.35856770833333335,0.5324609375,0.24463541666666666,0.46787109374999997,0,True,True
24456,1,0.5,0.4314322916666667,0.5878125,0.2590104166666667,0.5107703993055556,0,True,True
24456,2,1.0,0.5260416666666666,0.5875043402777779,0.26798177083333335,0.5053862847222222,0,True,True
24457,0,0.0,0.42626302083333334,0.6185286458333333,0.3766276041666667,0.5420247395833333,0,True,True
24457,1,0.5,0.38234375,0.595993923611111,0.3408203125,0.5151215277777778,0,True,True
24457,2,1.0,0.3890885416666667,0.5932855902777777,0.348828125,0.5149500868055555,0,True,True
24458,0,0.0,0.4182421875,0.47734809027777775,0.19983072916666667,0.42976128472222225,0,True,True
24458,1,0.5,0.42126302083333333,0.4768793402777778,0.2055078125,0.42974392361111113,0,True,True
24458,2,1.0,0.4053645833333333,0.4714149305555555,0.21106770833333333,0.4249479166666666,0,True,True
24459,0,0.0,0.588984375,0.6158767361111112,0.4267447916666667,0.5713476562500001,0,True,True
24459,1,0.5,0.5335416666666667,0.5852951388888888,0.42736979166666667,0.5452191840277778,0,True,True
24459,2,1.0,0.4478255208333333,0.5013541666666667,0.3446875,0.47495008680555545,0,True,True
24460,0,0.0,0.42657552083333333,0.5795833333333333,0.42657552083333333,0.5803624131944444,0,True,True
24460,1,0.5,0.41345052083333333,0.547326388888889,0.41345052083333333,0.5677365451388889,0,True,True
24460,2,1.0,0.39369791666666665,0.5040581597222222,0.39369791666666665,0.5506098090277778,0,True,True
24461,0,0.0,0.5641666666666667,0.7278732638888888,0.5641666666666667,0.700720486111111,0,True,True
24461,1,0.5,0.5636067708333333,0.7331727430555555,0.5636067708333333,0.7013389756944445,0,True,True
24461,2,1.0,0.563359375,0.7272960069444445,0.563359375,0.6956315104166667,0,True,True
24462,0,0.0,0.4680989583333333,0.5336848958333333,0.44688802083333334,0.4979470486111111,0,True,True
24462,1,0.5,0.429453125,0.5136111111111111,0.3512109375,0.45329427083333335,0,True,True
24462,2,1.0,0.4257421875,0.43536458333333333,0.22736979166666665,0.3741319444444444,0,True,True
24463,0,0.0,0.31385416666666666,0.4309939236111111,0.15381510416666666,0.3539605034722222,1,True,False
24463,1,0.5,0.3194661458333333,0.4273263888888889,0.14786458333333333,0.34955078125000005,2,True,False
24463,2,1.0,0.32309895833333335,0.42821180555555555,0.14654947916666666,0.3496853298611111,2,True,False
24464,0,0.0,0.3570052083333333,0.4533984375,0.3570052083333333,0.5368511284722222,0,True,True
24464,1,0.5,0.3726302083333333,0.45801649305555553,0.3726302083333333,0.5431966145833333,0,True,True
24464,2,1.0,0.3601432291666667,0.44875,0.3601432291666667,0.5301866319444444,0,True,True
24465,0,0.0,0.2278515625,0.42864149305555554,0.17473958333333334,0.3733420138888888,1,True,True
24465,1,0.5,0.226953125,0.4394053819444445,0.18694010416666668,0.3772699652777778,1,True,True
24465,2,1.0,0.205,0.42236545138888887,0.15934895833333335,0.3568858506944444,1,True,True
24466,0,0.0,0.3415885416666667,0.3884548611111111,0.24096354166666667,0.37574435763888886,1,True,True
24466,1,0.5,0.35615885416666665,0.39946614583333334,0.2419921875,0.37962239583333335,0,True,True
24466,2,1.0,0.3749088541666667,0.40835069444444444,0.24955729166666665,0.3853493923611111,0,True,True
24467,0,0.0,0.40705729166666665,0.4553515625,0.2561848958333333,0.4036349826388889,0,True,True
24467,1,0.5,0.4078645833333333,0.4641493055555556,0.2612109375,0.40518663194444443,0,True,True
24467,2,1.0,0.40486979166666665,0.4661458333333333,0.2589453125,0.39853949652777776,0,True,True
24468,0,0.0,0.47270833333333334,0.5337673611111111,0.2636588541666667,0.45785807291666664,0,True,True
24468,1,0.5,0.36799479166666665,0.4816493055555555,0.23358072916666667,0.43128255208333327,0,True,True
24468,2,1.0,0.3270703125,0.37421875000000004,0.20420572916666666,0.36593315972222223,1,True,True
24469,0,0.0,0.4177734375,0.591697048611111,0.4177734375,0.5720724826388889,0,True,True
24469,1,0.5,0.4348046875,0.6123394097222222,0.4348046875,0.5884288194444446,0,True,True
24469,2,1.0,0.5784765625,0.6433246527777777,0.5581510416666666,0.6218576388888889,0,True,True
24470,0,0.0,0.3222265625,0.3473741319444444,0.1406640625,0.3286067708333333,2,True,False
24470,1,0.5,0.3073958333333333,0.40167534722222226,0.15608072916666665,0.3444921875,1,True,True
24470,2,1.0,0.3035026041666667,0.42661024305555556,0.15005208333333334,0.3528450520833333,1,True,True
24471,0,0.0,0.37170572916666667,0.41311197916666664,0.169375,0.3972873263888889,0,True,True
24471,1,0.5,0.37057291666666664,0.41405381944444447,0.16990885416666668,0.40124565972222226,0,True,True
24471,2,1.0,0.38166666666666665,0.4198611111111111,0.17212239583333333,0.39941623263888887,0,True,True
24472,0,0.0,0.4096223958333333,0.5072526041666666,0.2665625,0.47322048611111106,0,True,True
24472,1,0.5,0.5092578125,0.6061631944444444,0.47692708333333333,0.6012239583333333,0,True,True
24472,2,1.0,0.6432421875,0.6769791666666666,0.6183984375,0.6822504340277779,0,True,True
24473,0,0.0,0.39022135416666665,0.45259548611111117,0.3758723958333333,0.44484375000000004,0,True,True
24473,1,0.5,0.3904296875,0.4666579861111111,0.3761979166666667,0.45518446180555544,0,True,True
24473,2,1.0,0.3836979166666667,0.47077256944444446,0.373203125,0.4554991319444444,0,True,True
24474,0,0.0,0.4811328125,0.5975217013888888,0.45079427083333334,0.5543446180555556,0,True,True
24474,1,0.5,0.50125,0.5671006944444444,0.4086197916666667,0.5203450520833334,0,True,True
24474,2,1.0,0.4526822916666667,0.5061111111111111,0.39565104166666665,0.4871940104166666,0,True,True
24475,0,0.0,0.30734375,0.46494791666666674,0.30734375,0.4464279513888889,1,True,True
24475,1,0.5,0.3053255208333333,0.46543836805555555,0.3053255208333333,0.4488454861111111,1,True,True
24475,2,1.0,0.31307291666666665,0.4712717013888889,0.31307291666666665,0.45628255208333335,1,True,True
24476,0,0.0,0.40875,0.4737543402777778,0.40875,0.4982964409722223,0,True,True
24476,1,0.5,0.4105078125,0.4693185763888889,0.4105078125,0.49794921875000003,0,True,True
24476,2,1.0,0.406328125,0.46348524305555555,0.406328125,0.49804904513888887,0,True,True
24477,0,0.0,0.33421875,0.46170138888888895,0.3078125,0.4093337673611111,1,True,True
24477,1,0.5,0.3477864583333333,0.43720052083333333,0.29213541666666665,0.40067925347222216,1,True,True
24477,2,1.0,0.36138020833333334,0.4204427083333333,0.27010416666666665,0.4011805555555556,0,True,True
24478,0,0.0,0.3930078125,0.4738932291666667,0.3930078125,0.4904318576388889,0,True,True
24478,1,0.5,0.4095963541666667,0.47987413194444445,0.4095963541666667,0.48985243055555555,0,True,True
24478,2,1.0,0.43485677083333335,0.4759852430555555,0.43485677083333335,0.5039257812499999,0,True,True
24479,0,0.0,0.6795182291666667,0.6861892361111112,0.6709114583333333,0.6933007812499999,0,True,True
24479,1,0.5,0.6735026041666666,0.6857378472222222,0.6630338541666667,0.6943294270833333,0,True,True
24479,2,1.0,0.6608854166666667,0.6809114583333334,0.6512760416666666,0.6898676215277778,0,True,True
24480,0,0.0,0.39924479166666665,0.4110286458333334,0.24625,0.37409722222222225,0,True,True
24480,1,0.5,0.41248697916666666,0.4194184027777778,0.248125,0.3780338541666666,0,True,True
24480,2,1.0,0.4009505208333333,0.4152604166666667,0.254375,0.37934027777777773,0,True,True
24481,0,0.0,0.2773828125,0.4302083333333333,0.2773828125,0.436328125,2,True,True
24481,1,0.5,0.2905729166666667,0.43291666666666667,0.2905729166666667,0.4413151041666667,2,True,True
24481,2,1.0,0.308984375,0.44332465277777783,0.308984375,0.451015625,1,True,True
24482,0,0.0,0.29259114583333334,0.5096137152777778,0.29259114583333334,0.4714908854166666,1,True,True
24482,1,0.5,0.3921354166666667,0.4989539930555556,0.32372395833333334,0.46313802083333333,0,True,True
24482,2,1.0,0.4143359375,0.522404513888889,0.4143359375,0.5295203993055556,0,True,True
24483,0,0.0,0.48986979166666667,0.5469357638888889,0.2910546875,0.4782443576388889,0,True,True
24483,1,0.5,0.4815494791666667,0.550390625,0.2919010416666667,0.4773980034722223,0,True,True
24483,2,1.0,0.4715885416666667,0.5532118055555556,0.2904557291666667,0.47554253472222224,0,True,True
24484,0,0.0,0.4115234375,0.4449913194444444,0.28997395833333334,0.4327712673611111,0,True,True
24484,1,0.5,0.4112239583333333,0.44082465277777777,0.30609375,0.42323567708333343,0,True,True
24484,2,1.0,0.43854166666666666,0.4676345486111111,0.3268098958333333,0.46384331597222217,0,True,True
24485,0,0.0,0.4559375,0.5533333333333333,0.4559375,0.5375021701388889,0,True,True
24485,1,0.5,0.4312109375,0.5419748263888889,0.4312109375,0.5212803819444445,0,True,True
24485,2,1.0,0.4198307291666667,0.5201215277777779,0.4198307291666667,0.5064388020833334,0,True,True
24486,0,0.0,0.3292578125,0.38222222222222224,0.3292578125,0.4524696180555556,1,True,True
24486,1,0.5,0.33102864583333336,0.3862586805555555,0.33102864583333336,0.4600759548611111,1,True,True
24486,2,1.0,0.33990885416666666,0.40012586805555556,0.33990885416666666,0.46962456597222224,1,True,True
24487,0,0.0,0.4772135416666667,0.5933550347222222,0.41270833333333334,0.5579123263888889,0,True,True
24487,1,0.5,0.4565885416666667,0.5881467013888889,0.38516927083333335,0.5492078993055556,0,True,True
24487,2,1.0,0.4688802083333333,0.5884722222222222,0.3888671875,0.5498068576388888,0,True,True
24488,0,0.0,0.44395833333333334,0.4822265625,0.36028645833333334,0.4717751736111111,0,True,True
24488,1,0.5,0.42635416666666665,0.4779036458333333,0.34682291666666665,0.469921875,0,True,True
24488,2,1.0,0.42846354166666667,0.4793793402777778,0.351484375,0.46833984375,0,True,True
24489,0,0.0,0.6865104166666667,0.7317621527777778,0.5382552083333333,0.6806705729166667,0,True,True
24489,1,0.5,0.5721354166666667,0.6192751736111112,0.42084635416666666,0.5583897569444445,0,True,True
24489,2,1.0,0.503203125,0.5798090277777778,0.39286458333333335,0.50109375,0,True,True
24490,0,0.0,0.6109635416666667,0.6540668402777777,0.6109635416666667,0.6920681423611111,0,True,True
24490,1,0.5,0.48442708333333334,0.5554210069444445,0.48442708333333334,0.6203320312499999,0,True,True
24490,2,1.0,0.4470442708333333,0.5263975694444444,0.4470442708333333,0.5651453993055555,0,True,True
24491,0,0.0,0.39815104166666665,0.5099392361111111,0.39815104166666665,0.5152256944444444,0,True,True
24491,1,0.5,0.41346354166666666,0.5509765624999999,0.41346354166666666,0.5308355034722222,0,True,True
24491,2,1.0,0.43298177083333333,0.5983854166666668,0.43298177083333333,0.5522656250000001,0,True,True
24492,0,0.0,0.5177994791666667,0.6323307291666668,0.47673177083333335,0.6009244791666667,0,True,True
24492,1,0.5,0.5087239583333333,0.6330295138888888,0.46498697916666665,0.5961176215277778,0,True,True
24492,2,1.0,0.5132291666666666,0.6412369791666667,0.4708203125,0.6001019965277777,0,True,True
24493,0,0.0,0.28958333333333336,0.39424045138888886,0.28958333333333336,0.4648611111111111,1,True,True
24493,1,0.5,0.3025130208333333,0.4671657986111111,0.3025130208333333,0.45436848958333337,1,True,True
24493,2,1.0,0.3122265625,0.3453862847222222,0.2187109375,0.34284722222222225,1,True,False
24494,0,0.0,0.62875,0.7236805555555557,0.5626041666666667,0.6959049479166667,0,True,True
24494,1,0.5,0.6358333333333334,0.7232378472222223,0.5694401041666667,0.6986805555555556,0,True,True
24494,2,1.0,0.6376302083333333,0.7205425347222222,0.5705729166666667,0.6981076388888888,0,True,True
24495,0,0.0,0.440078125,0.5438715277777778,0.440078125,0.5443619791666666,0,True,True
24495,1,0.5,0.43200520833333333,0.5424262152777778,0.43200520833333333,0.5443012152777779,0,True,True
24495,2,1.0,0.41045572916666667,0.5379166666666667,0.41045572916666667,0.5396202256944446,0,True,True
24496,0,0.0,0.35833333333333334,0.44654947916666665,0.35833333333333334,0.5390386284722223,0,True,True
24496,1,0.5,0.4442057291666667,0.5314236111111111,0.4442057291666667,0.5679622395833334,0,True,True
24496,2,1.0,0.5095703125,0.5657769097222222,0.5095703125,0.5617339409722223,0,True,True
24497,0,0.0,0.7179557291666666,0.7701432291666666,0.6395963541666667,0.7320594618055555,0,True,True
24497,1,0.5,0.7014453125,0.7617317708333333,0.6204036458333333,0.7242838541666666,0,True,True
24497,2,1.0,0.7019661458333334,0.7396614583333333,0.5872916666666667,0.7003602430555556,0,True,True
24498,0,0.0,0.40166666666666667,0.4157769097222222,0.31231770833333333,0.38699869791666663,0,True,True
24498,1,0.5,0.40032552083333334,0.41459201388888883,0.30983072916666665,0.3838216145833333,0,True,True
24498,2,1.0,0.4010286458333333,0.4145182291666667,0.3099088541666667,0.3826844618055556,0,True,True
24499,0,0.0,0.432265625,0.5010069444444444,0.432265625,0.5685481770833333,0,True,True
24499,1,0.5,0.38140625,0.5137413194444443,0.38140625,0.5420160590277777,0,True,True
24499,2,1.0,0.4723177083333333,0.5937977430555555,0.467890625,0.57455078125,0,True,True
24500,0,0.0,0.4773307291666667,0.6087065972222222,0.41149739583333333,0.5626888020833334,0,True,True
24500,1,0.5,0.5478645833333333,0.6179253472222223,0.4270963541666667,0.5781770833333334,0,True,True
24500,2,1.0,0.34846354166666665,0.49384548611111106,0.2828515625,0.45060112847222217,1,True,True
24501,0,0.0,0.4180078125,0.5503645833333334,0.330625,0.5134223090277777,0,True,True
24501,1,0.5,0.6152083333333334,0.6438020833333333,0.3798046875,0.5694856770833333,0,True,True
24501,2,1.0,0.40544270833333335,0.5242144097222222,0.4018098958333333,0.5169032118055555,0,True,True
24502,0,0.0,0.3661328125,0.5105989583333334,0.27166666666666667,0.4408940972222222,0,True,True
24502,1,0.5,0.3849869791666667,0.5163975694444445,0.2746354166666667,0.44679904513888896,0,True,True
24502,2,1.0,0.39022135416666665,0.48289930555555555,0.26674479166666665,0.42613715277777775,0,True,True
24503,0,0.0,0.43928385416666665,0.5954947916666667,0.43928385416666665,0.5870789930555556,0,True,True
24503,1,0.5,0.4369140625,0.5943923611111112,0.4369140625,0.5881423611111111,0,True,True
24503,2,1.0,0.422109375,0.5867621527777778,0.422109375,0.57740234375,0,True,True
24504,0,0.0,0.5024088541666667,0.6145659722222222,0.5024088541666667,0.6287413194444446,0,True,True
24504,1,0.5,0.498125,0.6060243055555555,0.498125,0.6253125,0,True,True
24504,2,1.0,0.5024088541666667,0.5927864583333333,0.5024088541666667,0.6289084201388889,0,True,True
24505,0,0.0,0.3880078125,0.588415798611111,0.300703125,0.49851345486111115,0,True,True
24505,1,0.5,0.43485677083333335,0.6098263888888888,0.33861979166666667,0.5231770833333332,0,True,True
24505,2,1.0,0.4666927083333333,0.6254991319444444,0.34795572916666667,0.5369596354166667,0,True,True
24506,0,0.0,0.37638020833333335,0.3919314236111111,0.37638020833333335,0.47272569444444446,0,True,True
24506,1,0.5,0.35408854166666665,0.3676258680555556,0.35408854166666665,0.4555143229166667,0,True,True
24506,2,1.0,0.3324479166666667,0.3526258680555556,0.3324479166666667,0.4442404513888889,2,True,True
24507,0,0.0,0.3458203125,0.4132204861111111,0.21149739583333332,0.35704861111111114,1,True,True
24507,1,0.5,0.4520572916666667,0.4783159722222223,0.3094791666666667,0.42518663194444445,0,True,True
24507,2,1.0,0.3742578125,0.5013671875,0.34360677083333335,0.44383680555555555,0,True,True
24508,0,0.0,0.4063541666666667,0.4953819444444445,0.4063541666666667,0.5077343750000001,0,True,True
24508,1,0.5,0.385390625,0.4746137152777778,0.385390625,0.47402777777777777,0,True,True
24508,2,1.0,0.36473958333333334,0.44111545138888886,0.34791666666666665,0.43941189236111106,0,True,True
24509,0,0.0,0.4364322916666667,0.5742317708333333,0.376875,0.5380772569444444,0,True,True
24509,1,0.5,0.44421875,0.5758203125,0.37115885416666666,0.5386046006944444,0,True,True
24509,2,1.0,0.46075520833333333,0.580603298611111,0.3648958333333333,0.5404622395833333,0,True,True
24510,0,0.0,0.46825520833333334,0.5473394097222223,0.46825520833333334,0.5443532986111111,0,True,True
24510,1,0.5,0.5128645833333333,0.5513628472222222,0.5059375,0.5511067708333334,0,True,True
24510,2,1.0,0.5155078125,0.5361284722222223,0.47401041666666666,0.5341059027777778,0,True,True
24511,0,0.0,0.3135677083333333,0.47095920138888886,0.3135677083333333,0.4569227430555555,1,True,True
24511,1,0.5,0.4547395833333333,0.5427343750000001,0.391328125,0.5273025173611111,0,True,True
24511,2,1.0,0.30171875,0.3506640625,0.30171875,0.4027951388888889,2,True,True
