seed,step,time,source,other,fraction_all_pixels,fraction_valid_pixels
24000,0,0.0,0,1,0.4562760416666667,0.4562760416666667
24000,0,0.0,0,2,0.646015625,0.646015625
24000,0,0.0,0,3,0.8057682291666667,0.8057682291666667
24000,0,0.0,1,0,0.9109895833333334,0.9109895833333334
24000,0,0.0,1,2,0.8059244791666667,0.8059244791666667
24000,0,0.0,1,3,0.9374609375,0.9374609375
24000,0,0.0,2,0,0.7494791666666667,0.7494791666666667
24000,0,0.0,2,1,0.5050130208333333,0.5050130208333333
24000,0,0.0,2,3,0.6629947916666666,0.6629947916666666
24000,0,0.0,3,0,0.5403255208333333,0.5403255208333333
24000,0,0.0,3,1,0.28447916666666667,0.28447916666666667
24000,0,0.0,3,2,0.32936197916666665,0.32936197916666665
24000,1,0.5,0,1,0.46423177083333333,0.46423177083333333
24000,1,0.5,0,2,0.6574609375,0.6574609375
24000,1,0.5,0,3,0.7954557291666666,0.7954557291666666
24000,1,0.5,1,0,0.8770833333333333,0.8770833333333333
24000,1,0.5,1,2,0.7851953125,0.7851953125
24000,1,0.5,1,3,0.9296744791666667,0.9296744791666667
24000,1,0.5,2,0,0.7412890625,0.7412890625
24000,1,0.5,2,1,0.49942708333333335,0.49942708333333335
24000,1,0.5,2,3,0.6624348958333334,0.6624348958333334
24000,1,0.5,3,0,0.53359375,0.53359375
24000,1,0.5,3,1,0.29,0.29
24000,1,0.5,3,2,0.3352734375,0.3352734375
24000,2,1.0,0,1,0.4633203125,0.4633203125
24000,2,1.0,0,2,0.6620572916666667,0.6620572916666667
24000,2,1.0,0,3,0.7730078125,0.7730078125
24000,2,1.0,1,0,0.8391927083333334,0.8391927083333334
24000,2,1.0,1,2,0.7571484375,0.7571484375
24000,2,1.0,1,3,0.9111328125,0.9111328125
24000,2,1.0,2,0,0.7200651041666667,0.7200651041666667
24000,2,1.0,2,1,0.47889322916666666,0.47889322916666666
24000,2,1.0,2,3,0.6476041666666666,0.6476041666666666
24000,2,1.0,3,0,0.5314713541666667,0.5314713541666667
24000,2,1.0,3,1,0.28921875,0.28921875
24000,2,1.0,3,2,0.338515625,0.338515625
24001,0,0.0,0,1,0.5912890625,0.5912890625
24001,0,0.0,0,2,0.5143229166666666,0.5143229166666666
24001,0,0.0,0,3,0.6778515625,0.6778515625
24001,0,0.0,1,0,0.5295703125,0.5295703125
24001,0,0.0,1,2,0.39947916666666666,0.39947916666666666
24001,0,0.0,1,3,0.6839713541666667,0.6839713541666667
24001,0,0.0,2,0,0.873046875,0.873046875
24001,0,0.0,2,1,0.8352734375,0.8352734375
24001,0,0.0,2,3,0.8461067708333333,0.8461067708333333
24001,0,0.0,3,0,0.7109505208333333,0.7109505208333333
24001,0,0.0,3,1,0.7365755208333333,0.7365755208333333
24001,0,0.0,3,2,0.46067708333333335,0.46067708333333335
24001,1,0.5,0,1,0.6700130208333334,0.6700130208333334
24001,1,0.5,0,2,0.5927213541666667,0.5927213541666667
24001,1,0.5,0,3,0.8204817708333333,0.8204817708333333
24001,1,0.5,1,0,0.5671354166666667,0.5671354166666667
24001,1,0.5,1,2,0.4559244791666667,0.4559244791666667
24001,1,0.5,1,3,0.7358333333333333,0.7358333333333333
24001,1,0.5,2,0,0.8585677083333333,0.8585677083333333
24001,1,0.5,2,1,0.846171875,0.846171875
24001,1,0.5,2,3,0.8843619791666667,0.8843619791666667
24001,1,0.5,3,0,0.725078125,0.725078125
24001,1,0.5,3,1,0.7201302083333333,0.7201302083333333
24001,1,0.5,3,2,0.4883723958333333,0.4883723958333333
24001,2,1.0,0,1,0.6450390625,0.6450390625
24001,2,1.0,0,2,0.5547265625,0.5547265625
24001,2,1.0,0,3,0.8860026041666667,0.8860026041666667
24001,2,1.0,1,0,0.5947786458333333,0.5947786458333333
24001,2,1.0,1,2,0.4446484375,0.4446484375
24001,2,1.0,1,3,0.7084895833333333,0.7084895833333333
24001,2,1.0,2,0,0.8583854166666667,0.8583854166666667
24001,2,1.0,2,1,0.7872135416666667,0.7872135416666667
24001,2,1.0,2,3,0.8748046875,0.8748046875
24001,2,1.0,3,0,0.7842447916666667,0.7842447916666667
24001,2,1.0,3,1,0.661015625,0.661015625
24001,2,1.0,3,2,0.477109375,0.477109375
24002,0,0.0,0,1,0.835546875,0.835546875
24002,0,0.0,0,2,0.771796875,0.771796875
24002,0,0.0,0,3,0.5416276041666667,0.5416276041666667
24002,0,0.0,1,0,0.7340494791666666,0.7340494791666666
24002,0,0.0,1,2,0.74359375,0.74359375
24002,0,0.0,1,3,0.5288802083333334,0.5288802083333334
24002,0,0.0,2,0,0.8199609375,0.8199609375
24002,0,0.0,2,1,0.878125,0.878125
24002,0,0.0,2,3,0.5705859375,0.5705859375
24002,0,0.0,3,0,0.7594010416666667,0.7594010416666667
24002,0,0.0,3,1,0.8496223958333333,0.8496223958333333
24002,0,0.0,3,2,0.7946875,0.7946875
24002,1,0.5,0,1,0.8336979166666667,0.8336979166666667
24002,1,0.5,0,2,0.759453125,0.759453125
24002,1,0.5,0,3,0.543046875,0.543046875
24002,1,0.5,1,0,0.748046875,0.748046875
24002,1,0.5,1,2,0.727578125,0.727578125
24002,1,0.5,1,3,0.5426302083333333,0.5426302083333333
24002,1,0.5,2,0,0.8370052083333334,0.8370052083333334
24002,1,0.5,2,1,0.8864453125,0.8864453125
24002,1,0.5,2,3,0.5664322916666666,0.5664322916666666
24002,1,0.5,3,0,0.73546875,0.73546875
24002,1,0.5,3,1,0.8424088541666667,0.8424088541666667
24002,1,0.5,3,2,0.7568619791666666,0.7568619791666666
24002,2,1.0,0,1,0.816015625,0.816015625
24002,2,1.0,0,2,0.7381901041666666,0.7381901041666666
24002,2,1.0,0,3,0.5245442708333333,0.5245442708333333
24002,2,1.0,1,0,0.7084114583333333,0.7084114583333333
24002,2,1.0,1,2,0.7013802083333334,0.7013802083333334
24002,2,1.0,1,3,0.5249869791666667,0.5249869791666667
24002,2,1.0,2,0,0.8148567708333333,0.8148567708333333
24002,2,1.0,2,1,0.8713020833333334,0.8713020833333334
24002,2,1.0,2,3,0.5566796875,0.5566796875
24002,2,1.0,3,0,0.70375,0.70375
24002,2,1.0,3,1,0.8329817708333334,0.8329817708333334
24002,2,1.0,3,2,0.7342317708333334,0.7342317708333334
24003,0,0.0,0,1,0.7966015625,0.7966015625
24003,0,0.0,0,2,0.5451302083333334,0.5451302083333334
24003,0,0.0,0,3,0.5987760416666666,0.5987760416666666
24003,0,0.0,1,0,0.6406510416666666,0.6406510416666666
24003,0,0.0,1,2,0.45015625,0.45015625
24003,0,0.0,1,3,0.4688802083333333,0.4688802083333333
24003,0,0.0,2,0,0.48748697916666667,0.48748697916666667
24003,0,0.0,2,1,0.48234375,0.48234375
24003,0,0.0,2,3,0.7102864583333334,0.7102864583333334
24003,0,0.0,3,0,0.38263020833333333,0.38263020833333333
24003,0,0.0,3,1,0.3860807291666667,0.3860807291666667
24003,0,0.0,3,2,0.38252604166666665,0.38252604166666665
24003,1,0.5,0,1,0.7947135416666666,0.7947135416666666
24003,1,0.5,0,2,0.5709244791666667,0.5709244791666667
24003,1,0.5,0,3,0.610078125,0.610078125
24003,1,0.5,1,0,0.6558072916666666,0.6558072916666666
24003,1,0.5,1,2,0.4590234375,0.4590234375
24003,1,0.5,1,3,0.49682291666666667,0.49682291666666667
24003,1,0.5,2,0,0.5245052083333334,0.5245052083333334
24003,1,0.5,2,1,0.5067708333333333,0.5067708333333333
24003,1,0.5,2,3,0.7027604166666667,0.7027604166666667
24003,1,0.5,3,0,0.3921484375,0.3921484375
24003,1,0.5,3,1,0.40805989583333335,0.40805989583333335
24003,1,0.5,3,2,0.4000651041666667,0.4000651041666667
24003,2,1.0,0,1,0.8044791666666666,0.8044791666666666
24003,2,1.0,0,2,0.6039453125,0.6039453125
24003,2,1.0,0,3,0.61265625,0.61265625
24003,2,1.0,1,0,0.6637760416666667,0.6637760416666667
24003,2,1.0,1,2,0.5204817708333334,0.5204817708333334
24003,2,1.0,1,3,0.5187109375,0.5187109375
24003,2,1.0,2,0,0.5887630208333333,0.5887630208333333
24003,2,1.0,2,1,0.5891666666666666,0.5891666666666666
24003,2,1.0,2,3,0.7257161458333333,0.7257161458333333
24003,2,1.0,3,0,0.4157942708333333,0.4157942708333333
24003,2,1.0,3,1,0.4404296875,0.4404296875
24003,2,1.0,3,2,0.44794270833333333,0.44794270833333333
24004,0,0.0,0,1,0.7360026041666666,0.7360026041666666
24004,0,0.0,0,2,0.5069140625,0.5069140625
24004,0,0.0,0,3,0.5175130208333333,0.5175130208333333
24004,0,0.0,1,0,0.5822526041666667,0.5822526041666667
24004,0,0.0,1,2,0.3313671875,0.3313671875
24004,0,0.0,1,3,0.6294010416666667,0.6294010416666667
24004,0,0.0,2,0,0.9013802083333333,0.9013802083333333
24004,0,0.0,2,1,0.6259765625,0.6259765625
24004,0,0.0,2,3,0.43505208333333334,0.43505208333333334
24004,0,0.0,3,0,0.42595052083333335,0.42595052083333335
24004,0,0.0,3,1,0.6208203125,0.6208203125
24004,0,0.0,3,2,0.27325520833333333,0.27325520833333333
24004,1,0.5,0,1,0.7534895833333334,0.7534895833333334
24004,1,0.5,0,2,0.530390625,0.530390625
24004,1,0.5,0,3,0.5628255208333334,0.5628255208333334
24004,1,0.5,1,0,0.569921875,0.569921875
24004,1,0.5,1,2,0.34751302083333335,0.34751302083333335
24004,1,0.5,1,3,0.6651822916666666,0.6651822916666666
24004,1,0.5,2,0,0.9115104166666667,0.9115104166666667
24004,1,0.5,2,1,0.6887630208333333,0.6887630208333333
24004,1,0.5,2,3,0.4609765625,0.4609765625
24004,1,0.5,3,0,0.42727864583333336,0.42727864583333336
24004,1,0.5,3,1,0.6340364583333333,0.6340364583333333
24004,1,0.5,3,2,0.27434895833333334,0.27434895833333334
24004,2,1.0,0,1,0.7662890625,0.7662890625
24004,2,1.0,0,2,0.5734895833333333,0.5734895833333333
24004,2,1.0,0,3,0.5942578125,0.5942578125
24004,2,1.0,1,0,0.5069401041666667,0.5069401041666667
24004,2,1.0,1,2,0.312109375,0.312109375
24004,2,1.0,1,3,0.6637109375,0.6637109375
24004,2,1.0,2,0,0.9355078125,0.9355078125
24004,2,1.0,2,1,0.7029947916666667,0.7029947916666667
24004,2,1.0,2,3,0.49235677083333335,0.49235677083333335
24004,2,1.0,3,0,0.414375,0.414375
24004,2,1.0,3,1,0.6404817708333334,0.6404817708333334
24004,2,1.0,3,2,0.25299479166666666,0.25299479166666666
24005,0,0.0,0,1,0.45266927083333336,0.45266927083333336
24005,0,0.0,0,2,0.5944401041666667,0.5944401041666667
24005,0,0.0,0,3,0.5744270833333334,0.5744270833333334
24005,0,0.0,1,0,0.7790104166666667,0.7790104166666667
24005,0,0.0,1,2,0.7566145833333333,0.7566145833333333
24005,0,0.0,1,3,0.7533203125,0.7533203125
24005,0,0.0,2,0,0.7666536458333333,0.7666536458333333
24005,0,0.0,2,1,0.62609375,0.62609375
24005,0,0.0,2,3,0.7461979166666667,0.7461979166666667
24005,0,0.0,3,0,0.7402734375,0.7402734375
24005,0,0.0,3,1,0.621484375,0.621484375
24005,0,0.0,3,2,0.7693098958333333,0.7693098958333333
24005,1,0.5,0,1,0.6088151041666666,0.6088151041666666
24005,1,0.5,0,2,0.7097265625,0.7097265625
24005,1,0.5,0,3,0.7227864583333333,0.7227864583333333
24005,1,0.5,1,0,0.8241145833333333,0.8241145833333333
24005,1,0.5,1,2,0.7782682291666667,0.7782682291666667
24005,1,0.5,1,3,0.749296875,0.749296875
24005,1,0.5,2,0,0.7245572916666667,0.7245572916666667
24005,1,0.5,2,1,0.6178125,0.6178125
24005,1,0.5,2,3,0.7931901041666667,0.7931901041666667
24005,1,0.5,3,0,0.6473828125,0.6473828125
24005,1,0.5,3,1,0.532578125,0.532578125
24005,1,0.5,3,2,0.7092708333333333,0.7092708333333333
24005,2,1.0,0,1,0.6867708333333333,0.6867708333333333
24005,2,1.0,0,2,0.6785416666666667,0.6785416666666667
24005,2,1.0,0,3,0.5834114583333333,0.5834114583333333
24005,2,1.0,1,0,0.6019401041666667,0.6019401041666667
24005,2,1.0,1,2,0.7050911458333333,0.7050911458333333
24005,2,1.0,1,3,0.6345442708333333,0.6345442708333333
24005,2,1.0,2,0,0.5150260416666667,0.5150260416666667
24005,2,1.0,2,1,0.5258854166666667,0.5258854166666667
24005,2,1.0,2,3,0.7629296875,0.7629296875
24005,2,1.0,3,0,0.3927083333333333,0.3927083333333333
24005,2,1.0,3,1,0.43604166666666666,0.43604166666666666
24005,2,1.0,3,2,0.65796875,0.65796875
24006,0,0.0,0,1,0.44390625,0.44390625
24006,0,0.0,0,2,0.8317578125,0.8317578125
24006,0,0.0,0,3,0.49569010416666665,0.49569010416666665
24006,0,0.0,1,0,0.8269661458333334,0.8269661458333334
24006,0,0.0,1,2,0.7550651041666666,0.7550651041666666
24006,0,0.0,1,3,0.6501171875,0.6501171875
24006,0,0.0,2,0,0.7330859375,0.7330859375
24006,0,0.0,2,1,0.390859375,0.390859375
24006,0,0.0,2,3,0.44604166666666667,0.44604166666666667
24006,0,0.0,3,0,0.7769270833333334,0.7769270833333334
24006,0,0.0,3,1,0.5953645833333333,0.5953645833333333
24006,0,0.0,3,2,0.8055208333333334,0.8055208333333334
24006,1,0.5,0,1,0.5226041666666666,0.5226041666666666
24006,1,0.5,0,2,0.7174869791666667,0.7174869791666667
24006,1,0.5,0,3,0.3953125,0.3953125
24006,1,0.5,1,0,0.8539453125,0.8539453125
24006,1,0.5,1,2,0.8252083333333333,0.8252083333333333
24006,1,0.5,1,3,0.6665104166666667,0.6665104166666667
24006,1,0.5,2,0,0.9084505208333333,0.9084505208333333
24006,1,0.5,2,1,0.6296875,0.6296875
24006,1,0.5,2,3,0.46325520833333333,0.46325520833333333
24006,1,0.5,3,0,0.8497526041666666,0.8497526041666666
24006,1,0.5,3,1,0.8321223958333334,0.8321223958333334
24006,1,0.5,3,2,0.8510807291666667,0.8510807291666667
24006,2,1.0,0,1,0.6810286458333333,0.6810286458333333
24006,2,1.0,0,2,0.5907552083333333,0.5907552083333333
24006,2,1.0,0,3,0.43975260416666667,0.43975260416666667
24006,2,1.0,1,0,0.7908723958333334,0.7908723958333334
24006,2,1.0,1,2,0.6491276041666667,0.6491276041666667
24006,2,1.0,1,3,0.5144661458333334,0.5144661458333334
24006,2,1.0,2,0,0.8823307291666667,0.8823307291666667
24006,2,1.0,2,1,0.7822395833333333,0.7822395833333333
24006,2,1.0,2,3,0.614296875,0.614296875
24006,2,1.0,3,0,0.8438020833333333,0.8438020833333333
24006,2,1.0,3,1,0.8766927083333333,0.8766927083333333
24006,2,1.0,3,2,0.8408854166666667,0.8408854166666667
24007,0,0.0,0,1,0.7122916666666667,0.7122916666666667
24007,0,0.0,0,2,0.6539583333333333,0.6539583333333333
24007,0,0.0,0,3,0.544453125,0.544453125
24007,0,0.0,1,0,0.5033203125,0.5033203125
24007,0,0.0,1,2,0.5956119791666666,0.5956119791666666
24007,0,0.0,1,3,0.35923177083333335,0.35923177083333335
24007,0,0.0,2,0,0.6448697916666667,0.6448697916666667
24007,0,0.0,2,1,0.8218619791666667,0.8218619791666667
24007,0,0.0,2,3,0.5025,0.5025
24007,0,0.0,3,0,0.7759505208333334,0.7759505208333334
24007,0,0.0,3,1,0.7374348958333333,0.7374348958333333
24007,0,0.0,3,2,0.7363020833333334,0.7363020833333334
24007,1,0.5,0,1,0.7444791666666667,0.7444791666666667
24007,1,0.5,0,2,0.695859375,0.695859375
24007,1,0.5,0,3,0.5636067708333333,0.5636067708333333
24007,1,0.5,1,0,0.531328125,0.531328125
24007,1,0.5,1,2,0.670625,0.670625
24007,1,0.5,1,3,0.36126302083333334,0.36126302083333334
24007,1,0.5,2,0,0.62765625,0.62765625
24007,1,0.5,2,1,0.7755989583333334,0.7755989583333334
24007,1,0.5,2,3,0.471171875,0.471171875
24007,1,0.5,3,0,0.8129947916666667,0.8129947916666667
24007,1,0.5,3,1,0.7663671875,0.7663671875
24007,1,0.5,3,2,0.7947265625,0.7947265625
24007,2,1.0,0,1,0.8281901041666667,0.8281901041666667
24007,2,1.0,0,2,0.7298828125,0.7298828125
24007,2,1.0,0,3,0.5818619791666667,0.5818619791666667
24007,2,1.0,1,0,0.5820052083333334,0.5820052083333334
24007,2,1.0,1,2,0.7524869791666666,0.7524869791666666
24007,2,1.0,1,3,0.34565104166666666,0.34565104166666666
24007,2,1.0,2,0,0.5422786458333333,0.5422786458333333
24007,2,1.0,2,1,0.7170442708333333,0.7170442708333333
24007,2,1.0,2,3,0.376328125,0.376328125
24007,2,1.0,3,0,0.7902213541666666,0.7902213541666666
24007,2,1.0,3,1,0.7947395833333334,0.7947395833333334
24007,2,1.0,3,2,0.736640625,0.736640625
24008,0,0.0,0,1,0.5895572916666667,0.5895572916666667
24008,0,0.0,0,2,0.3644791666666667,0.3644791666666667
24008,0,0.0,0,3,0.5264973958333333,0.5264973958333333
24008,0,0.0,1,0,0.6422265625,0.6422265625
24008,0,0.0,1,2,0.14846354166666667,0.14846354166666667
24008,0,0.0,1,3,0.4131640625,0.4131640625
24008,0,0.0,2,0,0.4340625,0.4340625
24008,0,0.0,2,1,0.3012109375,0.3012109375
24008,0,0.0,2,3,0.5159635416666667,0.5159635416666667
24008,0,0.0,3,0,0.7338932291666667,0.7338932291666667
24008,0,0.0,3,1,0.5378645833333333,0.5378645833333333
24008,0,0.0,3,2,0.5757161458333333,0.5757161458333333
24008,1,0.5,0,1,0.5823307291666666,0.5823307291666666
24008,1,0.5,0,2,0.49626302083333335,0.49626302083333335
24008,1,0.5,0,3,0.5342447916666667,0.5342447916666667
24008,1,0.5,1,0,0.6467057291666667,0.6467057291666667
24008,1,0.5,1,2,0.327578125,0.327578125
24008,1,0.5,1,3,0.43006510416666666,0.43006510416666666
24008,1,0.5,2,0,0.582109375,0.582109375
24008,1,0.5,2,1,0.44192708333333336,0.44192708333333336
24008,1,0.5,2,3,0.6493880208333334,0.6493880208333334
24008,1,0.5,3,0,0.7288932291666667,0.7288932291666667
24008,1,0.5,3,1,0.5382421875,0.5382421875
24008,1,0.5,3,2,0.7029947916666667,0.7029947916666667
24008,2,1.0,0,1,0.5666536458333333,0.5666536458333333
24008,2,1.0,0,2,0.5798046875,0.5798046875
24008,2,1.0,0,3,0.5359114583333333,0.5359114583333333
24008,2,1.0,1,0,0.6388541666666666,0.6388541666666666
24008,2,1.0,1,2,0.5218229166666667,0.5218229166666667
24008,2,1.0,1,3,0.44962239583333335,0.44962239583333335
24008,2,1.0,2,0,0.6756510416666667,0.6756510416666667
24008,2,1.0,2,1,0.5190885416666666,0.5190885416666666
24008,2,1.0,2,3,0.7231640625,0.7231640625
24008,2,1.0,3,0,0.724921875,0.724921875
24008,2,1.0,3,1,0.5396354166666667,0.5396354166666667
24008,2,1.0,3,2,0.764921875,0.764921875
24009,0,0.0,0,1,0.9705729166666667,0.9705729166666667
24009,0,0.0,0,2,0.8884375,0.8884375
24009,0,0.0,0,3,0.8704296875,0.8704296875
24009,0,0.0,1,0,0.7635546875,0.7635546875
24009,0,0.0,1,2,0.8299348958333334,0.8299348958333334
24009,0,0.0,1,3,0.7791145833333334,0.7791145833333334
24009,0,0.0,2,0,0.4362109375,0.4362109375
24009,0,0.0,2,1,0.5192708333333333,0.5192708333333333
24009,0,0.0,2,3,0.559140625,0.559140625
24009,0,0.0,3,0,0.6671484375,0.6671484375
24009,0,0.0,3,1,0.7748958333333333,0.7748958333333333
24009,0,0.0,3,2,0.8844010416666667,0.8844010416666667
24009,1,0.5,0,1,0.9663020833333333,0.9663020833333333
24009,1,0.5,0,2,0.9124609375,0.9124609375
24009,1,0.5,0,3,0.8530729166666666,0.8530729166666666
24009,1,0.5,1,0,0.7391145833333334,0.7391145833333334
24009,1,0.5,1,2,0.8396614583333334,0.8396614583333334
24009,1,0.5,1,3,0.7005859375,0.7005859375
24009,1,0.5,2,0,0.5195833333333333,0.5195833333333333
24009,1,0.5,2,1,0.6248828125,0.6248828125
24009,1,0.5,2,3,0.5635286458333333,0.5635286458333333
24009,1,0.5,3,0,0.7744140625,0.7744140625
24009,1,0.5,3,1,0.8391927083333334,0.8391927083333334
24009,1,0.5,3,2,0.8991276041666667,0.8991276041666667
24009,2,1.0,0,1,0.9537109375,0.9537109375
24009,2,1.0,0,2,0.9324869791666667,0.9324869791666667
24009,2,1.0,0,3,0.80859375,0.80859375
24009,2,1.0,1,0,0.7168880208333334,0.7168880208333334
24009,2,1.0,1,2,0.830859375,0.830859375
24009,2,1.0,1,3,0.6146744791666666,0.6146744791666666
24009,2,1.0,2,0,0.58640625,0.58640625
24009,2,1.0,2,1,0.6927473958333333,0.6927473958333333
24009,2,1.0,2,3,0.5629557291666667,0.5629557291666667
24009,2,1.0,3,0,0.8247916666666667,0.8247916666666667
24009,2,1.0,3,1,0.8417838541666667,0.8417838541666667
24009,2,1.0,3,2,0.9302734375,0.9302734375
24010,0,0.0,0,1,0.7882552083333333,0.7882552083333333
24010,0,0.0,0,2,0.6302864583333333,0.6302864583333333
24010,0,0.0,0,3,0.6737890625,0.6737890625
24010,0,0.0,1,0,0.44397135416666667,0.44397135416666667
24010,0,0.0,1,2,0.421328125,0.421328125
24010,0,0.0,1,3,0.7040755208333334,0.7040755208333334
24010,0,0.0,2,0,0.5253515625,0.5253515625
24010,0,0.0,2,1,0.5901692708333334,0.5901692708333334
24010,0,0.0,2,3,0.5568880208333333,0.5568880208333333
24010,0,0.0,3,0,0.44764322916666666,0.44764322916666666
24010,0,0.0,3,1,0.7439973958333334,0.7439973958333334
24010,0,0.0,3,2,0.40643229166666667,0.40643229166666667
24010,1,0.5,0,1,0.7948177083333333,0.7948177083333333
24010,1,0.5,0,2,0.6460026041666667,0.6460026041666667
24010,1,0.5,0,3,0.6801302083333334,0.6801302083333334
24010,1,0.5,1,0,0.452265625,0.452265625
24010,1,0.5,1,2,0.42259114583333335,0.42259114583333335
24010,1,0.5,1,3,0.7159765625,0.7159765625
24010,1,0.5,2,0,0.5201432291666667,0.5201432291666667
24010,1,0.5,2,1,0.5905859375,0.5905859375
24010,1,0.5,2,3,0.5544791666666666,0.5544791666666666
24010,1,0.5,3,0,0.4552734375,0.4552734375
24010,1,0.5,3,1,0.7391927083333333,0.7391927083333333
24010,1,0.5,3,2,0.40279947916666664,0.40279947916666664
24010,2,1.0,0,1,0.7950390625,0.7950390625
24010,2,1.0,0,2,0.6531640625,0.6531640625
24010,2,1.0,0,3,0.6928255208333334,0.6928255208333334
24010,2,1.0,1,0,0.45078125,0.45078125
24010,2,1.0,1,2,0.42278645833333334,0.42278645833333334
24010,2,1.0,1,3,0.7234244791666666,0.7234244791666666
24010,2,1.0,2,0,0.5052604166666667,0.5052604166666667
24010,2,1.0,2,1,0.5919661458333333,0.5919661458333333
24010,2,1.0,2,3,0.5561588541666667,0.5561588541666667
24010,2,1.0,3,0,0.4634505208333333,0.4634505208333333
24010,2,1.0,3,1,0.7350520833333334,0.7350520833333334
24010,2,1.0,3,2,0.39600260416666666,0.39600260416666666
24011,0,0.0,0,1,0.5096614583333333,0.5096614583333333
24011,0,0.0,0,2,0.47583333333333333,0.47583333333333333
24011,0,0.0,0,3,0.7735546875,0.7735546875
24011,0,0.0,1,0,0.6696744791666667,0.6696744791666667
24011,0,0.0,1,2,0.54859375,0.54859375
24011,0,0.0,1,3,0.7334375,0.7334375
24011,0,0.0,2,0,0.736796875,0.736796875
24011,0,0.0,2,1,0.6304817708333333,0.6304817708333333
24011,0,0.0,2,3,0.6908854166666667,0.6908854166666667
24011,0,0.0,3,0,0.5688932291666666,0.5688932291666666
24011,0,0.0,3,1,0.3844921875,0.3844921875
24011,0,0.0,3,2,0.26705729166666664,0.26705729166666664
24011,1,0.5,0,1,0.5217838541666666,0.5217838541666666
24011,1,0.5,0,2,0.47631510416666667,0.47631510416666667
24011,1,0.5,0,3,0.7722135416666667,0.7722135416666667
24011,1,0.5,1,0,0.6805078125,0.6805078125
24011,1,0.5,1,2,0.5489713541666666,0.5489713541666666
24011,1,0.5,1,3,0.7392708333333333,0.7392708333333333
24011,1,0.5,2,0,0.7426041666666666,0.7426041666666666
24011,1,0.5,2,1,0.6370442708333334,0.6370442708333334
24011,1,0.5,2,3,0.688984375,0.688984375
24011,1,0.5,3,0,0.5716666666666667,0.5716666666666667
24011,1,0.5,3,1,0.38872395833333334,0.38872395833333334
24011,1,0.5,3,2,0.2652864583333333,0.2652864583333333
24011,2,1.0,0,1,0.5306510416666667,0.5306510416666667
24011,2,1.0,0,2,0.4735416666666667,0.4735416666666667
24011,2,1.0,0,3,0.7757552083333333,0.7757552083333333
24011,2,1.0,1,0,0.6879557291666667,0.6879557291666667
24011,2,1.0,1,2,0.5501432291666667,0.5501432291666667
24011,2,1.0,1,3,0.7420052083333334,0.7420052083333334
24011,2,1.0,2,0,0.7427864583333333,0.7427864583333333
24011,2,1.0,2,1,0.6483984375,0.6483984375
24011,2,1.0,2,3,0.689140625,0.689140625
24011,2,1.0,3,0,0.5719401041666666,0.5719401041666666
24011,2,1.0,3,1,0.39239583333333333,0.39239583333333333
24011,2,1.0,3,2,0.2634635416666667,0.2634635416666667
24012,0,0.0,0,1,0.5050520833333333,0.5050520833333333
24012,0,0.0,0,2,0.50484375,0.50484375
24012,0,0.0,0,3,0.39630208333333333,0.39630208333333333
24012,0,0.0,1,0,0.8101822916666667,0.8101822916666667
24012,0,0.0,1,2,0.6811979166666666,0.6811979166666666
24012,0,0.0,1,3,0.45936197916666666,0.45936197916666666
24012,0,0.0,2,0,0.54125,0.54125
24012,0,0.0,2,1,0.5149739583333334,0.5149739583333334
24012,0,0.0,2,3,0.34625,0.34625
24012,0,0.0,3,0,0.4952473958333333,0.4952473958333333
24012,0,0.0,3,1,0.4426041666666667,0.4426041666666667
24012,0,0.0,3,2,0.3512109375,0.3512109375
24012,1,0.5,0,1,0.495703125,0.495703125
24012,1,0.5,0,2,0.4977213541666667,0.4977213541666667
24012,1,0.5,0,3,0.396171875,0.396171875
24012,1,0.5,1,0,0.8068229166666666,0.8068229166666666
24012,1,0.5,1,2,0.6575911458333333,0.6575911458333333
24012,1,0.5,1,3,0.44643229166666665,0.44643229166666665
24012,1,0.5,2,0,0.5259505208333334,0.5259505208333334
24012,1,0.5,2,1,0.4964192708333333,0.4964192708333333
24012,1,0.5,2,3,0.33205729166666664,0.33205729166666664
24012,1,0.5,3,0,0.4875390625,0.4875390625
24012,1,0.5,3,1,0.42923177083333336,0.42923177083333336
24012,1,0.5,3,2,0.34665364583333336,0.34665364583333336
24012,2,1.0,0,1,0.491484375,0.491484375
24012,2,1.0,0,2,0.4950260416666667,0.4950260416666667
24012,2,1.0,0,3,0.3949739583333333,0.3949739583333333
24012,2,1.0,1,0,0.801328125,0.801328125
24012,2,1.0,1,2,0.6400390625,0.6400390625
24012,2,1.0,1,3,0.43296875,0.43296875
24012,2,1.0,2,0,0.5178645833333333,0.5178645833333333
24012,2,1.0,2,1,0.481640625,0.481640625
24012,2,1.0,2,3,0.3203515625,0.3203515625
24012,2,1.0,3,0,0.4802473958333333,0.4802473958333333
24012,2,1.0,3,1,0.41528645833333333,0.41528645833333333
24012,2,1.0,3,2,0.34263020833333335,0.34263020833333335
24013,0,0.0,0,1,0.81375,0.81375
24013,0,0.0,0,2,0.641640625,0.641640625
24013,0,0.0,0,3,0.7145052083333333,0.7145052083333333
24013,0,0.0,1,0,0.37930989583333335,0.37930989583333335
24013,0,0.0,1,2,0.3904296875,0.3904296875
24013,0,0.0,1,3,0.6251302083333333,0.6251302083333333
24013,0,0.0,2,0,0.664375,0.664375
24013,0,0.0,2,1,0.6869921875,0.6869921875
24013,0,0.0,2,3,0.5790104166666666,0.5790104166666666
24013,0,0.0,3,0,0.47680989583333333,0.47680989583333333
24013,0,0.0,3,1,0.6981510416666666,0.6981510416666666
24013,0,0.0,3,2,0.42204427083333335,0.42204427083333335
24013,1,0.5,0,1,0.8178125,0.8178125
24013,1,0.5,0,2,0.7853255208333333,0.7853255208333333
24013,1,0.5,0,3,0.6117447916666666,0.6117447916666666
24013,1,0.5,1,0,0.5241536458333333,0.5241536458333333
24013,1,0.5,1,2,0.5218489583333333,0.5218489583333333
24013,1,0.5,1,3,0.6238411458333334,0.6238411458333334
24013,1,0.5,2,0,0.6573828125,0.6573828125
24013,1,0.5,2,1,0.6306510416666666,0.6306510416666666
24013,1,0.5,2,3,0.5163932291666666,0.5163932291666666
24013,1,0.5,3,0,0.45731770833333335,0.45731770833333335
24013,1,0.5,3,1,0.6540234375,0.6540234375
24013,1,0.5,3,2,0.4390625,0.4390625
24013,2,1.0,0,1,0.7536848958333333,0.7536848958333333
24013,2,1.0,0,2,0.8015104166666667,0.8015104166666667
24013,2,1.0,0,3,0.5460807291666666,0.5460807291666666
24013,2,1.0,1,0,0.5877213541666667,0.5877213541666667
24013,2,1.0,1,2,0.5747526041666666,0.5747526041666666
24013,2,1.0,1,3,0.62421875,0.62421875
24013,2,1.0,2,0,0.4895963541666667,0.4895963541666667
24013,2,1.0,2,1,0.5323177083333334,0.5323177083333334
24013,2,1.0,2,3,0.46239583333333334,0.46239583333333334
24013,2,1.0,3,0,0.460703125,0.460703125
24013,2,1.0,3,1,0.636328125,0.636328125
24013,2,1.0,3,2,0.48356770833333335,0.48356770833333335
24014,0,0.0,0,1,0.5462369791666667,0.5462369791666667
24014,0,0.0,0,2,0.50671875,0.50671875
24014,0,0.0,0,3,0.6477604166666666,0.6477604166666666
24014,0,0.0,1,0,0.6177213541666666,0.6177213541666666
24014,0,0.0,1,2,0.6550390625,0.6550390625
24014,0,0.0,1,3,0.4892578125,0.4892578125
24014,0,0.0,2,0,0.7813932291666666,0.7813932291666666
24014,0,0.0,2,1,0.7640494791666667,0.7640494791666667
24014,0,0.0,2,3,0.658203125,0.658203125
24014,0,0.0,3,0,0.7222916666666667,0.7222916666666667
24014,0,0.0,3,1,0.4882421875,0.4882421875
24014,0,0.0,3,2,0.5097395833333334,0.5097395833333334
24014,1,0.5,0,1,0.5635026041666666,0.5635026041666666
24014,1,0.5,0,2,0.5190755208333333,0.5190755208333333
24014,1,0.5,0,3,0.6393098958333333,0.6393098958333333
24014,1,0.5,1,0,0.5979036458333333,0.5979036458333333
24014,1,0.5,1,2,0.6451692708333333,0.6451692708333333
24014,1,0.5,1,3,0.47880208333333335,0.47880208333333335
24014,1,0.5,2,0,0.768984375,0.768984375
24014,1,0.5,2,1,0.7638802083333334,0.7638802083333334
24014,1,0.5,2,3,0.647109375,0.647109375
24014,1,0.5,3,0,0.719375,0.719375
24014,1,0.5,3,1,0.5052083333333334,0.5052083333333334
24014,1,0.5,3,2,0.5189583333333333,0.5189583333333333
24014,2,1.0,0,1,0.5812239583333333,0.5812239583333333
24014,2,1.0,0,2,0.5260546875,0.5260546875
24014,2,1.0,0,3,0.6240364583333333,0.6240364583333333
24014,2,1.0,1,0,0.58640625,0.58640625
24014,2,1.0,1,2,0.6375260416666667,0.6375260416666667
24014,2,1.0,1,3,0.46717447916666666,0.46717447916666666
24014,2,1.0,2,0,0.7505078125,0.7505078125
24014,2,1.0,2,1,0.7643359375,0.7643359375
24014,2,1.0,2,3,0.62828125,0.62828125
24014,2,1.0,3,0,0.7125130208333333,0.7125130208333333
24014,2,1.0,3,1,0.5131510416666667,0.5131510416666667
24014,2,1.0,3,2,0.5207421875,0.5207421875
24015,0,0.0,0,1,0.77734375,0.77734375
24015,0,0.0,0,2,0.8255208333333334,0.8255208333333334
24015,0,0.0,0,3,0.6112890625,0.6112890625
24015,0,0.0,1,0,0.5310286458333333,0.5310286458333333
24015,0,0.0,1,2,0.6630338541666667,0.6630338541666667
24015,0,0.0,1,3,0.6440494791666667,0.6440494791666667
24015,0,0.0,2,0,0.6156119791666667,0.6156119791666667
24015,0,0.0,2,1,0.7316145833333333,0.7316145833333333
24015,0,0.0,2,3,0.5196484375,0.5196484375
24015,0,0.0,3,0,0.44385416666666666,0.44385416666666666
24015,0,0.0,3,1,0.6305598958333334,0.6305598958333334
24015,0,0.0,3,2,0.5393489583333333,0.5393489583333333
24015,1,0.5,0,1,0.766328125,0.766328125
24015,1,0.5,0,2,0.8177864583333333,0.8177864583333333
24015,1,0.5,0,3,0.5930729166666666,0.5930729166666666
24015,1,0.5,1,0,0.52234375,0.52234375
24015,1,0.5,1,2,0.6502604166666667,0.6502604166666667
24015,1,0.5,1,3,0.6631510416666667,0.6631510416666667
24015,1,0.5,2,0,0.6488541666666666,0.6488541666666666
24015,1,0.5,2,1,0.750078125,0.750078125
24015,1,0.5,2,3,0.5317057291666667,0.5317057291666667
24015,1,0.5,3,0,0.43037760416666665,0.43037760416666665
24015,1,0.5,3,1,0.634765625,0.634765625
24015,1,0.5,3,2,0.5306380208333333,0.5306380208333333
24015,2,1.0,0,1,0.7476692708333333,0.7476692708333333
24015,2,1.0,0,2,0.7780859375,0.7780859375
24015,2,1.0,0,3,0.5807682291666667,0.5807682291666667
24015,2,1.0,1,0,0.5050911458333334,0.5050911458333334
24015,2,1.0,1,2,0.6319270833333334,0.6319270833333334
24015,2,1.0,1,3,0.6593489583333333,0.6593489583333333
24015,2,1.0,2,0,0.6467708333333333,0.6467708333333333
24015,2,1.0,2,1,0.766015625,0.766015625
24015,2,1.0,2,3,0.554765625,0.554765625
24015,2,1.0,3,0,0.41768229166666665,0.41768229166666665
24015,2,1.0,3,1,0.6294270833333333,0.6294270833333333
24015,2,1.0,3,2,0.5229557291666667,0.5229557291666667
24016,0,0.0,0,1,0.5474869791666667,0.5474869791666667
24016,0,0.0,0,2,0.71,0.71
24016,0,0.0,0,3,0.6388411458333333,0.6388411458333333
24016,0,0.0,1,0,0.70984375,0.70984375
24016,0,0.0,1,2,0.7073567708333334,0.7073567708333334
24016,0,0.0,1,3,0.7047786458333334,0.7047786458333334
24016,0,0.0,2,0,0.5160286458333333,0.5160286458333333
24016,0,0.0,2,1,0.4090625,0.4090625
24016,0,0.0,2,3,0.5179427083333333,0.5179427083333333
24016,0,0.0,3,0,0.48421875,0.48421875
24016,0,0.0,3,1,0.3866276041666667,0.3866276041666667
24016,0,0.0,3,2,0.5256770833333333,0.5256770833333333
24016,1,0.5,0,1,0.5374869791666667,0.5374869791666667
24016,1,0.5,0,2,0.76015625,0.76015625
24016,1,0.5,0,3,0.6690885416666666,0.6690885416666666
24016,1,0.5,1,0,0.7778125,0.7778125
24016,1,0.5,1,2,0.7584765625,0.7584765625
24016,1,0.5,1,3,0.751484375,0.751484375
24016,1,0.5,2,0,0.500234375,0.500234375
24016,1,0.5,2,1,0.36072916666666666,0.36072916666666666
24016,1,0.5,2,3,0.5109114583333333,0.5109114583333333
24016,1,0.5,3,0,0.5152604166666667,0.5152604166666667
24016,1,0.5,3,1,0.37756510416666667,0.37756510416666667
24016,1,0.5,3,2,0.5933723958333333,0.5933723958333333
24016,2,1.0,0,1,0.5735546875,0.5735546875
24016,2,1.0,0,2,0.7528385416666666,0.7528385416666666
24016,2,1.0,0,3,0.7202734375,0.7202734375
24016,2,1.0,1,0,0.7930729166666667,0.7930729166666667
24016,2,1.0,1,2,0.7618489583333333,0.7618489583333333
24016,2,1.0,1,3,0.7730338541666667,0.7730338541666667
24016,2,1.0,2,0,0.44166666666666665,0.44166666666666665
24016,2,1.0,2,1,0.3401953125,0.3401953125
24016,2,1.0,2,3,0.5011197916666666,0.5011197916666666
24016,2,1.0,3,0,0.5811458333333334,0.5811458333333334
24016,2,1.0,3,1,0.4212369791666667,0.4212369791666667
24016,2,1.0,3,2,0.7101953125,0.7101953125
24017,0,0.0,0,1,0.6223177083333333,0.6223177083333333
24017,0,0.0,0,2,0.6062369791666666,0.6062369791666666
24017,0,0.0,0,3,0.7423307291666666,0.7423307291666666
24017,0,0.0,1,0,0.753515625,0.753515625
24017,0,0.0,1,2,0.7199609375,0.7199609375
24017,0,0.0,1,3,0.785078125,0.785078125
24017,0,0.0,2,0,0.6825911458333334,0.6825911458333334
24017,0,0.0,2,1,0.7026171875,0.7026171875
24017,0,0.0,2,3,0.8477213541666667,0.8477213541666667
24017,0,0.0,3,0,0.5583854166666666,0.5583854166666666
24017,0,0.0,3,1,0.4740234375,0.4740234375
24017,0,0.0,3,2,0.4978385416666667,0.4978385416666667
24017,1,0.5,0,1,0.5777604166666667,0.5777604166666667
24017,1,0.5,0,2,0.5738671875,0.5738671875
24017,1,0.5,0,3,0.7112109375,0.7112109375
24017,1,0.5,1,0,0.7621614583333334,0.7621614583333334
24017,1,0.5,1,2,0.7365494791666667,0.7365494791666667
24017,1,0.5,1,3,0.7386588541666667,0.7386588541666667
24017,1,0.5,2,0,0.6252213541666667,0.6252213541666667
24017,1,0.5,2,1,0.6360807291666667,0.6360807291666667
24017,1,0.5,2,3,0.8319661458333333,0.8319661458333333
24017,1,0.5,3,0,0.5473177083333334,0.5473177083333334
24017,1,0.5,3,1,0.3858984375,0.3858984375
24017,1,0.5,3,2,0.4989453125,0.4989453125
24017,2,1.0,0,1,0.5454817708333334,0.5454817708333334
24017,2,1.0,0,2,0.5428385416666667,0.5428385416666667
24017,2,1.0,0,3,0.6415104166666666,0.6415104166666666
24017,2,1.0,1,0,0.7704036458333333,0.7704036458333333
24017,2,1.0,1,2,0.7068880208333334,0.7068880208333334
24017,2,1.0,1,3,0.670390625,0.670390625
24017,2,1.0,2,0,0.5769791666666667,0.5769791666666667
24017,2,1.0,2,1,0.5645833333333333,0.5645833333333333
24017,2,1.0,2,3,0.7871223958333333,0.7871223958333333
24017,2,1.0,3,0,0.5115885416666667,0.5115885416666667
24017,2,1.0,3,1,0.333125,0.333125
24017,2,1.0,3,2,0.4915364583333333,0.4915364583333333
24018,0,0.0,0,1,0.4165234375,0.4165234375
24018,0,0.0,0,2,0.39630208333333333,0.39630208333333333
24018,0,0.0,0,3,0.5403776041666667,0.5403776041666667
24018,0,0.0,1,0,0.3714322916666667,0.3714322916666667
24018,0,0.0,1,2,0.6536067708333333,0.6536067708333333
24018,0,0.0,1,3,0.449921875,0.449921875
24018,0,0.0,2,0,0.4222265625,0.4222265625
24018,0,0.0,2,1,0.8168619791666667,0.8168619791666667
24018,0,0.0,2,3,0.5289973958333334,0.5289973958333334
24018,0,0.0,3,0,0.527578125,0.527578125
24018,0,0.0,3,1,0.4988151041666667,0.4988151041666667
24018,0,0.0,3,2,0.436796875,0.436796875
24018,1,0.5,0,1,0.3919921875,0.3919921875
24018,1,0.5,0,2,0.3815234375,0.3815234375
24018,1,0.5,0,3,0.5196875,0.5196875
24018,1,0.5,1,0,0.3694140625,0.3694140625
24018,1,0.5,1,2,0.6428515625,0.6428515625
24018,1,0.5,1,3,0.45305989583333334,0.45305989583333334
24018,1,0.5,2,0,0.41334635416666665,0.41334635416666665
24018,1,0.5,2,1,0.8024869791666667,0.8024869791666667
24018,1,0.5,2,3,0.51546875,0.51546875
24018,1,0.5,3,0,0.5132942708333333,0.5132942708333333
24018,1,0.5,3,1,0.5030078125,0.5030078125
24018,1,0.5,3,2,0.4280078125,0.4280078125
24018,2,1.0,0,1,0.36723958333333334,0.36723958333333334
24018,2,1.0,0,2,0.35845052083333334,0.35845052083333334
24018,2,1.0,0,3,0.5053255208333334,0.5053255208333334
24018,2,1.0,1,0,0.35294270833333335,0.35294270833333335
24018,2,1.0,1,2,0.6224609375,0.6224609375
24018,2,1.0,1,3,0.45197916666666665,0.45197916666666665
24018,2,1.0,2,0,0.3898567708333333,0.3898567708333333
24018,2,1.0,2,1,0.7827864583333334,0.7827864583333334
24018,2,1.0,2,3,0.5014583333333333,0.5014583333333333
24018,2,1.0,3,0,0.506796875,0.506796875
24018,2,1.0,3,1,0.506484375,0.506484375
24018,2,1.0,3,2,0.43178385416666665,0.43178385416666665
24019,0,0.0,0,1,0.6375260416666667,0.6375260416666667
24019,0,0.0,0,2,0.6716015625,0.6716015625
24019,0,0.0,0,3,0.7261848958333333,0.7261848958333333
24019,0,0.0,1,0,0.80984375,0.80984375
24019,0,0.0,1,2,0.8032682291666666,0.8032682291666666
24019,0,0.0,1,3,0.6851953125,0.6851953125
24019,0,0.0,2,0,0.5784244791666666,0.5784244791666666
24019,0,0.0,2,1,0.5285677083333333,0.5285677083333333
24019,0,0.0,2,3,0.5870052083333334,0.5870052083333334
24019,0,0.0,3,0,0.5993098958333334,0.5993098958333334
24019,0,0.0,3,1,0.48401041666666667,0.48401041666666667
24019,0,0.0,3,2,0.621640625,0.621640625
24019,1,0.5,0,1,0.6325520833333333,0.6325520833333333
24019,1,0.5,0,2,0.6621875,0.6621875
24019,1,0.5,0,3,0.7257291666666666,0.7257291666666666
24019,1,0.5,1,0,0.8056770833333333,0.8056770833333333
24019,1,0.5,1,2,0.7911848958333333,0.7911848958333333
24019,1,0.5,1,3,0.6758723958333334,0.6758723958333334
24019,1,0.5,2,0,0.5760546875,0.5760546875
24019,1,0.5,2,1,0.5383072916666667,0.5383072916666667
24019,1,0.5,2,3,0.5860807291666666,0.5860807291666666
24019,1,0.5,3,0,0.6039453125,0.6039453125
24019,1,0.5,3,1,0.4829817708333333,0.4829817708333333
24019,1,0.5,3,2,0.6137630208333333,0.6137630208333333
24019,2,1.0,0,1,0.6251171875,0.6251171875
24019,2,1.0,0,2,0.6503776041666667,0.6503776041666667
24019,2,1.0,0,3,0.7230208333333333,0.7230208333333333
24019,2,1.0,1,0,0.7976822916666667,0.7976822916666667
24019,2,1.0,1,2,0.7855729166666666,0.7855729166666666
24019,2,1.0,1,3,0.6763541666666667,0.6763541666666667
24019,2,1.0,2,0,0.5710677083333333,0.5710677083333333
24019,2,1.0,2,1,0.5460807291666666,0.5460807291666666
24019,2,1.0,2,3,0.5822786458333333,0.5822786458333333
24019,2,1.0,3,0,0.6090494791666666,0.6090494791666666
24019,2,1.0,3,1,0.48303385416666667,0.48303385416666667
24019,2,1.0,3,2,0.6037369791666667,0.6037369791666667
24020,0,0.0,0,1,0.8949348958333333,0.8949348958333333
24020,0,0.0,0,2,0.8682552083333334,0.8682552083333334
24020,0,0.0,0,3,0.5922135416666666,0.5922135416666666
24020,0,0.0,1,0,0.7492057291666666,0.7492057291666666
24020,0,0.0,1,2,0.8750520833333333,0.8750520833333333
24020,0,0.0,1,3,0.5942447916666667,0.5942447916666667
24020,0,0.0,2,0,0.6426041666666666,0.6426041666666666
24020,0,0.0,2,1,0.7832552083333333,0.7832552083333333
24020,0,0.0,2,3,0.5747526041666666,0.5747526041666666
24020,0,0.0,3,0,0.6781119791666667,0.6781119791666667
24020,0,0.0,3,1,0.8230729166666667,0.8230729166666667
24020,0,0.0,3,2,0.8774348958333333,0.8774348958333333
24020,1,0.5,0,1,0.8859895833333333,0.8859895833333333
24020,1,0.5,0,2,0.8245572916666667,0.8245572916666667
24020,1,0.5,0,3,0.6982161458333334,0.6982161458333334
24020,1,0.5,1,0,0.6280729166666666,0.6280729166666666
24020,1,0.5,1,2,0.7525,0.7525
24020,1,0.5,1,3,0.6509765625,0.6509765625
24020,1,0.5,2,0,0.5978776041666667,0.5978776041666667
24020,1,0.5,2,1,0.76859375,0.76859375
24020,1,0.5,2,3,0.6431119791666666,0.6431119791666666
24020,1,0.5,3,0,0.6948567708333333,0.6948567708333333
24020,1,0.5,3,1,0.8708203125,0.8708203125
24020,1,0.5,3,2,0.8523697916666667,0.8523697916666667
24020,2,1.0,0,1,0.8703125,0.8703125
24020,2,1.0,0,2,0.7929036458333333,0.7929036458333333
24020,2,1.0,0,3,0.7803255208333333,0.7803255208333333
24020,2,1.0,1,0,0.5595703125,0.5595703125
24020,2,1.0,1,2,0.6456510416666666,0.6456510416666666
24020,2,1.0,1,3,0.623984375,0.623984375
24020,2,1.0,2,0,0.5561328125,0.5561328125
24020,2,1.0,2,1,0.7115104166666667,0.7115104166666667
24020,2,1.0,2,3,0.6189713541666667,0.6189713541666667
24020,2,1.0,3,0,0.734296875,0.734296875
24020,2,1.0,3,1,0.875234375,0.875234375
24020,2,1.0,3,2,0.78453125,0.78453125
24021,0,0.0,0,1,0.864296875,0.864296875
24021,0,0.0,0,2,0.6487109375,0.6487109375
24021,0,0.0,0,3,0.8256770833333333,0.8256770833333333
24021,0,0.0,1,0,0.5195703125,0.5195703125
24021,0,0.0,1,2,0.5139973958333334,0.5139973958333334
24021,0,0.0,1,3,0.8142317708333333,0.8142317708333333
24021,0,0.0,2,0,0.633515625,0.633515625
24021,0,0.0,2,1,0.8826822916666667,0.8826822916666667
24021,0,0.0,2,3,0.8509765625,0.8509765625
24021,0,0.0,3,0,0.47291666666666665,0.47291666666666665
24021,0,0.0,3,1,0.6473828125,0.6473828125
24021,0,0.0,3,2,0.4307682291666667,0.4307682291666667
24021,1,0.5,0,1,0.87296875,0.87296875
24021,1,0.5,0,2,0.6761588541666667,0.6761588541666667
24021,1,0.5,0,3,0.8401953125,0.8401953125
24021,1,0.5,1,0,0.49680989583333335,0.49680989583333335
24021,1,0.5,1,2,0.4958854166666667,0.4958854166666667
24021,1,0.5,1,3,0.8290625,0.8290625
24021,1,0.5,2,0,0.6475651041666667,0.6475651041666667
24021,1,0.5,2,1,0.8844921875,0.8844921875
24021,1,0.5,2,3,0.8628125,0.8628125
24021,1,0.5,3,0,0.46782552083333334,0.46782552083333334
24021,1,0.5,3,1,0.6598177083333333,0.6598177083333333
24021,1,0.5,3,2,0.431328125,0.431328125
24021,2,1.0,0,1,0.8795963541666667,0.8795963541666667
24021,2,1.0,0,2,0.7022005208333333,0.7022005208333333
24021,2,1.0,0,3,0.8549739583333333,0.8549739583333333
24021,2,1.0,1,0,0.47610677083333336,0.47610677083333336
24021,2,1.0,1,2,0.4891015625,0.4891015625
24021,2,1.0,1,3,0.8445182291666666,0.8445182291666666
24021,2,1.0,2,0,0.6562109375,0.6562109375
24021,2,1.0,2,1,0.8905729166666667,0.8905729166666667
24021,2,1.0,2,3,0.8691796875,0.8691796875
24021,2,1.0,3,0,0.4577994791666667,0.4577994791666667
24021,2,1.0,3,1,0.6723046875,0.6723046875
24021,2,1.0,3,2,0.43703125,0.43703125
24022,0,0.0,0,1,0.7705989583333334,0.7705989583333334
24022,0,0.0,0,2,0.6866927083333333,0.6866927083333333
24022,0,0.0,0,3,0.8312760416666667,0.8312760416666667
24022,0,0.0,1,0,0.5494270833333333,0.5494270833333333
24022,0,0.0,1,2,0.56421875,0.56421875
24022,0,0.0,1,3,0.6654296875,0.6654296875
24022,0,0.0,2,0,0.7535807291666666,0.7535807291666666
24022,0,0.0,2,1,0.866640625,0.866640625
24022,0,0.0,2,3,0.830859375,0.830859375
24022,0,0.0,3,0,0.5996354166666666,0.5996354166666666
24022,0,0.0,3,1,0.6545442708333333,0.6545442708333333
24022,0,0.0,3,2,0.5573697916666667,0.5573697916666667
24022,1,0.5,0,1,0.66421875,0.66421875
24022,1,0.5,0,2,0.5989453125,0.5989453125
24022,1,0.5,0,3,0.8219140625,0.8219140625
24022,1,0.5,1,0,0.5794791666666667,0.5794791666666667
24022,1,0.5,1,2,0.5805729166666667,0.5805729166666667
24022,1,0.5,1,3,0.6491276041666667,0.6491276041666667
24022,1,0.5,2,0,0.7590885416666666,0.7590885416666666
24022,1,0.5,2,1,0.8606901041666667,0.8606901041666667
24022,1,0.5,2,3,0.822890625,0.822890625
24022,1,0.5,3,0,0.6127994791666667,0.6127994791666667
24022,1,0.5,3,1,0.5552734375,0.5552734375
24022,1,0.5,3,2,0.5127734375,0.5127734375
24022,2,1.0,0,1,0.5632291666666667,0.5632291666666667
24022,2,1.0,0,2,0.5219661458333333,0.5219661458333333
24022,2,1.0,0,3,0.81859375,0.81859375
24022,2,1.0,1,0,0.5858854166666667,0.5858854166666667
24022,2,1.0,1,2,0.5968489583333333,0.5968489583333333
24022,2,1.0,1,3,0.6411328125,0.6411328125
24022,2,1.0,2,0,0.7401953125,0.7401953125
24022,2,1.0,2,1,0.8500390625,0.8500390625
24022,2,1.0,2,3,0.8040625,0.8040625
24022,2,1.0,3,0,0.6279296875,0.6279296875
24022,2,1.0,3,1,0.49774739583333333,0.49774739583333333
24022,2,1.0,3,2,0.4565625,0.4565625
24023,0,0.0,0,1,0.8102473958333334,0.8102473958333334
24023,0,0.0,0,2,0.7576692708333334,0.7576692708333334
24023,0,0.0,0,3,0.6341276041666667,0.6341276041666667
24023,0,0.0,1,0,0.6196484375,0.6196484375
24023,0,0.0,1,2,0.67609375,0.67609375
24023,0,0.0,1,3,0.5038411458333333,0.5038411458333333
24023,0,0.0,2,0,0.6490625,0.6490625
24023,0,0.0,2,1,0.7979427083333334,0.7979427083333334
24023,0,0.0,2,3,0.6268619791666666,0.6268619791666666
24023,0,0.0,3,0,0.7409505208333333,0.7409505208333333
24023,0,0.0,3,1,0.7988541666666666,0.7988541666666666
24023,0,0.0,3,2,0.849296875,0.849296875
24023,1,0.5,0,1,0.8144010416666667,0.8144010416666667
24023,1,0.5,0,2,0.7537760416666667,0.7537760416666667
24023,1,0.5,0,3,0.7072265625,0.7072265625
24023,1,0.5,1,0,0.6344010416666667,0.6344010416666667
24023,1,0.5,1,2,0.7285807291666667,0.7285807291666667
24023,1,0.5,1,3,0.5623307291666667,0.5623307291666667
24023,1,0.5,2,0,0.5638671875,0.5638671875
24023,1,0.5,2,1,0.669921875,0.669921875
24023,1,0.5,2,3,0.5498307291666666,0.5498307291666666
24023,1,0.5,3,0,0.7884505208333333,0.7884505208333333
24023,1,0.5,3,1,0.8181380208333333,0.8181380208333333
24023,1,0.5,3,2,0.8236979166666667,0.8236979166666667
24023,2,1.0,0,1,0.770546875,0.770546875
24023,2,1.0,0,2,0.6733854166666666,0.6733854166666666
24023,2,1.0,0,3,0.68265625,0.68265625
24023,2,1.0,1,0,0.5425130208333333,0.5425130208333333
24023,2,1.0,1,2,0.65984375,0.65984375
24023,2,1.0,1,3,0.5180989583333333,0.5180989583333333
24023,2,1.0,2,0,0.42052083333333334,0.42052083333333334
24023,2,1.0,2,1,0.5599348958333333,0.5599348958333333
24023,2,1.0,2,3,0.42380208333333336,0.42380208333333336
24023,2,1.0,3,0,0.74859375,0.74859375
24023,2,1.0,3,1,0.8362890625,0.8362890625
24023,2,1.0,3,2,0.7367578125,0.7367578125
24024,0,0.0,0,1,0.4186197916666667,0.4186197916666667
24024,0,0.0,0,2,0.41932291666666666,0.41932291666666666
24024,0,0.0,0,3,0.46265625,0.46265625
24024,0,0.0,1,0,0.8581510416666667,0.8581510416666667
24024,0,0.0,1,2,0.630625,0.630625
24024,0,0.0,1,3,0.56578125,0.56578125
24024,0,0.0,2,0,0.7652864583333333,0.7652864583333333
24024,0,0.0,2,1,0.6666666666666666,0.6666666666666666
24024,0,0.0,2,3,0.48787760416666665,0.48787760416666665
24024,0,0.0,3,0,0.4894140625,0.4894140625
24024,0,0.0,3,1,0.40684895833333334,0.40684895833333334
24024,0,0.0,3,2,0.3808203125,0.3808203125
24024,1,0.5,0,1,0.5182421875,0.5182421875
24024,1,0.5,0,2,0.5103515625,0.5103515625
24024,1,0.5,0,3,0.4611328125,0.4611328125
24024,1,0.5,1,0,0.8563802083333333,0.8563802083333333
24024,1,0.5,1,2,0.664375,0.664375
24024,1,0.5,1,3,0.48184895833333335,0.48184895833333335
24024,1,0.5,2,0,0.7245442708333333,0.7245442708333333
24024,1,0.5,2,1,0.6591666666666667,0.6591666666666667
24024,1,0.5,2,3,0.3615234375,0.3615234375
24024,1,0.5,3,0,0.40375,0.40375
24024,1,0.5,3,1,0.344765625,0.344765625
24024,1,0.5,3,2,0.28772135416666667,0.28772135416666667
24024,2,1.0,0,1,0.6903776041666667,0.6903776041666667
24024,2,1.0,0,2,0.54234375,0.54234375
24024,2,1.0,0,3,0.49666666666666665,0.49666666666666665
24024,2,1.0,1,0,0.7636458333333334,0.7636458333333334
24024,2,1.0,1,2,0.5651692708333333,0.5651692708333333
24024,2,1.0,1,3,0.4622265625,0.4622265625
24024,2,1.0,2,0,0.6752864583333333,0.6752864583333333
24024,2,1.0,2,1,0.7167838541666667,0.7167838541666667
24024,2,1.0,2,3,0.39010416666666664,0.39010416666666664
24024,2,1.0,3,0,0.4144791666666667,0.4144791666666667
24024,2,1.0,3,1,0.39674479166666665,0.39674479166666665
24024,2,1.0,3,2,0.3296875,0.3296875
24025,0,0.0,0,1,0.45221354166666666,0.45221354166666666
24025,0,0.0,0,2,0.8061979166666666,0.8061979166666666
24025,0,0.0,0,3,0.46372395833333335,0.46372395833333335
24025,0,0.0,1,0,0.716953125,0.716953125
24025,0,0.0,1,2,0.7320052083333334,0.7320052083333334
24025,0,0.0,1,3,0.7225911458333333,0.7225911458333333
24025,0,0.0,2,0,0.6158854166666666,0.6158854166666666
24025,0,0.0,2,1,0.3667708333333333,0.3667708333333333
24025,0,0.0,2,3,0.36602864583333333,0.36602864583333333
24025,0,0.0,3,0,0.7372526041666667,0.7372526041666667
24025,0,0.0,3,1,0.7536328125,0.7536328125
24025,0,0.0,3,2,0.7125130208333333,0.7125130208333333
24025,1,0.5,0,1,0.4517057291666667,0.4517057291666667
24025,1,0.5,0,2,0.8088802083333333,0.8088802083333333
24025,1,0.5,0,3,0.46459635416666667,0.46459635416666667
24025,1,0.5,1,0,0.7138151041666667,0.7138151041666667
24025,1,0.5,1,2,0.7289322916666666,0.7289322916666666
24025,1,0.5,1,3,0.7250260416666666,0.7250260416666666
24025,1,0.5,2,0,0.6072265625,0.6072265625
24025,1,0.5,2,1,0.3642708333333333,0.3642708333333333
24025,1,0.5,2,3,0.360859375,0.360859375
24025,1,0.5,3,0,0.7484375,0.7484375
24025,1,0.5,3,1,0.7723307291666667,0.7723307291666667
24025,1,0.5,3,2,0.7185546875,0.7185546875
24025,2,1.0,0,1,0.44430989583333336,0.44430989583333336
24025,2,1.0,0,2,0.8029557291666667,0.8029557291666667
24025,2,1.0,0,3,0.45178385416666667,0.45178385416666667
24025,2,1.0,1,0,0.7049479166666667,0.7049479166666667
24025,2,1.0,1,2,0.7205338541666667,0.7205338541666667
24025,2,1.0,1,3,0.7252083333333333,0.7252083333333333
24025,2,1.0,2,0,0.595390625,0.595390625
24025,2,1.0,2,1,0.35380208333333335,0.35380208333333335
24025,2,1.0,2,3,0.3481640625,0.3481640625
24025,2,1.0,3,0,0.7408463541666667,0.7408463541666667
24025,2,1.0,3,1,0.7829557291666667,0.7829557291666667
24025,2,1.0,3,2,0.7134895833333333,0.7134895833333333
24026,0,0.0,0,1,0.6331640625,0.6331640625
24026,0,0.0,0,2,0.6556119791666667,0.6556119791666667
24026,0,0.0,0,3,0.4765234375,0.4765234375
24026,0,0.0,1,0,0.36278645833333334,0.36278645833333334
24026,0,0.0,1,2,0.49102864583333333,0.49102864583333333
24026,0,0.0,1,3,0.275703125,0.275703125
24026,0,0.0,2,0,0.5024739583333333,0.5024739583333333
24026,0,0.0,2,1,0.7196875,0.7196875
24026,0,0.0,2,3,0.3713020833333333,0.3713020833333333
24026,0,0.0,3,0,0.6481119791666666,0.6481119791666666
24026,0,0.0,3,1,0.5868359375,0.5868359375
24026,0,0.0,3,2,0.6699479166666666,0.6699479166666666
24026,1,0.5,0,1,0.700546875,0.700546875
24026,1,0.5,0,2,0.6283463541666666,0.6283463541666666
24026,1,0.5,0,3,0.46065104166666665,0.46065104166666665
24026,1,0.5,1,0,0.49970052083333333,0.49970052083333333
24026,1,0.5,1,2,0.4925,0.4925
24026,1,0.5,1,3,0.34541666666666665,0.34541666666666665
24026,1,0.5,2,0,0.6225260416666667,0.6225260416666667
24026,1,0.5,2,1,0.7299348958333334,0.7299348958333334
24026,1,0.5,2,3,0.5148958333333333,0.5148958333333333
24026,1,0.5,3,0,0.658203125,0.658203125
24026,1,0.5,3,1,0.6486588541666667,0.6486588541666667
24026,1,0.5,3,2,0.7293098958333334,0.7293098958333334
24026,2,1.0,0,1,0.6101171875,0.6101171875
24026,2,1.0,0,2,0.39776041666666667,0.39776041666666667
24026,2,1.0,0,3,0.4236328125,0.4236328125
24026,2,1.0,1,0,0.5870703125,0.5870703125
24026,2,1.0,1,2,0.442109375,0.442109375
24026,2,1.0,1,3,0.451484375,0.451484375
24026,2,1.0,2,0,0.5720703125,0.5720703125
24026,2,1.0,2,1,0.7129296875,0.7129296875
24026,2,1.0,2,3,0.6651692708333333,0.6651692708333333
24026,2,1.0,3,0,0.6231770833333333,0.6231770833333333
24026,2,1.0,3,1,0.70375,0.70375
24026,2,1.0,3,2,0.6712890625,0.6712890625
24027,0,0.0,0,1,0.8544661458333334,0.8544661458333334
24027,0,0.0,0,2,0.5167057291666667,0.5167057291666667
24027,0,0.0,0,3,0.7061328125,0.7061328125
24027,0,0.0,1,0,0.7408984375,0.7408984375
24027,0,0.0,1,2,0.49796875,0.49796875
24027,0,0.0,1,3,0.6189583333333334,0.6189583333333334
24027,0,0.0,2,0,0.6267057291666667,0.6267057291666667
24027,0,0.0,2,1,0.6894921875,0.6894921875
24027,0,0.0,2,3,0.6596744791666667,0.6596744791666667
24027,0,0.0,3,0,0.8353125,0.8353125
24027,0,0.0,3,1,0.8530338541666667,0.8530338541666667
24027,0,0.0,3,2,0.6343619791666667,0.6343619791666667
24027,1,0.5,0,1,0.8605729166666667,0.8605729166666667
24027,1,0.5,0,2,0.5330078125,0.5330078125
24027,1,0.5,0,3,0.7118359375,0.7118359375
24027,1,0.5,1,0,0.7370833333333333,0.7370833333333333
24027,1,0.5,1,2,0.5053515625,0.5053515625
24027,1,0.5,1,3,0.5979036458333333,0.5979036458333333
24027,1,0.5,2,0,0.6321223958333333,0.6321223958333333
24027,1,0.5,2,1,0.6940885416666667,0.6940885416666667
24027,1,0.5,2,3,0.6640364583333334,0.6640364583333334
24027,1,0.5,3,0,0.8428385416666667,0.8428385416666667
24027,1,0.5,3,1,0.8541796875,0.8541796875
24027,1,0.5,3,2,0.6493489583333333,0.6493489583333333
24027,2,1.0,0,1,0.8607161458333333,0.8607161458333333
24027,2,1.0,0,2,0.5436328125,0.5436328125
24027,2,1.0,0,3,0.7295182291666666,0.7295182291666666
24027,2,1.0,1,0,0.7430338541666667,0.7430338541666667
24027,2,1.0,1,2,0.513984375,0.513984375
24027,2,1.0,1,3,0.6043229166666667,0.6043229166666667
24027,2,1.0,2,0,0.6286197916666667,0.6286197916666667
24027,2,1.0,2,1,0.69015625,0.69015625
24027,2,1.0,2,3,0.6602734375,0.6602734375
24027,2,1.0,3,0,0.8552734375,0.8552734375
24027,2,1.0,3,1,0.8615104166666666,0.8615104166666666
24027,2,1.0,3,2,0.6545963541666666,0.6545963541666666
24028,0,0.0,0,1,0.7613671875,0.7613671875
24028,0,0.0,0,2,0.4995572916666667,0.4995572916666667
24028,0,0.0,0,3,0.6637239583333333,0.6637239583333333
24028,0,0.0,1,0,0.44069010416666665,0.44069010416666665
24028,0,0.0,1,2,0.353515625,0.353515625
24028,0,0.0,1,3,0.3919921875,0.3919921875
24028,0,0.0,2,0,0.6198307291666667,0.6198307291666667
24028,0,0.0,2,1,0.686171875,0.686171875
24028,0,0.0,2,3,0.610703125,0.610703125
24028,0,0.0,3,0,0.8183463541666667,0.8183463541666667
24028,0,0.0,3,1,0.8634244791666666,0.8634244791666666
24028,0,0.0,3,2,0.5486979166666667,0.5486979166666667
24028,1,0.5,0,1,0.6952083333333333,0.6952083333333333
24028,1,0.5,0,2,0.640625,0.640625
24028,1,0.5,0,3,0.5689453125,0.5689453125
24028,1,0.5,1,0,0.4623046875,0.4623046875
24028,1,0.5,1,2,0.3796744791666667,0.3796744791666667
24028,1,0.5,1,3,0.3702213541666667,0.3702213541666667
24028,1,0.5,2,0,0.6778255208333334,0.6778255208333334
24028,1,0.5,2,1,0.6185807291666666,0.6185807291666666
24028,1,0.5,2,3,0.5472526041666667,0.5472526041666667
24028,1,0.5,3,0,0.7760546875,0.7760546875
24028,1,0.5,3,1,0.7973697916666667,0.7973697916666667
24028,1,0.5,3,2,0.6335416666666667,0.6335416666666667
24028,2,1.0,0,1,0.6850911458333333,0.6850911458333333
24028,2,1.0,0,2,0.7404166666666666,0.7404166666666666
24028,2,1.0,0,3,0.5645182291666667,0.5645182291666667
24028,2,1.0,1,0,0.47408854166666664,0.47408854166666664
24028,2,1.0,1,2,0.4386067708333333,0.4386067708333333
24028,2,1.0,1,3,0.3875911458333333,0.3875911458333333
24028,2,1.0,2,0,0.7049869791666666,0.7049869791666666
24028,2,1.0,2,1,0.596953125,0.596953125
24028,2,1.0,2,3,0.5144010416666667,0.5144010416666667
24028,2,1.0,3,0,0.7531119791666666,0.7531119791666666
24028,2,1.0,3,1,0.8366536458333333,0.8366536458333333
24028,2,1.0,3,2,0.7050260416666667,0.7050260416666667
24029,0,0.0,0,1,0.6087239583333334,0.6087239583333334
24029,0,0.0,0,2,0.565390625,0.565390625
24029,0,0.0,0,3,0.414609375,0.414609375
24029,0,0.0,1,0,0.745703125,0.745703125
24029,0,0.0,1,2,0.7504557291666667,0.7504557291666667
24029,0,0.0,1,3,0.5130338541666667,0.5130338541666667
24029,0,0.0,2,0,0.7637369791666667,0.7637369791666667
24029,0,0.0,2,1,0.8534114583333333,0.8534114583333333
24029,0,0.0,2,3,0.581796875,0.581796875
24029,0,0.0,3,0,0.7549348958333333,0.7549348958333333
24029,0,0.0,3,1,0.8862109375,0.8862109375
24029,0,0.0,3,2,0.9018489583333333,0.9018489583333333
24029,1,0.5,0,1,0.6223567708333333,0.6223567708333333
24029,1,0.5,0,2,0.5589713541666667,0.5589713541666667
24029,1,0.5,0,3,0.4182421875,0.4182421875
24029,1,0.5,1,0,0.7278776041666667,0.7278776041666667
24029,1,0.5,1,2,0.7103776041666666,0.7103776041666666
24029,1,0.5,1,3,0.49200520833333333,0.49200520833333333
24029,1,0.5,2,0,0.76015625,0.76015625
24029,1,0.5,2,1,0.8596744791666666,0.8596744791666666
24029,1,0.5,2,3,0.5948046875,0.5948046875
24029,1,0.5,3,0,0.754765625,0.754765625
24029,1,0.5,3,1,0.8785416666666667,0.8785416666666667
24029,1,0.5,3,2,0.89984375,0.89984375
24029,2,1.0,0,1,0.6375390625,0.6375390625
24029,2,1.0,0,2,0.5660677083333333,0.5660677083333333
24029,2,1.0,0,3,0.40751302083333335,0.40751302083333335
24029,2,1.0,1,0,0.7049479166666667,0.7049479166666667
24029,2,1.0,1,2,0.671796875,0.671796875
24029,2,1.0,1,3,0.45015625,0.45015625
24029,2,1.0,2,0,0.7584635416666666,0.7584635416666666
24029,2,1.0,2,1,0.8610026041666666,0.8610026041666666
24029,2,1.0,2,3,0.5724739583333334,0.5724739583333334
24029,2,1.0,3,0,0.7491536458333333,0.7491536458333333
24029,2,1.0,3,1,0.8604947916666666,0.8604947916666666
24029,2,1.0,3,2,0.8940885416666666,0.8940885416666666
24030,0,0.0,0,1,0.8219270833333333,0.8219270833333333
24030,0,0.0,0,2,0.7168359375,0.7168359375
24030,0,0.0,0,3,0.7974739583333333,0.7974739583333333
24030,0,0.0,1,0,0.6165885416666667,0.6165885416666667
24030,0,0.0,1,2,0.6365364583333334,0.6365364583333334
24030,0,0.0,1,3,0.8565364583333334,0.8565364583333334
24030,0,0.0,2,0,0.6271354166666666,0.6271354166666666
24030,0,0.0,2,1,0.7435286458333333,0.7435286458333333
24030,0,0.0,2,3,0.7933463541666667,0.7933463541666667
24030,0,0.0,3,0,0.5389973958333333,0.5389973958333333
24030,0,0.0,3,1,0.7897395833333334,0.7897395833333334
24030,0,0.0,3,2,0.6266796875,0.6266796875
24030,1,0.5,0,1,0.8369010416666667,0.8369010416666667
24030,1,0.5,0,2,0.7282552083333333,0.7282552083333333
24030,1,0.5,0,3,0.8120182291666667,0.8120182291666667
24030,1,0.5,1,0,0.6321875,0.6321875
24030,1,0.5,1,2,0.6505078125,0.6505078125
24030,1,0.5,1,3,0.8565494791666667,0.8565494791666667
24030,1,0.5,2,0,0.6566927083333334,0.6566927083333334
24030,1,0.5,2,1,0.7786588541666667,0.7786588541666667
24030,1,0.5,2,3,0.8191536458333334,0.8191536458333334
24030,1,0.5,3,0,0.545,0.545
24030,1,0.5,3,1,0.7775130208333333,0.7775130208333333
24030,1,0.5,3,2,0.6215625,0.6215625
24030,2,1.0,0,1,0.8506640625,0.8506640625
24030,2,1.0,0,2,0.7482291666666666,0.7482291666666666
24030,2,1.0,0,3,0.830234375,0.830234375
24030,2,1.0,1,0,0.64390625,0.64390625
24030,2,1.0,1,2,0.6614192708333333,0.6614192708333333
24030,2,1.0,1,3,0.854375,0.854375
24030,2,1.0,2,0,0.6853385416666666,0.6853385416666666
24030,2,1.0,2,1,0.8025390625,0.8025390625
24030,2,1.0,2,3,0.8389192708333333,0.8389192708333333
24030,2,1.0,3,0,0.5570703125,0.5570703125
24030,2,1.0,3,1,0.7711328125,0.7711328125
24030,2,1.0,3,2,0.623984375,0.623984375
24031,0,0.0,0,1,0.6427864583333334,0.6427864583333334
24031,0,0.0,0,2,0.6412760416666666,0.6412760416666666
24031,0,0.0,0,3,0.8316666666666667,0.8316666666666667
24031,0,0.0,1,0,0.6062239583333333,0.6062239583333333
24031,0,0.0,1,2,0.6684244791666667,0.6684244791666667
24031,0,0.0,1,3,0.86546875,0.86546875
24031,0,0.0,2,0,0.7281770833333333,0.7281770833333333
24031,0,0.0,2,1,0.9017057291666667,0.9017057291666667
24031,0,0.0,2,3,0.9219921875,0.9219921875
24031,0,0.0,3,0,0.4281510416666667,0.4281510416666667
24031,0,0.0,3,1,0.5041927083333333,0.5041927083333333
24031,0,0.0,3,2,0.38505208333333335,0.38505208333333335
24031,1,0.5,0,1,0.5419401041666667,0.5419401041666667
24031,1,0.5,0,2,0.5447395833333334,0.5447395833333334
24031,1,0.5,0,3,0.7402213541666667,0.7402213541666667
24031,1,0.5,1,0,0.663671875,0.663671875
24031,1,0.5,1,2,0.7622265625,0.7622265625
24031,1,0.5,1,3,0.884375,0.884375
24031,1,0.5,2,0,0.7058723958333334,0.7058723958333334
24031,1,0.5,2,1,0.8471354166666667,0.8471354166666667
24031,1,0.5,2,3,0.9245833333333333,0.9245833333333333
24031,1,0.5,3,0,0.48955729166666667,0.48955729166666667
24031,1,0.5,3,1,0.42313802083333335,0.42313802083333335
24031,1,0.5,3,2,0.39177083333333335,0.39177083333333335
24031,2,1.0,0,1,0.48032552083333335,0.48032552083333335
24031,2,1.0,0,2,0.5153515625,0.5153515625
24031,2,1.0,0,3,0.6349609375,0.6349609375
24031,2,1.0,1,0,0.6977604166666667,0.6977604166666667
24031,2,1.0,1,2,0.7360807291666667,0.7360807291666667
24031,2,1.0,1,3,0.8172526041666667,0.8172526041666667
24031,2,1.0,2,0,0.6788020833333334,0.6788020833333334
24031,2,1.0,2,1,0.7501171875,0.7501171875
24031,2,1.0,2,3,0.8862890625,0.8862890625
24031,2,1.0,3,0,0.49125,0.49125
24031,2,1.0,3,1,0.46783854166666666,0.46783854166666666
24031,2,1.0,3,2,0.4633333333333333,0.4633333333333333
24032,0,0.0,0,1,0.6872916666666666,0.6872916666666666
24032,0,0.0,0,2,0.6873828125,0.6873828125
24032,0,0.0,0,3,0.5771484375,0.5771484375
24032,0,0.0,1,0,0.7005729166666667,0.7005729166666667
24032,0,0.0,1,2,0.7443229166666666,0.7443229166666666
24032,0,0.0,1,3,0.6461328125,0.6461328125
24032,0,0.0,2,0,0.6718619791666667,0.6718619791666667
24032,0,0.0,2,1,0.70125,0.70125
24032,0,0.0,2,3,0.5780208333333333,0.5780208333333333
24032,0,0.0,3,0,0.7068489583333334,0.7068489583333334
24032,0,0.0,3,1,0.8337109375,0.8337109375
24032,0,0.0,3,2,0.740625,0.740625
24032,1,0.5,0,1,0.6780598958333334,0.6780598958333334
24032,1,0.5,0,2,0.677421875,0.677421875
24032,1,0.5,0,3,0.548203125,0.548203125
24032,1,0.5,1,0,0.6957942708333333,0.6957942708333333
24032,1,0.5,1,2,0.753515625,0.753515625
24032,1,0.5,1,3,0.639296875,0.639296875
24032,1,0.5,2,0,0.6607291666666667,0.6607291666666667
24032,1,0.5,2,1,0.7021744791666666,0.7021744791666666
24032,1,0.5,2,3,0.5687760416666666,0.5687760416666666
24032,1,0.5,3,0,0.6864453125,0.6864453125
24032,1,0.5,3,1,0.8387369791666667,0.8387369791666667
24032,1,0.5,3,2,0.7487760416666667,0.7487760416666667
24032,2,1.0,0,1,0.6532942708333334,0.6532942708333334
24032,2,1.0,0,2,0.656953125,0.656953125
24032,2,1.0,0,3,0.5257421875,0.5257421875
24032,2,1.0,1,0,0.685,0.685
24032,2,1.0,1,2,0.7570963541666667,0.7570963541666667
24032,2,1.0,1,3,0.6265885416666667,0.6265885416666667
24032,2,1.0,2,0,0.6468619791666667,0.6468619791666667
24032,2,1.0,2,1,0.6997005208333333,0.6997005208333333
24032,2,1.0,2,3,0.5521484375,0.5521484375
24032,2,1.0,3,0,0.6739322916666667,0.6739322916666667
24032,2,1.0,3,1,0.8362239583333333,0.8362239583333333
24032,2,1.0,3,2,0.7486848958333333,0.7486848958333333
24033,0,0.0,0,1,0.6221875,0.6221875
24033,0,0.0,0,2,0.6591536458333334,0.6591536458333334
24033,0,0.0,0,3,0.5819270833333333,0.5819270833333333
24033,0,0.0,1,0,0.5397786458333333,0.5397786458333333
24033,0,0.0,1,2,0.49514322916666664,0.49514322916666664
24033,0,0.0,1,3,0.6689973958333333,0.6689973958333333
24033,0,0.0,2,0,0.62921875,0.62921875
24033,0,0.0,2,1,0.6195572916666666,0.6195572916666666
24033,0,0.0,2,3,0.6051171875,0.6051171875
24033,0,0.0,3,0,0.45209635416666666,0.45209635416666666
24033,0,0.0,3,1,0.7544010416666667,0.7544010416666667
24033,0,0.0,3,2,0.5005338541666666,0.5005338541666666
24033,1,0.5,0,1,0.6372395833333333,0.6372395833333333
24033,1,0.5,0,2,0.6631901041666667,0.6631901041666667
24033,1,0.5,0,3,0.6084635416666667,0.6084635416666667
24033,1,0.5,1,0,0.5796484375,0.5796484375
24033,1,0.5,1,2,0.48053385416666666,0.48053385416666666
24033,1,0.5,1,3,0.6710807291666666,0.6710807291666666
24033,1,0.5,2,0,0.6494791666666667,0.6494791666666667
24033,1,0.5,2,1,0.6128645833333334,0.6128645833333334
24033,1,0.5,2,3,0.6194010416666667,0.6194010416666667
24033,1,0.5,3,0,0.46265625,0.46265625
24033,1,0.5,3,1,0.7316927083333333,0.7316927083333333
24033,1,0.5,3,2,0.48930989583333334,0.48930989583333334
24033,2,1.0,0,1,0.651796875,0.651796875
24033,2,1.0,0,2,0.6620182291666666,0.6620182291666666
24033,2,1.0,0,3,0.6276171875,0.6276171875
24033,2,1.0,1,0,0.6036848958333333,0.6036848958333333
24033,2,1.0,1,2,0.4785026041666667,0.4785026041666667
24033,2,1.0,1,3,0.665546875,0.665546875
24033,2,1.0,2,0,0.65796875,0.65796875
24033,2,1.0,2,1,0.6048828125,0.6048828125
24033,2,1.0,2,3,0.6206510416666666,0.6206510416666666
24033,2,1.0,3,0,0.49203125,0.49203125
24033,2,1.0,3,1,0.7210416666666667,0.7210416666666667
24033,2,1.0,3,2,0.48877604166666666,0.48877604166666666
24034,0,0.0,0,1,0.6580208333333334,0.6580208333333334
24034,0,0.0,0,2,0.8246614583333334,0.8246614583333334
24034,0,0.0,0,3,0.5326171875,0.5326171875
24034,0,0.0,1,0,0.5102864583333333,0.5102864583333333
24034,0,0.0,1,2,0.6933203125,0.6933203125
24034,0,0.0,1,3,0.5210416666666666,0.5210416666666666
24034,0,0.0,2,0,0.473125,0.473125
24034,0,0.0,2,1,0.5565625,0.5565625
24034,0,0.0,2,3,0.4085416666666667,0.4085416666666667
24034,0,0.0,3,0,0.7020703125,0.7020703125
24034,0,0.0,3,1,0.9235416666666667,0.9235416666666667
24034,0,0.0,3,2,0.90734375,0.90734375
24034,1,0.5,0,1,0.7182682291666667,0.7182682291666667
24034,1,0.5,0,2,0.8659375,0.8659375
24034,1,0.5,0,3,0.6043098958333334,0.6043098958333334
24034,1,0.5,1,0,0.5959765625,0.5959765625
24034,1,0.5,1,2,0.7948177083333333,0.7948177083333333
24034,1,0.5,1,3,0.5630729166666667,0.5630729166666667
24034,1,0.5,2,0,0.5283854166666667,0.5283854166666667
24034,1,0.5,2,1,0.5980598958333333,0.5980598958333333
24034,1,0.5,2,3,0.414375,0.414375
24034,1,0.5,3,0,0.7985026041666666,0.7985026041666666
24034,1,0.5,3,1,0.9244140625,0.9244140625
24034,1,0.5,3,2,0.8981901041666667,0.8981901041666667
24034,2,1.0,0,1,0.7749088541666667,0.7749088541666667
24034,2,1.0,0,2,0.8639322916666666,0.8639322916666666
24034,2,1.0,0,3,0.6538802083333334,0.6538802083333334
24034,2,1.0,1,0,0.6797265625,0.6797265625
24034,2,1.0,1,2,0.8569010416666667,0.8569010416666667
24034,2,1.0,1,3,0.5855338541666667,0.5855338541666667
24034,2,1.0,2,0,0.541171875,0.541171875
24034,2,1.0,2,1,0.6122526041666667,0.6122526041666667
24034,2,1.0,2,3,0.42744791666666665,0.42744791666666665
24034,2,1.0,3,0,0.8679036458333333,0.8679036458333333
24034,2,1.0,3,1,0.9222135416666667,0.9222135416666667
24034,2,1.0,3,2,0.9002473958333334,0.9002473958333334
24035,0,0.0,0,1,0.5625130208333333,0.5625130208333333
24035,0,0.0,0,2,0.5158984375,0.5158984375
24035,0,0.0,0,3,0.44481770833333334,0.44481770833333334
24035,0,0.0,1,0,0.6550651041666666,0.6550651041666666
24035,0,0.0,1,2,0.5191666666666667,0.5191666666666667
24035,0,0.0,1,3,0.4914192708333333,0.4914192708333333
24035,0,0.0,2,0,0.7581901041666667,0.7581901041666667
24035,0,0.0,2,1,0.6502083333333334,0.6502083333333334
24035,0,0.0,2,3,0.5792447916666666,0.5792447916666666
24035,0,0.0,3,0,0.7246484375,0.7246484375
24035,0,0.0,3,1,0.7428385416666666,0.7428385416666666
24035,0,0.0,3,2,0.7170703125,0.7170703125
24035,1,0.5,0,1,0.584140625,0.584140625
24035,1,0.5,0,2,0.5342578125,0.5342578125
24035,1,0.5,0,3,0.44049479166666666,0.44049479166666666
24035,1,0.5,1,0,0.69453125,0.69453125
24035,1,0.5,1,2,0.5601302083333334,0.5601302083333334
24035,1,0.5,1,3,0.49700520833333334,0.49700520833333334
24035,1,0.5,2,0,0.7613541666666667,0.7613541666666667
24035,1,0.5,2,1,0.66359375,0.66359375
24035,1,0.5,2,3,0.56703125,0.56703125
24035,1,0.5,3,0,0.7297526041666667,0.7297526041666667
24035,1,0.5,3,1,0.7627473958333333,0.7627473958333333
24035,1,0.5,3,2,0.7248046875,0.7248046875
24035,2,1.0,0,1,0.5908333333333333,0.5908333333333333
24035,2,1.0,0,2,0.5568229166666666,0.5568229166666666
24035,2,1.0,0,3,0.4428515625,0.4428515625
24035,2,1.0,1,0,0.7400390625,0.7400390625
24035,2,1.0,1,2,0.6099609375,0.6099609375
24035,2,1.0,1,3,0.5185677083333333,0.5185677083333333
24035,2,1.0,2,0,0.7624088541666667,0.7624088541666667
24035,2,1.0,2,1,0.6624479166666667,0.6624479166666667
24035,2,1.0,2,3,0.5628125,0.5628125
24035,2,1.0,3,0,0.7335546875,0.7335546875
24035,2,1.0,3,1,0.7778255208333333,0.7778255208333333
24035,2,1.0,3,2,0.7324869791666667,0.7324869791666667
24036,0,0.0,0,1,0.72078125,0.72078125
24036,0,0.0,0,2,0.6959505208333333,0.6959505208333333
24036,0,0.0,0,3,0.5290885416666666,0.5290885416666666
24036,0,0.0,1,0,0.40197916666666667,0.40197916666666667
24036,0,0.0,1,2,0.338671875,0.338671875
24036,0,0.0,1,3,0.26255208333333335,0.26255208333333335
24036,0,0.0,2,0,0.7364583333333333,0.7364583333333333
24036,0,0.0,2,1,0.663515625,0.663515625
24036,0,0.0,2,3,0.5730078125,0.5730078125
24036,0,0.0,3,0,0.74,0.74
24036,0,0.0,3,1,0.7036588541666666,0.7036588541666666
24036,0,0.0,3,2,0.7730989583333333,0.7730989583333333
24036,1,0.5,0,1,0.7270833333333333,0.7270833333333333
24036,1,0.5,0,2,0.7084114583333333,0.7084114583333333
24036,1,0.5,0,3,0.5423958333333333,0.5423958333333333
24036,1,0.5,1,0,0.41259114583333334,0.41259114583333334
24036,1,0.5,1,2,0.35869791666666667,0.35869791666666667
24036,1,0.5,1,3,0.2796484375,0.2796484375
24036,1,0.5,2,0,0.7421614583333334,0.7421614583333334
24036,1,0.5,2,1,0.686640625,0.686640625
24036,1,0.5,2,3,0.6094010416666666,0.6094010416666666
24036,1,0.5,3,0,0.7521875,0.7521875
24036,1,0.5,3,1,0.73015625,0.73015625
24036,1,0.5,3,2,0.8165234375,0.8165234375
24036,2,1.0,0,1,0.7458333333333333,0.7458333333333333
24036,2,1.0,0,2,0.7339973958333333,0.7339973958333333
24036,2,1.0,0,3,0.5702083333333333,0.5702083333333333
24036,2,1.0,1,0,0.4172005208333333,0.4172005208333333
24036,2,1.0,1,2,0.3688671875,0.3688671875
24036,2,1.0,1,3,0.28694010416666665,0.28694010416666665
24036,2,1.0,2,0,0.7644140625,0.7644140625
24036,2,1.0,2,1,0.7059895833333333,0.7059895833333333
24036,2,1.0,2,3,0.6115755208333333,0.6115755208333333
24036,2,1.0,3,0,0.7904036458333333,0.7904036458333333
24036,2,1.0,3,1,0.7503776041666667,0.7503776041666667
24036,2,1.0,3,2,0.83015625,0.83015625
24037,0,0.0,0,1,0.6940494791666667,0.6940494791666667
24037,0,0.0,0,2,0.37265625,0.37265625
24037,0,0.0,0,3,0.49876302083333335,0.49876302083333335
24037,0,0.0,1,0,0.63546875,0.63546875
24037,0,0.0,1,2,0.31580729166666666,0.31580729166666666
24037,0,0.0,1,3,0.44794270833333333,0.44794270833333333
24037,0,0.0,2,0,0.6901692708333333,0.6901692708333333
24037,0,0.0,2,1,0.6581510416666667,0.6581510416666667
24037,0,0.0,2,3,0.7532161458333333,0.7532161458333333
24037,0,0.0,3,0,0.768671875,0.768671875
24037,0,0.0,3,1,0.7519791666666666,0.7519791666666666
24037,0,0.0,3,2,0.4585416666666667,0.4585416666666667
24037,1,0.5,0,1,0.7005338541666667,0.7005338541666667
24037,1,0.5,0,2,0.3780338541666667,0.3780338541666667
24037,1,0.5,0,3,0.5251302083333333,0.5251302083333333
24037,1,0.5,1,0,0.6430989583333333,0.6430989583333333
24037,1,0.5,1,2,0.32981770833333335,0.32981770833333335
24037,1,0.5,1,3,0.46717447916666666,0.46717447916666666
24037,1,0.5,2,0,0.6917057291666666,0.6917057291666666
24037,1,0.5,2,1,0.677734375,0.677734375
24037,1,0.5,2,3,0.7623697916666666,0.7623697916666666
24037,1,0.5,3,0,0.7738411458333333,0.7738411458333333
24037,1,0.5,3,1,0.7526432291666667,0.7526432291666667
24037,1,0.5,3,2,0.46091145833333336,0.46091145833333336
24037,2,1.0,0,1,0.706796875,0.706796875
24037,2,1.0,0,2,0.3830859375,0.3830859375
24037,2,1.0,0,3,0.546015625,0.546015625
24037,2,1.0,1,0,0.6325130208333334,0.6325130208333334
24037,2,1.0,1,2,0.3291927083333333,0.3291927083333333
24037,2,1.0,1,3,0.476875,0.476875
24037,2,1.0,2,0,0.6944401041666667,0.6944401041666667
24037,2,1.0,2,1,0.681953125,0.681953125
24037,2,1.0,2,3,0.7661588541666666,0.7661588541666666
24037,2,1.0,3,0,0.777265625,0.777265625
24037,2,1.0,3,1,0.7517447916666666,0.7517447916666666
24037,2,1.0,3,2,0.4564453125,0.4564453125
24038,0,0.0,0,1,0.5299739583333334,0.5299739583333334
24038,0,0.0,0,2,0.4754817708333333,0.4754817708333333
24038,0,0.0,0,3,0.6273046875,0.6273046875
24038,0,0.0,1,0,0.5323177083333334,0.5323177083333334
24038,0,0.0,1,2,0.6393880208333333,0.6393880208333333
24038,0,0.0,1,3,0.5916276041666667,0.5916276041666667
24038,0,0.0,2,0,0.4848177083333333,0.4848177083333333
24038,0,0.0,2,1,0.6271354166666666,0.6271354166666666
24038,0,0.0,2,3,0.5437109375,0.5437109375
24038,0,0.0,3,0,0.35739583333333336,0.35739583333333336
24038,0,0.0,3,1,0.2709244791666667,0.2709244791666667
24038,0,0.0,3,2,0.2678125,0.2678125
24038,1,0.5,0,1,0.5489192708333334,0.5489192708333334
24038,1,0.5,0,2,0.4952083333333333,0.4952083333333333
24038,1,0.5,0,3,0.6705338541666667,0.6705338541666667
24038,1,0.5,1,0,0.5361458333333333,0.5361458333333333
24038,1,0.5,1,2,0.6570572916666667,0.6570572916666667
24038,1,0.5,1,3,0.6402473958333333,0.6402473958333333
24038,1,0.5,2,0,0.436484375,0.436484375
24038,1,0.5,2,1,0.6515885416666667,0.6515885416666667
24038,1,0.5,2,3,0.5822526041666667,0.5822526041666667
24038,1,0.5,3,0,0.3956380208333333,0.3956380208333333
24038,1,0.5,3,1,0.3057421875,0.3057421875
24038,1,0.5,3,2,0.2914322916666667,0.2914322916666667
24038,2,1.0,0,1,0.5914713541666666,0.5914713541666666
24038,2,1.0,0,2,0.5426171875,0.5426171875
24038,2,1.0,0,3,0.674140625,0.674140625
24038,2,1.0,1,0,0.5706770833333333,0.5706770833333333
24038,2,1.0,1,2,0.683125,0.683125
24038,2,1.0,1,3,0.687734375,0.687734375
24038,2,1.0,2,0,0.4723177083333333,0.4723177083333333
24038,2,1.0,2,1,0.6759895833333334,0.6759895833333334
24038,2,1.0,2,3,0.6491145833333334,0.6491145833333334
24038,2,1.0,3,0,0.37419270833333335,0.37419270833333335
24038,2,1.0,3,1,0.3362890625,0.3362890625
24038,2,1.0,3,2,0.32450520833333335,0.32450520833333335
24039,0,0.0,0,1,0.8815755208333333,0.8815755208333333
24039,0,0.0,0,2,0.8442317708333333,0.8442317708333333
24039,0,0.0,0,3,0.7595442708333333,0.7595442708333333
24039,0,0.0,1,0,0.7044010416666666,0.7044010416666666
24039,0,0.0,1,2,0.6406901041666667,0.6406901041666667
24039,0,0.0,1,3,0.5814583333333333,0.5814583333333333
24039,0,0.0,2,0,0.90015625,0.90015625
24039,0,0.0,2,1,0.8601041666666667,0.8601041666666667
24039,0,0.0,2,3,0.8143489583333333,0.8143489583333333
24039,0,0.0,3,0,0.8693229166666666,0.8693229166666666
24039,0,0.0,3,1,0.8507552083333333,0.8507552083333333
24039,0,0.0,3,2,0.8970052083333333,0.8970052083333333
24039,1,0.5,0,1,0.8975911458333333,0.8975911458333333
24039,1,0.5,0,2,0.8503125,0.8503125
24039,1,0.5,0,3,0.7390234375,0.7390234375
24039,1,0.5,1,0,0.7596614583333333,0.7596614583333333
24039,1,0.5,1,2,0.6868098958333333,0.6868098958333333
24039,1,0.5,1,3,0.587421875,0.587421875
24039,1,0.5,2,0,0.9126041666666667,0.9126041666666667
24039,1,0.5,2,1,0.8854557291666667,0.8854557291666667
24039,1,0.5,2,3,0.78921875,0.78921875
24039,1,0.5,3,0,0.8921744791666667,0.8921744791666667
24039,1,0.5,3,1,0.8725260416666667,0.8725260416666667
24039,1,0.5,3,2,0.9160416666666666,0.9160416666666666
24039,2,1.0,0,1,0.8814713541666667,0.8814713541666667
24039,2,1.0,0,2,0.8161197916666667,0.8161197916666667
24039,2,1.0,0,3,0.6920052083333333,0.6920052083333333
24039,2,1.0,1,0,0.8085286458333333,0.8085286458333333
24039,2,1.0,1,2,0.72125,0.72125
24039,2,1.0,1,3,0.5865625,0.5865625
24039,2,1.0,2,0,0.9162239583333334,0.9162239583333334
24039,2,1.0,2,1,0.9125651041666667,0.9125651041666667
24039,2,1.0,2,3,0.7529427083333333,0.7529427083333333
24039,2,1.0,3,0,0.90796875,0.90796875
24039,2,1.0,3,1,0.8949088541666667,0.8949088541666667
24039,2,1.0,3,2,0.9112239583333334,0.9112239583333334
24040,0,0.0,0,1,0.6071875,0.6071875
24040,0,0.0,0,2,0.638203125,0.638203125
24040,0,0.0,0,3,0.6442057291666666,0.6442057291666666
24040,0,0.0,1,0,0.37796875,0.37796875
24040,0,0.0,1,2,0.34522135416666666,0.34522135416666666
24040,0,0.0,1,3,0.6385286458333334,0.6385286458333334
24040,0,0.0,2,0,0.7057161458333333,0.7057161458333333
24040,0,0.0,2,1,0.5829557291666667,0.5829557291666667
24040,0,0.0,2,3,0.6203385416666667,0.6203385416666667
24040,0,0.0,3,0,0.3572005208333333,0.3572005208333333
24040,0,0.0,3,1,0.6352604166666667,0.6352604166666667
24040,0,0.0,3,2,0.312734375,0.312734375
24040,1,0.5,0,1,0.6002473958333333,0.6002473958333333
24040,1,0.5,0,2,0.6430338541666667,0.6430338541666667
24040,1,0.5,0,3,0.6407682291666666,0.6407682291666666
24040,1,0.5,1,0,0.37471354166666665,0.37471354166666665
24040,1,0.5,1,2,0.3467708333333333,0.3467708333333333
24040,1,0.5,1,3,0.6242447916666667,0.6242447916666667
24040,1,0.5,2,0,0.7063671875,0.7063671875
24040,1,0.5,2,1,0.5784635416666667,0.5784635416666667
24040,1,0.5,2,3,0.6151302083333333,0.6151302083333333
24040,1,0.5,3,0,0.3585546875,0.3585546875
24040,1,0.5,3,1,0.6356380208333333,0.6356380208333333
24040,1,0.5,3,2,0.316796875,0.316796875
24040,2,1.0,0,1,0.596484375,0.596484375
24040,2,1.0,0,2,0.6305338541666666,0.6305338541666666
24040,2,1.0,0,3,0.6246223958333333,0.6246223958333333
24040,2,1.0,1,0,0.3835807291666667,0.3835807291666667
24040,2,1.0,1,2,0.35630208333333335,0.35630208333333335
24040,2,1.0,1,3,0.6204817708333333,0.6204817708333333
24040,2,1.0,2,0,0.6950260416666667,0.6950260416666667
24040,2,1.0,2,1,0.5826041666666667,0.5826041666666667
24040,2,1.0,2,3,0.6044140625,0.6044140625
24040,2,1.0,3,0,0.3555989583333333,0.3555989583333333
24040,2,1.0,3,1,0.6245442708333333,0.6245442708333333
24040,2,1.0,3,2,0.31609375,0.31609375
24041,0,0.0,0,1,0.8108203125,0.8108203125
24041,0,0.0,0,2,0.6682682291666666,0.6682682291666666
24041,0,0.0,0,3,0.7811197916666667,0.7811197916666667
24041,0,0.0,1,0,0.5237890625,0.5237890625
24041,0,0.0,1,2,0.5290104166666667,0.5290104166666667
24041,0,0.0,1,3,0.4866796875,0.4866796875
24041,0,0.0,2,0,0.6080338541666667,0.6080338541666667
24041,0,0.0,2,1,0.8522005208333333,0.8522005208333333
24041,0,0.0,2,3,0.6018229166666667,0.6018229166666667
24041,0,0.0,3,0,0.782890625,0.782890625
24041,0,0.0,3,1,0.7481510416666667,0.7481510416666667
24041,0,0.0,3,2,0.6658723958333334,0.6658723958333334
24041,1,0.5,0,1,0.8003515625,0.8003515625
24041,1,0.5,0,2,0.6573046875,0.6573046875
24041,1,0.5,0,3,0.7749869791666667,0.7749869791666667
24041,1,0.5,1,0,0.5112890625,0.5112890625
24041,1,0.5,1,2,0.5261848958333334,0.5261848958333334
24041,1,0.5,1,3,0.4696484375,0.4696484375
24041,1,0.5,2,0,0.5942057291666667,0.5942057291666667
24041,1,0.5,2,1,0.8538802083333333,0.8538802083333333
24041,1,0.5,2,3,0.5752734375,0.5752734375
24041,1,0.5,3,0,0.776953125,0.776953125
24041,1,0.5,3,1,0.738359375,0.738359375
24041,1,0.5,3,2,0.6580078125,0.6580078125
24041,2,1.0,0,1,0.7863802083333333,0.7863802083333333
24041,2,1.0,0,2,0.6479817708333333,0.6479817708333333
24041,2,1.0,0,3,0.7567578125,0.7567578125
24041,2,1.0,1,0,0.5004427083333334,0.5004427083333334
24041,2,1.0,1,2,0.5189322916666667,0.5189322916666667
24041,2,1.0,1,3,0.4535546875,0.4535546875
24041,2,1.0,2,0,0.5813671875,0.5813671875
24041,2,1.0,2,1,0.85046875,0.85046875
24041,2,1.0,2,3,0.5522786458333333,0.5522786458333333
24041,2,1.0,3,0,0.7629166666666667,0.7629166666666667
24041,2,1.0,3,1,0.7260807291666667,0.7260807291666667
24041,2,1.0,3,2,0.6503645833333334,0.6503645833333334
24042,0,0.0,0,1,0.610234375,0.610234375
24042,0,0.0,0,2,0.609140625,0.609140625
24042,0,0.0,0,3,0.7064322916666667,0.7064322916666667
24042,0,0.0,1,0,0.7438151041666666,0.7438151041666666
24042,0,0.0,1,2,0.7679166666666667,0.7679166666666667
24042,0,0.0,1,3,0.6943619791666666,0.6943619791666666
24042,0,0.0,2,0,0.5447395833333334,0.5447395833333334
24042,0,0.0,2,1,0.5572005208333334,0.5572005208333334
24042,0,0.0,2,3,0.5212890625,0.5212890625
24042,0,0.0,3,0,0.6486458333333334,0.6486458333333334
24042,0,0.0,3,1,0.5276041666666667,0.5276041666666667
24042,0,0.0,3,2,0.5477994791666667,0.5477994791666667
24042,1,0.5,0,1,0.6916796875,0.6916796875
24042,1,0.5,0,2,0.6055989583333333,0.6055989583333333
24042,1,0.5,0,3,0.7747005208333333,0.7747005208333333
24042,1,0.5,1,0,0.7730078125,0.7730078125
24042,1,0.5,1,2,0.7473958333333334,0.7473958333333334
24042,1,0.5,1,3,0.7375260416666667,0.7375260416666667
24042,1,0.5,2,0,0.536015625,0.536015625
24042,1,0.5,2,1,0.5671744791666666,0.5671744791666666
24042,1,0.5,2,3,0.5184765625,0.5184765625
24042,1,0.5,3,0,0.684453125,0.684453125
24042,1,0.5,3,1,0.6042317708333333,0.6042317708333333
24042,1,0.5,3,2,0.5556510416666667,0.5556510416666667
24042,2,1.0,0,1,0.7041927083333334,0.7041927083333334
24042,2,1.0,0,2,0.5908723958333333,0.5908723958333333
24042,2,1.0,0,3,0.7506119791666667,0.7506119791666667
24042,2,1.0,1,0,0.7524739583333333,0.7524739583333333
24042,2,1.0,1,2,0.6913411458333333,0.6913411458333333
24042,2,1.0,1,3,0.7026953125,0.7026953125
24042,2,1.0,2,0,0.5231640625,0.5231640625
24042,2,1.0,2,1,0.5699869791666666,0.5699869791666666
24042,2,1.0,2,3,0.48734375,0.48734375
24042,2,1.0,3,0,0.679140625,0.679140625
24042,2,1.0,3,1,0.6018098958333333,0.6018098958333333
24042,2,1.0,3,2,0.507421875,0.507421875
24043,0,0.0,0,1,0.8740494791666666,0.8740494791666666
24043,0,0.0,0,2,0.5472526041666667,0.5472526041666667
24043,0,0.0,0,3,0.664921875,0.664921875
24043,0,0.0,1,0,0.5552083333333333,0.5552083333333333
24043,0,0.0,1,2,0.3495703125,0.3495703125
24043,0,0.0,1,3,0.42833333333333334,0.42833333333333334
24043,0,0.0,2,0,0.8950651041666666,0.8950651041666666
24043,0,0.0,2,1,0.8828125,0.8828125
24043,0,0.0,2,3,0.8732291666666666,0.8732291666666666
24043,0,0.0,3,0,0.8827213541666666,0.8827213541666666
24043,0,0.0,3,1,0.8769010416666667,0.8769010416666667
24043,0,0.0,3,2,0.7340104166666667,0.7340104166666667
24043,1,0.5,0,1,0.872109375,0.872109375
24043,1,0.5,0,2,0.5462109375,0.5462109375
24043,1,0.5,0,3,0.6752213541666666,0.6752213541666666
24043,1,0.5,1,0,0.5421614583333333,0.5421614583333333
24043,1,0.5,1,2,0.3414453125,0.3414453125
24043,1,0.5,1,3,0.4143880208333333,0.4143880208333333
24043,1,0.5,2,0,0.8944921875,0.8944921875
24043,1,0.5,2,1,0.880390625,0.880390625
24043,1,0.5,2,3,0.8827994791666667,0.8827994791666667
24043,1,0.5,3,0,0.8963802083333333,0.8963802083333333
24043,1,0.5,3,1,0.8746354166666667,0.8746354166666667
24043,1,0.5,3,2,0.7447005208333334,0.7447005208333334
24043,2,1.0,0,1,0.8726041666666666,0.8726041666666666
24043,2,1.0,0,2,0.5437239583333333,0.5437239583333333
24043,2,1.0,0,3,0.66609375,0.66609375
24043,2,1.0,1,0,0.536796875,0.536796875
24043,2,1.0,1,2,0.33359375,0.33359375
24043,2,1.0,1,3,0.40348958333333335,0.40348958333333335
24043,2,1.0,2,0,0.8967057291666667,0.8967057291666667
24043,2,1.0,2,1,0.8774609375,0.8774609375
24043,2,1.0,2,3,0.88375,0.88375
24043,2,1.0,3,0,0.89125,0.89125
24043,2,1.0,3,1,0.8710546875,0.8710546875
24043,2,1.0,3,2,0.7438541666666667,0.7438541666666667
24044,0,0.0,0,1,0.7511328125,0.7511328125
24044,0,0.0,0,2,0.8855989583333334,0.8855989583333334
24044,0,0.0,0,3,0.6616015625,0.6616015625
24044,0,0.0,1,0,0.560625,0.560625
24044,0,0.0,1,2,0.5973697916666667,0.5973697916666667
24044,0,0.0,1,3,0.43951822916666666,0.43951822916666666
24044,0,0.0,2,0,0.5120052083333333,0.5120052083333333
24044,0,0.0,2,1,0.4879557291666667,0.4879557291666667
24044,0,0.0,2,3,0.3647005208333333,0.3647005208333333
24044,0,0.0,3,0,0.9378645833333333,0.9378645833333333
24044,0,0.0,3,1,0.8669401041666667,0.8669401041666667
24044,0,0.0,3,2,0.8298307291666667,0.8298307291666667
24044,1,0.5,0,1,0.8582942708333333,0.8582942708333333
24044,1,0.5,0,2,0.8489713541666667,0.8489713541666667
24044,1,0.5,0,3,0.5397135416666666,0.5397135416666666
24044,1,0.5,1,0,0.6005078125,0.6005078125
24044,1,0.5,1,2,0.6660546875,0.6660546875
24044,1,0.5,1,3,0.303984375,0.303984375
24044,1,0.5,2,0,0.534921875,0.534921875
24044,1,0.5,2,1,0.57828125,0.57828125
24044,1,0.5,2,3,0.31290364583333335,0.31290364583333335
24044,1,0.5,3,0,0.9196354166666667,0.9196354166666667
24044,1,0.5,3,1,0.8725651041666667,0.8725651041666667
24044,1,0.5,3,2,0.8289192708333334,0.8289192708333334
24044,2,1.0,0,1,0.837578125,0.837578125
24044,2,1.0,0,2,0.8279296875,0.8279296875
24044,2,1.0,0,3,0.459765625,0.459765625
24044,2,1.0,1,0,0.4969401041666667,0.4969401041666667
24044,2,1.0,1,2,0.7737239583333333,0.7737239583333333
24044,2,1.0,1,3,0.187578125,0.187578125
24044,2,1.0,2,0,0.5386328125,0.5386328125
24044,2,1.0,2,1,0.720703125,0.720703125
24044,2,1.0,2,3,0.23716145833333332,0.23716145833333332
24044,2,1.0,3,0,0.8767317708333333,0.8767317708333333
24044,2,1.0,3,1,0.7438411458333334,0.7438411458333334
24044,2,1.0,3,2,0.73921875,0.73921875
24045,0,0.0,0,1,0.80609375,0.80609375
24045,0,0.0,0,2,0.8451822916666667,0.8451822916666667
24045,0,0.0,0,3,0.4837890625,0.4837890625
24045,0,0.0,1,0,0.4915625,0.4915625
24045,0,0.0,1,2,0.5303255208333333,0.5303255208333333
24045,0,0.0,1,3,0.343984375,0.343984375
24045,0,0.0,2,0,0.6737630208333333,0.6737630208333333
24045,0,0.0,2,1,0.8125390625,0.8125390625
24045,0,0.0,2,3,0.4325260416666667,0.4325260416666667
24045,0,0.0,3,0,0.7623958333333334,0.7623958333333334
24045,0,0.0,3,1,0.7348567708333333,0.7348567708333333
24045,0,0.0,3,2,0.79015625,0.79015625
24045,1,0.5,0,1,0.8290755208333334,0.8290755208333334
24045,1,0.5,0,2,0.8179166666666666,0.8179166666666666
24045,1,0.5,0,3,0.44373697916666666,0.44373697916666666
24045,1,0.5,1,0,0.5072265625,0.5072265625
24045,1,0.5,1,2,0.5138151041666666,0.5138151041666666
24045,1,0.5,1,3,0.3340755208333333,0.3340755208333333
24045,1,0.5,2,0,0.7466276041666666,0.7466276041666666
24045,1,0.5,2,1,0.8269921875,0.8269921875
24045,1,0.5,2,3,0.4458984375,0.4458984375
24045,1,0.5,3,0,0.73328125,0.73328125
24045,1,0.5,3,1,0.74375,0.74375
24045,1,0.5,3,2,0.7947135416666666,0.7947135416666666
24045,2,1.0,0,1,0.8566145833333333,0.8566145833333333
24045,2,1.0,0,2,0.7744921875,0.7744921875
24045,2,1.0,0,3,0.41522135416666667,0.41522135416666667
24045,2,1.0,1,0,0.5084895833333334,0.5084895833333334
24045,2,1.0,1,2,0.47576822916666667,0.47576822916666667
24045,2,1.0,1,3,0.32342447916666667,0.32342447916666667
24045,2,1.0,2,0,0.7952473958333334,0.7952473958333334
24045,2,1.0,2,1,0.8410026041666666,0.8410026041666666
24045,2,1.0,2,3,0.46348958333333334,0.46348958333333334
24045,2,1.0,3,0,0.7052864583333334,0.7052864583333334
24045,2,1.0,3,1,0.7521354166666666,0.7521354166666666
24045,2,1.0,3,2,0.7869140625,0.7869140625
24046,0,0.0,0,1,0.6639973958333333,0.6639973958333333
24046,0,0.0,0,2,0.8047916666666667,0.8047916666666667
24046,0,0.0,0,3,0.80859375,0.80859375
24046,0,0.0,1,0,0.8120963541666667,0.8120963541666667
24046,0,0.0,1,2,0.7570182291666666,0.7570182291666666
24046,0,0.0,1,3,0.8348177083333334,0.8348177083333334
24046,0,0.0,2,0,0.38712239583333335,0.38712239583333335
24046,0,0.0,2,1,0.27794270833333334,0.27794270833333334
24046,0,0.0,2,3,0.5613671875,0.5613671875
24046,0,0.0,3,0,0.57515625,0.57515625
24046,0,0.0,3,1,0.4232942708333333,0.4232942708333333
24046,0,0.0,3,2,0.8095442708333334,0.8095442708333334
24046,1,0.5,0,1,0.6799088541666667,0.6799088541666667
24046,1,0.5,0,2,0.7853125,0.7853125
24046,1,0.5,0,3,0.7716015625,0.7716015625
24046,1,0.5,1,0,0.789765625,0.789765625
24046,1,0.5,1,2,0.7473828125,0.7473828125
24046,1,0.5,1,3,0.8011328125,0.8011328125
24046,1,0.5,2,0,0.3981640625,0.3981640625
24046,1,0.5,2,1,0.2973046875,0.2973046875
24046,1,0.5,2,3,0.6030989583333334,0.6030989583333334
24046,1,0.5,3,0,0.5185677083333333,0.5185677083333333
24046,1,0.5,3,1,0.4066015625,0.4066015625
24046,1,0.5,3,2,0.7884114583333334,0.7884114583333334
24046,2,1.0,0,1,0.6742708333333334,0.6742708333333334
24046,2,1.0,0,2,0.7488411458333334,0.7488411458333334
24046,2,1.0,0,3,0.720234375,0.720234375
24046,2,1.0,1,0,0.7597786458333333,0.7597786458333333
24046,2,1.0,1,2,0.73015625,0.73015625
24046,2,1.0,1,3,0.7632682291666667,0.7632682291666667
24046,2,1.0,2,0,0.3741536458333333,0.3741536458333333
24046,2,1.0,2,1,0.29575520833333335,0.29575520833333335
24046,2,1.0,2,3,0.6313020833333334,0.6313020833333334
24046,2,1.0,3,0,0.4376171875,0.4376171875
24046,2,1.0,3,1,0.3736979166666667,0.3736979166666667
24046,2,1.0,3,2,0.7614973958333333,0.7614973958333333
24047,0,0.0,0,1,0.6841796875,0.6841796875
24047,0,0.0,0,2,0.4504036458333333,0.4504036458333333
24047,0,0.0,0,3,0.574765625,0.574765625
24047,0,0.0,1,0,0.54890625,0.54890625
24047,0,0.0,1,2,0.36828125,0.36828125
24047,0,0.0,1,3,0.4473697916666667,0.4473697916666667
24047,0,0.0,2,0,0.5595572916666667,0.5595572916666667
24047,0,0.0,2,1,0.5472265625,0.5472265625
24047,0,0.0,2,3,0.6673567708333333,0.6673567708333333
24047,0,0.0,3,0,0.6565234375,0.6565234375
24047,0,0.0,3,1,0.635703125,0.635703125
24047,0,0.0,3,2,0.5902213541666667,0.5902213541666667
24047,1,0.5,0,1,0.7581640625,0.7581640625
24047,1,0.5,0,2,0.5045963541666667,0.5045963541666667
24047,1,0.5,0,3,0.5728255208333334,0.5728255208333334
24047,1,0.5,1,0,0.5004427083333334,0.5004427083333334
24047,1,0.5,1,2,0.37438802083333333,0.37438802083333333
24047,1,0.5,1,3,0.3963802083333333,0.3963802083333333
24047,1,0.5,2,0,0.6546614583333333,0.6546614583333333
24047,1,0.5,2,1,0.7425911458333333,0.7425911458333333
24047,1,0.5,2,3,0.8509635416666667,0.8509635416666667
24047,1,0.5,3,0,0.6775390625,0.6775390625
24047,1,0.5,3,1,0.7176432291666667,0.7176432291666667
24047,1,0.5,3,2,0.7394140625,0.7394140625
24047,2,1.0,0,1,0.8394791666666667,0.8394791666666667
24047,2,1.0,0,2,0.604140625,0.604140625
24047,2,1.0,0,3,0.6790625,0.6790625
24047,2,1.0,1,0,0.4714453125,0.4714453125
24047,2,1.0,1,2,0.5018880208333333,0.5018880208333333
24047,2,1.0,1,3,0.45309895833333336,0.45309895833333336
24047,2,1.0,2,0,0.5131770833333333,0.5131770833333333
24047,2,1.0,2,1,0.7153255208333333,0.7153255208333333
24047,2,1.0,2,3,0.623515625,0.623515625
24047,2,1.0,3,0,0.7166927083333333,0.7166927083333333
24047,2,1.0,3,1,0.8868229166666667,0.8868229166666667
24047,2,1.0,3,2,0.7968098958333333,0.7968098958333333
24048,0,0.0,0,1,0.6693619791666666,0.6693619791666666
24048,0,0.0,0,2,0.4321875,0.4321875
24048,0,0.0,0,3,0.5936588541666666,0.5936588541666666
24048,0,0.0,1,0,0.385625,0.385625
24048,0,0.0,1,2,0.3150130208333333,0.3150130208333333
24048,0,0.0,1,3,0.6289453125,0.6289453125
24048,0,0.0,2,0,0.6541927083333333,0.6541927083333333
24048,0,0.0,2,1,0.726484375,0.726484375
24048,0,0.0,2,3,0.6184895833333334,0.6184895833333334
24048,0,0.0,3,0,0.3609895833333333,0.3609895833333333
24048,0,0.0,3,1,0.4878385416666667,0.4878385416666667
24048,0,0.0,3,2,0.24596354166666667,0.24596354166666667
24048,1,0.5,0,1,0.6812890625,0.6812890625
24048,1,0.5,0,2,0.46533854166666666,0.46533854166666666
24048,1,0.5,0,3,0.5845442708333334,0.5845442708333334
24048,1,0.5,1,0,0.3821614583333333,0.3821614583333333
24048,1,0.5,1,2,0.3196875,0.3196875
24048,1,0.5,1,3,0.6202473958333333,0.6202473958333333
24048,1,0.5,2,0,0.6524479166666667,0.6524479166666667
24048,1,0.5,2,1,0.7341276041666667,0.7341276041666667
24048,1,0.5,2,3,0.6284765625,0.6284765625
24048,1,0.5,3,0,0.36046875,0.36046875
24048,1,0.5,3,1,0.4928515625,0.4928515625
24048,1,0.5,3,2,0.24967447916666666,0.24967447916666666
24048,2,1.0,0,1,0.6949609375,0.6949609375
24048,2,1.0,0,2,0.5187630208333334,0.5187630208333334
24048,2,1.0,0,3,0.574609375,0.574609375
24048,2,1.0,1,0,0.369921875,0.369921875
24048,2,1.0,1,2,0.32153645833333333,0.32153645833333333
24048,2,1.0,1,3,0.6023697916666667,0.6023697916666667
24048,2,1.0,2,0,0.6272916666666667,0.6272916666666667
24048,2,1.0,2,1,0.7407942708333334,0.7407942708333334
24048,2,1.0,2,3,0.6360026041666667,0.6360026041666667
24048,2,1.0,3,0,0.357421875,0.357421875
24048,2,1.0,3,1,0.4890234375,0.4890234375
24048,2,1.0,3,2,0.24973958333333332,0.24973958333333332
24049,0,0.0,0,1,0.386640625,0.386640625
24049,0,0.0,0,2,0.4839453125,0.4839453125
24049,0,0.0,0,3,0.7111458333333334,0.7111458333333334
24049,0,0.0,1,0,0.7876302083333333,0.7876302083333333
24049,0,0.0,1,2,0.850234375,0.850234375
24049,0,0.0,1,3,0.7114453125,0.7114453125
24049,0,0.0,2,0,0.7691145833333334,0.7691145833333334
24049,0,0.0,2,1,0.682421875,0.682421875
24049,0,0.0,2,3,0.7034895833333333,0.7034895833333333
24049,0,0.0,3,0,0.6538802083333334,0.6538802083333334
24049,0,0.0,3,1,0.33162760416666665,0.33162760416666665
24049,0,0.0,3,2,0.40936197916666667,0.40936197916666667
24049,1,0.5,0,1,0.4165494791666667,0.4165494791666667
24049,1,0.5,0,2,0.7381770833333333,0.7381770833333333
24049,1,0.5,0,3,0.5574088541666666,0.5574088541666666
24049,1,0.5,1,0,0.8072005208333334,0.8072005208333334
24049,1,0.5,1,2,0.8429166666666666,0.8429166666666666
24049,1,0.5,1,3,0.5501171875,0.5501171875
24049,1,0.5,2,0,0.8080729166666667,0.8080729166666667
24049,1,0.5,2,1,0.5193489583333334,0.5193489583333334
24049,1,0.5,2,3,0.5441145833333333,0.5441145833333333
24049,1,0.5,3,0,0.5743098958333334,0.5743098958333334
24049,1,0.5,3,1,0.3791015625,0.3791015625
24049,1,0.5,3,2,0.5409244791666666,0.5409244791666666
24049,2,1.0,0,1,0.525625,0.525625
24049,2,1.0,0,2,0.8973567708333333,0.8973567708333333
24049,2,1.0,0,3,0.5455598958333333,0.5455598958333333
24049,2,1.0,1,0,0.8668619791666666,0.8668619791666666
24049,2,1.0,1,2,0.9022395833333333,0.9022395833333333
24049,2,1.0,1,3,0.5358984375,0.5358984375
24049,2,1.0,2,0,0.6799609375,0.6799609375
24049,2,1.0,2,1,0.42615885416666666,0.42615885416666666
24049,2,1.0,2,3,0.4840625,0.4840625
24049,2,1.0,3,0,0.6744791666666666,0.6744791666666666
24049,2,1.0,3,1,0.5230989583333333,0.5230989583333333
24049,2,1.0,3,2,0.704375,0.704375
24050,0,0.0,0,1,0.4280729166666667,0.4280729166666667
24050,0,0.0,0,2,0.42618489583333335,0.42618489583333335
24050,0,0.0,0,3,0.47735677083333333,0.47735677083333333
24050,0,0.0,1,0,0.7101822916666667,0.7101822916666667
24050,0,0.0,1,2,0.45436197916666665,0.45436197916666665
24050,0,0.0,1,3,0.7775651041666667,0.7775651041666667
24050,0,0.0,2,0,0.7776171875,0.7776171875
24050,0,0.0,2,1,0.5063932291666666,0.5063932291666666
24050,0,0.0,2,3,0.5888802083333333,0.5888802083333333
24050,0,0.0,3,0,0.7776822916666667,0.7776822916666667
24050,0,0.0,3,1,0.6080729166666666,0.6080729166666666
24050,0,0.0,3,2,0.4774609375,0.4774609375
24050,1,0.5,0,1,0.47522135416666667,0.47522135416666667
24050,1,0.5,0,2,0.4072135416666667,0.4072135416666667
24050,1,0.5,0,3,0.50578125,0.50578125
24050,1,0.5,1,0,0.7686197916666667,0.7686197916666667
24050,1,0.5,1,2,0.5258854166666667,0.5258854166666667
24050,1,0.5,1,3,0.8308854166666667,0.8308854166666667
24050,1,0.5,2,0,0.7947135416666666,0.7947135416666666
24050,1,0.5,2,1,0.5701953125,0.5701953125
24050,1,0.5,2,3,0.643359375,0.643359375
24050,1,0.5,3,0,0.8213802083333334,0.8213802083333334
24050,1,0.5,3,1,0.6722265625,0.6722265625
24050,1,0.5,3,2,0.5295182291666667,0.5295182291666667
24050,2,1.0,0,1,0.4755989583333333,0.4755989583333333
24050,2,1.0,0,2,0.4166536458333333,0.4166536458333333
24050,2,1.0,0,3,0.50203125,0.50203125
24050,2,1.0,1,0,0.74515625,0.74515625
24050,2,1.0,1,2,0.5689322916666667,0.5689322916666667
24050,2,1.0,1,3,0.8438541666666667,0.8438541666666667
24050,2,1.0,2,0,0.7771484375,0.7771484375
24050,2,1.0,2,1,0.5814192708333333,0.5814192708333333
24050,2,1.0,2,3,0.6456770833333333,0.6456770833333333
24050,2,1.0,3,0,0.7700651041666666,0.7700651041666666
24050,2,1.0,3,1,0.73421875,0.73421875
24050,2,1.0,3,2,0.5834244791666666,0.5834244791666666
24051,0,0.0,0,1,0.6266536458333334,0.6266536458333334
24051,0,0.0,0,2,0.8167708333333333,0.8167708333333333
24051,0,0.0,0,3,0.7739583333333333,0.7739583333333333
24051,0,0.0,1,0,0.7930598958333334,0.7930598958333334
24051,0,0.0,1,2,0.8478385416666666,0.8478385416666666
24051,0,0.0,1,3,0.9096354166666667,0.9096354166666667
24051,0,0.0,2,0,0.41563802083333334,0.41563802083333334
24051,0,0.0,2,1,0.25611979166666665,0.25611979166666665
24051,0,0.0,2,3,0.41279947916666665,0.41279947916666665
24051,0,0.0,3,0,0.7298828125,0.7298828125
24051,0,0.0,3,1,0.6406380208333333,0.6406380208333333
24051,0,0.0,3,2,0.83359375,0.83359375
24051,1,0.5,0,1,0.53984375,0.53984375
24051,1,0.5,0,2,0.69703125,0.69703125
24051,1,0.5,0,3,0.6460807291666667,0.6460807291666667
24051,1,0.5,1,0,0.7185546875,0.7185546875
24051,1,0.5,1,2,0.8083333333333333,0.8083333333333333
24051,1,0.5,1,3,0.9150520833333333,0.9150520833333333
24051,1,0.5,2,0,0.5858463541666666,0.5858463541666666
24051,1,0.5,2,1,0.37278645833333335,0.37278645833333335
24051,1,0.5,2,3,0.5017447916666666,0.5017447916666666
24051,1,0.5,3,0,0.7263802083333334,0.7263802083333334
24051,1,0.5,3,1,0.7021744791666666,0.7021744791666666
24051,1,0.5,3,2,0.7774609375,0.7774609375
24051,2,1.0,0,1,0.5439453125,0.5439453125
24051,2,1.0,0,2,0.5625260416666666,0.5625260416666666
24051,2,1.0,0,3,0.57671875,0.57671875
24051,2,1.0,1,0,0.8047395833333333,0.8047395833333333
24051,2,1.0,1,2,0.7727473958333333,0.7727473958333333
24051,2,1.0,1,3,0.8779557291666666,0.8779557291666666
24051,2,1.0,2,0,0.6400911458333334,0.6400911458333334
24051,2,1.0,2,1,0.5453645833333334,0.5453645833333334
24051,2,1.0,2,3,0.5751171875,0.5751171875
24051,2,1.0,3,0,0.8034114583333334,0.8034114583333334
24051,2,1.0,3,1,0.7809505208333334,0.7809505208333334
24051,2,1.0,3,2,0.721875,0.721875
24052,0,0.0,0,1,0.5095052083333333,0.5095052083333333
24052,0,0.0,0,2,0.6243880208333333,0.6243880208333333
24052,0,0.0,0,3,0.5399609375,0.5399609375
24052,0,0.0,1,0,0.7199609375,0.7199609375
24052,0,0.0,1,2,0.7966796875,0.7966796875
24052,0,0.0,1,3,0.7317057291666667,0.7317057291666667
24052,0,0.0,2,0,0.7298958333333333,0.7298958333333333
24052,0,0.0,2,1,0.685703125,0.685703125
24052,0,0.0,2,3,0.6941276041666666,0.6941276041666666
24052,0,0.0,3,0,0.7286328125,0.7286328125
24052,0,0.0,3,1,0.7665755208333334,0.7665755208333334
24052,0,0.0,3,2,0.8448307291666667,0.8448307291666667
24052,1,0.5,0,1,0.5439973958333333,0.5439973958333333
24052,1,0.5,0,2,0.6389713541666666,0.6389713541666666
24052,1,0.5,0,3,0.535234375,0.535234375
24052,1,0.5,1,0,0.7346744791666666,0.7346744791666666
24052,1,0.5,1,2,0.8023307291666667,0.8023307291666667
24052,1,0.5,1,3,0.7252604166666666,0.7252604166666666
24052,1,0.5,2,0,0.7275,0.7275
24052,1,0.5,2,1,0.6961979166666666,0.6961979166666666
24052,1,0.5,2,3,0.6828645833333333,0.6828645833333333
24052,1,0.5,3,0,0.7341927083333334,0.7341927083333334
24052,1,0.5,3,1,0.7849088541666667,0.7849088541666667
24052,1,0.5,3,2,0.837578125,0.837578125
24052,2,1.0,0,1,0.546484375,0.546484375
24052,2,1.0,0,2,0.641484375,0.641484375
24052,2,1.0,0,3,0.5213411458333334,0.5213411458333334
24052,2,1.0,1,0,0.7350520833333334,0.7350520833333334
24052,2,1.0,1,2,0.7980598958333334,0.7980598958333334
24052,2,1.0,1,3,0.7195442708333334,0.7195442708333334
24052,2,1.0,2,0,0.7175,0.7175
24052,2,1.0,2,1,0.6954817708333333,0.6954817708333333
24052,2,1.0,2,3,0.669609375,0.669609375
24052,2,1.0,3,0,0.7212239583333333,0.7212239583333333
24052,2,1.0,3,1,0.7752994791666666,0.7752994791666666
24052,2,1.0,3,2,0.8250911458333333,0.8250911458333333
24053,0,0.0,0,1,0.8199869791666666,0.8199869791666666
24053,0,0.0,0,2,0.7841796875,0.7841796875
24053,0,0.0,0,3,0.7944791666666666,0.7944791666666666
24053,0,0.0,1,0,0.5701432291666667,0.5701432291666667
24053,0,0.0,1,2,0.6888671875,0.6888671875
24053,0,0.0,1,3,0.7870052083333333,0.7870052083333333
24053,0,0.0,2,0,0.5477734375,0.5477734375
24053,0,0.0,2,1,0.7445182291666667,0.7445182291666667
24053,0,0.0,2,3,0.6889973958333333,0.6889973958333333
24053,0,0.0,3,0,0.5324088541666666,0.5324088541666666
24053,0,0.0,3,1,0.7745572916666666,0.7745572916666666
24053,0,0.0,3,2,0.6576041666666667,0.6576041666666667
24053,1,0.5,0,1,0.84984375,0.84984375
24053,1,0.5,0,2,0.7487239583333334,0.7487239583333334
24053,1,0.5,0,3,0.8191145833333333,0.8191145833333333
24053,1,0.5,1,0,0.5074088541666667,0.5074088541666667
24053,1,0.5,1,2,0.5010807291666667,0.5010807291666667
24053,1,0.5,1,3,0.7598697916666667,0.7598697916666667
24053,1,0.5,2,0,0.65765625,0.65765625
24053,1,0.5,2,1,0.7584895833333334,0.7584895833333334
24053,1,0.5,2,3,0.7506119791666667,0.7506119791666667
24053,1,0.5,3,0,0.49997395833333336,0.49997395833333336
24053,1,0.5,3,1,0.81671875,0.81671875
24053,1,0.5,3,2,0.5313151041666667,0.5313151041666667
24053,2,1.0,0,1,0.8556510416666666,0.8556510416666666
24053,2,1.0,0,2,0.5698046875,0.5698046875
24053,2,1.0,0,3,0.7952083333333333,0.7952083333333333
24053,2,1.0,1,0,0.45934895833333333,0.45934895833333333
24053,2,1.0,1,2,0.33544270833333334,0.33544270833333334
24053,2,1.0,1,3,0.7033854166666667,0.7033854166666667
24053,2,1.0,2,0,0.6695833333333333,0.6695833333333333
24053,2,1.0,2,1,0.6766927083333333,0.6766927083333333
24053,2,1.0,2,3,0.6600390625,0.6600390625
24053,2,1.0,3,0,0.4440625,0.4440625
24053,2,1.0,3,1,0.7844401041666667,0.7844401041666667
24053,2,1.0,3,2,0.37115885416666666,0.37115885416666666
24054,0,0.0,0,1,0.6789453125,0.6789453125
24054,0,0.0,0,2,0.591171875,0.591171875
24054,0,0.0,0,3,0.7028515625,0.7028515625
24054,0,0.0,1,0,0.7790364583333333,0.7790364583333333
24054,0,0.0,1,2,0.61921875,0.61921875
24054,0,0.0,1,3,0.8054036458333333,0.8054036458333333
24054,0,0.0,2,0,0.839765625,0.839765625
24054,0,0.0,2,1,0.8158333333333333,0.8158333333333333
24054,0,0.0,2,3,0.7509765625,0.7509765625
24054,0,0.0,3,0,0.60359375,0.60359375
24054,0,0.0,3,1,0.5545572916666667,0.5545572916666667
24054,0,0.0,3,2,0.3877994791666667,0.3877994791666667
24054,1,0.5,0,1,0.6043619791666667,0.6043619791666667
24054,1,0.5,0,2,0.5256119791666667,0.5256119791666667
24054,1,0.5,0,3,0.7671614583333334,0.7671614583333334
24054,1,0.5,1,0,0.8245703125,0.8245703125
24054,1,0.5,1,2,0.7130989583333334,0.7130989583333334
24054,1,0.5,1,3,0.8384244791666666,0.8384244791666666
24054,1,0.5,2,0,0.8624479166666666,0.8624479166666666
24054,1,0.5,2,1,0.9067317708333333,0.9067317708333333
24054,1,0.5,2,3,0.8380989583333334,0.8380989583333334
24054,1,0.5,3,0,0.7082161458333334,0.7082161458333334
24054,1,0.5,3,1,0.46369791666666665,0.46369791666666665
24054,1,0.5,3,2,0.3652213541666667,0.3652213541666667
24054,2,1.0,0,1,0.5487890625,0.5487890625
24054,2,1.0,0,2,0.45434895833333333,0.45434895833333333
24054,2,1.0,0,3,0.7634765625,0.7634765625
24054,2,1.0,1,0,0.7936328125,0.7936328125
24054,2,1.0,1,2,0.6263020833333334,0.6263020833333334
24054,2,1.0,1,3,0.7836328125,0.7836328125
24054,2,1.0,2,0,0.8565364583333334,0.8565364583333334
24054,2,1.0,2,1,0.8934114583333334,0.8934114583333334
24054,2,1.0,2,3,0.7924739583333333,0.7924739583333333
24054,2,1.0,3,0,0.6996354166666666,0.6996354166666666
24054,2,1.0,3,1,0.35790364583333334,0.35790364583333334
24054,2,1.0,3,2,0.25436197916666664,0.25436197916666664
24055,0,0.0,0,1,0.848125,0.848125
24055,0,0.0,0,2,0.7122135416666666,0.7122135416666666
24055,0,0.0,0,3,0.8565234375,0.8565234375
24055,0,0.0,1,0,0.46774739583333336,0.46774739583333336
24055,0,0.0,1,2,0.35494791666666664,0.35494791666666664
24055,0,0.0,1,3,0.5923828125,0.5923828125
24055,0,0.0,2,0,0.8650520833333334,0.8650520833333334
24055,0,0.0,2,1,0.7770833333333333,0.7770833333333333
24055,0,0.0,2,3,0.8274088541666667,0.8274088541666667
24055,0,0.0,3,0,0.717578125,0.717578125
24055,0,0.0,3,1,0.8821875,0.8821875
24055,0,0.0,3,2,0.5778776041666667,0.5778776041666667
24055,1,0.5,0,1,0.8527473958333334,0.8527473958333334
24055,1,0.5,0,2,0.718046875,0.718046875
24055,1,0.5,0,3,0.8707421875,0.8707421875
24055,1,0.5,1,0,0.47627604166666665,0.47627604166666665
24055,1,0.5,1,2,0.3551432291666667,0.3551432291666667
24055,1,0.5,1,3,0.5641796875,0.5641796875
24055,1,0.5,2,0,0.875625,0.875625
24055,1,0.5,2,1,0.8077213541666667,0.8077213541666667
24055,1,0.5,2,3,0.8643619791666667,0.8643619791666667
24055,1,0.5,3,0,0.768125,0.768125
24055,1,0.5,3,1,0.8820572916666667,0.8820572916666667
24055,1,0.5,3,2,0.6261328125,0.6261328125
24055,2,1.0,0,1,0.7902864583333333,0.7902864583333333
24055,2,1.0,0,2,0.6573958333333333,0.6573958333333333
24055,2,1.0,0,3,0.8558072916666667,0.8558072916666667
24055,2,1.0,1,0,0.39416666666666667,0.39416666666666667
24055,2,1.0,1,2,0.2736588541666667,0.2736588541666667
24055,2,1.0,1,3,0.5018880208333333,0.5018880208333333
24055,2,1.0,2,0,0.8637890625,0.8637890625
24055,2,1.0,2,1,0.7562109375,0.7562109375
24055,2,1.0,2,3,0.8735286458333333,0.8735286458333333
24055,2,1.0,3,0,0.7285416666666666,0.7285416666666666
24055,2,1.0,3,1,0.830390625,0.830390625
24055,2,1.0,3,2,0.574921875,0.574921875
24056,0,0.0,0,1,0.8490625,0.8490625
24056,0,0.0,0,2,0.6544921875,0.6544921875
24056,0,0.0,0,3,0.470078125,0.470078125
24056,0,0.0,1,0,0.5609505208333333,0.5609505208333333
24056,0,0.0,1,2,0.5109375,0.5109375
24056,0,0.0,1,3,0.27251302083333334,0.27251302083333334
24056,0,0.0,2,0,0.6122786458333334,0.6122786458333334
24056,0,0.0,2,1,0.5913411458333333,0.5913411458333333
24056,0,0.0,2,3,0.3796614583333333,0.3796614583333333
24056,0,0.0,3,0,0.8219010416666667,0.8219010416666667
24056,0,0.0,3,1,0.8841015625,0.8841015625
24056,0,0.0,3,2,0.5867708333333334,0.5867708333333334
24056,1,0.5,0,1,0.8479166666666667,0.8479166666666667
24056,1,0.5,0,2,0.6234375,0.6234375
24056,1,0.5,0,3,0.49885416666666665,0.49885416666666665
24056,1,0.5,1,0,0.5450911458333333,0.5450911458333333
24056,1,0.5,1,2,0.4832942708333333,0.4832942708333333
24056,1,0.5,1,3,0.2886197916666667,0.2886197916666667
24056,1,0.5,2,0,0.6325651041666667,0.6325651041666667
24056,1,0.5,2,1,0.6081380208333333,0.6081380208333333
24056,1,0.5,2,3,0.4078776041666667,0.4078776041666667
24056,1,0.5,3,0,0.8131770833333334,0.8131770833333334
24056,1,0.5,3,1,0.874140625,0.874140625
24056,1,0.5,3,2,0.5820182291666667,0.5820182291666667
24056,2,1.0,0,1,0.8492708333333333,0.8492708333333333
24056,2,1.0,0,2,0.602421875,0.602421875
24056,2,1.0,0,3,0.5205729166666667,0.5205729166666667
24056,2,1.0,1,0,0.5272265625,0.5272265625
24056,2,1.0,1,2,0.436171875,0.436171875
24056,2,1.0,1,3,0.29662760416666667,0.29662760416666667
24056,2,1.0,2,0,0.6489322916666667,0.6489322916666667
24056,2,1.0,2,1,0.6255989583333333,0.6255989583333333
24056,2,1.0,2,3,0.44264322916666665,0.44264322916666665
24056,2,1.0,3,0,0.8108333333333333,0.8108333333333333
24056,2,1.0,3,1,0.8607682291666666,0.8607682291666666
24056,2,1.0,3,2,0.58875,0.58875
24057,0,0.0,0,1,0.5831510416666666,0.5831510416666666
24057,0,0.0,0,2,0.5058333333333334,0.5058333333333334
24057,0,0.0,0,3,0.7410546875,0.7410546875
24057,0,0.0,1,0,0.6717708333333333,0.6717708333333333
24057,0,0.0,1,2,0.6332552083333334,0.6332552083333334
24057,0,0.0,1,3,0.7072526041666667,0.7072526041666667
24057,0,0.0,2,0,0.723046875,0.723046875
24057,0,0.0,2,1,0.7507421875,0.7507421875
24057,0,0.0,2,3,0.7924869791666667,0.7924869791666667
24057,0,0.0,3,0,0.47725260416666665,0.47725260416666665
24057,0,0.0,3,1,0.4047265625,0.4047265625
24057,0,0.0,3,2,0.3625,0.3625
24057,1,0.5,0,1,0.6508723958333333,0.6508723958333333
24057,1,0.5,0,2,0.6619401041666667,0.6619401041666667
24057,1,0.5,0,3,0.8517057291666666,0.8517057291666666
24057,1,0.5,1,0,0.6768880208333333,0.6768880208333333
24057,1,0.5,1,2,0.5770703125,0.5770703125
24057,1,0.5,1,3,0.8371614583333333,0.8371614583333333
24057,1,0.5,2,0,0.8752604166666667,0.8752604166666667
24057,1,0.5,2,1,0.7252213541666667,0.7252213541666667
24057,1,0.5,2,3,0.8789453125,0.8789453125
24057,1,0.5,3,0,0.5154296875,0.5154296875
24057,1,0.5,3,1,0.4972916666666667,0.4972916666666667
24057,1,0.5,3,2,0.4093880208333333,0.4093880208333333
24057,2,1.0,0,1,0.6556770833333333,0.6556770833333333
24057,2,1.0,0,2,0.6596223958333334,0.6596223958333334
24057,2,1.0,0,3,0.8473046875,0.8473046875
24057,2,1.0,1,0,0.5557161458333333,0.5557161458333333
24057,2,1.0,1,2,0.48227864583333335,0.48227864583333335
24057,2,1.0,1,3,0.86078125,0.86078125
24057,2,1.0,2,0,0.8025390625,0.8025390625
24057,2,1.0,2,1,0.6795182291666667,0.6795182291666667
24057,2,1.0,2,3,0.9052473958333334,0.9052473958333334
24057,2,1.0,3,0,0.46368489583333333,0.46368489583333333
24057,2,1.0,3,1,0.5361458333333333,0.5361458333333333
24057,2,1.0,3,2,0.3891145833333333,0.3891145833333333
24058,0,0.0,0,1,0.664140625,0.664140625
24058,0,0.0,0,2,0.7640104166666667,0.7640104166666667
24058,0,0.0,0,3,0.67234375,0.67234375
24058,0,0.0,1,0,0.4272916666666667,0.4272916666666667
24058,0,0.0,1,2,0.4767578125,0.4767578125
24058,0,0.0,1,3,0.6412890625,0.6412890625
24058,0,0.0,2,0,0.7316145833333333,0.7316145833333333
24058,0,0.0,2,1,0.6718098958333333,0.6718098958333333
24058,0,0.0,2,3,0.6945833333333333,0.6945833333333333
24058,0,0.0,3,0,0.4929296875,0.4929296875
24058,0,0.0,3,1,0.6633854166666666,0.6633854166666666
24058,0,0.0,3,2,0.5537239583333333,0.5537239583333333
24058,1,0.5,0,1,0.6594401041666667,0.6594401041666667
24058,1,0.5,0,2,0.7617838541666667,0.7617838541666667
24058,1,0.5,0,3,0.6755598958333333,0.6755598958333333
24058,1,0.5,1,0,0.42682291666666666,0.42682291666666666
24058,1,0.5,1,2,0.48299479166666665,0.48299479166666665
24058,1,0.5,1,3,0.6443489583333334,0.6443489583333334
24058,1,0.5,2,0,0.7293359375,0.7293359375
24058,1,0.5,2,1,0.6735286458333334,0.6735286458333334
24058,1,0.5,2,3,0.6994270833333334,0.6994270833333334
24058,1,0.5,3,0,0.49798177083333334,0.49798177083333334
24058,1,0.5,3,1,0.6603645833333334,0.6603645833333334
24058,1,0.5,3,2,0.5618619791666667,0.5618619791666667
24058,2,1.0,0,1,0.65296875,0.65296875
24058,2,1.0,0,2,0.7603515625,0.7603515625
24058,2,1.0,0,3,0.6763151041666666,0.6763151041666666
24058,2,1.0,1,0,0.42279947916666666,0.42279947916666666
24058,2,1.0,1,2,0.485,0.485
24058,2,1.0,1,3,0.6425911458333333,0.6425911458333333
24058,2,1.0,2,0,0.7259114583333334,0.7259114583333334
24058,2,1.0,2,1,0.6749869791666666,0.6749869791666666
24058,2,1.0,2,3,0.7000911458333333,0.7000911458333333
24058,2,1.0,3,0,0.5014192708333334,0.5014192708333334
24058,2,1.0,3,1,0.6619010416666666,0.6619010416666666
24058,2,1.0,3,2,0.5689973958333333,0.5689973958333333
24059,0,0.0,0,1,0.8342057291666667,0.8342057291666667
24059,0,0.0,0,2,0.9327864583333333,0.9327864583333333
24059,0,0.0,0,3,0.89796875,0.89796875
24059,0,0.0,1,0,0.5689973958333333,0.5689973958333333
24059,0,0.0,1,2,0.6858203125,0.6858203125
24059,0,0.0,1,3,0.8822005208333333,0.8822005208333333
24059,0,0.0,2,0,0.557578125,0.557578125
24059,0,0.0,2,1,0.5848697916666666,0.5848697916666666
24059,0,0.0,2,3,0.683125,0.683125
24059,0,0.0,3,0,0.42497395833333335,0.42497395833333335
24059,0,0.0,3,1,0.6028255208333333,0.6028255208333333
24059,0,0.0,3,2,0.5802213541666666,0.5802213541666666
24059,1,0.5,0,1,0.8187239583333333,0.8187239583333333
24059,1,0.5,0,2,0.9008463541666667,0.9008463541666667
24059,1,0.5,0,3,0.9138802083333334,0.9138802083333334
24059,1,0.5,1,0,0.5984635416666667,0.5984635416666667
24059,1,0.5,1,2,0.6675,0.6675
24059,1,0.5,1,3,0.9227734375,0.9227734375
24059,1,0.5,2,0,0.6098958333333333,0.6098958333333333
24059,1,0.5,2,1,0.6112760416666667,0.6112760416666667
24059,1,0.5,2,3,0.7442708333333333,0.7442708333333333
24059,1,0.5,3,0,0.43145833333333333,0.43145833333333333
24059,1,0.5,3,1,0.5786067708333333,0.5786067708333333
24059,1,0.5,3,2,0.5477864583333333,0.5477864583333333
24059,2,1.0,0,1,0.8334244791666666,0.8334244791666666
24059,2,1.0,0,2,0.9067447916666667,0.9067447916666667
24059,2,1.0,0,3,0.9305598958333333,0.9305598958333333
24059,2,1.0,1,0,0.6392708333333333,0.6392708333333333
24059,2,1.0,1,2,0.7046484375,0.7046484375
24059,2,1.0,1,3,0.9418880208333333,0.9418880208333333
24059,2,1.0,2,0,0.6287760416666667,0.6287760416666667
24059,2,1.0,2,1,0.6323046875,0.6323046875
24059,2,1.0,2,3,0.7648697916666667,0.7648697916666667
24059,2,1.0,3,0,0.4575,0.4575
24059,2,1.0,3,1,0.5964322916666667,0.5964322916666667
24059,2,1.0,3,2,0.5750651041666667,0.5750651041666667
24060,0,0.0,0,1,0.9233072916666667,0.9233072916666667
24060,0,0.0,0,2,0.5781640625,0.5781640625
24060,0,0.0,0,3,0.5263020833333333,0.5263020833333333
24060,0,0.0,1,0,0.436484375,0.436484375
24060,0,0.0,1,2,0.3416015625,0.3416015625
24060,0,0.0,1,3,0.28725260416666665,0.28725260416666665
24060,0,0.0,2,0,0.72875,0.72875
24060,0,0.0,2,1,0.8911588541666666,0.8911588541666666
24060,0,0.0,2,3,0.678515625,0.678515625
24060,0,0.0,3,0,0.7379947916666667,0.7379947916666667
24060,0,0.0,3,1,0.840078125,0.840078125
24060,0,0.0,3,2,0.8687890625,0.8687890625
24060,1,0.5,0,1,0.9284375,0.9284375
24060,1,0.5,0,2,0.5687239583333333,0.5687239583333333
24060,1,0.5,0,3,0.5166536458333333,0.5166536458333333
24060,1,0.5,1,0,0.44658854166666667,0.44658854166666667
24060,1,0.5,1,2,0.34446614583333335,0.34446614583333335
24060,1,0.5,1,3,0.28967447916666667,0.28967447916666667
24060,1,0.5,2,0,0.71265625,0.71265625
24060,1,0.5,2,1,0.8846484375,0.8846484375
24060,1,0.5,2,3,0.6670963541666667,0.6670963541666667
24060,1,0.5,3,0,0.71984375,0.71984375
24060,1,0.5,3,1,0.8306380208333334,0.8306380208333334
24060,1,0.5,3,2,0.8720963541666666,0.8720963541666666
24060,2,1.0,0,1,0.9326041666666667,0.9326041666666667
24060,2,1.0,0,2,0.5539713541666667,0.5539713541666667
24060,2,1.0,0,3,0.504609375,0.504609375
24060,2,1.0,1,0,0.45739583333333333,0.45739583333333333
24060,2,1.0,1,2,0.3444921875,0.3444921875
24060,2,1.0,1,3,0.29131510416666667,0.29131510416666667
24060,2,1.0,2,0,0.7001302083333333,0.7001302083333333
24060,2,1.0,2,1,0.8773697916666666,0.8773697916666666
24060,2,1.0,2,3,0.6661979166666666,0.6661979166666666
24060,2,1.0,3,0,0.7015755208333333,0.7015755208333333
24060,2,1.0,3,1,0.8196744791666667,0.8196744791666667
24060,2,1.0,3,2,0.8753385416666667,0.8753385416666667
24061,0,0.0,0,1,0.4382552083333333,0.4382552083333333
24061,0,0.0,0,2,0.6971744791666666,0.6971744791666666
24061,0,0.0,0,3,0.406484375,0.406484375
24061,0,0.0,1,0,0.6561197916666667,0.6561197916666667
24061,0,0.0,1,2,0.6455989583333334,0.6455989583333334
24061,0,0.0,1,3,0.69828125,0.69828125
24061,0,0.0,2,0,0.5474739583333333,0.5474739583333333
24061,0,0.0,2,1,0.29940104166666665,0.29940104166666665
24061,0,0.0,2,3,0.2841927083333333,0.2841927083333333
24061,0,0.0,3,0,0.6912109375,0.6912109375
24061,0,0.0,3,1,0.7951692708333333,0.7951692708333333
24061,0,0.0,3,2,0.7024348958333333,0.7024348958333333
24061,1,0.5,0,1,0.47854166666666664,0.47854166666666664
24061,1,0.5,0,2,0.6869270833333333,0.6869270833333333
24061,1,0.5,0,3,0.46315104166666665,0.46315104166666665
24061,1,0.5,1,0,0.7011067708333333,0.7011067708333333
24061,1,0.5,1,2,0.6944791666666666,0.6944791666666666
24061,1,0.5,1,3,0.7327734375,0.7327734375
24061,1,0.5,2,0,0.5440104166666667,0.5440104166666667
24061,1,0.5,2,1,0.34001302083333335,0.34001302083333335
24061,1,0.5,2,3,0.3238671875,0.3238671875
24061,1,0.5,3,0,0.7586328125,0.7586328125
24061,1,0.5,3,1,0.8173697916666667,0.8173697916666667
24061,1,0.5,3,2,0.74671875,0.74671875
24061,2,1.0,0,1,0.5060416666666666,0.5060416666666666
24061,2,1.0,0,2,0.7532291666666666,0.7532291666666666
24061,2,1.0,0,3,0.4883984375,0.4883984375
24061,2,1.0,1,0,0.7542057291666666,0.7542057291666666
24061,2,1.0,1,2,0.72796875,0.72796875
24061,2,1.0,1,3,0.7469401041666667,0.7469401041666667
24061,2,1.0,2,0,0.6307942708333333,0.6307942708333333
24061,2,1.0,2,1,0.36645833333333333,0.36645833333333333
24061,2,1.0,2,3,0.3526302083333333,0.3526302083333333
24061,2,1.0,3,0,0.778046875,0.778046875
24061,2,1.0,3,1,0.8065494791666666,0.8065494791666666
24061,2,1.0,3,2,0.7542057291666666,0.7542057291666666
24062,0,0.0,0,1,0.7147135416666667,0.7147135416666667
24062,0,0.0,0,2,0.8202083333333333,0.8202083333333333
24062,0,0.0,0,3,0.706484375,0.706484375
24062,0,0.0,1,0,0.6885677083333334,0.6885677083333334
24062,0,0.0,1,2,0.7700390625,0.7700390625
24062,0,0.0,1,3,0.6674869791666667,0.6674869791666667
24062,0,0.0,2,0,0.473046875,0.473046875
24062,0,0.0,2,1,0.6333984375,0.6333984375
24062,0,0.0,2,3,0.7162369791666666,0.7162369791666666
24062,0,0.0,3,0,0.6609244791666666,0.6609244791666666
24062,0,0.0,3,1,0.6301302083333333,0.6301302083333333
24062,0,0.0,3,2,0.90375,0.90375
24062,1,0.5,0,1,0.698359375,0.698359375
24062,1,0.5,0,2,0.7876822916666667,0.7876822916666667
24062,1,0.5,0,3,0.6772916666666666,0.6772916666666666
24062,1,0.5,1,0,0.69078125,0.69078125
24062,1,0.5,1,2,0.7732421875,0.7732421875
24062,1,0.5,1,3,0.6560807291666667,0.6560807291666667
24062,1,0.5,2,0,0.451640625,0.451640625
24062,1,0.5,2,1,0.5658854166666667,0.5658854166666667
24062,1,0.5,2,3,0.7054166666666667,0.7054166666666667
24062,1,0.5,3,0,0.648203125,0.648203125
24062,1,0.5,3,1,0.5836979166666667,0.5836979166666667
24062,1,0.5,3,2,0.8997005208333333,0.8997005208333333
24062,2,1.0,0,1,0.6871354166666667,0.6871354166666667
24062,2,1.0,0,2,0.7560677083333334,0.7560677083333334
24062,2,1.0,0,3,0.646796875,0.646796875
24062,2,1.0,1,0,0.6928515625,0.6928515625
24062,2,1.0,1,2,0.7794401041666666,0.7794401041666666
24062,2,1.0,1,3,0.6525260416666666,0.6525260416666666
24062,2,1.0,2,0,0.44147135416666666,0.44147135416666666
24062,2,1.0,2,1,0.5367317708333333,0.5367317708333333
24062,2,1.0,2,3,0.6729817708333333,0.6729817708333333
24062,2,1.0,3,0,0.6457161458333334,0.6457161458333334
24062,2,1.0,3,1,0.5627994791666666,0.5627994791666666
24062,2,1.0,3,2,0.8863151041666667,0.8863151041666667
24063,0,0.0,0,1,0.7190494791666666,0.7190494791666666
24063,0,0.0,0,2,0.7149348958333334,0.7149348958333334
24063,0,0.0,0,3,0.5300520833333333,0.5300520833333333
24063,0,0.0,1,0,0.39602864583333336,0.39602864583333336
24063,0,0.0,1,2,0.6073828125,0.6073828125
24063,0,0.0,1,3,0.44951822916666667,0.44951822916666667
24063,0,0.0,2,0,0.5480989583333333,0.5480989583333333
24063,0,0.0,2,1,0.8113541666666667,0.8113541666666667
24063,0,0.0,2,3,0.5088411458333333,0.5088411458333333
24063,0,0.0,3,0,0.3929166666666667,0.3929166666666667
24063,0,0.0,3,1,0.5781380208333333,0.5781380208333333
24063,0,0.0,3,2,0.448828125,0.448828125
24063,1,0.5,0,1,0.7069010416666667,0.7069010416666667
24063,1,0.5,0,2,0.7198307291666667,0.7198307291666667
24063,1,0.5,0,3,0.5202994791666666,0.5202994791666666
24063,1,0.5,1,0,0.38829427083333334,0.38829427083333334
24063,1,0.5,1,2,0.5975130208333334,0.5975130208333334
24063,1,0.5,1,3,0.4451041666666667,0.4451041666666667
24063,1,0.5,2,0,0.5582291666666667,0.5582291666666667
24063,1,0.5,2,1,0.8090364583333334,0.8090364583333334
24063,1,0.5,2,3,0.5044661458333334,0.5044661458333334
24063,1,0.5,3,0,0.3748046875,0.3748046875
24063,1,0.5,3,1,0.5624088541666666,0.5624088541666666
24063,1,0.5,3,2,0.4326041666666667,0.4326041666666667
24063,2,1.0,0,1,0.6982682291666666,0.6982682291666666
24063,2,1.0,0,2,0.7249869791666667,0.7249869791666667
24063,2,1.0,0,3,0.513203125,0.513203125
24063,2,1.0,1,0,0.385,0.385
24063,2,1.0,1,2,0.5886588541666666,0.5886588541666666
24063,2,1.0,1,3,0.43514322916666665,0.43514322916666665
24063,2,1.0,2,0,0.5628645833333333,0.5628645833333333
24063,2,1.0,2,1,0.7995442708333333,0.7995442708333333
24063,2,1.0,2,3,0.4938151041666667,0.4938151041666667
24063,2,1.0,3,0,0.35615885416666665,0.35615885416666665
24063,2,1.0,3,1,0.5420833333333334,0.5420833333333334
24063,2,1.0,3,2,0.416953125,0.416953125
24064,0,0.0,0,1,0.9190104166666667,0.9190104166666667
24064,0,0.0,0,2,0.8852213541666667,0.8852213541666667
24064,0,0.0,0,3,0.8207552083333334,0.8207552083333334
24064,0,0.0,1,0,0.5697786458333334,0.5697786458333334
24064,0,0.0,1,2,0.9255859375,0.9255859375
24064,0,0.0,1,3,0.7519270833333334,0.7519270833333334
24064,0,0.0,2,0,0.45588541666666665,0.45588541666666665
24064,0,0.0,2,1,0.8058333333333333,0.8058333333333333
24064,0,0.0,2,3,0.6388020833333333,0.6388020833333333
24064,0,0.0,3,0,0.512578125,0.512578125
24064,0,0.0,3,1,0.7361848958333334,0.7361848958333334
24064,0,0.0,3,2,0.7227734375,0.7227734375
24064,1,0.5,0,1,0.9177473958333333,0.9177473958333333
24064,1,0.5,0,2,0.8826432291666667,0.8826432291666667
24064,1,0.5,0,3,0.815859375,0.815859375
24064,1,0.5,1,0,0.5669270833333333,0.5669270833333333
24064,1,0.5,1,2,0.9204947916666667,0.9204947916666667
24064,1,0.5,1,3,0.753671875,0.753671875
24064,1,0.5,2,0,0.4548828125,0.4548828125
24064,1,0.5,2,1,0.8069401041666666,0.8069401041666666
24064,1,0.5,2,3,0.634609375,0.634609375
24064,1,0.5,3,0,0.4985546875,0.4985546875
24064,1,0.5,3,1,0.7242447916666667,0.7242447916666667
24064,1,0.5,3,2,0.7047916666666667,0.7047916666666667
24064,2,1.0,0,1,0.9185416666666667,0.9185416666666667
24064,2,1.0,0,2,0.8841927083333333,0.8841927083333333
24064,2,1.0,0,3,0.8000651041666667,0.8000651041666667
24064,2,1.0,1,0,0.5663020833333333,0.5663020833333333
24064,2,1.0,1,2,0.9247526041666667,0.9247526041666667
24064,2,1.0,1,3,0.7484765625,0.7484765625
24064,2,1.0,2,0,0.4575,0.4575
24064,2,1.0,2,1,0.8105859375,0.8105859375
24064,2,1.0,2,3,0.625078125,0.625078125
24064,2,1.0,3,0,0.4811197916666667,0.4811197916666667
24064,2,1.0,3,1,0.708828125,0.708828125
24064,2,1.0,3,2,0.6878255208333334,0.6878255208333334
24065,0,0.0,0,1,0.6473958333333333,0.6473958333333333
24065,0,0.0,0,2,0.799765625,0.799765625
24065,0,0.0,0,3,0.6077864583333333,0.6077864583333333
24065,0,0.0,1,0,0.5101302083333333,0.5101302083333333
24065,0,0.0,1,2,0.6897005208333333,0.6897005208333333
24065,0,0.0,1,3,0.4136328125,0.4136328125
24065,0,0.0,2,0,0.5284765625,0.5284765625
24065,0,0.0,2,1,0.6954427083333333,0.6954427083333333
24065,0,0.0,2,3,0.43744791666666666,0.43744791666666666
24065,0,0.0,3,0,0.7520442708333334,0.7520442708333334
24065,0,0.0,3,1,0.777890625,0.777890625
24065,0,0.0,3,2,0.7782682291666667,0.7782682291666667
24065,1,0.5,0,1,0.6457291666666667,0.6457291666666667
24065,1,0.5,0,2,0.7937369791666666,0.7937369791666666
24065,1,0.5,0,3,0.6247265625,0.6247265625
24065,1,0.5,1,0,0.4864322916666667,0.4864322916666667
24065,1,0.5,1,2,0.6692317708333333,0.6692317708333333
24065,1,0.5,1,3,0.4066015625,0.4066015625
24065,1,0.5,2,0,0.5103385416666667,0.5103385416666667
24065,1,0.5,2,1,0.703828125,0.703828125
24065,1,0.5,2,3,0.45337239583333333,0.45337239583333333
24065,1,0.5,3,0,0.7329427083333333,0.7329427083333333
24065,1,0.5,3,1,0.7722265625,0.7722265625
24065,1,0.5,3,2,0.7716536458333333,0.7716536458333333
24065,2,1.0,0,1,0.6500911458333334,0.6500911458333334
24065,2,1.0,0,2,0.7892447916666666,0.7892447916666666
24065,2,1.0,0,3,0.638984375,0.638984375
24065,2,1.0,1,0,0.4610677083333333,0.4610677083333333
24065,2,1.0,1,2,0.6494921875,0.6494921875
24065,2,1.0,1,3,0.40118489583333333,0.40118489583333333
24065,2,1.0,2,0,0.4943619791666667,0.4943619791666667
24065,2,1.0,2,1,0.7147265625,0.7147265625
24065,2,1.0,2,3,0.4677734375,0.4677734375
24065,2,1.0,3,0,0.715234375,0.715234375
24065,2,1.0,3,1,0.7681770833333333,0.7681770833333333
24065,2,1.0,3,2,0.7653255208333334,0.7653255208333334
24066,0,0.0,0,1,0.49537760416666665,0.49537760416666665
24066,0,0.0,0,2,0.6471875,0.6471875
24066,0,0.0,0,3,0.674765625,0.674765625
24066,0,0.0,1,0,0.508046875,0.508046875
24066,0,0.0,1,2,0.5808854166666667,0.5808854166666667
24066,0,0.0,1,3,0.6676432291666666,0.6676432291666666
24066,0,0.0,2,0,0.3988541666666667,0.3988541666666667
24066,0,0.0,2,1,0.37536458333333333,0.37536458333333333
24066,0,0.0,2,3,0.46731770833333336,0.46731770833333336
24066,0,0.0,3,0,0.5705208333333334,0.5705208333333334
24066,0,0.0,3,1,0.5065494791666667,0.5065494791666667
24066,0,0.0,3,2,0.6371223958333333,0.6371223958333333
24066,1,0.5,0,1,0.5157942708333333,0.5157942708333333
24066,1,0.5,0,2,0.667578125,0.667578125
24066,1,0.5,0,3,0.6929947916666667,0.6929947916666667
24066,1,0.5,1,0,0.536015625,0.536015625
24066,1,0.5,1,2,0.5830989583333334,0.5830989583333334
24066,1,0.5,1,3,0.6827473958333333,0.6827473958333333
24066,1,0.5,2,0,0.4193880208333333,0.4193880208333333
24066,1,0.5,2,1,0.37876302083333335,0.37876302083333335
24066,1,0.5,2,3,0.4881901041666667,0.4881901041666667
24066,1,0.5,3,0,0.5742578125,0.5742578125
24066,1,0.5,3,1,0.5086458333333334,0.5086458333333334
24066,1,0.5,3,2,0.6495963541666666,0.6495963541666666
24066,2,1.0,0,1,0.5365755208333334,0.5365755208333334
24066,2,1.0,0,2,0.6806770833333333,0.6806770833333333
24066,2,1.0,0,3,0.7133463541666667,0.7133463541666667
24066,2,1.0,1,0,0.5657682291666667,0.5657682291666667
24066,2,1.0,1,2,0.5886328125,0.5886328125
24066,2,1.0,1,3,0.6993229166666667,0.6993229166666667
24066,2,1.0,2,0,0.43609375,0.43609375
24066,2,1.0,2,1,0.3857552083333333,0.3857552083333333
24066,2,1.0,2,3,0.5088932291666667,0.5088932291666667
24066,2,1.0,3,0,0.5803255208333333,0.5803255208333333
24066,2,1.0,3,1,0.5099479166666666,0.5099479166666666
24066,2,1.0,3,2,0.6640885416666666,0.6640885416666666
24067,0,0.0,0,1,0.6111197916666666,0.6111197916666666
24067,0,0.0,0,2,0.6554166666666666,0.6554166666666666
24067,0,0.0,0,3,0.6888802083333333,0.6888802083333333
24067,0,0.0,1,0,0.7413671875,0.7413671875
24067,0,0.0,1,2,0.67890625,0.67890625
24067,0,0.0,1,3,0.6956770833333333,0.6956770833333333
24067,0,0.0,2,0,0.5752604166666667,0.5752604166666667
24067,0,0.0,2,1,0.540078125,0.540078125
24067,0,0.0,2,3,0.6981510416666666,0.6981510416666666
24067,0,0.0,3,0,0.485390625,0.485390625
24067,0,0.0,3,1,0.399296875,0.399296875
24067,0,0.0,3,2,0.6064713541666666,0.6064713541666666
24067,1,0.5,0,1,0.6321875,0.6321875
24067,1,0.5,0,2,0.6785807291666667,0.6785807291666667
24067,1,0.5,0,3,0.7197786458333333,0.7197786458333333
24067,1,0.5,1,0,0.7478776041666667,0.7478776041666667
24067,1,0.5,1,2,0.6955208333333334,0.6955208333333334
24067,1,0.5,1,3,0.7235546875,0.7235546875
24067,1,0.5,2,0,0.6211067708333333,0.6211067708333333
24067,1,0.5,2,1,0.5774869791666667,0.5774869791666667
24067,1,0.5,2,3,0.6770442708333333,0.6770442708333333
24067,1,0.5,3,0,0.571328125,0.571328125
24067,1,0.5,3,1,0.460234375,0.460234375
24067,1,0.5,3,2,0.594609375,0.594609375
24067,2,1.0,0,1,0.5415625,0.5415625
24067,2,1.0,0,2,0.5452604166666667,0.5452604166666667
24067,2,1.0,0,3,0.6083203125,0.6083203125
24067,2,1.0,1,0,0.6184895833333334,0.6184895833333334
24067,2,1.0,1,2,0.6804166666666667,0.6804166666666667
24067,2,1.0,1,3,0.7154036458333334,0.7154036458333334
24067,2,1.0,2,0,0.5371484375,0.5371484375
24067,2,1.0,2,1,0.5861979166666667,0.5861979166666667
24067,2,1.0,2,3,0.6476692708333334,0.6476692708333334
24067,2,1.0,3,0,0.522109375,0.522109375
24067,2,1.0,3,1,0.49634114583333333,0.49634114583333333
24067,2,1.0,3,2,0.5786848958333334,0.5786848958333334
24068,0,0.0,0,1,0.7957291666666667,0.7957291666666667
24068,0,0.0,0,2,0.6710286458333333,0.6710286458333333
24068,0,0.0,0,3,0.8198567708333333,0.8198567708333333
24068,0,0.0,1,0,0.5852994791666667,0.5852994791666667
24068,0,0.0,1,2,0.505703125,0.505703125
24068,0,0.0,1,3,0.7483854166666667,0.7483854166666667
24068,0,0.0,2,0,0.78484375,0.78484375
24068,0,0.0,2,1,0.8082942708333334,0.8082942708333334
24068,0,0.0,2,3,0.7580078125,0.7580078125
24068,0,0.0,3,0,0.43516927083333334,0.43516927083333334
24068,0,0.0,3,1,0.5417057291666667,0.5417057291666667
24068,0,0.0,3,2,0.353515625,0.353515625
24068,1,0.5,0,1,0.7988411458333333,0.7988411458333333
24068,1,0.5,0,2,0.6759765625,0.6759765625
24068,1,0.5,0,3,0.8154557291666666,0.8154557291666666
24068,1,0.5,1,0,0.5841145833333333,0.5841145833333333
24068,1,0.5,1,2,0.5046354166666667,0.5046354166666667
24068,1,0.5,1,3,0.74265625,0.74265625
24068,1,0.5,2,0,0.7909244791666666,0.7909244791666666
24068,1,0.5,2,1,0.8035807291666667,0.8035807291666667
24068,1,0.5,2,3,0.7525,0.7525
24068,1,0.5,3,0,0.4345703125,0.4345703125
24068,1,0.5,3,1,0.5418229166666667,0.5418229166666667
24068,1,0.5,3,2,0.3531770833333333,0.3531770833333333
24068,2,1.0,0,1,0.8001953125,0.8001953125
24068,2,1.0,0,2,0.6834765625,0.6834765625
24068,2,1.0,0,3,0.8079817708333333,0.8079817708333333
24068,2,1.0,1,0,0.5831770833333333,0.5831770833333333
24068,2,1.0,1,2,0.5022395833333333,0.5022395833333333
24068,2,1.0,1,3,0.7337630208333333,0.7337630208333333
24068,2,1.0,2,0,0.7985286458333334,0.7985286458333334
24068,2,1.0,2,1,0.8025651041666667,0.8025651041666667
24068,2,1.0,2,3,0.7452734375,0.7452734375
24068,2,1.0,3,0,0.43291666666666667,0.43291666666666667
24068,2,1.0,3,1,0.5375130208333333,0.5375130208333333
24068,2,1.0,3,2,0.3528645833333333,0.3528645833333333
24069,0,0.0,0,1,0.4066927083333333,0.4066927083333333
24069,0,0.0,0,2,0.3583854166666667,0.3583854166666667
24069,0,0.0,0,3,0.5274869791666666,0.5274869791666666
24069,0,0.0,1,0,0.6341276041666667,0.6341276041666667
24069,0,0.0,1,2,0.5855598958333333,0.5855598958333333
24069,0,0.0,1,3,0.7001302083333333,0.7001302083333333
24069,0,0.0,2,0,0.6442057291666666,0.6442057291666666
24069,0,0.0,2,1,0.561953125,0.561953125
24069,0,0.0,2,3,0.5572526041666667,0.5572526041666667
24069,0,0.0,3,0,0.6224869791666666,0.6224869791666666
24069,0,0.0,3,1,0.47106770833333333,0.47106770833333333
24069,0,0.0,3,2,0.44317708333333333,0.44317708333333333
24069,1,0.5,0,1,0.3921484375,0.3921484375
24069,1,0.5,0,2,0.3541015625,0.3541015625
24069,1,0.5,0,3,0.5222916666666667,0.5222916666666667
24069,1,0.5,1,0,0.6280989583333333,0.6280989583333333
24069,1,0.5,1,2,0.5852864583333334,0.5852864583333334
24069,1,0.5,1,3,0.6925130208333333,0.6925130208333333
24069,1,0.5,2,0,0.6319661458333333,0.6319661458333333
24069,1,0.5,2,1,0.5532421875,0.5532421875
24069,1,0.5,2,3,0.5595963541666666,0.5595963541666666
24069,1,0.5,3,0,0.6242838541666667,0.6242838541666667
24069,1,0.5,3,1,0.455546875,0.455546875
24069,1,0.5,3,2,0.45166666666666666,0.45166666666666666
24069,2,1.0,0,1,0.3753515625,0.3753515625
24069,2,1.0,0,2,0.3519010416666667,0.3519010416666667
24069,2,1.0,0,3,0.5115625,0.5115625
24069,2,1.0,1,0,0.6210546875,0.6210546875
24069,2,1.0,1,2,0.5866015625,0.5866015625
24069,2,1.0,1,3,0.68171875,0.68171875
24069,2,1.0,2,0,0.6233463541666666,0.6233463541666666
24069,2,1.0,2,1,0.5448828125,0.5448828125
24069,2,1.0,2,3,0.5645703125,0.5645703125
24069,2,1.0,3,0,0.6196875,0.6196875
24069,2,1.0,3,1,0.4361067708333333,0.4361067708333333
24069,2,1.0,3,2,0.45838541666666666,0.45838541666666666
24070,0,0.0,0,1,0.597578125,0.597578125
24070,0,0.0,0,2,0.9006901041666666,0.9006901041666666
24070,0,0.0,0,3,0.85109375,0.85109375
24070,0,0.0,1,0,0.47528645833333333,0.47528645833333333
24070,0,0.0,1,2,0.5545052083333334,0.5545052083333334
24070,0,0.0,1,3,0.5998177083333334,0.5998177083333334
24070,0,0.0,2,0,0.7542057291666666,0.7542057291666666
24070,0,0.0,2,1,0.5874479166666666,0.5874479166666666
24070,0,0.0,2,3,0.8398697916666666,0.8398697916666666
24070,0,0.0,3,0,0.6256770833333334,0.6256770833333334
24070,0,0.0,3,1,0.6046614583333333,0.6046614583333333
24070,0,0.0,3,2,0.7450390625,0.7450390625
24070,1,0.5,0,1,0.5921614583333333,0.5921614583333333
24070,1,0.5,0,2,0.9038932291666667,0.9038932291666667
24070,1,0.5,0,3,0.8507161458333333,0.8507161458333333
24070,1,0.5,1,0,0.47875,0.47875
24070,1,0.5,1,2,0.5666145833333334,0.5666145833333334
24070,1,0.5,1,3,0.6068619791666666,0.6068619791666666
24070,1,0.5,2,0,0.7631770833333333,0.7631770833333333
24070,1,0.5,2,1,0.589453125,0.589453125
24070,1,0.5,2,3,0.8655338541666666,0.8655338541666666
24070,1,0.5,3,0,0.6283854166666667,0.6283854166666667
24070,1,0.5,3,1,0.6036328125,0.6036328125
24070,1,0.5,3,2,0.7666536458333333,0.7666536458333333
24070,2,1.0,0,1,0.5973177083333333,0.5973177083333333
24070,2,1.0,0,2,0.9029036458333334,0.9029036458333334
24070,2,1.0,0,3,0.8540364583333333,0.8540364583333333
24070,2,1.0,1,0,0.4946875,0.4946875
24070,2,1.0,1,2,0.5756119791666666,0.5756119791666666
24070,2,1.0,1,3,0.6146223958333333,0.6146223958333333
24070,2,1.0,2,0,0.7694401041666666,0.7694401041666666
24070,2,1.0,2,1,0.5939973958333333,0.5939973958333333
24070,2,1.0,2,3,0.8752604166666667,0.8752604166666667
24070,2,1.0,3,0,0.630859375,0.630859375
24070,2,1.0,3,1,0.601640625,0.601640625
24070,2,1.0,3,2,0.76921875,0.76921875
24071,0,0.0,0,1,0.5359114583333333,0.5359114583333333
24071,0,0.0,0,2,0.6702083333333333,0.6702083333333333
24071,0,0.0,0,3,0.5159635416666667,0.5159635416666667
24071,0,0.0,1,0,0.41674479166666667,0.41674479166666667
24071,0,0.0,1,2,0.5986979166666667,0.5986979166666667
24071,0,0.0,1,3,0.5226041666666666,0.5226041666666666
24071,0,0.0,2,0,0.5957942708333334,0.5957942708333334
24071,0,0.0,2,1,0.5952473958333333,0.5952473958333333
24071,0,0.0,2,3,0.44177083333333333,0.44177083333333333
24071,0,0.0,3,0,0.5907291666666666,0.5907291666666666
24071,0,0.0,3,1,0.8188020833333334,0.8188020833333334
24071,0,0.0,3,2,0.6781510416666666,0.6781510416666666
24071,1,0.5,0,1,0.5460026041666667,0.5460026041666667
24071,1,0.5,0,2,0.6685807291666667,0.6685807291666667
24071,1,0.5,0,3,0.4828515625,0.4828515625
24071,1,0.5,1,0,0.4450911458333333,0.4450911458333333
24071,1,0.5,1,2,0.6109114583333334,0.6109114583333334
24071,1,0.5,1,3,0.49700520833333334,0.49700520833333334
24071,1,0.5,2,0,0.6260416666666667,0.6260416666666667
24071,1,0.5,2,1,0.5984244791666666,0.5984244791666666
24071,1,0.5,2,3,0.44154947916666665,0.44154947916666665
24071,1,0.5,3,0,0.6577994791666667,0.6577994791666667
24071,1,0.5,3,1,0.8083723958333333,0.8083723958333333
24071,1,0.5,3,2,0.7206901041666667,0.7206901041666667
24071,2,1.0,0,1,0.5678255208333334,0.5678255208333334
24071,2,1.0,0,2,0.6580208333333334,0.6580208333333334
24071,2,1.0,0,3,0.432421875,0.432421875
24071,2,1.0,1,0,0.4745052083333333,0.4745052083333333
24071,2,1.0,1,2,0.6216796875,0.6216796875
24071,2,1.0,1,3,0.4699348958333333,0.4699348958333333
24071,2,1.0,2,0,0.6591666666666667,0.6591666666666667
24071,2,1.0,2,1,0.6495833333333333,0.6495833333333333
24071,2,1.0,2,3,0.46165364583333335,0.46165364583333335
24071,2,1.0,3,0,0.6956770833333333,0.6956770833333333
24071,2,1.0,3,1,0.8267578125,0.8267578125
24071,2,1.0,3,2,0.7606770833333333,0.7606770833333333
24072,0,0.0,0,1,0.7247265625,0.7247265625
24072,0,0.0,0,2,0.49139322916666667,0.49139322916666667
24072,0,0.0,0,3,0.7317708333333334,0.7317708333333334
24072,0,0.0,1,0,0.5390885416666666,0.5390885416666666
24072,0,0.0,1,2,0.41322916666666665,0.41322916666666665
24072,0,0.0,1,3,0.5672135416666667,0.5672135416666667
24072,0,0.0,2,0,0.6796744791666667,0.6796744791666667
24072,0,0.0,2,1,0.6741015625,0.6741015625
24072,0,0.0,2,3,0.6774348958333334,0.6774348958333334
24072,0,0.0,3,0,0.7008854166666667,0.7008854166666667
24072,0,0.0,3,1,0.74203125,0.74203125
24072,0,0.0,3,2,0.527890625,0.527890625
24072,1,0.5,0,1,0.7424869791666666,0.7424869791666666
24072,1,0.5,0,2,0.5665755208333333,0.5665755208333333
24072,1,0.5,0,3,0.7065625,0.7065625
24072,1,0.5,1,0,0.5602994791666667,0.5602994791666667
24072,1,0.5,1,2,0.4634765625,0.4634765625
24072,1,0.5,1,3,0.5521223958333333,0.5521223958333333
24072,1,0.5,2,0,0.7155989583333333,0.7155989583333333
24072,1,0.5,2,1,0.72453125,0.72453125
24072,1,0.5,2,3,0.6909114583333333,0.6909114583333333
24072,1,0.5,3,0,0.7253645833333333,0.7253645833333333
24072,1,0.5,3,1,0.7535807291666666,0.7535807291666666
24072,1,0.5,3,2,0.5920572916666667,0.5920572916666667
24072,2,1.0,0,1,0.7530729166666666,0.7530729166666666
24072,2,1.0,0,2,0.6008723958333333,0.6008723958333333
24072,2,1.0,0,3,0.6664453125,0.6664453125
24072,2,1.0,1,0,0.6183984375,0.6183984375
24072,2,1.0,1,2,0.5409635416666667,0.5409635416666667
24072,2,1.0,1,3,0.5867057291666666,0.5867057291666666
24072,2,1.0,2,0,0.7655989583333334,0.7655989583333334
24072,2,1.0,2,1,0.7752083333333334,0.7752083333333334
24072,2,1.0,2,3,0.6692317708333333,0.6692317708333333
24072,2,1.0,3,0,0.7562109375,0.7562109375
24072,2,1.0,3,1,0.8114192708333333,0.8114192708333333
24072,2,1.0,3,2,0.6181380208333334,0.6181380208333334
24073,0,0.0,0,1,0.7457291666666667,0.7457291666666667
24073,0,0.0,0,2,0.7164713541666666,0.7164713541666666
24073,0,0.0,0,3,0.3314713541666667,0.3314713541666667
24073,0,0.0,1,0,0.674296875,0.674296875
24073,0,0.0,1,2,0.6707421875,0.6707421875
24073,0,0.0,1,3,0.29229166666666667,0.29229166666666667
24073,0,0.0,2,0,0.6741666666666667,0.6741666666666667
24073,0,0.0,2,1,0.6313671875,0.6313671875
24073,0,0.0,2,3,0.30345052083333335,0.30345052083333335
24073,0,0.0,3,0,0.37502604166666664,0.37502604166666664
24073,0,0.0,3,1,0.43536458333333333,0.43536458333333333
24073,0,0.0,3,2,0.3925651041666667,0.3925651041666667
24073,1,0.5,0,1,0.7535026041666667,0.7535026041666667
24073,1,0.5,0,2,0.721484375,0.721484375
24073,1,0.5,0,3,0.3541796875,0.3541796875
24073,1,0.5,1,0,0.6763541666666667,0.6763541666666667
24073,1,0.5,1,2,0.6705859375,0.6705859375
24073,1,0.5,1,3,0.31274739583333333,0.31274739583333333
24073,1,0.5,2,0,0.6741145833333333,0.6741145833333333
24073,1,0.5,2,1,0.6403645833333333,0.6403645833333333
24073,1,0.5,2,3,0.32278645833333336,0.32278645833333336
24073,1,0.5,3,0,0.3876822916666667,0.3876822916666667
24073,1,0.5,3,1,0.4309895833333333,0.4309895833333333
24073,1,0.5,3,2,0.38829427083333334,0.38829427083333334
24073,2,1.0,0,1,0.754609375,0.754609375
24073,2,1.0,0,2,0.7309244791666667,0.7309244791666667
24073,2,1.0,0,3,0.39203125,0.39203125
24073,2,1.0,1,0,0.6814973958333334,0.6814973958333334
24073,2,1.0,1,2,0.6753125,0.6753125
24073,2,1.0,1,3,0.3675390625,0.3675390625
24073,2,1.0,2,0,0.6649479166666666,0.6649479166666666
24073,2,1.0,2,1,0.6332552083333334,0.6332552083333334
24073,2,1.0,2,3,0.36779947916666667,0.36779947916666667
24073,2,1.0,3,0,0.40098958333333334,0.40098958333333334
24073,2,1.0,3,1,0.4293489583333333,0.4293489583333333
24073,2,1.0,3,2,0.39611979166666667,0.39611979166666667
24074,0,0.0,0,1,0.9430729166666667,0.9430729166666667
24074,0,0.0,0,2,0.6514322916666667,0.6514322916666667
24074,0,0.0,0,3,0.9010026041666667,0.9010026041666667
24074,0,0.0,1,0,0.5183984375,0.5183984375
24074,0,0.0,1,2,0.5397005208333333,0.5397005208333333
24074,0,0.0,1,3,0.6885546875,0.6885546875
24074,0,0.0,2,0,0.5304036458333333,0.5304036458333333
24074,0,0.0,2,1,0.6462109375,0.6462109375
24074,0,0.0,2,3,0.6386067708333333,0.6386067708333333
24074,0,0.0,3,0,0.61984375,0.61984375
24074,0,0.0,3,1,0.8487369791666667,0.8487369791666667
24074,0,0.0,3,2,0.5836067708333333,0.5836067708333333
24074,1,0.5,0,1,0.9537760416666666,0.9537760416666666
24074,1,0.5,0,2,0.6023697916666667,0.6023697916666667
24074,1,0.5,0,3,0.8535286458333333,0.8535286458333333
24074,1,0.5,1,0,0.5283854166666667,0.5283854166666667
24074,1,0.5,1,2,0.507421875,0.507421875
24074,1,0.5,1,3,0.6821484375,0.6821484375
24074,1,0.5,2,0,0.5051692708333333,0.5051692708333333
24074,1,0.5,2,1,0.6096484375,0.6096484375
24074,1,0.5,2,3,0.6104036458333333,0.6104036458333333
24074,1,0.5,3,0,0.6273958333333334,0.6273958333333334
24074,1,0.5,3,1,0.8519791666666666,0.8519791666666666
24074,1,0.5,3,2,0.5580208333333333,0.5580208333333333
24074,2,1.0,0,1,0.9481901041666667,0.9481901041666667
24074,2,1.0,0,2,0.5453125,0.5453125
24074,2,1.0,0,3,0.8130078125,0.8130078125
24074,2,1.0,1,0,0.5178125,0.5178125
24074,2,1.0,1,2,0.47673177083333335,0.47673177083333335
24074,2,1.0,1,3,0.6642447916666666,0.6642447916666666
24074,2,1.0,2,0,0.4718359375,0.4718359375
24074,2,1.0,2,1,0.604453125,0.604453125
24074,2,1.0,2,3,0.5928776041666667,0.5928776041666667
24074,2,1.0,3,0,0.6181119791666667,0.6181119791666667
24074,2,1.0,3,1,0.8525651041666666,0.8525651041666666
24074,2,1.0,3,2,0.520390625,0.520390625
24075,0,0.0,0,1,0.6272005208333333,0.6272005208333333
24075,0,0.0,0,2,0.6827213541666667,0.6827213541666667
24075,0,0.0,0,3,0.6387630208333334,0.6387630208333334
24075,0,0.0,1,0,0.4105859375,0.4105859375
24075,0,0.0,1,2,0.5111848958333334,0.5111848958333334
24075,0,0.0,1,3,0.678671875,0.678671875
24075,0,0.0,2,0,0.42615885416666666,0.42615885416666666
24075,0,0.0,2,1,0.63765625,0.63765625
24075,0,0.0,2,3,0.713203125,0.713203125
24075,0,0.0,3,0,0.36688802083333333,0.36688802083333333
24075,0,0.0,3,1,0.6105208333333333,0.6105208333333333
24075,0,0.0,3,2,0.477890625,0.477890625
24075,1,0.5,0,1,0.6356640625,0.6356640625
24075,1,0.5,0,2,0.6902994791666667,0.6902994791666667
24075,1,0.5,0,3,0.6475,0.6475
24075,1,0.5,1,0,0.4332682291666667,0.4332682291666667
24075,1,0.5,1,2,0.51421875,0.51421875
24075,1,0.5,1,3,0.6648828125,0.6648828125
24075,1,0.5,2,0,0.41696614583333336,0.41696614583333336
24075,1,0.5,2,1,0.6201171875,0.6201171875
24075,1,0.5,2,3,0.7000911458333333,0.7000911458333333
24075,1,0.5,3,0,0.3791145833333333,0.3791145833333333
24075,1,0.5,3,1,0.5609244791666667,0.5609244791666667
24075,1,0.5,3,2,0.48578125,0.48578125
24075,2,1.0,0,1,0.6394140625,0.6394140625
24075,2,1.0,0,2,0.6886328125,0.6886328125
24075,2,1.0,0,3,0.6225,0.6225
24075,2,1.0,1,0,0.47973958333333333,0.47973958333333333
24075,2,1.0,1,2,0.5470703125,0.5470703125
24075,2,1.0,1,3,0.6527213541666667,0.6527213541666667
24075,2,1.0,2,0,0.41170572916666665,0.41170572916666665
24075,2,1.0,2,1,0.5786979166666667,0.5786979166666667
24075,2,1.0,2,3,0.6913802083333334,0.6913802083333334
24075,2,1.0,3,0,0.38018229166666667,0.38018229166666667
24075,2,1.0,3,1,0.506640625,0.506640625
24075,2,1.0,3,2,0.4929296875,0.4929296875
24076,0,0.0,0,1,0.800546875,0.800546875
24076,0,0.0,0,2,0.7492317708333334,0.7492317708333334
24076,0,0.0,0,3,0.7029296875,0.7029296875
24076,0,0.0,1,0,0.5352734375,0.5352734375
24076,0,0.0,1,2,0.4774088541666667,0.4774088541666667
24076,0,0.0,1,3,0.5177083333333333,0.5177083333333333
24076,0,0.0,2,0,0.963359375,0.963359375
24076,0,0.0,2,1,0.8647135416666667,0.8647135416666667
24076,0,0.0,2,3,0.7354427083333334,0.7354427083333334
24076,0,0.0,3,0,0.779609375,0.779609375
24076,0,0.0,3,1,0.9514713541666666,0.9514713541666666
24076,0,0.0,3,2,0.6881119791666667,0.6881119791666667
24076,1,0.5,0,1,0.8756640625,0.8756640625
24076,1,0.5,0,2,0.6611197916666667,0.6611197916666667
24076,1,0.5,0,3,0.7994921875,0.7994921875
24076,1,0.5,1,0,0.5461328125,0.5461328125
24076,1,0.5,1,2,0.42873697916666664,0.42873697916666664
24076,1,0.5,1,3,0.5609114583333333,0.5609114583333333
24076,1,0.5,2,0,0.8261067708333333,0.8261067708333333
24076,1,0.5,2,1,0.807421875,0.807421875
24076,1,0.5,2,3,0.7296484375,0.7296484375
24076,1,0.5,3,0,0.8048177083333333,0.8048177083333333
24076,1,0.5,3,1,0.9617578125,0.9617578125
24076,1,0.5,3,2,0.6485286458333334,0.6485286458333334
24076,2,1.0,0,1,0.8828515625,0.8828515625
24076,2,1.0,0,2,0.729375,0.729375
24076,2,1.0,0,3,0.6815885416666667,0.6815885416666667
24076,2,1.0,1,0,0.5480729166666667,0.5480729166666667
24076,2,1.0,1,2,0.41109375,0.41109375
24076,2,1.0,1,3,0.5206510416666666,0.5206510416666666
24076,2,1.0,2,0,0.9016276041666667,0.9016276041666667
24076,2,1.0,2,1,0.854609375,0.854609375
24076,2,1.0,2,3,0.74859375,0.74859375
24076,2,1.0,3,0,0.7636197916666667,0.7636197916666667
24076,2,1.0,3,1,0.9331901041666667,0.9331901041666667
24076,2,1.0,3,2,0.6283723958333334,0.6283723958333334
24077,0,0.0,0,1,0.6500520833333333,0.6500520833333333
24077,0,0.0,0,2,0.69234375,0.69234375
24077,0,0.0,0,3,0.39046875,0.39046875
24077,0,0.0,1,0,0.5136328125,0.5136328125
24077,0,0.0,1,2,0.46251302083333334,0.46251302083333334
24077,0,0.0,1,3,0.2723697916666667,0.2723697916666667
24077,0,0.0,2,0,0.6989583333333333,0.6989583333333333
24077,0,0.0,2,1,0.5734114583333333,0.5734114583333333
24077,0,0.0,2,3,0.46390625,0.46390625
24077,0,0.0,3,0,0.7542057291666666,0.7542057291666666
24077,0,0.0,3,1,0.6190104166666667,0.6190104166666667
24077,0,0.0,3,2,0.7519401041666667,0.7519401041666667
24077,1,0.5,0,1,0.6475,0.6475
24077,1,0.5,0,2,0.7076953125,0.7076953125
24077,1,0.5,0,3,0.40466145833333333,0.40466145833333333
24077,1,0.5,1,0,0.48180989583333333,0.48180989583333333
24077,1,0.5,1,2,0.4503125,0.4503125
24077,1,0.5,1,3,0.267421875,0.267421875
24077,1,0.5,2,0,0.6939713541666667,0.6939713541666667
24077,1,0.5,2,1,0.5727213541666667,0.5727213541666667
24077,1,0.5,2,3,0.4691927083333333,0.4691927083333333
24077,1,0.5,3,0,0.7572395833333333,0.7572395833333333
24077,1,0.5,3,1,0.6044661458333334,0.6044661458333334
24077,1,0.5,3,2,0.7588932291666667,0.7588932291666667
24077,2,1.0,0,1,0.6504166666666666,0.6504166666666666
24077,2,1.0,0,2,0.7208854166666666,0.7208854166666666
24077,2,1.0,0,3,0.425625,0.425625
24077,2,1.0,1,0,0.4565234375,0.4565234375
24077,2,1.0,1,2,0.4381380208333333,0.4381380208333333
24077,2,1.0,1,3,0.26565104166666664,0.26565104166666664
24077,2,1.0,2,0,0.6950260416666667,0.6950260416666667
24077,2,1.0,2,1,0.5774479166666666,0.5774479166666666
24077,2,1.0,2,3,0.4741015625,0.4741015625
24077,2,1.0,3,0,0.7626041666666666,0.7626041666666666
24077,2,1.0,3,1,0.597109375,0.597109375
24077,2,1.0,3,2,0.7557682291666666,0.7557682291666666
24078,0,0.0,0,1,0.6296223958333333,0.6296223958333333
24078,0,0.0,0,2,0.8198697916666666,0.8198697916666666
24078,0,0.0,0,3,0.4716666666666667,0.4716666666666667
24078,0,0.0,1,0,0.5611979166666666,0.5611979166666666
24078,0,0.0,1,2,0.63890625,0.63890625
24078,0,0.0,1,3,0.33360677083333334,0.33360677083333334
24078,0,0.0,2,0,0.3917317708333333,0.3917317708333333
24078,0,0.0,2,1,0.3519921875,0.3519921875
24078,0,0.0,2,3,0.2787630208333333,0.2787630208333333
24078,0,0.0,3,0,0.6226302083333334,0.6226302083333334
24078,0,0.0,3,1,0.4848828125,0.4848828125
24078,0,0.0,3,2,0.7944010416666667,0.7944010416666667
24078,1,0.5,0,1,0.6196484375,0.6196484375
24078,1,0.5,0,2,0.8122005208333334,0.8122005208333334
24078,1,0.5,0,3,0.46401041666666665,0.46401041666666665
24078,1,0.5,1,0,0.5845963541666667,0.5845963541666667
24078,1,0.5,1,2,0.6396223958333334,0.6396223958333334
24078,1,0.5,1,3,0.3365755208333333,0.3365755208333333
24078,1,0.5,2,0,0.39548177083333336,0.39548177083333336
24078,1,0.5,2,1,0.3443098958333333,0.3443098958333333
24078,1,0.5,2,3,0.28348958333333335,0.28348958333333335
24078,1,0.5,3,0,0.616640625,0.616640625
24078,1,0.5,3,1,0.48018229166666665,0.48018229166666665
24078,1,0.5,3,2,0.7908854166666667,0.7908854166666667
24078,2,1.0,0,1,0.6156770833333334,0.6156770833333334
24078,2,1.0,0,2,0.8077083333333334,0.8077083333333334
24078,2,1.0,0,3,0.45231770833333335,0.45231770833333335
24078,2,1.0,1,0,0.6031380208333333,0.6031380208333333
24078,2,1.0,1,2,0.6378645833333333,0.6378645833333333
24078,2,1.0,1,3,0.3308203125,0.3308203125
24078,2,1.0,2,0,0.3995052083333333,0.3995052083333333
24078,2,1.0,2,1,0.34111979166666667,0.34111979166666667
24078,2,1.0,2,3,0.29342447916666664,0.29342447916666664
24078,2,1.0,3,0,0.6017447916666666,0.6017447916666666
24078,2,1.0,3,1,0.4660546875,0.4660546875
24078,2,1.0,3,2,0.7889322916666667,0.7889322916666667
24079,0,0.0,0,1,0.5822786458333333,0.5822786458333333
24079,0,0.0,0,2,0.6172395833333333,0.6172395833333333
24079,0,0.0,0,3,0.6143619791666667,0.6143619791666667
24079,0,0.0,1,0,0.751484375,0.751484375
24079,0,0.0,1,2,0.7007161458333333,0.7007161458333333
24079,0,0.0,1,3,0.5885416666666666,0.5885416666666666
24079,0,0.0,2,0,0.7184895833333333,0.7184895833333333
24079,0,0.0,2,1,0.6122135416666666,0.6122135416666666
24079,0,0.0,2,3,0.695390625,0.695390625
24079,0,0.0,3,0,0.6530598958333333,0.6530598958333333
24079,0,0.0,3,1,0.48606770833333335,0.48606770833333335
24079,0,0.0,3,2,0.6389973958333334,0.6389973958333334
24079,1,0.5,0,1,0.5852473958333333,0.5852473958333333
24079,1,0.5,0,2,0.7369140625,0.7369140625
24079,1,0.5,0,3,0.7033203125,0.7033203125
24079,1,0.5,1,0,0.7578515625,0.7578515625
24079,1,0.5,1,2,0.7955598958333333,0.7955598958333333
24079,1,0.5,1,3,0.6932161458333334,0.6932161458333334
24079,1,0.5,2,0,0.7861458333333333,0.7861458333333333
24079,1,0.5,2,1,0.643984375,0.643984375
24079,1,0.5,2,3,0.7662760416666666,0.7662760416666666
24079,1,0.5,3,0,0.6523567708333333,0.6523567708333333
24079,1,0.5,3,1,0.5184895833333333,0.5184895833333333
24079,1,0.5,3,2,0.6730338541666666,0.6730338541666666
24079,2,1.0,0,1,0.6754557291666666,0.6754557291666666
24079,2,1.0,0,2,0.7525390625,0.7525390625
24079,2,1.0,0,3,0.73421875,0.73421875
24079,2,1.0,1,0,0.7134114583333333,0.7134114583333333
24079,2,1.0,1,2,0.7713932291666666,0.7713932291666666
24079,2,1.0,1,3,0.7221354166666667,0.7221354166666667
24079,2,1.0,2,0,0.6749609375,0.6749609375
24079,2,1.0,2,1,0.6675651041666667,0.6675651041666667
24079,2,1.0,2,3,0.7840104166666667,0.7840104166666667
24079,2,1.0,3,0,0.5995572916666667,0.5995572916666667
24079,2,1.0,3,1,0.5750390625,0.5750390625
24079,2,1.0,3,2,0.693515625,0.693515625
24080,0,0.0,0,1,0.789140625,0.789140625
24080,0,0.0,0,2,0.6509375,0.6509375
24080,0,0.0,0,3,0.7582161458333333,0.7582161458333333
24080,0,0.0,1,0,0.5965234375,0.5965234375
24080,0,0.0,1,2,0.5903125,0.5903125
24080,0,0.0,1,3,0.6356380208333333,0.6356380208333333
24080,0,0.0,2,0,0.52953125,0.52953125
24080,0,0.0,2,1,0.6303125,0.6303125
24080,0,0.0,2,3,0.7644791666666667,0.7644791666666667
24080,0,0.0,3,0,0.5379166666666667,0.5379166666666667
24080,0,0.0,3,1,0.6042708333333333,0.6042708333333333
24080,0,0.0,3,2,0.6640364583333334,0.6640364583333334
24080,1,0.5,0,1,0.7836979166666667,0.7836979166666667
24080,1,0.5,0,2,0.6561979166666667,0.6561979166666667
24080,1,0.5,0,3,0.7763932291666666,0.7763932291666666
24080,1,0.5,1,0,0.6012239583333333,0.6012239583333333
24080,1,0.5,1,2,0.5906770833333334,0.5906770833333334
24080,1,0.5,1,3,0.6500260416666667,0.6500260416666667
24080,1,0.5,2,0,0.5525130208333333,0.5525130208333333
24080,1,0.5,2,1,0.638671875,0.638671875
24080,1,0.5,2,3,0.7580989583333333,0.7580989583333333
24080,1,0.5,3,0,0.5530208333333333,0.5530208333333333
24080,1,0.5,3,1,0.6149739583333333,0.6149739583333333
24080,1,0.5,3,2,0.6529817708333333,0.6529817708333333
24080,2,1.0,0,1,0.7426302083333334,0.7426302083333334
24080,2,1.0,0,2,0.6516536458333333,0.6516536458333333
24080,2,1.0,0,3,0.7673828125,0.7673828125
24080,2,1.0,1,0,0.6100260416666666,0.6100260416666666
24080,2,1.0,1,2,0.6277734375,0.6277734375
24080,2,1.0,1,3,0.6452473958333333,0.6452473958333333
24080,2,1.0,2,0,0.5697786458333334,0.5697786458333334
24080,2,1.0,2,1,0.6491015625,0.6491015625
24080,2,1.0,2,3,0.7259505208333333,0.7259505208333333
24080,2,1.0,3,0,0.60703125,0.60703125
24080,2,1.0,3,1,0.5907291666666666,0.5907291666666666
24080,2,1.0,3,2,0.6524479166666667,0.6524479166666667
24081,0,0.0,0,1,0.66,0.66
24081,0,0.0,0,2,0.6907421875,0.6907421875
24081,0,0.0,0,3,0.8518489583333333,0.8518489583333333
24081,0,0.0,1,0,0.6956380208333334,0.6956380208333334
24081,0,0.0,1,2,0.5180338541666667,0.5180338541666667
24081,0,0.0,1,3,0.7031770833333333,0.7031770833333333
24081,0,0.0,2,0,0.5035286458333333,0.5035286458333333
24081,0,0.0,2,1,0.36671875,0.36671875
24081,0,0.0,2,3,0.5656119791666666,0.5656119791666666
24081,0,0.0,3,0,0.6205598958333334,0.6205598958333334
24081,0,0.0,3,1,0.5070182291666666,0.5070182291666666
24081,0,0.0,3,2,0.5676302083333333,0.5676302083333333
24081,1,0.5,0,1,0.7088411458333334,0.7088411458333334
24081,1,0.5,0,2,0.6329947916666666,0.6329947916666666
24081,1,0.5,0,3,0.82046875,0.82046875
24081,1,0.5,1,0,0.6429166666666667,0.6429166666666667
24081,1,0.5,1,2,0.5191015625,0.5191015625
24081,1,0.5,1,3,0.6343359375,0.6343359375
24081,1,0.5,2,0,0.5910677083333333,0.5910677083333333
24081,1,0.5,2,1,0.5281119791666666,0.5281119791666666
24081,1,0.5,2,3,0.6491796875,0.6491796875
24081,1,0.5,3,0,0.7126692708333333,0.7126692708333333
24081,1,0.5,3,1,0.6436979166666666,0.6436979166666666
24081,1,0.5,3,2,0.5960416666666667,0.5960416666666667
24081,2,1.0,0,1,0.7190234375,0.7190234375
24081,2,1.0,0,2,0.5515104166666667,0.5515104166666667
24081,2,1.0,0,3,0.7609765625,0.7609765625
24081,2,1.0,1,0,0.45307291666666666,0.45307291666666666
24081,2,1.0,1,2,0.328515625,0.328515625
24081,2,1.0,1,3,0.40865885416666664,0.40865885416666664
24081,2,1.0,2,0,0.6480729166666667,0.6480729166666667
24081,2,1.0,2,1,0.55765625,0.55765625
24081,2,1.0,2,3,0.7074479166666666,0.7074479166666666
24081,2,1.0,3,0,0.7297786458333333,0.7297786458333333
24081,2,1.0,3,1,0.6292578125,0.6292578125
24081,2,1.0,3,2,0.5645572916666667,0.5645572916666667
24082,0,0.0,0,1,0.6406380208333333,0.6406380208333333
24082,0,0.0,0,2,0.883828125,0.883828125
24082,0,0.0,0,3,0.6731119791666667,0.6731119791666667
24082,0,0.0,1,0,0.8607291666666667,0.8607291666666667
24082,0,0.0,1,2,0.8333854166666667,0.8333854166666667
24082,0,0.0,1,3,0.8622265625,0.8622265625
24082,0,0.0,2,0,0.7679166666666667,0.7679166666666667
24082,0,0.0,2,1,0.5476822916666667,0.5476822916666667
24082,0,0.0,2,3,0.5617838541666667,0.5617838541666667
24082,0,0.0,3,0,0.8911328125,0.8911328125
24082,0,0.0,3,1,0.8249739583333333,0.8249739583333333
24082,0,0.0,3,2,0.8386458333333333,0.8386458333333333
24082,1,0.5,0,1,0.6425,0.6425
24082,1,0.5,0,2,0.8749739583333334,0.8749739583333334
24082,1,0.5,0,3,0.6548177083333333,0.6548177083333333
24082,1,0.5,1,0,0.8612239583333333,0.8612239583333333
24082,1,0.5,1,2,0.8323307291666666,0.8323307291666666
24082,1,0.5,1,3,0.8531770833333333,0.8531770833333333
24082,1,0.5,2,0,0.7623046875,0.7623046875
24082,1,0.5,2,1,0.5478385416666667,0.5478385416666667
24082,1,0.5,2,3,0.5495833333333333,0.5495833333333333
24082,1,0.5,3,0,0.8960677083333334,0.8960677083333334
24082,1,0.5,3,1,0.8548958333333333,0.8548958333333333
24082,1,0.5,3,2,0.8434505208333334,0.8434505208333334
24082,2,1.0,0,1,0.6319010416666667,0.6319010416666667
24082,2,1.0,0,2,0.8672135416666666,0.8672135416666666
24082,2,1.0,0,3,0.6444661458333333,0.6444661458333333
24082,2,1.0,1,0,0.8531770833333333,0.8531770833333333
24082,2,1.0,1,2,0.8286848958333334,0.8286848958333334
24082,2,1.0,1,3,0.8527213541666666,0.8527213541666666
24082,2,1.0,2,0,0.7557942708333333,0.7557942708333333
24082,2,1.0,2,1,0.5431380208333333,0.5431380208333333
24082,2,1.0,2,3,0.5487369791666666,0.5487369791666666
24082,2,1.0,3,0,0.8907942708333333,0.8907942708333333
24082,2,1.0,3,1,0.8561979166666667,0.8561979166666667
24082,2,1.0,3,2,0.8432942708333333,0.8432942708333333
24083,0,0.0,0,1,0.609453125,0.609453125
24083,0,0.0,0,2,0.4664453125,0.4664453125
24083,0,0.0,0,3,0.6617447916666667,0.6617447916666667
24083,0,0.0,1,0,0.4760286458333333,0.4760286458333333
24083,0,0.0,1,2,0.2745182291666667,0.2745182291666667
24083,0,0.0,1,3,0.6469010416666666,0.6469010416666666
24083,0,0.0,2,0,0.5602734375,0.5602734375
24083,0,0.0,2,1,0.49536458333333333,0.49536458333333333
24083,0,0.0,2,3,0.533984375,0.533984375
24083,0,0.0,3,0,0.41751302083333336,0.41751302083333336
24083,0,0.0,3,1,0.531640625,0.531640625
24083,0,0.0,3,2,0.2773307291666667,0.2773307291666667
24083,1,0.5,0,1,0.6530338541666667,0.6530338541666667
24083,1,0.5,0,2,0.4343489583333333,0.4343489583333333
24083,1,0.5,0,3,0.6184375,0.6184375
24083,1,0.5,1,0,0.48962239583333333,0.48962239583333333
24083,1,0.5,1,2,0.25947916666666665,0.25947916666666665
24083,1,0.5,1,3,0.5907161458333333,0.5907161458333333
24083,1,0.5,2,0,0.5667708333333333,0.5667708333333333
24083,1,0.5,2,1,0.5182682291666667,0.5182682291666667
24083,1,0.5,2,3,0.5421614583333333,0.5421614583333333
24083,1,0.5,3,0,0.374296875,0.374296875
24083,1,0.5,3,1,0.5125390625,0.5125390625
24083,1,0.5,3,2,0.2552994791666667,0.2552994791666667
24083,2,1.0,0,1,0.6408203125,0.6408203125
24083,2,1.0,0,2,0.44046875,0.44046875
24083,2,1.0,0,3,0.6295442708333333,0.6295442708333333
24083,2,1.0,1,0,0.4453255208333333,0.4453255208333333
24083,2,1.0,1,2,0.241328125,0.241328125
24083,2,1.0,1,3,0.5828125,0.5828125
24083,2,1.0,2,0,0.5950651041666667,0.5950651041666667
24083,2,1.0,2,1,0.5590364583333334,0.5590364583333334
24083,2,1.0,2,3,0.5779817708333334,0.5779817708333334
24083,2,1.0,3,0,0.37311197916666666,0.37311197916666666
24083,2,1.0,3,1,0.5268619791666667,0.5268619791666667
24083,2,1.0,3,2,0.2530598958333333,0.2530598958333333
24084,0,0.0,0,1,0.43725260416666667,0.43725260416666667
24084,0,0.0,0,2,0.5417057291666667,0.5417057291666667
24084,0,0.0,0,3,0.5022786458333334,0.5022786458333334
24084,0,0.0,1,0,0.63375,0.63375
24084,0,0.0,1,2,0.5316666666666666,0.5316666666666666
24084,0,0.0,1,3,0.5076432291666667,0.5076432291666667
24084,0,0.0,2,0,0.6457291666666667,0.6457291666666667
24084,0,0.0,2,1,0.4718359375,0.4718359375
24084,0,0.0,2,3,0.59421875,0.59421875
24084,0,0.0,3,0,0.8751171875,0.8751171875
24084,0,0.0,3,1,0.647109375,0.647109375
24084,0,0.0,3,2,0.7701432291666667,0.7701432291666667
24084,1,0.5,0,1,0.4272916666666667,0.4272916666666667
24084,1,0.5,0,2,0.5629166666666666,0.5629166666666666
24084,1,0.5,0,3,0.4943359375,0.4943359375
24084,1,0.5,1,0,0.6412760416666666,0.6412760416666666
24084,1,0.5,1,2,0.5351822916666666,0.5351822916666666
24084,1,0.5,1,3,0.5088671875,0.5088671875
24084,1,0.5,2,0,0.6742708333333334,0.6742708333333334
24084,1,0.5,2,1,0.46923177083333334,0.46923177083333334
24084,1,0.5,2,3,0.6221614583333334,0.6221614583333334
24084,1,0.5,3,0,0.8638932291666667,0.8638932291666667
24084,1,0.5,3,1,0.6415885416666667,0.6415885416666667
24084,1,0.5,3,2,0.7866015625,0.7866015625
24084,2,1.0,0,1,0.46872395833333336,0.46872395833333336
24084,2,1.0,0,2,0.5695963541666667,0.5695963541666667
24084,2,1.0,0,3,0.5026432291666667,0.5026432291666667
24084,2,1.0,1,0,0.6552994791666666,0.6552994791666666
24084,2,1.0,1,2,0.5469921875,0.5469921875
24084,2,1.0,1,3,0.5290104166666667,0.5290104166666667
24084,2,1.0,2,0,0.6962369791666667,0.6962369791666667
24084,2,1.0,2,1,0.4948828125,0.4948828125
24084,2,1.0,2,3,0.6273307291666667,0.6273307291666667
24084,2,1.0,3,0,0.8426432291666667,0.8426432291666667
24084,2,1.0,3,1,0.6814322916666666,0.6814322916666666
24084,2,1.0,3,2,0.7785677083333333,0.7785677083333333
24085,0,0.0,0,1,0.49244791666666665,0.49244791666666665
24085,0,0.0,0,2,0.772421875,0.772421875
24085,0,0.0,0,3,0.8372135416666666,0.8372135416666666
24085,0,0.0,1,0,0.8734114583333333,0.8734114583333333
24085,0,0.0,1,2,0.9465885416666666,0.9465885416666666
24085,0,0.0,1,3,0.9027213541666667,0.9027213541666667
24085,0,0.0,2,0,0.7426692708333333,0.7426692708333333
24085,0,0.0,2,1,0.4651822916666667,0.4651822916666667
24085,0,0.0,2,3,0.8768880208333333,0.8768880208333333
24085,0,0.0,3,0,0.42671875,0.42671875
24085,0,0.0,3,1,0.23016927083333333,0.23016927083333333
24085,0,0.0,3,2,0.44072916666666667,0.44072916666666667
24085,1,0.5,0,1,0.4915234375,0.4915234375
24085,1,0.5,0,2,0.7649869791666667,0.7649869791666667
24085,1,0.5,0,3,0.83796875,0.83796875
24085,1,0.5,1,0,0.8699609375,0.8699609375
24085,1,0.5,1,2,0.9463932291666667,0.9463932291666667
24085,1,0.5,1,3,0.9022526041666666,0.9022526041666666
24085,1,0.5,2,0,0.7399609375,0.7399609375
24085,1,0.5,2,1,0.46631510416666666,0.46631510416666666
24085,1,0.5,2,3,0.8696614583333333,0.8696614583333333
24085,1,0.5,3,0,0.428671875,0.428671875
24085,1,0.5,3,1,0.2325,0.2325
24085,1,0.5,3,2,0.43799479166666666,0.43799479166666666
24085,2,1.0,0,1,0.49041666666666667,0.49041666666666667
24085,2,1.0,0,2,0.7568489583333333,0.7568489583333333
24085,2,1.0,0,3,0.8397135416666667,0.8397135416666667
24085,2,1.0,1,0,0.8685286458333333,0.8685286458333333
24085,2,1.0,1,2,0.9438671875,0.9438671875
24085,2,1.0,1,3,0.9005338541666666,0.9005338541666666
24085,2,1.0,2,0,0.7300130208333333,0.7300130208333333
24085,2,1.0,2,1,0.46654947916666667,0.46654947916666667
24085,2,1.0,2,3,0.8535807291666667,0.8535807291666667
24085,2,1.0,3,0,0.4259114583333333,0.4259114583333333
24085,2,1.0,3,1,0.23143229166666668,0.23143229166666668
24085,2,1.0,3,2,0.42736979166666667,0.42736979166666667
24086,0,0.0,0,1,0.61984375,0.61984375
24086,0,0.0,0,2,0.7808203125,0.7808203125
24086,0,0.0,0,3,0.7605859375,0.7605859375
24086,0,0.0,1,0,0.8438020833333333,0.8438020833333333
24086,0,0.0,1,2,0.7442578125,0.7442578125
24086,0,0.0,1,3,0.7409635416666667,0.7409635416666667
24086,0,0.0,2,0,0.5528645833333333,0.5528645833333333
24086,0,0.0,2,1,0.3959505208333333,0.3959505208333333
24086,0,0.0,2,3,0.6792708333333334,0.6792708333333334
24086,0,0.0,3,0,0.4781901041666667,0.4781901041666667
24086,0,0.0,3,1,0.3168359375,0.3168359375
24086,0,0.0,3,2,0.6261197916666666,0.6261197916666666
24086,1,0.5,0,1,0.6181380208333334,0.6181380208333334
24086,1,0.5,0,2,0.77859375,0.77859375
24086,1,0.5,0,3,0.7581380208333334,0.7581380208333334
24086,1,0.5,1,0,0.8408723958333333,0.8408723958333333
24086,1,0.5,1,2,0.7372265625,0.7372265625
24086,1,0.5,1,3,0.7346614583333333,0.7346614583333333
24086,1,0.5,2,0,0.548125,0.548125
24086,1,0.5,2,1,0.3915104166666667,0.3915104166666667
24086,1,0.5,2,3,0.6748307291666666,0.6748307291666666
24086,1,0.5,3,0,0.47845052083333334,0.47845052083333334
24086,1,0.5,3,1,0.3127083333333333,0.3127083333333333
24086,1,0.5,3,2,0.6249479166666667,0.6249479166666667
24086,2,1.0,0,1,0.6168359375,0.6168359375
24086,2,1.0,0,2,0.7754036458333333,0.7754036458333333
24086,2,1.0,0,3,0.7565364583333334,0.7565364583333334
24086,2,1.0,1,0,0.8373307291666666,0.8373307291666666
24086,2,1.0,1,2,0.72765625,0.72765625
24086,2,1.0,1,3,0.73046875,0.73046875
24086,2,1.0,2,0,0.5462890625,0.5462890625
24086,2,1.0,2,1,0.388515625,0.388515625
24086,2,1.0,2,3,0.6672005208333334,0.6672005208333334
24086,2,1.0,3,0,0.4781640625,0.4781640625
24086,2,1.0,3,1,0.311171875,0.311171875
24086,2,1.0,3,2,0.6216145833333333,0.6216145833333333
24087,0,0.0,0,1,0.7362630208333333,0.7362630208333333
24087,0,0.0,0,2,0.6584114583333334,0.6584114583333334
24087,0,0.0,0,3,0.4728776041666667,0.4728776041666667
24087,0,0.0,1,0,0.6251041666666667,0.6251041666666667
24087,0,0.0,1,2,0.64765625,0.64765625
24087,0,0.0,1,3,0.47899739583333334,0.47899739583333334
24087,0,0.0,2,0,0.6982161458333334,0.6982161458333334
24087,0,0.0,2,1,0.8171484375,0.8171484375
24087,0,0.0,2,3,0.5983072916666666,0.5983072916666666
24087,0,0.0,3,0,0.6945442708333334,0.6945442708333334
24087,0,0.0,3,1,0.8078645833333333,0.8078645833333333
24087,0,0.0,3,2,0.8136197916666666,0.8136197916666666
24087,1,0.5,0,1,0.8944140625,0.8944140625
24087,1,0.5,0,2,0.6970182291666667,0.6970182291666667
24087,1,0.5,0,3,0.4568229166666667,0.4568229166666667
24087,1,0.5,1,0,0.728359375,0.728359375
24087,1,0.5,1,2,0.597578125,0.597578125
24087,1,0.5,1,3,0.388828125,0.388828125
24087,1,0.5,2,0,0.8576302083333334,0.8576302083333334
24087,1,0.5,2,1,0.9247265625,0.9247265625
24087,1,0.5,2,3,0.5734765625,0.5734765625
24087,1,0.5,3,0,0.8326432291666667,0.8326432291666667
24087,1,0.5,3,1,0.879765625,0.879765625
24087,1,0.5,3,2,0.899375,0.899375
24087,2,1.0,0,1,0.87625,0.87625
24087,2,1.0,0,2,0.7249609375,0.7249609375
24087,2,1.0,0,3,0.6351822916666666,0.6351822916666666
24087,2,1.0,1,0,0.5783463541666667,0.5783463541666667
24087,2,1.0,1,2,0.57578125,0.57578125
24087,2,1.0,1,3,0.48130208333333335,0.48130208333333335
24087,2,1.0,2,0,0.5520833333333334,0.5520833333333334
24087,2,1.0,2,1,0.6313411458333333,0.6313411458333333
24087,2,1.0,2,3,0.6702083333333333,0.6702083333333333
24087,2,1.0,3,0,0.6166536458333334,0.6166536458333334
24087,2,1.0,3,1,0.6602213541666667,0.6602213541666667
24087,2,1.0,3,2,0.9051953125,0.9051953125
24088,0,0.0,0,1,0.6456510416666666,0.6456510416666666
24088,0,0.0,0,2,0.8238020833333334,0.8238020833333334
24088,0,0.0,0,3,0.733125,0.733125
24088,0,0.0,1,0,0.5788411458333333,0.5788411458333333
24088,0,0.0,1,2,0.6584765625,0.6584765625
24088,0,0.0,1,3,0.6705989583333334,0.6705989583333334
24088,0,0.0,2,0,0.7251953125,0.7251953125
24088,0,0.0,2,1,0.6202213541666667,0.6202213541666667
24088,0,0.0,2,3,0.6803515625,0.6803515625
24088,0,0.0,3,0,0.6316145833333333,0.6316145833333333
24088,0,0.0,3,1,0.6458333333333334,0.6458333333333334
24088,0,0.0,3,2,0.7061067708333333,0.7061067708333333
24088,1,0.5,0,1,0.6680989583333333,0.6680989583333333
24088,1,0.5,0,2,0.8155078125,0.8155078125
24088,1,0.5,0,3,0.7452083333333334,0.7452083333333334
24088,1,0.5,1,0,0.591171875,0.591171875
24088,1,0.5,1,2,0.6750260416666667,0.6750260416666667
24088,1,0.5,1,3,0.6801692708333333,0.6801692708333333
24088,1,0.5,2,0,0.7169140625,0.7169140625
24088,1,0.5,2,1,0.6402083333333334,0.6402083333333334
24088,1,0.5,2,3,0.6864583333333333,0.6864583333333333
24088,1,0.5,3,0,0.654453125,0.654453125
24088,1,0.5,3,1,0.6677473958333333,0.6677473958333333
24088,1,0.5,3,2,0.7159635416666666,0.7159635416666666
24088,2,1.0,0,1,0.6887630208333333,0.6887630208333333
24088,2,1.0,0,2,0.816015625,0.816015625
24088,2,1.0,0,3,0.7567838541666667,0.7567838541666667
24088,2,1.0,1,0,0.6115234375,0.6115234375
24088,2,1.0,1,2,0.6829557291666667,0.6829557291666667
24088,2,1.0,1,3,0.6986197916666667,0.6986197916666667
24088,2,1.0,2,0,0.7198958333333333,0.7198958333333333
24088,2,1.0,2,1,0.6547916666666667,0.6547916666666667
24088,2,1.0,2,3,0.6930859375,0.6930859375
24088,2,1.0,3,0,0.6750390625,0.6750390625
24088,2,1.0,3,1,0.7112760416666667,0.7112760416666667
24088,2,1.0,3,2,0.7303385416666667,0.7303385416666667
24089,0,0.0,0,1,0.646171875,0.646171875
24089,0,0.0,0,2,0.5731380208333333,0.5731380208333333
24089,0,0.0,0,3,0.5650520833333333,0.5650520833333333
24089,0,0.0,1,0,0.61265625,0.61265625
24089,0,0.0,1,2,0.6064973958333333,0.6064973958333333
24089,0,0.0,1,3,0.6969140625,0.6969140625
24089,0,0.0,2,0,0.759921875,0.759921875
24089,0,0.0,2,1,0.7099609375,0.7099609375
24089,0,0.0,2,3,0.5673697916666667,0.5673697916666667
24089,0,0.0,3,0,0.6988020833333334,0.6988020833333334
24089,0,0.0,3,1,0.9522916666666666,0.9522916666666666
24089,0,0.0,3,2,0.6187239583333334,0.6187239583333334
24089,1,0.5,0,1,0.6648697916666667,0.6648697916666667
24089,1,0.5,0,2,0.58109375,0.58109375
24089,1,0.5,0,3,0.57421875,0.57421875
24089,1,0.5,1,0,0.6206380208333333,0.6206380208333333
24089,1,0.5,1,2,0.6048828125,0.6048828125
24089,1,0.5,1,3,0.700078125,0.700078125
24089,1,0.5,2,0,0.7531770833333333,0.7531770833333333
24089,1,0.5,2,1,0.7151041666666667,0.7151041666666667
24089,1,0.5,2,3,0.5708333333333333,0.5708333333333333
24089,1,0.5,3,0,0.6947786458333334,0.6947786458333334
24089,1,0.5,3,1,0.9475,0.9475
24089,1,0.5,3,2,0.6158984375,0.6158984375
24089,2,1.0,0,1,0.6889583333333333,0.6889583333333333
24089,2,1.0,0,2,0.5842838541666666,0.5842838541666666
24089,2,1.0,0,3,0.5807291666666666,0.5807291666666666
24089,2,1.0,1,0,0.6299739583333334,0.6299739583333334
24089,2,1.0,1,2,0.6018619791666666,0.6018619791666666
24089,2,1.0,1,3,0.6995442708333334,0.6995442708333334
24089,2,1.0,2,0,0.7389322916666666,0.7389322916666666
24089,2,1.0,2,1,0.7200260416666666,0.7200260416666666
24089,2,1.0,2,3,0.573125,0.573125
24089,2,1.0,3,0,0.6867057291666666,0.6867057291666666
24089,2,1.0,3,1,0.9408984375,0.9408984375
24089,2,1.0,3,2,0.6108463541666667,0.6108463541666667
24090,0,0.0,0,1,0.7583072916666667,0.7583072916666667
24090,0,0.0,0,2,0.824375,0.824375
24090,0,0.0,0,3,0.6595833333333333,0.6595833333333333
24090,0,0.0,1,0,0.5566796875,0.5566796875
24090,0,0.0,1,2,0.6672395833333333,0.6672395833333333
24090,0,0.0,1,3,0.5461328125,0.5461328125
24090,0,0.0,2,0,0.5428385416666667,0.5428385416666667
24090,0,0.0,2,1,0.6009635416666667,0.6009635416666667
24090,0,0.0,2,3,0.463984375,0.463984375
24090,0,0.0,3,0,0.7153645833333333,0.7153645833333333
24090,0,0.0,3,1,0.9040234375,0.9040234375
24090,0,0.0,3,2,0.7199479166666667,0.7199479166666667
24090,1,0.5,0,1,0.7561067708333333,0.7561067708333333
24090,1,0.5,0,2,0.8150520833333333,0.8150520833333333
24090,1,0.5,0,3,0.6550911458333334,0.6550911458333334
24090,1,0.5,1,0,0.47109375,0.47109375
24090,1,0.5,1,2,0.5769401041666666,0.5769401041666666
24090,1,0.5,1,3,0.43963541666666667,0.43963541666666667
24090,1,0.5,2,0,0.5770833333333333,0.5770833333333333
24090,1,0.5,2,1,0.6600390625,0.6600390625
24090,1,0.5,2,3,0.4876432291666667,0.4876432291666667
24090,1,0.5,3,0,0.711875,0.711875
24090,1,0.5,3,1,0.8819921875,0.8819921875
24090,1,0.5,3,2,0.724921875,0.724921875
24090,2,1.0,0,1,0.8171484375,0.8171484375
24090,2,1.0,0,2,0.8042578125,0.8042578125
24090,2,1.0,0,3,0.6641796875,0.6641796875
24090,2,1.0,1,0,0.44388020833333336,0.44388020833333336
24090,2,1.0,1,2,0.5394791666666666,0.5394791666666666
24090,2,1.0,1,3,0.35984375,0.35984375
24090,2,1.0,2,0,0.6271354166666666,0.6271354166666666
24090,2,1.0,2,1,0.7659244791666666,0.7659244791666666
24090,2,1.0,2,3,0.5240234375,0.5240234375
24090,2,1.0,3,0,0.7122526041666667,0.7122526041666667
24090,2,1.0,3,1,0.821484375,0.821484375
24090,2,1.0,3,2,0.7056640625,0.7056640625
24091,0,0.0,0,1,0.8418880208333334,0.8418880208333334
24091,0,0.0,0,2,0.546484375,0.546484375
24091,0,0.0,0,3,0.7277083333333333,0.7277083333333333
24091,0,0.0,1,0,0.6087630208333333,0.6087630208333333
24091,0,0.0,1,2,0.4999088541666667,0.4999088541666667
24091,0,0.0,1,3,0.6896484375,0.6896484375
24091,0,0.0,2,0,0.7624869791666666,0.7624869791666666
24091,0,0.0,2,1,0.7674348958333334,0.7674348958333334
24091,0,0.0,2,3,0.6117578125,0.6117578125
24091,0,0.0,3,0,0.5196614583333333,0.5196614583333333
24091,0,0.0,3,1,0.6598046875,0.6598046875
24091,0,0.0,3,2,0.4414453125,0.4414453125
24091,1,0.5,0,1,0.8384895833333333,0.8384895833333333
24091,1,0.5,0,2,0.5430338541666667,0.5430338541666667
24091,1,0.5,0,3,0.7278776041666667,0.7278776041666667
24091,1,0.5,1,0,0.6136197916666667,0.6136197916666667
24091,1,0.5,1,2,0.4996614583333333,0.4996614583333333
24091,1,0.5,1,3,0.6934635416666667,0.6934635416666667
24091,1,0.5,2,0,0.7591145833333334,0.7591145833333334
24091,1,0.5,2,1,0.7618229166666667,0.7618229166666667
24091,1,0.5,2,3,0.6112109375,0.6112109375
24091,1,0.5,3,0,0.5257291666666667,0.5257291666666667
24091,1,0.5,3,1,0.6654557291666666,0.6654557291666666
24091,1,0.5,3,2,0.4418229166666667,0.4418229166666667
24091,2,1.0,0,1,0.8315234375,0.8315234375
24091,2,1.0,0,2,0.5500130208333334,0.5500130208333334
24091,2,1.0,0,3,0.7240234375,0.7240234375
24091,2,1.0,1,0,0.6272135416666667,0.6272135416666667
24091,2,1.0,1,2,0.5040755208333333,0.5040755208333333
24091,2,1.0,1,3,0.7023046875,0.7023046875
24091,2,1.0,2,0,0.7735807291666666,0.7735807291666666
24091,2,1.0,2,1,0.7629557291666667,0.7629557291666667
24091,2,1.0,2,3,0.61796875,0.61796875
24091,2,1.0,3,0,0.5381380208333333,0.5381380208333333
24091,2,1.0,3,1,0.6757421875,0.6757421875
24091,2,1.0,3,2,0.4485677083333333,0.4485677083333333
24092,0,0.0,0,1,0.6860807291666666,0.6860807291666666
24092,0,0.0,0,2,0.6834765625,0.6834765625
24092,0,0.0,0,3,0.8821744791666667,0.8821744791666667
24092,0,0.0,1,0,0.7721354166666666,0.7721354166666666
24092,0,0.0,1,2,0.7161197916666666,0.7161197916666666
24092,0,0.0,1,3,0.8078515625,0.8078515625
24092,0,0.0,2,0,0.9123307291666667,0.9123307291666667
24092,0,0.0,2,1,0.783828125,0.783828125
24092,0,0.0,2,3,0.8790625,0.8790625
24092,0,0.0,3,0,0.5055338541666666,0.5055338541666666
24092,0,0.0,3,1,0.4037630208333333,0.4037630208333333
24092,0,0.0,3,2,0.39024739583333334,0.39024739583333334
24092,1,0.5,0,1,0.8247135416666667,0.8247135416666667
24092,1,0.5,0,2,0.7309244791666667,0.7309244791666667
24092,1,0.5,0,3,0.8466666666666667,0.8466666666666667
24092,1,0.5,1,0,0.704609375,0.704609375
24092,1,0.5,1,2,0.7098307291666667,0.7098307291666667
24092,1,0.5,1,3,0.8592057291666667,0.8592057291666667
24092,1,0.5,2,0,0.7624479166666667,0.7624479166666667
24092,1,0.5,2,1,0.8488411458333334,0.8488411458333334
24092,1,0.5,2,3,0.8985416666666667,0.8985416666666667
24092,1,0.5,3,0,0.486171875,0.486171875
24092,1,0.5,3,1,0.6032682291666667,0.6032682291666667
24092,1,0.5,3,2,0.4894661458333333,0.4894661458333333
24092,2,1.0,0,1,0.7093880208333333,0.7093880208333333
24092,2,1.0,0,2,0.6423697916666666,0.6423697916666666
24092,2,1.0,0,3,0.7214322916666667,0.7214322916666667
24092,2,1.0,1,0,0.5830598958333333,0.5830598958333333
24092,2,1.0,1,2,0.7096875,0.7096875
24092,2,1.0,1,3,0.8106901041666666,0.8106901041666666
24092,2,1.0,2,0,0.6130729166666666,0.6130729166666666
24092,2,1.0,2,1,0.8725130208333334,0.8725130208333334
24092,2,1.0,2,3,0.836640625,0.836640625
24092,2,1.0,3,0,0.5400520833333333,0.5400520833333333
24092,2,1.0,3,1,0.8141276041666666,0.8141276041666666
24092,2,1.0,3,2,0.611640625,0.611640625
24093,0,0.0,0,1,0.7210807291666667,0.7210807291666667
24093,0,0.0,0,2,0.5925,0.5925
24093,0,0.0,0,3,0.4951041666666667,0.4951041666666667
24093,0,0.0,1,0,0.5961848958333333,0.5961848958333333
24093,0,0.0,1,2,0.6560677083333334,0.6560677083333334
24093,0,0.0,1,3,0.351875,0.351875
24093,0,0.0,2,0,0.4054817708333333,0.4054817708333333
24093,0,0.0,2,1,0.4856770833333333,0.4856770833333333
24093,0,0.0,2,3,0.27651041666666665,0.27651041666666665
24093,0,0.0,3,0,0.5405078125,0.5405078125
24093,0,0.0,3,1,0.474921875,0.474921875
24093,0,0.0,3,2,0.5061067708333333,0.5061067708333333
24093,1,0.5,0,1,0.7337109375,0.7337109375
24093,1,0.5,0,2,0.6000651041666667,0.6000651041666667
24093,1,0.5,0,3,0.4958984375,0.4958984375
24093,1,0.5,1,0,0.6071875,0.6071875
24093,1,0.5,1,2,0.6554817708333334,0.6554817708333334
24093,1,0.5,1,3,0.3601171875,0.3601171875
24093,1,0.5,2,0,0.41204427083333334,0.41204427083333334
24093,1,0.5,2,1,0.48572916666666666,0.48572916666666666
24093,1,0.5,2,3,0.28653645833333335,0.28653645833333335
24093,1,0.5,3,0,0.5401432291666667,0.5401432291666667
24093,1,0.5,3,1,0.4873177083333333,0.4873177083333333
24093,1,0.5,3,2,0.504140625,0.504140625
24093,2,1.0,0,1,0.7358463541666667,0.7358463541666667
24093,2,1.0,0,2,0.6056119791666666,0.6056119791666666
24093,2,1.0,0,3,0.50015625,0.50015625
24093,2,1.0,1,0,0.6063802083333333,0.6063802083333333
24093,2,1.0,1,2,0.6591536458333334,0.6591536458333334
24093,2,1.0,1,3,0.37104166666666666,0.37104166666666666
24093,2,1.0,2,0,0.4182942708333333,0.4182942708333333
24093,2,1.0,2,1,0.48734375,0.48734375
24093,2,1.0,2,3,0.29518229166666665,0.29518229166666665
24093,2,1.0,3,0,0.5392057291666666,0.5392057291666666
24093,2,1.0,3,1,0.501328125,0.501328125
24093,2,1.0,3,2,0.5068359375,0.5068359375
24094,0,0.0,0,1,0.4856640625,0.4856640625
24094,0,0.0,0,2,0.5107291666666667,0.5107291666666667
24094,0,0.0,0,3,0.5457421875,0.5457421875
24094,0,0.0,1,0,0.5441145833333333,0.5441145833333333
24094,0,0.0,1,2,0.485,0.485
24094,0,0.0,1,3,0.4805729166666667,0.4805729166666667
24094,0,0.0,2,0,0.6858984375,0.6858984375
24094,0,0.0,2,1,0.5501171875,0.5501171875
24094,0,0.0,2,3,0.7570703125,0.7570703125
24094,0,0.0,3,0,0.6552083333333333,0.6552083333333333
24094,0,0.0,3,1,0.45890625,0.45890625
24094,0,0.0,3,2,0.6669791666666667,0.6669791666666667
24094,1,0.5,0,1,0.4769921875,0.4769921875
24094,1,0.5,0,2,0.5053515625,0.5053515625
24094,1,0.5,0,3,0.54484375,0.54484375
24094,1,0.5,1,0,0.5348828125,0.5348828125
24094,1,0.5,1,2,0.474609375,0.474609375
24094,1,0.5,1,3,0.47131510416666667,0.47131510416666667
24094,1,0.5,2,0,0.6795182291666667,0.6795182291666667
24094,1,0.5,2,1,0.5361328125,0.5361328125
24094,1,0.5,2,3,0.7530598958333333,0.7530598958333333
24094,1,0.5,3,0,0.6547916666666667,0.6547916666666667
24094,1,0.5,3,1,0.449453125,0.449453125
24094,1,0.5,3,2,0.6615625,0.6615625
24094,2,1.0,0,1,0.4723828125,0.4723828125
24094,2,1.0,0,2,0.501484375,0.501484375
24094,2,1.0,0,3,0.5400911458333333,0.5400911458333333
24094,2,1.0,1,0,0.52609375,0.52609375
24094,2,1.0,1,2,0.459609375,0.459609375
24094,2,1.0,1,3,0.45783854166666665,0.45783854166666665
24094,2,1.0,2,0,0.6787760416666667,0.6787760416666667
24094,2,1.0,2,1,0.5199869791666667,0.5199869791666667
24094,2,1.0,2,3,0.7517057291666667,0.7517057291666667
24094,2,1.0,3,0,0.6546744791666667,0.6546744791666667
24094,2,1.0,3,1,0.4361328125,0.4361328125
24094,2,1.0,3,2,0.6568098958333334,0.6568098958333334
24095,0,0.0,0,1,0.7490104166666667,0.7490104166666667
24095,0,0.0,0,2,0.7605598958333334,0.7605598958333334
24095,0,0.0,0,3,0.5082291666666666,0.5082291666666666
24095,0,0.0,1,0,0.7327864583333333,0.7327864583333333
24095,0,0.0,1,2,0.8637239583333334,0.8637239583333334
24095,0,0.0,1,3,0.5607161458333333,0.5607161458333333
24095,0,0.0,2,0,0.4544270833333333,0.4544270833333333
24095,0,0.0,2,1,0.43342447916666665,0.43342447916666665
24095,0,0.0,2,3,0.2394921875,0.2394921875
24095,0,0.0,3,0,0.859609375,0.859609375
24095,0,0.0,3,1,0.9171223958333333,0.9171223958333333
24095,0,0.0,3,2,0.7687760416666667,0.7687760416666667
24095,1,0.5,0,1,0.718984375,0.718984375
24095,1,0.5,0,2,0.76921875,0.76921875
24095,1,0.5,0,3,0.484296875,0.484296875
24095,1,0.5,1,0,0.6966666666666667,0.6966666666666667
24095,1,0.5,1,2,0.8818489583333333,0.8818489583333333
24095,1,0.5,1,3,0.5637630208333333,0.5637630208333333
24095,1,0.5,2,0,0.4675,0.4675
24095,1,0.5,2,1,0.444609375,0.444609375
24095,1,0.5,2,3,0.25526041666666666,0.25526041666666666
24095,1,0.5,3,0,0.8191927083333334,0.8191927083333334
24095,1,0.5,3,1,0.9099088541666667,0.9099088541666667
24095,1,0.5,3,2,0.7912239583333334,0.7912239583333334
24095,2,1.0,0,1,0.7042317708333333,0.7042317708333333
24095,2,1.0,0,2,0.7473046875,0.7473046875
24095,2,1.0,0,3,0.46977864583333334,0.46977864583333334
24095,2,1.0,1,0,0.7085807291666667,0.7085807291666667
24095,2,1.0,1,2,0.8840364583333333,0.8840364583333333
24095,2,1.0,1,3,0.5642447916666666,0.5642447916666666
24095,2,1.0,2,0,0.44640625,0.44640625
24095,2,1.0,2,1,0.438984375,0.438984375
24095,2,1.0,2,3,0.257734375,0.257734375
24095,2,1.0,3,0,0.807265625,0.807265625
24095,2,1.0,3,1,0.9000260416666667,0.9000260416666667
24095,2,1.0,3,2,0.79234375,0.79234375
24096,0,0.0,0,1,0.7978515625,0.7978515625
24096,0,0.0,0,2,0.7512369791666667,0.7512369791666667
24096,0,0.0,0,3,0.4859895833333333,0.4859895833333333
24096,0,0.0,1,0,0.8672265625,0.8672265625
24096,0,0.0,1,2,0.7893359375,0.7893359375
24096,0,0.0,1,3,0.44626302083333336,0.44626302083333336
24096,0,0.0,2,0,0.6737760416666667,0.6737760416666667
24096,0,0.0,2,1,0.6529817708333333,0.6529817708333333
24096,0,0.0,2,3,0.416171875,0.416171875
24096,0,0.0,3,0,0.569453125,0.569453125
24096,0,0.0,3,1,0.5154947916666667,0.5154947916666667
24096,0,0.0,3,2,0.4556119791666667,0.4556119791666667
24096,1,0.5,0,1,0.7786588541666667,0.7786588541666667
24096,1,0.5,0,2,0.669140625,0.669140625
24096,1,0.5,0,3,0.70140625,0.70140625
24096,1,0.5,1,0,0.7222916666666667,0.7222916666666667
24096,1,0.5,1,2,0.6554817708333334,0.6554817708333334
24096,1,0.5,1,3,0.5980989583333334,0.5980989583333334
24096,1,0.5,2,0,0.8270703125,0.8270703125
24096,1,0.5,2,1,0.8545963541666667,0.8545963541666667
24096,1,0.5,2,3,0.6915625,0.6915625
24096,1,0.5,3,0,0.6057421875,0.6057421875
24096,1,0.5,3,1,0.5796354166666666,0.5796354166666666
24096,1,0.5,3,2,0.5018489583333333,0.5018489583333333
24096,2,1.0,0,1,0.6491145833333334,0.6491145833333334
24096,2,1.0,0,2,0.4155989583333333,0.4155989583333333
24096,2,1.0,0,3,0.6835546875,0.6835546875
24096,2,1.0,1,0,0.5989192708333333,0.5989192708333333
24096,2,1.0,1,2,0.4715494791666667,0.4715494791666667
24096,2,1.0,1,3,0.67765625,0.67765625
24096,2,1.0,2,0,0.760078125,0.760078125
24096,2,1.0,2,1,0.7888151041666667,0.7888151041666667
24096,2,1.0,2,3,0.628515625,0.628515625
24096,2,1.0,3,0,0.46053385416666665,0.46053385416666665
24096,2,1.0,3,1,0.5050651041666666,0.5050651041666666
24096,2,1.0,3,2,0.28631510416666667,0.28631510416666667
24097,0,0.0,0,1,0.518046875,0.518046875
24097,0,0.0,0,2,0.7320833333333333,0.7320833333333333
24097,0,0.0,0,3,0.67375,0.67375
24097,0,0.0,1,0,0.6606380208333333,0.6606380208333333
24097,0,0.0,1,2,0.6737369791666666,0.6737369791666666
24097,0,0.0,1,3,0.7392317708333334,0.7392317708333334
24097,0,0.0,2,0,0.46869791666666666,0.46869791666666666
24097,0,0.0,2,1,0.3535286458333333,0.3535286458333333
24097,0,0.0,2,3,0.5420442708333333,0.5420442708333333
24097,0,0.0,3,0,0.5041276041666667,0.5041276041666667
24097,0,0.0,3,1,0.407265625,0.407265625
24097,0,0.0,3,2,0.6530078125,0.6530078125
24097,1,0.5,0,1,0.5855729166666667,0.5855729166666667
24097,1,0.5,0,2,0.7892708333333334,0.7892708333333334
24097,1,0.5,0,3,0.7249348958333334,0.7249348958333334
24097,1,0.5,1,0,0.7237890625,0.7237890625
24097,1,0.5,1,2,0.7197786458333333,0.7197786458333333
24097,1,0.5,1,3,0.7880078125,0.7880078125
24097,1,0.5,2,0,0.48583333333333334,0.48583333333333334
24097,1,0.5,2,1,0.37614583333333335,0.37614583333333335
24097,1,0.5,2,3,0.5740885416666667,0.5740885416666667
24097,1,0.5,3,0,0.47975260416666665,0.47975260416666665
24097,1,0.5,3,1,0.39729166666666665,0.39729166666666665
24097,1,0.5,3,2,0.6615494791666666,0.6615494791666666
24097,2,1.0,0,1,0.6279166666666667,0.6279166666666667
24097,2,1.0,0,2,0.8458723958333333,0.8458723958333333
24097,2,1.0,0,3,0.8119010416666667,0.8119010416666667
24097,2,1.0,1,0,0.7697786458333333,0.7697786458333333
24097,2,1.0,1,2,0.8471223958333334,0.8471223958333334
24097,2,1.0,1,3,0.8451692708333334,0.8451692708333334
24097,2,1.0,2,0,0.5075130208333334,0.5075130208333334
24097,2,1.0,2,1,0.41432291666666665,0.41432291666666665
24097,2,1.0,2,3,0.6463802083333333,0.6463802083333333
24097,2,1.0,3,0,0.4762369791666667,0.4762369791666667
24097,2,1.0,3,1,0.36266927083333333,0.36266927083333333
24097,2,1.0,3,2,0.6474609375,0.6474609375
24098,0,0.0,0,1,0.621328125,0.621328125
24098,0,0.0,0,2,0.611484375,0.611484375
24098,0,0.0,0,3,0.6689453125,0.6689453125
24098,0,0.0,1,0,0.37372395833333333,0.37372395833333333
24098,0,0.0,1,2,0.6265494791666667,0.6265494791666667
24098,0,0.0,1,3,0.6186588541666667,0.6186588541666667
24098,0,0.0,2,0,0.3813671875,0.3813671875
24098,0,0.0,2,1,0.6160416666666667,0.6160416666666667
24098,0,0.0,2,3,0.6185416666666667,0.6185416666666667
24098,0,0.0,3,0,0.44690104166666667,0.44690104166666667
24098,0,0.0,3,1,0.6980989583333334,0.6980989583333334
24098,0,0.0,3,2,0.6732291666666667,0.6732291666666667
24098,1,0.5,0,1,0.6196614583333333,0.6196614583333333
24098,1,0.5,0,2,0.6208463541666667,0.6208463541666667
24098,1,0.5,0,3,0.6749348958333333,0.6749348958333333
24098,1,0.5,1,0,0.3700260416666667,0.3700260416666667
24098,1,0.5,1,2,0.6242057291666666,0.6242057291666666
24098,1,0.5,1,3,0.6281380208333334,0.6281380208333334
24098,1,0.5,2,0,0.3847265625,0.3847265625
24098,1,0.5,2,1,0.6101302083333333,0.6101302083333333
24098,1,0.5,2,3,0.618828125,0.618828125
24098,1,0.5,3,0,0.44274739583333333,0.44274739583333333
24098,1,0.5,3,1,0.6995833333333333,0.6995833333333333
24098,1,0.5,3,2,0.670390625,0.670390625
24098,2,1.0,0,1,0.6274869791666666,0.6274869791666666
24098,2,1.0,0,2,0.6147786458333333,0.6147786458333333
24098,2,1.0,0,3,0.6702083333333333,0.6702083333333333
24098,2,1.0,1,0,0.3714453125,0.3714453125
24098,2,1.0,1,2,0.623125,0.623125
24098,2,1.0,1,3,0.6273958333333334,0.6273958333333334
24098,2,1.0,2,0,0.3801041666666667,0.3801041666666667
24098,2,1.0,2,1,0.61640625,0.61640625
24098,2,1.0,2,3,0.617265625,0.617265625
24098,2,1.0,3,0,0.4358984375,0.4358984375
24098,2,1.0,3,1,0.7038671875,0.7038671875
24098,2,1.0,3,2,0.6657291666666667,0.6657291666666667
24099,0,0.0,0,1,0.6823177083333334,0.6823177083333334
24099,0,0.0,0,2,0.6850651041666667,0.6850651041666667
24099,0,0.0,0,3,0.7486979166666666,0.7486979166666666
24099,0,0.0,1,0,0.7784765625,0.7784765625
24099,0,0.0,1,2,0.7328645833333334,0.7328645833333334
24099,0,0.0,1,3,0.7797916666666667,0.7797916666666667
24099,0,0.0,2,0,0.778984375,0.778984375
24099,0,0.0,2,1,0.7294401041666667,0.7294401041666667
24099,0,0.0,2,3,0.845703125,0.845703125
24099,0,0.0,3,0,0.7461848958333334,0.7461848958333334
24099,0,0.0,3,1,0.6808984375,0.6808984375
24099,0,0.0,3,2,0.7396875,0.7396875
24099,1,0.5,0,1,0.6734244791666667,0.6734244791666667
24099,1,0.5,0,2,0.754921875,0.754921875
24099,1,0.5,0,3,0.7684635416666666,0.7684635416666666
24099,1,0.5,1,0,0.80359375,0.80359375
24099,1,0.5,1,2,0.7880078125,0.7880078125
24099,1,0.5,1,3,0.8032682291666666,0.8032682291666666
24099,1,0.5,2,0,0.8205989583333333,0.8205989583333333
24099,1,0.5,2,1,0.7101822916666667,0.7101822916666667
24099,1,0.5,2,3,0.8594010416666666,0.8594010416666666
24099,1,0.5,3,0,0.7929427083333334,0.7929427083333334
24099,1,0.5,3,1,0.6942317708333333,0.6942317708333333
24099,1,0.5,3,2,0.8123828125,0.8123828125
24099,2,1.0,0,1,0.6514973958333333,0.6514973958333333
24099,2,1.0,0,2,0.7736979166666667,0.7736979166666667
24099,2,1.0,0,3,0.7767447916666667,0.7767447916666667
24099,2,1.0,1,0,0.8249479166666667,0.8249479166666667
24099,2,1.0,1,2,0.8186458333333333,0.8186458333333333
24099,2,1.0,1,3,0.830703125,0.830703125
24099,2,1.0,2,0,0.8053255208333333,0.8053255208333333
24099,2,1.0,2,1,0.6674739583333333,0.6674739583333333
24099,2,1.0,2,3,0.84578125,0.84578125
24099,2,1.0,3,0,0.8035286458333334,0.8035286458333334
24099,2,1.0,3,1,0.67671875,0.67671875
24099,2,1.0,3,2,0.8329947916666667,0.8329947916666667
24100,0,0.0,0,1,0.5895442708333334,0.5895442708333334
24100,0,0.0,0,2,0.403984375,0.403984375
24100,0,0.0,0,3,0.808203125,0.808203125
24100,0,0.0,1,0,0.5685416666666666,0.5685416666666666
24100,0,0.0,1,2,0.44095052083333336,0.44095052083333336
24100,0,0.0,1,3,0.6786197916666666,0.6786197916666666
24100,0,0.0,2,0,0.7306119791666666,0.7306119791666666
24100,0,0.0,2,1,0.5274739583333333,0.5274739583333333
24100,0,0.0,2,3,0.6646875,0.6646875
24100,0,0.0,3,0,0.5408723958333334,0.5408723958333334
24100,0,0.0,3,1,0.5753125,0.5753125
24100,0,0.0,3,2,0.31114583333333334,0.31114583333333334
24100,1,0.5,0,1,0.5989583333333334,0.5989583333333334
24100,1,0.5,0,2,0.42537760416666665,0.42537760416666665
24100,1,0.5,0,3,0.8266927083333333,0.8266927083333333
24100,1,0.5,1,0,0.5615364583333333,0.5615364583333333
24100,1,0.5,1,2,0.43139322916666667,0.43139322916666667
24100,1,0.5,1,3,0.6737760416666667,0.6737760416666667
24100,1,0.5,2,0,0.764609375,0.764609375
24100,1,0.5,2,1,0.5352734375,0.5352734375
24100,1,0.5,2,3,0.6780598958333334,0.6780598958333334
24100,1,0.5,3,0,0.5314583333333334,0.5314583333333334
24100,1,0.5,3,1,0.5926692708333333,0.5926692708333333
24100,1,0.5,3,2,0.3151041666666667,0.3151041666666667
24100,2,1.0,0,1,0.627421875,0.627421875
24100,2,1.0,0,2,0.43915364583333333,0.43915364583333333
24100,2,1.0,0,3,0.8527994791666667,0.8527994791666667
24100,2,1.0,1,0,0.528515625,0.528515625
24100,2,1.0,1,2,0.38838541666666665,0.38838541666666665
24100,2,1.0,1,3,0.6474739583333333,0.6474739583333333
24100,2,1.0,2,0,0.7701822916666666,0.7701822916666666
24100,2,1.0,2,1,0.5326432291666666,0.5326432291666666
24100,2,1.0,2,3,0.6920703125,0.6920703125
24100,2,1.0,3,0,0.5096875,0.5096875
24100,2,1.0,3,1,0.6167838541666667,0.6167838541666667
24100,2,1.0,3,2,0.31744791666666666,0.31744791666666666
24101,0,0.0,0,1,0.7531770833333333,0.7531770833333333
24101,0,0.0,0,2,0.69421875,0.69421875
24101,0,0.0,0,3,0.9135546875,0.9135546875
24101,0,0.0,1,0,0.54921875,0.54921875
24101,0,0.0,1,2,0.5507552083333334,0.5507552083333334
24101,0,0.0,1,3,0.7722786458333334,0.7722786458333334
24101,0,0.0,2,0,0.615859375,0.615859375
24101,0,0.0,2,1,0.6770703125,0.6770703125
24101,0,0.0,2,3,0.8025130208333333,0.8025130208333333
24101,0,0.0,3,0,0.5345572916666667,0.5345572916666667
24101,0,0.0,3,1,0.6038671875,0.6038671875
24101,0,0.0,3,2,0.538203125,0.538203125
24101,1,0.5,0,1,0.751953125,0.751953125
24101,1,0.5,0,2,0.7165494791666667,0.7165494791666667
24101,1,0.5,0,3,0.9151432291666667,0.9151432291666667
24101,1,0.5,1,0,0.5498046875,0.5498046875
24101,1,0.5,1,2,0.5577604166666666,0.5577604166666666
24101,1,0.5,1,3,0.776640625,0.776640625
24101,1,0.5,2,0,0.6152604166666666,0.6152604166666666
24101,1,0.5,2,1,0.6714713541666667,0.6714713541666667
24101,1,0.5,2,3,0.8020442708333333,0.8020442708333333
24101,1,0.5,3,0,0.5273307291666667,0.5273307291666667
24101,1,0.5,3,1,0.5986067708333334,0.5986067708333334
24101,1,0.5,3,2,0.5475,0.5475
24101,2,1.0,0,1,0.7521744791666667,0.7521744791666667
24101,2,1.0,0,2,0.7295572916666667,0.7295572916666667
24101,2,1.0,0,3,0.9140494791666667,0.9140494791666667
24101,2,1.0,1,0,0.5537630208333333,0.5537630208333333
24101,2,1.0,1,2,0.5710677083333333,0.5710677083333333
24101,2,1.0,1,3,0.7827083333333333,0.7827083333333333
24101,2,1.0,2,0,0.620078125,0.620078125
24101,2,1.0,2,1,0.6839453125,0.6839453125
24101,2,1.0,2,3,0.8103125,0.8103125
24101,2,1.0,3,0,0.5217838541666666,0.5217838541666666
24101,2,1.0,3,1,0.5925130208333333,0.5925130208333333
24101,2,1.0,3,2,0.5553645833333334,0.5553645833333334
24102,0,0.0,0,1,0.7333072916666666,0.7333072916666666
24102,0,0.0,0,2,0.7318359375,0.7318359375
24102,0,0.0,0,3,0.6529166666666667,0.6529166666666667
24102,0,0.0,1,0,0.6832421875,0.6832421875
24102,0,0.0,1,2,0.8115885416666667,0.8115885416666667
24102,0,0.0,1,3,0.7487760416666667,0.7487760416666667
24102,0,0.0,2,0,0.4280598958333333,0.4280598958333333
24102,0,0.0,2,1,0.5036848958333333,0.5036848958333333
24102,0,0.0,2,3,0.43963541666666667,0.43963541666666667
24102,0,0.0,3,0,0.7227473958333334,0.7227473958333334
24102,0,0.0,3,1,0.9086979166666667,0.9086979166666667
24102,0,0.0,3,2,0.856953125,0.856953125
24102,1,0.5,0,1,0.7665755208333334,0.7665755208333334
24102,1,0.5,0,2,0.7255729166666667,0.7255729166666667
24102,1,0.5,0,3,0.645625,0.645625
24102,1,0.5,1,0,0.6601171875,0.6601171875
24102,1,0.5,1,2,0.8023307291666667,0.8023307291666667
24102,1,0.5,1,3,0.6414583333333334,0.6414583333333334
24102,1,0.5,2,0,0.50734375,0.50734375
24102,1,0.5,2,1,0.7063802083333334,0.7063802083333334
24102,1,0.5,2,3,0.5498697916666667,0.5498697916666667
24102,1,0.5,3,0,0.7446614583333333,0.7446614583333333
24102,1,0.5,3,1,0.9451822916666667,0.9451822916666667
24102,1,0.5,3,2,0.91328125,0.91328125
24102,2,1.0,0,1,0.7423307291666666,0.7423307291666666
24102,2,1.0,0,2,0.6266666666666667,0.6266666666666667
24102,2,1.0,0,3,0.5574869791666667,0.5574869791666667
24102,2,1.0,1,0,0.47997395833333334,0.47997395833333334
24102,2,1.0,1,2,0.58640625,0.58640625
24102,2,1.0,1,3,0.45087239583333333,0.45087239583333333
24102,2,1.0,2,0,0.5198567708333334,0.5198567708333334
24102,2,1.0,2,1,0.7739583333333333,0.7739583333333333
24102,2,1.0,2,3,0.5901822916666667,0.5901822916666667
24102,2,1.0,3,0,0.6266276041666666,0.6266276041666666
24102,2,1.0,3,1,0.8416666666666667,0.8416666666666667
24102,2,1.0,3,2,0.781796875,0.781796875
24103,0,0.0,0,1,0.682734375,0.682734375
24103,0,0.0,0,2,0.6417838541666666,0.6417838541666666
24103,0,0.0,0,3,0.6137109375,0.6137109375
24103,0,0.0,1,0,0.46013020833333335,0.46013020833333335
24103,0,0.0,1,2,0.4548046875,0.4548046875
24103,0,0.0,1,3,0.4000651041666667,0.4000651041666667
24103,0,0.0,2,0,0.6445963541666667,0.6445963541666667
24103,0,0.0,2,1,0.6647526041666667,0.6647526041666667
24103,0,0.0,2,3,0.5949609375,0.5949609375
24103,0,0.0,3,0,0.7115364583333333,0.7115364583333333
24103,0,0.0,3,1,0.7765494791666666,0.7765494791666666
24103,0,0.0,3,2,0.7187109375,0.7187109375
24103,1,0.5,0,1,0.7040885416666667,0.7040885416666667
24103,1,0.5,0,2,0.6379036458333334,0.6379036458333334
24103,1,0.5,0,3,0.633828125,0.633828125
24103,1,0.5,1,0,0.48063802083333335,0.48063802083333335
24103,1,0.5,1,2,0.5009635416666667,0.5009635416666667
24103,1,0.5,1,3,0.406875,0.406875
24103,1,0.5,2,0,0.616953125,0.616953125
24103,1,0.5,2,1,0.690390625,0.690390625
24103,1,0.5,2,3,0.5774609375,0.5774609375
24103,1,0.5,3,0,0.7680598958333333,0.7680598958333333
24103,1,0.5,3,1,0.79125,0.79125
24103,1,0.5,3,2,0.7255859375,0.7255859375
24103,2,1.0,0,1,0.6706901041666666,0.6706901041666666
24103,2,1.0,0,2,0.6342578125,0.6342578125
24103,2,1.0,0,3,0.61765625,0.61765625
24103,2,1.0,1,0,0.446953125,0.446953125
24103,2,1.0,1,2,0.46765625,0.46765625
24103,2,1.0,1,3,0.38657552083333335,0.38657552083333335
24103,2,1.0,2,0,0.5994921875,0.5994921875
24103,2,1.0,2,1,0.6246614583333333,0.6246614583333333
24103,2,1.0,2,3,0.558984375,0.558984375
24103,2,1.0,3,0,0.753671875,0.753671875
24103,2,1.0,3,1,0.768125,0.768125
24103,2,1.0,3,2,0.7398177083333334,0.7398177083333334
24104,0,0.0,0,1,0.7546744791666666,0.7546744791666666
24104,0,0.0,0,2,0.5050911458333334,0.5050911458333334
24104,0,0.0,0,3,0.6930859375,0.6930859375
24104,0,0.0,1,0,0.8055208333333334,0.8055208333333334
24104,0,0.0,1,2,0.4157421875,0.4157421875
24104,0,0.0,1,3,0.5960026041666666,0.5960026041666666
24104,0,0.0,2,0,0.8244661458333333,0.8244661458333333
24104,0,0.0,2,1,0.819140625,0.819140625
24104,0,0.0,2,3,0.9055859375,0.9055859375
24104,0,0.0,3,0,0.8704427083333334,0.8704427083333334
24104,0,0.0,3,1,0.8164322916666666,0.8164322916666666
24104,0,0.0,3,2,0.6755598958333333,0.6755598958333333
24104,1,0.5,0,1,0.7194791666666667,0.7194791666666667
24104,1,0.5,0,2,0.7305729166666667,0.7305729166666667
24104,1,0.5,0,3,0.8174479166666667,0.8174479166666667
24104,1,0.5,1,0,0.7521744791666667,0.7521744791666667
24104,1,0.5,1,2,0.7308854166666666,0.7308854166666666
24104,1,0.5,1,3,0.7254296875,0.7254296875
24104,1,0.5,2,0,0.79171875,0.79171875
24104,1,0.5,2,1,0.7107682291666667,0.7107682291666667
24104,1,0.5,2,3,0.8698307291666667,0.8698307291666667
24104,1,0.5,3,0,0.8482942708333333,0.8482942708333333
24104,1,0.5,3,1,0.7154427083333333,0.7154427083333333
24104,1,0.5,3,2,0.8377473958333334,0.8377473958333334
24104,2,1.0,0,1,0.7357291666666667,0.7357291666666667
24104,2,1.0,0,2,0.8364192708333333,0.8364192708333333
24104,2,1.0,0,3,0.9303515625,0.9303515625
24104,2,1.0,1,0,0.486328125,0.486328125
24104,2,1.0,1,2,0.7161328125,0.7161328125
24104,2,1.0,1,3,0.639453125,0.639453125
24104,2,1.0,2,0,0.48419270833333333,0.48419270833333333
24104,2,1.0,2,1,0.6587630208333334,0.6587630208333334
24104,2,1.0,2,3,0.7103776041666666,0.7103776041666666
24104,2,1.0,3,0,0.6253776041666667,0.6253776041666667
24104,2,1.0,3,1,0.6932291666666667,0.6932291666666667
24104,2,1.0,3,2,0.8514583333333333,0.8514583333333333
24105,0,0.0,0,1,0.556171875,0.556171875
24105,0,0.0,0,2,0.41729166666666667,0.41729166666666667
24105,0,0.0,0,3,0.6354427083333334,0.6354427083333334
24105,0,0.0,1,0,0.6374609375,0.6374609375
24105,0,0.0,1,2,0.5481119791666667,0.5481119791666667
24105,0,0.0,1,3,0.7376041666666666,0.7376041666666666
24105,0,0.0,2,0,0.7497005208333334,0.7497005208333334
24105,0,0.0,2,1,0.716171875,0.716171875
24105,0,0.0,2,3,0.7666536458333333,0.7666536458333333
24105,0,0.0,3,0,0.6949739583333333,0.6949739583333333
24105,0,0.0,3,1,0.6566666666666666,0.6566666666666666
24105,0,0.0,3,2,0.48552083333333335,0.48552083333333335
24105,1,0.5,0,1,0.5524088541666666,0.5524088541666666
24105,1,0.5,0,2,0.4113671875,0.4113671875
24105,1,0.5,0,3,0.634375,0.634375
24105,1,0.5,1,0,0.6358333333333334,0.6358333333333334
24105,1,0.5,1,2,0.538984375,0.538984375
24105,1,0.5,1,3,0.7384765625,0.7384765625
24105,1,0.5,2,0,0.747890625,0.747890625
24105,1,0.5,2,1,0.7083723958333333,0.7083723958333333
24105,1,0.5,2,3,0.7665755208333334,0.7665755208333334
24105,1,0.5,3,0,0.6923958333333333,0.6923958333333333
24105,1,0.5,3,1,0.6570572916666667,0.6570572916666667
24105,1,0.5,3,2,0.48235677083333334,0.48235677083333334
24105,2,1.0,0,1,0.5537760416666667,0.5537760416666667
24105,2,1.0,0,2,0.3979947916666667,0.3979947916666667
24105,2,1.0,0,3,0.6239453125,0.6239453125
24105,2,1.0,1,0,0.6284895833333334,0.6284895833333334
24105,2,1.0,1,2,0.52375,0.52375
24105,2,1.0,1,3,0.7370833333333333,0.7370833333333333
24105,2,1.0,2,0,0.7394791666666667,0.7394791666666667
24105,2,1.0,2,1,0.7017447916666667,0.7017447916666667
24105,2,1.0,2,3,0.762578125,0.762578125
24105,2,1.0,3,0,0.6865755208333333,0.6865755208333333
24105,2,1.0,3,1,0.6630078125,0.6630078125
24105,2,1.0,3,2,0.47236979166666665,0.47236979166666665
24106,0,0.0,0,1,0.804296875,0.804296875
24106,0,0.0,0,2,0.6212239583333333,0.6212239583333333
24106,0,0.0,0,3,0.8491927083333334,0.8491927083333334
24106,0,0.0,1,0,0.6398046875,0.6398046875
24106,0,0.0,1,2,0.46596354166666665,0.46596354166666665
24106,0,0.0,1,3,0.7471354166666667,0.7471354166666667
24106,0,0.0,2,0,0.8479947916666667,0.8479947916666667
24106,0,0.0,2,1,0.8121354166666667,0.8121354166666667
24106,0,0.0,2,3,0.8086848958333334,0.8086848958333334
24106,0,0.0,3,0,0.6206901041666667,0.6206901041666667
24106,0,0.0,3,1,0.6838020833333334,0.6838020833333334
24106,0,0.0,3,2,0.4437109375,0.4437109375
24106,1,0.5,0,1,0.7813802083333333,0.7813802083333333
24106,1,0.5,0,2,0.6627604166666666,0.6627604166666666
24106,1,0.5,0,3,0.8788020833333333,0.8788020833333333
24106,1,0.5,1,0,0.713203125,0.713203125
24106,1,0.5,1,2,0.5352604166666667,0.5352604166666667
24106,1,0.5,1,3,0.7746744791666667,0.7746744791666667
24106,1,0.5,2,0,0.9074869791666667,0.9074869791666667
24106,1,0.5,2,1,0.8127473958333333,0.8127473958333333
24106,1,0.5,2,3,0.85625,0.85625
24106,1,0.5,3,0,0.7267838541666667,0.7267838541666667
24106,1,0.5,3,1,0.6950260416666667,0.6950260416666667
24106,1,0.5,3,2,0.5295442708333333,0.5295442708333333
24106,2,1.0,0,1,0.7611067708333333,0.7611067708333333
24106,2,1.0,0,2,0.6823046875,0.6823046875
24106,2,1.0,0,3,0.8965364583333333,0.8965364583333333
24106,2,1.0,1,0,0.789765625,0.789765625
24106,2,1.0,1,2,0.6189713541666667,0.6189713541666667
24106,2,1.0,1,3,0.7915625,0.7915625
24106,2,1.0,2,0,0.9125911458333333,0.9125911458333333
24106,2,1.0,2,1,0.8231510416666666,0.8231510416666666
24106,2,1.0,2,3,0.896796875,0.896796875
24106,2,1.0,3,0,0.802265625,0.802265625
24106,2,1.0,3,1,0.6815104166666667,0.6815104166666667
24106,2,1.0,3,2,0.6071354166666667,0.6071354166666667
24107,0,0.0,0,1,0.6090755208333334,0.6090755208333334
24107,0,0.0,0,2,0.6493098958333333,0.6493098958333333
24107,0,0.0,0,3,0.5922395833333334,0.5922395833333334
24107,0,0.0,1,0,0.5000651041666667,0.5000651041666667
24107,0,0.0,1,2,0.51703125,0.51703125
24107,0,0.0,1,3,0.5687760416666666,0.5687760416666666
24107,0,0.0,2,0,0.43005208333333333,0.43005208333333333
24107,0,0.0,2,1,0.35477864583333335,0.35477864583333335
24107,0,0.0,2,3,0.31028645833333335,0.31028645833333335
24107,0,0.0,3,0,0.6621223958333333,0.6621223958333333
24107,0,0.0,3,1,0.7035416666666666,0.7035416666666666
24107,0,0.0,3,2,0.6631901041666667,0.6631901041666667
24107,1,0.5,0,1,0.6112890625,0.6112890625
24107,1,0.5,0,2,0.637578125,0.637578125
24107,1,0.5,0,3,0.5988151041666666,0.5988151041666666
24107,1,0.5,1,0,0.49420572916666666,0.49420572916666666
24107,1,0.5,1,2,0.5062630208333333,0.5062630208333333
24107,1,0.5,1,3,0.5797005208333333,0.5797005208333333
24107,1,0.5,2,0,0.4039453125,0.4039453125
24107,1,0.5,2,1,0.3430989583333333,0.3430989583333333
24107,1,0.5,2,3,0.300390625,0.300390625
24107,1,0.5,3,0,0.6641666666666667,0.6641666666666667
24107,1,0.5,3,1,0.70359375,0.70359375
24107,1,0.5,3,2,0.66609375,0.66609375
24107,2,1.0,0,1,0.6383072916666667,0.6383072916666667
24107,2,1.0,0,2,0.6502604166666667,0.6502604166666667
24107,2,1.0,0,3,0.6334114583333333,0.6334114583333333
24107,2,1.0,1,0,0.5156770833333333,0.5156770833333333
24107,2,1.0,1,2,0.5283203125,0.5283203125
24107,2,1.0,1,3,0.5661979166666666,0.5661979166666666
24107,2,1.0,2,0,0.411796875,0.411796875
24107,2,1.0,2,1,0.37384114583333333,0.37384114583333333
24107,2,1.0,2,3,0.32131510416666664,0.32131510416666664
24107,2,1.0,3,0,0.6834244791666667,0.6834244791666667
24107,2,1.0,3,1,0.7049869791666666,0.7049869791666666
24107,2,1.0,3,2,0.687265625,0.687265625
24108,0,0.0,0,1,0.5759114583333333,0.5759114583333333
24108,0,0.0,0,2,0.5838671875,0.5838671875
24108,0,0.0,0,3,0.6838020833333334,0.6838020833333334
24108,0,0.0,1,0,0.46625,0.46625
24108,0,0.0,1,2,0.40760416666666666,0.40760416666666666
24108,0,0.0,1,3,0.5059114583333333,0.5059114583333333
24108,0,0.0,2,0,0.7023828125,0.7023828125
24108,0,0.0,2,1,0.5373828125,0.5373828125
24108,0,0.0,2,3,0.5852213541666667,0.5852213541666667
24108,0,0.0,3,0,0.6513802083333333,0.6513802083333333
24108,0,0.0,3,1,0.6110807291666667,0.6110807291666667
24108,0,0.0,3,2,0.4908984375,0.4908984375
24108,1,0.5,0,1,0.5658203125,0.5658203125
24108,1,0.5,0,2,0.5585677083333334,0.5585677083333334
24108,1,0.5,0,3,0.67453125,0.67453125
24108,1,0.5,1,0,0.415,0.415
24108,1,0.5,1,2,0.3443880208333333,0.3443880208333333
24108,1,0.5,1,3,0.4782942708333333,0.4782942708333333
24108,1,0.5,2,0,0.6851171875,0.6851171875
24108,1,0.5,2,1,0.5233463541666666,0.5233463541666666
24108,1,0.5,2,3,0.5746354166666666,0.5746354166666666
24108,1,0.5,3,0,0.6377213541666666,0.6377213541666666
24108,1,0.5,3,1,0.6165494791666667,0.6165494791666667
24108,1,0.5,3,2,0.46795572916666667,0.46795572916666667
24108,2,1.0,0,1,0.5545052083333334,0.5545052083333334
24108,2,1.0,0,2,0.5295442708333333,0.5295442708333333
24108,2,1.0,0,3,0.6597395833333334,0.6597395833333334
24108,2,1.0,1,0,0.378984375,0.378984375
24108,2,1.0,1,2,0.2926432291666667,0.2926432291666667
24108,2,1.0,1,3,0.4515625,0.4515625
24108,2,1.0,2,0,0.6692057291666667,0.6692057291666667
24108,2,1.0,2,1,0.4974088541666667,0.4974088541666667
24108,2,1.0,2,3,0.5599479166666667,0.5599479166666667
24108,2,1.0,3,0,0.61609375,0.61609375
24108,2,1.0,3,1,0.6171614583333334,0.6171614583333334
24108,2,1.0,3,2,0.44376302083333335,0.44376302083333335
24109,0,0.0,0,1,0.6841276041666666,0.6841276041666666
24109,0,0.0,0,2,0.6066015625,0.6066015625
24109,0,0.0,0,3,0.4279296875,0.4279296875
24109,0,0.0,1,0,0.5106901041666667,0.5106901041666667
24109,0,0.0,1,2,0.5872005208333333,0.5872005208333333
24109,0,0.0,1,3,0.33619791666666665,0.33619791666666665
24109,0,0.0,2,0,0.4511328125,0.4511328125
24109,0,0.0,2,1,0.5543098958333333,0.5543098958333333
24109,0,0.0,2,3,0.25600260416666665,0.25600260416666665
24109,0,0.0,3,0,0.7194921875,0.7194921875
24109,0,0.0,3,1,0.7346744791666666,0.7346744791666666
24109,0,0.0,3,2,0.9337760416666666,0.9337760416666666
24109,1,0.5,0,1,0.7884505208333333,0.7884505208333333
24109,1,0.5,0,2,0.746015625,0.746015625
24109,1,0.5,0,3,0.5142578125,0.5142578125
24109,1,0.5,1,0,0.6212369791666666,0.6212369791666666
24109,1,0.5,1,2,0.653046875,0.653046875
24109,1,0.5,1,3,0.41290364583333333,0.41290364583333333
24109,1,0.5,2,0,0.4506380208333333,0.4506380208333333
24109,1,0.5,2,1,0.5001041666666667,0.5001041666666667
24109,1,0.5,2,3,0.27145833333333336,0.27145833333333336
24109,1,0.5,3,0,0.8366927083333333,0.8366927083333333
24109,1,0.5,3,1,0.7274739583333333,0.7274739583333333
24109,1,0.5,3,2,0.9030208333333334,0.9030208333333334
24109,2,1.0,0,1,0.5809895833333333,0.5809895833333333
24109,2,1.0,0,2,0.8094270833333334,0.8094270833333334
24109,2,1.0,0,3,0.5060286458333333,0.5060286458333333
24109,2,1.0,1,0,0.566484375,0.566484375
24109,2,1.0,1,2,0.7092708333333333,0.7092708333333333
24109,2,1.0,1,3,0.48942708333333335,0.48942708333333335
24109,2,1.0,2,0,0.4697135416666667,0.4697135416666667
24109,2,1.0,2,1,0.4316796875,0.4316796875
24109,2,1.0,2,3,0.24205729166666667,0.24205729166666667
24109,2,1.0,3,0,0.907265625,0.907265625
24109,2,1.0,3,1,0.7937760416666667,0.7937760416666667
24109,2,1.0,3,2,0.8590625,0.8590625
24110,0,0.0,0,1,0.4212239583333333,0.4212239583333333
24110,0,0.0,0,2,0.488984375,0.488984375
24110,0,0.0,0,3,0.859609375,0.859609375
24110,0,0.0,1,0,0.7692057291666666,0.7692057291666666
24110,0,0.0,1,2,0.80375,0.80375
24110,0,0.0,1,3,0.8001302083333334,0.8001302083333334
24110,0,0.0,2,0,0.8794010416666667,0.8794010416666667
24110,0,0.0,2,1,0.7618229166666667,0.7618229166666667
24110,0,0.0,2,3,0.8232291666666667,0.8232291666666667
24110,0,0.0,3,0,0.5179427083333333,0.5179427083333333
24110,0,0.0,3,1,0.2959895833333333,0.2959895833333333
24110,0,0.0,3,2,0.2508984375,0.2508984375
24110,1,0.5,0,1,0.4171484375,0.4171484375
24110,1,0.5,0,2,0.4791666666666667,0.4791666666666667
24110,1,0.5,0,3,0.8525390625,0.8525390625
24110,1,0.5,1,0,0.7882552083333333,0.7882552083333333
24110,1,0.5,1,2,0.821171875,0.821171875
24110,1,0.5,1,3,0.7995703125,0.7995703125
24110,1,0.5,2,0,0.88234375,0.88234375
24110,1,0.5,2,1,0.7723958333333333,0.7723958333333333
24110,1,0.5,2,3,0.8224609375,0.8224609375
24110,1,0.5,3,0,0.5137630208333334,0.5137630208333334
24110,1,0.5,3,1,0.2902473958333333,0.2902473958333333
24110,1,0.5,3,2,0.2505859375,0.2505859375
24110,2,1.0,0,1,0.41434895833333335,0.41434895833333335
24110,2,1.0,0,2,0.469453125,0.469453125
24110,2,1.0,0,3,0.8496875,0.8496875
24110,2,1.0,1,0,0.8076041666666667,0.8076041666666667
24110,2,1.0,1,2,0.8376953125,0.8376953125
24110,2,1.0,1,3,0.8022916666666666,0.8022916666666666
24110,2,1.0,2,0,0.8845442708333333,0.8845442708333333
24110,2,1.0,2,1,0.7869791666666667,0.7869791666666667
24110,2,1.0,2,3,0.8208463541666666,0.8208463541666666
24110,2,1.0,3,0,0.5094010416666667,0.5094010416666667
24110,2,1.0,3,1,0.2762630208333333,0.2762630208333333
24110,2,1.0,3,2,0.244765625,0.244765625
24111,0,0.0,0,1,0.7889973958333333,0.7889973958333333
24111,0,0.0,0,2,0.6011979166666667,0.6011979166666667
24111,0,0.0,0,3,0.7444270833333333,0.7444270833333333
24111,0,0.0,1,0,0.5775911458333334,0.5775911458333334
24111,0,0.0,1,2,0.43408854166666666,0.43408854166666666
24111,0,0.0,1,3,0.7912890625,0.7912890625
24111,0,0.0,2,0,0.8114453125,0.8114453125
24111,0,0.0,2,1,0.7271223958333334,0.7271223958333334
24111,0,0.0,2,3,0.6873177083333334,0.6873177083333334
24111,0,0.0,3,0,0.4373828125,0.4373828125
24111,0,0.0,3,1,0.6074609375,0.6074609375
24111,0,0.0,3,2,0.3314713541666667,0.3314713541666667
24111,1,0.5,0,1,0.7964973958333333,0.7964973958333333
24111,1,0.5,0,2,0.543828125,0.543828125
24111,1,0.5,0,3,0.7417447916666666,0.7417447916666666
24111,1,0.5,1,0,0.6100390625,0.6100390625
24111,1,0.5,1,2,0.43657552083333334,0.43657552083333334
24111,1,0.5,1,3,0.7650520833333333,0.7650520833333333
24111,1,0.5,2,0,0.7837369791666666,0.7837369791666666
24111,1,0.5,2,1,0.7462630208333333,0.7462630208333333
24111,1,0.5,2,3,0.6756770833333333,0.6756770833333333
24111,1,0.5,3,0,0.41184895833333335,0.41184895833333335
24111,1,0.5,3,1,0.5358203125,0.5358203125
24111,1,0.5,3,2,0.2902734375,0.2902734375
24111,2,1.0,0,1,0.7839713541666666,0.7839713541666666
24111,2,1.0,0,2,0.4915234375,0.4915234375
24111,2,1.0,0,3,0.6939973958333333,0.6939973958333333
24111,2,1.0,1,0,0.643359375,0.643359375
24111,2,1.0,1,2,0.42462239583333333,0.42462239583333333
24111,2,1.0,1,3,0.7179947916666667,0.7179947916666667
24111,2,1.0,2,0,0.7554166666666666,0.7554166666666666
24111,2,1.0,2,1,0.7215625,0.7215625
24111,2,1.0,2,3,0.6239453125,0.6239453125
24111,2,1.0,3,0,0.3616666666666667,0.3616666666666667
24111,2,1.0,3,1,0.45178385416666667,0.45178385416666667
24111,2,1.0,3,2,0.24739583333333334,0.24739583333333334
24112,0,0.0,0,1,0.7172265625,0.7172265625
24112,0,0.0,0,2,0.6919270833333333,0.6919270833333333
24112,0,0.0,0,3,0.7137369791666667,0.7137369791666667
24112,0,0.0,1,0,0.454453125,0.454453125
24112,0,0.0,1,2,0.7715234375,0.7715234375
24112,0,0.0,1,3,0.65125,0.65125
24112,0,0.0,2,0,0.336015625,0.336015625
24112,0,0.0,2,1,0.5821484375,0.5821484375
24112,0,0.0,2,3,0.4378125,0.4378125
24112,0,0.0,3,0,0.5416015625,0.5416015625
24112,0,0.0,3,1,0.796484375,0.796484375
24112,0,0.0,3,2,0.7675520833333334,0.7675520833333334
24112,1,0.5,0,1,0.766796875,0.766796875
24112,1,0.5,0,2,0.7583203125,0.7583203125
24112,1,0.5,0,3,0.8000260416666667,0.8000260416666667
24112,1,0.5,1,0,0.4437890625,0.4437890625
24112,1,0.5,1,2,0.7063671875,0.7063671875
24112,1,0.5,1,3,0.5397005208333333,0.5397005208333333
24112,1,0.5,2,0,0.3826953125,0.3826953125
24112,1,0.5,2,1,0.6873567708333334,0.6873567708333334
24112,1,0.5,2,3,0.4800390625,0.4800390625
24112,1,0.5,3,0,0.6703515625,0.6703515625
24112,1,0.5,3,1,0.8434375,0.8434375
24112,1,0.5,3,2,0.833984375,0.833984375
24112,2,1.0,0,1,0.7967317708333334,0.7967317708333334
24112,2,1.0,0,2,0.8419010416666667,0.8419010416666667
24112,2,1.0,0,3,0.7671744791666667,0.7671744791666667
24112,2,1.0,1,0,0.4250130208333333,0.4250130208333333
24112,2,1.0,1,2,0.6101432291666666,0.6101432291666666
24112,2,1.0,1,3,0.3706770833333333,0.3706770833333333
24112,2,1.0,2,0,0.48888020833333334,0.48888020833333334
24112,2,1.0,2,1,0.7489583333333333,0.7489583333333333
24112,2,1.0,2,3,0.5328255208333333,0.5328255208333333
24112,2,1.0,3,0,0.7553515625,0.7553515625
24112,2,1.0,3,1,0.7973307291666667,0.7973307291666667
24112,2,1.0,3,2,0.8747005208333334,0.8747005208333334
24113,0,0.0,0,1,0.7352994791666667,0.7352994791666667
24113,0,0.0,0,2,0.51453125,0.51453125
24113,0,0.0,0,3,0.6456119791666667,0.6456119791666667
24113,0,0.0,1,0,0.5156901041666667,0.5156901041666667
24113,0,0.0,1,2,0.3373567708333333,0.3373567708333333
24113,0,0.0,1,3,0.5382552083333333,0.5382552083333333
24113,0,0.0,2,0,0.756484375,0.756484375
24113,0,0.0,2,1,0.7532682291666667,0.7532682291666667
24113,0,0.0,2,3,0.6578776041666666,0.6578776041666666
24113,0,0.0,3,0,0.4527864583333333,0.4527864583333333
24113,0,0.0,3,1,0.550625,0.550625
24113,0,0.0,3,2,0.3930078125,0.3930078125
24113,1,0.5,0,1,0.6865234375,0.6865234375
24113,1,0.5,0,2,0.4295572916666667,0.4295572916666667
24113,1,0.5,0,3,0.6400651041666666,0.6400651041666666
24113,1,0.5,1,0,0.49463541666666666,0.49463541666666666
24113,1,0.5,1,2,0.35768229166666665,0.35768229166666665
24113,1,0.5,1,3,0.5539713541666667,0.5539713541666667
24113,1,0.5,2,0,0.6403776041666667,0.6403776041666667
24113,1,0.5,2,1,0.7136197916666667,0.7136197916666667
24113,1,0.5,2,3,0.59484375,0.59484375
24113,1,0.5,3,0,0.3887109375,0.3887109375
24113,1,0.5,3,1,0.5325130208333333,0.5325130208333333
24113,1,0.5,3,2,0.2557421875,0.2557421875
24113,2,1.0,0,1,0.7287109375,0.7287109375
24113,2,1.0,0,2,0.44061197916666667,0.44061197916666667
24113,2,1.0,0,3,0.66625,0.66625
24113,2,1.0,1,0,0.5197135416666666,0.5197135416666666
24113,2,1.0,1,2,0.36302083333333335,0.36302083333333335
24113,2,1.0,1,3,0.5925911458333334,0.5925911458333334
24113,2,1.0,2,0,0.6613411458333334,0.6613411458333334
24113,2,1.0,2,1,0.6979166666666666,0.6979166666666666
24113,2,1.0,2,3,0.6008333333333333,0.6008333333333333
24113,2,1.0,3,0,0.5007421875,0.5007421875
24113,2,1.0,3,1,0.6493619791666667,0.6493619791666667
24113,2,1.0,3,2,0.311328125,0.311328125
24114,0,0.0,0,1,0.6133854166666667,0.6133854166666667
24114,0,0.0,0,2,0.7617447916666666,0.7617447916666666
24114,0,0.0,0,3,0.6768619791666667,0.6768619791666667
24114,0,0.0,1,0,0.633984375,0.633984375
24114,0,0.0,1,2,0.76234375,0.76234375
24114,0,0.0,1,3,0.6222395833333333,0.6222395833333333
24114,0,0.0,2,0,0.5573958333333333,0.5573958333333333
24114,0,0.0,2,1,0.5703125,0.5703125
24114,0,0.0,2,3,0.5096223958333334,0.5096223958333334
24114,0,0.0,3,0,0.7719401041666667,0.7719401041666667
24114,0,0.0,3,1,0.6971354166666667,0.6971354166666667
24114,0,0.0,3,2,0.7773046875,0.7773046875
24114,1,0.5,0,1,0.7003255208333333,0.7003255208333333
24114,1,0.5,0,2,0.769609375,0.769609375
24114,1,0.5,0,3,0.6591145833333333,0.6591145833333333
24114,1,0.5,1,0,0.6212630208333333,0.6212630208333333
24114,1,0.5,1,2,0.7404817708333333,0.7404817708333333
24114,1,0.5,1,3,0.5480338541666666,0.5480338541666666
24114,1,0.5,2,0,0.5046744791666666,0.5046744791666666
24114,1,0.5,2,1,0.5968489583333333,0.5968489583333333
24114,1,0.5,2,3,0.43061197916666666,0.43061197916666666
24114,1,0.5,3,0,0.842109375,0.842109375
24114,1,0.5,3,1,0.7725,0.7725
24114,1,0.5,3,2,0.7972526041666667,0.7972526041666667
24114,2,1.0,0,1,0.7693359375,0.7693359375
24114,2,1.0,0,2,0.8016015625,0.8016015625
24114,2,1.0,0,3,0.6553776041666667,0.6553776041666667
24114,2,1.0,1,0,0.5082682291666667,0.5082682291666667
24114,2,1.0,1,2,0.7575911458333333,0.7575911458333333
24114,2,1.0,1,3,0.4122005208333333,0.4122005208333333
24114,2,1.0,2,0,0.44876302083333336,0.44876302083333336
24114,2,1.0,2,1,0.6561067708333334,0.6561067708333334
24114,2,1.0,2,3,0.35529947916666665,0.35529947916666665
24114,2,1.0,3,0,0.8916927083333334,0.8916927083333334
24114,2,1.0,3,1,0.7749348958333333,0.7749348958333333
24114,2,1.0,3,2,0.7982552083333333,0.7982552083333333
24115,0,0.0,0,1,0.617109375,0.617109375
24115,0,0.0,0,2,0.5520182291666667,0.5520182291666667
24115,0,0.0,0,3,0.6280208333333334,0.6280208333333334
24115,0,0.0,1,0,0.7330208333333333,0.7330208333333333
24115,0,0.0,1,2,0.490625,0.490625
24115,0,0.0,1,3,0.7259765625,0.7259765625
24115,0,0.0,2,0,0.6823046875,0.6823046875
24115,0,0.0,2,1,0.5145833333333333,0.5145833333333333
24115,0,0.0,2,3,0.6016015625,0.6016015625
24115,0,0.0,3,0,0.6091927083333334,0.6091927083333334
24115,0,0.0,3,1,0.6047005208333334,0.6047005208333334
24115,0,0.0,3,2,0.45619791666666665,0.45619791666666665
24115,1,0.5,0,1,0.5881119791666667,0.5881119791666667
24115,1,0.5,0,2,0.7994140625,0.7994140625
24115,1,0.5,0,3,0.6718489583333334,0.6718489583333334
24115,1,0.5,1,0,0.8086979166666667,0.8086979166666667
24115,1,0.5,1,2,0.7393489583333334,0.7393489583333334
24115,1,0.5,1,3,0.7971484375,0.7971484375
24115,1,0.5,2,0,0.7567838541666667,0.7567838541666667
24115,1,0.5,2,1,0.5533984375,0.5533984375
24115,1,0.5,2,3,0.6386588541666667,0.6386588541666667
24115,1,0.5,3,0,0.7860416666666666,0.7860416666666666
24115,1,0.5,3,1,0.6638020833333333,0.6638020833333333
24115,1,0.5,3,2,0.7848697916666667,0.7848697916666667
24115,2,1.0,0,1,0.428984375,0.428984375
24115,2,1.0,0,2,0.7928385416666667,0.7928385416666667
24115,2,1.0,0,3,0.43497395833333335,0.43497395833333335
24115,2,1.0,1,0,0.8326432291666667,0.8326432291666667
24115,2,1.0,1,2,0.7796614583333333,0.7796614583333333
24115,2,1.0,1,3,0.8492317708333333,0.8492317708333333
24115,2,1.0,2,0,0.6443619791666667,0.6443619791666667
24115,2,1.0,2,1,0.3595833333333333,0.3595833333333333
24115,2,1.0,2,3,0.37615885416666667,0.37615885416666667
24115,2,1.0,3,0,0.8036458333333333,0.8036458333333333
24115,2,1.0,3,1,0.71875,0.71875
24115,2,1.0,3,2,0.7517578125,0.7517578125
24116,0,0.0,0,1,0.7628776041666666,0.7628776041666666
24116,0,0.0,0,2,0.8473177083333333,0.8473177083333333
24116,0,0.0,0,3,0.5223697916666666,0.5223697916666666
24116,0,0.0,1,0,0.6862630208333333,0.6862630208333333
24116,0,0.0,1,2,0.6824479166666667,0.6824479166666667
24116,0,0.0,1,3,0.4319140625,0.4319140625
24116,0,0.0,2,0,0.634921875,0.634921875
24116,0,0.0,2,1,0.5765104166666667,0.5765104166666667
24116,0,0.0,2,3,0.37528645833333335,0.37528645833333335
24116,0,0.0,3,0,0.8446744791666667,0.8446744791666667
24116,0,0.0,3,1,0.7992057291666667,0.7992057291666667
24116,0,0.0,3,2,0.8052994791666667,0.8052994791666667
24116,1,0.5,0,1,0.7713020833333334,0.7713020833333334
24116,1,0.5,0,2,0.86609375,0.86609375
24116,1,0.5,0,3,0.5260026041666667,0.5260026041666667
24116,1,0.5,1,0,0.6912890625,0.6912890625
24116,1,0.5,1,2,0.6905989583333333,0.6905989583333333
24116,1,0.5,1,3,0.43872395833333333,0.43872395833333333
24116,1,0.5,2,0,0.650859375,0.650859375
24116,1,0.5,2,1,0.5919010416666667,0.5919010416666667
24116,1,0.5,2,3,0.37927083333333333,0.37927083333333333
24116,1,0.5,3,0,0.8415364583333333,0.8415364583333333
24116,1,0.5,3,1,0.8044791666666666,0.8044791666666666
24116,1,0.5,3,2,0.7952213541666666,0.7952213541666666
24116,2,1.0,0,1,0.7722005208333333,0.7722005208333333
24116,2,1.0,0,2,0.8562109375,0.8562109375
24116,2,1.0,0,3,0.5290364583333333,0.5290364583333333
24116,2,1.0,1,0,0.6902083333333333,0.6902083333333333
24116,2,1.0,1,2,0.693671875,0.693671875
24116,2,1.0,1,3,0.4456380208333333,0.4456380208333333
24116,2,1.0,2,0,0.6506770833333333,0.6506770833333333
24116,2,1.0,2,1,0.6041015625,0.6041015625
24116,2,1.0,2,3,0.3795442708333333,0.3795442708333333
24116,2,1.0,3,0,0.8424609375,0.8424609375
24116,2,1.0,3,1,0.8151953125,0.8151953125
24116,2,1.0,3,2,0.7794270833333333,0.7794270833333333
24117,0,0.0,0,1,0.7973307291666667,0.7973307291666667
24117,0,0.0,0,2,0.5853776041666666,0.5853776041666666
24117,0,0.0,0,3,0.8354947916666666,0.8354947916666666
24117,0,0.0,1,0,0.4248177083333333,0.4248177083333333
24117,0,0.0,1,2,0.3867317708333333,0.3867317708333333
24117,0,0.0,1,3,0.7260286458333334,0.7260286458333334
24117,0,0.0,2,0,0.583515625,0.583515625
24117,0,0.0,2,1,0.6866796875,0.6866796875
24117,0,0.0,2,3,0.6713671875,0.6713671875
24117,0,0.0,3,0,0.4073177083333333,0.4073177083333333
24117,0,0.0,3,1,0.7419010416666667,0.7419010416666667
24117,0,0.0,3,2,0.3386588541666667,0.3386588541666667
24117,1,0.5,0,1,0.7545703125,0.7545703125
24117,1,0.5,0,2,0.6297265625,0.6297265625
24117,1,0.5,0,3,0.80359375,0.80359375
24117,1,0.5,1,0,0.43178385416666665,0.43178385416666665
24117,1,0.5,1,2,0.39696614583333334,0.39696614583333334
24117,1,0.5,1,3,0.7049739583333333,0.7049739583333333
24117,1,0.5,2,0,0.6792447916666666,0.6792447916666666
24117,1,0.5,2,1,0.7107552083333334,0.7107552083333334
24117,1,0.5,2,3,0.68921875,0.68921875
24117,1,0.5,3,0,0.4281770833333333,0.4281770833333333
24117,1,0.5,3,1,0.7253645833333333,0.7253645833333333
24117,1,0.5,3,2,0.34087239583333334,0.34087239583333334
24117,2,1.0,0,1,0.7215364583333334,0.7215364583333334
24117,2,1.0,0,2,0.6326432291666667,0.6326432291666667
24117,2,1.0,0,3,0.7831901041666667,0.7831901041666667
24117,2,1.0,1,0,0.43833333333333335,0.43833333333333335
24117,2,1.0,1,2,0.3858203125,0.3858203125
24117,2,1.0,1,3,0.6723177083333334,0.6723177083333334
24117,2,1.0,2,0,0.7167447916666667,0.7167447916666667
24117,2,1.0,2,1,0.7005859375,0.7005859375
24117,2,1.0,2,3,0.6926953125,0.6926953125
24117,2,1.0,3,0,0.4570703125,0.4570703125
24117,2,1.0,3,1,0.7044010416666666,0.7044010416666666
24117,2,1.0,3,2,0.3371223958333333,0.3371223958333333
24118,0,0.0,0,1,0.5101041666666667,0.5101041666666667
24118,0,0.0,0,2,0.512734375,0.512734375
24118,0,0.0,0,3,0.57921875,0.57921875
24118,0,0.0,1,0,0.6928776041666667,0.6928776041666667
24118,0,0.0,1,2,0.6481510416666667,0.6481510416666667
24118,0,0.0,1,3,0.776171875,0.776171875
24118,0,0.0,2,0,0.5351171875,0.5351171875
24118,0,0.0,2,1,0.5593359375,0.5593359375
24118,0,0.0,2,3,0.790078125,0.790078125
24118,0,0.0,3,0,0.5206770833333333,0.5206770833333333
24118,0,0.0,3,1,0.5506770833333333,0.5506770833333333
24118,0,0.0,3,2,0.5899088541666667,0.5899088541666667
24118,1,0.5,0,1,0.5124869791666666,0.5124869791666666
24118,1,0.5,0,2,0.5730208333333333,0.5730208333333333
24118,1,0.5,0,3,0.6394010416666667,0.6394010416666667
24118,1,0.5,1,0,0.6802604166666667,0.6802604166666667
24118,1,0.5,1,2,0.8187239583333333,0.8187239583333333
24118,1,0.5,1,3,0.8707291666666667,0.8707291666666667
24118,1,0.5,2,0,0.5582552083333333,0.5582552083333333
24118,1,0.5,2,1,0.6442578125,0.6442578125
24118,1,0.5,2,3,0.8412369791666666,0.8412369791666666
24118,1,0.5,3,0,0.5027604166666667,0.5027604166666667
24118,1,0.5,3,1,0.5031770833333333,0.5031770833333333
24118,1,0.5,3,2,0.627578125,0.627578125
24118,2,1.0,0,1,0.5783463541666667,0.5783463541666667
24118,2,1.0,0,2,0.7223828125,0.7223828125
24118,2,1.0,0,3,0.8025130208333333,0.8025130208333333
24118,2,1.0,1,0,0.7121875,0.7121875
24118,2,1.0,1,2,0.7735026041666667,0.7735026041666667
24118,2,1.0,1,3,0.8370963541666666,0.8370963541666666
24118,2,1.0,2,0,0.5797265625,0.5797265625
24118,2,1.0,2,1,0.5122135416666667,0.5122135416666667
24118,2,1.0,2,3,0.8616536458333334,0.8616536458333334
24118,2,1.0,3,0,0.45776041666666667,0.45776041666666667
24118,2,1.0,3,1,0.37298177083333334,0.37298177083333334
24118,2,1.0,3,2,0.5905078125,0.5905078125
24119,0,0.0,0,1,0.7474479166666667,0.7474479166666667
24119,0,0.0,0,2,0.8875130208333334,0.8875130208333334
24119,0,0.0,0,3,0.7960026041666667,0.7960026041666667
24119,0,0.0,1,0,0.5800520833333334,0.5800520833333334
24119,0,0.0,1,2,0.5941666666666666,0.5941666666666666
24119,0,0.0,1,3,0.5538671875,0.5538671875
24119,0,0.0,2,0,0.5337369791666666,0.5337369791666666
24119,0,0.0,2,1,0.493515625,0.493515625
24119,0,0.0,2,3,0.8347916666666667,0.8347916666666667
24119,0,0.0,3,0,0.5420052083333333,0.5420052083333333
24119,0,0.0,3,1,0.5092578125,0.5092578125
24119,0,0.0,3,2,0.8261328125,0.8261328125
24119,1,0.5,0,1,0.7551692708333333,0.7551692708333333
24119,1,0.5,0,2,0.8958984375,0.8958984375
24119,1,0.5,0,3,0.7895833333333333,0.7895833333333333
24119,1,0.5,1,0,0.5574088541666666,0.5574088541666666
24119,1,0.5,1,2,0.5888932291666666,0.5888932291666666
24119,1,0.5,1,3,0.558671875,0.558671875
24119,1,0.5,2,0,0.562421875,0.562421875
24119,1,0.5,2,1,0.5288151041666667,0.5288151041666667
24119,1,0.5,2,3,0.7906640625,0.7906640625
24119,1,0.5,3,0,0.5864583333333333,0.5864583333333333
24119,1,0.5,3,1,0.555859375,0.555859375
24119,1,0.5,3,2,0.8370833333333333,0.8370833333333333
24119,2,1.0,0,1,0.7982942708333334,0.7982942708333334
24119,2,1.0,0,2,0.8978776041666666,0.8978776041666666
24119,2,1.0,0,3,0.7642578125,0.7642578125
24119,2,1.0,1,0,0.5696484375,0.5696484375
24119,2,1.0,1,2,0.6047786458333333,0.6047786458333333
24119,2,1.0,1,3,0.5462630208333333,0.5462630208333333
24119,2,1.0,2,0,0.5871354166666667,0.5871354166666667
24119,2,1.0,2,1,0.5748697916666666,0.5748697916666666
24119,2,1.0,2,3,0.751015625,0.751015625
24119,2,1.0,3,0,0.62765625,0.62765625
24119,2,1.0,3,1,0.5908463541666666,0.5908463541666666
24119,2,1.0,3,2,0.8554817708333333,0.8554817708333333
24120,0,0.0,0,1,0.4985546875,0.4985546875
24120,0,0.0,0,2,0.3847265625,0.3847265625
24120,0,0.0,0,3,0.6902734375,0.6902734375
24120,0,0.0,1,0,0.7283854166666667,0.7283854166666667
24120,0,0.0,1,2,0.6444921875,0.6444921875
24120,0,0.0,1,3,0.7214453125,0.7214453125
24120,0,0.0,2,0,0.7646354166666667,0.7646354166666667
24120,0,0.0,2,1,0.7579427083333333,0.7579427083333333
24120,0,0.0,2,3,0.7959635416666667,0.7959635416666667
24120,0,0.0,3,0,0.8142578125,0.8142578125
24120,0,0.0,3,1,0.5826692708333333,0.5826692708333333
24120,0,0.0,3,2,0.46984375,0.46984375
24120,1,0.5,0,1,0.5470833333333334,0.5470833333333334
24120,1,0.5,0,2,0.5120182291666666,0.5120182291666666
24120,1,0.5,0,3,0.71390625,0.71390625
24120,1,0.5,1,0,0.6644010416666667,0.6644010416666667
24120,1,0.5,1,2,0.6196875,0.6196875
24120,1,0.5,1,3,0.6402604166666667,0.6402604166666667
24120,1,0.5,2,0,0.8036458333333333,0.8036458333333333
24120,1,0.5,2,1,0.7203776041666666,0.7203776041666666
24120,1,0.5,2,3,0.8357421875,0.8357421875
24120,1,0.5,3,0,0.75265625,0.75265625
24120,1,0.5,3,1,0.570859375,0.570859375
24120,1,0.5,3,2,0.578125,0.578125
24120,2,1.0,0,1,0.46196614583333334,0.46196614583333334
24120,2,1.0,0,2,0.6293359375,0.6293359375
24120,2,1.0,0,3,0.7623177083333333,0.7623177083333333
24120,2,1.0,1,0,0.527734375,0.527734375
24120,2,1.0,1,2,0.518515625,0.518515625
24120,2,1.0,1,3,0.5060546875,0.5060546875
24120,2,1.0,2,0,0.7870963541666667,0.7870963541666667
24120,2,1.0,2,1,0.607109375,0.607109375
24120,2,1.0,2,3,0.8170833333333334,0.8170833333333334
24120,2,1.0,3,0,0.693125,0.693125
24120,2,1.0,3,1,0.4619140625,0.4619140625
24120,2,1.0,3,2,0.6168489583333333,0.6168489583333333
24121,0,0.0,0,1,0.8230989583333334,0.8230989583333334
24121,0,0.0,0,2,0.4161197916666667,0.4161197916666667
24121,0,0.0,0,3,0.833984375,0.833984375
24121,0,0.0,1,0,0.5569401041666666,0.5569401041666666
24121,0,0.0,1,2,0.3126302083333333,0.3126302083333333
24121,0,0.0,1,3,0.6522395833333333,0.6522395833333333
24121,0,0.0,2,0,0.6923307291666667,0.6923307291666667
24121,0,0.0,2,1,0.7864713541666667,0.7864713541666667
24121,0,0.0,2,3,0.7423177083333333,0.7423177083333333
24121,0,0.0,3,0,0.6674609375,0.6674609375
24121,0,0.0,3,1,0.777578125,0.777578125
24121,0,0.0,3,2,0.29912760416666667,0.29912760416666667
24121,1,0.5,0,1,0.7991015625,0.7991015625
24121,1,0.5,0,2,0.416640625,0.416640625
24121,1,0.5,0,3,0.8203255208333333,0.8203255208333333
24121,1,0.5,1,0,0.5393489583333333,0.5393489583333333
24121,1,0.5,1,2,0.303671875,0.303671875
24121,1,0.5,1,3,0.6512890625,0.6512890625
24121,1,0.5,2,0,0.70046875,0.70046875
24121,1,0.5,2,1,0.7963802083333333,0.7963802083333333
24121,1,0.5,2,3,0.7523958333333334,0.7523958333333334
24121,1,0.5,3,0,0.6453255208333334,0.6453255208333334
24121,1,0.5,3,1,0.7570442708333334,0.7570442708333334
24121,1,0.5,3,2,0.29571614583333333,0.29571614583333333
24121,2,1.0,0,1,0.7771484375,0.7771484375
24121,2,1.0,0,2,0.4090494791666667,0.4090494791666667
24121,2,1.0,0,3,0.8149609375,0.8149609375
24121,2,1.0,1,0,0.5110677083333334,0.5110677083333334
24121,2,1.0,1,2,0.275625,0.275625
24121,2,1.0,1,3,0.627265625,0.627265625
24121,2,1.0,2,0,0.7112760416666667,0.7112760416666667
24121,2,1.0,2,1,0.7889192708333334,0.7889192708333334
24121,2,1.0,2,3,0.74546875,0.74546875
24121,2,1.0,3,0,0.6438151041666667,0.6438151041666667
24121,2,1.0,3,1,0.7523828125,0.7523828125
24121,2,1.0,3,2,0.28458333333333335,0.28458333333333335
24122,0,0.0,0,1,0.719140625,0.719140625
24122,0,0.0,0,2,0.6097526041666667,0.6097526041666667
24122,0,0.0,0,3,0.6910546875,0.6910546875
24122,0,0.0,1,0,0.8096614583333334,0.8096614583333334
24122,0,0.0,1,2,0.5965494791666667,0.5965494791666667
24122,0,0.0,1,3,0.6556380208333333,0.6556380208333333
24122,0,0.0,2,0,0.8434895833333333,0.8434895833333333
24122,0,0.0,2,1,0.813046875,0.813046875
24122,0,0.0,2,3,0.8034635416666667,0.8034635416666667
24122,0,0.0,3,0,0.8197916666666667,0.8197916666666667
24122,0,0.0,3,1,0.7249739583333333,0.7249739583333333
24122,0,0.0,3,2,0.5696875,0.5696875
24122,1,0.5,0,1,0.8890494791666667,0.8890494791666667
24122,1,0.5,0,2,0.6169661458333333,0.6169661458333333
24122,1,0.5,0,3,0.7152994791666667,0.7152994791666667
24122,1,0.5,1,0,0.6548567708333334,0.6548567708333334
24122,1,0.5,1,2,0.4820963541666667,0.4820963541666667
24122,1,0.5,1,3,0.5217578125,0.5217578125
24122,1,0.5,2,0,0.839453125,0.839453125
24122,1,0.5,2,1,0.81109375,0.81109375
24122,1,0.5,2,3,0.81984375,0.81984375
24122,1,0.5,3,0,0.8269661458333334,0.8269661458333334
24122,1,0.5,3,1,0.7835807291666667,0.7835807291666667
24122,1,0.5,3,2,0.6286328125,0.6286328125
24122,2,1.0,0,1,0.869296875,0.869296875
24122,2,1.0,0,2,0.5957161458333333,0.5957161458333333
24122,2,1.0,0,3,0.71890625,0.71890625
24122,2,1.0,1,0,0.49786458333333333,0.49786458333333333
24122,2,1.0,1,2,0.33390625,0.33390625
24122,2,1.0,1,3,0.43041666666666667,0.43041666666666667
24122,2,1.0,2,0,0.8449479166666667,0.8449479166666667
24122,2,1.0,2,1,0.7884114583333334,0.7884114583333334
24122,2,1.0,2,3,0.8105338541666667,0.8105338541666667
24122,2,1.0,3,0,0.8029166666666666,0.8029166666666666
24122,2,1.0,3,1,0.7792838541666667,0.7792838541666667
24122,2,1.0,3,2,0.5689713541666667,0.5689713541666667
24123,0,0.0,0,1,0.8108072916666667,0.8108072916666667
24123,0,0.0,0,2,0.8762239583333333,0.8762239583333333
24123,0,0.0,0,3,0.650078125,0.650078125
24123,0,0.0,1,0,0.684765625,0.684765625
24123,0,0.0,1,2,0.8453125,0.8453125
24123,0,0.0,1,3,0.7188411458333334,0.7188411458333334
24123,0,0.0,2,0,0.6331770833333333,0.6331770833333333
24123,0,0.0,2,1,0.7303255208333334,0.7303255208333334
24123,0,0.0,2,3,0.5812890625,0.5812890625
24123,0,0.0,3,0,0.6638541666666666,0.6638541666666666
24123,0,0.0,3,1,0.8519661458333333,0.8519661458333333
24123,0,0.0,3,2,0.7885416666666667,0.7885416666666667
24123,1,0.5,0,1,0.7644270833333333,0.7644270833333333
24123,1,0.5,0,2,0.8593359375,0.8593359375
24123,1,0.5,0,3,0.6097265625,0.6097265625
24123,1,0.5,1,0,0.6706640625,0.6706640625
24123,1,0.5,1,2,0.8222135416666667,0.8222135416666667
24123,1,0.5,1,3,0.7171875,0.7171875
24123,1,0.5,2,0,0.6317708333333333,0.6317708333333333
24123,1,0.5,2,1,0.6923697916666667,0.6923697916666667
24123,1,0.5,2,3,0.5611848958333333,0.5611848958333333
24123,1,0.5,3,0,0.6400130208333333,0.6400130208333333
24123,1,0.5,3,1,0.8497916666666666,0.8497916666666666
24123,1,0.5,3,2,0.7718359375,0.7718359375
24123,2,1.0,0,1,0.7688671875,0.7688671875
24123,2,1.0,0,2,0.8516015625,0.8516015625
24123,2,1.0,0,3,0.6033333333333334,0.6033333333333334
24123,2,1.0,1,0,0.670703125,0.670703125
24123,2,1.0,1,2,0.8384375,0.8384375
24123,2,1.0,1,3,0.7054427083333333,0.7054427083333333
24123,2,1.0,2,0,0.6235416666666667,0.6235416666666667
24123,2,1.0,2,1,0.7109895833333333,0.7109895833333333
24123,2,1.0,2,3,0.5671875,0.5671875
24123,2,1.0,3,0,0.6395703125,0.6395703125
24123,2,1.0,3,1,0.8476692708333333,0.8476692708333333
24123,2,1.0,3,2,0.7826302083333333,0.7826302083333333
24124,0,0.0,0,1,0.5792447916666666,0.5792447916666666
24124,0,0.0,0,2,0.39791666666666664,0.39791666666666664
24124,0,0.0,0,3,0.3894140625,0.3894140625
24124,0,0.0,1,0,0.7155729166666667,0.7155729166666667
24124,0,0.0,1,2,0.516015625,0.516015625
24124,0,0.0,1,3,0.48321614583333333,0.48321614583333333
24124,0,0.0,2,0,0.665625,0.665625
24124,0,0.0,2,1,0.7856119791666667,0.7856119791666667
24124,0,0.0,2,3,0.7489713541666667,0.7489713541666667
24124,0,0.0,3,0,0.6903515625,0.6903515625
24124,0,0.0,3,1,0.7713151041666667,0.7713151041666667
24124,0,0.0,3,2,0.7880859375,0.7880859375
24124,1,0.5,0,1,0.5826432291666667,0.5826432291666667
24124,1,0.5,0,2,0.3949609375,0.3949609375
24124,1,0.5,0,3,0.3917057291666667,0.3917057291666667
24124,1,0.5,1,0,0.7145833333333333,0.7145833333333333
24124,1,0.5,1,2,0.5108333333333334,0.5108333333333334
24124,1,0.5,1,3,0.4880859375,0.4880859375
24124,1,0.5,2,0,0.6628645833333333,0.6628645833333333
24124,1,0.5,2,1,0.789140625,0.789140625
24124,1,0.5,2,3,0.7569140625,0.7569140625
24124,1,0.5,3,0,0.6906901041666667,0.6906901041666667
24124,1,0.5,3,1,0.7758854166666667,0.7758854166666667
24124,1,0.5,3,2,0.7746744791666667,0.7746744791666667
24124,2,1.0,0,1,0.5814973958333334,0.5814973958333334
24124,2,1.0,0,2,0.40317708333333335,0.40317708333333335
24124,2,1.0,0,3,0.393515625,0.393515625
24124,2,1.0,1,0,0.7095182291666666,0.7095182291666666
24124,2,1.0,1,2,0.5154166666666666,0.5154166666666666
24124,2,1.0,1,3,0.482578125,0.482578125
24124,2,1.0,2,0,0.6717578125,0.6717578125
24124,2,1.0,2,1,0.7885416666666667,0.7885416666666667
24124,2,1.0,2,3,0.7468880208333334,0.7468880208333334
24124,2,1.0,3,0,0.6885026041666666,0.6885026041666666
24124,2,1.0,3,1,0.7730338541666667,0.7730338541666667
24124,2,1.0,3,2,0.7890885416666666,0.7890885416666666
24125,0,0.0,0,1,0.8345052083333333,0.8345052083333333
24125,0,0.0,0,2,0.7688671875,0.7688671875
24125,0,0.0,0,3,0.851953125,0.851953125
24125,0,0.0,1,0,0.5111588541666666,0.5111588541666666
24125,0,0.0,1,2,0.6116145833333333,0.6116145833333333
24125,0,0.0,1,3,0.7458984375,0.7458984375
24125,0,0.0,2,0,0.5466145833333333,0.5466145833333333
24125,0,0.0,2,1,0.656015625,0.656015625
24125,0,0.0,2,3,0.7743359375,0.7743359375
24125,0,0.0,3,0,0.5175651041666667,0.5175651041666667
24125,0,0.0,3,1,0.6854427083333333,0.6854427083333333
24125,0,0.0,3,2,0.650859375,0.650859375
24125,1,0.5,0,1,0.82390625,0.82390625
24125,1,0.5,0,2,0.780078125,0.780078125
24125,1,0.5,0,3,0.8703515625,0.8703515625
24125,1,0.5,1,0,0.48858072916666667,0.48858072916666667
24125,1,0.5,1,2,0.574140625,0.574140625
24125,1,0.5,1,3,0.7572395833333333,0.7572395833333333
24125,1,0.5,2,0,0.5919140625,0.5919140625
24125,1,0.5,2,1,0.6637760416666667,0.6637760416666667
24125,1,0.5,2,3,0.7966796875,0.7966796875
24125,1,0.5,3,0,0.51484375,0.51484375
24125,1,0.5,3,1,0.6817838541666666,0.6817838541666666
24125,1,0.5,3,2,0.6207942708333334,0.6207942708333334
24125,2,1.0,0,1,0.7765104166666666,0.7765104166666666
24125,2,1.0,0,2,0.7778125,0.7778125
24125,2,1.0,0,3,0.8677213541666666,0.8677213541666666
24125,2,1.0,1,0,0.4454427083333333,0.4454427083333333
24125,2,1.0,1,2,0.4988671875,0.4988671875
24125,2,1.0,1,3,0.7205598958333334,0.7205598958333334
24125,2,1.0,2,0,0.6138671875,0.6138671875
24125,2,1.0,2,1,0.6233723958333334,0.6233723958333334
24125,2,1.0,2,3,0.7903776041666667,0.7903776041666667
24125,2,1.0,3,0,0.5080598958333333,0.5080598958333333
24125,2,1.0,3,1,0.6451692708333333,0.6451692708333333
24125,2,1.0,3,2,0.5925130208333333,0.5925130208333333
24126,0,0.0,0,1,0.43256510416666666,0.43256510416666666
24126,0,0.0,0,2,0.439453125,0.439453125
24126,0,0.0,0,3,0.7077604166666667,0.7077604166666667
24126,0,0.0,1,0,0.5865494791666667,0.5865494791666667
24126,0,0.0,1,2,0.4853385416666667,0.4853385416666667
24126,0,0.0,1,3,0.63734375,0.63734375
24126,0,0.0,2,0,0.7387109375,0.7387109375
24126,0,0.0,2,1,0.5788541666666667,0.5788541666666667
24126,0,0.0,2,3,0.7839322916666667,0.7839322916666667
24126,0,0.0,3,0,0.41825520833333335,0.41825520833333335
24126,0,0.0,3,1,0.34684895833333335,0.34684895833333335
24126,0,0.0,3,2,0.25850260416666665,0.25850260416666665
24126,1,0.5,0,1,0.4524739583333333,0.4524739583333333
24126,1,0.5,0,2,0.45265625,0.45265625
24126,1,0.5,0,3,0.7032682291666666,0.7032682291666666
24126,1,0.5,1,0,0.5866015625,0.5866015625
24126,1,0.5,1,2,0.4982421875,0.4982421875
24126,1,0.5,1,3,0.6394010416666667,0.6394010416666667
24126,1,0.5,2,0,0.7175,0.7175
24126,1,0.5,2,1,0.5805078125,0.5805078125
24126,1,0.5,2,3,0.7858854166666667,0.7858854166666667
24126,1,0.5,3,0,0.4158203125,0.4158203125
24126,1,0.5,3,1,0.3488411458333333,0.3488411458333333
24126,1,0.5,3,2,0.27125,0.27125
24126,2,1.0,0,1,0.44950520833333335,0.44950520833333335
24126,2,1.0,0,2,0.4437890625,0.4437890625
24126,2,1.0,0,3,0.7025260416666667,0.7025260416666667
24126,2,1.0,1,0,0.5715234375,0.5715234375
24126,2,1.0,1,2,0.47747395833333334,0.47747395833333334
24126,2,1.0,1,3,0.6291666666666667,0.6291666666666667
24126,2,1.0,2,0,0.7043229166666667,0.7043229166666667
24126,2,1.0,2,1,0.5643619791666666,0.5643619791666666
24126,2,1.0,2,3,0.7925520833333334,0.7925520833333334
24126,2,1.0,3,0,0.4195052083333333,0.4195052083333333
24126,2,1.0,3,1,0.355,0.355
24126,2,1.0,3,2,0.28484375,0.28484375
24127,0,0.0,0,1,0.612265625,0.612265625
24127,0,0.0,0,2,0.8584635416666667,0.8584635416666667
24127,0,0.0,0,3,0.6020963541666666,0.6020963541666666
24127,0,0.0,1,0,0.686484375,0.686484375
24127,0,0.0,1,2,0.7759375,0.7759375
24127,0,0.0,1,3,0.6229817708333333,0.6229817708333333
24127,0,0.0,2,0,0.4870963541666667,0.4870963541666667
24127,0,0.0,2,1,0.45078125,0.45078125
24127,0,0.0,2,3,0.5469270833333333,0.5469270833333333
24127,0,0.0,3,0,0.4940494791666667,0.4940494791666667
24127,0,0.0,3,1,0.49114583333333334,0.49114583333333334
24127,0,0.0,3,2,0.78203125,0.78203125
24127,1,0.5,0,1,0.7689973958333334,0.7689973958333334
24127,1,0.5,0,2,0.8692057291666667,0.8692057291666667
24127,1,0.5,0,3,0.5551171875,0.5551171875
24127,1,0.5,1,0,0.6682291666666667,0.6682291666666667
24127,1,0.5,1,2,0.7211588541666667,0.7211588541666667
24127,1,0.5,1,3,0.44708333333333333,0.44708333333333333
24127,1,0.5,2,0,0.567421875,0.567421875
24127,1,0.5,2,1,0.5675130208333333,0.5675130208333333
24127,1,0.5,2,3,0.43069010416666664,0.43069010416666664
24127,1,0.5,3,0,0.7075520833333333,0.7075520833333333
24127,1,0.5,3,1,0.6709765625,0.6709765625
24127,1,0.5,3,2,0.8358723958333333,0.8358723958333333
24127,2,1.0,0,1,0.7610026041666667,0.7610026041666667
24127,2,1.0,0,2,0.83796875,0.83796875
24127,2,1.0,0,3,0.4910026041666667,0.4910026041666667
24127,2,1.0,1,0,0.4715885416666667,0.4715885416666667
24127,2,1.0,1,2,0.5500260416666667,0.5500260416666667
24127,2,1.0,1,3,0.26283854166666665,0.26283854166666665
24127,2,1.0,2,0,0.6402604166666667,0.6402604166666667
24127,2,1.0,2,1,0.6630729166666667,0.6630729166666667
24127,2,1.0,2,3,0.40399739583333333,0.40399739583333333
24127,2,1.0,3,0,0.7849479166666666,0.7849479166666666
24127,2,1.0,3,1,0.6528255208333333,0.6528255208333333
24127,2,1.0,3,2,0.8198828125,0.8198828125
