seed,layout,camera,start_x_m,start_y_m,start_z_m,end_x_m,end_y_m,end_z_m,target_x_m,target_y_m,target_z_m,vertical_fov_deg,horizontal_fov_deg,fx_pixels,fy_pixels,cx_pixels,cy_pixels,near_m,far_m,path_length_m,yaw_deg,pitch_deg
24000,Studio,0,3.1208122,1.5635465,-0.26046562,3.2021837,1.4577677,-0.40416127,4.5166645,0.7915592,-1.5966073,55.91091,70.56774,271.33328,271.33328,192,144,0.1,50,0.19909748,46.25206,-21.777843
24000,Studio,1,2.9638855,1.5839388,-0.5043916,3.045257,1.47816,-0.64808726,4.32473,0.8522138,-1.6080124,57.54859,72.42523,262.2136,262.2136,192,144,0.1,50,0.19909748,50.958557,-22.666681
24000,Studio,2,3.4727445,1.6904571,-0.31659088,3.554116,1.5846783,-0.46028653,4.237637,0.8369239,-1.6486557,92.64438,108.78255,137.50273,137.50273,192,144,0.1,50,0.19909751,29.865122,-29.059471
24000,Studio,3,3.426812,1.6170002,-0.10077068,3.5081835,1.5112214,-0.24446633,4.4410925,0.85669726,-1.5853899,38.409554,49.824123,413.4007,413.4007,192,144,0.1,50,0.19909751,34.340595,-22.921402
24001,Workshop,0,-1.0183343,1.453856,0.99043727,-1.7109026,1.453856,-0.6783383,1.4433147,0.99089646,0.3162452,52.258488,66.37237,293.56122,293.56122,192,144,0.1,50,1.8067825,74.683525,-10.281038
24001,Workshop,1,-0.94363385,1.5615524,1.3951657,-1.6362021,1.5615524,-0.27360988,1.5757322,1.0303774,0.0452767,65.05029,80.7457,225.81595,225.81595,192,144,0.1,50,1.8067824,61.81737,-10.527824
24001,Workshop,2,-0.95641387,1.546605,0.69330764,-1.6489822,1.546605,-0.9754679,1.7133713,0.88227737,0.66578376,35.806248,46.606495,445.74948,445.74948,192,144,0.1,50,1.8067825,89.40933,-13.972522
24001,Workshop,3,-0.84593964,1.471212,0.42915064,-1.5385079,1.471212,-1.239625,1.7092402,1.1354415,0.49846676,73.52908,89.780396,192.73734,192.73734,192,144,0.1,50,1.8067825,91.55392,-7.483495
24002,Studio,0,-2.898739,1.1741265,1.355742,-3.0402436,1.177427,1.0023589,-3.8687422,1.3577858,-2.6262665,49.50693,63.16415,312.31046,312.31046,192,144,0.1,50,0.43864492,-13.6904125,2.5658157
24002,Studio,1,-3.5716836,1.3868372,-0.26900303,-3.7131882,1.3901378,-0.6223861,-3.9437187,1.3491039,-2.6477797,99.44108,115.121216,122.03215,122.03215,192,144,0.1,50,0.43864486,-8.888917,-0.8978646
24002,Studio,2,-2.326094,1.1830872,1.4335777,-2.4675984,1.1863878,1.0801946,-3.944848,1.3503311,-2.955983,51.105503,65.032974,301.18832,301.18832,192,144,0.1,50,0.43864498,-20.242643,2.0472872
24002,Studio,3,-4.170683,1.53339,1.2420498,-4.312187,1.5366907,0.88866675,-4.071497,1.433644,-2.920396,54.930218,69.448395,277.03317,277.03317,192,144,0.1,50,0.4386451,1.3650293,-1.3723445
24003,Coworking,0,-0.95484424,0.9499489,2.1248298,-0.91702086,0.9499489,2.6783628,-1.105414,1.4989212,-0.64664465,53.568142,67.88505,285.2686,285.2686,192,144,0.1,50,0.5548238,-3.1097317,11.188007
24003,Coworking,1,0.55128086,1.4244419,1.3688653,0.58910424,1.4244419,1.9223983,-0.85300803,1.49827,-0.7522926,70.42853,86.52154,204.02516,204.02516,192,144,0.1,50,0.5548238,-33.506104,1.6623613
24003,Coworking,2,-1.4791085,0.9488032,2.130095,-1.4412851,0.9488032,2.683628,-1.2452207,1.37266,-0.6988227,59.235207,74.322845,253.30461,253.30461,192,144,0.1,50,0.5548238,4.7263217,8.49269
24003,Coworking,3,-1.242724,0.88756007,2.1343827,-1.2049005,0.88756007,2.6879158,-1.0063968,1.6046853,-0.70877725,50.609993,64.455154,304.5656,304.5656,192,144,0.1,50,0.5548238,4.7515774,14.109633
24004,Breakroom,0,1.5077474,1.9864255,2.9196563,1.9258578,1.8084149,2.7975852,-1.5831561,1.0493933,1.8944075,40.352158,52.204094,391.88535,391.88535,192,144,0.1,50,0.58232355,-71.64938,-16.052734
24004,Breakroom,1,1.6672367,1.8642019,1.4478028,2.085347,1.6861913,1.3257318,-1.4912736,1.0202575,2.0591505,42.621613,54.961014,369.13516,369.13516,192,144,0.1,50,0.58232343,-100.95447,-14.699099
24004,Breakroom,2,1.7683259,2.0389082,2.3949037,2.1864364,1.8608977,2.2728326,-1.5609925,1.0302141,2.04102,31.219095,40.86202,515.41846,515.41846,192,144,0.1,50,0.58232355,-83.93264,-16.766294
24004,Breakroom,3,1.499177,1.8696753,2.321103,1.9172873,1.6916647,2.1990318,-1.7535642,1.1708062,1.6234119,44.08691,56.727295,355.63568,355.63568,192,144,0.1,50,0.5823235,-77.893875,-11.864017
24005,Library,0,0.5392604,1.7973007,-1.9427071,1.2980952,1.7973007,1.699094,-3.8948834,0.87698513,4.0337906,96.98107,112.85039,127.44285,127.44285,192,144,0.1,50,3.7200196,-143.42717,-7.0498986
24005,Library,1,1.025681,1.9485934,-1.8633132,1.7845159,1.9485934,1.7784879,-3.858992,0.78652203,3.7797089,104.58778,119.79024,111.32037,111.32037,192,144,0.1,50,3.7200196,-139.1201,-8.849936
24005,Library,2,1.4335772,2.3291302,-0.30263507,2.192412,2.3291302,3.3391662,-4.1342287,0.8551995,4.2453384,82.27694,98.70275,164.84676,164.84676,192,144,0.1,50,3.7200198,-129.24312,-11.586241
24005,Library,3,0.7002921,1.795016,-1.651153,1.459127,1.795016,1.9906482,-3.937562,0.83991104,4.3355527,96.28807,112.205956,129.00417,129.00417,192,144,0.1,50,3.7200196,-142.23534,-7.188179
24006,Training,0,1.6938925,1.7791983,-8.591384,-1.5454841,1.7791983,-7.570427,1.6945703,0.9628049,-5.0333633,66.72457,82.56061,218.70059,218.70059,192,144,0.1,50,3.396456,179.98909,-12.922917
24006,Training,1,-0.5145447,1.6899213,-8.979052,-3.7539213,1.6899213,-7.958095,1.9218714,1.0947211,-5.003771,35.479576,46.20051,450.1322,450.1322,192,144,0.1,50,3.396456,148.49623,-7.2748404
24006,Training,2,1.713263,1.6886021,-8.843112,-1.5261135,1.6886021,-7.8221545,1.9235413,0.9990941,-4.700302,62.61055,78.07356,236.78928,236.78928,192,144,0.1,50,3.3964562,177.09431,-9.437468
24006,Training,3,1.6059586,1.8025217,-8.35706,-1.633418,1.8025217,-7.336104,1.9019715,1.0799508,-5.2896514,73.00255,89.2306,194.59576,194.59576,192,144,0.1,50,3.396456,174.48788,-13.196022
24007,Conference,0,4.4690237,1.2980974,3.783035,3.4785788,1.2980974,2.1063223,0.7773071,1.4326804,0.48839676,49.633133,63.31218,311.40805,311.40805,192,144,0.1,50,1.9473948,-48.25298,1.5580084
24007,Conference,1,4.710647,1.2767227,3.892046,3.7202022,1.2767227,2.2153332,0.4895026,1.3109692,0.8359395,35.071564,45.692745,455.7171,455.7171,192,144,0.1,50,1.9473948,-54.09548,0.37651798
24007,Conference,2,4.3790708,1.1383841,3.3078284,3.3886259,1.1383841,1.6311158,0.63506424,1.43959,0.14042702,65.87725,81.644035,222.26143,222.26143,192,144,0.1,50,1.9473948,-49.76903,3.5146587
24007,Conference,3,2.902016,1.7193987,2.9123344,1.911571,1.7193987,1.2356217,0.8786056,1.451067,0.15979353,85.54357,101.934784,155.65955,155.65955,192,144,0.1,50,1.9473948,-36.319847,-4.4911346
24008,Conference,0,2.4203272,0.8544259,0.053511858,3.7905426,0.8544259,1.4197148,0.26086625,0.98130745,-1.8980972,69.88682,85.94688,206.08626,206.08626,192,144,0.1,50,2.0113673,-47.89436,2.4960425
24008,Conference,1,2.4635937,1.1071904,-0.88143295,3.8338091,1.1071904,0.48477,0.05835378,1.0893903,-1.9589386,103.199615,118.54154,114.13378,114.13378,192,144,0.1,50,2.0113673,-65.868454,-0.3869588
24008,Conference,2,2.378079,0.89004683,-0.26263845,3.7482944,0.89004683,1.1035645,-0.019056886,0.9480477,-1.6486894,83.19959,99.62101,162.19226,162.19226,192,144,0.1,50,2.0113673,-59.963017,1.1999679
24008,Conference,3,2.2365804,0.91890246,-0.37369865,3.6067958,0.91890246,0.9925043,0.39238504,0.9218859,-2.0405521,80.220566,96.640785,170.94322,170.94322,192,144,0.1,50,2.0113673,-47.891537,0.06876479
24009,Breakroom,0,1.0273676,1.9802899,0.52054626,0.44694257,2.2042549,0.035345227,-1.7564919,1.0291021,3.413296,28.47841,37.387127,567.44946,567.44946,192,144,0.1,50,0.7915648,-136.09892,-13.329074
24009,Breakroom,1,1.410748,2.0641623,0.4558158,0.830323,2.2881272,-0.029385231,-1.9970801,0.9082269,3.1501281,38.26647,49.648113,415.06833,415.06833,192,144,0.1,50,0.7915648,-128.33076,-14.900205
24009,Breakroom,2,1.1618345,1.8807025,0.7679083,0.58140945,2.1046674,0.28270727,-1.6765982,0.9752427,3.1537256,45.65241,58.602226,342.1244,342.1244,192,144,0.1,50,0.791565,-130.04842,-13.722771
24009,Breakroom,3,-0.5339258,2.7087467,2.8103952,-1.1143508,2.9327116,2.3251944,-1.4845521,1.0284373,3.1014764,79.52419,95.937645,173.06685,173.06685,192,144,0.1,50,0.79156476,-107.02456,-59.388374
24010,Library,0,2.5691564,1.4970992,-0.39358997,2.619655,1.4270227,-0.376712,1.0490711,0.9653554,-3.8702478,47.550484,60.858414,326.87418,326.87418,192,144,0.1,50,0.08868724,-23.616203,-7.977334
24010,Library,1,2.281829,1.4456125,-0.33981928,2.3323276,1.3755361,-0.3229413,0.82686514,0.93117386,-3.992871,59.752865,74.902145,250.66222,250.66222,192,144,0.1,50,0.08868725,-21.71676,-7.45363
24010,Library,2,2.3340456,1.4163858,-0.9957424,2.3845441,1.3463093,-0.97886443,0.90158755,0.9159973,-4.1231375,58.181335,73.138954,258.81616,258.81616,192,144,0.1,50,0.088687226,-24.609465,-8.276664
24010,Library,3,0.79691815,1.8552208,-0.5417742,0.84741664,1.7851443,-0.52489626,0.87660426,0.926927,-3.9182293,62.070156,77.47728,239.32422,239.32422,192,144,0.1,50,0.08868724,1.3519595,-15.3685255
24011,Training,0,6.2366924,1.6864842,2.874414,6.3051033,1.7765471,2.847324,2.6644835,1.340289,2.396928,65.654236,81.40214,223.21217,223.21217,192,144,0.1,50,0.117372714,-82.38658,-5.4869485
24011,Training,1,4.926071,1.8762413,2.2617428,4.994482,1.9663042,2.2346528,2.689538,1.3357667,2.2606792,64.59252,80.24681,227.81839,227.81839,192,144,0.1,50,0.11737273,-89.97275,-13.5854845
24011,Training,2,5.388993,1.7124499,3.5478323,5.4574037,1.8025128,3.5207422,2.7096014,1.4668081,2.6983569,72.89772,89.12096,194.96854,194.96854,192,144,0.1,50,0.11737271,-72.40928,-4.9944644
24011,Training,3,6.0083084,1.7832282,2.735014,6.0767193,1.873291,2.707924,2.3466616,1.4124161,2.2765522,81.1844,97.60992,168.05397,168.05397,192,144,0.1,50,0.11737271,-82.863335,-5.738085
24012,Coworking,0,-3.0388582,1.2251886,-1.1709933,-3.2923083,1.2251886,-4.104104,-0.96500134,0.75,-4.1456304,72.11674,88.302315,197.775,197.775,192,144,0.1,50,2.9440408,34.88343,-7.4656725
24012,Coworking,1,-2.7541523,1.157553,-1.3356016,-3.0076025,1.157553,-4.2687125,-0.80565655,0.7704406,-4.0846157,98.091156,113.87832,124.976326,124.976326,192,144,0.1,50,2.9440408,35.328938,-6.553764
24012,Coworking,2,-2.7114382,1.3507711,-1.5494001,-2.9648883,1.3507711,-4.4825106,-1.2306795,0.8106413,-4.005052,106.72793,121.70045,107.08443,107.08443,192,144,0.1,50,2.9440403,31.089983,-10.667192
24012,Coworking,3,-2.971491,1.1341213,-0.8146783,-3.2249413,1.1341213,-3.7477891,-1.2169161,0.8874941,-3.8516498,74.53139,90.822914,189.26201,189.26201,192,144,0.1,50,2.9440408,30.016674,-4.0222244
24013,OpenOffice,0,8.127628,0.7811459,2.407743,7.6899447,0.7811459,4.4612827,5.48341,0.96087533,3.5634534,68.35641,84.31482,212.06306,212.06306,192,144,0.1,50,2.0996647,-113.60873,3.5638754
24013,OpenOffice,1,7.359301,0.7225796,3.03584,6.9216175,0.7225796,5.08938,5.6704483,0.8552308,3.3513815,101.37374,116.88725,117.91775,117.91775,192,144,0.1,50,2.0996647,-100.583,4.4149966
24013,OpenOffice,2,7.783715,0.7448798,2.4119422,7.346031,0.7448798,4.4654818,5.3002048,0.87395364,3.448152,80.04737,96.46614,171.4685,171.4685,192,144,0.1,50,2.0996644,-112.64765,2.746075
24013,OpenOffice,3,7.917593,0.86545086,2.2289524,7.4799094,0.86545086,4.282492,5.803502,0.9928748,3.6979141,58.278843,73.24876,258.29855,258.29855,192,144,0.1,50,2.0996647,-124.79324,2.833697
24014,Library,0,-3.6768022,2.080303,1.2774799,-3.5457883,1.8981738,1.4340953,-1.6994542,1.0026228,-1.4911739,90.47349,106.71422,142.8149,142.8149,192,144,0.1,50,0.27372766,35.534092,-17.575834
24014,Library,1,-3.2289207,2.0109112,1.5694053,-3.0979068,1.8287822,1.7260207,-1.7988167,1.1486738,-1.8249766,80.3052,96.72607,170.68723,170.68723,192,144,0.1,50,0.27372757,22.846422,-13.1751795
24014,Library,2,-4.283806,2.1456316,1.089521,-4.152792,1.9635023,1.2461364,-2.0336835,0.9695509,-1.3224621,99.56263,115.23275,121.76996,121.76996,192,144,0.1,50,0.27372772,43.011585,-19.623194
24014,Library,3,-3.0311785,2.0246613,0.9382687,-2.9001646,1.8425322,1.0948842,-1.5868781,0.95421004,-1.3220316,105.27239,120.403244,109.95223,109.95223,192,144,0.1,50,0.27372763,32.578007,-21.755621
24015,Conference,0,-3.157488,1.4737519,-2.5054638,-3.0551414,1.233209,-2.5800817,2.0041146,1.0271951,-1.6145211,36.144157,47.02593,441.2967,441.2967,192,144,0.1,50,0.28880018,99.793304,-4.872935
24015,Conference,1,-3.3578718,1.4914205,-2.1257267,-3.255525,1.2508776,-2.2003446,1.7015738,1.0744734,-1.8295317,49.71059,63.403,310.8563,310.8563,192,144,0.1,50,0.2888001,93.35044,-4.7030635
24015,Conference,2,-1.6230978,0.9706545,-1.776304,-1.5207511,0.7301116,-1.8509219,2.0741267,0.8835782,-1.8321127,54.15577,68.560745,281.66873,281.66873,192,144,0.1,50,0.28880015,89.1352,-1.3490158
24015,Conference,3,-2.8652596,1.3978496,-2.1366448,-2.762913,1.1573067,-2.2112627,2.1578312,0.93425524,-1.727073,55.99343,70.661674,270.8621,270.8621,192,144,0.1,50,0.28880012,94.66146,-5.2556973
24016,Reception,0,3.1483579,1.6619899,0.223284,2.551114,1.7420055,-0.7045207,-3.636556,0.9872563,1.9282731,49.34409,62.973007,313.48126,313.48126,192,144,0.1,50,1.2583555,-104.10585,-5.5089993
24016,Reception,1,1.5479375,1.1587515,-1.2452488,0.9506937,1.238767,-2.1730535,-3.9211926,0.9602233,2.1761305,62.814144,78.2978,235.8444,235.8444,192,144,0.1,50,1.2583556,-122.02928,-1.7626706
24016,Reception,2,1.1549779,0.80868506,-1.4887164,0.55773413,0.8887006,-2.416521,-3.5859344,1.0958663,1.731569,64.770935,80.44138,227.03496,227.03496,192,144,0.1,50,1.2583556,-124.186485,2.8686078
24016,Reception,3,3.2135446,1.7320027,0.45592326,2.6163008,1.8120184,-0.47188145,-3.3752615,0.8590542,1.7950778,71.25943,87.39992,200.91684,200.91684,192,144,0.1,50,1.2583555,-101.4887,-7.3976192
24017,Conference,0,-3.4305453,1.2927368,1.3151784,-3.2362833,1.1334499,0.019492865,1.5172467,1.3778522,-1.9311217,34.784534,45.335102,459.72195,459.72195,192,144,0.1,50,1.4300597,56.730686,0.8240403
24017,Conference,1,-3.4355104,1.4323813,0.8285447,-3.2412484,1.2730944,-0.46714085,1.8535366,1.3803004,-1.7128875,45.924282,58.926556,339.86694,339.86694,192,144,0.1,50,1.4300594,64.33532,-0.50851375
24017,Conference,2,-3.7078056,1.2582847,1.3927761,-3.5135436,1.0989978,0.09709059,1.6422442,1.4201198,-1.7748911,39.433823,51.08128,401.80267,401.80267,192,144,0.1,50,1.4300598,59.371,1.4910161
24017,Conference,3,-2.8614805,1.4771335,1.3223822,-2.6672184,1.3178467,0.026696663,1.6508532,1.4196792,-2.224788,32.97692,43.07426,486.49564,486.49564,192,144,0.1,50,1.4300596,51.828922,-0.57351613
24018,Lounge,0,-2.633963,0.9891376,-0.23313427,-2.5102754,0.7763498,-0.3330152,-2.2018788,1.3949552,-2.6248522,88.35129,104.671036,148.20444,148.20444,192,144,0.1,50,0.26675624,10.240519,9.479414
24018,Lounge,1,-2.2660866,1.0343499,-0.42303073,-2.1423988,0.8215621,-0.52291167,-2.2595396,1.3985761,-2.4843097,102.0746,117.52387,116.45376,116.45376,192,144,0.1,50,0.2667562,0.1819806,10.020631
24018,Lounge,2,-2.3614042,1.0213188,-0.6246426,-2.2377164,0.808531,-0.72452354,-2.5053813,1.4472406,-2.8801587,95.166405,111.15842,131.5675,131.5675,192,144,0.1,50,0.26675618,-3.6524267,10.672343
24018,Lounge,3,-2.1994562,1.0197694,-0.8968763,-2.0757685,0.8069816,-0.9967572,-2.5440865,1.5318325,-2.5844924,95.77898,111.731186,130.16199,130.16199,192,144,0.1,50,0.26675624,-11.541752,16.556604
24019,Library,0,-2.325094,2.3967886,-0.14604032,-2.4226162,2.4316843,-0.12311712,0.4061137,0.9874617,-0.58753496,91.747406,107.93059,139.67393,139.67393,192,144,0.1,50,0.106084034,80.81767,-26.994125
24019,Library,1,-2.0615351,2.277379,0.17047483,-2.1590574,2.3122747,0.19339803,0.5149406,0.96598196,-0.59384495,91.23272,107.44007,140.9347,140.9347,192,144,0.1,50,0.106084034,73.47684,-26.010988
24019,Library,2,-1.5980122,2.26568,-0.3260069,-1.6955345,2.3005757,-0.30308366,0.16377155,0.9618927,-0.72648203,92.699905,108.83517,137.3694,137.3694,192,144,0.1,50,0.106084034,77.19357,-35.815323
24019,Library,3,-1.9360747,2.3843203,-0.1034849,-2.033597,2.419216,-0.0805617,0.5067024,0.9547106,-0.8766239,93.277504,109.38169,135.98965,135.98965,192,144,0.1,50,0.10608402,72.43742,-29.159782
24020,OpenOffice,0,0.83709955,1.7657845,1.8777888,1.1591805,1.7657845,-0.4049704,-1.6961312,1.4945068,-0.08926614,49.494083,63.149075,312.40256,312.40256,192,144,0.1,50,2.305369,-52.170643,-4.834695
24020,OpenOffice,1,1.2312493,1.8634976,1.8194402,1.5533303,1.8634976,-0.46331897,-1.4778142,1.5096833,-0.11236881,56.47904,71.21378,268.11465,268.11465,192,144,0.1,50,2.305369,-54.50767,-6.0698423
24020,OpenOffice,2,0.9881818,1.5247858,1.1803021,1.3102628,1.5247858,-1.102457,-1.8612722,1.3473471,0.25580108,57.455757,72.32032,262.71783,262.71783,192,144,0.1,50,2.305369,-72.02442,-3.3897564
24020,OpenOffice,3,1.3704526,1.8207932,1.1622814,1.6925335,1.8207932,-1.1204778,-1.6205713,1.4434171,-0.34931457,45.21384,58.078255,345.82004,345.82004,192,144,0.1,50,2.305369,-63.188995,-6.4247956
24021,Conference,0,0.8076627,1.6127046,2.7308545,0.76769257,1.7342336,2.939204,-1.3135073,1.0308193,3.3530467,59.662987,74.80167,251.11803,251.11803,192,144,0.1,50,0.24461873,-106.34773,-14.747548
24021,Conference,1,0.58785516,1.5570602,2.454178,0.547885,1.6785892,2.6625276,-1.4747806,0.9889658,3.0113509,86.99529,103.35431,151.75682,151.75682,192,144,0.1,50,0.24461873,-105.11634,-14.889946
24021,Conference,2,0.7748401,1.500283,3.2220366,0.73486996,1.6218119,3.430386,-1.3751445,1.1022162,3.246325,91.10178,107.31507,141.25722,141.25722,192,144,0.1,50,0.2446187,-90.64725,-10.488799
24021,Conference,3,1.2206047,1.5661255,2.864733,1.1806345,1.6876545,3.0730824,-1.0457689,1.0527078,3.6779048,73.97022,90.23989,191.1978,191.1978,192,144,0.1,50,0.24461873,-109.737915,-12.036771
24022,OpenOffice,0,1.9492941,1.1317427,-4.4539614,1.9583341,0.91466284,-4.74504,3.4756231,1.183081,-3.6907084,98.69271,114.43314,123.65698,123.65698,192,144,0.1,50,0.36922634,116.56771,1.723138
24022,OpenOffice,1,0.47628367,1.7798476,-2.6664553,0.48532367,1.5627677,-2.9575338,3.7088702,1.0366344,-4.003526,73.42441,89.67121,193.10495,193.10495,192,144,0.1,50,0.3692263,67.52891,-11.994494
24022,OpenOffice,2,1.644847,1.13243,-4.561684,1.653887,0.91535,-4.8527627,3.7920022,1.314924,-3.5033097,75.956215,92.29579,184.45685,184.45685,192,144,0.1,50,0.3692263,116.23958,4.359517
24022,OpenOffice,3,2.1580467,1.2449949,-4.800957,2.1670868,1.027915,-5.092036,3.7699285,1.2829981,-3.4051442,106.84073,121.80064,106.864456,106.864456,192,144,0.1,50,0.36922625,130.891,1.0210813
24023,OpenOffice,0,-6.025787,0.8791552,-2.979523,-3.5694559,0.8791552,-2.632855,-3.7761362,1.3128828,0.41625303,41.978004,54.181767,375.34814,375.34814,192,144,0.1,50,2.4806736,146.47612,6.077907
24023,OpenOffice,1,-5.512557,0.86904544,-2.9381852,-3.056226,0.86904544,-2.5915172,-3.6637335,1.432034,0.5527351,50.735855,64.60205,303.70193,303.70193,192,144,0.1,50,2.4806736,152.09389,8.111105
24023,OpenOffice,2,-6.1060896,0.9368203,-2.6840136,-3.6497586,0.9368203,-2.3373456,-3.6562135,1.314095,0.56063676,46.185722,59.238068,337.71988,337.71988,192,144,0.1,50,2.4806736,142.94534,5.301595
24023,OpenOffice,3,-6.794427,0.8359483,-2.8145616,-4.338096,0.8359483,-2.4678936,-3.4751046,1.2715955,0.49564612,36.530968,47.505413,436.29727,436.29727,192,144,0.1,50,2.480673,134.92123,5.309379
24024,Lounge,0,-1.7892768,2.7883866,-0.33265638,-3.1254587,2.8691812,-2.3415449,-2.0295012,0.9581155,-3.4638677,76.89462,93.26005,181.37491,181.37491,192,144,0.1,50,2.6879756,-4.3870983,-30.234158
24024,Lounge,1,-2.6180437,2.6195285,-1.6336524,-3.9542255,2.700323,-3.642541,-1.7108464,0.81956446,-3.3430746,77.56533,93.946396,179.21089,179.21089,192,144,0.1,50,2.6879754,27.955072,-42.925945
24024,Lounge,2,-2.41115,2.714008,-1.598823,-3.7473316,2.7948027,-3.6077113,-2.0366645,0.90825033,-3.811422,88.71069,105.018555,147.27739,147.27739,192,144,0.1,50,2.6879752,9.606352,-38.822975
24024,Lounge,3,-2.241697,2.720136,-0.7483932,-3.577879,2.8009305,-2.7572818,-1.9537675,0.9696554,-3.5418959,103.32722,118.65665,113.872925,113.872925,192,144,0.1,50,2.687976,5.8847613,-31.936255
24025,Studio,0,-7.9484725,1.6546642,-0.5108595,-7.6187844,1.5640168,-0.6461642,-3.0174212,0.996331,-4.811047,46.30392,59.378784,336.75668,336.75668,192,144,0.1,50,0.4020184,48.909515,-5.7458243
24025,Studio,1,-7.2643924,2.0229437,0.2705124,-6.9347043,1.9322964,0.13520771,-2.75264,0.8768026,-4.8644133,42.37078,54.65757,371.5351,371.5351,192,144,0.1,50,0.4020184,41.303837,-9.518582
24025,Studio,2,-7.923771,1.4890501,0.36890966,-7.594083,1.3984027,0.23360497,-3.0473185,0.91543835,-4.700221,36.450485,47.405712,437.329,437.329,192,144,0.1,50,0.40201843,43.890133,-4.662126
24025,Studio,3,-8.3351965,1.843051,-2.7129529,-8.005508,1.7524036,-2.8482575,-3.158579,0.9194128,-4.686803,55.102257,69.645134,276.01978,276.01978,192,144,0.1,50,0.40201843,69.1281,-9.465109
24026,Coworking,0,3.430819,1.7397233,-6.858,6.096868,1.7397233,-6.936672,2.8097034,1.0255628,-0.5847645,91.18729,107.39671,141.04651,141.04651,192,144,0.1,50,2.6672094,-174.34555,-6.463398
24026,Coworking,1,3.2711916,1.8464739,-6.433298,5.9372406,1.8464739,-6.5119705,2.8918152,1.0722288,-0.30768177,85.61978,102.00957,155.45201,155.45201,192,144,0.1,50,2.6672094,-176.45604,-7.1900496
24026,Coworking,2,3.333517,1.7629856,-6.6263256,5.999566,1.7629856,-6.704998,2.5601923,1.0791458,-0.8306507,100.27171,115.88215,120.24965,120.24965,192,144,0.1,50,2.6672094,-172.39984,-6.6707153
24026,Coworking,3,3.1105359,1.7324588,-6.8816013,5.776585,1.7324588,-6.9602737,2.5653062,0.89048034,-0.7100834,104.10298,119.35502,112.29687,112.29687,192,144,0.1,50,2.6672099,-174.95125,-7.739107
24027,Library,0,2.5120375,1.2106862,1.8194994,0.7793921,1.2106862,3.951232,-0.16949329,1.55,0.3948223,92.81021,108.939644,137.10489,137.10489,192,144,0.1,50,4.1224833,-62.01863,6.376074
24027,Library,1,1.9697723,1.4638876,2.3783247,0.23712695,1.4638876,4.5100574,0.11071336,1.6328095,0.099218994,83.59082,100.00909,161.0812,161.0812,192,144,0.1,50,4.1224833,-39.204014,3.2871022
24027,Library,2,2.86659,1.4187524,2.2855372,1.1339447,1.4187524,4.4172697,0.12837899,1.6507299,0.31304908,87.07009,103.42716,151.55858,151.55858,192,144,0.1,50,4.1224833,-54.232666,3.9323514
24027,Library,3,3.9437819,1.6131482,1.5265392,2.2111363,1.6131482,3.6582718,-0.08855,1.4535387,0.4736302,76.25661,92.60496,183.4633,183.4633,192,144,0.1,50,4.1224833,-75.365875,-2.1932614
24028,Reception,0,0.7388842,0.8002025,0.33977938,-1.2371483,0.8002025,-0.5130372,1.5011153,0.75,-2.0738451,74.882416,91.18678,188.06369,188.06369,192,144,0.1,50,2.3907287,17.5263,-1.1362603
24028,Reception,1,-0.50150454,1.2209182,-0.193205,-2.4775372,1.2209182,-1.0460216,1.5317581,0.81031513,-1.8305876,55.756786,70.392166,272.2169,272.2169,192,144,0.1,50,2.3907285,51.155575,-8.938461
24028,Reception,2,1.1882069,0.96293956,0.53780067,-0.7878256,0.96293956,-0.3150159,1.6570538,0.6093948,-1.7931951,102.281265,117.7112,116.02484,116.02484,192,144,0.1,50,2.3907287,11.372498,-8.457526
24028,Reception,3,0.35200027,0.9681989,-0.027846754,-1.6240323,0.9681989,-0.88066334,1.3007692,0.7145266,-2.2338948,75.99243,92.33309,184.3367,184.3367,192,144,0.1,50,2.3907287,23.271395,-6.0300407
24029,Studio,0,-0.64450026,2.2524676,2.331791,-0.42062363,2.089122,2.2469738,-2.2022007,0.9941579,1.3924177,102.06851,117.51834,116.46642,116.46642,192,144,0.1,50,0.29018432,-58.907867,-34.67353
24029,Studio,1,-1.1303164,2.3650353,1.9232107,-0.9064398,2.2016897,1.8383936,-2.425732,0.92302954,1.2166426,99.23143,114.928696,122.48552,122.48552,192,144,0.1,50,0.2901843,-61.390293,-44.34067
24029,Studio,2,-0.53978854,2.3810906,1.3608985,-0.31591192,2.217745,1.2760813,-2.0405655,0.9548672,1.1716638,99.302704,114.99417,122.33122,122.33122,192,144,0.1,50,0.29018432,-82.81344,-43.315334
24029,Studio,3,-0.96282315,2.1646528,2.2493634,-0.73894656,2.0013072,2.1645463,-2.049112,1.0595766,1.141977,98.704666,114.444145,123.6309,123.6309,192,144,0.1,50,0.29018432,-44.44898,-35.4655
24030,Workshop,0,6.3462296,1.6539114,-2.3993666,6.307566,1.8937647,-2.4190574,3.4101665,1.0063497,2.6563702,45.764328,58.73579,341.19202,341.19202,192,144,0.1,50,0.24613954,-149.8546,-6.320409
24030,Workshop,1,6.658195,1.7490549,-1.9045365,6.6195316,1.9889083,-1.9242272,3.538168,1.1291656,2.7541788,32.97696,43.07431,486.49506,486.49506,192,144,0.1,50,0.24613957,-146.18906,-6.308815
24030,Workshop,2,7.1541786,1.7412065,-2.8297243,7.115515,1.9810599,-2.849415,3.586009,0.86799294,2.8329046,32.226467,42.13143,498.46753,498.46753,192,144,0.1,50,0.24613948,-147.7839,-7.4331274
24030,Workshop,3,6.372937,1.7345572,-2.7140594,6.334274,1.9744105,-2.7337499,3.137114,0.8765336,2.9594588,38.736893,50.22644,409.63007,409.63007,192,144,0.1,50,0.24613953,-150.30225,-7.484018
24031,OpenOffice,0,3.2466004,1.7961326,0.67369103,4.8574753,1.7961326,-1.1777024,2.5200996,1.3106468,-1.9966073,66.2947,82.09609,220.49702,220.49702,192,144,0.1,50,2.4540937,-15.2199135,-9.950295
24031,OpenOffice,1,3.794125,1.9414315,2.0153582,5.405,1.9414315,0.16396475,2.582624,1.2568086,-1.8813722,33.835484,44.1499,473.4327,473.4327,192,144,0.1,50,2.4540937,-17.27057,-9.523835
24031,OpenOffice,2,3.1330817,1.8039422,1.1870675,4.7439566,1.8039422,-0.6643259,2.5362163,1.2169495,-2.077397,63.1724,78.691826,234.19502,234.19502,192,144,0.1,50,2.4540937,-10.361351,-10.030765
24031,OpenOffice,3,3.3352454,1.7893199,0.3706795,4.9461203,1.7893199,-1.480714,2.4035168,1.3390878,-1.7321727,73.80751,90.07052,191.76382,191.76382,192,144,0.1,50,2.4540937,-23.897102,-11.075661
24032,Reception,0,-0.3102889,1.1076899,3.3160868,-0.28192475,1.1076899,2.858507,-0.7203639,0.97919786,0.15497176,75.25714,91.57448,186.79506,186.79506,192,144,0.1,50,0.45845813,-7.391406,-2.3083386
24032,Reception,1,0.74014735,0.8202523,3.1421027,0.76851153,0.8202523,2.6845229,-0.59406066,1.017402,0.2870661,53.885574,68.25028,283.31494,283.31494,192,144,0.1,50,0.45845813,-25.047497,3.5797212
24032,Reception,2,1.1021037,1.1212806,2.3434508,1.1304679,1.1212806,1.8858709,-0.8975518,0.9279323,-0.17878379,82.50329,98.92842,164.19101,164.19101,192,144,0.1,50,0.45845813,-38.40777,-3.4376001
24032,Reception,3,-0.6277891,1.0733854,3.3764405,-0.59942496,1.0733854,2.9188607,-0.7944505,0.9305366,0.015561789,90.88283,107.105896,141.79814,141.79814,192,144,0.1,50,0.45845813,-2.838895,-2.4308167
24033,Workshop,0,-2.6268635,1.0008173,-4.034744,-3.4284658,1.0008173,-0.8654864,0.0945282,1.2230097,-0.72106665,99.06656,114.77716,122.84303,122.84303,192,144,0.1,50,3.3856764,140.6051,2.9662988
24033,Workshop,1,-2.7192886,1.0879713,-4.2748857,-3.520891,1.0879713,-1.1056285,0.26027367,1.2917981,-0.72413725,75.051216,91.36152,187.49088,187.49088,192,144,0.1,50,3.3856761,139.99876,2.5178533
24033,Workshop,2,-2.7795744,0.9037368,-4.532458,-3.5811768,0.9037368,-1.3632003,0.10151392,1.2443721,-0.63042235,83.06391,99.486244,162.57959,162.57959,192,144,0.1,50,3.3856766,143.5595,4.0171747
24033,Workshop,3,-2.5455303,1.1035113,-3.6292717,-3.3471327,1.1035113,-0.4600144,-0.0028952658,1.2756548,-0.5644537,104.44154,119.65906,111.61426,111.61426,192,144,0.1,50,3.3856764,140.32022,2.4752398
24034,Library,0,4.0946097,3.1717954,1.2035689,6.0561657,3.1717954,2.2121792,0.94534004,0.97867656,0.026778314,34.24644,44.663605,467.4052,467.4052,192,144,0.1,50,2.2056737,-69.51075,-33.117798
24034,Library,1,4.182021,3.1565075,1.4466524,6.143577,3.1565075,2.4552627,0.9707042,1.0339321,0.11638877,44.13784,56.788486,355.18182,355.18182,192,144,0.1,50,2.2056737,-67.4986,-31.41024
24034,Library,2,3.8983703,3.2433195,1.3733139,5.859926,3.2433195,2.3819242,0.74987596,0.95555335,-0.08441123,44.622364,57.370003,350.9132,350.9132,192,144,0.1,50,2.2056737,-65.15627,-33.400005
24034,Library,3,3.9332302,3.0128427,0.7976357,5.8947864,3.0128427,1.8062459,1.1757526,1.0128456,-0.16471438,56.121162,70.80703,270.13516,270.13516,192,144,0.1,50,2.205674,-70.76119,-34.403107
24035,Studio,0,-4.116494,1.5972177,3.588234,-4.033742,1.7576668,3.3427148,-0.7999195,1.1682541,-0.3584156,62.24127,77.66626,238.51727,238.51727,192,144,0.1,50,0.33753902,40.04208,-4.7566504
24035,Studio,1,-3.7399437,1.5913075,3.4737685,-3.6571915,1.7517567,3.2282493,-0.58774805,1.1771485,-0.16704133,64.02924,79.63136,230.31735,230.31735,192,144,0.1,50,0.33753908,40.885853,-4.915356
24035,Studio,2,-4.36531,1.5862187,3.6905377,-4.282558,1.7466679,3.4450185,-0.5797806,1.0683582,-0.6161692,50.96386,64.86794,302.1475,302.1475,192,144,0.1,50,0.33753902,41.31498,-5.1606727
24035,Studio,3,-4.3841677,1.6067097,3.2229445,-4.3014154,1.7671589,2.9774253,-0.7867836,1.2755115,-0.64066046,79.064545,95.472176,174.48564,174.48564,192,144,0.1,50,0.33753905,42.956455,-3.5899146
24036,Studio,0,-3.8732355,1.6635249,-3.5351007,-3.6941695,1.9046079,-3.0173678,3.5940185,1.4511485,-0.57080305,40.015316,51.792725,395.4723,395.4723,192,144,0.1,50,0.625964,111.65174,-1.5142231
24036,Studio,1,-3.5516448,1.7234485,-3.6879752,-3.3725789,1.9645315,-3.1702423,3.9077835,1.3694682,-0.23123029,39.538128,51.209015,400.65402,400.65402,192,144,0.1,50,0.62596405,114.86329,-2.4653893
24036,Studio,2,-3.0176158,1.47351,-3.2821424,-2.8385496,1.714593,-2.7644095,3.4463937,1.5618252,-0.7838055,43.227444,55.692604,363.44815,363.44815,192,144,0.1,50,0.6259641,111.13149,0.7301297
24036,Studio,3,-4.12905,1.6962308,-3.9016078,-3.9499838,1.9373138,-3.383875,3.363626,1.5964069,-0.45064583,30.980522,40.56076,519.59015,519.59015,192,144,0.1,50,0.6259641,114.72976,-0.69330406
24037,Workshop,0,-9.827245,1.1544502,-2.0782094,-9.76914,1.3592548,-1.9809374,-2.8197246,1.1525424,-1.0604292,97.999374,113.79353,125.17866,125.17866,192,144,0.1,50,0.2362606,98.263916,-0.015437033
24037,Workshop,1,-9.406347,1.0855759,-1.636327,-9.348244,1.2903806,-1.539055,-3.0052216,1.0238352,-1.2225639,84.90846,101.31053,157.40068,157.40068,192,144,0.1,50,0.23626034,93.69841,-0.55146694
24037,Workshop,2,-9.423543,1.1775436,-2.1713326,-9.365438,1.3823483,-2.0740604,-2.495273,1.084183,-1.303122,106.31932,121.33711,107.88397,107.88397,192,144,0.1,50,0.2362606,97.142746,-0.7660417
24037,Workshop,3,-9.945414,1.2328063,-1.8521755,-9.887309,1.437611,-1.7549034,-2.929297,1.0936322,-1.3928977,81.416565,97.842636,167.3665,167.3665,192,144,0.1,50,0.23626053,93.74526,-1.1339633
24038,Workshop,0,4.605529,0.9631778,-7.072264,4.628563,1.1561565,-7.0233173,2.9662135,0.98171264,-2.898053,41.804195,53.970978,377.05728,377.05728,192,144,0.1,50,0.2076659,-158.55884,0.23680335
24038,Workshop,1,4.213495,0.95301247,-7.3537865,4.236529,1.1459912,-7.30484,2.9044042,0.9247223,-2.783894,31.245726,40.89563,514.95667,514.95667,192,144,0.1,50,0.20766586,-164.01512,-0.340974
24038,Workshop,2,4.0322876,0.78326505,-7.065571,4.0553217,0.9762438,-7.016624,2.957278,0.9160543,-2.9828048,57.226402,72.06095,263.96997,263.96997,192,144,0.1,50,0.20766604,-165.2486,1.8014916
24038,Workshop,3,4.303187,1.0653495,-6.954653,4.326221,1.2583282,-6.905706,2.9643703,1.0604857,-2.8476858,57.88592,72.80601,260.3939,260.3939,192,144,0.1,50,0.20766596,-161.94472,-0.06451214
24039,Lounge,0,-2.4562628,2.678249,3.205668,-1.3486315,2.7021127,3.2225199,-1.0448906,1.3902308,-2.9247556,40.514618,52.402294,390.1758,390.1758,192,144,0.1,50,1.1081152,12.964968,-11.571191
24039,Lounge,1,-2.5162249,2.6757758,2.958119,-1.4085935,2.6996396,2.9749708,-0.80302584,1.3530345,-3.066379,43.512608,56.036324,360.8235,360.8235,192,144,0.1,50,1.1081151,15.874273,-11.924918
24039,Lounge,2,-2.7360547,2.6005101,3.0562062,-1.6284232,2.624374,3.0730581,-1.1718397,1.3648834,-3.2331073,49.34161,62.970097,313.4991,313.4991,192,144,0.1,50,1.1081152,13.966658,-10.794254
24039,Lounge,3,-2.8140297,2.5805888,2.7743666,-1.7063984,2.6044526,2.7912185,-1.3392653,1.5109866,-2.5926178,45.157715,58.01112,346.2979,346.2979,192,144,0.1,50,1.1081152,15.364774,-10.877914
24040,Library,0,4.005081,1.5476404,-0.58952427,4.5742636,1.6050277,-0.47846666,-2.0875301,1.2899377,-0.6828651,39.33477,50.959927,402.89893,402.89893,192,144,0.1,50,0.67567503,-89.12228,-2.4217453
24040,Library,1,3.3102808,1.6726269,-0.7860157,3.8794632,1.7300141,-0.67495805,-1.737866,1.164623,-0.62538624,48.12109,61.53299,322.51166,322.51166,192,144,0.1,50,0.675675,-91.82251,-5.7435417
24040,Library,2,5.0422597,1.7312737,-1.2014636,5.611442,1.7886609,-1.090406,-2.40475,1.198431,-0.7633045,44.8399,57.630707,349.02518,349.02518,192,144,0.1,50,0.6756751,-93.367226,-4.085567
24040,Library,3,3.5361574,1.5166498,-0.6815539,4.10534,1.5740371,-0.5704963,-2.3329751,1.2655228,-0.68011695,40.513027,52.400356,390.19244,390.19244,192,144,0.1,50,0.6756751,-90.01402,-2.450063
24041,Studio,0,-2.309853,1.7513516,3.5446773,-2.2538013,1.6559303,3.6097152,-1.7536074,0.80167043,6.0423775,78.8062,95.210075,175.28914,175.28914,192,144,0.1,50,0.13197678,167.44495,-20.36141
24041,Studio,1,-1.5988691,1.9774624,3.371394,-1.5428174,1.8820411,3.436432,-2.0008922,0.6952191,6.086983,60.64419,75.89614,246.20844,246.20844,192,144,0.1,50,0.13197675,-171.57895,-25.036707
24041,Studio,2,-2.026379,1.6012275,3.980109,-1.9703274,1.5058062,4.045147,-1.754554,0.72465384,5.7134547,71.17747,87.31344,201.22064,201.22064,192,144,0.1,50,0.13197683,171.0874,-26.546984
24041,Studio,3,-2.049616,1.8948958,3.8694286,-1.9935642,1.7994745,3.9344666,-1.9725242,0.848292,5.770091,104.988754,120.14949,110.51755,110.51755,192,144,0.1,50,0.13197683,177.67734,-28.81958
24042,Training,0,-3.892396,1.1708044,-2.3265924,-1.6285257,1.1708044,-2.5872483,0.91574585,1.0205204,3.377813,40.407196,52.271255,391.30472,391.30472,192,144,0.1,50,2.2788265,139.87306,-1.1540132
24042,Training,1,-4.4153895,1.2026353,-2.9746933,-2.1515195,1.2026353,-3.2353492,1.1537576,0.87533766,3.6455126,42.3954,54.687363,371.29837,371.29837,192,144,0.1,50,2.2788262,139.92828,-2.1666272
24042,Training,2,-1.957047,1.2726879,-1.8361828,0.30682325,1.2726879,-2.0968387,0.64482886,0.96978676,3.4063418,49.046463,62.623295,315.63995,315.63995,192,144,0.1,50,2.2788265,153.6047,-2.9626594
24042,Training,3,-3.4624572,1.25393,-1.9530452,-1.1985871,1.25393,-2.2137012,1.0260022,0.8753928,3.5665636,40.7722,52.716286,387.49203,387.49203,192,144,0.1,50,2.2788265,140.88252,-3.0457454
24043,Breakroom,0,-1.8779364,0.91883075,-2.172557,-2.00567,1.011759,-2.1469748,0.06608312,0.8440863,1.9106967,47.877857,61.245644,324.3593,324.3593,192,144,0.1,50,0.1600259,154.54109,-0.9468745
24043,Breakroom,1,-1.6226556,1.1135998,-1.6658344,-1.7503893,1.2065281,-1.6402521,-0.07535778,0.9763184,2.0869715,62.60438,78.066765,236.818,236.818,192,144,0.1,50,0.1600259,157.59343,-1.93696
24043,Breakroom,2,-1.4687519,1.1068798,-2.898451,-1.5964856,1.1998081,-2.8728688,-0.08942327,0.82755995,1.6637694,46.24299,59.30625,337.25262,337.25262,192,144,0.1,50,0.16002591,163.178,-3.353963
24043,Breakroom,3,-2.1230402,0.8830145,-2.1059432,-2.250774,0.9759428,-2.080361,0.35690516,0.7359723,1.6726217,54.63711,69.11282,278.77335,278.77335,192,144,0.1,50,0.16002591,146.72234,-1.8633823
24044,OpenOffice,0,-0.023479939,2.6640704,1.5809138,2.1188703,2.6640704,1.8367493,-2.019009,0.9543589,-0.21596664,58.57464,73.58149,256.73813,256.73813,192,144,0.1,50,2.1575718,-47.998447,-32.484474
24044,OpenOffice,1,-1.0476524,3.1112401,0.6470578,1.0946978,3.1112401,0.9028933,-2.0167174,1.065315,-0.2026011,61.80162,77.180374,240.59874,240.59874,192,144,0.1,50,2.1575718,-48.756298,-57.791733
24044,OpenOffice,2,-0.18281323,2.7440193,1.3490908,1.959537,2.7440193,1.6049263,-2.1659064,0.8398224,-0.22607762,69.37178,85.39905,208.07188,208.07188,192,144,0.1,50,2.1575718,-51.539932,-36.939102
24044,OpenOffice,3,-0.36984745,2.6017356,0.11434424,1.7725028,2.6017356,0.37017977,-1.7002144,0.864781,-0.023478836,63.312275,78.845474,233.55562,233.55562,192,144,0.1,50,2.1575718,-84.08539,-52.403065
24045,Reception,0,-1.0919356,1.5935643,-2.0740414,-0.7323333,1.6275814,-1.990583,0.8285556,0.97168446,-3.0522695,105.066,120.21863,110.36337,110.36337,192,144,0.1,50,0.38512367,63.00737,-16.094875
24045,Reception,1,-1.4013519,1.6091018,-2.1926203,-1.0417496,1.6431189,-2.1091619,0.5096412,1.0970745,-3.299246,75.61209,91.941055,185.60323,185.60323,192,144,0.1,50,0.38512376,59.925552,-13.054301
24045,Reception,2,-2.0715046,1.7312083,-2.0721264,-1.7119021,1.7652254,-1.988668,0.9129267,1.1063821,-3.3720167,56.48691,71.22272,268.07047,268.07047,192,144,0.1,50,0.38512376,66.46413,-10.865493
24045,Reception,3,-0.5017093,1.5043362,-0.5312239,-0.14210695,1.5383533,-0.44776547,0.8118152,1.0980546,-3.2600956,94.5542,110.58433,132.98596,132.98596,192,144,0.1,50,0.3851237,25.703531,-7.6406536
24046,Studio,0,3.6769753,1.5581852,1.9917142,4.1229987,1.5561426,1.6214875,2.4058778,1.4424951,-1.2264543,59.05738,74.12351,254.22205,254.22205,192,144,0.1,50,0.68932205,-21.552801,-1.914998
24046,Studio,1,3.741082,1.2210715,0.9422016,4.187105,1.219029,0.5719749,2.428038,1.4819821,-1.2378285,55.4711,70.06638,273.8666,273.8666,192,144,0.1,50,0.689322,-31.060787,5.853635
24046,Studio,2,3.1975691,1.5986086,2.2488527,3.6435926,1.596566,1.8786261,2.4257746,1.5071526,-1.1221175,63.918545,79.51021,230.8131,230.8131,192,144,0.1,50,0.68932205,-12.89579,-1.514902
24046,Studio,3,3.8473701,1.4887185,2.2847342,4.2933936,1.4866759,1.9145076,2.298439,1.4071312,-1.2300155,66.15928,81.94955,221.06725,221.06725,192,144,0.1,50,0.68932205,-23.782827,-1.216872
24047,Workshop,0,-5.2811546,1.3370812,-0.9415798,1.5793905,1.3114052,1.1594207,2.2459064,1.401602,-2.8193233,38.032795,49.360435,417.81787,417.81787,192,144,0.1,50,7.504125,75.99258,0.47651574
24047,Workshop,1,-2.8527262,2.2490034,0.15264726,4.007819,2.2233274,2.2536478,1.9739361,1.4286615,-2.974498,40.431957,52.301468,391.04398,391.04398,192,144,0.1,50,7.504125,57.061207,-8.117891
24047,Workshop,2,-4.100196,1.5092301,-1.0577885,2.7603493,1.4835541,1.043212,2.4216385,1.2662747,-2.6462154,54.148773,68.55271,281.71115,281.71115,192,144,0.1,50,7.504125,76.31182,-2.0728912
24047,Workshop,3,-5.4718738,1.2631571,-1.1279966,1.3886714,1.2374811,0.973004,2.3871853,1.3369339,-2.7822742,53.64059,67.96845,284.82083,284.82083,192,144,0.1,50,7.5041246,78.11317,0.52631414
24048,Lounge,0,-1.6829715,0.8325579,1.6902936,-1.8121591,0.8738039,1.9286935,2.504622,0.75,1.6283424,101.05815,116.59994,118.58177,118.58177,192,144,0.1,50,0.27501574,89.152435,-1.1293098
24048,Lounge,1,-2.3865535,0.78027976,0.44288456,-2.515741,0.82152575,0.68128455,2.751331,0.6419813,1.8163613,92.76029,108.89237,137.22453,137.22453,192,144,0.1,50,0.27501577,104.96654,-1.4895991
24048,Lounge,2,-1.9267282,0.8064199,1.5845919,-2.0559158,0.8476659,1.8229918,2.5106769,0.787656,1.5109214,100.32971,115.93518,120.12599,120.12599,192,144,0.1,50,0.2750158,89.04885,-0.24224469
24048,Lounge,3,-2.4048483,1.0687608,0.66116667,-2.534036,1.1100067,0.89956665,2.667991,0.6608168,1.9350853,69.83416,85.89094,206.28807,206.28807,192,144,0.1,50,0.27501577,104.09692,-4.459786
24049,Training,0,-0.8237953,1.8806475,0.91646767,-4.165618,1.8806475,-2.6981428,-3.3842585,0.75,-4.813629,76.274216,92.62307,183.40524,183.40524,192,144,0.1,50,4.9227214,-24.077227,-10.2123
24049,Training,1,-0.19067127,1.8283172,1.1097419,-3.5324938,1.8283172,-2.5048685,-3.5616243,0.67666525,-4.7246594,70.17892,86.25694,204.97144,204.97144,192,144,0.1,50,4.9227214,-30.018114,-9.698905
24049,Training,2,-0.54826,1.8229382,1.1434681,-3.8900826,1.8229382,-2.4711423,-3.5796733,0.72883534,-4.7375917,56.12708,70.81377,270.10156,270.10156,192,144,0.1,50,4.9227214,-27.269005,-9.389633
24049,Training,3,-1.7100205,2.0169797,1.3325117,-5.051843,2.0169797,-2.2820988,-3.3097827,0.8668612,-4.6312904,65.93876,81.7107,222.00021,222.00021,192,144,0.1,50,4.9227214,-15.015829,-10.551275
24050,Breakroom,0,-4.8843775,1.5365092,-4.977173,-3.9046428,1.3356686,-4.1441655,-7.0893645,1.0362561,-3.440362,98.1152,113.90052,124.92336,124.92336,192,144,0.1,50,1.4131275,-124.87537,-10.543614
24050,Breakroom,1,-4.832924,1.6213204,-4.3888073,-3.853189,1.4204798,-3.5558,-6.7901583,1.1078037,-3.3836672,79.821495,96.238144,172.15642,172.15642,192,144,0.1,50,1.4131278,-117.18282,-13.137145
24050,Breakroom,2,-5.0552506,1.4059904,-5.44764,-4.075516,1.2051498,-4.6146326,-7.188936,0.9669181,-3.2490845,72.1838,88.37274,197.53194,197.53194,192,144,0.1,50,1.4131271,-135.85788,-8.155773
24050,Breakroom,3,-5.117536,1.5907253,-4.845707,-4.137801,1.3898847,-4.0126996,-7.3883243,0.9271731,-3.4325697,104.55024,119.75656,111.39577,111.39577,192,144,0.1,50,1.4131281,-121.89447,-13.933462
24051,Breakroom,0,-0.24626327,1.4617747,3.040934,-2.0888414,1.4617747,2.6175697,-0.6172895,0.75,5.64356,77.33578,93.711754,179.94797,179.94797,192,144,0.1,50,1.8905903,-171.88667,-15.1494055
24051,Breakroom,1,-0.090967506,1.3796288,2.8282413,-1.9335457,1.3796288,2.404877,-0.6475568,0.62180215,5.883063,90.66174,106.89445,142.34639,142.34639,192,144,0.1,50,1.8905903,-169.67397,-13.715357
24051,Breakroom,2,0.0253084,1.4059381,2.510475,-1.8172698,1.4059381,2.0871105,-0.45178494,0.7374455,5.679542,65.100204,80.800026,225.59914,225.59914,192,144,0.1,50,1.8905903,-171.4386,-11.782518
24051,Breakroom,3,-0.34043854,1.5023949,2.5026648,-2.1830168,1.5023949,2.0793004,-0.8978487,0.69355524,5.4715886,42.284935,54.55364,372.36273,372.36273,192,144,0.1,50,1.8905903,-169.36661,-14.989728
24052,Training,0,-4.3611374,1.1347402,2.5370264,-5.0282445,1.1708603,2.3286064,1.4170551,1.1168976,-0.7310146,88.762024,105.06814,147.14548,147.14548,192,144,0.1,50,0.85879153,60.508286,-0.1540002
24052,Training,1,-4.4091296,1.0117044,2.0974193,-5.0762367,1.0478245,1.8889992,1.1631579,1.1469274,-0.74339783,81.93437,98.36074,165.84479,165.84479,192,144,0.1,50,0.85879153,62.986988,1.2385181
24052,Training,2,-3.9891813,1.1955036,2.6050675,-4.656288,1.2316236,2.3966475,1.7024777,1.071432,-0.9340327,106.965096,121.91103,106.62229,106.62229,192,144,0.1,50,0.8587913,58.12646,-1.0605338
24052,Training,3,-4.068751,1.02882,2.8101528,-4.735858,1.0649401,2.6017327,1.1943924,1.0356568,-0.8749901,104.51053,119.72095,111.47555,111.47555,192,144,0.1,50,0.8587915,55.00109,0.060967542
24053,OpenOffice,0,1.3111739,0.9214217,3.4878964,2.401205,0.9214217,1.0019143,-0.41868314,0.9745171,-0.32680908,62.926785,78.42176,235.324,235.324,192,144,0.1,50,2.7144568,-24.392897,0.7262518
24053,OpenOffice,1,1.6089361,1.0301642,3.5240088,2.6989672,1.0301642,1.0380265,-0.17926246,0.9273028,-0.23912758,76.00518,92.34622,184.29443,184.29443,192,144,0.1,50,2.714457,-25.416521,-1.4142516
24053,OpenOffice,2,1.9614558,1.0230756,3.9236703,3.051487,1.0230756,1.4376881,-0.43760723,0.92842865,-0.20762026,49.301495,62.92299,313.7887,313.7887,192,144,0.1,50,2.7144568,-30.14397,-1.1349727
24053,OpenOffice,3,1.8146586,0.82907325,3.9576654,2.9046898,0.82907325,1.4716833,-0.66188216,1.0707439,-0.050602973,37.312363,48.4719,426.50345,426.50345,192,144,0.1,50,2.7144568,-31.710178,2.9362624
24054,Reception,0,4.0486517,2.4859269,-1.6823473,4.503791,2.4859269,1.7934394,-1.7473544,1.3887737,-0.38112068,56.45417,71.18554,268.2543,268.2543,192,144,0.1,50,3.5054593,-102.653336,-10.46445
24054,Reception,1,3.7449944,2.4944797,-1.9651074,4.200134,2.4944797,1.5106792,-1.8462433,1.3573998,-0.6572125,41.2568,53.306118,382.52994,382.52994,192,144,0.1,50,3.5054593,-103.165825,-11.200954
24054,Reception,2,4.0265236,2.4405367,-2.1503298,4.4816628,2.4405367,1.3254569,-1.4075081,1.4028456,-0.6848599,43.037228,55.463104,365.21732,365.21732,192,144,0.1,50,3.5054593,-105.09269,-10.446562
24054,Reception,3,2.8736222,2.4622097,-1.9972094,3.3287613,2.4622097,1.4785773,-1.7808974,1.327489,-0.5471817,78.611694,95.01251,175.897,175.897,192,144,0.1,50,3.5054593,-107.303444,-13.102637
24055,Conference,0,-0.5167446,1.6146159,1.9626355,-2.6483922,1.6146159,2.2421374,2.0316052,1.3963054,-2.077376,37.984318,49.300724,418.39236,418.39236,192,144,0.1,50,2.684005,32.24282,-2.6168416
24055,Conference,1,-0.57131064,1.9640825,-0.13635445,-2.7029583,1.9640825,0.14314747,1.7538799,1.428122,-1.884836,55.257076,69.82204,275.11276,275.11276,192,144,0.1,50,2.6840053,53.057804,-10.4383745
24055,Conference,2,1.3072158,1.3390939,-0.23085904,-0.8244318,1.3390939,0.048642874,2.3174703,1.5284104,-2.079108,75.53026,91.8566,185.87717,185.87717,192,144,0.1,50,2.684005,28.661055,5.135926
24055,Conference,3,-1.682166,1.7284623,1.8247035,-3.8138137,1.7284623,2.1042054,2.045644,1.2878928,-1.9061321,28.90588,37.93111,558.69934,558.69934,192,144,0.1,50,2.6840053,44.976757,-4.7751274
24056,Training,0,-0.5062742,1.6909965,1.8272412,-2.1835742,1.6909965,0.1493293,1.2124435,0.9618211,0.70694333,58.921986,73.97163,254.92392,254.92392,192,144,0.1,50,2.372493,56.90281,-19.566135
24056,Training,1,-0.16974753,1.5695308,2.1747127,-1.8470476,1.5695308,0.4968007,1.019354,1.0573946,0.4445065,53.71245,68.05115,284.3778,284.3778,192,144,0.1,50,2.3724933,34.499184,-13.70907
24056,Training,2,-0.23611721,1.7316067,1.9492476,-1.9134172,1.7316067,0.2713357,1.2037446,1.0961138,0.75098443,78.91863,95.32419,174.9389,174.9389,192,144,0.1,50,2.372493,50.232536,-18.739382
24056,Training,3,-0.06832588,1.5485337,1.9829884,-1.7456259,1.5485337,0.30507648,1.1684735,1.087551,0.48173434,63.898457,79.488205,230.90324,230.90324,192,144,0.1,50,2.372493,39.483204,-13.332891
24057,Breakroom,0,0.11005831,1.2566003,-0.09836912,-3.0211124,1.2566003,-1.9146917,-5.0933976,1.1657779,-2.09523,44.76012,57.535122,349.71558,349.71558,192,144,0.1,50,3.6198423,-69.00536,-0.93358165
24057,Breakroom,1,0.54771316,1.3936489,1.1005417,-2.5834575,1.3936489,-0.71578085,-4.80401,1.26327,-2.0646515,48.860767,62.404865,316.9993,316.9993,192,144,0.1,50,3.6198423,-59.398476,-1.2012645
24057,Breakroom,2,0.36025658,1.2167257,0.13993914,-2.770914,1.2167257,-1.6763834,-5.235857,1.1202867,-1.7678963,47.17739,60.41642,329.78033,329.78033,192,144,0.1,50,3.6198423,-71.17465,-0.93448836
24057,Breakroom,3,0.3871582,1.3582416,-0.016710594,-2.7440126,1.3582416,-1.8330332,-5.1518936,1.2031158,-1.9423487,46.201427,59.256767,337.5916,337.5916,192,144,0.1,50,3.6198423,-70.83012,-1.515285
24058,Workshop,0,1.7302692,0.83670473,2.3009129,1.6761183,0.79074615,2.2711408,-2.6082304,1.2399971,0.13723756,52.408752,66.546394,292.59024,292.59024,192,144,0.1,50,0.097467765,-63.493877,4.7552395
24058,Workshop,1,2.2699232,0.85580635,2.3430052,2.2157722,0.8098478,2.3132331,-2.4595308,1.3018918,0.27291733,60.386604,75.60932,247.48332,247.48332,192,144,0.1,50,0.09746779,-66.36095,4.9384465
24058,Workshop,2,2.766398,1.1258057,2.590204,2.7122471,1.0798471,2.560432,-2.3997421,1.3458918,-0.15548457,58.99701,74.0558,254.53464,254.53464,192,144,0.1,50,0.097467795,-62.010345,2.1543732
24058,Workshop,3,2.1178327,0.9224728,2.6138263,2.0636818,0.8765142,2.5840542,-2.2584326,1.2469676,-0.13029419,34.9795,45.578075,456.99472,456.99472,192,144,0.1,50,0.09746763,-57.910397,3.5946095
24059,Workshop,0,-0.22900867,2.9261863,1.4295366,0.112531096,2.8806248,2.3164454,-2.130665,1.2901772,0.67528754,48.900406,62.451508,316.7083,316.7083,192,144,0.1,50,1.0641901,-68.365364,-38.6494
24059,Workshop,1,0.16047621,3.0399964,1.3813547,0.50201595,2.9944348,2.2682633,-2.2553415,1.161381,0.70473564,43.176666,55.63136,363.91898,363.91898,192,144,0.1,50,1.06419,-74.35357,-36.82644
24059,Workshop,2,-0.8773836,2.8037796,1.2594088,-0.53584385,2.758218,2.1463175,-2.3975494,1.4183674,0.67201626,81.582924,98.00924,166.87589,166.87589,192,144,0.1,50,1.0641901,-68.87346,-40.367893
24059,Workshop,3,-0.036675483,2.8486319,1.6643629,0.3048643,2.8030703,2.5512717,-2.387641,1.2430733,0.8090851,45.475323,58.390774,343.6085,343.6085,192,144,0.1,50,1.0641899,-70.00869,-32.691746
24060,OpenOffice,0,-2.5216718,1.6461842,2.827183,-2.513278,1.7612553,2.8651667,-1.8249795,1.0214672,0.7992642,66.999794,82.85749,217.56113,217.56113,192,144,0.1,50,0.124887176,18.960178,-16.243185
24060,OpenOffice,1,-0.9824052,1.658164,3.099809,-0.9740114,1.7732351,3.1377926,-1.8854626,0.957292,0.9733468,61.458923,76.8009,242.2398,242.2398,192,144,0.1,50,0.12488723,-23.00977,-16.876337
24060,OpenOffice,2,-3.035214,1.5537732,2.7063437,-3.0268202,1.6688442,2.7443273,-1.6679544,1.0965705,0.567685,83.75522,100.17193,160.61685,160.61685,192,144,0.1,50,0.12488708,32.59107,-10.210495
24060,OpenOffice,3,-2.7681322,1.5875163,2.5748284,-2.7597384,1.7025874,2.612812,-2.0458221,1.0029347,0.92470574,94.74693,110.76523,132.53793,132.53793,192,144,0.1,50,0.12488721,23.640491,-17.980085
24061,Reception,0,6.328312,1.5575234,-1.0976348,4.8643665,1.5575234,-2.472693,-2.7609656,1.0282443,-3.5245008,39.304306,50.922592,403.23715,403.23715,192,144,0.1,50,2.0084624,-75.05058,-3.220081
24061,Reception,1,6.2158194,1.6662645,-1.4074079,4.751874,1.6662645,-2.782466,-2.951609,1.0518761,-3.7073193,54.798508,69.29767,277.813,277.813,192,144,0.1,50,2.0084622,-75.91638,-3.7192314
24061,Reception,2,6.5790834,1.506355,-1.2092292,5.115138,1.506355,-2.5842874,-2.963781,1.1079907,-3.7199643,44.388542,57.089527,352.96213,352.96213,192,144,0.1,50,2.0084624,-75.2595,-2.3118231
24061,Reception,3,5.405894,0.9202195,-3.0203953,3.9419484,0.9202195,-4.3954535,-2.8219213,0.92728406,-3.669382,41.736866,53.88928,377.72305,377.72305,192,144,0.1,50,2.0084624,-85.490005,0.049043063
24062,Reception,0,1.9786634,1.1712997,-5.038431,2.1556969,1.323236,-4.8647037,3.7382393,1.237029,-4.7123647,99.74435,115.39937,121.37884,121.37884,192,144,0.1,50,0.29386994,100.498375,2.10352
24062,Reception,1,1.609323,1.2748737,-4.4817986,1.7863564,1.42681,-4.308071,3.6370063,1.2680662,-4.393339,98.48634,114.24298,124.108246,124.108246,192,144,0.1,50,0.29386994,92.49799,-0.19217631
24062,Reception,2,1.8407433,1.4484326,-4.1870546,2.0177767,1.6003689,-4.013327,3.8345735,1.3738216,-4.939339,71.92751,88.10347,198.46288,198.46288,192,144,0.1,50,0.2938699,69.32819,-2.0052025
24062,Reception,3,2.0499825,1.0982865,-4.698582,2.227016,1.2502228,-4.5248547,3.7380762,1.2875239,-4.9123225,84.01637,100.43034,159.88225,159.88225,192,144,0.1,50,0.29386985,82.78381,6.3459744
24063,Coworking,0,-0.95490503,0.7996788,-0.009334087,-2.6242166,0.7996788,-2.549653,-4.315102,1.0398223,0.42884156,80.23422,96.65454,170.9019,170.9019,192,144,0.1,50,3.191673,-97.42955,4.05361
24063,Coworking,1,-0.7144484,0.8609203,0.14981252,-2.38376,0.8609203,-2.3905065,-4.10103,1.0764695,0.4557251,83.928246,100.34318,160.12973,160.12973,192,144,0.1,50,3.191673,-95.16157,3.6271229
24063,Coworking,2,-0.81907856,0.80707973,-0.23069988,-2.48839,0.80707973,-2.7710187,-4.6587963,1.0532354,0.6443045,74.5945,90.88839,189.04585,189.04585,192,144,0.1,50,3.191673,-102.83748,3.5766385
24063,Coworking,3,-1.0650996,0.76423657,-0.29796493,-2.734411,0.76423657,-2.838284,-4.3232365,1.1446252,0.31509137,94.46245,110.49813,133.19977,133.19977,192,144,0.1,50,3.191673,-100.65627,6.5453176
24064,Lounge,0,-2.3775053,1.8951942,-1.6644657,-2.3351355,1.793034,-1.6531242,-2.291751,0.96590525,1.9745321,30.28187,39.677174,532.1757,532.1757,192,144,0.1,50,0.11140289,178.65005,-14.321616
24064,Lounge,1,-1.7387125,1.9251114,-1.3624457,-1.6963427,1.8229512,-1.3511043,-2.4105978,1.0563993,1.6897376,34.144318,44.53602,468.8899,468.8899,192,144,0.1,50,0.11140291,-167.58533,-15.534055
24064,Lounge,2,-2.7835934,1.7797511,-0.87596935,-2.7412236,1.6775908,-0.8646279,-2.2335339,1.0172924,1.7241153,43.229046,55.69454,363.43332,363.43332,192,144,0.1,50,0.11140289,168.05495,-16.007872
24064,Lounge,3,-3.15787,1.2864342,0.13973808,-3.1155002,1.184274,0.15107954,-2.5282922,0.8431829,1.7962769,69.58718,85.62834,207.23831,207.23831,192,144,0.1,50,0.111402914,159.1904,-14.042805
24065,OpenOffice,0,-2.6739235,1.577146,-0.029533863,-2.6433163,1.4708426,-0.09698584,0.8462485,1.0375803,-1.2831063,71.574615,87.73213,199.75417,199.75417,192,144,0.1,50,0.13014887,70.39862,-8.216473
24065,OpenOffice,1,-2.4096682,1.6689255,-0.09664738,-2.379061,1.5626221,-0.16409937,0.69846743,1.1683264,-1.3559377,100.600044,116.18214,119.55101,119.55101,192,144,0.1,50,0.13014886,67.94421,-8.490093
24065,OpenOffice,2,-2.6802263,1.6673576,-0.5276066,-2.649619,1.5610541,-0.59505856,0.698267,1.0879467,-1.07142,69.22706,85.24485,208.63449,208.63449,192,144,0.1,50,0.13014886,80.85592,-9.610194
24065,OpenOffice,3,-2.152262,1.6495459,-0.7018118,-2.1216547,1.5432425,-0.76926374,0.73008657,1.0997078,-0.9496442,93.17746,109.28713,136.22769,136.22769,192,144,0.1,50,0.13014884,85.08563,-10.76124
24066,Coworking,0,1.2815082,1.6247352,0.78785205,1.3429352,1.8341982,0.7680575,2.8567808,0.8994171,4.3260336,72.28977,88.48398,197.14868,197.14868,192,144,0.1,50,0.22099617,156.00038,-10.607202
24066,Coworking,1,2.349176,1.9950895,0.8071781,2.4106028,2.2045524,0.78738356,2.7986505,1.0231038,4.161964,94.912315,110.92035,132.15454,132.15454,192,144,0.1,50,0.22099599,172.36896,-16.02222
24066,Coworking,2,1.2624767,1.6414547,1.3224008,1.3239037,1.8509177,1.3026063,3.183588,0.87676275,4.48259,101.06109,116.602615,118.575554,118.575554,192,144,0.1,50,0.22099611,148.70416,-11.682316
24066,Coworking,3,0.87567365,1.475448,0.7619361,0.93710065,1.684911,0.7421416,2.8179193,1.0188863,4.0368295,55.851032,70.49954,271.67603,271.67603,192,144,0.1,50,0.22099614,149.32903,-6.837711
24067,Conference,0,-3.6087158,1.1292965,2.214867,-4.7202682,1.1292965,-0.09421611,2.3457963,0.9783314,1.2211189,46.726032,59.880726,333.35458,333.35458,192,144,0.1,50,2.5626967,80.52523,-1.4325088
24067,Conference,1,-3.213492,1.2162281,2.2516494,-4.325044,1.2162281,-0.057433736,2.0401642,1.0101334,1.0052905,34.95567,45.548386,457.32648,457.32648,192,144,0.1,50,2.5626967,76.654076,-2.1858852
24067,Conference,2,-3.3769586,1.1264207,2.0398993,-4.488511,1.1264207,-0.26918396,2.6673536,0.8847805,1.4186697,50.684425,64.54204,304.05435,304.05435,192,144,0.1,50,2.5626967,84.13179,-2.2773738
24067,Conference,3,-3.4721615,1.3175428,3.1878953,-4.583714,1.3175428,0.8788122,2.336037,1.0945642,1.4924053,64.76881,80.439064,227.04428,227.04428,192,144,0.1,50,2.5626965,73.726776,-2.110524
24068,OpenOffice,0,0.54575115,0.9508655,-1.925711,0.47271726,0.9508655,-1.9525383,1.7429252,0.99818444,2.5884874,30.134863,39.490997,534.8964,534.8964,192,144,0.1,50,0.077805206,165.14697,0.58050084
24068,OpenOffice,1,0.75729907,0.87656426,-2.0882864,0.68426514,0.87656426,-2.1151137,2.0519743,0.8551992,2.8900428,34.600338,45.105385,462.326,462.326,192,144,0.1,50,0.07780527,165.42244,-0.23797402
24068,OpenOffice,2,0.8506191,0.9869283,-1.9761155,0.77758515,0.9869283,-2.0029426,1.514582,0.86471057,2.8693001,36.630188,47.6283,435.03128,435.03128,192,144,0.1,50,0.07780519,172.1974,-1.4315147
24068,OpenOffice,3,0.7820008,0.8428534,-1.2409701,0.70896685,0.8428534,-1.2677974,2.013145,0.8946665,2.7055254,56.639275,71.395676,267.21756,267.21756,192,144,0.1,50,0.077805236,162.67424,0.7180609
24069,Reception,0,-3.6199129,2.0721598,-1.263481,-3.614931,1.9752455,-1.2959718,-1.5628449,1.2430066,2.304495,88.49978,104.81469,147.82071,147.82071,192,144,0.1,50,0.102822304,150.035,-11.38288
24069,Reception,1,-4.005148,1.9865761,-1.0855576,-4.0001664,1.8896618,-1.1180483,-1.4492215,1.1386344,2.4166875,75.34732,91.66767,186.49136,186.49136,192,144,0.1,50,0.10282226,143.87817,-11.065727
24069,Reception,2,-3.0641232,2.110881,-1.4495885,-3.0591414,2.0139668,-1.4820793,-1.8210099,1.3257875,2.452602,84.5972,101.00387,158.2617,158.2617,192,144,0.1,50,0.10282228,162.32979,-10.851981
24069,Reception,3,-2.1468725,1.6593981,-1.8144383,-2.1418908,1.5624838,-1.8469291,-1.851668,1.1527492,2.002366,83.94726,100.361984,160.07631,160.07631,192,144,0.1,50,0.102822274,175.57736,-7.539076
24070,Library,0,-0.75711274,1.788181,2.8387005,-0.78945583,1.847536,3.0940952,-0.3155967,1.2274209,0.24349844,76.74079,93.10229,181.87576,181.87576,192,144,0.1,50,0.26913118,9.655163,-12.025128
24070,Library,1,-0.68816656,1.8134351,3.4174554,-0.72050965,1.8727901,3.6728501,-0.10523048,1.2679801,0.54464567,58.87973,73.924194,255.1436,255.1436,192,144,0.1,50,0.2691312,11.470433,-10.540815
24070,Library,2,-0.55334866,1.6310505,3.4309444,-0.58569175,1.6904055,3.6863391,-0.25255236,1.2164519,0.1986089,62.04039,77.44439,239.46501,239.46501,192,144,0.1,50,0.26913115,5.316548,-7.2780814
24070,Library,3,-1.1457114,1.7272234,2.404097,-1.1780546,1.7865784,2.6594918,-0.1086134,1.1132147,0.3189789,88.93406,105.23423,146.70424,146.70424,192,144,0.1,50,0.26913118,26.444876,-14.770426
24071,Studio,0,0.6085008,1.6169422,-1.6264658,-0.1659702,1.8056037,-1.9375604,2.041299,1.5019271,-2.6513948,91.92831,108.10271,139.2334,139.2334,192,144,0.1,50,0.85673165,54.42258,-3.735451
24071,Studio,1,0.8028176,1.5182527,-1.3466508,0.028346613,1.7069143,-1.6577455,2.1303735,1.6236626,-2.8150122,90.14524,106.39959,143.63544,143.63544,192,144,0.1,50,0.85673165,42.116955,3.048137
24071,Studio,2,0.7521577,1.6867385,-1.3921114,-0.022313297,1.8754001,-1.7032061,1.8805109,1.6148238,-2.5728185,87.69101,104.030975,149.92328,149.92328,192,144,0.1,50,0.8567317,43.70114,-2.5213192
24071,Studio,3,0.7481045,1.6017122,-0.9386368,-0.026366457,1.7903738,-1.2497314,1.9785308,1.6369178,-2.9250982,83.46805,99.887375,161.42896,161.42896,192,144,0.1,50,0.8567317,31.774326,0.86318946
24072,Studio,0,1.7169623,1.1488197,-2.5826712,-0.034994125,1.1488197,-1.2086605,-1.8160094,1.4364101,-2.101428,90.78923,107.01641,142.02998,142.02998,192,144,0.1,50,2.2264898,-97.7568,4.6113234
24072,Studio,1,2.0497456,1.1783422,-2.3927958,0.29778913,1.1783422,-1.0187852,-1.588202,1.5863369,-1.9471856,92.77407,108.90542,137.1915,137.1915,192,144,0.1,50,2.2264898,-96.98334,6.3518834
24072,Studio,2,1.9702574,1.2977128,-3.08245,0.21830097,1.2977128,-1.7084392,-1.749222,1.5169075,-2.2083786,67.05163,82.91335,217.34746,217.34746,192,144,0.1,50,2.2264898,-103.22446,3.2833886
24072,Studio,3,1.8727064,1.3358827,-3.7569344,0.120749936,1.3358827,-2.3829236,-1.8704689,1.3759129,-2.3517752,89.660576,105.93408,144.8556,144.8556,192,144,0.1,50,2.2264898,-110.57575,0.5736258
24073,Coworking,0,-6.1072826,0.93301994,-2.2501016,-6.163475,1.103076,-1.9769751,-4.0211773,0.75,-1.991001,91.94825,108.12168,139.1849,139.1849,192,144,0.1,50,0.3501324,97.08005,-4.975845
24073,Coworking,1,-6.3376794,0.95483387,-2.1389236,-6.393872,1.12489,-1.8657973,-4.3539953,0.84078205,-1.9782964,99.65284,115.315475,121.57567,121.57567,192,144,0.1,50,0.3501324,94.62938,-3.2798836
24073,Coworking,2,-6.1995354,0.8212505,-2.5774307,-6.255728,0.99130654,-2.3043044,-3.8541472,0.75328916,-2.0581596,86.1435,102.522644,154.03392,154.03392,192,144,0.1,50,0.35013235,102.483955,-1.62055
24073,Coworking,3,-6.427347,0.8734076,-2.5368,-6.4835396,1.0434636,-2.2636733,-3.965164,0.8590239,-1.7511095,81.96601,98.39235,165.75232,165.75232,192,144,0.1,50,0.35013258,107.69805,-0.318868
24074,Studio,0,5.7442665,2.499658,-1.5582712,5.934425,2.6903524,-1.4562229,7.306727,1.55,-1.9682034,98.24669,114.02192,124.63405,124.63405,192,144,0.1,50,0.34243774,75.29903,-30.451252
24074,Studio,1,5.201417,2.7259424,-1.2590535,5.3915753,2.9166367,-1.1570052,7.151881,1.5804201,-2.1741307,87.79219,104.129196,149.65855,149.65855,192,144,0.1,50,0.34243774,64.865974,-27.999546
24074,Studio,2,4.8954372,2.363584,-3.7336776,5.085595,2.5542784,-3.6316295,7.3412385,1.6253448,-1.7775931,76.03659,92.37857,184.19034,184.19034,192,144,0.1,50,0.34243742,128.65186,-13.263811
24074,Studio,3,4.6682615,2.166556,-1.6555537,4.85842,2.3572502,-1.5535054,7.4179983,1.5071433,-1.7942897,68.03587,83.97139,213.3447,213.3447,192,144,0.1,50,0.3424378,87.11163,-13.468898
24075,Training,0,-6.927153,1.5088221,-3.7399645,-7.584141,1.5892434,-3.6556664,-8.5198555,1.1947258,0.03530915,100.97673,116.52575,118.75356,118.75356,192,144,0.1,50,0.7210591,-157.12622,-4.383485
24075,Training,1,-7.8174477,1.8190967,-3.073925,-8.474435,1.899518,-2.989627,-8.429729,1.212083,-0.10781813,95.27822,111.26309,131.30992,131.30992,192,144,0.1,50,0.72105867,-168.33649,-11.333306
24075,Training,2,-7.4350624,1.7032423,-4.468152,-8.092051,1.7836636,-4.383854,-8.381836,1.1028649,-0.17219627,81.252075,97.67777,167.85326,167.85326,192,144,0.1,50,0.7210597,-167.57143,-7.771654
24075,Training,3,-7.1293983,1.4804909,-3.964445,-7.786386,1.5609123,-3.880147,-8.324517,1.1398181,0.10382642,87.58888,103.93179,150.19098,150.19098,192,144,0.1,50,0.721059,-163.62903,-4.5935
24076,Lounge,0,-1.0898123,1.6456237,-3.1916106,0.898008,1.5208571,-2.624007,-2.2253852,0.75,-2.5445738,57.662014,72.55333,261.59958,261.59958,192,144,0.1,50,2.11173,-119.67401,-34.42147
24076,Lounge,1,-1.4991529,1.5649048,-3.1573822,0.4886673,1.4401382,-2.5897787,-2.347771,0.7001123,-2.2371306,70.45986,86.554726,203.90678,203.90678,192,144,0.1,50,2.11173,-137.31903,-34.638134
24076,Lounge,2,-1.449686,1.7016839,-2.9733658,0.5381342,1.5769173,-2.4057622,-2.426166,0.6567499,-2.3101196,51.38622,65.35973,299.30203,299.30203,192,144,0.1,50,2.1117299,-124.18519,-41.51579
24076,Lounge,3,-0.658782,1.8170019,-2.9656987,1.3290383,1.6922354,-2.3980951,-2.1991804,0.88707817,-2.4333467,47.36894,60.643433,328.2829,328.2829,192,144,0.1,50,2.11173,-109.06483,-29.708124
24077,Training,0,3.552578,1.2858498,0.53187156,3.5361335,1.3475821,0.71913815,-4.7407036,1.019426,1.7135197,100.68111,116.256134,119.379036,119.379036,192,144,0.1,50,0.20050487,-98.10907,-1.821624
24077,Training,1,4.5110297,1.5035192,1.4188768,4.494585,1.5652515,1.6061434,-4.848382,1.0713016,1.4358437,59.240265,74.32852,253.27856,253.27856,192,144,0.1,50,0.20050485,-90.10387,-2.6440363
24077,Training,2,3.6880133,1.2558879,0.09083742,3.6715689,1.3176202,0.278104,-4.4926414,1.0622833,2.0100951,94.67855,110.701065,132.69673,132.69673,192,144,0.1,50,0.20050482,-103.20333,-1.3198926
24077,Training,3,4.7699785,0.8616975,-0.1622116,4.7535343,0.9234298,0.025054991,-4.743065,0.9981195,1.6147814,64.93163,80.616486,226.33261,226.33261,192,144,0.1,50,0.20050482,-100.58066,0.80762756
24078,Conference,0,7.8261714,0.88149285,-2.4770384,7.8881154,0.9894003,-2.4214334,3.5865343,0.8234607,-1.9611568,84.97311,101.37417,157.22249,157.22249,192,144,0.1,50,0.13700642,-96.93768,-0.7784744
24078,Conference,1,8.474552,0.999681,-2.7276852,8.536495,1.1075885,-2.6720803,3.3469183,0.6944516,-2.066016,46.266403,59.334126,337.0619,337.0619,192,144,0.1,50,0.13700603,-97.35281,-3.3786423
24078,Conference,2,8.114231,0.9576378,-2.6944273,8.176174,1.0655453,-2.6388223,3.2905748,0.94778144,-1.679078,70.443886,86.53781,203.96713,203.96713,192,144,0.1,50,0.13700606,-101.88687,-0.11456379
24078,Conference,3,8.283827,1.0593837,-2.7231221,8.345771,1.1672912,-2.6675172,3.6317492,0.80656964,-1.8580649,87.9437,104.27617,149.26306,149.26306,192,144,0.1,50,0.1370064,-100.53388,-3.0583184
24079,Workshop,0,0.36098337,2.0148766,-4.391541,-1.6960969,2.0148766,-4.8007503,1.3818307,0.9775683,-2.9270613,43.150135,55.599354,364.1654,364.1654,192,144,0.1,50,2.0973868,145.12074,-30.159586
24079,Workshop,1,1.5392497,1.9085612,-4.3830624,-0.5178306,1.9085612,-4.7922716,1.6517789,1.043091,-2.7687197,54.676483,69.15793,278.53857,278.53857,192,144,0.1,50,2.0973868,176.0126,-28.138554
24079,Workshop,2,0.6421498,2.094468,-4.5150676,-1.4149305,2.094468,-4.924277,1.0555742,0.92543876,-2.959232,51.521996,65.51763,298.3965,298.3965,192,144,0.1,50,2.0973868,165.11896,-35.986523
24079,Workshop,3,-0.20349133,1.9796591,-4.37617,-2.2605715,1.9796591,-4.7853794,1.7073152,0.9520043,-3.198906,37.43488,48.62318,425.00363,425.00363,192,144,0.1,50,2.0973868,121.63758,-24.60229
24080,Workshop,0,0.42185402,1.7769041,-4.03715,0.90112597,1.8845422,-3.9644907,-0.4202741,0.988346,-1.9296048,87.55458,103.89847,150.28099,150.28099,192,144,0.1,50,0.5224253,-158.21945,-19.159733
24080,Workshop,1,-0.48270792,1.7274373,-4.285818,-0.0034359694,1.8350754,-4.213159,-0.36761376,1.1383215,-1.7753215,89.24379,105.532906,145.91321,145.91321,192,144,0.1,50,0.52242523,177.3751,-13.192775
24080,Workshop,2,-1.1917721,1.7307328,-4.893892,-0.71250015,1.8383709,-4.8212323,-0.23344225,0.8867947,-1.8590788,85.14821,101.54641,156.74097,156.74097,192,144,0.1,50,0.52242535,162.47499,-14.851782
24080,Workshop,3,0.19258878,1.6090311,-4.6123586,0.6718607,1.7166692,-4.539699,-0.40605375,0.89385283,-2.160818,78.62786,95.02895,175.84637,175.84637,192,144,0.1,50,0.5224253,-166.27748,-15.822677
24081,OpenOffice,0,0.9175353,1.6765848,2.3200417,2.5439262,1.6765848,0.5455725,-0.19024292,1.009667,0.863747,36.56502,47.547592,435.86203,435.86203,192,144,0.1,50,2.4070497,-37.25962,-20.02613
24081,OpenOffice,1,1.2162514,1.7859117,2.3376224,2.8426423,1.7859117,0.5631532,0.11783475,0.86870223,0.66130596,45.37299,58.26851,344.47116,344.47116,192,144,0.1,50,2.4070497,-33.235065,-24.591608
24081,OpenOffice,2,1.2640052,1.6141214,2.2333336,2.890396,1.6141214,0.45886445,-0.006265998,1.0885843,0.82109624,36.99714,48.08235,430.4063,430.4063,192,144,0.1,50,2.4070497,-41.970566,-15.465437
24081,OpenOffice,3,0.9303616,1.6748935,1.8445284,2.5567524,1.6748935,0.07005936,0.016664267,1.0860871,0.6723249,43.101444,55.540604,364.61838,364.61838,192,144,0.1,50,2.4070497,-37.93534,-21.612099
24082,Breakroom,0,1.945099,1.289316,-0.9483242,0.4426391,1.289316,-3.377999,2.9410017,1.372679,-2.948367,88.97183,105.27068,146.60753,146.60753,192,144,0.1,50,2.894113,26.47058,2.1367671
24082,Breakroom,1,2.0471108,1.3201928,-1.2106059,0.54465103,1.3201928,-3.6402807,2.914722,1.2879615,-3.045901,79.89124,96.30858,171.94366,171.94366,192,144,0.1,50,2.8941128,25.301815,-0.90962005
24082,Breakroom,2,2.1933582,1.3700637,-0.804844,0.69089836,1.3700637,-3.234519,2.9849505,1.5072488,-2.9635353,91.59205,107.78266,140.05331,140.05331,192,144,0.1,50,2.894113,20.137993,3.4145079
24082,Breakroom,3,2.2337148,1.2413055,-0.38160193,0.73125494,1.2413055,-2.811277,2.6752293,1.4501688,-3.0941625,85.98156,102.364136,154.47093,154.47093,192,144,0.1,50,2.894113,9.244772,4.3460374
24083,Workshop,0,-4.848832,0.98392475,-1.1334696,-2.4835792,0.98392475,0.99400616,0.05258324,1.0448391,-4.667527,39.181442,50.771988,404.60632,404.60632,192,144,0.1,50,3.1812851,54.207344,0.5775659
24083,Workshop,1,-4.475956,1.0893083,-1.135707,-2.1107032,1.0893083,0.9917687,-0.29237166,1.1135318,-4.876616,36.866955,47.921337,432.037,432.037,192,144,0.1,50,3.181285,48.19731,0.24730048
24083,Workshop,2,-4.8960156,0.94765383,-0.8771398,-2.5307627,0.94765383,1.2503359,0.3059553,0.9113775,-4.7757645,40.009388,51.785477,395.53595,395.53595,192,144,0.1,50,3.1812851,53.150223,-0.31972605
24083,Workshop,3,-4.582989,0.938908,-1.0194741,-2.2177362,0.938908,1.1080016,-0.11364987,0.94937366,-4.396878,58.3104,73.28427,258.1314,258.1314,192,144,0.1,50,3.1812851,52.92228,0.10704105
24084,Training,0,-3.4980545,1.2302233,-3.23588,-3.3256428,1.4590724,-3.161579,-5.744231,1.0345613,-4.092697,78.59432,94.994865,175.9514,175.9514,192,144,0.1,50,0.303389,-69.12035,-4.652966
24084,Training,1,-3.2380352,1.2079744,-3.264141,-3.0656235,1.4368235,-3.18984,-5.5702243,1.0367407,-3.7566104,64.02403,79.62566,230.34065,230.34065,192,144,0.1,50,0.30338904,-78.07648,-4.108943
24084,Training,2,-3.254684,1.2451351,-3.5580876,-3.0822725,1.4739841,-3.4837866,-5.9385786,1.0943596,-3.7835903,104.78709,119.96889,110.92078,110.92078,192,144,0.1,50,0.3033889,-85.19725,-3.204108
24084,Training,3,-3.5492756,1.2081941,-3.49362,-3.376864,1.4370432,-3.419319,-5.4940896,0.88568217,-4.4169865,76.96278,93.329895,181.15355,181.15355,192,144,0.1,50,0.303389,-64.60238,-8.519819
24085,Workshop,0,4.6064487,1.7598069,2.48163,4.642898,1.888618,2.5196822,2.2757869,1.4297307,-2.1815681,46.053055,59.080032,338.80652,338.80652,192,144,0.1,50,0.14049625,-26.555836,-3.6228766
24085,Workshop,1,3.7895124,2.4067297,0.82612395,3.8259618,2.5355408,0.86417603,2.3780322,1.5729207,-2.2228415,67.00273,82.86065,217.54903,217.54903,192,144,0.1,50,0.14049624,-24.841183,-13.937512
24085,Workshop,2,4.985553,1.5186424,1.8627532,5.022002,1.6474535,1.9008052,1.9680426,1.342208,-2.0723457,37.67888,48.924244,422.04474,422.04474,192,144,0.1,50,0.14049627,-37.48169,-2.0376997
24085,Workshop,3,4.5304794,1.7539157,2.1631043,4.566929,1.8827268,2.2011564,2.617343,1.3231107,-2.4539702,48.21894,61.64849,321.77335,321.77335,192,144,0.1,50,0.14049624,-22.507221,-4.926709
24086,Workshop,0,3.3730884,1.7864159,-1.6064141,3.3974538,1.7232684,-1.6283919,-3.254781,0.99346894,1.321354,52.003014,66.07622,295.22403,295.22403,192,144,0.1,50,0.07121491,-113.83277,-6.245401
24086,Workshop,1,0.731338,1.809146,-0.4104681,0.75570345,1.7459985,-0.43244588,-3.1309254,0.91997707,1.0096077,60.220684,75.42439,248.30971,248.30971,192,144,0.1,50,0.071214914,-110.18745,-12.192845
24086,Workshop,2,2.0309963,1.4661448,-1.7198092,2.0553617,1.4029973,-1.741787,-3.2975037,0.881706,1.4752073,86.773445,103.13804,152.34644,152.34644,192,144,0.1,50,0.071214914,-120.94728,-5.3738565
24086,Workshop,3,3.3027828,1.8343995,-1.8886065,3.3271482,1.7712519,-1.9105843,-3.2046556,1.1363833,1.0931413,75.53836,91.86495,185.85002,185.85002,192,144,0.1,50,0.07121493,-114.617546,-5.5695853
24087,Coworking,0,-2.7425954,1.0631299,3.8448443,-1.687979,1.0631299,-1.4189992,-4.1914334,1.0240304,-2.963139,31.663774,41.4229,507.80634,507.80634,192,144,0.1,50,5.669964,-12.014142,-0.3218488
24087,Coworking,1,-3.394221,1.2649845,3.8158722,-2.3396046,1.2649845,-1.4479715,-4.4276094,1.1220791,-3.1786509,46.471504,59.57818,335.39902,335.39902,192,144,0.1,50,5.6699643,-8.404226,-1.1578839
24087,Coworking,2,-2.8533437,1.1796337,4.1542635,-1.7987274,1.1796337,-1.1095798,-4.1924953,0.9441737,-3.001604,33.444374,43.6603,479.3026,479.3026,192,144,0.1,50,5.6699634,-10.599748,-1.8524714
24087,Coworking,3,-3.0063126,1.1820457,3.422384,-1.9516962,1.1820457,-1.8414595,-4.047036,0.91837716,-2.6256661,41.490467,53.590107,380.17697,380.17697,192,144,0.1,50,5.6699643,-9.763604,-2.4601533
24088,Training,0,3.2120423,0.84990245,2.9534945,3.2224653,0.9857337,2.8326955,-2.3303452,1.4684241,1.9067904,33.366173,43.562332,480.49225,480.49225,192,144,0.1,50,0.18696138,-79.3054,6.258049
24088,Training,1,2.9022286,0.77226996,2.9914615,2.9126515,0.9081012,2.8706625,-2.107364,1.5988704,1.6057773,35.19101,45.841473,454.06912,454.06912,192,144,0.1,50,0.18696135,-74.53823,9.03618
24088,Training,2,3.0699048,1.0697575,2.2001772,3.0803277,1.2055887,2.0793781,-2.6097333,1.5906274,2.0105622,37.949356,49.257656,418.80753,418.80753,192,144,0.1,50,0.18696143,-88.08788,5.236941
24088,Training,3,3.404835,0.75179964,3.2962084,3.415258,0.8876309,3.1754093,-2.540356,1.3793911,1.9316437,42.55093,54.875538,369.80872,369.80872,192,144,0.1,50,0.18696141,-77.073135,5.874351
24089,Library,0,-1.4488325,1.863097,-2.7115078,-1.4802608,1.8972588,-2.7117555,-2.2368186,1.1922823,-1.1791781,61.55955,76.91239,241.75623,241.75623,192,144,0.1,50,0.047303297,-152.78593,-21.271685
24089,Library,1,0.77948475,2.2902792,-2.1462784,0.7480564,2.324441,-2.1465263,-2.4561214,1.2099291,-1.1033163,34.31317,44.746952,466.4397,466.4397,192,144,0.1,50,0.04730331,-107.86616,-17.62986
24089,Library,2,-1.0379494,1.9670876,-2.5549798,-1.0693778,2.0012493,-2.5552275,-2.5556455,1.0530119,-1.3430904,56.669476,71.42994,267.049,267.049,192,144,0.1,50,0.04730322,-128.60757,-25.203705
24089,Library,3,-1.7479912,1.9440016,-2.6533427,-1.7794195,1.9781634,-2.6535904,-2.117856,1.2808225,-0.8601943,77.51875,93.8988,179.36015,179.36015,192,144,0.1,50,0.047303297,-168.3453,-19.911173
24090,Reception,0,-2.0344746,1.4542948,-3.808006,-2.5177352,1.4542948,-1.5025959,3.1659627,0.9573325,-4.8184576,35.27965,45.951805,452.85312,452.85312,192,144,0.1,50,2.3555164,79.00437,-5.359079
24090,Reception,1,-1.7648083,1.5154153,-3.7173338,-2.2480688,1.5154153,-1.4119238,2.8996613,1.0861316,-4.680896,36.096203,46.96644,441.92368,441.92368,192,144,0.1,50,2.355516,78.32831,-5.1501374
24090,Reception,2,-1.5296276,1.3531963,-3.688754,-2.0128882,1.3531963,-1.3833439,2.9955146,1.0410401,-5.042537,47.85002,61.21274,324.5719,324.5719,192,144,0.1,50,2.3555164,73.34444,-3.781092
24090,Reception,3,-1.9878271,1.445191,-4.110169,-2.4710877,1.445191,-1.8047588,3.0189261,0.979681,-4.8051443,49.752926,63.452614,310.55545,310.55545,192,144,0.1,50,2.3555164,82.097404,-5.261725
24091,OpenOffice,0,-4.974198,1.5011721,0.9802184,-5.0076737,1.6812413,1.0361162,-4.3626447,1.0171905,4.1894846,65.01136,80.703316,225.98528,225.98528,192,144,0.1,50,0.19388577,169.21115,-8.426617
24091,OpenOffice,1,-3.8111577,1.7142173,0.8423646,-3.8446336,1.8942865,0.89826244,-4.707846,1.0082543,3.9082093,69.69507,85.74309,206.82251,206.82251,192,144,0.1,50,0.19388577,-163.69702,-12.462504
24091,OpenOffice,2,-2.9191048,1.8147323,1.862532,-2.9525807,1.9948015,1.9184299,-4.295791,1.1076369,4.033199,69.83062,85.88717,206.30167,206.30167,192,144,0.1,50,0.19388577,-147.6162,-15.381014
24091,OpenOffice,3,-3.8000553,1.5949425,0.29391056,-3.8335311,1.7750117,0.3498084,-4.1123514,1.11178,4.197406,41.49238,53.592426,380.1578,380.1578,192,144,0.1,50,0.19388579,-175.42584,-7.0337553
24092,Reception,0,-4.870581,1.1861893,3.800637,-4.71919,1.1861893,6.068053,-6.388685,0.9949147,5.951494,64.81665,80.49122,226.83482,226.83482,192,144,0.1,50,2.2724643,-144.78503,-4.1555157
24092,Reception,1,-3.8660808,0.92646974,4.924668,-3.7146897,0.92646974,7.192084,-6.608223,0.9011198,6.2288313,44.981846,57.800674,347.80258,347.80258,192,144,0.1,50,2.2724645,-115.43577,-0.47832072
24092,Reception,2,-4.852427,1.2416766,4.1508136,-4.701036,1.2416766,6.4182296,-6.734852,1.0865433,5.6730957,78.72823,95.130905,175.5325,175.5325,192,144,0.1,50,2.2724645,-128.96182,-3.666513
24092,Reception,3,-4.1740036,1.4756964,4.4126334,-4.0226126,1.4756964,6.680049,-6.1049685,1.0935261,5.704618,56.008068,70.67834,270.77863,270.77863,192,144,0.1,50,2.272464,-123.785995,-9.341085
24093,Coworking,0,-0.19669008,0.82870454,-2.3830104,-0.21408658,0.9001953,-2.417304,0.6861597,1.0423987,1.4954033,44.508457,57.233406,351.90878,351.90878,192,144,0.1,50,0.081179015,167.17618,3.075204
24093,Coworking,1,-0.02246496,0.8614596,-2.6056032,-0.039861456,0.9329504,-2.6398969,0.5396196,1.1805124,1.7268517,36.309093,47.23047,439.15234,439.15234,192,144,0.1,50,0.08117901,172.60785,4.176921
24093,Coworking,2,0.14409319,0.9133382,-1.0719992,0.12669669,0.98482895,-1.1062928,0.93536663,0.99433714,1.5853721,52.60044,66.76823,291.35904,291.35904,192,144,0.1,50,0.08117901,163.41829,1.6733214
24093,Coworking,3,0.21232408,0.8183064,-2.5439658,0.19492759,0.88979715,-2.5782595,1.0330279,1.0920933,1.7934766,29.53685,38.732735,546.2368,546.2368,192,144,0.1,50,0.08117903,169.28552,3.5490115
24094,Library,0,-1.122802,1.9739201,-7.650735,-1.1576517,1.8463931,-7.71684,0.014356017,0.8748757,0.8890958,48.919666,62.47417,316.56708,316.56708,192,144,0.1,50,0.15528029,172.41515,-7.269967
24094,Library,1,-1.7171439,1.6535122,-8.835466,-1.7519935,1.5259852,-8.901571,0.2175701,1.0018972,0.81094295,33.004745,43.109165,486.06195,486.06195,192,144,0.1,50,0.15528029,168.65906,-3.7892258
24094,Library,2,-1.3505559,2.057936,-8.082615,-1.3854055,1.930409,-8.14872,0.17956915,1.0001473,0.89569056,60.71677,75.97688,245.85101,245.85101,192,144,0.1,50,0.15528028,170.32831,-6.6247377
24094,Library,3,-0.8680922,1.8512926,-7.181674,-0.9029418,1.7237656,-7.247779,-0.11019848,0.73635304,1.0689037,44.383144,57.08305,353.00967,353.00967,192,144,0.1,50,0.15528026,174.75157,-7.664147
24095,Reception,0,2.074947,1.5301858,2.4673376,2.1193933,1.3836601,2.5582774,-2.16616,1.2756885,0.5308579,37.689293,48.937084,421.91928,421.91928,192,144,0.1,50,0.188119,-65.45867,-3.1244657
24095,Reception,1,2.0064642,1.5635287,2.7718518,2.0509105,1.4170029,2.8627915,-2.034668,1.1920888,0.6076225,38.66016,50.13217,410.50848,410.50848,192,144,0.1,50,0.18811907,-61.82871,-4.632361
24095,Reception,2,0.063657045,1.9472787,2.1890697,0.108103275,1.8007529,2.2800095,-2.4580436,1.3051977,0.8681611,57.770752,72.67607,261.013,261.013,192,144,0.1,50,0.18811908,-62.353706,-12.710469
24095,Reception,3,0.7844373,1.864665,1.4142407,0.8288835,1.7181392,1.5051805,-1.9631406,1.1968391,0.2429736,64.41334,80.051216,228.6091,228.6091,192,144,0.1,50,0.1881191,-66.911896,-12.603548
24096,OpenOffice,0,1.3614116,1.7945415,-1.0207195,-0.71470857,1.7945415,-1.6927376,1.6950264,1.245354,-2.6806808,73.32898,89.57162,193.4409,193.4409,192,144,0.1,50,2.182174,11.363774,-17.970867
24096,OpenOffice,1,2.1156504,1.7619725,-1.0124892,0.039530337,1.7619725,-1.6845073,2.0304625,1.144496,-2.6261256,74.102646,90.377625,190.73872,190.73872,192,144,0.1,50,2.182174,-3.0219824,-20.913328
24096,OpenOffice,2,1.5656309,1.784823,-0.40277648,-0.5104892,1.784823,-1.0747945,1.6977541,1.2042654,-2.6897676,83.91663,100.33169,160.16238,160.16238,192,144,0.1,50,2.182174,3.306396,-14.221035
24096,OpenOffice,3,0.4978903,2.042309,-0.51616126,-1.5782299,2.042309,-1.1881793,1.9180534,1.359553,-2.7136734,63.30264,78.83489,233.59958,233.59958,192,144,0.1,50,2.182174,32.87295,-14.62494
24097,Library,0,0.27295342,1.2957685,-3.4144862,2.0439024,1.2957685,-1.3080876,1.8887239,1.2126503,2.825159,44.933212,57.74244,348.22067,348.22067,192,144,0.1,50,2.7519403,165.48203,-0.7388243
24097,Library,1,-0.023156613,1.4195515,-3.0963793,1.7477924,1.4195515,-0.9899807,1.8048598,1.2879152,2.631365,62.879337,78.36955,235.54303,235.54303,192,144,0.1,50,2.7519403,162.29947,-1.2542454
24097,Library,2,0.78006077,1.1351053,-3.491766,2.5510097,1.1351053,-1.3853673,1.9951586,1.0627918,2.709068,56.058914,70.7362,270.48904,270.48904,192,144,0.1,50,2.7519403,168.91296,-0.65567756
24097,Library,3,1.1394593,1.4495779,-3.569416,2.9104083,1.4495779,-1.4630175,1.8097775,1.192663,2.5722566,49.577007,63.246357,311.80884,311.80884,192,144,0.1,50,2.7519403,173.77124,-2.3812437
24098,Studio,0,-3.9600778,0.82327175,-5.00875,-3.9695282,0.7324394,-5.096953,1.189685,1.0558167,-0.46450755,30.798553,40.330814,522.8145,522.8145,192,144,0.1,50,0.13183764,131.42575,1.939232
24098,Studio,1,-4.0562515,0.9185096,-4.763122,-4.065702,0.82767725,-4.851325,1.2035916,1.163186,-0.4778276,30.362627,39.77941,530.6921,530.6921,192,144,0.1,50,0.13183776,129.17036,2.0654156
24098,Studio,2,-3.7472394,0.8928987,-4.749498,-3.7566898,0.8020663,-4.837701,1.3316061,1.0914568,-0.7079145,44.768948,57.54569,349.6391,349.6391,192,144,0.1,50,0.13183768,128.51166,1.7522008
24098,Studio,3,-4.227111,0.8518168,-5.052088,-4.2365613,0.7609844,-5.1402907,0.9094876,1.1630995,-0.15083373,36.07126,46.935486,442.2505,442.2505,192,144,0.1,50,0.13183758,133.6569,2.5104668
24099,Coworking,0,-3.556059,2.3632696,-1.4531941,-2.8417096,2.3632696,1.011183,3.5910945,1.0091357,-0.85421115,45.945,58.95125,339.69598,339.69598,192,144,0.1,50,2.5658233,94.7906,-10.691753
24099,Coworking,1,-3.9662704,2.2654293,-1.2649722,-3.2519212,2.2654293,1.199405,3.6592307,0.8665924,-0.72891974,63.752018,79.32782,231.56174,231.56174,192,144,0.1,50,2.5658233,94.021126,-10.369844
24099,Coworking,2,-3.3842158,2.2837503,-1.0689642,-2.6698666,2.2837503,1.3954129,3.3074236,1.0937105,-0.6630404,40.83021,52.786953,386.8921,386.8921,192,144,0.1,50,2.5658233,93.47138,-10.065918
24099,Coworking,3,-4.023062,2.448907,-2.2753844,-3.3087132,2.448907,0.1889928,3.4142427,1.1559254,-0.79589707,48.221592,61.65162,321.75336,321.75336,192,144,0.1,50,2.5658233,101.250854,-9.676433
24100,Coworking,0,2.010036,1.7102106,-0.9853463,2.0029893,1.8139517,-0.15844744,-0.2096777,1.0538738,1.1260949,73.637665,89.89359,192.35693,192.35693,192,144,0.1,50,0.87358195,-133.56798,-12.092302
24100,Coworking,1,0.35081744,1.4271033,-1.3873324,0.34377074,1.5308444,-0.5604335,-0.5480329,0.9356731,1.3434796,83.81515,100.231255,160.44795,160.44795,192,144,0.1,50,0.873582,-161.78098,-9.700157
24100,Coworking,2,1.7754382,1.6210229,-1.0739555,1.7683915,1.7247641,-0.24705665,-0.16220063,0.92354375,0.9219057,85.7574,102.144516,155.07802,155.07802,192,144,0.1,50,0.87358207,-135.848,-14.0760145
24100,Coworking,3,1.370263,1.5363195,-0.7878249,1.3632163,1.6400607,0.039073944,-0.29209414,1.1524405,0.95864785,97.165924,113.02193,127.029205,127.029205,192,144,0.1,50,0.873582,-136.41354,-9.046167
24101,Coworking,0,-0.9938575,1.5357338,1.3118348,-0.9444359,1.639066,1.3390957,0.156713,0.75,1.9877567,51.22432,65.17133,300.38757,300.38757,192,144,0.1,50,0.12869379,120.43282,-30.490402
24101,Coworking,1,-1.1848559,1.6515381,1.7174635,-1.1354344,1.7548703,1.7447245,0.21548413,0.7323098,2.0731165,47.826565,61.18502,324.7512,324.7512,192,144,0.1,50,0.12869376,104.250465,-32.465866
24101,Coworking,2,-0.98677194,1.3761178,0.4087041,-0.93735033,1.47945,0.435965,0.18386291,0.73976827,1.6805416,46.715164,59.867817,333.44144,333.44144,192,144,0.1,50,0.1286938,137.37267,-20.210495
24101,Coworking,3,-1.3301593,1.6269329,1.3561885,-1.2807376,1.7302651,1.3834494,0.15397228,0.89331996,1.696569,32.417732,42.371952,495.36514,495.36514,192,144,0.1,50,0.12869392,102.917206,-25.724567
24102,Training,0,-2.565672,1.3222189,4.1303997,-1.1137103,1.0866461,3.660574,-4.5473747,0.9544507,1.1922181,40.1355,51.939568,394.18582,394.18582,192,144,0.1,50,1.5556936,-33.998314,-5.9244676
24102,Training,1,-3.3133054,1.6729406,3.070208,-1.8613436,1.4373678,2.6003823,-4.4270115,0.84735566,1.1186695,57.442753,72.30562,262.7886,262.7886,192,144,0.1,50,1.5556936,-29.712584,-20.174469
24102,Training,2,-3.0009599,1.3324581,4.385183,-1.5489984,1.0968853,3.915357,-4.224668,0.8088282,1.4786739,43.18664,55.643394,363.8264,363.8264,192,144,0.1,50,1.5556935,-22.83223,-9.427464
24102,Training,3,-2.5738757,1.4607886,4.6405706,-1.1219141,1.2252158,4.170745,-4.301398,0.9079619,1.4364284,53.021896,67.25525,288.68118,288.68118,192,144,0.1,50,1.5556935,-28.331451,-8.635425
24103,Coworking,0,-3.2301774,0.95384675,1.1058817,-3.19769,1.1926613,1.1349863,-1.6861073,1.3347675,1.6342647,78.400795,94.7981,176.55893,176.55893,192,144,0.1,50,0.24290478,108.89102,13.138238
24103,Coworking,1,-3.2278135,0.808608,0.5121133,-3.195326,1.0474225,0.54121786,-1.6949912,1.3276653,1.4120822,80.88866,97.31304,168.93445,168.93445,192,144,0.1,50,0.24290477,120.41856,16.27866
24103,Coworking,2,-3.1565297,1.002768,0.799605,-3.1240423,1.2415825,0.8287096,-1.5348197,1.3730572,1.697556,61.309856,76.635635,242.95882,242.95882,192,144,0.1,50,0.24290477,118.97358,11.296445
24103,Coworking,3,-3.1343293,0.9511087,0.31322706,-3.101842,1.1899232,0.34233165,-1.4340068,1.1945218,1.879594,66.37354,82.181366,220.166,220.166,192,144,0.1,50,0.24290474,132.65181,6.010515
24104,Library,0,-0.2819879,2.0890615,2.0686538,-0.101398826,2.0890615,-1.2003117,-1.721221,0.77537733,-1.612675,57.565662,72.44451,262.12103,262.12103,192,144,0.1,50,3.2739499,-21.35325,-18.38443
24104,Library,1,-0.58641124,1.941122,1.6637229,-0.40582216,1.941122,-1.6052426,-2.0513322,0.8630043,-1.4774659,89.48208,105.76237,145.3076,145.3076,192,144,0.1,50,3.2739499,-25.002409,-17.278648
24104,Library,2,-0.48109847,2.1654682,1.619035,-0.3005094,2.1654682,-1.6499305,-1.7230737,0.7628093,-1.5393636,73.3579,89.60181,193.339,193.339,192,144,0.1,50,3.2739499,-21.466213,-22.455238
24104,Library,3,0.24890399,1.9299183,1.1919842,0.42949307,1.9299183,-2.0769813,-2.049707,0.7974813,-1.387228,64.69021,80.35337,227.38895,227.38895,192,144,0.1,50,3.2739499,-41.707638,-18.148233
24105,OpenOffice,0,-1.601574,1.5110157,-3.780992,-1.66114,1.3572377,-3.7925937,2.8421586,0.7698409,-3.327528,96.15906,112.08575,129.2967,129.2967,192,144,0.1,50,0.16821986,95.82663,-9.421215
24105,OpenOffice,1,-1.1768308,1.5379939,-3.7699566,-1.2363968,1.384216,-3.7815583,2.8995605,0.6231678,-3.2934337,103.76739,119.05321,112.97661,112.97661,192,144,0.1,50,0.1682198,96.66752,-12.565958
24105,OpenOffice,2,-1.7988291,1.5384938,-3.604913,-1.8583951,1.3847158,-3.6165147,2.825819,0.68164945,-3.291283,99.57461,115.24374,121.74413,121.74413,192,144,0.1,50,0.1682198,93.87969,-10.473082
24105,OpenOffice,3,-1.7325913,1.6079613,-4.0959954,-1.7921573,1.4541833,-4.107597,2.867784,0.6718354,-3.6405118,94.0265,110.08812,134.21994,134.21994,192,144,0.1,50,0.16821976,95.654434,-11.4475355
24106,Coworking,0,1.9194803,1.7551776,7.673155,3.2757952,1.7551776,6.4039755,-2.3546972,0.90957725,5.2586246,30.837027,40.379448,522.1297,522.1297,192,144,0.1,50,1.8575269,-60.537415,-9.773524
24106,Coworking,1,1.9618934,1.597495,7.2351537,3.3182082,1.597495,5.9659743,-2.6858714,0.9605498,5.4229283,44.120285,56.767395,355.3382,355.3382,192,144,0.1,50,1.8575269,-68.69853,-7.2762012
24106,Coworking,2,1.4629352,1.5956172,8.543521,2.81925,1.5956172,7.2743416,-2.4834023,0.9374149,5.5279536,34.12829,44.515987,469.12375,469.12375,192,144,0.1,50,1.8575269,-52.614986,-7.549158
24106,Coworking,3,-0.24026513,1.5581172,9.385717,1.1160498,1.5581172,8.116538,-2.5078895,0.8628532,4.9955463,36.600697,47.591774,435.40692,435.40692,192,144,0.1,50,1.8575269,-27.317396,-8.009322
24107,Conference,0,-3.5479548,1.0692533,-2.4094732,-3.059686,1.1873324,-2.4798636,1.6638585,1.0442529,-1.752579,48.22433,61.654854,321.73273,321.73273,192,144,0.1,50,0.6980137,97.18365,-0.27268162
24107,Conference,1,-2.417306,1.0467842,-2.8249662,-1.929037,1.1648632,-2.8953567,1.4846705,0.9742783,-1.8128108,40.194286,52.011364,393.55927,393.55927,192,144,0.1,50,0.6980138,104.54178,-1.0304431
24107,Conference,2,-3.1682963,1.217734,-1.8714975,-2.6800275,1.335813,-1.941888,1.8753246,0.9101749,-2.0057669,49.08793,62.672047,315.3377,315.3377,192,144,0.1,50,0.6980137,88.47505,-3.4883323
24107,Conference,3,-3.0531769,1.0758498,-1.8733292,-2.564908,1.1939288,-1.9437196,1.4626024,1.1715277,-2.0296297,47.60322,60.920834,326.46683,326.46683,192,144,0.1,50,0.6980136,88.01766,1.2130452
24108,Workshop,0,-7.5479813,1.0025315,1.7376437,-7.631954,0.78404546,1.751858,-4.898512,0.9915472,3.5233533,74.73584,91.03493,188.5629,188.5629,192,144,0.1,50,0.2460765,123.97949,-0.19697611
24108,Workshop,1,-6.5580726,0.9598943,-0.33878803,-6.6420455,0.7414082,-0.32457376,-4.8355255,1.0903997,3.4222894,53.01985,67.25289,288.69406,288.69406,192,144,0.1,50,0.24607645,155.39256,1.8069485
24108,Workshop,2,-8.100774,1.1317905,1.9549155,-8.184747,0.91330445,1.9691298,-4.92108,0.91856325,3.618947,48.286705,61.72845,321.26367,321.26367,192,144,0.1,50,0.2460763,117.62445,-3.4002154
24108,Workshop,3,-7.7810864,0.96235573,1.5883863,-7.8650594,0.74386966,1.6026006,-5.013276,0.9173455,3.5010972,76.87199,93.23683,181.44852,181.44852,192,144,0.1,50,0.24607648,124.64662,-0.7664771
24109,Conference,0,-0.31862557,2.7790565,-1.4805202,1.0459619,2.76688,-1.702013,0.15184778,1.2595714,-1.2989411,79.74429,96.16015,172.3923,172.3923,192,144,0.1,50,1.7420915,111.10409,-71.639656
24109,Conference,1,-0.4800377,2.8101509,-0.94473267,0.88454974,2.7979743,-1.1662254,0.37664983,1.2728766,-1.4357777,75.42651,91.74947,186.22517,186.22517,192,144,0.1,50,1.742092,60.179085,-57.28607
24109,Conference,2,-0.46826017,2.7456915,-2.0849762,0.89632726,2.733515,-2.306469,-0.047291204,1.2375861,-1.015596,75.23697,91.55362,186.8631,186.8631,192,144,0.1,50,1.7420918,158.51257,-52.69069
24109,Conference,3,0.50509465,2.5252333,-1.9048443,1.8696821,2.5130568,-2.126337,0.13205487,1.1532874,-0.99719954,73.08919,89.32116,194.2884,194.2884,192,144,0.1,50,1.7420917,-157.65746,-54.42493
24110,Conference,0,-8.488628,1.7720814,-0.47555208,-8.487022,1.7600489,-0.3859533,-7.232629,0.9671647,0.7311527,61.013096,76.30625,244.39963,244.39963,192,144,0.1,50,0.11044478,133.8533,-24.803198
24110,Conference,1,-8.070347,1.9274939,-0.36800838,-8.068741,1.9154614,-0.2784096,-7.4120564,1.063657,1.0687937,71.818405,87.98874,198.86093,198.86093,192,144,0.1,50,0.11044502,155.38448,-28.660349
24110,Conference,2,-8.008476,1.8413676,-0.904469,-8.00687,1.8293351,-0.81487024,-7.4770813,0.8604456,0.8291017,45.345222,58.23532,344.70584,344.70584,192,144,0.1,50,0.110444926,162.95802,-28.413084
24110,Conference,3,-7.0713415,2.2905912,-0.23899077,-7.0697355,2.2785587,-0.149392,-7.2802844,0.91103613,0.7213527,87.1202,103.47597,151.4259,151.4259,192,144,0.1,50,0.11044497,-167.72539,-54.533493
24111,Breakroom,0,0.34974074,1.6584032,3.239994,-1.624937,1.6584032,3.3100157,1.6443708,1.521253,-0.10616608,79.97948,96.39763,171.67496,171.67496,192,144,0.1,50,1.9759189,21.151464,-2.189123
24111,Breakroom,1,0.47819763,2.1005292,4.6692977,-1.4964802,2.1005292,4.7393193,1.9779363,1.4915304,-0.010405704,60.60378,75.85116,246.40782,246.40782,192,144,0.1,50,1.9759189,17.769476,-7.064514
24111,Breakroom,2,0.26303834,1.5956525,3.7807982,-1.7116394,1.5956525,3.8508198,1.9816546,1.6309775,-0.436823,55.946095,70.60779,271.13223,271.13223,192,144,0.1,50,1.9759189,22.170145,0.4443976
24111,Breakroom,3,-0.6774858,1.9339478,3.374058,-2.6521635,1.9339478,3.4440796,1.5475928,1.4430397,0.16749807,77.86413,94.25142,178.25694,178.25694,192,144,0.1,50,1.9759188,34.757343,-7.1689487
24112,Workshop,0,2.3673491,1.3139741,-0.4900012,1.7739022,1.3139741,1.9277148,-0.8630762,1.3468434,4.4572153,45.471638,58.38637,343.63953,343.63953,192,144,0.1,50,2.4894838,-146.85634,0.31873438
24112,Workshop,1,2.4023619,1.2529372,-0.79851466,1.8089148,1.2529372,1.6192014,-0.6038761,1.234077,4.3731465,60.640667,75.89221,246.22583,246.22583,192,144,0.1,50,2.4894838,-149.83096,-0.18064512
24112,Workshop,2,0.9052105,1.7653857,-0.20233446,0.31176353,1.7653857,2.2153816,-0.53674865,1.3009249,4.4142127,74.392586,90.678856,189.7385,189.7385,192,144,0.1,50,2.4894838,-162.65404,-5.4854293
24112,Workshop,3,2.009366,1.2059228,-1.4374573,1.4159191,1.2059228,0.98025864,-0.8447863,1.238214,4.297259,52.313335,66.435905,293.2062,293.2062,192,144,0.1,50,2.4894838,-153.5406,0.28882536
24113,Studio,0,0.8702593,0.9620377,1.0869951,2.2525709,0.9620377,3.4233413,-0.6019841,1.2326434,-1.5248575,96.672325,112.56353,128.13638,128.13638,192,144,0.1,50,3.8380337,-29.40899,5.1572967
24113,Studio,1,0.735451,0.88893056,1.3781884,2.1177626,0.88893056,3.7145345,-0.46361876,1.1883051,-1.8413891,90.89139,107.11408,141.77695,141.77695,192,144,0.1,50,3.8380337,-20.42688,4.980094
24113,Studio,2,1.53213,1.2148657,1.6786656,2.9144416,1.2148657,4.015012,-0.53000736,1.3245518,-1.5631256,102.15017,117.59239,116.29677,116.29677,192,144,0.1,50,3.8380332,-32.46087,1.6352699
24113,Studio,3,1.217494,1.1777613,1.570904,2.5998056,1.1777613,3.9072502,-0.6854522,1.1947737,-1.7327899,101.49651,116.99893,117.66024,117.66024,192,144,0.1,50,3.8380337,-29.942186,0.25566295
24114,Reception,0,-0.30763006,3.035178,6.656789,-2.2641454,3.035178,6.876693,-3.7916522,1.55,9.439366,102.05796,117.50877,116.48836,116.48836,192,144,0.1,50,1.9688346,-128.61324,-18.42225
24114,Reception,1,-1.1128606,3.077246,5.953395,-3.069376,3.077246,6.173299,-4.0750833,1.6992949,9.458712,100.00139,115.63482,120.827385,120.827385,192,144,0.1,50,1.9688348,-139.8,-16.712416
24114,Reception,2,1.3642505,2.9013731,7.0039515,-0.5922648,2.9013731,7.2238555,-3.7963576,1.5504525,9.62271,89.96324,106.22492,144.0924,144.0924,192,144,0.1,50,1.9688346,-116.90559,-13.139773
24114,Reception,3,-0.09081349,2.9749193,6.489029,-2.0473287,2.9749193,6.708933,-3.4777334,1.6627414,9.29613,92.39,108.54132,138.11516,138.11516,192,144,0.1,50,1.9688345,-129.65216,-16.60938
24115,Conference,0,2.2387831,1.6015928,-1.1435516,2.2238023,1.6015928,1.6983819,0.6500946,1.4968544,-0.49536854,80.63805,97.061134,169.68474,169.68474,192,144,0.1,50,2.8419728,-112.195404,-3.4931366
24115,Conference,1,2.2976286,1.6428803,-1.3960257,2.2826478,1.6428803,1.4459078,0.37774777,1.4440005,-0.4501028,65.38389,81.108536,224.37245,224.37245,192,144,0.1,50,2.8419728,-116.229416,-5.308863
24115,Conference,2,2.5034018,1.6812518,-1.4480819,2.488421,1.6812518,1.3938516,0.5687837,1.6219339,-0.69945556,64.902016,80.58423,226.46182,226.46182,192,144,0.1,50,2.8419728,-111.15462,-1.6379263
24115,Conference,3,2.3387814,1.386933,-1.7904079,2.3238006,1.386933,1.0515256,0.4730209,1.3967752,-0.4919232,78.21327,94.60725,177.15002,177.15002,192,144,0.1,50,2.8419728,-124.83616,0.2480796
24116,OpenOffice,0,0.81006205,1.5076884,-3.2247255,1.0164205,1.5427219,-3.2298715,3.7459745,0.79106617,1.3453515,29.739845,38.990288,542.33734,542.33734,192,144,0.1,50,0.21111882,147.28247,-7.515587
24116,OpenOffice,1,1.1227775,1.1883646,-1.9151617,1.3291359,1.2233981,-1.9203078,3.843493,0.74933505,1.2756876,52.94525,67.16675,289.16522,289.16522,192,144,0.1,50,0.21111885,139.54704,-5.9769626
24116,OpenOffice,2,0.5142499,1.4406657,-2.8551664,0.72060835,1.4756992,-2.8603125,3.8599052,0.71775234,1.1060315,43.790176,56.370495,358.3,358.3,192,144,0.1,50,0.21111882,139.81532,-7.937199
24116,OpenOffice,3,1.8214363,1.8515112,-2.778098,2.0277948,1.8865447,-2.7832441,4.0922837,0.65052587,1.2519921,29.78932,39.053032,541.3949,541.3949,192,144,0.1,50,0.21111892,150.59991,-14.554114
24117,Coworking,0,3.4191883,1.213239,-2.712327,4.9142904,1.213239,-4.0427146,0.2314664,1.4794024,-0.25014648,35.966164,46.805058,443.6321,443.6321,192,144,0.1,50,2.001315,-127.68231,3.7806149
24117,Coworking,1,4.1483674,1.2122762,-3.3535945,5.64347,1.2122762,-4.683982,0.476474,1.426035,-0.17774579,39.444996,51.094963,401.67938,401.67938,192,144,0.1,50,2.001315,-130.85678,2.5211425
24117,Coworking,2,3.1820164,1.0618453,-2.1304967,4.6771183,1.0618453,-3.4608843,0.41597342,1.5067004,-0.056468904,50.11356,63.87494,308.01172,308.01172,192,144,0.1,50,2.0013149,-126.86321,7.3321357
24117,Coworking,3,2.6744075,1.3885999,-2.7600102,4.16951,1.3885999,-4.090398,0.394571,1.4791363,-0.118504524,42.29581,54.566807,372.25772,372.25772,192,144,0.1,50,2.001315,-139.20311,1.4863142
24118,Coworking,0,-3.2461972,0.9720942,0.8270631,-0.2833829,0.9720942,-0.26170504,-0.86848515,0.75,-5.375652,41.375305,53.450176,381.33347,381.33347,192,144,0.1,50,3.1565306,20.97353,-1.9148949
24118,Coworking,1,-2.9525058,1.0589436,0.51219743,0.010308504,1.0589436,-0.5765707,-1.2155802,0.60006416,-5.3036127,49.838158,63.552494,309.95114,309.95114,192,144,0.1,50,3.1565306,16.628561,-4.3234735
24118,Coworking,2,-2.9356425,0.9037483,0.8345709,0.02717179,0.9037483,-0.25419727,-1.1638184,0.8086333,-5.5103507,58.355743,73.3353,257.8915,257.8915,192,144,0.1,50,3.1565306,15.602432,-0.8271979
24118,Coworking,3,-2.556326,1.1702029,0.5958184,0.40648842,1.1702029,-0.49294972,-1.1636332,0.7760391,-5.6322136,36.077915,46.94375,442.16324,442.16324,192,144,0.1,50,3.1565306,12.604929,-3.5342848
24119,Library,0,0.6055761,2.050768,0.5693047,0.15343648,2.171533,0.43337035,3.42361,1.0080855,-0.6451202,51.37513,65.34684,299.37616,299.37616,192,144,0.1,50,0.6363741,66.68649,-18.767447
24119,Library,1,0.8025905,1.9770551,1.2873166,0.35045087,2.0978203,1.1513822,3.1688585,1.0089388,-0.9836607,45.765144,58.736767,341.1852,341.1852,192,144,0.1,50,0.63637424,46.177208,-16.445684
24119,Library,2,0.74199975,2.1260695,-0.5520015,0.28986013,2.2468348,-0.6879358,3.2255335,1.0011984,-0.5055649,58.508343,73.50696,257.0866,257.0866,192,144,0.1,50,0.636374,91.07118,-24.363516
24119,Library,3,0.73172307,1.966897,0.7701866,0.27958342,2.0876622,0.63425225,3.6497102,1.0876502,-0.76045084,63.794083,79.3739,231.37231,231.37231,192,144,0.1,50,0.63637406,62.32063,-14.940521
24120,Lounge,0,1.3781267,1.7677135,1.5979309,4.220343,1.7677135,1.2775992,3.475026,0.75,-2.502255,96.25048,112.17094,129.08936,129.08936,192,144,0.1,50,2.8602111,27.085913,-12.461452
24120,Lounge,1,0.8633706,1.7914191,3.2021742,3.705587,1.7914191,2.8818426,3.2987752,0.7331229,-2.4547763,47.999386,61.389248,323.43396,323.43396,192,144,0.1,50,2.860211,23.292624,-9.750004
24120,Lounge,2,1.6655622,1.7781053,1.5217006,4.5077786,1.7781053,1.2013689,3.3559313,0.8689636,-2.2292628,100.9121,116.46684,118.89007,118.89007,192,144,0.1,50,2.8602111,24.258677,-12.460623
24120,Lounge,3,1.6181172,1.9097192,1.0478973,4.460334,1.9097192,0.7275657,3.649731,0.63733524,-2.4370055,105.97561,121.03098,108.55985,108.55985,192,144,0.1,50,2.8602111,30.241148,-17.506638
24121,Workshop,0,1.4075065,1.6217499,-1.6379416,1.505808,1.4641395,-1.959381,1.5253547,1.2970802,1.9546467,51.460022,65.44557,298.80927,298.80927,192,144,0.1,50,0.4490316,178.1212,-5.1611505
24121,Workshop,1,1.1519879,1.55711,-1.7108524,1.2502894,1.3994995,-2.032292,1.238399,1.1846045,1.7109511,46.13138,59.173336,338.16428,338.16428,192,144,0.1,50,0.44903165,178.55342,-6.2109213
24121,Workshop,2,0.5194488,1.6078979,-1.2504871,0.61775035,1.4502875,-1.5719264,1.7993952,1.1500388,2.2292964,70.23731,86.31887,204.74953,204.74953,192,144,0.1,50,0.44903153,159.8053,-7.0397115
24121,Workshop,3,2.2395203,1.5349652,-1.3412871,2.337822,1.3773547,-1.6627266,1.4123753,1.2193649,1.8427665,73.502686,89.75286,192.82996,192.82996,192,144,0.1,50,0.44903162,-165.43773,-5.47989
24122,Library,0,-2.169301,1.1830091,-1.707017,0.2717023,1.1830091,-0.70379364,-1.7608873,1.0081102,-3.8038087,70.02311,86.0916,205.5651,205.5651,192,144,0.1,50,2.6391199,11.022083,-4.6805944
24122,Library,1,-1.795696,1.2023641,-1.913279,0.64530724,1.2023641,-0.91005576,-1.7035704,1.1155651,-3.5569165,67.84854,83.770424,214.09866,214.09866,192,144,0.1,50,2.6391199,3.2080638,-3.0182025
24122,Library,2,-1.9899318,1.2517058,-2.1209102,0.45107153,1.2517058,-1.1176869,-1.8299305,1.112452,-3.7061357,82.68279,99.1072,163.67311,163.67311,192,144,0.1,50,2.6391199,5.763505,-4.994997
24122,Library,3,-1.8347416,1.2669936,-1.7291104,0.6062618,1.2669936,-0.72588706,-1.9962244,1.0202492,-3.797661,89.94443,106.20685,144.13974,144.13974,192,144,0.1,50,2.6391199,-4.463781,-6.7818723
24123,Reception,0,-2.1225877,0.8266189,0.32018042,-1.862262,0.72228366,0.2771478,2.183725,0.8031731,-2.4099686,28.63288,37.583782,564.25806,564.25806,192,144,0.1,50,0.36141378,57.62581,-0.26345962
24123,Reception,1,-1.7748545,0.8349349,-0.29286814,-1.5145289,0.73059964,-0.33590075,1.8985571,0.747764,-2.1151402,29.858046,39.140182,540.09064,540.09064,192,144,0.1,50,0.36141378,63.615337,-1.2178257
24123,Reception,2,-2.763579,1.3837664,-1.4072955,-2.5032535,1.2794311,-1.4503281,2.1352606,0.93592703,-2.0966442,40.994316,52.98678,385.20374,385.20374,192,144,0.1,50,0.36141357,81.99012,-5.1726346
24123,Reception,3,-1.8169645,0.8284419,0.25408697,-1.5566388,0.72410667,0.21105435,2.1002913,0.82822454,-2.2549894,42.023632,54.23708,374.90173,374.90173,192,144,0.1,50,0.36141384,57.35967,-0.002677357
24124,Coworking,0,-8.938286,2.2958724,-0.4292572,-9.021689,2.435625,-0.40407908,1.2051492,0.95104516,1.287528,98.41149,114.173965,124.27227,124.27227,192,144,0.1,50,0.18309578,99.60632,-7.447586
24124,Coworking,1,-8.601934,2.1832888,-0.23895366,-8.685339,2.3230414,-0.21377553,0.908176,0.86219335,1.0047715,92.59819,108.73878,137.61372,137.61372,192,144,0.1,50,0.18309607,97.45081,-7.8426805
24124,Coworking,2,-8.646841,2.158847,0.09869319,-8.730246,2.2985997,0.12387133,1.5189941,0.9472357,1.0821369,84.45921,100.86777,158.64507,158.64507,192,144,0.1,50,0.18309611,95.525604,-6.7654257
24124,Coworking,3,-8.837959,2.2095695,-0.7458236,-8.921363,2.349322,-0.7206455,1.0344496,0.953652,0.94569945,86.47166,102.84347,153.15239,153.15239,192,144,0.1,50,0.18309575,99.722565,-7.1468873
24125,Lounge,0,0.86936283,1.487173,8.473051,1.0327122,1.3425562,7.6511526,-2.3701563,0.9596747,4.0977077,44.3262,57.0147,353.51184,353.51184,192,144,0.1,50,0.94775957,-36.516373,-5.5343266
24125,Lounge,1,0.788971,1.5172645,9.004519,0.9523204,1.3726478,8.182621,-2.0252836,0.8710625,3.9135299,28.85076,37.861008,559.81335,559.81335,192,144,0.1,50,0.9477594,-28.933434,-6.338847
24125,Lounge,2,0.6233852,1.642999,9.439173,0.7867346,1.4983823,8.617274,-2.165035,1.0533419,3.8155377,56.150524,70.84043,269.9685,269.9685,192,144,0.1,50,0.9477595,-26.374027,-5.36659
24125,Lounge,3,1.2409682,1.4521476,8.495949,1.4043176,1.3075309,7.6740503,-2.6196766,1.0006406,3.8214817,50.794697,64.6707,303.29953,303.29953,192,144,0.1,50,0.9477596,-39.553318,-4.2591863
24126,Studio,0,-0.57466316,1.6958921,-0.743389,-0.79221654,1.6143754,-0.5474496,1.4956287,0.9887592,0.21243542,105.14904,120.29292,110.197815,110.197815,192,144,0.1,50,0.35254827,114.7821,-17.229025
24126,Studio,1,-0.7860471,1.6678698,-0.19628668,-1.0036005,1.5863531,-0.00034725666,1.6703151,0.8557427,-0.044327974,98.01703,113.80984,125.13973,125.13973,192,144,0.1,50,0.35254833,93.53999,-18.262426
24126,Studio,2,-1.295346,2.2189069,-1.9731295,-1.5128994,2.1373901,-1.7771901,1.3472565,0.90586597,0.0029229522,58.316437,73.29107,258.09943,258.09943,192,144,0.1,50,0.35254827,126.78796,-21.698862
24126,Studio,3,-0.9119605,1.5740987,-0.6715634,-1.1295139,1.492582,-0.47562397,1.6823835,0.8654022,0.20257974,99.838165,115.485344,121.177315,121.177315,192,144,0.1,50,0.3525483,108.62083,-14.5135565
24127,Studio,0,-0.014685631,1.3275373,2.1569135,1.5368748,1.3275373,3.146379,1.8777859,0.75,-0.32106176,31.550201,41.279728,509.73065,509.73065,192,144,0.1,50,1.8402123,37.369583,-10.493844
24127,Studio,1,0.3200558,1.4288781,1.7134082,1.8716162,1.4288781,2.7028737,1.9601169,0.6271438,-0.6707834,42.5774,54.907555,369.5562,369.5562,192,144,0.1,50,1.8402123,34.523685,-15.485441
24127,Studio,2,-0.19577101,1.6312919,0.041920424,1.3557894,1.6312919,1.0313859,2.0845025,0.60334754,-0.5911082,63.31173,78.84488,233.55809,233.55809,192,144,0.1,50,1.8402123,74.48477,-23.478745
24127,Studio,3,-0.3494285,1.3167267,2.2642708,1.2021319,1.3167267,3.2537363,2.2252192,0.8226783,-0.035907805,46.27545,59.34489,336.98828,336.98828,192,144,0.1,50,1.8402123,48.222546,-8.143709
24128,Studio,0,-0.16752744,0.8796286,1.201391,-0.11589049,0.8796286,1.2561251,-2.0394208,1.5144409,3.0796134,97.78238,113.59293,125.658195,125.658195,192,144,0.1,50,0.07524757,-135.09671,13.462951
24128,Studio,1,-0.8851678,0.95589244,0.6408303,-0.83353084,0.95589244,0.6955644,-2.3459682,1.6545382,2.8491871,86.879234,103.2412,152.06497,152.06497,192,144,0.1,50,0.07524756,-146.51587,14.781189
24128,Studio,2,-0.020123824,0.9395724,0.99683446,0.031513125,0.9395724,1.0515686,-2.088874,1.4106634,3.24735,102.8608,118.23559,114.82865,114.82865,192,144,0.1,50,0.075247616,-137.40971,8.760827
24128,Studio,3,1.300531,1.4574828,2.4194484,1.352168,1.4574828,2.4741824,-2.2654386,1.3892771,3.0966308,77.24045,93.61422,180.25517,180.25517,192,144,0.1,50,0.075247474,-100.75251,-1.0765189
24129,Studio,0,-3.0530248,2.5846484,2.5596294,-1.8332161,2.5846484,0.51819515,1.5775789,0.97511923,-3.7044706,55.3969,69.981705,274.29764,274.29764,192,144,0.1,50,2.3781056,36.47288,-11.674134
24129,Studio,1,-2.990087,2.5761487,2.2215059,-1.7702785,2.5761487,0.18007168,1.4056432,0.92672426,-3.6936996,68.333954,84.29079,212.15248,212.15248,192,144,0.1,50,2.3781056,36.61692,-12.6156025
24129,Studio,2,-2.625175,2.4609926,2.7185624,-1.4053663,2.4609926,0.6771282,1.7791198,1.0046883,-3.8541768,53.22227,67.486465,287.4218,287.4218,192,144,0.1,50,2.3781056,33.825455,-10.429369
24129,Studio,3,-3.1681569,1.9345675,0.10427809,-1.948348,1.9345675,-1.9371562,1.5113878,0.9342128,-3.9829292,96.923805,112.79721,127.571236,127.571236,192,144,0.1,50,2.3781059,48.86539,-9.146452
24130,OpenOffice,0,2.413837,1.7139837,-3.092905,2.5374908,1.5653957,-3.0730805,1.043485,0.7621997,-1.7495716,63.422684,78.966675,233.05267,233.05267,192,144,0.1,50,0.19439341,-134.42957,-26.380922
24130,OpenOffice,1,2.5449178,1.606974,-2.6073499,2.6685717,1.4583861,-2.5875254,1.1553609,0.8500724,-1.6241362,45.80193,58.780643,340.87973,340.87973,192,144,0.1,50,0.19439337,-125.28221,-23.9725
24130,OpenOffice,2,2.4895716,1.9150062,-4.017773,2.6132255,1.7664182,-3.9979486,1.0849571,0.6144561,-1.6533206,59.859554,75.02135,250.12277,250.12277,192,144,0.1,50,0.19439338,-149.28737,-25.309164
24130,OpenOffice,3,1.5433055,1.6262999,-3.6027822,1.6669594,1.4777119,-3.5829577,1.3546705,0.6808495,-1.9983981,59.491405,74.60973,251.99161,251.99161,192,144,0.1,50,0.19439341,-173.29425,-30.338747
24131,Breakroom,0,-5.3722315,1.739974,1.5387636,-5.2822394,1.6513844,1.0595996,-2.6074073,0.9581335,1.1562109,65.279175,80.994705,224.82414,224.82414,192,144,0.1,50,0.51914954,82.12234,-15.6482315
24131,Breakroom,1,-5.3567944,1.6811522,1.8617015,-5.2668023,1.5925626,1.3825374,-2.6596227,0.943373,0.93488336,94.29993,110.34538,133.57924,133.57924,192,144,0.1,50,0.5191497,71.03595,-14.503951
24131,Breakroom,2,-5.223593,1.859055,0.7630272,-5.133601,1.7704654,0.2838632,-2.293869,0.9908985,0.98792917,46.007755,59.026043,339.17892,339.17892,192,144,0.1,50,0.5191495,94.38974,-16.460186
24131,Breakroom,3,-4.9068174,2.1669269,2.8161385,-4.8168254,2.0783372,2.3369746,-2.931034,0.9489341,0.8275213,88.698944,105.0072,147.30762,147.30762,192,144,0.1,50,0.51914936,44.814518,-23.48447
24132,Workshop,0,0.3861041,1.0565863,-2.4601548,0.46810633,1.0565863,-4.867278,-2.9224174,1.0253899,-4.7118115,46.306873,59.382294,336.7327,336.7327,192,144,0.1,50,2.4085197,-55.762253,-0.4466188
24132,Workshop,1,0.5414976,1.1220196,-2.8593347,0.6234999,1.1220196,-5.266458,-3.2720659,0.9689534,-4.430383,40.456978,52.33199,390.78085,390.78085,192,144,0.1,50,2.4085197,-67.61013,-2.125358
24132,Workshop,2,0.7602893,0.89799255,-2.0337949,0.8422916,0.89799255,-4.440918,-2.9014096,1.1656791,-5.0273275,38.453156,49.877743,412.89487,412.89487,192,144,0.1,50,2.4085195,-50.733124,3.2393668
24132,Workshop,3,0.6867635,1.1186384,-2.5841396,0.76876575,1.1186384,-4.991263,-3.1686516,1.1040971,-4.495402,56.317955,71.030785,269.02118,269.02118,192,144,0.1,50,2.4085197,-63.630802,-0.19361377
24133,OpenOffice,0,4.7824087,0.7869891,-1.1499908,5.341124,0.7869891,0.6498847,2.2299294,1.1963294,-2.6922467,69.08984,85.09856,209.16978,209.16978,192,144,0.1,50,1.8845993,-58.85884,7.815565
24133,OpenOffice,1,3.7980466,0.91477215,-1.467051,4.356762,0.91477215,0.3328245,2.1687806,1.136477,-2.5750241,73.626915,89.88238,192.39456,192.39456,192,144,0.1,50,1.8845993,-55.782562,6.4200854
24133,OpenOffice,2,4.630546,0.92236906,-1.6065369,5.1892614,0.92236906,0.19333866,2.3579233,1.3130009,-2.7865283,84.78733,101.191246,157.73514,157.73514,192,144,0.1,50,1.8845993,-62.560757,8.673531
24133,OpenOffice,3,4.7614746,0.7188361,-0.81316495,5.32019,0.7188361,0.98671055,2.0543613,1.1969911,-2.616384,77.40081,93.77825,179.73878,179.73878,192,144,0.1,50,1.8845993,-56.332256,8.362725
24134,Studio,0,-2.9702358,2.1279445,-0.69925714,-2.9942286,2.173626,-0.64753866,-4.928537,0.9888511,0.07957555,74.55444,90.84684,189.18298,189.18298,192,144,0.1,50,0.07310776,-111.688126,-28.391092
24134,Studio,1,-1.5856543,2.251611,-0.8772264,-1.609647,2.2972925,-0.82550794,-4.590463,1.0285248,0.37269366,34.626907,45.138527,461.9487,461.9487,192,144,0.1,50,0.07310776,-112.586006,-20.597445
24134,Studio,2,-4.1539545,1.9993675,-1.413739,-4.177947,2.045049,-1.3620205,-4.6507673,0.9524863,-0.012514994,70.01866,86.08688,205.58206,205.58206,192,144,0.1,50,0.07310767,-160.4777,-35.151997
24134,Studio,3,-2.8639262,1.7295429,-2.7094743,-2.887919,1.7752243,-2.6577559,-4.835918,1.0165801,0.0029464513,53.119827,67.36827,288.06458,288.06458,192,144,0.1,50,0.07310776,-143.982,-12.002515
24135,Training,0,2.2014115,1.5831615,3.1777983,2.0081973,1.6995306,2.2145014,-1.3239774,0.9860948,-0.9657544,47.473804,60.767635,327.46796,327.46796,192,144,0.1,50,0.99743754,-40.39157,-6.263025
24135,Training,1,0.99025035,2.1406367,4.730589,0.7970362,2.2570057,3.7672923,-1.2023762,1.1079252,-1.1194987,34.144405,44.53613,468.8886,468.8886,192,144,0.1,50,0.99743736,-20.546116,-9.386129
24135,Training,2,2.4547756,1.617845,2.8921213,2.2615614,1.7342142,1.9288243,-1.2266259,1.1301904,-0.9264638,45.791122,58.767746,340.96945,340.96945,192,144,0.1,50,0.99743766,-43.95211,-5.2528834
24135,Training,3,0.5972364,1.696693,3.1732564,0.40402222,1.8130621,2.2099595,-1.3912014,0.9956604,-1.2764089,62.2307,77.654594,238.567,238.567,192,144,0.1,50,0.9974376,-24.078606,-8.185201
24136,OpenOffice,0,-2.4354248,1.655213,-1.3302108,-2.314331,1.655213,0.6354716,0.6914952,0.9922257,0.8321333,41.931065,54.124855,375.8084,375.8084,192,144,0.1,50,1.9694088,124.66483,-9.892312
24136,OpenOffice,1,-2.612899,1.6752613,-2.1525674,-2.4918053,1.6752613,-0.186885,1.030972,1.1420027,0.83913505,47.20873,60.453575,329.53458,329.53458,192,144,0.1,50,1.9694088,129.3868,-6.4530897
24136,OpenOffice,2,-2.246123,1.7069349,-1.7366443,-2.1250293,1.7069349,0.22903818,0.53650516,1.0400817,0.5756022,34.109104,44.492012,469.40387,469.40387,192,144,0.1,50,1.9694089,129.72514,-10.443452
24136,OpenOffice,3,-2.5070047,1.6887536,-1.0263638,-2.385911,1.6887536,0.9393186,0.63797414,1.0435269,0.49642918,60.089115,75.27763,248.96799,248.96799,192,144,0.1,50,1.9694089,115.83618,-10.462036
24137,Lounge,0,1.9425106,1.3331382,-3.5676627,-1.8517051,1.3331382,-2.8715973,0.9996597,1.2049223,3.4651692,45.526768,58.45222,343.17624,343.17624,192,144,0.1,50,3.8575354,-172.36423,-1.0351872
24137,Lounge,1,1.7488635,1.450549,-3.8878133,-2.0453522,1.450549,-3.191748,0.93545514,1.1181787,3.4851716,58.06897,73.012375,259.41452,259.41452,192,144,0.1,50,3.8575354,-173.70444,-2.5655715
24137,Lounge,2,1.7590655,1.1873881,-3.0092902,-2.0351503,1.1873881,-2.3132248,1.2985852,1.3109035,3.491343,44.282402,56.96212,353.89896,353.89896,192,144,0.1,50,3.8575354,-175.94815,1.0857991
24137,Lounge,3,1.4695015,1.2363307,-3.5533018,-2.3247142,1.2363307,-2.8572364,0.86034304,1.267375,3.4497766,37.89954,49.19627,419.40045,419.40045,192,144,0.1,50,3.8575354,-175.02869,0.2530318
24138,Reception,0,2.017512,0.8817974,-0.9434488,2.1532857,0.8817974,-1.3771349,0.45215636,1.0186073,1.0661273,57.97318,72.9044,259.92633,259.92633,192,144,0.1,50,0.45444268,-142.08327,3.0742772
24138,Reception,1,2.2537575,0.80489594,-1.1760764,2.3895311,0.80489594,-1.6097625,0.7097243,0.88225055,0.73134065,57.3575,72.209236,263.25314,263.25314,192,144,0.1,50,0.45444268,-141.01021,1.8054467
24138,Reception,2,1.8207421,1.0751072,-1.474777,1.9565158,1.0751072,-1.9084632,0.729576,0.9091927,1.1627476,41.13297,53.155502,383.7873,383.7873,192,144,0.1,50,0.4544428,-157.5247,-3.3267107
24138,Reception,3,2.7629385,0.7982253,-0.86968285,2.8987122,0.7982253,-1.3033689,0.149697,1.1298236,1.1599283,49.205647,62.8104,314.48233,314.48233,192,144,0.1,50,0.45444265,-127.83521,5.722857
24139,OpenOffice,0,-0.28878593,2.0513945,0.6392964,2.1630423,2.0513945,3.7210693,-0.47043052,1.4988712,3.6584876,63.049824,78.55709,234.75746,234.75746,192,144,0.1,50,3.9381194,-176.55705,-10.352274
24139,OpenOffice,1,-0.580533,2.1573036,0.6557112,1.8712952,2.1573036,3.7374842,-0.31300044,1.5529332,3.3450465,90.51833,106.75718,142.70314,142.70314,192,144,0.1,50,3.9381196,174.31895,-12.605362
24139,OpenOffice,2,-0.5861062,1.9404263,0.5874759,1.8657221,1.9404263,3.6692488,-0.15013456,1.4334586,3.889441,79.468094,95.8809,173.23927,173.23927,192,144,0.1,50,3.9381194,172.47852,-8.654795
24139,OpenOffice,3,-0.43575913,2.093811,0.8435148,2.0160692,2.093811,3.9252877,-0.4317611,1.3539363,3.9877594,93.25835,109.36359,136.03522,136.03522,192,144,0.1,50,3.9381194,179.92714,-13.241416
24140,Library,0,-2.545896,1.519925,-1.161264,-2.598693,1.5641973,-0.7979648,-1.3442035,0.9549237,2.0878983,71.62645,87.78672,199.56381,199.56381,192,144,0.1,50,0.3987218,159.70323,-9.263053
24140,Library,1,-2.2205658,1.6746988,0.37210202,-2.2733626,1.7189711,0.73540115,-1.2949586,0.9467442,2.309231,94.71864,110.73869,132.60359,132.60359,192,144,0.1,50,0.39872158,154.4604,-18.73031
24140,Library,2,-2.5977142,1.4459375,-1.4504414,-2.650511,1.4902098,-1.0871422,-1.3207564,0.9686506,2.0907872,78.998634,95.405334,174.69022,174.69022,192,144,0.1,50,0.39872172,160.17084,-7.225902
24140,Library,3,-1.810956,1.2518033,-1.49255,-1.8637528,1.2960756,-1.1292509,-1.2686042,0.8083007,1.7867084,53.76125,68.1073,284.07755,284.07755,192,144,0.1,50,0.39872178,170.60895,-7.600209
24141,Breakroom,0,-2.606404,1.5377202,-0.6279669,-2.6419177,1.5648808,-0.6418862,-5.1194787,0.9695045,-0.9491662,43.964592,56.580273,356.7298,356.7298,192,144,0.1,50,0.05024199,-82.71644,-12.641075
24141,Breakroom,1,-2.3705685,1.5022869,-0.78266776,-2.4060822,1.5294476,-0.79658705,-4.846086,0.9155412,-0.83218265,38.90504,50.4329,407.7169,407.7169,192,144,0.1,50,0.050241984,-88.85413,-13.331578
24141,Breakroom,2,-2.5746233,1.7163289,-0.113135576,-2.610137,1.7434895,-0.12705487,-4.853168,1.089732,-1.1739295,52.4919,66.64265,292.05515,292.05515,192,144,0.1,50,0.050241977,-65.03531,-13.99876
24141,Breakroom,3,-1.9347346,1.4608269,-1.1516311,-1.9702482,1.4879875,-1.1655505,-5.13571,0.8828366,-1.0664555,36.611504,47.605167,435.26917,435.26917,192,144,0.1,50,0.050242007,-91.52424,-10.23189
24142,Coworking,0,-1.6108854,1.3310627,-1.904098,-1.0181522,1.3981416,-2.2306309,1.7219888,0.75,-1.3223221,77.67252,94.05587,178.86795,178.86795,192,144,0.1,50,0.68182284,99.9016,-9.745239
24142,Coworking,1,-1.5367515,1.3546757,-1.6409413,-0.9440183,1.4217546,-1.9674741,1.7191081,0.85297227,-1.3236334,82.80703,99.230835,163.31575,163.31575,192,144,0.1,50,0.68182284,95.56632,-8.719276
24142,Coworking,2,-1.3221606,1.3802195,-1.4807999,-0.72942746,1.4472984,-1.8073328,1.9437835,0.8750791,-1.6156217,70.03125,86.10024,205.53401,205.53401,192,144,0.1,50,0.68182284,87.63611,-8.784848
24142,Coworking,3,-2.2609682,1.4818422,-2.2996387,-1.668235,1.5489211,-2.6261716,1.771432,0.73620236,-1.4113684,62.495693,77.94696,237.32478,237.32478,192,144,0.1,50,0.6818229,102.422905,-10.236308
24143,Studio,0,2.294924,0.8858517,-6.9608936,1.938812,0.8360383,-6.966067,2.5369778,1.0379103,-0.5463024,91.11117,107.32404,141.23407,141.23407,192,144,0.1,50,0.35975742,177.83897,1.3569838
24143,Studio,1,2.332606,0.9078466,-7.2774267,1.9764942,0.85803324,-7.2826,2.4815779,1.1636453,-0.62909025,66.5418,82.36323,219.46188,219.46188,192,144,0.1,50,0.3597573,178.71637,2.2028494
24143,Studio,2,2.165111,0.83052486,-7.2001595,1.8089991,0.7807115,-7.2053328,2.2325966,1.1547817,-0.55720353,98.22963,114.00617,124.671555,124.671555,192,144,0.1,50,0.35975733,179.41795,2.7943673
24143,Studio,3,2.586964,0.8760181,-6.853959,2.230852,0.8262047,-6.8591323,2.3406794,1.0384359,-0.42535186,89.27076,105.55888,145.84456,145.84456,192,144,0.1,50,0.35975742,-177.80603,1.4462013
24144,OpenOffice,0,4.164694,2.664824,4.1052833,4.1014767,2.720225,4.3360615,1.6818516,1.0042752,7.057529,32.812843,42.86833,489.06766,489.06766,192,144,0.1,50,0.25058016,-139.93613,-23.290594
24144,OpenOffice,1,4.039289,2.5437708,4.8208423,3.9760716,2.5991719,5.0516205,1.5166508,0.9008244,6.95665,44.96177,57.776634,347.97507,347.97507,192,144,0.1,50,0.25058034,-130.25313,-26.42994
24144,OpenOffice,2,3.4341848,2.3698568,3.762354,3.3709676,2.425258,3.993132,1.3872409,1.0735555,7.105235,41.946365,54.143406,375.6583,375.6583,192,144,0.1,50,0.25058022,-148.51965,-18.29936
24144,OpenOffice,3,3.9425695,2.0851862,6.1400423,3.8793523,2.1405873,6.370821,1.7289723,1.1014085,7.1991796,32.67479,42.694965,491.2512,491.2512,192,144,0.1,50,0.2505806,-115.56967,-21.845774
24145,Library,0,-0.96879005,1.6364579,-0.25213718,-1.281287,1.4976814,-1.0906925,1.9698805,0.9604988,0.23111752,70.81902,86.93481,202.55646,202.55646,192,144,0.1,50,0.90603524,99.338524,-12.787965
24145,Library,1,-0.9280628,1.5508157,0.05230415,-1.2405597,1.4120392,-0.7862512,1.682714,0.96077275,0.1206059,56.89811,71.68919,265.7783,265.7783,192,144,0.1,50,0.9060352,91.498604,-12.730847
24145,Library,2,-1.1363915,1.6260688,0.09562373,-1.4488884,1.4872923,-0.7429316,1.7701392,0.9318032,-0.10414976,57.239895,72.07622,263.89603,263.89603,192,144,0.1,50,0.90603536,86.06809,-13.403697
24145,Library,3,-1.5221572,1.5468534,-0.104591,-1.8346541,1.4080769,-0.94314635,2.1912875,0.99337804,-0.068994224,76.8257,93.18938,181.5991,181.5991,192,144,0.1,50,0.9060353,90.54922,-8.476936
24146,Coworking,0,-1.6305628,1.4761138,1.0043576,-1.3251565,1.4360503,1.4609649,-3.5063677,0.95600545,-0.6192899,67.951004,83.88037,213.6858,213.6858,192,144,0.1,50,0.55673695,-49.1214,-11.840288
24146,Coworking,1,-2.0161312,1.448446,0.9569415,-1.7107247,1.4083825,1.4135488,-3.2036676,0.92578137,-0.67455167,77.372765,93.74958,179.82895,179.82895,192,144,0.1,50,0.55673695,-36.050247,-14.521138
24146,Coworking,2,-1.5565014,1.4433919,1.349951,-1.251095,1.4033284,1.8065584,-3.2018497,1.105573,-0.31580004,53.206432,67.46819,287.52103,287.52103,192,144,0.1,50,0.556737,-44.64695,-8.210209
24146,Coworking,3,0.16357625,1.7482957,0.4881903,0.46898258,1.7082322,0.94479764,-3.2258842,1.0730188,-0.38400087,55.144882,69.69385,275.7696,275.7696,192,144,0.1,50,0.55673695,-75.569466,-10.920618
24147,Coworking,0,-1.1833854,1.0683962,0.42365193,-3.3636525,1.0683962,1.4433411,-5.3540215,0.98671144,1.9173399,70.237175,86.318726,204.75006,204.75006,192,144,0.1,50,2.5517426,-109.70467,-1.056346
24147,Coworking,1,-1.1741928,1.173322,0.7137791,-3.3544598,1.173322,1.7334683,-5.292711,0.8499012,2.1819043,59.339146,74.439285,252.77066,252.77066,192,144,0.1,50,2.5517426,-109.61959,-4.230424
24147,Coworking,2,-1.3970731,1.1715611,0.6026526,-3.5773401,1.1715611,1.6223419,-5.088746,1.0896573,1.7405642,58.409264,73.39552,257.60876,257.60876,192,144,0.1,50,2.5517426,-107.131256,-1.2145892
24147,Coworking,3,0.2932483,1.8408226,1.8969469,-1.8870188,1.8408226,2.916636,-5.2363734,0.9174912,1.7141591,47.533672,60.838516,327.0042,327.0042,192,144,0.1,50,2.5517426,-88.10671,-9.474659
24148,Breakroom,0,1.5690092,0.90286094,-0.25012064,0.9514554,1.1315646,-0.23618571,0.5586674,1.0112672,-3.0203872,66.98396,82.84043,217.62643,217.62643,192,144,0.1,50,0.6616503,-20.037378,2.1054378
24148,Breakroom,1,1.28094,0.8073741,-0.7451407,0.6633862,1.0360777,-0.73120576,0.6185403,0.9026238,-3.3408413,101.79612,117.27116,117.03372,117.03372,192,144,0.1,50,0.66165024,-14.315833,2.0363326
24148,Breakroom,2,2.0120122,0.85037965,-0.026964054,1.3944584,1.0790833,-0.013029128,0.38443404,1.1500583,-2.9443603,66.87057,82.71815,218.09511,218.09511,192,144,0.1,50,0.66165024,-29.156591,5.126032
24148,Breakroom,3,1.0773191,0.86016625,-0.10105783,0.45976543,1.0888699,-0.0871229,0.78973114,1.0641124,-3.202714,47.46524,60.757496,327.53436,327.53436,192,144,0.1,50,0.66165024,-5.2973638,3.745987
24149,Library,0,-2.7859075,1.8927046,-4.3028717,-1.7500314,1.9908068,-0.96757793,1.4652716,1.4811779,-0.8596842,46.63898,59.77729,334.05142,334.05142,192,144,0.1,50,3.7472696,129.0053,-4.301938
24149,Library,1,-2.3938708,1.9108676,-4.1490407,-1.3579947,2.0089698,-0.81374705,1.7131011,1.4521542,-1.1765064,36.56999,47.553745,435.7986,435.7986,192,144,0.1,50,3.7472694,125.89618,-5.1699905
24149,Library,2,-3.6567898,1.9423811,-3.8279858,-2.6209137,2.0404835,-0.4926919,1.7982522,1.5976969,-0.8709969,36.25454,47.162827,439.85956,439.85956,192,144,0.1,50,3.7472696,118.46059,-3.179512
24149,Library,3,-2.646056,1.94199,-3.9799166,-1.6101799,2.0400922,-0.6446228,1.3406434,1.3327336,-0.96676505,38.679317,50.155716,410.28882,410.28882,192,144,0.1,50,3.74727,127.08204,-6.951053
24150,Training,0,0.2910037,1.651586,-0.95118403,1.899901,1.651586,0.9718628,-0.0037991218,0.99131185,-3.3395703,45.91022,58.909786,339.9831,339.9831,192,144,0.1,50,2.5073211,-7.0365305,-15.342678
24150,Training,1,0.55707526,1.7215905,-0.99787015,2.1659727,1.7215905,0.9251767,-0.1207781,0.9022522,-3.252641,63.913025,79.50416,230.83786,230.83786,192,144,0.1,50,2.5073214,-16.732391,-19.187607
24150,Training,2,1.1542524,2.0105972,-1.5877831,2.7631497,2.0105972,0.3352638,-0.09106438,0.95493126,-3.0091734,67.221504,83.09635,216.6492,216.6492,192,144,0.1,50,2.5073211,-41.22244,-29.188889
24150,Training,3,0.50629485,1.8170391,-0.43160224,2.1151922,1.8170391,1.4914446,-0.26870272,0.90070987,-3.519357,50.79406,64.66995,303.30386,303.30386,192,144,0.1,50,2.5073211,-14.089652,-16.057646
24151,Library,0,-2.8723168,1.7969252,2.0088816,-0.09743667,1.7969252,1.9458029,-0.05027154,0.95743424,0.3202758,95.09643,111.09289,131.72893,131.72893,192,144,0.1,50,2.7755969,59.10529,-14.319961
24151,Library,1,-2.8468235,1.5487591,4.7739334,-0.07194327,1.5487591,4.7108545,-0.08524722,0.8200451,0.41476688,65.18561,80.89295,225.22885,225.22885,192,144,0.1,50,2.7755969,32.35467,-8.0379095
24151,Library,2,-2.3615644,1.5349518,2.7328634,0.41331583,1.5349518,2.669785,0.060637116,0.8163233,0.66852844,89.30415,105.59105,145.75957,145.75957,192,144,0.1,50,2.7755969,49.56052,-12.724205
24151,Library,3,-2.8148627,1.993294,2.6522605,-0.039982483,1.993294,2.589182,-0.3576852,0.9245029,0.57465756,58.444153,73.43478,257.4247,257.4247,192,144,0.1,50,2.7755969,49.78468,-18.373959
24152,Lounge,0,1.9732542,1.085609,1.9286423,1.9899709,0.8539231,1.7129773,1.8490989,0.9593096,-0.31640399,100.63962,116.21827,119.46702,119.46702,192,144,0.1,50,0.36578536,-3.1653404,-3.2149882
24152,Lounge,1,2.214565,1.0147859,1.6317976,2.2312818,0.78309995,1.4161326,1.6714464,1.034994,-0.4365002,98.21581,113.99342,124.70194,124.70194,192,144,0.1,50,0.36578536,-14.713239,0.5414308
24152,Lounge,2,1.7423054,1.1150098,2.5509508,1.7590221,0.8833239,2.3352857,2.1830006,1.0129817,-0.44826806,101.48065,116.98449,117.6935,117.6935,192,144,0.1,50,0.36578548,8.359034,-1.9276675
24152,Lounge,3,1.913621,1.0997179,2.1954086,1.9303377,0.868032,1.9797437,1.8366411,1.0128411,-0.5415261,97.20401,113.05725,126.94412,126.94412,192,144,0.1,50,0.36578533,-1.6110942,-1.8173743
24153,OpenOffice,0,-0.124509096,0.9033632,0.13642383,1.3388166,0.9033632,2.0951934,2.2855287,1.2350303,-0.21435598,61.909115,77.29927,240.08736,240.08736,192,144,0.1,50,2.4450154,81.71878,7.755066
24153,OpenOffice,1,-0.33691016,0.9396053,0.26501173,1.1264156,0.9396053,2.2237813,2.3657236,1.1920289,-0.30981034,79.662834,96.077835,172.64159,172.64159,192,144,0.1,50,2.4450154,77.99271,5.219803
24153,OpenOffice,2,0.22050428,0.7776673,0.17115396,1.68383,0.7776673,2.1299236,2.2782872,1.126924,-0.14420867,73.218124,89.45587,193.8321,193.8321,192,144,0.1,50,2.4450154,81.287,9.523602
24153,OpenOffice,3,-3.0774183,1.3345094,-0.07934332,-1.6140926,1.3345094,1.8794262,2.3778481,1.2905605,-0.21469787,40.76491,52.7074,387.56754,387.56754,192,144,0.1,50,2.4450154,88.57869,-0.46143606
24154,Reception,0,-1.6462266,1.579961,5.434404,-1.659357,1.579961,5.4777136,3.2984529,0.75,6.965409,35.643127,46.403828,447.92825,447.92825,192,144,0.1,50,0.045256317,107.203926,-9.109238
24154,Reception,1,-1.6740625,1.6239759,5.112996,-1.6871928,1.6239759,5.156306,3.0776365,0.8615207,6.999803,33.524868,43.76112,478.08368,478.08368,192,144,0.1,50,0.045256317,111.65706,-8.482153
24154,Reception,2,-0.2219373,1.8141162,5.378092,-0.2350676,1.8141162,5.4214015,3.1184664,0.799127,6.892047,56.813953,71.593796,266.24493,266.24493,192,144,0.1,50,0.045256317,114.38123,-15.469664
24154,Reception,3,-1.8199477,1.4920437,5.716765,-1.833078,1.4920437,5.7600746,3.22071,0.8932241,7.087106,52.435013,66.5768,292.42108,292.42108,192,144,0.1,50,0.045256317,105.20873,-6.5396795
24155,Coworking,0,4.091485,1.629451,0.6708565,5.571412,1.629451,-1.1350287,4.627747,0.7850471,1.8172761,29.093369,38.169476,554.941,554.941,192,144,0.1,50,2.3348246,154.93117,-33.710155
24155,Coworking,1,4.160405,1.60243,0.42263234,5.640332,1.60243,-1.3832529,4.31732,0.7057301,1.9473821,34.86539,45.435883,458.58734,458.58734,192,144,0.1,50,2.3348246,174.12428,-30.327923
24155,Coworking,2,3.6881492,1.6860328,0.4007496,5.1680765,1.6860328,-1.4051356,4.42011,0.7309113,1.8237038,34.791576,45.343876,459.62296,459.62296,192,144,0.1,50,2.3348248,152.77893,-30.832342
24155,Coworking,3,3.922181,1.7254963,0.910486,5.402108,1.7254963,-0.8953992,4.68436,0.735881,1.9442477,45.952827,58.960583,339.6314,339.6314,192,144,0.1,50,2.3348248,143.59912,-37.6147
24156,Breakroom,0,-7.4465394,1.5388981,-1.8283405,-7.1638207,1.6973584,-2.2218082,-5.3525887,1.3119117,-3.32936,100.7338,116.304214,119.26734,119.26734,192,144,0.1,50,0.5344444,54.36568,-5.0349374
24156,Breakroom,1,-7.507857,1.6752708,-1.3037596,-7.225138,1.8337312,-1.6972272,-5.0342245,1.4610333,-3.573152,81.422424,97.84851,167.34918,167.34918,192,144,0.1,50,0.53444433,47.4657,-3.6516302
24156,Breakroom,2,-6.8838835,1.721314,-1.774169,-6.601165,1.8797741,-2.1676366,-5.029645,1.3697125,-3.1221519,102.080246,117.52898,116.44204,116.44204,192,144,0.1,50,0.5344443,53.983833,-8.719771
24156,Breakroom,3,-7.0467467,1.4310298,-1.8344764,-6.764028,1.58949,-2.2279441,-5.662658,1.3950825,-3.3325858,102.389885,117.80959,115.799904,115.799904,192,144,0.1,50,0.5344444,42.73454,-1.0097082
24157,Reception,0,-1.4409574,1.3429952,-1.3707163,-1.5197705,1.0954611,-1.6338209,1.6137607,1.4781178,-3.787262,77.86097,94.24819,178.267,178.267,192,144,0.1,50,0.41080147,51.65296,1.9868711
24157,Reception,1,-1.5858995,1.3170024,-0.9588548,-1.6647125,1.0694684,-1.2219594,1.7591519,1.394977,-4.013307,57.009995,71.815956,265.15985,265.15985,192,144,0.1,50,0.4108014,47.59999,0.9861752
24157,Reception,2,-1.1486373,1.4133766,-1.3399321,-1.2274504,1.1658425,-1.6030366,1.4125671,1.329792,-4.1045794,81.39133,97.81735,167.44109,167.44109,192,144,0.1,50,0.41080138,42.812416,-1.2705353
24157,Reception,3,-2.290909,1.3755807,-1.4278388,-2.3697221,1.1280466,-1.6909434,1.4753712,1.3985765,-3.7028599,43.664043,56.218685,359.44296,359.44296,192,144,0.1,50,0.41080135,58.865932,0.29943913
24158,Library,0,6.873033,0.8180222,-2.6846974,4.34856,0.8180222,-1.7807236,2.0133698,1.011377,-3.3555267,69.80454,85.85946,206.40173,206.40173,192,144,0.1,50,2.6814425,-82.14055,2.2570846
24158,Library,1,6.6463666,0.7929392,-2.8996768,4.1218934,0.7929392,-1.9957029,1.8716015,0.9515332,-3.5935452,77.06862,93.43832,180.81047,180.81047,192,144,0.1,50,2.6814425,-81.73167,1.8826221
24158,Library,2,7.0441904,0.7481008,-2.990291,4.519717,0.7481008,-2.0863173,1.7690367,0.91965616,-3.2290697,55.72387,70.35466,272.40613,272.40613,192,144,0.1,50,2.6814425,-87.40829,1.8607781
24158,Library,3,6.5960627,0.90034246,-2.277906,4.0715895,0.90034246,-1.373932,2.0432024,1.127706,-3.1353912,79.393555,95.80546,173.4687,173.4687,192,144,0.1,50,2.6814425,-79.33386,2.8095825
24159,Training,0,0.89457417,2.6225042,3.1776614,1.6139498,2.841218,3.8366017,-3.959778,1.0422487,0.7942899,49.871376,63.591404,309.71616,309.71616,192,144,0.1,50,1.0013835,-63.850056,-16.289068
24159,Training,1,1.2205622,2.6687253,2.9529126,1.9399378,2.887439,3.611853,-3.9722009,1.168412,0.83242154,45.56759,58.500973,342.83386,342.83386,192,144,0.1,50,1.0013834,-67.78711,-14.974998
24159,Training,2,2.0596695,3.2515085,1.239347,2.779045,3.4702222,1.8982873,-3.7669785,1.0314298,1.0300821,43.218094,55.68133,363.53476,363.53476,192,144,0.1,50,1.0013835,-87.9431,-20.845638
24159,Training,3,1.9116521,1.914937,1.0410457,2.6310277,2.1336508,1.699986,-4.0754457,1.0594416,0.9168861,32.33773,42.271366,496.65848,496.65848,192,144,0.1,50,1.0013835,-88.81198,-8.130214
24160,Coworking,0,0.58188486,1.6666199,0.7673831,0.98445237,1.5744781,0.40181822,0.959188,1.0614003,-2.5927022,82.38857,98.81408,164.52298,164.52298,192,144,0.1,50,0.70519775,6.4068904,-10.14821
24160,Coworking,1,1.6963617,1.9128361,-0.23819113,2.0989292,1.8206943,-0.603756,1.2933418,1.1261597,-2.4361472,91.537285,107.73049,140.18729,140.18729,192,144,0.1,50,0.7051977,-10.390404,-19.394289
24160,Coworking,2,1.3095913,1.3462024,2.5842519,1.7121587,1.2540606,2.218687,1.0455463,1.1449084,-2.323024,52.567207,66.72978,291.5719,291.5719,192,144,0.1,50,0.7051976,-3.0799344,-2.3455374
24160,Coworking,3,0.058362663,1.8612678,1.6679046,0.46093017,1.769126,1.3023398,0.7659883,1.1247711,-2.4936757,59.97774,75.153336,249.52722,249.52722,192,144,0.1,50,0.7051977,9.650146,-9.896834
24161,Coworking,0,1.9848604,1.7641182,4.0587845,0.91877544,1.8956511,3.479381,-3.150948,1.265631,0.2538684,34.673992,45.197254,461.28152,461.28152,192,144,0.1,50,1.2227588,-53.46673,-4.4594536
24161,Coworking,1,2.1246085,1.7231612,3.7465513,1.0585234,1.8546941,3.1671479,-2.977253,1.2170835,0.44459662,52.117947,66.20949,294.4741,294.4741,192,144,0.1,50,1.2227589,-57.088818,-4.760342
24161,Coworking,2,1.9477458,1.7149845,4.3190775,0.8816608,1.8465174,3.739674,-2.927875,1.2975459,-0.01969853,39.400127,51.040005,402.175,402.175,192,144,0.1,50,1.2227589,-48.33437,-3.6596231
24161,Coworking,3,2.2075608,1.735552,3.168426,1.1414758,1.8670849,2.5890226,-3.4122736,1.4107202,0.5321988,33.415653,43.624325,479.73892,479.73892,192,144,0.1,50,1.2227588,-64.86904,-2.9955256
24162,OpenOffice,0,-0.6567099,1.2123418,2.8462577,-1.3284748,1.2123418,0.36842537,-3.3833895,1.0068471,3.7218826,49.619144,63.29578,311.50784,311.50784,192,144,0.1,50,2.567279,-107.8035,-4.1042404
24162,OpenOffice,1,-0.5960807,1.2723042,3.3324747,-1.2678455,1.2723042,0.8546423,-3.295961,0.96133393,3.9915242,71.32999,87.47433,200.65579,200.65579,192,144,0.1,50,2.5672789,-103.71783,-6.3844876
24162,OpenOffice,2,-0.52277607,1.1385103,3.06598,-1.1945409,1.1385103,0.58814764,-3.5637233,0.9069345,3.4606333,51.9133,65.97213,295.81158,295.81158,192,144,0.1,50,2.5672789,-97.3945,-4.3187346
24162,OpenOffice,3,-0.7694065,1.1946259,3.0979774,-1.4411713,1.1946259,0.62014496,-3.4693518,0.96190375,3.4673867,73.53785,89.78953,192.7066,192.7066,192,144,0.1,50,2.5672789,-97.79089,-4.8811865
24163,Workshop,0,-5.808375,0.9129227,-1.430758,-5.7298074,0.9129227,-1.3457377,-1.6815823,1.5252274,-2.8729446,31.508692,41.227386,510.4373,510.4373,192,144,0.1,50,0.11576401,70.73705,7.9733357
24163,Workshop,1,-5.675987,0.8603856,-1.0498778,-5.5974193,0.8603856,-0.96485746,-1.5126784,1.4904585,-3.0023825,32.36329,42.3035,496.24463,496.24463,192,144,0.1,50,0.11576401,64.8744,7.802061
24163,Workshop,2,-5.440779,0.9224342,-1.7128191,-5.3622117,0.9224342,-1.6277988,-1.8919529,1.4782121,-3.2002838,51.219604,65.16585,300.41928,300.41928,192,144,0.1,50,0.11576401,67.25936,8.218669
24163,Workshop,3,-5.4671474,0.8819941,-0.9164585,-5.38858,0.8819941,-0.8314382,-1.6257062,1.5644221,-3.2023206,30.117805,39.46939,535.2138,535.2138,192,144,0.1,50,0.11576401,59.245102,8.680035
24164,Reception,0,-2.3193357,2.18499,-1.0170414,0.7042217,2.2425427,-0.9779122,0.19364607,1.55,-3.2187743,98.184456,113.96448,124.770905,124.770905,192,144,0.1,50,3.1415098,48.77699,-10.761078
24164,Reception,1,-1.7280557,2.0823557,-1.1072861,1.2955017,2.1399086,-1.0681568,0.3986086,1.6656682,-3.268959,85.73651,102.12403,155.13474,155.13474,192,144,0.1,50,3.14151,44.53227,-7.824082
24164,Reception,2,-1.6669593,1.741773,0.022986412,1.3565981,1.7993258,0.06211567,0.39857468,1.6876249,-3.470413,63.530437,79.0849,232.56334,232.56334,192,144,0.1,50,3.14151,30.59445,-0.7644156
24164,Reception,3,-2.2562833,2.0777626,-0.6291133,0.7672741,2.1353154,-0.58998406,0.17189473,1.60277,-2.9457874,78.00488,94.394936,177.80972,177.80972,192,144,0.1,50,3.1415095,46.346203,-8.055768
24165,Coworking,0,9.4035015,1.5836682,3.5428634,7.5308967,1.5836682,3.560555,9.21245,1.0417267,-1.1398911,42.61907,54.95793,369.1594,369.1594,192,144,0.1,50,1.8726884,-2.336312,-6.5961103
24165,Coworking,1,9.626981,1.5887203,3.3619256,7.754376,1.5887203,3.3796172,9.39664,1.0654355,-1.2474794,47.388077,60.66611,328.1339,328.1339,192,144,0.1,50,1.8726884,-2.8608022,-6.4687963
24165,Coworking,2,9.955992,1.8892678,2.5837064,8.083386,1.8892678,2.601398,9.205396,1.009579,-1.2441844,72.67489,88.88771,195.76398,195.76398,192,144,0.1,50,1.8726889,-11.094144,-12.708506
24165,Coworking,3,9.309287,1.6301525,3.1961648,7.4366827,1.6301525,3.2138565,9.066505,0.90551347,-1.0437734,31.27782,40.936142,514.40106,514.40106,192,144,0.1,50,1.8726879,-3.2772152,-9.683037
24166,Studio,0,2.8908756,1.5650694,-2.467446,5.183594,1.5650694,-1.7695005,1.701692,0.97905123,-0.98544586,66.89832,82.74808,217.98027,217.98027,192,144,0.1,50,2.396599,-141.25581,-17.140287
24166,Studio,1,3.3050005,1.4763343,-2.3004026,5.597719,1.4763343,-1.6024569,1.956664,0.87274194,-1.0285915,60.904854,76.186,244.9283,244.9283,192,144,0.1,50,2.396599,-133.32707,-18.037714
24166,Studio,2,3.3293707,1.6769955,-2.010104,5.6220894,1.6769955,-1.3121583,1.8451585,0.89947283,-0.8784976,49.66197,63.34599,311.20248,311.20248,192,144,0.1,50,2.396599,-127.32295,-22.616186
24166,Studio,3,3.4043143,1.453809,-1.8678629,5.697033,1.453809,-1.1699173,1.4921782,1.0872737,-1.0651468,56.578552,71.32676,267.55698,267.55698,192,144,0.1,50,2.396599,-112.772705,-10.023301
24167,OpenOffice,0,0.7414541,1.2069255,-1.2497526,3.0500653,1.2069255,1.4785575,-2.0414438,1.484093,-0.5545311,63.323414,78.857704,233.50479,233.50479,192,144,0.1,50,3.7186558,-104.0265,5.5191903
24167,OpenOffice,1,1.0041429,1.4685307,-0.5980772,3.3127542,1.4685307,2.1302328,-2.0747683,1.3440422,-0.7042041,46.23857,59.300995,337.28864,337.28864,192,144,0.1,50,3.7186558,-88.025856,-2.313985
24167,OpenOffice,2,-0.021938384,1.4235734,-1.7719948,2.2866728,1.4235734,0.9563153,-1.795909,1.6167066,-0.41174722,78.83744,95.24178,175.19174,175.19174,192,144,0.1,50,3.718656,-127.480316,4.9378424
24167,OpenOffice,3,-0.008821428,1.3647025,-1.0211984,2.2997897,1.3647025,1.7071117,-2.0663223,1.4062507,-0.4513722,92.587265,108.72841,137.64001,137.64001,192,144,0.1,50,3.7186556,-105.48011,1.1148921
24168,Breakroom,0,2.0420182,0.9741787,0.0286479,2.0561464,0.9741787,0.10569917,-1.1473786,1.3283774,-2.2363436,53.202217,67.46333,287.54745,287.54745,192,144,0.1,50,0.078335844,-54.61904,5.1737638
24168,Breakroom,1,1.6854279,1.3461933,2.8458705,1.6995561,1.3461933,2.9229217,-1.3783591,1.296438,-2.4044487,32.003296,41.85058,502.13318,502.13318,192,144,0.1,50,0.07833574,-30.265398,-0.46895355
24168,Breakroom,2,1.7194195,0.8425479,0.36443636,1.7335477,0.8425479,0.4414876,-1.4513011,1.4704171,-2.088558,59.373257,74.47748,252.59584,252.59584,192,144,0.1,50,0.07833583,-52.27305,8.901459
24168,Breakroom,3,1.0247115,1.355252,-1.4205505,1.0388397,1.355252,-1.3434992,-1.4427903,1.307936,-2.4836211,73.12611,89.35975,194.1576,194.1576,192,144,0.1,50,0.07833586,-66.69224,-1.0089217
24169,Lounge,0,-1.5237179,2.4605904,2.0229266,-2.036952,2.6658742,2.2484303,-0.7355978,0.9727188,-1.1588714,61.390774,76.72536,242.56813,242.56813,192,144,0.1,50,0.59925973,13.911957,-24.413431
24169,Lounge,1,-1.5154859,2.437152,2.3865566,-2.0287201,2.6424358,2.6120603,-0.50416386,1.0658987,-1.1916814,39.48191,51.14018,401.27237,401.27237,192,144,0.1,50,0.5992599,15.781951,-20.242678
24169,Lounge,2,-1.1957037,2.2714365,1.5164344,-1.7089379,2.4767203,1.7419381,-0.81248224,0.98642486,-0.94089663,90.53638,106.77445,142.65822,142.65822,192,144,0.1,50,0.59925973,8.863895,-27.324696
24169,Lounge,3,-1.7578028,2.4922197,-0.082402706,-2.271037,2.6975036,0.14310098,-0.8948,0.988297,-1.3803203,97.72848,113.54307,125.777565,125.777565,192,144,0.1,50,0.5992599,33.620464,-43.976402
24170,Conference,0,7.6438203,1.6646396,0.8505757,7.990128,1.6830363,1.0445373,-1.5437845,1.1527731,-0.19178355,98.184,113.96405,124.77191,124.77191,192,144,0.1,50,0.51224643,-83.52731,-3.1685221
24170,Conference,1,7.887834,1.5956484,0.9590564,8.234142,1.6140451,1.153018,-1.5379459,1.2326509,-0.5389495,72.369316,88.56744,196.86162,196.86162,192,144,0.1,50,0.51224667,-80.96971,-2.178127
24170,Conference,2,6.7526894,1.4699454,-0.17427635,7.098997,1.4883422,0.019685268,-1.7421486,1.1844394,-0.19110829,95.9168,111.859825,129.84764,129.84764,192,144,0.1,50,0.51224643,-89.886475,-1.9249456
24170,Conference,3,7.7122765,1.7678599,0.41173488,8.058584,1.7862566,0.6056965,-1.8659157,1.0613488,-0.37017664,83.607285,100.025406,161.03462,161.03462,192,144,0.1,50,0.5122464,-85.33303,-4.204702
24171,Reception,0,-2.143279,1.6580629,5.011977,-2.181437,1.8122499,5.044603,1.5553448,0.7601953,4.703159,89.97142,106.23276,144.07185,144.07185,192,144,0.1,50,0.16533726,85.227135,-13.599457
24171,Reception,1,-2.4065516,1.6311378,5.0726037,-2.4447095,1.7853248,5.1052294,1.8219273,0.77712816,4.9331675,99.99026,115.62464,120.85122,120.85122,192,144,0.1,50,0.16533731,88.11133,-11.412172
24171,Reception,2,-3.2384694,1.5662819,4.1935897,-3.2766273,1.7204689,4.2262154,1.5975479,0.77336586,4.7157598,60.944817,76.23041,244.73291,244.73291,192,144,0.1,50,0.16533723,96.16265,-9.258523
24171,Reception,3,-2.3778622,1.7381142,5.3227935,-2.4160202,1.8923012,5.355419,1.2575141,0.78841054,4.8284826,74.619576,90.9144,188.96004,188.96004,192,144,0.1,50,0.16533726,82.25684,-14.512881
24172,Breakroom,0,-2.7953134,1.3406757,0.5129254,-2.7785342,1.4338164,0.6486608,-1.5543561,0.9765498,1.7332537,62.77186,78.25124,236.04019,236.04019,192,144,0.1,50,0.16583513,134.5198,-11.816602
24172,Breakroom,1,-3.8721685,1.441649,0.41993782,-3.855389,1.5347897,0.55567324,-1.2106613,0.9254601,2.0565274,45.079014,57.916965,346.96988,346.96988,192,144,0.1,50,0.16583514,121.58781,-9.381138
24172,Breakroom,2,-3.1569464,1.4111552,0.84569603,-3.1401672,1.504296,0.9814314,-1.2217835,1.0367339,1.5185118,89.47128,105.751976,145.33498,145.33498,192,144,0.1,50,0.16583513,109.1715,-10.356659
24172,Breakroom,3,-2.7980967,1.3466147,0.18436086,-2.7813175,1.4397554,0.32009625,-1.6605079,0.91784334,1.4118813,47.222206,60.46955,329.42896,329.42896,192,144,0.1,50,0.16583511,137.17758,-14.369986
24173,OpenOffice,0,1.1039739,0.88497484,1.7820365,1.265368,0.98007786,1.8846713,-0.788252,0.9572225,2.5146394,83.3423,99.76265,161.786,161.786,192,144,0.1,50,0.23508787,-111.16464,2.0392046
24173,OpenOffice,1,2.258841,1.1989938,2.161386,2.4202352,1.2940968,2.264021,-0.53033936,0.958948,2.5004275,42.40223,54.69563,371.23276,371.23276,192,144,0.1,50,0.23508799,-96.93064,-4.8831687
24173,OpenOffice,2,0.95258486,0.8128359,1.5589184,1.113979,0.9079389,1.6615531,-0.9534118,1.0474169,2.187666,102.61435,118.012764,115.33615,115.33615,192,144,0.1,50,0.23508793,-108.25662,6.666486
24173,OpenOffice,3,0.9119605,0.78528845,0.28332973,1.0733546,0.8803915,0.3859645,-0.83659405,1.0117158,2.6927896,61.98572,77.383965,239.7239,239.7239,192,144,0.1,50,0.23508792,-144.03146,4.3493786
24174,Studio,0,-0.88396215,1.9375566,-2.7459297,-0.6857513,2.0063567,-4.0972033,-1.4876462,0.75,-0.17099449,38.851444,50.367107,408.32498,408.32498,192,144,0.1,50,1.8228047,-166.80551,-24.181196
24174,Studio,1,-0.39810532,1.8830143,-2.2040966,-0.19989449,1.9518144,-3.55537,-1.2547967,0.8640294,0.028930247,41.55415,53.66746,379.54007,379.54007,192,144,0.1,50,1.8228048,-159.01091,-23.076275
24174,Studio,2,-0.7035997,1.9532595,-2.4761693,-0.50538886,2.0220594,-3.827443,-1.3325865,0.86536855,-0.27844805,30.71164,40.22094,524.36774,524.36774,192,144,0.1,50,1.8228046,-164.0289,-25.449848
24174,Studio,3,-0.8296673,2.0620718,-3.2390995,-0.6314565,2.1308718,-4.590373,-1.5095768,0.6198728,-0.10492447,35.298904,45.975758,452.58984,452.58984,192,144,0.1,50,1.8228046,-167.76024,-24.213112
24175,Lounge,0,0.92812634,1.6660931,-1.6222267,1.3311422,1.6660931,-4.2572927,2.3371902,1.55,-6.8411026,96.45996,112.36599,128.61534,128.61534,192,144,0.1,50,2.665707,15.109241,-1.2302876
24175,Lounge,1,0.099968016,1.8357655,-1.8804312,0.50298387,1.8357655,-4.515497,2.0412607,1.4061124,-7.182746,101.69781,117.18187,117.23901,117.23901,192,144,0.1,50,2.665707,20.108778,-4.351348
24175,Lounge,2,1.4405966,1.6671844,-1.6511892,1.8436124,1.6671844,-4.2862554,2.4930854,1.471287,-6.6497693,73.488,89.73755,192.88152,192.88152,192,144,0.1,50,2.665707,11.890372,-2.1962001
24175,Lounge,3,0.87174267,1.6027852,-1.3516359,1.2747585,1.6027852,-3.986702,2.041257,1.6300448,-6.5387444,104.86686,120.040344,110.76114,110.76114,192,144,0.1,50,2.665707,12.705769,0.29372814
24176,OpenOffice,0,-2.2869864,1.492579,1.6865034,-2.3423595,1.4549325,1.618964,1.7258103,1.032107,-0.91442794,55.54301,70.14844,273.44986,273.44986,192,144,0.1,50,0.095106155,57.050335,-5.500228
24176,OpenOffice,1,-1.8548795,1.4719433,2.069018,-1.9102527,1.4342967,2.0014784,2.0316625,1.0386362,-0.99672735,67.348175,83.23269,216.1306,216.1306,192,144,0.1,50,0.09510617,51.73325,-5.002584
24176,OpenOffice,2,-0.67520154,2.2039196,4.006061,-0.7305747,2.166273,3.9385216,1.4267251,0.9875361,-1.2309992,52.28894,66.40764,293.36404,293.36404,192,144,0.1,50,0.09510617,21.868366,-12.164067
24176,OpenOffice,3,-0.70060575,1.7984307,2.0069337,-0.75597894,1.7607841,1.9393942,1.573787,1.1509161,-1.0498633,53.878075,68.24166,283.36084,283.36084,192,144,0.1,50,0.09510617,36.650883,-9.645084
24177,Reception,0,-4.323441,1.3067325,2.4215682,-3.6198773,1.3067325,4.2218695,-2.8921669,1.3754627,1.335049,93.01332,109.131905,136.6191,136.6191,192,144,0.1,50,1.9328959,52.79688,2.1903794
24177,Reception,1,-4.4366827,1.2162056,2.1978092,-3.733119,1.2162056,3.9981105,-3.0611823,1.3657438,1.5511214,93.281235,109.38521,135.98079,135.98079,192,144,0.1,50,1.9328959,64.819565,5.6189327
24177,Reception,2,-4.5487537,0.9927213,1.5698874,-3.8451903,0.9927213,3.3701887,-2.5724297,1.3561792,1.2388822,98.487045,114.24362,124.10671,124.10671,192,144,0.1,50,1.9328959,80.49204,10.280524
24177,Reception,3,-5.174743,1.0603272,2.654416,-4.4711795,1.0603272,4.4547176,-3.1525712,1.2956042,1.3233349,57.72139,72.62036,261.27902,261.27902,192,144,0.1,50,1.9328961,56.64536,5.5508084
24178,Conference,0,0.48968363,0.85493654,2.2525103,0.6131601,0.9953083,3.4811046,-2.4856434,0.75,1.530842,82.987076,99.40988,162.79938,162.79938,192,144,0.1,50,1.518767,-76.36615,-1.96305
24178,Conference,1,0.8030328,0.84440666,2.1836762,0.92650926,0.9847784,3.4122705,-2.6963618,0.6030245,1.2282605,102.66312,118.05687,115.23559,115.23559,192,144,0.1,50,1.5187674,-74.72911,-3.8070056
24178,Conference,2,1.0660356,1.0807767,1.1809919,1.189512,1.2211485,2.4095862,-2.6886728,0.8314088,1.4615185,71.99187,88.17112,198.22858,198.22858,192,144,0.1,50,1.5187672,-94.27282,-3.7891726
24178,Conference,3,0.53359866,0.825208,1.8957688,0.6570751,0.96557975,3.1243632,-2.694521,0.7162519,1.2106329,91.36046,107.56192,140.62076,140.62076,192,144,0.1,50,1.518767,-78.01736,-1.891033
24179,Lounge,0,-3.5545282,1.9885083,5.959451,-4.560375,1.9885083,8.43983,-1.7815745,1.038012,6.8760424,82.88291,99.30631,163.0979,163.0979,192,144,0.1,50,2.6765661,117.33831,-25.465244
24179,Lounge,1,-3.5007222,1.9298681,5.5940046,-4.506569,1.9298681,8.074383,-1.8646169,1.0683126,6.8026304,75.176895,91.491516,187.06583,187.06583,192,144,0.1,50,2.6765656,126.45407,-22.95525
24179,Lounge,2,-3.4127824,1.9399565,5.326079,-4.418629,1.9399565,7.8064575,-2.0552583,1.081552,6.8266764,75.84695,92.18322,184.81989,184.81989,192,144,0.1,50,2.6765661,137.86574,-22.987236
24179,Lounge,3,-3.1924815,2.000845,5.479647,-4.1983285,2.000845,7.960026,-1.5764078,0.94905245,7.100374,77.6018,93.98364,179.09413,179.09413,192,144,0.1,50,2.6765661,135.08237,-24.680943
24180,Conference,0,-0.3139038,1.789822,3.6055906,-2.5381794,1.789822,3.9194806,1.8153567,1.3974094,3.5815542,71.99161,88.170845,198.22952,198.22952,192,144,0.1,50,2.2463145,89.35324,-10.441518
24180,Conference,1,-0.35880327,1.7207602,3.1077724,-2.5830789,1.7207602,3.4216623,1.6066495,1.4573184,3.2810931,57.8844,72.8043,260.40204,260.40204,192,144,0.1,50,2.2463145,95.03951,-7.6050425
24180,Conference,2,-0.92642576,1.9335421,3.4342277,-3.1507013,1.9335421,3.7481177,1.8621762,1.2950883,3.8965197,58.960415,74.01474,254.72443,254.72443,192,144,0.1,50,2.2463145,99.412834,-12.727741
24180,Conference,3,-1.6294637,1.5872604,2.7759862,-3.8537393,1.5872604,3.0898762,1.7263899,1.3075432,3.7060926,48.426323,61.893127,320.21777,320.21777,192,144,0.1,50,2.2463145,105.49121,-4.5923653
24181,Studio,0,0.6178701,1.5316854,-1.6362293,0.56729996,1.415016,-1.6650212,3.1589017,1.2770241,0.06699766,65.98594,81.761826,221.80013,221.80013,192,144,0.1,50,0.13054717,123.83353,-4.7588034
24181,Studio,1,1.1691097,1.6313056,-1.4848766,1.1185396,1.5146363,-1.5136685,3.1598756,1.2648493,0.00024940073,53.298077,67.573875,286.94766,286.94766,192,144,0.1,50,0.13054715,126.72322,-8.393134
24181,Studio,2,0.9377009,1.8283079,0.8520169,0.8871308,1.7116386,0.823225,2.9620497,1.3591053,0.34177446,71.16243,87.297554,201.27646,201.27646,192,144,0.1,50,0.13054717,75.85313,-12.666759
24181,Studio,3,1.1403842,1.62797,-1.1008862,1.0898142,1.5113008,-1.1296781,2.999484,1.1660092,0.1408747,85.72224,102.11004,155.17351,155.17351,192,144,0.1,50,0.130547,123.74042,-11.674827
24182,Lounge,0,0.059099197,1.2639936,2.9770179,-0.571427,1.2639936,1.2232046,0.63489896,0.88790995,-0.6321873,79.36792,95.77951,173.54768,173.54768,192,144,0.1,50,1.8637124,9.064379,-5.8750567
24182,Lounge,1,-0.09403454,1.4009757,2.605822,-0.72456074,1.4009757,0.8520087,0.8184111,1.0294445,-0.9717233,83.976845,100.39125,159.99321,159.99321,192,144,0.1,50,1.8637125,14.308132,-5.7463017
24182,Lounge,2,-0.29144153,1.2651405,2.8268008,-0.92196774,1.2651405,1.0729876,0.6324849,0.7670003,-0.3755627,78.97781,95.384224,174.7549,174.7549,192,144,0.1,50,1.8637124,16.093588,-8.500381
24182,Lounge,3,0.14299703,1.2966899,2.6720693,-0.48752916,1.2966899,0.91825604,0.49179763,0.8431618,-0.471764,95.56947,111.535484,130.64114,130.64114,192,144,0.1,50,1.8637124,6.330934,-8.159448
24183,Coworking,0,-1.4739547,0.90649706,-3.1738741,-1.3857775,0.90649706,-3.198507,1.3800912,0.9998976,-1.7648494,79.56129,95.97516,172.95294,172.95294,192,144,0.1,50,0.09155326,116.27527,1.6808263
24183,Coworking,1,-1.1949023,0.85757416,-3.1830578,-1.1067251,0.85757416,-3.2076907,1.2270691,1.0956362,-1.7072058,69.00716,85.010345,209.49327,209.49327,192,144,0.1,50,0.09155326,121.35645,4.797972
24183,Coworking,2,-2.2003593,0.7424491,-1.3634034,-2.1121821,0.7424491,-1.3880364,1.7130162,0.9205017,-1.4328227,81.48471,97.9109,167.16533,167.16533,192,144,0.1,50,0.09155326,88.98374,2.604665
24183,Coworking,3,-2.413939,0.9246368,-1.2744495,-2.3257618,0.9246368,-1.2990824,1.3391428,1.0747354,-1.685348,76.04582,92.38807,184.15976,184.15976,192,144,0.1,50,0.09155326,83.75197,2.276645
24184,Studio,0,0.7756114,2.0509136,0.67018676,2.0173645,2.0983763,-0.18316382,-0.3031537,0.75,0.29048225,92.26314,108.42089,138.42155,138.42155,192,144,0.1,50,1.5078245,-70.60892,-48.68115
24184,Studio,1,0.63253474,2.1257617,1.4769561,1.8742878,2.1732244,0.6236056,-0.5710782,0.6200225,0.21127734,66.14128,81.93005,221.1432,221.1432,192,144,0.1,50,1.5078243,-43.560165,-40.76447
24184,Studio,2,1.0265827,2.1966739,0.02989471,2.2683358,2.2441368,-0.82345587,-0.58858705,0.6000793,0.11081426,99.786,115.437546,121.28932,121.28932,192,144,0.1,50,1.5078244,-92.8681,-44.632732
24184,Studio,3,0.9416713,1.7989858,1.6594768,2.1834245,1.8464485,0.8061262,-0.10771868,0.6944627,0.44389546,78.172356,94.565575,177.27933,177.27933,192,144,0.1,50,1.5078243,-40.803467,-34.520134
24185,Reception,0,1.6032734,1.4501883,1.654578,0.9959844,1.4867258,0.65039444,-1.9782181,0.75,2.4073877,101.639435,117.12884,117.36103,117.36103,192,144,0.1,50,1.222551,-101.87045,-10.831006
24185,Reception,1,2.7149014,1.1189725,2.2115524,2.1076126,1.1555101,1.2073689,-1.8872575,0.60825837,2.1314182,51.44304,65.42582,298.92255,298.92255,192,144,0.1,50,1.2225509,-89.00245,-6.331408
24185,Reception,2,1.1835722,1.6359322,2.363497,0.5762831,1.6724697,1.3593135,-1.7948735,0.7886914,2.1535866,106.15165,121.18783,108.213295,108.213295,192,144,0.1,50,1.2225513,-85.96866,-15.84148
24185,Reception,3,1.5207373,1.4902446,1.9199295,0.9134483,1.5267822,0.915746,-1.7303557,0.68150187,2.6138742,103.50679,118.81852,113.50661,113.50661,192,144,0.1,50,1.2225513,-102.04895,-13.673294
24186,OpenOffice,0,0.19614601,1.5590076,-1.2973564,-0.5986124,1.5590076,0.4001354,-0.8415445,1.0059081,3.3975885,32.459667,42.424667,494.68967,494.68967,192,144,0.1,50,1.8743317,-167.53668,-6.561964
24186,OpenOffice,1,0.28724796,1.5143791,-1.6378971,-0.5075105,1.5143791,0.05959466,-0.9042071,1.1025519,3.3787727,31.365915,41.047295,512.8819,512.8819,192,144,0.1,50,1.8743317,-166.63983,-4.566525
24186,OpenOffice,2,0.0385094,1.7287796,-0.44792384,-0.75624907,1.7287796,1.249568,-1.1572783,1.0766981,3.1426842,41.773144,53.9333,377.36407,377.36407,192,144,0.1,50,1.8743318,-161.58058,-9.776277
24186,OpenOffice,3,0.00531587,1.6138687,-1.4648613,-0.78944254,1.6138687,0.23263045,-1.1877201,0.9742722,3.0591679,35.56108,46.301846,449.03143,449.03143,192,144,0.1,50,1.8743317,-165.2268,-7.7843156
24187,Reception,0,1.718924,1.2745107,3.9050112,1.7783782,1.5228224,3.9001527,0.83804864,0.9621346,0.44655377,71.59362,87.752144,199.68436,199.68436,192,144,0.1,50,0.258627,-14.289509,-5.0022306
24187,Reception,1,2.3736725,0.96177185,1.5049841,2.4331267,1.2100835,1.5001256,0.6794146,1.0622636,0.4347121,81.37826,97.80426,167.47972,167.47972,192,144,0.1,50,0.258627,-57.719177,2.8707345
24187,Reception,2,1.7693824,1.3189329,2.9103074,1.8288366,1.5672445,2.905449,0.7808089,1.0909452,0.7466507,72.55656,88.76374,196.1881,196.1881,192,144,0.1,50,0.25862697,-24.555632,-5.4745903
24187,Reception,3,1.5575614,1.2164989,4.2322216,1.6170156,1.4648105,4.227363,0.6392498,0.90061754,0.24551997,58.10854,73.05695,259.20358,259.20358,192,144,0.1,50,0.258627,-12.971466,-4.4151535
24188,Lounge,0,5.025299,0.96824837,4.954226,6.3396053,1.1319603,3.1956048,-0.010319337,0.9134696,0.04671137,88.90616,105.2073,146.77571,146.77571,192,144,0.1,50,2.2031476,-45.738136,-0.44635633
24188,Lounge,1,4.5407662,1.1206388,4.9685144,5.8550725,1.2843508,3.2098932,-0.2234221,1.0433475,-0.14589818,88.65654,104.966225,147.4167,147.4167,192,144,0.1,50,2.203148,-42.96955,-0.63355273
24188,Lounge,2,5.177047,1.0539098,4.37591,6.491353,1.2176217,2.6172886,-0.14053202,0.8406167,-0.242557,100.283646,115.89307,120.224205,120.224205,192,144,0.1,50,2.2031476,-49.02477,-1.7345856
24188,Lounge,3,6.6959367,1.5437589,5.357858,8.010242,1.7074708,3.599237,0.313748,0.87412745,-0.16765752,69.33497,85.35984,208.21478,208.21478,192,144,0.1,50,2.2031476,-49.11493,-4.535404
24189,Studio,0,-0.16452265,2.3586538,-2.9367375,-0.23908488,2.205567,-3.0754173,1.0013444,0.75,-5.168572,41.786884,53.949974,377.22824,377.22824,192,144,0.1,50,0.22813037,27.581696,-32.572937
24189,Studio,1,-0.07604956,2.2023356,-2.52739,-0.15061179,2.0492487,-2.6660695,0.86433214,0.78977793,-5.4110837,29.631447,38.85277,544.41315,544.41315,192,144,0.1,50,0.22813025,18.061312,-24.971691
24189,Studio,2,-0.20055346,2.3108566,-2.677596,-0.2751157,2.1577697,-2.8162758,0.98213387,0.601744,-5.008543,36.709217,47.726135,434.0277,434.0277,192,144,0.1,50,0.22813037,26.90255,-33.179672
24189,Studio,3,0.47278023,2.2184563,-3.0309289,0.39821798,2.0653694,-3.1696086,0.71575356,0.80893433,-5.2700524,51.931953,65.993774,295.68927,295.68927,192,144,0.1,50,0.22813037,6.1930876,-32.03929
24190,Lounge,0,-1.1575515,1.4548537,-3.3526974,-1.1575927,1.3521457,-3.2753463,1.8396062,1.4009112,-4.5728865,79.33345,95.74461,173.65395,173.65395,192,144,0.1,50,0.12901144,67.84801,-0.95499706
24190,Lounge,1,-0.22293735,1.6596731,-3.4077685,-0.22297847,1.5569651,-3.3304174,1.9205391,1.4026331,-4.416458,76.28768,92.63692,183.36089,183.36089,192,144,0.1,50,0.12901142,64.79899,-6.1925707
24190,Lounge,2,-1.6305082,1.408526,-3.279151,-1.6305493,1.305818,-3.2017999,1.7683091,1.3722845,-4.5716977,67.08511,82.94945,217.20955,217.20955,192,144,0.1,50,0.12901144,69.178535,-0.571024
24190,Lounge,3,-1.3884913,1.3872399,-3.186039,-1.3885324,1.284532,-3.1086879,1.9948537,1.3939667,-4.4117823,96.84303,112.72218,127.75252,127.75252,192,144,0.1,50,0.12901142,70.08519,0.10710281
24191,Library,0,1.2805262,1.7622964,-3.8254666,1.2235149,1.7622964,1.0911875,-0.09546113,0.9796549,2.7591786,33.432114,43.644943,479.48877,479.48877,192,144,0.1,50,4.9169846,-168.19681,-6.636266
24191,Library,1,1.6823199,1.6073447,-3.9283934,1.6253086,1.6073447,0.98826087,0.11417481,1.09541,2.9239712,39.776325,51.500526,398.05255,398.05255,192,144,0.1,50,4.9169846,-167.10999,-4.1653
24191,Library,2,0.9469861,1.7194623,-4.0066886,0.88997483,1.7194623,0.9099654,-0.16395086,1.0413821,2.4326072,28.841349,37.84904,560.00397,560.00397,192,144,0.1,50,4.9169846,-170.21143,-5.924404
24191,Library,3,1.1360109,1.6912948,-3.3495579,1.0789996,1.6912948,1.5670964,-0.3380612,0.99079156,2.5250869,29.424213,38.58975,548.4232,548.4232,192,144,0.1,50,4.9169846,-165.9141,-6.597313
24192,Studio,0,4.0119743,1.259202,1.7088983,3.868436,1.3951067,1.7269933,0.4472038,0.9958236,-2.003876,105.77532,120.85239,108.95511,108.95511,192,144,0.1,50,0.20582262,-43.834934,-2.9293044
24192,Studio,1,4.7005224,1.1440915,1.6347528,4.556984,1.2799962,1.6528478,0.27442223,1.0901343,-1.7693905,104.1367,119.38533,112.22874,112.22874,192,144,0.1,50,0.20582286,-52.435875,-0.5536441
24192,Studio,2,4.0578,1.2793413,1.3355588,3.9142618,1.415246,1.3536538,0.7671346,0.94467735,-1.7177209,101.42157,116.93076,117.817375,117.817375,192,144,0.1,50,0.20582248,-47.142967,-4.263642
24192,Studio,3,4.4712405,1.3779179,1.6065685,4.327702,1.5138226,1.6246635,0.35202447,0.9140531,-2.1630979,101.217926,116.745445,118.24522,118.24522,192,144,0.1,50,0.20582286,-47.537067,-4.7488847
24193,Training,0,4.916009,1.0027034,1.7189925,4.8677835,1.0027034,1.7641469,1.8185242,0.97188133,2.2732549,38.57379,50.02604,411.50116,411.50116,192,144,0.1,50,0.06606522,-100.14511,-0.56120026
24193,Training,1,4.3863378,1.2071061,2.2633476,4.3381124,1.2071061,2.308502,2.1251204,0.851862,2.0328696,59.16594,74.245224,253.66138,253.66138,192,144,0.1,50,0.06606514,-84.180145,-8.883079
24193,Training,2,4.6046576,0.87248665,2.02162,4.5564322,0.87248665,2.0667744,2.1315587,0.8497713,2.356021,41.995575,54.203068,375.17612,375.17612,192,144,0.1,50,0.06606514,-97.70056,-0.5214995
24193,Training,3,4.55519,0.9983708,1.7745581,4.5069647,0.9983708,1.8197125,1.777931,0.8450152,2.480634,49.67151,63.357178,311.1345,311.1345,192,144,0.1,50,0.06606522,-104.26438,-3.0633125
24194,Reception,0,1.1220288,2.8227212,-4.4687767,2.890235,2.8227212,-2.9918284,-1.558541,1.3221691,-3.0599723,48.0865,61.492138,322.77338,322.77338,192,144,0.1,50,2.3038943,-117.72469,-26.359385
24194,Reception,1,0.94532764,2.742682,-4.1108885,2.7135339,2.742682,-2.6339402,-1.2398971,1.3351848,-3.2831528,55.654892,70.276024,272.80347,272.80347,192,144,0.1,50,2.3038945,-110.74606,-31.061974
24194,Reception,2,1.1882988,3.0409205,-5.067569,2.956505,3.0409205,-3.5906205,-1.7031039,1.3557441,-2.9963717,56.732773,71.50175,266.69626,266.69626,192,144,0.1,50,2.3038945,-125.61514,-25.351793
24194,Reception,3,-0.21780908,3.4004006,-5.3423862,1.550397,3.4004006,-3.8654382,-1.7109525,1.2610856,-2.9834774,52.716335,66.90225,290.61868,290.61868,192,144,0.1,50,2.303894,-147.66698,-37.4628
24195,Workshop,0,0.6892965,1.5256257,0.2260449,0.7930083,1.6974204,0.4592083,-3.0120952,0.80980337,2.1421008,36.586693,47.574432,435.58545,435.58545,192,144,0.1,50,0.31009436,-117.36871,-9.745224
24195,Workshop,1,-0.22263914,1.3103273,0.42140943,-0.1189273,1.482122,0.65457284,-2.8512235,0.7839086,2.2176692,72.325264,88.52121,197.02054,197.02054,192,144,0.1,50,0.31009436,-124.347,-9.388771
24195,Workshop,2,0.55851007,1.4200114,-0.14194134,0.6622219,1.591806,0.09122208,-3.2402449,0.88865083,1.8782349,33.819,44.129276,473.67746,473.67746,192,144,0.1,50,0.31009436,-118.004036,-7.040376
24195,Workshop,3,0.02504617,1.6067989,0.9628445,0.12875801,1.7785935,1.196008,-2.690887,0.685946,2.4168522,62.557465,78.01506,237.03656,237.03656,192,144,0.1,50,0.3100944,-118.16292,-16.64218
24196,Conference,0,-0.6523943,1.6714462,-3.20583,-0.68181854,1.4601303,-3.220148,-0.10144207,1.3004265,3.3482697,37.055977,48.155098,429.673,429.673,192,144,0.1,50,0.21422331,175.19489,-3.2286243
24196,Conference,1,-0.412133,1.7364751,-2.7982445,-0.44155726,1.5251592,-2.8125625,0.15175354,1.2010143,3.616874,41.05761,53.063812,384.556,384.556,192,144,0.1,50,0.21422333,174.97664,-4.753095
24196,Conference,2,-0.26847282,1.5841881,-3.0121646,-0.29789707,1.3728722,-3.0264826,0.16395032,1.275593,3.0899107,55.72126,70.35168,272.42117,272.42117,192,144,0.1,50,0.21422331,175.94652,-2.8878744
24196,Conference,3,0.42356026,1.7719656,-2.6529307,0.394136,1.5606498,-2.6672487,-0.057289362,1.1653672,3.1796668,38.03988,49.369156,417.73407,417.73407,192,144,0.1,50,0.2142233,-175.2871,-5.9175634
24197,Reception,0,1.8429708,1.2835672,4.8075595,-0.40739322,1.2835672,4.1462107,0.5785709,1.0015638,2.2827983,80.44176,96.86361,170.2751,170.2751,192,144,0.1,50,2.345532,-26.601702,-5.7032833
24197,Reception,1,2.388805,1.534653,6.145998,0.13844097,1.534653,5.484649,0.8608558,0.85215116,2.6076083,69.287674,85.309456,208.39857,208.39857,192,144,0.1,50,2.345532,-23.355675,-10.041848
24197,Reception,2,1.6135129,1.2008057,4.6102724,-0.6368512,1.2008057,3.9489236,0.26774037,0.93025446,2.0627422,91.65228,107.84003,139.90611,139.90611,192,144,0.1,50,2.345532,-27.845953,-5.3645697
24197,Reception,3,1.5245571,1.3872447,4.993994,-0.7258069,1.3872447,4.3326454,0.8672837,0.94383115,2.4844844,64.40844,80.04587,228.63078,228.63078,192,144,0.1,50,2.345532,-14.676839,-9.699705
24198,Studio,0,1.9538422,0.8803344,-7.9250183,2.8343801,0.8803344,-5.678006,0.17086247,0.9896568,-4.8501143,65.8588,81.62403,222.33986,222.33986,192,144,0.1,50,2.4133816,-149.89275,1.7616665
24198,Studio,1,1.5491292,0.98883915,-7.543339,2.4296672,0.98883915,-5.2963266,0.2896296,0.90408564,-5.04913,100.4788,116.07142,119.80861,119.80861,192,144,0.1,50,2.4133816,-153.20761,-1.7373749
24198,Studio,2,1.9135416,0.88987,-7.5936747,2.7940795,0.88987,-5.3466625,0.14451924,1.0059291,-4.6443496,84.53414,100.94169,158.43675,158.43675,192,144,0.1,50,2.4133816,-149.04443,1.932779
24198,Studio,3,1.6571136,0.8034666,-6.959937,2.5376515,0.8034666,-4.712925,-0.06442171,1.091223,-4.890349,87.1494,103.50439,151.34868,151.34868,192,144,0.1,50,2.4133816,-140.24548,6.1013527
24199,Breakroom,0,5.3434463,1.9049469,-1.8343179,5.3379,1.9331603,-1.7803404,7.659356,0.9986858,-3.7993586,46.404648,59.498646,335.93954,335.93954,192,144,0.1,50,0.063812226,49.68552,-16.614218
24199,Breakroom,1,5.436046,1.8326011,-2.2125452,5.4305,1.8608145,-2.1585677,7.428764,1.0071421,-3.7255578,42.792374,55.167404,367.5167,367.5167,192,144,0.1,50,0.06381218,52.791656,-18.258564
24199,Breakroom,2,5.372416,1.9696549,-0.6874198,5.36687,1.9978683,-0.6334423,7.452564,0.9084065,-3.6132414,43.14168,55.589153,364.24396,364.24396,192,144,0.1,50,0.0638122,35.411377,-16.468725
24199,Breakroom,3,5.67359,1.8732597,-1.7776964,5.668044,1.901473,-1.7237189,7.9997306,1.0521033,-3.6638613,66.06739,81.85005,221.45534,221.45534,192,144,0.1,50,0.063812286,50.962925,-15.333541
24200,Coworking,0,-0.04370737,1.783575,-4.272522,-0.07723631,1.997606,-4.2778106,1.993807,0.99168706,-4.6754827,45.089027,57.928947,346.88425,346.88425,192,144,0.1,50,0.21696252,78.812935,-20.870308
24200,Coworking,1,-0.3927222,1.7315558,-4.993256,-0.4262511,1.9455868,-4.9985447,2.1385176,1.0105286,-4.6121345,38.56365,50.013577,411.618,411.618,192,144,0.1,50,0.2169625,98.562546,-15.73128
24200,Coworking,2,-0.3300288,1.6905047,-4.7095575,-0.36355776,1.9045357,-4.714846,2.3113573,1.014845,-4.707139,46.647453,59.787357,333.9835,333.9835,192,144,0.1,50,0.21696252,90.05246,-14.348436
24200,Coworking,3,-0.23177478,1.8170428,-4.110678,-0.26530373,2.0310738,-4.115967,2.007263,0.97279227,-4.683133,51.535606,65.533455,298.306,298.306,192,144,0.1,50,0.21696247,75.65841,-20.067701
24201,Conference,0,-4.30988,1.7881154,4.026377,-8.923002,1.7881154,2.3657408,-5.5901785,0.9693206,0.7671536,47.628178,60.950363,326.2744,326.2744,192,144,0.1,50,4.902919,-21.446053,-13.160992
24201,Conference,1,-5.1581903,1.5430167,4.7265983,-9.771313,1.5430167,3.0659618,-5.4871035,0.95370436,0.6735552,40.725025,52.658802,387.98114,387.98114,192,144,0.1,50,4.902919,-4.6395097,-8.246097
24201,Conference,2,-3.9250817,2.1009078,3.181213,-8.538204,2.1009078,1.5205765,-5.8525367,1.0241672,0.8438086,46.540504,59.66023,334.8427,334.8427,192,144,0.1,50,4.902919,-39.50945,-19.565498
24201,Conference,3,-4.432849,1.8188641,4.5582438,-9.045971,1.8188641,2.8976073,-5.7744465,0.94370604,0.7595365,43.91017,56.514835,357.21844,357.21844,192,144,0.1,50,4.9029183,-19.451801,-12.25613
24202,Breakroom,0,2.6390896,1.2160841,-3.9441464,2.6079316,1.3059751,-3.9500136,0.9300558,1.0469426,-2.763439,51.027885,64.94255,301.71332,301.71332,192,144,0.1,50,0.09619543,-124.63914,-4.655133
24202,Breakroom,1,2.7952304,1.1357042,-4.2482553,2.7640724,1.2255951,-4.2541227,1.1931559,1.1536825,-2.4260604,49.863342,63.582,309.77295,309.77295,192,144,0.1,50,0.09619543,-138.67804,0.42453665
24202,Breakroom,2,2.7500885,1.2637056,-3.5448012,2.7189305,1.3535966,-3.5506685,1.2732581,0.9188525,-2.7175987,70.19838,86.27759,204.89745,204.89745,192,144,0.1,50,0.096195415,-119.25407,-11.515141
24202,Breakroom,3,2.3405664,1.2763637,-3.6891904,2.3094084,1.3662547,-3.6950576,1.2669489,1.0796446,-2.6007562,56.574657,71.32234,267.57877,267.57877,192,144,0.1,50,0.09619545,-135.39265,-7.332099
24203,OpenOffice,0,1.7717543,0.8430066,-1.89111,1.7594479,0.87397534,-1.8588986,0.31512168,0.80825216,0.5762657,87.07239,103.429405,151.55249,151.55249,192,144,0.1,50,0.05410134,-149.44423,-0.69494045
24203,OpenOffice,1,1.9531604,0.8802816,-2.1100984,1.9408541,0.91125035,-2.077887,0.484892,0.82814986,0.23951274,70.022896,86.09138,205.56589,205.56589,192,144,0.1,50,0.054101333,-147.9988,-1.0779353
24203,OpenOffice,2,1.1796918,1.0705912,-1.5989668,1.1673856,1.1015599,-1.5667555,0.09525375,0.9034076,0.27727428,83.99501,100.40921,159.94221,159.94221,192,144,0.1,50,0.0541013,-149.97276,-4.411433
24203,OpenOffice,3,1.3810705,0.8836248,-1.928556,1.3687642,0.91459346,-1.8963447,0.47048354,0.9487638,0.7118906,101.4612,116.9668,117.734276,117.734276,192,144,0.1,50,0.05410125,-160.97269,1.3359995
24204,OpenOffice,0,6.1223574,2.655993,1.9409742,6.714624,2.6657624,2.5368962,4.90277,1.02444,0.79385704,96.454575,112.36097,128.62752,128.62752,192,144,0.1,50,0.840864,-46.75389,-44.25922
24204,OpenOffice,1,6.3011675,2.5733564,2.2864745,6.8934336,2.5831258,2.8823965,5.122807,1.0180988,0.6632722,77.64253,94.025246,178.96382,178.96382,192,144,0.1,50,0.84086376,-35.9777,-37.788998
24204,OpenOffice,2,5.9148607,2.4563525,0.8573307,6.5071273,2.466122,1.4532527,5.0450115,1.0212786,0.8933307,87.235115,103.587814,151.12215,151.12215,192,144,0.1,50,0.84086406,-92.36992,-58.756718
24204,OpenOffice,3,5.9514966,2.481922,2.4674869,6.543763,2.4916914,3.0634089,4.6049914,1.1309721,1.0031118,65.92058,81.690994,222.07738,222.07738,192,144,0.1,50,0.8408641,-42.598797,-34.180225
24205,Coworking,0,-4.383755,1.4810139,0.41976166,-2.2433653,1.4810139,-1.4569373,-0.14354236,1.2138555,0.81748325,57.726067,72.62564,261.25378,261.25378,192,144,0.1,50,2.846624,95.35853,-3.5894916
24205,Coworking,1,-4.542703,1.5408368,0.68360454,-2.4023132,1.5408368,-1.1930945,-0.0029229969,1.1064677,0.74717396,65.70033,81.452156,223.0152,223.0152,192,144,0.1,50,2.846624,90.80225,-5.4649267
24205,Coworking,2,-5.3385572,1.4861802,-0.22106951,-3.198167,1.4861802,-2.0977685,-0.2384132,1.2901622,0.58131456,59.235535,74.32322,253.30292,253.30292,192,144,0.1,50,2.8466241,98.94082,-2.1742942
24205,Coworking,3,-4.838233,1.4434285,0.33605984,-2.6978433,1.4434285,-1.5406392,-0.20486929,1.3392898,0.8866938,59.290833,74.38517,253.01866,253.01866,192,144,0.1,50,2.8466237,96.777306,-1.2785598
24206,Lounge,0,3.109438,1.7281814,-4.406381,0.48204803,1.7281814,-2.9819589,-3.656348,0.75,-4.083207,40.53027,52.421387,390.01178,390.01178,192,144,0.1,50,2.9886713,-92.73471,-8.217443
24206,Lounge,1,3.2086983,1.6610439,-4.041859,0.58130825,1.6610439,-2.6174366,-3.8459752,0.6901892,-3.8178,40.24318,52.071064,393.03952,393.03952,192,144,0.1,50,2.9886715,-91.81912,-7.83185
24206,Lounge,2,2.4778748,1.514631,-4.2558374,-0.14951515,1.514631,-2.8314152,-3.962233,0.7278942,-4.0005527,35.988228,46.832447,443.3414,443.3414,192,144,0.1,50,2.9886713,-92.27001,-6.9594493
24206,Lounge,3,3.4295976,1.7456334,-4.3346853,0.8022076,1.7456334,-2.9102628,-3.9190001,0.6562638,-4.144834,47.442623,60.730717,327.7099,327.7099,192,144,0.1,50,2.9886715,-91.479904,-8.42945
24207,Training,0,-3.592395,1.0945269,1.3777676,-3.691917,1.2699394,1.2388465,-2.8527474,0.75,-2.431703,32.032074,41.886806,501.65765,501.65765,192,144,0.1,50,0.2665377,10.987848,-5.0735087
24207,Training,1,-3.4509964,1.0263331,1.5838432,-3.5505183,1.2017456,1.4449222,-2.8136508,0.893007,-2.6914105,36.60677,47.599297,435.32953,435.32953,192,144,0.1,50,0.2665377,8.479084,-1.7667098
24207,Training,2,-3.679235,1.0693818,1.6609263,-3.7787569,1.2447944,1.5220053,-2.8158774,0.83253324,-2.6375706,44.88023,57.679,348.67706,348.67706,192,144,0.1,50,0.26653767,11.35681,-3.092196
24207,Training,3,-4.092615,0.9308683,1.4254613,-4.192137,1.1062809,1.2865403,-3.0638099,0.8242132,-2.1748855,41.800938,53.967026,377.08945,377.08945,192,144,0.1,50,0.26653782,15.947378,-1.6315426
24208,Reception,0,-0.5373359,0.9708731,5.865634,0.5057478,0.9708731,4.1219215,-0.9547212,0.9677759,-4.5026274,103.88582,119.15977,112.736374,112.736374,192,144,0.1,50,2.031885,-2.3052576,-0.017101705
24208,Reception,1,-0.21532336,1.0869623,5.673865,0.82776034,1.0869623,3.9301527,-0.9811574,0.88313204,-4.489287,95.43297,111.40787,130.95421,130.95421,192,144,0.1,50,2.0318847,-4.3093224,-1.1457123
24208,Reception,2,-0.780855,0.99203044,5.567651,0.26222867,0.99203044,3.8239384,-0.87105834,1.0660024,-4.7102594,103.40178,118.72388,113.72072,113.72072,192,144,0.1,50,2.031885,-0.50283945,0.41234478
24208,Reception,3,-0.50194055,1.0577253,6.1216717,0.5411431,1.0577253,4.3779593,-0.8659847,0.94964397,-4.405759,102.83845,118.2154,114.8746,114.8746,192,144,0.1,50,2.031885,-1.9805293,-0.58786315
24209,Training,0,-4.7607374,3.0672166,-3.0718694,-5.5482197,2.8875551,-2.9748127,-2.0464156,1.5150577,-2.7629642,55.691845,70.31816,272.59048,272.59048,192,144,0.1,50,1.1137432,96.49265,-29.604061
24209,Training,1,-5.216809,3.1104414,-2.688048,-6.004291,2.93078,-2.5909913,-2.039904,1.5429575,-2.7523246,40.08082,51.872765,394.77023,394.77023,192,144,0.1,50,1.1137432,88.84092,-26.257069
24209,Training,2,-4.3467345,3.2108083,-2.1304092,-5.134217,3.0311468,-2.0333526,-2.3558424,1.3902438,-2.684191,49.330257,62.956764,313.58102,313.58102,192,144,0.1,50,1.1137431,74.45569,-41.380028
24209,Training,3,-4.735196,3.1350808,-3.487934,-5.5226784,2.9554193,-3.3908775,-2.2070205,1.6548473,-2.6266818,70.575714,86.67741,203.46991,203.46991,192,144,0.1,50,1.1137432,108.812004,-28.996035
24210,Training,0,5.7125216,1.4837672,5.325139,3.8619733,1.4837672,5.3150115,5.541686,0.75,3.2456324,28.47752,37.385994,567.46796,567.46796,192,144,0.1,50,1.8505759,-4.696413,-19.37533
24210,Training,1,5.9669914,1.5015262,5.2905107,4.116443,1.5015262,5.280383,5.4389067,0.6950867,3.5319664,35.912178,46.73804,444.34488,444.34488,192,144,0.1,50,1.8505759,-16.71483,-23.711445
24210,Training,2,6.187386,1.5367135,5.5875015,4.336838,1.5367135,5.577374,5.5067363,0.86676097,3.2050264,29.33734,38.47944,550.1207,550.1207,192,144,0.1,50,1.8505759,-15.9441185,-15.129998
24210,Training,3,5.3847666,1.4080551,5.020388,3.5342185,1.4080551,5.0102606,5.394583,0.6603091,3.0469525,30.509329,39.965065,528.0165,528.0165,192,144,0.1,50,1.8505758,0.28500947,-20.751749
24211,Library,0,-3.3623667,1.4856708,-6.026748,-3.3660564,1.609326,-5.9378695,-0.38087377,1.0003238,1.5075787,90.28275,106.531456,143.2911,143.2911,192,144,0.1,50,0.16800515,158.41025,-3.4278455
24211,Library,1,-4.4862504,1.1663256,-5.8445683,-4.48994,1.2899808,-5.7556896,-0.12747544,0.8761783,1.3128082,56.63188,71.38728,267.25885,267.25885,192,144,0.1,50,0.16800506,148.65897,-1.9829683
24211,Library,2,-4.5444555,1.703366,-6.048016,-4.5481453,1.8270212,-5.9591374,-0.34765238,1.0181334,1.65768,84.97057,101.371666,157.22946,157.22946,192,144,0.1,50,0.16800517,151.42567,-4.4654
24211,Library,3,-3.622294,1.5522763,-6.1815524,-3.6259837,1.6759315,-6.092674,-0.41677004,1.1212316,1.7065157,74.54002,90.83188,189.23239,189.23239,192,144,0.1,50,0.16800512,157.88435,-2.8981063
24212,Training,0,-2.1500478,1.1434948,-4.456379,-3.2976341,1.1434948,-1.5938056,-0.91854364,1.02372,-1.6001467,44.053066,56.686623,355.93787,355.93787,192,144,0.1,50,3.0840366,156.67604,-2.205239
24212,Training,1,-2.0955014,1.1113887,-4.74841,-3.2430878,1.1113887,-1.885837,-0.65785277,0.8825427,-1.573278,52.327038,66.45178,293.1176,293.1176,192,144,0.1,50,3.0840364,155.63976,-3.7565157
24212,Training,2,-2.5745566,1.0010735,-4.394875,-3.722143,1.0010735,-1.5323015,-0.8350136,0.9482349,-1.6228119,44.97193,57.788803,347.88773,347.88773,192,144,0.1,50,3.0840366,147.89064,-0.9249838
24212,Training,3,-1.8381585,1.0233705,-4.831531,-2.985745,1.0233705,-1.9689578,-0.81302977,0.9651474,-1.533267,49.454697,63.102848,312.68524,312.68524,192,144,0.1,50,3.0840364,162.73431,-0.9657552
24213,Reception,0,2.425998,0.9851285,-6.067193,2.5086906,0.8555191,-6.357215,1.8858778,1.4287621,-4.146333,68.072655,84.01083,213.19707,213.19707,192,144,0.1,50,0.37793314,-164.29472,12.534877
24213,Reception,1,2.5066576,0.9641656,-5.7845554,2.5893502,0.8345562,-6.0745773,2.0645778,1.3430914,-3.9412646,82.29932,98.725075,164.7818,164.7818,192,144,0.1,50,0.37793306,-166.51338,11.304507
24213,Reception,2,2.1263013,1.0703595,-6.172093,2.208994,0.94075,-6.462115,1.9069498,1.4674568,-4.414019,60.20734,75.409515,248.37636,248.37636,192,144,0.1,50,0.37793303,-172.88808,12.633087
24213,Reception,3,2.4416256,1.0547694,-5.5452323,2.5243182,0.92516,-5.835254,1.6224753,1.3134847,-3.7976213,73.13276,89.36669,194.13403,194.13403,192,144,0.1,50,0.37793308,-154.8863,7.634693
24214,Workshop,0,-1.9310474,2.9724119,0.70501614,-1.8941662,2.8894353,-0.03292924,-3.4893897,0.9782539,-3.1965458,48.83919,62.379475,317.15787,317.15787,192,144,0.1,50,0.8232024,-21.772507,-25.391668
24214,Workshop,1,-2.8776727,3.040958,1.4321511,-2.8407915,2.9579813,0.69420564,-3.801657,1.031553,-3.1829216,33.399303,43.603844,479.98758,479.98758,192,144,0.1,50,0.8232025,-11.321509,-23.118994
24214,Workshop,2,-1.9102776,2.9727437,0.96764815,-1.8733964,2.8897672,0.22970277,-3.6360033,1.0542824,-3.004603,40.497868,52.38187,390.35144,390.35144,192,144,0.1,50,0.8232023,-23.48231,-23.891813
24214,Workshop,3,-1.839062,3.076129,0.18019074,-1.8021808,2.9931524,-0.55775464,-3.6008658,0.9108998,-3.5266857,69.686676,85.73417,206.8548,206.8548,192,144,0.1,50,0.82320243,-25.420801,-27.814226
24215,Lounge,0,6.747098,1.6108484,-1.5705304,6.840147,1.6055486,-1.4931972,7.9494004,1.0162461,-3.8971834,45.215935,58.080753,345.80225,345.80225,192,144,0.1,50,0.12149836,27.32775,-12.79155
24215,Lounge,1,7.002186,1.809855,-2.9310875,7.095235,1.8045552,-2.8537545,7.957517,1.1267583,-3.9095058,82.60136,99.026115,163.90785,163.90785,192,144,0.1,50,0.121498145,44.31598,-26.543736
24215,Lounge,2,7.0694904,1.5783739,-2.569956,7.1625395,1.5730741,-2.4926229,7.822764,1.1623406,-4.037755,79.2777,95.68816,173.82599,173.82599,192,144,0.1,50,0.12149836,27.166866,-14.153269
24215,Lounge,3,6.4102902,1.6335338,-1.5208896,6.5033393,1.628234,-1.4435564,7.86775,1.0730716,-3.565454,39.318016,50.939396,403.08487,403.08487,192,144,0.1,50,0.12149835,35.48303,-12.583001
24216,Training,0,6.0710235,1.7237334,-1.4315197,5.2760468,1.7237334,-3.0791893,3.8875678,1.0433793,-1.3583467,85.46607,101.85871,155.87088,155.87088,192,144,0.1,50,1.829427,-91.91941,-17.29765
24216,Training,1,5.542703,1.812855,-2.021859,4.7477264,1.812855,-3.6695285,4.0168643,0.9651339,-1.321684,93.457664,109.551834,135.562,135.562,192,144,0.1,50,1.829427,-114.64938,-26.79155
24216,Training,2,5.8776913,1.8106976,-1.2826204,5.0827146,1.8106976,-2.93029,3.9064229,0.89652383,-1.2383914,89.26836,105.556564,145.85068,145.85068,192,144,0.1,50,1.829427,-91.285324,-24.873962
24216,Training,3,6.000788,2.1244226,-2.5761418,5.2058115,2.1244226,-4.2238116,4.0918636,1.1611333,-1.3048422,61.817776,77.19825,240.5218,240.5218,192,144,0.1,50,1.8294272,-123.6627,-22.78271
24217,Breakroom,0,-1.0939529,1.2978573,1.9267678,-0.3933289,1.2978573,4.14017,0.9348839,1.3968028,2.7731955,78.79825,95.202,175.31393,175.31393,192,144,0.1,50,2.3216424,112.64582,2.5771186
24217,Breakroom,1,-1.7343075,1.1938667,1.0380851,-1.0336835,1.1938667,3.2514873,1.2183326,1.350184,3.088334,60.80397,76.07385,245.42259,245.42259,192,144,0.1,50,2.3216424,124.775276,2.489991
24217,Breakroom,2,-1.773474,1.1241544,2.064485,-1.07285,1.1241544,4.2778873,1.055587,1.5244355,3.0939603,63.44597,78.99223,232.9468,232.9468,192,144,0.1,50,2.3216424,109.996086,7.5735965
24217,Breakroom,3,-1.2844621,1.2317735,2.1058533,-0.58383805,1.2317735,4.3192554,0.89064723,1.4561586,3.0788355,74.224205,90.50397,190.31856,190.31856,192,144,0.1,50,2.3216422,114.10019,5.379576
24218,Training,0,3.2559361,0.91986036,2.0546138,3.251911,0.93307114,2.1566877,2.949108,0.9791973,-0.13450953,97.671,113.489876,125.90497,125.90497,192,144,0.1,50,0.14084235,-7.97862,1.5376198
24218,Training,1,3.068181,1.0087113,1.7465909,3.0641558,1.0219221,1.8486648,3.2969081,1.0921204,0.1578418,90.29808,106.54615,143.25279,143.25279,192,144,0.1,50,0.1408424,8.1924,2.9746475
24218,Training,2,3.5307438,0.94384116,2.1013122,3.5267186,0.95705193,2.203386,2.834231,1.0446517,-0.15660182,92.04579,108.21441,138.94803,138.94803,192,144,0.1,50,0.14084251,-17.143753,2.4429793
24218,Training,3,4.3808155,0.95053506,1.8912339,4.3767905,0.96374583,1.9933078,2.8987198,1.0155259,-0.37324762,61.026134,76.32074,244.33604,244.33604,192,144,0.1,50,0.1408423,-33.204617,1.3756344
24219,Workshop,0,0.062814236,1.9945251,-2.2602134,0.88206977,1.9945251,0.028146029,-1.0515229,0.9176064,-0.72691023,57.791557,72.699554,260.90097,260.90097,192,144,0.1,50,2.4305902,-143.992,-29.603382
24219,Workshop,1,1.4562418,1.6756902,-1.1662663,2.2754974,1.6756902,1.1220931,-1.332164,1.0422163,-0.5472431,34.719204,45.25364,460.64252,460.64252,192,144,0.1,50,2.4305902,-102.51662,-12.504769
24219,Workshop,2,0.20106542,1.9368303,-2.0497923,1.0203209,1.9368303,0.23856707,-1.1742684,1.0361155,-0.4163014,43.248703,55.718246,363.25134,363.25134,192,144,0.1,50,2.4305902,-139.90396,-22.870306
24219,Workshop,3,-0.1471875,1.9847056,-2.0647926,0.672068,1.9847056,0.22356667,-1.0639124,0.95603627,-0.8903534,72.373276,88.57158,196.84737,196.84737,192,144,0.1,50,2.4305902,-142.02568,-34.622967
24220,Reception,0,-5.145562,1.602214,-0.27663302,-6.942672,1.602214,-0.68598354,-3.768962,1.4268379,-1.3533812,93.14984,109.261024,136.29347,136.29347,192,144,0.1,50,1.8431414,51.968224,-5.7303023
24220,Reception,1,-4.263849,1.3338792,0.24230236,-6.0609584,1.3338792,-0.16704816,-3.8813536,1.3495142,-1.384257,105.43854,120.551735,109.622086,109.622086,192,144,0.1,50,1.8431414,13.233021,0.53610605
24220,Reception,2,-5.383641,1.548163,-0.9663811,-7.1807504,1.548163,-1.3757316,-3.7979412,1.5568069,-1.247382,94.64212,110.66687,132.7814,132.7814,192,144,0.1,50,1.8431414,79.95097,0.3075327
24220,Reception,3,-4.9349318,1.6926805,-0.13839377,-6.7320414,1.6926805,-0.5477443,-3.7523737,1.2779888,-1.167389,72.90126,89.12466,194.95593,194.95593,192,144,0.1,50,1.8431414,48.97205,-14.817829
24221,Coworking,0,-2.1883786,1.7391914,0.68584156,-2.2427638,1.827939,0.7118775,3.6216943,1.1701883,-0.9687736,78.97117,95.37748,174.77554,174.77554,192,144,0.1,50,0.119206116,74.1039,-5.3807516
24221,Coworking,1,-3.2163458,1.9051404,1.0214738,-3.270731,1.993888,1.0475098,3.4514432,1.1960793,-1.058752,67.609825,83.514046,215.06474,215.06474,192,144,0.1,50,0.11920615,72.67306,-5.796557
24221,Coworking,2,-2.2987673,1.7830743,-0.25471252,-2.3531525,1.8718219,-0.22867656,3.3668408,1.1535426,-1.205211,93.291916,109.3953,135.9554,135.9554,192,144,0.1,50,0.1192061,80.47639,-6.253699
24221,Coworking,3,-0.5559741,2.5259118,3.0372605,-0.6103593,2.6146595,3.0632966,3.3349802,1.0590912,-0.71834326,102.438225,117.853355,115.69992,115.69992,192,144,0.1,50,0.11920613,46.01408,-15.175916
24222,Workshop,0,-2.0756779,1.1217798,0.27482298,-2.1162522,0.90782,0.30122724,1.8906466,0.9995601,1.5797353,69.93358,85.996544,205.90724,205.90724,192,144,0.1,50,0.22432147,108.2111,-1.6766204
24222,Workshop,1,-2.0029812,1.1095353,0.5549853,-2.0435555,0.89557546,0.58138955,1.7332674,0.9603965,1.6396673,79.70392,96.11935,172.51582,172.51582,192,144,0.1,50,0.22432148,106.188705,-2.1953
24222,Workshop,2,-2.350019,1.2058487,0.13478094,-2.390593,0.9918888,0.1611852,2.0533948,1.0362866,1.7525223,82.58928,99.014084,163.94269,163.94269,192,144,0.1,50,0.22432145,110.17249,-2.070049
24222,Workshop,3,-1.4871316,1.4015727,0.7479323,-1.5277059,1.1876129,0.7743366,1.5868987,0.8698991,1.8972132,82.87339,99.296844,163.12521,163.12521,192,144,0.1,50,0.22432148,110.49915,-9.202222
24223,Workshop,0,0.56173086,0.9235048,1.652605,0.5219785,1.0074563,1.6753911,-0.65029055,1.0453662,-1.5477357,30.096853,39.442844,535.6041,535.6041,192,144,0.1,50,0.0976474,-20.742496,2.0394113
24223,Workshop,1,0.065351486,1.1708726,0.55636084,0.025599122,1.254824,0.57914686,-0.47197005,0.935643,-1.8223724,70.75918,86.87152,202.78065,202.78065,192,144,0.1,50,0.09764737,-12.728671,-5.509611
24223,Workshop,2,1.4499725,0.907979,1.5937139,1.4102201,0.9919305,1.6164999,-0.35279658,0.95029086,-1.5747204,32.667213,42.685455,491.3715,491.3715,192,144,0.1,50,0.09764739,-29.63892,0.66499716
24223,Workshop,3,0.59769744,0.87863755,1.397822,0.5579451,0.962589,1.420608,-0.9002272,0.89787966,-1.7034997,33.021076,43.129658,485.8077,485.8077,192,144,0.1,50,0.0976474,-25.780336,0.32010484
24224,OpenOffice,0,0.036175013,2.0835898,2.4577918,1.006602,2.0835898,0.18473315,-1.6273764,0.977614,-0.35412884,42.644173,54.98829,368.92062,368.92062,192,144,0.1,50,2.4715428,-30.60885,-18.701653
24224,OpenOffice,1,-0.22591874,2.193645,2.2437577,0.74450827,2.193645,-0.029301018,-1.84093,0.90049845,-0.60274494,39.5438,51.21596,400.5917,400.5917,192,144,0.1,50,2.4715428,-29.56914,-21.560284
24224,OpenOffice,2,0.6747947,1.9101669,1.1268601,1.6452217,1.9101669,-1.1461985,-1.717721,0.9083498,-0.022339731,43.032295,55.45715,365.26337,365.26337,192,144,0.1,50,2.4715428,-64.343575,-20.67879
24224,OpenOffice,3,-0.3039613,1.9944203,2.2476141,0.66646576,1.9944203,-0.025444448,-1.4260489,0.8974946,-0.17970315,41.671673,53.810158,378.36957,378.36957,192,144,0.1,50,2.4715428,-24.809912,-22.303425
24225,Training,0,-3.6584632,1.5631468,3.7050974,-3.566212,1.5793444,3.8040855,-2.4151099,1.0267045,0.595515,60.366627,75.58707,247.5826,247.5826,192,144,0.1,50,0.1377742,21.79379,-9.100471
24225,Training,1,-3.4094565,1.2817543,4.470618,-3.3172052,1.2979519,4.569606,-2.316461,0.8796773,0.40543398,72.88403,89.106636,195.01727,195.01727,192,144,0.1,50,0.1377742,15.049074,-5.456072
24225,Training,2,-3.0525246,1.4119631,3.5834072,-2.9602733,1.4281607,3.6823952,-2.1854618,1.1045364,0.81370187,81.30981,97.73566,167.68222,167.68222,192,144,0.1,50,0.13777424,17.382853,-6.0466194
24225,Training,3,-4.9410386,1.8792998,4.295026,-4.8487873,1.8954973,4.394014,-2.1969197,0.9702052,0.55595636,48.956196,62.51714,316.29953,316.29953,192,144,0.1,50,0.13777415,36.275105,-11.090003
24226,Breakroom,0,1.6330884,1.6926619,-2.7712853,0.47932756,1.6926619,-1.0834911,3.5428658,1.0601523,0.23876655,43.48388,56.00172,361.08643,361.08643,192,144,0.1,50,2.044459,147.60623,-10.061447
24226,Breakroom,1,1.5253336,1.6296648,-2.5519264,0.37157282,1.6296648,-0.8641321,3.4334676,1.1679285,-0.10913685,62.718704,78.19271,236.28667,236.28667,192,144,0.1,50,2.044459,142.00557,-8.472548
24226,Breakroom,2,1.7723799,1.7243266,-2.4933374,0.618619,1.7243266,-0.80554307,3.5058115,1.0232428,0.17136705,42.98041,55.394516,365.74866,365.74866,192,144,0.1,50,2.0444593,146.95537,-12.437068
24226,Breakroom,3,0.6698908,1.9497412,-1.7455106,-0.48386997,1.9497412,-0.05771637,3.355563,1.1559948,0.14860362,40.64829,52.56528,388.779,388.779,192,144,0.1,50,2.044459,125.19404,-13.578255
24227,Library,0,2.2447371,1.1389021,0.7767856,2.3600621,0.95808446,0.64024067,-0.47677726,0.97155255,-0.8570085,38.798534,50.30214,408.92688,408.92688,192,144,0.1,50,0.27154514,-59.02254,-3.0178857
24227,Library,1,2.2283123,1.032744,1.1798425,2.3436372,0.8519264,1.0432975,-0.2673343,0.968735,-0.5122322,37.670227,48.91357,422.14902,422.14902,192,144,0.1,50,0.2715452,-55.862316,-1.216142
24227,Library,2,2.394165,1.043955,1.0243745,2.50949,0.8631373,0.8878296,-0.22122762,0.8814211,-0.6352141,42.39351,54.685078,371.31653,371.31653,192,144,0.1,50,0.27154517,-57.602966,-3.0037026
24227,Library,3,2.0236063,1.1297636,0.90391004,2.1389313,0.948946,0.7673651,-0.4775074,0.9607799,-0.5638087,56.456665,71.18836,268.2403,268.2403,192,144,0.1,50,0.27154517,-59.59448,-3.3349142
24228,Reception,0,0.6136149,1.0027778,2.717452,0.44703418,0.80692697,2.28991,3.1261826,0.75,5.0514364,85.11946,101.51815,156.81989,156.81989,192,144,0.1,50,0.6523552,132.88974,-4.2156487
24228,Reception,1,0.48961073,0.949602,3.0694654,0.32303,0.75375116,2.6419234,2.7766054,0.8991254,5.363533,73.40152,89.64732,193.18549,193.18549,192,144,0.1,50,0.65235513,135.08847,-0.8927419
24228,Reception,2,0.37033823,1.0992655,2.5998626,0.2037575,0.90341455,2.1723206,3.2032642,0.844067,5.2604027,71.744644,87.911125,199.13066,199.13066,192,144,0.1,50,0.6523551,133.20264,-3.7569246
24228,Reception,3,0.44078913,1.0425317,2.8948877,0.2742084,0.8466809,2.4673457,3.3840382,0.64592236,5.376567,86.75237,103.117485,152.40257,152.40257,192,144,0.1,50,0.6523552,130.13681,-5.8818088
24229,Workshop,0,-1.8501468,2.717937,0.27124286,-1.4212648,2.717937,-2.4312553,-0.6657361,0.99952763,2.6294823,60.317314,75.53212,247.82793,247.82793,192,144,0.1,50,2.736318,153.3322,-33.07091
24229,Workshop,1,-2.0774205,2.6852703,0.13829187,-1.6485384,2.6852703,-2.5642064,-0.47544584,1.0172817,2.7635214,49.75225,63.451828,310.56024,310.56024,192,144,0.1,50,2.736318,148.60751,-28.473759
24229,Workshop,2,-1.7557541,2.6593094,0.6263468,-1.3268721,2.6593094,-2.0761514,-0.861677,1.0100559,2.3985534,57.22865,72.0635,263.95764,263.95764,192,144,0.1,50,2.736318,153.22908,-39.72226
24229,Workshop,3,-2.0247662,2.6465065,1.3280655,-1.5958842,2.6465065,-1.3744327,-0.9881229,1.1247433,2.8463626,69.46981,85.50343,207.69196,207.69196,192,144,0.1,50,2.736318,145.67603,-39.616184
24230,Breakroom,0,-1.0243026,1.5889946,-5.4814787,0.34480393,1.8111596,-5.1732726,-0.7091278,0.9729124,-0.5012972,51.014694,64.92718,301.80267,301.80267,192,144,0.1,50,1.44882,176.37881,-7.0381103
24230,Breakroom,1,-1.321611,1.4943788,-5.2613034,0.047495514,1.7165438,-4.9530973,-0.36931762,1.0970908,-0.19066122,59.761955,74.9123,250.61617,250.61617,192,144,0.1,50,1.4488202,169.36345,-4.4033365
24230,Breakroom,2,-0.38076478,1.5994219,-5.3615303,0.98834175,1.8215868,-5.053324,-0.65437376,0.88232166,-0.77883863,61.863853,77.24922,240.30249,240.30249,192,144,0.1,50,1.4488201,-176.58322,-8.877973
24230,Breakroom,3,-1.0544147,1.6180288,-5.204401,0.31469175,1.8401937,-4.896195,-0.77892846,0.8992964,-0.3281134,61.765415,77.140305,240.77136,240.77136,192,144,0.1,50,1.4488201,176.76651,-8.371488
24231,Training,0,-3.240711,1.7359052,-2.963203,-3.2761512,1.5683596,-3.146879,-1.6191341,1.2716831,1.8991456,63.762154,79.33893,231.51608,231.51608,192,144,0.1,50,0.25141725,161.55664,-5.1751037
24231,Training,1,-3.393492,1.8207848,-3.2930832,-3.4289322,1.6532393,-3.4767592,-1.5447681,1.2129483,1.7843431,66.68989,82.52316,218.84477,218.84477,192,144,0.1,50,0.25141728,159.99312,-6.4181623
24231,Training,2,-2.6643782,2.3172078,-0.75536823,-2.6998184,2.1496623,-0.93904424,-1.7776347,1.3561641,1.590947,90.48249,106.72285,142.79247,142.79247,192,144,0.1,50,0.2514173,159.2969,-20.964195
24231,Training,3,-3.4569697,1.6400932,-3.2377114,-3.49241,1.4725477,-3.4213874,-1.3446865,1.1979711,2.1348019,76.78226,93.14482,181.74059,181.74059,192,144,0.1,50,0.2514173,158.537,-4.3795414
24232,OpenOffice,0,-1.0142722,1.2908701,2.5952103,-1.0326947,1.3299372,2.6321628,-2.193428,0.9554101,-0.7499833,34.55914,45.053986,462.91208,462.91208,192,144,0.1,50,0.062411472,-19.417175,-5.40282
24232,OpenOffice,1,-0.64721966,1.1687202,2.7831173,-0.66564214,1.2077874,2.8200698,-1.9476696,0.9538809,-1.0013582,29.869514,39.15472,539.87366,539.87366,192,144,0.1,50,0.062411502,-18.964132,-3.0731065
24232,OpenOffice,2,-1.0531435,1.2729564,2.21512,-1.0715661,1.3120235,2.2520726,-2.3350284,1.0962517,-0.63818336,48.981506,62.546913,316.11435,316.11435,192,144,0.1,50,0.062411517,-24.19264,-3.2332432
24232,OpenOffice,3,-0.80235505,1.3130414,2.828251,-0.82077754,1.3521086,2.8652034,-2.0079014,1.0660728,-0.5618565,34.199192,44.60458,468.09106,468.09106,192,144,0.1,50,0.06241147,-19.57575,-3.9265678
24233,Breakroom,0,-1.2069309,0.8239404,-1.3065683,-1.242023,0.8239404,-1.2813276,2.4737742,1.2977362,-2.2144885,50.684566,64.5422,304.0534,304.0534,192,144,0.1,50,0.043226697,76.143456,7.1237807
24233,Breakroom,1,-0.95231724,0.7603791,-1.3320285,-0.98740935,0.7603791,-1.3067878,2.1247277,1.3396354,-2.1455753,66.79714,82.63893,218.39932,218.39932,192,144,0.1,50,0.043226697,75.190315,10.3147745
24233,Breakroom,2,-1.0640106,0.7636303,-1.028156,-1.0991027,0.7636303,-1.0029154,2.8141272,1.4451954,-2.477854,51.141228,65.07458,300.9472,300.9472,192,144,0.1,50,0.043226697,69.50361,9.348176
24233,Breakroom,3,-0.51363593,1.0493116,-1.5166031,-0.54872805,1.0493116,-1.4913625,2.3389275,1.1809534,-2.4261389,88.229164,104.55281,148.52081,148.52081,192,144,0.1,50,0.043226697,72.315186,2.517542
24234,Conference,0,0.2223134,2.547668,3.275876,0.11495843,2.547668,5.159774,-2.8238611,0.9821232,2.0986724,36.17104,47.059273,440.94592,440.94592,192,144,0.1,50,1.8869542,-68.87082,-25.612408
24234,Conference,1,-0.6329051,2.4891875,4.081162,-0.7402601,2.4891875,5.9650598,-2.7373211,0.8922185,2.4444425,40.68333,52.60799,388.4143,388.4143,192,144,0.1,50,1.8869542,-52.125835,-30.922411
24234,Conference,2,-0.5516235,2.7565517,4.265845,-0.6589785,2.7565517,6.1497426,-2.7696261,0.9376432,2.2501464,39.07015,50.635498,405.8537,405.8537,192,144,0.1,50,1.8869542,-47.735756,-31.253166
24234,Conference,3,0.17772545,2.6982548,2.8746629,0.070370466,2.6982548,4.7585607,-2.6049988,0.86144686,1.9143106,37.258766,48.405697,427.16257,427.16257,192,144,0.1,50,1.8869542,-70.959816,-31.962626
24235,Studio,0,0.8791857,1.6809728,1.9648385,0.9366361,1.5986955,2.0260394,2.3666503,1.0027063,4.7252226,74.12149,90.39722,190.67351,190.67351,192,144,0.1,50,0.12911479,151.68149,-12.205517
24235,Studio,1,0.77517486,1.755274,1.5504572,0.83262527,1.6729968,1.6116581,2.6343622,1.0766048,4.678171,59.957928,75.13122,249.62692,249.62692,192,144,0.1,50,0.12911482,149.27174,-10.565457
24235,Studio,2,0.41686726,1.6960944,2.2743037,0.47431767,1.6138171,2.3355045,2.2690518,1.0523742,4.485717,85.289604,101.685394,156.35327,156.35327,192,144,0.1,50,0.12911484,140.05191,-12.579849
24235,Studio,3,1.4002417,1.7110747,2.0792537,1.4576921,1.6287974,2.1404545,2.339678,1.1266549,4.5063314,96.149536,112.07687,129.31831,129.31831,192,144,0.1,50,0.1291148,158.84035,-12.65622
24236,Reception,0,0.42609286,1.4533236,-2.5400665,0.42411253,1.3566548,-2.4968636,-1.5427318,0.9832401,-2.1433425,84.434395,100.84328,158.71411,158.71411,192,144,0.1,50,0.11133021,-101.39271,-13.173447
24236,Reception,1,0.20697117,1.3980439,-2.3780985,0.20499083,1.301375,-2.3348956,-1.3690778,1.0084453,-2.0318248,104.60836,119.80868,111.279076,111.279076,192,144,0.1,50,0.11133019,-102.39156,-13.573761
24236,Reception,2,0.020026207,1.6361448,-2.8165653,0.018045872,1.5394759,-2.7733624,-1.3394854,0.9897493,-1.9798974,84.870514,101.27316,157.50539,157.50539,192,144,0.1,50,0.11133014,-121.608894,-22.04424
24236,Reception,3,1.1728077,1.7940613,-1.5756592,1.1708274,1.6973925,-1.5324563,-1.328687,1.0989419,-1.8023697,79.24377,95.65379,173.9308,173.9308,192,144,0.1,50,0.11133015,-84.82143,-15.469288
24237,Coworking,0,0.01615122,1.2765787,0.4052248,1.2439748,1.2765787,-1.2376293,2.667741,1.3288608,-3.065315,79.647285,96.06212,172.68922,172.68922,192,144,0.1,50,2.0509803,37.380844,0.68582934
24237,Coworking,1,1.3523667,1.6471477,1.7447853,2.5801902,1.6471477,0.101931214,2.4984362,1.2822319,-3.0189464,63.545834,79.10179,232.49353,232.49353,192,144,0.1,50,2.0509803,13.527275,-4.2594023
24237,Coworking,2,0.0627628,1.1632034,0.88595015,1.2905864,1.1632034,-0.75690395,2.7960837,1.4492362,-2.9085839,61.833736,77.215904,240.4458,240.4458,192,144,0.1,50,2.0509803,35.766376,3.5000806
24237,Coworking,3,0.28375822,1.0897031,0.90523,1.5115818,1.0897031,-0.7376241,2.9797854,1.3917813,-3.376692,96.521065,112.42285,128.47736,128.47736,192,144,0.1,50,2.0509803,32.195755,3.4164732
24238,Conference,0,-4.3429656,0.9266037,-1.2950513,-4.4048586,1.0434285,-1.2962931,-5.8272104,1.000621,2.1264906,96.553764,112.45328,128.40358,128.40358,192,144,0.1,50,0.13828228,-156.54909,1.1369365
24238,Conference,1,-3.5070713,1.253434,-2.0572658,-3.5689642,1.3702588,-2.0585074,-6.133599,0.99032485,2.2832463,54.975746,69.50047,276.76443,276.76443,192,144,0.1,50,0.13828228,-148.82106,-2.9687684
24238,Conference,2,-4.087234,0.7778125,-1.8587003,-4.149127,0.89463735,-1.8599422,-5.5862565,1.0418849,1.8912405,59.401363,74.50895,252.45189,252.45189,192,144,0.1,50,0.13828234,-158.21115,3.7412136
24238,Conference,3,-4.382446,0.74844146,-2.3985138,-4.444339,0.8652663,-2.3997555,-6.122924,0.8833099,1.8843901,77.12196,93.49295,180.63785,180.63785,192,144,0.1,50,0.13828233,-157.88425,1.6710209
24239,Conference,0,-1.6831261,2.3135223,1.8489685,-1.6571318,2.4649422,1.9561335,-2.61094,0.9083016,-1.0607817,55.807224,70.44964,271.92722,271.92722,192,144,0.1,50,0.19769081,-17.685598,-24.707663
24239,Conference,1,-1.1119463,2.1595447,2.1060104,-1.085952,2.3109646,2.2131755,-2.6958065,0.9459291,-1.0536976,60.573963,75.81798,246.55507,246.55507,192,144,0.1,50,0.19769086,-26.623137,-18.95079
24239,Conference,2,-1.5845513,2.25403,0.81455994,-1.558557,2.4054499,0.9217249,-2.281958,1.002372,-0.995723,89.20907,105.499435,146.00168,146.00168,192,144,0.1,50,0.19769081,-21.06905,-32.829826
24239,Conference,3,-1.8608197,2.3481271,2.2110581,-1.8348254,2.499547,2.318223,-2.6274917,0.7753888,-1.0726842,55.403423,69.98915,274.25967,274.25967,192,144,0.1,50,0.1976908,-13.141724,-25.004515
24240,Training,0,-3.089783,1.6073049,0.2723589,-3.1979086,1.481763,0.29590967,-0.8737036,1.2892807,-0.09630188,91.381966,107.582436,140.56796,140.56796,192,144,0.1,50,0.17336378,80.55493,-8.057374
24240,Training,1,-3.4708133,1.6436288,0.5302081,-3.578939,1.5180869,0.5537589,-0.59562385,1.317303,-0.21297769,88.99408,105.292145,146.55061,146.55061,192,144,0.1,50,0.1733638,75.50726,-6.270824
24240,Training,2,-3.2649567,1.6490545,-0.22532624,-3.3730824,1.5235126,-0.20177546,-0.74571013,1.3194934,-0.22652791,85.351746,101.74644,156.18323,156.18323,192,144,0.1,50,0.17336376,89.97267,-7.452957
24240,Training,3,-3.3841825,1.5057715,0.4487516,-3.4923081,1.3802296,0.47230238,-1.0360548,1.1463909,0.21415138,69.931755,85.994606,205.91423,205.91423,192,144,0.1,50,0.17336376,84.29454,-8.659137
24241,Lounge,0,2.1935341,1.6710546,-0.55159974,1.8574474,1.498821,-1.1556494,0.66855514,1.0040729,0.058468938,83.30527,99.72591,161.89131,161.89131,192,144,0.1,50,0.7178216,-111.80391,-22.101173
24241,Lounge,1,2.141213,1.6432801,-0.8112453,1.8051263,1.4710466,-1.415295,0.7589133,0.99815786,-0.19745106,65.954865,81.72815,221.9319,221.9319,192,144,0.1,50,0.7178215,-113.94307,-23.100288
24241,Lounge,2,1.3325015,1.9208276,-1.0736744,0.9964148,1.748594,-1.6777241,0.89663744,0.87913114,0.26092908,101.62283,117.11375,117.39576,117.39576,192,144,0.1,50,0.71782166,-161.91364,-36.57403
24241,Lounge,3,2.5211914,1.6882439,-0.5321281,2.1851046,1.5160103,-1.1361778,0.4648679,0.9440921,-0.07513292,68.9025,84.898636,209.9037,209.9037,192,144,0.1,50,0.7178216,-102.52972,-19.456573
24242,Workshop,0,3.4753532,1.236902,5.405852,0.5785186,1.4163915,4.850391,0.22654667,1.0193242,-0.7820398,71.319695,87.46348,200.69385,200.69385,192,144,0.1,50,3.0159752,-27.700659,-1.7831508
24242,Workshop,1,3.7331243,1.2815586,5.362444,0.8362896,1.4610481,4.806983,0.27441043,1.1593341,-0.9501754,57.546017,72.42231,262.22757,262.22757,192,144,0.1,50,3.0159755,-28.718542,-0.9728028
24242,Workshop,2,3.1805003,1.2477175,5.479524,0.28366563,1.427207,4.924063,0.28067383,0.9284346,-0.8072456,56.145184,70.83435,269.9988,269.9988,192,144,0.1,50,3.0159757,-24.761919,-2.6404366
24242,Workshop,3,3.604426,1.2213098,5.1543508,0.7075913,1.4007993,4.59889,0.026582986,1.0529828,-0.99349225,97.75937,113.57164,125.709145,125.709145,192,144,0.1,50,3.0159752,-30.198002,-1.3556051
24243,Lounge,0,0.14309502,0.89641124,1.315155,-0.07567626,0.7602307,1.0068767,-1.7133679,0.9811224,0.9021255,74.814316,91.116234,188.29544,188.29544,192,144,0.1,50,0.5105615,-77.45701,2.5503452
24243,Lounge,1,0.3327179,1.0384071,0.5669546,0.1139466,0.9022265,0.2586763,-2.0254734,0.960607,0.9722668,62.43389,77.87881,237.61365,237.61365,192,144,0.1,50,0.5105615,-99.75238,-1.8622969
24243,Lounge,2,0.30523303,0.95753163,2.4448752,0.08646175,0.8213511,2.136597,-1.9465913,1.0755715,0.6322075,54.27656,68.69941,280.93765,280.93765,192,144,0.1,50,0.5105616,-51.16672,2.3382914
24243,Lounge,3,0.5664518,0.8480339,1.4887768,0.34768048,0.7118534,1.1804985,-1.4008979,0.9518528,1.0888052,42.965954,55.377056,365.88406,365.88406,192,144,0.1,50,0.5105615,-78.50812,2.9603019
24244,Workshop,0,-3.5451567,2.560903,3.2086732,-3.1733658,2.6830096,3.07984,-4.8033924,1.0307039,3.022383,75.68717,92.01849,185.35237,185.35237,192,144,0.1,50,0.5207072,-81.578156,-50.265526
24244,Workshop,1,-2.5698998,2.4456491,3.2540228,-2.198109,2.5677557,3.1251895,-5.1114745,0.9726069,2.7420266,50.590435,64.43233,304.70016,304.70016,192,144,0.1,50,0.5207072,-78.61029,-29.603714
24244,Workshop,2,-3.9946501,2.6178155,3.4265285,-3.6228592,2.739922,3.2976952,-4.7454443,0.94980913,2.8214748,101.68438,117.16967,117.267075,117.267075,192,144,0.1,50,0.52070737,-51.135185,-59.96838
24244,Workshop,3,-2.623255,2.2725344,3.590446,-2.2514641,2.394641,3.4616127,-4.686526,0.97688425,3.259769,52.968307,67.19338,289.01944,289.01944,192,144,0.1,50,0.52070737,-80.89473,-31.800838
24245,Library,0,-4.421775,1.6573914,-2.4048257,-0.95142865,1.6573914,-4.1814504,-4.558192,1.4904741,-4.1015444,64.30435,79.93217,229.09196,229.09196,192,144,0.1,50,3.898679,-4.596718,-5.600526
24245,Library,1,-4.17089,1.6130174,-2.2762017,-0.70054376,1.6130174,-4.0528264,-4.4720807,1.5101193,-3.8657944,75.342606,91.662796,186.50722,186.50722,192,144,0.1,50,3.8986788,-10.72903,-3.6391542
24245,Library,2,-4.638434,1.7301396,-2.1467998,-1.1680876,1.7301396,-3.9234245,-4.51796,1.6311414,-4.125917,51.10105,65.027794,301.21838,301.21838,192,144,0.1,50,3.8986793,3.4834406,-2.8583455
24245,Library,3,-2.9628773,1.7069601,-2.659649,0.5074688,1.7069601,-4.4362736,-4.4747553,1.5373672,-3.9598727,40.730427,52.665386,387.92505,387.92505,192,144,0.1,50,3.8986788,-49.30428,-4.8612013
24246,Lounge,0,-1.0780205,1.4562647,2.8297076,-1.060905,1.3077435,3.280245,-0.8078668,0.9916249,-1.1027951,101.71,117.19295,117.21353,117.21353,192,144,0.1,50,0.47469556,3.9299104,-6.7227693
24246,Lounge,1,-0.8388762,1.5416194,2.6279662,-0.8217607,1.3930982,3.0785036,-0.57044387,0.96701384,-1.4190392,93.86472,109.93575,134.60034,134.60034,192,144,0.1,50,0.47469565,3.7947917,-8.063524
24246,Lounge,2,-0.9701779,1.3627045,3.0862832,-0.9530624,1.2141833,3.5368207,-1.1506991,1.0935245,-1.3657559,80.0303,96.44891,171.5204,171.5204,192,144,0.1,50,0.4746956,-2.3219569,-3.4571826
24246,Lounge,3,1.3639191,1.0159571,3.263887,1.3810346,0.86743593,3.7144244,-1.0818622,1.012547,-1.0519946,55.050644,69.58613,276.32318,276.32318,192,144,0.1,50,0.47469562,-29.539936,-0.03938634
24247,Conference,0,2.6621113,1.2772858,1.9633226,2.7075071,1.3501792,2.0285912,2.3175836,0.9884413,-2.7195926,43.05523,55.48483,365.04926,365.04926,192,144,0.1,50,0.1236065,-4.2077384,-3.5200706
24247,Conference,1,3.2773006,1.56377,0.97584426,3.3226964,1.6366634,1.0411128,2.0923617,0.8952036,-3.0231872,51.351044,65.31882,299.53732,299.53732,192,144,0.1,50,0.12360644,-16.504896,-9.106669
24247,Conference,2,2.6652482,1.3928071,2.3682628,2.710644,1.4657005,2.4335313,2.2863514,1.0429603,-2.7030866,33.025234,43.134876,485.743,485.743,192,144,0.1,50,0.12360647,-4.2728124,-3.9353611
24247,Conference,3,2.3476322,1.3460871,1.9750865,2.393028,1.4189805,2.040355,1.9924047,1.111925,-2.4639368,43.286465,55.76378,362.90222,362.90222,192,144,0.1,50,0.12360648,-4.575276,-3.009996
24248,Training,0,1.0539799,0.9154619,1.3985069,-0.7407726,0.9154619,2.054585,4.4079876,0.8001896,0.7694182,105.76857,120.84636,108.96845,108.96845,192,144,0.1,50,1.9109095,79.37685,-1.9346857
24248,Training,1,0.7641625,0.88840747,1.3065172,-1.03059,0.88840747,1.9625953,4.500095,0.747065,0.5240483,95.272606,111.25784,131.32285,131.32285,192,144,0.1,50,1.9109095,78.17073,-2.1206808
24248,Training,2,1.0120494,0.8838935,1.105127,-0.78270304,0.8838935,1.7612051,4.3875723,0.7750714,0.70773596,104.04831,119.30588,112.407394,112.407394,192,144,0.1,50,1.9109095,83.28564,-1.8338401
24248,Training,3,1.2459774,0.99430346,1.2428744,-0.54877514,0.99430346,1.8989525,4.628804,0.68812793,0.81995046,92.220215,108.38014,138.52538,138.52538,192,144,0.1,50,1.9109095,82.87381,-5.1319447
24249,Lounge,0,1.0684662,2.1030018,-5.1483135,4.0829983,2.1030018,-3.7543263,-5.9265156,0.9052601,-3.802106,64.21596,79.835556,229.4847,229.4847,192,144,0.1,50,3.3212352,-100.89358,-9.544612
24249,Lounge,1,0.8044387,1.8886406,-3.3164616,3.818971,1.8886406,-1.9224743,-6.1677933,0.8760486,-3.6909437,92.12446,108.28918,138.75725,138.75725,192,144,0.1,50,3.3212352,-86.925575,-8.251683
24249,Lounge,2,1.3574167,2.0840626,-5.5034637,4.3719487,2.0840626,-4.1094766,-5.8809075,0.84552944,-4.1519585,47.291466,60.551643,328.88718,328.88718,192,144,0.1,50,3.3212352,-100.57621,-9.54783
24249,Lounge,3,1.3935736,2.1234643,-5.1409936,4.408106,2.1234643,-3.7470064,-5.8092356,0.80609334,-3.7953827,63.449043,78.99561,232.93282,232.93282,192,144,0.1,50,3.3212352,-100.58187,-10.19212
24250,Training,0,2.7895918,1.6550373,-2.2829928,2.7525182,1.6550373,-2.3096125,1.8742197,0.9650544,0.4092418,84.36712,100.77687,158.90149,158.90149,192,144,0.1,50,0.045640547,-161.22173,-13.638917
24250,Training,1,3.036904,1.6804883,-2.3744793,2.9998305,1.6804883,-2.401099,2.1474159,0.9946856,0.31054944,75.0701,91.38106,187.42694,187.42694,192,144,0.1,50,0.045640547,-161.67116,-13.62889
24250,Training,2,2.712989,1.6572614,-2.6097114,2.6759155,1.6572614,-2.636331,1.7536533,1.0941064,0.32147017,70.434044,86.52738,204.00432,204.00432,192,144,0.1,50,0.045640547,-161.87744,-10.347916
24250,Training,3,3.3472557,1.7571312,-2.048351,3.310182,1.7571312,-2.0749707,1.9567814,0.92136353,0.56976616,104.65114,119.84704,111.19323,111.19323,192,144,0.1,50,0.045640547,-152.02736,-15.744747
24251,Conference,0,0.81783724,1.72844,3.6642983,0.90255314,1.5371988,3.8045893,-0.5596415,0.96624744,1.8310913,74.35146,90.63618,189.87993,189.87993,192,144,0.1,50,0.25460672,-36.92134,-18.38639
24251,Conference,1,0.81724346,1.7701727,4.58817,0.90195936,1.5789315,4.728461,-0.7781128,0.9181778,2.0253134,72.22109,88.41188,197.39697,197.39697,192,144,0.1,50,0.25460654,-31.901909,-15.760442
24251,Conference,2,1.75019,1.7962661,5.0254602,1.8349059,1.6050248,5.165751,-0.64296365,0.88839465,2.0503256,41.67331,53.812138,378.35333,378.35333,192,144,0.1,50,0.25460657,-38.812675,-13.375135
24251,Conference,3,0.024187565,1.5395181,5.1219525,0.10890347,1.3482769,5.2622433,-0.66670936,1.1031426,1.7444408,69.50577,85.54171,207.55283,207.55283,192,144,0.1,50,0.25460657,-11.56082,-7.214086
24252,Lounge,0,1.1336303,1.2038869,-0.27336216,1.043515,1.4117672,-0.24093488,-0.7473799,0.974028,3.6200185,44.553272,57.28716,351.5165,351.5165,192,144,0.1,50,0.24394363,-154.21341,-3.0429432
24252,Lounge,1,0.93887186,1.2548728,-0.74976,0.84875655,1.4627532,-0.7173327,-0.49360922,1.0662757,3.3648453,54.958225,69.48044,276.8678,276.8678,192,144,0.1,50,0.24394363,-160.80467,-2.4786537
24252,Lounge,2,1.3476549,1.1033716,-0.070574686,1.2575396,1.311252,-0.038147405,-1.0529976,1.0179894,3.796228,56.861893,71.64815,265.97897,265.97897,192,144,0.1,50,0.24394365,-148.16647,-1.0747157
24252,Lounge,3,1.0944651,1.119923,-0.028976828,1.0043498,1.3278034,0.0034504533,-0.79508126,0.9669828,3.5482917,56.265297,70.970924,269.31857,269.31857,192,144,0.1,50,0.24394368,-152.15657,-2.16496
24253,OpenOffice,0,-0.64167,0.98093283,-2.782682,-0.5158515,0.98093283,-2.7256243,-0.21821839,1.3635526,0.4540249,76.80862,93.17185,181.65472,181.65472,192,144,0.1,50,0.1381516,172.54645,6.6853514
24253,OpenOffice,1,-3.081153,1.8137016,-3.9856942,-2.9553344,1.8137016,-3.9286366,-0.44285962,1.3634456,0.30304098,66.8777,82.725845,218.06558,218.06558,192,144,0.1,50,0.1381516,148.4015,-5.109833
24253,OpenOffice,2,-0.34670636,0.950915,-2.3871398,-0.22088787,0.950915,-2.3300822,-0.46351764,1.3463969,0.74209416,83.85151,100.26725,160.34557,160.34557,192,144,0.1,50,0.1381516,-177.8622,7.1980634
24253,OpenOffice,3,-0.45987117,1.1036727,-3.189953,-0.33405268,1.1036727,-3.1328955,0.11641124,1.2664511,0.36536226,71.43653,87.586655,200.26245,200.26245,192,144,0.1,50,0.1381516,170.79298,2.5877023
24254,Coworking,0,-1.2435908,2.6750717,0.08205652,-1.287129,2.8209076,0.17504591,-0.762791,1.0183451,2.085714,93.73206,109.81072,134.91302,134.91302,192,144,0.1,50,0.1785808,166.50638,-38.800213
24254,Coworking,1,-3.2307172,1.9769061,-1.4477992,-3.2742553,2.122742,-1.3548098,-0.892529,0.9256031,2.1446805,80.703705,97.12716,169.4878,169.4878,192,144,0.1,50,0.1785808,146.94167,-13.780682
24254,Coworking,2,-1.7181945,2.7177014,0.082558095,-1.7617327,2.8635373,0.17554748,-0.815573,0.9557787,2.2719185,72.589714,88.79849,196.06912,196.06912,192,144,0.1,50,0.17858079,157.5948,-36.649815
24254,Coworking,3,-1.5003036,2.7412775,-0.6824044,-1.5438418,2.8871133,-0.589415,-1.0482866,0.8787396,2.0441904,97.95378,113.751396,125.2793,125.2793,192,144,0.1,50,0.17858082,170.58708,-33.97613
24255,Studio,0,4.7073593,1.7630031,-4.8692493,2.3298593,1.7630031,-4.9605083,3.892549,1.0000725,-1.6240608,47.87911,61.247128,324.34976,324.34976,192,144,0.1,50,2.379251,-165.9054,-12.844881
24255,Studio,1,4.9155283,1.7502587,-3.8513272,2.538028,1.7502587,-3.9425862,4.0859966,0.89512604,-1.2747763,75.97791,92.318146,184.38486,184.38486,192,144,0.1,50,2.3792512,-162.15381,-17.53241
24255,Studio,2,4.8603597,1.7020732,-5.263877,2.4828596,1.7020732,-5.355136,4.0734286,0.8711442,-1.8084369,57.029785,71.83837,265.0507,265.0507,192,144,0.1,50,2.379251,-167.17046,-13.195579
24255,Studio,3,4.9472327,1.7062716,-4.952307,2.5697324,1.7062716,-5.043566,3.8795862,0.9442343,-1.7613072,56.156075,70.84674,269.937,269.937,192,144,0.1,50,2.3792512,-161.50076,-12.760448
24256,Lounge,0,-2.4073856,1.6247127,2.673089,-2.0014524,1.8715103,3.2088032,0.9670513,0.77373284,3.8371286,37.14318,48.262886,428.5902,428.5902,192,144,0.1,50,0.7349649,109.032295,-13.408946
24256,Lounge,1,-2.3668354,1.6387352,2.3874233,-1.9609023,1.8855327,2.9231374,1.2650267,0.6942755,4.1380444,31.834152,41.637577,504.9447,504.9447,192,144,0.1,50,0.73496485,115.73488,-13.184087
24256,Lounge,2,-1.51328,1.5676004,2.334143,-1.1073469,1.8143979,2.869857,0.7793106,0.654446,3.952298,41.639793,53.771454,378.68646,378.68646,192,144,0.1,50,0.734965,125.21518,-18.025587
24256,Lounge,3,-2.6184,1.5470346,2.9628472,-2.212467,1.7938322,3.4985614,1.0534192,0.8579294,3.7804003,44.290577,56.971935,353.82666,353.82666,192,144,0.1,50,0.7349648,102.5525,-10.38081
24257,Conference,0,0.84566236,1.3385224,2.975541,1.8557822,1.3385224,-1.2122431,-0.53258187,1.2930682,-3.244377,31.516918,41.23776,510.2971,510.2971,192,144,0.1,50,4.3078856,-12.494042,-0.40878665
24257,Conference,1,1.103599,1.4015896,2.9913654,2.1137187,1.4015896,-1.1964186,-0.2912368,1.4288988,-3.3592358,34.05488,44.424244,470.19727,470.19727,192,144,0.1,50,4.3078856,-12.387654,0.24064861
24257,Conference,2,1.0905004,1.3247768,2.7168949,2.1006203,1.3247768,-1.4708893,-0.8136055,1.3197834,-2.9698133,38.903652,50.431194,407.73264,407.73264,192,144,0.1,50,4.3078856,-18.512321,-0.047706358
24257,Conference,3,0.92541015,1.3360041,3.316567,1.93553,1.3360041,-0.87121725,-0.74257827,1.2328357,-3.3399515,32.58237,42.57887,492.723,492.723,192,144,0.1,50,4.3078856,-14.0675,-0.8613232
24258,Reception,0,0.24441338,0.8832583,-7.5640125,0.17092663,0.8832583,-7.7391653,-1.4686958,0.99989265,-5.5986657,52.733932,66.9226,290.50653,290.50653,192,144,0.1,50,0.1899442,-138.92273,2.5614772
24258,Reception,1,-0.113729954,0.9621239,-7.639328,-0.1872167,0.9621239,-7.814481,-1.5377328,1.1087008,-5.735823,46.680687,59.82685,333.71725,333.71725,192,144,0.1,50,0.1899442,-143.20001,3.5283494
24258,Reception,2,-0.2878148,0.77441955,-7.5638247,-0.36130154,0.77441955,-7.7389774,-1.650943,1.0252552,-5.6762857,69.98255,86.048546,205.71999,205.71999,192,144,0.1,50,0.1899442,-144.16423,6.1489863
24258,Reception,3,1.2429487,0.79258305,-7.31489,1.169462,0.79258305,-7.4900427,-1.3093342,1.0946327,-5.396487,42.59109,54.9241,369.42578,369.42578,192,144,0.1,50,0.18994418,-126.93005,5.404174
24259,Reception,0,0.41982913,2.4381824,1.7015042,2.7177896,2.4381824,2.3412075,-3.2498608,1.4092811,-1.098635,53.00584,67.23671,288.78247,288.78247,192,144,0.1,50,2.385339,-52.65473,-12.5657625
24259,Reception,1,-0.032038897,2.5598936,1.5345552,2.2659216,2.5598936,2.1742585,-3.5067012,1.2698022,-1.4349297,75.22834,91.54471,186.89218,186.89218,192,144,0.1,50,2.385339,-49.482437,-15.761915
24259,Reception,2,-0.06784898,1.9596297,0.3533082,2.2301116,1.9596297,0.9930115,-3.0280397,1.504165,-1.3267267,93.03226,109.149826,136.57387,136.57387,192,144,0.1,50,2.385339,-60.423237,-7.6217093
24259,Reception,3,-0.63663054,2.650653,1.183999,1.66133,2.650653,1.8237022,-3.52314,1.2830982,-0.7985766,83.66336,100.080956,160.87611,160.87611,192,144,0.1,50,2.385339,-55.517094,-21.33214
24260,Studio,0,-0.75911045,1.7412589,3.4810526,-0.799903,1.7522671,4.6790113,-3.5470827,1.0330093,2.2226834,66.87592,82.72393,218.07292,218.07292,192,144,0.1,50,1.2158875,-65.70766,-13.036788
24260,Studio,1,-0.41365734,1.5535811,2.178481,-0.45444986,1.5645894,3.37644,-3.8335743,1.1536783,2.4734538,77.361916,93.73847,179.86388,179.86388,192,144,0.1,50,1.2158879,-94.92964,-6.645057
24260,Studio,2,-1.3162721,1.6341027,3.0265114,-1.3570647,1.645111,4.22447,-3.788652,0.94876194,2.1779795,96.79759,112.67997,127.85459,127.85459,192,144,0.1,50,1.2158875,-71.05755,-14.691534
24260,Studio,3,-1.3628209,2.3985686,1.5524663,-1.4036133,2.409577,2.7504249,-3.57117,1.1746494,2.08294,97.37182,113.21282,126.569855,126.569855,192,144,0.1,50,1.2158877,-103.50726,-28.319962
24261,Workshop,0,-0.98774743,1.6833725,0.11644411,-2.7330194,1.6833725,-2.9224331,1.8471018,1.0364745,0.24004166,42.874756,55.266933,366.74023,366.74023,192,144,0.1,50,3.5043898,92.496475,-12.8427
24261,Workshop,1,-0.398862,1.7770361,0.5144234,-2.144134,1.7770361,-2.5244539,1.8110591,0.96917623,0.30768305,37.664654,48.906704,422.2162,422.2162,192,144,0.1,50,3.50439,84.65548,-20.000053
24261,Workshop,2,-0.5423656,1.6423359,-0.03891036,-2.2876375,1.6423359,-3.0777876,1.5292776,0.8879628,-0.030954942,56.14882,70.838486,269.97818,269.97818,192,144,0.1,50,3.5043898,90.220024,-20.008575
24261,Workshop,3,0.14863157,1.9031078,0.45586503,-1.5966403,1.9031078,-2.583012,2.068675,1.022482,0.24539776,55.306118,69.87806,274.82642,274.82642,192,144,0.1,50,3.5043898,83.74445,-24.509096
24262,OpenOffice,0,0.71205425,1.2966032,-0.5702057,0.6814245,1.2042296,-0.6668409,-1.7895871,0.9713113,4.291539,34.325954,44.762917,466.25513,466.25513,192,144,0.1,50,0.15417923,-152.77164,-3.4047613
24262,OpenOffice,1,0.51151294,1.4431674,-0.1404106,0.48088318,1.3507938,-0.23704582,-1.8887117,0.8621511,4.144592,38.882,50.404617,407.97812,407.97812,192,144,0.1,50,0.15417925,-150.74483,-6.7466426
24262,OpenOffice,2,0.95140195,1.3305769,-0.7523619,0.9207722,1.2382033,-0.8489971,-1.955257,0.9800317,4.3580484,34.603386,45.109184,462.28268,462.28268,192,144,0.1,50,0.15417928,-150.37,-3.4122021
24262,OpenOffice,3,1.6488273,1.7900667,0.81969166,1.6181976,1.6976931,0.72305644,-1.7094132,1.0367922,4.044481,40.656364,52.575123,388.69492,388.69492,192,144,0.1,50,0.15417919,-133.83867,-9.190281
24263,Library,0,-2.9009643,0.9381524,4.2714796,-2.8641276,0.9381524,4.3279653,0.080424264,1.3828359,-0.99861455,30.759613,40.281597,523.5093,523.5093,192,144,0.1,50,0.067435645,29.497635,4.2003284
24263,Library,1,-3.1805596,0.7206883,3.538002,-3.143723,0.7206883,3.5944877,-0.16129789,1.2933546,-1.312833,42.33747,54.617245,371.85587,371.85587,192,144,0.1,50,0.067435645,31.899006,5.7234488
24263,Library,2,-3.113142,0.9574598,4.12483,-3.0763054,0.9574598,4.1813154,0.3821494,1.3927485,-0.8950159,34.441525,44.9072,464.5928,464.5928,192,144,0.1,50,0.067435645,34.84929,4.0704308
24263,Library,3,-2.3909924,0.83182484,4.040566,-2.3541558,0.83182484,4.0970516,-0.12285116,1.3545376,-1.0132148,38.517063,49.956314,412.1555,412.1555,192,144,0.1,50,0.067435645,24.170586,5.3906045
24264,Training,0,-1.7520447,2.5230012,1.001924,0.2589264,2.5230012,3.140906,0.1917352,1.0302731,-1.4631295,103.09716,118.44907,114.34357,114.34357,192,144,0.1,50,2.9358559,38.257,-25.431442
24264,Training,1,-1.8133548,2.6283417,1.3511684,0.19761619,2.6283417,3.4901505,0.03512539,0.92289805,-1.3231514,105.30813,120.43518,109.881165,109.881165,192,144,0.1,50,2.9358559,34.652092,-27.681225
24264,Training,2,-2.0068629,2.6148162,0.89815354,0.0041082203,2.6148162,3.0371356,0.057926893,0.88407075,-1.6476821,95.00444,111.0067,131.94142,131.94142,192,144,0.1,50,2.9358559,39.043644,-27.834242
24264,Training,3,-1.5516862,2.5990083,1.2591301,0.45928496,2.5990083,3.3981123,0.17174993,1.0889335,-1.5572969,85.584435,101.974884,155.54823,155.54823,192,144,0.1,50,2.9358559,31.463417,-24.576332
24265,Library,0,-0.8515446,1.7000432,1.9082355,0.2516414,1.7000432,-1.1464114,1.810277,0.9531881,0.4977512,60.351334,75.57002,247.65866,247.65866,192,144,0.1,50,3.247751,62.081135,-13.924245
24265,Library,1,-0.38103363,1.7346511,1.9892617,0.72215235,1.7346511,-1.0653852,1.7755245,0.8684516,0.5179114,87.60013,103.94271,150.16148,150.16148,192,144,0.1,50,3.247751,55.695534,-18.355413
24265,Library,2,-0.22083145,1.437901,1.2887774,0.88235456,1.437901,-1.7658696,1.8107953,1.0118588,0.75964487,75.648315,91.97842,185.48215,185.48215,192,144,0.1,50,3.247751,75.40176,-11.471538
24265,Library,3,-0.033750653,1.8919585,1.0966902,1.0694354,1.8919585,-1.9579568,1.791969,0.9387216,0.22891644,61.83892,77.22164,240.42111,240.42111,192,144,0.1,50,3.247751,64.578026,-25.246674
24266,Conference,0,0.45428693,1.4509127,-1.7304509,0.31363654,1.4509127,-2.2191865,-0.11177677,1.4994248,0.410367,96.19132,112.115814,129.2235,129.2235,192,144,0.1,50,0.5085716,-165.18912,1.2550149
24266,Conference,1,1.6966258,1.4069177,-1.4003396,1.5559754,1.4069177,-1.8890753,-0.040041476,1.5692617,0.15191367,95.72395,111.67981,130.28767,130.28767,192,144,0.1,50,0.5085716,-131.79071,3.9869156
24266,Conference,2,0.5474084,1.5427767,-2.128832,0.406758,1.5427767,-2.6175678,0.057559937,1.5049689,0.69420505,77.1029,93.47343,180.69952,180.69952,192,144,0.1,50,0.5085716,-170.15614,-0.7559987
24266,Conference,3,0.7131578,1.5321636,-2.5425951,0.5725074,1.5321636,-3.0313308,0.20863417,1.5239489,0.49199322,72.26591,88.45893,197.23491,197.23491,192,144,0.1,50,0.5085716,-170.56049,-0.15300068
24267,Library,0,1.303073,1.3070184,-4.7767725,1.2864738,1.4758396,-4.5782638,5.6410437,1.0528253,-4.7310724,28.975924,38.02018,557.2897,557.2897,192,144,0.1,50,0.29674262,90.603584,-3.3533535
24267,Library,1,2.1031897,1.7668495,-5.9804435,2.0865903,1.9356709,-5.7819347,5.805201,0.94936955,-4.990101,51.97376,66.042274,295.41544,295.41544,192,144,0.1,50,0.29674283,104.97677,-12.041809
24267,Library,2,0.009062052,1.7491143,-4.1874995,-0.0075372458,1.9179354,-3.9889908,5.6154804,1.1541747,-4.6433635,33.89164,44.220142,472.60068,472.60068,192,144,0.1,50,0.29674256,85.35145,-6.0376425
24267,Library,3,0.85198236,1.1338129,-4.6698895,0.83538306,1.3026342,-4.4713807,5.747357,1.0201887,-4.579501,35.243824,45.907215,453.3439,453.3439,192,144,0.1,50,0.29674286,91.057785,-1.3294001
24268,Coworking,0,7.3646183,0.8698403,-5.1607757,5.5490193,0.8698403,-2.6093738,4.9217606,0.75,4.627458,39.041656,50.600544,406.17416,406.17416,192,144,0.1,50,3.1314616,-165.98691,-0.6805816
24268,Coworking,1,7.5495687,0.92420346,-5.467539,5.7339697,0.92420346,-2.916137,5.257867,0.6439347,4.8941183,32.61204,42.61615,492.24954,492.24954,192,144,0.1,50,3.1314616,-167.52858,-1.5128527
24268,Coworking,2,7.625327,0.86759967,-5.28002,5.809728,0.86759967,-2.7286186,4.6684704,0.80833316,4.8212156,48.993767,62.56133,316.02472,316.02472,192,144,0.1,50,3.1314611,-163.68408,-0.32262698
24268,Coworking,3,7.233514,0.794502,-5.3731995,5.417915,0.794502,-2.8217976,5.1079264,0.69546753,4.317233,30.357428,39.772835,530.7873,530.7873,192,144,0.1,50,3.1314616,-167.62816,-0.5719358
24269,Reception,0,-1.4591501,1.9230559,4.459298,-1.4822079,1.7862562,4.420823,2.2863417,1.0240533,1.7060891,101.8296,117.301544,116.96388,116.96388,192,144,0.1,50,0.14596209,53.681404,-10.945583
24269,Reception,1,-1.5108982,1.989173,4.1166654,-1.533956,1.8523734,4.0781903,2.2095826,1.1567268,1.4568999,103.46639,118.78211,113.58895,113.58895,192,144,0.1,50,0.14596203,54.439087,-10.315908
24269,Reception,2,-1.6992512,1.7387303,2.8506148,-1.722309,1.6019306,2.8121397,2.321786,1.1671283,1.4215587,89.162926,105.454956,146.11932,146.11932,192,144,0.1,50,0.14596204,70.43505,-7.6290917
24269,Reception,3,-2.3676903,1.5560813,2.9907253,-2.390748,1.4192816,2.9522502,2.0729332,0.9935961,1.9745256,79.24894,95.65903,173.91483,173.91483,192,144,0.1,50,0.14596203,77.11028,-7.0390368
24270,Reception,0,-4.2428284,1.4564923,-1.3941298,-2.4429522,1.4564923,0.19625759,-5.459412,1.3020031,1.8523619,81.31624,97.742096,167.6632,167.6632,192,144,0.1,50,2.4018507,-159.45712,-2.5514386
24270,Reception,1,-5.1567907,1.8028492,-1.63008,-3.3569145,1.8028492,-0.0396927,-5.4471617,1.4461949,1.9121038,94.91561,110.92344,132.14691,132.14691,192,144,0.1,50,2.4018507,-175.31364,-5.7305083
24270,Reception,2,-4.849198,1.3328444,-0.86392117,-3.0493217,1.3328444,0.7264662,-5.3509345,1.2302072,2.0793884,105.48351,120.59191,109.532845,109.532845,192,144,0.1,50,2.4018507,-170.32596,-1.9687941
24270,Reception,3,-3.3261118,1.5592027,-1.968182,-1.5262357,1.5592027,-0.37779462,-5.358021,1.2708918,1.5030379,72.790565,89.00883,195.35052,195.35052,192,144,0.1,50,2.4018505,-149.65706,-4.0999517
24271,Library,0,-1.1994781,1.7221307,0.2822876,-0.8832375,1.632966,0.27423862,0.22204617,1.0466521,2.202429,68.238266,84.18831,212.5342,212.5342,192,144,0.1,50,0.33264613,143.4866,-15.787537
24271,Library,1,-1.8518656,1.383785,1.446451,-1.535625,1.2946203,1.4384019,0.3035657,0.9538838,1.9321733,94.12369,110.179596,133.99188,133.99188,192,144,0.1,50,0.33264616,102.69937,-11.01053
24271,Library,2,-1.4108096,1.6177322,0.056431413,-1.094569,1.5285676,0.04838243,-0.12321523,0.97966576,1.9403197,71.74782,87.914474,199.11902,199.11902,192,144,0.1,50,0.33264616,145.6483,-15.62228
24271,Library,3,-0.9450823,1.7872018,0.17985718,-0.62884164,1.6980371,0.1718082,0.23169568,1.0201052,2.2182178,93.728584,109.807434,134.92125,134.92125,192,144,0.1,50,0.33264616,150.00148,-18.051634
24272,Reception,0,-3.6523738,1.2935003,2.215251,-3.648032,1.2802606,2.1374178,-3.1526961,0.75,-4.877559,77.49363,93.87312,179.44073,179.44073,192,144,0.1,50,0.085979536,4.0297427,-4.371046
24272,Reception,1,-4.199221,1.2145041,2.4132442,-4.1948795,1.2012644,2.335411,-3.1021473,0.7336283,-5.201387,54.114944,68.51386,281.91647,281.91647,192,144,0.1,50,0.085979536,8.198442,-3.576686
24272,Reception,2,-2.9897122,1.5753777,1.85311,-2.9853704,1.562138,1.7752768,-2.8884883,0.8232782,-5.1772475,68.07121,84.00928,213.20288,213.20288,192,144,0.1,50,0.085979596,0.82489467,-6.1055846
24272,Reception,3,-2.0505602,1.3433629,2.5990236,-2.0462184,1.3301232,2.5211904,-3.3675768,0.8263304,-4.717215,53.954556,68.32958,282.89322,282.89322,192,144,0.1,50,0.08597959,-10.204685,-3.9785864
24273,Studio,0,-1.1907523,0.9213974,7.290697,-1.1474544,1.0311685,7.3173423,3.0045397,1.1949397,5.4634542,40.761597,52.70336,387.6019,387.6019,192,144,0.1,50,0.12098748,66.46466,3.4209738
24273,Studio,1,-1.7762715,0.8830637,7.6540775,-1.7329736,0.99283475,7.6807227,3.339152,1.0758742,5.7599745,38.21815,49.588642,415.63428,415.63428,192,144,0.1,50,0.12098745,69.68178,2.0243764
24273,Studio,2,-1.3448753,0.9542008,7.059042,-1.3015774,1.0639719,7.085687,3.0727515,1.3128071,5.6679797,61.752266,77.12576,240.83408,240.83408,192,144,0.1,50,0.120987475,72.521355,4.427478
24273,Studio,3,-3.221062,1.0567968,6.3502154,-3.177764,1.1665679,6.3768606,3.1397557,1.3057555,5.631795,37.644745,48.882145,422.45642,422.45642,192,144,0.1,50,0.12098756,83.55605,2.2272332
24274,Reception,0,-3.539345,3.0295835,-1.3756611,-3.4689598,2.8631,-1.491829,1.3006423,1.4393111,0.67697304,70.93687,87.059364,202.11598,202.11598,192,144,0.1,50,0.23151645,112.98176,-16.83008
24274,Reception,1,-3.6426616,3.138601,-1.9817107,-3.5722764,2.9721177,-2.0978785,1.2389863,1.308342,0.42303348,51.57708,65.58166,298.03043,298.03043,192,144,0.1,50,0.2315164,116.22527,-18.589483
24274,Reception,2,-3.3117044,2.9488733,-1.2903668,-3.2413192,2.7823899,-1.4065347,1.2496521,1.5770787,0.94686353,75.66221,91.992744,185.43575,185.43575,192,144,0.1,50,0.2315164,116.126785,-15.11029
24274,Reception,3,-3.6243417,2.9965925,-1.670719,-3.5539565,2.8301091,-1.7868869,1.470127,1.4266595,0.372152,78.41187,94.80936,176.52411,176.52411,192,144,0.1,50,0.23151633,111.85068,-15.961844
24275,Breakroom,0,0.97825956,1.4723954,-5.9592934,1.3980616,1.4723954,-4.096222,-1.156903,1.0563414,-4.5882006,78.126076,94.51843,177.4257,177.4257,192,144,0.1,50,1.9097824,-122.706505,-9.311553
24275,Breakroom,1,0.67943007,1.4480869,-6.6200457,1.0992322,1.4480869,-4.756974,-0.81247807,1.1185201,-4.4959207,92.93385,109.05672,136.80894,136.80894,192,144,0.1,50,1.9097824,-144.91719,-7.2359033
24275,Breakroom,2,1.2751642,1.5419861,-5.714969,1.6949663,1.5419861,-3.8518977,-1.1854632,1.0142031,-4.594622,83.51085,99.92982,161.30762,161.30762,192,144,0.1,50,1.9097824,-114.480225,-11.045768
24275,Breakroom,3,0.65308285,1.5676035,-5.8425694,1.0728849,1.5676035,-3.979498,-1.4520402,0.990638,-4.8274136,102.896736,118.268074,114.75479,114.75479,192,144,0.1,50,1.9097824,-115.74481,-13.867402
24276,Conference,0,-1.3751183,1.7569832,2.450345,-1.4403707,1.7569832,-1.2717571,0.8299163,1.0024078,-1.3415755,47.344444,60.614418,328.47375,328.47375,192,144,0.1,50,3.7226741,30.178371,-9.760752
24276,Conference,1,-0.9881408,1.8359511,2.5513418,-1.0533932,1.8359511,-1.1707604,1.1645676,1.1223079,-1.5997987,64.31508,79.943886,229.04437,229.04437,192,144,0.1,50,3.7226741,27.410465,-8.677201
24276,Conference,2,-1.4064765,1.8248419,2.8182938,-1.4717289,1.8248419,-0.90380836,1.039509,1.0730494,-1.463742,48.386192,61.845806,320.51782,320.51782,192,144,0.1,50,3.7226741,29.735882,-8.668013
24276,Conference,3,-1.4065173,1.7907617,2.190344,-1.4717697,1.7907617,-1.5317581,1.060027,1.0019673,-1.2741306,47.286327,60.545555,328.9273,328.9273,192,144,0.1,50,3.7226741,35.449093,-10.50758
24277,Coworking,0,4.680153,1.2728481,0.41049576,4.6120524,1.1482971,0.37932232,-1.3165691,1.0370955,-2.3258371,38.98819,50.534946,406.7767,406.7767,192,144,0.1,50,0.15051968,-65.472565,-2.0483687
24277,Coworking,1,4.171506,1.0809867,0.50789046,4.1034055,0.95643574,0.47671705,-1.4143384,0.9969267,-2.132037,29.88255,39.17125,539.6271,539.6271,192,144,0.1,50,0.1505196,-64.7041,-0.77950567
24277,Coworking,2,4.953184,1.4109299,0.08457267,4.8850837,1.2863789,0.053399235,-1.3438367,0.94597226,-2.35079,36.869656,47.92468,432.00305,432.00305,192,144,0.1,50,0.1505197,-68.8561,-3.939556
24277,Coworking,3,6.0068116,1.391546,0.54110605,5.938711,1.266995,0.50993264,-1.4642136,1.1263539,-2.5550814,31.313164,40.98074,513.7906,513.7906,192,144,0.1,50,0.15051962,-67.48961,-1.8781496
24278,Studio,0,-2.206822,0.7840097,3.728415,-2.1911566,0.7569813,3.5757236,0.9683323,0.75,3.5595114,45.40538,58.307217,344.1977,344.1977,192,144,0.1,50,0.15624276,86.954994,-0.61281645
24278,Studio,1,-2.1588068,0.7630416,4.2079053,-2.1431415,0.73601323,4.055214,0.6742766,0.6754943,3.864077,38.62708,50.091534,410.88812,410.88812,192,144,0.1,50,0.15624274,83.080315,-1.7570937
24278,Studio,2,-2.5408049,0.7979205,3.6456487,-2.5251396,0.77089214,3.4929574,1.1157533,0.7917404,3.379963,41.059616,53.066257,384.5355,384.5355,192,144,0.1,50,0.15624279,85.844185,-0.096583374
24278,Studio,3,-1.8520529,0.8884627,3.6015995,-1.8363876,0.86143434,3.448908,1.2400167,0.6769868,3.5416574,63.45019,78.996864,232.92761,232.92761,192,144,0.1,50,0.15624277,88.88942,-3.9118044
24279,Training,0,-0.4705553,1.6924968,2.7568645,-0.40562207,1.9254469,2.7208428,1.7604827,1.4757016,-0.12096516,84.72578,101.13061,157.9054,157.9054,192,144,0.1,50,0.24451324,37.784637,-3.4071987
24279,Training,1,-0.5878363,1.671685,3.0009255,-0.5229031,1.9046351,2.9649038,1.8428158,1.4551623,-0.10102043,64.45646,80.098305,228.41844,228.41844,192,144,0.1,50,0.24451324,38.08188,-3.1448643
24279,Training,2,-0.587813,1.6562918,0.9944458,-0.5228798,1.8892419,0.9584241,1.6008494,1.6055435,-0.29843634,95.43016,111.40524,130.96065,130.96065,192,144,0.1,50,0.24451329,59.42889,-1.1436957
24279,Training,3,-1.8223408,2.0821147,2.0365834,-1.7574077,2.315065,2.0005617,1.5528322,1.5963478,-0.064754166,97.15853,113.015076,127.045715,127.045715,192,144,0.1,50,0.24451338,58.094162,-6.9658318
24280,Reception,0,1.4365604,1.76523,0.9489598,1.4003426,1.9748856,1.0158348,1.9735715,0.75,3.7393057,50.114616,63.876175,308.0043,308.0043,192,144,0.1,50,0.23382764,169.10643,-19.660805
24280,Reception,1,0.34213638,1.507078,1.0064105,0.30591857,1.7167337,1.0732855,2.034329,0.6721247,3.4937835,32.91929,43.00194,487.39618,487.39618,192,144,0.1,50,0.23382764,145.77203,-15.511442
24280,Reception,2,0.88558114,1.3936677,1.9146132,0.8493633,1.6033235,1.9814882,2.080859,0.6622231,3.984042,54.7637,69.25781,278.01968,278.01968,192,144,0.1,50,0.23382777,149.98976,-17.017633
24280,Reception,3,0.61849064,1.4995278,3.038925,0.5822728,1.7091835,3.1058,2.3160288,0.81436545,3.6416993,86.33986,102.71468,153.50578,153.50578,192,144,0.1,50,0.23382765,109.54931,-20.824514
24281,Workshop,0,0.76587296,1.7742903,1.9906003,-3.1460528,1.7742903,-0.2464211,4.2861915,1.1061285,-0.65936387,102.42224,117.838875,115.73297,115.73297,192,144,0.1,50,4.5063763,53.028934,-8.622636
24281,Workshop,1,0.23357165,1.8330281,1.6702198,-3.6783543,1.8330281,-0.56680167,4.5374184,1.0089519,-0.33212438,95.0234,111.02447,131.8976,131.8976,192,144,0.1,50,4.5063763,65.05002,-9.848688
24281,Workshop,2,0.5150217,1.744436,2.2234175,-3.3969042,1.744436,-0.013603836,4.068175,1.0835795,-0.49731144,96.362434,112.27521,128.83583,128.83583,192,144,0.1,50,4.5063763,52.55791,-8.400237
24281,Workshop,3,0.8350296,1.8515819,1.7480581,-3.0768962,1.8515819,-0.48896337,4.5370774,1.09681,-1.0079379,103.883766,119.15791,112.74054,112.74054,192,144,0.1,50,4.5063763,53.334095,-9.2878275
24282,Reception,0,-2.1031318,1.3103378,1.5785177,-2.5177279,1.2787669,2.0831838,-2.0451655,1.0141779,4.482744,102.97743,118.340965,114.58909,114.58909,192,144,0.1,50,0.8508935,178.85658,-5.8214846
24282,Reception,1,-3.1808996,1.3277016,1.4440637,-3.5954957,1.2961307,1.9487298,-1.8787069,0.96544236,4.254089,71.57351,87.730965,199.75824,199.75824,192,144,0.1,50,0.85089344,155.13655,-6.671442
24282,Reception,2,-1.2254658,1.3518152,1.2180328,-1.6400619,1.3202443,1.7226989,-2.1933384,1.1375597,4.312057,73.67981,89.93751,192.20953,192.20953,192,144,0.1,50,0.8508935,-162.62927,-3.7811782
24282,Reception,3,-2.1668947,1.2373947,1.2802101,-2.5814908,1.2058238,1.7848762,-1.7664332,0.9773615,4.1751957,78.45985,94.85816,176.37329,176.37329,192,144,0.1,50,0.85089356,172.1243,-5.084486
24283,OpenOffice,0,2.1320431,0.9860944,0.6281507,2.0890858,0.9860944,0.6471585,0.15959814,1.0118873,-1.187678,60.63646,75.88753,246.24658,246.24658,192,144,0.1,50,0.046974745,-47.367397,0.5512037
24283,OpenOffice,1,1.9880401,1.1981157,1.1957805,1.9450828,1.1981157,1.2147882,0.41554552,1.0602254,-1.4844875,54.747356,69.2391,278.1168,278.1168,192,144,0.1,50,0.046974696,-30.39985,-2.5407395
24283,OpenOffice,2,1.5804466,0.99097466,0.7220132,1.5374893,0.99097466,0.741021,-0.013033643,0.97388893,-1.3640127,66.29839,82.10009,220.4815,220.4815,192,144,0.1,50,0.046974745,-37.375607,-0.3729228
24283,OpenOffice,3,2.0538886,1.0955597,1.0310067,2.0109313,1.0955597,1.0500145,0.021782577,0.9088723,-1.263689,63.9576,79.552956,230.63803,230.63803,192,144,0.1,50,0.046974745,-41.527027,-3.4853885
24284,Library,0,-0.3570547,2.2065592,1.1836882,-0.9357103,2.2957382,1.3414847,1.8240641,1.5061864,-7.159168,33.14235,43.281765,483.92752,483.92752,192,144,0.1,50,0.6089324,14.651233,-4.6433187
24284,Library,1,-0.20215449,2.1903307,1.4192218,-0.7808101,2.2795098,1.5770183,2.1568956,1.5912938,-7.4123354,31.835297,41.639015,504.92563,504.92563,192,144,0.1,50,0.6089323,14.955449,-3.74932
24284,Library,2,-1.7782854,1.7733957,-0.21717632,-2.356941,1.8625747,-0.059379816,1.9321886,1.6287768,-7.4799285,32.555443,42.545033,493.15335,493.15335,192,144,0.1,50,0.6089323,27.062077,-1.0158784
24284,Library,3,-0.09219509,2.0970223,0.93985325,-0.6708507,2.1862013,1.0976498,1.6944627,1.6036175,-7.178383,38.822876,50.33203,408.64975,408.64975,192,144,0.1,50,0.60893226,12.411766,-3.3969119
24285,Workshop,0,3.1662967,1.5236578,3.4038582,2.7415893,1.5236578,1.6457429,2.317417,1.0020245,-1.794355,40.27619,52.11137,392.68927,392.68927,192,144,0.1,50,1.8086861,-9.274663,-5.655943
24285,Workshop,1,2.7746403,1.5420889,3.4132707,2.349933,1.5420889,1.6551555,2.1574793,1.0212992,-1.4873211,59.608112,74.7403,251.3969,251.3969,192,144,0.1,50,1.808686,-7.177815,-6.0189095
24285,Workshop,2,1.2976943,1.7101257,2.4040322,0.8729869,1.7101257,0.64591694,2.298459,0.88871706,-1.9482083,49.94412,63.676605,309.20258,309.20258,192,144,0.1,50,1.8086861,12.949631,-10.422062
24285,Workshop,3,2.5549536,1.3132252,3.5129335,2.1302462,1.3132252,1.7548182,2.1227248,1.0010365,-1.8639681,53.6522,67.98181,284.74918,284.74918,192,144,0.1,50,1.8086861,-4.5959086,-3.3122625
24286,Breakroom,0,8.64435,1.5558536,-0.20473456,8.807182,1.4917773,-0.20893015,-1.9703236,1.0359223,-0.45676064,42.52715,54.846764,370.03586,370.03586,192,144,0.1,50,0.23271081,-88.63988,-2.80345
24286,Breakroom,1,7.9374924,1.5449502,-0.47383183,8.100325,1.480874,-0.4780274,-1.840957,0.9872576,-0.30104414,76.17053,92.51642,183.7473,183.7473,192,144,0.1,50,0.2327107,-91.01233,-3.2636962
24286,Breakroom,2,8.033303,1.7269726,0.026802331,8.1961355,1.6628963,0.022606745,-2.0576046,0.98309255,-0.66408205,73.62445,89.87982,192.40315,192.40315,192,144,0.1,50,0.23271081,-86.0833,-4.206284
24286,Breakroom,3,8.735532,1.625755,-0.43176067,8.898364,1.5616786,-0.43595624,-2.1053653,1.0024364,-0.47300258,33.486057,43.712517,478.67062,478.67062,192,144,0.1,50,0.23271093,-89.78203,-3.2906857
24287,Reception,0,-4.7244744,1.305193,-8.933708,-4.741387,1.1847701,-8.866663,-2.6813288,0.75,-7.058256,64.4665,80.10927,228.3741,228.3741,192,144,0.1,50,0.13887283,132.54956,-11.320109
24287,Reception,1,-4.4457874,1.3974161,-8.575548,-4.4627,1.2769933,-8.508503,-2.4546254,0.78896344,-6.9060297,83.038635,99.46111,162.65187,162.65187,192,144,0.1,50,0.13887285,129.97864,-13.178854
24287,Reception,2,-4.0647573,1.5479896,-9.505526,-4.08167,1.4275668,-9.43848,-2.4988708,0.8536091,-7.156269,60.43372,75.66182,247.24939,247.24939,192,144,0.1,50,0.13887283,146.31474,-13.817457
24287,Reception,3,-4.441527,1.3306673,-9.333903,-4.4584394,1.2102444,-9.266858,-2.5497568,0.88222593,-6.835156,56.598682,71.3496,267.4444,267.4444,192,144,0.1,50,0.13887286,142.8711,-8.142892
24288,OpenOffice,0,8.078937,0.976686,2.4650164,7.170137,0.741798,2.415559,3.8071637,1.4134982,-3.0396726,52.670654,66.849434,290.91013,290.91013,192,144,0.1,50,0.9532994,-37.812336,3.5872064
24288,OpenOffice,1,8.075408,1.0474577,2.7459517,7.1666083,0.8125697,2.6964943,3.6967173,1.4954385,-3.3602188,45.676846,58.631397,341.9204,341.9204,192,144,0.1,50,0.9532995,-35.64403,3.4119642
24288,OpenOffice,2,8.053108,0.98084754,2.9522357,7.144308,0.7459595,2.9027784,3.8199434,1.3441446,-3.0926375,61.153866,76.462555,243.71458,243.71458,192,144,0.1,50,0.95329994,-35.003174,2.8183472
24288,OpenOffice,3,8.677303,1.1736618,2.845099,7.768504,0.9387738,2.7956417,3.7746792,1.4718874,-3.212786,53.22622,67.49101,287.3971,287.3971,192,144,0.1,50,0.9532989,-38.983116,2.1914964
24289,Library,0,-2.6057575,1.4492364,-0.83464575,-0.9011388,1.4492364,0.62120056,2.1655664,1.2717512,0.48835942,52.75558,66.94762,290.36868,290.36868,192,144,0.1,50,2.2416987,105.49777,-2.0529351
24289,Library,1,-2.8174589,1.3937372,-0.57378644,-1.1128403,1.3937372,0.8820599,1.8317242,1.4138587,0.39922145,54.80311,69.30292,277.78574,277.78574,192,144,0.1,50,2.2416987,101.82058,0.24271356
24289,Library,2,-1.6619643,1.3047193,-0.07348418,0.042654395,1.3047193,1.3823621,2.1862183,1.334855,0.294484,71.289604,87.43174,200.80516,200.80516,192,144,0.1,50,2.2416987,95.46209,0.44664454
24289,Library,3,-2.288051,1.4958155,-0.68269897,-0.5834323,1.4958155,0.77314734,2.3812087,1.2007015,0.5842588,48.26891,61.707455,321.39737,321.39737,192,144,0.1,50,2.2416987,105.18112,-3.4906015
24290,Workshop,0,-1.7597932,1.6900738,-0.7793641,0.0034466982,1.6900738,-1.9540638,-0.129711,0.75,0.9955572,54.65273,69.130714,278.68018,278.68018,192,144,0.1,50,2.1187105,137.43573,-21.31035
24290,Workshop,1,-1.447497,1.6933116,-0.9871513,0.31574288,1.6933116,-2.161851,-0.1333406,0.60346115,1.1748843,34.98986,45.59098,456.8506,456.8506,192,144,0.1,50,2.1187103,148.70738,-23.304148
24290,Workshop,2,-2.053825,1.7964369,-0.45396218,-0.29058492,1.7964369,-1.6286619,-0.409216,0.63948536,1.2493974,63.930748,79.52357,230.75838,230.75838,192,144,0.1,50,2.1187105,136.00534,-26.041618
24290,Workshop,3,-1.9727863,1.652102,-0.55049425,-0.20954645,1.652102,-1.725194,-0.42992148,0.7392976,1.3393248,53.64427,67.972694,284.7981,284.7981,192,144,0.1,50,2.1187105,140.7715,-20.513597
24291,Studio,0,-1.9970903,1.5477722,-4.578716,-3.4296184,1.5477722,-1.7873509,3.9989955,1.0593433,-5.826306,46.10184,59.138157,338.40625,338.40625,192,144,0.1,50,3.1374917,78.246315,-4.559686
24291,Studio,1,-2.1927361,1.614285,-5.1682553,-3.6252642,1.614285,-2.3768902,3.954817,1.0452485,-5.593496,54.773663,69.26921,277.9605,277.9605,192,144,0.1,50,3.137492,86.04302,-5.2758694
24291,Studio,2,-1.2970135,1.5994505,-4.8628473,-2.7295415,1.5994505,-2.0714827,4.101506,1.1781056,-5.8580613,70.33699,86.424545,204.3715,204.3715,192,144,0.1,50,3.1374915,79.554825,-4.3891244
24291,Studio,3,-2.0232303,1.4456977,-4.8970475,-3.4557583,1.4456977,-2.1056824,3.6914709,1.0037283,-5.8621874,40.47391,52.352642,390.60294,390.60294,192,144,0.1,50,3.137492,80.41393,-4.360884
24292,Training,0,-1.6210599,1.3307818,0.8633394,-1.6735955,1.3307818,0.8369595,-2.2699234,0.97652864,-2.69251,35.538284,46.273502,449.3388,449.3388,192,144,0.1,50,0.058786873,-10.341427,-5.597517
24292,Training,1,-1.386193,1.3278458,0.48451167,-1.4387287,1.3278458,0.45813173,-2.3410356,1.1155849,-2.5497193,43.19354,55.65171,363.76242,363.76242,192,144,0.1,50,0.058786873,-17.468273,-3.8176494
24292,Training,2,-2.1102486,1.3557711,0.65811133,-2.1627843,1.3557711,0.6317314,-2.1490788,1.0179161,-2.3743823,33.356987,43.55082,480.6324,480.6324,192,144,0.1,50,0.058786977,-0.7336173,-6.3566813
24292,Training,3,-2.3929143,1.0501261,0.8069568,-2.44545,1.0501261,0.7805769,-2.4027054,0.8788874,-2.7624953,39.21331,50.811058,404.25037,404.25037,192,144,0.1,50,0.058786977,-0.157164,-2.746556
24293,Coworking,0,-3.6708546,0.96106726,-1.333168,-5.765438,0.96106726,-1.8316038,-3.7586405,1.302225,3.4129932,40.72207,52.6552,388.0118,388.0118,192,144,0.1,50,2.1530719,-178.94037,4.1106925
24293,Coworking,1,-3.331067,0.8959922,-1.2124586,-5.4256506,0.8959922,-1.7108943,-3.6696205,1.188033,3.1111736,40.770332,52.714005,387.5114,387.5114,192,144,0.1,50,2.1530719,-175.5227,3.8524308
24293,Coworking,2,-3.6382744,1.0667255,-2.0219882,-5.732858,1.0667255,-2.520424,-3.5971558,1.1871712,3.4593208,50.82379,64.704636,303.10086,303.10086,192,144,0.1,50,2.153072,179.57019,1.2587738
24293,Coworking,3,-3.3698196,1.1934074,-0.560713,-5.464403,1.1934074,-1.0591488,-3.5262005,1.3559808,3.1094744,74.32725,90.611015,189.96332,189.96332,192,144,0.1,50,2.1530719,-177.5602,2.5339997
24294,Conference,0,3.220301,1.4526436,0.6555544,3.0629778,1.2107613,0.8813758,-1.2125629,1.1329249,-1.5149728,51.85373,65.902985,296.20276,296.20276,192,144,0.1,50,0.39350605,-63.911575,-3.7062323
24294,Conference,1,3.0718138,1.3920056,0.4096247,2.9144907,1.1501232,0.6354461,-1.0370873,1.143625,-1.5480583,62.552826,78.00996,237.05817,237.05817,192,144,0.1,50,0.393506,-64.52457,-3.1236398
24294,Conference,2,3.4478078,1.4624563,1.0120986,3.2904847,1.220574,1.2379198,-1.3488433,1.104799,-1.5771482,53.901695,68.268814,283.2163,283.2163,192,144,0.1,50,0.39350602,-61.63969,-3.7540612
24294,Conference,3,3.0355484,1.579914,1.0341558,2.8782253,1.3380316,1.2599772,-1.1234543,1.0379323,-1.8132687,54.423985,68.86854,280.04947,280.04947,192,144,0.1,50,0.39350602,-55.60285,-6.137352
24295,Breakroom,0,-4.082107,1.6815529,-2.592947,-1.9306247,1.6815529,-0.07822275,2.060671,1.3379633,-3.3652902,92.069176,108.23663,138.8913,138.8913,192,144,0.1,50,3.3094885,82.8337,-3.176483
24295,Breakroom,1,-4.033165,1.619166,-3.1787772,-1.8816825,1.619166,-0.66405284,1.7391796,1.2092255,-3.340869,99.57595,115.244965,121.74125,121.74125,192,144,0.1,50,3.3094885,88.39152,-4.0606174
24295,Breakroom,2,-4.2044888,1.6747001,-3.01294,-2.0530066,1.6747001,-0.4982158,2.319359,1.3495983,-3.2051933,97.52855,113.35802,126.22115,126.22115,192,144,0.1,50,3.3094883,88.31203,-2.8516154
24295,Breakroom,3,-3.618477,1.8446792,-2.3125937,-1.4669948,1.8446792,0.20213047,1.8130538,1.3284856,-3.714758,102.746086,118.131905,115.06465,115.06465,192,144,0.1,50,3.3094885,75.52497,-5.257535
24296,Conference,0,-0.5467293,1.5220503,3.417395,-1.2376816,1.3929253,1.9750919,4.8475366,0.9890613,1.7699144,48.23375,61.665966,321.66183,321.66183,192,144,0.1,50,1.6674376,73.01663,-5.3982825
24296,Conference,1,-0.4896743,1.5991998,3.73714,-1.1806266,1.4700748,2.2948368,4.6571345,0.8880658,1.6854368,48.225143,61.65581,321.72662,321.72662,192,144,0.1,50,1.6674376,68.266,-7.313802
24296,Conference,2,-1.2253526,1.7271299,3.9912117,-1.916305,1.598005,2.5489085,5.1613336,0.98853844,1.4627544,42.59249,54.925793,369.41245,369.41245,192,144,0.1,50,1.667438,68.401634,-6.137188
24296,Conference,3,-0.20117012,1.4849395,3.6376166,-0.8921224,1.3558145,2.1953135,5.119632,0.8448498,1.5829897,55.798542,70.43974,271.97705,271.97705,192,144,0.1,50,1.6674374,68.88594,-6.4031243
24297,Library,0,4.3682723,1.2672707,1.8345044,2.8176532,1.2672707,0.51741886,2.3153338,1.3354253,-1.907862,85.91903,102.302895,154.64003,154.64003,192,144,0.1,50,2.034486,-28.747717,0.91476214
24297,Library,1,4.597937,1.3298864,1.9902699,3.047318,1.3298864,0.6731844,2.3220813,1.2203485,-2.2397816,86.56546,102.935074,152.9014,152.9014,192,144,0.1,50,2.034486,-28.281176,-1.3063556
24297,Library,2,4.484745,1.2935879,1.5195315,2.934126,1.2935879,0.20244595,2.1021864,1.4157296,-2.0209646,66.98783,82.8446,217.61047,217.61047,192,144,0.1,50,2.034486,-33.938377,1.63943
24297,Library,3,3.308197,1.5125263,1.6370952,1.7575779,1.5125263,0.32000977,1.9863682,1.3720459,-2.18675,81.63749,98.06385,166.71532,166.71532,192,144,0.1,50,2.034486,-19.069271,-1.9886233
24298,Workshop,0,1.4602556,0.9700943,-1.7655234,1.4939078,0.76774,-1.7779475,-1.9153159,1.0138348,-2.9470003,60.889175,76.16858,245.00502,245.00502,192,144,0.1,50,0.20579763,-70.70955,0.700718
24298,Workshop,1,1.224119,1.0789152,-2.143211,1.2577711,0.87656087,-2.155635,-1.928288,0.87592846,-2.9183,53.34869,67.63222,286.6318,286.6318,192,144,0.1,50,0.2057977,-76.18657,-3.5779753
24298,Workshop,2,0.8231008,1.0054501,-1.6563632,0.856753,0.8030958,-1.6687874,-2.06478,1.0273963,-3.2747216,86.62431,102.992516,152.74416,152.74416,192,144,0.1,50,0.20579764,-60.73388,0.37983167
24298,Workshop,3,1.7116519,1.0724723,-1.5102371,1.7453041,0.8701181,-1.5226612,-2.2285469,0.95775086,-3.1736646,60.784866,76.05262,245.51634,245.51634,192,144,0.1,50,0.20579758,-67.11207,-1.5364938
24299,OpenOffice,0,3.6133592,3.1739697,4.8963633,5.8274813,3.1739697,2.5368602,2.2902493,1.518101,0.7108096,52.687576,66.869,290.80212,290.80212,192,144,0.1,50,3.2356749,-17.542446,-20.667316
24299,OpenOffice,1,3.192474,2.9170418,4.2680283,5.4065957,2.9170418,1.9085255,2.1104925,1.6398995,0.68953145,82.51285,98.93794,164.1634,164.1634,192,144,0.1,50,3.2356744,-16.823029,-18.861176
24299,OpenOffice,2,3.3236098,3.1367357,4.899063,5.5377316,3.1367357,2.53956,2.5362911,1.4153267,0.7767006,56.13402,70.821655,270.06216,270.06216,192,144,0.1,50,3.2356746,-10.8125515,-22.301702
24299,OpenOffice,3,2.2007585,2.9014707,3.9202523,4.4148808,2.9014707,1.5607492,2.5498965,1.6601925,0.6602014,65.825615,81.58805,222.48105,222.48105,192,144,0.1,50,3.235675,6.112842,-20.736128
24300,Lounge,0,0.36563993,1.7204232,-0.070114136,2.9322324,1.4949243,0.45400262,1.345824,1.3177581,-2.145595,102.21752,117.65344,116.15699,116.15699,192,144,0.1,50,2.6293726,25.279886,-9.950184
24300,Lounge,1,0.039383262,1.6773827,-0.56680095,2.6059756,1.4518838,-0.042684197,1.2242184,1.3636982,-2.1336753,97.32461,113.16907,126.67505,126.67505,192,144,0.1,50,2.6293726,37.09575,-9.072586
24300,Lounge,2,0.042922497,1.7056267,-0.23021588,2.609515,1.4801278,0.29390088,1.0262445,1.3611158,-2.4644394,90.83508,107.06024,141.91637,141.91637,192,144,0.1,50,2.6293726,23.75516,-8.033259
24300,Lounge,3,0.3426777,1.710385,0.350349,2.9092703,1.484886,0.87446576,1.5908881,1.2545568,-1.8327503,71.13532,87.26894,201.37712,201.37712,192,144,0.1,50,2.6293726,29.759226,-10.274
24301,Conference,0,-2.3325274,1.7920295,1.9036448,-2.166624,1.7477567,2.0039973,1.8769078,0.79634243,1.318889,78.31814,94.714,176.81918,176.81918,192,144,0.1,50,0.21026517,82.09134,-13.185842
24301,Conference,1,-2.6678653,1.7404218,1.938321,-2.5019617,1.696149,2.0386734,2.1766224,0.7558273,1.2803466,93.94529,110.01165,134.41075,134.41075,192,144,0.1,50,0.21026532,82.265465,-11.386552
24301,Conference,2,-1.6793754,1.9687504,1.9455191,-1.5134721,1.9244776,2.0458717,1.5423524,0.891469,1.5484515,70.73454,86.845474,202.87299,202.87299,192,144,0.1,50,0.21026526,82.97391,-18.359406
24301,Conference,3,-2.788728,1.8511751,2.4217956,-2.6228247,1.8069023,2.5221481,1.6710997,0.7630935,1.6078453,65.63202,81.37802,223.3072,223.3072,192,144,0.1,50,0.21026517,79.65695,-13.496244
24302,OpenOffice,0,5.000744,1.1093304,-2.061964,4.1442533,1.1093304,0.69158673,0.28138146,1.3537824,0.71475124,42.116436,54.34955,373.99655,373.99655,192,144,0.1,50,2.8836813,-120.47114,2.5561938
24302,OpenOffice,1,4.879144,1.1281677,-1.7852315,4.0226536,1.1281677,0.9683193,0.032435685,1.2588226,1.0133624,34.620014,45.129925,462.04654,462.04654,192,144,0.1,50,2.8836813,-120.00307,1.3373328
24302,OpenOffice,2,4.9766574,1.2236054,-2.7399569,4.120167,1.2236054,0.0135938525,0.25027987,1.4467463,0.9207243,37.159164,48.282635,428.3923,428.3923,192,144,0.1,50,2.8836813,-127.75855,2.1376064
24302,OpenOffice,3,5.196292,1.1780342,-2.2226453,4.3398013,1.1780342,0.5309055,0.44447523,1.4471337,0.43855992,43.50791,56.03067,360.86646,360.86646,192,144,0.1,50,2.8836813,-119.25056,2.8286803
24303,Training,0,3.2861404,0.85948515,3.817006,0.33110714,0.85948515,3.8234282,1.9033562,0.95917016,-1.135857,54.77545,69.27126,277.9499,277.9499,192,144,0.1,50,2.9550402,-15.599141,1.110563
24303,Training,1,3.531923,0.85600615,4.021994,0.57688975,0.85600615,4.028416,2.1311061,0.90910226,-1.3495291,39.123337,50.700733,405.2567,405.2567,192,144,0.1,50,2.9550402,-14.61638,0.5480083
24303,Training,2,3.7959752,0.80760795,3.7265363,0.840942,0.80760795,3.7329583,1.5905874,1.108646,-1.0939975,52.68099,66.86138,290.84418,290.84418,192,144,0.1,50,2.9550402,-24.584032,3.2502353
24303,Training,3,3.4894679,0.76525986,3.1428523,0.5344346,0.76525986,3.1492743,2.0015266,0.8208784,-1.1133589,89.38227,105.66629,145.56094,145.56094,192,144,0.1,50,2.9550402,-19.269264,0.70673865
24304,Studio,0,-1.9532014,1.9815187,-0.79726696,-2.4736693,1.9815187,-2.921134,0.72345203,0.7641346,-2.7657654,66.54105,82.36243,219.465,219.465,192,144,0.1,50,2.1867094,53.66802,-20.12276
24304,Studio,1,-1.7754384,2.0594163,-0.4740803,-2.2959063,2.0594163,-2.5979474,0.9467139,0.70443445,-2.7005787,53.088943,67.332634,288.25882,288.25882,192,144,0.1,50,2.1867094,50.719635,-21.07146
24304,Studio,2,-2.2298334,1.926549,-0.7146963,-2.7503014,1.926549,-2.8385632,0.7447211,0.80709696,-2.4388173,72.156624,88.34421,197.63037,197.63037,192,144,0.1,50,2.1867094,59.902428,-18.035322
24304,Studio,3,-2.2330172,1.8881272,-0.44187534,-2.7534852,1.8881272,-2.5657425,0.41184044,0.650948,-3.0080826,64.85529,80.53332,226.66588,226.66588,192,144,0.1,50,2.1867094,45.864693,-18.55771
24305,Training,0,1.2597816,1.5540448,4.8132,1.0019567,1.6767669,4.792379,1.0016295,1.2176065,-3.9198427,102.20142,117.63885,116.1904,116.1904,192,144,0.1,50,0.2882063,-1.6931924,-2.2052524
24305,Training,1,1.4027686,1.4848205,4.534711,1.1449437,1.6075425,4.51389,1.3299419,1.2798436,-3.8717132,98.06867,113.85755,125.02587,125.02587,192,144,0.1,50,0.28820634,-0.49635386,-1.396735
24305,Training,2,1.633302,1.4442871,4.263866,1.3754771,1.5670091,4.243045,1.00469,1.1574092,-4.0856504,97.25369,113.103325,126.83321,126.83321,192,144,0.1,50,0.28820628,-4.3055177,-1.9622808
24305,Training,3,1.6812919,1.7236686,5.0263867,1.423467,1.8463906,5.0055656,0.75823975,1.1447659,-3.7219656,106.705414,121.680435,107.128365,107.128365,192,144,0.1,50,0.2882063,-6.023082,-3.765062
24306,Training,0,-1.9512405,1.7852093,3.9951558,3.007193,1.7852093,5.741876,-1.9424901,0.96601146,6.1625004,43.192093,55.649967,363.77582,363.77582,192,144,0.1,50,5.2570996,179.76868,-20.70509
24306,Training,1,-1.6215587,1.7261649,3.998568,3.336875,1.7261649,5.7452884,-2.2158866,1.0723412,5.9422526,33.960007,44.305637,471.59134,471.59134,192,144,0.1,50,5.2570996,-162.99774,-17.83202
24306,Training,2,-2.0313687,1.7517828,4.2383347,2.927065,1.7517828,5.985055,-1.6245476,0.9583203,5.937641,42.684494,55.037025,368.53778,368.53778,192,144,0.1,50,5.2570996,166.53656,-24.422855
24306,Training,3,-2.442279,1.7150326,3.8903096,2.5161545,1.7150326,5.6370296,-1.7094582,0.92857456,6.3277965,49.415726,63.057114,312.9653,312.9653,192,144,0.1,50,5.2570996,163.26682,-17.17056
24307,Training,0,-3.4605942,1.3016154,-2.5999768,-4.1787834,1.3016154,-4.947812,-3.2468119,1.4339173,0.19840701,39.874653,51.620777,396.98737,396.98737,192,144,0.1,50,2.4552243,175.63138,2.6989603
24307,Training,1,-3.1359482,1.3698889,-2.409261,-3.8541374,1.3698889,-4.7570963,-3.001186,1.4995708,0.0011302233,50.35339,64.15541,306.33896,306.33896,192,144,0.1,50,2.4552243,176.79999,3.07482
24307,Training,2,-3.642788,1.3370941,-3.1507928,-4.360977,1.3370941,-5.498628,-3.310463,1.4509971,0.5132927,30.967087,40.54379,519.82697,519.82697,192,144,0.1,50,2.4552243,174.81758,1.7732694
24307,Training,3,-3.1727414,1.4543824,-2.088046,-3.8909307,1.4543824,-4.4358816,-3.5079982,1.5394527,0.481059,42.99499,55.41212,365.61215,365.61215,192,144,0.1,50,2.4552245,-172.56517,1.8805975
24308,Reception,0,-0.4905218,0.93987167,0.386868,1.3880358,0.93987167,1.4067576,0.42355043,1.4687829,-0.77304435,105.68532,120.77209,109.13306,109.13306,192,144,0.1,50,2.1375577,38.239975,19.704882
24308,Reception,1,-0.7289746,0.85888994,0.4059401,1.149583,0.85888994,1.4258296,0.67388105,1.3817624,-0.63774234,106.13546,121.173416,108.24514,108.24514,192,144,0.1,50,2.1375577,53.35186,16.648735
24308,Reception,2,-0.81511533,1.0515306,0.41901076,1.0634422,1.0515306,1.4389004,0.17349747,1.5802261,-0.7266451,93.54747,109.6366,135.34929,135.34929,192,144,0.1,50,2.1375577,40.791664,19.25843
24308,Reception,3,-0.9812125,0.8632693,0.30024582,0.89734507,0.8632693,1.3201355,0.5188374,1.5928135,-1.0280621,98.291504,114.06327,124.53558,124.53558,192,144,0.1,50,2.1375577,48.474815,20.007092
24309,Studio,0,-1.7110901,2.5608435,4.3448467,-2.5594828,2.5608435,2.2238054,-4.2931004,1.55,2.2808444,93.48351,109.57625,135.50072,135.50072,192,144,0.1,50,2.2844224,-51.36193,-17.00357
24309,Studio,1,-2.1268363,2.5052462,4.4412236,-2.975229,2.5052462,2.3201823,-4.1459413,1.5949048,2.5779245,103.249084,118.58617,114.0326,114.0326,192,144,0.1,50,2.2844224,-47.298122,-18.331911
24309,Studio,2,-1.5536933,2.4753044,3.976644,-2.402086,2.4753044,1.8556026,-4.2780423,1.4734088,2.5305421,71.41988,87.5691,200.32385,200.32385,192,144,0.1,50,2.2844224,-62.04035,-17.99539
24309,Studio,3,-2.0768013,2.0583892,2.738771,-2.925194,2.0583892,0.6177298,-4.122954,1.6276424,2.4040072,86.99141,103.350525,151.76712,151.76712,192,144,0.1,50,2.2844224,-80.70837,-11.736439
24310,Breakroom,0,-2.24196,1.4951265,3.827335,2.4318285,1.4951265,2.832636,-0.6236102,0.9986867,1.9679213,74.15027,90.42713,190.57397,190.57397,192,144,0.1,50,4.778465,41.034843,-11.386563
24310,Breakroom,1,-2.6336267,1.5640984,4.015444,2.0401618,1.5640984,3.0207448,-0.79144275,0.92419475,2.045932,58.06908,73.0125,259.41394,259.41394,192,144,0.1,50,4.778465,43.086773,-13.348524
24310,Breakroom,2,-2.016884,1.5733309,3.9875872,2.6569045,1.5733309,2.9928885,-0.6474254,0.92547107,2.2812808,74.60419,90.89843,189.01268,189.01268,192,144,0.1,50,4.778465,38.75006,-16.494577
24310,Breakroom,3,-1.4806118,1.9369751,4.989674,3.1931767,1.9369751,3.9949753,-0.6657707,1.1219488,1.6640471,44.227802,56.896553,354.38257,354.38257,192,144,0.1,50,4.778465,13.767317,-13.389153
24311,Breakroom,0,-1.5399356,1.7967204,2.6064348,1.559248,1.7967204,-1.4218864,-5.012592,1.3509558,2.270955,50.019905,63.765335,308.669,308.669,192,144,0.1,50,5.0825496,-84.482,-7.281192
24311,Breakroom,1,-1.7484758,1.7316301,2.1610532,1.3507078,1.7316301,-1.8672681,-5.189994,1.202918,1.9942005,55.486313,70.083755,273.77832,273.77832,192,144,0.1,50,5.0825496,-87.22434,-8.723839
24311,Breakroom,2,-2.2987146,2.0227406,2.4548452,0.8004688,2.0227406,-1.5734761,-4.6939106,1.2952247,2.121781,48.830925,62.369743,317.21866,317.21866,192,144,0.1,50,5.0825496,-82.0835,-16.743649
24311,Breakroom,3,-1.5957181,1.8946648,2.3332012,1.5034654,1.8946648,-1.6951201,-4.7166,1.3450134,2.3441887,49.46366,63.113365,312.62088,312.62088,192,144,0.1,50,5.0825496,-90.20172,-9.988467
24312,Breakroom,0,-2.6182313,1.1768064,1.8419311,-3.6612296,1.1455595,0.34465456,1.1762128,1.486573,6.205686,49.193893,62.79658,314.56757,314.56757,192,144,0.1,50,1.9169844,138.99185,3.0662534
24312,Breakroom,1,-2.302843,1.2243433,1.9208847,-3.3458414,1.1930964,0.42360824,1.0249854,1.3463627,6.223611,74.35232,90.63705,189.877,189.877,192,144,0.1,50,1.9169847,142.2808,1.2850548
24312,Breakroom,2,-2.6045103,1.1932126,1.4020464,-3.6475086,1.1619657,-0.09523016,1.0264473,1.3555226,6.1630673,36.468575,47.42812,437.09674,437.09674,192,144,0.1,50,1.9169847,142.66931,1.55278
24312,Breakroom,3,-2.2450736,1.0408835,1.9973426,-3.2880719,1.0096366,0.5000661,1.430484,1.4906533,6.3301644,53.221165,67.48518,287.42874,287.42874,192,144,0.1,50,1.9169843,139.69186,4.526065
24313,Workshop,0,1.2688789,1.0088875,2.5785394,-1.1745193,1.0088875,2.215541,-0.3806497,1.2859237,-0.014178019,64.250084,79.87286,229.33296,229.33296,192,144,0.1,50,2.470215,-32.465176,5.1514416
24313,Workshop,1,1.8784988,1.223112,2.1469874,-0.5648995,1.223112,1.783989,-0.5818668,1.3716273,-0.17987582,63.54769,79.10383,232.48512,232.48512,192,144,0.1,50,2.470215,-46.597404,2.5111794
24313,Workshop,2,1.0116696,1.1849449,2.1020596,-1.4317286,1.1849449,1.7390611,-0.5443165,1.2907572,-0.06578325,58.84262,73.882545,255.33673,255.33673,192,144,0.1,50,2.470215,-35.66919,2.270764
24313,Workshop,3,1.521707,0.97471654,2.803918,-0.9216911,0.97471654,2.4409194,-0.28926167,1.2791094,-0.0057368986,79.80201,96.21846,172.21593,172.21593,192,144,0.1,50,2.470215,-32.803886,5.203087
24314,Library,0,-4.0525765,3.1557293,1.2125835,-1.4385314,3.1557293,-2.2515981,-3.1524475,0.9578084,-1.9384617,80.17008,96.58989,171.09615,171.09615,192,144,0.1,50,4.339791,15.942545,-33.849472
24314,Library,1,-3.6322823,3.297331,1.4594417,-1.018237,3.297331,-2.00474,-3.2555711,1.0065482,-1.9313812,67.368866,83.25496,216.04602,216.04602,192,144,0.1,50,4.339791,6.339408,-33.879475
24314,Library,2,-3.3734999,3.1205425,1.0237331,-0.7594547,3.1205425,-2.4404485,-2.9019156,1.0041192,-2.2557147,94.460014,110.49585,133.20544,133.20544,192,144,0.1,50,4.339791,8.183033,-32.569992
24314,Library,3,-3.4707935,3.224618,1.65114,-0.85674834,3.224618,-1.8130417,-2.9629831,0.81033325,-2.2769156,74.89357,91.198326,188.02579,188.02579,192,144,0.1,50,4.339791,7.3662167,-31.364536
24315,Lounge,0,0.94603395,1.4832218,-2.0048444,0.8995472,1.3007973,-2.1073139,-2.2489486,0.75,1.395327,68.537315,84.50841,211.34436,211.34436,192,144,0.1,50,0.2242428,-136.78201,-8.931008
24315,Lounge,1,1.0558343,1.3851985,-2.2961178,1.0093476,1.202774,-2.3985872,-2.515872,0.72243094,1.1105752,71.58671,87.744865,199.70975,199.70975,192,144,0.1,50,0.22424285,-133.64543,-7.647716
24315,Lounge,2,0.8989307,1.6185074,-1.5961586,0.852444,1.4360828,-1.6986281,-2.5916126,0.6734915,1.308377,90.23941,106.48991,143.39955,143.39955,192,144,0.1,50,0.22424294,-129.76437,-11.756013
24315,Lounge,3,0.12694979,1.5613083,-2.104342,0.08046305,1.3788838,-2.2068114,-2.514634,0.6318672,1.5559179,86.25954,102.63615,153.72159,153.72159,192,144,0.1,50,0.22424284,-144.1823,-11.63491
24316,Breakroom,0,-2.3642144,1.706544,2.577561,-0.7832099,1.706544,1.4545467,-4.016328,1.4586766,-1.8246913,83.06043,99.48279,162.58952,162.58952,192,144,0.1,50,1.9392617,-20.570524,-3.017539
24316,Breakroom,1,-2.6663935,1.6685624,2.4623673,-1.0853891,1.6685624,1.339353,-3.7857354,1.3347368,-1.5623858,79.5674,95.981346,172.93419,172.93419,192,144,0.1,50,1.9392617,-15.542015,-4.568812
24316,Breakroom,2,-1.6392828,1.9321285,2.5228593,-0.058278322,1.9321285,1.3998451,-4.2271094,1.5224841,-1.5020121,81.33353,97.75943,167.61201,167.61201,192,144,0.1,50,1.9392617,-32.73935,-4.8931465
24316,Breakroom,3,-2.0730295,1.6599894,2.134523,-0.49202496,1.6599894,1.0115088,-4.129649,1.480766,-1.8230305,69.23433,85.2526,208.60617,208.60617,192,144,0.1,50,1.9392618,-27.459522,-2.3011515
24317,Coworking,0,0.4658103,1.0940787,-1.3321614,0.34403214,1.1042056,-1.1960789,-0.78825074,0.75,-3.134107,106.77791,121.744835,106.98693,106.98693,192,144,0.1,50,0.20963244,-34.835922,-8.907435
24317,Coworking,1,2.1661735,1.3625107,-0.9844137,2.0443954,1.3726376,-0.84833115,-0.7329819,0.8668562,-3.3059032,57.087986,71.904274,264.7301,264.7301,192,144,0.1,50,0.20963249,-51.31411,-7.6013637
24317,Coworking,2,0.29927862,1.0833478,-1.1443887,0.17750046,1.0934747,-1.0083061,-0.51610076,0.7671553,-3.3349478,98.94214,114.66274,123.11342,123.11342,192,144,0.1,50,0.2096324,-20.41649,-7.703971
24317,Coworking,3,1.1239483,1.2429845,-1.241161,1.0021701,1.2531114,-1.1050785,-0.9613752,0.7674106,-3.373586,90.03663,106.295364,143.90797,143.90797,192,144,0.1,50,0.20963226,-44.360184,-9.059564
24318,Coworking,0,5.194516,0.8737806,2.0267968,5.1802597,1.0455894,1.9900006,0.82003784,0.95348495,-1.025531,28.97689,38.021408,557.27026,557.27026,192,144,0.1,50,0.17675488,-55.094276,0.85607153
24318,Coworking,1,4.995939,0.82402486,1.489527,4.9816823,0.9958337,1.4527307,0.9734832,0.95735073,-0.94570625,44.833057,57.6225,349.08432,349.08432,192,144,0.1,50,0.17675495,-58.808887,1.6241323
24318,Coworking,2,5.3112745,0.876856,2.269237,5.297018,1.0486648,2.232441,0.62682325,0.87730086,-1.052226,29.383085,38.537525,549.22565,549.22565,192,144,0.1,50,0.17675483,-54.661835,0.0044382922
24318,Coworking,3,5.585532,0.97177434,2.1825483,5.5712757,1.1435832,2.145752,0.5941099,0.8549502,-1.0842555,39.949936,51.71282,396.1752,396.1752,192,144,0.1,50,0.17675495,-56.795914,-1.1219108
24319,OpenOffice,0,3.1271305,2.0386813,5.092841,2.5418842,2.062382,5.0617404,-2.3753028,0.9690963,-3.6623802,65.37009,81.09354,224.4319,224.4319,192,144,0.1,50,0.5871164,-32.148315,-5.9053426
24319,OpenOffice,1,3.1330369,1.9742812,5.337742,2.5477905,1.9979819,5.306641,-2.6196258,0.8743296,-3.8084671,50.463615,64.28421,305.57513,305.57513,192,144,0.1,50,0.5871164,-32.168533,-5.8127427
24319,OpenOffice,2,2.4750123,2.5957737,6.9108977,1.8897659,2.6194744,6.879797,-2.2662182,0.9899441,-3.9924288,51.290127,65.24793,299.94556,299.94556,192,144,0.1,50,0.5871165,-23.501455,-7.6919413
24319,OpenOffice,3,3.6772158,2.0627167,4.811036,3.0919695,2.0864174,4.7799354,-2.5501935,0.91341823,-3.6452217,51.621914,65.63376,297.733,297.733,192,144,0.1,50,0.58711636,-36.368904,-6.2454634
24320,Reception,0,-1.295748,1.5108287,-7.958454,-3.0495138,1.5108287,-7.3577313,-0.9972731,1.080457,0.6517277,48.457947,61.930412,319.9817,319.9817,192,144,0.1,50,1.8537968,178.01462,-2.8597784
24320,Reception,1,-1.6374788,1.4222581,-8.11605,-3.3912446,1.4222581,-7.515327,-1.0095632,1.0587606,0.92079806,55.13979,69.688034,275.79947,275.79947,192,144,0.1,50,1.8537968,176.02525,-2.297885
24320,Reception,2,-1.0515991,1.4571494,-7.9898634,-2.8053648,1.4571494,-7.3891406,-1.1702338,1.1115294,0.87240577,51.263954,65.217476,300.12122,300.12122,192,144,0.1,50,1.8537967,-179.23306,-2.233149
24320,Reception,3,-0.33242166,1.4398022,-7.7330236,-2.0861874,1.4398022,-7.132301,-1.3145199,1.1809828,0.5485652,60.890503,76.17005,244.99854,244.99854,192,144,0.1,50,1.8537967,-173.23698,-1.7775992
24321,Workshop,0,0.724452,1.767526,3.1002154,-0.29321504,1.767526,-1.4700646,1.9787712,0.9625262,-1.1708363,76.6733,93.033035,182.09602,182.09602,192,144,0.1,50,4.682212,16.366417,-10.250633
24321,Workshop,1,1.1175281,1.6762631,3.0762749,0.099860996,1.6762631,-1.4940052,1.9086639,0.8833468,-1.2304788,66.991425,82.848465,217.59564,217.59564,192,144,0.1,50,4.682212,10.40899,-10.263905
24321,Workshop,2,0.20747137,1.4535998,1.0497358,-0.8101957,1.4535998,-3.5205443,1.8628178,0.93353295,-1.3348814,83.76801,100.18459,160.58078,160.58078,192,144,0.1,50,4.682212,34.76749,-10.157182
24321,Workshop,3,0.8672664,1.8851652,2.7757545,-0.15040064,1.8851652,-1.7945256,2.2037902,0.8325509,-1.5159574,101.14922,116.6829,118.38984,118.38984,192,144,0.1,50,4.682212,17.297619,-13.179702
24322,Library,0,5.6537333,1.3310713,0.28116775,4.0846457,1.3310713,1.6201067,2.5035713,1.3761752,-2.2509434,60.89243,76.17219,244.9891,244.9891,192,144,0.1,50,2.062715,-51.207558,0.6393782
24322,Library,1,5.5222206,1.3544729,-0.12696168,3.9531333,1.3544729,1.2119772,2.721679,1.3399154,-2.1313128,79.62623,96.04083,172.75374,172.75374,192,144,0.1,50,2.0627148,-54.408653,-0.24218965
24322,Library,2,5.514057,1.2246485,0.61855733,3.9449697,1.2246485,1.9574963,2.390856,1.3422681,-2.4761484,76.40452,92.75702,182.97652,182.97652,192,144,0.1,50,2.062715,-45.262573,1.5323752
24322,Library,3,4.3149395,1.8248357,-0.69423205,2.7458518,1.8248357,0.6447069,2.8275287,1.2838874,-2.0266783,82.41401,98.83945,164.44931,164.44931,192,144,0.1,50,2.0627153,-48.145508,-15.156955
24323,Library,0,-0.5329175,0.8108314,1.7838395,-0.45605075,0.91568244,1.8662739,2.543105,0.96362245,-0.5013209,47.63411,60.95739,326.22867,326.22867,192,144,0.1,50,0.15407926,53.391544,2.283338
24323,Library,1,1.9424741,1.0689118,1.8958963,2.019341,1.1737628,1.9783307,2.8155797,0.9571373,-0.21538296,86.22372,102.60112,153.81793,153.81793,192,144,0.1,50,0.15407935,22.467216,-2.8008626
24323,Library,2,-1.3442502,0.8498855,1.7785103,-1.2673836,0.95473653,1.8609447,2.6940234,0.9080812,-0.21893159,36.82293,47.866867,432.59094,432.59094,192,144,0.1,50,0.15407923,63.68173,0.74006265
24323,Library,3,-0.2658809,0.8616663,1.6365706,-0.18901417,0.9665173,1.719005,2.4143572,0.8624098,-0.2692608,48.730747,62.25182,317.95688,317.95688,192,144,0.1,50,0.1540793,54.584587,0.0129521815
24324,Library,0,4.059254,2.2092173,-5.104249,3.9473534,2.410965,-5.025286,0.12868664,0.75,-8.183264,73.94659,90.215294,191.2799,191.2799,192,144,0.1,50,0.26051575,-51.926586,-16.291252
24324,Library,1,4.579854,2.2092192,-5.3373876,4.4679527,2.4109669,-5.2584248,-0.14180729,0.7153073,-8.50764,74.05694,90.33009,190.89702,190.89702,192,144,0.1,50,0.26051596,-56.12151,-14.717862
24324,Library,2,3.7625296,2.223109,-5.3858166,3.6506288,2.4248567,-5.3068533,0.23150408,0.66613555,-7.9006376,90.21001,106.46171,143.47316,143.47316,192,144,0.1,50,0.26051596,-54.541264,-19.756317
24324,Library,3,3.950441,2.1435716,-5.331143,3.83854,2.3453193,-5.25218,0.23458067,0.6936617,-8.332441,59.10924,74.18166,253.95396,253.95396,192,144,0.1,50,0.26051578,-51.072212,-16.885546
24325,OpenOffice,0,-3.300814,1.6964147,2.5694304,-4.1933546,1.6964147,0.7384883,1.9412606,0.9646848,-5.4885683,40.831543,52.788574,386.87836,386.87836,192,144,0.1,50,2.0369039,33.045734,-4.35287
24325,OpenOffice,1,-3.0891318,1.4909198,1.5530568,-3.9816725,1.4909198,-0.2778852,1.6557162,1.0474066,-5.6692677,59.235443,74.32311,253.30339,253.30339,192,144,0.1,50,2.0369039,33.303703,-2.9380496
24325,OpenOffice,2,-3.0984116,1.5263124,3.7440028,-3.9909523,1.5263124,1.9130608,2.08921,0.8166896,-5.63587,51.64355,65.658905,297.58963,297.58963,192,144,0.1,50,2.0369039,28.945173,-3.7876446
24325,OpenOffice,3,-3.1782098,1.7605559,3.0418859,-4.07075,1.7605559,1.2109437,1.9952841,1.0925426,-5.1548047,53.859207,68.21996,283.4764,283.4764,192,144,0.1,50,2.0369039,32.25884,-3.9424963
24326,OpenOffice,0,-2.4409215,1.5473992,5.907997,-1.3547976,1.5473992,3.92002,-4.1829777,1.5155097,3.6792939,99.54066,115.212585,121.81732,121.81732,192,144,0.1,50,2.2653296,-38.012806,-0.64588493
24326,OpenOffice,1,-2.6834817,1.5239673,5.5648494,-1.5973577,1.5239673,3.5768723,-4.14078,1.5111033,3.6242983,95.92212,111.86479,129.83551,129.83551,192,144,0.1,50,2.2653296,-36.9055,-0.30370837
24326,OpenOffice,2,-1.9598215,1.3831695,5.766708,-0.8736975,1.3831695,3.7787309,-3.8508198,1.5242388,4.000829,99.85194,115.497955,121.14776,121.14776,192,144,0.1,50,2.2653296,-46.959606,3.1208715
24326,OpenOffice,3,-2.1133065,1.7177072,6.439583,-1.0271826,1.7177072,4.451606,-4.528413,1.6416204,3.358643,84.54759,100.95495,158.3994,158.3994,192,144,0.1,50,2.2653296,-38.09241,-1.1134683
24327,Reception,0,-3.4862978,1.3268746,1.7648685,-2.345859,1.5636117,2.8790896,-2.147401,1.032043,-2.5309086,79.290794,95.70142,173.78557,173.78557,192,144,0.1,50,1.6120502,17.311077,-3.7488928
24327,Reception,1,-3.143502,1.3618193,1.9090272,-2.0030632,1.5985564,3.0232482,-1.8264297,1.1008606,-2.5895095,67.19057,83.063034,216.77614,216.77614,192,144,0.1,50,1.6120502,16.318865,-3.1865177
24327,Reception,2,-3.2091827,1.3686928,1.653778,-2.068744,1.6054299,2.767999,-2.2501376,0.9648088,-2.3978088,105.00943,120.168,110.47626,110.47626,192,144,0.1,50,1.6120499,13.317285,-5.540629
24327,Reception,3,-3.7616515,1.3529282,1.6526716,-2.6212127,1.5896653,2.7668927,-2.0165339,0.9631159,-2.8068728,88.08416,104.41234,148.89735,148.89735,192,144,0.1,50,1.6120502,21.371498,-4.6536264
24328,Breakroom,0,4.587697,0.9568899,-0.7184212,3.8399844,0.9568899,-3.189462,0.028268933,1.3341186,0.7779347,94.9181,110.92577,132.14114,132.14114,192,144,0.1,50,2.5816886,-108.16929,4.4948173
24328,Breakroom,1,4.313279,0.94015414,-0.7399031,3.5655663,0.94015414,-3.2109437,0.10878864,1.3038483,0.5306598,102.872185,118.24589,114.805244,114.805244,192,144,0.1,50,2.5816886,-106.81439,4.733473
24328,Breakroom,2,4.8407774,1.0283501,-0.59976256,4.093065,1.0283501,-3.0708034,-0.2503041,1.3856342,0.7720078,86.55641,102.92623,152.9256,152.9256,192,144,0.1,50,2.5816886,-105.07998,3.8765354
24328,Breakroom,3,4.757565,1.0100635,-0.22276375,4.0098524,1.0100635,-2.6938045,0.11053017,1.2351218,0.98813355,103.29199,118.624886,113.944885,113.944885,192,144,0.1,50,2.5816886,-104.605034,2.6832373
24329,OpenOffice,0,-0.33678865,1.9360431,-1.2276154,-0.36084762,2.0764945,-1.2719214,-2.7424335,0.87524205,-0.4566317,45.206615,58.069607,345.88153,345.88153,192,144,0.1,50,0.15371414,-107.7701,-22.778723
24329,OpenOffice,1,-0.6411861,1.9797647,-1.2757199,-0.6652451,2.120216,-1.3200259,-2.4235785,0.8480834,-0.47562838,32.826935,42.88602,488.84576,488.84576,192,144,0.1,50,0.15371402,-114.17466,-30.081175
24329,OpenOffice,2,0.13234064,2.1567204,-0.5565278,0.10828167,2.2971716,-0.60083383,-2.6592586,0.9574472,-0.54566884,32.84444,42.907993,488.5704,488.5704,192,144,0.1,50,0.15371402,-90.22287,-23.248238
24329,OpenOffice,3,-0.055477142,2.0674016,-0.5768067,-0.07953611,2.207853,-0.62111276,-2.5644047,0.8158994,-0.78772604,49.717525,63.41113,310.807,310.807,192,144,0.1,50,0.15371424,-85.19458,-26.43042
24330,OpenOffice,0,-1.2790241,1.6413503,1.9990392,-1.8697406,1.500046,2.235104,-2.2954223,1.0253747,-1.3192706,101.39379,116.905495,117.87567,117.87567,192,144,0.1,50,0.6523578,-17.029823,-10.0646105
24330,OpenOffice,1,-0.92589843,1.6849369,2.1116004,-1.5166149,1.5436326,2.3476653,-2.5336308,1.151696,-1.2846282,92.62406,108.76328,137.55156,137.55156,192,144,0.1,50,0.6523577,-25.332294,-8.077021
24330,OpenOffice,2,-0.9186964,1.6129056,1.917804,-1.5094129,1.4716014,2.153869,-2.4477866,1.0519177,-1.6226568,102.848816,118.22477,114.85329,114.85329,192,144,0.1,50,0.6523578,-23.359041,-8.276405
24330,OpenOffice,3,-1.1774745,1.702533,1.6872199,-1.768191,1.5612288,1.9232848,-2.5740361,0.94233465,-0.98246133,105.26006,120.392204,109.97677,109.97677,192,144,0.1,50,0.6523577,-27.614933,-14.1609745
24331,Workshop,0,-0.5698081,1.7347475,-1.5608442,-0.588744,1.6919174,-1.5285857,-0.41776657,0.9839142,0.3887483,70.301506,86.38693,204.50597,204.50597,192,144,0.1,50,0.056873452,175.54074,-21.004662
24331,Workshop,1,-0.46134123,1.748721,-1.7864063,-0.4802771,1.7058909,-1.7541478,-0.26607153,1.1215289,0.4504251,76.33201,92.682495,183.21494,183.21494,192,144,0.1,50,0.05687345,175.01086,-15.606684
24331,Workshop,2,-1.0714703,1.5533558,-1.8779821,-1.0904062,1.5105257,-1.8457236,-0.40066606,1.0052643,0.3957648,87.044014,103.40177,151.62766,151.62766,192,144,0.1,50,0.056873467,163.56282,-13.018071
24331,Workshop,3,-0.63184047,1.6824799,-1.8169378,-0.6507763,1.6396497,-1.7846793,-0.753228,1.1281698,0.4633377,44.338478,57.029438,353.4035,353.4035,192,144,0.1,50,0.056873452,-176.95282,-13.644371
24332,Studio,0,-1.2551107,1.0628237,-1.6803017,-1.1350933,1.2261875,-1.5424588,-0.80853564,0.8949463,0.07292366,91.781746,107.96328,139.5902,139.5902,192,144,0.1,50,0.26702383,165.7097,-5.30133
24332,Studio,1,-2.8360698,1.1818213,-1.2337178,-2.7160525,1.3451852,-1.0958749,-1.0252081,1.0213177,0.074995965,104.736496,119.923546,111.02211,111.02211,192,144,0.1,50,0.26702377,125.85572,-4.1089125
24332,Studio,2,-1.4508383,1.0035976,-2.115329,-1.330821,1.1669614,-1.9774861,-0.8014133,0.8391111,0.08516702,59.40883,74.51731,252.4137,252.4137,192,144,0.1,50,0.2670238,163.55727,-4.1006746
24332,Studio,3,-1.0894153,1.0282614,-2.0445046,-0.96939784,1.1916252,-1.9066617,-0.54417264,0.99135053,-0.05397919,90.53225,106.77051,142.66847,142.66847,192,144,0.1,50,0.26702395,164.68135,-1.0245957
24333,Studio,0,-2.1215277,0.8721724,-1.6138599,-2.1415164,0.8199942,-1.5906247,-4.365708,0.9548297,4.079492,90.20633,106.458176,143.48238,143.48238,192,144,0.1,50,0.06789898,-158.48685,0.7738342
24333,Studio,1,-2.5078325,1.1376512,-2.7930148,-2.5278213,1.0854731,-2.7697797,-4.475912,0.892168,3.8255575,72.63904,88.85015,195.89236,195.89236,192,144,0.1,50,0.06789887,-163.43977,-2.0360985
24333,Studio,2,-2.4360037,0.8116491,-1.541341,-2.4559925,0.7594709,-1.5181057,-4.105805,0.8769229,4.4013963,90.438095,106.680336,142.90312,142.90312,192,144,0.1,50,0.067898996,-164.3056,0.6058403
24333,Studio,3,-1.7479068,0.8025199,-2.2684827,-1.7678956,0.7503417,-2.2452474,-4.092864,0.90641344,4.062118,92.69148,108.82718,137.38963,137.38963,192,144,0.1,50,0.06789903,-159.67455,0.8816818
24334,Conference,0,-0.07303214,1.9744471,-2.3956075,-1.8278255,1.9744471,-1.5116382,-2.0822482,1.2184976,0.3057227,72.842514,89.063194,195.1652,195.1652,192,144,0.1,50,1.9648668,-143.35858,-12.655433
24334,Conference,1,-0.3060103,1.8602083,-2.5967438,-2.0608037,1.8602083,-1.7127746,-1.8032303,1.3575981,0.377532,84.31483,100.72526,159.04727,159.04727,192,144,0.1,50,1.9648668,-153.27979,-8.583445
24334,Conference,2,-0.41868663,1.9761615,-2.2664618,-2.17348,1.9761615,-1.3824925,-2.2879114,1.338762,0.29739675,89.679634,105.95241,144.80743,144.80743,192,144,0.1,50,1.9648668,-143.90544,-11.358836
24334,Conference,3,0.10035035,1.6692283,-3.2318954,-1.654443,1.6692283,-2.3479261,-1.9842567,1.335248,0.46445838,70.851456,86.96909,202.4351,202.4351,192,144,0.1,50,1.9648668,-150.57861,-4.499964
24335,Training,0,-1.0273275,1.5816681,-2.1214583,2.7881997,1.5816681,-1.625783,2.0021305,1.3223808,1.2180938,89.589836,105.86606,145.03456,145.03456,192,144,0.1,50,3.847589,137.78741,-3.2912042
24335,Training,1,-0.1495539,1.8823049,-2.0089958,3.6659732,1.8823049,-1.5133204,2.1324744,1.3751513,1.3505093,89.24324,105.532364,145.91463,145.91463,192,144,0.1,50,3.8475888,145.81271,-7.1179967
24335,Training,2,-1.1827296,1.5080438,-2.5640378,2.6327975,1.5080438,-2.0683625,1.9214697,1.471325,1.0416381,89.921005,106.18436,144.19867,144.19867,192,144,0.1,50,3.8475888,139.27417,-0.44217342
24335,Training,3,-0.68909585,1.4966305,-1.860035,3.1264315,1.4966305,-1.3643596,2.0118806,1.313014,1.2641704,75.75021,92.08351,185.14203,185.14203,192,144,0.1,50,3.8475893,139.15553,-2.5457206
24336,Breakroom,0,-1.1166117,1.648677,-3.1364071,-1.0607581,1.5238938,-3.1507533,2.0986907,0.75,-2.4218204,29.784266,39.046627,541.49097,541.49097,192,144,0.1,50,0.13747077,102.53008,-15.261288
24336,Breakroom,1,-0.82108223,1.8040345,-2.766444,-0.7652286,1.6792513,-2.78079,1.9789176,0.7473409,-2.4381616,49.425278,63.06832,312.89664,312.89664,192,144,0.1,50,0.13747078,96.68704,-20.547165
24336,Breakroom,2,-1.08735,1.8122727,-4.4559817,-1.0314964,1.6874895,-4.470328,2.3041925,0.7634784,-2.1168907,35.097412,45.724937,455.35953,455.35953,192,144,0.1,50,0.13747077,124.59339,-14.28217
24336,Breakroom,3,-1.5559789,1.5902998,-2.5369515,-1.5001253,1.4655167,-2.5512977,1.9856753,0.78096825,-2.161876,30.57068,40.04268,526.90497,526.90497,192,144,0.1,50,0.1374708,96.04532,-12.802873
24337,Reception,0,1.3605099,1.1598995,-0.82601357,1.3372793,1.1248913,-0.77828413,2.0807402,0.9634839,3.033318,63.4234,78.96747,233.0494,233.0494,192,144,0.1,50,0.07071345,169.42903,-2.8641155
24337,Reception,1,1.4738652,1.251073,-0.54285866,1.4506346,1.2160648,-0.49512923,2.0632844,0.9442078,3.1687863,56.621006,71.37494,267.31964,267.31964,192,144,0.1,50,0.070713475,170.97662,-4.6680264
24337,Reception,2,2.1421788,1.297431,-1.245094,2.1189482,1.2624228,-1.1973646,2.3478076,0.83346856,2.7937858,46.511826,59.626133,335.07373,335.07373,192,144,0.1,50,0.070713446,177.08545,-6.54467
24337,Reception,3,0.93659484,0.86405957,-2.6200047,0.9133643,0.8290514,-2.5722752,2.18814,1.0990708,2.8804922,53.121647,67.370384,288.05313,288.05313,192,144,0.1,50,0.07071349,167.18155,2.3855996
24338,Training,0,3.170999,0.9563887,0.017140388,3.1404572,0.7352709,0.032328986,0.3256356,0.9888392,1.0497307,76.3548,92.70591,183.13998,183.13998,192,144,0.1,50,0.22561438,-109.94598,0.6142204
24338,Training,1,4.066046,1.1531491,0.19969475,4.0355043,0.93203133,0.21488336,0.42741507,1.1262873,1.0672519,54.19468,68.60542,281.4329,281.4329,192,144,0.1,50,0.22561437,-103.41062,-0.4114392
24338,Training,2,3.4378815,1.0475374,-0.1882759,3.4073396,0.8264196,-0.1730873,0.12862718,0.9510652,0.75908077,79.754654,96.170616,172.36064,172.36064,192,144,0.1,50,0.22561443,-105.97509,-1.605377
24338,Training,3,2.8252409,0.9436219,0.25772345,2.794699,0.7225041,0.27291206,0.18706794,1.0710778,1.0384603,75.20904,91.52475,186.95732,186.95732,192,144,0.1,50,0.22561437,-106.48551,2.6523972
24339,Reception,0,0.23003817,2.7012577,2.492199,0.19670984,2.8998146,2.4957576,0.9298066,0.98887426,1.9143268,61.254463,76.57419,243.2268,243.2268,192,144,0.1,50,0.20186158,50.449944,-62.077263
24339,Reception,1,-2.0482721,2.276565,2.6947575,-2.0816004,2.475122,2.698316,1.2685052,0.8495432,1.7619033,33.014023,43.120808,485.91748,485.91748,192,144,0.1,50,0.20186153,74.2912,-22.498064
24339,Reception,2,-1.1886315,2.3594089,2.305587,-1.2219598,2.5579658,2.3091457,1.2491183,1.0293447,2.1695824,71.137665,87.271416,201.36841,201.36841,192,144,0.1,50,0.20186153,86.80672,-28.57997
24339,Reception,3,-0.27546602,2.7436674,2.8033755,-0.30879435,2.9422243,2.806934,0.7427689,0.9743631,2.0853436,54.992462,69.519585,276.66586,276.66586,192,144,0.1,50,0.20186152,54.80954,-54.846836
24340,Reception,0,-0.71152806,1.6312641,0.12407327,-0.7551372,1.7166582,-2.3212135,0.9716933,1.0099924,0.51569873,48.26653,61.704655,321.41525,321.41525,192,144,0.1,50,2.447208,103.097664,-19.773252
24340,Reception,1,-0.77674776,1.5395625,-0.24659458,-0.8203569,1.6249566,-2.6918814,1.0222523,1.1049007,0.7049453,56.84686,71.6311,266.06232,266.06232,192,144,0.1,50,2.4472082,117.87559,-12.055951
24340,Reception,2,-0.41626248,1.7207484,0.025082141,-0.45987162,1.8061426,-2.4202046,0.8502444,0.9483061,0.33472046,69.865685,85.92443,206.16722,206.16722,192,144,0.1,50,2.447208,103.738304,-30.64466
24340,Reception,3,-0.617823,1.678959,0.5735456,-0.66143215,1.7643532,-1.8717412,1.208995,0.9618473,0.28996903,58.61768,73.629875,256.51224,256.51224,192,144,0.1,50,2.447208,81.17641,-21.201334
24341,Training,0,-1.6177534,1.513782,1.6122198,0.90985096,1.513782,1.2239552,-2.162385,1.4781493,-1.335612,73.07838,89.30987,194.3267,194.3267,192,144,0.1,50,2.5572512,-10.467737,-0.68102014
24341,Training,1,-1.9272708,1.5500305,1.414412,0.6003336,1.5500305,1.0261474,-2.3074675,1.6063744,-1.1275285,55.037777,69.57141,276.3989,276.3989,192,144,0.1,50,2.5572512,-8.506639,1.2558287
24341,Training,2,-1.9452361,1.6130435,2.457267,0.58236825,1.6130435,2.0690024,-2.1050901,1.5383441,-1.5626501,73.94477,90.2134,191.28621,191.28621,192,144,0.1,50,2.5572512,-2.2771962,-1.0637258
24341,Training,3,-0.43113756,1.7988642,2.6868043,2.0964668,1.7988642,2.2985396,-2.2414846,1.4019084,-1.4431922,44.341084,57.032566,353.3805,353.3805,192,144,0.1,50,2.5572512,-23.669815,-5.030752
24342,OpenOffice,0,2.5623355,1.0605187,0.32444763,2.648336,1.1057636,0.5068965,5.023462,1.3161066,0.11078359,98.61318,114.35988,123.83073,123.83073,192,144,0.1,50,0.20673552,85.03828,5.9068503
24342,OpenOffice,1,2.6015017,1.1610192,0.8935273,2.6875021,1.206264,1.0759761,4.9342413,1.4017266,-0.15716596,97.3908,113.230415,126.52758,126.52758,192,144,0.1,50,0.20673548,65.75264,5.374769
24342,OpenOffice,2,2.7488613,1.0724239,0.06624967,2.8348618,1.1176687,0.24869853,5.121583,1.2947067,0.45591724,100.83393,116.39555,119.05535,119.05535,192,144,0.1,50,0.20673554,99.326324,5.281655
24342,OpenOffice,3,2.229186,0.9347377,-0.24941576,2.3151865,0.9799825,-0.06696689,5.3676133,1.2295923,0.043302312,82.20432,98.63031,165.05772,165.05772,192,144,0.1,50,0.20673554,95.32851,5.3441143
24343,Training,0,-3.6175697,0.8921118,1.8281288,-3.6101508,0.8921118,1.769911,-3.8921354,0.75,4.632162,78.76223,95.165436,175.42633,175.42633,192,144,0.1,50,0.058688562,-174.40753,-2.8875504
24343,Training,1,-3.5957236,1.0026187,1.2816787,-3.5883048,1.0026187,1.2234609,-4.07545,0.6183783,4.978165,78.86287,95.26759,175.11252,175.11252,192,144,0.1,50,0.058688562,-172.60555,-5.885433
24343,Training,2,-3.9202292,0.9717249,2.3631935,-3.9128103,0.9717249,2.3049755,-3.7028685,0.7638173,4.7056236,103.16374,118.50918,114.20719,114.20719,192,144,0.1,50,0.0586888,174.69855,-5.0505395
24343,Training,3,-3.7732728,0.7722345,0.40904152,-3.765854,0.7722345,0.35082376,-3.9339213,0.81180835,4.579827,61.68999,77.05684,241.13152,241.13152,192,144,0.1,50,0.058688562,-177.7942,0.543223
24344,Conference,0,1.9611106,2.835867,1.5641279,2.1596372,3.023282,1.6505599,3.6940918,1.0376015,3.0045934,50.294037,64.08604,306.75153,306.75153,192,144,0.1,50,0.33071133,129.73358,-38.58971
24344,Conference,1,2.1980886,2.8750138,1.2653725,2.3966153,3.062429,1.3518045,3.3836057,0.9492466,2.9097443,48.232944,61.66502,321.6679,321.6679,192,144,0.1,50,0.33071133,144.21011,-43.53057
24344,Conference,2,2.1117957,2.5964983,-0.1842581,2.3103223,2.7839134,-0.09782612,3.522651,0.9177747,3.0411355,37.359226,48.529774,425.92865,425.92865,192,144,0.1,50,0.33071142,156.37442,-25.494003
24344,Conference,3,2.5028477,2.4949882,0.66423607,2.7013743,2.6824033,0.75066805,3.376069,1.0775206,3.0622709,51.424923,65.404755,299.04346,299.04346,192,144,0.1,50,0.33071133,159.9914,-29.048567
24345,Lounge,0,-5.754857,1.7589016,-1.6246862,-7.1539497,1.7589016,0.24120605,-5.6656194,0.9840965,0.8757986,67.385414,83.272766,215.97842,215.97842,192,144,0.1,50,2.3321695,177.95609,-17.205914
24345,Lounge,1,-5.8417125,1.8733534,-1.9707457,-7.240805,1.8733534,-0.10485342,-5.8001637,1.102771,0.9483745,80.2114,96.631546,170.97098,170.97098,192,144,0.1,50,2.3321695,179.18456,-14.786043
24345,Lounge,2,-6.8451405,1.5659997,-1.7252656,-8.244233,1.5659997,0.14062667,-5.7928896,1.0006446,1.2257735,51.527348,65.52385,298.36093,298.36093,192,144,0.1,50,2.3321695,160.37532,-10.228952
24345,Lounge,3,-6.1685414,1.7614797,-1.9251227,-7.567634,1.7614797,-0.059230447,-5.6712604,1.1259506,0.5577005,68.90973,84.906364,209.87529,209.87529,192,144,0.1,50,2.3321695,168.67418,-14.089383
24346,Training,0,-0.40639955,1.7600099,-0.69148326,-0.25827825,1.7600099,1.3183794,3.9958038,1.3365672,1.3923882,30.576572,40.05013,526.7985,526.7985,192,144,0.1,50,2.0153134,115.331474,-4.9688025
24346,Training,1,0.46338266,2.0536635,-1.4456147,0.61150396,2.0536635,0.56424797,4.164704,1.275788,1.6183301,36.328163,47.254112,438.9056,438.9056,192,144,0.1,50,2.0153134,129.61787,-9.195859
24346,Training,2,-0.904119,1.7603294,-0.45282,-0.75599766,1.7603294,1.5570427,3.728874,1.2659155,1.5168002,41.95273,54.151123,375.59586,375.59586,192,144,0.1,50,2.0153134,113.03176,-5.608994
24346,Training,3,-0.11146438,1.6057284,-1.1476138,0.036656916,1.6057284,0.8622489,4.1790996,1.1906775,1.2712485,43.46357,55.97725,361.2725,361.2725,192,144,0.1,50,2.0153134,119.412704,-4.816762
24347,Lounge,0,1.5559187,1.2980638,-1.351798,0.7825781,1.2980638,0.37522924,0.15853934,0.75,-1.7805561,47.561485,60.871437,326.78912,326.78912,192,144,0.1,50,1.9405904,-72.94241,-20.553797
24347,Lounge,1,1.5260164,1.3223547,-1.6098435,0.7526758,1.3223547,0.117183834,-0.121749535,0.6776215,-2.0008554,46.011467,59.030476,339.14838,339.14838,192,144,0.1,50,1.9405904,-76.65073,-20.842087
24347,Lounge,2,1.2873127,1.2958633,-1.0447378,0.51397216,1.2958633,0.6822894,-0.07918273,0.779913,-1.6052858,51.473763,65.46155,298.71768,298.71768,192,144,0.1,50,1.9405904,-67.69615,-19.25551
24347,Lounge,3,1.3284018,1.348363,-1.5823336,0.5550612,1.348363,0.14469378,-0.052249447,0.6577693,-1.957295,67.34763,83.23211,216.13281,216.13281,192,144,0.1,50,1.9405906,-74.80592,-25.767033
24348,Breakroom,0,2.0018957,0.87701935,-3.782626,1.8333393,0.9545378,-3.7725818,0.08931972,0.9751127,-1.8006126,38.16533,49.52362,416.2545,416.2545,192,144,0.1,50,0.2148015,-136.02142,2.039684
24348,Breakroom,1,1.8930612,0.91165686,-3.5534058,1.7245048,0.9891753,-3.5433617,0.2322282,0.90644914,-1.4965665,50.698685,64.558685,303.95657,303.95657,192,144,0.1,50,0.21480156,-141.08022,-0.11286606
24348,Breakroom,2,2.1345954,0.79171985,-4.1476855,1.9660391,0.8692383,-4.1376414,0.23745887,1.036835,-2.0609083,33.906147,44.23828,472.3862,472.3862,192,144,0.1,50,0.21480164,-137.72531,4.9672537
24348,Breakroom,3,2.0190573,0.8157948,-4.351945,1.8505011,0.8933133,-4.341901,0.17749847,1.0439285,-1.4594448,44.323948,57.012,353.53174,353.53174,192,144,0.1,50,0.21480152,-147.51645,3.8063407
24349,Reception,0,0.65179527,1.7361336,0.3540709,0.36909416,1.6709026,0.5256114,2.6221113,0.9817672,-2.4464817,42.628567,54.96942,369.069,369.069,192,144,0.1,50,0.4187706,35.128128,-12.4240055
24349,Reception,1,1.0682504,1.8406324,0.51611954,0.7855493,1.7754015,0.68766004,2.4795425,0.94735295,-2.276703,62.070484,77.477646,239.32268,239.32268,192,144,0.1,50,0.4187706,26.80876,-15.932455
24349,Reception,2,0.8914605,1.6207209,0.15355408,0.6087594,1.5554899,0.32509458,2.8241665,1.023922,-2.7619987,59.92039,75.08929,249.81598,249.81598,192,144,0.1,50,0.4187706,33.54021,-9.682172
24349,Reception,3,0.89157516,1.7028029,0.44515225,0.6088741,1.6375719,0.6166928,2.4327834,0.88505495,-2.3202841,41.81543,53.984604,376.9464,376.9464,192,144,0.1,50,0.41877052,29.131409,-14.482849
24350,Lounge,0,-1.7050862,1.5540547,-0.23354912,0.52997756,1.5540547,0.5331482,1.6044369,1.3085415,-1.9600184,53.560837,67.87664,285.31378,285.31378,192,144,0.1,50,2.3629081,62.450436,-3.763051
24350,Lounge,1,-1.3300283,1.5369592,-0.41651988,0.90503544,1.5369592,0.35017747,1.5876396,1.4513891,-2.2544763,88.2276,104.5513,148.52486,148.52486,192,144,0.1,50,2.3629081,57.791523,-1.421506
24350,Lounge,2,-0.93680024,1.7131352,-0.30475876,1.2982635,1.7131352,0.4619386,1.8618344,1.3783176,-1.6961457,81.025085,97.45004,168.52762,168.52762,192,144,0.1,50,2.3629081,63.564987,-6.1146007
24350,Lounge,3,-1.3009892,1.6307063,-0.015281826,0.93407464,1.6307063,0.7514155,1.3294232,1.2967948,-2.076026,63.83456,79.41824,231.19022,231.19022,192,144,0.1,50,2.3629081,51.923786,-5.7065163
24351,Conference,0,-1.7579921,1.5318682,-2.9978578,-1.105336,1.5350856,-5.198617,-1.104927,1.0187945,-1.1013163,58.7301,73.75619,255.92372,255.92372,192,144,0.1,50,2.4639797,160.99908,-14.348093
24351,Conference,1,-2.3581662,1.5980419,-3.0114286,-1.7055101,1.6012592,-5.212188,-1.1510246,1.048173,-0.9306421,46.813805,59.98498,332.65442,332.65442,192,144,0.1,50,2.4639795,149.88039,-12.87545
24351,Conference,2,-2.08687,1.3922727,-2.7026458,-1.4342139,1.39549,-4.903405,-1.382233,0.9757309,-0.8796587,70.12453,86.19924,205.17839,205.17839,192,144,0.1,50,2.4639797,158.86705,-12.03127
24351,Conference,3,-2.00059,1.6327556,-2.7975829,-1.3479338,1.635973,-4.998342,-1.3883302,1.0724853,-0.97014827,58.923775,73.97363,254.91464,254.91464,192,144,0.1,50,2.4639795,161.4772,-16.209484
24352,Studio,0,-0.34303236,1.2901849,0.15531969,1.6341671,1.2901849,-0.21770665,-0.6783347,1.0050664,-1.9057693,66.8031,82.64536,218.3746,218.3746,192,144,0.1,50,2.01208,-9.240052,-7.775025
24352,Studio,1,-0.12804581,1.3499362,0.03548062,1.8491536,1.3499362,-0.33754572,-0.87352395,1.1321347,-1.7732214,88.44974,104.76629,147.94992,147.94992,192,144,0.1,50,2.01208,-22.399593,-6.3527484
24352,Studio,2,-0.04244134,1.410844,0.5320356,1.9347581,1.410844,0.15900922,-0.54678977,1.1240336,-2.1100245,70.746735,86.85837,202.82727,202.82727,192,144,0.1,50,2.01208,-10.807292,-6.0864615
24352,Studio,3,-0.23924363,1.2074567,1.4876624,1.7379558,1.2074567,1.1146361,-0.6648051,0.9768505,-1.945226,49.305164,62.9273,313.76218,313.76218,192,144,0.1,50,2.01208,-7.066677,-3.8139951
24353,Breakroom,0,1.9349759,0.92981076,3.5433154,-1.5044641,0.92981076,1.0170431,0.21766087,1.3391773,-3.8750346,69.44162,85.47342,207.80112,207.80112,192,144,0.1,50,4.413017,-13.034121,3.0773282
24353,Breakroom,1,1.7565349,0.9431901,3.3302605,-1.6829051,0.9431901,0.8039882,0.32247886,1.364049,-4.0121703,82.26812,98.693954,164.87236,164.87236,192,144,0.1,50,4.4130163,-11.051363,3.2198265
24353,Breakroom,2,1.6254776,1.0978357,3.0471218,-1.8139625,1.0978357,0.52084947,0.22458127,1.4006205,-3.974018,57.500835,72.37126,262.4728,262.4728,192,144,0.1,50,4.4130163,-11.283787,2.4216607
24353,Breakroom,3,1.9578274,0.9872534,3.15039,-1.4816126,0.9872534,0.6241176,0.4721536,1.1956457,-3.688214,106.84255,121.802246,106.8609,106.8609,192,144,0.1,50,4.413017,-12.25694,1.7056671
24354,Training,0,-1.0721439,2.5099113,-1.7016695,-2.509808,2.5447803,-1.5377336,1.238729,1.419201,-3.608641,64.917946,80.60158,226.39232,226.39232,192,144,0.1,50,1.4494709,50.469975,-20.00364
24354,Training,1,-1.040996,2.5542543,-1.3477126,-2.47866,2.5891232,-1.1837767,1.363034,1.3464384,-3.744556,61.440327,76.78029,242.32935,242.32935,192,144,0.1,50,1.449471,45.085766,-19.585104
24354,Training,2,-0.5913521,2.535451,-1.5865537,-2.0290163,2.57032,-1.4226178,0.93914545,1.4442818,-3.6932893,90.03337,106.29224,143.91615,143.91615,192,144,0.1,50,1.4494711,35.99759,-22.735512
24354,Training,3,-0.4232328,2.6571212,-1.9841647,-1.860897,2.6919901,-1.8202288,0.95220125,1.4474026,-3.5668843,99.562454,115.23259,121.77034,121.77034,192,144,0.1,50,1.449471,40.991688,-29.981474
24355,Training,0,0.9542622,1.4685047,-0.37950087,1.9821651,1.4685047,2.8621032,3.4510748,1.0591869,2.0270054,62.644035,78.11046,236.6335,236.6335,192,144,0.1,50,3.4006736,133.94489,-6.731775
24355,Training,1,0.5946878,1.5195969,-0.55253696,1.6225908,1.5195969,2.6890671,3.2721355,1.0812999,1.7147274,76.89336,93.258736,181.37904,181.37904,192,144,0.1,50,3.4006736,130.25795,-7.12085
24355,Training,2,0.525414,1.3063517,-1.5626594,1.553317,1.3063517,1.6789447,3.4777732,0.9172389,2.0463507,48.102665,61.51124,322.651,322.651,192,144,0.1,50,3.4006736,140.71504,-4.7703414
24355,Training,3,0.6811074,1.383366,-0.3121764,1.7090104,1.383366,2.9294276,3.2461886,1.0954595,2.333596,61.188908,76.50145,243.54451,243.54451,192,144,0.1,50,3.4006736,135.88718,-4.4673185
24356,Lounge,0,-0.9456372,1.6266865,8.655012,1.5633104,1.6266865,8.304861,2.1871095,0.9716025,6.625381,63.861008,79.447205,231.07137,231.07137,192,144,0.1,50,2.5332634,57.06177,-9.953807
24356,Lounge,1,-3.1167629,1.5345947,7.3232894,-0.60781527,1.5345947,6.9731383,1.9850425,0.87675834,6.338892,47.462387,60.754116,327.55652,327.55652,192,144,0.1,50,2.5332634,79.07895,-7.215635
24356,Lounge,2,-1.7687747,1.6446507,8.670155,0.7401728,1.6446507,8.3200035,2.4593818,1.0211333,6.3009033,72.52761,88.733406,196.292,196.292,192,144,0.1,50,2.5332634,60.735874,-7.3306885
24356,Lounge,3,-0.7218182,1.5669743,8.814192,1.7871294,1.5669743,8.464041,2.5266836,1.087005,6.816703,85.34505,101.73987,156.20154,156.20154,192,144,0.1,50,2.5332634,58.41283,-7.1735735
24357,Conference,0,3.7731485,1.0583069,1.8146126,4.058852,1.30353,1.6882945,3.8165956,1.2653373,-1.902215,69.44565,85.4777,207.78552,207.78552,192,144,0.1,50,0.4226332,0.6697155,3.187911
24357,Conference,1,3.850943,0.9782554,2.1469867,4.1366467,1.2234784,2.0206687,3.9897926,1.2835829,-2.1077092,80.56862,96.991295,169.89326,169.89326,192,144,0.1,50,0.42263314,1.8691506,4.1024747
24357,Conference,2,2.9327245,0.7832857,1.80752,3.2184281,1.0285087,1.6812019,3.763262,1.2743509,-1.6168811,71.6082,87.7675,199.63081,199.63081,192,144,0.1,50,0.4226333,13.632995,7.933727
24357,Conference,3,3.6334994,1.0232785,1.558376,3.919203,1.2685015,1.4320579,3.595158,1.2512673,-1.6258807,103.53566,118.84453,113.44781,113.44781,192,144,0.1,50,0.42263323,-0.68985885,4.0950227
24358,Reception,0,1.083231,0.894356,4.0877905,1.0645727,0.752924,4.037131,-0.23665251,1.0267985,-0.22641917,71.78906,87.95786,198.96817,198.96817,192,144,0.1,50,0.15271471,-17.010897,1.6814929
24358,Reception,1,1.0318803,0.861094,4.5029182,1.013222,0.719662,4.4522586,-0.027909681,1.097157,0.114591494,50.405575,64.2164,305.97693,305.97693,192,144,0.1,50,0.15271471,-13.577079,2.993278
24358,Reception,2,1.1877882,1.2094815,2.7269318,1.1691298,1.0680496,2.6762722,-0.43660325,1.1420196,-0.22689573,89.71826,105.989555,144.70982,144.70982,192,144,0.1,50,0.15271467,-28.807613,-1.1464686
24358,Reception,3,0.76869404,0.85657734,4.0199237,0.75003576,0.71514535,3.969264,-0.29204845,0.9849609,-0.21846806,74.70818,91.00626,188.65727,188.65727,192,144,0.1,50,0.15271471,-14.050805,1.6831156
24359,Breakroom,0,2.0700264,1.6100258,1.6165528,4.1600323,1.6100258,2.109749,2.750882,1.0572476,4.738966,41.071896,53.0812,384.41006,384.41006,192,144,0.1,50,2.1474094,167.69896,-9.813415
24359,Breakroom,1,2.2287421,1.6745645,1.1639407,4.318748,1.6745645,1.6571369,2.665499,1.0984725,4.7874813,44.851242,57.64429,348.92722,348.92722,192,144,0.1,50,2.1474094,173.12712,-8.969762
24359,Breakroom,2,1.8507551,1.6018918,0.40537953,3.940761,1.6018918,0.8985758,2.5811713,1.0609959,5.00646,34.342808,44.783955,466.01212,466.01212,192,144,0.1,50,2.1474094,170.97963,-6.6226482
24359,Breakroom,3,1.998337,1.5689043,2.031658,4.0883427,1.5689043,2.5248542,2.633308,1.0339713,4.6829033,62.661488,78.129684,236.55237,236.55237,192,144,0.1,50,2.1474092,166.5314,-11.101403
24360,Lounge,0,7.3884478,1.6195673,-0.1497109,7.329244,1.5115476,0.13568473,2.0667984,0.964834,0.87497276,50.930725,64.829315,302.37256,302.37256,192,144,0.1,50,0.31979442,-100.89892,-6.888678
24360,Lounge,1,4.7812033,2.1096041,0.64085495,4.721999,2.0015843,0.9262506,1.7714722,0.8386501,1.003472,70.0665,86.137665,205.39952,205.39952,192,144,0.1,50,0.31979454,-96.86997,-22.745853
24360,Lounge,2,6.412318,1.3207121,0.5976382,6.3531146,1.2126925,0.8830338,2.378004,1.0506648,1.129875,65.84872,81.61309,222.38278,222.38278,192,144,0.1,50,0.3197943,-97.51549,-3.7967284
24360,Lounge,3,6.990354,1.6234051,0.628676,6.9311504,1.5153854,0.9140716,1.9354556,0.8775001,1.1030498,45.50359,58.424538,343.37088,343.37088,192,144,0.1,50,0.31979442,-95.36118,-8.357838
24361,Coworking,0,-0.328012,1.4972005,-0.65379333,-0.7790694,1.4972005,1.5074692,1.3682766,1.3281533,-2.081756,51.61171,65.62191,297.80063,297.80063,192,144,0.1,50,2.3863509,49.908794,-4.3597803
24361,Coworking,1,0.025196165,1.5462388,-0.792065,-0.42586127,1.5462388,1.3691975,1.1976506,1.3745166,-2.3020482,82.09313,98.51932,165.3814,165.3814,192,144,0.1,50,2.3863509,37.828213,-5.132858
24361,Coworking,2,-0.24208143,1.56854,-0.33702618,-0.69313884,1.56854,1.8242364,1.5393543,1.4035923,-1.8905342,62.815712,78.29952,235.83716,235.83716,192,144,0.1,50,2.3863509,48.909817,-3.9919012
24361,Coworking,3,0.19574463,1.6711066,-0.08841252,-0.2553128,1.6711066,2.07285,1.6070591,1.3354992,-2.2928329,62.66542,78.134026,236.53407,236.53407,192,144,0.1,50,2.3863509,32.628193,-7.306431
24362,Reception,0,-5.146262,1.0555027,-1.8286083,-2.2746181,1.1806356,1.3147223,-4.823121,0.75,0.9248687,78.21319,94.60715,177.15031,177.15031,192,144,0.1,50,4.2665114,173.30653,-6.288357
24362,Reception,1,-4.8962326,1.1041573,-1.6290962,-2.0245883,1.2292902,1.5142344,-4.9174886,0.8639406,1.1643528,60.698566,75.956635,245.94058,245.94058,192,144,0.1,50,4.266512,-179.56404,-4.914797
24362,Reception,2,-4.5942836,1.3107111,-2.456669,-1.7226393,1.435844,0.6866614,-4.847824,0.8329788,0.9955308,60.458405,75.6893,247.12698,247.12698,192,144,0.1,50,4.266512,-175.79956,-7.857934
24362,Reception,3,-4.2095337,1.324239,-2.2711928,-1.3378898,1.449372,0.87213784,-4.621479,0.6287037,0.8839088,72.41597,88.616356,196.69354,196.69354,192,144,0.1,50,4.266511,-172.56126,-12.330476
24363,Workshop,0,0.41247272,0.83594346,8.214729,0.35037267,0.76514596,8.282054,1.9667995,1.3690581,5.5335655,65.4849,81.218285,223.93793,223.93793,192,144,0.1,50,0.11929466,30.101768,9.760554
24363,Workshop,1,0.9947886,1.0540284,7.668099,0.93268853,0.98323095,7.7354236,1.8994672,1.229156,5.298732,69.47556,85.50956,207.6697,207.6697,192,144,0.1,50,0.11929471,20.898003,3.950061
24363,Workshop,2,1.154306,1.0291848,7.984859,1.092206,0.9583873,8.052184,1.7208145,1.4567981,5.8079343,95.59573,111.56002,130.58101,130.58101,192,144,0.1,50,0.11929499,14.586739,10.763416
24363,Workshop,3,0.12705332,0.84119284,8.218754,0.06495327,0.77039534,8.286078,2.2435997,1.5093701,5.5256267,76.03416,92.37606,184.1984,184.1984,192,144,0.1,50,0.11929478,38.164036,11.038126
24364,Lounge,0,3.9595933,3.208682,3.794806,0.5873618,3.208682,3.4404037,-3.4841487,0.78303003,2.082877,38.19975,49.56599,415.85016,415.85016,192,144,0.1,50,3.390803,-77.048195,-17.61851
24364,Lounge,1,4.186396,3.1860585,3.901699,0.8141644,3.1860585,3.5472968,-3.1472309,0.72520876,2.279264,53.498207,67.804504,285.70187,285.70187,192,144,0.1,50,3.3908033,-77.52526,-18.140604
24364,Lounge,2,4.4079785,3.3430476,4.224399,1.035747,3.3430476,3.8699965,-3.6954334,0.9229454,1.9848093,40.08094,51.872913,394.76892,394.76892,192,144,0.1,50,3.390803,-74.55047,-16.059025
24364,Lounge,3,0.994071,3.4727774,3.5693388,-2.3781605,3.4727774,3.2149367,-3.7178583,0.7598744,1.921358,52.421124,66.56072,292.5105,292.5105,192,144,0.1,50,3.390803,-70.72289,-28.522812
24365,Conference,0,2.3057353,1.7205713,-1.9200878,2.6215963,1.6489527,-1.705151,-1.3964158,0.9838734,0.100033104,28.74189,37.722515,562.026,562.026,192,144,0.1,50,0.4430064,-118.6196,-9.90839
24365,Conference,1,2.6254358,1.5882163,-1.5861424,2.9412968,1.5165977,-1.3712056,-1.4041153,0.8984933,0.06970447,33.188545,43.339687,483.21484,483.21484,192,144,0.1,50,0.44300652,-112.339035,-8.996419
24365,Conference,2,2.335945,1.6317475,-1.6548369,2.6518059,1.5601289,-1.4399,-1.3128506,1.0428196,0.18877453,29.789099,39.052753,541.39905,541.39905,192,144,0.1,50,0.44300643,-116.80591,-8.197566
24365,Conference,3,2.402019,1.8090664,-2.141648,2.71788,1.7374479,-1.9267113,-1.2836523,1.0823433,0.24032003,29.769178,39.027493,541.77814,541.77814,192,144,0.1,50,0.4430064,-122.873695,-9.4029255
24366,Conference,0,2.1833742,1.5448819,-0.905483,0.79158187,1.6803801,-1.0933663,-1.4719197,0.95279884,-2.4310284,65.768936,81.52659,222.72246,222.72246,192,144,0.1,50,1.6713685,-67.34667,-8.501806
24366,Conference,1,1.6355693,1.6490183,-0.6464063,0.24377704,1.7845165,-0.83428955,-1.6094259,1.0360065,-2.1289148,64.439095,80.07934,228.49521,228.49521,192,144,0.1,50,1.6713682,-65.44623,-9.749762
24366,Conference,2,1.9923173,1.5533701,-1.1588907,0.600525,1.6888683,-1.3467739,-1.7353677,1.1009951,-2.6703742,78.59165,94.99216,175.95976,175.95976,192,144,0.1,50,1.6713685,-67.92867,-6.416647
24366,Conference,3,1.6284579,1.4680266,-0.8860602,0.2366656,1.6035248,-1.0739434,-1.3746959,0.9264058,-2.4646883,92.88047,109.00618,136.93665,136.93665,192,144,0.1,50,1.6713684,-62.271034,-9.070106
24367,Library,0,3.2919664,1.0553582,0.67743635,0.61883473,1.0553582,1.1898584,-1.8038144,1.1812669,1.3628348,91.070076,107.284805,141.3354,141.3354,192,144,0.1,50,2.7218027,-97.66049,1.4027737
24367,Library,1,3.185841,1.2291367,0.0070979595,0.5127094,1.2291367,0.51952004,-1.6719102,1.0638242,1.4328974,79.9965,96.41482,171.62315,171.62315,192,144,0.1,50,2.7218027,-106.3575,-1.8702271
24367,Library,2,3.5349073,1.180276,0.41227567,0.86177564,1.180276,0.92469776,-1.737846,1.1757456,1.1247795,81.472084,97.89825,167.20259,167.20259,192,144,0.1,50,2.7218027,-97.695724,-0.048785992
24367,Library,3,2.989567,1.026162,0.93874764,0.31643528,1.026162,1.4511697,-1.7203895,1.1891038,1.5201397,71.31671,87.46032,200.7049,200.7049,192,144,0.1,50,2.7218027,-97.036934,1.9664546
24368,Reception,0,-0.18524957,0.97474164,-0.25451636,-0.18849927,1.1287105,-0.09153646,-3.0677521,1.4633102,-2.9359677,64.110245,79.71997,229.95558,229.95558,192,144,0.1,50,0.2244309,-47.06946,7.074269
24368,Reception,1,0.29951492,1.0410938,-0.16083267,0.2962652,1.1950628,0.0021472275,-3.0754342,1.5043988,-3.2292662,77.231224,93.60479,180.28491,180.28491,192,144,0.1,50,0.22443092,-47.72354,5.799799
24368,Reception,2,0.59227616,1.0154567,-0.104307935,0.58902645,1.1694256,0.058671966,-3.022926,1.4110867,-2.6217575,56.477467,71.212,268.12347,268.12347,192,144,0.1,50,0.22443095,-55.148537,5.1317616
24368,Reception,3,-0.5060601,1.0370803,-0.050937265,-0.5093098,1.1910491,0.112042636,-3.1639934,1.4145052,-2.7299323,49.544296,63.207985,312.04285,312.04285,192,144,0.1,50,0.22443086,-44.773888,5.7112575
24369,Training,0,-1.9769363,2.9289818,-2.991841,-1.8928596,3.1632092,-3.0384715,1.2705172,0.9756622,-0.6199668,43.071377,55.504322,364.8986,364.8986,192,144,0.1,50,0.26085627,126.14364,-25.907232
24369,Training,1,-2.3578389,2.9779243,-2.8786163,-2.273762,3.2121518,-2.9252467,1.610304,0.8743056,-0.8131961,37.64586,48.883514,422.443,422.443,192,144,0.1,50,0.2608563,117.497,-25.184834
24369,Training,2,-1.9733634,2.9644823,-2.7170117,-1.8892866,3.1987097,-2.763642,0.937399,0.8940268,-0.5787528,64.60968,80.265526,227.74287,227.74287,192,144,0.1,50,0.26085624,126.30117,-29.823776
24369,Training,3,-3.1021304,2.8105028,-3.2553482,-3.0180538,3.0447302,-3.3019786,1.1810989,0.97469974,-0.3789396,28.247206,37.092606,572.29016,572.29016,192,144,0.1,50,0.26085618,123.88339,-19.586306
24370,Library,0,-1.6528747,1.5884488,-1.8106675,-1.2502142,1.6940141,-2.106945,1.8661121,0.9607333,1.0508709,54.155888,68.560875,281.668,281.668,192,144,0.1,50,0.5198789,129.11702,-7.8795366
24370,Library,1,-0.33004272,1.8886795,-1.8779621,0.07261777,1.9942448,-2.1742396,1.8387511,0.9026465,1.1184216,93.277214,109.38142,135.99034,135.99034,192,144,0.1,50,0.519879,144.10284,-14.9264345
24370,Library,2,-2.604395,1.6344361,-1.8147087,-2.2017345,1.7400014,-2.1109862,2.039069,1.0559077,1.3948585,57.490154,72.35919,262.53085,262.53085,192,144,0.1,50,0.51987886,124.65227,-5.851803
24370,Library,3,-0.84269965,1.3745395,-2.0974085,-0.44003916,1.4801048,-2.393686,1.8262476,1.0526543,1.1458881,76.24216,92.5901,183.51093,183.51093,192,144,0.1,50,0.519879,140.54863,-4.3822646
24371,Reception,0,0.08489013,1.4939446,3.2087398,0.07186678,1.309617,3.2867694,-3.0297318,1.2202007,-2.6701674,37.43647,48.62514,424.98425,424.98425,192,144,0.1,50,0.2069173,-27.914467,-2.3561597
24371,Reception,1,0.45620123,1.2829708,3.6850066,0.44317788,1.0986432,3.7630363,-3.2524972,1.0816941,-2.4273405,39.509525,51.173996,400.9684,400.9684,192,144,0.1,50,0.20691729,-31.247501,-1.6125983
24371,Reception,2,1.7472157,1.8312334,4.146901,1.7341924,1.6469058,4.224931,-2.7005918,1.1410544,-2.8007002,34.071907,44.445522,469.94788,469.94788,192,144,0.1,50,0.20691733,-32.627098,-4.7824802
24371,Reception,3,0.3831547,1.4940109,3.14505,0.37013134,1.3096833,3.2230797,-3.2698665,1.1481464,-2.9120903,43.98969,56.610447,356.50485,356.50485,192,144,0.1,50,0.20691729,-31.0939,-2.799319
24372,Breakroom,0,1.690258,1.3267097,-1.1650422,1.6593398,1.1981972,-1.2099863,2.2874725,1.3098111,3.30608,64.26304,79.887024,229.27539,229.27539,192,144,0.1,50,0.1403424,172.39195,-0.21464244
24372,Breakroom,1,2.0440204,1.2625602,-1.1803712,2.013102,1.1340477,-1.2253153,2.3530502,1.3231986,3.6037064,57.55084,72.427765,262.20142,262.20142,192,144,0.1,50,0.14034243,176.30408,0.7246765
24372,Breakroom,2,1.9112232,1.2895457,-1.4531093,1.8803049,1.1610332,-1.4980534,2.0847094,1.2949035,3.1224892,43.17862,55.633717,363.90085,363.90085,192,144,0.1,50,0.1403424,177.82864,0.06704309
24372,Breakroom,3,1.325976,1.2039195,-1.082592,1.2950578,1.075407,-1.1275362,2.065646,1.4560075,2.986764,46.56454,59.688805,334.64926,334.64926,192,144,0.1,50,0.14034238,169.69806,3.4878178
24373,Breakroom,0,0.33029795,0.8019244,-3.9491336,0.38839015,0.9514987,-4.0288067,0.9320015,0.86528146,2.3526309,67.55855,83.45895,215.27304,215.27304,192,144,0.1,50,0.19196276,174.54584,0.57341653
24373,Breakroom,1,0.4351782,0.7692789,-3.60936,0.4932704,0.91885316,-3.689033,0.7324671,0.8581096,2.6814659,104.839714,120.01603,110.81544,110.81544,192,144,0.1,50,0.19196275,177.29436,0.80809957
24373,Breakroom,2,0.59256387,0.7741026,-3.7313654,0.6506561,0.9236769,-3.8110385,0.5941203,0.89384884,2.1137795,70.6115,86.71529,203.33522,203.33522,192,144,0.1,50,0.19196278,179.98474,1.1736223
24373,Breakroom,3,0.4874094,0.95757145,-3.2420108,0.54550165,1.1071458,-3.321684,0.6128404,0.79757226,2.1172266,79.38757,95.79941,173.4871,173.4871,192,144,0.1,50,0.1919628,178.65926,-1.7095807
24374,Studio,0,0.92016816,3.0706744,-0.16153431,0.9450078,3.0706744,-3.8925552,2.6902456,0.97189426,-2.2327719,53.302914,67.57945,286.91748,286.91748,192,144,0.1,50,3.7311037,40.517166,-37.607796
24374,Studio,1,0.51840115,3.0431862,-0.28473857,0.5432408,3.0431862,-4.0157595,2.3559687,0.86260676,-2.33919,52.455017,66.59995,292.29233,292.29233,192,144,0.1,50,3.7311037,41.810474,-38.347992
24374,Studio,2,0.562649,2.9759943,-0.09132814,0.58748865,2.9759943,-3.822349,2.566271,0.9451451,-2.5480382,41.631996,53.76199,378.76404,378.76404,192,144,0.1,50,3.7311037,39.199696,-32.644184
24374,Studio,3,1.1383429,2.9707277,0.017066538,1.1631825,2.9707277,-3.7139544,2.619913,0.93170166,-1.9578363,63.27727,78.80703,233.7154,233.7154,192,144,0.1,50,3.7311037,36.877197,-39.553177
24375,Breakroom,0,-8.283221,1.738167,3.2764525,-4.723378,1.738167,2.4424171,-6.6764956,0.97276163,0.8503399,75.577126,91.90496,185.72023,185.72023,192,144,0.1,50,3.656241,33.515053,-14.736916
24375,Breakroom,1,-7.7091746,1.9725494,2.9696226,-4.1493316,1.9725494,2.1355872,-6.6679273,0.93588567,0.951488,76.68232,93.04229,182.06656,182.06656,192,144,0.1,50,3.656241,27.291267,-24.536493
24375,Breakroom,2,-8.11384,1.7331299,3.5317194,-4.553997,1.7331299,2.697684,-6.334999,0.92892116,0.8955467,93.39987,109.49727,135.69904,135.69904,192,144,0.1,50,3.656241,34.010757,-14.191433
24375,Breakroom,3,-8.302436,1.7250038,2.927793,-4.742593,1.7250038,2.0937576,-6.853961,1.1186396,0.77830756,86.73627,103.101776,152.44548,152.44548,192,144,0.1,50,3.656241,33.97487,-13.166901
24376,Conference,0,5.9605536,1.6196939,-1.3735957,5.90607,1.7999272,-1.3835044,3.5224142,1.0181564,-4.092035,60.15888,75.35546,248.61862,248.61862,192,144,0.1,50,0.19292945,-41.888596,-9.354381
24376,Conference,1,4.7074356,1.5644231,-1.2396271,4.652952,1.7446564,-1.2495358,3.2927585,0.99475425,-4.177467,60.85291,76.128265,245.18262,245.18262,192,144,0.1,50,0.19292931,-25.712515,-9.909964
24376,Conference,2,5.581374,1.5395548,-0.8749944,5.5268908,1.7197882,-0.8849031,3.176741,1.0549725,-4.2633142,61.01977,76.31367,244.36707,244.36707,192,144,0.1,50,0.19292943,-35.362675,-6.6523447
24376,Conference,3,5.5681725,1.6258646,-1.1090298,5.513689,1.806098,-1.1189384,3.77087,1.0126028,-3.93981,42.767277,55.137085,367.75378,367.75378,192,144,0.1,50,0.19292939,-32.412045,-10.364351
24377,Studio,0,2.6748714,1.067022,2.0060773,1.0393585,1.067022,3.1030033,-0.5190105,1.0939106,1.1481322,54.603985,69.074875,278.97107,278.97107,192,144,0.1,50,2.1807337,-74.96407,0.46583626
24377,Studio,1,2.2719631,1.0903281,2.8488047,0.6364502,1.0903281,3.9457307,-0.8386488,1.1515931,1.0731413,59.426643,74.53725,252.32256,252.32256,192,144,0.1,50,2.1807337,-60.280525,0.9799372
24377,Studio,2,2.909896,1.1378354,2.7398055,1.2743831,1.1378354,3.8367314,-0.5370729,1.0753807,0.98598325,55.271057,69.83801,275.0311,275.0311,192,144,0.1,50,2.1807337,-63.032948,-0.92516834
24377,Studio,3,2.8178604,1.1275805,2.4009473,1.1823474,1.1275805,3.4978733,-0.30187902,1.1212003,0.9719049,69.84939,85.90711,206.22969,206.22969,192,144,0.1,50,2.1807337,-65.38916,-0.10653129
24378,Lounge,0,-4.173186,0.85722256,-0.7332859,-3.1282196,0.85722256,-2.6447785,3.8308914,1.4325703,0.05172822,47.2944,60.55512,328.86426,328.86426,192,144,0.1,50,2.178476,95.60148,4.091889
24378,Lounge,1,-4.553723,0.8676923,-1.2844454,-3.5087566,0.8676923,-3.195938,4.1615896,1.5344185,0.100225836,31.859356,41.669327,504.52393,504.52393,192,144,0.1,50,2.178476,99.02758,4.320655
24378,Lounge,2,-4.4249945,0.7522686,-0.9027063,-3.3800282,0.7522686,-2.814199,3.6988318,1.3211796,-0.051844075,32.78671,42.835514,489.47964,489.47964,192,144,0.1,50,2.178476,95.97917,3.9841573
24378,Lounge,3,-4.252621,0.9648123,-0.35014704,-3.207655,0.9648123,-2.2616396,3.992995,1.5103779,0.05444616,43.343845,55.832962,362.37283,362.37283,192,144,0.1,50,2.178476,92.80912,3.7808838
24379,Training,0,1.0226955,2.0877879,-2.7708082,1.6758189,2.2337463,2.7168508,-2.592615,1.0331784,-0.3448358,42.24433,54.504475,372.75528,372.75528,192,144,0.1,50,5.6298194,-123.86269,-13.616257
24379,Training,1,1.2418733,1.9833497,-2.9472632,1.8949966,2.1293082,2.5403957,-2.9223735,1.1525989,-0.32557967,49.020016,62.592197,315.83298,315.83298,192,144,0.1,50,5.6298194,-122.193275,-9.582584
24379,Training,2,1.4423323,1.8377991,-3.3955333,2.0954556,1.9837575,2.0921257,-2.3477955,0.9526543,-0.20413265,38.437733,49.858776,413.07367,413.07367,192,144,0.1,50,5.62982,-130.09839,-10.128682
24379,Training,3,1.2693925,1.9753871,-3.236817,1.9225159,2.1213455,2.250842,-2.6106157,1.0008974,0.00007879734,54.999924,69.52813,276.62186,276.62186,192,144,0.1,50,5.6298203,-129.83655,-10.91587
24380,OpenOffice,0,0.33867002,1.745858,-1.5290759,3.4811857,1.745858,-1.6265756,2.7069657,0.9631817,0.9261214,32.12172,41.999638,500.18185,500.18185,192,144,0.1,50,3.1440277,136.03215,-12.92217
24380,OpenOffice,1,1.5183219,2.0133228,-1.8514105,4.6608377,2.0133228,-1.9489102,2.8877926,0.9021212,0.6860826,36.923664,47.99149,431.3253,431.3253,192,144,0.1,50,3.1440277,151.64452,-21.075233
24380,OpenOffice,2,-0.02852586,1.8387564,-1.2368451,3.1139898,1.8387564,-1.3343449,2.7669144,0.8289328,0.96426904,34.025826,44.38792,470.62344,470.62344,192,144,0.1,50,3.1440277,128.21669,-15.84487
24380,OpenOffice,3,1.2044232,1.7027414,-2.4595351,4.3469386,1.7027414,-2.5570347,2.5209882,1.0157757,0.6073445,33.06085,43.179546,485.18964,485.18964,192,144,0.1,50,3.1440277,156.76689,-11.630795
24381,Conference,0,-1.6623888,1.7206827,-1.9161193,-1.6459912,1.6107596,-1.9418124,1.4949132,1.3148053,-1.703602,85.27646,101.67248,156.38928,156.38928,192,144,0.1,50,0.1157298,93.85076,-7.3089523
24381,Conference,1,-1.3357146,1.7832519,-1.30166,-1.3193171,1.6733288,-1.327353,1.7056782,1.3791099,-1.8835031,76.52045,92.876114,182.59612,182.59612,192,144,0.1,50,0.11572979,79.169716,-7.4358544
24381,Conference,2,-1.9973848,1.5770829,-1.7242148,-1.9809873,1.4671597,-1.7499079,1.50043,1.1824265,-1.5423927,84.74598,101.15051,157.84949,157.84949,192,144,0.1,50,0.11572978,92.97565,-6.4288177
24381,Conference,3,-1.5603951,1.8350576,-1.5830817,-1.5439975,1.7251345,-1.6087748,1.1959693,1.1924802,-1.3796828,64.71335,80.3786,227.2874,227.2874,192,144,0.1,50,0.11572981,94.22035,-13.088345
24382,Library,0,1.3789582,1.2356287,0.96785307,0.92462224,1.2941251,0.59240115,-1.7307824,0.9824086,-1.5364691,80.55149,96.97405,169.94478,169.94478,192,144,0.1,50,0.69703704,-51.154976,-3.62883
24382,Library,1,0.89963627,1.2217855,0.6364058,0.4453003,1.2802819,0.26095393,-1.6931452,0.84033877,-1.565397,75.191086,91.50619,187.0179,187.0179,192,144,0.1,50,0.69703704,-49.661922,-6.3983917
24382,Library,2,0.717318,1.3003904,0.33344066,0.262982,1.3588867,-0.04201126,-1.9603959,0.9478636,-1.6501178,96.39114,112.30193,128.77089,128.77089,192,144,0.1,50,0.69703716,-53.470226,-6.03879
24382,Library,3,-0.62962747,1.103771,1.7939978,-1.0839634,1.1622673,1.4185457,-1.812348,0.96037495,-1.8423532,91.36966,107.57071,140.59816,140.59816,192,144,0.1,50,0.69703704,-18.017078,-2.1476066
24383,Library,0,0.3171003,0.8259092,2.5949636,-0.5196567,0.7892833,2.8972626,-2.027209,1.2950591,1.8740387,77.97822,94.36777,177.8943,177.8943,192,144,0.1,50,0.9906271,-72.90623,10.828867
24383,Library,1,0.45581567,0.8096252,2.8220553,-0.38094133,0.7729993,3.1243544,-1.7313007,1.3337224,1.651613,77.97504,94.36452,177.90442,177.90442,192,144,0.1,50,0.99062705,-61.846394,11.929878
24383,Library,2,-0.16300213,0.93685794,2.6925364,-0.99975914,0.900232,2.9948354,-1.7074778,1.2872967,1.5729467,92.94468,109.066956,136.78308,136.78308,192,144,0.1,50,0.99062705,-54.06166,10.40962
24383,Library,3,1.1976823,1.2640216,1.1888375,0.36092526,1.2273958,1.4911366,-1.7458885,1.4386895,1.973498,98.199036,113.977936,124.73884,124.73884,192,144,0.1,50,0.9906271,-104.92612,3.2815523
24384,Library,0,0.23384666,2.186436,3.2666311,-1.5281365,2.186436,2.0059073,-0.77623534,0.9892305,0.2790395,47.867672,61.233604,324.43707,324.43707,192,144,0.1,50,2.1665661,-18.680004,-20.78759
24384,Library,1,-0.66553205,2.1750355,2.6999452,-2.4275153,2.1750355,1.4392214,-0.6331211,1.0790632,0.49780384,55.857254,70.50663,271.64038,271.64038,192,144,0.1,50,2.1665661,0.84321487,-26.45636
24384,Library,2,0.076880634,2.2114518,3.6889696,-1.6851025,2.2114518,2.4282455,-0.6475005,1.0523828,0.19686866,37.768208,49.034393,420.97067,420.97067,192,144,0.1,50,2.1665664,-11.718905,-18.00381
24384,Library,3,0.0035520643,2.2492623,3.0768473,-1.7584311,2.2492623,1.8161234,-0.9455714,0.9611405,0.14444523,66.328156,82.13228,220.35646,220.35646,192,144,0.1,50,2.1665664,-17.935087,-22.681314
24385,Coworking,0,-0.83405113,1.7489476,0.95118594,-0.97361153,1.8952434,0.35019612,-1.7973267,1.0157621,-2.0906901,69.205795,85.22219,208.7173,208.7173,192,144,0.1,50,0.8327857,-17.571512,-12.941033
24385,Coworking,1,-0.21144783,1.88347,1.1373131,-0.35100824,2.0297658,0.5363233,-1.7684981,0.89672816,-2.1477973,83.61384,100.03189,161.0161,161.0161,192,144,0.1,50,0.8327856,-25.35964,-15.185576
24385,Coworking,2,-1.1026644,1.8390993,0.948556,-1.2422247,1.9853951,0.3475662,-1.6579645,0.93010926,-2.1486256,53.975513,68.35367,282.7653,282.7653,192,144,0.1,50,0.8327857,-10.1646805,-16.113104
24385,Coworking,3,-0.13852584,1.9617386,1.315092,-0.27808625,2.1080344,0.71410215,-1.7698429,0.94918346,-2.3815107,65.329575,81.0495,224.60658,224.60658,192,144,0.1,50,0.83278584,-23.811949,-14.068495
24386,Studio,0,1.3208365,1.7244343,-4.750078,1.3849374,1.7595649,-4.4436893,-2.6854854,1.0490832,-2.258831,39.26119,50.869747,403.7167,403.7167,192,144,0.1,50,0.35680202,-121.87455,-8.146649
24386,Studio,1,0.9007571,1.7620449,-5.072179,0.96485794,1.7971755,-4.76579,-2.7919688,1.0117955,-2.4337587,33.57879,43.828636,477.2703,477.2703,192,144,0.1,50,0.35680217,-125.54548,-9.386663
24386,Studio,2,-0.2839327,1.471115,-2.9537482,-0.21983182,1.5062456,-2.6473594,-2.8953187,1.081934,-2.3351662,94.75235,110.77033,132.52533,132.52533,192,144,0.1,50,0.35680217,-103.32652,-8.251468
24386,Studio,3,1.2447556,1.7063259,-5.012893,1.3088565,1.7414565,-4.7065043,-2.6373448,1.0324045,-2.0185041,39.513584,51.178963,400.9238,400.9238,192,144,0.1,50,0.35680208,-127.644165,-7.8266864
24387,Lounge,0,-3.565194,1.1384376,2.1544232,-1.7178016,1.1384376,1.6376843,2.0278752,1.0275786,3.647572,38.888165,50.41218,407.9082,407.9082,192,144,0.1,50,1.9183006,104.94733,-1.0970869
24387,Lounge,1,-2.533198,1.3076365,1.9501046,-0.6858058,1.3076365,1.4333657,2.070129,1.1299306,3.378488,68.68704,84.66849,210.75206,210.75206,192,144,0.1,50,1.9183006,107.23879,-2.111518
24387,Lounge,2,-1.4022772,1.765473,3.1048822,0.4451151,1.765473,2.5881433,2.3660305,0.8941759,3.7893808,85.31614,101.71147,156.28062,156.28062,192,144,0.1,50,1.9183006,100.2953,-12.816344
24387,Lounge,3,-5.3488865,1.7631602,0.51348865,-3.5014942,1.7631602,-0.0032502413,1.6929895,0.9617431,3.7244225,38.08623,49.426243,417.18628,417.18628,192,144,0.1,50,1.9183006,114.5119,-5.9119344
24388,Studio,0,0.19688463,0.8347276,-1.0684191,0.59438944,0.8067484,-1.0991571,3.4060416,0.998026,0.04576182,98.07634,113.86463,125.00897,125.00897,192,144,0.1,50,0.5325734,109.14639,2.7521107
24388,Studio,1,-0.1486552,0.8703866,-1.3221161,0.2488496,0.8424074,-1.3528543,3.1679666,0.88012856,-0.1534279,68.43045,84.39407,211.76851,211.76851,192,144,0.1,50,0.5325733,109.41109,0.15872912
24388,Studio,2,-1.2656782,1.3806454,-0.89049435,-0.86817336,1.3526661,-0.92123234,3.2683125,0.87033856,-0.22026789,56.543884,71.2874,267.75107,267.75107,192,144,0.1,50,0.53257346,98.408714,-6.353227
24388,Studio,3,0.0022218078,0.92175996,-0.79731953,0.39972663,0.89378077,-0.8280575,3.3934696,0.85125905,-0.20988762,99.44227,115.12231,122.02959,122.02959,192,144,0.1,50,0.5325734,99.82726,-1.1734847
24389,Coworking,0,0.1097126,2.244915,3.301331,-0.6693429,2.2135563,3.5078042,-4.1207705,0.93827856,2.1915257,52.68453,66.86547,290.8216,290.8216,192,144,0.1,50,0.8318144,-75.30052,-16.633684
24389,Coworking,1,1.0437536,2.691057,4.2216034,0.2646981,2.6596982,4.4280767,-4.156945,0.8582795,2.0481205,44.366493,57.063065,353.15637,353.15637,192,144,0.1,50,0.8318146,-67.31891,-18.012266
24389,Coworking,2,-0.030881092,2.1466334,3.0641496,-0.8099366,2.1152747,3.2706227,-3.9736755,0.89664614,1.8511807,69.05657,85.063065,209.29987,209.29987,192,144,0.1,50,0.83181447,-72.89991,-16.857632
24389,Coworking,3,-0.4183783,2.2342618,3.2023299,-1.1974337,2.202903,3.408803,-4.36039,0.83897567,2.1071744,87.87107,104.205734,149.4525,149.4525,192,144,0.1,50,0.83181435,-74.47384,-18.83125
24390,Conference,0,1.3009157,1.7400374,-1.00568,1.1218727,1.7047986,-0.95863026,0.8945109,0.978744,1.7723184,87.90023,104.23401,149.37642,149.37642,192,144,0.1,50,0.18919486,-171.67702,-15.171377
24390,Conference,1,1.0778387,1.8421472,-1.234378,0.8987956,1.8069084,-1.1873283,1.2233447,0.839481,2.0463452,69.86385,85.92249,206.17422,206.17422,192,144,0.1,50,0.18919481,177.4605,-16.978655
24390,Conference,2,0.07904112,1.9851124,-1.4911242,-0.10000193,1.9498736,-1.4440745,1.0678055,1.0660061,1.9073737,73.52226,89.77328,192.76128,192.76128,192,144,0.1,50,0.18919486,163.77809,-14.556914
24390,Conference,3,1.5895145,1.8641388,-0.76073563,1.4104714,1.8289,-0.7136859,0.7702814,0.8503756,1.8068994,92.56629,108.70852,137.69046,137.69046,192,144,0.1,50,0.18919481,-162.30414,-20.613386
24391,Library,0,-0.4739623,1.5800378,5.752655,-0.5796863,1.4331541,5.8706455,2.9462898,1.3766551,0.66220057,35.556667,46.29636,449.09085,449.09085,192,144,0.1,50,0.22111082,33.896965,-1.8994199
24391,Library,1,1.2358402,2.217555,6.2443485,1.1301162,2.0706713,6.362339,2.8431675,1.2431303,0.6254628,38.790092,50.291775,409.02304,409.02304,192,144,0.1,50,0.2211108,15.963602,-9.46596
24391,Library,2,-0.26805615,1.4637276,6.093883,-0.37378013,1.3168439,6.2118735,2.8338869,1.2459219,0.91447735,38.527084,49.96863,412.03976,412.03976,192,144,0.1,50,0.22111079,30.917368,-2.0661654
24391,Library,3,0.028152168,1.4792435,5.865098,-0.07757181,1.3323598,5.9830885,2.7057009,1.2720889,0.8360454,44.73158,57.50092,349.96313,349.96313,192,144,0.1,50,0.2211108,28.031555,-2.0823202
24392,Lounge,0,8.585766,1.2971616,2.5929542,8.48955,1.3445523,2.1570673,9.3884945,1.0031766,-0.42910698,43.09498,55.532803,364.6786,364.6786,192,144,0.1,50,0.54327077,14.87557,-5.371124
24392,Lounge,1,8.95344,1.3350354,2.2786026,8.8572235,1.3824261,1.8427159,9.640574,0.9890961,-0.2947774,54.762905,69.256905,278.02438,278.02438,192,144,0.1,50,0.5432707,14.950125,-7.4001284
24392,Lounge,2,8.2846575,1.319558,2.6351042,8.188441,1.3669487,2.1992173,9.292781,0.99659145,-0.2761469,42.774082,55.1453,367.68948,367.68948,192,144,0.1,50,0.54327047,19.100218,-5.9844604
24392,Lounge,3,9.190427,1.1935103,2.4433506,9.094211,1.240901,2.0074637,9.565418,0.9512619,-0.6114285,42.32643,54.603878,371.9623,371.9623,192,144,0.1,50,0.54327047,6.998369,-4.5005083
24393,Workshop,0,4.92377,0.9510433,-3.4224133,4.9520974,0.7826771,-3.3176253,2.1961927,0.95665306,-0.99811953,42.093117,54.321293,374.2236,374.2236,192,144,0.1,50,0.21489538,-131.63097,0.08807744
24393,Workshop,1,4.762657,0.9490595,-3.2021341,4.7909846,0.7806933,-3.097346,2.34296,0.83586836,-0.97447747,63.319336,78.853226,233.52339,233.52339,192,144,0.1,50,0.21489534,-132.63374,-1.9710716
24393,Workshop,2,4.5753293,0.9370994,-3.4257123,4.603657,0.7687332,-3.3209243,1.8494825,0.97244555,-0.8800403,37.56662,48.78577,423.40143,423.40143,192,144,0.1,50,0.21489546,-133.04245,0.542972
24393,Workshop,3,4.971788,1.0340436,-2.9998507,5.0001154,0.8656773,-2.8950627,2.4873602,1.0121094,-1.2953882,50.443283,64.26046,305.7158,305.7158,192,144,0.1,50,0.21489546,-124.4524,-0.41711032
24394,Breakroom,0,-2.1585698,1.8734368,1.1714294,0.5061393,1.8734368,0.9057429,2.1270592,1.0165688,1.6844567,39.7313,51.445442,398.542,398.542,192,144,0.1,50,2.6779215,96.82632,-11.228509
24394,Breakroom,1,-2.1436238,1.9369967,0.87071824,0.52108526,1.9369967,0.6050317,1.9270748,1.0009586,1.908675,33.952534,44.29629,471.7015,471.7015,192,144,0.1,50,2.6779215,104.3046,-12.561226
24394,Breakroom,2,-2.3701372,1.7536676,0.71529734,0.29457185,1.7536676,0.44961083,2.4754102,1.0265712,1.5479914,52.963467,67.18779,289.05005,289.05005,192,144,0.1,50,2.6779215,99.750885,-8.412314
24394,Breakroom,3,-1.827598,1.8907688,1.197392,0.8371111,1.8907688,0.9317055,2.3870027,1.1306356,1.9499496,62.74289,78.219345,236.17447,236.17447,192,144,0.1,50,2.6779215,100.124016,-10.067884
24395,Studio,0,-3.1906824,1.7154293,3.1365185,-1.0247667,1.7154293,4.481593,0.39521146,0.75,2.5228405,33.100555,43.22935,484.57397,484.57397,192,144,0.1,50,2.5495915,80.28867,-14.862128
24395,Studio,1,-3.7154362,1.7785945,3.9913177,-1.5495205,1.7785945,5.3363924,0.69278073,0.73718154,2.1783414,33.865425,44.187347,472.98877,472.98877,192,144,0.1,50,2.5495915,67.64401,-12.324714
24395,Studio,2,-2.5297627,1.9003075,3.5006654,-0.36384696,1.9003075,4.84574,0.56117165,0.6228863,2.7083163,38.61904,50.081654,410.98053,410.98053,192,144,0.1,50,2.5495913,75.622055,-21.817982
24395,Studio,3,-2.7754123,1.6466042,3.4945188,-0.6094966,1.6466042,4.8395934,0.42631873,0.67975664,2.629137,40.872322,52.838245,386.45758,386.45758,192,144,0.1,50,2.5495915,74.875175,-16.252245
24396,Lounge,0,-0.8535316,1.4641719,1.1009727,-1.7143463,1.222953,-1.128398,0.3567821,0.9985231,-1.0140806,93.39929,109.49673,135.70042,135.70042,192,144,0.1,50,2.4079347,29.779827,-10.817966
24396,Lounge,1,-0.58795327,1.5199621,0.90195984,-1.4487679,1.2787431,-1.3274108,0.4509054,1.0285054,-0.9092754,97.29994,113.1462,126.73005,126.73005,192,144,0.1,50,2.4079347,29.837015,-13.244663
24396,Lounge,2,-0.8738715,1.321665,3.6442585,-1.7346861,1.0804461,1.4148879,0.1762068,1.128972,-0.8401612,58.533207,73.53493,256.9558,256.9558,192,144,0.1,50,2.407935,13.179012,-2.395728
24396,Lounge,3,-1.0868428,1.3837126,0.97774106,-1.9476575,1.1424937,-1.2516296,0.66676134,1.0134417,-0.73683727,87.41274,103.760605,150.65385,150.65385,192,144,0.1,50,2.4079347,45.64469,-8.585395
24397,OpenOffice,0,-1.9517722,1.185817,0.01302433,-1.406653,1.0354846,-0.5582779,-5.847176,1.2006755,-0.49047586,90.59688,106.832375,142.50763,142.50763,192,144,0.1,50,0.80626065,-82.63507,0.21674283
24397,OpenOffice,1,-0.508021,1.2785013,1.129935,0.03709817,1.1281688,0.5586328,-6.021161,1.2976586,-0.7881326,62.288807,77.718735,238.29381,238.29381,192,144,0.1,50,0.80626076,-70.81679,0.18803795
24397,OpenOffice,2,-3.0986676,1.836793,1.3985838,-2.5535486,1.6864605,0.82728153,-5.6036067,1.0846962,-0.4564907,87.949036,104.28135,149.24915,149.24915,192,144,0.1,50,0.8062606,-53.477585,-13.565304
24397,OpenOffice,3,-1.592938,1.1113428,0.25466812,-1.0478188,0.9610104,-0.31663412,-5.6542645,1.2379408,-0.5266137,79.05973,95.46729,174.50058,174.50058,192,144,0.1,50,0.80626065,-79.11097,1.7532959
24398,Studio,0,3.5111337,0.94094664,-0.39568424,3.395706,0.8570652,-0.5177425,-0.60922396,1.0076118,-3.812479,44.193924,56.85586,354.6832,354.6832,192,144,0.1,50,0.1882838,-50.33288,0.7135471
24398,Studio,1,3.3348897,0.9388175,-0.7592452,3.219462,0.85493606,-0.8813035,-0.91113245,0.9840493,-4.081767,41.5458,53.657322,379.62344,379.62344,192,144,0.1,50,0.18828382,-51.95674,0.48067328
24398,Studio,2,3.242503,1.4871287,-2.0422459,3.1270752,1.4032472,-2.164304,-0.69152015,1.0540805,-3.8607688,79.32489,95.73594,173.68036,173.68036,192,144,0.1,50,0.18828377,-65.19101,-5.7059884
24398,Studio,3,3.3535023,0.9231392,-0.1861558,3.2380745,0.8392578,-0.30821407,-0.64307964,1.0657594,-3.5720866,34.271534,44.69495,467.04175,467.04175,192,144,0.1,50,0.18828383,-49.728508,1.559648
24399,Studio,0,3.8092265,2.4805348,4.336485,3.7063315,2.5597103,4.3624616,2.463929,1.2966542,-0.5551515,62.542862,77.998955,237.10466,237.10466,192,144,0.1,50,0.13564983,-15.377314,-13.135316
24399,Studio,1,3.4824207,2.441843,4.363362,3.3795257,2.5210185,4.3893385,2.6064668,1.3511736,-0.4923531,80.00905,96.427475,171.585,171.585,192,144,0.1,50,0.13564976,-10.225977,-12.46466
24399,Studio,2,3.8698454,2.4858072,4.729921,3.7669506,2.5649827,4.7558975,2.7087817,1.2757727,-0.27431956,39.264362,50.873642,403.68134,403.68134,192,144,0.1,50,0.1356497,-13.062419,-13.254144
24399,Studio,3,4.3930883,2.4883099,3.7231393,4.2901936,2.5674853,3.749116,2.1310263,1.2910182,-0.55574477,74.47976,90.76935,189.43906,189.43906,192,144,0.1,50,0.1356497,-27.863483,-13.894516
24400,OpenOffice,0,-0.9152293,1.5307434,-3.1645288,-0.69539154,1.4233775,-2.1585307,-2.313504,0.9883416,-4.9069242,83.97236,100.38682,160.0058,160.0058,192,144,0.1,50,1.0363742,-38.74709,-13.64653
24400,OpenOffice,1,-1.504106,1.3132706,-3.4968238,-1.2842684,1.2059047,-2.4908257,-2.4390748,0.965145,-5.042944,74.81523,91.11718,188.29233,188.29233,192,144,0.1,50,1.036374,-31.162165,-10.905623
24400,OpenOffice,2,-1.6576967,1.4209393,-2.7632422,-1.4378588,1.3135735,-1.7572441,-2.3445377,1.0174317,-4.610925,61.142235,76.44965,243.77107,243.77107,192,144,0.1,50,1.0363742,-20.39166,-11.568635
24400,OpenOffice,3,-1.6111356,1.299478,-3.0785732,-1.3912978,1.1921122,-2.072575,-1.9860593,1.1181569,-4.647726,68.3717,84.331184,212.0022,212.0022,192,144,0.1,50,1.0363741,-13.437961,-6.4125576
24401,Reception,0,-1.9136704,1.793572,3.6136892,-1.9093279,1.9274919,3.5536246,3.5840974,0.8944242,2.6883192,36.3486,47.279438,438.64154,438.64154,192,144,0.1,50,0.14693202,80.44568,-9.161724
24401,Reception,1,-1.7203443,1.73958,4.4170227,-1.7160017,1.8735,4.3569584,3.8583484,0.88844013,2.6634412,32.896034,42.972755,487.76044,487.76044,192,144,0.1,50,0.14693193,72.55021,-8.281166
24401,Reception,2,-2.1973178,1.9138734,3.7952914,-2.1929753,2.0477934,3.7352266,3.5558224,0.8078805,2.351769,42.4468,54.74957,370.8049,370.8049,192,144,0.1,50,0.1469321,75.91468,-10.562178
24401,Reception,3,-2.0919108,1.5843592,4.525534,-2.0875683,1.7182791,4.4654694,3.4997346,0.9679334,2.7105057,40.99369,52.98601,385.21017,385.21017,192,144,0.1,50,0.14693213,72.016754,-5.98587
24402,Breakroom,0,-3.9594548,1.189798,-7.1759305,-2.4076252,1.189798,-5.4574003,6.102255,1.006367,-0.76618046,33.647404,43.914543,476.23892,476.23892,192,144,0.1,50,2.3154957,122.498924,-0.88089436
24402,Breakroom,1,-4.081797,1.1814703,-6.8390465,-2.5299675,1.1814703,-5.120517,6.2088175,0.95821464,-0.5034939,34.609585,45.11692,462.19458,462.19458,192,144,0.1,50,2.3154955,121.61907,-1.0583899
24402,Breakroom,2,-4.418047,1.2887988,-6.8153977,-2.8662171,1.2887988,-5.0968676,6.071245,1.0309323,-0.5956862,45.605053,58.545704,342.52017,342.52017,192,144,0.1,50,2.315496,120.66617,-1.2113864
24402,Breakroom,3,-3.8276856,1.1801234,-6.805622,-2.275856,1.1801234,-5.087092,5.809991,1.095421,-0.6980063,43.242508,55.710777,363.3087,363.3087,192,144,0.1,50,2.3154957,122.36337,-0.42532974
24403,Studio,0,3.6396146,0.8302414,-0.65126276,3.4312713,0.8199889,-0.6359835,5.714526,1.2444668,-3.086936,64.857666,80.53592,226.65549,226.65549,192,144,0.1,50,0.2510394,40.427155,7.376461
24403,Studio,1,4.007364,0.86334616,-0.9367801,3.7990208,0.8530937,-0.9215008,5.470574,1.183262,-2.9200995,86.29504,102.67086,153.62617,153.62617,192,144,0.1,50,0.25103918,36.418354,7.395717
24403,Studio,2,3.4369156,0.78073823,-0.2753425,3.2285724,0.77048576,-0.26006326,5.461275,1.3893197,-3.2975292,51.207043,65.151215,300.5038,300.5038,192,144,0.1,50,0.25103945,33.815468,9.497966
24403,Studio,3,2.9384456,1.0221326,-0.060991466,2.7301025,1.0118802,-0.045712233,5.839556,1.2497525,-3.0051384,61.861584,77.24671,240.3133,240.3133,192,144,0.1,50,0.2510393,44.578163,3.1520565
24404,Studio,0,-1.0603113,2.0029554,1.6934915,-0.6330159,1.8869085,0.5340136,-0.681677,1.55,-3.6127799,92.2734,108.43063,138.39676,138.39676,192,144,0.1,50,1.7239065,4.0814805,-4.866756
24404,Studio,1,-1.4758205,1.8253785,1.301766,-1.0485251,1.7093316,0.14228818,-0.87784827,1.4863615,-3.3551626,100.380875,115.98194,120.017006,120.017006,192,144,0.1,50,1.7239063,7.3170185,-4.1299086
24404,Studio,2,-1.5673141,2.1535888,1.3189104,-1.1400187,2.0375419,0.15943253,-0.7916983,1.5927871,-3.7060583,85.80174,102.18798,154.95773,154.95773,192,144,0.1,50,1.7239065,8.774494,-6.294103
24404,Studio,3,-1.4529562,1.976242,1.7771224,-1.0256608,1.860195,0.61764455,-0.96865654,1.5630944,-3.598861,98.60041,114.348114,123.858635,123.858635,192,144,0.1,50,1.7239065,5.14764,-4.3769217
24405,Workshop,0,-0.98746204,1.6620147,0.37832022,0.09537077,1.6620147,2.613735,1.7754834,1.1507151,-3.53021,46.275177,59.34457,336.9905,336.9905,192,144,0.1,50,2.483869,35.256546,-6.0972958
24405,Workshop,1,-1.0252379,1.6772175,0.08063951,0.057594903,1.6772175,2.3160543,1.5695176,1.066426,-3.2251368,38.2445,49.62107,415.3255,415.3255,192,144,0.1,50,2.483869,38.128925,-8.269488
24405,Workshop,2,-0.37842685,1.528191,0.13893865,0.70440596,1.528191,2.3743534,1.8895491,1.2699102,-3.6109152,50.464954,64.28578,305.56586,305.56586,192,144,0.1,50,2.483869,31.16627,-3.3729053
24405,Workshop,3,-1.0935365,1.3984178,1.3595805,-0.010703646,1.3984178,3.5949953,1.7361763,1.0684835,-3.494427,37.33904,48.504845,426.1761,426.1761,192,144,0.1,50,2.483869,30.240656,-3.3606527
24406,Conference,0,-5.8757486,1.7381543,-3.4666514,-6.0536895,1.8781164,-3.0863776,-7.841902,1.0175972,-1.1470593,83.90091,100.31613,160.20659,160.20659,192,144,0.1,50,0.5095659,-139.71443,-13.331229
24406,Conference,1,-6.208558,1.8431823,-3.1443822,-6.386499,1.9831444,-2.7641084,-7.9489126,1.1651727,-0.8476368,79.46633,95.87911,173.2447,173.2447,192,144,0.1,50,0.509566,-142.84705,-13.240063
24406,Conference,2,-7.1091332,1.8800511,-3.005759,-7.287074,2.020013,-2.6254852,-7.7346935,1.1608424,-0.8558227,89.84726,106.11352,144.3844,144.3844,192,144,0.1,50,0.50956595,-163.77675,-17.807274
24406,Conference,3,-6.0065084,1.7450622,-3.7277617,-6.184449,1.8850243,-3.347488,-7.5745945,0.9702613,-1.1654874,93.86102,109.93226,134.60907,134.60907,192,144,0.1,50,0.50956607,-148.53378,-14.462598
24407,Reception,0,3.1264534,1.2971501,2.3116348,3.3576498,1.2971501,-0.22719479,-1.9114999,1.4881017,0.40453336,47.123863,60.352947,330.20084,330.20084,192,144,0.1,50,2.5493348,-69.266,2.0301602
24407,Reception,1,2.3112347,1.4776716,1.9958696,2.542431,1.4776716,-0.5429599,-1.5810245,1.5586151,0.0761016,47.620895,60.94175,326.33054,326.33054,192,144,0.1,50,2.5493348,-63.74623,1.0684867
24407,Reception,2,2.1675525,1.4340127,2.630104,2.3987489,1.4340127,0.09127456,-1.8082868,1.3390703,0.6289894,39.817818,51.551277,397.60245,397.60245,192,144,0.1,50,2.5493348,-63.283028,-1.221955
24407,Reception,3,3.300855,1.3397313,2.5843399,3.5320513,1.3397313,0.045510232,-1.7229172,1.5952997,0.3095927,35.080406,45.703762,455.59473,455.59473,192,144,0.1,50,2.5493348,-65.639145,2.6533298
24408,Studio,0,1.4288146,0.9454803,1.8008127,1.3072802,0.9454803,1.6196849,2.4640982,0.95511043,-0.8721308,77.79644,94.18236,178.47249,178.47249,192,144,0.1,50,0.2181236,21.172365,0.19249167
24408,Studio,1,1.4807154,0.8768521,1.2997034,1.3591809,0.8768521,1.1185756,2.7950604,1.0273422,-1.1869224,104.419846,119.63957,111.65791,111.65791,192,144,0.1,50,0.2181236,27.859392,3.062712
24408,Studio,2,1.6922042,1.0436099,1.7517941,1.5706698,1.0436099,1.5706663,2.3184788,0.9332687,-0.80232024,77.02106,93.38961,180.96454,180.96454,192,144,0.1,50,0.2181236,13.777233,-2.402629
24408,Studio,3,3.0623574,1.336765,2.6707814,2.940823,1.336765,2.4896536,2.547251,0.98690397,-0.6538993,87.03749,103.39541,151.64494,151.64494,192,144,0.1,50,0.21812353,-8.807046,-5.936892
24409,Coworking,0,-6.2032113,2.7478614,-0.3035822,-6.1520433,2.7749836,-0.30579734,-4.694063,0.9609288,-2.8746715,36.973656,48.053314,430.69968,430.69968,192,144,0.1,50,0.058424264,30.411589,-30.937817
24409,Coworking,1,-6.535049,2.732986,-0.20560399,-6.483881,2.7601082,-0.20781913,-4.5156493,0.9056405,-2.5849202,30.086235,39.42939,535.8021,535.8021,192,144,0.1,50,0.058424275,40.322308,-30.35092
24409,Coworking,2,-5.6080155,2.3544793,-1.1936061,-5.5568476,2.3816016,-1.1958213,-4.475811,0.9433753,-2.535905,73.61035,89.86511,192.45255,192.45255,192,144,0.1,50,0.058424287,40.147022,-38.78448
24409,Coworking,3,-6.476293,2.7032883,-0.5286653,-6.425125,2.7304106,-0.53088045,-4.970678,0.8311291,-3.1612678,43.2103,55.671932,363.60696,363.60696,192,144,0.1,50,0.058424253,29.76573,-31.687754
24410,Library,0,-3.8085413,1.7368581,4.2584467,-5.126119,1.7368581,5.7759075,0.92793036,1.0315098,3.3410287,42.295685,54.566658,372.2589,372.2589,192,144,0.1,50,2.0096514,79.037994,-8.317785
24410,Library,1,-4.060067,1.7264965,4.2340503,-5.377645,1.7264965,5.751511,1.2444888,1.0585537,3.5070205,41.22095,53.262516,382.89325,382.89325,192,144,0.1,50,2.0096514,82.1958,-7.111049
24410,Library,2,-4.078367,1.3957494,3.3427684,-5.395945,1.3957494,4.8602295,1.0402277,1.110039,3.112987,35.65869,46.423172,447.7195,447.7195,192,144,0.1,50,2.0096517,87.429634,-3.1916208
24410,Library,3,-4.129539,1.8129796,4.409063,-5.447117,1.8129796,5.9265237,0.64120245,1.031019,3.2956512,47.95533,61.337204,323.76892,323.76892,192,144,0.1,50,2.0096514,76.86326,-9.068945
24411,Lounge,0,-1.7693682,1.6946325,-2.5611873,-1.4983791,1.8815674,-2.392896,1.8072376,0.75,-1.3241359,43.65277,56.20512,359.5454,359.5454,192,144,0.1,50,0.36994827,109.07912,-14.014991
24411,Lounge,1,-1.0026002,1.5830597,-2.3672342,-0.7316112,1.7699945,-2.198943,1.8708973,0.6383214,-1.1365962,77.08853,93.45872,180.74599,180.74599,192,144,0.1,50,0.36994818,113.18409,-16.816181
24411,Lounge,2,-1.6597899,1.7926291,-1.9776869,-1.3888009,1.979564,-1.8093956,1.6792407,0.7498353,-1.4800515,34.56569,45.062153,462.81882,462.81882,192,144,0.1,50,0.3699483,98.47673,-17.165537
24411,Lounge,3,0.01530695,1.8553177,-0.48756576,0.286296,2.0422525,-0.31927443,2.0852816,0.8918599,-1.1014737,56.55865,71.30417,267.66833,267.66833,192,144,0.1,50,0.36994833,73.48083,-24.048
24412,Training,0,1.2738276,1.2025888,-2.2940767,3.2539809,1.2025888,-0.9009342,-0.7950267,1.4146206,-1.0985756,68.76778,84.75477,210.4336,210.4336,192,144,0.1,50,3.6564028,-120.02175,5.0709944
24412,Training,1,1.3732902,1.1715422,-1.9053924,3.3534434,1.1715422,-0.51224995,-0.7560032,1.2652167,-0.9096062,69.4263,85.45711,207.86047,207.86047,192,144,0.1,50,3.6564028,-115.06364,2.2820728
24412,Training,2,1.2995657,1.3368107,-1.9234318,3.279719,1.3368107,-0.5302893,-0.46567073,1.410742,-1.3641803,93.939865,110.006546,134.42352,134.42352,192,144,0.1,50,3.6564026,-107.57893,2.2863789
24412,Training,3,1.1012194,1.1859026,-2.1099193,3.0813727,1.1859026,-0.7167768,-1.0693365,1.2668142,-1.0488678,57.008453,71.81422,265.16833,265.16833,192,144,0.1,50,3.6564028,-116.05117,1.9180994
24413,Coworking,0,0.02887392,0.8707566,-2.9130268,-0.04441897,0.91337985,-2.9976575,-1.8413324,1.5046262,-1.0055652,97.281494,113.129105,126.77117,126.77117,192,144,0.1,50,0.122979194,-135.56503,13.348547
24413,Coworking,1,0.16329235,0.9872419,-3.5275698,0.08999946,1.0298651,-3.6122005,-2.0144553,1.48641,-1.1308084,65.03045,80.72409,225.90224,225.90224,192,144,0.1,50,0.12297922,-137.74106,8.762704
24413,Coworking,2,-0.1169046,0.9986324,-3.2375124,-0.1901975,1.0412556,-3.322143,-1.9386699,1.486686,-1.2544224,72.915634,89.1397,194.90475,194.90475,192,144,0.1,50,0.12297917,-137.42787,10.272784
24413,Coworking,3,0.11988493,0.78873485,-3.349637,0.04659204,0.8313581,-3.4342678,-1.6032668,1.4687012,-1.0524092,57.12036,71.94093,264.55197,264.55197,192,144,0.1,50,0.12297921,-143.12642,13.321381
24414,Breakroom,0,-1.5863043,1.1910167,2.461348,-1.3583447,1.1910167,-1.289851,1.6915083,1.2992911,0.5747319,53.512173,67.82059,285.61526,285.61526,192,144,0.1,50,3.758119,60.07649,1.6398752
24414,Breakroom,1,-1.1978563,1.2618071,2.8535018,-0.9698967,1.2618071,-0.89769715,1.6392522,1.3268354,0.2794738,51.498375,65.49017,298.55374,298.55374,192,144,0.1,50,3.758119,47.783432,0.972517
24414,Breakroom,2,-0.32138968,1.3059996,2.7171528,-0.09343004,1.3059996,-1.0340463,1.4078636,1.2304375,0.6287657,83.233475,99.65464,162.09572,162.09572,192,144,0.1,50,3.7581193,39.625877,-1.5963244
24414,Breakroom,3,-1.2725027,1.2817805,2.3990076,-1.044543,1.2817805,-1.3521916,1.8674256,1.3668759,0.7500943,60.00251,75.18098,249.40271,249.40271,192,144,0.1,50,3.7581193,62.29408,1.3744802
24415,Training,0,5.099224,1.4662954,-5.9157996,5.213153,1.2391137,-5.8781796,3.3019469,1.310737,-2.7112894,34.633484,45.146736,461.85538,461.85538,192,144,0.1,50,0.25995934,-150.71375,-2.4244006
24415,Training,1,4.9007106,1.5732257,-4.57336,5.0146394,1.3460441,-4.53574,3.1809235,1.450376,-2.9872746,61.113766,76.418045,243.90944,243.90944,192,144,0.1,50,0.25995937,-132.684,-3.0058827
24415,Training,2,4.853877,1.4686493,-5.6573477,4.967806,1.2414676,-5.6197276,3.3286114,1.2319435,-2.3898995,56.1799,70.87383,269.8019,269.8019,192,144,0.1,50,0.2599593,-154.97653,-3.755717
24415,Training,3,4.4299273,1.6585145,-6.3560176,4.543856,1.4313328,-6.3183975,2.9812882,1.3644798,-2.7518685,44.32032,57.007637,353.5638,353.5638,192,144,0.1,50,0.25995934,-158.10301,-4.3288403
24416,Training,0,2.7079458,1.7015802,0.45234013,0.5291443,1.7015802,-0.29765266,-0.056743443,1.3066628,2.0430596,88.838486,105.14198,146.94919,146.94919,192,144,0.1,50,2.304271,-119.91483,-7.057984
24416,Training,1,2.9618611,1.6379842,0.42542088,0.78305954,1.6379842,-0.3245719,-0.16296625,1.2015759,2.1951976,69.441025,85.472786,207.80342,207.80342,192,144,0.1,50,2.304271,-119.52547,-6.928716
24416,Training,2,3.3976488,1.6218941,0.44017616,1.2188472,1.6218941,-0.30981663,0.26505914,1.2205776,2.0551493,67.40814,83.29721,215.88567,215.88567,192,144,0.1,50,2.304271,-117.27289,-6.496215
24416,Training,3,2.5348508,1.6572801,0.20764591,0.35604924,1.6572801,-0.5423469,-0.1009585,1.1959591,1.8998688,94.723206,110.74298,132.59299,132.59299,192,144,0.1,50,2.304271,-122.70097,-8.378298
24417,Workshop,0,-1.4410715,1.1621727,-1.0741742,-1.4757798,1.3929354,-1.0630859,1.5433189,0.9675126,-3.4809656,53.405567,67.69778,286.27747,286.27747,192,144,0.1,50,0.23368193,51.11521,-2.906561
24417,Workshop,1,-1.0072619,0.8096268,-2.8953185,-1.0419701,1.0403895,-2.8842304,1.3225602,1.0429407,-3.2187495,85.329414,101.72452,156.2443,156.2443,192,144,0.1,50,0.23368196,82.09659,5.664705
24417,Workshop,2,-1.0068207,1.2979499,-3.7080388,-1.0415289,1.5287126,-3.6969504,1.4889997,1.0201006,-3.4019375,78.17229,94.565506,177.27954,177.27954,192,144,0.1,50,0.23368195,96.99216,-6.3054824
24417,Workshop,3,-1.823486,1.1992459,-1.0189853,-1.8581942,1.4300086,-1.007897,1.7860298,0.8507787,-3.4498625,58.041138,72.98101,259.56308,259.56308,192,144,0.1,50,0.23368195,56.04117,-4.578198
24418,Training,0,0.98984766,0.97371525,-0.1968112,1.2223535,0.8167163,-0.23876762,-1.4796202,0.75,0.12145217,29.998932,39.318768,537.43536,537.43536,192,144,0.1,50,0.30365026,-97.343765,-5.1342034
24418,Training,1,1.2411594,0.9469913,-0.12781012,1.4736652,0.7899924,-0.16976655,-1.5991122,0.68640035,0.19955476,29.5021,38.688625,546.9096,546.9096,192,144,0.1,50,0.30365035,-96.57481,-5.2078457
24418,Training,2,1.0735016,0.9853216,0.082041025,1.3060074,0.82832265,0.0400846,-1.2711096,0.88765687,0.20134135,34.612896,45.121048,462.1476,462.1476,192,144,0.1,50,0.30365032,-92.91286,-2.382197
24418,Training,3,0.6027427,0.8933916,0.13609263,0.8352485,0.7363927,0.09413621,-1.2606763,0.88658804,0.19466914,42.38414,54.673737,371.40662,371.40662,192,144,0.1,50,0.30365032,-91.8005,-0.20908974
24419,Studio,0,-5.055492,2.1030867,-5.476036,-4.1141963,2.1030867,-2.6750555,-2.9208813,0.9914302,-5.36416,56.16628,70.858345,269.87915,269.87915,192,144,0.1,50,2.9549162,93.00016,-27.477291
24419,Studio,1,-4.79181,1.9635096,-5.8643293,-3.8505144,1.9635096,-3.0633488,-2.7106256,0.9821037,-5.4846177,85.6382,102.027626,155.40192,155.40192,192,144,0.1,50,2.9549162,100.339874,-24.886738
24419,Studio,2,-5.2927036,2.2301962,-5.842899,-4.351408,2.2301962,-3.0419185,-2.9682193,1.0878525,-5.493243,44.158318,56.81309,354.99963,354.99963,192,144,0.1,50,2.954916,98.55446,-25.91847
24419,Studio,3,-5.3475513,2.121084,-5.240829,-4.4062557,2.121084,-2.4398484,-2.7933235,0.99555707,-5.1673393,40.859463,52.82258,386.5902,386.5902,192,144,0.1,50,2.9549162,91.64805,-23.772066
24420,Workshop,0,-0.7588959,1.6710052,0.6710901,-0.7970816,1.6710052,0.6979966,-2.137048,0.9941969,1.7053019,97.84986,113.655334,125.5089,125.5089,192,144,0.1,50,0.04671304,-126.88579,-21.444752
24420,Workshop,1,-0.5471636,1.6719455,0.83009315,-0.5853493,1.6719455,0.85699964,-2.325422,1.1195091,1.6486942,87.34875,103.69837,150.82239,150.82239,192,144,0.1,50,0.04671304,-114.71844,-15.758889
24420,Workshop,2,-0.67876804,1.6846565,0.24560717,-0.71695375,1.6846565,0.27251366,-2.4249105,0.8686374,1.9020749,81.0666,97.49171,168.40407,168.40407,192,144,0.1,50,0.04671304,-133.49034,-18.72877
24420,Workshop,3,-0.13303411,1.7698646,0.83960384,-0.17121983,1.7698646,0.86651033,-2.0333884,0.9597191,1.5989068,87.0395,103.39737,151.63962,151.63962,192,144,0.1,50,0.04671304,-111.7796,-21.597708
24421,Lounge,0,-6.1580396,1.6301582,7.2506647,-4.1125917,1.6301582,7.162002,-4.7084155,0.9636742,-0.49250248,30.57708,40.050774,526.7893,526.7893,192,144,0.1,50,2.0473685,10.603786,-4.8359337
24421,Lounge,1,-6.2440863,2.056368,4.711121,-4.1986384,2.056368,4.6224585,-4.947434,1.0834157,-0.6029021,58.019993,72.95717,259.67603,259.67603,192,144,0.1,50,2.0473685,13.712549,-10.08588
24421,Lounge,2,-5.802226,1.5224917,7.2575374,-3.7567782,1.5224917,7.1688747,-4.7462397,0.8821151,-0.20479554,46.888313,60.073456,332.062,332.062,192,144,0.1,50,2.0473685,8.054383,-4.856644
24421,Lounge,3,-5.9877644,1.7632858,6.163454,-3.9423165,1.7632858,6.074792,-4.4204025,0.81545216,-0.7740929,29.955915,39.26425,538.24347,538.24347,192,144,0.1,50,2.0473685,12.730791,-7.5907974
24422,Workshop,0,1.5375328,1.3126085,0.33220577,1.5391209,1.1392678,0.28269377,1.4911724,0.75,2.5415223,32.826473,42.885437,488.85306,488.85306,192,144,0.1,50,0.18275122,-178.79788,-14.283854
24422,Workshop,1,1.6404629,1.234925,0.57803166,1.642051,1.0615844,0.5285197,1.6379081,0.8232231,2.6102026,30.851986,40.398354,521.8639,521.8639,192,144,0.1,50,0.18275116,-179.92798,-11.452661
24422,Workshop,2,1.2525808,1.2920055,-0.0049495697,1.2541689,1.1186649,-0.05446157,1.2624761,0.8932103,2.8882813,35.68166,46.451714,447.4118,447.4118,192,144,0.1,50,0.18275121,179.80403,-7.847999
24422,Workshop,3,1.5757902,1.2680912,0.07787117,1.5773783,1.0947505,0.028359175,1.386801,0.81223893,2.7322843,37.04398,48.140263,429.82236,429.82236,192,144,0.1,50,0.18275118,-175.92752,-9.720428
24423,Conference,0,-8.705318,0.8408446,-5.16935,-8.572886,0.86506647,-5.4404325,-7.4204755,0.9672535,-3.7141366,90.47976,106.72023,142.79926,142.79926,192,144,0.1,50,0.30344132,138.55794,3.7256775
24423,Conference,1,-8.519516,0.80704653,-5.379255,-8.387084,0.8312684,-5.650337,-7.5312285,0.93833435,-3.6169922,96.42701,112.33532,128.6898,128.6898,192,144,0.1,50,0.3034413,150.71603,3.717795
24423,Conference,2,-8.3520565,0.7910479,-5.190179,-8.2196245,0.81526977,-5.4612613,-7.224732,0.9298153,-3.6300478,78.8061,95.209984,175.28943,175.28943,192,144,0.1,50,0.30344132,144.14876,4.1235657
24423,Conference,3,-8.825323,0.76904994,-5.390656,-8.692891,0.79327184,-5.6617384,-7.5441866,1.024579,-3.8692894,90.50629,106.74564,142.73315,142.73315,192,144,0.1,50,0.30344135,139.8994,7.320987
24424,Training,0,-2.7178702,2.6719658,-0.5625551,-2.7804275,2.6719658,-0.5851599,-1.8745794,1.00119,1.2102842,39.284565,50.8984,403.45657,403.45657,192,144,0.1,50,0.06651604,154.56085,-40.39956
24424,Training,1,-2.200962,2.5756915,-0.79130596,-2.2635193,2.5756915,-0.8139108,-2.2230508,0.8883525,1.2463467,48.377293,61.835308,320.5844,320.5844,192,144,0.1,50,0.06651604,-179.37892,-39.625816
24424,Training,2,-1.5455317,2.3495035,-1.0607295,-1.608089,2.3495035,-1.0833343,-1.7423874,1.0480793,1.2420127,36.917072,47.983337,431.4079,431.4079,192,144,0.1,50,0.06651604,-175.11382,-29.384249
24424,Training,3,-2.476007,2.6686876,-0.35639822,-2.5385642,2.6686876,-0.37900305,-2.0659566,0.9714561,0.90556264,64.81153,80.485634,226.85724,226.85724,192,144,0.1,50,0.06651604,161.9994,-51.98143
24425,Workshop,0,4.0056605,1.5867535,-1.0022324,3.3726392,1.5867535,1.3728486,-1.0089326,1.5191231,-0.18545726,64.95774,80.64493,226.21877,226.21877,192,144,0.1,50,2.4579923,-99.251076,-0.7626365
24425,Workshop,1,3.7984421,1.5844166,-2.0707355,3.1654208,1.5844166,0.3043456,-1.3538849,1.562726,-0.19893521,52.992363,67.22116,288.86752,288.86752,192,144,0.1,50,2.4579923,-109.96569,-0.22670914
24425,Workshop,2,4.531371,1.5679787,-0.58712494,3.89835,1.5679787,1.7879561,-0.9045075,1.5434363,-0.38345838,43.53966,56.068913,360.5762,360.5762,192,144,0.1,50,2.4579923,-92.1457,-0.25850162
24425,Workshop,3,4.2968097,1.7633176,-1.6207225,3.6637886,1.7633176,0.7543586,-0.9765844,1.5790306,-0.3206705,46.652905,59.793835,333.93982,333.93982,192,144,0.1,50,2.4579923,-103.84899,-1.943338
24426,Library,0,-3.3608012,1.7491702,2.961793,-3.3999107,1.5136976,2.9463937,0.15508722,1.0068125,5.125161,52.029987,66.1075,295.04776,295.04776,192,144,0.1,50,0.23922285,121.604485,-10.194436
24426,Library,1,-3.1218042,1.8342916,2.8379064,-3.1609137,1.598819,2.8225071,0.46376073,1.0071737,4.8022795,73.943855,90.212456,191.28938,191.28938,192,144,0.1,50,0.23922285,118.71639,-11.437046
24426,Library,2,-2.8434255,1.63577,4.2212763,-2.882535,1.4002974,4.2058773,0.19486551,0.90901506,5.421,85.02399,101.424225,157.08241,157.08241,192,144,0.1,50,0.23922284,111.54748,-12.542983
24426,Library,3,-2.8817818,1.9278281,1.7738194,-2.9208913,1.6923555,1.7584202,0.2823938,1.033441,5.3109612,37.620117,48.85177,422.7539,422.7539,192,144,0.1,50,0.23922285,138.18555,-10.672531
24427,Library,0,2.4789145,1.2027907,3.1681104,2.50848,1.20053,3.2828474,-0.2427392,0.9441396,-0.52617264,87.86364,104.198524,149.4719,149.4719,192,144,0.1,50,0.13603844,-36.379833,-3.2262554
24427,Library,1,2.7270095,1.032207,2.6131964,2.756575,1.0299463,2.7279334,-0.012954146,0.9808516,-0.740922,93.30743,109.40996,135.91853,135.91853,192,144,0.1,50,0.13603851,-39.245224,-0.6793615
24427,Library,2,3.0333333,1.4011122,3.1453662,3.0628989,1.3988515,3.2601032,-0.11155221,0.9231018,-0.8437014,94.00378,110.066734,134.2733,134.2733,192,144,0.1,50,0.13603841,-38.251404,-5.375862
24427,Library,3,0.96994245,1.6892521,3.4544792,0.999508,1.6869915,3.5692163,-0.5033504,0.8031181,-0.2645726,105.68584,120.77254,109.132034,109.132034,192,144,0.1,50,0.1360385,-21.610867,-12.490466
24428,Library,0,-0.83592916,0.7970053,4.5182114,-0.6278619,0.7970053,4.430008,-1.5635818,0.9902719,1.8799124,87.4543,103.80101,150.54451,150.54451,192,144,0.1,50,0.22599074,-15.419053,4.0393863
24428,Library,1,-0.96557194,0.8477063,4.256718,-0.7575047,0.8477063,4.1685147,-1.475835,1.1058724,1.8871263,105.47619,120.585365,109.54738,109.54738,192,144,0.1,50,0.22599074,-12.152387,6.079549
24428,Library,2,-0.57331985,0.85868174,4.5362473,-0.3652526,0.85868174,4.448044,-1.7875592,1.0854754,1.9164801,92.228745,108.38823,138.50475,138.50475,192,144,0.1,50,0.22599074,-24.867313,4.491005
24428,Library,3,-0.97446924,0.82028246,4.8960214,-0.766402,0.82028246,4.807818,-1.6172124,0.9325519,1.8674256,57.73018,72.63028,261.23163,261.23163,192,144,0.1,50,0.22599074,-11.981812,2.0767603
24429,Coworking,0,-0.04171467,1.276821,-2.4185772,0.27583292,1.1103871,-2.2157264,-3.1047418,1.0274185,-1.7286987,35.061047,45.67965,455.86273,455.86273,192,144,0.1,50,0.52714264,-102.692795,-4.5416813
24429,Coworking,1,-1.146981,1.4373248,-1.9220887,-0.82943344,1.2708908,-1.7192379,-3.2794688,1.1730628,-1.45769,62.626244,78.09086,236.71625,236.71625,192,144,0.1,50,0.5271425,-102.28567,-6.9039903
24429,Coworking,2,0.11325511,1.3600228,-2.1334486,0.4308027,1.1935889,-1.9305978,-3.395854,0.90169716,-1.644227,31.484987,41.19749,510.84164,510.84164,192,144,0.1,50,0.52714276,-97.93672,-7.370802
24429,Coworking,3,0.8753291,1.3448685,-2.388083,1.1928767,1.1784346,-2.1852322,-2.7590876,1.1371511,-1.742515,39.258396,50.86633,403.74777,403.74777,192,144,0.1,50,0.5271426,-100.07218,-3.220755
24430,Reception,0,3.3740332,1.7353277,3.0534906,3.4335396,1.7183667,3.113782,3.4774773,0.99353504,0.9483932,78.539986,94.93964,176.12173,176.12173,192,144,0.1,50,0.08712871,2.8132412,-19.389757
24430,Reception,1,3.559109,1.619949,3.389522,3.6186154,1.602988,3.4498134,3.6803946,1.0894384,1.0448488,60.465904,75.697655,247.08981,247.08981,192,144,0.1,50,0.08712876,2.961167,-12.732722
24430,Reception,2,2.484717,1.8404448,3.512446,2.5442233,1.8234838,3.5727372,3.8265316,0.87684083,0.73586607,79.6493,96.064156,172.68304,172.68304,192,144,0.1,50,0.08712874,25.7927,-17.352575
24430,Reception,3,3.4298294,1.74742,2.7680087,3.4893358,1.730459,2.8283,3.6941342,0.9742154,1.1396056,82.540665,98.96565,164.08304,164.08304,192,144,0.1,50,0.08712874,9.219237,-25.11203
24431,Workshop,0,-0.5112791,1.6579863,5.489964,-0.5118876,1.7729146,5.560631,0.9570545,1.0136046,2.4554822,28.708563,37.680103,562.70667,562.70667,192,144,0.1,50,0.13971835,25.82154,-10.821588
24431,Workshop,1,-0.052643955,1.5080388,5.896739,-0.05325246,1.6229671,5.967406,1.0166919,0.92110777,2.3558316,31.053059,40.65238,518.3152,518.3152,192,144,0.1,50,0.13971831,16.804049,-9.016478
24431,Workshop,2,-1.0208261,1.5125494,5.5825615,-1.0214347,1.6274778,5.6532283,0.7422118,1.0920812,2.6714485,33.314617,43.497723,481.2796,481.2796,192,144,0.1,50,0.13971838,31.200075,-7.042914
24431,Workshop,3,-0.26707107,1.7024473,5.6444063,-0.26767957,1.8173757,5.715073,0.87955314,1.0579573,2.4105935,38.178795,49.5402,416.09622,416.09622,192,144,0.1,50,0.13971835,19.523157,-10.638415
24432,Reception,0,3.3064356,1.082178,0.54132867,3.273274,1.0445309,0.3937309,4.851408,0.75,1.3247663,84.193665,100.60558,159.38567,159.38567,192,144,0.1,50,0.1562575,116.889046,-10.855275
24432,Reception,1,3.5274396,1.2831389,-0.46380818,3.494278,1.2454917,-0.61140597,5.07461,0.61725277,1.5820401,68.39371,84.35476,211.91458,211.91458,192,144,0.1,50,0.15625751,142.90164,-14.552992
24432,Reception,2,3.9101028,1.3218527,-0.011467755,3.8769412,1.2842057,-0.15906551,5.125832,0.6384677,1.5766392,68.08165,84.02047,213.161,213.161,192,144,0.1,50,0.15625744,142.56519,-18.864733
24432,Reception,3,3.6481655,1.0794398,1.089803,3.6150038,1.0417926,0.9422053,5.139176,0.83976305,1.1520661,75.567245,91.894775,185.75328,185.75328,192,144,0.1,50,0.15625742,92.39123,-9.124233
24433,Breakroom,0,1.6738207,0.81766045,-2.476806,2.0912292,0.84444875,-2.2011688,-2.0228162,0.9866194,2.3612728,46.188156,59.240963,337.69998,337.69998,192,144,0.1,50,0.50107867,-142.61758,1.5895298
24433,Breakroom,1,2.1926734,0.9508129,-2.5146282,2.610082,0.9776012,-2.238991,-2.3382342,1.1325853,2.639097,51.933388,65.99543,295.67987,295.67987,192,144,0.1,50,0.50107867,-138.67961,1.5173461
24433,Breakroom,2,1.6128799,0.7389115,-2.173768,2.0302882,0.7656998,-1.8981309,-1.7340486,0.9220871,2.3512871,66.6756,82.507744,218.9042,218.9042,192,144,0.1,50,0.50107855,-143.51175,1.8640506
24433,Breakroom,3,1.4319828,0.812206,-2.6191897,1.8493912,0.83899426,-2.3435526,-1.9686654,1.0893987,2.1150146,48.90674,62.458954,316.6619,316.6619,192,144,0.1,50,0.5010786,-144.30977,2.7226033
24434,Lounge,0,-0.061731562,0.9252268,-1.135067,4.0494866,0.9252268,0.7541491,4.427457,0.75,-1.959176,72.19625,88.3858,197.48688,197.48688,192,144,0.1,50,4.5245166,79.59767,-2.198593
24434,Lounge,1,-0.094490334,1.2158376,0.2380271,4.016728,1.2158376,2.127243,4.428465,0.7395176,-2.2495127,67.01208,82.870735,217.51045,217.51045,192,144,0.1,50,4.524517,61.19004,-5.272124
24434,Lounge,2,0.4397053,0.71219444,-0.7501388,4.5509233,0.71219444,1.1390772,4.5449553,0.8432975,-2.2340696,81.12229,97.54761,168.23843,168.23843,192,144,0.1,50,4.5245166,70.126526,1.7202792
24434,Lounge,3,0.5689527,0.9226237,-1.1310294,4.680171,0.9226237,0.75818664,4.181628,0.7065775,-2.0425344,76.74681,93.10847,181.85612,181.85612,192,144,0.1,50,4.524517,75.83939,-3.3185859
24435,Coworking,0,5.2191367,1.563616,-0.084756136,6.243364,1.7389419,-0.35947594,4.455232,1.3157171,-2.1335456,71.4447,87.59526,200.23235,200.23235,192,144,0.1,50,1.1700494,-20.448301,-6.4682
24435,Coworking,1,4.783304,1.4511148,0.36923805,5.8075314,1.6264406,0.094518244,4.5678163,1.4426886,-2.2125728,71.942444,88.11917,198.40848,198.40848,192,144,0.1,50,1.1700492,-4.77107,-0.18634616
24435,Coworking,2,4.7856345,1.7346506,0.9806032,5.8098617,1.9099765,0.7058834,4.4452295,1.3673773,-1.9045775,65.75209,81.508316,222.79428,222.79428,192,144,0.1,50,1.1700494,-6.7288747,-7.2050896
24435,Coworking,3,5.169249,1.5039515,0.31967357,6.193476,1.6792774,0.044953763,4.590035,1.3855342,-2.4676287,50.708675,64.570335,303.8881,303.8881,192,144,0.1,50,1.1700491,-11.739249,-2.3819
24436,Training,0,4.502356,1.6228839,0.8761934,4.3345623,1.7885618,0.66476667,-0.274321,1.0301526,2.6455028,42.881332,55.27487,366.6784,366.6784,192,144,0.1,50,0.32155374,-110.32493,-6.637238
24436,Training,1,3.594454,1.7764912,0.17466897,3.4266603,1.9421691,-0.036757767,-0.21467218,0.89758986,2.3146484,51.366966,65.33734,299.43076,299.43076,192,144,0.1,50,0.32155374,-119.32742,-11.374016
24436,Training,2,4.3314843,1.7056918,0.53867286,4.1636906,1.8713697,0.32724613,-0.46363455,0.92509687,2.7006402,53.14687,67.39948,287.89468,287.89468,192,144,0.1,50,0.3215537,-114.269104,-8.441255
24436,Training,3,3.483539,2.0139053,2.2137585,3.3157454,2.1795833,2.0023317,-0.58301604,1.1438154,2.4775145,53.954376,68.32937,282.89432,282.89432,192,144,0.1,50,0.32155383,-93.711,-12.052464
24437,Reception,0,-1.6740155,1.1695099,-0.38314158,-1.6176322,1.0786928,-0.3541086,-2.3021922,0.985827,8.4034195,40.449512,52.322876,390.85934,390.85934,192,144,0.1,50,0.11101596,-175.91072,-1.1945446
24437,Reception,1,-1.0059146,1.3898323,-0.44596425,-0.9495312,1.299015,-0.41693127,-2.2154534,0.9736036,8.750166,62.02913,77.431946,239.51831,239.51831,192,144,0.1,50,0.11101606,-172.50706,-2.5694127
24437,Reception,2,-1.3500767,1.0252547,-0.7990657,-1.2936933,0.9344377,-0.77003276,-2.5633786,0.97416633,8.371251,32.188572,42.08375,499.08652,499.08652,192,144,0.1,50,0.1110159,-172.4631,-0.3164374
24437,Reception,3,-2.1783988,1.0788367,-0.9125619,-2.1220155,0.98801965,-0.88352895,-2.2174075,1.0579873,8.468348,31.366035,41.04745,512.8798,512.8798,192,144,0.1,50,0.11101586,-179.76175,-0.12734026
24438,Training,0,0.8500967,0.9583216,-3.8104982,-1.3155563,0.9583216,-4.3943896,1.2046926,0.75,-0.27088976,74.41366,90.70073,189.66606,189.66606,192,144,0.1,50,2.242985,174.27924,-3.3514867
24438,Training,1,2.4553885,1.4158044,-3.759051,0.28973556,1.4158044,-4.342942,0.96292293,0.6507432,-0.14895123,80.65073,97.07389,169.64668,169.64668,192,144,0.1,50,2.242985,-157.53912,-11.080906
24438,Training,2,0.28913915,1.1619064,-4.068719,-1.8765138,1.1619064,-4.6526103,1.3418399,0.628061,0.015877157,90.43969,106.68186,142.89915,142.89915,192,144,0.1,50,2.242985,165.54797,-7.2130938
24438,Training,3,0.2565487,0.96847713,-3.919602,-1.9091043,0.96847713,-4.5034933,1.5251544,0.7447891,-0.068181545,70.90147,87.02195,202.24817,202.24817,192,144,0.1,50,2.242985,161.76883,-3.1574574
24439,Reception,0,-2.0524402,3.2194533,-0.004623413,-2.6528077,3.2194533,2.6968787,1.3928363,1.3628595,-2.3949647,28.616596,37.56306,564.59283,564.59283,192,144,0.1,50,2.7674093,55.24699,-23.881548
24439,Reception,1,-0.47120667,2.2988906,-2.2669394,-1.0715742,2.2988906,0.43456268,1.4283981,1.3924344,-2.2911096,57.105267,71.923836,264.635,264.635,192,144,0.1,50,2.7674093,89.27103,-25.507809
24439,Reception,2,-1.9928225,3.303998,-0.34979773,-2.5931902,3.303998,2.3517044,1.3147633,1.2128677,-2.2737737,39.23451,50.837044,404.01395,404.01395,192,144,0.1,50,2.7674093,59.814045,-28.656246
24439,Reception,3,-1.4109619,3.2769694,-0.57352793,-2.0113294,3.2769694,2.127974,1.7252884,1.4868459,-2.264577,29.08087,38.153587,555.19006,555.19006,192,144,0.1,50,2.767409,61.6667,-26.675213
24440,Reception,0,-4.1530046,1.6562465,-0.14268303,-4.0053315,1.6072874,-0.4760956,-1.4690138,1.1266541,1.2958937,81.034836,97.45982,168.4986,168.4986,192,144,0.1,50,0.4340978,118.190605,-9.865633
24440,Reception,1,-3.753648,1.678968,-0.116711594,-3.605975,1.6300088,-0.45012414,-1.713757,1.120527,1.2362082,83.49603,99.91513,161.34961,161.34961,192,144,0.1,50,0.4340978,123.55359,-12.851688
24440,Reception,2,-4.165636,1.6892277,0.20159736,-4.017963,1.6402686,-0.1318152,-1.4309335,1.2567904,1.0367441,64.41838,80.056725,228.58679,228.58679,192,144,0.1,50,0.43409768,106.98207,-8.599928
24440,Reception,3,-3.8987284,1.8230014,0.26828712,-3.7510552,1.7740422,-0.065125436,-1.1544262,1.2717844,0.97335446,88.00104,104.33177,149.11366,149.11366,192,144,0.1,50,0.43409774,104.40882,-11.008853
24441,Conference,0,-3.1649258,1.6155674,-4.5050673,-2.9057171,1.841742,-4.3901505,-1.77953,1.1463277,1.4663062,103.4116,118.73272,113.70068,113.70068,192,144,0.1,50,0.367321,166.93811,-4.3773613
24441,Conference,1,-3.3099024,1.7382128,-5.2560453,-3.0506938,1.9643874,-5.1411285,-1.9878155,1.114182,1.6895235,73.954735,90.22377,191.2516,191.2516,192,144,0.1,50,0.36732095,169.22269,-5.0439205
24441,Conference,2,-3.440712,1.7250537,-4.712133,-3.1815033,1.9512283,-4.597216,-1.6597215,1.1170533,1.230706,95.811584,111.76163,130.08755,130.08755,192,144,0.1,50,0.367321,163.31721,-5.597216
24441,Conference,3,-3.657326,1.7281482,-4.6514316,-3.3981173,1.9543228,-4.5365148,-1.7136228,1.101503,1.73773,81.33229,97.75819,167.61568,167.61568,192,144,0.1,50,0.367321,163.07925,-5.360561
24442,Lounge,0,0.48636723,1.2373847,-4.7137027,-2.380952,1.2373847,-3.7459683,-4.347909,1.55,-3.549757,98.18194,113.96215,124.776436,124.776436,192,144,0.1,50,3.1757696,-103.537415,3.5974398
24442,Lounge,1,0.63683087,1.1697588,-4.962216,-2.2304883,1.1697588,-3.9944816,-4.4856057,1.6656315,-3.700499,101.22684,116.75358,118.226456,118.226456,192,144,0.1,50,3.1757696,-103.83719,5.3697257
24442,Lounge,2,0.932846,1.3530914,-4.98903,-1.934473,1.3530914,-4.0212955,-4.1174417,1.6982228,-3.3109493,79.780525,96.196754,172.28156,172.28156,192,144,0.1,50,3.1757693,-108.380325,3.7105844
24442,Lounge,3,0.8202597,1.1124843,-4.76063,-2.0470595,1.1124843,-3.7928956,-4.528738,1.5833783,-3.841272,97.45069,113.28591,126.39426,126.39426,192,144,0.1,50,3.1757698,-99.75241,4.9586716
24443,Conference,0,-0.6429323,0.801855,-0.3879125,-0.6199175,0.801855,-0.36289805,1.7278115,1.5003787,-3.419596,32.188515,42.08368,499.0875,499.0875,192,144,0.1,50,0.033991225,38.025024,10.287304
24443,Conference,1,0.38639724,0.80024624,0.008927643,0.40941203,0.80024624,0.033942103,1.8694792,1.4547437,-3.5349123,31.190601,40.826054,515.9134,515.9134,192,144,0.1,50,0.033991225,22.709103,9.668566
24443,Conference,2,-0.6786468,0.8972979,-0.09014797,-0.655632,0.8972979,-0.06513351,1.728462,1.3559145,-3.2229676,30.473272,39.919437,528.6718,528.6718,192,144,0.1,50,0.033991225,37.536953,6.621389
24443,Conference,3,-1.2404518,0.9464034,-0.410746,-1.217437,0.9464034,-0.38573155,1.5495645,1.3505061,-3.760883,45.359726,58.252655,344.5832,344.5832,192,144,0.1,50,0.033991225,39.787758,5.2955556
24444,OpenOffice,0,0.7230954,2.252021,0.22898865,2.3280275,2.2196767,-0.19714752,1.3337181,0.97630227,-2.733024,43.199673,55.659115,363.7055,363.7055,192,144,0.1,50,1.711378,11.648415,-22.871141
24444,OpenOffice,1,0.29472,2.0422893,1.1267173,1.899652,2.009945,0.7005811,1.1036081,0.8936128,-2.4472833,29.438086,38.607357,548.1531,548.1531,192,144,0.1,50,1.7113779,12.752659,-17.404629
24444,OpenOffice,2,0.96840423,2.3971844,0.5484313,2.5733364,2.36484,0.12229511,1.1727755,0.887397,-2.3870356,51.833683,65.879715,296.3346,296.3346,192,144,0.1,50,1.7113786,3.9825852,-27.161644
24444,OpenOffice,3,1.9655286,2.4660995,0.7423789,3.5704608,2.4337552,0.31624272,1.6206057,0.95484483,-2.904098,53.53819,67.850555,285.45404,285.45404,192,144,0.1,50,1.7113781,-5.403572,-22.421074
24445,OpenOffice,0,-3.2098005,1.7230569,3.1044383,-3.1882277,1.8195899,2.965871,0.60643417,1.0515531,-1.6727395,50.56799,64.40612,304.85474,304.85474,192,144,0.1,50,0.1742074,38.61951,-6.267365
24445,OpenOffice,1,-2.6645148,1.7736683,3.3332424,-2.642942,1.8702012,3.1946752,0.7028768,0.936947,-1.9820541,35.89124,46.712044,444.62186,444.62186,192,144,0.1,50,0.17420742,32.355423,-7.5746202
24445,OpenOffice,2,-2.2203445,1.3978218,2.8315969,-2.1987715,1.4943547,2.6930296,0.6534637,1.1864336,-1.3253427,65.30037,81.01776,224.73259,224.73259,192,144,0.1,50,0.17420743,34.65719,-2.3952403
24445,OpenOffice,3,-1.331409,1.9357328,1.7277056,-1.3098361,2.032266,1.5891384,0.88425136,1.1375877,-1.9479471,80.70161,97.12506,169.49406,169.49406,192,144,0.1,50,0.17420743,31.081308,-10.534927
24446,Conference,0,5.774778,1.4741254,1.8564389,2.594055,1.4741254,-0.6227312,-0.5412408,0.9914045,-1.6100565,28.867498,37.882298,559.4747,559.4747,192,144,0.1,50,4.032776,-61.24018,-3.8331
24446,Conference,1,6.1878037,1.5788761,2.5601664,3.0070808,1.5788761,0.080996275,-0.20011804,0.9150314,-1.6629903,35.402733,46.10494,451.17447,451.17447,192,144,0.1,50,4.032776,-56.530674,-4.954565
24446,Conference,2,6.163228,1.4680992,1.8103251,2.982505,1.4680992,-0.66884494,-0.4848379,1.0364814,-1.8489959,30.607079,40.08872,526.2476,526.2476,192,144,0.1,50,4.032776,-61.170124,-3.2552967
24446,Conference,3,6.2900343,1.6052423,2.184279,3.109311,1.6052423,-0.29489112,-0.28803483,1.1320148,-1.6343812,28.652514,37.608772,563.8548,563.8548,192,144,0.1,50,4.032776,-59.86424,-3.5601609
24447,Conference,0,7.423324,1.1180613,1.2225728,7.3750324,0.9718515,1.8116872,5.6373296,0.98454964,0.66214204,92.86427,108.990845,136.97542,136.97542,192,144,0.1,50,0.6209136,-72.57856,-4.079751
24447,Conference,1,7.3797426,1.0997391,1.4928608,7.331451,0.9535293,2.0819752,5.403944,0.9353826,0.40120125,81.78883,98.215256,166.27089,166.27089,192,144,0.1,50,0.62091357,-61.078667,-4.1643796
24447,Conference,2,6.7153115,1.396529,2.4291801,6.66702,1.2503191,3.0182943,5.537104,0.86688274,0.9317503,89.81883,106.086205,144.45605,144.45605,192,144,0.1,50,0.6209134,-38.19637,-15.534558
24447,Conference,3,7.0587893,1.5288022,2.5132968,7.0104976,1.3825924,3.1024113,5.6467323,0.8707527,0.8629718,96.64633,112.53937,128.19492,128.19492,192,144,0.1,50,0.6209136,-40.55107,-16.855381
24448,Lounge,0,1.1326618,0.87381107,1.9792781,2.1790519,0.87381107,-0.971483,-1.0183296,0.75,-0.5549277,52.873444,67.08381,289.6199,289.6199,192,144,0.1,50,3.1308024,-40.32404,-2.1331463
24448,Lounge,1,1.3948566,0.8238239,1.9445469,2.4412465,0.8238239,-1.0062141,-1.3109847,0.7506395,-0.2846057,60.324062,75.539635,247.79436,247.79436,192,144,0.1,50,3.1308022,-50.51729,-1.1958865
24448,Lounge,2,0.5178674,1.0413891,1.8061295,1.5642574,1.0413891,-1.1446316,-1.3056134,0.86736786,-0.67197484,71.90341,88.07813,198.55072,198.55072,192,144,0.1,50,3.1308024,-36.34701,-3.2372577
24448,Lounge,3,0.8531896,0.93529475,2.187843,1.8995796,0.93529475,-0.762918,-1.270358,0.7483809,-0.5398495,55.90075,70.55616,271.39142,271.39142,192,144,0.1,50,3.1308024,-37.901268,-3.0950084
24449,Coworking,0,0.7860222,2.2763107,0.71709794,0.79014844,2.2829714,0.6077432,2.6151779,1.0048263,3.6701982,75.16775,91.482056,187.09671,187.09671,192,144,0.1,50,0.13282838,148.22586,-20.104214
24449,Coworking,1,0.63524985,2.3666492,0.47507805,0.6393761,2.3733099,0.3657233,2.6197422,0.9429207,3.9662294,54.182858,68.59184,281.50452,281.50452,192,144,0.1,50,0.13282833,150.3846,-19.5212
24449,Coworking,2,1.311486,2.3174465,0.61568725,1.3156122,2.3241072,0.5063325,2.5983353,0.90934217,3.4675539,89.53885,105.81699,145.1637,145.1637,192,144,0.1,50,0.13282833,155.71365,-24.230234
24449,Coworking,3,-0.1542064,2.369324,1.4604719,-0.15008014,2.3759847,1.3511171,2.8139362,0.8837404,3.779331,84.84674,101.24976,157.571,157.571,192,144,0.1,50,0.13282834,127.9987,-21.524961
24450,Lounge,0,1.2407587,1.4673575,-6.5875397,2.2201333,1.4673575,-4.531938,-1.6375084,0.83751136,-5.250616,95.89308,111.8377,129.90167,129.90167,192,144,0.1,50,2.2769876,-114.91435,-11.225272
24450,Lounge,1,0.84988636,1.3220792,-6.284255,1.8292611,1.3220792,-4.2286534,-1.5634699,0.7267702,-5.005845,85.61063,102.00057,155.47694,155.47694,192,144,0.1,50,2.2769876,-117.911194,-12.296883
24450,Lounge,2,1.0188655,1.6241258,-6.2306437,1.9982401,1.6241258,-4.175042,-1.6468495,0.7732085,-5.23496,104.41402,119.634346,111.66964,111.66964,192,144,0.1,50,2.2769876,-110.4814,-16.648216
24450,Lounge,3,1.5220776,1.5644089,-6.631926,2.5014522,1.5644089,-4.5763245,-1.565394,0.85031843,-5.152128,62.866833,78.35579,235.6008,235.6008,192,144,0.1,50,2.2769876,-115.60799,-11.781161
24451,Studio,0,-2.2542033,1.7422867,-2.0508995,-2.292557,1.5425304,-2.0577965,0.09237009,0.85672235,0.67701185,63.316933,78.850586,233.53436,233.53436,192,144,0.1,50,0.20602581,139.29759,-13.826009
24451,Studio,1,-2.1587844,1.6591339,-1.3266087,-2.197138,1.4593776,-1.3335056,0.20384812,0.8817213,0.9505143,62.061333,77.46753,239.36595,239.36595,192,144,0.1,50,0.20602584,133.94418,-13.32864
24451,Studio,2,-1.6676198,1.6525817,-2.3568573,-1.7059735,1.4528254,-2.3637543,0.4011943,0.9871651,0.8510457,85.31715,101.71246,156.27788,156.27788,192,144,0.1,50,0.20602584,147.18156,-9.888599
24451,Studio,3,-2.8158305,1.7368879,-1.8225741,-2.8541842,1.5371317,-1.8294711,-0.22530398,0.80935264,0.39798394,74.72442,91.02309,188.60187,188.60187,192,144,0.1,50,0.20602584,130.60266,-15.208084
24452,Breakroom,0,1.5821881,1.1834209,-0.7916908,1.5512395,1.3046529,-0.77528507,-1.4373003,1.0489378,-1.3912218,87.95899,104.291,149.2232,149.2232,192,144,0.1,50,0.12655503,-78.76977,-2.5014086
24452,Breakroom,1,1.8914381,1.0704962,-0.70647854,1.8604895,1.1917282,-0.6900728,-1.2579697,0.93149495,-1.5862631,68.37315,84.33275,211.99638,211.99638,192,144,0.1,50,0.12655501,-74.39234,-2.4340775
24452,Breakroom,2,2.1016126,1.124029,-0.7480556,2.070664,1.2452611,-0.7316498,-1.4231522,1.102077,-1.4837098,73.749275,90.00988,191.9669,191.9669,192,144,0.1,50,0.12655501,-78.21102,-0.3493037
24452,Breakroom,3,4.391717,1.7276504,-1.4084485,4.3607683,1.8488824,-1.3920426,-1.4814634,1.030473,-1.2287705,50.891903,64.784065,302.63663,302.63663,192,144,0.1,50,0.12655503,-91.752304,-6.766496
24453,Breakroom,0,8.809845,0.970811,3.8113747,7.4762177,0.970811,2.018918,5.139779,1.424957,2.299648,83.524864,99.94371,161.26793,161.26793,192,144,0.1,50,2.2341583,-67.612885,6.5272255
24453,Breakroom,1,9.295426,0.8771442,3.6680207,7.961799,0.8771442,1.8755641,4.842477,1.5446968,2.548795,61.743607,77.11618,240.8754,240.8754,192,144,0.1,50,2.2341583,-75.89126,8.272289
24453,Breakroom,2,9.095043,0.8913923,3.7769535,7.7614164,0.8913923,1.984497,5.4126015,1.561635,2.0439105,71.94119,88.11786,198.41304,198.41304,192,144,0.1,50,2.2341578,-64.79723,9.3517685
24453,Breakroom,3,9.150834,1.0860401,3.7813475,7.8172073,1.0860401,1.9888909,5.326112,1.3118278,2.2672067,80.3976,96.819145,170.40823,170.40823,192,144,0.1,50,2.2341578,-68.40225,3.141757
24454,Lounge,0,3.1786957,2.0941536,1.2381546,3.3282835,2.2797577,2.1202567,0.9812407,1.012395,-2.0249135,32.260296,42.173977,497.91626,497.91626,192,144,0.1,50,1.174713,-33.957592,-15.374983
24454,Lounge,1,2.8350286,2.0701675,1.2914597,2.9846165,2.2557716,2.1735616,1.1768526,0.93804014,-1.715975,30.770184,40.29496,523.3205,523.3205,192,144,0.1,50,1.1747128,-28.870537,-18.245108
24454,Lounge,2,0.8759117,2.9810472,0.020204663,1.0254996,3.1666512,0.9023067,1.0391076,0.9488075,-2.0320146,47.650578,60.97687,326.1018,326.1018,192,144,0.1,50,1.1747128,4.546686,-44.62944
24454,Lounge,3,2.858424,2.1962576,1.0086874,3.0080118,2.3818617,1.8907894,0.8875543,0.88013226,-2.2619207,31.949368,41.78268,503.02646,503.02646,192,144,0.1,50,1.1747131,-31.073185,-19.01742
24455,Workshop,0,-4.528473,1.5371586,-1.7952821,-4.476295,1.6201768,-1.9744004,-6.436814,1.4728589,2.2156668,91.41802,107.61681,140.4795,140.4795,192,144,0.1,50,0.26930082,-154.5557,-0.8293607
24455,Workshop,1,-4.123287,1.7097892,-1.493553,-4.0711093,1.7928073,-1.6726713,-6.284272,1.5915991,2.371351,91.65419,107.84184,139.90144,139.90144,192,144,0.1,50,0.2693007,-150.78912,-1.5289423
24455,Workshop,2,-3.8538547,1.6507009,-1.1673096,-3.8016768,1.7337191,-1.3464279,-6.6486816,1.3266019,2.3914318,97.029,112.894875,127.33549,127.33549,192,144,0.1,50,0.26930076,-141.856,-4.096755
24455,Workshop,3,-5.118879,1.3156884,-1.9780269,-5.066701,1.3987066,-2.157145,-6.4395256,1.3400064,2.5044115,106.12443,121.16358,108.26684,108.26684,192,144,0.1,50,0.26930067,-163.5836,0.2981646
24456,Library,0,0.95271206,1.5594566,4.579973,2.7449296,1.5594566,5.0286922,-0.8127012,1.0554286,-0.32758266,45.63156,58.57735,342.29852,342.29852,192,144,0.1,50,1.8475368,-19.785368,-5.5200105
24456,Library,1,0.89268047,1.4952325,4.1716814,2.684898,1.4952325,4.6204004,-0.6151668,1.136575,-0.10350135,36.426292,47.375732,437.64,437.64,192,144,0.1,50,1.8475368,-19.427633,-4.523603
24456,Library,2,0.47889924,1.5649129,4.0377164,2.2711167,1.5649129,4.4864354,-0.50347865,1.106494,-0.6313945,54.743313,69.23447,278.14084,278.14084,192,144,0.1,50,1.8475368,-11.881692,-5.4879994
24456,Library,3,0.43808192,1.4590577,4.587994,2.2302995,1.4590577,5.036713,-1.0414729,0.9369185,-0.26799577,35.72084,46.5004,446.88782,446.88782,192,144,0.1,50,1.8475368,-16.945274,-5.8725877
24457,Training,0,-6.06331,1.3001207,3.8872433,-6.0586286,1.1269513,3.8290758,-2.667714,0.96468645,2.2377555,53.982628,68.36185,282.72186,282.72186,192,144,0.1,50,0.18310188,64.09079,-5.0777354
24457,Training,1,-6.4110765,1.6240654,3.0263126,-6.406395,1.450896,2.9681451,-2.325667,0.81921935,2.5840251,60.65729,75.91071,246.14388,246.14388,192,144,0.1,50,0.18310189,83.82121,-11.081701
24457,Training,2,-6.500419,1.1894418,3.5773115,-6.4957376,1.0162724,3.519144,-2.7749002,1.0085899,2.4502375,60.57164,75.815384,246.56654,246.56654,192,144,0.1,50,0.18310189,73.16796,-2.6602979
24457,Training,3,-6.2669325,1.4761136,2.8278894,-6.262251,1.3029442,2.769722,-2.559585,1.0858178,2.1755617,46.68455,59.831448,333.6863,333.6863,192,144,0.1,50,0.18310188,80.02065,-5.919475
24458,Library,0,1.9982798,0.8890121,1.141355,2.0327504,0.8890935,1.1718615,1.049059,1.5105698,-2.3311872,53.088703,67.33236,288.2603,288.2603,192,144,0.1,50,0.054646473,-15.288342,9.795982
24458,Library,1,1.584552,0.9319398,1.5187503,1.6190226,0.9320212,1.5492568,1.0187626,1.5598391,-2.1084402,44.75734,57.53179,349.7397,349.7397,192,144,0.1,50,0.054646485,-8.8658695,9.705987
24458,Library,2,2.080708,0.9331796,0.9082414,2.1151786,0.93326104,0.9387479,1.0099142,1.4370458,-1.9884611,67.041145,82.90207,217.39061,217.39061,192,144,0.1,50,0.05464647,-20.287317,9.266401
24458,Library,3,2.1650925,0.8990825,1.4604883,2.199563,0.8991639,1.4909947,0.822182,1.4482626,-2.588383,55.45281,70.04552,273.97275,273.97275,192,144,0.1,50,0.0546464,-18.349407,7.3359776
24459,Reception,0,1.5147796,2.8884757,1.4956393,2.058745,2.7861388,-0.94206333,3.931908,0.9789297,-1.761082,33.39051,43.592823,480.12146,480.12146,192,144,0.1,50,3.0965123,36.582687,-25.212446
24459,Reception,1,1.9413886,2.8600426,1.3373985,2.485354,2.7577057,-1.1003041,3.9272463,1.0531774,-1.9100277,43.520958,56.046387,360.74713,360.74713,192,144,0.1,50,3.0965128,31.446512,-25.39273
24459,Reception,2,1.7471335,2.879233,1.6145415,2.2910988,2.776896,-0.82316107,4.0179667,0.8681636,-1.5657396,48.25928,61.696095,321.46976,321.46976,192,144,0.1,50,3.0965123,35.52818,-27.23171
24459,Reception,3,1.0795237,2.6294088,0.7214351,1.623489,2.527072,-1.7162676,3.876313,0.8762688,-1.8088629,45.410065,58.312817,344.15817,344.15817,192,144,0.1,50,3.0965123,47.863873,-24.930664
24460,Studio,0,-5.194063,1.7512496,0.67109907,-5.095993,1.5350256,0.6184702,0.20822883,1.0907243,0.5733912,70.169624,86.24708,205.00679,205.00679,192,144,0.1,50,0.26508066,88.963844,-6.9696884
24460,Studio,1,-5.5759525,1.8077468,0.98196834,-5.4778824,1.5915228,0.92933947,-0.027100906,1.0485073,0.5319569,43.14834,55.597187,364.1821,364.1821,192,144,0.1,50,0.26508075,85.363464,-7.7661114
24460,Studio,2,-4.947877,1.7675985,0.7892272,-4.849807,1.5513746,0.7365983,0.24082878,0.9758322,0.39800835,69.2292,85.24713,208.62613,208.62613,192,144,0.1,50,0.2650807,85.68816,-8.651891
24460,Studio,3,-5.4636536,1.7466741,0.37060514,-5.3655834,1.5304501,0.31797627,0.52795017,1.183501,0.38626418,55.594784,70.20749,273.15045,273.15045,192,144,0.1,50,0.2650807,90.14974,-5.3696485
24461,Conference,0,-2.8298457,1.50346,1.3982008,-2.7958932,1.5374413,1.3893714,1.6597595,0.96738243,0.3088827,56.70058,71.46522,266.8756,266.8756,192,144,0.1,50,0.04981981,76.36181,-6.6188564
24461,Conference,1,-3.0904522,1.5469352,1.2971529,-3.0564997,1.5809164,1.2883235,1.3401606,0.9799502,0.2877922,38.68454,50.162125,410.22903,410.22903,192,144,0.1,50,0.04981979,77.16618,-7.1122103
24461,Conference,2,-2.4766243,1.4103265,1.2112801,-2.4426718,1.4443077,1.2024508,1.9832227,0.83367413,0.6491369,85.114624,101.51339,156.83319,156.83319,192,144,0.1,50,0.0498198,82.81602,-7.310186
24461,Conference,3,-2.7041805,1.3522841,1.8206306,-2.670228,1.3862653,1.8118012,1.8676647,0.89598006,0.6274018,63.0382,78.544304,234.8109,234.8109,192,144,0.1,50,0.049819797,75.3724,-5.5160866
24462,Workshop,0,4.231559,1.3237102,-0.59347534,4.5606804,1.4079156,-0.27688026,2.4180124,0.90897256,0.10451862,30.707533,40.215755,524.4412,524.4412,192,144,0.1,50,0.5337434,-111.05061,-12.0477
24462,Workshop,1,4.4797287,1.2928101,-0.6019662,4.8088503,1.3770155,-0.28537112,2.635538,1.0386999,-0.2140868,36.927795,47.9966,431.2735,431.2735,192,144,0.1,50,0.53374344,-101.87762,-7.6794114
24462,Workshop,2,3.8948605,1.3795803,-0.59644496,4.223982,1.4637856,-0.27984992,2.3523915,1.0147848,0.44776857,55.651424,70.27207,272.82346,272.82346,192,144,0.1,50,0.53374326,-124.09704,-11.080785
24462,Workshop,3,3.895899,1.2009119,-0.7752786,4.225021,1.2851173,-0.45868355,2.7091265,0.964095,0.2915879,35.306545,45.985275,452.48535,452.48535,192,144,0.1,50,0.5337436,-131.95442,-8.441003
24463,Reception,0,-1.0891426,0.93738896,2.869986,-0.96968484,1.0844674,2.9412074,-3.0396886,1.2521316,-1.1831943,74.06757,90.34115,190.86017,190.86017,192,144,0.1,50,0.21174498,-25.698647,4.002597
24463,Reception,1,-0.5601318,0.75853837,2.1165726,-0.44067407,0.9056168,2.187794,-3.0334175,1.1482719,-1.2946768,96.64762,112.540565,128.19202,128.19202,192,144,0.1,50,0.21174505,-35.943542,5.2845893
24463,Reception,2,-2.1007676,1.2543397,2.937276,-1.9813099,1.4014181,3.0084972,-2.7496774,1.2408308,-1.3491894,89.16156,105.45365,146.12279,146.12279,192,144,0.1,50,0.21174487,-8.608401,-0.1785345
24463,Reception,3,-0.90965444,0.8457344,2.6278818,-0.7901967,0.9928129,2.699103,-3.217423,1.2276205,-1.1771053,57.463535,72.32912,262.6755,262.6755,192,144,0.1,50,0.21174498,-31.237297,4.9047894
24464,OpenOffice,0,2.757461,2.0775099,-2.9164705,2.7710826,2.2424588,-2.8402672,5.0109887,0.9795307,-3.4982362,100.07571,115.70286,120.66831,120.66831,192,144,0.1,50,0.19410889,75.5247,-25.25607
24464,OpenOffice,1,3.7036228,2.0801694,-2.711083,3.7172441,2.2451184,-2.6348796,5.3344197,0.93092865,-3.6411552,104.95162,120.11624,110.591705,110.591705,192,144,0.1,50,0.19410886,60.303127,-31.473024
24464,OpenOffice,2,3.6309392,2.0583963,-2.3525558,3.6445608,2.2233453,-2.2763524,5.0456486,0.8740692,-3.6223135,99.73099,115.38713,121.407555,121.407555,192,144,0.1,50,0.19410886,48.090763,-31.923403
24464,OpenOffice,3,2.9514432,2.065016,-3.1550846,2.9650648,2.229965,-3.0788813,5.2649674,0.92727005,-3.2706187,101.514725,117.01547,117.622086,117.622086,192,144,0.1,50,0.19410887,87.141106,-26.15881
24465,Reception,0,-2.3776953,1.5390632,-1.3574337,-2.258649,1.4756083,-1.3557489,0.85990745,1.0054474,0.00070856884,31.915268,41.739742,503.59277,503.59277,192,144,0.1,50,0.16896826,112.75757,-8.642078
24465,Reception,1,-2.5141437,1.5094354,-1.0479653,-2.3950975,1.4459805,-1.0462805,1.0971938,0.8968495,-0.25015056,28.400585,37.288013,569.07025,569.07025,192,144,0.1,50,0.16896823,102.457664,-9.404785
24465,Reception,2,-3.1619241,1.5401636,-1.7363437,-3.042878,1.4767088,-1.734659,1.1060636,1.0334544,0.21111889,36.163292,47.049667,441.04694,441.04694,192,144,0.1,50,0.16896826,114.52699,-6.1646366
24465,Reception,3,-1.7233176,1.6642284,-1.2389861,-1.6042714,1.6007736,-1.2373013,1.1046938,0.9066298,0.19115277,34.84717,45.413177,458.84256,458.84256,192,144,0.1,50,0.16896823,116.82595,-13.444848
24466,Training,0,0.1524725,1.5599269,-4.899461,0.15816642,1.6951206,-4.94784,0.25623918,1.0803393,0.13955641,76.30821,92.65802,183.29327,183.29327,192,144,0.1,50,0.15063457,178.8203,-5.4355936
24466,Training,1,-1.4358736,1.8680619,-7.0612593,-1.4301797,2.0032556,-7.109638,0.13267677,0.96226895,0.035598755,53.455822,67.755684,285.965,285.965,192,144,0.1,50,0.15063441,167.53682,-7.103875
24466,Training,2,0.23556879,1.6456611,-5.3574533,0.24126272,1.7808548,-5.405833,-0.026959151,1.1539574,-0.20440748,69.91945,85.981544,205.96129,205.96129,192,144,0.1,50,0.15063457,-177.08351,-5.4436445
24466,Training,3,-0.46012664,1.2927599,-5.4842606,-0.45443273,1.4279536,-5.5326395,0.3764861,0.99237245,0.31601438,76.39973,92.75208,182.99228,182.99228,192,144,0.1,50,0.15063442,171.79245,-2.9343014
24467,Lounge,0,-0.32761598,1.2685192,-1.9761419,-0.40038058,1.4341134,-1.9348991,-0.6189376,1.2864745,0.5301521,67.16013,83.03025,216.90111,216.90111,192,144,0.1,50,0.18888184,-173.36992,0.40771982
24467,Lounge,1,-0.20825183,1.1178308,-1.4251088,-0.28101644,1.283425,-1.383866,-0.3710899,1.322228,0.6257847,85.23477,101.63151,156.50348,156.50348,192,144,0.1,50,0.18888187,-175.46033,5.6737084
24467,Lounge,2,-0.43806124,1.3306617,-2.233105,-0.5108258,1.4962559,-2.191862,-0.7999408,1.1572319,0.51472414,82.599075,99.023834,163.91443,163.91443,192,144,0.1,50,0.18888183,-172.49753,-3.5806074
24467,Lounge,3,-0.017435253,1.3723365,-1.633228,-0.09019986,1.5379307,-1.5919851,-0.87546885,1.4078074,0.26052108,62.576984,78.036575,236.9456,236.9456,192,144,0.1,50,0.18888184,-155.62534,0.97742665
24468,Lounge,0,-1.1606324,0.83922255,2.4902098,-2.4587705,0.83922255,0.5223434,1.0648363,0.97596896,-1.9286431,56.92547,71.7202,265.62686,265.62686,192,144,0.1,50,2.4271607,26.731216,1.5831842
24468,Lounge,1,-0.7886287,0.9046419,2.194985,-2.0867667,0.9046419,0.2271184,1.1220281,1.0167923,-2.1924996,55.741566,70.374825,272.30435,272.30435,192,144,0.1,50,2.4271607,23.532108,1.3425181
24468,Lounge,2,-0.041021347,1.2466785,2.1604788,-1.3391595,1.2466785,0.1926125,1.0284584,1.0770578,-1.7420464,87.143684,103.498825,151.36378,151.36378,192,144,0.1,50,2.4271607,15.325536,-2.4003606
24468,Lounge,3,-0.8827778,0.8298774,2.3559465,-2.1809158,0.8298774,0.38808018,0.83428544,1.007393,-1.796307,67.38496,83.27226,215.98033,215.98033,192,144,0.1,50,2.4271605,22.466347,2.2624054
24469,OpenOffice,0,-0.86782026,2.2796533,1.1787755,2.1115909,2.2796533,-0.13173485,1.2563548,0.99480104,3.100617,54.691772,69.17544,278.4475,278.4475,192,144,0.1,50,3.2548928,132.13713,-24.157995
24469,OpenOffice,1,-1.8818177,2.4258137,0.72419095,1.0975934,2.4258137,-0.58631945,1.5064442,1.0646081,3.0772529,53.953663,68.32856,282.89865,282.89865,192,144,0.1,50,3.2548928,124.77901,-18.261536
24469,OpenOffice,2,-0.71860677,2.3802662,0.7082698,2.2608044,2.3802662,-0.6022406,0.9877115,1.0085224,3.006548,37.82188,49.100555,420.3277,420.3277,192,144,0.1,50,3.2548928,143.40858,-25.604702
24469,OpenOffice,3,-2.3006058,2.514871,-1.1962383,0.6788055,2.514871,-2.5067487,1.4551222,1.1194412,2.827348,34.410835,44.86889,465.0332,465.0332,192,144,0.1,50,3.2548928,136.97205,-14.226284
24470,Breakroom,0,2.046605,1.4983714,-4.548791,2.530748,1.4763403,-4.576109,-3.4251962,1.4255612,-1.1802249,70.90341,87.02401,202.24092,202.24092,192,144,0.1,50,0.48544505,-121.61741,-0.6492097
24470,Breakroom,1,1.7638018,1.4552181,-4.6077185,2.2479446,1.433187,-4.6350365,-3.2569568,1.4286355,-1.15026,87.804665,104.141304,149.62595,149.62595,192,144,0.1,50,0.48544505,-124.552574,-0.24984322
24470,Breakroom,2,1.559923,1.4937868,-4.5972037,2.044066,1.4717557,-4.6245217,-3.210623,1.3497362,-0.9536903,96.07678,112.00905,129.48358,129.48358,192,144,0.1,50,0.4854452,-127.37086,-1.3746823
24470,Breakroom,3,2.0004985,1.5996498,-4.139731,2.4846413,1.5776187,-4.167049,-3.4728441,1.294912,-0.9891175,97.22829,113.07977,126.88991,126.88991,192,144,0.1,50,0.48544508,-119.925964,-2.7625728
24471,Workshop,0,2.7220297,1.679498,-3.9750142,2.66134,1.861921,-4.0057797,-2.55085,0.97644895,-3.0798354,46.107048,59.144356,338.36356,338.36356,192,144,0.1,50,0.19517279,-99.63526,-7.488714
24471,Workshop,1,2.6206498,1.7701893,-3.6859913,2.5599601,1.9526123,-3.7167568,-2.5428429,0.94937265,-2.8809144,64.30308,79.93077,229.09764,229.09764,192,144,0.1,50,0.1951728,-98.86204,-8.926386
24471,Workshop,2,2.7743223,1.5802603,-3.697124,2.7136326,1.7626833,-3.7278895,-2.3068154,0.98602146,-3.1098583,54.048634,68.43769,282.31964,282.31964,192,144,0.1,50,0.1951728,-96.59286,-6.6267204
24471,Workshop,3,1.927573,1.9735024,-4.3906956,1.8668833,2.1559253,-4.421461,-2.5617747,0.88778776,-3.3660803,42.791374,55.1662,367.52612,367.52612,192,144,0.1,50,0.19517273,-102.85655,-13.266868
24472,Library,0,2.421421,1.3443106,-0.6277393,0.38492918,1.3443106,-1.8728342,-3.3277583,1.55,-1.7112126,49.451797,63.09944,312.7061,312.7061,192,144,0.1,50,2.3869562,-79.327385,2.0135908
24472,Library,1,2.0811827,1.4491193,-0.6350432,0.044690937,1.4491193,-1.8801382,-3.6707177,1.4061798,-1.6712644,80.3976,96.819145,170.40823,170.40823,192,144,0.1,50,2.3869565,-79.787544,-0.42094493
24472,Library,2,2.7044852,1.3230392,-0.57211137,0.6679934,1.3230392,-1.8172063,-3.5230644,1.6988692,-1.7896463,60.918907,76.20162,244.85956,244.85956,192,144,0.1,50,2.3869562,-78.93776,3.389569
24472,Library,3,2.540382,1.4160466,-0.33206567,0.5038901,1.4160466,-1.5771606,-3.6141355,1.5135309,-1.3792642,50.03338,63.781105,308.57428,308.57428,192,144,0.1,50,2.3869562,-80.34354,0.89460284
24473,Training,0,-4.8474216,0.99878055,-8.127064,-4.8486085,1.2168133,-8.180529,1.9761045,0.99126166,-4.56534,42.647068,54.99179,368.8931,368.8931,192,144,0.1,50,0.22566934,117.56352,-0.05596869
24473,Training,1,-4.487488,0.9131284,-8.141787,-4.4886746,1.1311612,-8.195251,1.7964263,1.1025525,-4.760848,46.674797,59.81985,333.7644,333.7644,192,144,0.1,50,0.22566937,118.28161,1.5206141
24473,Training,2,-5.2985334,1.3938997,-6.272622,-5.299721,1.6119324,-6.326087,1.7333918,1.1059189,-4.557008,55.85465,70.503654,271.65533,271.65533,192,144,0.1,50,0.2256693,103.71089,-2.2783873
24473,Training,3,-5.057587,0.9463429,-7.8865314,-5.058774,1.1643757,-7.9399962,1.9844193,0.9094306,-4.267502,36.412712,47.3589,437.8148,437.8148,192,144,0.1,50,0.22566938,117.19955,-0.26711643
24474,Workshop,0,-5.230198,1.0446398,3.1988878,-4.917587,1.055989,3.0220857,3.4537733,1.2189544,0.53892535,38.092705,49.43421,417.10986,417.10986,192,144,0.1,50,0.44658166,72.9698,1.0995399
24474,Workshop,1,-4.7724276,1.1017653,2.8828561,-4.4598165,1.1131145,2.706054,3.2494297,1.0897765,0.58784837,69.66392,85.70996,206.94244,206.94244,192,144,0.1,50,0.44658166,74.03448,-0.0823262
24474,Workshop,2,-5.616197,0.9546311,3.6196146,-5.303586,0.9659803,3.4428124,3.741188,1.1623836,0.7917994,29.927462,39.228176,538.77936,538.77936,192,144,0.1,50,0.4465815,73.18511,1.2175078
24474,Workshop,3,-4.9164405,1.2648379,2.6764734,-4.6038294,1.2761871,2.4996712,3.4814377,1.2073097,0.3281839,43.8155,56.400955,358.07132,358.07132,192,144,0.1,50,0.4465816,74.37747,-0.3779888
24475,Library,0,-2.1087475,1.4891388,0.3494687,-2.157023,1.5073024,0.35455,-2.3423448,0.75,-1.9241836,29.544247,38.742123,546.0938,546.0938,192,144,0.1,50,0.05301193,-5.866042,-17.920506
24475,Library,1,-1.8186145,1.4834118,0.49366006,-1.86689,1.5015754,0.49874136,-2.1596143,0.75097156,-2.080081,36.04812,46.906776,442.554,442.554,192,144,0.1,50,0.053012,-7.5472693,-15.75464
24475,Library,2,-2.4355912,1.4737246,0.28725135,-2.4838667,1.4918882,0.29233265,-2.4806983,0.6380973,-2.220427,44.674522,57.432533,350.45892,350.45892,192,144,0.1,50,0.05301192,-1.0305026,-18.42671
24475,Library,3,-1.9727972,1.466982,0.07248983,-2.0210726,1.4851456,0.077571124,-2.410493,0.7004096,-1.729717,28.623573,37.571938,564.44934,564.44934,192,144,0.1,50,0.053011943,-13.650928,-22.457096
24476,Library,0,-0.32197022,1.4570875,0.43629265,-0.30640498,1.5312986,0.40958315,-1.5759485,1.2177861,2.4733582,75.306984,91.626,186.62712,186.62712,192,144,0.1,50,0.08296663,-148.38434,-5.7127833
24476,Library,1,-1.2836386,1.5429387,0.34425724,-1.2680733,1.6171498,0.31754774,-1.9053526,1.2139012,2.4603574,103.29373,118.62644,113.941345,113.941345,192,144,0.1,50,0.08296662,-163.62712,-8.485192
24476,Library,2,0.1270679,1.4882814,0.3715646,0.14263314,1.5624925,0.3448551,-1.6858716,1.1619006,2.7445507,68.873535,84.86772,210.01744,210.01744,192,144,0.1,50,0.082966626,-142.62051,-6.237314
24476,Library,3,0.104855895,1.2953304,0.5599725,0.12042114,1.3695415,0.533263,-1.6631937,1.169117,2.470819,58.54521,73.548416,256.8927,256.8927,192,144,0.1,50,0.082966626,-137.22284,-2.7756126
24477,Studio,0,0.8217199,1.183771,3.0429754,-1.4916303,1.183771,0.975337,1.4720043,0.9852457,1.1415582,80.44395,96.865814,170.2685,170.2685,192,144,0.1,50,3.1026952,18.88068,-5.6420193
24477,Studio,1,0.53119725,1.2511,2.9636848,-1.7821529,1.2511,0.89604646,1.6090086,0.9083099,0.92687887,93.84396,109.9162,134.64922,134.64922,192,144,0.1,50,3.1026952,27.886333,-8.46097
24477,Studio,2,0.5113889,1.1603626,3.1571844,-1.8019613,1.1603626,1.0895458,1.764628,1.0442412,1.1483188,83.720184,100.13723,160.7157,160.7157,192,144,0.1,50,3.1026952,31.958149,-2.8077261
24477,Studio,3,1.0773965,1.1190989,3.1634083,-1.2359537,1.1190989,1.0957699,1.7806588,0.9191422,0.9535719,98.10302,113.88928,124.95019,124.95019,192,144,0.1,50,3.1026952,17.653246,-4.9280744
24478,Reception,0,1.7169389,0.82643694,0.28662753,1.8432906,0.9433266,0.7639619,0.30861533,0.94030005,1.9878716,75.37336,91.694565,186.4038,186.4038,192,144,0.1,50,0.5213101,-140.38138,2.9513311
24478,Reception,1,1.9623814,0.7040867,-2.467243,2.0887332,0.8209764,-1.9899086,0.12712829,0.80765486,2.325231,34.493565,44.972157,463.84778,463.84778,192,144,0.1,50,0.5213102,-159.04591,1.1561527
24478,Reception,2,1.6774919,0.8807285,0.99267536,1.8038436,0.99761814,1.4700098,0.1609963,0.9035882,2.2647321,98.15564,113.937874,124.83432,124.83432,192,144,0.1,50,0.52131027,-129.99037,0.6616796
24478,Reception,3,1.897513,0.9187959,-0.5034669,2.0238647,1.0356855,-0.026132524,0.65603304,0.9892869,2.0310223,45.759926,58.73053,341.2286,341.2286,192,144,0.1,50,0.52131015,-153.9028,1.4307896
24479,Lounge,0,2.5494556,2.0860507,-2.4623551,2.592826,1.8680241,-2.4543705,0.95364255,1.280808,3.4092722,46.442337,59.54348,335.63467,335.63467,192,144,0.1,50,0.22256458,-164.79521,-7.538752
24479,Lounge,1,2.7025106,2.0656123,-2.7872586,2.7458808,1.8475857,-2.779274,1.2125577,1.3741192,3.6010966,48.476402,61.952168,319.84402,319.84402,192,144,0.1,50,0.22256458,-166.87161,-6.017535
24479,Lounge,2,1.9530616,2.1114924,-2.8951595,1.9964318,1.8934658,-2.8871748,0.9465588,1.4044186,3.367212,59.616085,74.749214,251.35635,251.35635,192,144,0.1,50,0.22256456,-170.86938,-6.360937
24479,Lounge,3,1.0648856,1.7750458,-2.76534,1.1082559,1.5570191,-2.7573555,0.7762503,1.3392888,3.510972,51.92777,65.988914,295.7167,295.7167,192,144,0.1,50,0.22256453,-177.36694,-3.967425
24480,OpenOffice,0,-1.353374,1.6265755,0.1638043,-1.3901532,1.7792469,0.22058399,-0.34106857,1.4137601,-2.843186,90.1703,106.42362,143.57263,143.57263,192,144,0.1,50,0.17556359,18.605844,-3.8373458
24480,OpenOffice,1,-1.6714289,1.7692957,1.3759127,-1.7082081,1.9219671,1.4326924,-0.65978336,1.3673679,-2.6676247,76.77977,93.142265,181.7487,181.7487,192,144,0.1,50,0.17556365,14.046396,-5.5078855
24480,OpenOffice,2,-1.4759613,1.578491,0.5057137,-1.5127405,1.7311624,0.5624934,-0.33262077,1.3044451,-2.732407,97.84859,113.65415,125.511734,125.511734,192,144,0.1,50,0.17556354,19.447498,-4.562687
24480,OpenOffice,3,-0.91715217,1.9560006,1.2417943,-0.95393133,2.108672,1.2985741,-0.25352418,1.4161922,-2.9108267,48.780838,62.3108,317.58737,317.58737,192,144,0.1,50,0.1755635,9.07963,-7.314681
24481,Training,0,0.79523134,1.4861208,-2.6126952,0.75657874,1.5584271,-2.61219,-2.297553,1.2151012,1.6331283,98.1592,113.941154,124.82648,124.82648,192,144,0.1,50,0.08591682,-143.92929,-2.9535491
24481,Training,1,2.324791,1.324107,-2.0695934,2.2861383,1.3964133,-2.0690885,-2.3138473,1.0805646,1.3075354,96.94736,112.81908,127.51842,127.51842,192,144,0.1,50,0.0859169,-126.05624,-2.4304898
24481,Training,2,0.57495594,1.5879391,-2.0837889,0.53630334,1.6602454,-2.0832837,-1.9876955,1.2234354,1.353013,91.971016,108.143326,139.1296,139.1296,192,144,0.1,50,0.0859168,-143.28995,-4.859851
24481,Training,3,2.6900475,1.8582284,-2.7888556,2.6513948,1.9305347,-2.7883503,-2.3141842,1.2940937,1.5834439,57.941593,72.86879,260.09543,260.09543,192,144,0.1,50,0.0859169,-131.14438,-4.8523726
24482,Breakroom,0,-1.0092545,1.2692786,-3.1301503,-2.8876524,1.2692786,0.24698019,-0.9242339,0.97240186,1.2198594,89.8559,106.12183,144.3626,144.3626,192,144,0.1,50,3.9324317,178.88031,-3.9034894
24482,Breakroom,1,-0.7356037,1.358351,-3.2870197,-2.6140018,1.358351,0.09011078,-1.029138,1.0160121,1.3408239,89.059166,105.35492,146.3842,146.3842,192,144,0.1,50,3.9324317,-176.37071,-4.2222233
24482,Breakroom,2,-0.88238674,1.3420405,-3.4760935,-2.7607846,1.3420405,-0.09896296,-1.17132,0.934624,0.871802,88.064186,104.392975,148.94933,148.94933,192,144,0.1,50,3.9324317,-176.19807,-5.3415165
24482,Breakroom,3,-1.0933626,1.3987101,-3.475201,-2.9717605,1.3987101,-0.09807041,-0.894309,1.0322648,1.1509829,66.336044,82.140816,220.32333,220.32333,192,144,0.1,50,3.9324322,177.53622,-4.524839
24483,Studio,0,0.5834203,0.9282307,-0.65358925,0.5003991,0.9282307,-0.7185598,-0.79776025,1.0232818,2.5125184,51.894077,65.94982,295.9377,295.9377,192,144,0.1,50,0.10542147,-156.43127,1.5762151
24483,Studio,1,0.4683304,1.0174861,-0.33318433,0.38530925,1.0174861,-0.39815488,-1.0481973,0.9825249,2.3190992,50.80802,64.68623,303.20853,303.20853,192,144,0.1,50,0.10542147,-150.23987,-0.6556101
24483,Studio,2,-0.36530602,1.4442136,0.639356,-0.44832718,1.4442136,0.57438546,-0.9457196,1.0145438,2.194082,102.43917,117.85422,115.69796,115.69796,192,144,0.1,50,0.10542147,-159.52829,-14.515701
24483,Studio,3,1.6727386,1.1517061,1.3847604,1.5897174,1.1517061,1.3197899,-0.5190102,1.1582911,2.76858,93.97298,110.03772,134.34569,134.34569,192,144,0.1,50,0.10542144,-122.267365,0.14555745
24484,OpenOffice,0,1.1856639,1.7262982,1.0529354,1.3397994,1.4831645,0.820446,-0.91776687,0.99543273,1.7573321,104.02078,119.28113,112.46308,112.46308,192,144,0.1,50,0.40254694,-108.51466,-18.236
24484,OpenOffice,1,1.399414,1.6914078,0.9266758,1.5535494,1.4482741,0.69418645,-0.75978804,0.956942,1.8421702,83.00005,99.42278,162.76224,162.76224,192,144,0.1,50,0.4025469,-112.97678,-17.38895
24484,OpenOffice,2,1.0069579,1.8359741,1.7560334,1.1610934,1.5928404,1.5235441,-0.6766821,0.89877146,1.4103088,98.10908,113.894875,124.93684,124.93684,192,144,0.1,50,0.40254685,-78.39599,-28.602543
24484,OpenOffice,3,2.0800855,1.9657167,1.1199708,2.234221,1.722583,0.88748145,-0.57789266,0.99197197,1.9848735,91.994415,108.16558,139.07274,139.07274,192,144,0.1,50,0.40254697,-108.024826,-19.20673
24485,Library,0,1.5018859,1.7070118,1.9627006,1.9039826,1.7063332,2.1566408,2.071704,0.9994004,0.29343128,98.66632,114.40883,123.714615,123.714615,192,144,0.1,50,0.453051,18.847736,-21.859438
24485,Library,1,-0.19134617,1.919985,1.196416,0.21075058,1.9193064,1.3903562,1.8245733,0.85508335,0.068747744,97.68441,113.5023,125.87522,125.87522,192,144,0.1,50,0.4530511,60.778152,-24.750622
24485,Library,2,0.19102633,1.9546995,1.7694818,0.5931231,1.9540209,1.963422,2.029946,1.1189854,0.64123166,53.343155,67.62584,286.66632,286.66632,192,144,0.1,50,0.453051,58.469234,-21.17451
24485,Library,3,1.3146007,1.7727835,1.7632929,1.7166975,1.772105,1.9572331,1.9702159,0.8976965,0.06907676,88.73954,105.04642,147.20325,147.20325,192,144,0.1,50,0.453051,21.155071,-25.720348
24486,Conference,0,2.5260642,1.658599,0.6164128,-1.7572873,1.658599,0.94437975,0.9245509,0.9809299,2.917176,55.35494,69.9338,274.54184,274.54184,192,144,0.1,50,4.295889,-145.15903,-13.590062
24486,Conference,1,2.5738301,1.6232485,1.0172219,-1.7095212,1.6232485,1.3451889,0.959995,1.1089692,3.0016537,83.13281,99.55469,162.38277,162.38277,192,144,0.1,50,4.295889,-140.88033,-11.368413
24486,Conference,2,2.7588463,1.5662555,0.7668031,-1.524505,1.5662555,1.09477,1.1830338,0.92018545,2.6485133,55.821762,70.4662,271.8438,271.8438,192,144,0.1,50,4.295889,-140.05598,-14.747461
24486,Conference,3,3.0923567,1.6748375,0.56632125,-1.1909946,1.6748375,0.8942882,0.64549136,0.8392234,2.8188112,69.81337,85.86885,206.36783,206.36783,192,144,0.1,50,4.295889,-132.63148,-14.103793
24487,Studio,0,-1.9381169,1.2719594,-0.51652575,-1.9379345,1.4132586,-0.46405628,1.1247483,1.3186853,-2.4991176,77.12356,93.49458,180.63268,180.63268,192,144,0.1,50,0.15141523,57.08503,0.73373234
24487,Studio,1,-2.3928864,1.3021485,-0.3355433,-2.392704,1.4434476,-0.28307384,1.2744186,1.2376237,-2.670912,75.993256,92.33395,184.33395,184.33395,192,144,0.1,50,0.1514152,57.5107,-0.8502586
24487,Studio,2,-1.2745867,1.4196279,-0.07302672,-1.2744043,1.560927,-0.020557255,1.2762575,1.4201027,-2.1503108,80.09356,96.51273,171.32825,171.32825,192,144,0.1,50,0.15141526,50.842297,0.0082697235
24487,Studio,3,-1.4138678,1.5741663,-1.1881654,-1.4136854,1.7154654,-1.1356959,1.1914055,1.3150301,-2.4341493,72.28573,88.47974,197.16327,197.16327,192,144,0.1,50,0.15141524,64.44033,-5.127529
24488,Reception,0,-3.0968146,1.0095019,-0.069122076,-3.9775424,1.0095019,-1.9621706,-5.5660176,1.1851596,3.0386417,55.909,70.56555,271.34424,271.34424,192,144,0.1,50,2.2554684,-141.5319,2.5339324
24488,Reception,1,-3.3178005,1.1453274,0.5456771,-4.1985283,1.1453274,-1.3473713,-5.500996,1.2248074,3.1864393,60.194096,75.394745,248.44254,248.44254,192,144,0.1,50,2.2554684,-140.41846,1.3288281
24488,Reception,2,-3.0666761,0.9905993,-1.0006251,-3.947404,0.9905993,-2.8936737,-5.353857,1.2531152,3.1939943,59.19355,74.27617,253.51907,253.51907,192,144,0.1,50,2.2554686,-151.39789,3.1450431
24488,Reception,3,-2.9737773,0.93257976,0.1556002,-3.854505,0.93257976,-1.7374483,-5.5775213,1.1799693,3.0469751,50.828064,64.70962,303.07172,303.07172,192,144,0.1,50,2.2554684,-137.99629,3.6380076
24489,OpenOffice,0,-5.0138745,2.6452532,0.5214417,-1.5318718,2.6452532,-0.16338283,-3.3272924,1.0593398,-1.217012,81.36518,97.79116,167.51837,167.51837,192,144,0.1,50,3.548708,44.13233,-33.21502
24489,OpenOffice,1,-5.3199153,2.6877246,0.5608493,-1.8379126,2.6877246,-0.12397522,-3.6393502,1.1266078,-0.92180824,99.51419,115.1883,121.8744,121.8744,192,144,0.1,50,3.548708,48.58005,-34.860374
24489,OpenOffice,2,-4.992445,2.8034403,-0.20684218,-1.5104424,2.8034403,-0.8916667,-3.0560536,1.1517079,-0.88607526,76.04106,92.38317,184.17552,184.17552,192,144,0.1,50,3.548708,70.670525,-38.831024
24489,OpenOffice,3,-5.7307153,2.9067717,1.2225537,-2.2487128,2.9067717,0.5377292,-3.547153,0.919514,-1.3251373,86.60476,102.973434,152.79639,152.79639,192,144,0.1,50,3.5487075,40.599056,-30.63646
24490,Conference,0,-1.5904195,1.4700267,-1.2869434,-1.1093953,1.3043537,-2.674458,1.542931,1.4986148,-5.5939717,33.90265,44.233906,472.4379,472.4379,192,144,0.1,50,1.7391503,36.035778,0.30752882
24490,Conference,1,-1.3133354,1.548987,-0.98793447,-0.83231115,1.383314,-2.3754492,1.688931,1.6402184,-5.442831,39.89326,51.643528,396.78635,396.78635,192,144,0.1,50,1.7391505,33.97702,0.9729242
24490,Conference,2,-0.43040717,1.3835087,-1.3898158,0.0506171,1.2178357,-2.7773304,1.3325666,1.5183047,-5.7545333,52.416885,66.55582,292.5378,292.5378,192,144,0.1,50,1.7391506,21.994509,1.6402408
24490,Conference,3,-1.8315954,1.4793683,-1.4810915,-1.3505712,1.3136953,-2.868606,1.336819,1.3961878,-5.5250764,47.712463,61.050083,325.6258,325.6258,192,144,0.1,50,1.7391505,38.07828,-0.9276087
24491,Breakroom,0,0.69545174,1.6941981,4.804942,3.3359482,1.6941981,1.3265464,-3.6692336,0.9863473,-0.9232891,29.896418,39.188824,539.36505,539.36505,192,144,0.1,50,4.3670883,-37.305965,-5.6136117
24491,Breakroom,1,0.9260575,1.6120005,5.083525,3.566554,1.6120005,1.6051297,-3.7123451,0.9183751,-0.9459156,36.19533,47.089405,440.62933,440.62933,192,144,0.1,50,4.367088,-37.57081,-5.209855
24491,Breakroom,2,0.5035556,1.6416982,5.019605,3.144052,1.6416982,1.5412096,-3.5063405,0.9205734,-0.9146427,30.716219,40.226738,524.2856,524.2856,192,144,0.1,50,4.367088,-34.04772,-5.749581
24491,Breakroom,3,0.9767958,1.6910907,4.597022,3.6172922,1.6910907,1.1186266,-3.5333152,1.1052786,-1.2298532,40.947083,52.92928,385.68835,385.68835,192,144,0.1,50,4.367088,-37.740547,-4.5456314
24492,Studio,0,-2.5806003,1.306658,3.6952834,-2.2411563,1.5218148,3.2751274,-1.0201759,0.9966898,-0.39980662,48.947754,62.507214,316.3613,316.3613,192,144,0.1,50,0.6621939,20.859224,-4.0458846
24492,Studio,1,-2.3711522,1.412798,4.1798515,-2.0317082,1.6279548,3.7596955,-0.8273593,1.1278203,-0.09353444,34.04873,44.416553,470.2874,470.2874,192,144,0.1,50,0.6621939,19.862635,-3.5888593
24492,Studio,2,-2.3192415,1.3824613,3.8174174,-1.9797976,1.5976181,3.3972614,-1.1525196,0.85201985,-0.55094385,58.457836,73.45016,257.3526,257.3526,192,144,0.1,50,0.6621938,14.953769,-6.6911144
24492,Studio,3,-2.6130204,1.1976674,4.148582,-2.2735765,1.4128242,3.7284257,-0.85183334,1.125745,-0.5896138,44.43378,57.143818,352.5641,352.5641,192,144,0.1,50,0.6621941,20.390095,-0.8151585
24493,Workshop,0,1.4196081,0.8874136,4.3955708,2.3003423,0.8874136,2.4596043,1.2993876,0.9636552,-3.3232138,86.885254,103.24706,152.04898,152.04898,192,144,0.1,50,2.1268895,-0.8923132,0.56584656
24493,Workshop,1,1.1829677,0.9412811,4.3023987,2.0637019,0.9412811,2.366432,1.20815,1.0628835,-3.5425336,99.297676,114.98954,122.34212,122.34212,192,144,0.1,50,2.1268897,0.1839198,0.88805246
24493,Workshop,2,0.8765355,0.9431683,4.6956697,1.7572696,0.9431683,2.7597034,1.6073446,1.0843569,-2.982303,96.130684,112.059296,129.36113,129.36113,192,144,0.1,50,2.1268892,5.4371796,1.0487425
24493,Workshop,3,1.0212591,0.88665193,4.216913,1.9019933,0.88665193,2.2809465,1.4942122,1.1122488,-3.3749766,74.16888,90.44647,190.50966,190.50966,192,144,0.1,50,2.1268897,3.564757,1.6987809
24494,Training,0,3.9197211,3.1573377,2.0794058,3.9295056,3.0575287,2.1226451,-3.1624122,0.99873954,0.16885643,33.21867,43.377457,482.75113,482.75113,192,144,0.1,50,0.1092151,-74.90269,-16.39783
24494,Training,1,2.4379845,2.5862162,3.3133008,2.447769,2.4864073,3.3565402,-3.4071016,1.0836824,-0.105345115,55.855255,70.50435,271.65186,271.65186,192,144,0.1,50,0.10921512,-59.677692,-12.51085
24494,Training,2,4.1138086,3.2705274,1.8451551,4.1235933,3.1707184,1.8883945,-3.1788263,1.1364166,-0.014567658,47.323185,60.589222,328.63956,328.63956,192,144,0.1,50,0.109215125,-75.69371,-15.831431
24494,Training,3,3.1820123,3.4597964,2.7159283,3.1917968,3.3599875,2.7591677,-3.3884604,1.1200519,0.44072413,57.623356,72.509674,261.80862,261.80862,192,144,0.1,50,0.10921512,-70.90021,-18.597912
24495,Coworking,0,-0.50211,1.5086696,-2.4699554,-0.6704083,1.6683974,-2.4609046,-1.687018,1.0267355,-3.8332677,94.866745,110.877625,132.26007,132.26007,192,144,0.1,50,0.23296641,-40.995186,-14.939143
24495,Coworking,1,-0.14165264,1.448342,-2.3827722,-0.30995095,1.6080698,-2.3737214,-1.4011894,1.1295885,-3.8028016,105.3938,120.51175,109.710915,109.710915,192,144,0.1,50,0.23296638,-41.572365,-9.532725
24495,Coworking,2,-0.08375317,1.6462706,-3.153899,-0.25205147,1.8059984,-3.144848,-1.7276357,0.9415768,-3.9528675,105.51841,120.623085,109.46363,109.46363,192,144,0.1,50,0.2329664,-64.07907,-21.08419
24495,Coworking,3,-0.08467093,1.187946,-3.2921715,-0.25296924,1.3476738,-3.2831206,-1.5716394,1.0568737,-4.0766807,90.73898,106.968346,142.15462,142.15462,192,144,0.1,50,0.23296638,-62.184338,-4.4578876
24496,Conference,0,1.4893985,1.4513209,5.2675405,-0.44792044,1.4513209,5.810546,-0.8339715,1.0367988,-3.9108608,54.968224,69.49186,276.80884,276.80884,192,144,0.1,50,2.011979,-14.205149,-2.5069141
24496,Conference,1,0.79360086,1.2967986,5.267951,-1.143718,1.2967986,5.8109565,-0.76055205,0.9884828,-4.039042,60.39642,75.62026,247.43456,247.43456,192,144,0.1,50,2.0119789,-9.480216,-1.8714676
24496,Conference,2,1.342856,1.94804,3.9298377,-0.5944629,1.94804,4.472843,-0.5722909,1.1139044,-4.24164,52.851368,67.05831,289.7599,289.7599,192,144,0.1,50,2.011979,-13.190322,-5.6757493
24496,Conference,3,1.2895436,1.5189528,5.1132355,-0.6477753,1.5189528,5.656241,-0.58699965,0.9311471,-3.5743642,57.402256,72.25984,263.0091,263.0091,192,144,0.1,50,2.011979,-12.18877,-3.7837508
24497,Reception,0,-1.880486,1.1329937,-0.16091299,-1.7821454,1.1559796,-0.17967452,0.18246564,1.2570884,1.4698496,95.40876,111.38522,131.0098,131.0098,192,144,0.1,50,0.10384873,128.32635,2.7017984
24497,Reception,1,-2.1585498,1.1730566,-0.3255508,-2.0602093,1.1960425,-0.34431234,-0.06075704,1.2579037,1.5012885,96.71277,112.601135,128.04535,128.04535,192,144,0.1,50,0.10384862,131.05063,1.7470627
24497,Reception,2,-1.3722379,0.9341656,-0.6353307,-1.2738972,0.95715153,-0.6540922,0.45527434,1.2921361,1.3383895,89.74331,106.013626,144.64658,144.64658,192,144,0.1,50,0.10384882,137.2027,7.5804496
24497,Reception,3,-1.8590482,1.1925528,0.2319391,-1.7607076,1.2155387,0.21317758,0.5077023,1.1931565,1.6863431,90.67823,106.910225,142.30544,142.30544,192,144,0.1,50,0.10384874,121.57136,0.012451104
24498,Conference,0,2.679469,0.9402051,0.5716958,2.652039,0.9402051,0.6246301,0.24001706,1.061162,-0.3147099,89.76655,106.035965,144.58792,144.58792,192,144,0.1,50,0.059619185,-70.03075,2.6681943
24498,Conference,1,2.2429585,0.9680198,0.5100103,2.2155285,0.9680198,0.5629446,0.18710622,1.1439859,-0.50524354,83.26182,99.68277,162.01498,162.01498,192,144,0.1,50,0.059619185,-63.718185,4.38855
24498,Conference,2,2.3727844,0.8529878,0.6869731,2.3453543,0.8529878,0.7399074,-0.012229383,1.1062107,-0.6276817,99.06294,114.77384,122.85089,122.85089,192,144,0.1,50,0.059619185,-61.135796,5.312219
24498,Conference,3,4.2084312,1.1191312,1.284785,4.1810017,1.1191312,1.3377193,0.51427937,1.0741932,-0.18444598,55.107243,69.650826,275.99048,275.99048,192,144,0.1,50,0.059618965,-68.31139,-0.647612
24499,Workshop,0,-2.1888316,2.6627903,-4.0774527,-1.0430787,2.742477,-3.7740836,0.2469365,0.9990344,-3.5350273,75.83381,92.16968,184.8636,184.8636,192,144,0.1,50,1.2487425,102.554436,-33.692184
24499,Workshop,1,-1.7274504,2.5624053,-3.8976119,-0.58169746,2.642092,-3.5942428,0.51377845,1.0271353,-3.7520163,101.145706,116.67969,118.39725,118.39725,192,144,0.1,50,1.2487423,93.71685,-34.355408
24499,Workshop,2,-2.144921,2.6607738,-4.384863,-0.99916816,2.7404604,-4.081494,0.008778274,1.1046859,-3.2992346,99.51979,115.19345,121.86231,121.86231,192,144,0.1,50,1.2487426,116.75158,-32.829494
24499,Workshop,3,-2.2618845,2.6326346,-3.8092728,-1.1161317,2.7123213,-3.5059037,0.5693295,0.98913556,-3.8788903,89.81157,106.07923,144.47435,144.47435,192,144,0.1,50,1.2487425,88.59142,-30.12734
24500,Coworking,0,0.7024915,1.5472991,2.9817185,1.0050142,1.7219172,2.6169822,-0.5353574,1.452497,-1.0958599,67.038574,82.899284,217.40125,217.40125,192,144,0.1,50,0.5861767,-16.886953,-1.2744541
24500,Coworking,1,0.6962185,1.6086396,2.6549613,0.99874115,1.7832576,2.290225,-0.5178278,1.3287059,-1.4301493,61.856926,77.24156,240.33543,240.33543,192,144,0.1,50,0.5861768,-16.551323,-3.758132
24500,Coworking,2,0.3400965,1.4069661,2.7640736,0.64261913,1.5815841,2.3993373,-0.27691475,1.4136713,-1.3871577,84.6259,101.032166,158.1821,158.1821,192,144,0.1,50,0.58617675,-8.454167,0.09153978
24500,Coworking,3,-0.15603006,1.4473865,2.5490923,0.1464926,1.6220045,2.1843557,-0.36827305,1.4934931,-1.2665116,68.28686,84.24035,212.34024,212.34024,192,144,0.1,50,0.5861769,-3.1837974,0.69124234
24501,Lounge,0,-2.9786508,1.4733183,-0.054741383,-1.8013701,1.4733183,2.390787,-4.35685,0.978159,-1.4403965,63.700737,79.27162,231.793,231.793,192,144,0.1,50,2.7141478,-44.84544,-14.217451
24501,Lounge,1,-2.338029,1.3707231,-0.99846834,-1.1607482,1.3707231,1.4470599,-4.257902,0.88505703,-1.7843953,53.01484,67.24711,288.72568,288.72568,192,144,0.1,50,2.7141478,-67.73757,-13.17628
24501,Lounge,2,-2.501791,1.4798685,0.5417353,-1.3245102,1.4798685,2.9872637,-4.1287036,0.97886485,-1.1392375,70.18795,86.266525,204.93707,204.93707,192,144,0.1,50,2.714148,-44.06371,-12.088117
24501,Lounge,3,-2.268474,1.131195,0.74445546,-1.0911934,1.131195,3.1899838,-4.671028,0.90730643,-1.5430549,57.231823,72.067085,263.94025,263.94025,192,144,0.1,50,2.714148,-46.40514,-3.8610194
24502,OpenOffice,0,3.0348215,1.3435739,6.243536,2.9873285,1.3468055,6.5819345,-1.5202084,0.75,7.505547,70.29354,86.37849,204.53618,204.53618,192,144,0.1,50,0.34533247,-105.48586,-7.157789
24502,OpenOffice,1,3.2397969,1.248616,5.8112907,3.192304,1.2518475,6.149689,-1.8031796,0.8304592,7.2030478,69.94204,86.00554,205.87486,205.87486,192,144,0.1,50,0.34533238,-105.428406,-4.569968
24502,OpenOffice,2,2.2802377,1.4135201,6.1854105,2.2327447,1.4167516,6.523809,-1.5341115,0.65554833,7.294286,99.696594,115.3556,121.481514,121.481514,192,144,0.1,50,0.3453324,-106.209755,-10.803094
24502,OpenOffice,3,2.9815996,1.363177,5.982166,2.9341066,1.3664085,6.3205643,-1.3495178,0.8721359,7.353758,61.84857,77.232315,240.37518,240.37518,192,144,0.1,50,0.34533244,-107.57212,-6.168854
24503,Coworking,0,1.7395955,0.86665916,-0.36343408,1.7595892,0.86600345,-0.33985293,6.119006,0.75,0.7470002,69.256226,85.27595,208.5209,208.5209,192,144,0.1,50,0.039348207,104.22794,-1.479105
24503,Coworking,1,1.2408365,0.7879827,-0.3400553,1.2608302,0.78732693,-0.31647414,6.4072204,0.6967184,0.880767,51.798267,65.8386,296.56772,296.56772,192,144,0.1,50,0.039348196,103.29518,-0.9849075
24503,Coworking,2,1.8086419,1.101663,0.56120986,1.8286355,1.1010073,0.584791,6.207886,0.8520655,0.6772295,97.13141,112.989914,127.10634,127.10634,192,144,0.1,50,0.039348163,91.51069,-3.2461512
24503,Coworking,3,2.190639,0.88541853,-0.082746506,2.2106326,0.8847628,-0.05916536,6.2316265,0.82667226,0.5693605,100.65999,116.236855,119.42381,119.42381,192,144,0.1,50,0.039348174,99.16698,-0.8222488
24504,Breakroom,0,-1.9359155,2.9088097,-1.0399232,-1.9856802,2.7168362,-1.1228426,1.8640052,1.4388182,-2.1187613,49.671135,63.35674,311.13718,311.13718,192,144,0.1,50,0.21700735,74.150185,-20.412264
24504,Breakroom,1,-1.1364172,2.648564,-0.48927003,-1.1861819,2.4565907,-0.5721894,2.1555858,1.534431,-2.3686998,52.307377,66.429,293.24475,293.24475,192,144,0.1,50,0.21700734,60.277622,-16.378637
24504,Breakroom,2,-2.2539864,2.885707,-0.9876827,-2.303751,2.6937335,-1.070602,2.0417368,1.5013798,-1.9168746,33.081417,43.20535,484.87054,484.87054,192,144,0.1,50,0.21700732,77.7946,-17.483007
24504,Breakroom,3,-2.134674,2.9133072,-1.4237533,-2.184439,2.7213337,-1.5066726,2.008922,1.3296431,-1.8954667,41.54958,53.661907,379.5857,379.5857,192,144,0.1,50,0.21700735,83.50532,-20.793911
24505,Conference,0,-6.049226,1.6385031,-0.90364283,-5.871923,1.7376039,-0.8610787,-5.879132,0.9961491,4.9129133,56.798687,71.576485,266.32974,266.32974,192,144,0.1,50,0.20942123,178.32497,-6.2992764
24505,Conference,1,-5.90004,1.5170875,-1.3044171,-5.7227373,1.6161883,-1.261853,-6.015587,1.0726509,5.096971,39.331066,50.955387,402.94,402.94,192,144,0.1,50,0.2094212,-178.96591,-3.9709222
24505,Conference,2,-6.3165474,1.6336908,-1.1701527,-6.1392446,1.7327917,-1.1275885,-5.8754835,0.8791574,4.8069715,37.97785,49.29276,418.4691,418.4691,192,144,0.1,50,0.20942122,175.7797,-7.1754775
24505,Conference,3,-4.6549287,2.0807636,-0.43517998,-4.477626,2.1798644,-0.39261582,-5.825997,1.0043613,4.9706736,58.895588,73.94199,255.06113,255.06113,192,144,0.1,50,0.2094212,-167.7769,-11.012351
24506,Breakroom,0,1.0577731,1.7510742,3.242425,1.1035205,1.7727461,3.141944,-1.1101327,0.99345416,1.1789494,32.143288,42.026775,499.828,499.828,192,144,0.1,50,0.13045537,-46.41377,-14.20517
24506,Breakroom,1,0.36029398,1.9053146,3.0711708,0.40604138,1.9269865,2.9706898,-1.044107,0.9371543,1.4755743,51.670998,65.690796,297.40793,297.40793,192,144,0.1,50,0.13045536,-41.35336,-24.48791
24506,Breakroom,2,1.8766652,1.5573676,3.5494266,1.9224126,1.5790395,3.4489455,-1.4192004,1.018861,0.87227464,37.52324,48.732235,423.92786,423.92786,192,144,0.1,50,0.13045555,-50.91388,-7.2277803
24506,Breakroom,3,1.3365399,1.6145903,3.5751736,1.3822873,1.6362622,3.4746926,-1.0450418,1.0303648,1.2163267,35.887936,46.707935,444.66565,444.66565,192,144,0.1,50,0.13045543,-45.274788,-9.88678
24507,Conference,0,2.930757,1.1404244,4.0531263,-3.3473897,1.1404244,1.885139,0.34509316,0.97456616,-1.6782501,35.324337,46.007412,452.24234,452.24234,192,144,0.1,50,6.716118,-24.282127,-1.5110252
24507,Conference,1,2.5509706,1.1869484,4.3304505,-3.7271762,1.1869484,2.162463,0.044055074,0.88972694,-1.7635376,37.560036,48.77764,423.48126,423.48126,192,144,0.1,50,6.716118,-22.36105,-2.5825992
24507,Conference,2,2.72157,1.185577,4.1904116,-3.5565767,1.185577,2.0224242,0.63289136,0.83854294,-1.824391,29.215681,38.324898,552.5146,552.5146,192,144,0.1,50,6.716118,-19.149883,-3.1197596
24507,Conference,3,3.5973017,1.0934029,4.7949443,-2.680845,1.0934029,2.626957,0.13240696,0.868121,-1.5072483,28.25294,37.09991,572.1692,572.1692,192,144,0.1,50,6.7161174,-28.801641,-1.7941735
24508,Workshop,0,-3.7712154,0.9458599,0.89971936,-1.5690503,0.9458599,1.1124508,6.2855916,0.75,3.9678242,36.59591,47.585846,435.46796,435.46796,192,144,0.1,50,2.2124164,106.96577,-1.0671695
24508,Workshop,1,-5.4471936,1.4670032,0.6964817,-3.2450285,1.4670032,0.9092132,6.6338854,0.811717,4.082045,38.16081,49.518063,416.3076,416.3076,192,144,0.1,50,2.2124164,105.65483,-2.9897637
24508,Workshop,2,-2.8511753,1.1748707,0.09477419,-0.6490102,1.1748707,0.30750567,6.077114,0.7017003,4.3077717,53.36602,67.6522,286.52377,286.52377,192,144,0.1,50,2.2124164,115.261246,-2.7440152
24508,Workshop,3,-4.0721593,0.84148014,1.0924326,-1.8699943,0.84148014,1.3051641,6.3688025,0.7922932,4.2637115,30.895935,40.45389,521.08435,521.08435,192,144,0.1,50,2.2124164,106.89534,-0.2582659
24509,Reception,0,3.9580626,2.2217572,-2.624967,-0.18832016,2.1184738,0.44405365,-0.05304343,1.0090548,-0.83225715,90.362465,106.60787,143.09189,143.09189,192,144,0.1,50,5.168217,-114.08162,-15.430696
24509,Reception,1,4.6279607,2.3989706,-2.5519407,0.48157805,2.2956872,0.51707995,-0.20442139,0.8711223,-1.1156452,96.71163,112.600075,128.0479,128.0479,192,144,0.1,50,5.1682167,-106.55316,-16.860243
24509,Reception,2,4.743183,2.3376472,-1.0920414,0.5968003,2.2343638,1.9769794,-0.2107992,1.106751,-1.0951698,71.22068,87.359024,201.06041,201.06041,192,144,0.1,50,5.168217,-89.96381,-13.95349
24509,Reception,3,3.7108533,2.3156807,-2.4786692,-0.4355294,2.2123973,0.5903516,0.15791932,0.9205395,-1.1545105,86.28229,102.658394,153.66043,153.66043,192,144,0.1,50,5.168217,-110.44015,-20.201057
24510,Lounge,0,-2.2784917,1.7275302,6.3468647,-2.8212583,1.5967586,6.060576,-0.70463204,0.903675,-0.54087996,35.19957,45.85213,453.9514,453.9514,192,144,0.1,50,0.62945205,12.87119,-6.6510124
24510,Lounge,1,-1.9562436,1.6840005,6.397854,-2.4990103,1.5532289,6.111565,-0.77519643,0.8698442,-0.36147192,50.162567,63.932278,307.66867,307.66867,192,144,0.1,50,0.6294523,9.911154,-6.766607
24510,Lounge,2,-0.74916255,1.7301008,5.8623652,-1.2919291,1.5993291,5.5760765,-0.9400526,0.9215373,-0.80870134,31.565891,41.299503,509.46402,509.46402,192,144,0.1,50,0.6294522,-1.63905,-6.9079986
24510,Lounge,3,-1.783246,1.526812,5.9207587,-2.3260126,1.3960403,5.63447,-0.3937054,0.79958904,-0.869467,29.925938,39.22625,538.80804,538.80804,192,144,0.1,50,0.6294523,11.565239,-5.9897895
24511,OpenOffice,0,2.7861278,1.5807961,1.1322503,1.6737761,1.5678978,2.874886,0.63471097,1.0175506,0.6438055,74.34798,90.63254,189.89195,189.89195,192,144,0.1,50,2.3995829,-77.20874,-14.32196
24511,OpenOffice,1,2.6013198,1.6758335,1.3111428,1.4889681,1.6629351,3.0537786,0.30325437,1.0235131,0.9789021,92.31163,108.46693,138.30437,138.30437,192,144,0.1,50,2.3995829,-81.77352,-15.691938
24511,OpenOffice,2,2.420512,1.6014099,0.6118524,1.3081602,1.5885116,2.3544881,0.3204572,1.0384322,0.74822056,78.51125,94.91043,176.21187,176.21187,192,144,0.1,50,2.3995826,-93.71532,-14.976746
24511,OpenOffice,3,2.3188212,1.6796314,1.7367263,1.2064695,1.666733,3.479362,0.80843186,1.0280571,0.75004077,50.550953,64.38623,304.97214,304.97214,192,144,0.1,50,2.3995824,-56.84479,-19.857714
24512,Breakroom,0,1.3479624,1.0503657,2.4913993,1.4238812,0.8135714,2.5440707,-2.4349372,1.0090929,-0.25405663,63.154896,78.672585,234.27524,234.27524,192,144,0.1,50,0.2609901,-54.029568,-0.5059067
24512,Breakroom,1,1.1945387,0.9413671,2.8086147,1.2704575,0.7045728,2.8612862,-2.4162166,1.0501431,-0.19307828,81.9169,98.34328,165.89587,165.89587,192,144,0.1,50,0.2609901,-50.262577,1.3270779
24512,Breakroom,2,1.3985966,1.0113338,2.1872044,1.4745154,0.7745396,2.2398758,-2.6002498,0.89188,-0.35952383,77.55659,93.93746,179.23889,179.23889,192,144,0.1,50,0.26099002,-57.508335,-1.4433299
24512,Breakroom,3,1.0511786,1.2543658,1.7330594,1.1270974,1.0175714,1.7857308,-2.7611747,0.9263187,-0.49511346,92.15665,108.31976,138.67926,138.67926,192,144,0.1,50,0.26099014,-59.69537,-4.248718
24513,Conference,0,2.180131,0.90534973,-0.9366505,2.4292555,0.9663342,-0.9546442,-1.5430362,0.9731649,3.838026,84.10256,100.51556,159.64063,159.64063,192,144,0.1,50,0.28398025,-142.05382,0.64170897
24513,Conference,1,1.8893406,0.83191854,-0.4735958,2.1384652,0.89290303,-0.4915895,-1.2037106,0.9716121,3.5867035,98.996735,114.71296,122.99472,122.99472,192,144,0.1,50,0.28398034,-142.70062,1.5676957
24513,Conference,2,1.8964853,0.97470826,-1.0040756,2.1456099,1.0356928,-1.0220693,-1.7811372,1.0323653,3.992651,73.40796,89.65404,193.16283,193.16283,192,144,0.1,50,0.2839803,-143.6467,0.53244704
24513,Conference,3,2.2565613,0.8151946,-0.65390396,2.5056858,0.8761791,-0.67189765,-1.6313249,0.9204827,3.7798553,83.848206,100.263985,160.35486,160.35486,192,144,0.1,50,0.2839803,-138.75304,1.0228906
24514,Studio,0,0.1903081,2.4973354,-4.462404,0.16354257,2.4858987,-4.5176954,2.8220334,1.3116608,-6.893516,67.85399,83.77627,214.07668,214.07668,192,144,0.1,50,0.06387472,47.26914,-18.311312
24514,Studio,1,-1.0870242,2.0962102,-6.8087635,-1.1137898,2.0847735,-6.8640547,3.1327446,1.3257427,-6.5903897,72.01786,88.19844,198.13405,198.13405,192,144,0.1,50,0.063874334,92.962425,-10.333855
24514,Studio,2,0.05490108,2.4810288,-4.7427564,0.028135553,2.469592,-4.798048,3.1037228,1.2395383,-6.92626,56.281075,70.98887,269.2294,269.2294,192,144,0.1,50,0.06387473,54.390537,-18.31755
24514,Studio,3,-0.94454575,2.2328951,-5.8871603,-0.9713113,2.2214584,-5.9424515,3.1620665,1.2619332,-6.6905584,57.50303,72.37374,262.46088,262.46088,192,144,0.1,50,0.06387435,78.93073,-13.063723
24515,OpenOffice,0,-0.18684268,1.6316198,3.2464914,1.8595483,1.6316198,2.06666,1.3670815,1.2297261,-5.787127,34.81252,45.369984,459.32874,459.32874,192,144,0.1,50,2.3621428,9.760254,-2.5105104
24515,OpenOffice,1,-0.06679447,1.4888645,1.6476125,1.9795965,1.4888645,0.46778095,1.1337452,1.2418747,-5.9210286,34.66588,45.187138,461.39636,461.39636,192,144,0.1,50,2.3621428,9.013179,-1.8460249
24515,OpenOffice,2,-0.28512552,1.5824103,2.7350585,1.7612655,1.5824103,1.555227,1.4076203,1.1581997,-5.697065,29.514498,38.70436,546.66943,546.66943,192,144,0.1,50,2.3621428,11.351227,-2.823814
24515,OpenOffice,3,0.33472705,1.390744,3.848639,2.381118,1.390744,2.6688075,1.1992902,1.1924907,-5.7286005,43.85529,56.448826,357.71243,357.71243,192,144,0.1,50,2.3621428,5.158262,-1.1810784
24516,OpenOffice,0,-3.727106,1.690008,1.152395,-4.1900454,1.6326597,1.1062936,-0.406827,1.4317092,3.3631444,58.06367,73.0064,259.44278,259.44278,192,144,0.1,50,0.5308229,123.65697,-3.7049417
24516,OpenOffice,1,-2.4951,1.6081015,0.8097687,-2.9580393,1.5507531,0.7636672,-0.6489363,1.4733053,3.6108303,94.54941,110.57981,132.99715,132.99715,192,144,0.1,50,0.53082293,146.61134,-2.3009539
24516,OpenOffice,2,-3.4583645,1.6124583,1.2203407,-3.9213037,1.55511,1.1742393,-0.3169745,1.4401616,3.5487654,59.22116,74.30712,253.37688,253.37688,192,144,0.1,50,0.53082293,126.54615,-2.522997
24516,OpenOffice,3,-3.0447767,1.4917717,0.1565882,-3.507716,1.4344233,0.110486746,-0.6083658,1.5039381,3.0653336,49.02115,62.593536,315.82468,315.82468,192,144,0.1,50,0.53082305,140.04993,0.18371648
24517,Training,0,-2.3142164,1.2785823,0.16987824,-0.124528885,1.2785823,1.1028823,2.8554842,1.0380989,-1.1800464,51.323208,65.28642,299.72375,299.72375,192,144,0.1,50,2.380174,75.36556,-2.5770695
24517,Training,1,-3.2490332,1.580755,0.092357494,-1.0593457,1.580755,1.0253615,2.690357,1.0276341,-1.102311,46.71979,59.873318,333.40445,333.40445,192,144,0.1,50,2.380174,78.6271,-5.216582
24517,Training,2,-2.3225121,1.424735,-0.6080803,-0.13282458,1.424735,0.3249237,3.1715195,1.0929335,-0.8921943,44.067898,56.704453,355.80536,355.80536,192,144,0.1,50,2.380174,87.03969,-3.451469
24517,Training,3,-2.3795485,1.3804271,-0.33138442,-0.18986115,1.3804271,0.6016196,3.1665547,0.9341425,-1.118763,72.590065,88.79884,196.06789,196.06789,192,144,0.1,50,2.380174,81.91973,-4.555092
24518,Breakroom,0,-0.44673014,0.9275595,-3.5364957,1.7880421,0.9275595,-1.2636333,-0.69300234,1.007103,-0.6847667,51.131985,65.06382,301.00955,301.00955,192,144,0.1,50,3.1874928,-175.06425,1.5918192
24518,Breakroom,1,-0.7386514,0.8849405,-3.8085248,1.4961208,0.8849405,-1.5356624,-0.58340716,0.95816743,-0.45252976,64.95379,80.640625,226.23601,226.23601,192,144,0.1,50,3.1874928,177.35146,1.2486455
24518,Breakroom,2,-0.87457573,1.077524,-3.569845,1.3601965,1.077524,-1.2969825,-0.6705382,0.9010865,-0.64253795,55.11277,69.65714,275.95804,275.95804,192,144,0.1,50,3.1874928,176.01286,-3.4408846
24518,Breakroom,3,-0.7002559,1.0137063,-4.375502,1.5345163,1.0137063,-2.1026397,-0.49417314,0.8670527,-0.5995209,63.355988,78.89347,233.3563,233.3563,192,144,0.1,50,3.1874928,176.87605,-2.2208652
24519,Lounge,0,-3.431686,2.62326,-0.99716306,-3.434286,2.8622775,-1.0287125,-3.5965095,1.0239049,0.3565283,96.16766,112.09376,129.27719,129.27719,192,144,0.1,50,0.2415289,-173.05792,-49.547462
24519,Lounge,1,-3.7812684,2.5350842,-1.760939,-3.7838686,2.7741017,-1.7924885,-3.9151244,1.0118077,0.050084233,71.97352,88.15183,198.29536,198.29536,192,144,0.1,50,0.2415289,-175.77286,-39.990788
24519,Lounge,2,-3.9397469,2.5557067,-1.5005724,-3.942347,2.7947242,-1.5321219,-3.856427,1.0909865,0.4940509,60.22166,75.42548,248.30482,248.30482,192,144,0.1,50,0.2415289,177.60802,-36.26729
24519,Lounge,3,-3.1502738,2.7285762,-0.8556589,-3.152874,2.9675937,-0.88720834,-3.3120666,0.9363045,0.034972817,89.08128,105.37626,146.3277,146.3277,192,144,0.1,50,0.24152891,-169.70389,-63.203396
24520,Reception,0,1.35199,1.6375823,0.9103202,1.3382859,1.6033819,0.8647084,-1.4914181,0.90469587,2.2085295,31.354885,41.03338,513.07166,513.07166,192,144,0.1,50,0.05868864,-114.539925,-13.195626
24520,Reception,1,1.3297573,1.6319507,0.65070844,1.3160533,1.5977503,0.60509664,-1.6619322,0.78850746,2.0720675,39.339664,50.965923,402.84464,402.84464,192,144,0.1,50,0.05868865,-115.412506,-14.286709
24520,Reception,2,1.6622263,1.8214188,0.45707726,1.6485223,1.7872183,0.41146547,-1.1998655,0.87287,2.1588418,30.542725,40.007317,527.4109,527.4109,192,144,0.1,50,0.058688648,-120.73519,-15.900477
24520,Reception,3,1.5528897,1.5589863,1.1847348,1.5391856,1.5247859,1.139123,-1.592317,0.9333161,1.8896122,33.715286,43.999504,475.2226,475.2226,192,144,0.1,50,0.05868869,-102.63193,-10.985248
24521,Coworking,0,-5.4289165,1.7190084,-4.651278,-3.7954423,1.7190084,-1.6107697,-3.9068108,1.4850354,-6.641532,66.64932,82.47937,219.01357,219.01357,192,144,0.1,50,3.4515111,37.408024,-5.334861
24521,Coworking,1,-5.2208223,1.6668576,-3.8076742,-3.5873482,1.6668576,-0.7671659,-3.952628,1.5051373,-6.356628,55.32448,69.89902,274.71936,274.71936,192,144,0.1,50,3.4515111,26.451965,-3.2511065
24521,Coworking,2,-5.1793795,1.8220243,-4.5147557,-3.5459056,1.8220243,-1.4742477,-3.7678833,1.6231492,-6.869697,76.325836,92.67614,183.23528,183.23528,192,144,0.1,50,3.4515107,30.937475,-4.1430035
24521,Coworking,3,-5.4254947,1.7505729,-5.061462,-3.7920208,1.7505729,-2.0209537,-3.7986577,1.5004467,-6.938557,78.931755,95.3375,174.89807,174.89807,192,144,0.1,50,3.451511,40.914753,-5.7500925
24522,Training,0,4.3176427,1.0703819,-4.6864357,4.318088,1.0831369,-4.481906,2.1694546,0.96415657,-7.0145226,79.86762,96.28473,172.01569,172.01569,192,144,0.1,50,0.22762898,-42.698555,-1.9205948
24522,Training,1,3.8966968,0.9287936,-5.005939,3.8971422,0.94154865,-4.8014092,2.2818387,1.0510079,-6.716775,77.65867,94.04173,178.91222,178.91222,192,144,0.1,50,0.22762889,-43.346935,2.973762
24522,Training,2,3.9442365,1.3018048,-4.0761414,3.944682,1.3145598,-3.8716116,2.3399174,0.9392478,-7.2815566,98.26106,114.03518,124.60246,124.60246,192,144,0.1,50,0.22762881,-26.588089,-5.775609
24522,Training,3,4.2605963,0.8974688,-4.1790376,4.2610416,0.91022384,-3.974508,2.1593838,0.84778565,-6.8993826,63.104725,78.617455,234.5053,234.5053,192,144,0.1,50,0.22762857,-37.682735,-0.82809067
24523,Lounge,0,1.0939,0.93148005,0.73264956,1.1222136,0.93148005,0.7642588,-1.1215038,1.3483874,-2.7265882,68.149414,84.09311,212.8895,212.8895,192,144,0.1,50,0.042435903,-32.636765,5.7951436
24523,Lounge,1,0.12195653,0.82446855,0.5568155,0.15027016,0.82446855,0.58842474,-1.2640218,1.4472958,-2.801195,73.22329,89.461266,193.81387,193.81387,192,144,0.1,50,0.042435903,-22.427797,9.728546
24523,Lounge,2,1.3442947,0.98966104,0.5832219,1.3726083,0.98966104,0.61483115,-0.96203697,1.2604032,-2.6741,88.8371,105.140625,146.95277,146.95277,192,144,0.1,50,0.042435903,-35.300224,3.880745
24523,Lounge,3,1.2526586,1.182879,1.5907402,1.2809722,1.182879,1.6223495,-1.3052855,1.366914,-2.891747,75.37268,91.69387,186.40607,186.40607,192,144,0.1,50,0.042435948,-29.711365,2.0422392
24524,Studio,0,-5.901491,2.037001,1.5248752,-4.7401495,2.0073745,-0.20585167,-5.393441,0.75,-3.1934662,32.625195,42.63267,492.04,492.04,192,144,0.1,50,2.1445403,6.145676,-15.173529
24524,Studio,1,-5.2323413,1.9713562,1.0707254,-4.0709996,1.9417298,-0.6600014,-5.318744,0.8854513,-3.5070565,38.868546,50.388096,408.1308,408.1308,192,144,0.1,50,2.14454,-1.0812951,-13.342307
24524,Studio,2,-5.653128,2.1090558,1.2216829,-4.4917865,2.0794294,-0.50904393,-5.101849,0.69605553,-3.2700424,37.032738,48.126366,429.9624,429.9624,192,144,0.1,50,2.1445403,6.9970407,-17.340225
24524,Studio,3,-5.9954443,1.9391817,1.0874442,-4.8341026,1.9095553,-0.64328265,-5.681444,0.8914815,-3.478104,38.82215,50.331135,408.65805,408.65805,192,144,0.1,50,2.14454,3.9343786,-12.895002
24525,Training,0,0.86327815,1.6906834,2.4127266,0.22731364,1.867411,1.842874,-1.7747511,0.97373384,-0.48614615,42.944252,55.350857,366.0875,366.0875,192,144,0.1,50,0.9829216,-42.302788,-10.3658085
24525,Training,1,1.0187035,1.6485115,1.8382123,0.38273892,1.8252392,1.2683597,-1.8785075,1.0018371,-0.7747737,63.922684,79.51473,230.79454,230.79454,192,144,0.1,50,0.9829216,-47.952797,-9.411276
24525,Training,2,0.80879515,1.7654163,2.071436,0.17283066,1.9421439,1.5015833,-1.8586822,0.95376694,-0.69695336,41.616146,53.74274,378.92184,378.92184,192,144,0.1,50,0.9829216,-43.93648,-11.921505
24525,Training,3,1.9481025,1.3703136,1.8097601,1.312138,1.5470414,1.2399075,-1.7103784,0.89679915,-0.29977933,45.89994,58.89753,340.06802,340.06802,192,144,0.1,50,0.98292154,-60.03155,-6.3975487
24526,Training,0,2.372364,1.4758106,-3.694706,2.0614777,1.2436156,-4.1695805,1.0407016,1.3256849,1.205184,29.044191,38.106968,555.9222,555.9222,192,144,0.1,50,0.71291316,-164.79573,-1.6935223
24526,Training,1,2.3477385,1.6024246,-3.3120582,2.0368521,1.3702295,-3.7869327,0.9736105,1.1844243,1.0069567,45.123837,57.970596,346.58688,346.58688,192,144,0.1,50,0.7129131,-162.35112,-5.269263
24526,Training,2,1.9085362,1.6436651,-3.5588799,1.5976498,1.41147,-4.0337543,0.9583476,1.4637008,1.3684082,41.536182,53.645638,379.71954,379.71954,192,144,0.1,50,0.71291316,-169.08496,-2.0539327
24526,Training,3,2.7038956,1.5558679,-3.2157,2.3930092,1.3236729,-3.6905744,1.0457292,1.4547408,1.3925123,28.073523,36.871216,575.9779,575.9779,192,144,0.1,50,0.7129132,-160.20982,-1.1829259
24527,Library,0,-1.4232717,1.1491752,0.26872516,-3.6321976,1.1491752,1.8733063,1.2953223,0.9694536,5.9642935,67.56678,83.46779,215.2396,215.2396,192,144,0.1,50,3.741939,154.48404,-1.6311693
24527,Library,1,-0.7190032,1.4186438,-0.22938174,-2.9279292,1.4186438,1.3751993,1.120332,0.8847902,5.695982,76.36028,92.71156,183.1219,183.1219,192,144,0.1,50,3.741939,162.75475,-4.917961
24527,Library,2,-1.2757097,1.2850187,-0.10136783,-3.4846356,1.2850187,1.5032133,1.0808607,0.95234776,6.202044,65.48393,81.21723,223.94208,223.94208,192,144,0.1,50,3.741939,159.50142,-2.8300886
24527,Library,3,-1.1019418,1.1320155,0.30619428,-3.3108678,1.1320155,1.9107754,1.6366589,0.94293916,6.092616,71.800865,87.97029,198.92502,198.92502,192,144,0.1,50,3.741939,154.67273,-1.6917403
24528,Lounge,0,-3.7140388,0.9267204,7.574515,-0.26856017,0.8599287,4.9669127,-0.78799546,0.979787,1.7888455,42.66678,55.015617,368.70587,368.70587,192,144,0.1,50,4.501714,26.827541,0.4689485
24528,Lounge,1,-3.9832284,0.9423148,7.5377336,-0.5377499,0.87552315,4.9301314,-0.65733767,0.93667114,1.9476365,38.063835,49.398663,417.45078,417.45078,192,144,0.1,50,4.5017147,30.751005,-0.049711693
24528,Lounge,2,-3.3079634,1.0435301,6.9052415,0.13751522,0.97673845,4.2976394,-1.0467063,0.8372785,1.5071175,50.239716,64.022514,307.12994,307.12994,192,144,0.1,50,4.501715,22.728659,-2.0183241
24528,Lounge,3,-3.1796823,1.0614848,7.5913067,0.26579648,0.99469316,4.9837046,-0.47770432,0.87393105,2.1062582,55.650524,70.27104,272.82867,272.82867,192,144,0.1,50,4.501715,26.225222,-1.7569331
24529,Library,0,-0.56603575,2.5734797,0.07332307,-0.84137315,2.5855951,-0.38045618,-1.4778355,1.0577192,0.82791513,71.50334,87.65704,200.01634,200.01634,192,144,0.1,50,0.5352954,-129.61066,-52.01627
24529,Library,1,0.83412766,2.6010094,0.04394508,0.55879027,2.6131248,-0.40983418,-1.5736998,1.1398963,0.5830303,34.360905,44.80656,465.75125,465.75125,192,144,0.1,50,0.5352953,-102.61976,-30.632244
24529,Library,2,-0.08183518,2.5693955,0.067192145,-0.35717258,2.581511,-0.3865871,-1.6085098,1.1954882,0.9168407,59.644142,74.780594,251.21373,251.21373,192,144,0.1,50,0.5352954,-119.09749,-38.179985
24529,Library,3,-0.2360954,2.339134,0.9798432,-0.51143277,2.3512495,0.5260639,-1.675743,1.0817039,1.0514275,83.037476,99.45997,162.65518,162.65518,192,144,0.1,50,0.5352954,-92.8466,-41.099857
24530,Workshop,0,0.12673998,1.7852385,0.18659139,0.14717205,2.0050516,0.22088951,-2.6778095,0.81011075,-0.18225285,67.722565,83.63517,214.60774,214.60774,192,144,0.1,50,0.22343914,-82.50767,-19.020428
24530,Workshop,1,0.24842021,1.7712253,-0.0317318,0.2688523,1.9910384,0.0025663227,-2.6268108,0.78631693,-0.047766805,61.03675,76.33253,244.28432,244.28432,192,144,0.1,50,0.22343911,-89.680466,-18.908588
24530,Workshop,2,-0.16967812,1.7599263,0.12858923,-0.14924605,1.9797394,0.16288735,-2.774973,0.852824,0.09286827,98.08182,113.86969,124.9969,124.9969,192,144,0.1,50,0.22343914,-89.21447,-19.195244
24530,Workshop,3,-0.18986431,1.7345067,-0.08460009,-0.16943224,1.9543198,-0.05030197,-2.9447808,0.8750453,-0.42278856,88.714325,105.02206,147.26807,147.26807,192,144,0.1,50,0.22343913,-83.00149,-17.2051
24531,Breakroom,0,-4.479684,1.7320199,-3.3201797,-3.8326087,1.7320199,-0.15036821,-0.29148823,0.9778166,-2.9595482,44.62502,57.373188,350.89005,350.89005,192,144,0.1,50,3.2351832,94.92141,-10.171474
24531,Breakroom,1,-4.4219837,1.9131776,-3.9779534,-3.7749085,1.9131776,-0.808142,-0.23557916,1.0674858,-3.1639454,51.086952,65.011375,301.31366,301.31366,192,144,0.1,50,3.2351832,101.00334,-11.21599
24531,Breakroom,2,-4.572184,1.8902167,-3.8493295,-3.925109,1.8902167,-0.6795181,-0.0071230233,1.0345267,-2.9162152,32.227314,42.132492,498.45377,498.45377,192,144,0.1,50,3.235183,101.55232,-10.406195
24531,Breakroom,3,-2.866186,1.3664588,-4.097645,-2.2191107,1.3664588,-0.9278335,0.009381741,0.98722935,-3.2442968,94.17518,110.22804,133.8712,133.8712,192,144,0.1,50,3.235183,106.52869,-7.2056875
24532,Coworking,0,1.7110827,1.1129524,2.7633681,1.2399086,1.1129524,2.6377952,1.1561388,1.1991956,0.071986966,44.674454,57.432453,350.4595,350.4595,192,144,0.1,50,0.48762035,-11.650707,1.7975826
24532,Coworking,1,1.8285451,1.1734345,2.4552221,1.357371,1.1734345,2.3296492,1.3490218,1.2281094,0.054326586,48.23809,61.67109,321.62918,321.62918,192,144,0.1,50,0.48762035,-11.294884,1.2792959
24532,Coworking,2,2.0507016,1.2120317,2.7562969,1.5795274,1.2120317,2.630724,0.93927735,1.2046772,0.026997618,56.312115,71.02414,269.05417,269.05417,192,144,0.1,50,0.48762047,-22.157116,-0.14299023
24532,Coworking,3,1.774199,1.163378,2.1024427,1.3030249,1.163378,1.9768698,1.0826864,1.1058061,-0.14714846,66.37732,82.185455,220.15015,220.15015,192,144,0.1,50,0.48762035,-17.087156,-1.4013181
24533,Workshop,0,-0.20814252,0.96330166,0.67249465,-0.3380198,0.7524283,0.5396131,0.731059,0.9569031,2.052465,90.72294,106.952995,142.19443,142.19443,192,144,0.1,50,0.3017252,145.76099,-0.21962386
24533,Workshop,1,-1.1917051,1.258073,0.5276055,-1.3215823,1.0471996,0.39472395,1.012754,1.106578,2.0891182,92.09237,108.25868,138.83504,138.83504,192,144,0.1,50,0.30172512,125.31157,-3.2097075
24533,Workshop,2,-0.32290447,0.9800775,0.44319367,-0.45278174,0.76920414,0.31031215,0.92362833,0.8494332,2.2610142,64.74487,80.41297,227.14915,227.14915,192,144,0.1,50,0.30172518,145.56042,-3.392052
24533,Workshop,3,0.18021601,0.9582382,0.10681248,0.050338745,0.7473648,-0.026069045,0.64056516,0.989747,2.2609754,96.67532,112.56632,128.12962,128.12962,192,144,0.1,50,0.3017252,167.93723,0.81950086
24534,Reception,0,-3.5130863,1.8708328,-4.796458,-5.2741385,1.8708328,-3.8493407,-2.0721068,1.2329748,0.69778514,49.08361,62.666973,315.36917,315.36917,192,144,0.1,50,1.9995838,165.30399,-6.4073405
24534,Reception,1,-3.2390716,1.916399,-4.9194317,-5.0001235,1.916399,-3.9723146,-2.235732,1.2565998,0.51351285,47.873093,61.240025,324.39566,324.39566,192,144,0.1,50,1.9995836,169.53668,-6.810276
24534,Reception,2,-2.2657247,1.9212509,-4.4985423,-4.026777,1.9212509,-3.5514255,-2.009354,1.3369012,0.752131,54.133686,68.535385,281.8027,281.8027,192,144,0.1,50,1.9995837,177.20468,-6.342847
24534,Reception,3,-2.7646608,1.6387959,-3.651593,-4.525713,1.6387959,-2.7044759,-1.7899889,1.2903855,0.8707684,90.58548,106.821465,142.536,142.536,192,144,0.1,50,1.9995838,167.8375,-4.3069525
24535,Conference,0,-0.7701788,1.7313042,6.2219534,-1.0679901,1.8724391,3.5563364,-2.5656147,0.95539814,2.270918,33.96356,44.310078,471.53903,471.53903,192,144,0.1,50,2.9031174,-24.438074,-10.136613
24535,Conference,1,-0.932989,1.8121593,6.048213,-1.2308003,1.9532943,3.382596,-2.241785,0.83341897,2.504814,35.905914,46.730267,444.42767,444.42767,192,144,0.1,50,2.9031174,-20.272303,-14.526196
24535,Conference,2,-0.971799,1.6298962,5.975007,-1.2696103,1.7710311,3.30939,-2.750129,0.8663574,2.2316823,49.04949,62.626858,315.61786,315.61786,192,144,0.1,50,2.9031174,-25.410849,-10.439099
24535,Conference,3,-0.114665866,1.3075762,4.830613,-0.41247714,1.4487112,2.1649961,-2.687072,1.0044013,1.9559013,37.018757,48.109085,430.13663,430.13663,192,144,0.1,50,2.9031177,-41.823444,-4.4937034
24536,Studio,0,3.5886998,1.6948228,-2.8073134,4.4003816,1.6948228,-0.42358565,3.7869968,1.3267108,5.788559,103.34021,118.668365,113.8464,113.8464,192,144,0.1,50,2.5181313,178.67848,-2.4515002
24536,Studio,1,3.3767622,1.5267696,-3.4605503,4.188444,1.5267696,-1.0768225,3.7138512,1.181792,6.0496244,66.26,82.05855,220.64294,220.64294,192,144,0.1,50,2.5181315,177.96999,-2.076167
24536,Studio,2,3.862421,1.5135844,-3.3048332,4.674103,1.5135844,-0.92110544,4.1284695,1.201736,5.4466033,62.734524,78.210144,236.21326,236.21326,192,144,0.1,50,2.5181313,178.25871,-2.039871
24536,Studio,3,3.8318157,1.6109489,-2.8838682,4.6434975,1.6109489,-0.50014037,3.978719,1.4712368,5.968696,79.904594,96.32205,171.90297,171.90297,192,144,0.1,50,2.5181313,179.0493,-0.90404844
24537,Conference,0,-3.2288563,1.3261498,2.09341,-3.2323022,1.5131624,2.2847495,0.23674071,0.9854524,0.2576934,55.907734,70.56411,271.35147,271.35147,192,144,0.1,50,0.26800716,62.089966,-4.965022
24537,Conference,1,-2.4240212,1.1750526,1.7811366,-2.427467,1.3620652,1.9724761,0.36351538,1.0512186,-0.013117522,93.415306,109.51185,135.66243,135.66243,192,144,0.1,50,0.26800713,57.231827,-2.1392798
24537,Conference,2,-2.812099,1.4746399,1.8520067,-2.815545,1.6616523,2.0433462,0.13684297,0.8721705,0.4963782,78.88839,95.293495,175.03304,175.03304,192,144,0.1,50,0.268007,65.31176,-10.51589
24537,Conference,3,-3.2009027,1.5563775,0.6834115,-3.2043486,1.7433901,0.874751,0.024678618,0.9781772,0.48842016,77.42093,93.79882,179.67413,179.67413,192,144,0.1,50,0.26800716,86.540596,-10.144466
24538,OpenOffice,0,4.969288,0.83939916,1.7352295,6.323125,0.83939916,4.274589,4.6114216,1.2703063,-0.37747258,79.28383,95.69437,173.80707,173.80707,192,144,0.1,50,4.0485387,-9.613959,11.370282
24538,OpenOffice,1,4.705178,0.8735747,1.7212772,6.059015,0.8735747,4.260637,4.590535,1.2323947,-0.4141665,83.56754,99.98601,161.14708,161.14708,192,144,0.1,50,4.0485387,-3.0730095,9.524879
24538,OpenOffice,2,4.923293,0.94981974,2.0567584,6.27713,0.94981974,4.596118,4.3981504,1.3390133,-0.6645244,61.071495,76.37111,244.11508,244.11508,192,144,0.1,50,4.0485387,-10.922456,7.993637
24538,OpenOffice,3,4.6528206,0.71926,2.1293688,6.0066576,0.71926,4.6687284,4.3865566,1.3489008,-0.6039159,71.876625,88.04997,198.6484,198.6484,192,144,0.1,50,4.048538,-5.5639343,12.913317
24539,Studio,0,-1.0806079,2.5588644,-3.9935777,-1.8350117,2.5588644,-2.080081,2.7775078,1.2849576,-1.7285227,34.837444,45.40106,458.9789,458.9789,192,144,0.1,50,2.056841,120.4167,-15.893967
24539,Studio,1,-1.4211566,2.6811597,-4.078615,-2.1755605,2.6811597,-2.1651185,2.8173108,1.1911926,-1.8270564,38.466236,49.893826,412.74335,412.74335,192,144,0.1,50,2.056841,117.978134,-17.246927
24539,Studio,2,-0.16662633,2.626653,-3.3433046,-0.92103016,2.626653,-1.4298078,2.9159272,1.1900554,-1.7015194,49.03418,62.608856,315.72955,315.72955,192,144,0.1,50,2.0568411,118.040016,-22.35919
24539,Studio,3,0.010808229,2.5780327,-4.071824,-0.7435956,2.5780327,-2.1583276,2.9937773,1.1442416,-1.8591735,30.438383,39.875286,529.3073,529.3073,192,144,0.1,50,2.0568407,126.56659,-21.10901
24540,Training,0,-1.4335833,1.585546,-3.093053,-3.089625,1.585546,-1.2987263,-6.3579607,0.99229324,2.2306817,38.544853,49.99048,411.8347,411.8347,192,144,0.1,50,2.4417377,-137.23163,-4.676684
24540,Training,1,-1.1180983,2.3118217,-0.8961055,-2.77414,2.3118217,0.89822125,-6.4041286,0.87856627,2.050018,45.080257,57.918453,346.95926,346.95926,192,144,0.1,50,2.4417377,-119.13274,-13.324386
24540,Training,2,-0.89190304,1.3887875,-4.3960385,-2.5479445,1.3887875,-2.6017118,-6.0642347,0.8759368,2.179526,30.548246,40.0143,527.3109,527.3109,192,144,0.1,50,2.4417374,-141.81145,-3.5079157
24540,Training,3,-1.0823882,1.5521574,-3.0841136,-2.7384298,1.5521574,-1.2897867,-6.707487,1.0223317,2.3880131,41.743855,53.897762,377.6538,377.6538,192,144,0.1,50,2.4417377,-134.21024,-3.8623922
24541,Breakroom,0,0.33956695,1.7554874,1.8528621,0.35793853,1.5347818,1.6726847,-1.570563,1.0562509,1.2919595,105.259605,120.3918,109.977684,109.977684,192,144,0.1,50,0.2897977,-73.63532,-19.35318
24541,Breakroom,1,0.6990626,1.8498192,1.7084662,0.71743417,1.6291136,1.5282887,-1.6418313,1.1331565,1.528033,105.523,120.62718,109.45454,109.45454,192,144,0.1,50,0.2897977,-85.59243,-16.974482
24541,Breakroom,2,1.028365,1.6647055,0.1971767,1.0467366,1.4439999,0.016999245,-1.6335585,1.0275422,1.3846514,78.9893,95.39587,174.71921,174.71921,192,144,0.1,50,0.2897977,-114.04148,-12.330749
24541,Breakroom,3,1.3372452,1.9642161,2.680372,1.3556168,1.7435105,2.5001945,-1.3490146,1.1372937,0.9519577,57.66103,72.552216,261.6049,261.6049,192,144,0.1,50,0.2897977,-57.241646,-14.513889
24542,Workshop,0,-3.0434682,1.335453,-1.1731571,-3.1545203,1.2472608,-1.3491721,-0.61027074,0.9616848,1.4750292,52.478912,66.62762,292.13864,292.13864,192,144,0.1,50,0.23603155,137.42268,-5.933531
24542,Workshop,1,-2.8994129,1.2358184,-1.4775199,-3.010465,1.1476262,-1.6535349,-0.61475664,1.1054835,1.5663681,48.48469,61.96194,319.7822,319.7822,192,144,0.1,50,0.23603159,143.10915,-1.9613525
24542,Workshop,2,-2.9179254,1.391903,-2.1458774,-3.0289774,1.3037108,-2.3218923,-0.5873999,0.98014843,1.2597213,48.23838,61.671425,321.627,321.627,192,144,0.1,50,0.2360315,145.61531,-5.698043
24542,Workshop,3,-0.299958,1.5723658,-1.2393831,-0.41101003,1.4841735,-1.4153981,-0.7962397,0.99677956,1.6236094,69.066696,85.07386,209.26028,209.26028,192,144,0.1,50,0.23603159,-170.16586,-11.20464
24543,Studio,0,-4.4485173,0.8680305,1.9671578,-5.496389,0.8680305,3.8137934,0.99909407,1.2915926,-3.6532862,30.063362,39.400406,536.2292,536.2292,192,144,0.1,50,2.3096814,44.105373,3.0974698
24543,Studio,1,-4.6219864,0.87448746,1.0596021,-5.669858,0.87448746,2.9062376,0.93012613,1.3131022,-3.930879,43.21019,55.6718,363.608,363.608,192,144,0.1,50,2.3096814,48.04941,3.3624752
24543,Studio,2,-2.5404086,1.4313676,2.342218,-3.5882802,1.4313676,4.1888533,1.2645402,1.2422285,-3.5874722,50.243675,64.027145,307.10233,307.10233,192,144,0.1,50,2.3096814,32.687378,-1.5377609
24543,Studio,3,-4.7839856,0.96622366,1.7939973,-5.831857,0.96622366,3.6406329,1.1234328,1.3884561,-3.3466835,40.295727,52.135212,392.48227,392.48227,192,144,0.1,50,2.3096814,48.96996,3.0862992
24544,Coworking,0,2.3480575,2.0047698,-1.3956792,3.1035814,1.9773735,1.2820802,-0.08819872,1.55,3.7273886,61.54022,76.89097,241.84904,241.84904,192,144,0.1,50,3.0837557,-154.56674,-4.5833774
24544,Coworking,1,1.709748,1.931792,-0.8645013,2.465272,1.9043957,1.8132582,-0.23481882,1.5031246,3.5554984,77.3286,93.70441,179.97108,179.97108,192,144,0.1,50,3.0837555,-156.25304,-5.0729785
24544,Coworking,2,2.324082,2.0409486,-1.1076477,3.0796058,2.0135524,1.5701118,0.17839614,1.5255485,3.4627526,52.76727,66.96113,290.29428,290.29428,192,144,0.1,50,3.0837555,-154.85115,-5.828531
24544,Coworking,3,1.6081438,1.9474139,-1.265709,2.3636677,1.9200176,1.4120504,0.18180606,1.6347001,3.7553432,72.71822,88.93309,195.60896,195.60896,192,144,0.1,50,3.0837553,-164.14166,-3.4285016
24545,Breakroom,0,4.2421174,1.6469586,-1.5375279,3.0772338,1.6469586,-0.04371369,1.5280077,1.55,-2.0338893,58.202015,73.16225,258.70624,258.70624,192,144,0.1,50,2.0747452,-79.63618,-2.0126083
24545,Breakroom,1,4.1921563,1.7460331,-2.0129442,3.027273,1.7460331,-0.51913,1.231329,1.4886904,-1.8552035,65.55735,81.29697,223.62701,223.62701,192,144,0.1,50,2.074745,-93.0496,-4.960427
24545,Breakroom,2,4.49208,1.6594561,-1.6834427,3.3271968,1.6594561,-0.18962853,1.3790896,1.6908298,-1.7373545,55.444378,70.0359,274.0217,274.0217,192,144,0.1,50,2.074745,-89.00783,0.5773373
24545,Breakroom,3,4.277468,1.8182397,-0.78803605,3.1125848,1.8182397,0.7057782,1.2450125,1.433463,-2.2200706,50.02076,63.766335,308.663,308.663,192,144,0.1,50,2.0747452,-64.721634,-6.5452704
24546,Workshop,0,-4.4001293,1.7416124,-2.673865,-4.422851,1.9453619,-3.0676522,-2.9606078,1.0195103,0.6276167,63.946007,79.540276,230.68996,230.68996,192,144,0.1,50,0.44397062,156.4417,-11.336987
24546,Workshop,1,-5.4255404,2.0899003,-4.3232117,-5.448262,2.2936497,-4.716999,-3.1689594,0.93386316,0.9445045,57.67614,72.569275,261.5233,261.5233,192,144,0.1,50,0.44397095,156.81071,-11.405034
24546,Workshop,2,-3.8550265,1.8552896,-2.9201918,-3.8777483,2.059039,-3.313979,-3.074892,0.9328648,0.5699254,48.948837,62.508484,316.3534,316.3534,192,144,0.1,50,0.44397074,167.4,-14.463127
24546,Workshop,3,-4.6950693,1.8283308,-2.7654743,-4.717791,2.0320802,-3.1592617,-2.7879014,1.1531607,0.36388612,80.50152,96.92376,170.09511,170.09511,192,144,0.1,50,0.44397095,148.64006,-10.438831
24547,Breakroom,0,0.025897026,1.2191277,4.6620436,-0.014307443,1.1865828,4.623541,0.5585078,0.9841474,3.1316369,72.96543,89.19178,194.72766,194.72766,192,144,0.1,50,0.06656525,19.188873,-8.250967
24547,Breakroom,1,-0.6539175,1.4773686,5.3215156,-0.69412196,1.4448237,5.283013,0.54570794,1.0040094,2.9660606,69.04582,85.0516,209.3419,209.3419,192,144,0.1,50,0.06656526,26.989595,-10.152679
24547,Breakroom,2,0.1239416,1.068907,5.453742,0.083737135,1.0363622,5.4152393,0.21566436,1.0017513,3.3719578,37.79754,49.070557,420.61905,420.61905,192,144,0.1,50,0.06656526,2.5228024,-1.845859
24547,Breakroom,3,0.50635946,1.4933035,5.6782207,0.466155,1.4607587,5.639718,0.65396744,0.99310476,3.3076227,69.85575,85.91388,206.20529,206.20529,192,144,0.1,50,0.06656526,3.562987,-11.892329
24548,Lounge,0,-0.26002502,0.8132668,1.6410506,-0.007952929,0.74878895,1.4246831,0.99364847,1.2064221,-0.3197716,90.35451,106.60024,143.11176,143.11176,192,144,0.1,50,0.45135167,32.59327,9.588388
24548,Lounge,1,-0.12466647,0.9432159,1.9661409,0.12740563,0.87873805,1.7497734,0.9638723,1.274953,-0.65851206,101.29749,116.81787,118.07791,118.07791,192,144,0.1,50,0.45135164,22.525558,6.6591406
24548,Lounge,2,-0.3684834,0.8884305,1.9065896,-0.116411306,0.8239526,1.6902221,0.8282176,1.1207669,-0.0476391,106.78045,121.7471,106.98197,106.98197,192,144,0.1,50,0.45135164,31.481842,5.789393
24548,Lounge,3,0.016783327,0.853891,2.2512984,0.26885542,0.78941315,2.0349307,0.98403275,1.2615191,-0.6673609,85.00534,101.40588,157.13373,157.13373,192,144,0.1,50,0.45135167,18.335299,7.5518003
24549,Studio,0,1.8194133,2.6644576,-1.4858173,1.4764514,2.6644576,0.6030117,3.374988,1.0486605,-1.3942648,71.14422,87.27834,201.34406,201.34406,192,144,0.1,50,2.116797,93.36823,-46.038383
24549,Studio,1,1.7255856,2.7098444,-1.8403829,1.3826237,2.7098444,0.2484461,3.4291182,0.9781078,-1.3214118,51.01702,64.92989,301.7869,301.7869,192,144,0.1,50,2.116797,106.94305,-44.199265
24549,Studio,2,2.1270456,2.7578049,-1.5402622,1.7840837,2.7578049,0.5485669,3.1000073,0.90635246,-1.5136226,85.9685,102.35134,154.50624,154.50624,192,144,0.1,50,2.116797,91.56836,-62.26867
24549,Studio,3,0.8224852,2.5606716,-2.240627,0.4795233,2.5606716,-0.15179807,3.6673796,0.95998204,-1.549697,61.48278,76.82734,242.12502,242.12502,192,144,0.1,50,2.116797,103.65093,-28.668045
24550,Breakroom,0,0.7893162,1.7493567,-2.5828433,-1.5437725,1.7493567,-3.3331876,0.11446309,0.962001,-0.94538045,64.00121,79.60069,230.44275,230.44275,192,144,0.1,50,2.4507792,-157.6018,-23.96818
24550,Breakroom,1,-0.3535998,1.2981576,-3.2101388,-2.6866884,1.2981576,-3.960483,0.14434287,0.84037864,-0.6398785,53.744713,68.08828,284.17923,284.17923,192,144,0.1,50,2.4507792,169.03578,-9.918181
24550,Breakroom,2,-0.7439151,2.1770396,-3.4738946,-3.0770037,2.1770396,-4.224239,0.22830322,1.0736511,-0.667688,55.29525,69.86565,274.88983,274.88983,192,144,0.1,50,2.4507792,160.89122,-20.38155
24550,Breakroom,3,0.01409018,1.0013366,-4.45259,-2.3189983,1.0013366,-5.2029343,0.40707633,0.9117105,-0.6351013,37.650105,48.888752,422.39175,422.39175,192,144,0.1,50,2.450779,174.12247,-1.3378618
24551,Workshop,0,1.1359093,1.6760756,-1.0400094,-0.17729712,1.8972113,-1.6246659,2.5348244,0.75,-1.0638158,103.4299,118.74923,113.663345,113.663345,192,144,0.1,50,1.5672908,89.02505,-33.500565
24551,Workshop,1,1.2570963,1.7814025,-1.5421968,-0.056110114,2.0025382,-2.1268532,2.2400875,0.6492559,-1.153613,86.92544,103.28623,151.94221,151.94221,192,144,0.1,50,1.5672908,111.56926,-46.96576
24551,Workshop,2,0.63960546,1.5686548,-0.9991418,-0.673601,1.7897905,-1.5837983,2.667027,0.6272772,-1.2748663,99.575195,115.24427,121.742874,121.742874,192,144,0.1,50,1.5672911,82.255424,-24.706562
24551,Workshop,3,1.0315738,1.343342,-0.00048041344,-0.28163266,1.5644777,-0.5851369,2.3885424,0.7035684,-0.9401263,103.82845,119.10815,112.85271,112.85271,192,144,0.1,50,1.5672909,55.298965,-21.187004
24552,Breakroom,0,-6.1427526,1.3009083,1.5194168,-3.6697333,1.3009083,1.8699675,-3.8179908,1.511786,-0.7128045,89.94588,106.20824,144.13611,144.13611,192,144,0.1,50,2.497741,46.163372,3.7435412
24552,Breakroom,1,-6.0683737,1.3547897,1.9099607,-3.5953543,1.3547897,2.2605114,-3.469395,1.4678624,-0.9530499,82.22955,98.65549,164.98438,164.98438,192,144,0.1,50,2.497741,42.232483,1.6749958
24552,Breakroom,2,-4.481704,1.7566693,2.6071815,-2.0086849,1.7566693,2.9577322,-4.128029,1.5841079,-0.9367785,68.28959,84.24328,212.32935,212.32935,192,144,0.1,50,2.497741,5.699058,-2.7738695
24552,Breakroom,3,-5.7430596,1.1651157,1.5549718,-3.2700403,1.1651157,1.9055225,-4.119007,1.5452597,-0.61453164,93.36744,109.46664,135.77602,135.77602,192,144,0.1,50,2.497741,36.817886,7.9849353
24553,Workshop,0,3.178644,0.7854453,3.6265683,-1.5519207,0.7854453,-1.8679347,3.3383815,0.972399,-0.15948138,46.63742,59.77544,334.06393,334.06393,192,144,0.1,50,7.3041563,2.4159389,2.8244393
24553,Workshop,1,2.88827,0.83571094,3.3997116,-1.8422947,0.83571094,-2.0947914,3.1926973,1.0756813,-0.39774752,44.557457,57.29218,351.47992,351.47992,192,144,0.1,50,7.3041563,4.5833764,3.6043148
24553,Workshop,2,2.6354113,0.8334747,3.65806,-2.0951533,0.8334747,-1.836443,3.0546,1.015035,-0.081433535,48.769836,62.29784,317.6685,317.6685,192,144,0.1,50,7.3041563,6.396025,2.7623742
24553,Workshop,3,2.835034,0.8441633,3.6054652,-1.8955306,0.8441633,-1.8890378,3.1258245,1.0390766,-0.42703414,60.340523,75.557976,247.71243,247.71243,192,144,0.1,50,7.3041563,4.1245594,2.7601159
24554,Coworking,0,-2.4815512,1.8993232,-4.186064,-2.3334346,2.0298898,-3.5317168,-1.8777109,0.9703632,-5.4940987,67.745804,83.660126,214.5137,214.5137,192,144,0.1,50,0.8083674,24.779902,-32.81407
24554,Coworking,1,-2.6136777,1.8524197,-3.6931655,-2.4655612,1.9829863,-3.0388186,-1.5814172,0.8221619,-5.3208985,50.717888,64.581085,303.82498,303.82498,192,144,0.1,50,0.8083673,32.381676,-28.12529
24554,Coworking,2,-2.3462715,2.0261698,-3.8641665,-2.198155,2.1567364,-3.2098196,-1.9750798,1.1067369,-5.378001,52.622215,66.79342,291.2197,291.2197,192,144,0.1,50,0.80836725,13.777091,-30.535496
24554,Coworking,3,-2.2115965,1.8890886,-3.9308577,-2.06348,2.0196552,-3.2765107,-1.8141115,1.1149068,-5.2776837,53.70017,68.037025,284.4534,284.4534,192,144,0.1,50,0.80836755,16.442764,-28.868433
24555,Lounge,0,4.666246,1.5132021,-0.060842156,7.995473,1.5132021,-0.51692486,7.207688,1.4811721,3.1193757,84.518814,100.92657,158.47934,158.47934,192,144,0.1,50,3.360322,141.37022,-0.45078933
24555,Lounge,1,4.2104917,1.4997722,0.0933435,7.5397186,1.4997722,-0.3627392,7.1343184,1.3487202,2.9044924,65.22465,80.93542,225.05986,225.05986,192,144,0.1,50,3.360322,133.87442,-2.1327899
24555,Lounge,2,4.762152,1.7836692,-1.1329327,8.091379,1.7836692,-1.5890154,7.030055,1.3891518,3.3155303,49.736637,63.433533,310.6711,310.6711,192,144,0.1,50,3.360322,152.98672,-4.517594
24555,Lounge,3,4.7091665,1.556951,-0.47971192,8.038393,1.556951,-0.9357946,7.4781475,1.5890532,3.3303068,70.4402,86.5339,203.98106,203.98106,192,144,0.1,50,3.3603215,143.99173,0.39051208
24556,Library,0,-2.8789964,1.7634882,1.8636177,-3.466864,1.7634882,0.15762055,-0.76005095,1.2341332,0.7369799,82.83824,99.26189,163.2261,163.2261,192,144,0.1,50,1.8164588,62.000538,-12.439062
24556,Library,1,-2.898848,1.770438,1.5744547,-3.4867158,1.770438,-0.13154241,-0.98015404,1.1665344,0.973649,90.04836,106.306625,143.87851,143.87851,192,144,0.1,50,1.8164588,72.61296,-16.718466
24556,Library,2,-2.7246435,1.7689613,1.2835574,-3.3125112,1.7689613,-0.4224397,-0.82795835,1.1681973,0.7894628,69.89273,85.95316,206.0636,206.0636,192,144,0.1,50,1.8164588,75.39873,-17.041061
24556,Library,3,-2.649124,1.7025559,2.029839,-3.2369916,1.7025559,0.32384184,-0.83816797,1.3120024,0.605904,67.50834,83.40497,215.47726,215.47726,192,144,0.1,50,1.8164588,51.822414,-9.62194
24557,Training,0,1.4706836,1.1054397,-2.5629892,1.6563121,0.9263113,-2.5940204,-0.5567687,1.344551,-0.97450763,92.56398,108.706345,137.69601,137.69601,192,144,0.1,50,0.28258213,-128.07822,5.3039246
24557,Training,1,2.4987864,0.9579551,-2.2294436,2.6844149,0.7788268,-2.2604747,-0.6252034,1.4156265,-0.8868619,66.05731,81.839134,221.49796,221.49796,192,144,0.1,50,0.28258207,-113.25635,7.665856
24557,Training,2,1.3616309,1.1760561,-2.332618,1.5472594,0.99692786,-2.3636491,-0.4716249,1.4692049,-1.1512095,100.11356,115.7375,120.58735,120.58735,192,144,0.1,50,0.28258216,-122.79903,7.6554255
24557,Training,3,1.4474214,1.0198349,-1.994247,1.63305,0.8407065,-2.025278,-0.8149937,1.2915511,-1.0497655,87.6356,103.977165,150.06847,150.06847,192,144,0.1,50,0.28258216,-112.65888,6.324289
24558,Breakroom,0,2.2927868,1.0007508,1.8834882,-0.17782474,1.0007508,2.6633575,-2.2497458,1.0033478,1.2764816,57.190136,72.01991,264.1688,264.1688,192,144,0.1,50,2.8341386,-82.38881,0.032467507
24558,Breakroom,1,2.5298123,0.954943,2.0332577,0.05920075,0.954943,2.813127,-2.0105832,1.0601748,0.9660193,41.07497,53.084938,384.37866,384.37866,192,144,0.1,50,2.8341386,-76.772514,1.2924821
24558,Breakroom,2,2.3440745,1.0721974,2.125073,-0.12653714,1.0721974,2.9049423,-2.4915273,0.963936,1.1468533,75.78591,92.12031,185.02309,185.02309,192,144,0.1,50,2.8341386,-78.563675,-1.2570916
24558,Breakroom,3,0.8224702,1.4130118,2.4569638,-1.6481414,1.4130118,3.236833,-2.3626325,1.0834339,1.4213853,70.49435,86.591255,203.77661,203.77661,192,144,0.1,50,2.8341386,-71.989006,-5.6200547
24559,Breakroom,0,1.3599907,3.0126722,-2.1559505,1.379255,3.100728,-2.0211565,2.8567262,1.55,-1.2389426,60.81845,76.08995,245.35156,245.35156,192,144,0.1,50,0.16232331,121.494644,-39.803883
24559,Breakroom,1,2.367806,3.1838622,-2.553909,2.3870702,3.271918,-2.419115,3.0009468,1.5566362,-1.0820994,60.06189,75.24726,249.1045,249.1045,192,144,0.1,50,0.1623233,156.72366,-45.443737
24559,Breakroom,2,1.5168908,2.7491045,-1.4429572,1.5361551,2.8371606,-1.3081632,2.826755,1.4462959,-1.2429733,71.34462,87.48976,200.60172,200.60172,192,144,0.1,50,0.16232345,98.68061,-44.515244
24559,Breakroom,3,2.6766663,2.679164,-2.458207,2.6959305,2.7672198,-2.323413,3.1470168,1.5287066,-1.404411,74.43398,90.72183,189.59622,189.59622,192,144,0.1,50,0.16232327,155.94691,-44.911926
24560,Lounge,0,3.5565774,1.6689264,-1.413693,0.69268227,1.4998636,-0.695664,2.6250045,1.4115711,2.8979335,65.49331,81.22742,223.9018,223.9018,192,144,0.1,50,3.1959643,-167.80804,-3.3389895
24560,Lounge,1,3.3645053,1.552964,-1.6760051,0.50061023,1.3839012,-0.95797616,2.502634,1.414918,2.8849893,68.19999,84.14731,212.68713,212.68713,192,144,0.1,50,3.195964,-169.29924,-1.7034931
24560,Lounge,2,4.0984354,1.7598888,-1.5372236,1.2345405,1.590826,-0.8191946,2.4456441,1.2844346,2.7229762,49.558376,63.2245,311.94208,311.94208,192,144,0.1,50,3.195964,-158.79568,-5.940125
24560,Lounge,3,1.8518146,1.8046589,-1.2120343,-1.0120806,1.6355962,-0.4940054,2.6600015,1.338383,2.7834842,64.00405,79.6038,230.43004,230.43004,192,144,0.1,50,3.1959643,168.56488,-6.5253167
24561,Workshop,0,6.60373,1.7903419,-3.744188,7.129948,1.7903419,-0.30773783,6.856921,0.9982302,3.4617577,34.875347,45.44829,458.448,458.448,192,144,0.1,50,3.4765062,177.98766,-6.269199
24561,Workshop,1,6.714364,1.8616772,-3.5020914,7.240582,1.8616772,-0.065641224,6.5593224,1.1010406,3.190332,37.436604,48.62531,424.98257,424.98257,192,144,0.1,50,3.4765062,-178.67288,-6.482482
24561,Workshop,2,7.358795,1.8097798,-3.5541956,7.885013,1.8097798,-0.11774537,6.9727783,0.99972826,3.431228,28.68002,37.643776,563.29083,563.29083,192,144,0.1,50,3.4765062,-176.83702,-6.6046653
24561,Workshop,3,5.2493463,1.5571043,-3.058268,5.775564,1.5571043,0.3781821,6.552457,1.1121982,3.6419032,56.261837,70.96699,269.33813,269.33813,192,144,0.1,50,3.4765062,168.99399,-3.7293136
24562,Library,0,1.8017721,1.2009642,-2.5962467,1.7212065,1.323523,-2.6223776,1.0148902,1.0473468,-0.9878928,67.90443,83.83041,213.87332,213.87332,192,144,0.1,50,0.1512903,-153.92995,-4.9036565
24562,Library,1,1.5362189,1.3474517,-3.38779,1.4556532,1.4700105,-3.4139209,0.75482225,1.0469337,-0.76225114,78.31473,94.710526,176.82993,176.82993,192,144,0.1,50,0.15129036,-163.42627,-6.2605505
24562,Library,2,2.1843483,1.3472066,-2.449089,2.103783,1.4697654,-2.47522,1.0114129,0.9462178,-0.9049059,77.36679,93.74347,179.84818,179.84818,192,144,0.1,50,0.15129025,-142.7803,-11.683323
24562,Library,3,1.0450118,0.854133,-4.0979934,0.96444625,0.97669184,-4.1241245,0.9296214,1.1916801,-0.7497082,44.629883,57.37903,350.84763,350.84763,192,144,0.1,50,0.1512903,-178.02623,5.7532563
24563,Workshop,0,0.6610558,0.834401,2.4869099,0.64670706,0.8906102,2.4587815,-1.5709136,1.0087616,3.8374684,73.10691,89.33968,194.2256,194.2256,192,144,0.1,50,0.06470286,-121.178024,3.8237495
24563,Workshop,1,-0.06986916,0.9588641,3.9936197,-0.084217906,1.0150733,3.9654913,-1.8663568,0.88213855,3.8209796,104.78859,119.97022,110.91777,110.91777,192,144,0.1,50,0.06470285,-84.5108,-2.4343374
24563,Workshop,2,0.760749,0.8506169,2.0801885,0.74640024,0.9068261,2.0520601,-1.3443954,0.93860257,3.6041405,57.15874,71.98438,264.3411,264.3411,192,144,0.1,50,0.064702846,-125.90145,1.9390378
24563,Workshop,3,0.5960028,0.8330881,1.3997412,0.5816541,0.8892973,1.3716128,-1.7170166,1.0450782,3.8026373,84.310936,100.721405,159.05814,159.05814,192,144,0.1,50,0.06470284,-136.09183,3.6368423
24564,Studio,0,-1.6104782,2.120304,2.2559962,-0.932532,2.120304,0.37758803,0.094192296,0.9722204,-2.1536844,34.95669,45.54966,457.3122,457.3122,192,144,0.1,50,1.9970049,21.135235,-13.649585
24564,Studio,1,0.8626003,2.0907767,2.7955022,1.5405464,2.0907767,0.91709393,-0.02236119,0.9553586,-2.1942775,34.32394,44.760395,466.28424,466.28424,192,144,0.1,50,1.9970049,-10.057106,-12.62869
24564,Studio,2,-1.2995052,2.0881083,1.6347531,-0.62155914,2.0881083,-0.24365509,-0.17766982,1.0756278,-2.1658444,34.902874,45.4826,458.06305,458.06305,192,144,0.1,50,1.9970049,16.4452,-14.332563
24564,Studio,3,-1.2575473,2.2433107,0.52429783,-0.57960117,2.2433107,-1.3541104,-0.089257404,0.9440786,-2.3486323,59.257015,74.34728,253.19246,253.19246,192,144,0.1,50,1.9970049,22.129337,-22.729742
24565,Reception,0,1.0323286,1.7299056,-2.0626664,2.557209,1.7299056,1.2995555,4.6263046,0.7849483,-2.0395892,105.24751,120.38099,110.00174,110.00174,192,144,0.1,50,3.6918554,90.3679,-14.73096
24565,Reception,1,1.3735286,1.7265038,-1.8113765,2.898409,1.7265038,1.5508455,4.965438,0.6633358,-2.3616526,90.28553,106.53413,143.28416,143.28416,192,144,0.1,50,3.6918554,81.29008,-16.30822
24565,Reception,2,1.2157835,1.8292803,-1.368753,2.740664,1.8292803,1.993469,4.8271575,0.8627375,-2.1795728,83.23755,99.65868,162.0841,162.0841,192,144,0.1,50,3.6918554,77.34589,-14.635255
24565,Reception,3,1.7627118,1.6945188,-1.5221636,3.2875922,1.6945188,1.8400583,4.8537602,0.8460793,-2.103944,100.597046,116.179405,119.557365,119.557365,192,144,0.1,50,3.6918554,79.3408,-15.096037
24566,Workshop,0,-0.51013374,1.5567876,-3.8756208,-0.20334479,1.6354024,-3.9667506,-1.6783276,0.9826807,-1.7884961,40.49541,52.37887,390.37726,390.37726,192,144,0.1,50,0.33891657,-150.76364,-13.497363
24566,Workshop,1,-0.19884565,1.4764895,-3.8589427,0.1079433,1.5551043,-3.9500725,-1.7069395,0.9620239,-1.717711,54.787964,69.28558,277.8756,277.8756,192,144,0.1,50,0.33891645,-144.84253,-11.1133995
24566,Workshop,2,0.050731897,2.0479436,-2.6097293,0.35752085,2.1265585,-2.700859,-2.0138323,1.0738051,-1.6454686,57.361526,72.2138,263.23114,263.23114,192,144,0.1,50,0.33891654,-115.03506,-23.147085
24566,Workshop,3,-0.7279357,1.6168756,-3.7350554,-0.42114675,1.6954905,-3.8261852,-1.9112327,1.0036443,-2.103483,59.572952,74.70097,251.57585,251.57585,192,144,0.1,50,0.33891654,-144.04852,-16.922823
24567,Training,0,2.0222878,1.1109658,0.23550034,2.2074344,1.1109658,-0.3722676,1.2431656,1.3843403,-3.3367958,93.90894,109.9774,134.49628,134.49628,192,144,0.1,50,0.6353433,-12.303609,4.2759695
24567,Training,1,2.4398408,1.0466384,1.0198112,2.6249874,1.0466384,0.4120432,1.5237268,1.2411779,-3.6642208,66.90781,82.758316,217.94101,217.94101,192,144,0.1,50,0.6353433,-11.066349,2.334097
24567,Training,2,2.209176,0.9526136,-0.3674425,2.3943224,0.9526136,-0.9752104,1.3282975,1.385272,-3.1432197,91.16885,107.37911,141.09192,141.09192,192,144,0.1,50,0.63534325,-17.606567,8.450492
24567,Training,3,2.2466767,1.2190521,0.56766963,2.4318233,1.2190521,-0.04009828,0.89708865,1.4557312,-3.6025858,77.99067,94.38045,177.85481,177.85481,192,144,0.1,50,0.6353433,-17.932743,3.0907927
24568,OpenOffice,0,2.2815657,0.9056501,1.9699152,2.2584767,1.0780139,2.0113304,1.8372118,1.2341342,-1.9146992,54.89701,69.41039,277.2295,277.2295,192,144,0.1,50,0.18112996,-6.5255947,4.8022814
24568,OpenOffice,1,2.3687446,1.050568,1.5443356,2.3456557,1.2229317,1.5857508,1.7603707,1.304749,-1.8201047,58.24315,73.20857,258.48782,258.48782,192,144,0.1,50,0.18112995,-10.249736,4.251754
24568,OpenOffice,2,2.0642166,0.8526887,2.1661801,2.0411277,1.0250525,2.2075953,2.116478,1.2612532,-1.9511502,44.456383,57.170933,352.36554,352.36554,192,144,0.1,50,0.18113004,0.7272173,5.66648
24568,OpenOffice,3,3.6007285,0.74724793,1.7661474,3.5776396,0.91961175,1.8075626,1.669308,1.3262645,-1.7065253,57.43991,72.30241,262.80405,262.80405,192,144,0.1,50,0.18112992,-29.081804,8.290465
24569,Lounge,0,0.9091759,2.0055652,3.1999516,-0.39021075,2.141463,1.7324598,-2.256178,1.311018,-1.7912867,60.892204,76.17194,244.99019,244.99019,192,144,0.1,50,2.3451638,-32.382137,-6.7023306
24569,Lounge,1,1.3545325,2.1163144,2.779958,0.05514586,2.2522125,1.3124661,-2.5223916,1.3182402,-1.8629634,50.406654,64.21767,305.96945,305.96945,192,144,0.1,50,2.3451636,-39.8625,-7.516224
24569,Lounge,2,1.5173826,2.0937498,3.8366804,0.21799594,2.2296476,2.3691883,-1.9494923,1.4456502,-1.8004107,37.687744,48.935177,421.9379,421.9379,192,144,0.1,50,2.3451638,-31.591988,-5.5932517
24569,Lounge,3,1.3337529,2.1494172,3.4229336,0.03436628,2.285315,1.9554416,-2.2581615,1.3254734,-1.8100556,38.315144,49.707993,414.49973,414.49973,192,144,0.1,50,2.3451636,-34.465633,-7.396413
24570,Studio,0,-2.6939874,1.6388166,1.5221295,0.47307563,1.6388166,-1.7116365,1.2439216,1.2636765,-3.3638651,71.315704,87.45927,200.70859,200.70859,192,144,0.1,50,5.1448836,38.867374,-3.4210646
24570,Studio,1,-1.4969542,1.8886092,2.2637064,1.6701088,1.8886092,-0.97005963,1.2673161,1.245339,-3.39495,70.27779,86.36178,204.59593,204.59593,192,144,0.1,50,5.1448836,26.035646,-5.8321333
24570,Studio,2,-2.6580873,1.6813247,1.224137,0.5089758,1.6813247,-2.0096292,1.4890934,1.1220586,-3.2257044,77.22455,93.59795,180.30644,180.30644,192,144,0.1,50,5.1448836,42.983715,-5.25315
24570,Studio,3,-1.0822349,1.9446005,2.0580657,2.0848281,1.9446005,-1.1757004,1.4050255,1.3134606,-3.6778092,69.94034,86.00372,205.88138,205.88138,192,144,0.1,50,5.144884,23.44311,-5.764541
24571,Studio,0,5.363117,1.6510162,2.0369582,5.3390737,1.5237253,2.0550654,5.3590837,0.98043126,-1.2233592,58.106625,73.0548,259.21375,259.21375,192,144,0.1,50,0.13372315,-0.070884556,-11.622551
24571,Studio,1,5.2323837,1.4949062,1.4375246,5.20834,1.3676152,1.4556317,5.0759377,0.8384131,-1.0657452,58.86171,73.90397,255.23737,255.23737,192,144,0.1,50,0.13372314,-3.5761433,-14.667751
24571,Studio,2,4.770796,1.4297857,2.4880865,4.7467523,1.3024948,2.5061936,5.0867453,1.0060506,-1.2557832,56.10438,70.78794,270.23047,270.23047,192,144,0.1,50,0.13372315,4.8238263,-6.4346385
24571,Studio,3,4.9582205,1.8158593,1.321838,4.934177,1.6885684,1.3399452,5.471403,1.0127876,-0.9247222,53.9049,68.2725,283.19672,283.19672,192,144,0.1,50,0.13372312,12.867323,-19.212969
24572,Lounge,0,1.8374739,1.202492,1.0248809,1.5386206,1.1029868,1.4499637,-0.77884406,0.75,3.1512752,101.887505,117.35411,116.84316,116.84316,192,144,0.1,50,0.55716074,-129.10225,-7.644153
24572,Lounge,1,1.1382306,1.1491573,0.30022913,0.83937734,1.0496521,0.72531193,-0.7128608,0.856231,2.916241,78.871284,95.27614,175.0863,175.0863,192,144,0.1,50,0.5571606,-144.71675,-5.222632
24572,Lounge,2,1.8626649,1.2647687,0.65666807,1.5638117,1.1652635,1.0817509,-0.5532845,0.6583973,3.4077942,90.66272,106.89539,142.34395,142.34395,192,144,0.1,50,0.55716074,-138.71146,-9.403629
24572,Lounge,3,2.5177288,1.5059853,1.8142045,2.2188754,1.4064801,2.2392874,-1.1055555,0.884772,3.2375238,95.85705,111.80407,129.98383,129.98383,192,144,0.1,50,0.5571608,-111.446175,-9.066776
24573,Breakroom,0,2.6803248,0.9488901,-1.8639529,2.7466922,0.9488901,-1.9085864,4.457168,0.75,-0.99512523,85.8537,102.2389,154.81691,154.81691,192,144,0.1,50,0.079979874,116.05736,-5.742183
24573,Breakroom,1,2.4315953,0.9635131,-1.8994212,2.4979627,0.9635131,-1.9440547,4.6827974,0.826547,-1.1856976,56.683773,71.44617,266.96927,266.96927,192,144,0.1,50,0.079979874,107.59076,-3.3192263
24573,Breakroom,2,2.7547843,0.8913987,-2.2108681,2.8211517,0.8913987,-2.2555017,4.5720787,0.657919,-0.64685833,97.70214,113.5187,125.83592,125.83592,192,144,0.1,50,0.07997994,130.71613,-5.561865
24573,Breakroom,3,2.929434,1.0025179,-1.9867446,2.9958014,1.0025179,-2.0313783,4.7938194,0.75742024,-0.69565594,68.87768,84.87215,210.00117,210.00117,192,144,0.1,50,0.07997994,124.702644,-6.168474
24574,OpenOffice,0,-3.610327,1.9221145,-1.2795777,-3.5328352,2.128807,-1.2865866,-4.017423,1.0179508,-5.658693,72.03742,88.218994,198.06293,198.06293,192,144,0.1,50,0.22096252,-5.311129,-11.617308
24574,OpenOffice,1,-3.1635292,2.0743594,-0.9918092,-3.0860374,2.2810519,-0.9988181,-3.8312724,0.95063114,-5.8093886,51.913883,65.9728,295.80774,295.80774,192,144,0.1,50,0.22096242,-7.8912354,-13.009725
24574,OpenOffice,2,-2.7852364,1.8571968,-1.3728964,-2.7077446,2.0638895,-1.3799053,-3.9840438,0.87460274,-5.8634276,69.981094,86.047005,205.72556,205.72556,192,144,0.1,50,0.22096263,-14.9472885,-11.937173
24574,OpenOffice,3,-4.167498,1.749134,0.13809645,-4.0900064,1.9558265,0.13108754,-3.8191154,0.9437063,-5.365854,67.886856,83.81155,213.94414,213.94414,192,144,0.1,50,0.2209625,3.6218107,-8.308966
24575,Coworking,0,0.48562574,1.7863513,-3.729287,1.3484485,1.7863513,-1.9951931,-1.7740388,0.75,-0.28716147,33.203667,43.358654,482.98193,482.98193,192,144,0.1,50,1.9368904,-146.71616,-14.127372
24575,Coworking,1,-0.66153,1.7258486,-3.9189053,0.20129275,1.7258486,-2.1848116,-1.7125877,0.8142748,-0.5541982,49.05317,62.631184,315.59103,315.59103,192,144,0.1,50,1.9368902,-162.65239,-14.498996
24575,Coworking,2,0.66949093,1.8816768,-2.6036255,1.5323137,1.8816768,-0.86953175,-1.5577387,0.73012376,-0.48717028,38.32058,49.714676,414.43634,414.43634,192,144,0.1,50,1.9368904,-133.53914,-20.545994
24575,Coworking,3,0.22862548,1.7598896,-3.9881167,1.0914483,1.7598896,-2.2540228,-2.0514786,0.65406644,-0.2643008,39.60375,51.289352,399.93433,399.93433,192,144,0.1,50,1.9368905,-148.52074,-14.211682
24576,OpenOffice,0,-1.0908344,1.4720002,-2.5214481,-0.5769191,1.3107107,-2.5996718,0.95229566,0.97303885,-0.36953282,38.324257,49.719208,414.3934,414.3934,192,144,0.1,50,0.56828225,136.48546,-9.545047
24576,OpenOffice,1,-1.0655355,1.4868431,-2.887918,-0.55162024,1.3255535,-2.9661417,0.7712942,1.077728,-0.43740755,29.457518,38.63203,547.775,547.775,192,144,0.1,50,0.56828225,143.14586,-7.6089973
24576,OpenOffice,2,-0.5490739,1.5823784,-2.8047001,-0.035158575,1.4210888,-2.8829238,0.83901477,1.001921,-0.48053217,36.40639,47.351063,437.8962,437.8962,192,144,0.1,50,0.5682822,149.15262,-12.102007
24576,OpenOffice,3,-0.76762515,1.4693576,-1.7296491,-0.25370985,1.308068,-1.8078728,1.1717303,0.9488952,-0.38989428,56.330315,71.04484,268.95145,268.95145,192,144,0.1,50,0.56828237,124.63767,-12.451341
24577,Studio,0,-3.5814497,1.1995285,-5.5065055,-3.4941201,1.1769552,-5.442023,-2.8199763,1.2734485,-1.1206871,38.96897,50.511368,406.99362,406.99362,192,144,0.1,50,0.11217356,170.15039,0.9513603
24577,Studio,1,-3.414926,1.163052,-5.7197785,-3.3275964,1.1404787,-5.655296,-2.8582072,1.2335902,-1.1177671,33.44249,43.65794,479.3312,479.3312,192,144,0.1,50,0.11217353,173.10228,0.8717892
24577,Studio,2,-3.824648,1.2427495,-5.5519767,-3.7373183,1.2201762,-5.487494,-2.6893754,1.2576251,-1.1731864,36.76181,47.791233,433.36212,433.36212,192,144,0.1,50,0.11217356,165.46518,0.18841526
24577,Studio,3,-3.3338165,1.151433,-5.528401,-3.246487,1.1288598,-5.463918,-2.6280465,1.3369342,-1.2128674,38.26931,49.651604,415.03513,415.03513,192,144,0.1,50,0.11217359,170.71198,2.429087
24578,Studio,0,-3.9816618,0.8982551,-3.4450097,-3.9511538,0.76187027,-3.499359,-6.3355155,1.4850309,1.460663,41.888145,54.072807,376.23007,376.23007,192,144,0.1,50,0.15615454,-154.36725,6.154999
24578,Studio,1,-4.1181,1.0448961,-3.0602627,-4.087592,0.9085113,-3.1146119,-6.3344717,1.4277436,1.2899225,54.994957,69.522446,276.65115,276.65115,192,144,0.1,50,0.15615459,-153.00166,4.4837365
24578,Studio,2,-4.308916,0.89103276,-3.2206821,-4.278408,0.7546479,-3.2750313,-6.5031486,1.4952893,1.4152443,58.36114,73.341385,257.86295,257.86295,192,144,0.1,50,0.15615436,-154.67131,6.719167
24578,Studio,3,-3.9012756,0.93279666,-3.1393301,-3.8707676,0.7964118,-3.1936793,-6.362663,1.4310776,1.2959908,32.613735,42.61828,492.22256,492.22256,192,144,0.1,50,0.15615453,-150.97185,5.610244
24579,Conference,0,3.3818154,1.5523045,0.7158834,3.5415347,1.3139703,0.59269273,0.6317534,1.4968841,1.5712831,37.094547,48.202774,429.1935,429.1935,192,144,0.1,50,0.3156474,-107.278175,-1.1024078
24579,Conference,1,2.8782063,1.6242639,0.29629597,3.0379255,1.3859297,0.17310533,0.74557686,1.4384379,1.3921553,42.23527,54.4935,372.843,372.843,192,144,0.1,50,0.31564742,-117.196526,-4.4316454
24579,Conference,2,3.2384057,1.607625,0.009165883,3.398125,1.3692908,-0.11402476,0.78208566,1.363159,1.9179171,52.86406,67.07297,289.6794,289.6794,192,144,0.1,50,0.3156474,-127.84998,-4.4934793
24579,Conference,3,3.237242,1.4447185,0.4323631,3.3969612,1.2063843,0.30917245,0.62256074,1.4413191,1.8513633,44.905815,57.70964,348.45654,348.45654,192,144,0.1,50,0.3156474,-118.48889,-0.06547064
24580,Conference,0,1.5771534,1.7167943,-2.723075,1.5292102,1.74751,-2.6504097,1.0058582,1.0815219,-0.11074495,70.394775,86.48578,204.15277,204.15277,192,144,0.1,50,0.097659975,-167.6641,-13.363889
24580,Conference,1,1.2607968,1.8549536,-3.0252354,1.2128536,1.8856694,-2.9525702,1.1920466,1.2242556,-0.035443574,80.05895,96.47782,171.43333,171.43333,192,144,0.1,50,0.09766,-178.68272,-11.908871
24580,Conference,2,1.9040749,1.7402982,-3.2030349,1.8561317,1.7710139,-3.1303697,1.347486,0.95313966,-0.18690315,79.72806,96.14375,172.44194,172.44194,192,144,0.1,50,0.09766002,-169.54442,-14.394252
24580,Conference,3,1.7151254,1.8558784,-3.188957,1.6671822,1.886594,-3.1162918,1.0329257,0.95441633,-0.22853611,72.277435,88.47103,197.19324,197.19324,192,144,0.1,50,0.097659975,-167.02328,-16.527102
24581,Studio,0,0.9959414,1.4648712,0.10333753,2.3835797,1.4648712,-1.566349,-1.0439119,0.99854916,-2.622448,71.87435,88.04758,198.6567,198.6567,192,144,0.1,50,2.171035,-36.809505,-7.7993016
24581,Studio,1,-0.045479894,1.4213175,-0.7152429,1.3421584,1.4213175,-2.3849294,-1.0856348,0.885132,-2.6249716,78.81043,95.21438,175.27594,175.27594,192,144,0.1,50,2.171035,-28.575409,-13.850847
24581,Studio,2,1.1394396,1.3681161,-0.15467623,2.527078,1.3681161,-1.8243628,-1.3361188,0.92572874,-2.50324,82.749374,99.17348,163.48148,163.48148,192,144,0.1,50,2.171035,-46.507954,-7.386796
24581,Studio,3,0.7149683,1.3817124,-0.20175809,2.1026065,1.3817124,-1.8714447,-0.7929578,1.0590085,-2.2810285,92.242424,108.40122,138.47165,138.47165,192,144,0.1,50,2.171035,-35.950333,-7.161059
24582,Training,0,1.6185112,1.2630546,2.9550445,-1.0286736,1.2630546,3.4432573,1.915157,0.9766104,-2.2920372,47.38042,60.657047,328.19348,328.19348,192,144,0.1,50,2.6918283,3.235794,-3.1197686
24582,Training,1,1.613474,1.2712371,2.691363,-1.0337108,1.2712371,3.179576,1.9129585,1.109597,-2.5487068,55.004383,69.533226,276.59558,276.59558,192,144,0.1,50,2.6918283,3.2710538,-1.763963
24582,Training,2,1.9835327,1.2118884,2.3231153,-0.6636521,1.2118884,2.8113284,2.1859665,1.0950457,-2.2036335,83.59168,100.00993,161.07877,161.07877,192,144,0.1,50,2.6918283,2.5605311,-1.4770935
24582,Training,3,0.83067626,1.25044,2.5223007,-1.8165085,1.25044,3.0105135,2.0683753,0.87578714,-2.4293034,46.079967,59.11209,338.58563,338.58563,192,144,0.1,50,2.6918283,14.034044,-4.1982403
24583,Training,0,1.6368952,0.9592366,-1.96475,3.784102,0.9592366,-2.3165212,-0.5250618,0.96172434,-0.7068906,61.88582,77.27351,240.19806,240.19806,192,144,0.1,50,2.1758308,-120.1915,0.05698573
24583,Training,1,0.47359908,1.3497564,-2.8543944,2.6208057,1.3497564,-3.2061656,-0.8203408,0.97608656,-0.89625263,65.62366,81.36895,223.34299,223.34299,192,144,0.1,50,2.1758308,-146.54327,-9.046078
24583,Training,2,1.3055621,1.0386076,-1.7965845,3.452769,1.0386076,-2.1483557,-0.48469287,0.929634,-0.8497852,74.92141,91.22716,187.93118,187.93118,192,144,0.1,50,2.1758308,-117.8727,-3.0800452
24583,Training,3,1.3998606,0.9017886,-1.8861574,3.5470674,0.9017886,-2.2379284,-0.67004836,0.8764533,-0.5613265,80.60012,97.02298,169.79861,169.79861,192,144,0.1,50,2.1758308,-122.620995,-0.590644
24584,Training,0,1.6385355,2.1970916,-3.6146746,1.3724517,2.1970916,-5.8350377,2.7459114,0.9861042,-5.1771345,92.60814,108.7482,137.58983,137.58983,192,144,0.1,50,2.23625,35.32668,-32.30682
24584,Training,1,1.6495656,2.2213683,-3.3586462,1.3834817,2.2213683,-5.579009,3.0485666,1.0338775,-4.8564343,90.555595,106.79285,142.61037,142.61037,192,144,0.1,50,2.2362494,43.04684,-30.087858
24584,Training,2,1.6701005,2.2053964,-3.943117,1.4040166,2.2053964,-6.16348,2.74828,1.0276043,-5.377632,88.79796,105.102844,147.0532,147.0532,192,144,0.1,50,2.2362494,36.92847,-33.27796
24584,Training,3,1.4160526,2.3741646,-4.1252713,1.1499687,2.3741646,-6.3456345,2.4724164,0.9771888,-4.8861423,69.83323,85.889946,206.29166,206.29166,192,144,0.1,50,2.23625,54.235794,-47.01854
24585,Training,0,-1.7404492,1.5380598,0.74617195,1.5937018,1.5380598,-4.0496535,0.027721997,0.9831979,2.70704,104.77196,119.95532,110.95108,110.95108,192,144,0.1,50,5.8409333,137.95811,-11.867863
24585,Training,1,-2.0286067,1.5866376,0.9426037,1.3055444,1.5866376,-3.853222,0.24173513,1.092822,2.3967738,92.00363,108.17435,139.05035,139.05035,192,144,0.1,50,5.8409333,122.63985,-10.379132
24585,Training,2,-2.2084699,1.6906223,1.039874,1.1256812,1.6906223,-3.7559514,-0.19337994,1.099154,3.0179787,101.01774,116.563126,118.667,118.667,192,144,0.1,50,5.8409333,134.46933,-11.830309
24585,Training,3,-2.1184192,1.8015604,-0.54036295,1.215732,1.8015604,-5.3361883,-0.18322566,1.0444943,2.7344007,99.28204,114.97518,122.37594,122.37594,192,144,0.1,50,5.840934,149.4194,-11.256364
24586,Workshop,0,4.2522435,1.6150457,-0.18928528,4.908774,1.6150457,-2.0558195,6.264327,0.75,1.4761674,33.186954,43.337696,483.23935,483.23935,192,144,0.1,50,1.9786314,129.61542,-18.324322
24586,Workshop,1,4.203046,1.7079184,0.92524767,4.859576,1.7079184,-0.94128656,6.1423464,0.88228726,1.5648477,35.457577,46.173153,450.4301,450.4301,192,144,0.1,50,1.9786314,108.25306,-22.014196
24586,Workshop,2,4.456394,1.5465432,0.08853307,5.1129246,1.5465432,-1.7780012,6.019835,0.7602573,1.6619701,28.318804,37.183834,570.78284,570.78284,192,144,0.1,50,1.9786314,135.18259,-19.518564
24586,Workshop,3,5.0284066,1.9868023,-0.9799327,5.684937,1.9868023,-2.846467,6.554924,0.8334011,1.4826627,30.993237,40.576824,519.3663,519.3663,192,144,0.1,50,1.9786314,148.206,-21.706932
24587,Breakroom,0,1.5111737,1.0864455,0.4895177,-1.0101559,1.0864455,0.13945675,3.4223,0.9686649,1.5273759,102.944176,118.31091,114.657364,114.657364,192,144,0.1,50,2.674656,118.50466,-3.100003
24587,Breakroom,1,1.3545413,1.4471898,-0.8518102,-1.1667883,1.4471898,-1.2018712,3.678867,0.89275813,1.3516319,91.49647,107.69159,140.28725,140.28725,192,144,0.1,50,2.6746557,133.47067,-9.821184
24587,Breakroom,2,2.6920972,1.7243192,-1.2124814,0.17076755,1.7243192,-1.5625423,3.3147993,1.1070079,1.222086,89.80275,106.07075,144.49661,144.49661,192,144,0.1,50,2.6746557,165.65276,-13.801584
24587,Breakroom,3,1.7722318,1.136169,0.51584953,-0.7490978,1.136169,0.16578862,3.3952599,0.9340871,1.578109,94.4151,110.45364,133.31023,133.31023,192,144,0.1,50,2.674656,123.204445,-5.9475923
24588,Training,0,-2.8784246,0.96013606,1.2189884,-1.818872,0.96013606,2.9460425,1.0929525,0.75,-3.2212555,46.354576,59.439068,336.34534,336.34534,192,144,0.1,50,2.0261707,41.809616,-2.0202487
24588,Training,1,-2.8351946,0.9294376,1.8578894,-1.7756419,0.9294376,3.5849435,1.2506521,0.62352395,-3.2577646,57.35411,72.205414,263.2716,263.2716,192,144,0.1,50,2.0261707,38.61419,-2.6752174
24588,Training,2,-2.994075,0.81883854,1.5845362,-1.9345224,0.81883854,3.3115902,0.9578332,0.72916883,-3.258552,39.75998,51.48053,398.2301,398.2301,192,144,0.1,50,2.0261707,39.214077,-0.82186365
24588,Training,3,-3.5822449,1.0226727,1.2504952,-2.5226922,1.0226727,2.9775493,1.2329692,0.70307463,-3.4126265,34.282524,44.708675,466.8827,466.8827,192,144,0.1,50,2.0261707,45.919308,-2.729763
24589,Workshop,0,0.37590837,1.8691472,-2.8242083,0.42903554,1.8253345,-2.8424132,-2.3930876,0.8532099,-0.35994226,41.078606,53.089355,384.34158,384.34158,192,144,0.1,50,0.07141241,-131.66745,-15.327134
24589,Workshop,1,-0.5064669,2.4533265,-1.3920357,-0.45333976,2.4095137,-1.4102407,-2.2784607,0.788514,-0.5730289,72.63252,88.84334,195.91568,195.91568,192,144,0.1,50,0.07141247,-114.80615,-40.458443
24589,Workshop,2,-0.36031926,1.886727,-2.6044705,-0.3071921,1.8429143,-2.6226754,-2.203738,0.98385406,-0.15012524,61.790012,77.16753,240.65408,240.65408,192,144,0.1,50,0.07141241,-143.0904,-16.390753
24589,Workshop,3,0.74244225,1.662898,-2.40079,0.7955694,1.6190853,-2.418995,-2.177321,0.7324427,-0.0806143,42.68327,55.03555,368.54938,368.54938,192,144,0.1,50,0.0714124,-128.47224,-14.008937
24590,Training,0,-2.3669565,1.5156553,-1.3032532,-0.5829568,1.5156553,-0.87744606,1.4373741,0.8446874,-1.5764412,73.816086,90.07946,191.73392,191.73392,192,144,0.1,50,1.8341119,85.892654,-9.97719
24590,Training,1,-2.5431218,1.6005694,-1.0890269,-0.75912225,1.6005694,-0.66321975,1.7598119,0.7755615,-1.2849334,59.07949,74.14831,254.10768,254.10768,192,144,0.1,50,1.8341118,87.3932,-10.842722
24590,Training,2,-2.274999,1.4397597,-1.921314,-0.49099934,1.4397597,-1.495507,1.1863716,0.9148724,-1.5068066,68.84071,84.832664,210.1465,210.1465,192,144,0.1,50,1.8341118,96.82879,-8.562462
24590,Training,3,-1.9177893,1.4013602,-1.4366684,-0.13378969,1.4013602,-1.0108613,1.3485981,0.82112795,-1.8255533,102.373405,117.79466,115.83401,115.83401,192,144,0.1,50,1.8341119,83.210526,-10.003589
24591,Breakroom,0,-1.0225391,1.5833297,-5.986058,-3.857776,1.5833297,-4.540794,-2.0905507,1.0424036,-1.0260748,62.471104,77.91985,237.43964,237.43964,192,144,0.1,50,3.1823509,-167.8483,-6.0855703
24591,Breakroom,1,0.0125716925,1.7886674,-6.7048903,-2.8226652,1.7886674,-5.2596264,-1.8991426,1.0764467,-0.77833843,45.247013,58.117916,345.53815,345.53815,192,144,0.1,50,3.1823509,-162.12198,-6.5246596
24591,Breakroom,2,-0.43725693,1.5413047,-5.4272623,-3.2724938,1.5413047,-3.9819982,-2.0899134,0.96363175,-0.706635,84.58496,100.9918,158.29567,158.29567,192,144,0.1,50,3.1823509,-160.70523,-6.588388
24591,Breakroom,3,-0.82707375,1.7797204,-5.06559,-3.6623106,1.7797204,-3.6203258,-2.061995,0.9379556,-0.92138016,102.1723,117.61244,116.25084,116.25084,192,144,0.1,50,3.1823506,-163.40662,-11.015416
24592,Reception,0,-3.5334105,1.3017719,-1.3627852,-3.5049174,1.319355,-1.4398601,1.5165848,1.2059805,-1.3880025,33.878414,44.203598,472.7964,472.7964,192,144,0.1,50,0.09683295,89.71389,-1.0866768
24592,Reception,1,-3.038341,1.4138767,-1.4771647,-3.0098479,1.4314598,-1.5542396,1.5583673,1.1788049,-1.1960967,28.079964,36.87943,575.84033,575.84033,192,144,0.1,50,0.096833006,93.49903,-2.92206
24592,Reception,2,-2.43931,1.4178929,-1.3374221,-2.4108167,1.4354761,-1.414497,1.5935893,1.2775031,-1.5318075,37.928806,49.23233,419.05194,419.05194,192,144,0.1,50,0.09683309,87.240486,-1.9914157
24592,Reception,3,-3.059396,1.2471005,-1.6948724,-3.0309029,1.2646836,-1.7719473,1.8330822,1.0608447,-1.6212888,53.966965,68.34384,282.81744,282.81744,192,144,0.1,50,0.09683304,90.86167,-2.1799417
24593,Studio,0,2.3577766,1.0012351,-8.651322,2.330551,1.0012351,-8.706419,0.49820292,1.0047946,-7.1583433,68.937645,84.936165,209.76573,209.76573,192,144,0.1,50,0.061456315,-128.75963,0.08551967
24593,Studio,1,1.8997957,0.874355,-8.813095,1.8725699,0.874355,-8.868192,0.6562238,1.0369784,-7.228286,57.030506,71.83919,265.04672,265.04672,192,144,0.1,50,0.061456315,-141.87935,4.6153417
24593,Studio,2,2.2910042,1.0274504,-9.036893,2.2637784,1.0274504,-9.0919895,0.41009742,0.96607846,-7.36066,64.50331,80.14945,228.2116,228.2116,192,144,0.1,50,0.061456315,-131.7069,-1.3954146
24593,Studio,3,2.1098166,0.97966707,-8.495363,2.0825908,0.97966707,-8.55046,0.35076147,1.0174364,-7.059222,90.56873,106.80543,142.57768,142.57768,192,144,0.1,50,0.061456315,-129.22914,0.95286775
24594,Workshop,0,2.7948923,1.4671357,0.80033094,4.8307953,1.4671357,0.23388195,3.4704688,0.9558474,3.6956854,89.48486,105.76505,145.30054,145.30054,192,144,0.1,50,2.1132357,166.8661,-9.757707
24594,Workshop,1,3.034958,1.4844542,0.6870649,5.070861,1.4844542,0.1206159,3.1356406,0.88087255,3.7908585,88.470894,104.78675,147.89528,147.89528,192,144,0.1,50,2.1132357,178.14206,-10.999075
24594,Workshop,2,3.1776102,1.5615361,0.8539628,5.213513,1.5615361,0.28751376,3.1690547,1.0095917,3.5097456,86.66441,103.03166,152.6371,152.6371,192,144,0.1,50,2.1132355,-179.81543,-11.740445
24594,Workshop,3,2.6255078,1.5158485,1.1217085,4.661411,1.5158485,0.5552595,3.6240432,1.07229,3.883888,94.49078,110.52476,133.13371,133.13371,192,144,0.1,50,2.1132357,160.12494,-8.587795
24595,Reception,0,0.22169471,1.5671781,1.5108376,1.3583821,1.5731771,1.9048069,0.05536604,0.96751666,-1.7754922,72.0716,88.254906,197.93878,197.93878,192,144,0.1,50,1.2505565,-2.8973982,-10.328141
24595,Reception,1,0.8737541,1.7323782,2.822546,2.0104415,1.7383772,3.216515,-0.25386417,0.891994,-2.019094,70.974915,87.099556,201.97408,201.97408,192,144,0.1,50,1.2505563,-13.110478,-9.595135
24595,Reception,2,0.7835653,1.3102167,0.9236054,1.9202527,1.3162156,1.3175747,-0.16324802,0.9666712,-1.5503107,82.70719,99.131485,163.60286,163.60286,192,144,0.1,50,1.2505565,-20.94277,-7.3896246
24595,Reception,3,-0.4625408,1.6077434,1.358552,0.6741466,1.6137424,1.7525213,0.39076272,0.97087127,-1.8221871,89.581985,105.8585,145.05443,145.05443,192,144,0.1,50,1.2505566,15.017261,-10.94529
24596,Training,0,3.0252578,1.5995207,-1.5744014,2.968273,1.3927473,-1.5633147,2.587347,1.517298,0.50564957,59.74376,74.89197,250.70831,250.70831,192,144,0.1,50,0.2148563,-168.1112,-2.2151675
24596,Training,1,2.532526,1.7347525,-1.4874079,2.475541,1.5279791,-1.4763212,2.8436728,1.4478705,0.85534644,81.39437,97.820404,167.43208,167.43208,192,144,0.1,50,0.21485631,172.43468,-6.921221
24596,Training,2,3.2538662,1.529766,-1.4489853,3.1968813,1.3229926,-1.4378986,2.4279099,1.4502268,0.8092401,68.50225,84.4709,211.4834,211.4834,192,144,0.1,50,0.21485631,-159.90977,-1.8945863
24596,Training,3,3.2887573,1.6242728,-1.7505327,3.2317724,1.4174994,-1.739446,2.8390806,1.4835955,0.76019025,67.58782,83.4904,215.15408,215.15408,192,144,0.1,50,0.21485627,-169.84586,-3.1568356
24597,Reception,0,-0.06621666,1.157342,-1.9704523,-0.10323189,1.2008955,-1.9915006,1.3629795,0.9820941,-0.59783185,91.81948,107.99918,139.49825,139.49825,192,144,0.1,50,0.07324781,133.84322,-5.053981
24597,Reception,1,-0.11094038,1.2117858,-1.4997443,-0.14795561,1.2553394,-1.5207926,1.2763617,1.0758814,-0.73437744,94.647766,110.67217,132.76828,132.76828,192,144,0.1,50,0.073247835,118.88528,-4.9025683
24597,Reception,2,0.02648712,1.1135837,-1.6860642,-0.01052811,1.1571373,-1.7071126,1.2318496,1.028511,-0.3021823,100.9995,116.54649,118.705505,118.705505,192,144,0.1,50,0.07324784,138.9441,-2.6540792
24597,Reception,3,0.96198934,1.746005,-3.3409777,0.9249741,1.7895586,-3.3620262,1.2080362,1.0396123,-0.61559826,95.32652,111.30829,131.1988,131.1988,192,144,0.1,50,0.07324794,174.84132,-14.47439
24598,Lounge,0,-0.14473799,0.9294506,-0.9877958,-0.13165496,0.9294506,-0.9445083,2.9574997,1.4219468,-2.904289,81.64299,98.06937,166.69913,166.69913,192,144,0.1,50,0.045221396,58.29315,7.691862
24598,Lounge,1,1.0563034,1.3177441,0.3226837,1.0693864,1.3177441,0.3659712,2.895627,1.5027353,-2.558581,102.530754,117.937126,115.50868,115.50868,192,144,0.1,50,0.04522138,32.553093,3.0977008
24598,Lounge,2,0.25124124,0.79197615,-0.25287604,0.26432425,0.79197615,-0.20958853,2.623176,1.3392398,-3.1804357,88.428894,104.74613,148.00375,148.00375,192,144,0.1,50,0.04522139,39.0147,8.264173
24598,Lounge,3,-0.033111796,0.8964269,-1.4036393,-0.02002877,0.8964269,-1.3603518,2.7031438,1.505194,-2.840354,75.86517,92.202,184.75928,184.75928,192,144,0.1,50,0.045221396,62.29757,11.143434
24599,OpenOffice,0,-3.4214091,1.8129038,-2.8947973,-3.6545641,1.8129038,-0.73801684,-7.384091,1.0081029,-1.9672924,65.24833,80.96117,224.95746,224.95746,192,144,0.1,50,2.1693463,-103.1735,-11.185946
24599,OpenOffice,1,-4.718902,2.0162292,-1.6486964,-4.952057,2.0162292,0.50808406,-7.223226,1.0306003,-1.7415327,78.03485,94.42548,177.71466,177.71466,192,144,0.1,50,2.1693463,-87.877,-21.469751
24599,OpenOffice,2,-4.277814,1.5133133,-2.898192,-4.510969,1.5133133,-0.74141145,-7.049268,0.99669147,-2.0135489,94.96778,110.97234,132.02618,132.02618,192,144,0.1,50,2.1693463,-107.702995,-10.069668
24599,OpenOffice,3,-3.40339,1.7274,-2.4796803,-3.636545,1.7274,-0.3228999,-7.210539,1.0659615,-1.6701416,67.43822,83.32955,215.76299,215.76299,192,144,0.1,50,2.1693463,-102.00438,-9.644514
24600,Training,0,-1.536251,1.773652,1.2218778,-3.157803,1.773652,-0.06608498,1.0344073,1.4552635,-2.101881,79.90556,96.32303,171.90001,171.90001,192,144,0.1,50,2.070816,37.719048,-4.333202
24600,Training,1,-1.521054,1.7157573,1.5505118,-3.1426063,1.7157573,0.262549,1.0658755,1.3120764,-1.8682714,62.8736,78.36324,235.5695,235.5695,192,144,0.1,50,2.0708163,37.114113,-5.379056
24600,Training,2,-1.2405769,1.7129703,1.1991637,-2.862129,1.7129703,-0.08879912,1.2845819,1.389955,-2.3157153,60.89995,76.18055,244.95232,244.95232,192,144,0.1,50,2.070816,35.694218,-4.2683787
24600,Training,3,-0.47883213,1.6089898,2.047065,-2.1003842,1.6089898,0.7591022,1.1239216,1.4044975,-2.0947106,83.96897,100.38347,160.0153,160.0153,192,144,0.1,50,2.070816,21.155075,-2.6363628
24601,Workshop,0,1.6828437,1.7200708,-2.077697,3.475482,1.7200708,-3.2518783,-0.34753627,1.4327658,2.6830883,45.666954,58.619587,342.00296,342.00296,192,144,0.1,50,2.1429543,-156.90273,-3.1772695
24601,Workshop,1,1.7855716,1.6435198,-1.847663,3.5782099,1.6435198,-3.0218444,-0.3070427,1.48827,2.7045374,40.21143,52.0323,393.3769,393.3769,192,144,0.1,50,2.1429543,-155.3121,-1.7748601
24601,Workshop,2,2.060591,1.5933303,-3.152224,3.8532293,1.5933303,-4.3264055,-0.3182675,1.4215239,2.3667357,45.18539,58.044224,346.06213,346.06213,192,144,0.1,50,2.1429546,-156.68233,-1.6375041
24601,Workshop,3,2.3566594,1.5567105,-2.5389237,4.1492977,1.5567105,-3.713105,-0.15445325,1.3735703,2.5163343,41.248867,53.296474,382.61026,382.61026,192,144,0.1,50,2.1429543,-153.5849,-1.8583266
24602,Library,0,-2.8136413,1.2898046,-0.33520842,-2.8616014,1.1071239,-0.2212491,-3.3247654,1.0110116,2.32748,42.05712,54.277668,374.57465,374.57465,192,144,0.1,50,0.24273628,-169.1338,-5.870876
24602,Library,1,-3.343291,1.3268133,-0.5093622,-3.391251,1.1441326,-0.3954029,-3.2641969,1.0803775,2.038674,36.362988,47.297276,438.45572,438.45572,192,144,0.1,50,0.24273622,178.22205,-5.5215936
24602,Library,2,-2.1875997,1.4630206,-0.8279519,-2.2355597,1.2803398,-0.7139926,-3.558007,0.89840263,2.3706298,30.165363,39.529633,534.32983,534.32983,192,144,0.1,50,0.24273627,-156.80766,-9.216283
24602,Library,3,-2.0234008,1.3360023,-0.31347245,-2.0713606,1.1533216,-0.19951315,-3.0045109,1.0554249,2.2418847,35.325172,46.008442,452.23102,452.23102,192,144,0.1,50,0.24273622,-158.99608,-5.852614
24603,Reception,0,0.4105971,0.82728183,0.0037140846,0.3764176,0.85960877,0.020115256,-0.7093997,1.4177343,-4.730688,44.00579,56.629795,356.3607,356.3607,192,144,0.1,50,0.05113159,-13.30953,6.91989
24603,Reception,1,0.31081903,0.7320233,-0.2994733,0.27663952,0.76435024,-0.2830721,-0.39921835,1.5567049,-4.8006124,70.17526,86.25307,204.98532,204.98532,192,144,0.1,50,0.05113161,-8.964319,10.258258
24603,Reception,2,0.037568808,0.82030207,0.102496915,0.0033893287,0.852629,0.118898086,-0.5614134,1.4215149,-4.730643,59.06264,74.12942,254.19481,254.19481,192,144,0.1,50,0.051131595,-7.0647764,7.0375237
24603,Reception,3,-0.1896593,0.73972946,-0.025047328,-0.22383878,0.7720564,-0.008646157,-0.5353404,1.5619795,-4.4438953,63.113174,78.62673,234.46654,234.46654,192,144,0.1,50,0.051131595,-4.4730697,10.509533
24604,Conference,0,4.7582607,1.8819126,1.1268711,7.04003,1.8819126,4.069215,1.1879234,1.0023347,-3.0551152,31.033525,40.627712,518.65796,518.65796,192,144,0.1,50,3.7234201,-40.488777,-9.088011
24604,Conference,1,3.6543458,1.3341587,-0.66801333,5.9361153,1.3341587,2.2743304,1.3889061,0.99148226,-3.164311,43.007847,55.427643,365.49188,365.49188,192,144,0.1,50,3.7234204,-42.224365,-5.804401
24604,Conference,2,2.9429855,1.7996044,-0.6849328,5.224755,1.7996044,2.257411,1.1381323,1.0190064,-2.7933145,76.92353,93.289665,181.28099,181.28099,192,144,0.1,50,3.7234201,-40.56476,-15.709034
24604,Conference,3,3.4059396,1.2504985,-0.42894113,5.687709,1.2504985,2.5134025,1.3311372,1.0295799,-2.9157276,47.260487,60.51493,329.1293,329.1293,192,144,0.1,50,3.7234201,-39.839283,-3.9022725
24605,Library,0,1.762351,1.5489571,-3.971941,1.0885811,1.7325054,-4.013718,0.4191921,1.438813,4.0559034,40.178665,51.992287,393.72562,393.72562,192,144,0.1,50,0.7061838,-170.50168,-0.7752885
24605,Library,1,2.1449082,1.4983416,-3.8466992,1.4711384,1.6818899,-3.8884764,0.58236,1.4616148,3.8692763,45.93675,58.94141,339.76404,339.76404,192,144,0.1,50,0.7061838,-168.55196,-0.26729038
24605,Library,2,1.3074608,1.4914709,-3.418652,0.6336909,1.6750193,-3.4604292,0.7368174,1.3286607,4.3511972,37.79513,49.067585,420.64792,420.64792,192,144,0.1,50,0.70618373,-175.79955,-1.1971824
24605,Library,3,1.5449333,1.5062925,-3.774574,0.87116337,1.6898408,-3.8163512,0.6721858,1.3631425,4.149113,29.220116,38.330532,552.42694,552.42694,192,144,0.1,50,0.70618373,-173.71454,-1.0287772
24606,Workshop,0,-2.4852035,1.6775364,2.712575,-2.5368216,1.694444,2.7121859,3.726304,0.98125124,3.0056403,34.613354,45.121616,462.1411,462.1411,192,144,0.1,50,0.06803587,92.70127,-6.388879
24606,Workshop,1,-0.5603769,2.1142862,2.1192565,-0.611995,2.1311939,2.1188674,3.4806333,0.8752601,2.87126,38.800877,50.30502,408.90015,408.90015,192,144,0.1,50,0.068035886,100.541756,-16.774797
24606,Workshop,2,-2.6065419,1.7621571,2.4186606,-2.65816,1.7790647,2.4182715,4.061659,0.832555,3.0116293,41.672146,53.810726,378.3649,378.3649,192,144,0.1,50,0.06803581,95.08165,-7.905555
24606,Workshop,3,-2.6871257,1.596605,2.886331,-2.7387438,1.6135125,2.885942,3.3982892,0.944215,3.2688277,37.28561,48.438854,426.83224,426.83224,192,144,0.1,50,0.06803598,93.59657,-6.1070914
24607,Conference,0,-2.2576995,1.1854595,2.003162,-2.1706564,1.1999888,2.2155414,-0.793075,1.0019408,-2.2662194,70.19493,86.27393,204.91052,204.91052,192,144,0.1,50,0.29223847,18.93469,-2.3283
24607,Conference,1,-1.9596697,1.1032836,2.00902,-1.8726267,1.117813,2.2213995,-1.0496545,0.87302125,-2.515371,52.830906,67.03467,289.88977,289.88977,192,144,0.1,50,0.2922385,11.372471,-2.8563654
24607,Conference,2,-1.373323,0.84671205,2.7327201,-1.2862799,0.8612414,2.9450996,-0.8462123,1.0036659,-2.223577,71.91535,88.090675,198.50722,198.50722,192,144,0.1,50,0.29223853,6.070685,1.8036473
24607,Conference,3,-2.0243862,1.2310256,2.1522129,-1.937343,1.2455549,2.3645923,-1.0582774,1.0351104,-2.3319447,48.73423,62.255917,317.93115,317.93115,192,144,0.1,50,0.29223862,12.158485,-2.4456449
24608,Conference,0,3.0279665,0.9752573,-0.86259866,3.032541,1.1427171,-0.8212816,-0.1630128,1.0275185,-1.3239427,76.58182,92.93913,182.39511,182.39511,192,144,0.1,50,0.17459163,-81.77332,0.9286415
24608,Conference,1,2.6191509,0.9975769,-0.8641292,2.6237254,1.1650368,-0.82281214,0.014850169,1.0811,-0.97832406,75.2969,91.61557,186.66109,186.66109,192,144,0.1,50,0.17459168,-87.48927,1.8351536
24608,Conference,2,2.8143156,1.4224124,0.5421765,2.81889,1.5898722,0.58349353,0.12822995,1.1244074,-1.5433776,46.329216,59.40889,336.55118,336.55118,192,144,0.1,50,0.17459165,-52.173206,-5.0081005
24608,Conference,3,3.1091356,1.2494338,-1.7359436,3.1137102,1.4168936,-1.6946266,0.07468036,1.1115153,-1.4647685,61.104992,76.4083,243.9521,243.9521,192,144,0.1,50,0.17459165,-95.10669,-2.5920339
24609,Coworking,0,3.1107726,2.1559584,1.3261642,2.7766213,1.9584968,0.9341306,1.386255,1.4378464,-3.9597616,49.378582,63.013508,313.23264,313.23264,192,144,0.1,50,0.5994589,-18.068762,-7.3592386
24609,Coworking,1,3.3095932,2.1821835,1.8631988,2.975442,1.9847218,1.4711652,1.3078347,1.3753656,-4.1138444,32.963787,43.05778,486.70056,486.70056,192,144,0.1,50,0.59945875,-18.516102,-7.2941113
24609,Coworking,2,2.9418938,2.1155953,0.76672405,2.6077425,1.9181336,0.3746904,1.5121157,1.4902842,-3.6131403,39.41875,51.062817,401.96915,401.96915,192,144,0.1,50,0.5994589,-18.078936,-7.729013
24609,Coworking,3,2.836437,2.2310808,1.268273,2.5022857,2.0336192,0.87623936,1.368153,1.4131156,-3.7384129,49.4061,63.04581,313.03455,313.03455,192,144,0.1,50,0.59945863,-16.34455,-8.909857
24610,OpenOffice,0,2.2111588,1.6360527,-1.8237438,1.7831882,1.6360527,-3.8974216,4.451764,1.0081227,-0.0056587197,56.251915,70.95571,269.39423,269.39423,192,144,0.1,50,2.1173801,129.05676,-12.277309
24610,OpenOffice,1,2.3364303,1.6995486,-1.528478,1.9084598,1.6995486,-3.602156,4.5095406,1.0910932,0.08737004,84.24972,100.66095,159.22903,159.22903,192,144,0.1,50,2.1173804,126.633194,-12.663282
24610,OpenOffice,2,2.1587746,1.7332543,-1.4901217,1.7308041,1.7332543,-3.5637994,4.6937003,0.9573482,-0.14398924,56.526394,71.26755,267.84906,267.84906,192,144,0.1,50,2.11738,117.96984,-15.127399
24610,OpenOffice,3,2.2786274,1.5838189,-2.1302073,1.850657,1.5838189,-4.203885,4.7906256,0.9091145,-0.23542431,57.66916,72.56139,261.56097,261.56097,192,144,0.1,50,2.1173801,127.027,-12.102743
24611,Breakroom,0,-0.16493654,1.6272842,1.7784505,-1.931746,1.6272842,0.9932915,2.0009482,1.3049781,-2.1649983,28.328558,37.196262,570.57806,570.57806,192,144,0.1,50,1.9334141,28.777185,-4.0975547
24611,Breakroom,1,1.4257014,2.1625197,1.8395605,-0.34110808,2.1625197,1.0544015,1.976356,1.2402794,-1.9663604,39.137726,50.718372,405.09552,405.09552,192,144,0.1,50,1.9334141,8.2326355,-13.485988
24611,Breakroom,2,-2.0569572,1.8579578,1.0242488,-3.8237667,1.8579578,0.2390899,1.8233494,1.2755839,-1.8761029,30.84523,40.389816,521.9839,521.9839,192,144,0.1,50,1.9334141,53.22357,-6.854881
24611,Breakroom,3,-0.3867432,1.5539796,2.446671,-2.1535525,1.5539796,1.6615121,2.3394585,1.3235528,-1.8241098,33.48842,43.715473,478.63492,478.63492,192,144,0.1,50,1.933414,32.551636,-2.603927
24612,Breakroom,0,4.275221,1.2111335,-1.7927356,3.6947408,0.9899935,-2.0276425,0.98548174,1.0200137,0.20431076,75.90869,92.24685,184.61461,184.61461,192,144,0.1,50,0.830718,-121.25999,-2.8430574
24612,Breakroom,1,4.324222,1.1634275,-2.0701182,3.7437422,0.9422875,-2.305025,0.6851087,1.1007727,0.2586947,74.547806,90.83994,189.20573,189.20573,192,144,0.1,50,0.8307179,-122.61678,-0.8308344
24612,Breakroom,2,4.0986185,1.2892791,-1.4972086,3.5181384,1.0681392,-1.7321155,1.0083015,1.0801535,0.3740675,82.81479,99.23855,163.29346,163.29346,192,144,0.1,50,0.8307181,-121.19612,-3.3129237
24612,Breakroom,3,4.376593,1.2036821,-1.371659,3.796113,0.9825421,-1.606566,0.9833999,1.0131383,0.33029038,72.22566,88.41669,197.38042,197.38042,192,144,0.1,50,0.8307179,-116.637314,-2.873526
24613,Lounge,0,1.9287775,0.998888,-2.131592,1.8951617,0.998888,-2.078897,1.2784741,0.98364437,-0.28675678,80.754135,97.177864,169.33672,169.33672,192,144,0.1,50,0.06250426,-160.58247,-0.44649088
24613,Lounge,1,1.674539,0.95861155,-2.1756928,1.6409233,0.95861155,-2.1229978,0.9344413,0.9105884,-0.011829793,97.22257,113.07446,126.90268,126.90268,192,144,0.1,50,0.06250426,-161.11798,-1.2029754
24613,Lounge,2,1.9615631,1.0125796,-1.8448293,1.9279474,1.0125796,-1.7921343,1.28491,1.039321,-0.13212126,83.069176,99.49147,162.56454,162.56454,192,144,0.1,50,0.06250426,-158.44211,0.8319506
24613,Lounge,3,1.7991738,0.9434109,-1.7600545,1.7655581,0.9434109,-1.7073594,1.6098638,1.0420172,-0.12928247,67.512634,83.40959,215.45978,215.45978,192,144,0.1,50,0.06250426,-173.3784,3.4372098
24614,Reception,0,1.7831454,2.5538948,-3.0223336,1.953152,2.4612913,-3.1248503,-1.3924626,0.97304595,-1.0081105,60.68679,75.943535,245.99855,245.99855,192,144,0.1,50,0.2531153,-122.386116,-22.800877
24614,Reception,1,2.0353012,2.653632,-3.9903846,2.2053077,2.5610285,-4.092901,-1.1394686,0.8845389,-1.0213686,67.03421,82.894585,217.41922,217.41922,192,144,0.1,50,0.25311527,-133.0819,-22.145945
24614,Reception,2,-0.05583954,1.9097755,-3.0065248,0.114166975,1.817172,-3.1090415,-1.7177348,0.9864428,-0.97110426,81.13115,97.55649,168.21213,168.21213,192,144,0.1,50,0.25311533,-140.7688,-19.360645
24614,Reception,3,3.6377025,1.9655981,-2.3514106,3.8077087,1.8729947,-2.4539273,-1.3634075,1.014508,-1.0156009,43.720745,56.286938,358.92838,358.92838,192,144,0.1,50,0.25311515,-104.954735,-10.411097
24615,Coworking,0,-4.4611387,1.5015787,-0.9499713,-4.4684243,1.2828779,-0.8162107,4.086805,1.4385346,-1.6010951,79.94417,96.362,171.78242,171.78242,192,144,0.1,50,0.25996163,85.64401,-0.42134815
24615,Coworking,1,-4.107936,1.5272399,-0.81934243,-4.1152215,1.3085392,-0.6855818,4.384212,1.3352367,-1.5837445,71.15407,87.288734,201.3075,201.3075,192,144,0.1,50,0.25996163,84.85651,-1.289995
24615,Coworking,2,-3.517779,1.8821925,-1.9300396,-3.5250647,1.6634917,-1.796279,4.037394,1.370167,-1.6486068,102.36809,117.78985,115.84502,115.84502,192,144,0.1,50,0.25996163,92.1333,-3.8744142
24615,Coworking,3,-4.829134,1.3604287,-0.7916934,-4.8364196,1.1417279,-0.65793276,4.002494,1.5604266,-1.4400014,58.66265,73.68041,256.27658,256.27658,192,144,0.1,50,0.25996166,85.80159,1.293798
24616,Workshop,0,1.0951962,1.5231634,-0.6235266,2.4974165,1.5231634,-1.7709212,0.09068123,1.218289,-2.6443853,76.937584,93.30408,181.23534,181.23534,192,144,0.1,50,1.8118322,-26.430748,-7.6937623
24616,Workshop,1,0.76536036,1.7130077,-1.2469416,2.1675806,1.7130077,-2.3943362,0.4138773,1.1547165,-2.7939777,78.01468,94.40493,177.77861,177.77861,192,144,0.1,50,1.8118322,-12.800178,-19.387463
24616,Workshop,2,0.7351012,1.4980437,-0.5828795,2.1373215,1.4980437,-1.7302741,0.3426172,1.3557692,-2.6949272,67.28237,83.16187,216.3998,216.3998,192,144,0.1,50,1.8118322,-10.527251,-3.789134
24616,Workshop,3,1.1151205,1.554141,-0.31925926,2.517341,1.554141,-1.466654,0.027460493,1.2625648,-2.3872738,95.31223,111.294914,131.23169,131.23169,192,144,0.1,50,1.8118323,-27.741861,-7.1129813
24617,Workshop,0,-1.6879923,1.0905433,4.0299377,0.8374536,1.0905433,2.9664292,-2.9847372,1.1125079,-6.167005,41.09615,53.110706,384.16254,384.16254,192,144,0.1,50,2.7402422,-7.2474003,0.122431435
24617,Workshop,1,-1.6989006,1.1212302,3.7182791,0.8265453,1.1212302,2.6547706,-2.990677,1.1536572,-5.859203,64.404305,80.04136,228.64906,228.64906,192,144,0.1,50,2.7402422,-7.6814947,0.19224766
24617,Workshop,2,-1.1298273,1.0996406,3.8435736,1.3956187,1.0996406,2.780065,-2.8983877,1.0986912,-5.923209,55.736057,70.368546,272.33603,272.33603,192,144,0.1,50,2.7402422,-10.263852,-0.005480327
24617,Workshop,3,-2.8521829,1.2115802,1.7866039,-0.32673693,1.2115802,0.7230954,-3.2969756,1.1561104,-6.099253,81.727325,98.15374,166.45134,166.45134,192,144,0.1,50,2.7402422,-3.2282822,-0.40237695
24618,Training,0,-3.4117837,1.0186758,6.4698453,-1.6973003,1.0186758,8.236283,5.3641353,1.55,7.4359655,34.864994,45.435394,458.59286,458.59286,192,144,0.1,50,7.0649757,96.282265,3.443898
24618,Training,1,-2.9208462,1.0700153,6.221096,-1.2063628,1.0700153,7.987534,5.34584,1.4562902,7.622195,33.769104,44.066856,474.41962,474.41962,192,144,0.1,50,7.0649757,99.6195,2.637733
24618,Training,2,-4.2565265,1.2778282,5.312357,-2.5420432,1.2778282,7.078795,5.479069,1.4801784,7.4032707,29.919384,39.217945,538.9316,538.9316,192,144,0.1,50,7.0649757,102.121284,1.1641577
24618,Training,3,-1.9031407,1.5669059,5.2867546,-0.18865728,1.5669059,7.053193,5.384279,1.592829,7.3486047,58.88507,73.93018,255.11583,255.11583,192,144,0.1,50,7.064975,105.79795,0.19611578
24619,Coworking,0,2.3766294,1.9908265,1.3582249,2.836679,1.9675868,-1.6910288,-1.3276726,1.0066317,-0.040106185,63.66464,79.23206,231.95598,231.95598,192,144,0.1,50,3.0840502,-69.31906,-13.959054
24619,Coworking,1,1.8065784,2.2558382,1.9186254,2.266628,2.2325983,-1.1306283,-1.6466479,0.9512446,-0.06291679,75.30784,91.62687,186.62425,186.62425,192,144,0.1,50,3.08405,-60.15179,-18.142664
24619,Coworking,2,3.806909,2.5025175,1.4784873,4.2669587,2.4792778,-1.5707664,-1.546255,1.1483049,-0.33022463,41.466946,53.561527,380.4127,380.4127,192,144,0.1,50,3.08405,-71.33107,-13.477514
24619,Coworking,3,2.7899077,2.0821676,1.0769622,3.2499573,2.058928,-1.9722915,-1.629108,0.9884869,-0.23219478,43.537376,56.066162,360.59705,360.59705,192,144,0.1,50,3.0840504,-73.497795,-13.349349
24620,Workshop,0,1.8709695,1.6715155,-0.058572784,1.812594,1.5131682,-0.095843524,0.054974645,0.79080826,3.2823322,68.28465,84.23799,212.34904,212.34904,192,144,0.1,50,0.17382045,-151.47311,-13.040283
24620,Workshop,1,1.889349,1.5358624,0.8525954,1.8309735,1.3775151,0.81532466,0.19290271,0.6611978,3.0542607,96.4282,112.33643,128.6871,128.6871,192,144,0.1,50,0.17382057,-142.38472,-17.468344
24620,Workshop,2,2.221091,1.660077,-0.14275432,2.1627154,1.5017297,-0.18002507,-0.2749603,0.85521615,3.0859363,84.74816,101.15266,157.84346,157.84346,192,144,0.1,50,0.17382051,-142.29294,-11.156726
24620,Workshop,3,1.6191158,1.8018008,0.18468812,1.5607404,1.6434536,0.14741738,-0.20944372,0.80527914,3.5307546,55.736015,70.3685,272.33627,272.33627,192,144,0.1,50,0.17382047,-151.34427,-14.646164
24621,Library,0,-3.8122568,1.6980803,1.6472173,-1.172818,1.6980803,0.7225217,-1.1712303,0.9854495,-1.635462,69.09374,85.10271,209.15456,209.15456,192,144,0.1,50,2.7967303,38.817856,-9.600297
24621,Library,1,-3.7171512,1.6606456,1.1902695,-1.0777122,1.6606456,0.26557392,-1.5104356,0.9247722,-1.3181627,76.90478,93.27045,181.34192,181.34192,192,144,0.1,50,2.7967303,41.338707,-12.421624
24621,Library,2,-4.217476,1.3475195,3.0237958,-1.5780369,1.3475195,2.0991004,-1.4502797,0.9879575,-1.657716,65.94168,81.71387,221.98781,221.98781,192,144,0.1,50,2.7967303,30.586924,-3.782773
24621,Library,3,-4.3026896,1.6966442,3.099019,-1.6632509,1.6966442,2.1743233,-1.459994,0.8919378,-1.9208313,41.87331,54.054813,376.376,376.376,192,144,0.1,50,2.7967298,29.522486,-7.9410205
24622,Breakroom,0,3.635932,1.2456872,2.2535884,5.997299,1.2456872,2.341978,5.5561104,1.0149688,-0.9113931,80.58237,97.00513,169.85194,169.85194,192,144,0.1,50,2.363021,31.244978,-3.5662923
24622,Breakroom,1,3.5683668,1.3779958,1.3148518,5.9297338,1.3779958,1.4032414,5.579079,0.9422869,-0.7941507,92.72852,108.86228,137.30072,137.30072,192,144,0.1,50,2.3630207,43.633266,-8.504281
24622,Breakroom,2,3.4931448,1.2065265,2.5340576,5.854512,1.2065265,2.622447,5.4505453,0.8793669,-1.2475262,72.777435,88.99509,195.39738,195.39738,192,144,0.1,50,2.3630211,27.366716,-4.39349
24622,Breakroom,3,3.9202638,1.3422239,2.569854,6.281631,1.3422239,2.6582437,5.619753,1.0940621,-0.8351759,83.26054,99.68152,162.01862,162.01862,192,144,0.1,50,2.363021,26.524305,-3.7309673
24623,Reception,0,1.31147,0.93901026,1.2230179,0.93981576,0.8417595,1.5919241,3.375703,0.9693569,-0.6244429,66.78384,82.62457,218.45451,218.45451,192,144,0.1,50,0.623446,48.171886,0.62762475
24623,Reception,1,1.4517316,0.9869958,1.5288541,1.0800773,0.88974506,1.8977603,3.227807,1.0480707,-0.355527,61.63257,76.99326,241.40622,241.40622,192,144,0.1,50,0.62344605,43.305225,1.3511211
24623,Reception,2,1.2241179,0.9528801,1.5485897,0.8524636,0.8556293,1.9174958,3.4466138,1.0572734,-0.6375333,71.87917,88.05265,198.6391,198.6391,192,144,0.1,50,0.62344605,45.472706,1.9179208
24623,Reception,3,1.0510724,1.1126835,1.7730672,0.67941815,1.0154328,2.1419735,3.0341382,0.95559114,-0.36372373,79.515755,95.92911,173.09277,173.09277,192,144,0.1,50,0.6234459,42.863102,-3.084528
24624,Workshop,0,-2.903485,2.546096,0.57671547,-5.0412674,2.546096,-2.554787,0.99094963,1.0151756,2.7231505,95.08887,111.0858,131.74638,131.74638,192,144,0.1,50,3.791625,118.86155,-18.997387
24624,Workshop,1,-2.8568823,2.481866,0.8843858,-4.9946647,2.481866,-2.2471166,1.1438763,0.90624535,2.611293,87.291435,103.642624,150.9735,150.9735,192,144,0.1,50,3.791625,113.347206,-19.879168
24624,Workshop,2,-1.869481,2.622398,0.25102803,-4.007263,2.622398,-2.8804743,0.9539845,1.0323116,2.8684778,94.90604,110.91446,132.16908,132.16908,192,144,0.1,50,3.7916248,132.83157,-22.440746
24624,Workshop,3,-2.9463382,2.7162356,0.093690306,-5.0841208,2.7162356,-3.037812,0.7112781,1.0237757,2.8230362,65.82053,81.58254,222.50269,222.50269,192,144,0.1,50,3.791625,126.73064,-20.347372
24625,Workshop,0,3.4214664,1.6102117,-1.3740203,3.4067159,1.7565452,-1.4527998,-0.19875732,1.0132692,1.5847785,49.84639,63.562138,309.89288,309.89288,192,144,0.1,50,0.16689903,-129.25903,-7.2758174
24625,Workshop,1,3.4359555,1.5836482,-1.6297066,3.421205,1.7299817,-1.7084861,-0.4664481,1.0552382,1.2387275,44.00464,56.62841,356.371,356.371,192,144,0.1,50,0.16689906,-126.31748,-6.22653
24625,Workshop,2,3.1432292,1.6916811,-1.3547406,3.1284788,1.8380146,-1.4335201,-0.24493954,1.0980551,1.3659813,59.698853,74.84177,250.93599,250.93599,192,144,0.1,50,0.16689904,-128.7647,-7.7791348
24625,Workshop,3,3.350022,1.5171633,-1.9205428,3.3352716,1.6634967,-1.9993223,-0.020451486,0.89870524,1.8969843,56.347015,71.06381,268.8573,268.8573,192,144,0.1,50,0.16689906,-138.5589,-6.9243627
24626,Breakroom,0,-1.7602642,1.7137232,-1.8527223,-1.6824661,1.6672251,-1.8313675,1.656832,0.99563617,-0.23195267,77.22302,93.5964,180.31137,180.31137,192,144,0.1,50,0.10615107,115.37554,-10.75079
24626,Breakroom,1,-1.2846625,1.6513053,-2.9666905,-1.2068644,1.6048073,-2.9453359,1.3420179,0.9766823,-0.22527403,78.82576,95.229935,175.22813,175.22813,192,144,0.1,50,0.10615111,136.22444,-10.075578
24626,Breakroom,2,-0.856347,2.3921013,0.7152058,-0.778549,2.3456032,0.7365606,1.6322278,1.1110198,0.033873647,86.63363,103.00162,152.71927,152.71927,192,144,0.1,50,0.10615106,74.68854,-26.404982
24626,Breakroom,3,-0.34950054,1.9212071,-2.86314,-0.27170253,1.874709,-2.8417852,1.314081,1.1321169,-0.30903754,56.168064,70.860374,269.86902,269.86902,192,144,0.1,50,0.106151134,146.92232,-14.514034
24627,Breakroom,0,4.2982574,1.1836296,4.8811636,3.687561,1.340037,5.6544304,0.9052421,1.4306144,4.933989,63.77502,79.35302,231.45811,231.45811,192,144,0.1,50,1.0774391,-90.89196,4.162834
24627,Breakroom,1,4.1933246,1.2874646,4.599885,3.5826285,1.443872,5.373152,1.0494933,1.3366275,4.805564,86.14109,102.520294,154.0404,154.0404,192,144,0.1,50,1.0774385,-93.74313,0.8940008
24627,Breakroom,2,4.3562346,1.277439,4.279691,3.7455382,1.4338464,5.052958,0.8968476,1.4307654,4.6187425,55.213497,69.77226,275.36758,275.36758,192,144,0.1,50,1.077439,-95.59763,2.5257075
24627,Breakroom,3,4.3344345,1.2699249,5.2038946,3.7237382,1.4263322,5.9771614,0.93056905,1.4594104,4.7638774,44.07226,56.709694,355.76642,355.76642,192,144,0.1,50,1.0774392,-82.63423,3.1599994
24628,Training,0,4.8018622,0.82635295,4.546787,4.899234,1.0343565,4.5938926,2.5947192,0.75,-0.2784174,55.71168,70.34077,272.4763,272.4763,192,144,0.1,50,0.2425786,-24.580286,-0.8244187
24628,Training,1,5.1793475,0.7916935,4.711686,5.276719,0.999697,4.758792,2.7761614,0.8269462,-0.10700843,60.507977,75.744514,246.8814,246.8814,192,144,0.1,50,0.24257852,-26.506414,0.3750993
24628,Training,2,4.346392,0.84313285,4.4427595,4.4437637,1.0511364,4.4898653,2.5787055,0.6392912,-0.29283813,84.56928,100.97634,158.33917,158.33917,192,144,0.1,50,0.24257846,-20.469414,-2.3092966
24628,Training,3,4.47758,0.76007074,4.696659,4.5749516,0.96807426,4.743765,2.8917985,0.83927846,-0.4783033,74.10216,90.37711,190.74042,190.74042,192,144,0.1,50,0.24257855,-17.036816,0.8384223
24629,Coworking,0,5.08782,2.040784,-0.15658402,4.935884,2.1325424,-0.25408846,2.2704911,1.3798535,-1.5314088,59.25546,74.345535,253.20044,253.20044,192,144,0.1,50,0.23535985,-63.988144,-11.905375
24629,Coworking,1,4.828318,1.9454288,-0.13693306,4.676382,2.0371873,-0.2344375,2.3790708,1.2816998,-1.517063,55.640987,70.26018,272.88367,272.88367,192,144,0.1,50,0.23535989,-60.599113,-13.283768
24629,Coworking,2,4.7395587,2.133927,-0.2725593,4.5876226,2.2256856,-0.37006372,2.0027978,1.4725527,-1.6328012,75.48781,91.812775,186.01945,186.01945,192,144,0.1,50,0.23535992,-63.57142,-12.21091
24629,Coworking,3,4.5347795,2.1910207,-0.52760696,4.382844,2.2827792,-0.62511134,2.2555737,1.5135252,-1.2632903,78.57162,94.97179,176.02257,176.02257,192,144,0.1,50,0.23535955,-72.11093,-15.795122
24630,Lounge,0,2.1294584,1.7210813,2.7924867,2.1183498,1.6778169,2.8338213,4.9775534,1.028868,4.2807417,71.14481,87.27897,201.34186,201.34186,192,144,0.1,50,0.06166751,117.58904,-12.156237
24630,Lounge,1,2.4058967,1.6979719,2.79688,2.394788,1.6547076,2.8382146,4.849545,1.0233171,4.044321,80.53619,96.958664,169.99077,169.99077,192,144,0.1,50,0.06166751,117.04354,-13.814843
24630,Lounge,2,2.1095588,1.6692239,2.4953897,2.0984502,1.6259595,2.5367243,4.932824,1.1201148,4.29863,92.25402,108.41223,138.44362,138.44362,192,144,0.1,50,0.061667494,122.56668,-9.308752
24630,Lounge,3,2.0280273,1.2119131,4.9084463,2.0169187,1.1686487,4.9497805,5.064571,1.0681256,4.2038393,70.42903,86.52207,204.02325,204.02325,192,144,0.1,50,0.06166715,76.93614,-2.641
24631,Coworking,0,1.598135,1.5182604,-4.186227,0.8680188,1.613559,-3.0615096,2.7235835,1.5079072,-2.607159,82.66182,99.08631,163.73354,163.73354,192,144,0.1,50,1.388644,144.52141,-0.30591047
24631,Coworking,1,2.4626532,1.5154521,-5.1194444,1.732537,1.6107508,-3.9947271,2.5421295,1.3605196,-2.6672497,60.725185,75.986244,245.80962,245.80962,192,144,0.1,50,1.388644,178.14369,-3.613316
24631,Coworking,2,1.2678378,1.2904392,-3.285112,0.53772163,1.3857379,-2.1603947,2.990076,1.5924394,-2.9403374,57.300064,72.14429,263.56683,263.56683,192,144,0.1,50,1.3886443,101.32039,9.756142
24631,Coworking,3,1.0834279,1.4191281,-3.7169156,0.35331172,1.5144267,-2.5921984,2.691267,1.6041701,-2.3167984,95.17971,111.170876,131.53683,131.53683,192,144,0.1,50,1.3886441,131.04958,4.9603963
24632,Reception,0,-0.6942742,1.2498019,-2.2580543,-1.0417314,1.2498019,-1.9053245,-2.8534472,1.229469,-1.3649548,75.773186,92.10719,185.06548,185.06548,192,144,0.1,50,0.495121,-112.471466,-0.4985734
24632,Reception,1,-0.9783968,1.358506,-2.8188674,-1.325854,1.358506,-2.4661376,-2.5127702,1.2227839,-1.4751202,85.6748,102.063515,155.3024,155.3024,192,144,0.1,50,0.495121,-131.21066,-3.807051
24632,Reception,2,-0.9242222,1.2274398,-2.1409576,-1.2716793,1.2274398,-1.7882278,-3.016386,1.2652823,-1.2502126,77.28505,93.65987,180.11134,180.11134,192,144,0.1,50,0.49512094,-113.06203,0.95343924
24632,Reception,3,-0.44907573,1.3419304,-2.0820794,-0.79653287,1.3419304,-1.7293495,-2.515826,1.197464,-1.1961242,51.058853,64.97864,301.50366,301.50366,192,144,0.1,50,0.49512106,-113.20339,-3.6759827
24633,Conference,0,-1.6412363,0.9942249,3.3052404,-1.5894778,0.9942249,3.325809,-5.8169065,0.9949133,1.7294241,52.15517,66.25264,294.23187,294.23187,192,144,0.1,50,0.055695716,-69.32447,0.008837081
24633,Conference,1,-1.2610773,1.0948377,2.5449917,-1.2093188,1.0948377,2.5655603,-5.5374293,0.9996673,1.4704067,63.009487,78.51273,234.94298,234.94298,192,144,0.1,50,0.055695716,-75.89446,-1.236481
24633,Conference,2,-1.897525,1.1291767,2.359201,-1.8457664,1.1291767,2.3797693,-6.0617905,0.85859144,1.5599815,77.864555,94.251854,178.2556,178.2556,192,144,0.1,50,0.05569563,-79.13571,-3.6512804
24633,Conference,3,-1.5165212,0.9104882,2.911108,-1.4647627,0.9104882,2.9316766,-5.733136,0.8521243,1.762317,46.993664,60.198486,331.22745,331.22745,192,144,0.1,50,0.055695716,-74.759995,-0.7651199
24634,Coworking,0,-2.1710708,1.9044397,-2.4247618,-1.54075,1.8138647,-2.452029,-0.29234838,1.3123254,-0.853342,28.127691,36.94028,574.82294,574.82294,192,144,0.1,50,0.64835674,129.91011,-13.590539
24634,Coworking,1,-2.6998155,2.0078273,-2.25934,-2.0694947,1.9172523,-2.2866073,-0.043052703,1.4413095,-0.73715067,29.94094,39.245266,538.5254,538.5254,192,144,0.1,50,0.6483567,119.81051,-10.482299
24634,Coworking,2,-1.1213076,2.2381155,-2.7333875,-0.49098682,2.1475406,-2.7606547,-0.29546946,1.2725501,-0.55755365,38.78115,50.280796,409.12494,409.12494,192,144,0.1,50,0.64835674,159.21573,-22.533026
24634,Coworking,3,-2.6921036,1.8004882,-1.5139523,-2.0617828,1.7099133,-1.5412195,-0.40347725,1.1898948,-0.56918085,33.525158,43.761482,478.07928,478.07928,192,144,0.1,50,0.6483567,112.431404,-13.853196
24635,Coworking,0,-2.7436333,1.6638105,-0.8041992,0.12426686,1.8797119,-1.1246724,-1.9044588,1.4369586,2.760922,55.264343,69.83034,275.0703,275.0703,192,144,0.1,50,2.978903,166.75458,-3.5442684
24635,Coworking,1,-2.712166,1.5963829,-1.0464406,0.15573402,1.8122842,-1.3669138,-2.004436,1.2986917,2.660561,61.08932,76.390915,244.02832,244.02832,192,144,0.1,50,2.978903,169.19133,-4.5101748
24635,Coworking,2,-2.4405825,1.5744029,-0.43935686,0.42731762,1.7903043,-0.75983006,-1.7138323,1.3413389,2.7515335,45.52112,58.44548,343.22363,343.22363,192,144,0.1,50,2.9789035,167.16931,-4.073537
24635,Coworking,3,-2.4623885,1.6853408,-0.8872442,0.40551165,1.9012421,-1.2077174,-2.0947216,1.3798088,2.8926806,71.52347,87.67825,199.94226,199.94226,192,144,0.1,50,2.978903,174.44441,-4.5995674
24636,Coworking,0,-1.3922825,1.7537909,7.5367756,-3.2550957,1.7537909,7.142506,-0.69945675,1.4209422,8.891169,68.31598,84.27154,212.22412,212.22412,192,144,0.1,50,1.9040803,152.90846,-12.3413105
24636,Coworking,1,-1.2631946,1.8588996,7.285335,-3.1260078,1.8588996,6.8910656,-0.53300524,1.2733767,8.678949,48.54413,62.03199,319.3397,319.3397,192,144,0.1,50,1.9040803,152.34755,-20.413124
24636,Coworking,2,-0.65315574,1.9745797,7.3808613,-2.515969,1.9745797,6.986592,-0.8021227,1.4863695,9.214147,92.36395,108.516594,138.17802,138.17802,192,144,0.1,50,1.9040803,-175.35454,-14.8651705
24636,Coworking,3,-0.8857137,1.6181624,7.152998,-2.748527,1.6181624,6.7587285,-0.5475304,1.3266172,8.932046,75.52647,91.85268,185.88988,185.88988,192,144,0.1,50,1.9040804,169.23692,-9.145805
24637,Lounge,0,-0.22917128,1.2904166,1.9434869,-1.556399,1.2904166,0.39930546,4.942832,0.99699116,1.5920786,42.622494,54.962074,369.12677,369.12677,192,144,0.1,50,2.0361803,86.11305,-3.2396517
24637,Lounge,1,-0.38628805,1.235618,1.6635513,-1.7135158,1.235618,0.119369894,4.9374576,1.0464139,1.3337189,40.919495,52.89569,385.9719,385.9719,192,144,0.1,50,2.0361803,86.45477,-2.031524
24637,Lounge,2,-0.57074654,1.210886,2.4252982,-1.8979743,1.210886,0.88111675,5.15177,0.9776401,1.2682443,36.108696,46.981934,441.7602,441.7602,192,144,0.1,50,2.0361803,78.56929,-2.2877994
24637,Lounge,3,-0.6906732,1.2449318,1.6734605,-2.017901,1.2449318,0.12927908,4.802067,0.94146025,1.3788213,47.62163,60.942623,326.32486,326.32486,192,144,0.1,50,2.03618,86.929504,-3.157822
24638,OpenOffice,0,-2.636394,0.81094456,-2.6153905,-2.9104443,0.81094456,-2.6880455,-2.1945453,1.0371124,-1.1061016,61.551857,76.90387,241.79315,241.79315,192,144,0.1,50,0.2835177,163.68245,8.183848
24638,OpenOffice,1,-3.0708027,0.7792128,-2.682508,-3.344853,0.7792128,-2.755163,-2.3672004,1.0227797,-1.3714285,78.46743,94.86587,176.34949,176.34949,192,144,0.1,50,0.2835177,151.77939,9.296486
24638,OpenOffice,2,-2.092943,0.96853477,-2.6935396,-2.3669932,0.96853477,-2.7661946,-2.160326,1.085016,-0.78955364,75.44294,91.76643,186.17003,186.17003,192,144,0.1,50,0.2835177,-177.97311,3.498669
24638,OpenOffice,3,-2.9558976,0.8173806,-2.4681299,-3.2299478,0.8173806,-2.5407848,-2.2949705,1.0219467,-1.0684397,83.77202,100.18856,160.56949,160.56949,192,144,0.1,50,0.2835177,154.72354,7.528478
24639,Library,0,-1.0544,2.0646396,5.1822786,-2.2476583,2.0646396,3.5166965,1.1227255,0.85972446,-2.1700337,71.84927,88.0212,198.74821,198.74821,192,144,0.1,50,2.0489094,16.49478,-8.930318
24639,Library,1,0.3159696,2.145118,4.9502616,-0.8772887,2.145118,3.2846797,0.89791596,0.93268716,-2.4126608,72.21989,88.41062,197.40132,197.40132,192,144,0.1,50,2.0489092,4.519116,-9.322254
24639,Library,2,-0.72921896,1.9734286,4.9816103,-1.9224772,1.9734286,3.3160284,1.3566183,0.8747169,-2.3967738,60.763714,76.0291,245.62022,245.62022,192,144,0.1,50,2.0489092,15.78537,-8.154618
24639,Library,3,-0.7498522,2.0452473,5.258608,-1.9431105,2.0452473,3.593026,0.8300281,0.75802135,-2.355101,68.60305,84.578705,211.08405,211.08405,192,144,0.1,50,2.0489092,11.722777,-9.399529
24640,Reception,0,-4.506962,1.5520501,-3.0966246,-4.514224,1.4697441,-3.065732,-0.24081025,1.1751562,-1.8910557,35.4825,46.204144,450.09262,450.09262,192,144,0.1,50,0.09211611,105.77973,-4.8593636
24640,Reception,1,-4.240637,1.7007444,-2.73116,-4.247899,1.6184384,-2.7002673,0.043464124,1.2846364,-1.9979775,51.44542,65.42859,298.90668,298.90668,192,144,0.1,50,0.09211613,99.71153,-5.468632
24640,Reception,2,-4.529293,1.5355284,-2.8393679,-4.5365553,1.4532224,-2.8084755,-0.081269205,1.2105403,-2.0058362,33.64294,43.908955,476.30588,476.30588,192,144,0.1,50,0.09211616,100.61378,-4.107556
24640,Reception,3,-4.254114,1.4373368,-3.4227724,-4.2613764,1.3550308,-3.3918796,-0.46332008,1.2935417,-1.9352546,31.546663,41.27527,509.79077,509.79077,192,144,0.1,50,0.09211614,111.42518,-2.0223536
24641,Training,0,1.3285685,1.689083,-1.3333118,0.9077667,1.689083,0.45810986,-1.512007,1.0317687,0.024074402,96.14793,112.07536,129.32199,129.32199,192,144,0.1,50,1.8401809,-115.54109,-11.793275
24641,Training,1,1.5331146,1.7190007,-1.4989172,1.1123128,1.7190007,0.29250443,-1.3249308,0.90862167,0.11334148,69.163704,85.17732,208.8814,208.8814,192,144,0.1,50,1.8401809,-119.42788,-13.872135
24641,Training,2,1.981637,2.1000504,-3.146359,1.5608354,2.1000504,-1.3549373,-1.3073747,0.9613602,0.23955649,91.47581,107.6719,140.33784,140.33784,192,144,0.1,50,1.8401809,-135.83174,-13.562259
24641,Training,3,1.1154871,1.7464093,-1.1837784,0.69468534,1.7464093,0.60764325,-1.4623238,0.97246027,-0.07875621,80.84793,97.272125,169.0561,169.0561,192,144,0.1,50,1.8401809,-113.20322,-15.426842
24642,Coworking,0,0.07952064,1.1916631,2.846477,0.1274842,1.3436487,2.8260903,1.7422028,0.9641339,1.9440887,72.27849,88.47213,197.18944,197.18944,192,144,0.1,50,0.16093901,61.509968,-6.8581824
24642,Coworking,1,0.5380823,1.1956612,2.81566,0.58604586,1.3476467,2.7952733,1.8598198,1.0141191,1.8229096,63.383923,78.92413,233.22906,233.22906,192,144,0.1,50,0.16093902,53.089973,-6.2672834
24642,Coworking,2,-0.11920673,1.2401378,2.6389134,-0.07124317,1.3921233,2.6185267,1.846938,1.0660812,1.9964008,90.34108,106.58737,143.14531,143.14531,192,144,0.1,50,0.160939,71.90323,-4.8099785
24642,Coworking,3,0.21394247,1.3101743,2.1950955,0.26190603,1.4621599,2.1747088,2.059206,1.0013003,2.285874,78.7869,95.19048,175.34933,175.34933,192,144,0.1,50,0.16093896,92.81642,-9.491232
24643,OpenOffice,0,1.6407847,0.94749504,-4.8943434,2.1585016,0.81724447,-4.068094,3.8165119,0.97546375,-0.22692125,44.65766,57.412323,350.60565,350.60565,192,144,0.1,50,1.132341,155.00734,0.31118253
24643,OpenOffice,1,2.0536199,0.9677234,-4.7676506,2.5713367,0.83747286,-3.941401,3.7230902,0.8464647,-0.57685834,65.132996,80.83572,225.45685,225.45685,192,144,0.1,50,1.1323409,158.27934,-1.5397502
24643,OpenOffice,2,1.9411427,1.0065664,-4.3610206,2.4588594,0.8763159,-3.534771,3.4826858,1.1070861,-0.0920686,52.733807,66.92245,290.50735,290.50735,192,144,0.1,50,1.1323407,160.14505,1.26872
24643,OpenOffice,3,-0.21929324,1.4763,-5.004454,0.29842365,1.3460494,-4.1782045,3.7082887,0.867265,0.042257413,29.25093,38.369682,551.819,551.819,192,144,0.1,50,1.1323409,142.10832,-5.440275
24644,Breakroom,0,-4.2003202,2.437154,-2.1011114,-3.8503177,2.55325,-1.9729294,1.6578438,1.4040464,-0.070796095,39.33379,50.95873,402.9098,402.9098,192,144,0.1,50,0.39993113,109.115234,-9.46026
24644,Breakroom,1,-3.978169,2.510259,-2.260313,-3.6281667,2.626355,-2.132131,1.5853015,1.3389477,0.2640406,50.984955,64.892525,302.0043,302.0043,192,144,0.1,50,0.3999309,114.40557,-10.853236
24644,Breakroom,2,-4.3523507,2.3794003,-1.6639141,-4.002348,2.4954963,-1.535732,1.5329543,1.5247011,0.048746206,47.945515,61.325607,323.84363,323.84363,192,144,0.1,50,0.3999313,106.22533,-7.938233
24644,Breakroom,3,-3.8977456,2.4185455,-2.9015956,-3.547743,2.5346415,-2.7734134,1.9281286,1.4780548,-0.34095523,41.4985,53.59986,380.09653,380.09653,192,144,0.1,50,0.39993113,113.726875,-8.40678
24645,Studio,0,1.3623474,1.7670023,2.1622374,0.9164704,1.7670023,-0.1224494,-1.8288505,1.3370286,0.57608205,67.9744,83.90547,213.59166,213.59166,192,144,0.1,50,2.3277886,-63.57075,-6.8797827
24645,Studio,1,1.2424762,1.6651335,1.8451691,0.7965992,1.6651335,-0.43951777,-2.0140417,1.2973429,0.8402692,68.512314,84.48167,211.44348,211.44348,192,144,0.1,50,2.3277886,-72.85076,-6.1594377
24645,Studio,2,1.5076083,1.8495023,2.5353546,1.0617313,1.8495023,0.25066793,-1.7121624,1.2708912,0.6730613,78.1983,94.592,177.19733,177.19733,192,144,0.1,50,2.3277884,-59.95521,-8.84203
24645,Studio,3,1.0384359,1.7552407,2.424294,0.592559,1.7552407,0.13960716,-1.7596402,1.3627393,0.41594112,57.229836,72.06483,263.95117,263.95117,192,144,0.1,50,2.3277886,-54.33065,-6.5013313
24646,Lounge,0,-2.585542,1.5868473,1.0328391,-2.1709247,1.4714065,1.6078508,1.6913444,1.0143749,0.2992529,96.19991,112.123825,129.204,129.204,192,144,0.1,50,0.8402636,80.26714,-7.5154047
24646,Lounge,1,-2.3923507,1.6449475,-0.40644395,-1.9777333,1.5295067,0.16856778,1.6603404,0.90058863,0.42699006,81.88279,98.30919,165.99567,165.99567,192,144,0.1,50,0.8402637,101.62084,-10.198724
24646,Lounge,2,-1.9401628,1.6413255,1.0015726,-1.5255455,1.5258846,1.5765843,1.7995733,1.0425487,0.032263964,100.23784,115.85118,120.321915,120.321915,192,144,0.1,50,0.8402637,75.46917,-8.810203
24646,Lounge,3,-2.107156,1.6516521,0.92684233,-1.6925386,1.5362113,1.5018541,1.4884641,0.9837942,0.38490614,99.402954,115.08622,122.1145,122.1145,192,144,0.1,50,0.8402638,81.428825,-10.407386
24647,Training,0,-1.3997617,1.2950169,1.221622,-1.7131987,1.2950169,3.730672,0.7989245,1.3833339,-0.87602484,41.59527,53.71739,379.12982,379.12982,192,144,0.1,50,2.5285518,46.347214,1.6647227
24647,Training,1,-0.59787655,1.3571671,1.2842575,-0.91131353,1.3571671,3.7933075,0.686897,1.361862,-1.125063,52.161816,66.260345,294.18866,294.18866,192,144,0.1,50,2.5285518,28.068834,0.098515294
24647,Training,2,-1.2502941,1.3815024,0.99217445,-1.5637311,1.3815024,3.5012243,0.6219938,1.5132715,-0.64831483,57.11115,71.93051,264.60263,264.60263,192,144,0.1,50,2.5285518,48.77532,3.0300643
24647,Training,3,-1.2974955,1.1669029,1.7277946,-1.6109325,1.1669029,4.2368445,1.0821725,1.5087389,-0.789204,36.388447,47.328835,438.12732,438.12732,192,144,0.1,50,2.5285518,43.393517,5.636119
24648,Training,0,1.7243705,0.8546547,-2.236135,1.8513863,0.72310567,-2.2501144,-1.7357842,1.0491816,-3.3192465,34.652977,45.171047,461.57907,461.57907,192,144,0.1,50,0.2135952,-72.61863,3.0710893
24648,Training,1,2.2394876,0.8478807,-2.0003276,2.3665032,0.71633166,-2.014307,-1.5584251,1.0828562,-3.298441,38.95495,50.49416,407.15207,407.15207,192,144,0.1,50,0.21359512,-71.129745,3.35052
24648,Training,2,0.8613099,1.0817347,-2.4115164,0.9883257,0.95018566,-2.4254959,-1.4684682,1.0121644,-3.2575655,59.582493,74.71165,251.52727,251.52727,192,144,0.1,50,0.21359512,-70.041725,-1.6077508
24648,Training,3,1.7368885,0.84793264,-1.983751,1.8639044,0.7163836,-1.9977305,-1.6664182,1.0446342,-3.5615118,36.36554,47.300438,438.42282,438.42282,192,144,0.1,50,0.21359521,-65.12773,3.001634
24649,Coworking,0,2.267799,1.1537087,-2.084086,2.113123,1.1422749,-0.84476686,0.66797817,0.87705755,0.11077392,87.75765,104.09567,149.74887,149.74887,192,144,0.1,50,1.4128222,-143.91191,-5.8160048
24649,Coworking,1,2.1323047,1.1128232,-1.8525674,1.9776287,1.1013894,-0.6132483,0.43324715,0.912662,0.1831646,92.18497,108.34666,138.61069,138.61069,192,144,0.1,50,1.4128221,-140.15103,-4.3168907
24649,Coworking,2,1.5115902,0.91640663,-2.489828,1.3569143,0.9049728,-1.2505089,0.6747684,0.8713274,0.26698986,77.22726,93.60073,180.29771,180.29771,192,144,0.1,50,1.412822,-163.11453,-0.89643
24649,Coworking,3,2.5973294,1.0117266,-1.8498777,2.4426534,1.0002928,-0.6105586,0.9564079,0.8256362,0.18042889,92.97158,109.092415,136.71878,136.71878,192,144,0.1,50,1.412822,-141.0544,-4.0774355
24650,Conference,0,0.20448375,1.4646132,-3.835522,-2.5804703,1.4646132,-4.105342,-1.1437149,1.0481527,-1.927134,101.46915,116.97404,117.717606,117.717606,192,144,0.1,50,2.7979944,-144.76035,-10.106015
24650,Conference,1,0.45189023,1.5313928,-3.9838355,-2.3330638,1.5313928,-4.2536554,-1.1107167,0.94585586,-1.6687102,84.593056,100.99978,158.27321,158.27321,192,144,0.1,50,2.7979944,-145.9824,-11.839754
24650,Conference,2,-0.099038005,1.4672314,-3.7219605,-2.8839922,1.4672314,-3.9917805,-1.1452284,1.1649421,-1.7898035,91.390236,107.59032,140.54768,140.54768,192,144,0.1,50,2.7979944,-151.56612,-7.8334904
24650,Conference,3,0.18536869,1.602325,-4.5918803,-2.5995853,1.602325,-4.8617005,-1.1037805,1.1866081,-2.1883507,85.61108,102.001015,155.47571,155.47571,192,144,0.1,50,2.7979944,-151.79283,-8.666371
24651,Library,0,-5.404656,1.7537599,2.2490742,-5.433548,1.6256411,2.3078387,3.0724077,1.0266457,0.08416551,29.76787,39.025833,541.8031,541.8031,192,144,0.1,50,0.1439905,75.673775,-4.7507596
24651,Library,1,-5.653578,1.6851109,2.2858136,-5.68247,1.5569922,2.344578,3.0096765,0.88879424,0.41424283,34.245483,44.66241,467.41913,467.41913,192,144,0.1,50,0.14399052,77.80942,-5.134022
24651,Library,2,-4.845083,1.8228087,2.2461643,-4.8739753,1.69469,2.3049288,3.2502463,1.1289971,0.108184755,61.14511,76.452835,243.75711,243.75711,192,144,0.1,50,0.1439905,75.20595,-4.7369375
24651,Library,3,-5.1021075,1.7092793,2.223612,-5.1309996,1.5811605,2.2823765,2.762696,0.9136455,0.079643875,34.078945,44.454323,469.84482,469.84482,192,144,0.1,50,0.14399052,74.75152,-5.574544
24652,OpenOffice,0,1.3923078,1.1999733,0.56291485,1.4627321,1.0412489,0.5748777,-0.41848898,0.9690926,0.3835381,86.82164,103.18504,152.21812,152.21812,192,144,0.1,50,0.18492194,-84.342766,-7.231123
24652,OpenOffice,1,3.978049,1.6512265,-0.069015324,4.0484734,1.4925021,-0.057052493,-0.6005496,0.87794644,0.46542782,47.64812,60.97396,326.12076,326.12076,192,144,0.1,50,0.1849219,-96.6578,-9.52277
24652,OpenOffice,2,1.8452405,1.9268804,-1.5046866,1.9156648,1.7681559,-1.4927237,-0.6935743,0.9420451,0.2817584,83.75375,100.17049,160.62099,160.62099,192,144,0.1,50,0.18492192,-125.13226,-17.601318
24652,OpenOffice,3,1.404196,1.1761036,0.86059237,1.4746203,1.0173792,0.87255514,-0.7552452,1.093576,0.6677769,105.090866,120.240875,110.313774,110.313774,192,144,0.1,50,0.18492189,-84.89762,-2.1799505
24653,Training,0,-1.8023605,0.96870416,-0.095778465,-0.41366684,0.96870416,2.2660134,-4.3612595,1.2843193,-5.0812626,50.388638,64.19661,306.09436,306.09436,192,144,0.1,50,4.961419,-27.170065,3.2235632
24653,Training,1,-2.8323872,1.1297535,-0.21418029,-1.4436935,1.1297535,2.1476116,-4.0140495,1.2183342,-4.758326,49.576843,63.246166,311.81003,311.81003,192,144,0.1,50,4.9614196,-14.576396,1.0808104
24653,Training,2,-2.193334,1.037479,-0.17115311,-0.8046404,1.037479,2.1906388,-4.697902,1.3636749,-5.209037,51.034874,64.95069,301.666,301.666,192,144,0.1,50,4.9614196,-26.434126,3.318232
24653,Training,3,-1.4533892,1.8088715,-2.4354155,-0.06469548,1.8088715,-0.07362366,-4.076913,1.1509998,-5.3357353,66.6194,82.44706,219.1382,219.1382,192,144,0.1,50,4.961419,-42.13135,-9.548737
24654,Training,0,-1.2735536,2.3644154,2.1603603,-1.2230469,2.4006042,2.2227154,2.6707633,1.0572493,3.356744,52.544273,66.703255,291.71893,291.71893,192,144,0.1,50,0.093504354,106.87351,-17.59576
24654,Training,1,-1.57019,2.570876,2.7597153,-1.5196832,2.6070647,2.8220704,2.5539122,1.1671898,3.2982204,72.9295,89.1542,194.85545,194.85545,192,144,0.1,50,0.0935044,97.439316,-18.649366
24654,Training,2,-3.6976688,2.6530437,2.213634,-3.647162,2.6892323,2.275989,2.539743,1.1470609,3.1476154,48.77186,62.30022,317.6536,317.6536,192,144,0.1,50,0.09350443,98.51612,-13.4297
24654,Training,3,-1.7298322,2.090516,0.7858317,-1.6793255,2.126705,0.84818673,2.7996693,1.1577592,3.3243735,49.740818,63.438423,310.64145,310.64145,192,144,0.1,50,0.0935044,119.26829,-10.184012
24655,Workshop,0,-2.1174016,1.7860289,-0.27160048,-1.9925818,1.6316564,-0.2503496,-0.13177703,1.387487,-2.544836,77.750824,94.1358,178.61795,178.61795,192,144,0.1,50,0.20986271,41.136547,-7.5218554
24655,Workshop,1,-1.9094346,1.7371975,-0.47844258,-1.7846148,1.5828251,-0.4571917,-0.3831281,1.3559107,-2.8340526,66.44833,82.26223,219.85262,219.85262,192,144,0.1,50,0.20986271,32.941032,-7.735748
24655,Workshop,2,-2.635668,2.159226,-1.1324072,-2.5108483,2.0048535,-1.1111563,-0.32140487,1.5214479,-2.746102,82.78487,99.208786,163.37943,163.37943,192,144,0.1,50,0.20986277,55.112617,-12.7380085
24655,Workshop,3,-1.562238,1.9180431,-0.48721325,-1.4374182,1.7636707,-0.46596235,-0.2575013,1.4709116,-2.2384353,64.45838,80.1004,228.40996,228.40996,192,144,0.1,50,0.20986275,36.687714,-11.571182
24656,Reception,0,3.1649885,1.6879348,-5.4265304,4.6314645,1.6879348,-7.330442,1.5464678,1.0577525,-8.212374,55.996708,70.66541,270.84338,270.84338,192,144,0.1,50,2.4032128,-30.155754,-11.067013
24656,Reception,1,2.7058203,1.7935842,-6.4062767,4.1722965,1.7935842,-8.310188,1.4172684,0.9636333,-7.9703984,75.11481,91.4273,187.27567,187.27567,192,144,0.1,50,2.4032128,-39.48232,-22.271158
24656,Reception,2,3.0852153,1.7156255,-4.8268027,4.5516915,1.7156255,-6.7307143,1.3927794,0.9426442,-8.350997,49.519657,63.17908,312.21927,312.21927,192,144,0.1,50,2.4032128,-25.651876,-11.184163
24656,Reception,3,2.8840315,1.6038908,-5.4041095,4.3505077,1.6038908,-7.308021,1.3054572,1.1127131,-8.235784,80.73691,97.160545,169.3883,169.3883,192,144,0.1,50,2.4032128,-29.138369,-8.6151705
24657,Coworking,0,0.43174005,1.287204,2.6747997,0.05617109,1.287204,-2.2268732,-3.061163,0.9459427,0.72564477,100.83556,116.39704,119.0519,119.0519,192,144,0.1,50,4.91604,-60.837048,-4.8764644
24657,Coworking,1,0.7719587,1.2758064,2.7277498,0.39638978,1.2758064,-2.173923,-3.4014227,1.0701531,0.6695545,104.37641,119.600586,111.745346,111.745346,192,144,0.1,50,4.91604,-63.74877,-2.5305445
24657,Coworking,2,1.3918136,1.409458,2.2471128,1.0162446,1.409458,-2.65456,-2.819769,0.9556904,0.6658708,89.92811,106.19118,144.1808,144.1808,192,144,0.1,50,4.91604,-69.42132,-5.759815
24657,Coworking,3,0.9076463,1.4623706,2.2708268,0.5320774,1.4623706,-2.630846,-3.356119,1.0585182,0.78899753,101.45307,116.95942,117.751305,117.751305,192,144,0.1,50,4.91604,-70.83561,-5.112535
24658,Workshop,0,1.2693341,0.94146645,1.300847,1.3809369,1.0171012,1.3555902,-1.501965,1.0335836,0.7719317,50.524784,64.35566,305.15262,305.15262,192,144,0.1,50,0.14675589,-79.19478,1.8700644
24658,Workshop,1,1.092983,1.0736144,2.0251122,1.2045858,1.1492491,2.0798554,-1.5597954,1.1174555,1.1071953,53.091106,67.33514,288.2452,288.2452,192,144,0.1,50,0.14675595,-70.91331,0.8947697
24658,Workshop,2,1.2092062,0.824552,0.9773238,1.320809,0.9001867,1.032067,-1.448736,1.1215258,0.5532096,55.321823,69.89599,274.73483,274.73483,192,144,0.1,50,0.1467559,-80.93404,6.2962575
24658,Workshop,3,1.410206,1.1518507,1.8918428,1.5218087,1.2274854,1.9465861,-1.8435632,0.8973572,0.6452333,38.02148,49.3465,417.9518,417.9518,192,144,0.1,50,0.14675593,-69.03677,-4.1773486
24659,Conference,0,1.5306304,2.7893744,2.2742164,3.49507,2.7025368,1.50666,0.13361418,1.0028465,0.49773067,59.639545,74.77545,251.2371,251.2371,192,144,0.1,50,2.1159205,-38.18127,-38.326458
24659,Conference,1,1.3243076,2.8643782,2.9354305,3.2887473,2.7775407,2.167874,0.33049032,0.94867754,0.84770775,66.557335,82.38001,219.39703,219.39703,192,144,0.1,50,2.11592,-25.455818,-39.642406
24659,Conference,2,1.0890019,2.957051,2.082078,3.0534415,2.8702135,1.3145214,0.006297514,1.0250214,0.48570478,85.49033,101.88253,155.80469,155.80469,192,144,0.1,50,2.1159205,-34.146202,-45.04644
24659,Conference,3,1.5672959,2.837142,1.4765089,3.5317357,2.7503045,0.7089525,-0.09112878,0.91878325,0.6142973,83.01714,99.439766,162.71333,162.71333,192,144,0.1,50,2.1159203,-62.530178,-45.744125
24660,Training,0,-5.0603075,1.7783008,0.09299064,-2.7276871,1.7783008,0.8401216,-1.4565762,1.0062631,1.8537437,73.69941,89.957924,192.14105,192.14105,192,144,0.1,50,2.4493513,116.03975,-10.89538
24660,Training,1,-5.0450544,1.7089661,-0.31968462,-2.712434,1.7089661,0.42744637,-1.2493552,1.1239293,2.0046241,65.008415,80.7001,225.9981,225.9981,192,144,0.1,50,2.4493513,121.48136,-7.4883094
24660,Training,2,-4.3145337,2.0611682,-0.4760129,-1.9819134,2.0611682,0.2711181,-1.6451062,0.8748456,2.0688899,61.241955,76.56032,243.28735,243.28735,192,144,0.1,50,2.4493513,133.63197,-17.830843
24660,Training,3,-5.2215037,1.7316802,0.2955838,-2.888883,1.7316802,1.0427148,-1.2059237,0.96202797,2.0214484,56.459614,71.19173,268.2237,268.2237,192,144,0.1,50,2.4493518,113.25765,-9.986908
24661,Lounge,0,1.8076992,1.502071,-0.0710547,1.4610217,1.7199767,-0.2199815,1.6829075,1.383068,-1.8758351,94.42792,110.4657,133.2803,133.2803,192,144,0.1,50,0.49325502,-3.9554272,-3.7635303
24661,Lounge,1,2.0520995,1.4349251,0.0498133,1.705422,1.6528307,-0.09911351,1.6123703,1.5015703,-1.5965507,97.81491,113.62301,125.58623,125.58623,192,144,0.1,50,0.4932549,-14.954121,2.2396576
24661,Lounge,2,1.2123384,1.4578595,0.37535998,0.86566085,1.6757652,0.22643317,1.999607,1.4385166,-1.6757792,106.73542,121.7071,107.0698,107.0698,192,144,0.1,50,0.4932551,20.99781,-0.50442433
24661,Lounge,3,1.9626167,1.9375579,1.6328411,1.6159391,2.1554635,1.4839143,1.8890733,1.2419078,-1.8557619,45.492264,58.411007,343.46606,343.46606,192,144,0.1,50,0.49325493,-1.2076765,-11.27479
24662,Training,0,-4.2447033,1.3490729,2.2366803,-4.027345,1.3490729,-0.73397326,-1.826605,1.473364,1.8380512,81.844696,98.27111,166.1072,166.1072,192,144,0.1,50,2.9785948,80.638855,2.9033148
24662,Training,1,-3.9959042,1.4432951,1.8600513,-3.778546,1.4432951,-1.1106023,-2.1459029,1.5414242,2.077342,99.48765,115.163956,121.93165,121.93165,192,144,0.1,50,2.9785948,96.69895,3.0155857
24662,Training,2,-4.170702,1.3938303,1.9865885,-3.9533439,1.3938303,-0.9840651,-2.1450226,1.5267634,1.5759573,76.49562,92.85062,182.67749,182.67749,192,144,0.1,50,2.9785948,78.540695,3.6799574
24662,Training,3,-3.966258,1.4399759,2.2414937,-3.7489,1.4399759,-0.72915983,-1.6460228,1.4074247,1.4973663,84.00872,100.42277,159.90375,159.90375,192,144,0.1,50,2.9785948,72.21833,-0.7653709
24663,OpenOffice,0,-2.2388666,0.9905077,-1.5178089,-2.3577633,0.8781762,-1.5062282,-3.3095796,0.9708263,-4.1942883,70.90635,87.02711,202.22995,202.22995,192,144,0.1,50,0.16900933,-21.803648,-0.3911759
24663,OpenOffice,1,-1.9302139,0.9338652,-1.51157,-2.0491107,0.8215337,-1.4999893,-3.194838,1.0610776,-4.5007257,61.511482,76.859146,241.98705,241.98705,192,144,0.1,50,0.16900933,-22.931797,2.2445352
24663,OpenOffice,2,-1.5229251,1.106315,-2.4855368,-1.6418219,0.99398345,-2.473956,-3.143412,1.1102867,-4.339271,62.46909,77.917625,237.44907,237.44907,192,144,0.1,50,0.16900937,-41.159122,0.09242283
24663,OpenOffice,3,-3.6153934,1.2564849,-1.1266623,-3.7342901,1.1441534,-1.1150815,-3.5242386,1.083134,-4.3474617,49.63812,63.318027,311.37247,311.37247,192,144,0.1,50,0.16900931,1.6211479,-3.079587
24664,Lounge,0,4.9532776,2.3426547,-3.0294995,1.436698,2.3426547,-1.4562081,3.085538,1.0172615,-3.8892107,81.91957,98.34595,165.88808,165.88808,192,144,0.1,50,3.8524768,-65.28362,-32.80642
24664,Lounge,1,5.461605,2.5834932,-2.0877984,1.9450254,2.5834932,-0.5145069,2.9114835,0.9189611,-3.8313036,45.412464,58.315678,344.13794,344.13794,192,144,0.1,50,3.8524768,-55.639782,-28.317095
24664,Lounge,2,5.2423787,2.3283503,-2.8842893,1.725799,2.3283503,-1.3109977,3.2717788,1.0257638,-3.9159322,71.09462,87.22598,201.52835,201.52835,192,144,0.1,50,3.8524768,-62.36717,-30.353836
24664,Lounge,3,4.936644,2.479054,-3.4494948,1.4200646,2.479054,-1.8762033,3.017203,0.8940824,-3.6242137,69.3305,85.35508,208.23215,208.23215,192,144,0.1,50,3.8524768,-84.79893,-39.432056
24665,Conference,0,2.679287,1.667291,-1.634035,2.7027247,1.7779653,-1.6118294,-0.8371272,1.0333031,2.3623407,49.86821,63.587704,309.73853,309.73853,192,144,0.1,50,0.11943029,-138.65543,-6.791911
24665,Conference,1,1.8087747,1.9556272,-1.7064892,1.8322124,2.0663013,-1.6842836,-1.1059841,1.1599522,2.5863464,77.769424,94.154785,178.55862,178.55862,192,144,0.1,50,0.11943019,-145.8242,-8.717998
24665,Conference,2,3.259216,1.8406327,-1.6295495,3.2826538,1.9513069,-1.6073439,-1.0985181,1.0191171,2.6123333,66.53685,82.35788,219.48256,219.48256,192,144,0.1,50,0.11943032,-134.22818,-7.693321
24665,Conference,3,1.2524356,1.6693304,-2.1175845,1.2758733,1.7800046,-2.0953789,-1.0819618,1.0910774,2.543652,60.691437,75.9487,245.9757,245.9757,192,144,0.1,50,0.119430326,-153.3978,-6.3295336
24666,OpenOffice,0,-4.8365064,1.6775869,-1.5270734,-4.779498,1.7261238,-1.5829262,-3.5523307,0.99967605,-5.7008505,46.465477,59.571007,335.4477,335.4477,192,144,0.1,50,0.10986155,17.101933,-8.8241415
24666,OpenOffice,1,-4.041205,1.7725006,-1.148052,-3.9841964,1.8210375,-1.2039049,-3.279635,1.0493807,-5.8004246,44.125603,56.77379,355.2908,355.2908,192,144,0.1,50,0.10986171,9.296579,-8.720566
24666,OpenOffice,2,-4.563341,1.5504063,-1.9931862,-4.506333,1.5989432,-2.049039,-3.3814886,0.9710004,-5.8037815,49.97227,63.709568,309.0042,309.0042,192,144,0.1,50,0.1098613,17.231228,-8.263113
24666,OpenOffice,3,-4.99041,1.7393534,-1.2516332,-4.9334016,1.7878903,-1.3074859,-3.451763,1.045041,-5.8749437,33.3969,43.60083,480.02417,480.02417,192,144,0.1,50,0.10986134,18.407545,-8.1096325
24667,Conference,0,3.0461292,1.3244094,-0.8991637,3.054073,1.1078243,-0.9891303,-1.3208002,0.9953871,-0.46623915,89.18272,105.474045,146.06885,146.06885,192,144,0.1,50,0.23576021,-95.66164,-4.2878165
24667,Conference,1,2.863789,1.3392751,-1.1078153,2.871733,1.1226901,-1.1977818,-1.2413539,1.1437027,-0.17429021,103.45034,118.76765,113.621666,113.621666,192,144,0.1,50,0.23576018,-102.81141,-2.6597524
24667,Conference,2,2.2833033,1.3427204,-0.34065962,2.2912471,1.1261353,-0.4306262,-1.0273018,0.99861616,-0.24340972,102.55834,117.96208,115.45173,115.45173,192,144,0.1,50,0.23576024,-91.682594,-5.9314737
24667,Conference,3,2.6179626,1.4585134,-1.5047547,2.6259065,1.2419283,-1.5947213,-1.2046151,1.1137475,-0.5753363,82.41734,98.842766,164.43964,164.43964,192,144,0.1,50,0.23576023,-103.66567,-5.0085335
24668,Training,0,-9.789283,1.0075763,4.1962075,-9.67386,0.79032445,3.7147646,-6.6010394,0.75,3.269338,55.80811,70.45065,271.92212,271.92212,192,144,0.1,50,0.5443213,73.79007,-4.435988
24668,Training,1,-9.604756,1.0801524,3.6601815,-9.489333,0.8629005,3.1787386,-6.337186,0.86101997,3.2180758,66.11337,81.89984,221.26102,221.26102,192,144,0.1,50,0.54432136,82.29462,-3.8021295
24668,Training,2,-9.43582,0.9527885,4.1513577,-9.320396,0.7355366,3.6699147,-6.576651,0.78316724,3.2742045,48.41271,61.877068,320.31952,320.31952,192,144,0.1,50,0.5443213,72.94472,-3.246131
24668,Training,3,-9.6397915,1.0425963,3.8804128,-9.524368,0.8253444,3.39897,-6.357756,0.8929072,3.0849516,65.17464,80.88101,225.27638,225.27638,192,144,0.1,50,0.54432136,76.37604,-2.5379925
24669,Library,0,2.9603958,2.4342313,2.104062,0.852798,2.4342313,2.4994485,1.9209994,1.0592945,0.5928618,98.62622,114.371895,123.80223,123.80223,192,144,0.1,50,2.1443646,-34.52001,-36.85653
24669,Library,1,3.3419065,2.4780881,2.1253016,1.2343086,2.4780881,2.520688,1.9681649,1.2047619,0.33616465,95.21218,111.20127,131.462,131.462,192,144,0.1,50,2.1443646,-37.51791,-29.44443
24669,Library,2,3.113906,2.5051584,2.8235278,1.006308,2.5051584,3.2189143,1.7044926,1.1319396,0.4476591,83.266716,99.68764,162.00104,162.00104,192,144,0.1,50,2.1443646,-30.677273,-26.43195
24669,Library,3,2.8303413,2.262796,2.873293,0.7227434,2.262796,3.2686791,1.9211247,0.94921225,0.5560072,83.63865,100.05647,160.94595,160.94595,192,144,0.1,50,2.1443644,-21.423195,-27.820492
24670,Library,0,4.6284122,1.6483371,-1.0912693,3.0257046,1.4714248,-0.3461194,3.3265195,0.9606282,-3.0236793,81.574066,98.000374,166.90196,166.90196,192,144,0.1,50,1.8612704,-33.968723,-16.443842
24670,Library,1,3.0326815,1.9523346,-0.25865984,1.4299738,1.7754223,0.48649,3.5139475,0.82183725,-2.8300312,55.365444,69.9458,274.48065,274.48065,192,144,0.1,50,1.8612702,10.601011,-23.371288
24670,Library,2,5.777648,2.0474596,-2.4114494,4.1749406,1.8705472,-1.6662997,3.4142537,1.042701,-2.8196876,77.39562,93.77295,179.75546,179.75546,192,144,0.1,50,1.86127,-80.19979,-22.730265
24670,Library,3,3.9724536,1.4647684,-1.3643783,2.3697462,1.2878561,-0.6192285,3.233769,1.0419173,-3.2874236,68.584984,84.55938,211.15555,211.15555,192,144,0.1,50,1.8612703,-21.012897,-11.599625
24671,Lounge,0,-1.6310768,1.665492,-3.2439752,-1.4891845,1.665492,-1.2940937,-3.2960956,0.8674638,-2.5263138,98.65172,114.39538,123.74652,123.74652,192,144,0.1,50,1.9550374,-113.317154,-23.756508
24671,Lounge,1,-1.9187529,1.7115078,-2.8552089,-1.7768606,1.7115078,-0.90532744,-3.3512337,0.9731953,-2.6009772,93.590065,109.676796,135.2485,135.2485,192,144,0.1,50,1.9550374,-100.063866,-26.906794
24671,Lounge,2,-1.9095199,1.4552666,-2.2910337,-1.7676276,1.4552666,-0.34115237,-3.474936,0.8613429,-2.4238892,105.86393,120.93143,108.78011,108.78011,192,144,0.1,50,1.9550372,-85.14899,-20.7088
24671,Lounge,3,-0.70943767,1.9562988,-2.9322689,-0.56754535,1.9562988,-0.9823873,-3.2296102,0.96022016,-2.8312895,83.17192,99.59351,162.2712,162.2712,192,144,0.1,50,1.9550375,-92.294525,-21.550322
24672,OpenOffice,0,8.08988,1.1376065,4.561374,6.179226,1.1376065,3.2778711,5.389194,0.98744404,0.44004834,52.016705,66.09209,295.13455,295.13455,192,144,0.1,50,2.607646,-33.236645,-1.7455565
24672,OpenOffice,1,8.354331,1.1681021,4.601185,6.443677,1.1681021,3.317682,5.3049684,0.9478808,0.50033605,55.945587,70.607216,271.13513,271.13513,192,144,0.1,50,2.607646,-36.634235,-2.4675367
24672,OpenOffice,2,9.3684,1.175317,4.1226344,7.4577456,1.175317,2.8391314,5.228587,0.8722421,0.21298406,46.32931,59.409008,336.55038,336.55038,192,144,0.1,50,2.6076465,-46.63784,-3.046728
24672,OpenOffice,3,8.17248,1.0728675,4.8540335,6.261826,1.0728675,3.5705302,5.3559947,1.0218258,0.24568917,59.793068,74.947075,250.45872,250.45872,192,144,0.1,50,2.607646,-31.432053,-0.5414659
24673,Breakroom,0,-1.1894342,0.91602516,-1.1364614,-1.3189125,0.91602516,-1.2868434,1.6182667,1.1975222,-1.5226822,43.456814,55.96911,361.33447,361.33447,192,144,0.1,50,0.19844243,82.16768,5.6722198
24673,Breakroom,1,-0.970586,0.99934715,-1.2247784,-1.1000643,0.99934715,-1.3751605,1.6564325,1.1966169,-1.3281586,67.68976,83.59993,214.74057,214.74057,192,144,0.1,50,0.19844238,87.74642,4.2911224
24673,Breakroom,2,-1.737914,1.2782348,-0.28339434,-1.8673923,1.2782348,-0.43377638,1.3498306,1.1842525,-1.5270722,43.461903,55.97524,361.2878,361.2878,192,144,0.1,50,0.19844243,68.06148,-1.6172084
24673,Breakroom,3,-1.3679229,0.80621195,-1.4138451,-1.4974012,0.80621195,-1.5642271,1.5355241,1.0496862,-1.8445451,35.493668,46.218037,449.94147,449.94147,192,144,0.1,50,0.19844243,81.56222,4.741788
24674,Lounge,0,-3.85858,2.3227863,2.751256,-3.623797,2.2698014,2.6969135,-1.6828098,1.5079306,3.5224733,98.52797,114.28136,124.0171,124.0171,192,144,0.1,50,0.25224409,109.517235,-19.44275
24674,Lounge,1,-3.657484,2.3082285,2.5977864,-3.422701,2.2552435,2.543444,-1.4135084,1.5709414,3.3597455,101.41273,116.922714,117.83593,117.83593,192,144,0.1,50,0.25224409,108.75532,-17.28177
24674,Lounge,2,-3.9061644,2.0974636,3.5446484,-3.6713812,2.0444787,3.490306,-1.8464419,1.4239664,3.4217098,101.73551,117.21612,117.16025,117.16025,192,144,0.1,50,0.25224409,86.584236,-18.076868
24674,Lounge,3,-4.5645647,2.8094192,4.3103123,-4.3297815,2.7564342,4.25597,-1.6193368,1.5959871,3.4037971,87.18549,103.53953,151.25323,151.25323,192,144,0.1,50,0.25224403,72.8921,-21.493004
24675,Reception,0,0.22846317,1.6470474,0.42540294,0.21580096,1.481219,3.2019255,-1.9657489,0.797585,2.6112208,82.72889,99.15308,163.5404,163.5404,192,144,0.1,50,3.0869966,-134.8902,-15.337458
24675,Reception,1,0.5225788,1.5404087,0.4542011,0.50991654,1.3745804,3.2307236,-1.6558199,0.7752839,2.6616073,94.85587,110.86742,132.28528,132.28528,192,144,0.1,50,3.0869966,-135.37894,-13.858747
24675,Reception,2,0.5890392,1.759238,0.4708121,0.576377,1.5934097,3.2473347,-2.1652517,0.716718,2.893663,98.589325,114.33789,123.88288,123.88288,192,144,0.1,50,3.0869963,-131.33693,-15.865049
24675,Reception,3,-0.0031000227,1.7421725,0.8159405,-0.01576224,1.5763441,3.592463,-2.2571826,0.7229652,2.6903152,87.76876,104.106445,149.71982,149.71982,192,144,0.1,50,3.0869966,-129.7451,-19.170757
24676,Coworking,0,-2.793686,1.7964404,1.2822304,-4.081197,1.7964404,-0.86269164,-2.3348846,0.75,-1.0568917,67.53159,83.42996,215.38268,215.38268,192,144,0.1,50,2.5016744,11.097258,-23.70146
24676,Coworking,1,-1.871979,2.0686355,2.1042101,-3.1594899,2.0686355,-0.04071194,-2.4173877,0.70958513,-0.73538864,73.843636,90.10814,191.63797,191.63797,192,144,0.1,50,2.5016744,-10.872529,-25.174234
24676,Coworking,2,-2.7341,1.8309263,1.634705,-4.0216107,1.8309263,-0.5102171,-2.0512114,0.8883497,-1.0558801,44.14342,56.795197,355.13214,355.13214,192,144,0.1,50,2.5016742,14.241341,-18.755323
24676,Coworking,3,-2.9493327,1.8451393,0.9552015,-4.2368436,1.8451393,-1.1897205,-2.0653653,0.7782763,-1.0898422,73.30664,89.548294,193.51967,193.51967,192,144,0.1,50,2.5016744,23.376352,-25.587976
24677,Training,0,3.1524184,1.1849205,-3.0613866,3.1361742,1.1556853,-3.0908875,1.2932533,1.4322987,0.037922353,95.74799,111.70226,130.23274,130.23274,192,144,0.1,50,0.04556971,-149.04196,3.9156036
24677,Training,1,3.2052476,1.0908434,-3.4823704,3.1890035,1.0616082,-3.5118713,1.4448872,1.4325513,-0.18744937,95.724625,111.680435,130.28615,130.28615,192,144,0.1,50,0.045569737,-151.88597,5.226368
24677,Training,2,2.6678712,1.3547199,-3.5235164,2.651627,1.3254846,-3.5530174,1.4751278,1.5354166,-0.09626521,76.27496,92.62384,183.40279,183.40279,192,144,0.1,50,0.04556974,-160.8112,2.850645
24677,Training,3,2.873003,1.340514,-2.6696541,2.8567588,1.3112787,-2.699155,1.4674304,1.4339666,-0.102127746,100.65092,116.22858,119.44306,119.44306,192,144,0.1,50,0.045569744,-151.30183,1.8286544
24678,Studio,0,-1.9935184,1.0123845,-2.7927203,1.0144029,1.0123845,-0.4451027,0.023471802,0.75,1.0119046,105.67482,120.76272,109.153824,109.153824,192,144,0.1,50,3.8191476,152.07008,-3.4868186
24678,Studio,1,-2.3164313,0.9489429,-3.1050568,0.6914898,0.9489429,-0.757439,-0.092135236,0.8965267,0.8921833,101.578384,117.07335,117.48878,117.48878,192,144,0.1,50,3.8191476,150.9059,-0.656496
24678,Studio,2,-1.7891393,1.0787153,-2.5421267,1.218782,1.0787153,-0.19450912,-0.084935054,0.8510256,0.7338675,91.47599,107.67207,140.3374,140.3374,192,144,0.1,50,3.8191476,152.51611,-3.5283036
24678,Studio,3,-2.217659,1.0933788,-2.9236054,0.79026216,1.0933788,-0.5759878,-0.119478226,0.71590847,1.234491,77.10236,93.472885,180.70125,180.70125,192,144,0.1,50,3.8191476,153.22444,-4.633468
24679,Reception,0,0.39353156,3.0841112,0.78612995,2.146606,3.0841112,-1.8093998,-2.7586381,0.95778346,-1.9041282,82.25508,98.680954,164.91022,164.91022,192,144,0.1,50,3.1320992,-49.520493,-27.162188
24679,Reception,1,0.11856654,3.1140146,1.01779,1.8716409,3.1140146,-1.5777398,-2.6510262,0.8900049,-2.1405668,77.60064,93.98247,179.09782,179.09782,192,144,0.1,50,3.1320992,-41.24783,-27.898453
24679,Reception,2,-1.7882676,2.9586396,1.4937649,-0.035193205,2.9586396,-1.1017649,-2.929532,0.87477565,-1.7727292,105.351944,120.47435,109.79406,109.79406,192,144,0.1,50,3.1320992,-19.258656,-31.058493
24679,Reception,3,1.2986133,3.1332843,1.4267257,3.0516877,3.1332843,-1.168804,-2.5030866,0.8210696,-1.770405,46.350346,59.43404,336.37964,336.37964,192,144,0.1,50,3.1320992,-49.93704,-24.961157
24680,OpenOffice,0,4.0971184,1.6978248,8.4155,4.029322,1.4583514,8.330181,0.5368767,1.2114267,-1.9144201,97.04983,112.91421,127.28884,127.28884,192,144,0.1,50,0.26383972,-19.016685,-2.548927
24680,OpenOffice,1,3.9693367,1.7419666,8.785615,3.9015405,1.5024931,8.700296,0.5050364,1.0836035,-1.6528236,74.2031,90.48204,190.39143,190.39143,192,144,0.1,50,0.26383972,-18.35993,-3.4256663
24680,OpenOffice,2,4.070663,1.7746576,8.936964,4.0028667,1.5351841,8.851645,0.7259252,1.1548675,-1.9813648,104.81079,119.99011,110.87334,110.87334,192,144,0.1,50,0.26383975,-17.032001,-3.1067564
24680,OpenOffice,3,3.5806003,1.7447921,8.338904,3.512804,1.5053186,8.253586,0.3968351,1.0820909,-1.7142272,86.00289,102.385025,154.41328,154.41328,192,144,0.1,50,0.26383972,-17.572676,-3.5959508
24681,Library,0,-1.6792232,1.7289696,-0.800992,-0.40573096,1.6914846,-0.71934325,-0.33589122,0.95387566,1.6941682,55.85047,70.4989,271.67926,271.67926,192,144,0.1,50,1.302242,151.7031,-15.297307
24681,Library,1,-1.900021,1.8373624,-0.23667306,-0.62652874,1.7998774,-0.15502429,-0.25680196,1.086998,1.9347907,87.47084,103.81708,150.50102,150.50102,192,144,0.1,50,1.302242,142.88399,-15.405675
24681,Library,2,-1.2698133,1.6058683,-0.44311213,0.003678888,1.5683833,-0.36146337,-0.6062161,0.88007706,1.7252618,59.88145,75.04581,250.01227,250.01227,192,144,0.1,50,1.3022419,162.98409,-17.748003
24681,Library,3,-1.6531337,1.9105295,-0.13751727,-0.37964153,1.8730445,-0.055868506,-0.5165993,0.84694546,1.9725244,59.468266,74.58384,252.10977,252.10977,192,144,0.1,50,1.3022419,151.6917,-23.930563
24682,Breakroom,0,2.138505,1.0952606,-0.7189641,2.1981788,1.2566937,-0.66479033,0.396661,1.0164423,1.2146175,50.75866,64.628654,303.54587,303.54587,192,144,0.1,50,0.18490416,-137.98627,-1.7347397
24682,Breakroom,1,1.6904495,0.9605062,-0.5052922,1.7501233,1.1219393,-0.4511184,0.119637996,1.0859509,1.4116701,56.330624,71.04518,268.9497,268.9497,192,144,0.1,50,0.18490414,-140.66788,2.8976278
24682,Breakroom,2,2.0862179,1.0588971,-0.99640393,2.1458917,1.2203302,-0.9422302,0.26046255,1.0838099,1.1499987,36.357784,47.290825,438.5229,438.5229,192,144,0.1,50,0.1849041,-139.61511,0.5065362
24682,Breakroom,3,1.6227156,1.4188435,-1.8816692,1.6823894,1.5802765,-1.8274953,0.091665566,1.1578108,1.0177289,36.44086,47.39378,437.45273,437.45273,192,144,0.1,50,0.18490404,-152.16335,-4.5518265
24683,Lounge,0,-1.6643145,1.0139523,-3.2320983,-1.6449933,0.9363816,-3.2766154,-3.7928078,0.9723857,-1.3750511,87.15546,103.51029,151.33266,151.33266,192,144,0.1,50,0.095286004,-131.10373,-0.8430593
24683,Lounge,1,-1.7568164,1.3237524,-2.2922192,-1.7374952,1.2461817,-2.3367362,-3.5752423,1.0218266,-1.2309815,93.06667,109.18238,136.49174,136.49174,192,144,0.1,50,0.09528603,-120.26794,-8.160713
24683,Lounge,2,-1.6499273,0.96642554,-2.3184526,-1.630606,0.88885486,-2.3629696,-3.7905176,1.027675,-1.346818,99.217094,114.91553,122.51656,122.51656,192,144,0.1,50,0.09528604,-114.41376,1.4924974
24683,Lounge,3,-1.7070711,0.79896456,-2.4619992,-1.6877499,0.7213939,-2.5065162,-3.9601855,0.94359547,-1.0270035,94.78711,110.80293,132.44467,132.44467,192,144,0.1,50,0.09528599,-122.492836,3.099135
24684,Breakroom,0,1.1371555,2.0173755,-1.3201039,0.7588284,2.0173755,-3.5966454,-0.70127237,0.9934115,-3.3490508,86.735344,103.100876,152.44794,152.44794,192,144,0.1,50,2.3077636,-42.179714,-20.505167
24684,Breakroom,1,1.3444407,1.9456038,-1.5302724,0.9661136,1.9456038,-3.8068137,-1.0006765,1.0344206,-3.4324234,100.321915,115.92805,120.14261,120.14261,192,144,0.1,50,2.3077633,-50.9541,-16.79172
24684,Breakroom,2,1.7148046,2.1732728,-1.37078,1.3364775,2.1732728,-3.6473215,-0.7267742,0.950009,-3.2384777,59.197346,74.280426,253.49951,253.49951,192,144,0.1,50,2.3077636,-52.58564,-21.699396
24684,Breakroom,3,0.86733437,2.089515,-1.0294322,0.48900723,2.089515,-3.3059735,-0.53038895,0.86674523,-3.6814187,100.08809,115.71419,120.64184,120.64184,192,144,0.1,50,2.3077633,-27.791368,-22.190165
24685,Reception,0,-2.5540783,1.6011939,-0.65453696,-2.7286808,1.5309421,-0.51018465,-1.7475433,1.3452151,1.2632368,93.94528,110.011635,134.41078,134.41078,192,144,0.1,50,0.2374156,157.19043,-7.014359
24685,Reception,1,-2.3720846,1.6308627,-0.8540299,-2.5466871,1.5606109,-0.7096776,-2.0497613,1.2228156,1.0463941,60.06544,75.25122,249.0867,249.0867,192,144,0.1,50,0.23741563,170.37389,-11.952517
24685,Reception,2,-3.0068886,1.5868716,-0.2843035,-3.1814911,1.5166198,-0.13995117,-1.4295312,1.2488084,1.0493908,106.88212,121.83738,106.78381,106.78381,192,144,0.1,50,0.23741558,130.21535,-9.294721
24685,Reception,3,-2.654879,1.6957735,-1.009474,-2.8294816,1.6255217,-0.8651217,-1.7252122,1.3000512,1.1553259,89.84746,106.11371,144.3839,144.3839,192,144,0.1,50,0.23741558,156.75905,-9.534691
24686,Coworking,0,3.2313042,1.5223151,-0.7826152,3.1873772,1.6737446,-0.7095383,1.9421357,0.79375714,-4.4401307,105.09202,120.241905,110.311485,110.311485,192,144,0.1,50,0.18888223,-19.416082,-10.639937
24686,Coworking,1,3.4385283,1.4430779,-0.33737817,3.3946013,1.5945073,-0.26430127,1.693169,0.724609,-4.652124,74.09017,90.36465,190.78194,190.78194,192,144,0.1,50,0.18888223,-22.023842,-8.775135
24686,Coworking,2,3.4854043,1.5293173,-0.959847,3.4414773,1.6807467,-0.88677,2.112028,0.913247,-4.5225325,82.286705,98.712494,164.81839,164.81839,192,144,0.1,50,0.18888223,-21.081108,-9.165659
24686,Coworking,3,2.722259,1.4155891,-0.41966942,2.678332,1.5670185,-0.34659252,2.2302904,0.86914134,-4.4885864,102.10077,117.5476,116.39939,116.39939,192,144,0.1,50,0.1888822,-6.89411,-7.594291
24687,Breakroom,0,0.09583157,1.0547231,1.8001182,2.348335,1.0547231,0.55415,3.7615361,0.98208094,-0.768108,64.73166,80.39856,227.2071,227.2071,192,144,0.1,50,2.5741422,54.984562,-0.92981946
24687,Breakroom,1,-0.2542838,1.0061251,1.9481738,1.9982197,1.0061251,0.7022056,4.0373554,1.0551852,-1.033133,63.352608,78.889755,233.37169,233.37169,192,144,0.1,50,2.5741422,55.21315,0.53790605
24687,Breakroom,2,-0.51969916,1.1463009,1.968779,1.7328043,1.1463009,0.7228107,4.0030565,0.94079113,-0.5989659,70.72101,86.831154,202.92378,202.92378,192,144,0.1,50,2.5741422,60.41473,-2.2628543
24687,Breakroom,3,-0.2815416,1.1183298,1.4095732,1.9709618,1.1183298,0.16360497,3.428888,1.032191,-0.7964115,54.42071,68.86478,280.06918,280.06918,192,144,0.1,50,2.5741422,59.266987,-1.1431794
24688,Studio,0,-4.5290318,0.9827392,1.8724809,-0.72913074,0.9827392,1.7620742,2.4146543,0.99068034,1.9450877,30.27912,39.67369,532.2264,532.2264,192,144,0.1,50,3.8015046,90.59909,0.065522544
24688,Studio,1,-2.82051,1.6162131,3.0308213,0.9793911,1.6162131,2.9204144,2.1562426,1.1019429,1.9109206,52.45411,66.5989,292.29816,292.29816,192,144,0.1,50,3.8015046,77.31818,-5.756742
24688,Studio,2,-4.2653737,1.0203369,1.9071659,-0.46547264,1.0203369,1.7967592,2.5374448,0.9251855,1.8395286,34.224598,44.636322,467.72205,467.72205,192,144,0.1,50,3.8015046,89.43035,-0.8013072
24688,Studio,3,-4.322136,1.0596519,1.584857,-0.5222348,1.0596519,1.4744503,2.110268,1.0020127,1.9301261,39.647503,51.342903,399.45575,399.45575,192,144,0.1,50,3.8015046,93.07249,-0.5126611
24689,Coworking,0,-1.4011508,2.5352204,2.5606666,-2.1732562,2.5352204,-0.120408535,1.9520426,1.2062166,-3.0521252,52.631615,66.80428,291.1596,291.1596,192,144,0.1,50,2.7900376,30.854933,-11.489928
24689,Coworking,1,-1.1652459,2.3778918,3.034381,-1.9373512,2.3778918,0.35330582,1.8360362,1.1580446,-3.1852283,56.411346,71.1369,268.49503,268.49503,192,144,0.1,50,2.7900376,25.759706,-10.017327
24689,Coworking,2,-1.2189168,2.6075103,2.2820597,-1.9910221,2.6075103,-0.39901552,2.0730717,1.0784625,-2.7223258,73.12683,89.3605,194.15504,194.15504,192,144,0.1,50,2.7900376,33.337746,-14.319717
24689,Coworking,3,-1.0067868,2.5027394,2.5804996,-1.7788922,2.5027394,-0.1005754,1.6828487,1.306162,-3.2604532,74.944984,91.251564,187.85114,187.85114,192,144,0.1,50,2.7900376,24.725073,-10.541009
24690,Lounge,0,3.986864,1.6152202,-0.9695314,4.0486946,1.3972499,-0.94251376,2.386242,0.9902905,1.8464822,76.82842,93.19217,181.59024,181.59024,192,144,0.1,50,0.22838245,-150.3861,-10.920001
24690,Lounge,1,3.596495,1.7520375,-1.5363832,3.6583254,1.5340672,-1.5093654,2.6405149,0.85247517,2.1468432,75.345276,91.66556,186.49823,186.49823,192,144,0.1,50,0.22838257,-165.44995,-13.300506
24690,Lounge,2,3.7578192,1.7002053,-1.0612022,3.8196497,1.4822351,-1.0341846,2.6578383,1.0375158,2.1624026,90.14114,106.39565,143.6457,143.6457,192,144,0.1,50,0.22838247,-161.15898,-11.009869
24690,Lounge,3,3.915221,1.4951756,-2.3343058,3.9770515,1.2772053,-2.3072882,2.3397326,1.0426986,2.0221164,44.171913,56.829426,354.87875,354.87875,192,144,0.1,50,0.22838245,-160.11761,-5.5785713
24691,Studio,0,7.8585653,1.5507567,3.9063582,6.8298707,1.6871591,3.355721,2.3991592,0.9677706,2.7451327,29.688534,38.9252,543.3181,543.3181,192,144,0.1,50,1.3488765,-77.99204,-5.9628673
24691,Studio,1,7.392055,1.4599981,3.3545446,6.3633604,1.5964005,2.8039074,2.442215,0.98141116,2.9008424,42.980125,55.394173,365.7513,365.7513,192,144,0.1,50,1.3488764,-84.76291,-5.499699
24691,Studio,2,7.598118,1.5326803,3.820039,6.569423,1.6690826,3.2694018,2.7396042,1.0291555,2.6345975,37.53152,48.742455,423.82727,423.82727,192,144,0.1,50,1.3488762,-76.28817,-5.7493906
24691,Studio,3,8.109755,1.5461298,3.7544498,7.0810595,1.6825322,3.2038126,2.3259158,0.9744538,2.4677782,30.6865,40.18916,524.81854,524.81854,192,144,0.1,50,1.3488766,-77.45822,-5.5109367
24692,Studio,0,-2.9180799,1.266303,3.9317245,-2.631938,1.3735702,4.2469087,-0.14814547,1.0255489,4.78025,59.648445,74.78541,251.19186,251.19186,192,144,0.1,50,0.5762122,107.031624,-4.750648
24692,Studio,1,-2.8112965,1.5463449,4.7911944,-2.5251546,1.6536121,5.1063786,0.15955967,0.9305947,5.044686,67.39806,83.28637,215.92679,215.92679,192,144,0.1,50,0.5762122,94.877014,-11.668302
24692,Studio,2,-2.860972,1.3477446,4.2193546,-2.57483,1.4550118,4.5345387,0.123906136,0.9788194,4.970345,70.15418,86.230705,205.0655,205.0655,192,144,0.1,50,0.5762121,104.122406,-6.835009
24692,Studio,3,-4.6410427,1.6506478,3.9983733,-4.354901,1.757915,4.313557,-0.4901637,1.0751903,4.432224,55.835384,70.48171,271.76575,271.76575,192,144,0.1,50,0.5762118,95.966896,-7.8506675
24693,Conference,0,-0.52611303,0.7883902,3.8440318,-1.3074872,0.7815366,2.5745673,-0.31222785,0.8544553,-3.5077386,51.396694,65.371925,299.23196,299.23196,192,144,0.1,50,1.8423712,1.6664371,0.5146444
24693,Conference,1,-0.37320894,0.7488612,4.414735,-1.1545832,0.74200755,3.1452703,-0.49372816,0.7532451,-3.3978765,43.753,56.32575,358.63626,358.63626,192,144,0.1,50,1.8423712,-0.8837884,0.03214678
24693,Conference,2,-1.0655982,0.8625226,4.218868,-1.8469725,0.85566896,2.9494033,-0.28685126,0.85831124,-3.5850701,66.40927,82.22,220.0162,220.0162,192,144,0.1,50,1.842371,5.6986217,-0.030766644
24693,Conference,3,-0.3753069,0.8070351,3.3570845,-1.1566812,0.80018145,2.08762,-0.11805007,0.797748,-3.4230268,40.75416,52.694305,387.67892,387.67892,192,144,0.1,50,1.8423709,2.1729236,-0.07842443
24694,Breakroom,0,-1.0571144,1.4095092,3.8684268,-3.1042786,1.4095092,3.8013651,3.799047,0.75,4.506671,59.718777,74.86404,250.83495,250.83495,192,144,0.1,50,2.0482624,97.48746,-7.6687956
24694,Breakroom,1,-1.170804,1.4566377,3.6058755,-3.2179682,1.4566377,3.538814,3.5278761,0.8768188,4.618299,64.76969,80.44003,227.04039,227.04039,192,144,0.1,50,2.0482624,102.15961,-6.8784604
24694,Breakroom,2,-0.3248052,1.5998359,4.174647,-2.3719695,1.5998359,4.107585,3.6107438,0.8086396,4.3799725,84.786194,101.190125,157.7383,157.7383,192,144,0.1,50,2.0482624,92.986534,-11.352088
24694,Breakroom,3,-0.8310443,1.5283334,3.568328,-2.8782084,1.5283334,3.5012665,3.6803446,0.85950494,4.441142,83.86892,100.28448,160.29657,160.29657,192,144,0.1,50,2.0482621,100.949684,-8.28149
24695,Training,0,-1.4155133,1.6064161,-0.5342254,-3.1117067,1.6064161,0.8346575,-2.1086588,0.99351406,3.1137266,36.8314,47.877354,432.48422,432.48422,192,144,0.1,50,2.1880076,-169.24152,-9.3727
24695,Training,1,-2.2949162,1.4355409,-0.48654,-3.9911096,1.4355409,0.88234293,-2.1704295,0.88548607,2.7688236,49.734093,63.43054,310.68924,310.68924,192,144,0.1,50,2.1880076,177.81006,-9.583736
24695,Training,2,-1.6756713,1.6434655,-0.34900284,-3.3718648,1.6434655,1.01988,-2.4040413,1.1311259,2.9917336,53.783516,68.13292,283.94073,283.94073,192,144,0.1,50,2.1880076,-167.70045,-8.521869
24695,Training,3,-0.79666096,1.7865789,0.29718864,-2.4928544,1.7865789,1.6660715,-1.8445861,0.9014236,3.0875978,46.335873,59.416813,336.4971,336.4971,192,144,0.1,50,2.1880074,-159.41656,-16.539467
24696,Conference,0,3.6428866,1.630602,2.2181227,3.5663233,1.4785693,2.180226,-0.49272275,1.258937,-0.4383967,43.72992,56.297977,358.84525,358.84525,192,144,0.1,50,0.17439172,-57.285233,-4.3241124
24696,Conference,1,3.686483,1.7161825,0.74616337,3.6099195,1.5641497,0.70826674,-0.6872892,1.3385837,-0.3425825,37.731373,48.988976,421.413,421.413,192,144,0.1,50,0.17439172,-76.02169,-4.788827
24696,Conference,2,4.0290604,1.6933967,2.2388065,3.9524972,1.541364,2.2009099,-0.14799556,1.2345695,-0.13735202,51.020054,64.933426,301.76636,301.76636,192,144,0.1,50,0.17439163,-60.366203,-5.453915
24696,Conference,3,2.996048,1.4937353,1.9657041,2.9194846,1.3417026,1.9278075,-0.68083334,1.1582446,-0.39812976,56.13899,70.8273,270.03397,270.03397,192,144,0.1,50,0.1743917,-57.2634,-4.3888865
24697,Studio,0,1.6679411,1.3295381,-0.14563656,1.605662,1.4716696,-0.37603712,-2.8750799,1.2732176,-1.626263,83.424194,99.84389,161.55336,161.55336,192,144,0.1,50,0.2899826,-71.94857,-0.67531145
24697,Studio,1,0.522547,1.7176436,0.016059488,0.4602679,1.8597751,-0.21434107,-2.8677568,1.1235454,-1.7103066,85.741425,102.12885,155.1214,155.1214,192,144,0.1,50,0.28998262,-63.014492,-8.875357
24697,Studio,2,1.3354037,1.3123877,0.022924453,1.2731246,1.4545192,-0.20747611,-2.791179,1.2153126,-1.7591909,101.54232,117.040565,117.56428,117.56428,192,144,0.1,50,0.28998262,-66.6423,-1.2371936
24697,Studio,3,0.733852,1.5376273,0.4718877,0.6715729,1.6797588,0.24148715,-2.8114944,1.3702596,-1.7838322,79.76101,96.17704,172.3412,172.3412,192,144,0.1,50,0.28998265,-57.53352,-2.2808516
24698,OpenOffice,0,-1.8919654,0.8764275,2.8675811,-2.1540387,0.8578092,2.7644923,-0.1562619,1.2720332,-0.5812361,46.72698,59.881855,333.34702,333.34702,192,144,0.1,50,0.2822571,26.71497,5.850285
24698,OpenOffice,1,-1.5706842,0.89075625,2.838567,-1.8327575,0.87213796,2.7354782,0.16922377,1.2804452,-0.6916833,36.361286,47.295166,438.4777,438.4777,192,144,0.1,50,0.28225708,26.236698,5.6546082
24698,OpenOffice,2,-1.8561507,0.9146306,3.1583245,-2.1182241,0.8960123,3.0552356,-0.067586824,1.1282452,-0.31427297,67.18213,83.05395,216.81076,216.81076,192,144,0.1,50,0.28225723,27.250769,3.1302137
24698,OpenOffice,3,-1.7556927,0.904495,2.5591025,-2.017766,0.8858767,2.4560137,-0.45254427,1.2974426,-0.7757706,70.90467,87.02533,202.23622,202.23622,192,144,0.1,50,0.2822571,21.343771,6.263048
24699,Reception,0,3.4212556,1.0415976,2.8746543,4.321074,1.2047379,2.903962,1.8680228,1.0415356,-0.91103095,104.36348,119.58899,111.77137,111.77137,192,144,0.1,50,0.928907,-22.307905,-0.00086797494
24699,Reception,1,4.7672777,1.1105835,2.6351671,5.667096,1.2737238,2.6644747,1.8687001,0.980237,-0.8494224,98.420296,114.182076,124.25297,124.25297,192,144,0.1,50,0.928907,-39.75462,-1.647247
24699,Reception,2,1.8752664,1.3217956,2.8784466,2.775085,1.4849359,2.9077542,1.7013705,0.92981225,-1.1606323,105.80016,120.87456,108.90602,108.90602,192,144,0.1,50,0.928907,-2.465254,-5.5379667
24699,Reception,3,4.3632374,0.96185297,2.3181152,5.263056,1.1249932,2.3474228,1.9990499,0.98735744,-0.7357224,105.68134,120.76854,109.140915,109.140915,192,144,0.1,50,0.9289068,-37.745937,0.37836984
24700,Training,0,1.4931933,1.7502934,-4.358531,-0.3606956,1.7502934,-5.081387,2.1171465,0.984108,-7.139525,87.994736,104.32565,149.13008,149.13008,192,144,0.1,50,1.9898304,12.645661,-15.046789
24700,Training,1,1.0182846,1.7708732,-4.388482,-0.83560425,1.7708732,-5.111338,2.2296739,1.0915079,-6.939849,102.20619,117.643166,116.1805,116.1805,192,144,0.1,50,1.9898303,25.398375,-13.524923
24700,Training,2,1.8326805,1.9613392,-3.8746448,-0.021208405,1.9613392,-4.597501,1.9090501,0.9670322,-7.210352,102.5476,117.95237,115.4739,115.4739,192,144,0.1,50,1.9898304,1.3115342,-16.59415
24700,Training,3,0.3535061,1.9054763,-3.264484,-1.5003828,1.9054763,-3.98734,2.2408578,1.0409601,-7.4665236,69.03985,85.04523,209.3653,209.3653,192,144,0.1,50,1.9898304,24.187296,-10.629387
24701,Breakroom,0,2.4025047,1.7242639,-1.1317511,2.43612,1.6196473,-1.0958956,6.1640058,1.3645718,-1.5407703,31.36968,41.05205,512.81714,512.81714,192,144,0.1,50,0.11664712,83.794136,-5.430461
24701,Breakroom,1,2.2608855,1.5344332,-1.7374015,2.2945008,1.4298166,-1.701546,6.001416,1.362889,-1.7250378,45.294445,58.17463,345.13574,345.13574,192,144,0.1,50,0.11664716,90.189384,-2.6257832
24701,Breakroom,2,3.1862464,1.6320486,-1.2229849,3.219862,1.527432,-1.1871295,6.0401416,1.3374379,-1.476371,50.62691,64.47491,304.44928,304.44928,192,144,0.1,50,0.116647184,84.92624,-5.870897
24701,Breakroom,3,1.9683436,1.7093931,-0.9214318,2.001959,1.6047765,-0.88557637,5.826443,1.3498746,-1.7058915,28.887306,37.907494,559.0743,559.0743,192,144,0.1,50,0.116647184,78.506836,-5.217602
24702,Training,0,-1.4419515,1.1426584,3.68404,1.6663592,1.1426584,4.564848,-0.981454,1.3821108,-2.2979138,45.408363,58.31078,344.17252,344.17252,192,144,0.1,50,4.0531235,4.402012,2.2855227
24702,Training,1,-0.3364215,1.3616498,2.916138,2.7718892,1.3616498,3.7969458,-0.6583239,1.4917173,-1.958202,43.389877,55.888443,361.9491,361.9491,192,144,0.1,50,4.0531235,-3.7783387,1.5252053
24702,Training,2,-1.6588721,1.156841,4.00076,1.4494386,1.156841,4.881568,-0.74983454,1.453138,-2.0199773,45.877613,58.870903,340.25266,340.25266,192,144,0.1,50,4.053123,8.585919,2.7858841
24702,Training,3,-1.040561,1.3710736,2.910349,2.0677497,1.3710736,3.7911568,-0.9377988,1.4710803,-2.5630085,44.20371,56.86761,354.59634,354.59634,192,144,0.1,50,4.0531235,1.0756006,1.0465816
24703,Training,0,2.1488302,0.95116353,-2.218861,1.9916505,1.1607733,-2.1504304,1.175153,0.9626408,0.2545814,64.33986,79.970955,228.93451,228.93451,192,144,0.1,50,0.29761082,-158.51279,0.24738516
24703,Training,1,2.3116798,0.8553635,-2.4332643,2.1545002,1.0649732,-2.3648336,1.0616502,0.9499595,0.18489346,57.027084,71.83531,265.06558,265.06558,192,144,0.1,50,0.29761085,-154.47804,1.8674747
24703,Training,2,2.1289809,1.0331231,-1.5654091,1.9718013,1.2427329,-1.4969784,1.0133168,1.037578,0.25414538,72.4816,88.68517,196.45737,196.45737,192,144,0.1,50,0.29761076,-148.48537,0.11958809
24703,Training,3,2.557904,0.9652034,-2.5509076,2.4007242,1.1748132,-2.482477,1.0607002,0.8277301,0.5237627,49.049377,62.626724,315.61868,315.61868,192,144,0.1,50,0.29761085,-154.03635,-2.301988
24704,Studio,0,2.9371808,2.5837622,4.3414135,2.3484685,2.7584882,5.1208467,-2.1179292,0.75,3.398722,99.84365,115.49036,121.16555,121.16555,192,144,0.1,50,1.210562,-79.43665,-19.626566
24704,Studio,1,2.2678127,2.324685,4.012371,1.6791005,2.499411,4.7918043,-1.8692992,0.7484863,3.3228748,99.07042,114.780716,122.834656,122.834656,192,144,0.1,50,1.2105615,-80.53798,-20.59656
24704,Studio,2,2.8730025,2.87925,3.2309098,2.2842903,3.053976,4.010343,-1.9875664,0.8723346,3.0641208,87.89201,104.22604,149.39786,149.39786,192,144,0.1,50,1.2105619,-88.03468,-22.423706
24704,Studio,3,2.7429152,2.7332764,3.9550943,2.154203,2.9080024,4.7345276,-2.1398096,0.6793955,3.188535,99.978424,115.61381,120.87656,120.87656,192,144,0.1,50,1.2105619,-81.07773,-22.565447
24705,Coworking,0,-6.4072895,1.7787831,-0.00010728836,-7.3308697,1.7787831,-2.8890939,-7.0333557,0.75,2.5499055,99.272064,114.966034,122.39754,122.39754,192,144,0.1,50,3.0330257,-166.20587,-21.39557
24705,Coworking,1,-6.3994136,1.7307522,-0.36606672,-7.3229938,1.7307522,-3.2550533,-7.287479,0.6355086,2.6356227,99.181625,114.882935,122.59342,122.59342,192,144,0.1,50,3.0330257,-163.51889,-19.284134
24705,Coworking,2,-6.1736946,1.8246429,0.34340277,-7.097275,1.8246429,-2.5455837,-6.9108715,0.71071684,2.8541048,86.323555,102.69874,153.54956,153.54956,192,144,0.1,50,3.0330257,-163.63704,-23.059494
24705,Coworking,3,-6.2620907,1.9567994,-0.87449914,-7.185671,1.9567994,-3.7634857,-7.263881,0.8350225,2.3756845,68.79775,84.78678,210.31555,210.31555,192,144,0.1,50,3.0330257,-162.86934,-18.254135
24706,Training,0,3.170158,1.6304511,-1.2235178,1.2426667,1.6304511,0.48399377,-1.719188,0.9670539,2.3341846,52.715767,66.901596,290.6223,290.6223,192,144,0.1,50,2.5750375,-126.04128,-6.2609773
24706,Training,1,2.7096784,1.7339556,-0.7977841,0.78218734,1.7339556,0.90972745,-1.4876549,0.8604331,2.568165,73.67145,89.928795,192.23877,192.23877,192,144,0.1,50,2.5750375,-128.72702,-9.221896
24706,Training,2,2.5608294,1.8264321,-0.20645893,0.6333382,1.8264321,1.5010526,-1.4778574,0.9902917,2.433094,98.03857,113.82975,125.092224,125.092224,192,144,0.1,50,2.5750375,-123.16731,-9.831836
24706,Training,3,2.9407268,1.9068971,0.24964726,1.0132354,1.9068971,1.9571588,-1.783369,1.0192108,2.4081478,60.734768,75.9969,245.7625,245.7625,192,144,0.1,50,2.5750375,-114.556274,-9.698747
24707,Coworking,0,-5.4466515,1.325692,-3.4572823,-5.454139,1.1046278,-3.490291,-4.923812,1.40989,0.9279432,33.6469,43.913914,476.2465,476.2465,192,144,0.1,50,0.22450429,173.20087,1.0922318
24707,Coworking,1,-5.14645,1.229184,-3.1628408,-5.153938,1.0081198,-3.1958497,-5.0326695,1.5536602,0.91692793,39.314396,50.93496,403.12506,403.12506,192,144,0.1,50,0.22450426,178.4025,4.545572
24707,Coworking,2,-5.8571815,1.3131548,-3.087232,-5.8646693,1.0920906,-3.1202412,-5.05496,1.3808678,0.6929942,47.537193,60.84269,326.97696,326.97696,192,144,0.1,50,0.22450426,168.0187,1.003846
24707,Coworking,3,-5.3619356,1.5447689,-4.4490356,-5.3694234,1.3237047,-4.4820447,-5.006633,1.4728887,1.1657603,31.850876,41.658646,504.6654,504.6654,192,144,0.1,50,0.22450429,176.37918,-0.73199254
24708,Breakroom,0,-2.4579592,0.84340525,-6.455692,-2.3687005,0.84340525,-6.4194946,-2.501298,1.0074581,-1.6247196,51.086494,65.01083,301.31674,301.31674,192,144,0.1,50,0.09631899,-179.48601,1.9448565
24708,Breakroom,1,-2.7548792,0.93106735,-6.497298,-2.6656206,0.93106735,-6.4611006,-2.1988568,0.99329907,-1.8625934,50.11877,63.88104,307.97522,307.97522,192,144,0.1,50,0.09631899,173.15895,0.76380694
24708,Breakroom,2,-2.7102873,0.8547954,-6.272981,-2.6210287,0.8547954,-6.236784,-2.4901257,0.99213994,-1.9722153,56.191406,70.88692,269.73672,269.73672,192,144,0.1,50,0.09631899,177.06952,1.8267232
24708,Breakroom,3,-2.7336645,0.8726406,-6.0857778,-2.6444058,0.8726406,-6.0495806,-2.6275096,0.92677844,-1.90705,59.011974,74.072586,254.4571,254.4571,192,144,0.1,50,0.09631899,178.5448,0.74201894
24709,Coworking,0,-0.649992,3.057892,3.4851499,-0.51461387,3.0481195,3.1391628,-2.338776,1.2453337,-0.70144826,80.1594,96.57913,171.12851,171.12851,192,144,0.1,50,0.39205796,-21.968094,-21.875854
24709,Coworking,1,-0.43428952,3.0862074,3.7970653,-0.2989114,3.0764349,3.4510782,-2.4242127,1.1475635,-0.9368014,94.01374,110.07611,134.2499,134.2499,192,144,0.1,50,0.39205799,-22.799885,-20.682913
24709,Coworking,2,-2.2380748,2.9238782,3.6459136,-2.1026967,2.9141057,3.2999265,-2.1013951,1.3313307,-0.96303666,101.93952,117.40132,116.73479,116.73479,192,144,0.1,50,0.39205799,1.6986239,-19.053984
24709,Coworking,3,0.3910662,2.7195778,3.2674768,0.5264443,2.7098053,2.9214897,-2.011011,1.3943334,-0.91480446,99.83336,115.48095,121.18764,121.18764,192,144,0.1,50,0.39205799,-29.870739,-15.364279
24710,Workshop,0,-1.3635793,1.696965,-3.7893867,-1.3559389,1.696965,3.0604725,-3.2534654,0.99104434,-4.554541,51.920544,65.98053,295.76407,295.76407,192,144,0.1,50,6.8498635,-67.95855,-19.097158
24710,Workshop,1,-1.4094465,1.7715478,-4.071486,-1.4018061,1.7715478,2.7783732,-3.1607058,0.9700544,-4.891908,48.292572,61.735374,321.2196,321.2196,192,144,0.1,50,6.8498635,-64.89806,-22.511183
24710,Workshop,2,-0.11973202,2.3223572,-1.5056932,-0.11209166,2.3223572,5.344166,-3.1310205,1.0562292,-4.670122,31.817398,41.61647,505.22482,505.22482,192,144,0.1,50,6.8498635,-43.57952,-16.164173
24710,Workshop,3,-1.4192002,1.7123116,-3.5406446,-1.4115598,1.7123116,3.3092146,-3.058236,1.0139662,-4.8256783,32.699707,42.726265,490.8557,490.8557,192,144,0.1,50,6.8498635,-51.902912,-18.536482
24711,Library,0,-0.14962101,1.7232729,1.424025,-0.0004300773,1.8452889,1.3384724,-0.7072338,1.0192662,3.815744,35.914913,46.741432,444.30872,444.30872,192,144,0.1,50,0.21100302,-166.87631,-15.995687
24711,Library,1,0.097987175,1.859818,1.8744503,0.24717811,1.9818339,1.7888976,-0.9810877,0.8806192,3.6608176,64.41132,80.04902,228.61803,228.61803,192,144,0.1,50,0.21100296,-148.86546,-25.135632
24711,Library,2,0.61628336,1.7427202,1.2665677,0.7654743,1.8647362,1.181015,-0.5455824,0.8851719,4.037761,36.802616,47.841732,432.84695,432.84695,192,144,0.1,50,0.21100304,-157.25339,-15.927846
24711,Library,3,-0.77934873,1.9141507,1.6412418,-0.6301578,2.0361667,1.5556891,-0.80098885,0.9022018,4.1111856,37.249557,48.39432,427.276,427.276,192,144,0.1,50,0.21100298,-179.49803,-22.278399
24712,Coworking,0,5.920738,1.1605495,3.1989226,5.871578,1.1605495,0.81082225,0.43683568,0.97129333,2.6261358,50.0276,63.774338,308.61493,308.61493,192,144,0.1,50,2.3886063,-84.03715,-1.965877
24712,Coworking,1,5.760199,1.1087238,3.0123804,5.711039,1.1087238,0.62427986,0.53751296,0.898233,2.3848314,54.47256,68.92423,279.7578,279.7578,192,144,0.1,50,2.3886065,-83.148285,-2.291487
24712,Coworking,2,5.7016335,1.120071,3.4350536,5.6524734,1.120071,1.0469532,0.26388946,0.8809925,2.9525,40.20975,52.030243,393.39478,393.39478,192,144,0.1,50,2.3886063,-84.92877,-2.5076313
24712,Coworking,3,5.5164447,1.0423814,3.4006302,5.4672847,1.0423814,1.0125299,0.7052338,0.8906125,2.5852385,65.23785,80.94977,225.00275,225.00275,192,144,0.1,50,2.3886063,-80.38106,-1.7814023
24713,Breakroom,0,2.583726,0.82065266,-0.30021143,-0.8011174,0.82065266,0.100066245,-0.044114716,1.3834715,-3.0685232,62.469585,77.918175,237.44673,237.44673,192,144,0.1,50,3.408429,-43.50883,8.387966
24713,Breakroom,1,2.872756,0.8734591,-0.30631137,-0.51208735,0.8734591,0.09396629,0.09862419,1.3074715,-3.360322,77.91598,94.3043,178.09204,178.09204,192,144,0.1,50,3.408429,-42.250656,6.005029
24713,Breakroom,2,1.8596742,1.0845622,-0.5185758,-1.5251691,1.0845622,-0.11829814,0.19998899,1.334675,-3.3989513,50.689262,64.54768,304.02118,304.02118,192,144,0.1,50,3.408429,-29.950739,4.302669
24713,Breakroom,3,2.3401132,0.7326413,0.08430946,-1.0447301,0.7326413,0.48458713,-0.019193597,1.2972116,-3.174574,46.31122,59.387463,336.6974,336.6974,192,144,0.1,50,3.408429,-35.9031,7.987955
24714,Breakroom,0,-2.6749682,2.6379788,1.9541283,-2.724675,2.5162442,2.7362921,-1.3131427,1.0447661,2.4240034,82.31033,98.73606,164.74982,164.74982,192,144,0.1,50,0.7989986,109.03614,-47.879612
24714,Breakroom,1,-2.9007485,2.6505766,1.7592027,-2.9504552,2.528842,2.5413666,-1.6146675,1.1799632,2.45203,67.48227,83.37693,215.58344,215.58344,192,144,0.1,50,0.7989987,118.31188,-45.191284
24714,Breakroom,2,-2.5851455,2.725874,1.7075579,-2.6348522,2.6041393,2.4897218,-1.0273285,0.9682938,2.55409,85.824234,102.21002,154.89674,154.89674,192,144,0.1,50,0.79899883,118.520065,-44.750305
24714,Breakroom,3,-2.9849682,2.570617,2.0344267,-3.034675,2.4488823,2.8165905,-1.3837991,1.0468358,2.762503,55.565582,70.17419,273.31924,273.31924,192,144,0.1,50,0.7989987,114.45203,-40.90275
24715,Lounge,0,-4.069948,1.7482558,2.7735124,-4.0479374,1.5660086,2.7286532,-1.3939909,0.990582,5.348174,80.23525,96.65559,170.89877,170.89877,192,144,0.1,50,0.18908781,133.89478,-11.532091
24715,Lounge,1,-3.586722,1.7814236,3.2452075,-3.564711,1.5991763,3.2003484,-1.143944,1.118124,5.072256,82.961365,99.384315,162.87302,162.87302,192,144,0.1,50,0.1890878,126.79424,-12.267597
24715,Lounge,2,-4.094555,1.8777965,3.699963,-4.072544,1.6955492,3.6551037,-1.2390059,0.85245925,5.353002,87.72601,104.064964,149.83163,149.83163,192,144,0.1,50,0.18908785,120.06597,-17.262915
24715,Lounge,3,-3.923154,1.7756637,3.8356333,-3.9011433,1.5934165,3.7907739,-1.5693692,0.97722197,5.500293,104.00146,119.26375,112.50219,112.50219,192,144,0.1,50,0.18908788,125.26897,-15.480238
24716,OpenOffice,0,-1.2633388,1.5285887,0.71180797,0.39592016,1.5285887,1.6047573,2.8375924,1.55,-1.2511101,71.11979,87.252556,201.43481,201.43481,192,144,0.1,50,1.8842767,64.421814,0.26982677
24716,OpenOffice,1,-2.2879314,1.6942974,0.032710135,-0.6286726,1.6942974,0.9256595,2.6104782,1.624841,-1.2507722,81.52452,97.950775,167.04793,167.04793,192,144,0.1,50,1.8842766,75.31742,-0.7858402
24716,OpenOffice,2,-1.1651514,1.4720355,0.29608008,0.49410754,1.4720355,1.1890295,2.8927238,1.5317032,-1.2225971,70.30414,86.389725,204.496,204.496,192,144,0.1,50,1.8842766,69.48142,0.7889887
24716,OpenOffice,3,-2.0313141,1.4743412,0.5280317,-0.37205523,1.4743412,1.420981,2.9849956,1.5550939,-1.034744,71.701485,87.86571,199.28868,199.28868,192,144,0.1,50,1.8842766,72.69616,0.8805355
24717,Studio,0,-2.51448,1.255991,-1.906672,-2.8166535,1.4806044,-1.7717772,2.4541092,0.9870385,-4.8652635,61.392788,76.727585,242.55843,242.55843,192,144,0.1,50,0.4035728,59.227932,-2.662878
24717,Studio,1,-1.7338077,1.1368245,-1.5865335,-2.0359812,1.3614379,-1.4516387,2.8012416,0.9992858,-4.665088,54.55325,69.01673,279.27438,279.27438,192,144,0.1,50,0.40357286,55.82993,-1.4373955
24717,Studio,2,-2.4996214,1.2629168,-2.7158766,-2.8017948,1.4875302,-2.5809817,2.3225832,0.8792331,-5.0636754,91.18396,107.39353,141.05472,141.05472,192,144,0.1,50,0.4035727,64.039825,-4.091838
24717,Studio,3,-3.229526,1.2993416,-1.7464368,-3.5316992,1.523955,-1.611542,2.4998481,1.0232658,-5.177681,57.482796,72.350876,262.57083,262.57083,192,144,0.1,50,0.40357256,59.08318,-2.3672292
24718,Training,0,-3.5189085,0.9831224,-0.27465987,-3.5378711,0.9831224,-0.31819198,-0.93979573,1.3226111,1.5681143,54.752735,69.245255,278.0848,278.0848,192,144,0.1,50,0.047482893,125.54578,6.1131296
24718,Training,1,-3.1387956,0.9852391,-0.17995623,-3.1577582,0.9852391,-0.22348833,-0.87609434,1.2095273,1.8286786,40.813522,52.766624,387.0645,387.0645,192,144,0.1,50,0.047482893,131.59596,4.2395487
24718,Training,2,-2.3828478,1.4346564,0.6461667,-2.4018106,1.4346564,0.60263455,-0.8856987,1.3961269,1.7507653,73.89066,90.15708,191.47432,191.47432,192,144,0.1,50,0.047483012,126.41996,-1.1863587
24718,Training,3,-1.8193812,1.1800562,-1.8234755,-1.8383439,1.1800562,-1.8670076,-0.9513736,1.4502336,1.6231785,56.934444,71.73037,265.5772,265.5772,192,144,0.1,50,0.04748292,165.86455,4.346967
24719,Reception,0,0.39640784,2.8938494,-0.50896406,0.3281102,2.7793517,-0.66169584,-1.9017868,1.0039017,1.6371672,100.15686,115.777115,120.49483,120.49483,192,144,0.1,50,0.231347,-133.04037,-31.007635
24719,Reception,1,1.3245316,2.6137612,-2.0331943,1.2562339,2.4992635,-2.185926,-1.9197276,1.1014512,1.9689442,51.99029,66.061455,295.30725,295.30725,192,144,0.1,50,0.23134702,-140.97069,-16.359219
24719,Reception,2,0.13069278,2.790672,-0.98627424,0.062395126,2.6761744,-1.139006,-1.6242125,1.1098311,1.5844032,74.56253,90.855225,189.15529,189.15529,192,144,0.1,50,0.23134702,-145.68011,-28.369827
24719,Reception,3,0.06651029,2.4549563,-1.9901843,-0.0017873645,2.3404586,-2.1429162,-2.1920228,0.9013853,1.9594753,91.03494,107.25124,141.42212,141.42212,192,144,0.1,50,0.23134711,-150.2378,-18.852898
24720,Library,0,-4.028431,1.6447986,-5.8222113,-3.5918489,1.7942052,-5.2679706,-1.725698,0.75,-3.4674532,99.80678,115.45659,121.244705,121.244705,192,144,0.1,50,0.94239944,135.63998,-15.199372
24720,Library,1,-4.797819,1.4587779,-5.8912244,-4.361237,1.6081845,-5.3369837,-1.4287028,0.86298305,-3.7017002,69.323395,85.34751,208.25974,208.25974,192,144,0.1,50,0.942399,123.01907,-8.4342785
24720,Library,2,-3.8620756,1.6042403,-5.5502152,-3.4254935,1.7536469,-4.9959745,-2.0250099,0.8101665,-3.1423922,83.158714,99.580414,162.30884,162.30884,192,144,0.1,50,0.9423994,142.65793,-14.691774
24720,Library,3,-4.549103,1.5526243,-5.694141,-4.1125207,1.7020309,-5.1399,-1.4669832,0.8048109,-3.4791348,90.56455,106.80143,142.58807,142.58807,192,144,0.1,50,0.942399,125.703415,-11.146054
24721,Coworking,0,0.32707214,1.5260768,0.07570672,-0.03905976,1.5567944,-0.5682212,-4.7680674,1.2581079,2.1287332,70.003334,86.07061,205.6406,205.6406,192,144,0.1,50,0.7417555,-111.94639,-2.7927794
24721,Coworking,1,0.6062257,1.523947,0.057111714,0.24009383,1.5546646,-0.5868162,-4.914074,1.2151059,2.0768228,82.514946,98.94005,164.15732,164.15732,192,144,0.1,50,0.74175525,-110.09605,-3.0075722
24721,Coworking,2,0.047302604,1.6188496,-0.57975596,-0.3188293,1.6495672,-1.2236838,-4.5373626,1.3106251,2.124698,59.394444,74.501205,252.48732,252.48732,192,144,0.1,50,0.74175525,-120.53598,-3.3140357
24721,Coworking,3,0.25754327,1.6016943,0.3263964,-0.10858862,1.632412,-0.31753153,-4.8209534,1.360247,2.0850859,49.46653,63.11674,312.60025,312.60025,192,144,0.1,50,0.7417554,-109.10103,-2.5723116
24722,Lounge,0,-3.22551,1.1739812,-2.455875,-1.0596097,1.1739812,-2.4830372,-5.9162283,1.2743136,1.4287852,54.48774,68.941635,279.66678,279.66678,192,144,0.1,50,2.1660705,-145.29152,1.2163225
24722,Lounge,1,-2.0202537,1.0265793,-2.1382785,0.14564645,1.0265793,-2.1654406,-5.6237283,1.1718659,1.6584605,43.260593,55.732582,363.14136,363.14136,192,144,0.1,50,2.1660705,-136.496,1.5898628
24722,Lounge,2,-2.9996371,1.2386512,-2.61741,-0.8337369,1.2386512,-2.6445723,-6.234722,1.1796743,1.1163625,51.14918,65.08385,300.89355,300.89355,192,144,0.1,50,2.1660705,-139.09308,-0.68395597
24722,Lounge,3,-3.2255077,1.21231,-2.0860016,-1.0596075,1.21231,-2.113164,-5.743422,1.2033665,1.186939,65.33882,81.059555,224.5667,224.5667,192,144,0.1,50,2.1660705,-142.42847,-0.12409046
24723,OpenOffice,0,6.328273,0.9453253,-1.6599514,6.2838783,0.9229341,-1.6846459,4.8124566,0.75,1.0180435,62.578926,78.03871,236.93655,236.93655,192,144,0.1,50,0.065695375,-150.48898,-3.6319404
24723,OpenOffice,1,6.081384,1.0175251,-2.1323988,6.0369897,0.99513394,-2.1570933,4.54107,0.78666484,1.1746393,40.892914,52.86332,386.24548,386.24548,192,144,0.1,50,0.06569531,-155.02538,-3.6209223
24723,OpenOffice,2,4.750981,1.2255716,-0.9591064,4.7065864,1.2031804,-0.9838008,4.5496926,0.6706137,0.9044288,94.607506,110.63437,132.86192,132.86192,192,144,0.1,50,0.06569541,-173.83514,-16.492775
24723,OpenOffice,3,5.8647265,0.87852615,-1.5275941,5.820332,0.85613495,-1.5522885,4.6912146,0.83085763,1.0755447,91.66925,107.856186,139.86465,139.86465,192,144,0.1,50,0.06569543,-155.73384,-0.9564073
24724,Training,0,0.44514704,2.5115442,0.45800996,-0.24470675,2.6311803,0.8251233,1.4886115,1.4442462,-2.094994,54.973522,69.497925,276.77756,276.77756,192,144,0.1,50,0.8234004,22.230827,-21.155466
24724,Training,1,0.26906085,2.1546786,-0.69584346,-0.42079294,2.2743146,-0.3287301,1.3387139,1.5870234,-2.251052,96.58259,112.48009,128.33856,128.33856,192,144,0.1,50,0.82340044,34.51971,-16.737984
24724,Training,2,0.35133913,2.4241178,-0.35146862,-0.33851466,2.5437539,0.01564473,1.1886863,1.3734303,-2.0059137,81.21155,97.63714,167.97342,167.97342,192,144,0.1,50,0.82340044,26.844868,-29.537174
24724,Training,3,0.44782725,2.4644737,0.19788012,-0.24202652,2.5841098,0.5649935,1.1433871,1.4270914,-2.387399,56.814606,71.59454,266.2413,266.2413,192,144,0.1,50,0.82340044,15.058636,-21.180645
24725,Lounge,0,-2.0179813,1.682016,6.5578575,-2.5538495,1.682016,8.314505,-4.8338413,1.0014175,1.0574781,104.268616,119.50382,111.962524,111.962524,192,144,0.1,50,1.836563,-27.10969,-6.28536
24725,Lounge,1,-1.7328303,1.6905175,6.4041266,-2.2686985,1.6905175,8.160774,-5.0651293,0.88152564,1.054009,83.81,100.226166,160.46245,160.46245,192,144,0.1,50,1.8365635,-31.91655,-7.313927
24725,Lounge,2,-2.2263868,1.703105,5.71536,-2.762255,1.703105,7.4720073,-4.631268,0.97343856,1.0349319,101.92196,117.38539,116.77136,116.77136,192,144,0.1,50,1.836563,-27.194845,-7.8945255
24725,Lounge,3,-2.2147324,1.6999568,6.3720536,-2.7506006,1.6999568,8.128701,-4.976258,0.9990312,1.0824456,84.99548,101.39619,157.16086,157.16086,192,144,0.1,50,1.8365635,-27.56754,-6.699579
24726,Conference,0,-2.4923747,1.6323379,-2.426874,-1.8595743,1.6323379,-0.7209923,-0.2798117,1.0066584,-1.8279545,102.32288,117.74889,115.93862,115.93862,192,144,0.1,50,1.8194692,105.14643,-15.267599
24726,Conference,1,-2.824525,1.6524605,-2.6268637,-2.1917248,1.6524605,-0.920982,-0.41621554,1.1126856,-1.6001482,82.703156,99.127464,163.61447,163.61447,192,144,0.1,50,1.8194693,113.08962,-11.649758
24726,Conference,2,-2.4562602,1.7425395,-2.7449906,-1.8234599,1.7425395,-1.0391091,-0.29140776,0.9360925,-1.6792169,77.042656,93.41173,180.89455,180.89455,192,144,0.1,50,1.8194691,116.21138,-18.480268
24726,Conference,3,-2.7000334,1.6292112,-1.9507359,-2.067233,1.6292112,-0.2448543,-0.46422356,0.9943313,-1.8656427,71.55036,87.70659,199.84332,199.84332,192,144,0.1,50,1.8194692,92.17959,-15.841516
24727,Training,0,2.7000728,1.1914583,0.3802638,2.7264576,1.3874327,0.35029584,-1.1100955,1.0175918,1.2465711,37.264748,48.41309,427.08893,427.08893,192,144,0.1,50,0.20002845,-102.80942,-2.547786
24727,Training,1,1.8437221,1.2036635,0.5411842,1.8701069,1.3996378,0.5112163,-1.0260558,1.1293977,0.99277365,50.93785,64.83762,302.32416,302.32416,192,144,0.1,50,0.20002846,-98.94276,-1.4643894
24727,Training,2,2.4184544,1.2471801,0.41238987,2.4448392,1.4431545,0.3824219,-0.8522713,0.9109585,0.94439197,57.14393,71.96761,264.42245,264.42245,192,144,0.1,50,0.20002843,-99.23858,-5.79362
24727,Training,3,3.2963798,1.1182141,0.73179805,3.3227646,1.3141885,0.7018301,-1.2047186,0.88626754,1.4193765,32.15621,42.043037,499.61615,499.61615,192,144,0.1,50,0.20002843,-98.68524,-2.916137
24728,Training,0,0.8758745,0.8018339,-2.5799947,3.4473946,0.8018339,-2.1976888,-1.3745246,1.2878691,-2.004746,73.642426,89.898544,192.34027,192.34027,192,144,0.1,50,2.5997834,-104.33894,11.818567
24728,Training,1,2.4484892,1.0479152,-2.5114405,5.020009,1.0479152,-2.1291347,-1.3742213,1.3133103,-1.9124717,59.526924,74.64948,251.8104,251.8104,192,144,0.1,50,2.5997832,-98.9051,3.9237165
24728,Training,2,0.34240353,0.747538,-2.5550377,2.9139237,0.747538,-2.1727319,-1.2189296,1.1569552,-1.8460743,87.80026,104.137024,149.63745,149.63745,192,144,0.1,50,2.5997834,-114.421646,13.428599
24728,Training,3,2.0910149,1.2433398,-2.671411,4.6625347,1.2433398,-2.2891052,-1.648143,1.1816242,-1.680235,76.827835,93.19157,181.59215,181.59215,192,144,0.1,50,2.5997832,-104.84651,-0.9140307
24729,OpenOffice,0,1.242404,2.4425023,0.5760143,-1.5711672,2.4636521,0.5352413,2.216082,0.9891327,-1.6131321,70.796814,86.91132,202.63962,202.63962,192,144,0.1,50,3.3424819,23.978313,-31.241125
24729,OpenOffice,1,0.50182587,2.9263222,-0.8827231,-2.3117454,2.947472,-0.92349607,2.0998316,1.0023539,-1.3960353,73.01675,89.24543,194.54538,194.54538,192,144,0.1,50,3.3424819,72.19192,-48.899307
24729,OpenOffice,2,2.409174,2.3156586,1.9398338,-0.40439725,2.3368084,1.8990607,2.1590128,0.9772609,-1.4949344,67.81321,83.7325,214.24126,214.24126,192,144,0.1,50,3.3424819,-4.1656137,-21.237738
24729,OpenOffice,3,1.745543,2.7001266,1.2702671,-1.0680282,2.7212765,1.2294941,2.3045878,0.8795424,-1.3741359,70.50836,86.606094,203.72374,203.72374,192,144,0.1,50,3.3424819,11.936957,-33.963398
24730,Library,0,3.1984348,1.4678088,-3.7064917,3.333702,1.4678088,-1.0750451,1.1967669,0.8353354,-2.6218915,35.22954,45.88944,453.53983,453.53983,192,144,0.1,50,2.634921,-118.45097,-15.525908
24730,Library,1,2.9244542,1.4815158,-3.3187792,3.0597215,1.4815158,-0.68733263,0.9815502,0.85586846,-2.8299196,41.806034,53.973206,377.03915,377.03915,192,144,0.1,50,2.634921,-104.12319,-17.342705
24730,Library,2,3.0392773,1.3861685,-3.522679,3.1745446,1.3861685,-0.8912325,1.1940653,0.8281997,-2.3159826,45.83718,58.82269,340.5874,340.5874,192,144,0.1,50,2.634921,-123.18312,-14.201984
24730,Library,3,2.946689,1.5304357,-3.6121988,3.0819561,1.5304357,-0.9807521,0.91188884,0.9025139,-2.8690977,37.26408,48.412266,427.09714,427.09714,192,144,0.1,50,2.634921,-110.062,-16.16511
24731,Breakroom,0,3.0847437,1.6846805,-2.3721604,3.1107118,1.557107,-2.3931952,5.149278,0.75,-1.2493545,30.690561,40.19429,524.74567,524.74567,192,144,0.1,50,0.1355351,118.53975,-21.688633
24731,Breakroom,1,2.816339,1.6866864,-2.333583,2.842307,1.5591129,-2.3546178,4.85609,0.6332617,-1.5130527,41.499603,53.601204,380.08545,380.08545,192,144,0.1,50,0.13553512,111.91344,-25.600653
24731,Breakroom,2,2.873213,1.7236624,-2.1500943,2.8991811,1.5960889,-2.171129,5.3530235,0.6745725,-1.3645427,34.77091,45.318108,459.9137,459.9137,192,144,0.1,50,0.13553509,107.5771,-21.964256
24731,Breakroom,3,3.2998238,1.6744242,-2.190772,3.3257918,1.5468507,-2.2118068,5.4952216,0.6722481,-1.2798426,29.674751,38.907715,543.5821,543.5821,192,144,0.1,50,0.13553506,112.534874,-22.861986
24732,Lounge,0,3.452859,1.185427,-3.855648,3.429459,1.185427,-3.6946385,5.2250543,0.9633991,-2.5999594,96.953606,112.82488,127.50441,127.50441,192,144,0.1,50,0.16270104,125.319466,-5.8367534
24732,Lounge,1,3.4865701,1.3848547,-3.133914,3.4631703,1.3848547,-2.9729044,5.471669,0.9530016,-2.4509282,103.3411,118.66917,113.844574,113.844574,192,144,0.1,50,0.16270104,108.9861,-11.624284
24732,Lounge,2,3.3531423,1.1514566,-3.612611,3.3297424,1.1514566,-3.4516015,5.3128276,0.8550487,-2.4365578,87.64632,103.98757,150.04037,150.04037,192,144,0.1,50,0.16270104,120.96896,-7.389509
24732,Lounge,3,3.198429,1.7618883,-1.9422836,3.1750293,1.7618883,-1.7812741,5.331658,0.8838803,-2.5888734,67.11989,82.9869,217.0665,217.0665,192,144,0.1,50,0.16270104,73.13775,-21.498995
24733,Conference,0,-4.8631353,0.9058943,-3.359087,-4.7957735,1.0305672,-3.44239,-3.3563867,0.88620245,-1.5433606,91.28448,107.48945,140.80742,140.80742,192,144,0.1,50,0.16699468,140.31302,-0.47816953
24733,Conference,1,-5.0359874,0.9603105,-3.6515346,-4.9686255,1.0849835,-3.7348375,-3.2116873,0.86350745,-1.8592083,84.11039,100.5233,159.6187,159.6187,192,144,0.1,50,0.16699475,134.49347,-2.1676986
24733,Conference,2,-4.9303064,1.014869,-2.6790915,-4.8629446,1.1395419,-2.7623944,-3.253494,0.96461976,-1.7892046,83.40099,99.82088,161.61923,161.61923,192,144,0.1,50,0.1669947,117.95496,-1.5162903
24733,Conference,3,-4.419107,1.0023117,-3.1934338,-4.351745,1.1269846,-3.2767367,-3.1695032,0.77004516,-1.8040123,91.89182,108.068016,139.32213,139.32213,192,144,0.1,50,0.1669947,138.03275,-7.0851727
24734,Workshop,0,1.8039834,2.712522,2.1061425,-0.31226897,2.712522,2.9986641,1.0792854,1.0388383,-0.12635517,57.474144,72.3411,262.61786,262.61786,192,144,0.1,50,2.2967627,-17.98411,-35.491257
24734,Workshop,1,2.3342884,2.872702,2.1987185,0.218036,2.872702,3.0912402,1.1092398,0.9464162,-0.19295266,43.624294,56.170834,359.80444,359.80444,192,144,0.1,50,2.2967627,-27.122179,-35.634766
24734,Workshop,2,2.1137617,2.8752098,3.175759,-0.002490729,2.8752098,4.0682807,1.4292493,1.1837167,-0.39609942,49.918083,63.646114,309.38623,309.38623,192,144,0.1,50,2.2967627,-10.848654,-24.943024
24734,Workshop,3,1.6240243,2.6499588,1.9321889,-0.49222815,2.6499588,2.8247106,0.8508904,0.89330584,0.059692413,78.330605,94.72668,176.77992,176.77992,192,144,0.1,50,2.2967627,-22.43521,-40.929493
24735,Conference,0,0.3584404,1.7591436,5.856699,0.4043061,1.8110969,5.85896,-3.1544793,0.9668789,5.4059715,45.693657,58.651463,341.78024,341.78024,192,144,0.1,50,0.06935154,-82.688576,-12.609201
24735,Conference,1,0.3145813,1.6514266,5.5176377,0.36044702,1.7033799,5.519899,-2.873803,0.91734886,5.23438,35.928307,46.75806,444.13168,444.13168,192,144,0.1,50,0.06935155,-84.923134,-12.916397
24735,Conference,2,0.47593853,1.7791224,5.6050134,0.5218042,1.8310757,5.6072745,-2.8186302,1.001445,5.4419928,36.525776,47.498985,436.3637,436.3637,192,144,0.1,50,0.069351524,-87.16722,-13.265801
24735,Conference,3,0.22674899,2.0795352,7.4047775,0.27261472,2.1314886,7.4070387,-3.3010166,1.1020839,5.3357153,59.513496,74.63445,251.87889,251.87889,192,144,0.1,50,0.069351554,-59.608044,-13.441524
24736,Reception,0,0.08678031,1.7278144,-0.6794896,-0.009908386,1.7874522,-0.15903789,1.7015685,0.95393836,-2.219485,39.604946,51.290817,399.92123,399.92123,192,144,0.1,50,0.58092755,46.3581,-19.12719
24736,Reception,1,0.987191,1.4826517,-0.49619395,0.89050233,1.5422895,0.024257794,1.827502,0.86215794,-2.0212245,54.61454,69.08696,278.90805,278.90805,192,144,0.1,50,0.58092755,28.855316,-19.613834
24736,Reception,2,-0.16984141,1.6760904,-0.8599052,-0.2665301,1.7357281,-0.33945346,1.9932377,0.87459505,-2.5579576,44.980648,57.799232,347.8129,347.8129,192,144,0.1,50,0.58092755,51.867508,-16.249123
24736,Reception,3,-0.41839612,1.8932499,-0.82890797,-0.5150848,1.9528877,-0.30845627,1.5519674,0.83083546,-2.3043323,44.28653,56.967075,353.86246,353.86246,192,144,0.1,50,0.5809275,53.17383,-23.345245
24737,OpenOffice,0,0.35579634,1.19408,-0.9948683,0.32554758,1.2229357,-1.0518377,0.52439904,0.9769249,0.8886528,52.447174,66.59087,292.34277,292.34277,192,144,0.1,50,0.076878585,174.88483,-6.55075
24737,OpenOffice,1,0.22602406,1.1708874,-1.4466195,0.1957753,1.199743,-1.5035889,0.42190963,0.96324146,1.1534325,28.959597,37.99942,557.6177,557.6177,192,144,0.1,50,0.0768786,175.69153,-4.5532274
24737,OpenOffice,2,0.18593743,1.1345305,-0.791888,0.15568867,1.1633861,-0.8488574,0.2781842,1.0767347,0.9792503,59.047184,74.112076,254.27478,254.27478,192,144,0.1,50,0.07687852,177.01855,-1.8664877
24737,OpenOffice,3,-0.12110308,1.1613793,-1.6669133,-0.15135184,1.190235,-1.7238827,0.55418235,1.0078403,1.187378,48.110497,61.520477,322.5918,322.5918,192,144,0.1,50,0.07687857,166.68936,-2.9965436
24738,Coworking,0,3.0896091,0.87245464,0.09830737,1.208933,0.87245464,-0.14577433,1.7862011,1.3216976,-1.9991562,105.92283,120.98393,108.66391,108.66391,192,144,0.1,50,1.896449,-31.857689,10.3104725
24738,Coworking,1,3.3265443,0.8853608,-0.07808882,1.4458681,0.8853608,-0.32217053,2.1043859,1.2454448,-1.8053097,102.39167,117.8112,115.79621,115.79621,192,144,0.1,50,1.896449,-35.28272,9.658146
24738,Coworking,2,2.9297576,0.9935779,0.5078095,1.0490814,0.9935779,0.26372784,1.4807383,1.3310287,-1.7402728,91.38863,107.58879,140.55159,140.55159,192,144,0.1,50,1.896449,-32.804127,7.1909165
24738,Coworking,3,2.7691731,0.87245405,-0.005057059,0.88849694,0.87245405,-0.24913877,1.4954642,1.406447,-1.7862866,88.17991,104.5051,148.64862,148.64862,192,144,0.1,50,1.8964491,-35.567535,13.704532
24739,Training,0,-0.6537795,2.8515759,-0.73434496,-0.7751112,2.81044,-0.81434345,1.8031837,1.3923182,-2.846543,64.74489,80.41299,227.1491,227.1491,192,144,0.1,50,0.15148912,49.315063,-24.24578
24739,Training,1,-1.2477804,2.6462579,-0.1796068,-1.3691121,2.605122,-0.2596053,2.0774148,1.4834641,-2.6210985,45.216198,58.081066,345.80002,345.80002,192,144,0.1,50,0.15148911,53.712395,-15.741624
24739,Training,2,-0.3049631,2.9458053,-0.6398027,-0.4262948,2.9046695,-0.7198012,1.807134,1.5119481,-3.1748323,67.80213,83.720604,214.28598,214.28598,192,144,0.1,50,0.15148906,39.79987,-23.48762
24739,Training,3,-0.63508147,2.648049,-0.10314834,-0.75641316,2.6069133,-0.18314683,1.5970782,1.3778231,-2.598454,59.849163,75.00974,250.17522,250.17522,192,144,0.1,50,0.1514891,41.81402,-20.776682
24740,Workshop,0,2.2440758,1.7969533,1.5589912,4.1090183,1.7969533,1.761564,-4.166805,1.1190972,1.8617073,91.20114,107.40993,141.0124,141.0124,192,144,0.1,50,1.8759121,-92.703445,-6.0290895
24740,Workshop,1,2.2846072,1.8592532,1.0713625,4.1495495,1.8592532,1.2739353,-4.24635,1.0121613,1.9116063,89.17179,105.46351,146.09671,146.09671,192,144,0.1,50,1.875912,-97.33115,-7.3304863
24740,Workshop,2,2.0482528,1.9379342,1.2263395,3.9131954,1.9379342,1.4289123,-4.3525486,1.2661874,1.8072097,71.97045,88.148605,198.30652,198.30652,192,144,0.1,50,1.8759121,-95.18536,-5.9667645
24740,Workshop,3,2.7502851,1.9588892,1.3087347,4.6152277,1.9588892,1.5113075,-4.404304,1.0460054,1.5220634,60.205036,75.406944,248.38788,248.38788,192,144,0.1,50,1.8759121,-91.707886,-7.268122
24741,Lounge,0,2.2198052,1.4955072,1.2297473,2.3271296,1.6457582,1.019832,-0.71584463,0.9651843,1.3349742,32.33381,42.266434,496.72202,496.72202,192,144,0.1,50,0.2919319,-92.05286,-10.233569
24741,Lounge,1,1.7831876,1.5992124,1.283556,1.890512,1.7494633,1.0736407,-0.61425626,0.8573102,1.0617638,42.057964,54.278694,374.56638,374.56638,192,144,0.1,50,0.29193187,-84.7145,-17.126146
24741,Lounge,2,2.3917284,1.6439769,2.0512059,2.4990528,1.7942278,1.8412907,-0.8532043,0.81929386,1.2311391,34.558594,45.053303,462.91986,462.91986,192,144,0.1,50,0.29193187,-75.817055,-13.841846
24741,Lounge,3,2.0479388,1.5066892,0.6422813,2.1552632,1.6569401,0.432366,-0.45818147,0.879176,1.0331926,29.349962,38.495464,549.8735,549.8735,192,144,0.1,50,0.29193193,-98.86571,-13.895988
24742,Training,0,2.1987,1.3071283,0.07163572,2.3005939,1.0921609,-0.3181173,0.23705474,1.405807,1.0146964,43.732086,56.30059,358.8256,358.8256,192,144,0.1,50,0.4729355,-115.67591,2.5958407
24742,Training,1,2.171706,1.3948156,0.32501543,2.2735999,1.1798482,-0.06473759,0.29157817,1.3171417,1.0657657,65.9421,81.714325,221.98602,221.98602,192,144,0.1,50,0.4729355,-111.503914,-2.2012177
24742,Training,2,2.005924,1.260147,-0.2712943,2.107818,1.0451796,-0.66104734,0.547434,1.3459195,0.7739606,52.290546,66.40951,293.35364,293.35364,192,144,0.1,50,0.47293544,-125.62801,2.7367127
24742,Training,3,2.1824524,1.2870463,0.8267305,2.2843463,1.072079,0.43697748,-0.09827337,1.3031659,0.83518285,46.39889,59.491802,335.98615,335.98615,192,144,0.1,50,0.47293553,-90.21234,0.40494272
24743,OpenOffice,0,-1.7048907,0.98821247,-6.4520645,-1.7589045,0.98821247,-6.466948,-3.9081802,1.0223165,-5.234053,88.058205,104.387184,148.96486,148.96486,192,144,0.1,50,0.056026798,-118.93448,0.7761111
24743,OpenOffice,1,-1.0420111,1.2029345,-5.4131155,-1.0960249,1.2029345,-5.427999,-3.815723,1.1208718,-5.1382537,87.02651,103.38471,151.67404,151.67404,192,144,0.1,50,0.056026798,-95.65926,-1.686397
24743,OpenOffice,2,-1.2231535,1.1474869,-5.486889,-1.2771672,1.1474869,-5.5017724,-3.9163709,0.8840955,-4.9190226,71.43447,87.58447,200.27005,200.27005,192,144,0.1,50,0.056026798,-101.90644,-5.466219
24743,OpenOffice,3,-1.6969308,0.8393797,-6.0478716,-1.7509445,0.8393797,-6.062755,-3.7523587,0.961615,-5.450924,100.18979,115.807236,120.42449,120.42449,192,144,0.1,50,0.056026798,-106.19462,3.2685974
24744,Studio,0,5.3021646,2.7910364,-7.465996,4.765574,2.7910364,-2.5720277,-1.7164484,0.9779973,-2.540371,77.666115,94.04933,178.88843,178.88843,192,144,0.1,50,4.923297,-125.06097,-11.939025
24744,Studio,1,4.4915314,2.73408,-7.1161165,3.954941,2.73408,-2.2221482,-1.4492037,0.9686508,-2.4803922,76.562935,92.91975,182.45692,182.45692,192,144,0.1,50,4.9232974,-127.965935,-13.185706
24744,Studio,2,4.890084,2.544029,-5.9525695,4.353493,2.544029,-1.0586013,-2.0068812,1.0164917,-2.8595626,94.72771,110.74719,132.58255,132.58255,192,144,0.1,50,4.923297,-114.15428,-11.424941
24744,Studio,3,4.750438,2.606509,-6.9508796,4.2138476,2.606509,-2.0569115,-1.9133508,1.0069401,-2.2744865,104.247314,119.48468,112.005486,112.005486,192,144,0.1,50,4.923297,-125.059715,-11.116142
24745,Coworking,0,1.0124345,1.661611,0.5576625,-0.23197222,1.661611,-0.9456035,6.6477647,1.424698,-2.06283,34.235226,44.6496,467.5678,467.5678,192,144,0.1,50,1.9515011,65.061035,-2.1830971
24745,Coworking,1,1.5002189,1.6686819,0.26690745,0.2558121,1.6686819,-1.2363585,6.757466,1.3609446,-2.064968,53.66144,67.992455,284.69214,284.69214,192,144,0.1,50,1.9515011,66.08011,-3.0628824
24745,Coworking,2,1.2370486,1.6555719,3.4123576,-0.0073580146,1.6555719,1.9090916,6.642426,1.3761184,-2.1588445,30.639519,40.129745,525.663,525.663,192,144,0.1,50,1.9515011,44.13449,-2.0617838
24745,Coworking,3,0.8911936,1.7351047,0.20194435,-0.35321307,1.7351047,-1.3013216,6.360515,1.3513722,-2.335294,40.921703,52.898373,385.94922,385.94922,192,144,0.1,50,1.9515011,65.113235,-3.6417258
24746,Coworking,0,-4.74636,1.6512764,2.0776663,-4.461044,1.6656173,2.5975127,2.0934446,1.0086324,3.1999786,71.06262,87.192184,201.64738,201.64738,192,144,0.1,50,0.67302513,99.31837,-5.2971263
24746,Coworking,1,-2.8722258,1.4584167,0.9637202,-2.5869098,1.4727578,1.4835666,1.9723665,1.0172175,3.0244915,86.5023,102.87339,153.07036,153.07036,192,144,0.1,50,0.67302525,113.043724,-4.7904
24746,Coworking,2,-4.7166386,1.5678927,1.8425868,-4.4313226,1.5822337,2.3624332,1.783906,0.9286028,3.279961,65.773964,81.53203,222.70105,222.70105,192,144,0.1,50,0.6730251,102.4684,-5.4849887
24746,Coworking,3,-3.9323168,1.50406,2.6006427,-3.6470008,1.518401,3.1204891,2.0697322,1.0081457,3.1782236,78.74061,95.14348,175.49384,175.49384,192,144,0.1,50,0.6730251,95.49669,-4.701667
24747,OpenOffice,0,0.23949075,1.3165662,-2.3785815,2.2657669,1.3165662,-3.48156,-1.5949763,0.96872324,-3.4674666,78.54168,94.94136,176.11642,176.11642,192,144,0.1,50,2.3070233,-59.30789,-9.260835
24747,OpenOffice,1,0.09579682,1.3749319,-1.4670117,2.122073,1.3749319,-2.5699902,-1.6061258,1.030095,-3.6499395,80.50239,96.92464,170.0925,170.0925,192,144,0.1,50,2.3070233,-37.941807,-7.101361
24747,OpenOffice,2,0.5092056,1.4557593,-2.1002755,2.5354817,1.4557593,-3.203254,-1.4673114,1.0899782,-3.2785246,81.53038,97.956635,167.03067,167.03067,192,144,0.1,50,2.3070233,-59.199818,-9.032267
24747,OpenOffice,3,0.9682558,1.4557589,-2.3942258,2.9945319,1.4557589,-3.4972043,-1.6958059,0.82549137,-3.20922,45.19118,58.05115,346.01285,346.01285,192,144,0.1,50,2.3070233,-72.99,-12.747546
24748,Reception,0,4.9035273,0.8341086,4.223641,4.8625546,0.74038345,4.165557,-0.88479376,1.008544,1.0491956,50.112946,63.87422,308.01602,308.01602,192,144,0.1,50,0.12365757,-61.258648,1.5135744
24748,Reception,1,4.425686,0.8330791,4.126076,4.384713,0.73935395,4.067992,-1.041298,0.9975723,0.77237123,45.27118,58.146816,345.333,345.333,192,144,0.1,50,0.123657554,-58.473095,1.4691573
24748,Reception,2,4.5373216,1.1778811,5.442139,4.496349,1.0841559,5.384055,-0.6668706,1.0234644,0.78663665,68.29321,84.24716,212.3149,212.3149,192,144,0.1,50,0.12365756,-48.18521,-1.2668529
24748,Reception,3,5.741637,1.1526035,3.9238844,5.7006645,1.0588783,3.8658004,-0.66157424,1.0249109,1.0417094,63.404934,78.9472,233.1334,233.1334,192,144,0.1,50,0.123657554,-65.76683,-1.0417933
24749,Training,0,1.9376502,2.5901363,-1.7327921,1.9102048,2.4863734,-1.6546655,-2.5753162,0.9541464,-0.9469742,39.41371,51.056644,402.0248,402.0248,192,144,0.1,50,0.14614013,-99.87756,-19.653433
24749,Training,1,1.8641293,2.6917694,-1.4517971,1.8366839,2.5880065,-1.3736705,-2.8908932,0.92087734,-0.83461607,55.389507,69.97327,274.3406,274.3406,192,144,0.1,50,0.14614014,-97.3954,-20.270578
24749,Training,2,1.5789306,2.3811274,-1.0926329,1.5514851,2.2773643,-1.0145062,-2.6661353,0.80496573,-0.75805664,54.843624,69.3493,277.54553,277.54553,192,144,0.1,50,0.14614038,-94.50648,-20.311771
24749,Training,3,1.6054602,2.6935167,-1.690925,1.5780146,2.5897539,-1.6127983,-2.4237294,1.0511631,-1.1771324,29.88458,39.173824,539.5887,539.5887,192,144,0.1,50,0.14614017,-97.267006,-22.015438
24750,Lounge,0,1.7810493,1.6023299,3.9247847,-0.02632296,1.6023299,3.4105017,-1.090878,1.0019385,4.8852305,60.05749,75.24234,249.1266,249.1266,192,144,0.1,50,1.8791173,-108.49125,-11.214158
24750,Lounge,1,1.9788816,1.5938991,3.6546507,0.17150943,1.5938991,3.1403677,-1.3176804,0.9794215,5.0690193,56.017117,70.688644,270.72705,270.72705,192,144,0.1,50,1.8791173,-113.221436,-9.720362
24750,Lounge,2,2.2768192,1.3788692,2.5723314,0.46944693,1.3788692,2.0580485,-1.2172518,0.90924066,4.7472844,50.951935,64.85404,302.22845,302.22845,192,144,0.1,50,1.8791173,-121.90101,-6.5096774
24750,Lounge,3,1.291954,1.4774432,3.5484633,-0.5154181,1.4774432,3.0341804,-0.8291615,0.92612594,4.7620735,88.51049,104.82504,147.79308,147.79308,192,144,0.1,50,1.879117,-119.77631,-12.713194
24751,Lounge,0,2.698287,1.6056703,2.0033927,-3.002081,1.6056703,-1.4805572,1.5446377,1.5208896,-2.124937,80.553955,96.97654,169.93735,169.93735,192,144,0.1,50,6.680726,-15.612862,-1.133081
24751,Lounge,1,2.81729,1.6810111,2.2103713,-2.8830779,1.6810111,-1.2735785,1.5714409,1.5517385,-2.2792583,90.63327,106.86721,142.41714,142.41714,192,144,0.1,50,6.680726,-15.509062,-1.5892735
24751,Lounge,2,3.1578436,1.7875485,1.7874329,-2.5425243,1.7875485,-1.696517,1.209076,1.5795873,-1.9083446,86.94777,103.308,151.88293,151.88293,192,144,0.1,50,6.680726,-27.802488,-2.849499
24751,Lounge,3,3.0837264,1.8178668,2.5938258,-2.6166415,1.8178668,-0.890124,1.1973939,1.4512537,-2.283919,79.81064,96.22717,172.18959,172.18959,192,144,0.1,50,6.680726,-21.142597,-4.0099316
24752,OpenOffice,0,-4.2245336,1.1768284,-0.897784,-4.2077904,1.1525612,-0.93808776,-6.286116,0.9648205,3.851955,31.49111,41.20521,510.73718,510.73718,192,144,0.1,50,0.051012445,-156.53717,-2.3446746
24752,OpenOffice,1,-4.487471,1.0935745,-0.37990743,-4.470728,1.0693073,-0.4202112,-6.149297,1.0203234,3.6084487,36.10045,46.971706,441.8681,441.8681,192,144,0.1,50,0.051012445,-157.38,-0.97126764
24752,OpenOffice,2,-4.1369395,1.1514822,0.22604907,-4.1201963,1.127215,0.1857453,-6.465119,0.8656769,3.7575238,37.066853,48.168545,429.5377,429.5377,192,144,0.1,50,0.05101249,-146.60452,-3.8655136
24752,OpenOffice,3,-4.7871804,1.3293818,-1.1125804,-4.7704372,1.3051146,-1.1528842,-6.563345,1.020689,3.7387462,30.064611,39.402,536.20575,536.20575,192,144,0.1,50,0.05101252,-159.89134,-3.4194622
24753,Lounge,0,1.3281043,1.0191,2.4963193,1.4260061,1.0191,2.3557916,1.4859009,1.2653612,-1.3950334,105.156525,120.29962,110.18291,110.18291,192,144,0.1,50,0.17126824,2.3221052,3.6181245
24753,Lounge,1,0.711572,1.1117803,2.3301258,0.8094738,1.1117803,2.189598,1.6661438,1.185063,-1.2774947,105.96809,121.02428,108.574684,108.574684,192,144,0.1,50,0.17126824,14.820743,1.1250015
24753,Lounge,2,-0.98978806,1.2863542,1.6088428,-0.89188623,1.2863542,1.4683151,1.4296738,1.1869206,-1.5007823,103.94913,119.216705,112.608116,112.608116,192,144,0.1,50,0.17126824,37.884903,-1.445665
24753,Lounge,3,1.5994452,1.0261086,2.4692361,1.697347,1.0261086,2.3287084,1.2369955,1.2863576,-1.4788712,103.83457,119.11365,112.84029,112.84029,192,144,0.1,50,0.17126824,-5.2452464,3.7555864
24754,Breakroom,0,-3.5060716,2.5840378,-0.33890414,-3.5240102,2.343738,-0.3689575,0.880991,1.0578387,-1.0586154,37.914772,49.215046,419.21896,419.21896,192,144,0.1,50,0.24429467,80.68344,-18.947212
24754,Breakroom,1,-2.5160859,2.6377885,0.1633653,-2.5340245,2.3974888,0.13331196,0.5469017,0.9810338,-0.91134036,36.108227,46.981354,441.76633,441.76633,192,144,0.1,50,0.24429469,70.665634,-27.03931
24754,Breakroom,2,-3.2134356,2.688656,-0.59804034,-3.2313743,2.4483564,-0.6280937,1.0281024,1.108186,-1.2574244,54.901127,69.41511,277.20514,277.20514,192,144,0.1,50,0.24429467,81.163605,-20.213436
24754,Breakroom,3,-1.5432988,2.292221,-2.2755933,-1.5612375,2.0519214,-2.3056467,0.9362351,0.9149153,-0.9720927,64.07204,79.67818,230.12613,230.12613,192,144,0.1,50,0.24429463,117.73109,-26.181923
24755,Training,0,-2.190746,1.53804,4.1266394,-4.13138,1.53804,3.6462984,-4.14552,0.7949566,8.336048,85.06343,101.463036,156.97389,156.97389,192,144,0.1,50,1.9991968,-155.09068,-9.096291
24755,Training,1,-1.8687395,1.6446638,4.0899053,-3.8093734,1.6446638,3.6095645,-4.105221,0.7877492,8.023805,74.909706,91.21503,187.97096,187.97096,192,144,0.1,50,1.9991966,-150.38112,-10.722856
24755,Training,2,-1.2462703,1.6026722,3.951679,-3.1869044,1.6026722,3.471338,-4.1871433,0.87819815,8.114629,80.561806,96.984436,169.91374,169.91374,192,144,0.1,50,1.9991969,-144.7611,-8.089763
24755,Training,3,-2.312741,1.6729054,4.521234,-4.253375,1.6729054,4.040893,-3.8578897,0.66230357,8.532367,98.0471,113.83762,125.073425,125.073425,192,144,0.1,50,1.9991968,-158.93256,-13.23044
24756,Conference,0,-1.7110372,1.6381757,2.5349007,-1.6942924,1.636059,2.4926338,-3.4691079,1.0012062,5.027064,64.42306,80.06183,228.56613,228.56613,192,144,0.1,50,0.047847524,-144.79935,-11.796743
24756,Conference,1,-1.8301584,1.7024211,2.2773917,-1.8134136,1.7003044,2.2351248,-3.4842637,0.9799675,5.2779794,55.016857,69.54749,276.5221,276.5221,192,144,0.1,50,0.047847502,-151.1338,-11.906679
24756,Conference,2,-2.310203,1.7539824,3.6509418,-2.2934585,1.7518657,3.608675,-3.2782302,1.1336219,4.858826,74.4185,90.70577,189.64938,189.64938,192,144,0.1,50,0.04784742,-141.29048,-21.83943
24756,Conference,3,-1.376959,1.662921,1.8780615,-1.3602142,1.6608043,1.8357947,-3.4703176,0.99047196,4.7386174,46.21875,59.277397,337.45026,337.45026,192,144,0.1,50,0.04784746,-143.80328,-10.741666
24757,Workshop,0,-0.5952301,1.1643972,-4.8254757,-1.3976226,1.1200962,-5.7541585,3.7689798,1.4122596,-5.442578,33.120846,43.2548,484.25995,484.25995,192,144,0.1,50,1.288487,81.9517,3.2186332
24757,Workshop,1,1.2303044,1.5745751,-4.7237215,0.42791188,1.530274,-5.6524043,3.7986276,1.5306103,-5.658905,49.92633,63.655773,309.32803,309.32803,192,144,0.1,50,1.2884871,69.99231,-0.92151976
24757,Workshop,2,-1.0739433,1.4081151,-4.278239,-1.8763357,1.3638141,-5.2069216,3.4759173,1.3718096,-5.1388974,39.21973,50.818935,404.1787,404.1787,192,144,0.1,50,1.2884872,79.28841,-0.4492152
24757,Workshop,3,-0.30562365,1.2992405,-4.4093475,-1.1080161,1.2549394,-5.3380303,3.8421533,1.358822,-5.701627,36.345734,47.27589,438.67853,438.67853,192,144,0.1,50,1.288487,72.69508,0.7857322
24758,Reception,0,-2.3066123,0.89014417,-0.613235,-5.163762,0.89014417,1.6569221,-1.690926,1.010029,2.0741167,60.705875,75.96477,245.90462,245.90462,192,144,0.1,50,3.6492352,167.09593,2.4898882
24758,Reception,1,-2.4891324,0.8151021,-0.40680164,-5.3462825,0.8151021,1.8633554,-1.804791,0.9415778,2.2412655,54.179325,68.58779,281.5259,281.5259,192,144,0.1,50,3.6492355,165.51004,2.6476018
24758,Reception,2,-1.7998989,0.7683239,-0.83791447,-4.6570487,0.7683239,1.4322426,-1.3962269,0.99805033,1.9266936,76.7287,93.08988,181.91519,181.91519,192,144,0.1,50,3.6492352,171.6927,4.7004914
24758,Reception,3,-2.7340539,0.7885299,-0.50429523,-5.5912037,0.7885299,1.7658619,-1.4359242,1.0341746,1.7465492,70.36002,86.44895,204.28427,204.28427,192,144,0.1,50,3.6492352,150.02666,5.4006104
24759,Conference,0,2.5672965,2.1540663,1.6811743,4.8274784,2.1540663,0.52021575,0.26271096,0.99016654,-1.3662095,29.3344,38.4757,550.1784,550.1784,192,144,0.1,50,2.5409145,-37.09841,-16.942356
24759,Conference,1,2.3396745,2.283813,0.93463683,4.5998564,2.283813,-0.2263217,0.29494867,0.92876524,-1.5522846,33.9836,44.33513,471.24402,471.24402,192,144,0.1,50,2.5409145,-39.426754,-22.825129
24759,Conference,2,1.8335855,2.2013984,1.746883,4.0937676,2.2013984,0.5859245,0.19862789,1.0421091,-1.633846,46.807537,59.97754,332.70435,332.70435,192,144,0.1,50,2.5409148,-25.808918,-17.155771
24759,Conference,3,0.9321505,2.2271044,2.2462597,3.1923323,2.2271044,1.085301,0.4393807,0.91874516,-1.5963349,33.77933,44.07965,474.2673,474.2673,192,144,0.1,50,2.5409148,-7.3076587,-18.661
24760,Studio,0,-0.29136896,1.4684235,2.2895908,-1.2397156,1.4684235,4.110604,2.1870615,0.75,3.2348642,64.43532,80.07522,228.51192,228.51192,192,144,0.1,50,2.053156,110.876854,-15.154421
24760,Studio,1,-1.1460872,1.3486404,2.4755847,-2.0944338,1.3486404,4.296598,2.4032185,0.6439612,3.499078,60.5492,75.79041,246.67746,246.67746,192,144,0.1,50,2.0531561,106.08568,-10.800369
24760,Studio,2,-0.61824393,1.5567493,2.6577592,-1.5665905,1.5567493,4.478772,2.0968883,0.72480494,3.3891509,44.030373,56.659348,356.14072,356.14072,192,144,0.1,50,2.053156,105.076256,-16.481579
24760,Studio,3,-0.528717,1.4804122,2.3729079,-1.4770637,1.4804122,4.1939206,2.0535078,0.79082906,3.3323293,57.7767,72.68279,260.98096,260.98096,192,144,0.1,50,2.053156,110.38247,-14.054018
24761,Workshop,0,1.9579797,1.472015,-2.9036822,4.8347416,1.472015,-2.412855,-0.28969252,1.0011866,-4.644187,86.38044,102.75433,153.3969,153.3969,192,144,0.1,50,2.9183335,-52.247272,-9.404112
24761,Workshop,1,2.314612,1.5019295,-2.6497138,5.191374,1.5019295,-2.1588864,-0.2826553,0.922284,-4.5630074,71.9878,88.16685,198.24336,198.24336,192,144,0.1,50,2.9183335,-53.622547,-10.186458
24761,Workshop,2,2.3645625,1.6457392,-3.2229722,5.2413244,1.6457392,-2.7321448,-0.5305309,1.0597768,-4.5166116,91.76166,107.94416,139.63918,139.63918,192,144,0.1,50,2.9183335,-65.923065,-10.469555
24761,Workshop,3,2.2786777,1.55328,-3.3723493,5.1554394,1.55328,-2.881522,-0.23979911,0.8799486,-4.787685,80.77968,97.20354,169.26024,169.26024,192,144,0.1,50,2.9183333,-60.664845,-13.119885
24762,OpenOffice,0,-3.4774253,1.2692628,-1.6326509,-4.5783744,1.2692628,-3.0677245,-1.7718995,0.96428794,-3.3150725,76.61738,92.97565,182.27878,182.27878,192,144,0.1,50,1.9645436,45.390728,-7.2547965
24762,OpenOffice,1,-3.3255334,1.3363162,-2.1355917,-4.426482,1.3363162,-3.5706654,-1.532093,0.99589777,-3.4341443,100.73916,116.30909,119.256004,119.256004,192,144,0.1,50,1.9645433,54.09333,-8.74042
24762,OpenOffice,2,-3.8723161,1.3582587,-1.4330752,-4.973265,1.3582587,-2.8681488,-1.5380383,0.84628224,-3.5643203,93.17828,109.28791,136.22574,136.22574,192,144,0.1,50,1.9645433,47.60326,-9.2005
24762,OpenOffice,3,-3.181074,1.2842308,-1.6049603,-4.282023,1.2842308,-3.040034,-2.0616028,0.83509856,-3.1861725,94.47565,110.51054,133.16899,133.16899,192,144,0.1,50,1.9645436,35.297836,-13.052002
24763,Breakroom,0,4.493293,0.9882298,-0.25843525,3.105365,0.9882298,1.2410754,7.7449718,0.9855178,-0.95327175,29.869814,39.1551,539.8679,539.8679,192,144,0.1,50,2.0432513,77.938126,-0.046731617
24763,Breakroom,1,4.464966,1.0187825,0.25728726,3.0770383,1.0187825,1.7567979,7.988399,0.9707296,-1.285389,38.140728,49.49334,416.54385,416.54385,192,144,0.1,50,2.043251,66.3546,-0.7157652
24763,Breakroom,2,4.683092,1.0537194,1.2356298,3.295164,1.0537194,2.7351403,7.7030454,0.85184044,-0.90342957,35.010292,45.61643,456.56668,456.56668,192,144,0.1,50,2.0432513,54.689724,-3.122421
24763,Breakroom,3,4.443226,0.8820769,0.06653565,3.055298,0.8820769,1.5660462,7.8804812,1.0692486,-1.0070193,29.99357,39.311974,537.53595,537.53595,192,144,0.1,50,2.043251,72.65489,2.9754193
24764,Reception,0,-7.5391254,1.8081363,4.8169117,-7.4226594,1.7001288,4.807364,-3.2808187,0.9663305,0.31535268,57.159687,71.98545,264.3359,264.3359,192,144,0.1,50,0.18356214,43.409363,-7.7363153
24764,Reception,1,-7.5645943,1.8131682,4.5380206,-7.448128,1.7051606,4.528473,-3.129677,0.9657328,0.43007576,62.520226,77.974014,237.21024,237.21024,192,144,0.1,50,0.18356222,47.191887,-7.9799833
24764,Reception,2,-7.3672366,1.9557669,4.444175,-7.2507706,1.8477594,4.434627,-3.09645,1.082826,0.4338558,45.634853,58.581276,342.27103,342.27103,192,144,0.1,50,0.18356225,46.801548,-8.474925
24764,Reception,3,-6.3094554,1.9432056,4.2598476,-6.1929893,1.835198,4.2503,-3.0356014,0.9565951,-0.03213784,89.84767,106.11391,144.38336,144.38336,192,144,0.1,50,0.18356223,37.335777,-10.357663
24765,Workshop,0,2.3328683,1.4598107,-3.0617952,5.2290316,1.4598107,-2.9695988,4.1619697,0.75,5.65811,62.88276,78.37332,235.5272,235.5272,192,144,0.1,50,2.8976302,168.1533,-4.554984
24765,Workshop,1,1.7052674,1.6414497,-2.55704,4.601431,1.6414497,-2.4648435,4.0723586,0.6735495,5.898349,75.473854,91.79836,186.06625,186.06625,192,144,0.1,50,2.8976307,164.36038,-6.290502
24765,Workshop,2,2.657091,1.6186364,-1.394037,5.553254,1.6186364,-1.3018405,4.1395984,0.7756785,5.6318355,84.844215,101.24727,157.57799,157.57799,192,144,0.1,50,2.8976302,168.08498,-6.6955433
24765,Workshop,3,1.5005679,1.3802431,-3.3951867,4.396731,1.3802431,-3.3029902,4.442248,0.85438836,5.3869023,53.073235,67.314514,288.35767,288.35767,192,144,0.1,50,2.8976302,161.48103,-3.2496228
24766,Studio,0,3.4330978,1.7801572,-8.725691,3.4479802,1.8451476,-8.282175,2.2607875,0.9742527,-3.7875707,31.581402,41.31906,509.20065,509.20065,192,144,0.1,50,0.5276705,-166.6452,-9.022525
24766,Studio,1,1.845418,1.7215573,-8.51737,1.8603003,1.7865477,-8.073854,2.0647385,0.9661828,-3.4972205,38.986736,50.53316,406.7931,406.7931,192,144,0.1,50,0.52767056,177.49844,-8.548983
24766,Studio,2,2.0457172,2.3841033,-7.687811,2.0605998,2.4490936,-7.244295,2.0212421,0.95756435,-4.001834,54.48415,68.937515,279.68832,279.68832,192,144,0.1,50,0.5276705,-179.61957,-21.156902
24766,Studio,3,2.9243116,2.0421078,-9.890087,2.9391942,2.107098,-9.446571,1.9288001,0.88063914,-3.5810938,32.904785,42.983738,487.62335,487.62335,192,144,0.1,50,0.5276702,-171.0331,-10.306466
24767,Coworking,0,0.9315076,1.3136795,-1.3822187,0.98514485,1.1416953,-1.3752854,-1.0221026,0.9585011,2.711807,54.051525,68.44101,282.30203,282.30203,192,144,0.1,50,0.18388107,-154.49019,-4.476991
24767,Coworking,1,2.0790749,1.5462157,-1.3722736,2.1327121,1.3742315,-1.3653402,-0.8003663,1.0766668,2.6046164,31.944351,41.77636,503.10968,503.10968,192,144,0.1,50,0.1838811,-144.09383,-5.46279
24767,Coworking,2,1.2354547,1.4451462,-0.9056406,1.289092,1.273162,-0.8987073,-1.2799783,0.8426408,2.5486536,73.82035,90.0839,191.71907,191.71907,192,144,0.1,50,0.18388113,-143.93773,-8.025739
24767,Coworking,3,1.1202558,1.2985964,-1.1078186,1.1738931,1.1266122,-1.1008853,-1.2926891,0.83463126,2.9156494,45.681396,58.636833,341.88248,341.88248,192,144,0.1,50,0.18388107,-149.04814,-5.647837
24768,Reception,0,-2.175933,0.99510294,-0.3648398,-2.3876061,1.018651,-0.3431155,1.3661696,0.9607977,-1.2606999,70.16223,86.23925,205.03488,205.03488,192,144,0.1,50,0.27805215,75.80653,-0.5379535
24768,Reception,1,-3.0382264,1.2267373,-0.72527695,-3.2498996,1.2502853,-0.7035526,1.5249715,0.84172285,-0.99627745,59.78169,74.93436,250.5163,250.5163,192,144,0.1,50,0.27805218,86.601295,-4.8143983
24768,Reception,2,-2.5930994,0.9825377,-0.3496343,-2.8047726,1.0060858,-0.32791,1.3033981,0.85285956,-1.2659518,47.02968,60.241222,330.94293,330.94293,192,144,0.1,50,0.2780522,76.766525,-1.8555586
24768,Reception,3,-3.1338418,0.8784537,-0.54451835,-3.345515,0.90200174,-0.522794,1.1232576,0.8535749,-1.1441007,55.096775,69.63887,276.05197,276.05197,192,144,0.1,50,0.27805215,81.983025,-0.33156458
24769,Reception,0,-0.71484804,1.8361906,9.385462,-0.7471949,1.7685916,9.378973,-1.3070174,1.0313598,6.0143294,52.94586,67.16746,289.16135,289.16135,192,144,0.1,50,0.08021804,-9.962872,-13.232248
24769,Reception,1,-0.066542566,1.5975271,9.415265,-0.09888941,1.5299282,9.408776,-1.0633775,1.0169706,6.1837773,69.727295,85.77735,206.6985,206.6985,192,144,0.1,50,0.08021811,-17.143713,-9.741221
24769,Reception,2,-0.42502064,1.9378723,9.272717,-0.45736748,1.8702734,9.266229,-1.440629,0.97691506,5.8966055,63.39568,78.937035,233.17554,233.17554,192,144,0.1,50,0.08021809,-16.742437,-15.246651
24769,Reception,3,-1.1141365,1.7954888,9.228336,-1.1464833,1.7278899,9.221848,-1.4273636,1.1395048,6.219061,62.6168,78.08045,236.76021,236.76021,192,144,0.1,50,0.08021809,-5.9423614,-12.233296
24770,Workshop,0,-0.972955,1.7343031,1.9269166,0.73986614,1.7343031,0.7569293,0.18923557,1.0935239,-1.0582087,99.76725,115.420364,121.32962,121.32962,192,144,0.1,50,2.0742774,21.272318,-11.311698
24770,Workshop,1,-1.3272469,1.720808,2.063163,0.38557416,1.720808,0.8931757,0.2591992,1.1823978,-0.95319086,76.237144,92.584946,183.52745,183.52745,192,144,0.1,50,2.0742772,27.742048,-8.977348
24770,Workshop,2,-0.4270599,1.9659456,1.2293485,1.2857612,1.9659456,0.05936122,0.029335126,1.2180195,-1.1049527,92.32458,108.479225,138.27309,138.27309,192,144,0.1,50,2.0742774,11.062731,-17.45591
24770,Workshop,3,-0.75274265,1.6872159,2.2718928,0.9600785,1.6872159,1.1019053,0.12758279,1.0162525,-1.0133405,99.44929,115.12874,122.01444,122.01444,192,144,0.1,50,2.0742774,15.00081,-11.159797
24771,Reception,0,1.3548899,1.564968,0.35010862,1.4071794,1.4480352,0.33781725,0.058900923,0.75,-6.4012647,91.0538,107.26927,141.37555,141.37555,192,144,0.1,50,0.12965894,-10.866277,-6.760694
24771,Reception,1,1.612015,1.6347891,0.40239456,1.6643045,1.5178564,0.3901032,0.23175794,0.80713147,-6.2651143,101.39115,116.9031,117.8812,117.8812,192,144,0.1,50,0.12965892,-11.695734,-6.930627
24771,Reception,2,2.3470895,1.5988969,1.412975,2.399379,1.4819641,1.4006836,-0.2129193,0.77543783,-6.6607056,83.107185,99.529236,162.45593,162.45593,192,144,0.1,50,0.12965891,-17.59282,-5.5529957
24771,Reception,3,2.221504,1.290153,0.32526207,2.2737935,1.1732202,0.3129707,0.2701822,0.8777199,-6.219823,102.70384,118.0937,115.15167,115.15167,192,144,0.1,50,0.12965906,-16.601185,-3.4557548
24772,Training,0,3.2729125,1.3256454,4.3222127,0.44184685,1.3256454,4.650319,4.047179,1.011377,1.0368413,46.84792,60.0255,332.38293,332.38293,192,144,0.1,50,2.8500152,13.260979,-5.3192606
24772,Training,1,3.0933259,1.3820018,4.588784,0.26226014,1.3820018,4.9168906,3.841349,1.1456652,0.9459435,55.20157,69.75863,275.4374,275.4374,192,144,0.1,50,2.8500152,11.603851,-3.6363156
24772,Training,2,2.6158383,1.467783,4.446568,-0.21522737,1.467783,4.7746744,4.216801,0.99432427,0.7998202,48.031525,61.42721,323.19,323.19,192,144,0.1,50,2.8500152,23.70201,-6.7794485
24772,Training,3,3.7519395,1.4558494,4.4828215,0.920874,1.4558494,4.810928,3.9245985,1.0393257,1.0208225,40.21877,52.04126,393.29886,393.29886,192,144,0.1,50,2.8500152,2.8551242,-6.8520203
24773,Training,0,5.1242685,0.8011844,-6.1187,3.1224988,0.8011844,-3.6890574,0.2201939,0.9930637,-3.2165346,103.39309,118.71604,113.73845,113.73845,192,144,0.1,50,3.1480544,-120.61647,1.9285402
24773,Training,1,4.918837,0.7558844,-6.4794273,2.917067,0.7558844,-4.0497847,0.4860568,1.0308506,-2.8713853,88.58704,104.899055,147.59567,147.59567,192,144,0.1,50,3.1480544,-129.14372,2.7542875
24773,Training,2,5.068983,0.7059906,-6.3778987,3.0672135,0.7059906,-3.948256,-0.09619659,0.9702394,-3.3306222,89.95899,106.22083,144.1031,144.1031,192,144,0.1,50,3.1480541,-120.53912,2.5229867
24773,Training,3,5.4058843,0.70015234,-6.242448,3.4041142,0.70015234,-3.812805,0.45974153,1.0812908,-2.9077775,74.0285,90.300514,190.9956,190.9956,192,144,0.1,50,3.1480546,-123.9877,3.6558297
24774,Conference,0,-2.0367794,2.238107,0.39603734,-2.087938,1.9905229,0.399032,0.56857556,1.024119,-1.2303177,50.58019,64.42036,304.77072,304.77072,192,144,0.1,50,0.25691992,58.026127,-21.5673
24774,Conference,1,-1.9482167,2.2938514,0.09157255,-1.9993753,2.046267,0.09456721,0.27393138,0.9490649,-1.5209103,75.100945,91.412964,187.32256,187.32256,192,144,0.1,50,0.2569201,54.033806,-26.095886
24774,Conference,2,-2.07647,2.1742058,0.8557914,-2.1276286,1.9266217,0.85878605,0.26683402,1.1206069,-1.00333,63.395706,78.93707,233.17542,233.17542,192,144,0.1,50,0.2569199,51.572357,-19.403809
24774,Conference,3,-2.883711,1.959055,-1.2376508,-2.9348698,1.7114708,-1.2346561,0.24718288,1.0998622,-1.0218207,38.541756,49.986668,411.87042,411.87042,192,144,0.1,50,0.25691992,93.94348,-15.310945
24775,Library,0,4.2046146,1.7906048,-0.62357783,2.1212373,1.7906048,0.46214318,-0.969249,1.4701352,1.9068395,38.21176,49.580772,415.70923,415.70923,192,144,0.1,50,2.3493087,-116.062195,-3.1847615
24775,Library,1,3.9530811,1.7665629,-1.1399221,1.8697038,1.7665629,-0.054201186,-1.3038075,1.3898829,1.9079827,41.17097,53.20173,383.4007,383.4007,192,144,0.1,50,2.3493087,-120.104836,-3.5471697
24775,Library,2,2.9679136,2.185517,-1.0847745,0.88453627,2.185517,0.00094658136,-0.6241449,1.5817755,1.9903547,64.66825,80.32942,227.48538,227.48538,192,144,0.1,50,2.3493087,-130.56654,-7.27614
24775,Library,3,4.153038,1.8126363,-0.31218952,2.069661,1.8126363,0.7735315,-1.1183989,1.3367364,1.6465218,28.376217,37.256973,569.5795,569.5795,192,144,0.1,50,2.3493085,-110.38359,-4.8371787
24776,OpenOffice,0,2.7021554,1.7857304,1.6418601,0.6176305,1.7857304,1.1985132,4.3035746,0.75,1.7090387,30.339333,39.749924,531.11926,531.11926,192,144,0.1,50,2.13115,92.40212,-32.87012
24776,OpenOffice,1,2.8738127,1.713854,1.3035504,0.7892877,1.713854,0.8602034,4.11253,0.7031481,1.8969297,44.826122,57.614197,349.14426,349.14426,192,144,0.1,50,2.1311502,115.595695,-36.34779
24776,OpenOffice,2,3.201397,1.7137506,1.6430604,1.116872,1.7137506,1.1997135,4.504183,0.786534,1.4427918,34.993114,45.59504,456.80536,456.80536,192,144,0.1,50,2.1311502,81.26071,-35.124672
24776,OpenOffice,3,3.1101458,1.9773592,2.030201,1.0256209,1.9773592,1.586854,4.155294,0.647757,1.8946764,39.84929,51.58976,397.26166,397.26166,192,144,0.1,50,2.13115,82.61167,-51.59819
24777,Coworking,0,1.1852286,1.1328247,-2.5674086,2.0153809,1.1328247,0.87034106,-1.5004632,0.965153,0.08816419,74.50632,90.79691,189.34793,189.34793,192,144,0.1,50,3.5393138,-134.67693,-2.5419166
24777,Coworking,1,1.6198074,1.1534482,-2.538313,2.4499598,1.1534482,0.8994368,-1.6130238,1.0588982,-0.07900035,63.45986,79.00748,232.88367,232.88367,192,144,0.1,50,3.5393138,-127.261345,-1.3334341
24777,Coworking,2,1.6005913,0.9853041,-2.3769555,2.4307437,0.9853041,1.0607941,-1.3415558,1.0399021,0.04012821,48.02417,61.41853,323.2458,323.2458,192,144,0.1,50,3.5393138,-129.40439,0.8214998
24777,Coworking,3,1.9920716,1.1010627,-1.9194505,2.822224,1.1010627,1.5182991,-1.7150176,1.0410218,-0.18749991,77.0778,93.447716,180.78075,180.78075,192,144,0.1,50,3.5393138,-115.04197,-0.8406832
24778,Library,0,-1.2807088,0.8762694,-0.7352662,-1.80494,0.72899103,-0.93819433,0.9711188,1.4423947,-2.5421453,103.797005,119.07986,112.9165,112.9165,192,144,0.1,50,0.61917835,51.25625,11.094119
24778,Library,1,-1.6270432,0.85203755,-0.6708109,-2.1512744,0.7047592,-0.873739,0.66607225,1.3901062,-2.4847233,69.49982,85.53537,207.57585,207.57585,192,144,0.1,50,0.61917835,51.655113,10.427473
24778,Library,2,-1.2816811,0.8806635,-1.0152814,-1.8059123,0.73338515,-1.2182095,0.94531274,1.380816,-2.2152517,87.36108,103.710365,150.7899,150.7899,192,144,0.1,50,0.61917835,61.6829,11.183795
24778,Library,3,-1.3324401,0.93872035,-0.4124212,-1.8566713,0.791442,-0.6153493,0.7476336,1.5899385,-2.2870073,80.8329,97.25703,169.10104,169.10104,192,144,0.1,50,0.6191784,47.97447,13.092339
24779,Library,0,-2.02708,2.0646348,-7.941223,1.4506207,2.0646348,-6.5940013,0.8650775,1.0661433,-4.5332117,97.595505,113.420006,126.07246,126.07246,192,144,0.1,50,3.729532,139.68091,-12.592341
24779,Library,1,-1.1084487,2.2214396,-8.4841795,2.369252,2.2214396,-7.136957,0.7462207,0.98877704,-4.4602423,93.30776,109.41027,135.91774,135.91774,192,144,0.1,50,3.7295322,155.2546,-15.54678
24779,Library,2,-1.5817833,2.090943,-8.422895,1.8959174,2.090943,-7.0756736,0.6536858,1.0293341,-4.6059914,93.314026,109.41619,135.90286,135.90286,192,144,0.1,50,3.729532,149.64352,-13.495779
24779,Library,3,-2.5060973,2.1254241,-8.324099,0.9716035,2.1254241,-6.976877,1.1573089,1.2091552,-4.6472936,79.234344,95.64426,173.9599,173.9599,192,144,0.1,50,3.7295318,135.10458,-10.011511
24780,Lounge,0,-0.10503054,1.779178,-1.98175,-0.099789925,1.9841125,-1.9468783,-0.3433773,1.0158842,3.2885244,97.75388,113.56657,125.72129,125.72129,192,144,0.1,50,0.20796275,-177.41058,-8.232549
24780,Lounge,1,-0.15781285,2.0949543,-3.5837617,-0.15257224,2.2998886,-3.54889,-0.47302812,1.1591334,3.5750718,54.676876,69.15839,278.53622,278.53622,192,144,0.1,50,0.2079626,-177.4788,-7.44049
24780,Lounge,2,0.47786152,1.6613318,-2.7463675,0.48310214,1.8662663,-2.7114959,-0.15680411,0.93084174,3.023267,83.82509,100.241104,160.41995,160.41995,192,144,0.1,50,0.20796272,-173.72264,-7.1729803
24780,Lounge,3,-1.6359882,1.6788322,-2.9031644,-1.6307477,1.8837667,-2.8682926,-0.4091171,1.1072998,3.4644036,95.22896,111.21698,131.42336,131.42336,192,144,0.1,50,0.20796278,169.0942,-5.0367904
24781,OpenOffice,0,-2.8222926,1.4986598,-5.461256,-2.8457358,1.2747052,-5.386535,1.2663798,1.4468064,-4.27461,54.65337,69.13145,278.67636,278.67636,192,144,0.1,50,0.23881014,106.18419,-0.6978066
24781,OpenOffice,1,-2.3376606,1.5847014,-5.5410733,-2.3611038,1.3607467,-5.4663525,1.1620996,1.5840344,-4.247677,85.134346,101.53278,156.779,156.779,192,144,0.1,50,0.23881014,110.28266,-0.01024223
24781,OpenOffice,2,-2.21246,1.6101629,-5.1404777,-2.2359033,1.3862082,-5.065757,0.9325887,1.4130671,-4.365531,46.039856,59.06431,338.91495,338.91495,192,144,0.1,50,0.23881006,103.842064,-3.482076
24781,OpenOffice,3,-1.3105736,2.047104,-3.9477696,-1.3340168,1.8231491,-3.8730488,1.4825028,1.4279866,-4.0520983,69.035545,85.040634,209.38213,209.38213,192,144,0.1,50,0.23881023,87.86085,-12.489747
24782,Conference,0,-1.8163471,1.3181763,-0.03166485,-1.6065662,1.3843272,-0.12192468,-0.09389254,0.95815945,-2.6839025,38.219765,49.59063,415.61533,415.61533,192,144,0.1,50,0.31578347,33.001083,-6.494615
24782,Conference,1,-2.2392123,1.4306501,0.07068827,-2.0294313,1.496801,-0.019571565,-0.1971055,0.8307997,-2.789379,33.86006,44.180645,473.0682,473.0682,192,144,0.1,50,0.31578353,35.52709,-9.686424
24782,Conference,2,-1.4619085,1.3457271,0.018847048,-1.2521275,1.411878,-0.07141279,0.014591165,0.9039829,-2.939899,39.270317,50.880936,403.6151,403.6151,192,144,0.1,50,0.31578338,26.520521,-7.609141
24782,Conference,3,-1.7541193,1.3906966,0.47220027,-1.5443383,1.4568475,0.38194042,-0.35760036,1.0509957,-2.3727286,46.607407,59.739765,334.30478,334.30478,192,144,0.1,50,0.31578338,26.145502,-6.1180573
24783,Studio,0,-5.230558,0.97631943,-3.727124,-4.9410353,0.7448345,-3.6264627,-0.8265894,1.2404702,0.39327198,46.159023,59.206264,337.9381,337.9381,192,144,0.1,50,0.38500896,133.0947,2.5078979
24783,Studio,1,-5.131829,1.0353469,-3.042378,-4.842306,0.80386186,-2.9417167,-0.58614635,1.161799,0.2920764,48.321808,61.769867,321.00015,321.00015,192,144,0.1,50,0.38500896,126.261665,1.2849509
24783,Studio,2,-5.0552597,0.93263763,-3.285787,-4.765737,0.7011527,-3.1851258,-0.6434442,1.2535001,0.5308957,55.380314,69.96277,274.3941,274.3941,192,144,0.1,50,0.38500893,130.86325,3.148224
24783,Studio,3,-4.9434333,1.0151614,-3.653437,-4.6539106,0.78367645,-3.5527756,-1.1146913,1.2683839,0.16075298,58.352432,73.33157,257.90903,257.90903,192,144,0.1,50,0.3850089,134.89091,2.6826348
24784,OpenOffice,0,2.5615509,1.4778426,-0.50626564,1.0109345,1.4778426,-1.6176456,0.3312975,1.3276827,0.6701322,63.7906,79.370094,231.38799,231.38799,192,144,0.1,50,1.9077674,-117.810425,-3.4080465
24784,OpenOffice,1,2.5450702,1.5786515,-0.14823177,0.99445385,1.5786515,-1.2596117,0.6693533,1.3186836,0.5670877,68.46626,84.43239,211.62625,211.62625,192,144,0.1,50,1.9077674,-110.87475,-7.3787003
24784,OpenOffice,2,2.761818,1.4947319,-0.31013218,1.2112017,1.4947319,-1.4215121,0.32433537,1.2757814,0.5057048,63.760075,79.33665,231.52544,231.52544,192,144,0.1,50,1.9077674,-108.505646,-4.868803
24784,OpenOffice,3,2.8382022,1.49394,-0.68435246,1.2875859,1.49394,-1.7957325,0.061819702,1.4667382,0.65476894,77.455315,93.83398,179.56369,179.56369,192,144,0.1,50,1.9077675,-115.74922,-0.5056051
24785,Studio,0,0.045090914,1.6061937,-3.8027322,0.021020794,1.8156343,-3.7707307,1.1195028,0.8902292,-0.070176244,48.461678,61.93481,319.95383,319.95383,192,144,0.1,50,0.21467897,163.9416,-10.44418
24785,Studio,1,-2.4716198,1.6508039,-2.5718536,-2.4956899,1.8602445,-2.5398521,1.188914,0.9434726,-0.3725595,36.663696,47.669785,434.60526,434.60526,192,144,0.1,50,0.21467894,120.99796,-9.404825
24785,Studio,2,-0.34625477,1.5761199,-3.708824,-0.37032488,1.7855605,-3.6768224,1.094945,0.74960345,-0.123153836,59.282593,74.37594,253.06099,253.06099,192,144,0.1,50,0.214679,158.10316,-12.072314
24785,Studio,3,0.061300673,1.3170202,-2.8292933,0.03723055,1.5264608,-2.7972918,1.3613887,0.8217252,-0.15317622,45.133335,57.98196,346.50583,346.50583,192,144,0.1,50,0.21467902,154.08899,-9.451601
24786,Workshop,0,3.1994944,1.7926369,-0.18283033,3.2535014,1.5972065,-0.17075306,4.343869,1.55,-2.2674985,75.39156,91.71338,186.34259,186.34259,192,144,0.1,50,0.21037358,28.764505,-5.825675
24786,Workshop,1,2.876799,1.6770421,-0.22632556,2.9308062,1.4816117,-0.21424828,4.5041146,1.6883736,-2.5402396,90.83847,107.06349,141.90797,141.90797,192,144,0.1,50,0.21037364,35.11772,0.2295073
24786,Workshop,2,3.3031123,1.9670558,0.42760545,3.3571193,1.7716254,0.43968272,4.6195626,1.6264944,-2.4922717,76.310356,92.660225,183.28622,183.28622,192,144,0.1,50,0.2103737,24.26862,-6.069357
24786,Workshop,3,3.251177,1.7543097,-0.56658244,3.3051841,1.5588793,-0.5545051,4.631961,1.6103183,-2.0179675,92.75887,108.89103,137.22794,137.22794,192,144,0.1,50,0.21037364,43.572006,-4.1112485
24787,Coworking,0,1.4108765,1.1307517,3.2266955,0.7023929,1.1307517,1.2410926,1.0225562,1.2059121,-2.7225747,55.870502,70.52172,271.5645,271.5645,192,144,0.1,50,2.1082144,-3.7345085,0.7222736
24787,Coworking,1,1.905652,0.9322079,3.4524739,1.1971685,0.9322079,1.466871,0.8691081,1.2894872,-2.937248,65.93603,81.70774,222.01178,222.01178,192,144,0.1,50,2.1082144,-9.214284,3.1591318
24787,Coworking,2,1.0683151,0.81496656,1.8877428,0.35983148,0.81496656,-0.09786022,1.1271815,1.2358623,-2.5410419,67.30318,83.18426,216.31464,216.31464,192,144,0.1,50,2.1082144,0.76151747,5.4284024
24787,Coworking,3,0.25918615,1.4116316,1.9639573,-0.4492975,1.4116316,-0.021645665,0.91619444,1.1477288,-2.5530448,58.935326,73.986595,254.85464,254.85464,192,144,0.1,50,2.1082144,8.275766,-3.3089254
24788,Reception,0,2.1862853,0.8936817,5.1844397,1.915916,0.9840674,5.0960183,1.6924098,1.5010593,0.024984192,54.93479,69.45362,277.0062,277.0062,192,144,0.1,50,0.34920424,-5.4678307,6.683758
24788,Reception,1,2.1095312,1.0013427,4.681288,1.8391619,1.0917283,4.592867,1.5366983,1.6031824,-0.22960399,78.87919,95.284164,175.06166,175.06166,192,144,0.1,50,0.34920412,-6.653222,6.9402833
24788,Reception,2,2.2699845,0.91489404,4.907771,1.9996152,1.0052798,4.81935,1.7113228,1.6115911,-0.31503677,55.441372,70.03247,274.03912,274.03912,192,144,0.1,50,0.34920427,-6.105473,7.555523
24788,Reception,3,2.0204704,0.9014175,4.988605,1.7501011,0.99180317,4.9001837,1.4293998,1.5976523,0.063650146,54.342453,68.77501,280.54013,280.54013,192,144,0.1,50,0.34920433,-6.843644,7.9899254
24789,Lounge,0,1.4532145,2.5935552,-0.58352923,1.3154912,2.591861,-0.5687879,3.9917963,0.9997451,-0.20401147,88.56739,104.880066,147.64632,147.64632,192,144,0.1,50,0.13903064,98.50274,-31.837557
24789,Lounge,1,1.9887843,2.6281445,-0.59767586,1.8510611,2.6264503,-0.5829345,3.9321203,0.9548866,-0.49319074,105.41124,120.527336,109.676285,109.676285,192,144,0.1,50,0.13903052,93.07759,-40.68834
24789,Lounge,2,1.4749408,2.4654505,0.025745451,1.3372175,2.4637563,0.040486813,4.2384605,1.0647993,-0.39045733,96.83689,112.716484,127.7663,127.7663,192,144,0.1,50,0.13903064,81.43528,-26.61929
24789,Lounge,3,3.4346273,2.1251988,-2.0394151,3.296904,2.1235046,-2.0246737,4.0220823,0.9036683,-0.06969038,94.86108,110.87231,132.27321,132.27321,192,144,0.1,50,0.13903056,163.3932,-30.722403
24790,Library,0,3.8650203,1.63925,1.4033847,-0.5928035,1.63925,1.660356,2.2801826,1.2783203,-2.033024,96.705,112.59392,128.06282,128.06282,192,144,0.1,50,4.4652243,-24.758684,-5.4481955
24790,Library,1,4.217346,1.5473331,1.2054445,-0.24047744,1.5473331,1.4624158,2.2989783,1.1869096,-2.2850966,98.280594,114.053215,124.55955,124.55955,192,144,0.1,50,4.4652243,-28.792772,-5.1706853
24790,Library,2,3.6378102,1.655553,1.6349874,-0.8200134,1.655553,1.8919587,1.9450824,1.177984,-2.0806534,78.87816,95.28311,175.06488,175.06488,192,144,0.1,50,4.4652243,-24.492502,-6.6712165
24790,Library,3,4.326587,1.7362803,1.4800317,-0.13123667,1.7362803,1.7370031,2.3336878,1.2466979,-1.9077116,99.05635,114.76778,122.86521,122.86521,192,144,0.1,50,4.4652243,-30.466917,-7.100269
24791,Workshop,0,-3.094084,1.6776031,5.5665803,-3.0705845,1.8679171,5.535236,-0.576825,1.4220624,-1.8997407,48.292774,61.735607,321.21808,321.21808,192,144,0.1,50,0.19545807,18.631458,-1.8575728
24791,Workshop,1,-1.9515605,1.3352351,5.2295847,-1.928061,1.525549,5.1982403,-0.52504766,1.4157313,-1.5714321,45.185047,58.043816,346.06506,346.06506,192,144,0.1,50,0.1954581,11.846056,0.66367495
24791,Workshop,2,-3.4399602,2.3874354,7.6729784,-3.4164608,2.5777493,7.641634,-0.3782337,1.3788692,-1.8842788,45.069603,57.90571,347.05035,347.05035,192,144,0.1,50,0.19545798,17.763184,-5.7388325
24791,Workshop,3,-2.5638967,1.7722015,6.1525292,-2.5403972,1.9625155,6.121185,-0.4102262,1.435302,-1.8030229,50.517467,64.347115,305.2031,305.2031,192,144,0.1,50,0.1954581,15.147638,-2.340741
24792,Breakroom,0,-0.16000485,1.2938148,-4.023524,1.6172454,1.2938148,-6.679824,-3.1654353,1.3408082,-7.3058586,64.23314,79.85434,229.40826,229.40826,192,144,0.1,50,3.1960208,-42.4784,0.6049801
24792,Breakroom,1,0.39574796,1.2841069,-4.7132187,2.1729982,1.2841069,-7.3695188,-3.046668,1.2821925,-7.1076527,67.403534,83.29225,215.90448,215.90448,192,144,0.1,50,3.1960208,-55.17877,-0.026157606
24792,Breakroom,2,0.023051873,1.3679576,-4.300749,1.8003021,1.3679576,-6.957049,-2.9434972,1.2651557,-7.5554285,71.118996,87.25172,201.43776,201.43776,192,144,0.1,50,3.1960208,-42.348297,-1.3372684
24792,Breakroom,3,0.6289552,1.2022064,-4.177572,2.4062054,1.2022064,-6.833872,-3.424859,1.4765065,-7.401426,39.20727,50.803654,404.31778,404.31778,192,144,0.1,50,3.1960208,-51.506023,3.0315163
24793,Workshop,0,-1.6201745,0.93653166,6.156052,2.8650494,0.8356902,4.683555,-0.5042593,1.0211904,-4.089145,52.395752,66.53134,292.67404,292.67404,192,144,0.1,50,4.815931,6.2161984,0.4706557
24793,Workshop,1,-1.7888227,0.9798066,6.369795,2.6964014,0.87896514,4.897298,-0.8420799,1.1219776,-4.222747,69.96371,86.028534,205.79202,205.79202,192,144,0.1,50,4.8159313,5.107425,0.7659134
24793,Workshop,2,-1.4549417,1.0418653,6.401851,3.030282,0.94102395,4.929354,-0.8065759,1.1265006,-3.9331532,48.648018,62.154396,318.56863,318.56863,192,144,0.1,50,4.815932,3.589743,0.46827474
24793,Workshop,3,-1.7820132,0.9752468,5.8309226,2.7032108,0.8744053,4.3584256,-0.8405467,1.1594603,-3.9651878,65.944824,81.71726,221.97449,221.97449,192,144,0.1,50,4.8159313,5.4896173,1.0723667
24794,Training,0,-3.049459,2.1731894,-0.24962735,-2.5078495,2.1782281,-0.18299302,-0.37430736,1.1738544,0.14794335,62.724934,78.19957,236.25775,236.25775,192,144,0.1,50,0.6094042,98.4532,-20.279463
24794,Training,1,-2.7011425,1.9412842,0.5121046,-2.159533,1.9463229,0.5787389,-0.36038098,1.31158,0.2962096,90.03869,106.29734,143.9028,143.9028,192,144,0.1,50,0.60940415,84.73036,-14.996292
24794,Training,2,-2.9086974,2.1541493,-0.5311653,-2.3670878,2.159188,-0.46453097,-0.68931264,1.1793981,0.11688048,91.65436,107.84201,139.90103,139.90103,192,144,0.1,50,0.60940415,106.27746,-22.85999
24794,Training,3,-3.5398934,2.2232428,-0.49524125,-2.9982839,2.2282815,-0.42860693,-0.13823521,1.0550834,-0.054205805,38.014626,49.338055,418.03305,418.03305,192,144,0.1,50,0.60940415,97.38737,-18.806704
24795,Workshop,0,2.0246396,1.6835213,-0.4936161,3.4471035,1.6835213,-1.699287,-0.48888642,0.96606535,-2.9581187,74.14124,90.417755,190.60518,190.60518,192,144,0.1,50,1.8646839,-45.564228,-11.519841
24795,Workshop,1,0.9945049,2.2314224,0.70021117,2.4169688,2.2314224,-0.5054598,-0.6838425,0.963506,-3.081642,56.016228,70.68762,270.73212,270.73212,192,144,0.1,50,1.8646839,-23.931154,-17.037256
24795,Workshop,2,0.6681788,1.2050698,-0.42110088,2.0906427,1.2050698,-1.6267718,-0.34747756,1.0511922,-3.2641964,70.30795,86.39377,204.48152,204.48152,192,144,0.1,50,1.8646839,-19.658562,-2.9177635
24795,Workshop,3,1.9441359,1.7638665,-0.2227805,3.3665998,1.7638665,-1.4284514,-0.4920915,0.85898435,-2.848131,55.98362,70.650505,270.91803,270.91803,192,144,0.1,50,1.8646839,-42.86017,-14.179022
24796,Workshop,0,2.9926434,1.6023132,1.5185409,3.1975431,1.6339922,1.8002937,3.1492403,1.0302967,-0.5884853,92.03897,108.20793,138.96457,138.96457,192,144,0.1,50,0.41051626,4.2504816,-15.148753
24796,Workshop,1,2.6173441,1.6694465,1.7519869,2.822244,1.7011255,2.0337396,2.8628612,0.9448854,-0.24325559,87.82641,104.16241,149.56912,149.56912,192,144,0.1,50,0.4105162,7.015051,-19.820477
24796,Workshop,2,2.6330657,1.7901695,1.1667222,2.8379655,1.8218484,1.448475,3.3615806,0.99884164,-0.79213697,102.50896,117.91738,115.55372,115.55372,192,144,0.1,50,0.41051635,20.400558,-20.738472
24796,Workshop,3,3.3938513,1.5752791,1.5080576,3.598751,1.6069582,1.7898104,2.9472945,0.9627057,-0.92776704,81.48801,97.91421,167.1556,167.1556,192,144,0.1,50,0.41051632,-10.388606,-13.89393
24797,OpenOffice,0,0.34910107,1.2573411,-7.2460027,-3.1404881,1.2573411,-5.1855974,-4.5850544,0.75,-5.564703,63.07722,78.58721,234.63159,234.63159,192,144,0.1,50,4.3433948,-108.81641,-5.5589266
24797,OpenOffice,1,0.7472114,1.2245461,-7.6054688,-2.7423778,1.2245461,-5.5450635,-4.9016004,0.88475883,-5.630319,42.668697,55.017933,368.68768,368.68768,192,144,0.1,50,4.3433948,-109.27257,-3.2498233
24797,OpenOffice,2,1.0972767,1.5074636,-7.937428,-2.3923125,1.5074636,-5.8770227,-4.6258183,0.8282401,-5.267861,43.580086,56.1176,360.2072,360.2072,192,144,0.1,50,4.3433948,-115.00694,-6.1388817
24797,OpenOffice,3,0.92821217,1.3139086,-7.1297154,-2.561377,1.3139086,-5.06931,-4.7917037,0.8568022,-5.7700176,47.401524,60.682037,328.0293,328.0293,192,144,0.1,50,4.3433948,-103.371765,-4.44571
24798,Workshop,0,6.015721,0.91926825,-4.8688164,5.9970307,0.91926825,-4.7389145,0.05152476,1.0475119,-0.33127403,43.044758,55.472187,365.147,365.147,192,144,0.1,50,0.13123955,-127.26377,0.9803904
24798,Workshop,1,5.5602283,1.0386257,-4.44418,5.5415382,1.0386257,-4.314278,-0.055626392,0.985702,-0.37229183,43.847748,56.43975,357.7804,357.7804,192,144,0.1,50,0.13123955,-125.94474,-0.4371299
24798,Workshop,2,5.961455,1.0499792,-4.430657,5.9427648,1.0499792,-4.300755,0.19593579,1.1941066,-0.043608755,72.00254,88.18234,198.18974,198.18974,192,144,0.1,50,0.13123955,-127.267914,1.1396835
24798,Workshop,3,5.733239,0.8963468,-4.538684,5.714549,0.8963468,-4.408782,0.15745851,1.1665227,-0.43683803,38.05739,49.390724,417.52698,417.52698,192,144,0.1,50,0.13123955,-126.34021,2.2351956
24799,Breakroom,0,-0.9927311,2.2608466,0.08137274,-4.786767,2.2608466,2.2097964,2.093984,1.4510169,-2.5363228,62.66062,78.12873,236.55641,236.55641,192,144,0.1,50,4.3502755,49.700314,-11.315131
24799,Breakroom,1,-0.99867404,2.2636468,0.3692973,-4.79271,2.2636468,2.497721,1.9801451,1.580281,-2.3602083,80.12795,96.547424,171.22386,171.22386,192,144,0.1,50,4.3502755,47.50083,-9.600136
24799,Breakroom,2,-0.65526485,2.2570708,-0.3112015,-4.449301,2.2570708,1.8172221,1.8701715,1.3563508,-2.6445062,87.552925,103.89686,150.28535,150.28535,192,144,0.1,50,4.3502755,47.2645,-14.679574
24799,Breakroom,3,-0.49746054,2.2248192,0.3167314,-4.2914963,2.2248192,2.4451551,1.9232612,1.4197705,-2.5187852,90.1739,106.42707,143.56361,143.56361,192,144,0.1,50,4.350275,40.487865,-12.18483
24800,Coworking,0,-1.1387272,1.6196034,4.6634307,-0.77272487,1.6196034,6.492987,2.454795,0.75,5.161769,106.14232,121.17953,108.23166,108.23166,192,144,0.1,50,1.8658067,97.89525,-13.479376
24800,Coworking,1,-1.3703061,1.6385201,4.7570305,-1.0043038,1.6385201,6.586587,2.3694396,0.62254006,5.395982,101.10689,116.64433,118.47901,118.47901,192,144,0.1,50,1.8658067,99.69561,-14.991512
24800,Coworking,2,-2.0011296,1.6938614,3.3081508,-1.6351273,1.6938614,5.137707,2.127564,0.85854125,5.4744506,92.727486,108.8613,137.3032,137.3032,192,144,0.1,50,1.8658067,117.685715,-10.157176
24800,Coworking,3,-1.3200974,1.7590171,4.0277514,-0.9540951,1.7590171,5.857308,2.5353184,0.6305947,5.1430173,93.32159,109.42333,135.8849,135.8849,192,144,0.1,50,1.8658067,106.133705,-15.703746
24801,OpenOffice,0,-3.2791944,1.75752,4.869749,-2.6852145,1.7921023,5.4835634,0.38892516,0.99685484,5.5535545,51.298584,65.257774,299.88882,299.88882,192,144,0.1,50,1.0567106,100.559784,-11.522427
24801,OpenOffice,1,-3.337489,1.9818784,5.5373564,-2.743509,2.0164607,6.1511707,0.45819768,0.89247143,5.6501203,57.368515,72.221695,263.19302,263.19302,192,144,0.1,50,1.0567107,91.70167,-16.007406
24801,OpenOffice,2,-2.9394248,1.6914074,5.1380124,-2.345445,1.7259898,5.751827,0.20454729,1.1103066,5.482995,44.641026,57.39238,350.75055,350.75055,192,144,0.1,50,1.0567105,96.26192,-10.410701
24801,OpenOffice,3,-2.7108297,1.9128768,5.040123,-2.11685,1.9474592,5.6539373,0.4384121,0.91157246,5.794028,64.02749,79.62944,230.32521,230.32521,192,144,0.1,50,1.0567107,103.46282,-17.182343
24802,Coworking,0,1.5253186,1.1782229,3.117683,1.5499126,1.2268527,2.9967256,-0.23361862,1.3460025,0.8066422,60.00914,75.18839,249.36937,249.36937,192,144,0.1,50,0.15236641,-37.27483,3.306303
24802,Coworking,1,1.2093415,1.0569614,3.2999778,1.2339355,1.1055912,3.1790204,-0.27611625,1.327267,0.7647786,68.207085,84.1549,212.65881,212.65881,192,144,0.1,50,0.1523664,-30.367458,5.2560034
24802,Coworking,2,1.1526505,1.2472522,3.1763499,1.1772444,1.295882,3.0553925,-0.017935783,1.3452432,0.5197491,63.315758,78.8493,233.53972,233.53972,192,144,0.1,50,0.15236643,-23.779877,1.9332447
24802,Coworking,3,1.2385706,1.1034019,3.057023,1.2631645,1.1520317,2.9360657,-0.52477306,1.4761196,1.0496182,66.29207,82.09325,220.5081,220.5081,192,144,0.1,50,0.15236637,-41.296703,7.9412503
24803,Breakroom,0,-1.4920158,0.94825816,5.2947564,-1.463647,1.0637411,5.27993,-1.0960901,0.96379614,2.8571737,102.75132,118.136635,115.053894,115.053894,192,144,0.1,50,0.121557556,9.225731,0.3604935
24803,Breakroom,1,-1.7522595,0.926495,5.260528,-1.7238907,1.0419779,5.245702,-1.2986252,1.0660276,2.908392,87.548515,103.89258,150.29692,150.29692,192,144,0.1,50,0.121557504,10.916071,3.3336136
24803,Breakroom,2,-1.8066537,0.880938,5.66285,-1.778285,0.9964209,5.6480236,-1.1489928,1.0678744,3.1896966,58.659298,73.676636,256.29416,256.29416,192,144,0.1,50,0.12155752,14.891471,4.177902
24803,Breakroom,3,-1.2303338,0.9925433,5.3536563,-1.2019649,1.1080263,5.33883,-0.7891277,0.8519695,2.5861814,85.50439,101.89633,155.76636,155.76636,192,144,0.1,50,0.121557645,9.05818,-2.8716354
24804,Conference,0,1.4968379,2.7625108,1.6769524,0.85001576,2.7625108,4.235731,-0.90906423,1.210243,1.9489604,80.06763,96.48657,171.40698,171.40698,192,144,0.1,50,2.6392665,-96.45039,-32.664223
24804,Conference,1,2.2653263,2.927951,1.2863337,1.6185042,2.927951,3.8451126,-0.75381875,1.3229382,1.6386662,77.668076,94.05134,178.88216,178.88216,192,144,0.1,50,2.6392665,-96.65627,-27.835325
24804,Conference,2,1.7597523,2.7280805,1.4784693,1.1129303,2.7280805,4.037248,-0.99212253,1.179083,2.0403838,63.737892,79.31234,231.62541,231.62541,192,144,0.1,50,2.6392665,-101.54077,-28.877085
24804,Conference,3,0.51444364,2.9501214,0.4915166,-0.13237846,2.9501214,3.0502954,-1.2191491,1.1152174,1.9005357,104.11874,119.36917,112.265045,112.265045,192,144,0.1,50,2.6392665,-129.10332,-39.398315
24805,Studio,0,-1.2451141,1.5500526,-0.11824274,-0.724147,1.5249492,2.0440378,0.5591417,1.3426104,-0.004243374,39.01257,50.56486,406.50174,406.50174,192,144,0.1,50,2.2243986,93.61535,-6.5457797
24805,Studio,1,-0.8593111,1.6373868,-0.58186656,-0.33834407,1.6122833,1.580414,0.8896867,1.2507216,-0.30299428,42.198185,54.44858,373.20233,373.20233,192,144,0.1,50,2.224399,99.05937,-12.315593
24805,Studio,2,-1.4773895,1.6391121,0.1893315,-0.95642245,1.6140087,2.351612,0.75920296,1.3468612,-0.18045685,48.245514,61.679848,321.57333,321.57333,192,144,0.1,50,2.2243989,80.61189,-7.345927
24805,Studio,3,-1.9265175,1.5347977,-0.032082282,-1.4055504,1.5096942,2.1301982,0.8766141,1.2015398,-0.1967189,35.76042,46.54957,446.35965,446.35965,192,144,0.1,50,2.224399,86.6387,-6.768385
24806,Breakroom,0,2.3522847,1.719557,1.5311499,1.9150698,1.719557,-1.6635313,3.1921272,0.7508275,-1.2199712,54.659435,69.1384,278.6402,278.6402,192,144,0.1,50,3.2244604,16.97601,-18.612432
24806,Breakroom,1,2.7024937,1.5682155,2.0631409,2.2652788,1.5682155,-1.1315403,3.3852096,0.6078474,-1.5578783,60.353485,75.572426,247.64795,247.64795,192,144,0.1,50,3.2244604,10.677344,-14.607938
24806,Breakroom,2,2.5662124,1.6305156,1.4232585,2.1289976,1.6305156,-1.7714226,3.5186954,0.77638125,-0.8996533,75.49223,91.81734,186.00462,186.00462,192,144,0.1,50,3.2244604,22.295511,-18.78884
24806,Breakroom,3,2.5054095,1.5867419,1.8789685,2.0681946,1.5867419,-1.3157127,3.4996023,0.8832921,-1.03811,54.166977,68.57361,281.60077,281.60077,192,144,0.1,50,3.2244604,18.820034,-12.85783
24807,Breakroom,0,-4.0854893,1.1718966,-5.3807564,-4.4664564,1.0142413,-4.406118,-0.8465851,0.9829967,-0.6089465,54.98778,69.51424,276.69345,276.69345,192,144,0.1,50,1.2158697,145.83298,-1.876003
24807,Breakroom,1,-4.33984,1.2615412,-5.381018,-4.720807,1.103886,-4.4063797,-0.7600008,1.0009434,-0.5117084,59.340473,74.440765,252.7639,252.7639,192,144,0.1,50,1.2158697,143.67726,-2.4690325
24807,Breakroom,2,-3.3222196,1.4081832,-5.533033,-3.7031868,1.250528,-4.5583944,-0.51943696,0.9628318,-0.699901,88.99045,105.288635,146.5599,146.5599,192,144,0.1,50,1.2158692,149.89012,-4.5575166
24807,Breakroom,3,-3.766196,1.284344,-4.922279,-4.147163,1.1266887,-3.9476407,-0.93714166,0.9774066,-0.4792291,89.711006,105.982574,144.72816,144.72816,192,144,0.1,50,1.2158692,147.51358,-3.3349943
24808,Lounge,0,-2.6473434,1.0172895,-1.9368496,-2.6764824,1.1933146,-2.0250158,3.5263433,1.0299,-0.0020939754,50.31239,64.10749,306.62387,306.62387,192,144,0.1,50,0.2078034,107.40034,0.11167721
24808,Lounge,1,-2.129286,1.0413818,-1.2858496,-2.158425,1.2174069,-1.3740158,3.6468363,1.120958,-0.26341388,57.810688,72.72114,260.79807,260.79807,192,144,0.1,50,0.20780343,100.037994,0.77721834
24808,Lounge,2,-2.4877782,1.015845,-1.2063818,-2.5169172,1.19187,-1.294548,3.7121303,1.0671215,-0.31145236,50.34632,64.147156,306.38803,306.38803,192,144,0.1,50,0.20780341,98.21366,0.46899548
24808,Lounge,3,-1.7193743,1.0093364,-2.1718786,-1.7485133,1.1853614,-2.2600448,3.3675215,0.93237585,0.120781235,71.24195,87.38147,200.98157,200.98157,192,144,0.1,50,0.20780338,114.261055,-0.7902308
24809,Breakroom,0,-0.7701309,2.2173924,3.09128,-0.7891627,2.2824574,2.930959,1.0413357,1.0561951,-0.9496995,104.694336,119.885765,111.10661,111.10661,192,144,0.1,50,0.18577491,24.14546,-14.693009
24809,Breakroom,1,-0.29578727,2.1378033,3.2079167,-0.3148191,2.2028682,3.0475957,1.1917807,1.0913628,-0.6214632,97.94903,113.747,125.2898,125.2898,192,144,0.1,50,0.18577488,21.229248,-14.290606
24809,Breakroom,2,0.8185487,2.0825584,3.5589058,0.79951686,2.1476233,3.3985848,0.7227403,1.0124995,-0.8318025,83.582504,100.00083,161.10474,161.10474,192,144,0.1,50,0.18577491,-1.2500364,-13.69341
24809,Breakroom,3,-1.1710836,2.1235788,3.1032927,-1.1901153,2.1886437,2.9429717,1.3446409,1.2009288,-0.78148437,100.42757,116.024605,119.91761,119.91761,192,144,0.1,50,0.18577488,32.9265,-11.274303
24810,Coworking,0,-0.7019386,1.752819,-1.066761,-1.6368352,1.752819,0.9086082,1.7595247,0.97252905,-0.2911204,55.274857,69.842354,275.0089,275.0089,192,144,0.1,50,2.1854324,107.49035,-16.822515
24810,Coworking,1,0.22007763,1.9959055,-1.5619711,-0.71481895,1.9959055,0.41339818,1.9348383,1.0454195,-0.43647027,76.44393,92.797516,182.84709,182.84709,192,144,0.1,50,2.1854324,123.279305,-24.862774
24810,Coworking,2,0.090222895,1.9607563,-1.7094027,-0.8446737,1.9607563,0.26596653,2.0689156,1.1046695,-0.5952366,78.5657,94.965775,176.0411,176.0411,192,144,0.1,50,2.1854324,119.38307,-20.656229
24810,Coworking,3,-1.8925779,1.7369113,-0.45482624,-2.8274746,1.7369113,1.520543,1.8047161,1.1119641,-0.5455515,36.553177,47.53293,436.01328,436.01328,192,144,0.1,50,2.1854324,88.594345,-9.59109
24811,OpenOffice,0,1.6129655,1.7413335,0.46855962,1.7639662,1.7413335,0.42794475,0.6864127,0.75,1.1602896,43.97349,56.590973,356.65002,356.65002,192,144,0.1,50,0.15636748,-126.74365,-40.60797
24811,OpenOffice,1,2.3251333,1.5945605,0.67721426,2.476134,1.5945605,0.6365994,0.3657333,0.67971253,1.1004181,42.781227,55.153942,367.62195,367.62195,192,144,0.1,50,0.15636748,-102.18789,-24.53093
24811,OpenOffice,2,2.029595,1.6313262,-0.17498726,2.1805954,1.6313262,-0.21560213,0.75171834,0.60334337,1.3830479,49.487446,63.14129,312.45016,312.45016,192,144,0.1,50,0.15636726,-140.64192,-27.02847
24811,OpenOffice,3,1.3346605,1.8589169,0.21891123,1.4856613,1.8589169,0.17829636,0.83169574,0.6338097,1.0951993,63.472366,79.0212,232.82686,232.82686,192,144,0.1,50,0.15636748,-150.14539,-50.486828
24812,Conference,0,-1.7270294,1.2912282,2.055828,-1.6384408,1.17515,2.0852265,-0.44506013,0.9903372,-1.3671741,57.879776,72.79907,260.42688,260.42688,192,144,0.1,50,0.15920505,20.53173,-4.7059155
24812,Conference,1,-1.2699122,1.1754762,0.7578114,-1.1813236,1.059398,0.78720987,-0.17759457,0.92149335,-1.3753682,71.822845,87.99341,198.84471,198.84471,192,144,0.1,50,0.15920502,27.115206,-6.049457
24812,Conference,2,-1.2391917,1.3558758,2.0193355,-1.150603,1.2397977,2.048734,-0.39632103,0.9193802,-1.4512041,70.05362,86.12399,205.44864,205.44864,192,144,0.1,50,0.15920505,13.650814,-6.9680696
24812,Conference,3,-2.0997097,1.3444351,2.0456991,-2.0111213,1.228357,2.0750976,-0.6382332,0.9346189,-1.0779109,61.941013,77.33454,239.93591,239.93591,192,144,0.1,50,0.15920496,25.073982,-6.77699
24813,Breakroom,0,3.3253746,0.9864975,-1.9125068,2.2982774,0.9864975,0.58356,-2.1171563,1.3851864,1.9185075,53.264202,67.53481,287.1594,287.1594,192,144,0.1,50,2.6991255,-125.14184,3.4280488
24813,Breakroom,1,3.1376681,1.0816321,-1.6969466,2.110571,1.0816321,0.7991201,-1.8287187,1.3457196,1.9074757,73.653305,89.90989,192.30222,192.30222,192,144,0.1,50,2.6991255,-125.97078,2.4642253
24813,Breakroom,2,3.456072,1.046366,-2.672308,2.4289749,1.046366,-0.17624122,-1.8637875,1.3686638,2.1466384,65.40697,81.13361,224.27307,224.27307,192,144,0.1,50,2.6991255,-132.17157,2.570912
24813,Breakroom,3,3.5094671,1.1909796,-2.554712,2.48237,1.1909796,-0.05864525,-1.9666353,1.2449278,1.9680128,42.218525,54.47322,373.00516,373.00516,192,144,0.1,50,2.6991255,-129.55338,0.43520275
24814,Reception,0,1.6167994,2.1045792,-1.2104468,-2.4751482,2.3292322,-0.8431026,0.4577408,0.9707839,-0.2957808,72.53996,88.74635,196.24767,196.24767,192,144,0.1,50,4.1702156,-128.2786,-37.520573
24814,Reception,1,1.6714112,2.0544918,-1.4662497,-2.4205363,2.2791448,-1.0989053,0.6629586,1.0061176,-0.1265915,50.966583,64.87111,302.129,302.129,192,144,0.1,50,4.170216,-143.02872,-32.01456
24814,Reception,2,1.9354922,2.1739597,-1.1402518,-2.1564555,2.3986127,-0.7729075,0.5897825,1.0654268,0.012516379,61.453377,76.794754,242.2665,242.2665,192,144,0.1,50,4.170216,-130.58418,-32.030113
24814,Reception,3,1.8853419,2.1810217,-1.4378694,-2.2066057,2.4056747,-1.0705252,0.71713704,1.0264697,-0.12830162,56.755917,71.52799,266.5675,266.5675,192,144,0.1,50,4.1702156,-138.26532,-33.341007
24815,Library,0,5.5122013,1.5050727,-3.446712,5.456304,1.6733081,-3.4725792,5.108624,0.97050333,-5.16933,77.59809,93.979866,179.10599,179.10599,192,144,0.1,50,0.18489896,-13.185525,-16.811804
24815,Library,1,5.6781263,1.4001517,-2.9692986,5.622229,1.5683872,-2.9951658,5.0666475,0.8951416,-5.4787664,45.75076,58.7196,341.3048,341.3048,192,144,0.1,50,0.18489888,-13.694322,-11.062972
24815,Library,2,4.5868564,1.8401065,-3.0203357,4.530959,2.008342,-3.046203,5.1745567,0.9943733,-4.827137,48.19345,61.61841,321.9654,321.9654,192,144,0.1,50,0.18489906,18.018213,-23.995163
24815,Library,3,4.6970873,1.6116143,-3.4840293,4.64119,1.7798498,-3.5098965,5.4234104,1.0480853,-5.250623,60.27834,75.48867,248.02208,248.02208,192,144,0.1,50,0.184899,22.349682,-16.437601
24816,Reception,0,-0.91598105,1.625952,4.1398106,-2.2235982,1.625952,1.0290587,-2.603665,1.0471175,-1.0584694,41.32302,53.386623,381.86057,381.86057,192,144,0.1,50,3.3744094,-17.986647,-6.0456176
24816,Reception,1,-1.6125474,1.7727134,3.6390316,-2.9201646,1.7727134,0.5282797,-2.9365103,0.966745,-0.9697334,47.826904,61.18541,324.74863,324.74863,192,144,0.1,50,3.3744094,-16.027805,-9.541063
24816,Reception,2,-0.9732034,1.6821239,4.572132,-2.2808206,1.6821239,1.4613801,-2.4601054,0.91567343,-1.1495559,55.68894,70.314835,272.60727,272.60727,192,144,0.1,50,3.37441,-14.567305,-7.3871355
24816,Reception,3,-0.7876218,1.6772878,4.4140005,-2.095239,1.6772878,1.3032488,-2.903085,1.0463939,-1.0521564,35.319706,46.001644,452.3056,452.3056,192,144,0.1,50,3.3744094,-21.15699,-6.143574
24817,Studio,0,-1.6587603,1.2399042,-2.8168025,-4.930149,1.2399042,-1.9991555,4.662618,0.997916,-2.0357368,34.53222,45.02039,463.29584,463.29584,192,144,0.1,50,3.372022,97.04373,-2.1757352
24817,Studio,1,-0.11073041,0.88045764,-3.6413755,-3.3821192,0.88045764,-2.8237286,4.6846027,1.0643721,-2.0872076,64.548065,80.1983,228.01419,228.01419,192,144,0.1,50,3.372022,107.95752,2.0894785
24817,Studio,2,-1.0481567,1.2323395,-2.6369045,-4.3195457,1.2323395,-1.8192576,4.5982695,1.0769004,-2.1379137,31.576685,41.313118,509.2807,509.2807,192,144,0.1,50,3.3720222,95.05027,-1.5707651
24817,Studio,3,-1.2683439,1.2951288,-2.949977,-4.539733,1.2951288,-2.13233,4.765191,0.871712,-2.1188161,40.02751,51.807632,395.3414,395.3414,192,144,0.1,50,3.3720222,97.84352,-3.976843
24818,Workshop,0,-0.27784586,0.86698365,-3.068502,-0.20916158,0.976988,-3.1460278,-6.6351857,1.5327206,-3.321553,87.572205,103.91559,150.23474,150.23474,192,144,0.1,50,0.16057779,-87.72057,5.9734955
24818,Workshop,1,-0.7603183,0.81125015,-2.1000736,-0.69163406,0.9212545,-2.1775994,-6.5330067,1.5924616,-3.3023999,104.48471,119.697784,111.52746,111.52746,192,144,0.1,50,0.16057767,-78.234726,7.5469246
24818,Workshop,2,-0.24346319,0.8270626,-2.610367,-0.17477891,0.93706703,-2.687893,-6.654323,1.4657702,-3.2484992,82.86393,99.28744,163.15236,163.15236,192,144,0.1,50,0.1605777,-84.31555,5.661751
24818,Workshop,3,-0.48211843,1.0714527,-2.5571213,-0.41343415,1.1814572,-2.6346474,-6.4501557,1.4760878,-3.5289028,84.40278,100.81208,158.80214,158.80214,192,144,0.1,50,0.16057786,-80.75164,3.8284695
24819,Coworking,0,-4.165857,2.5299134,-0.6887317,-4.5142384,2.5791311,-0.9515921,-4.329306,0.9678397,-2.5549924,39.4535,51.10538,401.58554,401.58554,192,144,0.1,50,0.45280695,-5.00526,-39.82187
24819,Coworking,1,-4.5380692,2.6372766,-0.75271887,-4.886451,2.6864944,-1.0155793,-4.312163,1.018746,-2.6679943,35.37922,46.075687,451.4943,451.4943,192,144,0.1,50,0.4528071,6.726946,-40.004936
24819,Coworking,2,-4.6413403,2.5088377,-0.45010275,-4.989722,2.5580554,-0.71296316,-4.209805,1.0982537,-2.7719836,45.425438,58.331177,344.02856,344.02856,192,144,0.1,50,0.45280698,10.528627,-30.84943
24819,Coworking,3,-4.109579,2.7544687,0.32472992,-4.4579606,2.8036864,0.061869502,-4.624886,0.8495855,-2.4050028,35.66989,46.43709,447.56943,447.56943,192,144,0.1,50,0.45280683,-10.690245,-34.439075
24820,OpenOffice,0,2.57834,1.759768,2.8868341,2.3005764,1.9750476,2.731104,3.0132792,1.0639836,-2.4957047,36.527294,47.500866,436.34424,436.34424,192,144,0.1,50,0.38830778,4.619781,-7.3419385
24820,OpenOffice,1,0.64578426,1.7608972,1.9828618,0.36802065,1.9761767,1.8271315,3.20819,1.0340332,-2.7396464,47.812202,61.168034,324.86108,324.86108,192,144,0.1,50,0.38830778,28.484,-7.704398
24820,OpenOffice,2,2.2806,1.724961,2.9932902,2.0028365,1.9402406,2.83756,2.9335785,0.94116026,-2.276567,40.288383,52.12625,392.56003,392.56003,192,144,0.1,50,0.38830784,7.0634136,-8.3964615
24820,OpenOffice,3,1.0999242,1.7449615,3.6006804,0.8221606,1.9602411,3.44495,3.3416471,1.0636926,-2.3285446,33.9113,44.244728,472.31003,472.31003,192,144,0.1,50,0.3883078,20.710617,-6.1343255
24821,Breakroom,0,-2.210619,1.5441201,0.74229765,-2.2638242,1.7126293,0.7610118,0.3838739,0.98071367,3.1868393,48.08807,61.493996,322.76147,322.76147,192,144,0.1,50,0.17887755,133.2955,-8.98136
24821,Breakroom,1,-2.0065227,1.7410848,1.2390926,-2.059728,1.909594,1.2578067,0.6445435,1.0419494,2.8855119,47.173107,60.411343,329.81393,329.81393,192,144,0.1,50,0.17887752,121.84196,-12.62751
24821,Breakroom,2,-2.035867,1.9875708,2.3477983,-2.0890722,2.15608,2.3665125,0.62276983,0.8870725,3.4081252,77.624664,94.007,179.02097,179.02097,192,144,0.1,50,0.17887755,111.74328,-21.030912
24821,Breakroom,3,-0.8327553,2.0611377,2.4218607,-0.8859606,2.229647,2.4405746,0.5053843,0.9531634,3.5059867,94.31756,110.36195,133.53804,133.53804,192,144,0.1,50,0.17887752,129.01349,-32.75525
24822,Breakroom,0,-3.274815,1.2736883,-0.32122278,-0.8916738,1.2736883,0.5596048,5.420772,1.0346448,-0.53124046,31.406126,41.098022,512.1912,512.1912,192,144,0.1,50,2.5407124,88.616455,-1.5742173
24822,Breakroom,1,-3.5750194,1.3669845,-0.5270697,-1.1918781,1.3669845,0.35375795,5.626724,1.1304902,-0.8114077,34.403526,44.859768,465.13818,465.13818,192,144,0.1,50,2.5407124,88.230095,-1.4715346
24822,Breakroom,2,-5.003313,1.4298209,-0.34863728,-2.620172,1.4298209,0.5321903,5.2322173,1.03761,-0.8794545,29.146347,38.2368,553.8876,553.8876,192,144,0.1,50,2.5407124,87.03129,-2.1914763
24822,Breakroom,3,-4.1756296,1.6466951,0.27938956,-1.7924881,1.6466951,1.1602172,5.466005,1.1344585,-0.4555111,32.33654,42.26987,496.67776,496.67776,192,144,0.1,50,2.5407128,85.64126,-3.0323474
24823,Conference,0,-4.0485277,0.8660056,-1.8481727,-4.001815,0.88905495,-1.7742347,0.9710812,1.0102429,-2.1136765,44.119904,56.76694,355.34155,355.34155,192,144,0.1,50,0.1030235,86.97226,1.6436322
24823,Conference,1,-4.3687267,0.8721101,-1.6814519,-4.322014,0.8951595,-1.6075139,0.8395903,0.98750293,-2.111039,55.762886,70.399124,272.1818,272.1818,192,144,0.1,50,0.10302346,85.28487,1.2649144
24823,Conference,2,-3.6857886,1.0091865,-1.6888186,-3.6390758,1.0322359,-1.6148806,1.2709994,1.0283886,-1.7791477,59.27629,74.36887,253.09335,253.09335,192,144,0.1,50,0.10302349,88.95599,0.22192031
24823,Conference,3,-4.493717,0.8295222,-1.412363,-4.4470043,0.85257155,-1.3384252,1.2343729,0.9232071,-2.1328957,41.17064,53.201336,383.40402,383.40402,192,144,0.1,50,0.10302336,82.83046,0.92968386
24824,Workshop,0,0.65834284,1.8929776,0.5829258,0.87204933,1.9517074,0.7283391,-3.0961165,0.9581337,-0.40341324,41.691204,53.833862,378.1757,378.1757,192,144,0.1,50,0.26716006,-75.28037,-13.540352
24824,Workshop,1,-1.551755,2.2191658,0.8528924,-1.3380485,2.2778957,0.9983057,-3.2237837,0.99974036,-0.2048522,62.801125,78.28346,235.90468,235.90468,192,144,0.1,50,0.26716006,-57.682083,-31.646986
24824,Workshop,2,0.598081,1.8144057,1.0120877,0.8117875,1.8731354,1.157501,-2.8507118,0.8243565,-0.1909773,58.092754,73.03917,259.2877,259.2877,192,144,0.1,50,0.26716006,-70.76936,-15.165779
24824,Workshop,3,-0.3110711,2.697284,-1.3520705,-0.097364604,2.7560136,-1.2066572,-3.3184686,0.9638779,-0.61666894,60.417,75.64319,247.33237,247.33237,192,144,0.1,50,0.26716,-103.740944,-29.24379
24825,Coworking,0,4.0146546,1.5550696,-0.22084546,2.6403713,1.5550696,-2.8734393,0.8445054,0.87866986,-2.2877674,38.98614,50.53243,406.79984,406.79984,192,144,0.1,50,2.9874585,-56.895844,-10.133566
24825,Coworking,1,3.6154027,1.746957,0.104774356,2.2411194,1.746957,-2.5478196,0.9007462,1.0040228,-2.3857994,41.651833,53.786064,378.56677,378.56677,192,144,0.1,50,2.9874587,-47.465034,-11.401447
24825,Coworking,2,4.4078083,1.521995,-0.42268085,3.033525,1.521995,-3.0752747,0.7894036,0.9307549,-2.6339188,50.967896,64.87264,302.1201,302.1201,192,144,0.1,50,2.9874585,-58.570545,-7.937279
24825,Coworking,3,4.152734,1.4402678,0.07254058,2.7784505,1.4402678,-2.5800533,0.51996696,0.74325955,-2.1947494,49.873043,63.593365,309.70435,309.70435,192,144,0.1,50,2.9874585,-58.030804,-9.244798
24826,OpenOffice,0,4.945087,1.7104139,1.0710092,3.3508644,1.7104139,-1.0038855,0.22524047,0.9698734,-1.2032098,101.55995,117.0566,117.52735,117.52735,192,144,0.1,50,2.6166263,-64.2733,-8.045267
24826,OpenOffice,1,3.791707,1.496289,1.3223084,2.1974845,1.496289,-0.75258625,0.007863924,0.98527265,-1.4251915,106.03324,121.08236,108.4463,108.4463,192,144,0.1,50,2.6166263,-54.016087,-6.236639
24826,OpenOffice,2,4.401295,2.0474637,3.6619506,2.8070724,2.0474637,1.5870559,0.024757743,0.90379775,-1.0903455,86.226585,102.60391,153.81023,153.81023,192,144,0.1,50,2.6166265,-42.642937,-10.038709
24826,OpenOffice,3,4.916653,1.7364721,0.80658853,3.3224306,1.7364721,-1.2683061,0.48276123,1.0883288,-1.2623954,90.35451,106.60024,143.11176,143.11176,192,144,0.1,50,2.6166263,-64.98486,-7.545875
24827,Coworking,0,2.3258762,1.164033,2.1274776,2.0479238,1.3268824,2.2735038,-0.7221072,1.03296,-1.6360861,75.02671,91.33616,187.57391,187.57391,192,144,0.1,50,0.41506383,-39.002846,-1.5502998
24827,Coworking,1,1.8844244,1.4672475,2.8132327,1.606472,1.6300968,2.9592588,-0.42908362,1.0227062,-1.659246,72.85665,89.07799,195.11482,195.11482,192,144,0.1,50,0.4150636,-27.351461,-5.0451627
24827,Coworking,2,1.9245932,1.1752082,1.9805862,1.6466408,1.3380575,2.1266124,-0.60214347,1.0019287,-1.9488336,89.50571,105.78511,145.24768,145.24768,192,144,0.1,50,0.41506362,-32.742252,-2.1242044
24827,Coworking,3,1.9748106,1.1064081,3.127266,1.6968582,1.2692574,3.273292,-0.7461788,1.007891,-1.8964623,59.21932,74.305046,253.38637,253.38637,192,144,0.1,50,0.4150637,-28.441195,-0.9878822
24828,Lounge,0,3.1544554,1.0190496,5.733109,2.8666732,0.77133816,5.783167,0.4053248,0.95886976,4.383244,61.820698,77.20148,240.50787,240.50787,192,144,0.1,50,0.38302514,-63.84826,-1.1256934
24828,Lounge,1,2.8800638,1.2171633,4.8600974,2.5922816,0.9694519,4.9101553,0.6,0.98823935,4.1233125,85.26658,101.66278,156.41632,156.41632,192,144,0.1,50,0.38302508,-72.09216,-5.4573717
24828,Lounge,2,2.8779151,1.1574843,5.4424124,2.590133,0.90977275,5.4924703,0.20211495,1.0834668,4.592915,78.696884,95.09908,175.63043,175.63043,192,144,0.1,50,0.38302526,-72.3867,-1.5102566
24828,Lounge,3,3.3926334,1.0979129,5.60754,3.1048512,0.8502015,5.657598,0.3250722,0.9624205,4.6170435,40.30715,52.149162,392.36127,392.36127,192,144,0.1,50,0.38302502,-72.10505,-2.4068718
24829,OpenOffice,0,0.71898437,2.3596635,4.460753,2.890569,2.3596635,3.3290443,-0.63252485,1.0233729,4.2569094,65.099304,80.79905,225.60304,225.60304,192,144,0.1,50,2.4487844,-81.42292,-44.353436
24829,OpenOffice,1,0.53597164,2.4494889,4.290901,2.7075562,2.4494889,3.1591926,-0.97566533,0.93665445,3.9198956,62.08911,77.49822,239.23463,239.23463,192,144,0.1,50,2.4487844,-76.210304,-44.18495
24829,OpenOffice,2,0.18554997,2.3801079,4.6795073,2.3571346,2.3801079,3.5477984,-0.9249562,0.9085664,4.265631,83.74207,100.15891,160.65393,160.65393,192,144,0.1,50,2.4487844,-69.56001,-51.153355
24829,OpenOffice,3,1.0035057,2.3539038,4.3891344,3.1750903,2.3539038,3.2574255,-0.5575583,0.9661083,3.9216132,86.231,102.608246,153.79832,153.79832,192,144,0.1,50,2.4487844,-73.32764,-40.418816
24830,Coworking,0,-2.9781232,1.6897832,-1.8580062,-3.086981,1.6592474,0.2812214,1.5871748,1.3885422,0.21882422,77.35738,93.73385,179.87843,179.87843,192,144,0.1,50,2.2251298,114.46158,-3.4371755
24830,Coworking,1,-2.8323226,1.5980349,-1.1093658,-2.9411805,1.5674989,1.0298618,1.3744226,1.268201,0.30861008,60.399242,75.623405,247.42055,247.42055,192,144,0.1,50,2.2251294,108.62752,-4.2491927
24830,Coworking,2,-1.8152492,1.8377919,-1.9901857,-1.9241071,1.8072561,0.14904189,1.9133776,1.4970776,0.20979832,81.254234,97.67994,167.84685,167.84685,192,144,0.1,50,2.2251296,120.54168,-4.4999123
24830,Coworking,3,-4.349184,1.8076166,-0.68974113,-4.4580417,1.7770808,1.4494865,1.3490222,1.4441336,0.5616343,63.724785,79.29798,231.68451,231.68451,192,144,0.1,50,2.2251296,102.38603,-3.565165
24831,Coworking,0,0.17472601,1.5472833,0.05368066,0.2587761,1.5223911,0.3779376,-3.6278887,0.93181044,-0.3491391,79.425354,95.83765,173.37077,173.37077,192,144,0.1,50,0.3412271,-83.95308,-9.143599
24831,Coworking,1,-0.026795238,1.4142926,0.53022295,0.05725485,1.3894004,0.8544799,-3.5080962,0.9060358,-0.42484927,83.118484,99.54045,162.42368,162.42368,192,144,0.1,50,0.34122705,-74.65873,-8.014221
24831,Coworking,2,-1.3002962,1.3746442,-0.055971183,-1.2162461,1.349752,0.26828575,-3.3961513,1.0023768,-0.0013583004,86.09106,102.47133,154.1753,154.1753,192,144,0.1,50,0.3412271,-91.49265,-10.068528
24831,Coworking,3,0.20232452,1.660667,0.39837053,0.28637463,1.6357747,0.72262746,-3.8421226,0.8447268,-0.5331503,62.297874,77.728745,238.2512,238.2512,192,144,0.1,50,0.34122714,-77.02978,-11.122288
24832,Training,0,-2.8152876,1.347269,2.543776,-2.856068,1.347269,2.584878,1.2903141,1.2859277,1.3987213,29.352926,38.499226,549.8155,549.8155,192,144,0.1,50,0.057899933,74.41618,-0.8245241
24832,Training,1,-2.5694573,1.4297118,2.615473,-2.6102376,1.4297118,2.656575,1.4104314,1.2568316,1.5797224,38.185204,49.54809,416.0209,416.0209,192,144,0.1,50,0.057899933,75.412575,-2.4071932
24832,Training,2,-2.0759113,1.4517002,2.5658445,-2.1166916,1.4517002,2.6069465,1.4575424,1.2706368,1.1317065,51.54294,65.54198,298.25726,298.25726,192,144,0.1,50,0.057899933,67.909035,-2.7184072
24832,Training,3,-1.9847244,1.2236769,2.3739119,-2.0255046,1.2236769,2.4150138,1.3642694,1.3199733,1.4198124,46.61158,59.744724,334.27127,334.27127,192,144,0.1,50,0.057899848,74.098206,1.5840257
24833,Coworking,0,2.310067,0.8400785,0.9159987,0.3552196,0.8400785,1.727394,2.0616288,1.3224729,-1.476139,64.70772,80.37246,227.31212,227.31212,192,144,0.1,50,2.1165514,-5.9292603,11.341854
24833,Coworking,1,1.769587,1.0224046,0.91847384,-0.1852603,1.0224046,1.7298691,2.1865678,1.2531544,-1.1695848,55.423233,70.01177,274.1445,274.1445,192,144,0.1,50,2.1165514,11.293285,6.1849813
24833,Coworking,2,2.3086474,0.78772235,1.2618157,0.35380015,0.78772235,2.073211,2.211448,1.388974,-1.3472973,55.90819,70.56464,271.34885,271.34885,192,144,0.1,50,2.1165514,-2.1335003,12.968174
24833,Coworking,3,2.483786,0.930651,0.7003638,0.52893883,0.930651,1.511759,1.9448178,1.1918283,-1.3511217,98.42234,114.18397,124.248474,124.248474,192,144,0.1,50,2.1165514,-14.720149,7.0196514
24834,Breakroom,0,-0.1608324,2.191931,1.5095208,-0.22870891,2.0644953,1.671077,-2.4878066,1.0556587,1.0979122,53.26173,67.53197,287.17487,287.17487,192,144,0.1,50,0.21773274,-79.968956,-25.680119
24834,Breakroom,1,-0.29756913,2.0935075,1.1552982,-0.3654456,1.966072,1.3168545,-2.5765755,1.0831354,0.9819914,64.34931,79.981285,228.89261,228.89261,192,144,0.1,50,0.21773268,-85.65132,-23.848427
24834,Breakroom,2,0.15448141,2.1088498,1.4857565,0.08660491,1.9814141,1.6473128,-2.7391205,0.9988534,1.315891,47.61844,60.938847,326.34946,326.34946,192,144,0.1,50,0.2177327,-86.64037,-20.954063
24834,Breakroom,3,-0.09441959,2.446774,0.38671494,-0.16229609,2.3193383,0.5482712,-2.5211387,1.023707,0.88223785,62.667274,78.13606,236.52548,236.52548,192,144,0.1,50,0.21773274,-101.54084,-29.879953
24835,Breakroom,0,2.5526977,1.5464057,-4.529847,2.4357092,1.573396,-4.6877704,-1.2899375,1.0000049,-6.845126,43.051918,55.480835,365.08014,365.08014,192,144,0.1,50,0.2533347,-58.93004,-6.944125
24835,Breakroom,1,2.9247484,1.6536772,-4.4875107,2.80776,1.6806675,-4.645434,-0.96210635,0.9952256,-7.1695743,36.768032,47.798935,433.2835,433.2835,192,144,0.1,50,0.25333485,-55.39299,-7.9376574
24835,Breakroom,2,1.8280189,1.4144624,-4.3605895,1.7110305,1.4414527,-4.5185127,-1.4669098,1.0769717,-7.0055137,34.376465,44.82598,465.5273,465.5273,192,144,0.1,50,0.2533348,-51.24509,-4.5668616
24835,Breakroom,3,2.530571,1.4127784,-5.001982,2.4135826,1.4397686,-5.1599054,-1.131148,1.0662925,-7.167995,60.853107,76.12849,245.18164,245.18164,192,144,0.1,50,0.25333476,-59.39446,-4.656009
24836,Breakroom,0,-2.2898817,1.6024065,-1.5928651,0.23197484,1.6024065,0.5480343,1.3088309,1.0597486,-0.7991525,54.037327,68.4247,282.3885,282.3885,192,144,0.1,50,3.3080523,102.43772,-8.376789
24836,Breakroom,1,-2.644169,1.5219002,-1.6488212,-0.122312486,1.5219002,0.49207824,1.5749863,0.94696456,-0.6219585,46.616497,59.750572,334.2318,334.2318,192,144,0.1,50,3.3080523,103.67877,-7.542261
24836,Breakroom,2,-2.8959076,1.5409924,-1.2906913,-0.37405103,1.5409924,0.85020816,1.512005,1.1314327,-1.070765,64.52944,80.17797,228.09631,228.09631,192,144,0.1,50,3.3080523,92.85632,-5.30182
24836,Breakroom,3,-1.0332628,1.9639711,-0.27621782,1.4885937,1.9639711,1.8646816,1.3374126,1.1576623,-0.47640368,60.91005,76.19177,244.90288,244.90288,192,144,0.1,50,3.3080523,85.173256,-18.722116
24837,Coworking,0,-1.4527161,1.280499,-4.039857,0.28736866,1.280499,-5.1712847,1.8448001,0.9954157,-5.8521523,72.826675,89.046616,195.2217,195.2217,192,144,0.1,50,2.1185398,61.20707,-4.3327546
24837,Coworking,1,-1.2594837,1.1328862,-3.4784956,0.48060104,1.1328862,-4.6099234,1.5167184,0.97203594,-5.811317,95.253334,111.2398,131.36722,131.36722,192,144,0.1,50,2.1185398,49.959927,-2.539847
24837,Coworking,2,-1.0944953,1.2938256,-3.1604872,0.6455894,1.2938256,-4.291915,1.9250872,0.9642338,-5.979221,73.22215,89.46008,193.81786,193.81786,192,144,0.1,50,2.1185398,46.970303,-4.56195
24837,Coworking,3,-1.1624194,1.2835536,-4.1289535,0.5776653,1.2835536,-5.260381,1.7916759,1.0782316,-6.2010818,71.10192,87.23369,201.50122,201.50122,192,144,0.1,50,2.1185398,54.952545,-3.2567024
24838,Library,0,-2.049913,0.93541753,-1.781938,-2.04522,0.9744411,-1.7046815,-3.2002969,1.2272553,0.15309554,87.75836,104.09636,149.74701,149.74701,192,144,0.1,50,0.10070528,-149.26837,7.386552
24838,Library,1,-2.0161307,1.0509574,-2.1395915,-2.0114377,1.089981,-2.062335,-3.511852,1.212654,0.0022881925,69.45621,85.48895,207.74461,207.74461,192,144,0.1,50,0.10070519,-145.07257,3.541798
24838,Library,2,-1.9352372,0.87267417,-1.3885971,-1.9305441,0.91169775,-1.3113407,-3.1440678,1.179239,0.43742946,96.31743,112.23329,128.93768,128.93768,192,144,0.1,50,0.10070527,-146.49542,7.9690824
24838,Library,3,-2.2124765,0.99447304,-1.9777464,-2.2077835,1.0334966,-1.9004899,-3.0634875,1.1702799,0.22213408,80.83138,97.2555,169.10558,169.10558,192,144,0.1,50,0.10070525,-158.85132,4.262599
24839,Library,0,-0.6924739,2.9784791,-3.1649675,-3.1292741,2.9784791,-3.8535826,-1.0395455,0.98209673,-1.633462,61.7483,77.12137,240.85303,240.85303,192,144,0.1,50,2.5322294,-167.23125,-51.81166
24839,Library,1,-0.2396923,3.0608227,-2.606522,-2.6764925,3.0608227,-3.295137,-1.2703764,1.1209207,-1.3507,64.30531,79.93322,229.08769,229.08769,192,144,0.1,50,2.5322294,-140.62343,-50.05461
24839,Library,2,-0.594526,2.9312384,-3.4482772,-3.0313263,2.9312384,-4.1368923,-1.0814159,0.986972,-1.7487634,58.55442,73.55877,256.8443,256.8443,192,144,0.1,50,2.5322294,-164.01364,-47.72038
24839,Library,3,-0.33931237,2.790153,-2.5110636,-2.7761126,2.790153,-3.1996787,-0.96686864,0.9475061,-1.3907317,76.52506,92.88085,182.58098,182.58098,192,144,0.1,50,2.5322294,-150.74454,-55.127735
24840,Training,0,-0.79397845,1.5927814,-3.2016635,-0.78302217,1.573317,-3.25092,0.94252026,0.75,-3.4969015,77.871956,94.25941,178.23203,178.23203,192,144,0.1,50,0.064265355,80.35089,-25.569605
24840,Training,1,-1.4415483,1.8342754,-3.066297,-1.4305921,1.814811,-3.1155539,1.0676861,0.78112316,-3.1604168,61.946354,77.34045,239.9106,239.9106,192,144,0.1,50,0.06426557,87.85188,-22.753939
24840,Training,2,-0.38625452,1.5517008,-3.5095472,-0.37529823,1.5322365,-3.5588038,1.0236322,0.83400786,-3.280463,73.47462,89.72359,192.92851,192.92851,192,144,0.1,50,0.06426523,99.229004,-26.677402
24840,Training,3,-0.5518513,1.8091668,-4.5097747,-0.540895,1.7897024,-4.5590315,0.976633,0.8827131,-3.271977,89.44609,105.72772,145.39891,145.39891,192,144,0.1,50,0.06426567,129.00125,-25.222303
24841,Lounge,0,-1.5814049,1.6195215,0.36011958,0.2873149,1.6195215,-1.6346062,1.9242821,1.2558059,0.844854,76.190575,92.53704,183.6811,183.6811,192,144,0.1,50,2.7333212,97.87242,-5.867823
24841,Lounge,1,-1.6162735,1.5872942,0.8162979,0.25244632,1.5872942,-1.1784279,1.8171189,1.2511661,0.69021827,94.12935,110.18494,133.97859,133.97859,192,144,0.1,50,2.7333212,87.89696,-5.58768
24841,Lounge,2,-1.3353201,1.5661329,0.40579396,0.53339964,1.5661329,-1.5889319,1.7526715,1.3701252,0.71952856,83.976,100.39042,159.99559,159.99559,192,144,0.1,50,2.7333214,95.80125,-3.6133785
24841,Lounge,3,-2.0636067,1.5395087,0.44729668,-0.1948868,1.5395087,-1.5474292,1.5758299,1.203068,0.5681965,85.64874,102.037964,155.37323,155.37323,192,144,0.1,50,2.7333214,91.902626,-5.2786913
24842,Workshop,0,-0.5304034,1.1942561,0.86781025,1.4799545,1.1942561,1.3352863,-0.7209473,1.0288409,-1.1530735,104.42853,119.64738,111.64044,111.64044,192,144,0.1,50,2.0639944,-5.386348,-4.658821
24842,Workshop,1,-0.8823906,1.1181003,1.8230045,1.1279672,1.1181003,2.2904804,-0.65760195,1.0147557,-1.4193741,73.25378,89.49311,193.70618,193.70618,192,144,0.1,50,2.0639942,3.9658742,-1.821206
24842,Workshop,2,-0.8568263,1.1955341,1.1604004,1.1535316,1.1955341,1.6278764,-0.43142304,0.8846303,-0.92244685,103.68367,118.97784,113.14667,113.14667,192,144,0.1,50,2.0639944,11.5434,-8.32049
24842,Workshop,3,-0.36844856,1.2788932,1.0797148,1.6419094,1.2788932,1.5471908,-0.9839381,0.957066,-0.95093596,91.81757,107.99737,139.5029,139.5029,192,144,0.1,50,2.0639944,-16.86204,-8.624371
24843,Reception,0,3.640736,0.9991919,0.28698063,3.6397061,0.9991919,0.40043616,-2.3138185,0.9713417,-0.24162456,96.45636,112.36265,128.62346,128.62346,192,144,0.1,50,0.11346021,-84.92697,-0.26692745
24843,Reception,1,3.3759496,1.0432444,0.5069913,3.3749197,1.0432444,0.62044686,-2.2355857,0.91782296,-0.23318395,99.43683,115.11731,122.041336,122.041336,192,144,0.1,50,0.11346021,-82.48592,-1.269393
24843,Reception,2,3.3375778,0.8441086,-0.38440877,3.3365479,0.8441086,-0.27095324,-2.6421306,0.87269735,-0.47396648,103.5981,118.900764,113.3207,113.3207,192,144,0.1,50,0.11346021,-89.141945,0.27389625
24843,Reception,3,3.3197057,0.89918613,0.17724213,3.3186758,0.89918613,0.29069766,-2.3657706,0.9374589,-0.38126385,89.34386,105.6293,145.65858,145.65858,192,144,0.1,50,0.11346021,-84.38962,0.38384283
24844,Lounge,0,-2.0801182,2.809236,-4.2732396,-2.2569778,2.6259851,-4.27181,1.5230427,1.5018008,-0.5935984,61.957085,77.35231,239.8597,239.8597,192,144,0.1,50,0.29726005,135.60167,-14.244788
24844,Lounge,1,-2.2150965,2.7855542,-4.563014,-2.391956,2.6023033,-4.5615845,1.3793399,1.42936,-0.49211746,55.23881,69.80118,275.2195,275.2195,192,144,0.1,50,0.29726005,138.55681,-14.021613
24844,Lounge,2,-1.8419653,2.7989364,-4.004887,-2.018825,2.6156855,-4.0034575,1.5588734,1.4345559,-0.4993436,65.21162,80.921234,225.11626,225.11626,192,144,0.1,50,0.29726025,135.86858,-15.607751
24844,Lounge,3,-3.2005289,2.9213457,-4.21016,-3.3773885,2.7380948,-4.20873,1.4498001,1.5534614,-0.7838204,52.274124,66.39049,293.45993,293.45993,192,144,0.1,50,0.2972601,126.382614,-13.322831
24845,Lounge,0,2.7589824,1.7993584,3.9712949,2.7095907,1.9332472,3.8705525,-0.51307327,1.2572819,0.8316413,70.00524,86.07264,205.6333,205.6333,192,144,0.1,50,0.20533232,-46.18299,-6.8167267
24845,Lounge,1,3.0734468,1.8575132,3.938043,3.024055,1.991402,3.8373008,-0.8209926,1.2995117,0.70939803,60.356567,75.57586,247.63263,247.63263,192,144,0.1,50,0.20533228,-50.33992,-6.294539
24845,Lounge,2,2.3472614,1.9028134,4.0661116,2.2978697,2.0367022,3.9653692,-0.6150908,1.2641016,0.64191,92.06737,108.23492,138.89569,138.89569,192,144,0.1,50,0.20533219,-40.863808,-8.029476
24845,Lounge,3,2.1039724,2.036499,3.9527364,2.0545807,2.170388,3.851994,-0.6260288,1.3326522,0.6524443,66.140816,81.92956,221.14514,221.14514,192,144,0.1,50,0.20533241,-39.59755,-9.332103
24846,Breakroom,0,-2.2072494,1.689494,-0.040751457,-2.5869524,1.8123474,0.5113847,-0.7913537,1.038051,-1.0021764,80.23288,96.6532,170.90594,170.90594,192,144,0.1,50,0.69997364,55.822613,-20.83861
24846,Breakroom,1,-2.5876365,1.5309064,0.28022766,-2.9673395,1.6537598,0.83236384,-1.0700008,1.0121055,-0.6542448,63.914173,79.505424,230.8327,230.8327,192,144,0.1,50,0.69997376,58.37764,-16.229822
24846,Breakroom,2,-2.3121333,2.0107436,1.292033,-2.6918364,2.1335971,1.8441691,-0.9518065,0.99395084,-0.66799617,80.25064,96.6711,170.8522,170.8522,192,144,0.1,50,0.69997376,34.761963,-23.082697
24846,Breakroom,3,-2.2845333,2.1006525,2.0775256,-2.6642363,2.2235057,2.6296618,-1.0238879,1.1241829,-0.7054043,57.515755,72.38813,262.39178,262.39178,192,144,0.1,50,0.69997364,24.370155,-17.724634
24847,Training,0,1.4513786,1.1856105,3.6413631,0.8193846,1.1856105,3.7161157,-1.2197416,0.79202086,2.0146818,101.5353,117.03419,117.57898,117.57898,192,144,0.1,50,0.6363995,-58.659073,-7.172953
24847,Training,1,1.7082368,1.2307367,3.6800842,1.0762428,1.2307367,3.7548368,-1.1151079,0.7333323,1.6902268,79.03882,95.44609,174.56544,174.56544,192,144,0.1,50,0.6363995,-54.824303,-8.194492
24847,Training,2,2.3206747,1.4074808,3.5166504,1.6886806,1.4074808,3.591403,-0.9142461,0.79578733,1.6819955,67.45652,83.34925,215.68834,215.68834,192,144,0.1,50,0.6363995,-60.440666,-9.340361
24847,Training,3,1.9231384,1.3277904,3.4530284,1.2911444,1.3277904,3.527781,-1.1448288,0.8897838,1.7877523,94.899155,110.90801,132.18501,132.18501,192,144,0.1,50,0.6363995,-61.507126,-7.15182
24848,Library,0,0.8610115,0.99766254,3.0927944,2.908564,0.99766254,2.9879858,-0.82079893,0.9952088,-0.9260411,47.51453,60.815853,327.15237,327.15237,192,144,0.1,50,2.0502334,-22.708435,-0.032270767
24848,Library,1,1.3865274,0.9349432,2.6266997,3.4340801,0.9349432,2.521891,-1.1187305,1.0501387,-0.630628,54.542767,69.004715,279.33713,279.33713,192,144,0.1,50,2.0502334,-37.564407,1.6057378
24848,Library,2,1.1169986,1.0715823,3.3931096,3.1645513,1.0715823,3.288301,-0.9533937,0.9580263,-0.67605555,47.266167,60.52166,329.0849,329.0849,192,144,0.1,50,2.0502334,-26.967003,-1.4247748
24848,Library,3,1.5528798,0.7294593,2.5430193,3.6004324,0.7294593,2.4382107,-0.49983034,1.0960697,-0.7545208,36.16268,47.048912,441.05487,441.05487,192,144,0.1,50,2.0502334,-31.902155,5.391824
24849,Breakroom,0,-0.29276752,1.9504254,2.4680722,-2.0964103,1.9504254,2.0681756,-0.33502313,1.55,-2.850712,68.37451,84.334206,211.99098,211.99098,192,144,0.1,50,1.8474426,-0.45518243,-4.305264
24849,Breakroom,1,0.26656085,1.9103149,2.4589083,-1.537082,1.9103149,2.0590117,-0.6799062,1.5938746,-2.9635246,79.43375,95.84614,173.34494,173.34494,192,144,0.1,50,1.8474426,-9.901035,-3.2902253
24849,Breakroom,2,1.8563411,2.834423,0.7420335,0.052698374,2.834423,0.34213686,0.00095534325,1.409162,-2.5905173,72.086586,88.270645,197.88438,197.88438,192,144,0.1,50,1.8474426,-29.106718,-20.489176
24849,Breakroom,3,0.0014188588,1.8104441,2.7534332,-1.8022239,1.8104441,2.3535366,-0.14290035,1.6704844,-2.6063159,65.53788,81.275826,223.71051,223.71051,192,144,0.1,50,1.8474426,-1.5424014,-1.4952892
24850,Reception,0,-1.9576907,1.6310036,8.517223,-2.060135,1.6949465,8.729062,-2.959136,0.9735764,6.104702,63.041378,78.547806,234.7963,234.7963,192,144,0.1,50,0.24492453,-22.543491,-14.127004
24850,Reception,1,-2.2195003,1.7002312,8.335226,-2.3219445,1.7641741,8.547065,-3.076641,0.8982632,5.9159417,89.72701,105.99796,144.68773,144.68773,192,144,0.1,50,0.24492458,-19.508991,-17.351866
24850,Reception,2,-2.2692132,1.4312782,7.6538463,-2.3716574,1.4952211,7.865685,-2.7095945,1.0916362,6.1966286,83.895454,100.31074,160.22192,160.22192,192,144,0.1,50,0.24492446,-16.815182,-12.577275
24850,Reception,3,-1.8519087,1.6576797,8.052744,-1.9543529,1.7216226,8.264583,-2.873114,1.0368782,6.022146,93.13618,109.24811,136.32602,136.32602,192,144,0.1,50,0.24492455,-26.698227,-15.276536
24851,Reception,0,-1.292212,1.7818747,6.417734,0.79421973,1.7818747,5.1064577,1.1411432,0.96765906,-7.8767533,83.449486,99.86897,161.48161,161.48161,192,144,0.1,50,2.4642735,9.6608715,-3.213916
24851,Reception,1,-1.3005102,2.1179414,8.672699,0.78592163,2.1179414,7.3614225,1.2646668,0.99276716,-7.7966537,33.027855,43.13816,485.70227,485.70227,192,144,0.1,50,2.4642735,8.852948,-3.8619132
24851,Reception,2,-1.6391312,1.7553887,6.8393817,0.44730055,1.7553887,5.5281053,0.8762342,0.8907148,-7.987903,84.687126,101.092514,158.01242,158.01242,192,144,0.1,50,2.4642735,9.628241,-3.290595
24851,Reception,3,-0.9031988,1.9571408,5.92744,1.183233,1.9571408,4.6161637,1.0049455,0.9991418,-7.729365,101.31655,116.83522,118.03785,118.03785,192,144,0.1,50,2.4642735,7.95394,-3.9741383
24852,Studio,0,-0.9236275,1.2146171,-1.56335,-0.8874811,1.30112,-1.5384785,4.494582,1.3755023,-0.61180174,29.063303,38.131264,555.54047,555.54047,192,144,0.1,50,0.098954536,99.96073,1.675186
24852,Studio,1,0.7550378,1.3752078,-2.5907001,0.7911842,1.4617107,-2.5658288,4.5712953,1.3607903,-0.675466,60.990284,76.280914,244.51091,244.51091,192,144,0.1,50,0.098954506,116.65033,-0.19346187
24852,Studio,2,-0.49929866,1.2846535,-1.0818195,-0.46315226,1.3711565,-1.0569481,4.532679,1.4174751,-0.8152189,40.130257,51.933163,394.2418,394.2418,192,144,0.1,50,0.098954536,93.03277,1.5098828
24852,Studio,3,-0.6066226,1.162271,-1.6176102,-0.5704762,1.2487739,-1.5927387,4.5174856,1.4040147,-0.73197013,43.4666,55.9809,361.24475,361.24475,192,144,0.1,50,0.098954506,99.80601,2.6616752
24853,Conference,0,-1.04671,0.98760724,0.8112595,-1.0788878,0.9049614,0.8100439,-1.2732639,0.97871405,-1.0819297,77.40998,93.78763,179.7093,179.7093,192,144,0.1,50,0.0891989,-6.824013,-0.26723635
24853,Conference,1,-0.39137137,1.0650047,1.0130497,-0.42354918,0.9823589,1.011834,-1.2946677,1.126784,-0.7650453,88.13004,104.456795,148.7781,148.7781,192,144,0.1,50,0.0891989,-26.931187,1.7742622
24853,Conference,2,-0.7424569,1.359097,1.7910893,-0.7746347,1.2764511,1.7898737,-0.94955623,1.0801612,-1.1446449,41.75025,53.90552,377.5905,377.5905,192,144,0.1,50,0.08919894,-4.035206,-5.414232
24853,Conference,3,-0.8991646,1.0873915,0.5878229,-0.9313424,1.0047456,0.58660734,-1.4183311,0.87084574,-0.98188186,101.121086,116.65727,118.4491,118.4491,192,144,0.1,50,0.08919894,-18.301195,-7.4618607
24854,Workshop,0,-0.38683987,1.3294396,-5.4921417,-0.3138213,1.273,-5.3862004,1.5053743,0.75,-3.514968,51.942997,66.006584,295.61688,295.61688,192,144,0.1,50,0.14050275,136.25784,-11.954516
24854,Workshop,1,0.22134829,1.5818342,-5.102803,0.29436687,1.5253946,-4.996862,1.5780243,0.64972377,-3.8561041,71.53462,87.69,199.90121,199.90121,192,144,0.1,50,0.14050272,132.58104,-26.834518
24854,Workshop,2,-1.2064321,1.1255796,-5.461045,-1.1334136,1.06914,-5.3551035,1.3091595,0.7268781,-3.8081925,44.66599,57.422302,350.5332,350.5332,192,144,0.1,50,0.14050272,123.30665,-7.5454063
24854,Workshop,3,-0.6351523,1.273041,-4.654851,-0.56213367,1.2166014,-4.5489097,1.4332721,0.65587604,-3.7825496,38.58991,50.045856,411.31555,411.31555,192,144,0.1,50,0.14050274,112.86626,-15.372336
24855,Breakroom,0,1.6994565,1.7957563,-2.6999686,3.8437245,1.7957563,-1.8800988,2.0210395,1.0439789,1.247715,63.691547,79.26156,231.83446,231.83446,192,144,0.1,50,2.2956638,175.3429,-10.747257
24855,Breakroom,1,1.7842289,1.8468002,-2.4619024,3.928497,1.8468002,-1.6420326,2.0704007,0.9156602,1.5911903,59.401993,74.50964,252.4487,252.4487,192,144,0.1,50,2.2956638,175.96129,-12.907327
24855,Breakroom,2,1.4415275,1.7874893,-2.5067134,3.5857954,1.7874893,-1.6868436,2.3090198,0.91290164,1.5135069,74.100296,90.375175,190.74687,190.74687,192,144,0.1,50,2.2956638,167.82329,-12.005273
24855,Breakroom,3,1.7743826,1.9027342,-1.2250592,3.9186506,1.9027342,-0.4051894,2.2507007,0.9147564,1.5820992,99.69462,115.35378,121.48578,121.48578,192,144,0.1,50,2.2956638,170.36978,-19.13625
24856,Coworking,0,-1.5049925,1.6808587,1.6897233,-3.9237416,1.6808587,-0.58905864,0.67002887,0.98106766,-1.7301973,31.01424,40.603355,518.99677,518.99677,192,144,0.1,50,3.3231301,32.455788,-9.796176
24856,Coworking,1,-1.2550291,1.6161586,1.3175058,-3.673778,1.6161586,-0.961276,0.7010783,0.9116104,-1.7578425,49.670063,63.355484,311.1448,311.1448,192,144,0.1,50,3.32313,32.458824,-10.940649
24856,Coworking,2,-0.8843902,1.8994253,0.6810664,-3.3031392,1.8994253,-1.5977155,0.8359457,0.89812154,-1.5900857,36.047,46.90538,442.56873,442.56873,192,144,0.1,50,3.3231301,37.14294,-19.363451
24856,Coworking,3,0.4001602,2.3206425,1.0983024,-2.018589,2.3206425,-1.1804795,0.99715996,1.0362931,-1.9533203,62.27242,77.70065,238.3708,238.3708,192,144,0.1,50,3.3231304,11.069175,-22.442795
24857,Workshop,0,-5.115522,1.3012236,-2.7820497,-5.0891604,1.2840538,-2.6437912,0.1449455,0.86868215,-0.043387294,84.21872,100.63034,159.31563,159.31563,192,144,0.1,50,0.17251208,117.50203,-4.1713705
24857,Workshop,1,-4.552832,1.3968685,-2.7353108,-4.5264707,1.3796986,-2.5970523,0.20777923,0.86664295,-0.2929051,90.920746,107.142136,141.70432,141.70432,192,144,0.1,50,0.17251214,117.15985,-5.6593475
24857,Workshop,2,-4.863981,1.2392455,-2.645952,-4.8376193,1.2220757,-2.5076935,0.27535412,0.9468874,0.004314661,84.42662,100.83561,158.73575,158.73575,192,144,0.1,50,0.17251211,117.27937,-2.8943872
24857,Workshop,3,-3.1377954,1.8221083,-3.09065,-3.111434,1.8049383,-2.9523916,-0.046419606,0.9678119,0.11370841,102.38171,117.80217,115.816826,115.816826,192,144,0.1,50,0.17251214,136.02812,-10.861346
24858,OpenOffice,0,-0.6499822,0.82351315,2.8270702,1.0739393,0.82351315,2.0306334,1.7992495,0.9696287,-2.0887945,39.737457,51.452976,398.475,398.475,192,144,0.1,50,1.8990042,26.483864,1.5239434
24858,OpenOffice,1,-1.1611845,0.79520464,2.5955958,0.5627369,0.79520464,1.799159,2.098114,0.8755046,-1.8691665,53.57423,67.89206,285.2309,285.2309,192,144,0.1,50,1.8990042,36.129627,0.832245
24858,OpenOffice,2,-0.27485928,0.80915886,2.466107,1.4490622,0.80915886,1.6696702,1.7266979,0.88862336,-1.7925948,31.017406,40.60735,518.94116,518.94116,192,144,0.1,50,1.8990042,25.173164,0.9674722
24858,OpenOffice,3,-0.90260494,0.915058,3.2758336,0.8213166,0.915058,2.4793968,1.6115743,0.96662325,-2.3504841,32.645077,42.657646,491.72348,491.72348,192,144,0.1,50,1.8990042,24.077982,0.47941515
24859,Studio,0,3.8883483,2.2132082,1.3656607,3.611536,2.2132082,-0.8268132,4.1979203,1.466145,3.6164253,79.48031,95.89326,173.2017,173.2017,192,144,0.1,50,2.2098794,172.16864,-18.20188
24859,Studio,1,3.5736165,2.2551944,1.6724193,3.2968042,2.2551944,-0.5200546,4.498298,1.5428798,3.365306,97.43826,113.27439,126.42192,126.42192,192,144,0.1,50,2.2098794,151.35593,-20.267836
24859,Studio,2,3.5799618,2.1774578,1.2261701,3.3031492,2.1774578,-0.9663039,4.094914,1.5407909,3.8015487,69.44221,85.474045,207.79884,207.79884,192,144,0.1,50,2.2098794,168.6927,-13.626465
24859,Studio,3,3.986292,2.2302387,1.6470734,3.7094796,2.2302387,-0.5454005,4.510098,1.5453959,3.8348038,85.922646,102.30644,154.63023,154.63023,192,144,0.1,50,2.2098794,166.5352,-16.932013
24860,Coworking,0,1.2609739,1.7733546,8.063244,0.23493505,1.7733546,5.945566,2.7573028,0.9692298,2.6856256,30.908655,40.469963,520.8592,520.8592,192,144,0.1,50,2.35315,15.549292,-8.197572
24860,Coworking,1,-0.45234716,1.7124163,6.920263,-1.478386,1.7124163,4.802585,2.463771,1.1106993,2.711942,29.508911,38.69727,546.7776,546.7776,192,144,0.1,50,2.35315,34.71968,-6.7029047
24860,Coworking,2,2.0186684,1.8718393,8.397978,0.99262947,1.8718393,6.2802997,2.4398775,1.0301305,2.6944332,36.474155,47.43504,437.0251,437.0251,192,144,0.1,50,2.3531504,4.2236495,-8.3724375
24860,Coworking,3,1.0619459,1.639497,8.438752,0.03590709,1.639497,6.321075,2.4363272,1.0079483,2.8864703,39.008087,50.559364,406.55225,406.55225,192,144,0.1,50,2.3531494,13.9032135,-6.3006997
24861,Coworking,0,0.7057648,1.6143632,1.5262437,-0.3564422,1.6143632,3.150125,-0.07958311,1.0806197,-0.22286999,44.238567,56.90948,354.2871,354.2871,192,144,0.1,50,1.9404314,-24.179968,-15.556029
24861,Coworking,1,0.64242023,1.5561025,1.2775898,-0.41978672,1.5561025,2.9014711,0.16747692,1.1577331,-0.5021222,72.69665,88.9105,195.68611,195.68611,192,144,0.1,50,1.9404314,-14.942041,-12.203448
24861,Coworking,2,0.28160256,1.5987278,1.5340896,-0.7806044,1.5987278,3.157971,0.097558886,1.0097941,0.021178216,60.142918,75.337654,248.6985,248.6985,192,144,0.1,50,1.9404314,-6.935877,-21.127682
24861,Coworking,3,0.53123033,1.5738547,1.7674161,-0.53097665,1.5738547,3.3912976,0.23178992,1.0333008,-0.029714733,55.646786,70.26678,272.85022,272.85022,192,144,0.1,50,1.9404315,-9.459798,-16.525457
24862,Breakroom,0,-0.5233897,1.2914631,-2.4333062,-0.5586158,1.4509407,-2.385413,0.99529487,1.4007187,-3.2760582,104.69128,119.88302,111.11275,111.11275,192,144,0.1,50,0.17034161,60.973125,3.599424
24862,Breakroom,1,-1.3106976,1.5550205,-2.8291605,-1.3459237,1.714498,-2.7812672,1.2052093,1.361412,-3.3584046,62.018864,77.4206,239.56693,239.56693,192,144,0.1,50,0.1703416,78.12051,-4.306564
24862,Breakroom,2,-1.1203313,1.5705466,-3.5248969,-1.1555574,1.7300242,-3.4770036,0.8783759,1.2669443,-3.4241192,91.59372,107.784256,140.04924,140.04924,192,144,0.1,50,0.17034161,92.88649,-8.626373
24862,Breakroom,3,-1.0792809,1.2115511,-1.8288646,-1.114507,1.3710287,-1.7809713,1.023499,1.4449298,-3.1987562,81.109886,97.53514,168.27533,168.27533,192,144,0.1,50,0.1703416,56.917088,5.3128257
24863,OpenOffice,0,3.8975058,0.98375183,0.4704376,3.9121017,0.9641274,0.52445,2.237681,1.0067916,4.375312,59.91296,75.081,249.85341,249.85341,192,144,0.1,50,0.06758955,-156.97137,0.31111655
24863,OpenOffice,1,4.0950065,0.9890229,0.7109854,4.1096025,0.9693985,0.76499784,2.2003784,1.0887433,4.3957863,70.476944,86.57282,203.8423,203.8423,192,144,0.1,50,0.067589246,-152.78896,1.3787038
24863,OpenOffice,2,4.987107,0.84767854,-0.14779806,5.001703,0.8280542,-0.09378564,1.9096029,0.8894023,4.064104,28.620594,37.56815,564.5106,564.5106,192,144,0.1,50,0.067589745,-143.84558,0.4582717
24863,OpenOffice,3,3.8291087,1.0747015,-0.23670894,3.8437047,1.0550771,-0.18269652,2.125707,1.0566928,4.3557663,36.953518,48.02841,430.95148,430.95148,192,144,0.1,50,0.06758955,-159.64961,-0.21065238
24864,Workshop,0,0.69557524,2.2513304,5.767837,0.35376462,2.2513304,1.1495433,-2.9245777,0.9962093,-0.02543518,55.30903,69.88137,274.80945,274.80945,192,144,0.1,50,4.6309257,-32.000816,-10.410803
24864,Workshop,1,0.65266794,1.913653,3.8967128,0.31085733,1.913653,-0.72158086,-2.804823,0.93330944,0.12457991,63.659042,79.22593,231.98125,231.98125,192,144,0.1,50,4.6309257,-42.50799,-10.845718
24864,Workshop,2,1.2723806,2.1561592,5.571864,0.93057,2.1561592,0.95357025,-2.661546,1.1289136,0.24639666,63.59469,79.15537,232.27226,232.27226,192,144,0.1,50,4.6309257,-36.45331,-8.819228
24864,Workshop,3,0.62290794,2.292578,5.498236,0.2810973,2.292578,0.8799424,-2.6179957,0.95970035,-0.37035337,57.08982,71.90636,264.71997,264.71997,192,144,0.1,50,4.6309257,-28.90949,-11.244792
24865,Breakroom,0,-1.8208483,1.6322749,2.854066,-1.7042469,1.3954655,2.6370957,-0.8834397,0.98728204,-1.2148092,75.17197,91.48642,187.08246,187.08246,192,144,0.1,50,0.40855476,12.973723,-8.7812
24865,Breakroom,1,-2.2281911,1.4310392,2.1107743,-2.1115897,1.1942298,1.8938041,-0.64228034,1.0365449,-0.9307258,74.08686,90.361206,190.7934,190.7934,192,144,0.1,50,0.40855485,27.538612,-6.560668
24865,Breakroom,2,-2.0923872,1.502444,2.4351244,-1.9757857,1.2656347,2.2181544,-1.0779046,0.8887987,-1.2754682,76.530334,92.88627,182.5637,182.5637,192,144,0.1,50,0.4085547,15.291082,-9.063574
24865,Breakroom,3,-1.1872904,1.5339419,2.9533572,-1.070689,1.2971325,2.736387,-1.0849234,0.8381375,-1.4029214,84.92408,101.325905,157.3576,157.3576,192,144,0.1,50,0.40855482,1.3461307,-9.072422
24866,Conference,0,-0.21972132,1.5344474,2.363686,-0.33491707,1.525563,2.370125,0.2275434,1.0177091,-1.6774813,54.391872,68.8317,280.24258,280.24258,192,144,0.1,50,0.12765582,6.3156276,-7.243034
24866,Conference,1,-0.630712,1.6086012,1.4699402,-0.7459077,1.5997168,1.4763792,0.48981416,1.0588204,-1.61688,67.81417,83.73353,214.23738,214.23738,192,144,0.1,50,0.12765579,19.951067,-9.504133
24866,Conference,2,-1.1090674,1.2563707,2.146193,-1.2242632,1.2474862,2.152632,-0.021901652,1.0776708,-1.6205235,67.59962,83.50308,215.10619,215.10619,192,144,0.1,50,0.12765576,16.099424,-2.6098058
24866,Conference,3,1.1613725,1.6380711,1.4530652,1.0461768,1.6291866,1.4595041,0.34131998,0.8980591,-2.0027437,88.816086,105.120346,147.00667,147.00667,192,144,0.1,50,0.12765568,-13.349201,-11.7692
24867,Reception,0,-3.4200215,1.3180989,0.6042447,-2.58852,1.3190858,-2.482337,-7.1716485,0.95738316,3.3732424,54.36037,68.79556,280.43222,280.43222,192,144,0.1,50,4.205363,-126.43026,-4.4235744
24867,Reception,1,-3.6458402,1.3275491,1.3515449,-2.8143387,1.328536,-1.7350368,-7.1674824,1.0930994,3.653789,51.995487,66.067474,295.2733,295.2733,192,144,0.1,50,4.205363,-123.174324,-3.1893983
24867,Reception,2,-3.5454254,1.2467668,0.0097590685,-2.713924,1.2477539,-3.0768228,-6.9755144,0.9066931,3.5574844,40.87927,52.846703,386.38602,386.38602,192,144,0.1,50,4.2053633,-135.96584,-3.942244
24867,Reception,3,-3.25243,1.4147143,0.35440373,-2.4209285,1.4157013,-2.732178,-7.137859,1.0366434,3.497968,47.86067,61.22533,324.49054,324.49054,192,144,0.1,50,4.2053633,-128.97511,-4.3259945
24868,Conference,0,-0.8623159,0.96529835,-5.5355816,-0.9249444,1.1978972,-5.591011,1.7856988,1.3603113,-6.6663656,38.417812,49.83428,413.3048,413.3048,192,144,0.1,50,0.24760783,66.87602,7.811545
24868,Conference,1,-1.6136332,0.8055082,-5.442002,-1.6762617,1.038107,-5.4974313,1.6680739,1.4478585,-6.470756,30.711191,40.220375,524.37573,524.37573,192,144,0.1,50,0.24760786,72.594765,10.57949
24868,Conference,2,-0.5798657,0.9885531,-5.6464467,-0.6424942,1.221152,-5.701876,1.6563982,1.2157952,-6.736618,45.23839,58.10761,345.61136,345.61136,192,144,0.1,50,0.24760783,64.01092,5.2189765
24868,Conference,3,-0.6463661,0.9384919,-5.0931683,-0.7089946,1.1710907,-5.1485977,1.9195297,1.3436501,-6.8402658,28.120071,36.930565,574.98517,574.98517,192,144,0.1,50,0.24760786,55.74937,7.4361305
24869,Training,0,1.3226357,2.2006192,-9.650606,0.29902232,2.2006192,-7.0949907,-2.3781586,1.0003804,-7.9762464,47.83903,61.199753,324.65588,324.65588,192,144,0.1,50,2.7529902,-114.34355,-16.461575
24869,Training,1,1.8990618,1.9922062,-8.486162,0.87544847,1.9922062,-5.9305468,-2.4530125,0.9748915,-8.036177,46.394997,59.487164,336.0177,336.0177,192,144,0.1,50,2.7529902,-95.90316,-13.089517
24869,Training,2,1.7333076,2.062805,-9.029991,0.7096943,2.062805,-6.4743757,-2.0769336,1.0143927,-8.3102455,47.36734,60.64155,328.29532,328.29532,192,144,0.1,50,2.75299,-100.697,-15.129592
24869,Training,3,2.4529939,2.069979,-9.255824,1.4293804,2.069979,-6.7002087,-2.0782123,1.0702393,-8.180151,28.314632,37.17852,570.8704,570.8704,192,144,0.1,50,2.7529902,-103.35438,-12.11572
24870,Library,0,3.563015,1.5964866,4.1465006,3.6585264,1.6528645,4.1975417,-5.2228684,0.87677026,2.742283,39.565765,51.24285,400.35065,400.35065,192,144,0.1,50,0.1466511,-80.91941,-4.624627
24870,Library,1,3.316883,1.6132135,4.0429945,3.4123945,1.6695914,4.0940356,-5.5682497,0.84588206,2.5257208,28.895014,37.917294,558.91864,558.91864,192,144,0.1,50,0.14665118,-80.30934,-4.8658004
24870,Library,2,3.250531,1.5524756,4.2321315,3.3460424,1.6088535,4.2831726,-4.9167805,0.8578458,3.0004995,40.272198,52.10649,392.7316,392.7316,192,144,0.1,50,0.14665127,-81.4244,-4.807214
24870,Library,3,2.738661,1.7703292,4.301244,2.8341725,1.8267071,4.352285,-5.453651,0.7831159,2.4926078,50.05824,63.810204,308.3997,308.3997,192,144,0.1,50,0.14665115,-77.55038,-6.7112064
24871,Training,0,1.806103,1.4802065,3.6622899,0.51307285,1.4802065,2.306251,-1.3364575,1.3692769,4.008016,46.579403,59.706474,334.52975,334.52975,192,144,0.1,50,1.8737044,-96.2781,-2.0095367
24871,Training,1,1.8801409,1.9470572,2.3043346,0.58711076,1.9470572,0.94829583,-1.4921831,1.3153174,3.8164558,51.365223,65.33531,299.44244,299.44244,192,144,0.1,50,1.8737044,-114.151054,-9.700029
24871,Training,2,2.1771536,1.2810997,3.0673432,0.8841234,1.2810997,1.7113044,-0.98964775,1.3924285,4.0652566,39.375355,51.009655,402.4491,402.4491,192,144,0.1,50,1.8737044,-107.49053,1.9203877
24871,Training,3,2.1431897,1.6256223,4.6367707,0.8501595,1.6256223,3.2807317,-1.4758403,1.3490134,4.1427865,57.81207,72.722694,260.79065,260.79065,192,144,0.1,50,1.8737046,-82.22737,-4.3307176
24872,Studio,0,5.2716413,1.3103753,1.0895383,6.763422,1.3103753,2.127918,3.7331345,0.9369756,2.2941144,50.54723,64.381874,304.9978,304.9978,192,144,0.1,50,1.8175924,-128.05922,-10.818664
24872,Studio,1,5.2964067,1.3997959,0.83766955,6.7881875,1.3997959,1.8760493,3.4116368,0.8884661,2.4000034,49.983437,63.72265,308.92557,308.92557,192,144,0.1,50,1.8175924,-129.6562,-11.797597
24872,Studio,2,5.1509123,1.3330536,1.3807591,6.642693,1.3330536,2.419139,3.6565857,0.8919294,2.0246153,44.608067,57.352867,351.0379,351.0379,192,144,0.1,50,1.8175924,-113.30962,-15.168574
24872,Studio,3,5.629244,1.1991726,0.7175883,7.1210246,1.1991726,1.755968,3.8320372,0.8589409,1.9958564,35.201733,45.854824,453.92172,453.92172,192,144,0.1,50,1.8175924,-125.42244,-8.769884
24873,Workshop,0,5.710257,0.8343006,-1.6259496,4.1578865,0.8343006,-2.7550616,4.9522157,1.000449,0.6659358,88.525925,104.839966,147.75325,147.75325,192,144,0.1,50,1.9195697,-161.69836,3.937297
24873,Workshop,1,4.443939,0.712303,-2.197671,2.8915684,0.712303,-3.326783,4.706132,0.9726116,0.9845587,61.711094,77.0802,241.03064,241.03064,192,144,0.1,50,1.9195701,175.28989,4.6607003
24873,Workshop,2,5.548453,0.7627036,-1.3519331,3.9960825,0.7627036,-2.481045,5.131175,0.978319,0.4946773,91.66908,107.856026,139.86508,139.86508,192,144,0.1,50,1.9195695,-167.26675,6.497489
24873,Workshop,3,5.6438622,0.81861997,-1.9092507,4.0914917,0.81861997,-3.0383627,5.301878,1.0431215,0.5213395,76.52315,92.87888,182.58727,182.58727,192,144,0.1,50,1.9195697,-171.99104,5.225967
24874,Studio,0,-4.551449,1.9046267,-3.1834369,-2.0569327,1.9046267,-3.501898,-5.052663,1.329419,4.266391,59.46692,74.58234,252.11665,252.11665,192,144,0.1,50,2.5147622,-176.15102,-4.405179
24874,Studio,1,-4.82395,1.8605886,-2.6065984,-2.3294334,1.8605886,-2.9250596,-4.7949533,1.1986094,4.212596,62.74802,78.22499,236.1507,236.1507,192,144,0.1,50,2.5147624,179.75638,-5.5446143
24874,Studio,2,-2.4595075,2.455039,-3.467298,0.03500867,2.455039,-3.7857592,-5.260883,1.4531281,4.1103563,67.18563,83.05772,216.7964,216.7964,192,144,0.1,50,2.5147622,-159.7112,-7.0694885
24874,Studio,3,-3.5343966,1.5554334,-3.0722685,-1.0398804,1.5554334,-3.3907297,-5.0691986,1.4514711,3.9231625,46.314816,59.391747,336.66815,336.66815,192,144,0.1,50,2.5147624,-167.62535,-0.83165765
24875,OpenOffice,0,-1.3346323,1.7512004,-1.7586546,2.1660743,1.7512004,-0.7376635,1.016472,1.202736,-4.2703247,52.67662,66.85633,290.87204,290.87204,192,144,0.1,50,3.6465561,43.108814,-9.05787
24875,OpenOffice,1,-1.3896246,1.7832845,-1.4235755,2.111082,1.7832845,-0.40258443,1.1176124,1.1903102,-4.236221,47.65758,60.98516,326.04788,326.04788,192,144,0.1,50,3.6465561,41.714317,-8.9435425
24875,OpenOffice,2,-1.5555634,1.6957222,-1.9023813,1.9451432,1.6957222,-0.8813903,0.7107712,1.2341062,-4.471992,42.192276,54.441425,373.25964,373.25964,192,144,0.1,50,3.6465561,41.411514,-7.6732163
24875,OpenOffice,3,-1.6368138,1.9508975,-1.205828,1.8638928,1.9508975,-0.18483692,0.9641284,1.1697326,-4.2573276,44.879414,57.678024,348.6841,348.6841,192,144,0.1,50,3.6465561,40.442574,-11.024589
24876,Breakroom,0,-1.454304,1.6891067,2.8198156,-2.2680945,1.7587113,1.2980245,0.8009051,1.3965884,-0.9221922,71.531166,87.68636,199.91394,199.91394,192,144,0.1,50,2.0677621,31.076258,-3.8303728
24876,Breakroom,1,-1.2024639,1.6149837,2.8053641,-2.0162544,1.6845883,1.2835732,0.6999555,1.4120711,-1.2474597,67.98384,83.91559,213.55376,213.55376,192,144,0.1,50,2.067762,25.145636,-2.594992
24876,Breakroom,2,-1.1399131,1.8198478,2.4986343,-1.9537036,1.8894525,0.97684324,0.86386424,1.4672401,-1.1076332,61.821674,77.20257,240.50322,240.50322,192,144,0.1,50,2.0677624,29.05819,-4.885138
24876,Breakroom,3,-0.38539803,1.330668,3.1794758,-1.1991886,1.4002726,1.6576848,1.0655701,1.4564856,-1.0262674,92.44463,108.59315,137.98341,137.98341,192,144,0.1,50,2.0677624,19.034273,1.6198928
24877,Conference,0,0.54621816,1.3374913,0.07384944,-0.39204568,1.3374913,1.978341,-1.9561597,1.3653178,3.1040406,70.813614,86.929085,202.57672,202.57672,192,144,0.1,50,2.1230702,-140.44958,0.4056911
24877,Conference,1,0.83576,1.2903886,0.027897842,-0.102503836,1.2903886,1.9323894,-1.8930864,1.5092244,2.8179238,43.725655,56.29285,358.88388,358.88388,192,144,0.1,50,2.1230702,-135.63513,3.2094045
24877,Conference,2,0.71688366,1.4104261,0.332374,-0.22138016,1.4104261,2.2368655,-1.9729375,1.2681112,2.9235976,94.7481,110.766335,132.5352,132.5352,192,144,0.1,50,2.1230702,-133.9304,-2.1821392
24877,Conference,3,0.42608365,1.3508537,-0.15113427,-0.5121802,1.3508537,1.7533573,-1.6696448,1.5109724,3.1879458,60.20907,75.41144,248.36774,248.36774,192,144,0.1,50,2.1230702,-147.88612,2.3258362
24878,Reception,0,0.37933064,0.9226372,-3.9967203,0.05152455,0.8782186,-4.3041344,-9.391044,1.0171142,1.7724851,96.44784,112.354706,128.64273,128.64273,192,144,0.1,50,0.45364475,-120.56098,0.47706214
24878,Reception,1,0.7604735,1.0451388,-3.946699,0.43266743,1.0007203,-4.254113,-9.553226,0.9509476,1.9792378,73.755165,90.01601,191.94637,191.94637,192,144,0.1,50,0.45364484,-119.880356,-0.45369357
24878,Reception,2,0.44778168,0.8437419,-3.2854977,0.1199756,0.7993233,-3.5929117,-9.332092,0.9025996,1.8307575,92.05303,108.2213,138.93045,138.93045,192,144,0.1,50,0.45364478,-117.61593,0.30553344
24878,Reception,3,1.6686732,1.0666308,-3.3549852,1.340867,1.0222121,-3.6623993,-9.6117115,1.0150343,1.7436109,72.30816,88.503265,197.08228,197.08228,192,144,0.1,50,0.45364478,-114.32239,-0.23880894
24879,Coworking,0,0.9522729,2.0489416,2.1299949,-1.1938343,2.0489416,3.884822,0.5995725,0.8177267,-0.41042262,80.04149,96.460205,171.48637,171.48637,192,144,0.1,50,2.7722182,-7.904168,-25.643156
24879,Coworking,1,-0.0890882,2.4094665,1.1661273,-2.2351954,2.4094665,2.9209542,0.39159292,0.7949338,-0.5603543,91.919876,108.09469,139.2539,139.2539,192,144,0.1,50,2.7722182,15.558085,-42.01546
24879,Coworking,2,0.9032489,2.1429532,1.5650847,-1.2428583,2.1429532,3.3199117,0.86813223,0.8778291,-0.7220305,91.75814,107.9408,139.64775,139.64775,192,144,0.1,50,2.7722182,-0.879658,-28.946438
24879,Coworking,3,1.1609204,1.9896812,2.59409,-0.9851869,1.9896812,4.348917,0.6754321,0.7734641,-0.68203485,66.16415,81.95482,221.0467,221.0467,192,144,0.1,50,2.7722182,-8.429305,-20.164558
24880,Library,0,-5.1696234,1.7772079,-2.5567164,-3.4046025,1.7772079,-3.0326607,3.272479,1.0599048,-3.7900448,42.579365,54.909924,369.5375,369.5375,192,144,0.1,50,1.8280649,81.68831,-4.8058333
24880,Library,1,-5.3083777,1.5542451,-1.5179654,-3.543357,1.5542451,-1.9939097,2.9861705,1.0936899,-3.4641852,45.685135,58.641285,341.85132,341.85132,192,144,0.1,50,1.8280649,76.79508,-3.0942223
24880,Library,2,-3.6228251,1.5894996,-2.210509,-1.8578043,1.5894996,-2.6864533,3.1021738,1.014984,-4.11541,65.79552,81.55541,222.6092,222.6092,192,144,0.1,50,1.8280649,74.18487,-4.69892
24880,Library,3,-2.6887662,1.2773049,-4.05778,-0.9237454,1.2773049,-4.5337243,2.9256473,1.0276209,-3.8186884,82.38468,98.8102,164.53424,164.53424,192,144,0.1,50,1.828065,92.438484,-2.5440753
24881,Conference,0,-5.31458,1.6361942,-7.196139,-3.4203763,1.6361942,-7.160562,-1.1250628,1.3950462,-5.253571,68.52005,84.48994,211.41281,211.41281,192,144,0.1,50,1.8945377,114.8759,-2.9892423
24881,Conference,1,-5.417839,1.545495,-7.420304,-3.5236354,1.545495,-7.384727,-1.2631907,1.335615,-5.4830523,79.77556,96.191734,172.29674,172.29674,192,144,0.1,50,1.8945377,114.998955,-2.6214142
24881,Conference,2,-5.580004,1.7321987,-6.890164,-3.6858006,1.7321987,-6.854587,-0.82968104,1.3656414,-4.96677,63.817055,79.39907,231.26894,231.26894,192,144,0.1,50,1.8945377,112.0429,-4.091069
24881,Conference,3,-4.9127765,1.7557014,-7.7983923,-3.018573,1.7557014,-7.7628155,-1.3916376,1.456982,-5.3717566,54.598427,69.0685,279.0043,279.0043,192,144,0.1,50,1.8945374,124.57314,-3.9958591
24882,Library,0,-0.5571583,1.1625981,4.2406507,1.2855542,1.1625981,5.3988123,2.8309448,1.0210874,4.0470552,62.61761,78.081345,236.75642,236.75642,192,144,0.1,50,2.1764483,86.72969,-2.3877892
24882,Library,1,-0.09696987,1.1059031,4.4614086,1.7457426,1.1059031,5.6195703,2.7395697,1.150517,4.283114,94.40288,110.44216,133.33875,133.33875,192,144,0.1,50,2.1764483,86.40333,0.8993143
24882,Library,2,-0.6688449,1.2842976,3.8862336,1.1738676,1.2842976,5.044395,2.6760895,1.1139271,4.262738,85.64614,102.035416,155.38031,155.38031,192,144,0.1,50,2.1764483,96.422165,-2.89751
24882,Library,3,-0.17519876,1.0190222,4.65322,1.6675137,1.0190222,5.811382,2.605432,1.0948082,4.0533886,72.958824,89.18487,194.75114,194.75114,192,144,0.1,50,2.1764486,77.82682,1.5261205
24883,Coworking,0,2.459673,0.8256958,-1.9992341,2.6594727,0.7847681,-1.9617443,-0.7665045,0.75,-1.8776684,51.842285,65.8897,296.278,296.278,192,144,0.1,50,0.21826358,-92.15794,-1.3431317
24883,Coworking,1,2.2563627,0.85596687,-1.8276039,2.4561625,0.81503916,-1.7901142,-0.5064373,0.8311717,-1.7485754,68.37969,84.33975,211.97035,211.97035,192,144,0.1,50,0.21826354,-91.63847,-0.51398575
24883,Coworking,2,2.501668,0.9028865,-1.6921555,2.7014678,0.8619588,-1.6546657,-1.0466995,0.86895573,-1.6135318,56.6228,71.37698,267.3096,267.3096,192,144,0.1,50,0.21826354,-91.26933,-0.54773194
24883,Coworking,3,2.7212965,0.9377147,-2.2977192,2.9210963,0.896787,-2.2602296,-0.48048672,0.7237999,-1.9573618,47.399044,60.6791,328.04858,328.04858,192,144,0.1,50,0.21826355,-96.067894,-3.800964
24884,Workshop,0,-0.7850169,2.3583722,-3.748811,-1.638927,2.357306,-3.344939,2.20549,1.288646,-0.41653275,45.58048,58.51636,342.7259,342.7259,192,144,0.1,50,0.9448103,138.09406,-13.437006
24884,Workshop,1,-0.3022968,2.272976,-3.8339698,-1.1562068,2.2719097,-3.4300978,2.0600815,1.3234181,-0.6699587,60.03353,75.21561,249.24686,249.24686,192,144,0.1,50,0.9448104,143.2535,-13.5215645
24884,Workshop,2,-0.78261346,2.271639,-3.5032911,-1.6365236,2.270573,-3.099419,2.1765332,1.3801186,-0.56129867,40.449123,52.322407,390.86337,390.86337,192,144,0.1,50,0.9448104,134.83344,-12.060082
24884,Workshop,3,-0.9836685,2.3544946,-3.357606,-1.8375785,2.3534284,-2.953734,2.24822,1.4264221,-0.5876803,70.41184,86.50386,204.08824,204.08824,192,144,0.1,50,0.9448103,130.59859,-12.300136
24885,Coworking,0,3.3014565,1.6782255,0.21323538,3.2544222,1.7605956,0.23304689,-1.296812,0.75,0.5888516,52.972546,67.19827,288.99268,288.99268,192,144,0.1,50,0.0993598,-94.66992,-11.375698
24885,Coworking,1,2.8852284,1.5855029,0.7873918,2.8381941,1.6678729,0.8072033,-1.4911922,0.7653387,0.84547746,74.65102,90.947,188.85254,188.85254,192,144,0.1,50,0.09935979,-90.76041,-10.613497
24885,Coworking,2,2.8407836,2.0503678,1.3552729,2.7937493,2.1327379,1.3750844,-1.1639314,0.77348965,0.68372667,45.632507,58.578476,342.29062,342.29062,192,144,0.1,50,0.0993598,-80.4807,-17.455921
24885,Coworking,3,3.5673118,1.7160981,-0.029447213,3.5202775,1.7984681,-0.009635702,-1.254682,0.78110045,0.3079214,63.029095,78.5343,234.85277,234.85277,192,144,0.1,50,0.0993598,-94.00215,-10.947517
24886,Breakroom,0,4.330058,1.5570675,-0.8027849,2.4867096,1.5570675,1.560652,-0.34395364,0.96055293,-1.7371643,43.024307,55.447506,365.338,365.338,192,144,0.1,50,3.1893458,-78.69505,-7.1333365
24886,Breakroom,1,4.343394,1.4959491,-1.1630645,2.5000453,1.4959491,1.2003725,-0.061129272,0.82198524,-1.5287604,35.538486,46.273758,449.33606,449.33606,192,144,0.1,50,3.1893458,-85.25377,-8.670332
24886,Breakroom,2,4.5507646,1.5127932,-1.4500719,2.707416,1.5127932,0.913365,-0.28458312,0.93562794,-2.0225575,57.28441,72.12657,263.65244,263.65244,192,144,0.1,50,3.1893456,-83.24784,-6.760061
24886,Breakroom,3,4.019439,1.6219931,-0.8794135,2.1760907,1.6219931,1.4840235,-0.111439824,0.8612008,-2.0287375,64.60165,80.25676,227.77826,227.77826,192,144,0.1,50,3.1893456,-74.45197,-10.061417
24887,Conference,0,3.7820363,1.3466924,-4.8070755,5.715785,1.3466924,-4.3544717,0.4546463,1.4248441,-0.3976012,42.80974,55.188385,367.3528,367.3528,192,144,0.1,50,1.9860097,-142.96179,0.810542
24887,Conference,1,3.4891615,1.4267048,-5.0825586,5.42291,1.4267048,-4.629955,0.3957585,1.3307303,-0.14487806,36.062798,46.924988,442.36142,442.36142,192,144,0.1,50,1.9860097,-147.9333,-0.94367003
24887,Conference,2,2.0372403,1.6552124,-4.5934396,3.970989,1.6552124,-4.140836,0.5940823,1.5536084,-0.3854695,43.012173,55.43286,365.45145,365.45145,192,144,0.1,50,1.9860097,-161.07018,-1.3083926
24887,Conference,3,2.4179087,1.596428,-3.7360868,4.3516574,1.596428,-3.283483,0.21111411,1.4585935,-0.47751665,62.73348,78.208984,236.21811,236.21811,192,144,0.1,50,1.9860097,-145.89305,-2.0058687
24888,Reception,0,3.0432034,0.88825643,5.7725096,2.9979105,0.88107497,5.40876,-0.3317308,0.957955,3.8322482,78.39786,94.795105,176.56819,176.56819,192,144,0.1,50,0.4398044,-60.105255,1.0257112
24888,Reception,1,3.0277731,0.95949924,5.5005264,2.9824803,0.95231783,5.136777,-0.62892056,1.0744157,3.6914783,64.98263,80.67202,226.11038,226.11038,192,144,0.1,50,0.43980435,-63.67737,1.6134678
24888,Reception,2,3.0916357,0.84140843,5.3397703,3.0463428,0.83422697,4.976021,-0.6694692,0.9145976,4.049589,77.09271,93.463,180.73247,180.73247,192,144,0.1,50,0.4398043,-71.06636,1.0545028
24888,Reception,3,2.790469,0.8029825,5.6687484,2.745176,0.79580104,5.304999,-0.4130788,0.8659283,3.5688782,68.08298,84.0219,213.15569,213.15569,192,144,0.1,50,0.43980417,-56.75585,0.9414623
24889,Breakroom,0,-1.3679395,1.9063476,-4.4861193,2.700934,1.9063476,-6.711071,-3.5969758,1.55,-6.385923,83.049904,99.47232,162.61963,162.61963,192,144,0.1,50,4.6374717,-49.559105,-6.9370966
24889,Breakroom,1,-1.2914957,1.9683689,-4.168005,2.7773778,1.9683689,-6.3929567,-3.3309214,1.6388988,-6.5768347,80.08768,96.5068,171.3461,171.3461,192,144,0.1,50,4.6374717,-40.252785,-5.959384
24889,Breakroom,2,-0.9484247,1.8759987,-4.7424936,3.1204486,1.8759987,-6.9674454,-3.5756044,1.5776497,-6.125698,70.72887,86.83946,202.8943,202.8943,192,144,0.1,50,4.6374717,-62.23329,-5.7381597
24889,Breakroom,3,-0.5301068,1.9455478,-3.8519301,3.5387666,1.9455478,-6.076882,-3.5376513,1.5025493,-6.6121426,68.24197,84.192276,212.51942,212.51942,192,144,0.1,50,4.6374717,-47.455444,-6.193524
24890,Coworking,0,-1.748975,1.6700808,-0.30318642,-1.8385036,1.810278,-0.044101596,-0.23626089,0.9573448,0.44216728,54.795444,69.29415,277.83118,277.83118,192,144,0.1,50,0.30792323,116.23067,-22.911068
24890,Coworking,1,-2.4646022,1.9249556,-0.6124737,-2.5541308,2.065153,-0.35338888,-0.46342397,0.9010001,0.3013323,53.434258,67.730835,286.09903,286.09903,192,144,0.1,50,0.30792335,114.54305,-24.959438
24890,Coworking,2,-2.0548787,1.9323112,-1.5756501,-2.1444073,2.0725086,-1.3165653,-0.3214672,1.0311496,0.69983435,29.632227,38.85376,544.3982,544.3982,192,144,0.1,50,0.30792332,142.70068,-17.486237
24890,Coworking,3,-1.9677432,1.8078452,-0.9228076,-2.0572717,1.9480425,-0.66372275,-0.20476675,1.0317647,0.3407188,56.096134,70.77856,270.27737,270.27737,192,144,0.1,50,0.3079233,125.6292,-19.687452
24891,Breakroom,0,3.203803,1.7343528,-2.9806767,-1.532279,1.7343528,-4.8945303,-0.9244639,1.4683222,-2.0254073,74.7733,91.07374,188.43517,188.43517,192,144,0.1,50,5.108161,-103.02877,-3.5924482
24891,Breakroom,1,2.8976383,1.6219937,-2.8905773,-1.8384438,1.6219937,-4.804431,-1.1726137,1.5857937,-2.1352546,94.42289,110.46097,133.29204,133.29204,192,144,0.1,50,5.108161,-100.51287,-0.5010095
24891,Breakroom,2,2.8944259,1.8769865,-2.736079,-1.8416563,1.8769865,-4.649933,-1.0078096,1.5472122,-1.8034964,95.522934,111.49199,130.7478,130.7478,192,144,0.1,50,5.108161,-103.440834,-4.6988297
24891,Breakroom,3,2.986076,1.6144414,-2.7070448,-1.750006,1.6144414,-4.6208982,-1.0377587,1.5051049,-2.0651102,92.8484,108.975815,137.01343,137.01343,192,144,0.1,50,5.108161,-99.06419,-1.537043
24892,Workshop,0,0.32972527,1.1107239,3.90896,1.6122384,1.2885957,4.544345,-1.4511937,0.9592546,2.3918176,90.40171,106.64548,142.99391,142.99391,192,144,0.1,50,1.4572469,-49.57274,-3.7043579
24892,Workshop,1,0.45521438,1.1083573,4.4179583,1.7377275,1.2862291,5.053343,-1.7224196,0.8438826,2.4061716,75.78791,92.12237,185.01642,185.01642,192,144,0.1,50,1.4572467,-47.266994,-5.0977635
24892,Workshop,2,-0.045763135,1.263628,5.0166,1.23675,1.4414998,5.651985,-1.709072,0.8213865,2.3739367,67.24366,83.12019,216.5584,216.5584,192,144,0.1,50,1.457247,-32.186565,-8.061112
24892,Workshop,3,0.492967,1.3036636,4.9178963,1.7754802,1.4815354,5.5532813,-1.7580342,1.0743941,2.7118464,93.4893,109.5817,135.48701,135.48701,192,144,0.1,50,1.457247,-45.577835,-4.1605425
24893,Training,0,3.4512792,0.9368585,2.2372065,3.6424801,0.9368585,2.3183045,-1.4911096,0.9887233,-2.1932087,42.3778,54.666054,371.46762,371.46762,192,144,0.1,50,0.20768897,-48.12658,0.44769788
24893,Training,1,3.133464,0.8371555,2.0566616,3.324665,0.8371555,2.1377597,-1.6472949,0.93391854,-2.3425984,43.531895,56.059555,360.6472,360.6472,192,144,0.1,50,0.20768897,-47.3797,0.85329
24893,Training,2,3.2698193,0.9320168,2.4912927,3.4610202,0.9320168,2.5723908,-1.6357186,1.0584656,-1.8654166,30.410738,39.840305,529.8118,529.8118,192,144,0.1,50,0.20768897,-48.391056,1.1041324
24893,Training,3,3.3477724,0.9916695,1.5178939,3.5389733,0.9916695,1.598992,-1.4915779,1.137305,-2.258723,63.766388,79.34356,231.49702,231.49702,192,144,0.1,50,0.20768897,-52.03161,1.3590666
24894,Workshop,0,2.8289545,2.2250154,3.9452488,1.7318485,2.095776,5.702779,2.1530313,0.99118394,7.8449984,57.373154,72.22694,263.16776,263.16776,192,144,0.1,50,2.1144352,-170.16692,-17.314316
24894,Workshop,1,2.6162388,2.3399155,4.183131,1.5191329,2.2106762,5.9406614,2.2278867,0.870609,7.8197026,70.38592,86.476395,204.18628,204.18628,192,144,0.1,50,2.1144354,-173.90445,-21.887888
24894,Workshop,2,1.6437962,2.4359245,4.033148,0.5466902,2.3066852,5.790678,1.8848307,0.99354446,7.649643,46.784885,59.950634,332.88486,332.88486,192,144,0.1,50,2.1144357,176.18697,-21.700123
24894,Workshop,3,2.9160607,2.2070491,4.313826,1.8189547,2.0778098,6.071356,2.141784,0.9066647,8.130969,77.99571,94.38559,177.8388,177.8388,192,144,0.1,50,2.114435,-168.53358,-18.462631
24895,Coworking,0,2.641283,1.4642518,4.854959,2.7196789,1.4642518,2.1179812,0.54189587,0.98863643,4.1995935,45.503536,58.424484,343.3713,343.3713,192,144,0.1,50,2.7381003,-72.66321,-12.202723
24895,Coworking,1,2.4078858,1.3197385,4.391025,2.4862816,1.3197385,1.654047,0.65413415,0.9373561,4.1159797,62.49845,77.950005,237.31189,237.31189,192,144,0.1,50,2.7381005,-81.08676,-12.1559925
24895,Coworking,2,2.415545,1.6555166,4.0733643,2.4939408,1.6555166,1.3363867,0.79942274,1.0979112,4.1973357,38.82727,50.337425,408.59976,408.59976,192,144,0.1,50,2.7381,-94.38652,-18.98404
24895,Coworking,3,2.4510307,1.4394815,5.337273,2.5294266,1.4394815,2.6002953,0.28174806,0.930939,3.895822,55.962658,70.62665,271.03766,271.03766,192,144,0.1,50,2.7381003,-56.39665,-11.0481825
24896,Studio,0,2.392645,1.7913076,-4.985635,-0.3767345,1.7913076,-7.1547003,-1.984849,1.006272,-4.1428027,60.67546,75.93092,246.05435,246.05435,192,144,0.1,50,3.5177133,-100.898224,-9.987392
24896,Studio,1,3.0706162,2.378613,-7.4063015,0.30123687,2.378613,-9.575367,-2.2136414,0.989972,-4.339063,51.654724,65.67188,297.51566,297.51566,192,144,0.1,50,3.5177133,-120.13295,-12.804435
24896,Studio,2,1.7027457,2.0489888,-4.3023562,-1.0666337,2.0489888,-6.4714217,-2.2606044,0.9528446,-4.176198,58.715332,73.7396,256.00092,256.00092,192,144,0.1,50,3.5177133,-91.82318,-15.452401
24896,Studio,3,2.0670023,1.8905538,-5.0479326,-0.7023771,1.8905538,-7.216998,-2.0529819,0.8736689,-3.9995985,65.744965,81.50058,222.8247,222.8247,192,144,0.1,50,3.5177133,-104.27602,-13.452151
24897,Coworking,0,-0.3943801,1.2176814,4.7220874,-0.42896473,1.3868852,4.7204747,0.15754431,0.99097896,-1.2088716,34.785587,45.33641,459.70718,459.70718,192,144,0.1,50,0.17308861,5.316531,-2.1795762
24897,Coworking,1,-0.50361675,1.2979746,4.5096684,-0.5382014,1.4671783,4.5080557,-0.05604334,0.8741726,-0.8609462,37.631847,48.866234,422.6122,422.6122,192,144,0.1,50,0.1730886,4.763877,-4.4964094
24897,Coworking,2,1.1903423,1.2294002,3.2552233,1.1557577,1.3986039,3.2536106,0.19610703,1.0046446,-1.0936536,37.596817,48.82302,423.03577,423.03577,192,144,0.1,50,0.17308858,-12.877584,-2.884204
24897,Coworking,3,0.6230769,1.3423697,2.890962,0.5884923,1.5115734,2.8893492,-0.041106507,1.0365977,-1.4301963,39.051025,50.612038,406.06873,406.06873,192,144,0.1,50,0.1730886,-8.738259,-4.0007644
24898,Coworking,0,-1.9543269,0.81412244,2.035302,0.08991885,0.81412244,0.7857046,-4.1340895,1.3223174,-1.3615335,79.56247,95.976364,172.94931,172.94931,192,144,0.1,50,2.3959203,-32.68845,7.176535
24898,Coworking,1,-2.4067354,0.91834456,1.9351909,-0.36248976,0.91834456,0.6855936,-3.972621,1.3811219,-1.6502987,83.658104,100.07575,160.89098,160.89098,192,144,0.1,50,2.3959203,-23.592266,6.7456856
24898,Coworking,2,-1.7245519,0.8646887,1.893314,0.3196938,0.8646887,0.64371675,-3.9365947,1.4030986,-1.2115725,63.696827,79.26734,231.81064,231.81064,192,144,0.1,50,2.3959203,-35.46756,8.038748
24898,Coworking,3,-1.8634864,0.79564935,2.2854211,0.18075925,0.79564935,1.0358238,-3.895159,1.2970707,-1.1800567,92.4429,108.59151,137.98758,137.98758,192,144,0.1,50,2.3959203,-30.381405,7.114929
24899,Coworking,0,-6.5025783,2.3552387,-0.21567297,-5.7332478,2.2087984,-0.60589004,-4.262742,0.96791357,4.5679784,45.01072,57.835228,347.5548,347.5548,192,144,0.1,50,0.95046216,154.90973,-14.716256
24899,Coworking,1,-7.185328,2.1692438,0.10789403,-6.4159975,2.0228035,-0.28232303,-3.9786077,1.0775733,4.6744776,50.9821,64.8892,302.02368,302.02368,192,144,0.1,50,0.9504627,144.92293,-11.069465
24899,Coworking,2,-6.568058,2.3164759,-1.1542861,-5.7987275,2.1700356,-1.5445032,-3.9303982,0.905268,4.873186,32.43192,42.38979,495.1364,495.1364,192,144,0.1,50,0.9504624,156.36552,-12.105995
24899,Coworking,3,-6.7750683,2.2676594,-0.29428518,-6.0057383,2.1212192,-0.68450224,-4.0429525,1.0514636,4.8092813,36.645523,47.647285,434.83624,434.83624,192,144,0.1,50,0.95046204,151.83832,-11.864861
24900,Library,0,1.9344697,1.6418118,-3.9949517,3.5657215,1.6418118,-0.7331593,-0.8154054,0.9823167,7.001193,65.88976,81.65759,222.20827,222.20827,192,144,0.1,50,3.6469538,-165.95966,-3.3299077
24900,Library,1,1.6785636,1.6664677,-3.8512247,3.3098154,1.6664677,-0.5894322,-0.9109948,1.1222494,6.674442,95.93062,111.87272,129.81615,129.81615,192,144,0.1,50,3.6469538,-166.1784,-2.8742247
24900,Library,2,2.227292,2.1444643,-2.3808477,3.8585439,2.1444643,0.8809447,-0.7078329,0.9986594,6.721003,92.56728,108.70947,137.68806,137.68806,192,144,0.1,50,3.6469538,-162.12675,-6.8321233
24900,Library,3,3.118659,2.1397839,-2.0840535,4.749911,2.1397839,1.1777389,-1.0965285,0.9374307,6.792806,97.29797,113.14437,126.734436,126.734436,192,144,0.1,50,3.6469538,-154.59924,-6.9757085
24901,Conference,0,4.1501637,1.5186341,1.8813124,3.1553247,1.5186341,0.26338112,0.89436567,1.393381,4.940178,73.975876,90.245766,191.17819,191.17819,192,144,0.1,50,1.8993173,-133.21373,-1.6060203
24901,Conference,1,4.775979,1.9164702,3.794723,3.7811399,1.9164702,2.1767917,1.1979272,1.4433388,4.6538577,106.20528,121.23559,108.107895,108.107895,192,144,0.1,50,1.8993175,-103.50182,-7.3267217
24901,Conference,2,4.5306034,1.458931,1.1540637,3.5357645,1.458931,-0.46386755,0.88850087,1.4924221,4.6523585,40.465916,52.342896,390.6869,390.6869,192,144,0.1,50,1.8993173,-133.84622,0.3799712
24901,Conference,3,4.283875,1.7217804,1.0042253,3.2890363,1.7217804,-0.61370593,0.9301129,1.3695084,4.779655,43.83861,56.428764,357.86276,357.86276,192,144,0.1,50,1.899317,-138.3849,-3.9903798
24902,Workshop,0,-3.8093212,1.3132787,-4.932826,0.9623568,1.3132787,-4.6166286,-3.7415266,1.0008265,1.6036118,33.822506,44.133663,473.62534,473.62534,192,144,0.1,50,4.782143,179.40576,-2.7366
24902,Workshop,1,-3.8116443,1.1377876,-5.4624133,0.96003354,1.1377876,-5.146216,-3.415907,0.9992143,1.531894,29.3715,38.522816,549.452,549.452,192,144,0.1,50,4.782143,176.76166,-1.1332004
24902,Workshop,2,-4.153801,1.5472281,-5.4708104,0.61787724,1.5472281,-5.154613,-3.8554451,1.0059898,1.3239245,31.77515,41.563248,505.9323,505.9323,192,144,0.1,50,4.782143,177.48578,-4.549945
24902,Workshop,3,-4.420536,1.3852085,-5.303936,0.35114175,1.3852085,-4.9877386,-3.4892633,1.1192987,1.6244655,29.750973,39.0044,542.1251,542.1251,192,144,0.1,50,4.782143,172.34454,-2.1783438
24903,Studio,0,-0.87153006,1.0091081,0.036514074,-0.5863391,1.0091081,0.18067828,-1.263724,0.75,2.8381565,76.92116,93.28724,181.2887,181.2887,192,144,0.1,50,0.31955782,-172.03111,-5.2331924
24903,Studio,1,-0.80138755,1.0408046,-0.221439,-0.5161966,1.0408046,-0.0772748,-0.9475789,0.87389904,2.8896832,93.886894,109.95664,134.54814,134.54814,192,144,0.1,50,0.31955782,-177.30966,-3.0674837
24903,Studio,2,-0.27919006,0.9487381,-0.040171698,0.0060008764,0.9487381,0.10399251,-1.3663412,0.66883034,3.1454568,72.3014,88.49617,197.10669,197.10669,192,144,0.1,50,0.31955782,-161.15689,-4.7535944
24903,Studio,3,-0.63775533,0.9068724,-0.19567671,-0.3525644,0.9068724,-0.05151251,-1.308289,0.6705643,2.8677197,55.614094,70.229515,273.03888,273.03888,192,144,0.1,50,0.31955782,-167.6535,-4.3093905
24904,Reception,0,4.5480156,2.3226721,8.269637,0.8139293,2.354108,9.150885,0.90043837,0.8830505,5.8231983,81.02014,97.44508,168.54234,168.54234,192,144,0.1,50,3.9847167,-56.15015,-18.148155
24904,Reception,1,4.3345566,2.403052,8.0999565,0.60047036,2.434488,8.981204,0.5934917,0.80784684,5.9687834,72.06271,88.24556,197.97108,197.97108,192,144,0.1,50,3.9847167,-60.331123,-20.329805
24904,Reception,2,4.4767356,2.4521914,8.619662,0.74264926,2.4836273,9.50091,1.1892545,0.9765767,5.722515,92.66276,108.799965,137.45859,137.45859,192,144,0.1,50,3.9847167,-48.61135,-18.611094
24904,Reception,3,4.5197897,2.4165206,7.955577,0.7857034,2.4479566,8.836824,0.55538845,1.0288146,5.697981,91.948784,108.12219,139.18361,139.18361,192,144,0.1,50,3.9847164,-60.339912,-16.91861
24905,OpenOffice,0,-2.2516341,1.5489615,-0.6702366,-2.2690017,1.5489615,-0.64518493,-1.5393496,0.9753803,-2.4251277,73.371704,89.61621,193.29042,193.29042,192,144,0.1,50,0.030483093,22.09151,-16.849012
24905,OpenOffice,1,-2.0946105,1.6038117,-0.24803737,-2.111978,1.6038117,-0.22298571,-1.8281364,0.84540486,-2.6986272,82.74569,99.16981,163.49208,163.49208,192,144,0.1,50,0.030483093,6.205887,-17.101337
24905,OpenOffice,2,-2.424209,1.7505852,-0.027721941,-2.4415767,1.7505852,-0.002670288,-1.4316976,1.0996261,-2.131766,71.67979,87.84287,199.36818,199.36818,192,144,0.1,50,0.030483093,25.254007,-15.632437
24905,OpenOffice,3,-2.1380677,1.6444662,-0.90203285,-2.1554353,1.6444662,-0.8769812,-1.8702016,1.0603937,-2.2782993,102.07746,117.52645,116.44783,116.44783,192,144,0.1,50,0.030483093,11.013921,-22.615252
24906,Library,0,2.708894,1.454552,1.178616,2.6125212,1.454552,1.0118971,-2.596787,1.3636268,0.44331726,93.223694,109.33083,136.11765,136.11765,192,144,0.1,50,0.1925693,-82.1098,-0.9725078
24906,Library,1,2.658342,1.7275252,2.2803204,2.561969,1.7275252,2.1136014,-2.6843119,1.2897726,0.5552419,80.41926,96.84095,170.34293,170.34293,192,144,0.1,50,0.1925693,-72.10536,-4.4584255
24906,Library,2,2.6150432,1.5825162,0.8157389,2.5186703,1.5825162,0.64901996,-2.2871845,1.4947503,0.60100853,88.95466,105.254105,146.6515,146.6515,192,144,0.1,50,0.1925693,-87.4919,-1.0246903
24906,Library,3,2.4888687,1.4354546,1.3111792,2.392496,1.4354546,1.1444602,-2.46918,1.2590978,0.2749424,80.135445,96.55498,171.20114,171.20114,192,144,0.1,50,0.19256918,-78.19506,-1.9940896
24907,Training,0,-2.0139942,1.3350483,-4.4565063,-1.9689634,1.3501959,-4.438807,0.7312064,0.9671685,-5.040611,42.392765,54.684174,371.3237,371.3237,192,144,0.1,50,0.05073697,77.98814,-7.4674273
24907,Training,1,-2.158278,1.386756,-4.0631285,-2.1132472,1.4019035,-4.045429,0.9975494,1.0383459,-5.290088,59.6574,74.795425,251.14638,251.14638,192,144,0.1,50,0.05073698,68.75433,-5.874982
24907,Training,2,-2.313938,1.497125,-5.0558524,-2.268907,1.5122726,-5.038153,0.70456487,1.0423101,-5.040488,47.67447,61.00514,325.9179,325.9179,192,144,0.1,50,0.050736975,90.29165,-8.568513
24907,Training,3,-1.2796268,1.3638067,-4.5300345,-1.234596,1.3789543,-4.5123353,0.74896985,1.0507553,-5.107565,50.1488,63.916172,307.76498,307.76498,192,144,0.1,50,0.050736975,74.10864,-8.442297
24908,Breakroom,0,-2.3769188,0.8597026,1.9724355,-3.190315,0.8597026,3.9360833,-0.42721707,0.9914948,2.8327303,100.461235,116.05537,119.84596,119.84596,192,144,0.1,50,2.1254473,113.8092,3.5388534
24908,Breakroom,1,-2.3417866,0.88688254,2.2210436,-3.1551828,0.88688254,4.1846914,-0.5270288,0.8601551,2.7738986,93.4626,109.5565,135.5503,135.5503,192,144,0.1,50,2.1254473,106.94304,-0.80716187
24908,Breakroom,2,-2.9681883,0.95953035,1.5162934,-3.7815845,0.95953035,3.4799414,-0.7133026,0.87383926,2.8100228,66.96305,82.81788,217.71277,217.71277,192,144,0.1,50,2.1254475,119.84483,-1.8879224
24908,Breakroom,3,-2.6209133,0.7598028,2.4703286,-3.4343095,0.7598028,4.433976,-0.1559346,1.0366616,3.008033,91.767,107.94924,139.62614,139.62614,192,144,0.1,50,2.125447,102.3056,6.262377
24909,Studio,0,1.8914989,3.1340516,1.1054568,1.7291529,2.975221,1.062073,3.5307808,1.0307853,0.9060375,79.16915,95.57821,174.16153,174.16153,192,144,0.1,50,0.25745147,83.064026,-51.862972
24909,Studio,1,1.7170111,3.1230564,0.6048279,1.5546651,2.9642258,0.56144404,3.2494347,1.0389425,0.8405038,100.13096,115.7534,120.550186,120.550186,192,144,0.1,50,0.2574515,98.74319,-53.35324
24909,Studio,2,2.413308,3.1528177,2.079968,2.250962,2.993987,2.0365841,3.2631798,1.1282145,0.6122366,88.390175,104.708664,148.10385,148.10385,192,144,0.1,50,0.25745142,30.072462,-50.04677
24909,Studio,3,3.2654386,3.1033552,1.1006554,3.1030924,2.9445245,1.0572716,3.8777704,0.8864547,0.9972239,88.12676,104.45362,148.78664,148.78664,192,144,0.1,50,0.2574516,80.41243,-74.3512
24910,Studio,0,-1.7660149,1.6972448,4.7473497,-1.1912606,1.7636677,5.8912244,-1.9330637,0.75,3.1997814,104.27226,119.507095,111.95517,111.95517,192,144,0.1,50,1.4656302,-6.1608114,-31.322643
24910,Studio,1,-2.9572053,1.4886348,4.684695,-2.3824508,1.5550578,5.8285694,-2.2626803,0.82366246,3.1176624,91.35447,107.55621,140.63545,140.63545,192,144,0.1,50,1.4656304,23.90342,-21.203999
24910,Studio,2,-2.6150496,1.4626579,4.620247,-2.0402951,1.5290809,5.7641215,-1.7013936,0.87014323,3.488733,86.38061,102.7545,153.39644,153.39644,192,144,0.1,50,1.4656304,38.919605,-22.166605
24910,Studio,3,-1.6293771,1.7114538,4.5142474,-1.0546228,1.7778767,5.658122,-1.6843144,0.8543887,2.9079003,101.785095,117.261154,117.05672,117.05672,192,144,0.1,50,1.4656304,-1.9587582,-28.068207
24911,Reception,0,-4.839225,1.5962387,-0.42954493,-5.8157287,1.5962387,2.4098501,-4.4307694,0.979919,-3.889123,40.973743,52.961735,385.41467,385.41467,192,144,0.1,50,3.0026195,6.73346,-10.032949
24911,Reception,1,-3.9307168,1.5759008,-0.5973429,-4.9072204,1.5759008,2.242052,-4.5830216,0.8850742,-4.206532,33.306126,43.48708,481.4095,481.4095,192,144,0.1,50,3.0026195,-10.24473,-10.667032
24911,Reception,2,-5.476219,1.8271136,-0.48263216,-6.4527225,1.8271136,2.356763,-4.2197013,1.0870132,-4.0464644,38.63775,50.10464,410.76563,410.76563,192,144,0.1,50,3.0026195,19.421371,-11.081291
24911,Reception,3,-5.7829876,1.8017532,-1.9272135,-6.7594914,1.8017532,0.9121815,-4.186989,1.0775071,-3.6761746,57.260857,72.09994,263.78128,263.78128,192,144,0.1,50,3.0026195,42.381733,-17.008026
24912,Breakroom,0,-1.6031897,1.3072696,0.18732595,-1.6087799,1.4762038,0.1538326,0.46555796,1.3707494,0.30275455,73.50909,89.75954,192.80751,192.80751,192,144,0.1,50,0.17237188,93.19359,1.7548488
24912,Breakroom,1,-1.4566195,1.336342,0.5678679,-1.4622097,1.5052762,0.5343745,0.18130663,1.4131615,0.33605504,99.96578,115.60223,120.90364,120.90364,192,144,0.1,50,0.17237188,81.94453,2.658775
24912,Breakroom,2,-1.4348552,1.3356721,0.81080115,-1.4404454,1.5046064,0.7773078,0.43018767,1.5015637,0.3904242,56.15525,70.845795,269.9417,269.9417,192,144,0.1,50,0.17237186,77.29791,4.959189
24912,Breakroom,3,-1.3925894,1.3450311,0.36303043,-1.3981797,1.5139654,0.3295371,0.44379577,1.4757634,0.18942586,95.3985,111.375626,131.03337,131.03337,192,144,0.1,50,0.17237186,84.59953,4.0540032
24913,Workshop,0,0.9469764,0.85833585,2.0956244,-0.5937673,0.85833585,0.7099222,-1.7743216,0.75,1.6853255,77.04528,93.41441,180.88606,180.88606,192,144,0.1,50,2.0722117,-81.42591,-2.2543094
24913,Workshop,1,1.2144644,0.84312725,2.1675653,-0.32627928,0.84312725,0.78186315,-2.0971746,0.8661927,1.763747,73.788284,90.0505,191.83084,191.83084,192,144,0.1,50,2.0722117,-83.04772,0.39612255
24913,Workshop,2,1.2427143,0.74545604,2.398174,-0.2980294,0.74545604,1.0124719,-1.6719713,0.74765074,1.6202894,85.625404,102.015076,155.43672,155.43672,192,144,0.1,50,2.0722117,-75.05693,0.041683644
24913,Workshop,3,0.7942101,0.77280366,1.8686495,-0.74653363,0.77280366,0.48294726,-1.7871311,0.730721,1.8497026,93.77886,109.85483,134.80266,134.80266,192,144,0.1,50,2.0722117,-89.57946,-0.9339644
24914,Lounge,0,4.2628307,2.3777242,-1.938709,5.6418467,2.3777242,-0.5184883,4.7719707,0.963603,1.859363,45.920338,58.92185,339.8995,339.8995,192,144,0.1,50,1.9795736,172.3649,-20.25533
24914,Lounge,1,3.9670353,2.3163755,-1.6253704,5.346051,2.3163755,-0.20514968,4.7494583,0.8308828,1.9187237,62.368267,77.80642,237.92093,237.92093,192,144,0.1,50,1.9795736,167.55061,-22.258818
24914,Lounge,2,4.1918626,2.4616764,-1.5775495,5.5708785,2.4616764,-0.1573287,4.850256,0.8359842,2.0570848,70.606346,86.709816,203.35463,203.35463,192,144,0.1,50,1.9795736,169.73254,-23.75504
24914,Lounge,3,4.1481533,2.2402396,-2.2946956,5.527169,2.2402396,-0.8744749,4.4324565,1.0940757,2.13575,34.933285,45.520496,457.6385,457.6385,192,144,0.1,50,1.9795736,176.32834,-14.475999
24915,Workshop,0,3.056865,1.6083302,-0.3781649,2.6764078,1.6083302,1.5166619,0.22627604,1.3103225,1.6365621,92.982254,109.102516,136.69328,136.69328,192,144,0.1,50,1.9326448,-125.44211,-4.902419
24915,Workshop,1,2.754074,1.7535946,0.19830018,2.373617,1.7535946,2.093127,-0.07327312,1.4236205,1.3707423,94.942856,110.94898,132.08385,132.08385,192,144,0.1,50,1.932645,-112.52277,-6.1530886
24915,Workshop,2,3.1673892,1.5508716,-0.14806333,2.786932,1.5508716,1.7467635,0.08512394,1.2432362,1.3429224,85.812614,102.19862,154.92827,154.92827,192,144,0.1,50,1.9326448,-115.814476,-5.1341395
24915,Workshop,3,2.1881835,1.6475639,-1.5950994,1.8077264,1.6475639,0.29972732,-0.01655227,1.2807243,1.4385535,99.30121,114.99279,122.33446,122.33446,192,144,0.1,50,1.9326448,-143.99187,-5.586842
24916,Studio,0,1.6613426,1.5457463,1.902014,-1.9374688,1.7079984,-2.2890327,-4.0587544,1.031847,-1.0396138,54.05943,68.450096,282.25394,282.25394,192,144,0.1,50,5.597206,-62.78497,-4.5679603
24916,Studio,1,1.8051978,1.473472,1.5514896,-1.7936136,1.6357241,-2.6395571,-4.145066,1.1647143,-0.90975785,62.315083,77.747734,238.1704,238.1704,192,144,0.1,50,5.5972066,-67.52821,-2.74521
24916,Studio,2,2.4599228,1.7123102,1.9691617,-1.1388886,1.8745623,-2.221885,-4.08783,0.8916049,-1.1112369,47.455578,60.74605,327.60934,327.60934,192,144,0.1,50,5.597205,-64.8053,-6.470685
24916,Studio,3,1.4508862,1.4790704,1.640704,-2.1479251,1.6413225,-2.5503426,-3.8074222,0.9000175,-1.1342967,72.8784,89.100746,195.03732,195.03732,192,144,0.1,50,5.597206,-62.17776,-5.562577
24917,Reception,0,3.211381,1.2804227,-4.3894725,4.289859,1.2755117,-4.59913,1.0275897,0.9924061,-4.840494,96.44358,112.350746,128.65234,128.65234,192,144,0.1,50,1.4140402,-78.330696,-7.3597136
24917,Reception,1,2.9494195,1.1869471,-4.529396,4.0278974,1.1820362,-4.7390537,1.2828445,0.8603918,-4.614866,89.753006,106.02294,144.62212,144.62212,192,144,0.1,50,1.41404,-87.06418,-11.072112
24917,Reception,2,3.1114857,1.3274428,-4.119448,4.1899633,1.3225318,-4.329106,1.066155,1.13743,-5.123421,90.094025,106.35046,143.76387,143.76387,192,144,0.1,50,1.4140399,-63.855377,-4.767185
24917,Reception,3,3.2124407,1.2393653,-4.6692424,4.290919,1.2344544,-4.8789,1.0665836,1.0682197,-4.643462,91.25059,107.45712,140.89073,140.89073,192,144,0.1,50,1.4140403,-90.68832,-4.559721
24918,Breakroom,0,0.25809097,0.82107,1.8347392,0.19895512,0.82107,1.8405932,-2.7166905,0.99101406,1.2087,54.749416,69.241455,278.10455,278.10455,192,144,0.1,50,0.0594249,-78.1156,3.199716
24918,Breakroom,1,1.0674219,1.0106162,2.2642455,1.008286,1.0106162,2.2700996,-3.0443938,0.9253741,1.2328199,40.75567,52.696144,387.6633,387.6633,192,144,0.1,50,0.05942497,-75.918236,-1.1519501
24918,Breakroom,2,0.05048749,0.8937665,1.5898895,-0.008648366,0.8937665,1.5957435,-2.6804411,0.8478284,1.2714438,49.14496,62.739086,314.92282,314.92282,192,144,0.1,50,0.0594249,-83.348946,-0.9572217
24918,Breakroom,3,0.14271641,1.032882,1.0733118,0.08358056,1.032882,1.0791658,-2.8630943,0.92065585,1.3226969,80.86257,97.286835,169.01237,169.01237,192,144,0.1,50,0.059424892,-94.742836,-2.1309094
24919,Coworking,0,-2.1404953,2.7822313,-0.19459963,-2.1663299,2.595574,-0.1609824,-6.884332,0.75,4.410693,91.32752,107.53051,140.70163,140.70163,192,144,0.1,50,0.1915456,-134.151,-17.086145
24919,Coworking,1,-2.2763534,2.9330213,0.28103507,-2.302188,2.7463639,0.3146523,-7.1822805,0.74937904,4.512163,74.66599,90.962524,188.80138,188.80138,192,144,0.1,50,0.1915456,-130.7762,-18.62698
24919,Coworking,2,-1.602801,2.8789892,-0.4997285,-1.6286355,2.6923318,-0.46611127,-6.752579,0.77494764,4.1740484,104.14589,119.39358,112.21018,112.21018,192,144,0.1,50,0.19154564,-132.22589,-16.83298
24919,Coworking,3,-1.9330863,2.702416,-0.6894212,-1.9589208,2.5157585,-0.6558039,-7.116022,0.7972728,4.209732,79.43526,95.847664,173.3403,173.3403,192,144,0.1,50,0.19154559,-133.38771,-14.956117
24920,Breakroom,0,-1.80441,1.6174209,-0.89406776,-0.9613253,1.6174209,-3.5642607,1.778031,1.55,-4.0555854,84.435684,100.84455,158.71051,158.71051,192,144,0.1,50,3.2064214,48.571476,-0.80843407
24920,Breakroom,1,-1.7145863,1.5247475,-0.6423308,-0.87150156,1.5247475,-3.3125238,1.9028347,1.4319056,-4.209755,106.74487,121.7155,107.05135,107.05135,192,144,0.1,50,3.2064216,45.398697,-1.0469002
24920,Breakroom,2,-1.7842476,1.7064911,-1.2087021,-0.94116294,1.7064911,-3.878895,1.4973001,1.5636666,-4.0638485,81.9317,98.35806,165.8526,165.8526,192,144,0.1,50,3.2064214,48.974747,-1.8806331
24920,Breakroom,3,-1.4418132,1.5562043,-0.5020731,-0.59872854,1.5562043,-3.172266,1.5098183,1.4262661,-3.7567818,73.01313,89.24166,194.5582,194.5582,192,144,0.1,50,3.2064214,42.20427,-1.6939292
24921,Breakroom,0,0.16253161,1.7522831,2.4453127,-1.8863668,1.7522831,0.8045888,1.7931439,0.75,0.5927758,51.54099,65.53971,298.2702,298.2702,192,144,0.1,50,2.6248734,41.354397,-22.10302
24921,Breakroom,1,0.11585553,1.7558125,2.0641637,-1.9330429,1.7558125,0.42343974,2.0182993,0.6681881,0.8981265,52.653362,66.82944,291.0206,291.0206,192,144,0.1,50,2.6248734,58.495224,-25.985912
24921,Breakroom,2,0.6896222,1.9060712,2.7346492,-1.3592763,1.9060712,1.0939252,1.9433872,0.6766951,0.85620344,45.26366,58.13782,345.39682,345.39682,192,144,0.1,50,2.6248734,33.72105,-28.561705
24921,Breakroom,3,-0.2953736,1.889214,2.7081206,-2.3442721,1.889214,1.0673968,1.9420753,0.73887956,0.901366,33.17263,43.319736,483.4601,483.4601,192,144,0.1,50,2.6248732,51.0789,-21.801283
24922,Workshop,0,0.054913044,1.1789718,-0.33680654,0.22193205,1.3589027,-0.11525321,2.4002192,1.4118426,-4.0424414,42.66891,55.018196,368.68564,368.68564,192,144,0.1,50,0.33070332,32.329826,3.0395944
24922,Workshop,1,0.34699765,1.2527404,-0.3273127,0.5140166,1.4326713,-0.10575939,2.5293558,1.5304554,-4.077127,50.541924,64.37567,305.0344,305.0344,192,144,0.1,50,0.33070338,30.199018,3.6624885
24922,Workshop,2,-0.0005646162,1.2673224,-0.094864175,0.16645439,1.4472533,0.12668915,2.1274738,1.5113317,-4.150833,56.551834,71.29643,267.7065,267.7065,192,144,0.1,50,0.33070338,27.684574,3.0494516
24922,Workshop,3,-1.6252363,1.6074197,-0.7229877,-1.4582173,1.7873507,-0.5014344,2.6982417,1.4761499,-4.3322344,39.433228,51.08055,401.80927,401.80927,192,144,0.1,50,0.33070332,50.144814,-1.335206
24923,Lounge,0,-1.5406876,0.9213051,2.6206212,-1.4267113,0.8160249,2.706458,0.3242604,0.75,-2.288187,56.057125,70.73417,270.4992,270.4992,192,144,0.1,50,0.17841256,20.802721,-1.8684683
24923,Lounge,1,-1.9748695,1.1866379,1.3902254,-1.8608932,1.0813576,1.4760623,0.44650847,0.8041528,-2.580963,77.877396,94.26495,178.21472,178.21472,192,144,0.1,50,0.1784126,31.372183,-4.70109
24923,Lounge,2,-2.0285473,1.0001879,2.521283,-1.914571,0.8949077,2.6071198,0.12686579,0.76894045,-2.1960905,59.264507,74.35568,253.15393,253.15393,192,144,0.1,50,0.17841254,24.556114,-2.5529397
24923,Lounge,3,-1.8113986,0.95709383,2.4663243,-1.6974224,0.8518136,2.5521612,0.5437876,0.7778145,-2.6342893,45.024193,57.85136,347.43927,347.43927,192,144,0.1,50,0.17841257,24.784927,-1.8277435
24924,Studio,0,0.39258897,2.0037844,9.88239,3.2230644,2.0037844,7.425277,0.71692824,1.015728,6.6457133,99.560776,115.23104,121.77395,121.77395,192,144,0.1,50,3.7481987,5.722364,-16.896032
24924,Studio,1,0.24733593,1.9816105,9.564443,3.0778115,1.9816105,7.1073303,0.7191142,0.95292735,6.822616,96.35949,112.27247,128.84248,128.84248,192,144,0.1,50,3.7481985,9.763118,-20.291775
24924,Studio,2,0.6634028,2.03996,9.879593,3.4938784,2.03996,7.42248,1.0530372,0.9429569,6.7942133,73.435104,89.68237,193.06735,193.06735,192,144,0.1,50,3.748199,7.197446,-19.43015
24924,Studio,3,-0.21510434,2.157645,9.732647,2.6153712,2.157645,7.275534,0.90096915,1.000319,6.888687,93.35715,109.45693,135.80043,135.80043,192,144,0.1,50,3.748199,21.426853,-20.747484
24925,Studio,0,2.9741468,1.7331585,5.2273474,3.6803668,1.7331585,1.9150562,-1.405461,1.0399059,-2.428019,72.61202,88.82185,195.98915,195.98915,192,144,0.1,50,3.3867416,-29.773718,-4.4944077
24925,Studio,1,2.2909734,1.5571468,4.597809,2.9971933,1.5571468,1.2855178,-1.5651225,0.99388856,-2.410254,76.28822,92.63747,183.35912,183.35912,192,144,0.1,50,3.3867416,-28.82122,-4.0279455
24925,Studio,2,2.0078979,1.7596474,5.1377196,2.7141178,1.7596474,1.8254286,-1.6746283,0.9110332,-2.4758542,87.98551,104.31672,149.1541,149.1541,192,144,0.1,50,3.3867416,-25.81208,-5.7298746
24925,Studio,3,2.2309093,1.4788575,4.944151,2.9371295,1.4788575,1.6318595,-1.3207471,0.9286671,-2.2172043,77.88053,94.26815,178.20476,178.20476,192,144,0.1,50,3.3867419,-26.378998,-3.9373434
24926,Coworking,0,-1.4763502,1.5637201,-5.42148,-1.9950175,1.5637201,-3.3107321,0.57652843,1.3847814,-3.0703337,86.18276,102.56105,153.92818,153.92818,192,144,0.1,50,2.1735394,138.87451,-3.2811298
24926,Coworking,1,-1.62682,1.6286883,-5.69229,-2.1454873,1.6286883,-3.5815418,0.7348722,1.5261008,-3.1262286,68.37786,84.3378,211.97763,211.97763,192,144,0.1,50,2.1735394,137.37488,-1.6849425
24926,Coworking,2,-1.6422642,1.4691516,-5.7743645,-2.1609316,1.4691516,-3.6636164,0.23795977,1.3323084,-2.888809,104.370445,119.59524,111.75735,111.75735,192,144,0.1,50,2.1735394,146.9118,-2.2753308
24926,Coworking,3,-1.3289646,1.5169612,-5.6877112,-1.8476319,1.5169612,-3.5769632,0.42459106,1.4255966,-2.8949287,70.4461,86.54015,203.95877,203.95877,192,144,0.1,50,2.1735394,147.87576,-1.5870227
24927,Lounge,0,2.2194633,1.1051304,5.533426,4.342016,1.1051304,6.7149897,1.5204571,1.0053649,8.117152,77.23875,93.61248,180.26065,180.26065,192,144,0.1,50,3.2763739,-164.8615,-2.1346014
24927,Lounge,1,3.172579,1.4445897,6.399532,5.2951317,1.4445897,7.5810957,1.8216835,1.0637323,8.130439,63.99677,79.595825,230.46265,230.46265,192,144,0.1,50,3.2763734,-142.02956,-9.840532
24927,Lounge,2,1.3622928,1.4218128,5.6392403,3.4848456,1.4218128,6.820804,1.7212361,1.0518562,8.190162,91.07029,107.284996,141.3349,141.3349,192,144,0.1,50,3.2763739,171.99042,-8.172586
24927,Lounge,3,2.7003472,1.1399062,5.4315352,4.8229,1.1399062,6.613099,1.4140397,0.9714868,8.441891,85.05277,101.452545,157.0032,157.0032,192,144,0.1,50,3.2763736,-156.86327,-2.9450917
24928,Breakroom,0,1.4257519,0.87163234,-2.2670684,0.76002127,0.87163234,-0.13224196,3.301483,0.96192384,-0.66048825,71.060326,87.18977,201.65591,201.65591,192,144,0.1,50,2.2362201,130.58035,2.093776
24928,Breakroom,1,1.6657559,0.8933269,-1.985738,1.0000253,0.8933269,0.14908832,3.0354228,1.032701,-0.46717426,78.19644,94.5901,177.20322,177.20322,192,144,0.1,50,2.2362201,137.95116,3.8988862
24928,Breakroom,2,1.631151,0.932498,-2.5497203,0.9654203,0.932498,-0.41489378,3.440205,1.0480918,-0.88692236,96.311226,112.227516,128.95174,128.95174,192,144,0.1,50,2.2362201,132.58777,2.6934307
24928,Breakroom,3,1.4150071,0.8433253,-2.7391696,0.74927646,0.8433253,-0.6043433,3.6252003,1.0036949,-0.33525792,60.806442,76.07661,245.41045,245.41045,192,144,0.1,50,2.2362201,137.4041,2.811519
24929,Breakroom,0,-2.7857635,2.715746,2.5702767,-1.6936306,2.715746,0.5211618,3.3563514,0.972388,0.27577734,96.7547,112.6401,127.95103,127.95103,192,144,0.1,50,2.3219876,69.51591,-14.889843
24929,Breakroom,1,-3.1426508,2.7001522,2.5162132,-2.050518,2.7001522,0.4670983,3.6559114,0.9771942,0.29661268,74.08216,90.356316,190.80968,190.80968,192,144,0.1,50,2.3219876,71.919136,-13.545307
24929,Breakroom,2,-3.0778244,2.617679,2.7735667,-1.9856914,2.617679,0.72445184,3.5308251,0.8446705,0.5790285,102.78329,118.16554,114.98808,114.98808,192,144,0.1,50,2.3219876,71.63019,-14.284827
24929,Breakroom,3,-3.890557,2.6957507,2.62107,-2.7984242,2.6957507,0.57195497,3.4237454,0.9830103,0.22112146,82.96411,99.38705,162.86516,162.86516,192,144,0.1,50,2.3219876,71.83444,-12.54356
24930,Studio,0,3.737792,1.7088836,6.336328,2.190854,1.7088836,4.0318737,-0.19055192,1.4742035,1.2943019,49.76941,63.47194,310.43842,310.43842,192,144,0.1,50,2.7755227,-37.922874,-2.1027477
24930,Studio,1,3.6337347,1.5161266,6.9777794,2.0867968,1.5161266,4.673325,-0.44073987,1.4974197,1.0709226,35.75064,46.53742,446.49005,446.49005,192,144,0.1,50,2.7755227,-34.59742,-0.14936635
24930,Studio,2,3.265947,1.8777323,6.5092406,1.7190092,1.8777323,4.2047863,-0.085857674,1.4570006,1.631394,66.06944,81.85228,221.44664,221.44664,192,144,0.1,50,2.7755227,-34.494843,-4.0662146
24930,Studio,3,4.3840294,1.5473297,6.216267,2.8370912,1.5473297,3.9118128,-0.33759218,1.4513422,1.2310295,60.189507,75.38962,248.46548,248.46548,192,144,0.1,50,2.775523,-43.444363,-0.80091226
24931,Studio,0,1.1878381,1.7406576,2.103407,2.728351,1.7406576,0.52762794,1.8703114,0.75,-2.801105,106.00136,121.05395,108.5091,108.5091,192,144,0.1,50,2.2036922,7.921959,-11.313314
24931,Studio,1,0.8507185,1.7506654,2.0815208,2.3912315,1.7506654,0.5057418,1.7261174,0.6462194,-2.4920602,89.4243,105.70676,145.45421,145.45421,192,144,0.1,50,2.2036922,10.835554,-13.342776
24931,Studio,2,1.536879,1.6467236,2.4142027,3.0773919,1.6467236,0.83842385,1.6498592,0.63699245,-2.943852,99.65334,115.31594,121.57458,121.57458,192,144,0.1,50,2.2036922,1.207963,-10.669971
24931,Studio,3,0.47829288,1.6389438,2.2331684,2.018806,1.6389438,0.6573894,1.9649087,0.754807,-2.4794483,80.2155,96.635666,170.95857,170.95857,192,144,0.1,50,2.2036922,17.50811,-10.143992
24932,Reception,0,-3.5845394,1.2443409,0.70526814,-2.21518,1.2443409,1.9194795,-5.1853995,1.0431483,0.54807836,94.40352,110.44276,133.33725,133.33725,192,144,0.1,50,2.246996,-84.39206,-7.129321
24932,Reception,1,-3.0093079,1.4146289,0.48132247,-1.6399484,1.4146289,1.6955338,-4.876844,1.1067315,0.3963353,88.05305,104.38218,148.9783,148.9783,192,144,0.1,50,2.246996,-87.3944,-9.352526
24932,Reception,2,-3.5072703,1.2248808,1.0236388,-2.1379108,1.2248808,2.2378502,-4.948226,0.91320103,0.6220564,89.351364,105.63653,145.6395,145.6395,192,144,0.1,50,2.246996,-74.42729,-11.769778
24932,Reception,3,-3.150218,1.5083241,0.10661286,-1.7808585,1.5083241,1.3208241,-4.8428135,1.0365989,0.29402566,91.39129,107.59132,140.5451,140.5451,192,144,0.1,50,2.246996,-96.318344,-15.483074
24933,Coworking,0,-0.16628885,0.8873512,1.6943195,-0.24873173,1.1026673,1.6963567,-0.36241454,1.1350472,-0.088671625,38.211033,49.579884,415.71774,415.71774,192,144,0.1,50,0.24211736,-6.2771926,7.862178
24933,Coworking,1,-0.56512105,0.92258304,1.7880934,-0.64756393,1.1378992,1.7901306,-0.5030713,1.2649423,0.06003681,35.494278,46.21879,449.93326,449.93326,192,144,0.1,50,0.24211739,2.05645,11.199181
24933,Coworking,2,0.3816238,0.8011432,2.1568692,0.29918092,1.0164593,2.1589062,-0.3758824,1.2221862,0.10200271,41.809315,53.977184,377.00677,377.00677,192,144,0.1,50,0.24211738,-20.235909,10.882519
24933,Coworking,3,-0.26577565,0.9840476,1.341932,-0.34821853,1.1993637,1.3439691,-0.18591937,1.1667233,-0.30762982,55.507133,70.107506,273.65762,273.65762,192,144,0.1,50,0.24211738,2.771559,6.3119645
24934,OpenOffice,0,1.6307356,1.8618437,-6.325908,3.4198067,1.8803234,-4.833765,2.2860198,0.75,-3.0080884,80.07944,96.49848,171.37111,171.37111,192,144,0.1,50,2.6682231,168.82762,-18.198896
24934,OpenOffice,1,1.8274089,1.8770294,-6.1492586,3.6164799,1.8955091,-4.6571155,2.5169675,0.7385656,-3.0754597,79.5417,95.95535,173.01309,173.01309,192,144,0.1,50,2.6682236,167.35593,-19.869583
24934,OpenOffice,2,1.3423498,1.8945482,-5.6794076,3.1314209,1.9130279,-4.1872644,2.01784,0.8444687,-2.9754455,105.44387,120.55649,109.6115,109.6115,192,144,0.1,50,2.6682234,165.97374,-20.64489
24934,OpenOffice,3,1.7685761,2.0513437,-5.6602364,3.5576472,2.0698235,-4.168093,2.5793705,0.77538806,-2.835738,83.05077,99.47318,162.61716,162.61716,192,144,0.1,50,2.668223,163.98346,-23.470972
24935,OpenOffice,0,-3.3511648,1.640053,2.1316845,-3.537914,1.8733857,2.025989,-0.64744544,0.9892628,-0.44626835,39.932762,51.691826,396.3602,396.3602,192,144,0.1,50,0.35969213,46.364063,-9.882062
24935,OpenOffice,1,-3.6884284,1.7351643,2.076541,-3.8751776,1.9684969,1.9708456,-0.41203383,0.8981243,-0.19220203,28.952606,37.990524,557.7583,557.7583,192,144,0.1,50,0.35969195,55.299294,-11.861767
24935,OpenOffice,2,-2.879694,1.5467494,1.908483,-3.0664432,1.780082,1.8027875,-0.5717435,0.919164,-0.63313943,70.512825,86.610825,203.70691,203.70691,192,144,0.1,50,0.35969207,42.241394,-10.359399
24935,OpenOffice,3,-3.5173528,1.6795874,1.9024885,-3.704102,1.91292,1.796793,-0.35635617,0.8538338,-0.6274826,58.50917,73.50789,257.08224,257.08224,192,144,0.1,50,0.3596921,51.32722,-11.527434
24936,Workshop,0,-1.9859273,1.5728755,1.5740542,-1.8558335,1.6578326,2.1834486,0.8570963,1.0614215,0.89919895,49.305832,62.928078,313.7574,313.7574,192,144,0.1,50,0.62891614,76.646706,-9.928149
24936,Workshop,1,-1.837319,1.5375537,1.78385,-1.7072252,1.6225108,2.3932443,0.6591382,0.9316686,0.97789395,43.81892,56.405067,358.04044,358.04044,192,144,0.1,50,0.62891614,72.10785,-13.005008
24936,Workshop,2,-1.9611682,1.54026,1.2222562,-1.8310744,1.6252171,1.8316505,0.96600044,0.926527,0.9272026,61.81262,77.19254,240.54636,240.54636,192,144,0.1,50,0.62891614,84.244125,-11.783518
24936,Workshop,3,-1.5697076,1.5377119,1.5286297,-1.4396138,1.622669,2.1380239,0.9639032,0.91946787,0.6402222,51.414234,65.39232,299.1148,299.1148,192,144,0.1,50,0.628916,70.67684,-12.967501
24937,Coworking,0,-4.1569247,1.0930718,1.4855821,-4.174258,1.2929611,1.5279573,-1.1207435,0.7617331,-1.1803001,95.580925,111.54619,130.61491,130.61491,192,144,0.1,50,0.20646255,48.71564,-4.6880608
24937,Coworking,1,-3.9018445,1.1443613,1.5115567,-3.919178,1.3442506,1.553932,-1.3243301,0.7631501,-0.9570948,87.36741,103.71653,150.77322,150.77322,192,144,0.1,50,0.20646256,46.235874,-6.0967336
24937,Coworking,2,-4.607219,1.248561,1.2672912,-4.6245527,1.4484503,1.3096664,-1.4504634,0.860883,-1.2086389,77.59619,93.97792,179.11208,179.11208,192,144,0.1,50,0.20646255,51.89194,-5.5194707
24937,Coworking,3,-4.426634,0.9621112,1.2572355,-4.4439673,1.1620004,1.2996107,-1.0640919,0.79523915,-1.4412977,87.11968,103.475464,151.42728,151.42728,192,144,0.1,50,0.20646249,51.25199,-2.2164817
24938,Breakroom,0,2.745169,0.9848038,2.1389654,2.3412418,0.7390771,2.1114008,0.8616133,1.0490595,-0.57840365,61.158512,76.46772,243.69202,243.69202,192,144,0.1,50,0.50316334,-34.72793,1.1133518
24938,Breakroom,1,2.8160613,1.0679919,1.8464941,2.4121342,0.8222652,1.8189296,0.8746257,1.1038014,-0.9070699,58.981922,74.03887,254.61287,254.61287,192,144,0.1,50,0.5031632,-35.18624,0.6089508
24938,Breakroom,2,2.5006125,0.9639076,2.3528523,2.0966854,0.7181809,2.3252878,0.9437531,0.9866455,-0.506927,54.85471,69.36199,277.47983,277.47983,192,144,0.1,50,0.5031632,-28.563803,0.40010074
24938,Breakroom,3,3.4862022,1.0106809,1.4489503,3.0822752,0.76495415,1.4213858,1.1901509,1.1026757,-0.44116428,64.21119,79.83035,229.50587,229.50587,192,144,0.1,50,0.5031633,-50.538715,1.771795
24939,Conference,0,1.513474,2.649225,1.8758411,1.5530629,2.5399158,1.8906282,0.39229137,1.0477802,-0.5346649,87.497986,103.843475,150.42964,150.42964,192,144,0.1,50,0.117736295,-24.94424,-31.064255
24939,Conference,1,1.8908978,2.6053436,1.6128926,1.9304867,2.4960344,1.6276797,0.10689622,0.89806026,-0.47975314,76.56933,92.92631,182.436,182.436,192,144,0.1,50,0.11773629,-40.447926,-31.834406
24939,Conference,2,0.9477733,2.8382602,1.7918811,0.9873622,2.728951,1.8066682,0.15609846,0.96775806,-0.58208734,80.93577,97.36036,168.79384,168.79384,192,144,0.1,50,0.117736325,-18.442595,-36.776466
24939,Conference,3,1.9094229,2.4678876,1.4833596,1.9490118,2.3585784,1.4981467,0.35695744,0.99881315,-0.2509878,88.79957,105.10439,147.04907,147.04907,192,144,0.1,50,0.11773632,-41.83266,-32.257317
24940,OpenOffice,0,5.4204836,1.5453417,0.71292853,5.380321,1.7713181,1.135519,3.1095474,1.0017985,1.8230569,67.5911,83.49393,215.14076,215.14076,192,144,0.1,50,0.4865472,-115.65872,-11.970093
24940,OpenOffice,1,5.257444,1.4459279,-0.07427335,5.2172813,1.6719042,0.34831715,3.1758487,0.86544096,2.091646,77.471306,93.85032,179.51236,179.51236,192,144,0.1,50,0.4865473,-136.13733,-10.936783
24940,OpenOffice,2,5.2397637,1.6429569,0.48289368,5.199601,1.8689332,0.9054842,3.203734,1.0588381,2.1043081,59.65381,74.791405,251.16463,251.16463,192,144,0.1,50,0.4865472,-128.53244,-12.648865
24940,OpenOffice,3,4.7087765,1.4733452,1.463845,4.668614,1.6993215,1.8864355,2.7690027,1.0343645,1.5457644,105.79843,120.873,108.90945,108.90945,192,144,0.1,50,0.48654723,-92.41824,-12.740552
24941,Conference,0,-0.3614558,1.5124316,1.9880004,-1.0125799,1.5124316,-0.9413676,9.183003,0.96557504,-1.9739645,53.832893,68.18971,283.63766,283.63766,192,144,0.1,50,3.0008597,67.45636,-3.0291307
24941,Conference,1,-0.5897988,1.589176,2.1144145,-1.2409229,1.589176,-0.8149535,9.417218,1.0523962,-2.2137854,48.056175,61.45633,323.00305,323.00305,192,144,0.1,50,3.0008597,66.610725,-2.818548
24941,Conference,2,0.41941577,1.7448395,3.602097,-0.23170835,1.7448395,0.6727289,9.180424,0.88122636,-2.152063,75.93922,92.2783,184.51324,184.51324,192,144,0.1,50,3.0008597,56.703415,-4.7101107
24941,Conference,3,0.52104527,1.5875027,3.545411,-0.13007885,1.5875027,0.6160431,9.014051,0.9737621,-1.6284356,48.74145,62.264427,317.87784,317.87784,192,144,0.1,50,3.0008597,58.650684,-3.5315006
24942,Library,0,0.90726733,1.2521112,-1.9215578,1.7117586,1.2521112,2.7954292,-1.3586026,1.0509253,0.6588965,56.086548,70.76765,270.33188,270.33188,192,144,0.1,50,4.9648094,-138.71397,-3.3528461
24942,Library,1,0.13859022,1.5353905,-2.900236,0.9430815,1.5353905,1.816751,-1.1202635,0.976898,0.42829233,68.23788,84.1879,212.53575,212.53575,192,144,0.1,50,4.9648094,-159.28333,-8.919277
24942,Library,2,0.35586548,1.4578923,-1.7062545,1.1603568,1.4578923,3.0107327,-1.1103375,0.97439307,0.46527275,76.864456,93.22911,181.47299,181.47299,192,144,0.1,50,4.9648094,-145.973,-10.455171
24942,Library,3,0.5029892,1.3534898,-2.028777,1.3074805,1.3534898,2.6882102,-1.5898643,1.0766584,0.5436784,80.377846,96.79925,170.46783,170.46783,192,144,0.1,50,4.9648094,-140.86949,-4.771819
24943,OpenOffice,0,2.074611,0.8430579,-3.0651503,2.1041515,0.8430579,-3.0084918,-0.81380177,0.95908225,-5.571296,47.06482,60.282917,330.6657,330.6657,192,144,0.1,50,0.06389702,-49.053295,1.7378414
24943,OpenOffice,1,2.142975,0.85495055,-3.3417025,2.1725156,0.85495055,-3.285044,-1.0704764,0.8486396,-5.845167,50.22792,64.00872,307.21222,307.21222,192,144,0.1,50,0.06389702,-52.079346,-0.08876586
24943,OpenOffice,2,1.7265719,1.1111374,-1.8507758,1.7561125,1.1111374,-1.7941173,-0.692122,1.0256519,-5.796922,48.389854,61.850124,320.49042,320.49042,192,144,0.1,50,0.06389702,-31.505198,-1.0581176
24943,OpenOffice,3,1.8756931,0.745226,-3.3021002,1.9052336,0.745226,-3.2454417,-0.9168566,0.81753576,-5.8513913,36.780014,47.813766,433.13214,433.13214,192,144,0.1,50,0.06389702,-47.607353,1.0955715
24944,Reception,0,0.5529537,2.9541507,-2.2502465,-2.3993106,2.9541507,-1.314827,-2.8794403,1.056583,-1.605945,97.42239,113.2597,126.45723,126.45723,192,144,0.1,50,3.0969136,-100.63139,-28.51749
24944,Reception,1,0.73657024,2.957106,-1.9151999,-2.2156942,2.957106,-0.9797803,-3.0587296,1.0768031,-1.7426387,83.342606,99.762955,161.78513,161.78513,192,144,0.1,50,3.0969136,-92.60328,-26.331638
24944,Reception,2,0.87783855,2.7544236,-2.8351197,-2.0744257,2.7544236,-1.8997002,-2.7328868,1.0297787,-1.4581985,102.851456,118.22715,114.847855,114.847855,192,144,0.1,50,3.0969136,-110.87395,-24.050991
24944,Reception,3,1.7673625,2.540489,-1.3473358,-1.1849018,2.540489,-0.41191632,-2.569252,1.0084878,-1.8915414,80.32026,96.74124,170.64171,170.64171,192,144,0.1,50,3.0969136,-82.84729,-19.316689
24945,Breakroom,0,-2.0679016,1.701337,-4.3639126,-1.9112967,1.8660824,-4.4187303,-4.4100127,0.9743994,-3.330507,60.663235,75.91733,246.11458,246.11458,192,144,0.1,50,0.24132946,-113.80843,-15.852644
24945,Breakroom,1,-1.755837,1.6160672,-4.342699,-1.5992321,1.7808126,-4.3975167,-4.3886223,0.9377321,-3.4341493,58.057716,72.99969,259.47458,259.47458,192,144,0.1,50,0.24132942,-109.03908,-13.688163
24945,Breakroom,2,-0.61585057,1.2353506,-1.9010193,-0.45924568,1.4000959,-1.955837,-4.3030324,0.85268927,-3.2935796,33.269653,43.44137,481.96814,481.96814,192,144,0.1,50,0.24132936,-69.309654,-5.545351
24945,Breakroom,3,-2.2047849,1.7527405,-3.7187316,-2.04818,1.917486,-3.7735493,-4.4362726,1.0409894,-3.0078382,73.13913,89.37335,194.1115,194.1115,192,144,0.1,50,0.24132934,-107.67052,-16.9045
24946,Reception,0,2.6820662,1.685935,0.30760407,2.6435957,1.4962659,0.30271068,4.034114,1.0165892,2.0592642,77.012634,93.380974,180.99184,180.99184,192,144,0.1,50,0.19359598,142.33665,-16.83017
24946,Reception,1,1.6068587,1.977593,0.17427029,1.5683882,1.7879238,0.1693769,3.8738317,0.8932407,1.9863404,47.04911,60.264282,330.78958,330.78958,192,144,0.1,50,0.19359598,128.63657,-20.487251
24946,Reception,2,1.6235782,1.3434767,3.0791752,1.5851077,1.1538075,3.074282,3.947996,1.1235218,2.1075134,102.10863,117.55472,116.38306,116.38306,192,144,0.1,50,0.19359596,67.31391,-4.989656
24946,Reception,3,3.379455,2.049493,-0.68203104,3.3409846,1.859824,-0.68692446,4.1596003,0.9140338,2.337377,63.502804,79.05459,232.68869,232.68869,192,144,0.1,50,0.193596,165.51292,-20.006395
24947,Coworking,0,2.0774372,1.225592,0.7000422,1.5045657,1.3214288,0.39951658,-0.16086869,1.2195195,1.9072137,81.0446,97.469635,168.46951,168.46951,192,144,0.1,50,0.6579038,-118.33904,-0.13681388
24947,Coworking,1,1.5860288,1.3200339,0.26209143,1.0131574,1.4158707,-0.038434178,-0.09346135,1.0853505,1.9464924,95.3382,111.31922,131.17194,131.17194,192,144,0.1,50,0.65790385,-135.08365,-5.634745
24947,Coworking,2,2.4443564,1.3081639,0.5229538,1.8714849,1.4040006,0.22242819,-0.02304469,1.2661611,2.0554032,83.221794,99.64305,162.129,162.129,192,144,0.1,50,0.65790397,-121.84353,-0.82849556
24947,Coworking,3,2.4513001,1.0467709,0.37247065,1.8784286,1.1426077,0.07194504,0.12839942,1.2665726,1.9627237,74.53501,90.826675,189.24957,189.24957,192,144,0.1,50,0.65790385,-124.39546,4.464574
24948,Library,0,-0.46690392,0.79789126,-0.5264609,-0.51930803,1.0359519,-0.470776,1.3535615,1.448773,-3.0628886,54.81214,69.31326,277.73215,277.73215,192,144,0.1,50,0.25585383,35.668068,11.776072
24948,Library,1,-0.57400894,0.7652243,-1.0513146,-0.62641305,1.0032849,-0.99562967,1.169277,1.4718684,-2.870873,65.08851,80.78729,225.64992,225.64992,192,144,0.1,50,0.25585395,43.773613,15.664916
24948,Library,2,-0.12959376,0.78341955,-1.7718934,-0.18199787,1.0214802,-1.7162085,1.0996642,1.3275379,-2.7144268,100.61958,116.199974,119.509544,119.509544,192,144,0.1,50,0.2558539,52.52082,19.354721
24948,Library,3,0.00942564,0.8000046,-0.61086047,-0.042978466,1.0380652,-0.55517554,1.46314,1.4474251,-3.235165,80.97047,97.39521,168.69037,168.69037,192,144,0.1,50,0.25585383,28.983938,12.177888
24949,Reception,0,-2.0125988,2.1971192,0.014522314,-1.9208558,2.3619635,0.21797615,1.1262562,0.979438,-1.4583998,29.801653,39.068672,541.1604,541.1604,192,144,0.1,50,0.2831578,64.861465,-19.35096
24949,Reception,1,-1.6658565,2.334363,-0.57067347,-1.5741135,2.4992073,-0.36721963,1.1100144,1.0172701,-1.3748324,46.24055,59.30335,337.2725,337.2725,192,144,0.1,50,0.2831578,73.84391,-24.500687
24949,Reception,2,-0.5827743,1.9700662,0.45797673,-0.4910313,2.1349103,0.6614306,1.2158967,1.1071569,-1.2383204,60.316116,75.53078,247.83391,247.83391,192,144,0.1,50,0.28315774,46.67782,-19.240025
24949,Reception,3,-2.1368895,2.2497568,0.5339002,-2.0451465,2.414601,0.73735404,1.0831017,0.83503765,-1.3203995,36.72039,47.73997,433.88614,433.88614,192,144,0.1,50,0.28315783,60.063606,-20.843641
24950,OpenOffice,0,1.8904748,1.6758657,-0.07644558,2.1012244,1.5619318,0.12194948,-2.5815887,0.9269205,0.123656064,97.25005,113.09995,126.84134,126.84134,192,144,0.1,50,0.3369177,-92.56198,-9.497879
24950,OpenOffice,1,2.1468706,1.5981723,0.09120166,2.3576202,1.4842385,0.28959674,-2.3504965,0.97226346,0.26517949,88.493866,104.80897,147.83597,147.83597,192,144,0.1,50,0.33691776,-92.21535,-7.9172454
24950,OpenOffice,2,2.5470302,1.9346671,-0.7766762,2.7577798,1.8207333,-0.5782811,-2.8003643,1.0247482,-0.016306669,74.35135,90.63605,189.88034,189.88034,192,144,0.1,50,0.33691776,-98.09289,-9.562632
24950,OpenOffice,3,1.6368743,1.6203789,-0.48981628,1.847624,1.506445,-0.29142123,-2.3007367,0.91853,0.32612723,79.8808,96.29803,171.97551,171.97551,192,144,0.1,50,0.3369177,-101.70702,-9.900365
24951,OpenOffice,0,-1.282296,1.6053228,1.2188935,0.63233685,1.6053228,0.71078473,-1.5700748,1.4459465,3.148685,61.370274,76.70263,242.66702,242.66702,192,144,0.1,50,1.9809072,-171.51831,-4.669787
24951,OpenOffice,1,-0.8608515,1.5806599,1.2184342,1.0537813,1.5806599,0.7103254,-1.8469696,1.3286606,3.1964731,71.00477,87.13109,201.8628,201.8628,192,144,0.1,50,1.9809072,-153.50221,-6.50452
24951,OpenOffice,2,-1.5626698,1.6523472,0.96625733,0.35196304,1.6523472,0.45814857,-1.6661772,1.3983369,3.1688583,52.735065,66.923904,290.49933,290.49933,192,144,0.1,50,1.9809072,-177.30948,-6.571267
24951,OpenOffice,3,-1.480126,1.6483516,1.6775303,0.43450683,1.6483516,1.1694214,-1.3996814,1.5329348,3.2198243,87.60824,103.95059,150.14021,150.14021,192,144,0.1,50,1.9809072,177.01422,-4.2739344
24952,Studio,0,2.3689668,1.3142039,-0.19922829,2.4027452,1.3518665,-0.20123926,0.71120113,1.5179063,-0.06748152,69.97434,86.03983,205.75136,205.75136,192,144,0.1,50,0.051591825,-94.54389,6.983458
24952,Studio,1,2.6706111,1.354785,0.013064325,2.7043896,1.3924476,0.011053354,0.5969395,1.5236924,-0.12141484,82.909225,99.33249,163.02242,163.02242,192,144,0.1,50,0.051591843,-86.28952,4.646932
24952,Studio,2,2.4223406,1.3773186,0.07031539,2.456119,1.4149812,0.06830442,0.6468334,1.6397569,-0.059385866,58.98499,74.04232,254.59695,254.59695,192,144,0.1,50,0.051591843,-85.82195,8.386003
24952,Studio,3,2.2783728,1.2209824,0.17310986,2.3121512,1.258645,0.17109889,0.85611457,1.6290007,-0.3548364,65.08929,80.78814,225.64655,225.64655,192,144,0.1,50,0.051591843,-69.63493,15.05343
24953,Reception,0,-1.7636316,0.85061496,-4.7927337,-0.936272,0.80157655,-4.9044685,1.108799,1.2194824,-4.8183675,45.976883,58.989258,339.4331,339.4331,192,144,0.1,50,0.88726145,89.4887,7.3173857
24953,Reception,1,-1.4287596,0.7705129,-5.1599164,-0.60139996,0.72147447,-5.2716513,0.875178,1.2881554,-4.8203325,66.26504,82.063995,220.62177,220.62177,192,144,0.1,50,0.8872616,98.38462,12.531737
24953,Reception,2,-2.215439,0.8595995,-5.4471745,-1.3880794,0.81056106,-5.5589094,1.247531,1.189636,-4.8914247,50.14645,63.91342,307.78143,307.78143,192,144,0.1,50,0.8872616,99.11729,5.3757257
24953,Reception,3,-2.056829,0.77648866,-5.142849,-1.2294695,0.72745025,-5.254584,0.8219401,1.1846814,-4.4822507,54.0523,68.441895,282.29733,282.29733,192,144,0.1,50,0.8872615,102.92406,7.868559
24954,Coworking,0,1.938138,1.4699552,1.292914,1.1454153,1.3252655,0.66854,1.377071,1.0175807,4.81496,32.28639,42.2068,497.49173,497.49173,192,144,0.1,50,1.0910031,-170.94875,-7.2288766
24954,Coworking,1,1.3700066,1.5597485,1.2352886,0.57728386,1.4150589,0.6109145,1.1990441,1.0316243,4.470619,45.15621,58.009323,346.31073,346.31073,192,144,0.1,50,1.091003,-176.97517,-9.258305
24954,Coworking,2,2.428492,1.5721202,1.5707908,1.6357694,1.4274305,0.94641674,1.4625281,0.9324921,4.9957976,47.401215,60.681667,328.0317,328.0317,192,144,0.1,50,1.091003,-164.24982,-10.189579
24954,Coworking,3,1.9974533,1.4592185,1.5691494,1.2047306,1.3145288,0.94477534,1.509232,1.1525409,4.634735,48.737793,62.26012,317.90485,317.90485,192,144,0.1,50,1.091003,-170.95114,-5.64216
24955,Coworking,0,0.12654924,1.7640421,0.39040852,-1.200758,1.8091257,1.3918147,1.7859979,1.0269959,-0.46622702,66.885056,82.73378,218.03513,218.03513,192,144,0.1,50,2.0448408,62.696453,-21.537558
24955,Coworking,1,-0.06773466,1.7293782,0.7741559,-1.395042,1.7744617,1.775562,1.628481,1.1133679,-0.19165432,62.916058,78.40996,235.3735,235.3735,192,144,0.1,50,2.044841,60.343193,-17.515398
24955,Coworking,2,-0.1625607,1.7121674,0.21937342,-1.4898679,1.7572509,1.2207797,1.4756749,1.0593584,-0.55064666,69.759544,85.81164,206.57455,206.57455,192,144,0.1,50,2.0448408,64.825066,-19.830948
24955,Coworking,3,0.027917892,1.7714654,-0.3767175,-1.2993894,1.816549,0.6246887,1.8592114,0.91316545,-0.3910828,85.21329,101.6104,156.56238,156.56238,192,144,0.1,50,2.0448408,89.55056,-25.111109
24956,Lounge,0,-1.2456568,1.660357,1.6574371,-2.826356,1.660357,2.565563,-1.4778395,0.75,-0.9214188,59.029564,74.092316,254.36601,254.36601,192,144,0.1,50,1.8229927,-5.144651,-19.370962
24956,Lounge,1,-1.0051548,1.688421,1.4992919,-2.5858538,1.688421,2.4074178,-1.3570583,0.8273433,-1.2009491,87.781,104.11833,149.68782,149.68782,192,144,0.1,50,1.8229926,-7.425109,-17.547745
24956,Lounge,2,-1.4877645,1.7793103,1.2429028,-3.0684636,1.7793103,2.1510286,-1.6166337,0.7091829,-0.97372425,77.513565,93.89351,179.37679,179.37679,192,144,0.1,50,1.8229927,-3.3272884,-25.732164
24956,Lounge,3,-0.84743303,1.5424726,1.2276373,-2.428132,1.5424726,2.1357632,-1.4793558,0.81092,-0.7000972,59.516315,74.63761,251.8645,251.8645,192,144,0.1,50,1.8229926,-18.14945,-19.82969
24957,Library,0,-1.1000979,1.311822,1.917155,-0.9618129,1.5003977,1.9589168,1.8497682,1.0365462,0.61148566,55.55922,70.16692,273.35608,273.35608,192,144,0.1,50,0.23848382,66.12486,-4.877395
24957,Library,1,-0.37526518,1.4997584,1.6591867,-0.2369802,1.688334,1.7009485,2.0965667,0.9443184,0.6313515,83.29533,99.716034,161.9196,161.9196,192,144,0.1,50,0.2384838,67.421524,-11.721695
24957,Library,2,-3.249093,2.1051645,1.7380459,-3.1108081,2.2937403,1.7798077,1.554247,0.9133509,0.5842626,38.655888,50.126926,410.55746,410.55746,192,144,0.1,50,0.23848386,76.493195,-13.563939
24957,Library,3,-1.3331468,1.3618141,1.6455555,-1.1948618,1.5503898,1.6873173,1.7294899,0.91948587,0.50155634,48.775238,62.3042,317.62866,317.62866,192,144,0.1,50,0.23848385,69.51763,-7.705135
24958,Studio,0,-0.08862996,1.0131128,-3.8932028,2.512184,1.0227463,-3.3814676,0.6154997,0.96655184,0.9954798,55.587345,70.199005,273.19342,273.19342,192,144,0.1,50,3.223499,171.80391,-0.5401085
24958,Studio,1,-0.40030345,1.0896153,-3.8635519,2.2005105,1.0992489,-3.3518167,0.68783915,0.8313248,1.0099508,67.89734,83.82279,213.90189,213.90189,192,144,0.1,50,3.2235,167.41359,-2.9610028
24958,Studio,2,0.27522618,1.1433554,-3.889291,2.87604,1.1529889,-3.3775558,0.4669392,1.0229627,0.9653018,54.55604,69.01993,279.2577,279.2577,192,144,0.1,50,3.2235,177.73851,-1.4195237
24958,Studio,3,-1.184766,0.9130594,-3.0581398,1.4160478,0.92269295,-2.5464046,0.83640957,0.8362289,0.8478308,65.095314,80.79471,225.62036,225.62036,192,144,0.1,50,3.2234995,152.64034,-1.000839
24959,Conference,0,2.0005133,1.9353169,3.9038434,-0.1305561,1.9353169,4.3351564,1.0231093,1.3883027,-3.6995745,47.298462,60.559933,328.83252,328.83252,192,144,0.1,50,2.1742787,-7.325085,-4.081483
24959,Conference,1,1.3658218,2.07367,2.886226,-0.7652475,2.07367,3.317539,1.2620938,1.3725739,-3.5816245,45.38994,58.28876,344.328,344.328,192,144,0.1,50,2.1742787,-0.9188014,-6.18575
24959,Conference,2,1.794174,1.8267149,3.6807368,-0.33689553,1.8267149,4.11205,1.1496559,1.3021896,-3.4916909,52.840473,67.045715,289.82904,289.82904,192,144,0.1,50,2.1742787,-5.1348367,-4.165913
24959,Conference,3,1.8101772,2.0392432,3.6167746,-0.32089218,2.0392432,4.0480876,1.3113219,1.4028062,-3.3733294,45.3772,58.27354,344.43555,344.43555,192,144,0.1,50,2.1742787,-4.082047,-5.189214
24960,Breakroom,0,-2.413412,1.7770549,5.134143,-2.7218285,1.7336625,5.3540072,-5.0596285,0.98320174,8.998402,32.78287,42.8307,489.54016,489.54016,192,144,0.1,50,0.47341973,-145.59694,-9.620246
24960,Breakroom,1,-4.0555153,2.3688586,4.7072735,-4.3639317,2.3254662,4.9271374,-5.341527,1.045159,8.770461,36.281227,47.195923,439.5133,439.5133,192,144,0.1,50,0.47341943,-162.43726,-17.254436
24960,Breakroom,2,-1.1702212,2.3343422,6.8681593,-1.4786376,2.2909498,7.088024,-5.407028,0.8392712,9.243872,37.101128,48.210907,429.1118,429.1118,192,144,0.1,50,0.47342,-119.28073,-17.107899
24960,Breakroom,3,-2.95185,1.7626679,5.0205183,-3.2602663,1.7192755,5.2403827,-4.7195587,1.0525153,9.14767,31.945082,41.777287,503.09753,503.09753,192,144,0.1,50,0.4734199,-156.81398,-8.988055
24961,OpenOffice,0,2.676721,1.4844829,-0.42245483,2.8471098,1.6401789,-0.7370238,5.6699405,1.55,-2.397058,100.80667,116.370705,119.11303,119.11303,192,144,0.1,50,0.44104022,56.587482,1.0467308
24961,OpenOffice,1,3.1993775,1.584695,0.38628513,3.3697662,1.740391,0.07171619,5.336564,1.4049761,-2.0957282,106.573296,121.56303,107.386505,107.386505,192,144,0.1,50,0.44104025,40.730747,-3.1406715
24961,OpenOffice,2,2.4670334,1.1622934,0.56265175,2.637422,1.3179895,0.24808282,5.4119897,1.633045,-2.4586315,68.79498,84.78382,210.32645,210.32645,192,144,0.1,50,0.44104025,44.26705,6.3664985
24961,OpenOffice,3,1.8320172,1.2083182,-1.589772,2.002406,1.3640143,-1.904341,6.0199394,1.6313847,-2.7117867,103.92748,119.19724,112.65196,112.65196,192,144,0.1,50,0.4410403,75.00173,5.573233
24962,Reception,0,-1.2895119,1.3088685,-4.8430514,-1.3769432,1.4736967,-4.64779,1.7633106,1.2380179,-1.6523159,31.244032,40.89349,514.986,514.986,192,144,0.1,50,0.27024078,136.2654,-0.9191912
24962,Reception,1,-1.6864669,1.2995071,-4.6678543,-1.7738984,1.4643353,-4.472593,1.6384745,1.0970623,-1.9980192,36.607033,47.599625,435.32614,435.32614,192,144,0.1,50,0.27024078,128.76349,-2.7181127
24962,Reception,2,-1.7688918,1.1819612,-4.7862105,-1.8563231,1.3467894,-4.590949,1.9137709,1.0930051,-1.8905911,30.17583,39.542885,534.1357,534.1357,192,144,0.1,50,0.27024072,128.17741,-1.0878335
24962,Reception,3,-0.4836151,1.6621691,-4.025536,-0.5710464,1.8269973,-3.8302743,1.8618131,1.2147509,-1.7821167,53.067265,67.30762,288.39526,288.39526,192,144,0.1,50,0.2702409,133.72655,-7.848953
24963,Conference,0,-2.170629,0.87062806,-2.1470375,-2.319389,0.87062806,1.9761243,0.08172733,0.9651638,-1.2649812,70.02559,86.09424,205.5556,205.5556,192,144,0.1,50,4.1258445,111.386055,2.2380917
24963,Conference,1,-2.6251369,0.9962092,-2.1983626,-2.773897,0.9962092,1.9247992,-0.02481123,1.0465809,-1.6070129,71.1002,87.231865,201.50764,201.50764,192,144,0.1,50,4.1258445,102.81195,1.0821327
24963,Conference,2,-2.3922071,0.8835251,-1.7851995,-2.5409672,0.8835251,2.3379624,0.33567664,0.8973386,-1.5531504,64.57379,80.22637,227.90086,227.90086,192,144,0.1,50,4.1258445,94.8622,0.28908986
24963,Conference,3,-2.5900989,0.72369504,-2.2786436,-2.7388592,0.72369504,1.8445183,-0.2267668,0.8797201,-1.3367422,53.72909,68.070305,284.27533,284.27533,192,144,0.1,50,4.1258445,111.72966,3.5094316
24964,Lounge,0,0.6121292,2.9674335,-0.9884763,-0.534933,2.9674335,-2.6806512,-0.5677655,1.3442233,-0.2197665,71.880615,88.05416,198.63385,198.63385,192,144,0.1,50,2.044311,-123.08453,-49.05677
24964,Lounge,1,-0.9160415,2.5083966,-1.6429849,-2.0631037,2.5083966,-3.3351598,-0.7837507,1.2168,-0.49970806,90.06448,106.322105,143.83801,143.83801,192,144,0.1,50,2.044311,173.39955,-48.296677
24964,Lounge,2,2.5016885,3.3677485,-0.79722214,1.3546264,3.3677485,-2.489397,-0.86459684,1.2167258,-0.43645668,59.060448,74.12696,254.20615,254.20615,192,144,0.1,50,2.044311,-96.11705,-32.429913
24964,Lounge,3,0.94479734,2.8385768,-1.1473987,-0.20226485,2.8385768,-2.8395736,-0.81782866,1.1970687,0.032295734,97.9377,113.736534,125.314804,125.314804,192,144,0.1,50,2.044311,-123.79369,-37.737747
24965,Training,0,-2.4526527,1.5204095,-1.5094845,-2.4123068,1.3313324,-1.5003407,0.16742003,0.9858532,-0.58204746,57.678482,72.57192,261.51062,261.51062,192,144,0.1,50,0.19365086,109.49262,-10.8867445
24965,Training,1,-1.532711,1.5033542,-1.8077759,-1.4923651,1.3142772,-1.798632,-0.13107252,1.0445217,-0.8051376,63.679447,79.2483,231.88908,231.88908,192,144,0.1,50,0.19365089,125.577385,-14.908979
24965,Training,2,-1.9036595,1.668057,-1.3591383,-1.8633136,1.4789798,-1.3499944,-0.14322683,1.0529628,-0.8052658,83.31027,99.73087,161.87708,161.87708,192,144,0.1,50,0.19365096,107.46477,-18.432856
24965,Training,3,-2.2519872,1.5297935,-1.31874,-2.2116413,1.3407165,-1.3095962,0.51155996,1.0566992,-0.9121275,91.70122,107.88663,139.7866,139.7866,192,144,0.1,50,0.19365083,98.37012,-9.612822
24966,OpenOffice,0,2.2148583,1.7111807,2.9523456,-0.6440313,1.7111807,3.293123,-1.90154,0.9035336,0.40888852,96.57986,112.47755,128.34473,128.34473,192,144,0.1,50,2.879128,-58.28874,-9.475937
24966,OpenOffice,1,1.9648743,1.686118,2.875012,-0.8940153,1.686118,3.2157893,-1.7820445,1.0149045,0.62163043,97.67337,113.49208,125.899704,125.899704,192,144,0.1,50,2.879128,-58.977474,-8.727599
24966,OpenOffice,2,1.2775017,1.3802633,3.417134,-1.5813879,1.3802633,3.7579114,-1.8040988,0.91596,0.743327,87.72871,104.06758,149.8246,149.8246,192,144,0.1,50,2.879128,-49.05286,-6.492493
24966,OpenOffice,3,2.0525248,1.9152232,3.5122788,-0.8063649,1.9152232,3.8530562,-2.0432005,0.927486,0.60403204,83.096664,99.51878,162.48601,162.48601,192,144,0.1,50,2.879128,-54.622623,-11.124363
24967,Breakroom,0,4.773411,1.3316331,4.7586074,2.7152474,1.3316331,5.3745112,1.0825138,1.0075169,3.6962461,58.600925,73.611046,256.60013,256.60013,192,144,0.1,50,2.1483424,-73.942444,-4.823697
24967,Breakroom,1,4.6002903,1.5111723,3.8595853,2.5421271,1.5111723,4.475489,1.2687483,0.9046026,3.6889913,75.05404,91.36443,187.48132,187.48132,192,144,0.1,50,2.1483421,-87.06869,-10.305531
24967,Breakroom,2,4.943033,1.3953308,4.5766897,2.8848698,1.3953308,5.1925936,1.2905582,0.86238176,3.625947,52.73463,66.92339,290.5021,290.5021,192,144,0.1,50,2.1483424,-75.40963,-8.037537
24967,Breakroom,3,4.5421433,1.2687112,4.6368985,2.48398,1.2687112,5.2528024,1.0446864,0.97588354,3.8135376,77.49475,93.874275,179.43712,179.43712,192,144,0.1,50,2.1483424,-76.75281,-4.6591935
24968,OpenOffice,0,1.9339075,0.96919465,3.189989,-0.89469004,0.96919465,3.2494805,3.6964426,0.96891344,-2.3302574,76.41231,92.765015,182.95094,182.95094,192,144,0.1,50,2.8292232,17.707533,-0.0027804982
24968,OpenOffice,1,3.6992033,1.5580115,1.9647425,0.8706057,1.5580115,2.0242338,3.7961514,0.8801201,-2.5111766,100.35954,115.96245,120.06243,120.06243,192,144,0.1,50,2.8292232,1.2408291,-8.610179
24968,OpenOffice,2,3.161098,1.2515419,2.9304562,0.33250046,1.2515419,2.9899478,4.012264,1.0821949,-2.461806,77.36847,93.74518,179.84277,179.84277,192,144,0.1,50,2.8292232,8.970096,-1.7768282
24968,OpenOffice,3,2.2855327,0.95076954,2.936949,-0.54306495,0.95076954,2.9964404,3.765624,1.0123897,-2.2725844,100.0438,115.67365,120.73658,120.73658,192,144,0.1,50,2.8292232,15.860488,0.65188503
24969,Breakroom,0,1.7643161,2.3282437,4.2185173,1.4148858,2.1814907,5.7602105,-0.90460086,0.99513537,3.7349741,46.754326,59.914337,333.1286,333.1286,192,144,0.1,50,1.5882599,-79.73079,-26.173782
24969,Breakroom,1,2.3201294,1.9621818,3.3508115,1.9706991,1.8154287,4.8925047,-1.0361402,0.9666226,3.7368553,47.800293,61.15395,324.95224,324.95224,192,144,0.1,50,1.58826,-96.561424,-16.419392
24969,Breakroom,2,1.8659562,2.3280942,3.9049616,1.5165259,2.1813412,5.446655,-0.63949835,1.1379861,3.9017167,48.057316,61.45768,322.99442,322.99442,192,144,0.1,50,1.5882599,-89.9258,-25.408022
24969,Breakroom,3,1.9164962,2.4258587,4.4371824,1.5670658,2.2791057,5.9788756,-1.0607827,0.9287485,3.6423779,39.3204,50.942318,403.05838,403.05838,192,144,0.1,50,1.58826,-75.05307,-25.911943
24970,Workshop,0,0.39852142,1.5272515,-2.158927,0.25463927,1.6581354,-2.0592208,-1.4457877,1.4424424,-2.1963813,106.02001,121.07057,108.47236,108.47236,192,144,0.1,50,0.23854141,-88.83659,-2.6323037
24970,Workshop,1,0.30353844,1.4024185,-2.5422568,0.1596563,1.5333024,-2.4425507,-1.6416148,1.5446008,-1.9131112,100.8105,116.37418,119.10494,119.10494,192,144,0.1,50,0.23854144,-107.92342,3.9784162
24970,Workshop,2,1.9849164,1.4043534,-2.8219097,1.8410343,1.5352373,-2.7222035,-1.4525464,1.3873355,-2.3158538,51.95552,66.02112,295.53482,295.53482,192,144,0.1,50,0.23854135,-98.37481,-0.28062713
24970,Workshop,3,-0.021651208,1.106709,-0.65616155,-0.16553336,1.2375929,-0.5564554,-1.3436887,1.3505888,-1.9886684,80.524445,96.94684,170.02611,170.02611,192,144,0.1,50,0.23854138,-44.77403,7.4027667
24971,OpenOffice,0,0.5966575,1.4930037,-1.4527597,0.15030795,1.2972485,-1.4759789,1.3953626,0.9604392,-4.0746837,70.39307,86.48396,204.15926,204.15926,192,144,0.1,50,0.56073254,16.942076,-10.995806
24971,OpenOffice,1,1.200351,1.3487318,-0.66615826,0.75400144,1.1529765,-0.68937737,1.6483436,1.060533,-4.105203,65.792885,81.55256,222.62042,222.62042,192,144,0.1,50,0.5607326,7.4219303,-4.7503557
24971,OpenOffice,2,-0.017178953,1.6831256,-0.86656415,-0.4635285,1.4873704,-0.88978326,1.5678269,1.0112218,-4.0313373,55.222973,69.78308,275.31216,275.31216,192,144,0.1,50,0.56073254,26.602974,-10.748586
24971,OpenOffice,3,0.2976561,1.5873095,-2.144269,-0.14869347,1.3915542,-2.167488,1.5108032,0.8932132,-3.9867086,85.34401,101.73884,156.20439,156.20439,192,144,0.1,50,0.5607328,33.36275,-17.465883
24972,Lounge,0,-4.022665,1.066792,0.72577834,-3.9242043,1.2388079,0.7173731,-1.0953672,1.0284029,0.15920512,82.14054,98.56664,165.24332,165.24332,192,144,0.1,50,0.20188011,79.04595,-0.73765564
24972,Lounge,1,-2.8619788,1.0509223,1.4284943,-2.763518,1.2229382,1.420089,-1.166561,1.065026,-0.0015401244,98.44269,114.202736,124.20387,124.20387,192,144,0.1,50,0.20188016,49.853367,0.36432937
24972,Lounge,2,-2.9988203,0.8717721,1.7094772,-2.9003596,1.043788,1.701072,-1.2720739,0.88251495,0.33426178,82.54708,98.97205,164.06451,164.06451,192,144,0.1,50,0.20188007,51.465485,0.27883416
24972,Lounge,3,-3.7995586,1.1397651,0.9522671,-3.701098,1.311781,0.94386184,-1.3004516,1.0871842,-0.16431044,101.701775,117.18548,117.23072,117.23072,192,144,0.1,50,0.20188013,65.925354,-1.1005015
24973,Breakroom,0,0.22032475,0.9854805,-1.0559899,0.19347666,1.1308348,-1.170311,-2.8196883,0.9811649,-0.56878555,59.603714,74.73538,251.41928,251.41928,192,144,0.1,50,0.1870276,-99.10502,-0.080312416
24973,Breakroom,1,0.077517346,0.9696543,-0.643855,0.050669253,1.1150086,-0.7581761,-3.1070323,0.9813192,-0.8738489,75.72715,92.05972,185.21896,185.21896,192,144,0.1,50,0.18702757,-85.86916,0.20932582
24973,Breakroom,2,0.26335344,0.80988765,-1.5502285,0.23650536,0.955242,-1.6645496,-2.5747595,1.1241798,-0.37205794,48.493813,61.97269,319.71423,319.71423,192,144,0.1,50,0.1870276,-112.54455,5.839752
24973,Breakroom,3,0.32327467,1.1273834,-0.68953,0.29642656,1.2727376,-0.8038511,-2.663389,1.0538721,-0.7320727,81.39646,97.8225,167.42589,167.42589,192,144,0.1,50,0.18702757,-89.18393,-1.4098029
24974,Training,0,4.2607284,1.9580857,2.3495407,6.089144,1.9580857,2.2715633,9.386578,1.0144758,-3.6605945,52.05771,66.13965,294.86676,294.86676,192,144,0.1,50,1.8300779,40.459785,-6.8121376
24974,Training,1,3.3336697,1.9056599,2.7226498,5.1620855,1.9056599,2.6446724,9.075169,0.90501404,-3.475335,40.582893,52.485558,389.46124,389.46124,192,144,0.1,50,1.8300779,42.810463,-6.754556
24974,Training,2,4.6682224,1.8206583,2.4154317,6.4966383,1.8206583,2.3374543,9.337494,0.87072366,-3.6136754,45.87971,58.873405,340.23532,340.23532,192,144,0.1,50,1.8300779,37.756165,-7.10071
24974,Training,3,3.8797102,1.9630301,2.2937317,5.708126,1.9630301,2.2157543,9.070711,0.94059396,-3.68398,38.10478,49.449078,416.96744,416.96744,192,144,0.1,50,1.8300779,40.97081,-7.3586617
24975,Library,0,-0.10660553,1.5425432,5.495341,-1.793664,1.5425432,4.6481133,-1.8365278,1.048268,1.6499951,48.67015,62.18045,318.40482,318.40482,192,144,0.1,50,1.9295948,-24.221756,-6.6858478
24975,Library,1,-0.16385302,1.4143333,4.600447,-1.8509115,1.4143333,3.7532196,-1.8557688,1.196654,1.3615029,64.35268,79.984955,228.87769,228.87769,192,144,0.1,50,1.9295948,-27.581055,-3.40904
24975,Library,2,-0.27715978,1.4404382,5.1750736,-1.9642183,1.4404382,4.327846,-1.9161942,1.0276924,1.3620436,60.469864,75.70207,247.07018,247.07018,192,144,0.1,50,1.9295948,-23.260494,-5.6792636
24975,Library,3,-0.31838942,1.466558,4.6854124,-2.0054479,1.466558,3.838185,-1.5540824,1.0338628,1.9639819,54.660824,69.13999,278.63193,278.63193,192,144,0.1,50,1.9295948,-24.420902,-8.2375145
24976,Library,0,-1.2912152,1.7033522,4.676142,-3.0300136,1.7033522,4.1613593,-2.4878514,0.94086045,6.0466385,60.167057,75.36458,248.57771,248.57771,192,144,0.1,50,1.8134005,-138.87447,-22.73811
24976,Library,1,0.81914186,1.5265181,4.731542,-0.9196565,1.5265181,4.216759,-2.3439198,0.8134167,6.054199,37.252308,48.397717,427.24216,427.24216,192,144,0.1,50,1.8134005,-112.6926,-11.74967
24976,Library,2,-1.5104731,1.6392921,4.943923,-3.2492716,1.6392921,4.42914,-2.1709127,0.8413503,6.2989516,70.41639,86.508675,204.07104,204.07104,192,144,0.1,50,1.8134006,-154.01544,-27.894346
24976,Library,3,-0.8793285,1.7804557,4.6788497,-2.6181269,1.7804557,4.164067,-2.8225963,0.90995455,6.39416,79.48415,95.89714,173.1899,173.1899,192,144,0.1,50,1.8134005,-131.43465,-18.564043
24977,Workshop,0,4.764221,1.2089783,3.850716,4.923771,1.298734,3.693146,6.1566935,1.5376296,2.5194802,55.263393,69.82926,275.07584,275.07584,192,144,0.1,50,0.3253728,46.28795,9.681477
24977,Workshop,1,3.862267,1.1439847,3.666725,4.0218167,1.2337403,3.5091548,6.002114,1.6376818,2.459136,68.357574,84.31608,212.05841,212.05841,192,144,0.1,50,0.3253729,60.562477,11.361097
24977,Workshop,2,4.315049,0.9393629,3.1947896,4.474599,1.0291185,3.0372195,6.132326,1.419731,2.757881,51.82156,65.86564,296.41437,296.41437,192,144,0.1,50,0.32537293,76.48155,14.413665
24977,Workshop,3,4.6007724,1.3533082,3.4591508,4.760322,1.4430639,3.3015807,6.203855,1.501283,2.2344675,57.45581,72.32039,262.71753,262.71753,192,144,0.1,50,0.3253727,52.62179,4.1951838
24978,Workshop,0,2.560009,0.9699761,-2.0577953,2.259829,0.9699761,-4.1948433,3.8030772,1.1966608,0.3923649,90.95648,107.17629,141.61595,141.61595,192,144,0.1,50,2.1580274,153.09943,4.7166286
24978,Workshop,1,2.3509634,1.0434366,-2.7648005,2.0507834,1.0434366,-4.901849,3.8198295,1.2321421,0.47314963,85.39172,101.785706,156.07393,156.07393,192,144,0.1,50,2.1580276,155.59901,3.0380423
24978,Workshop,2,2.1554978,1.1511153,-1.7811673,1.8553178,1.1511153,-3.9182153,3.8774722,1.0542847,0.17528866,87.167145,103.521675,151.30173,151.30173,192,144,0.1,50,2.1580274,138.64738,-2.1276858
24978,Workshop,3,2.4357007,0.996849,-1.7390691,2.1355207,0.996849,-3.8761172,3.79112,1.1268021,0.43750685,105.2685,120.399765,109.95997,109.95997,192,144,0.1,50,2.1580276,148.08823,2.9013605
24979,Conference,0,3.998827,2.07101,2.9984393,3.8893147,2.302634,4.5982337,6.9890275,0.9986949,-1.1997521,42.74967,55.115807,367.9203,367.9203,192,144,0.1,50,1.8778496,35.46072,-11.752486
24979,Conference,1,4.4143596,2.0719206,2.9568546,4.3048472,2.3035445,4.5566487,7.0285354,0.99044055,-1.0556638,50.17675,63.948868,307.56952,307.56952,192,144,0.1,50,1.8778492,33.084442,-12.725494
24979,Conference,2,2.9126067,1.821729,2.2593174,2.8030944,2.0533528,3.8591118,6.7257047,0.9150933,-1.3908654,39.335777,50.961163,402.88773,402.88773,192,144,0.1,50,1.87785,46.250507,-9.745861
24979,Conference,3,4.7147436,2.0077505,2.0306978,4.6052313,2.2393746,3.6304922,7.1598854,0.9180479,-1.0342246,46.25231,59.317352,337.17667,337.17667,192,144,0.1,50,1.87785,38.582256,-15.532233
24980,OpenOffice,0,1.7856145,1.682264,-0.37702018,2.6530554,1.682264,3.319278,0.6374466,1.55,4.1376143,41.621037,53.74868,378.87314,378.87314,192,144,0.1,50,3.7967188,-165.73096,-1.6263561
24980,OpenOffice,1,2.4255025,1.833319,-0.26485565,3.2929435,1.833319,3.4314425,0.67770976,1.4599719,4.196481,45.440395,58.34905,343.90253,343.90253,192,144,0.1,50,3.7967188,-158.60654,-4.4554214
24980,OpenOffice,2,1.4521925,1.7760291,0.12796348,2.3196335,1.7760291,3.8242617,0.3333862,1.642196,4.2363567,48.042557,61.44025,323.1063,323.1063,192,144,0.1,50,3.7967188,-164.76648,-1.8002663
24980,OpenOffice,3,1.3562809,1.7001774,-0.37399602,2.223722,1.7001774,3.322302,0.58222085,1.4285635,3.9413726,42.681885,55.03388,368.5625,368.5625,192,144,0.1,50,3.7967188,-169.83084,-3.5450757
24981,Library,0,0.21355534,1.5554652,3.1774743,0.2472446,1.7480268,3.0572174,2.6869552,0.75,5.6321445,45.51986,58.443977,343.2342,343.2342,192,144,0.1,50,0.25161165,134.78224,-13.014977
24981,Library,1,0.25014058,1.6088233,3.4230134,0.28382984,1.8013849,3.3027565,2.4818795,0.77522784,5.529485,32.931293,43.017,487.2084,487.2084,192,144,0.1,50,0.25161165,133.34602,-15.19662
24981,Library,2,-1.3387938,1.2350528,4.304235,-1.3051045,1.4276145,4.183978,2.8455255,0.7376045,5.826026,30.226486,39.60704,533.1977,533.1977,192,144,0.1,50,0.25161153,109.98577,-6.3749022
24981,Library,3,0.19137333,1.6658407,2.8775291,0.2250626,1.8584024,2.7572722,3.0137284,0.63952065,5.4968753,36.08215,46.949,442.10776,442.10776,192,144,0.1,50,0.25161168,132.86351,-14.924601
24982,Studio,0,3.1884532,1.2585953,-4.1218257,1.0562327,1.2585953,-3.7257855,5.404553,1.255617,-4.43744,88.610664,104.9219,147.5348,147.5348,192,144,0.1,50,2.168689,81.894516,-0.07623331
24982,Studio,1,3.3461595,1.2174715,-3.7574418,1.2139388,1.2174715,-3.3614016,5.1889877,1.2936225,-4.2307525,91.8125,107.99255,139.51524,139.51524,192,144,0.1,50,2.1686893,75.59554,2.2919755
24982,Studio,2,2.9854069,1.4048368,-3.6106663,0.8531864,1.4048368,-3.214626,5.522941,1.2448345,-4.3186097,75.27173,91.58957,186.74588,186.74588,192,144,0.1,50,2.168689,74.4115,-3.4755816
24982,Studio,3,3.5832784,1.119865,-3.916495,1.4510579,1.119865,-3.520455,5.6520514,1.2312994,-4.4048553,87.449875,103.79671,150.55614,150.55614,192,144,0.1,50,2.168689,76.71776,3.0009334
24983,Reception,0,-1.1306725,0.8805645,0.6190963,-3.0365098,0.8805645,-0.5483624,-8.138245,1.55,-3.7079964,70.17494,86.25273,204.98654,204.98654,192,144,0.1,50,2.234989,-58.30516,4.646943
24983,Reception,1,-1.3082365,0.8361087,0.26400113,-3.2140737,0.8361087,-0.9034575,-7.8585606,1.6696241,-3.5678926,69.85167,85.90954,206.22093,206.22093,192,144,0.1,50,2.2349887,-59.672665,6.2679396
24983,Reception,2,-1.3797733,0.88839066,0.58021575,-3.2856107,0.88839066,-0.5872429,-8.404332,1.5554932,-3.687514,58.584118,73.592155,256.68835,256.68835,192,144,0.1,50,2.234989,-58.71947,4.640087
24983,Reception,3,-0.9946553,0.9259905,0.84907323,-2.9004927,0.9259905,-0.31838542,-8.20443,1.6986744,-3.7531743,70.989784,87.11526,201.91864,201.91864,192,144,0.1,50,2.234989,-57.44851,5.161856
24984,Library,0,0.42946148,2.3290155,-1.8599193,-1.5075436,2.3290155,-4.802734,-2.0104833,0.75,-2.3570364,34.16837,44.56608,468.53943,468.53943,192,144,0.1,50,3.5230877,-78.484116,-32.379787
24984,Library,1,0.16915208,2.3560548,-2.116961,-1.767853,2.3560548,-5.0597754,-1.8763707,0.72592306,-2.0771852,33.42938,43.641514,479.53033,479.53033,192,144,0.1,50,3.5230873,-91.11399,-38.547
24984,Library,2,0.3148231,2.5339,-1.3110204,-1.622182,2.5339,-4.2538347,-2.1229074,0.82157683,-2.4064803,33.191746,43.343704,483.1655,483.1655,192,144,0.1,50,3.5230873,-65.80195,-32.647926
24984,Library,3,-0.09566867,2.26367,-1.3110397,-2.0326738,2.26367,-4.2538543,-2.2758694,0.76473844,-2.4651587,42.59097,54.923958,369.42694,369.42694,192,144,0.1,50,3.5230877,-62.10488,-31.284288
24985,Training,0,-0.73753595,1.7525374,0.15561247,-0.96263206,1.5934093,0.084498845,-0.62078094,0.9711756,-1.4448967,86.84167,103.204575,152.16486,152.16486,192,144,0.1,50,0.3091383,4.1722603,-25.96154
24985,Training,1,-0.9484513,1.7303807,0.33544332,-1.1735474,1.5712526,0.2643297,-0.6690535,0.9574737,-1.5626037,56.960804,71.76024,265.4315,265.4315,192,144,0.1,50,0.3091383,8.373959,-21.94304
24985,Training,2,-2.2082243,1.2510405,-0.3089555,-2.4333203,1.0919124,-0.3800691,-0.64853394,0.98698276,-1.5505521,103.44105,118.75928,113.64061,113.64061,192,144,0.1,50,0.30913824,51.47834,-7.5452914
24985,Training,3,-1.5258763,1.7639178,-0.02877897,-1.7509724,1.6047897,-0.099892594,-0.93279874,1.0112993,-1.3940129,94.18959,110.24161,133.83743,133.83743,192,144,0.1,50,0.30913827,23.480831,-26.822317
24986,Training,0,1.6978362,1.7040384,2.351146,1.7849737,1.5741231,2.3868546,-0.74540645,1.3437212,1.4763656,62.974934,78.47473,235.10208,235.10208,192,144,0.1,50,0.17361473,-70.30056,-7.9046326
24986,Training,1,1.9041804,1.7828654,2.577476,1.991318,1.6529502,2.6131847,-1.075984,1.3313057,1.7468303,49.795628,63.50266,310.25244,310.25244,192,144,0.1,50,0.17361471,-74.42553,-8.30415
24986,Training,2,1.1421237,1.977619,2.9147112,1.2292614,1.8477038,2.95042,-0.49327943,1.32592,1.8164655,53.748886,68.09308,284.15356,284.15356,192,144,0.1,50,0.17361473,-56.116886,-18.305288
24986,Training,3,1.5746814,1.5033737,3.004509,1.661819,1.3734585,3.0402179,-1.0323248,1.3472786,1.4080687,84.81027,101.213844,157.67174,157.67174,192,144,0.1,50,0.17361479,-58.51814,-2.9230952
24987,Library,0,-2.9816387,1.0814122,-1.3541291,-0.8312757,1.0814122,-1.2712983,0.15818742,1.3260355,0.9251575,60.1286,75.32169,248.77014,248.77014,192,144,0.1,50,2.1519578,125.97694,3.6076548
24987,Library,1,-2.5742474,1.0207453,-1.0619419,-0.4238843,1.0207453,-0.979111,0.2918673,1.3787796,1.2060767,79.82469,96.24137,172.14667,172.14667,192,144,0.1,50,2.1519578,128.35533,5.5948024
24987,Library,2,-2.79665,0.9533441,-1.801952,-0.64628696,0.9533441,-1.7191212,-0.18607497,1.3141278,0.73910904,71.846054,88.017815,198.75996,198.75996,192,144,0.1,50,2.1519578,134.22691,5.655696
24987,Library,3,-2.3507013,1.1678146,-1.1512893,-0.20033842,1.1678146,-1.0684586,-0.17051512,1.1866562,0.67977786,77.09136,93.46161,180.73685,180.73685,192,144,0.1,50,2.1519578,130.0258,0.37916726
24988,Studio,0,0.0740197,0.8926515,-2.6120412,1.4824104,0.8926515,-1.8744441,3.8365982,1.4847949,-3.526189,48.85833,62.402004,317.01718,317.01718,192,144,0.1,50,1.7219722,76.34413,8.694774
24988,Studio,1,0.70806694,1.1443884,-1.8055286,2.1164577,1.1443884,-1.0679314,3.738654,1.5632432,-3.6605413,58.85593,73.897484,255.26743,255.26743,192,144,0.1,50,1.7219722,58.52933,6.7229776
24988,Studio,2,-0.21809343,1.1034967,-2.031527,1.1902974,1.1034967,-1.29393,4.03232,1.4207768,-3.2750998,59.480957,74.598045,252.04497,252.04497,192,144,0.1,50,1.7219721,73.69174,4.097867
24988,Studio,3,-0.17271179,0.96040916,-2.769446,1.2356789,0.96040916,-2.031849,3.6318579,1.4390937,-3.787764,54.780087,69.276566,277.92236,277.92236,192,144,0.1,50,1.7219721,75.01564,6.9297433
24989,OpenOffice,0,-0.14991856,2.4305456,3.1487384,-0.7089129,2.4305456,1.0057359,0.97203404,0.96951675,-2.7313337,34.85564,45.423737,458.72388,458.72388,192,144,0.1,50,2.2147086,10.802526,-13.7159195
24989,OpenOffice,1,1.0657072,2.204787,2.3275757,0.50671285,2.204787,0.18457305,0.62232196,1.0672755,-2.7926776,37.684784,48.931526,421.97357,421.97357,192,144,0.1,50,2.2147086,-4.949147,-12.480135
24989,OpenOffice,2,0.11388308,2.3622758,2.8244486,-0.44511127,2.3622758,0.68144596,0.720015,1.1003615,-2.905769,49.89856,63.623245,309.52408,309.52408,192,144,0.1,50,2.2147086,6.0381885,-12.352714
24989,OpenOffice,3,-1.0055845,2.6831377,2.529763,-1.5645788,2.6831377,0.38676047,0.9101328,1.1162736,-2.4412217,37.353245,48.52239,426.00192,426.00192,192,144,0.1,50,2.2147086,21.075659,-16.389503
24990,Reception,0,0.0037288666,1.5067973,-4.872222,-3.537926,1.5067973,-6.1918254,-0.603783,0.9973946,-7.472617,68.85469,84.847595,210.09152,210.09152,192,144,0.1,50,4.248354,-13.149756,-10.799865
24990,Reception,1,0.0073074927,1.5557086,-4.5993924,-3.5343473,1.5557086,-5.918996,-0.5605632,1.0803202,-7.4773626,83.25871,99.679695,162.02382,162.02382,192,144,0.1,50,4.2483535,-11.16201,-9.205167
24990,Reception,2,0.122758634,1.5898694,-5.155884,-3.4188962,1.5898694,-6.475487,-0.72966826,1.0748104,-7.8202147,71.79092,87.959816,198.96141,198.96141,192,144,0.1,50,4.248354,-17.74157,-10.432594
24990,Reception,3,0.62791044,1.5857396,-5.240754,-2.9137444,1.5857396,-6.5603576,-0.3823382,0.92050445,-7.14855,99.39933,115.082886,122.12234,122.12234,192,144,0.1,50,4.248354,-27.90288,-17.12693
24991,Studio,0,-0.48502207,1.7888734,-1.5432825,3.2489796,1.7888734,-6.1470065,-1.2315553,1.0312858,-3.519334,101.19705,116.72645,118.28914,118.28914,192,144,0.1,50,5.927651,-20.696083,-19.73007
24991,Studio,1,-0.7142402,1.9169917,-1.1061051,3.0197616,1.9169917,-5.7098293,-1.4270637,1.0264869,-3.3464985,89.29802,105.585144,145.77518,145.77518,192,144,0.1,50,5.927651,-17.649454,-20.74506
24991,Studio,2,0.11743146,1.7808945,-1.6538628,3.851433,1.7808945,-6.257587,-1.3927994,0.9833436,-3.320461,86.56867,102.93821,152.8928,152.8928,192,144,0.1,50,5.927651,-42.18211,-19.525146
24991,Studio,3,-0.6556653,1.7386197,-1.2615362,3.0783362,1.7386197,-5.86526,-1.5223444,1.1226903,-3.201409,90.05862,106.316475,143.85275,143.85275,192,144,0.1,50,5.927651,-24.073713,-16.166536
24992,Workshop,0,-1.7318549,1.2910453,-1.5539271,-1.7001582,1.3314483,-1.4664066,-5.778725,1.55,1.9954224,91.057816,107.273094,141.36566,141.36566,192,144,0.1,50,0.10452711,-131.25272,2.7542262
24992,Workshop,1,-1.0296242,1.4487572,-1.9055909,-0.9979276,1.4891602,-1.8180704,-5.763473,1.5666599,2.1383126,95.55325,111.52033,130.6783,130.6783,192,144,0.1,50,0.104527116,-130.50569,1.0848979
24992,Workshop,2,-1.5208484,1.3523479,-0.9758425,-1.4891517,1.3927509,-0.888322,-5.4991536,1.645549,2.1465328,79.4756,95.888504,173.21617,173.21617,192,144,0.1,50,0.1045271,-128.12662,3.318066
24992,Workshop,3,-1.1324234,1.794946,1.311498,-1.1007267,1.8353491,1.3990185,-5.693756,1.5398132,1.9665997,73.333015,89.57583,193.4267,193.4267,192,144,0.1,50,0.104527175,-98.17297,-3.1689875
24993,OpenOffice,0,0.7269678,0.8458351,0.21925688,0.6307427,0.8159177,0.18165946,-1.1747413,0.97881305,-4.350735,47.030792,60.24255,330.93414,330.93414,192,144,0.1,50,0.11056254,-22.593641,1.5388743
24993,OpenOffice,1,0.36073837,1.0162052,1.1399212,0.26451328,0.9862878,1.1023238,-1.2722558,0.95323986,-4.3047504,33.975266,44.324715,471.3666,471.3666,192,144,0.1,50,0.110562496,-16.695313,-0.63464427
24993,OpenOffice,2,1.5203326,1.0695975,0.21752475,1.4241076,1.0396801,0.17992733,-0.905241,1.0306451,-4.2753487,40.68534,52.610443,388.39337,388.39337,192,144,0.1,50,0.110562466,-28.363338,-0.4371023
24993,OpenOffice,3,0.50613594,0.7855011,-0.102666795,0.40991086,0.7555837,-0.14026421,-0.9552245,0.95478976,-4.1564655,50.543934,64.37802,305.02054,305.02054,192,144,0.1,50,0.11056252,-19.82381,2.2497513
24994,Breakroom,0,-2.0685503,2.4486585,2.5026388,-1.9731315,2.4308367,2.6347246,0.29088515,0.75,1.6543213,65.66457,81.41335,223.16798,223.16798,192,144,0.1,50,0.17347264,70.224335,-34.117004
24994,Breakroom,1,-1.1787171,2.467171,1.787506,-1.0832983,2.4493492,1.9195918,-0.021408707,0.7356384,1.3797773,97.81954,113.627304,125.575966,125.575966,192,144,0.1,50,0.17347273,70.59225,-54.67713
24994,Breakroom,2,-2.0994625,2.495629,2.2383533,-2.0040436,2.4778073,2.370439,0.23076579,0.827511,1.8612125,69.305954,85.328926,208.32751,208.32751,192,144,0.1,50,0.17347279,80.806564,-35.2475
24994,Breakroom,3,-3.0125432,2.5188715,2.261624,-2.9171243,2.5010498,2.39371,-0.002710849,0.8203134,1.7205241,54.373707,68.81087,280.3519,280.3519,192,144,0.1,50,0.17347278,79.80838,-29.049198
24995,Workshop,0,1.858957,1.7408509,-3.5074801,1.7760708,1.8492202,-3.3603473,1.2786487,0.99940246,-1.0173836,65.13059,80.83309,225.46729,225.46729,192,144,0.1,50,0.21890514,-166.88156,-16.171541
24995,Workshop,1,1.5785277,1.648694,-3.6880577,1.4956415,1.7570633,-3.5409248,1.5258694,1.0245454,-0.70251393,63.978436,79.57576,230.5447,230.5447,192,144,0.1,50,0.21890512,-178.98953,-11.806233
24995,Workshop,2,0.83686936,1.6818599,-3.5976818,0.75398314,1.7902291,-3.450549,1.1193962,1.0013509,-1.3393459,69.348206,85.37394,208.16338,208.16338,192,144,0.1,50,0.2189051,172.86911,-16.646734
24995,Workshop,3,2.254435,1.7423123,-3.3127573,2.1715488,1.8506815,-3.1656244,1.1237862,1.1461735,-0.9923052,66.22173,82.01714,220.804,220.804,192,144,0.1,50,0.21890502,-154.02217,-13.00442
24996,Library,0,-0.27299452,1.4526508,-0.5636983,-0.11300522,1.6828318,-0.5960418,-3.2514155,0.84305304,1.8269106,75.120224,91.43291,187.25734,187.25734,192,144,0.1,50,0.28774127,-128.75203,-9.068799
24996,Library,1,0.040284812,1.4533178,-0.7285085,0.20027411,1.6834987,-0.760852,-2.9416087,0.96288896,2.1297626,72.5609,88.76829,196.17252,196.17252,192,144,0.1,50,0.28774127,-133.78737,-6.7711554
24996,Library,2,-0.4604525,1.5080909,-0.8789479,-0.3004632,1.7382718,-0.9112914,-2.9596937,0.8818412,2.0665336,77.04676,93.41593,180.88126,180.88126,192,144,0.1,50,0.2877412,-139.6854,-9.208598
24996,Library,3,-1.4476862,1.7444578,-1.2809061,-1.2876968,1.9746388,-1.3132496,-3.3277576,0.98440576,2.0975559,57.473602,72.3405,262.62076,262.62076,192,144,0.1,50,0.28774133,-150.90462,-11.121463
24997,OpenOffice,0,-0.72926426,1.259411,3.7540326,-0.67997503,1.259411,3.675214,1.7483616,0.9761844,3.7846348,38.787132,50.28814,409.05676,409.05676,192,144,0.1,50,0.092961244,90.70765,-6.520891
24997,OpenOffice,1,-0.7928481,1.330438,3.4475784,-0.7435589,1.330438,3.3687599,1.7114533,0.89127725,3.5574598,51.32901,65.29318,299.68488,299.68488,192,144,0.1,50,0.092961244,92.51236,-9.937031
24997,OpenOffice,2,-1.1594079,1.4477539,4.1858807,-1.1101186,1.4477539,4.1070623,2.0939562,0.946697,3.4663134,31.797188,41.59101,505.56302,505.56302,192,144,0.1,50,0.09296104,77.52831,-8.551928
24997,OpenOffice,3,-0.56882584,1.2339276,3.4948046,-0.5195366,1.2339276,3.415986,1.7878172,1.0436314,3.8971303,45.014248,57.839455,347.52454,347.52454,192,144,0.1,50,0.092961244,99.68812,-4.55099
24998,Training,0,-4.6427813,0.8461121,1.987941,-4.639216,0.9014577,2.0300093,-5.99439,1.4594983,-1.2090734,43.940086,56.550804,356.94974,356.94974,192,144,0.1,50,0.072718345,-22.91729,10.021734
24998,Training,1,-4.2490697,1.0069689,1.5467359,-4.2455044,1.0623145,1.5888041,-5.956323,1.4590769,-0.9758576,56.018543,70.69027,270.7189,270.7189,192,144,0.1,50,0.07271836,-34.089554,8.442557
24998,Training,2,-4.2376194,0.78237796,1.5675405,-4.234054,0.8377236,1.6096088,-5.9255724,1.5828452,-1.0648521,54.040928,68.42884,282.36655,282.36655,192,144,0.1,50,0.07271838,-32.668964,14.358181
24998,Training,3,-4.260307,0.9543834,2.2035935,-4.2567415,1.009729,2.2456617,-6.012744,1.381082,-1.5440211,48.987656,62.554146,316.06937,316.06937,192,144,0.1,50,0.072718374,-25.06145,5.8886304
24999,Studio,0,-4.268503,3.2234454,0.43231916,-4.406111,3.2234454,-3.059726,2.6288927,1.0199834,-3.504873,79.23428,95.644196,173.9601,173.9601,192,144,0.1,50,3.4947555,60.281284,-15.506347
24999,Studio,1,-3.1999927,3.4349082,0.36412394,-3.3376002,3.4349082,-3.127921,2.7606535,0.99603885,-3.1975033,76.9007,93.266266,181.35516,181.35516,192,144,0.1,50,3.4947553,59.140682,-19.353142
24999,Studio,2,-4.758389,3.2339134,-0.61609805,-4.8959966,3.2339134,-4.1081433,2.8184893,1.0856518,-3.3228688,81.84264,98.26906,166.11319,166.11319,192,144,0.1,50,3.4947557,70.341194,-14.949379
24999,Studio,3,-3.8698514,3.0977564,0.59158057,-4.0074587,3.0977564,-2.9004645,2.9773102,1.0703369,-3.7736402,64.53945,80.188896,228.0522,228.0522,192,144,0.1,50,3.4947555,57.481567,-14.018659
25000,Lounge,0,-4.154524,1.5149213,0.61886907,-1.6591761,1.5149213,1.7762266,-3.1182199,1.0800464,-1.0902829,34.423122,44.884235,464.85675,464.85675,192,144,0.1,50,2.7506793,31.229542,-12.274551
25000,Lounge,1,-3.6984336,1.4283694,0.7745777,-1.2030859,1.4283694,1.9319352,-2.8869798,1.0681775,-1.3315129,36.82604,47.870712,432.55182,432.55182,192,144,0.1,50,2.7506793,21.071135,-9.067281
25000,Lounge,2,-3.9025826,1.5429384,0.52208537,-1.4072349,1.5429384,1.6794429,-3.2285326,0.96203274,-1.2016222,34.29445,44.723564,466.71027,466.71027,192,144,0.1,50,2.7506793,21.357817,-17.425247
25000,Lounge,3,-4.2512097,1.4484364,0.8838432,-1.7558619,1.4484364,2.0412009,-3.0879726,1.16535,-0.90389585,42.259586,54.522945,372.60773,372.60773,192,144,0.1,50,2.7506797,33.05105,-7.5604305
25001,Studio,0,1.8591883,1.6763723,1.6695783,1.8501298,1.4696672,1.5964657,-0.04335192,0.75,1.9547615,59.97621,75.15163,249.53493,249.53493,192,144,0.1,50,0.22245824,-98.52494,-25.712381
25001,Studio,1,1.9228067,2.1377802,0.42261326,1.9137483,1.9310751,0.34950066,-0.12950552,0.8852575,1.9852155,41.163517,53.192665,383.47644,383.47644,192,144,0.1,50,0.22245826,-127.28514,-25.899912
25001,Studio,2,2.101803,1.677051,1.3038554,2.0927446,1.4703459,1.2307428,0.055309474,0.64121187,2.190708,34.183743,44.58528,468.31573,468.31573,192,144,0.1,50,0.22245824,-113.4296,-24.91112
25001,Studio,3,1.7818079,1.7109569,1.3626488,1.7727494,1.5042518,1.2895362,-0.04746133,0.69091874,1.9741105,63.297234,78.82896,233.62425,233.62425,192,144,0.1,50,0.22245823,-108.48301,-27.872446
25002,Workshop,0,-0.30431938,1.2195709,1.8467519,-0.26624474,1.17381,1.842865,3.9315493,1.4319043,0.052082326,106.372765,121.384674,107.77915,107.77915,192,144,0.1,50,0.05971673,67.03841,2.642652
25002,Workshop,1,-0.8629651,0.9239681,0.83619344,-0.8248905,0.8782072,0.8323065,4.259708,1.5205138,0.27333647,62.22327,77.6464,238.60196,238.60196,192,144,0.1,50,0.059716713,83.729744,6.602908
25002,Workshop,2,-1.6326551,1.560209,2.9440002,-1.5945805,1.5144482,2.9401135,3.6681967,1.4865085,-0.21326903,70.08352,86.15572,205.33463,205.33463,192,144,0.1,50,0.059716687,59.22132,-0.68437827
25002,Workshop,3,-0.30941832,1.2205815,2.0999653,-0.27134368,1.1748207,2.0960784,3.776541,1.3496926,0.19963369,93.614265,109.69962,135.19127,135.19127,192,144,0.1,50,0.059716728,65.05742,1.6411625
25003,Breakroom,0,3.6234064,0.8453931,5.598276,3.6544678,0.8182173,5.3917346,5.4004126,0.75,1.5662096,38.85722,50.374195,408.25937,408.25937,192,144,0.1,50,0.21177848,23.783974,-1.2402227
25003,Breakroom,1,3.207989,0.8036655,5.228592,3.2390504,0.7764897,5.0220504,5.662557,0.7071116,1.7197871,52.064075,66.147026,294.82523,294.82523,192,144,0.1,50,0.21177848,34.974533,-1.2916932
25003,Breakroom,2,3.8060338,0.7778184,5.801959,3.8370953,0.75064254,5.5954175,5.1324897,0.85951596,1.2773256,47.789753,61.141483,325.03296,325.03296,192,144,0.1,50,0.21177846,16.339193,0.9926615
25003,Breakroom,3,3.2280595,0.8645163,4.4819713,3.259121,0.8373405,4.2754297,5.4377,0.7010135,1.3630407,48.451183,61.92244,320.03214,320.03214,192,144,0.1,50,0.21177843,35.316082,-2.4493709
25004,Reception,0,-2.3246694,1.1663654,4.3788843,-1.5616069,0.97044426,3.6752133,0.9348628,1.2036394,-0.5349055,96.67935,112.57007,128.12056,128.12056,192,144,0.1,50,1.0729936,33.558064,0.3621773
25004,Reception,1,-2.0055904,1.2097545,4.123188,-1.242528,1.0138333,3.4195173,0.7244527,1.1796069,-0.7047758,102.92516,118.293755,114.69639,114.69639,192,144,0.1,50,1.0729934,29.486628,-0.31143007
25004,Reception,2,-1.6770384,1.3609961,5.043425,-0.91397595,1.165075,4.339754,0.6355338,1.2896532,-0.2974504,70.211296,86.29128,204.84834,204.84834,192,144,0.1,50,1.0729936,23.412369,-0.70230454
25004,Reception,3,-2.3424084,1.1221544,4.1254277,-1.579346,0.92623323,3.4217567,0.7909855,1.3518733,-0.3958968,99.85285,115.4988,121.1458,121.1458,192,144,0.1,50,1.0729934,34.72295,2.3912714
25005,Reception,0,-3.6247506,1.6125454,-1.6329114,-2.9020069,1.6125454,0.21229279,-3.2048793,1.0128667,2.237394,56.799255,71.57713,266.32657,266.32657,192,144,0.1,50,1.9817007,173.80847,-8.756994
25005,Reception,1,-3.1780658,1.61941,-1.5297337,-2.455322,1.61941,0.31547064,-3.5486495,1.1623881,2.0466142,77.0099,93.378174,181.0007,181.0007,192,144,0.1,50,1.9817008,-174.08408,-7.2439938
25005,Reception,2,-3.5116608,1.67311,-1.9236312,-2.788917,1.67311,-0.07842699,-3.2459388,0.9073938,2.1321197,63.867897,79.45474,231.04044,231.04044,192,144,0.1,50,1.9817007,176.2515,-10.669116
25005,Reception,3,-3.732826,1.5718732,-1.3565333,-3.0100822,1.5718732,0.48867097,-2.9316614,1.0586485,2.539077,82.96205,99.385,162.87105,162.87105,192,144,0.1,50,1.9817007,168.3787,-7.3530216
25006,Coworking,0,-1.4560707,1.7685498,-0.17814946,-1.4721907,1.8678308,-0.29548725,1.0465451,1.0450463,-0.53293633,93.81203,109.88609,134.72447,134.72447,192,144,0.1,50,0.1595343,81.93115,-15.973072
25006,Coworking,1,-1.8513259,1.7787497,0.21859708,-1.867446,1.8780307,0.10125929,1.0534871,1.1916356,-0.86266476,69.96737,86.03243,205.778,205.778,192,144,0.1,50,0.1595343,69.58317,-10.725922
25006,Coworking,2,-1.9103621,1.7016107,0.003265664,-1.9264822,1.8008916,-0.11407213,1.0952325,0.9209231,-0.82126594,70.75922,86.87157,202.78049,202.78049,192,144,0.1,50,0.1595343,74.659325,-14.062666
25006,Coworking,3,-0.570685,1.2828959,2.0442243,-0.5868051,1.3821769,1.9268864,1.3405771,1.0236607,-0.49561507,70.917534,87.038925,202.18819,202.18819,192,144,0.1,50,0.1595343,36.961937,-4.662472
25007,OpenOffice,0,0.9345703,1.2343216,-1.7424853,-1.4301646,1.2343216,-0.05614543,-0.083076805,1.4408641,-3.6907165,105.79972,120.874146,108.906906,108.906906,192,144,0.1,50,2.90443,-27.580053,5.368224
25007,OpenOffice,1,0.51555955,1.2737483,-0.8073114,-1.8491753,1.2737483,0.87902844,-0.35690776,1.3983008,-3.628718,89.97946,106.24049,144.05162,144.05162,192,144,0.1,50,2.90443,-17.183247,2.4150233
25007,OpenOffice,2,1.3952738,1.1801744,-1.792199,-0.9694611,1.1801744,-0.105859116,0.024007827,1.5030916,-3.91251,94.50263,110.53589,133.1061,133.1061,192,144,0.1,50,2.90443,-32.89191,7.2876205
25007,OpenOffice,3,0.83763236,1.3224591,-2.1560264,-1.5271025,1.3224591,-0.46968648,0.10690409,1.4925117,-3.8209772,98.41713,114.17917,124.259895,124.259895,192,144,0.1,50,2.90443,-23.696133,5.3430777
25008,Library,0,5.5839105,0.9773494,-0.19027066,5.5258446,0.89341456,-0.20951444,3.5054445,1.2821392,1.1121819,82.103584,98.52976,165.35092,165.35092,192,144,0.1,50,0.114078075,-122.07295,7.0832753
25008,Library,1,5.4338717,0.9120804,0.13193342,5.375806,0.8281455,0.112689644,3.3528874,1.2561508,0.8640942,72.693855,88.90758,195.6961,195.6961,192,144,0.1,50,0.11407815,-109.383606,8.864907
25008,Library,2,6.2713647,1.2562141,0.36826187,6.213299,1.1722792,0.3490181,3.4587636,1.1521461,1.2942529,92.59499,108.73574,137.62143,137.62143,192,144,0.1,50,0.11407815,-108.22307,-2.0128272
25008,Library,3,5.1193624,1.1483507,-0.3572451,5.0612965,1.0644158,-0.37648886,3.6096847,1.2844658,0.971069,84.88996,101.29231,157.4517,157.4517,192,144,0.1,50,0.1140781,-131.34344,3.8724492
25009,Conference,0,4.9328995,2.1697602,-1.85569,4.0452437,2.1697602,-1.7438053,3.7568855,0.75,-1.1624092,61.245537,76.56428,243.27003,243.27003,192,144,0.1,50,0.8946792,-120.520096,-46.123295
25009,Conference,1,4.6437573,2.0805726,-2.0094461,3.7561018,2.0805726,-1.8975614,3.9146364,0.6279176,-1.0713865,81.984695,98.41101,165.69775,165.69775,192,144,0.1,50,0.89467895,-142.14333,-50.720978
25009,Conference,2,5.425136,2.1563573,-1.0871861,4.5374804,2.1563573,-0.97530144,3.7086112,0.75857586,-1.4072752,71.28783,87.42986,200.81172,200.81172,192,144,0.1,50,0.8946792,-79.43709,-38.677612
25009,Conference,3,4.2796073,1.8744915,-2.3100407,3.3919516,1.8744915,-2.198156,4.04609,0.62086195,-0.8178326,54.026085,68.41178,282.45694,282.45694,192,144,0.1,50,0.8946792,-171.10585,-39.69319
25010,Studio,0,2.1141682,1.4789237,0.43234426,2.0893965,1.2672098,0.47302487,4.13253,0.9742826,1.4674162,82.47004,98.895294,164.28716,164.28716,192,144,0.1,50,0.21861632,117.15,-12.542665
25010,Studio,1,2.2582238,1.3678241,0.08246553,2.233452,1.1561102,0.12314615,4.229793,1.0693866,1.7462364,88.21125,104.53546,148.56728,148.56728,192,144,0.1,50,0.21861634,130.1604,-6.5988555
25010,Studio,2,2.3899426,1.4267764,0.35849205,2.365171,1.2150625,0.39917266,4.1475883,1.0004323,1.645514,88.92936,105.22968,146.71628,146.71628,192,144,0.1,50,0.21861629,126.21316,-11.073273
25010,Studio,3,0.4765141,2.1321807,1.4922168,0.4517424,1.9204669,1.5328975,4.466974,0.9021143,1.2899156,66.773796,82.61374,218.49617,218.49617,192,144,0.1,50,0.2186162,87.09781,-17.11132
25011,Conference,0,1.1039627,1.7996669,-3.6898665,2.254924,1.7996669,-5.088477,0.9428614,0.9582082,-0.8095269,60.320217,75.53535,247.81349,247.81349,192,144,0.1,50,1.8113045,-176.7987,-16.261059
25011,Conference,1,1.4692347,1.7155075,-3.4522724,2.620196,1.7155075,-4.850883,0.986636,0.87975407,-0.941537,58.756027,73.78531,255.78828,255.78828,192,144,0.1,50,1.8113045,-169.11966,-18.101952
25011,Conference,2,1.7376679,1.8714455,-3.6622207,2.8886294,1.8714455,-5.0608315,0.68964696,0.81438375,-0.58848035,49.933968,63.664715,309.27417,309.27417,192,144,0.1,50,1.8113047,-161.1727,-18.030098
25011,Conference,3,1.6741238,2.0815773,-2.680285,2.8250852,2.0815773,-4.0788956,0.8138212,0.8181065,-0.95408607,67.152756,83.02231,216.93141,216.93141,192,144,0.1,50,1.8113045,-153.50926,-33.228386
25012,Breakroom,0,3.8482356,1.0974658,0.12710452,3.6351922,1.0974658,0.16732006,2.7295432,0.96247977,-1.3181394,91.872116,108.04926,139.37009,139.37009,192,144,0.1,50,0.21680592,-37.741695,-4.224128
25012,Breakroom,1,3.5273585,1.1416901,0.35403895,3.314315,1.1416901,0.39425448,2.8559182,1.0291115,-1.6183271,90.83501,107.06018,141.91655,141.91655,192,144,0.1,50,0.21680592,-18.799797,-3.0928483
25012,Breakroom,2,3.8656332,1.0498618,0.3794512,3.6525898,1.0498618,0.4196667,2.659332,1.106841,-1.1087226,99.16444,114.86714,122.630684,122.630684,192,144,0.1,50,0.21680592,-39.02794,1.7036805
25012,Breakroom,3,3.661816,1.031543,0.45592266,3.4487724,1.031543,0.49613822,2.652688,0.89468014,-1.2560773,83.606964,100.025085,161.03552,161.03552,192,144,0.1,50,0.21680592,-30.516964,-3.9397073
25013,Studio,0,-4.0792646,0.86461145,2.2112498,-2.9306507,0.86461145,1.6457889,0.9151778,1.0061247,2.4763865,42.333145,54.61201,371.89755,371.89755,192,144,0.1,50,1.2802578,93.03877,1.6207123
25013,Studio,1,-4.0112276,0.92178375,1.7050302,-2.8626137,0.92178375,1.1395693,0.83409655,0.95454156,2.5996609,59.030888,74.0938,254.35913,254.35913,192,144,0.1,50,1.2802578,100.46116,0.38091576
25013,Studio,2,-4.1122026,0.8393887,2.509931,-2.9635887,0.8393887,1.9444702,0.6294416,0.87193394,2.577829,36.987865,48.070885,430.52213,430.52213,192,144,0.1,50,1.2802578,90.82039,0.3932144
25013,Studio,3,-3.250508,1.1852007,1.8759938,-2.1018941,1.1852007,1.3105329,1.1899685,0.8715651,2.6937845,63.178238,78.69824,234.16829,234.16829,192,144,0.1,50,1.2802578,100.43508,-3.9735475
25014,Library,0,2.9801812,2.421749,-0.2931931,2.4488397,2.421749,1.9712853,-2.240186,1.029901,-0.67173094,39.04614,50.606045,406.12372,406.12372,192,144,0.1,50,2.3259807,-85.852646,-14.891503
25014,Library,1,3.2890203,2.4240339,-0.28484464,2.7576787,2.4240339,1.9796338,-1.9717048,0.9745106,-0.7768354,30.978224,40.557854,519.6307,519.6307,192,144,0.1,50,2.3259807,-84.65716,-15.341071
25014,Library,2,1.5348667,2.649873,-0.78540957,1.0035251,2.649873,1.4790689,-1.9719673,1.0414336,-0.37731442,79.94836,96.36622,171.76968,171.76968,192,144,0.1,50,2.3259807,-96.63773,-24.493254
25014,Library,3,2.6712112,2.4958608,-0.17703696,2.1398697,2.4958608,2.0874414,-2.2224944,1.1364254,-0.60705376,38.74724,50.239143,409.51193,409.51193,192,144,0.1,50,2.3259807,-84.97823,-15.468171
25015,Coworking,0,0.78423834,1.48443,0.22959065,-2.5620775,1.48443,-1.6170224,4.615475,1.55,0.44650787,58.574173,73.58098,256.74054,256.74054,192,144,0.1,50,3.8220165,93.24052,0.9789298
25015,Coworking,1,1.0468886,1.4316534,0.6006166,-2.2994273,1.4316534,-1.2459965,4.906759,1.6057851,0.20349205,71.23506,87.3742,201.00711,201.00711,192,144,0.1,50,3.8220165,84.12577,2.5695086
25015,Coworking,2,0.76315254,1.3963234,0.5162838,-2.5831633,1.3963234,-1.3303292,4.3052397,1.4527478,0.41569835,44.54739,57.280106,351.56796,351.56796,192,144,0.1,50,3.8220165,88.37339,0.9122596
25015,Coworking,3,-0.23596358,1.291268,0.7865432,-3.5822794,1.291268,-1.0600698,4.565148,1.5094059,0.17430797,50.84039,64.72399,302.98764,302.98764,192,144,0.1,50,3.8220165,82.732895,2.5805686
25016,OpenOffice,0,-0.43533325,1.7805616,-0.40504217,-0.8183884,1.7675245,-0.90037304,-0.7459744,0.87962836,0.80812705,64.18567,79.80245,229.61943,229.61943,192,144,0.1,50,0.7584594,-165.63757,-35.731915
25016,OpenOffice,1,-0.42983958,1.7649466,-0.8068116,-0.8128947,1.7519095,-1.3021425,-0.55373883,0.7928295,0.92840755,76.39236,92.74451,183.0165,183.0165,192,144,0.1,50,0.75845927,-175.91586,-29.19666
25016,OpenOffice,2,-0.2715261,1.8779582,-0.16949436,-0.65458125,1.8649211,-0.6648252,-0.7093986,0.99047655,1.0713243,94.057816,110.1176,134.14641,134.14641,192,144,0.1,50,0.7584592,-160.56258,-33.99864
25016,OpenOffice,3,-0.04543832,1.5791963,-0.78938496,-0.42849347,1.5661592,-1.2847158,-0.9678695,0.91764736,0.88108087,71.95072,88.12787,198.37834,198.37834,192,144,0.1,50,0.7584593,-151.09253,-19.120525
25017,Coworking,0,-3.4314673,1.1890774,-5.008713,-3.1901412,1.2724173,-4.851654,4.2589383,1.0234058,-3.6740332,63.70112,79.27204,231.79126,231.79126,192,144,0.1,50,0.3263851,99.84569,-1.2159405
25017,Coworking,1,-4.9764466,1.4561428,-5.2679687,-4.735121,1.5394827,-5.11091,4.156954,0.9513903,-3.4997246,67.45547,83.34811,215.69264,215.69264,192,144,0.1,50,0.32638508,100.95702,-3.105652
25017,Coworking,2,-3.043443,1.292632,-5.1428823,-2.8021169,1.3759719,-4.9858236,4.142225,0.953708,-3.8590653,69.97081,86.03608,205.76485,205.76485,192,144,0.1,50,0.32638508,100.12979,-2.6584153
25017,Coworking,3,-3.3459473,1.2750233,-5.294317,-3.1046212,1.3583633,-5.137258,4.3574047,0.9560182,-3.5904322,47.79434,61.146908,324.99783,324.99783,192,144,0.1,50,0.32638514,102.4723,-2.3154323
25018,Library,0,-3.1770236,0.9696111,-1.8897915,-3.7247586,0.9696111,0.80119014,-0.9865397,0.9676727,1.8445035,53.237904,67.504486,287.32394,287.32394,192,144,0.1,50,2.7461603,149.60472,-0.025653401
25018,Library,1,-3.3423088,0.9063607,-2.083488,-3.8900437,0.9063607,0.6074937,-1.2374742,1.0665431,1.5523045,45.722507,58.685886,341.53992,341.53992,192,144,0.1,50,2.7461603,149.93257,2.1835504
25018,Library,2,-1.8543131,1.2734466,-2.3722644,-2.402048,1.2734466,0.3187173,-1.1947355,1.0455439,2.07517,72.1094,88.2946,197.80162,197.80162,192,144,0.1,50,2.7461603,171.56422,-2.9017947
25018,Library,3,-2.1438043,1.33678,-1.71007,-2.6915393,1.33678,0.9809116,-0.8423904,1.0605205,1.7449869,54.117928,68.51728,281.89835,281.89835,192,144,0.1,50,2.7461603,159.36014,-4.2792315
25019,Training,0,1.4184499,2.392073,-0.27054596,1.7939136,2.6236758,-0.100354984,-2.618364,1.014682,-1.8547841,58.440205,73.43034,257.4455,257.4455,192,144,0.1,50,0.47286192,-68.57259,-17.621075
25019,Training,1,-0.3060429,2.4918258,-0.3989185,0.069420815,2.7234287,-0.22872753,-2.3423793,1.0979892,-1.9693041,100.542984,116.130035,119.672195,119.672195,192,144,0.1,50,0.47286192,-52.361244,-28.458834
25019,Training,2,1.0042754,2.4172988,-0.20966339,1.3797392,2.6489017,-0.03947242,-2.653359,0.865696,-2.0765076,59.76695,74.91788,250.59091,250.59091,192,144,0.1,50,0.47286195,-62.960392,-20.698576
25019,Training,3,0.9229404,1.837158,-2.9337993,1.2984041,2.0687609,-2.7636082,-2.3399322,1.0208392,-1.7640548,62.73132,78.206604,236.22813,236.22813,192,144,0.1,50,0.4728619,-109.72283,-13.252092
25020,Studio,0,-6.2105703,1.455727,0.029069662,-6.282434,1.3149755,0.22022423,-4.9732933,0.75,-0.7482797,79.935905,96.35366,171.80759,171.80759,192,144,0.1,50,0.3014529,57.859913,-25.779396
25020,Studio,1,-5.883308,1.4712908,0.12606046,-5.9551716,1.3305393,0.31721503,-5.297036,0.640534,-1.0697438,68.39002,84.35081,211.92926,211.92926,192,144,0.1,50,0.30145314,26.117516,-31.955505
25020,Studio,2,-6.3168554,1.5075079,0.54451877,-6.388719,1.3667564,0.7356733,-4.8151603,0.7759727,-0.5733824,80.34667,96.76785,170.56194,170.56194,192,144,0.1,50,0.30145293,53.33504,-21.343304
25020,Studio,3,-6.4864216,1.3950884,-0.10652353,-6.558285,1.254337,0.08463104,-4.729247,0.684401,-0.5251211,60.155643,75.35186,248.63481,248.63481,192,144,0.1,50,0.30145293,76.60063,-21.476625
25021,Conference,0,-3.4718144,1.5460284,6.809498,-1.3916252,1.5460284,6.4095683,0.5137198,1.0873863,0.08337808,42.79093,55.165665,367.5303,367.5303,192,144,0.1,50,2.118285,30.648685,-3.3572917
25021,Conference,1,-2.5648866,1.2775795,5.1784983,-0.48469734,1.2775795,4.7785683,0.6636323,0.9533992,-0.023075715,91.929375,108.10373,139.2308,139.2308,192,144,0.1,50,2.118285,31.827093,-3.0311387
25021,Conference,2,-3.9471815,1.4787061,6.097625,-1.8669922,1.4787061,5.6976953,0.34761435,0.9743162,-0.17707148,61.21642,76.531975,243.41112,243.41112,192,144,0.1,50,2.118285,34.390186,-3.7951164
25021,Conference,3,-3.6575954,1.4835451,7.0209856,-1.5774063,1.4835451,6.621056,0.7022686,1.0331354,0.22197688,35.18167,45.829845,454.1976,454.1976,192,144,0.1,50,2.118285,32.67002,-3.191836
25022,OpenOffice,0,2.0267572,1.0811026,-1.1688851,2.0227246,1.3051815,-1.2135125,-0.6486044,0.9743694,-0.61475104,90.44475,106.6867,142.88655,142.88655,192,144,0.1,50,0.23144242,-101.70191,-2.2371619
25022,OpenOffice,1,1.8107791,1.1956996,-1.4591521,1.8067465,1.4197785,-1.5037795,-0.59702593,0.84234536,-0.6814263,104.50325,119.71441,111.49019,111.49019,192,144,0.1,50,0.23144248,-107.900566,-7.949915
25022,OpenOffice,2,1.798023,0.9965869,-0.7525388,1.7939904,1.2206658,-0.7971662,-0.31299034,1.0374475,-0.4171014,88.87063,105.17301,146.86676,146.86676,192,144,0.1,50,0.23144245,-99.02874,1.0951363
25022,OpenOffice,3,2.487262,0.7162457,0.26004148,2.4832294,0.9403246,0.21541405,-0.79620194,1.1065824,-0.39304134,72.62265,88.83299,195.95107,195.95107,192,144,0.1,50,0.23144244,-78.750656,6.6504064
25023,Studio,0,-1.6476455,0.86459225,-0.14705276,-2.0518587,0.9788531,-0.14240304,-4.2707963,1.0011655,-2.6465986,57.388474,72.24426,263.0842,263.0842,192,144,0.1,50,0.4272466,-46.382217,2.1586025
25023,Studio,1,-2.2134416,1.575931,2.2925048,-2.6176548,1.6901917,2.2971544,-4.480026,0.9737118,-2.6601272,43.048454,55.47665,365.1125,365.1125,192,144,0.1,50,0.42724654,-24.591318,-6.309392
25023,Studio,2,-2.8072937,0.96241564,-0.6394543,-3.2115068,1.0766765,-0.6348046,-4.2930965,1.0268451,-2.7636666,105.86639,120.933624,108.77525,108.77525,192,144,0.1,50,0.42724663,-34.971275,1.4237598
25023,Studio,3,-1.9829452,0.87095326,-0.51219976,-2.3871584,0.9852141,-0.50755,-4.400057,0.9390732,-2.935764,68.33567,84.292625,212.14566,212.14566,192,144,0.1,50,0.42724666,-44.923622,1.1401137
