seed,reference,camera,time,reference_to_view,view_to_reference,baseline_m,mean_triangulation_degrees
24000,0,1,0,0.9230769,0.93162394,0.29076058,7.93227
24000,0,1,0.25,0.94017094,0.9230769,0.29076055,8.178442
24000,0,1,0.5,0.94017094,0.8888889,0.29076058,8.348779
24000,0,1,0.75,0.93162394,0.9059829,0.2907608,8.455883
24000,0,1,1,0.9230769,0.8974359,0.29076058,8.637196
24000,0,2,0,0.974359,0.35897437,0.37830237,9.912539
24000,0,2,0.25,0.974359,0.41025642,0.37830257,9.850813
24000,0,2,0.5,0.974359,0.43589744,0.3783024,10.144783
24000,0,2,0.75,0.974359,0.45299146,0.37830213,10.463888
24000,0,2,1,0.95726496,0.44444445,0.37830237,10.665226
24000,0,3,0,0.3846154,0.8632479,0.34927872,7.9997168
24000,0,3,0.25,0.3846154,0.8632479,0.34927875,8.290177
24000,0,3,0.5,0.3846154,0.8803419,0.34927872,8.505526
24000,0,3,0.75,0.3846154,0.8632479,0.34927872,8.587963
24000,0,3,1,0.37606838,0.8803419,0.34927872,8.697986
24001,0,1,0,0.96581197,0.5811966,0.42542186,8.58991
24001,0,1,0.25,0.96581197,0.5811966,0.4254219,9.365471
24001,0,1,0.5,0.95726496,0.5982906,0.42542186,9.387323
24001,0,1,0.75,0.974359,0.6581197,0.4254217,9.280929
24001,0,1,1,0.982906,0.6923077,0.42542186,8.557928
24001,0,2,0,0.37606838,0.95726496,0.31736815,6.9659815
24001,0,2,0.25,0.3846154,0.9145299,0.31736815,7.334667
24001,0,2,0.5,0.36752138,0.9059829,0.31736815,7.0982456
24001,0,2,0.75,0.3846154,0.974359,0.3173681,6.635261
24001,0,2,1,0.4017094,0.991453,0.31736815,5.9707727
24001,0,3,0,0.85470086,0.53846157,0.5874213,13.0443735
24001,0,3,0.25,0.8803419,0.4871795,0.5874213,14.151903
24001,0,3,0.5,0.9230769,0.46153846,0.58742136,13.6964655
24001,0,3,0.75,0.95726496,0.41025642,0.58742136,13.101585
24001,0,3,1,0.95726496,0.36752138,0.58742136,12.064789
24002,0,1,0,0.72649574,0.6923077,1.771411,17.826126
24002,0,1,0.25,0.64102566,0.6923077,1.771411,18.327705
24002,0,1,0.5,0.5811966,0.6581197,1.7714108,18.512537
24002,0,1,0.75,0.5982906,0.6495727,1.7714108,19.299824
24002,0,1,1,0.5811966,0.7094017,1.771411,20.199127
24002,0,2,0,0.9059829,0.7777778,0.5779803,7.210939
24002,0,2,0.25,0.95726496,0.7863248,0.57798,7.7892847
24002,0,2,0.5,0.9230769,0.7863248,0.5779803,8.019846
24002,0,2,0.75,0.9059829,0.7863248,0.5779803,8.220053
24002,0,2,1,0.93162394,0.7948718,0.5779803,8.291787
24002,0,3,0,0.74358976,0.5726496,1.3265885,20.752407
24002,0,3,0.25,0.71794873,0.53846157,1.3265886,21.053583
24002,0,3,0.5,0.73504275,0.51282054,1.3265886,21.603497
24002,0,3,0.75,0.7094017,0.52136755,1.326589,22.134235
24002,0,3,1,0.6495727,0.5982906,1.3265884,22.265429
24003,0,1,0,0.7008547,0.53846157,1.7507253,26.832153
24003,0,1,0.25,0.72649574,0.5470086,1.7507253,25.605846
24003,0,1,0.5,0.72649574,0.5982906,1.7507253,24.781668
24003,0,1,0.75,0.74358976,0.5897436,1.7507253,24.659082
24003,0,1,1,0.7094017,0.5982906,1.7507253,23.173262
24003,0,2,0,0.75213677,0.5811966,0.5242919,8.309647
24003,0,2,0.25,0.7692308,0.60683763,0.52429193,7.758962
24003,0,2,0.5,0.82051283,0.64102566,0.5242919,7.413248
24003,0,2,0.75,0.85470086,0.6581197,0.5242919,7.225198
24003,0,2,1,0.84615386,0.6581197,0.52429193,7.015115
24003,0,3,0,0.72649574,0.83760685,0.2947174,4.460259
24003,0,3,0.25,0.75213677,0.84615386,0.29471737,4.324477
24003,0,3,0.5,0.7777778,0.83760685,0.2947174,4.1251636
24003,0,3,0.75,0.8119658,0.8803419,0.2947174,4.2436934
24003,0,3,1,0.8119658,0.84615386,0.29471737,4.1077824
24004,0,1,0,0.6923077,0.64102566,1.485506,23.996647
24004,0,1,0.25,0.7008547,0.63247865,1.4855059,23.532475
24004,0,1,0.5,0.72649574,0.6666667,1.4855059,22.920767
24004,0,1,0.75,0.73504275,0.6752137,1.4855062,21.89798
24004,0,1,1,0.73504275,0.6666667,1.485506,21.399445
24004,0,2,0,0.61538464,0.9230769,0.58823544,8.811367
24004,0,2,0.25,0.61538464,0.94871795,0.5882352,8.63859
24004,0,2,0.5,0.64102566,0.94871795,0.5882354,8.395596
24004,0,2,0.75,0.64102566,0.94017094,0.5882357,8.1614
24004,0,2,1,0.63247865,0.94017094,0.5882355,7.8454547
24004,0,3,0,0.8717949,0.7863248,0.6098934,9.253792
24004,0,3,0.25,0.93162394,0.7948718,0.6098934,9.1108
24004,0,3,0.5,0.93162394,0.7948718,0.6098934,8.91343
24004,0,3,0.75,0.93162394,0.7692308,0.60989386,8.731474
24004,0,3,1,0.9145299,0.7606838,0.6098937,8.537704
24005,0,1,0,0.982906,0.5641026,0.5155559,5.4248314
24005,0,1,0.25,0.991453,0.5555556,0.5155559,5.6010213
24005,0,1,0.5,0.982906,0.52136755,0.5155559,5.856801
24005,0,1,0.75,0.982906,0.4957265,0.5155559,6.0510216
24005,0,1,1,0.982906,0.47008547,0.5155559,6.449872
24005,0,2,0,0.4017094,0.95726496,1.9422876,20.750162
24005,0,2,0.25,0.52136755,0.93162394,1.9422878,21.384714
24005,0,2,0.5,0.61538464,0.93162394,1.9422876,22.801304
24005,0,2,0.75,0.7777778,0.8888889,1.9422874,25.246693
24005,0,2,1,0.93162394,0.6581197,1.9422877,28.555256
24005,0,3,0,0.8717949,0.991453,0.3330769,3.708736
24005,0,3,0.25,0.9230769,0.991453,0.333077,3.975171
24005,0,3,0.5,0.94017094,0.96581197,0.3330769,4.3741736
24005,0,3,0.75,0.95726496,0.94871795,0.3330768,4.911117
24005,0,3,1,0.974359,0.8974359,0.3330769,6.04021
24006,0,1,0,0.41025642,0.8888889,2.2439811,19.771935
24006,0,1,0.25,0.47008547,0.95726496,2.2439811,17.776203
24006,0,1,0.5,0.53846157,0.94871795,2.2439811,15.212969
24006,0,1,0.75,0.5811966,0.9145299,2.243981,12.623692
24006,0,1,1,0.5726496,0.8632479,2.2439814,10.00646
24006,0,2,0,0.9059829,0.95726496,0.2682348,2.1476214
24006,0,2,0.25,0.93162394,0.96581197,0.2682348,2.3425047
24006,0,2,0.5,0.982906,1,0.2682339,2.4901986
24006,0,2,0.75,0.96581197,1,0.26823384,2.6325498
24006,0,2,1,0.9145299,0.991453,0.26823434,2.7418237
24006,0,3,0,0.94017094,0.8632479,0.251364,2.0130086
24006,0,3,0.25,0.94871795,0.85470086,0.2513631,2.2816806
24006,0,3,0.5,0.93162394,0.82905984,0.251364,2.5704598
24006,0,3,0.75,0.9230769,0.7948718,0.251364,2.7459347
24006,0,3,1,0.9230769,0.75213677,0.25136355,2.8264327
24007,0,1,0,0.52991456,0.982906,0.26593632,1.4148061
24007,0,1,0.25,0.5555556,0.96581197,0.2659359,1.3105152
24007,0,1,0.5,0.5641026,0.96581197,0.26593623,1.3267963
24007,0,1,0.75,0.5641026,0.94017094,0.26593632,1.4438739
24007,0,1,1,0.52991456,0.95726496,0.26593632,1.1772697
24007,0,2,0,0.83760685,0.5555556,0.5093341,5.2665176
24007,0,2,0.25,0.8717949,0.5897436,0.5093341,6.252301
24007,0,2,0.5,0.8803419,0.5897436,0.5093341,6.424841
24007,0,2,0.75,0.82051283,0.5641026,0.5093341,6.6790853
24007,0,2,1,0.9059829,0.5470086,0.50933397,6.7334356
24007,0,3,0,0.6837607,0.71794873,1.8415015,14.404878
24007,0,3,0.25,0.7094017,0.7094017,1.8415017,14.972273
24007,0,3,0.5,0.5641026,0.5897436,1.8415014,12.890785
24007,0,3,0.75,0.60683763,0.62393165,1.8415015,14.4038315
24007,0,3,1,0.5811966,0.73504275,1.8415015,18.493368
24008,0,1,0,0.83760685,0.60683763,0.969476,17.675188
24008,0,1,0.25,0.8974359,0.5726496,0.96947604,15.841736
24008,0,1,0.5,0.73504275,0.50427353,0.969476,14.297537
24008,0,1,0.75,0.73504275,0.5726496,0.969476,18.998169
24008,0,1,1,0.7863248,0.62393165,0.969476,19.612091
24008,0,2,0,0.8888889,0.7777778,0.32094356,7.0904255
24008,0,2,0.25,0.84615386,0.74358976,0.32094356,4.6187305
24008,0,2,0.5,0.84615386,0.7777778,0.32094353,7.1649685
24008,0,2,0.75,0.982906,0.8974359,0.3209435,7.432225
24008,0,2,1,0.991453,0.83760685,0.32094356,5.791403
24008,0,3,0,0.71794873,0.8888889,0.4694986,5.5181074
24008,0,3,0.25,0.82905984,0.96581197,0.4694986,5.4433503
24008,0,3,0.5,0.7094017,0.72649574,0.4694986,4.61784
24008,0,3,0.75,0.6752137,0.85470086,0.46949846,7.085478
24008,0,3,1,0.75213677,0.8717949,0.4694986,6.4479885
24009,0,1,0,0.991453,0.47008547,0.39775008,2.8533888
24009,0,1,0.25,0.95726496,0.47863248,0.39775005,2.9998796
24009,0,1,0.5,0.96581197,0.47863248,0.39775008,3.1580677
24009,0,1,0.75,1,0.4871795,0.3977502,3.3410692
24009,0,1,1,0.96581197,0.46153846,0.39775008,3.5085182
24009,0,2,0,0.991453,0.3846154,0.29864186,3.6216412
24009,0,2,0.25,0.95726496,0.3846154,0.29864183,3.5245266
24009,0,2,0.5,0.96581197,0.3931624,0.29864186,3.4205637
24009,0,2,0.75,1,0.3931624,0.2986419,3.3362722
24009,0,2,1,0.96581197,0.3931624,0.2986419,3.2147307
24009,0,3,0,0.8888889,0.36752138,2.8656054,34.35987
24009,0,3,0.25,0.94871795,0.37606838,2.8656054,34.49888
24009,0,3,0.5,0.94017094,0.36752138,2.8656054,34.373383
24009,0,3,0.75,0.96581197,0.3846154,2.8656054,34.306305
24009,0,3,1,0.974359,0.37606838,2.8656054,34.271103
24010,0,1,0,0.93162394,0.5811966,0.29681498,4.7179575
24010,0,1,0.25,0.93162394,0.5726496,0.296815,4.5906734
24010,0,1,0.5,0.94017094,0.5726496,0.29681498,4.5369644
24010,0,1,0.75,0.9059829,0.5555556,0.2968152,4.4240913
24010,0,1,1,0.9059829,0.5470086,0.29681498,4.3890123
24010,0,2,0,0.83760685,0.83760685,0.65144396,4.2474885
24010,0,2,0.25,0.83760685,0.85470086,0.65144396,4.2333965
24010,0,2,0.5,0.8632479,0.85470086,0.651444,4.279091
24010,0,2,0.75,0.84615386,0.8888889,0.651444,4.227067
24010,0,2,1,0.84615386,0.8888889,0.651444,4.0069647
24010,0,3,0,0.6837607,0.4957265,1.8141218,26.076233
24010,0,3,0.25,0.6837607,0.50427353,1.8141218,25.508732
24010,0,3,0.5,0.6923077,0.4957265,1.8141218,25.379648
24010,0,3,0.75,0.6752137,0.52991456,1.8141221,25.068039
24010,0,3,1,0.6581197,0.51282054,1.8141218,24.666136
24011,0,1,0,0.37606838,0.9145299,1.4591442,11.045441
24011,0,1,0.25,0.35897437,0.8974359,1.4591436,11.103975
24011,0,1,0.5,0.36752138,0.8974359,1.4591442,11.287935
24011,0,1,0.75,0.36752138,0.8974359,1.4591444,11.504759
24011,0,1,1,0.3846154,0.9230769,1.4591442,11.64781
24011,0,2,0,0.73504275,0.82905984,1.0829409,10.08415
24011,0,2,0.25,0.72649574,0.82051283,1.0829407,10.117533
24011,0,2,0.5,0.75213677,0.85470086,1.0829409,10.21183
24011,0,2,0.75,0.7777778,0.83760685,1.0829413,10.276413
24011,0,2,1,0.7777778,0.82905984,1.0829409,10.364856
24011,0,3,0,0.991453,0.7094017,0.28451893,2.6839373
24011,0,3,0.25,0.982906,0.73504275,0.28451854,2.6929579
24011,0,3,0.5,0.974359,0.74358976,0.28451887,2.6621475
24011,0,3,0.75,0.974359,0.73504275,0.28451887,2.7048192
24011,0,3,1,0.982906,0.71794873,0.28451893,2.6610937
24012,0,1,0,0.991453,0.5555556,0.33574975,4.2126923
24012,0,1,0.25,0.94017094,0.60683763,0.33574948,5.391479
24012,0,1,0.5,0.8034188,0.6581197,0.33574954,6.8199396
24012,0,1,0.75,0.7948718,0.6923077,0.33574986,8.12205
24012,0,1,1,0.82051283,0.6581197,0.33574986,9.489378
24012,0,2,0,0.991453,0.50427353,0.51591325,7.6902084
24012,0,2,0.25,0.84615386,0.52136755,0.515913,9.799216
24012,0,2,0.5,0.72649574,0.5470086,0.5159131,11.962724
24012,0,2,0.75,0.7606838,0.60683763,0.5159131,14.861688
24012,0,2,1,0.8888889,0.5555556,0.5159131,19.085928
24012,0,3,0,0.96581197,0.6923077,0.37388766,4.4268265
24012,0,3,0.25,0.974359,0.7008547,0.37388763,6.2651434
24012,0,3,0.5,0.9230769,0.6752137,0.37388754,8.805538
24012,0,3,0.75,0.82051283,0.6923077,0.37388754,11.605436
24012,0,3,1,0.82905984,0.7863248,0.37388754,12.432785
24013,0,1,0,0.7008547,0.75213677,0.994114,11.955923
24013,0,1,0.25,0.71794873,0.7606838,0.994114,14.731538
24013,0,1,0.5,0.7606838,0.6581197,0.9941142,16.637524
24013,0,1,0.75,0.8119658,0.5897436,0.9941137,17.480665
24013,0,1,1,0.82051283,0.52991456,0.994114,17.748014
24013,0,2,0,0.982906,0.9145299,0.3458459,3.6824088
24013,0,2,0.25,0.96581197,0.8803419,0.3458459,3.5718353
24013,0,2,0.5,0.96581197,0.9145299,0.34584638,3.59521
24013,0,2,0.75,0.9145299,0.9059829,0.3458459,3.817988
24013,0,2,1,0.9059829,0.8803419,0.3458459,4.01301
24013,0,3,0,0.5982906,0.94871795,0.28842372,4.651878
24013,0,3,0.25,0.5897436,0.991453,0.28842372,4.622381
24013,0,3,0.5,0.5726496,0.95726496,0.28842372,4.259947
24013,0,3,0.75,0.52991456,0.991453,0.28842372,3.609243
24013,0,3,1,0.5470086,0.991453,0.28842372,3.0712788
24014,0,1,0,0.6923077,0.8803419,0.53910434,7.2707047
24014,0,1,0.25,0.6923077,0.8888889,0.53910446,7.3333244
24014,0,1,0.5,0.7094017,0.8803419,0.5391043,7.441804
24014,0,1,0.75,0.6923077,0.8632479,0.5391045,7.7178497
24014,0,1,1,0.7008547,0.8888889,0.5391043,7.9022284
24014,0,2,0,0.93162394,0.5470086,0.63878775,7.6346803
24014,0,2,0.25,0.9230769,0.5470086,0.6387873,7.7518024
24014,0,2,0.5,0.93162394,0.5555556,0.63878757,7.9667945
24014,0,2,0.75,0.94017094,0.5470086,0.63878757,8.127815
24014,0,2,1,0.94871795,0.5641026,0.63878775,8.460669
24014,0,3,0,0.85470086,0.93162394,0.7314302,8.189761
24014,0,3,0.25,0.84615386,0.94871795,0.73143023,8.168061
24014,0,3,0.5,0.84615386,0.94017094,0.73143023,8.122976
24014,0,3,0.75,0.82905984,0.93162394,0.7314304,8.347973
24014,0,3,1,0.82905984,0.8888889,0.7314302,8.344531
24015,0,1,0,0.991453,0.44444445,0.4297279,4.9385223
24015,0,1,0.25,1,0.41880342,0.4297279,5.1327524
24015,0,1,0.5,0.982906,0.43589744,0.4297277,5.412758
24015,0,1,0.75,0.982906,0.43589744,0.42972824,5.81861
24015,0,1,1,0.96581197,0.41025642,0.4297279,6.056668
24015,0,2,0,0.75213677,0.71794873,1.7717603,10.194397
24015,0,2,0.25,0.7094017,0.71794873,1.7717603,10.212721
24015,0,2,0.5,0.6837607,0.73504275,1.7717602,10.476571
24015,0,2,0.75,0.5897436,0.74358976,1.7717606,10.476659
24015,0,2,1,0.5811966,0.72649574,1.7717603,10.455864
24015,0,3,0,1,0.42735043,0.47664043,4.113737
24015,0,3,0.25,0.982906,0.41025642,0.47664037,4.2684507
24015,0,3,0.5,0.982906,0.41880342,0.47664025,4.8705664
24015,0,3,0.75,0.96581197,0.43589744,0.4766406,5.366866
24015,0,3,1,0.9230769,0.42735043,0.47664043,5.5193663
24016,0,1,0,0.43589744,0.43589744,2.229615,15.996382
24016,0,1,0.25,0.41880342,0.35897437,2.2296152,16.301311
24016,0,1,0.5,0.46153846,0.41025642,2.229615,16.741753
24016,0,1,0.75,0.5470086,0.6837607,2.2296147,24.270607
24016,0,1,1,0.64102566,0.5982906,2.229615,22.542343
24016,0,2,0,0.3931624,0.43589744,2.762723,20.07675
24016,0,2,0.25,0.4017094,0.35042736,2.7627232,19.75534
24016,0,2,0.5,0.41025642,0.36752138,2.7627232,20.575272
24016,0,2,0.75,0.5470086,0.5555556,2.7627227,28.685787
24016,0,2,1,0.60683763,0.50427353,2.762723,26.659733
24016,0,3,0,0.9145299,0.3846154,0.2515395,3.485938
24016,0,3,0.25,0.94017094,0.4017094,0.25153947,3.8533494
24016,0,3,0.5,0.94017094,0.37606838,0.25153944,3.6522164
24016,0,3,0.75,0.95726496,0.3931624,0.25153956,3.5172997
24016,0,3,1,0.982906,0.37606838,0.25153953,3.5114584
24017,0,1,0,0.96581197,0.5811966,0.50629795,5.8460197
24017,0,1,0.25,0.93162394,0.51282054,0.50629795,6.167014
24017,0,1,0.5,0.8974359,0.52136755,0.5062979,5.1797457
24017,0,1,0.75,0.96581197,0.52136755,0.506298,5.4103546
24017,0,1,1,0.974359,0.51282054,0.50629795,5.796872
24017,0,2,0,0.95726496,0.5897436,0.2899683,1.2641609
24017,0,2,0.25,0.982906,0.60683763,0.2899683,1.2604915
24017,0,2,0.5,0.96581197,0.60683763,0.28996834,1.1927692
24017,0,2,0.75,0.96581197,0.60683763,0.2899681,1.0074697
24017,0,2,1,0.982906,0.60683763,0.2899683,0.98061025
24017,0,3,0,0.61538464,0.94871795,0.5982381,4.728161
24017,0,3,0.25,0.62393165,0.9059829,0.5982381,4.7515726
24017,0,3,0.5,0.61538464,0.8974359,0.5982379,4.172859
24017,0,3,0.75,0.61538464,0.95726496,0.59823835,3.8307776
24017,0,3,1,0.5897436,0.94871795,0.5982381,3.8795438
24018,0,1,0,0.83760685,0.73504275,0.41645882,6.4999638
24018,0,1,0.25,0.8803419,0.72649574,0.41645882,6.548026
24018,0,1,0.5,0.8888889,0.73504275,0.41645885,6.6352634
24018,0,1,0.75,0.8803419,0.75213677,0.41645882,6.6118345
24018,0,1,1,0.9059829,0.74358976,0.41645882,6.6146984
24018,0,2,0,0.64102566,0.7948718,0.47812423,6.038536
24018,0,2,0.25,0.6495727,0.7948718,0.47812432,6.250037
24018,0,2,0.5,0.63247865,0.7948718,0.47812438,6.2697496
24018,0,2,0.75,0.61538464,0.8034188,0.4781241,6.254605
24018,0,2,1,0.6495727,0.7777778,0.47812423,6.3215437
24018,0,3,0,0.47863248,0.73504275,0.7939068,11.333302
24018,0,3,0.25,0.47863248,0.74358976,0.7939068,11.535962
24018,0,3,0.5,0.47008547,0.72649574,0.7939068,11.840755
24018,0,3,0.75,0.46153846,0.71794873,0.7939068,12.214286
24018,0,3,1,0.45299146,0.7008547,0.7939068,12.460131
24019,0,1,0,0.6837607,1,0.42884,7.1815596
24019,0,1,0.25,0.6837607,0.991453,0.42884,7.1636996
24019,0,1,0.5,0.6752137,1,0.42884,7.155164
24019,0,1,0.75,0.6752137,0.991453,0.42884,7.107971
24019,0,1,1,0.6666667,0.991453,0.42884,7.069608
24019,0,2,0,0.41880342,0.94017094,0.76041126,9.749919
24019,0,2,0.25,0.41880342,0.94871795,0.7604111,9.712753
24019,0,2,0.5,0.44444445,0.93162394,0.76041156,9.692398
24019,0,2,0.75,0.43589744,0.94871795,0.7604113,9.495327
24019,0,2,1,0.43589744,0.94017094,0.76041126,9.42318
24019,0,3,0,0.6495727,0.974359,0.39153853,6.286899
24019,0,3,0.25,0.6666667,0.982906,0.39153853,6.236807
24019,0,3,0.5,0.6752137,0.982906,0.39153874,6.2014875
24019,0,3,0.75,0.6837607,0.991453,0.39153826,6.136382
24019,0,3,1,0.6752137,0.96581197,0.39153853,6.1442404
24020,0,1,0,1,0.5982906,0.4102517,3.5978398
24020,0,1,0.25,0.991453,0.60683763,0.41025174,3.1601076
24020,0,1,0.5,1,0.61538464,0.41025177,2.7003968
24020,0,1,0.75,0.974359,0.62393165,0.4102517,2.2572718
24020,0,1,1,0.95726496,0.5726496,0.4102517,1.9760562
24020,0,2,0,0.7863248,0.6495727,0.7532555,9.8980255
24020,0,2,0.25,0.82905984,0.5982906,0.7532556,10.831247
24020,0,2,0.5,0.7692308,0.5555556,0.7532555,11.140125
24020,0,2,0.75,0.7863248,0.52991456,0.7532555,11.796519
24020,0,2,1,0.7094017,0.3931624,0.7532555,10.860228
24020,0,3,0,0.84615386,0.82051283,0.8941154,11.534816
24020,0,3,0.25,0.8632479,0.83760685,0.8941154,11.660894
24020,0,3,0.5,0.7948718,0.84615386,0.8941154,11.343361
24020,0,3,0.75,0.85470086,0.7094017,0.8941154,10.570181
24020,0,3,1,0.82905984,0.73504275,0.8941153,8.8533535
24021,0,1,0,0.96581197,0.35897437,0.35771707,6.214634
24021,0,1,0.25,0.96581197,0.37606838,0.35771707,6.1492157
24021,0,1,0.5,0.974359,0.3846154,0.3577173,6.1281734
24021,0,1,0.75,0.974359,0.35042736,0.35771704,6.0144176
24021,0,1,1,0.95726496,0.36752138,0.35771707,5.918419
24021,0,2,0,0.8717949,0.3931624,0.5049513,8.660534
24021,0,2,0.25,0.9230769,0.4017094,0.50495136,8.761681
24021,0,2,0.5,0.93162394,0.4017094,0.50495106,8.832619
24021,0,2,0.75,0.93162394,0.4017094,0.5049513,8.909114
24021,0,2,1,0.93162394,0.37606838,0.5049513,8.898832
24021,0,3,0,0.96581197,0.42735043,0.43659374,4.8484845
24021,0,3,0.25,0.95726496,0.43589744,0.43659374,4.8997464
24021,0,3,0.5,0.974359,0.4017094,0.43659356,4.8881607
24021,0,3,0.75,0.974359,0.42735043,0.43659368,4.648676
24021,0,3,1,0.982906,0.43589744,0.43659374,4.541358
24022,0,1,0,0.75213677,0.43589744,2.405198,41.70533
24022,0,1,0.25,0.6837607,0.44444445,2.4051983,41.995834
24022,0,1,0.5,0.63247865,0.45299146,2.4051983,43.813046
24022,0,1,0.75,0.5811966,0.46153846,2.4051986,44.509834
24022,0,1,1,0.53846157,0.47008547,2.405198,45.22841
24022,0,2,0,0.7948718,0.95726496,0.32294375,6.4166293
24022,0,2,0.25,0.7863248,0.991453,0.32294363,6.650059
24022,0,2,0.5,0.73504275,0.982906,0.3229436,6.665268
24022,0,2,0.75,0.6923077,0.95726496,0.32294375,6.523367
24022,0,2,1,0.71794873,0.982906,0.32294375,6.268735
24022,0,3,0,0.8803419,0.6495727,0.42048758,13.792545
24022,0,3,0.25,0.8632479,0.60683763,0.42048758,13.946018
24022,0,3,0.5,0.8974359,0.5982906,0.42048725,14.316179
24022,0,3,0.75,0.8717949,0.52991456,0.42048758,13.913948
24022,0,3,1,0.8888889,0.4871795,0.42048767,13.281658
24023,0,1,0,0.9059829,0.7008547,0.51499116,6.2403126
24023,0,1,0.25,0.8803419,0.5982906,0.51499116,6.9827356
24023,0,1,0.5,0.8888889,0.6581197,0.5149912,6.6619787
24023,0,1,0.75,0.8974359,0.61538464,0.514991,7.3317623
24023,0,1,1,0.8632479,0.5726496,0.51499116,7.1920652
24023,0,2,0,0.94871795,0.8632479,0.31160802,3.5859754
24023,0,2,0.25,0.84615386,0.83760685,0.31160802,3.4615917
24023,0,2,0.5,0.8888889,0.9059829,0.31160802,2.457242
24023,0,2,0.75,0.991453,0.8974359,0.31160814,2.119004
24023,0,2,1,0.94017094,0.9059829,0.31160802,1.6528251
24023,0,3,0,0.6666667,0.75213677,0.7873288,9.484686
24023,0,3,0.25,0.5982906,0.6837607,0.7873293,12.966892
24023,0,3,0.5,0.50427353,0.7008547,0.7873288,9.533649
24023,0,3,0.75,0.61538464,0.6923077,0.78732926,12.314474
24023,0,3,1,0.53846157,0.7606838,0.78732896,13.617344
24024,0,1,0,0.42735043,0.8034188,1.5517596,19.55508
24024,0,1,0.25,0.52991456,0.74358976,1.5517598,23.081963
24024,0,1,0.5,0.61538464,0.6837607,1.5517598,26.043362
24024,0,1,0.75,0.61538464,0.5726496,1.5517596,28.165089
24024,0,1,1,0.62393165,0.5470086,1.5517596,28.79811
24024,0,2,0,0.5726496,0.8888889,1.4125991,14.596746
24024,0,2,0.25,0.6495727,0.8034188,1.412599,17.350403
24024,0,2,0.5,0.7094017,0.75213677,1.4125991,21.06813
24024,0,2,0.75,0.72649574,0.5982906,1.4125987,23.639326
24024,0,2,1,0.7777778,0.53846157,1.4125988,25.69716
24024,0,3,0,0.95726496,0.52991456,0.6182065,6.31507
24024,0,3,0.25,0.94017094,0.51282054,0.6182066,7.4901547
24024,0,3,0.5,0.96581197,0.4871795,0.61820644,8.807365
24024,0,3,0.75,0.95726496,0.42735043,0.6182065,9.889631
24024,0,3,1,0.95726496,0.3846154,0.61820656,10.469258
24025,0,1,0,0.6495727,0.8974359,1.1018791,10.336636
24025,0,1,0.25,0.63247865,0.8803419,1.1018795,10.348799
24025,0,1,0.5,0.63247865,0.85470086,1.1018791,10.504214
24025,0,1,0.75,0.6495727,0.84615386,1.1018791,10.631699
24025,0,1,1,0.6495727,0.84615386,1.1018791,10.564541
24025,0,2,0,0.7008547,0.9230769,0.89556235,6.922353
24025,0,2,0.25,0.6837607,0.9230769,0.8955624,6.9083223
24025,0,2,0.5,0.64102566,0.9230769,0.8955624,6.9707913
24025,0,2,0.75,0.6666667,0.94871795,0.89556247,7.0245686
24025,0,2,1,0.6495727,0.8888889,0.89556235,6.846175
24025,0,3,0,0.7692308,0.75213677,2.2437158,19.302631
24025,0,3,0.25,0.75213677,0.7606838,2.2437153,19.31968
24025,0,3,0.5,0.74358976,0.7692308,2.2437155,19.494278
24025,0,3,0.75,0.72649574,0.7692308,2.243716,19.631504
24025,0,3,1,0.74358976,0.72649574,2.2437158,19.66099
24026,0,1,0,0.53846157,0.982906,0.46609885,5.990077
24026,0,1,0.25,0.52991456,0.982906,0.4660989,5.285411
24026,0,1,0.5,0.5726496,1,0.46609885,4.826371
24026,0,1,0.75,0.51282054,0.982906,0.46609885,4.231503
24026,0,1,1,0.51282054,0.95726496,0.46609885,4.066027
24026,0,2,0,0.94871795,0.8888889,0.25235242,3.3076007
24026,0,2,0.25,0.96581197,0.8717949,0.25235242,2.9373221
24026,0,2,0.5,0.974359,0.8717949,0.25235242,2.764344
24026,0,2,0.75,0.8888889,0.8974359,0.25235224,2.6645408
24026,0,2,1,0.85470086,0.8717949,0.25235242,2.6699727
24026,0,3,0,0.95726496,0.64102566,0.32123375,4.75521
24026,0,3,0.25,0.95726496,0.64102566,0.321234,4.3868985
24026,0,3,0.5,0.982906,0.63247865,0.3212335,4.0562954
24026,0,3,0.75,0.982906,0.7094017,0.32123303,4.0996985
24026,0,3,1,0.8974359,0.7606838,0.3212335,5.495489
24027,0,1,0,0.5641026,0.72649574,0.8188091,13.094769
24027,0,1,0.25,0.74358976,0.7777778,0.81880915,15.321659
24027,0,1,0.5,0.94871795,0.61538464,0.81880915,15.964491
24027,0,1,0.75,0.96581197,0.52136755,0.81880915,13.361003
24027,0,1,1,0.95726496,0.5641026,0.818809,14.10388
24027,0,2,0,0.9230769,0.6923077,0.62144214,7.303977
24027,0,2,0.25,0.974359,0.6666667,0.62144226,8.017213
24027,0,2,0.5,0.96581197,0.6837607,0.6214423,7.5899715
24027,0,2,0.75,0.94017094,0.7008547,0.62144244,7.4431953
24027,0,2,1,0.96581197,0.6666667,0.6214422,7.95605
24027,0,3,0,0.8974359,0.60683763,1.5158144,15.689916
24027,0,3,0.25,0.7094017,0.63247865,1.5158144,20.8707
24027,0,3,0.5,0.6752137,0.73504275,1.5158144,24.26622
24027,0,3,0.75,0.5811966,0.9059829,1.5158142,25.404007
24027,0,3,1,0.52136755,0.8119658,1.515814,24.539253
24028,0,1,0,0.4871795,0.7094017,1.4140856,26.132664
24028,0,1,0.25,0.5897436,0.7008547,1.4140856,24.436436
24028,0,1,0.5,0.7094017,0.74358976,1.4140856,21.99945
24028,0,1,0.75,0.7777778,0.7606838,1.4140855,19.327774
24028,0,1,1,0.8803419,0.75213677,1.4140857,18.889973
24028,0,2,0,0.96581197,0.35897437,0.5172878,9.257071
24028,0,2,0.25,0.94871795,0.3931624,0.5172878,9.755825
24028,0,2,0.5,0.93162394,0.47008547,0.5172878,10.496956
24028,0,2,0.75,0.85470086,0.52991456,0.51728785,11.756495
24028,0,2,1,0.8974359,0.5470086,0.5172878,10.959003
24028,0,3,0,0.75213677,0.9145299,0.5595096,10.667442
24028,0,3,0.25,0.7863248,0.84615386,0.5595096,10.773476
24028,0,3,0.5,0.8803419,0.84615386,0.5595095,10.766771
24028,0,3,0.75,0.9230769,0.82905984,0.5595096,11.1665535
24028,0,3,1,0.94017094,0.7948718,0.5595096,10.583994
24029,0,1,0,0.52136755,0.94017094,0.64469105,10.967838
24029,0,1,0.25,0.52136755,0.95726496,0.64469105,10.937073
24029,0,1,0.5,0.52136755,0.95726496,0.64469105,10.825025
24029,0,1,0.75,0.53846157,0.96581197,0.64469105,10.533344
24029,0,1,1,0.53846157,0.96581197,0.64469105,10.3788185
24029,0,2,0,0.63247865,0.8717949,0.98495716,17.501522
24029,0,2,0.25,0.6581197,0.8717949,0.9849569,17.351624
24029,0,2,0.5,0.6495727,0.8717949,0.98495716,17.246067
24029,0,2,0.75,0.6495727,0.85470086,0.98495716,17.087082
24029,0,2,1,0.6581197,0.8717949,0.98495716,17.033697
24029,0,3,0,0.60683763,0.8888889,0.3403457,4.3224025
24029,0,3,0.25,0.62393165,0.8888889,0.3403457,4.3000083
24029,0,3,0.5,0.62393165,0.9059829,0.3403457,4.2826014
24029,0,3,0.75,0.62393165,0.9059829,0.34034577,4.2260857
24029,0,3,1,0.63247865,0.94017094,0.34034574,4.2410593
24030,0,1,0,0.4017094,0.93162394,0.59264797,5.379675
24030,0,1,0.25,0.41025642,0.93162394,0.5926476,5.450256
24030,0,1,0.5,0.42735043,0.9230769,0.59264797,5.4174395
24030,0,1,0.75,0.42735043,0.94871795,0.5926477,5.3484254
24030,0,1,1,0.42735043,0.9230769,0.59264797,5.3277245
24030,0,2,0,0.5555556,0.83760685,0.91957045,5.24002
24030,0,2,0.25,0.5641026,0.85470086,0.91957045,5.30599
24030,0,2,0.5,0.5811966,0.8974359,0.9195704,5.3280334
24030,0,2,0.75,0.5811966,0.9230769,0.91957045,5.368819
24030,0,2,1,0.5811966,0.9145299,0.91957045,5.4874
24030,0,3,0,0.7692308,0.94871795,0.3259579,1.8965982
24030,0,3,0.25,0.7692308,0.96581197,0.32595763,1.8458803
24030,0,3,0.5,0.7692308,0.94017094,0.3259577,1.7272987
24030,0,3,0.75,0.7863248,0.96581197,0.3259576,1.6667889
24030,0,3,1,0.7948718,0.94871795,0.3259577,1.591748
24031,0,1,0,0.47008547,0.94017094,1.4563537,7.236953
24031,0,1,0.25,0.47008547,0.8974359,1.4563538,8.178216
24031,0,1,0.5,0.4871795,0.9230769,1.4563538,9.533469
24031,0,1,0.75,0.47863248,0.83760685,1.4563535,12.18505
24031,0,1,1,0.41025642,0.84615386,1.4563538,15.320751
24031,0,2,0,0.94871795,0.7777778,0.52583545,4.4739604
24031,0,2,0.25,0.94871795,0.72649574,0.52583545,5.540101
24031,0,2,0.5,0.8803419,0.7948718,0.52583545,7.177781
24031,0,2,0.75,0.8803419,0.8034188,0.5258355,8.515854
24031,0,2,1,0.7777778,0.82905984,0.5258355,9.713569
24031,0,3,0,0.8632479,0.82905984,0.31578526,3.448484
24031,0,3,0.25,0.84615386,0.8034188,0.31578526,4.433301
24031,0,3,0.5,0.8632479,0.75213677,0.31578526,5.4333544
24031,0,3,0.75,0.8888889,0.7008547,0.31578532,6.2910485
24031,0,3,1,0.85470086,0.6752137,0.31578526,6.212404
24032,0,1,0,0.44444445,0.83760685,1.1028632,16.018799
24032,0,1,0.25,0.45299146,0.8034188,1.1028632,15.997152
24032,0,1,0.5,0.47008547,0.8034188,1.1028632,17.168278
24032,0,1,0.75,0.44444445,0.7692308,1.1028632,17.211597
24032,0,1,1,0.47008547,0.7777778,1.1028632,17.67202
24032,0,2,0,0.6752137,0.6666667,1.7149514,27.253876
24032,0,2,0.25,0.6837607,0.64102566,1.7149514,28.103706
24032,0,2,0.5,0.6666667,0.63247865,1.7149515,28.503609
24032,0,2,0.75,0.64102566,0.5897436,1.7149515,29.12684
24032,0,2,1,0.61538464,0.52991456,1.7149514,28.666988
24032,0,3,0,0.991453,0.53846157,0.32500112,4.8650365
24032,0,3,0.25,0.8888889,0.52991456,0.32500118,4.969653
24032,0,3,0.5,0.94871795,0.53846157,0.32500118,5.128929
24032,0,3,0.75,0.96581197,0.53846157,0.32500115,5.207653
24032,0,3,1,0.94017094,0.52136755,0.32500115,5.335884
24033,0,1,0,0.5982906,1,0.27167323,3.3545775
24033,0,1,0.25,0.5555556,0.982906,0.27167293,3.7013013
24033,0,1,0.5,0.5555556,0.93162394,0.27167353,5.1888523
24033,0,1,0.75,0.52136755,0.94017094,0.27167344,4.1196766
24033,0,1,1,0.46153846,0.96581197,0.27167344,4.2665167
24033,0,2,0,0.9059829,0.83760685,0.529589,7.2046347
24033,0,2,0.25,0.93162394,0.9230769,0.5295887,8.086594
24033,0,2,0.5,0.8717949,0.7863248,0.5295888,9.174746
24033,0,2,0.75,0.83760685,0.8803419,0.52958894,8.727238
24033,0,2,1,0.7008547,0.95726496,0.5295889,9.294283
24033,0,3,0,0.73504275,0.974359,0.4261088,7.250374
24033,0,3,0.25,0.72649574,0.982906,0.4261091,7.45199
24033,0,3,0.5,0.74358976,0.93162394,0.4261088,6.7211957
24033,0,3,0.75,0.8119658,0.95726496,0.42610866,7.2366686
24033,0,3,1,0.95726496,0.83760685,0.42610848,8.58543
24034,0,1,0,1,0.53846157,0.25877413,2.620656
24034,0,1,0.25,1,0.5470086,0.25877413,2.352656
24034,0,1,0.5,1,0.53846157,0.25877395,2.1408007
24034,0,1,0.75,0.94871795,0.5470086,0.25877407,1.9487188
24034,0,1,1,1,0.5470086,0.25877413,1.7619742
24034,0,2,0,1,0.5982906,0.26914492,3.1656127
24034,0,2,0.25,1,0.5897436,0.26914492,2.8672736
24034,0,2,0.5,0.991453,0.5641026,0.26914492,2.6261587
24034,0,2,0.75,0.94871795,0.5726496,0.269145,2.4084897
24034,0,2,1,0.982906,0.5897436,0.26914492,2.1922054
24034,0,3,0,0.982906,0.35897437,0.46485603,4.235316
24034,0,3,0.25,0.982906,0.35042736,0.46485597,3.8112502
24034,0,3,0.5,0.982906,0.36752138,0.46485612,3.4351106
24034,0,3,0.75,1,0.35897437,0.46485612,3.134266
24034,0,3,1,0.991453,0.35042736,0.46485597,2.8823652
24035,0,1,0,0.7692308,0.94871795,0.3936083,3.5585346
24035,0,1,0.25,0.7606838,0.95726496,0.3936083,3.5743766
24035,0,1,0.5,0.7777778,0.94871795,0.39360836,3.4089732
24035,0,1,0.75,0.7777778,0.96581197,0.3936086,3.2346263
24035,0,1,1,0.74358976,0.94871795,0.3936083,3.1798902
24035,0,2,0,0.75213677,0.991453,0.26925164,2.5165071
24035,0,2,0.25,0.75213677,0.991453,0.2692512,2.4105792
24035,0,2,0.5,0.7606838,0.991453,0.26925153,2.302845
24035,0,2,0.75,0.73504275,0.991453,0.26925153,2.152419
24035,0,2,1,0.73504275,0.974359,0.26925164,2.0434723
24035,0,3,0,0.94871795,0.5982906,0.4529631,7.470091
24035,0,3,0.25,0.95726496,0.5982906,0.4529631,7.2191544
24035,0,3,0.5,0.974359,0.5726496,0.4529633,7.1693687
24035,0,3,0.75,0.94017094,0.5555556,0.4529633,6.919733
24035,0,3,1,0.96581197,0.52136755,0.4529631,6.7766724
24036,0,1,0,0.8632479,0.9059829,0.3610845,2.2246404
24036,0,1,0.25,0.8632479,0.94871795,0.3610847,2.1962655
24036,0,1,0.5,0.85470086,0.9230769,0.3610845,2.198474
24036,0,1,0.75,0.82051283,0.9145299,0.3610845,2.1379862
24036,0,1,1,0.8717949,0.9145299,0.3610845,2.0631728
24036,0,2,0,0.8803419,0.96581197,0.9122382,2.5606031
24036,0,2,0.25,0.84615386,0.991453,0.9122384,2.559423
24036,0,2,0.5,0.82905984,0.991453,0.9122384,2.4869144
24036,0,2,0.75,0.82051283,0.974359,0.9122382,2.4883306
24036,0,2,1,0.84615386,0.96581197,0.9122384,2.388492
24036,0,3,0,0.61538464,0.96581197,0.4481496,1.8293662
24036,0,3,0.25,0.60683763,0.982906,0.4481496,1.804616
24036,0,3,0.5,0.62393165,0.982906,0.44814974,1.8390844
24036,0,3,0.75,0.61538464,0.982906,0.44814947,1.818342
24036,0,3,1,0.61538464,1,0.4481496,1.6967344
24037,0,1,0,0.37606838,0.982906,0.6141322,6.558951
24037,0,1,0.25,0.37606838,0.974359,0.61413157,6.5574274
24037,0,1,0.5,0.3846154,0.982906,0.6141314,6.5857134
24037,0,1,0.75,0.3931624,0.991453,0.61413157,6.61893
24037,0,1,1,0.3931624,0.982906,0.61413157,6.557742
24037,0,2,0,0.7606838,0.974359,0.41494623,5.228156
24037,0,2,0.25,0.7777778,0.991453,0.41494617,5.1231227
24037,0,2,0.5,0.7692308,0.974359,0.4149463,5.0882006
24037,0,2,0.75,0.7692308,0.974359,0.4149461,5.0350266
24037,0,2,1,0.75213677,0.982906,0.4149462,5.00429
24037,0,3,0,0.60683763,0.982906,0.2668237,3.6413145
24037,0,3,0.25,0.61538464,0.982906,0.2668237,3.5900435
24037,0,3,0.5,0.5897436,0.974359,0.26682398,3.6142628
24037,0,3,0.75,0.60683763,0.991453,0.26682413,3.6133413
24037,0,3,1,0.63247865,0.991453,0.2668237,3.6040912
24038,0,1,0,0.4871795,0.7948718,0.4827513,10.246906
24038,0,1,0.25,0.51282054,0.8119658,0.4827513,9.536171
24038,0,1,0.5,0.4957265,0.8119658,0.4827513,8.694405
24038,0,1,0.75,0.52991456,0.8632479,0.4827512,8.61455
24038,0,1,1,0.51282054,0.8632479,0.48275158,7.9798346
24038,0,2,0,0.7948718,0.44444445,0.6008485,15.334385
24038,0,2,0.25,0.82905984,0.46153846,0.6008485,14.927134
24038,0,2,0.5,0.8034188,0.45299146,0.60084844,13.272461
24038,0,2,0.75,0.8119658,0.44444445,0.6008485,12.454335
24038,0,2,1,0.84615386,0.45299146,0.6008485,11.925447
24038,0,3,0,0.9230769,0.6581197,0.34012076,8.011033
24038,0,3,0.25,0.94017094,0.64102566,0.34012032,7.9341445
24038,0,3,0.5,0.974359,0.61538464,0.3401209,7.3368587
24038,0,3,0.75,0.96581197,0.61538464,0.34012118,7.051306
24038,0,3,1,0.95726496,0.62393165,0.34012076,6.49883
24039,0,1,0,0.974359,0.982906,0.25471964,1.4084138
24039,0,1,0.25,0.974359,1,0.25471964,1.3877597
24039,0,1,0.5,0.982906,0.974359,0.2547197,1.3697212
24039,0,1,0.75,0.95726496,0.991453,0.25471964,1.3882222
24039,0,1,1,0.96581197,0.982906,0.25471964,1.4293866
24039,0,2,0,0.96581197,0.62393165,0.326597,3.130612
24039,0,2,0.25,0.95726496,0.6581197,0.32659698,3.1405869
24039,0,2,0.5,0.94871795,0.6581197,0.326597,3.1592507
24039,0,2,0.75,0.974359,0.6495727,0.32659692,3.2089627
24039,0,2,1,0.982906,0.6837607,0.3265969,3.3554873
24039,0,3,0,0.8888889,0.8803419,0.56881934,4.5332546
24039,0,3,0.25,0.8803419,0.8888889,0.5688193,4.406539
24039,0,3,0.5,0.8717949,0.8632479,0.5688195,4.326062
24039,0,3,0.75,0.8888889,0.8717949,0.5688193,4.2423863
24039,0,3,1,0.8119658,0.9145299,0.56881934,4.0164256
24040,0,1,0,0.9230769,0.9059829,0.73278785,3.0060077
24040,0,1,0.25,0.95726496,0.8717949,0.7327874,3.0903115
24040,0,1,0.5,0.94017094,0.83760685,0.7327876,2.979413
24040,0,1,0.75,0.95726496,0.7777778,0.73278785,2.8927608
24040,0,1,1,0.9059829,0.73504275,0.73278785,2.8557272
24040,0,2,0,0.93162394,0.46153846,1.2181667,4.5337563
24040,0,2,0.25,0.94017094,0.46153846,1.2181667,4.516591
24040,0,2,0.5,0.94017094,0.45299146,1.2181667,4.5296926
24040,0,2,0.75,0.9059829,0.47863248,1.2181667,4.3902807
24040,0,2,1,0.9059829,0.47863248,1.2181667,4.402776
24040,0,3,0,0.8717949,0.982906,0.47887307,1.3114572
24040,0,3,0.25,0.8888889,0.982906,0.47887284,1.3027729
24040,0,3,0.5,0.9145299,0.95726496,0.47887307,1.2555251
24040,0,3,0.75,0.9145299,0.94017094,0.47887328,1.2203345
24040,0,3,1,0.8803419,0.95726496,0.47887284,1.2650807
24041,0,1,0,0.5555556,0.8803419,0.7659317,10.700743
24041,0,1,0.25,0.53846157,0.84615386,0.76593167,10.801201
24041,0,1,0.5,0.5470086,0.82905984,0.7659315,10.887157
24041,0,1,0.75,0.5555556,0.83760685,0.7659316,11.127014
24041,0,1,1,0.5811966,0.8034188,0.7659317,11.527599
24041,0,2,0,0.47008547,0.96581197,0.5408285,5.5598764
24041,0,2,0.25,0.46153846,0.96581197,0.5408288,5.7341995
24041,0,2,0.5,0.46153846,0.974359,0.5408287,5.870815
24041,0,2,0.75,0.46153846,0.96581197,0.5408283,5.989791
24041,0,2,1,0.47008547,0.991453,0.5408285,6.1947203
24041,0,3,0,0.991453,0.5811966,0.44021776,5.9083824
24041,0,3,0.25,0.974359,0.5641026,0.44021764,5.943328
24041,0,3,0.5,0.96581197,0.5897436,0.44021776,6.0622106
24041,0,3,0.75,0.96581197,0.60683763,0.440218,6.316087
24041,0,3,1,0.95726496,0.60683763,0.44021785,6.4612985
24042,0,1,0,0.95726496,0.5555556,0.8334088,2.2019331
24042,0,1,0.25,0.94017094,0.5811966,0.8334088,2.3632512
24042,0,1,0.5,0.9230769,0.5726496,0.8334088,2.509077
24042,0,1,0.75,0.9059829,0.5811966,0.8334088,2.6479084
24042,0,1,1,0.9230769,0.63247865,0.8334089,2.5069547
24042,0,2,0,0.60683763,0.6581197,1.9991142,12.60107
24042,0,2,0.25,0.63247865,0.6837607,1.9991142,12.88747
24042,0,2,0.5,0.6666667,0.63247865,1.9991142,13.500068
24042,0,2,0.75,0.6752137,0.6752137,1.9991142,15.378331
24042,0,2,1,0.7692308,0.62393165,1.9991142,17.582428
24042,0,3,0,0.71794873,0.8974359,0.5755821,2.01782
24042,0,3,0.25,0.7008547,0.85470086,0.57558215,2.2214627
24042,0,3,0.5,0.74358976,0.982906,0.575582,2.4873757
24042,0,3,0.75,0.73504275,0.9145299,0.5755819,2.2874837
24042,0,3,1,0.8034188,0.9230769,0.5755819,2.5590315
24043,0,1,0,0.8119658,0.73504275,0.59989256,5.335862
24043,0,1,0.25,0.8119658,0.74358976,0.5998927,5.144903
24043,0,1,0.5,0.8034188,0.7094017,0.59989256,4.995623
24043,0,1,0.75,0.7863248,0.7008547,0.5998926,4.8717575
24043,0,1,1,0.82051283,0.7094017,0.59989256,5.11352
24043,0,2,0,0.8632479,0.7692308,0.8542344,8.999136
24043,0,2,0.25,0.8717949,0.7777778,0.8542344,9.066553
24043,0,2,0.5,0.8717949,0.7948718,0.8542344,9.126957
24043,0,2,0.75,0.83760685,0.7692308,0.8542344,8.976999
24043,0,2,1,0.83760685,0.7606838,0.8542344,8.906538
24043,0,3,0,0.94871795,0.6495727,0.25650752,3.7885976
24043,0,3,0.25,0.94017094,0.6581197,0.25650775,3.7409778
24043,0,3,0.5,0.96581197,0.6752137,0.25650752,3.693513
24043,0,3,0.75,0.94017094,0.63247865,0.25650755,3.4843907
24043,0,3,1,0.96581197,0.64102566,0.25650752,3.3331034
24044,0,1,0,0.64102566,0.8888889,1.4563575,21.072912
24044,0,1,0.25,0.5726496,0.84615386,1.4563575,18.39275
24044,0,1,0.5,0.5726496,0.8803419,1.4563575,16.251646
24044,0,1,0.75,0.60683763,0.9145299,1.4563575,14.040468
24044,0,1,1,0.5982906,0.93162394,1.4563575,12.149139
24044,0,2,0,0.991453,0.8119658,0.2924394,3.5012968
24044,0,2,0.25,1,0.72649574,0.2924394,3.226779
24044,0,2,0.5,1,0.71794873,0.29243937,3.0645006
24044,0,2,0.75,1,0.74358976,0.29243937,2.765749
24044,0,2,1,0.974359,0.7692308,0.29243937,2.7060108
24044,0,3,0,0.45299146,0.6666667,1.5082049,23.127335
24044,0,3,0.25,0.52991456,0.6837607,1.5082049,21.999979
24044,0,3,0.5,0.60683763,0.82905984,1.5082049,20.386833
24044,0,3,0.75,0.6495727,0.82051283,1.5082049,17.940159
24044,0,3,1,0.6495727,0.94017094,1.5082049,15.905196
24045,0,1,0,0.52136755,0.982906,0.331724,6.9817195
24045,0,1,0.25,0.52136755,0.982906,0.33172384,7.058054
24045,0,1,0.5,0.51282054,0.982906,0.33172396,7.202692
24045,0,1,0.75,0.4957265,0.982906,0.33172393,7.3538365
24045,0,1,1,0.4871795,0.974359,0.331724,7.609544
24045,0,2,0,0.52991456,0.9145299,0.98919404,14.530882
24045,0,2,0.25,0.52136755,0.93162394,0.98919386,14.707243
24045,0,2,0.5,0.52136755,0.93162394,0.98919386,15.146942
24045,0,2,0.75,0.52136755,0.94017094,0.98919386,15.739897
24045,0,2,1,0.53846157,0.9145299,0.9891939,16.423672
24045,0,3,0,0.74358976,0.47863248,1.6542716,28.400558
24045,0,3,0.25,0.7606838,0.4871795,1.6542718,28.455368
24045,0,3,0.5,0.7692308,0.47863248,1.6542718,28.646765
24045,0,3,0.75,0.7948718,0.47008547,1.6542718,28.747204
24045,0,3,1,0.7863248,0.41880342,1.6542716,28.942745
24046,0,1,0,0.53846157,0.93162394,1.1041884,9.13453
24046,0,1,0.25,0.5555556,0.9059829,1.1041883,9.426092
24046,0,1,0.5,0.52136755,0.9230769,1.1041884,9.958878
24046,0,1,0.75,0.5470086,0.8632479,1.1041883,10.559404
24046,0,1,1,0.5555556,0.8974359,1.1041883,11.16205
24046,0,2,0,0.9230769,0.7692308,0.54551303,6.505868
24046,0,2,0.25,0.94017094,0.7692308,0.54551333,6.506732
24046,0,2,0.5,0.94871795,0.8034188,0.5455128,6.6344023
24046,0,2,0.75,0.93162394,0.7777778,0.54551286,6.716789
24046,0,2,1,0.9059829,0.73504275,0.5455131,6.853755
24046,0,3,0,0.991453,0.62393165,0.3460069,2.1043816
24046,0,3,0.25,0.982906,0.62393165,0.346007,2.1189008
24046,0,3,0.5,1,0.60683763,0.34600693,2.0919466
24046,0,3,0.75,1,0.61538464,0.34600696,2.0737183
24046,0,3,1,1,0.60683763,0.346007,2.0918894
24047,0,1,0,0.44444445,0.72649574,2.8153508,18.367043
24047,0,1,0.25,0.5641026,0.72649574,2.8153505,23.497871
24047,0,1,0.5,0.64102566,0.5470086,2.8153508,24.376904
24047,0,1,0.75,0.7008547,0.52991456,2.8153508,25.56646
24047,0,1,1,0.72649574,0.42735043,2.815351,24.613773
24047,0,2,0,0.9230769,0.82905984,1.1990844,5.368521
24047,0,2,0.25,0.83760685,0.6837607,1.1990846,6.342304
24047,0,2,0.5,0.7863248,0.60683763,1.1990844,10.2172985
24047,0,2,0.75,0.8717949,0.5641026,1.1990845,11.941349
24047,0,2,1,0.8717949,0.4017094,1.1990844,12.754492
24047,0,3,0,0.94871795,0.45299146,0.27674854,2.2007127
24047,0,3,0.25,0.9230769,0.43589744,0.2767486,3.0641103
24047,0,3,0.5,0.9230769,0.42735043,0.27674863,3.5795355
24047,0,3,0.75,0.95726496,0.45299146,0.27674854,2.7415874
24047,0,3,1,0.96581197,0.51282054,0.27674854,2.6092706
24048,0,1,0,0.82051283,0.41025642,1.433105,20.882687
24048,0,1,0.25,0.82905984,0.41025642,1.4331052,20.921589
24048,0,1,0.5,0.7948718,0.37606838,1.4331051,21.525398
24048,0,1,0.75,0.8119658,0.4017094,1.4331048,21.169378
24048,0,1,1,0.8119658,0.43589744,1.433105,21.858757
24048,0,2,0,0.982906,0.64102566,0.26697078,4.8816366
24048,0,2,0.25,0.991453,0.64102566,0.26697084,4.9562273
24048,0,2,0.5,0.991453,0.62393165,0.26697078,5.101787
24048,0,2,0.75,0.982906,0.62393165,0.2669709,5.314936
24048,0,2,1,0.991453,0.62393165,0.26697078,5.606885
24048,0,3,0,0.7008547,0.62393165,1.2790623,18.540665
24048,0,3,0.25,0.73504275,0.6581197,1.2790624,18.529718
24048,0,3,0.5,0.71794873,0.6837607,1.2790623,18.793568
24048,0,3,0.75,0.7008547,0.6752137,1.2790622,19.369616
24048,0,3,1,0.6923077,0.7008547,1.2790623,20.06973
24049,0,1,0,0.8717949,0.7948718,0.66403276,5.687092
24049,0,1,0.25,0.84615386,0.8034188,0.6640328,6.899726
24049,0,1,0.5,0.7777778,0.7863248,0.6640328,9.156937
24049,0,1,0.75,0.7948718,0.7777778,0.6640328,10.783603
24049,0,1,1,0.73504275,0.8119658,0.6640328,11.757593
24049,0,2,0,0.5726496,1,0.3616342,2.9529867
24049,0,2,0.25,0.5641026,0.974359,0.3616342,3.5269551
24049,0,2,0.5,0.5641026,0.95726496,0.3616342,4.7451806
24049,0,2,0.75,0.60683763,0.94871795,0.3616342,5.2427855
24049,0,2,1,0.53846157,0.974359,0.3616342,6.080451
24049,0,3,0,0.6581197,0.9230769,0.9884706,10.486126
24049,0,3,0.25,0.75213677,0.93162394,0.9884706,10.958212
24049,0,3,0.5,0.8034188,0.83760685,0.9884706,11.863032
24049,0,3,0.75,0.82905984,0.75213677,0.98847044,12.109798
24049,0,3,1,0.83760685,0.64102566,0.9884706,12.309771
24050,0,1,0,0.4017094,0.94871795,0.59666944,10.0904255
24050,0,1,0.25,0.4017094,0.94871795,0.59666944,10.301918
24050,0,1,0.5,0.42735043,0.974359,0.59666944,10.237178
24050,0,1,0.75,0.44444445,0.95726496,0.596669,9.889795
24050,0,1,1,0.4957265,0.94871795,0.5966695,9.193205
24050,0,2,0,0.53846157,0.991453,0.5172737,8.298383
24050,0,2,0.25,0.4871795,1,0.5172734,8.57997
24050,0,2,0.5,0.47008547,1,0.51727355,8.541056
24050,0,2,0.75,0.46153846,0.96581197,0.51727414,8.357869
24050,0,2,1,0.45299146,1,0.5172738,7.938154
24050,0,3,0,0.84615386,0.974359,0.27310365,3.9594626
24050,0,3,0.25,0.8717949,1,0.27310404,3.9779668
24050,0,3,0.5,0.8888889,1,0.27310324,3.9956439
24050,0,3,0.75,0.9059829,1,0.27310324,3.898237
24050,0,3,1,0.8803419,0.982906,0.27310345,3.8472142
24051,0,1,0,0.94017094,0.41880342,0.27586758,4.653376
24051,0,1,0.25,0.9145299,0.43589744,0.27586776,5.065651
24051,0,1,0.5,0.8717949,0.46153846,0.27586758,5.074057
24051,0,1,0.75,0.9059829,0.4871795,0.27586737,4.9519644
24051,0,1,1,0.95726496,0.52991456,0.27586758,5.025121
24051,0,2,0,0.93162394,0.73504275,0.5985447,7.6708775
24051,0,2,0.25,0.8632479,0.6923077,0.59854496,7.580007
24051,0,2,0.5,0.7606838,0.75213677,0.59854454,8.007355
24051,0,2,0.75,0.75213677,0.7863248,0.5985446,8.3723
24051,0,2,1,0.74358976,0.82051283,0.5985447,8.988907
24051,0,3,0,0.44444445,0.94017094,0.5479533,7.6560245
24051,0,3,0.25,0.4017094,0.93162394,0.5479533,7.9246926
24051,0,3,0.5,0.43589744,0.94871795,0.54795307,6.675439
24051,0,3,0.75,0.41025642,0.94017094,0.547953,5.8703785
24051,0,3,1,0.42735043,0.974359,0.5479533,5.9846544
24052,0,1,0,0.6666667,0.982906,0.4590158,5.5902843
24052,0,1,0.25,0.6752137,0.96581197,0.45901603,5.5711293
24052,0,1,0.5,0.6837607,0.95726496,0.45901573,5.5507545
24052,0,1,0.75,0.6752137,0.96581197,0.4590158,5.441035
24052,0,1,1,0.6752137,0.96581197,0.4590158,5.3628407
24052,0,2,0,0.974359,0.72649574,0.38297927,4.8361583
24052,0,2,0.25,0.982906,0.71794873,0.38297945,4.807185
24052,0,2,0.5,0.991453,0.7008547,0.38297948,4.740925
24052,0,2,0.75,0.974359,0.71794873,0.38297948,4.6066628
24052,0,2,1,0.974359,0.71794873,0.38297948,4.561678
24052,0,3,0,0.96581197,0.5897436,0.41389245,5.539934
24052,0,3,0.25,0.96581197,0.60683763,0.41389233,5.4513016
24052,0,3,0.5,0.974359,0.60683763,0.4138925,5.320982
24052,0,3,0.75,0.95726496,0.61538464,0.41389233,5.2780833
24052,0,3,1,0.94871795,0.5897436,0.41389245,5.257387
24053,0,1,0,0.974359,0.5470086,0.31904757,3.7878323
24053,0,1,0.25,0.974359,0.51282054,0.31904745,3.5956821
24053,0,1,0.5,0.974359,0.42735043,0.31904754,3.3621473
24053,0,1,0.75,0.982906,0.44444445,0.3190473,3.18368
24053,0,1,1,0.8717949,0.36752138,0.31904754,3.2763047
24053,0,2,0,0.8119658,0.95726496,0.7893661,5.7897134
24053,0,2,0.25,0.7948718,0.93162394,0.789366,5.3670235
24053,0,2,0.5,0.84615386,0.9059829,0.7893661,5.0307565
24053,0,2,0.75,0.84615386,0.8632479,0.7893661,4.947056
24053,0,2,1,0.8119658,0.73504275,0.7893661,5.825289
24053,0,3,0,0.46153846,0.94017094,0.6947719,3.2746658
24053,0,3,0.25,0.47008547,0.95726496,0.6947718,3.3091125
24053,0,3,0.5,0.51282054,0.96581197,0.6947719,3.4693787
24053,0,3,0.75,0.52136755,0.8888889,0.6947719,4.1882052
24053,0,3,1,0.46153846,0.8803419,0.6947719,5.573128
24054,0,1,0,0.44444445,0.982906,0.4150111,3.4637222
24054,0,1,0.25,0.42735043,0.982906,0.4150109,3.052547
24054,0,1,0.5,0.41025642,1,0.4150109,2.531959
24054,0,1,0.75,0.3846154,0.982906,0.4150109,2.1745408
24054,0,1,1,0.3931624,0.94871795,0.4150109,1.785455
24054,0,2,0,0.5811966,0.96581197,0.470699,4.8258343
24054,0,2,0.25,0.5811966,0.96581197,0.47069913,4.658499
24054,0,2,0.5,0.5470086,1,0.470699,4.4280224
24054,0,2,0.75,0.5555556,0.96581197,0.47069907,4.1906366
24054,0,2,1,0.5555556,1,0.470699,3.8860402
24054,0,3,0,0.93162394,0.7863248,1.2167149,8.595854
24054,0,3,0.25,0.9230769,0.75213677,1.2167149,7.82655
24054,0,3,0.5,0.94017094,0.83760685,1.2167149,7.3470936
24054,0,3,0.75,0.95726496,0.85470086,1.2167146,7.059211
24054,0,3,1,0.9230769,0.84615386,1.2167149,6.8309984
24055,0,1,0,0.7948718,0.75213677,2.1285825,18.950832
24055,0,1,0.25,0.85470086,0.7777778,2.1285825,15.733753
24055,0,1,0.5,0.8717949,0.71794873,2.1285825,15.872942
24055,0,1,0.75,0.8632479,0.5982906,2.1285825,15.578934
24055,0,1,1,0.8803419,0.5811966,2.1285825,16.577126
24055,0,2,0,0.6666667,0.7094017,2.8660362,16.33302
24055,0,2,0.25,0.7863248,0.71794873,2.866036,15.290335
24055,0,2,0.5,0.7863248,0.7008547,2.866036,13.232777
24055,0,2,0.75,0.74358976,0.60683763,2.8660362,11.740064
24055,0,2,1,0.8034188,0.6923077,2.866036,11.942993
24055,0,3,0,0.6837607,0.9230769,1.1790645,10.245905
24055,0,3,0.25,0.6666667,0.96581197,1.1790646,9.309005
24055,0,3,0.5,0.6837607,0.93162394,1.1790646,8.723436
24055,0,3,0.75,0.6581197,0.8717949,1.1790644,7.457697
24055,0,3,1,0.71794873,0.95726496,1.1790649,6.6324916
24056,0,1,0,0.6495727,0.82051283,0.49873897,12.918695
24056,0,1,0.25,0.64102566,0.8632479,0.49873897,11.679553
24056,0,1,0.5,0.5726496,0.8632479,0.49873888,9.839413
24056,0,1,0.75,0.53846157,0.9230769,0.498739,7.302432
24056,0,1,1,0.44444445,0.83760685,0.49873886,5.244321
24056,0,2,0,0.95726496,0.5641026,0.2991982,6.941498
24056,0,2,0.25,0.95726496,0.5641026,0.29919818,5.870096
24056,0,2,0.5,0.9230769,0.5641026,0.29919815,4.4419107
24056,0,2,0.75,0.94871795,0.52991456,0.29919818,3.4624052
24056,0,2,1,0.9059829,0.5897436,0.29919815,3.693798
24056,0,3,0,0.72649574,0.75213677,0.48616004,10.973196
24056,0,3,0.25,0.7008547,0.7948718,0.48616004,8.939903
24056,0,3,0.5,0.6495727,0.82905984,0.48616007,6.6939907
24056,0,3,0.75,0.71794873,0.8632479,0.48616004,4.5436335
24056,0,3,1,0.6495727,0.8034188,0.48616004,3.1313555
24057,0,1,0,0.8974359,0.4871795,1.283632,10.0849
24057,0,1,0.25,0.83760685,0.47008547,1.2836322,10.039202
24057,0,1,0.5,0.7863248,0.47008547,1.2836322,10.677997
24057,0,1,0.75,0.8803419,0.52136755,1.283632,13.205311
24057,0,1,1,0.8119658,0.52136755,1.2836322,16.62653
24057,0,2,0,0.94017094,0.74358976,0.34782177,2.051412
24057,0,2,0.25,0.9230769,0.73504275,0.3478218,2.3531408
24057,0,2,0.5,0.974359,0.72649574,0.34782186,2.2161815
24057,0,2,0.75,0.982906,0.71794873,0.34782195,2.7950666
24057,0,2,1,0.95726496,0.6752137,0.34782186,3.6065679
24057,0,3,0,0.991453,0.8034188,0.30624077,1.3900843
24057,0,3,0.25,0.974359,0.7863248,0.30624077,1.4783902
24057,0,3,0.5,1,0.8717949,0.30624074,1.4339094
24057,0,3,0.75,0.991453,0.8717949,0.30624092,1.6581242
24057,0,3,1,1,0.8632479,0.30624074,2.0261946
24058,0,1,0,0.974359,0.52136755,0.54163,3.6165082
24058,0,1,0.25,0.974359,0.52136755,0.54163,3.6396756
24058,0,1,0.5,0.974359,0.52991456,0.5416298,3.7409048
24058,0,1,0.75,0.974359,0.52991456,0.54163,3.7640362
24058,0,1,1,0.974359,0.52991456,0.5416299,3.797337
24058,0,2,0,0.982906,0.43589744,1.1139262,5.934082
24058,0,2,0.25,0.974359,0.45299146,1.1139266,6.109906
24058,0,2,0.5,0.96581197,0.45299146,1.1139264,6.1862726
24058,0,2,0.75,0.96581197,0.45299146,1.1139264,6.207426
24058,0,2,1,0.974359,0.44444445,1.1139263,6.1710625
24058,0,3,0,0.51282054,0.94017094,0.50544673,2.107141
24058,0,3,0.25,0.52991456,0.94871795,0.50544673,2.1574585
24058,0,3,0.5,0.5470086,0.96581197,0.50544673,2.1916118
24058,0,3,0.75,0.5470086,0.95726496,0.50544673,2.2040734
24058,0,3,1,0.5470086,0.94871795,0.50544685,2.210368
24059,0,1,0,0.9059829,0.95726496,0.40862292,3.719694
24059,0,1,0.25,0.9059829,0.974359,0.40862298,3.7516274
24059,0,1,0.5,0.9059829,0.982906,0.40862295,3.7124863
24059,0,1,0.75,0.9145299,0.991453,0.40862292,3.6909137
24059,0,1,1,0.8974359,0.974359,0.40862292,3.638888
24059,0,2,0,0.96581197,0.47008547,0.68140805,7.995847
24059,0,2,0.25,0.95726496,0.42735043,0.6814079,7.6458263
24059,0,2,0.5,0.94871795,0.4017094,0.6814081,7.238874
24059,0,2,0.75,0.95726496,0.41025642,0.68140805,6.789936
24059,0,2,1,0.96581197,0.4017094,0.68140805,6.4177623
24059,0,3,0,0.8119658,0.9230769,0.31328925,4.722266
24059,0,3,0.25,0.84615386,0.9059829,0.31328925,4.5595074
24059,0,3,0.5,0.83760685,0.9145299,0.31328914,4.2423897
24059,0,3,0.75,0.8803419,0.8974359,0.31328925,3.9402723
24059,0,3,1,0.8974359,0.9145299,0.31328925,3.6755433
24060,0,1,0,0.5470086,0.53846157,1.563269,34.450684
24060,0,1,0.25,0.5555556,0.52991456,1.5632689,34.44285
24060,0,1,0.5,0.5470086,0.51282054,1.563269,33.92217
24060,0,1,0.75,0.52991456,0.4871795,1.5632689,33.60958
24060,0,1,1,0.53846157,0.47008547,1.563269,33.213905
24060,0,2,0,0.93162394,0.51282054,0.5356002,11.651793
24060,0,2,0.25,0.94871795,0.52991456,0.53559995,11.539436
24060,0,2,0.5,0.94871795,0.52991456,0.5355998,11.425686
24060,0,2,0.75,0.94871795,0.52136755,0.5356002,11.316002
24060,0,2,1,0.94871795,0.53846157,0.5356002,11.295607
24060,0,3,0,0.94017094,0.43589744,0.35758567,7.091361
24060,0,3,0.25,0.95726496,0.41880342,0.35758585,7.118428
24060,0,3,0.5,0.95726496,0.41880342,0.35758567,7.0260153
24060,0,3,0.75,0.95726496,0.42735043,0.35758585,6.9116526
24060,0,3,1,0.95726496,0.42735043,0.35758567,6.788231
24061,0,1,0,0.95726496,0.4871795,0.34704262,3.0377865
24061,0,1,0.25,0.991453,0.5470086,0.34704277,3.5078382
24061,0,1,0.5,1,0.53846157,0.34704253,3.6837206
24061,0,1,0.75,1,0.5641026,0.34704253,3.796971
24061,0,1,1,0.991453,0.5726496,0.34704253,3.4514751
24061,0,2,0,0.991453,0.6666667,0.27920938,1.7483668
24061,0,2,0.25,1,0.6666667,0.2792098,1.8026041
24061,0,2,0.5,0.991453,0.6666667,0.27920938,1.7763093
24061,0,2,0.75,0.982906,0.6666667,0.27920938,1.6909041
24061,0,2,1,0.974359,0.6666667,0.27920938,1.4795727
24061,0,3,0,0.5641026,0.75213677,2.2257626,14.200211
24061,0,3,0.25,0.60683763,0.6923077,2.2257626,12.633451
24061,0,3,0.5,0.62393165,0.72649574,2.2257626,13.401941
24061,0,3,0.75,0.6923077,0.82051283,2.2257628,15.225108
24061,0,3,1,0.71794873,0.7948718,2.2257626,16.418835
24062,0,1,0,0.982906,0.5470086,0.67600274,13.795047
24062,0,1,0.25,0.982906,0.52136755,0.6760031,13.914648
24062,0,1,0.5,0.982906,0.4957265,0.6760033,13.83484
24062,0,1,0.75,0.982906,0.4871795,0.6760031,13.770142
24062,0,1,1,0.982906,0.47008547,0.67600274,13.584627
24062,0,2,0,0.5811966,0.82051283,0.9059065,17.930695
24062,0,2,0.25,0.61538464,0.7863248,0.9059074,18.607605
24062,0,2,0.5,0.62393165,0.7692308,0.90590656,18.902943
24062,0,2,0.75,0.63247865,0.7606838,0.9059065,19.23284
24062,0,2,1,0.6581197,0.7606838,0.9059065,19.756231
24062,0,3,0,0.5641026,0.8888889,0.35484457,7.2969446
24062,0,3,0.25,0.5726496,0.8974359,0.35484508,7.3983607
24062,0,3,0.5,0.5982906,0.8803419,0.35484505,7.5470314
24062,0,3,0.75,0.5982906,0.8717949,0.35484505,7.692677
24062,0,3,1,0.62393165,0.8632479,0.35484457,7.8143277
24063,0,1,0,0.982906,0.6495727,0.29478392,4.0610323
24063,0,1,0.25,0.94871795,0.6581197,0.29478368,5.149789
24063,0,1,0.5,0.974359,0.6837607,0.29478383,6.1399565
24063,0,1,0.75,0.95726496,0.8119658,0.29478383,6.9231124
24063,0,1,1,0.93162394,0.8803419,0.29478383,7.5164423
24063,0,2,0,0.8974359,0.83760685,0.25981998,4.7068663
24063,0,2,0.25,0.94017094,0.8717949,0.25982004,4.2019887
24063,0,2,0.5,1,0.83760685,0.2598199,3.9065068
24063,0,2,0.75,0.96581197,0.8717949,0.2598199,3.0502603
24063,0,2,1,0.9230769,0.7863248,0.25981995,3.2761326
24063,0,3,0,0.8803419,0.5897436,0.3109771,7.206916
24063,0,3,0.25,0.95726496,0.5470086,0.31097722,7.7407327
24063,0,3,0.5,0.94871795,0.5470086,0.31097698,7.8530946
24063,0,3,0.75,0.93162394,0.52991456,0.31097692,6.581952
24063,0,3,1,0.9230769,0.46153846,0.31097716,5.9268208
24064,0,1,0,0.7863248,0.71794873,0.707225,9.598108
24064,0,1,0.25,0.7777778,0.74358976,0.70722526,9.574034
24064,0,1,0.5,0.8119658,0.73504275,0.70722526,9.587519
24064,0,1,0.75,0.7863248,0.73504275,0.707225,9.761295
24064,0,1,1,0.7863248,0.73504275,0.707225,9.790379
24064,0,2,0,0.95726496,0.7094017,0.8944054,8.03324
24064,0,2,0.25,0.95726496,0.6837607,0.8944052,8.283844
24064,0,2,0.5,0.94017094,0.6923077,0.8944055,8.504799
24064,0,2,0.75,0.94871795,0.7094017,0.8944056,8.849371
24064,0,2,1,0.96581197,0.72649574,0.8944054,8.930178
24064,0,3,0,0.75213677,0.47008547,2.0578408,21.554977
24064,0,3,0.25,0.74358976,0.4957265,2.0578408,22.25025
24064,0,3,0.5,0.7008547,0.44444445,2.0578408,23.105179
24064,0,3,0.75,0.6923077,0.42735043,2.0578408,23.746359
24064,0,3,1,0.6666667,0.42735043,2.0578408,24.558727
24065,0,1,0,0.95726496,0.47008547,0.28767785,4.9926095
24065,0,1,0.25,0.94871795,0.47863248,0.2876779,5.0614457
24065,0,1,0.5,0.93162394,0.47863248,0.28767785,5.1197376
24065,0,1,0.75,0.9230769,0.4871795,0.28767782,5.2573466
24065,0,1,1,0.9230769,0.47863248,0.28767785,5.387742
24065,0,2,0,0.6666667,0.8888889,0.50621563,10.2074585
24065,0,2,0.25,0.6837607,0.8974359,0.5062156,10.217791
24065,0,2,0.5,0.72649574,0.8974359,0.50621563,10.394535
24065,0,2,0.75,0.71794873,0.8888889,0.5062156,10.654094
24065,0,2,1,0.73504275,0.8632479,0.50621563,11.048727
24065,0,3,0,0.6666667,0.73504275,0.85400826,13.037754
24065,0,3,0.25,0.6666667,0.74358976,0.8540083,13.311351
24065,0,3,0.5,0.6666667,0.73504275,0.85400826,13.73761
24065,0,3,0.75,0.6666667,0.74358976,0.85400826,14.170741
24065,0,3,1,0.6581197,0.72649574,0.85400826,14.900574
24066,0,1,0,0.9145299,0.61538464,1.1302434,14.048101
24066,0,1,0.25,0.9230769,0.5897436,1.130243,13.82164
24066,0,1,0.5,0.9230769,0.61538464,1.1302432,13.839615
24066,0,1,0.75,0.94017094,0.61538464,1.1302432,13.900759
24066,0,1,1,0.94871795,0.5897436,1.1302433,13.607952
24066,0,2,0,0.96581197,0.5811966,0.5351487,5.9144382
24066,0,2,0.25,0.974359,0.5726496,0.5351488,5.641165
24066,0,2,0.5,0.974359,0.5811966,0.53514874,5.7123923
24066,0,2,0.75,0.982906,0.53846157,0.53514874,5.4382153
24066,0,2,1,0.991453,0.5641026,0.53514874,5.4263954
24066,0,3,0,0.60683763,0.96581197,0.4331974,5.2395325
24066,0,3,0.25,0.60683763,0.95726496,0.4331976,5.1434383
24066,0,3,0.5,0.60683763,0.974359,0.43319738,5.042936
24066,0,3,0.75,0.5811966,0.95726496,0.43319747,4.741688
24066,0,3,1,0.5982906,0.974359,0.4331974,4.6770535
24067,0,1,0,0.46153846,0.96581197,0.40633968,1.7322159
24067,0,1,0.25,0.45299146,0.96581197,0.40633944,1.4354689
24067,0,1,0.5,0.41880342,0.982906,0.40633988,1.2500001
24067,0,1,0.75,0.41025642,0.982906,0.40633988,1.047658
24067,0,1,1,0.4017094,0.8632479,0.40633988,1.1328828
24067,0,2,0,1,0.94871795,0.29040208,1.8164372
24067,0,2,0.25,1,0.95726496,0.29040217,1.8383858
24067,0,2,0.5,0.982906,0.93162394,0.2904021,1.8786433
24067,0,2,0.75,0.95726496,0.93162394,0.2904021,2.120275
24067,0,2,1,0.9230769,0.8717949,0.29040214,3.5174694
24067,0,3,0,0.9145299,0.3846154,1.0004337,10.199432
24067,0,3,0.25,0.9230769,0.42735043,1.0004337,9.926838
24067,0,3,0.5,0.94017094,0.42735043,1.0004338,9.397516
24067,0,3,0.75,0.8974359,0.50427353,1.0004337,9.137803
24067,0,3,1,0.8119658,0.4871795,1.0004338,8.416266
24068,0,1,0,0.94871795,0.64102566,0.27695477,3.8581424
24068,0,1,0.25,0.94017094,0.6666667,0.2769547,3.8208637
24068,0,1,0.5,0.93162394,0.6581197,0.27695483,3.7167597
24068,0,1,0.75,0.94017094,0.7094017,0.27695486,3.6901226
24068,0,1,1,0.94871795,0.71794873,0.2769548,3.6957698
24068,0,2,0,0.95726496,0.5897436,0.3111038,4.7124624
24068,0,2,0.25,0.95726496,0.64102566,0.3111038,4.6777363
24068,0,2,0.5,0.94017094,0.6752137,0.3111038,4.662012
24068,0,2,0.75,0.94017094,0.6837607,0.3111038,4.598463
24068,0,2,1,0.94871795,0.6666667,0.31110376,4.5881433
24068,0,3,0,0.95726496,0.41025642,0.7323596,3.750352
24068,0,3,0.25,0.94017094,0.3931624,0.7323596,3.671472
24068,0,3,0.5,0.95726496,0.37606838,0.73235947,3.6018858
24068,0,3,0.75,0.96581197,0.36752138,0.7323596,3.502049
24068,0,3,1,0.974359,0.36752138,0.7323596,3.4678082
24069,0,1,0,0.6581197,0.982906,0.43288264,4.1039963
24069,0,1,0.25,0.6752137,0.982906,0.4328826,4.1549263
24069,0,1,0.5,0.6752137,0.982906,0.43288288,4.1250563
24069,0,1,0.75,0.6495727,0.982906,0.43288273,4.094018
24069,0,1,1,0.61538464,1,0.43288285,4.0776515
24069,0,2,0,0.7692308,0.8888889,0.587399,5.835209
24069,0,2,0.25,0.7777778,0.8974359,0.5873987,5.8475533
24069,0,2,0.5,0.7948718,0.8974359,0.5873991,5.905055
24069,0,2,0.75,0.7863248,0.9059829,0.5873992,5.9242983
24069,0,2,1,0.8119658,0.9059829,0.587399,5.9418707
24069,0,3,0,0.74358976,0.7692308,1.6259687,17.063053
24069,0,3,0.25,0.73504275,0.7606838,1.6259683,17.236725
24069,0,3,0.5,0.74358976,0.74358976,1.6259688,17.166933
24069,0,3,0.75,0.74358976,0.75213677,1.6259688,17.30632
24069,0,3,1,0.75213677,0.74358976,1.6259687,17.315487
24070,0,1,0,0.7777778,0.974359,0.58339405,5.1008177
24070,0,1,0.25,0.7777778,0.96581197,0.58339405,5.07969
24070,0,1,0.5,0.75213677,0.974359,0.58339405,5.1587
24070,0,1,0.75,0.72649574,0.974359,0.58339405,5.112688
24070,0,1,1,0.74358976,0.95726496,0.58339405,5.1212206
24070,0,2,0,0.85470086,0.95726496,0.64572644,6.6756597
24070,0,2,0.25,0.84615386,0.95726496,0.6457265,6.60942
24070,0,2,0.5,0.8632479,0.991453,0.64572644,6.6734858
24070,0,2,0.75,0.8803419,0.982906,0.64572644,6.6677585
24070,0,2,1,0.9230769,0.94871795,0.64572644,6.8349757
24070,0,3,0,0.8034188,0.73504275,0.58617824,8.516175
24070,0,3,0.25,0.82051283,0.7606838,0.5861782,8.478128
24070,0,3,0.5,0.82051283,0.7606838,0.58617824,8.405148
24070,0,3,0.75,0.83760685,0.7692308,0.586178,8.261536
24070,0,3,1,0.8717949,0.7692308,0.5861783,8.144854
24071,0,1,0,0.7863248,0.7692308,0.35467595,7.9122815
24071,0,1,0.25,0.7777778,0.82051283,0.35467592,7.447508
24071,0,1,0.5,0.7948718,0.82905984,0.35467595,7.0477033
24071,0,1,0.75,0.75213677,0.82905984,0.35467595,6.598466
24071,0,1,1,0.74358976,0.85470086,0.35467595,6.416011
24071,0,2,0,0.7692308,0.82905984,0.28360325,6.1655073
24071,0,2,0.25,0.7692308,0.82905984,0.28360325,5.7956085
24071,0,2,0.5,0.7777778,0.8888889,0.28360337,5.5310993
24071,0,2,0.75,0.75213677,0.96581197,0.28360325,5.2244186
24071,0,2,1,0.8119658,0.96581197,0.28360325,4.9853897
24071,0,3,0,0.7008547,0.5811966,0.70201844,12.951307
24071,0,3,0.25,0.72649574,0.62393165,0.70201844,12.674856
24071,0,3,0.5,0.7094017,0.6581197,0.70201844,12.570386
24071,0,3,0.75,0.6837607,0.6581197,0.70201844,12.032417
24071,0,3,1,0.6837607,0.7094017,0.70201844,11.7158985
24072,0,1,0,0.974359,0.63247865,0.38427714,4.685711
24072,0,1,0.25,0.991453,0.5982906,0.384277,4.515536
24072,0,1,0.5,0.95726496,0.61538464,0.38427714,4.432514
24072,0,1,0.75,0.982906,0.5897436,0.38427708,4.2075505
24072,0,1,1,1,0.5811966,0.3842771,4.4803057
24072,0,2,0,0.53846157,0.9145299,0.5797468,7.2604704
24072,0,2,0.25,0.52991456,0.9230769,0.5797468,7.6174555
24072,0,2,0.5,0.52136755,0.94017094,0.5797468,8.402811
24072,0,2,0.75,0.46153846,0.9059829,0.5797468,9.754644
24072,0,2,1,0.41025642,0.8717949,0.5797468,12.107716
24072,0,3,0,0.83760685,0.5470086,1.199226,16.557755
24072,0,3,0.25,0.85470086,0.5555556,1.199226,18.766697
24072,0,3,0.5,0.8119658,0.6495727,1.199226,20.54607
24072,0,3,0.75,0.6923077,0.6923077,1.199226,22.549597
24072,0,3,1,0.5726496,0.63247865,1.1992259,26.492954
24073,0,1,0,0.991453,0.5470086,0.25674704,4.038446
24073,0,1,0.25,0.991453,0.5641026,0.25674704,4.055653
24073,0,1,0.5,0.974359,0.5555556,0.2567466,4.0271173
24073,0,1,0.75,0.982906,0.53846157,0.256747,3.9341655
24073,0,1,1,0.991453,0.5641026,0.25674698,3.8921418
24073,0,2,0,0.9059829,0.8717949,0.35797673,8.185849
24073,0,2,0.25,0.9230769,0.85470086,0.35797662,8.230507
24073,0,2,0.5,0.9145299,0.83760685,0.3579768,8.010576
24073,0,2,0.75,0.9145299,0.8632479,0.3579771,8.07403
24073,0,2,1,0.93162394,0.8888889,0.35797685,8.02929
24073,0,3,0,0.8717949,0.7692308,0.43380973,7.7424793
24073,0,3,0.25,0.8632479,0.75213677,0.43380973,7.9054203
24073,0,3,0.5,0.8717949,0.73504275,0.43380973,7.675836
24073,0,3,0.75,0.8717949,0.72649574,0.43380973,7.7788734
24073,0,3,1,0.8717949,0.71794873,0.43380967,7.7343507
24074,0,1,0,0.96581197,0.7008547,0.6598647,8.45392
24074,0,1,0.25,0.974359,0.6752137,0.659865,8.392614
24074,0,1,0.5,0.94017094,0.6923077,0.6598647,8.413927
24074,0,1,0.75,0.95726496,0.7094017,0.6598648,8.474921
24074,0,1,1,0.94871795,0.7094017,0.6598647,8.450645
24074,0,2,0,0.7008547,0.51282054,2.3391068,39.92312
24074,0,2,0.25,0.6581197,0.4871795,2.339107,40.573574
24074,0,2,0.5,0.62393165,0.4871795,2.339107,41.61338
24074,0,2,0.75,0.60683763,0.4871795,2.3391073,41.882126
24074,0,2,1,0.5897436,0.4871795,2.339107,42.655407
24074,0,3,0,0.75213677,0.8974359,1.1305785,15.679762
24074,0,3,0.25,0.73504275,0.8974359,1.130579,15.968241
24074,0,3,0.5,0.6923077,0.8803419,1.1305785,16.187185
24074,0,3,0.75,0.6837607,0.85470086,1.1305785,16.799063
24074,0,3,1,0.64102566,0.82905984,1.1305785,17.176762
24075,0,1,0,0.36752138,0.94871795,1.1543411,12.251872
24075,0,1,0.25,0.4017094,0.974359,1.1543412,12.8539715
24075,0,1,0.5,0.3931624,0.96581197,1.1543406,13.390675
24075,0,1,0.75,0.42735043,0.94871795,1.1543407,14.180107
24075,0,1,1,0.45299146,0.93162394,1.1543406,14.536478
24075,0,2,0,0.7948718,0.8119658,0.9088609,11.945643
24075,0,2,0.25,0.8119658,0.8119658,0.90886086,12.255362
24075,0,2,0.5,0.82051283,0.82905984,0.9088616,12.258062
24075,0,2,0.75,0.85470086,0.82051283,0.9088616,12.344955
24075,0,2,1,0.8888889,0.8034188,0.90886116,12.36578
24075,0,3,0,0.7777778,0.94017094,0.30347544,5.176564
24075,0,3,0.25,0.7606838,0.95726496,0.30347544,5.118839
24075,0,3,0.5,0.75213677,0.94871795,0.30347544,4.519932
24075,0,3,0.75,0.7606838,0.982906,0.30347544,4.566888
24075,0,3,1,0.7863248,0.95726496,0.30347544,4.401753
24076,0,1,0,0.8034188,0.72649574,0.41862494,7.614711
24076,0,1,0.25,0.8119658,0.73504275,0.4186249,6.0638285
24076,0,1,0.5,0.82905984,0.75213677,0.41862494,4.9226704
24076,0,1,0.75,0.84615386,0.7948718,0.4186251,4.3473105
24076,0,1,1,0.85470086,0.7948718,0.418625,4.06523
24076,0,2,0,0.5555556,0.974359,0.42459705,8.823591
24076,0,2,0.25,0.5811966,0.982906,0.42459705,7.4068427
24076,0,2,0.5,0.5897436,0.991453,0.42459702,6.225973
24076,0,2,0.75,0.5641026,0.94017094,0.42459705,5.1934476
24076,0,2,1,0.5470086,0.95726496,0.42459705,4.8623066
24076,0,3,0,0.82051283,0.8803419,0.5159397,9.304718
24076,0,3,0.25,0.8717949,0.9230769,0.51593983,7.7769575
24076,0,3,0.5,0.83760685,0.95726496,0.5159397,6.3455095
24076,0,3,0.75,0.8632479,0.991453,0.5159396,5.5030775
24076,0,3,1,0.8717949,0.982906,0.5159397,4.5090284
24077,0,1,0,0.43589744,0.93162394,1.3239291,12.589519
24077,0,1,0.25,0.45299146,0.95726496,1.3239288,12.453984
24077,0,1,0.5,0.44444445,0.95726496,1.3239287,12.595242
24077,0,1,0.75,0.42735043,0.9230769,1.3239286,12.629726
24077,0,1,1,0.42735043,0.9145299,1.3239288,12.100166
24077,0,2,0,0.9059829,0.9145299,0.46233276,5.7596974
24077,0,2,0.25,0.9059829,0.9230769,0.46233267,5.7194023
24077,0,2,0.5,0.9145299,0.9145299,0.46233276,5.68071
24077,0,2,0.75,0.9230769,0.9059829,0.46233276,5.663375
24077,0,2,1,0.9230769,0.9145299,0.46233276,5.6449366
24077,0,3,0,0.6666667,0.74358976,1.4641451,12.4575
24077,0,3,0.25,0.6752137,0.75213677,1.4641448,12.3878
24077,0,3,0.5,0.6837607,0.7606838,1.4641448,12.474394
24077,0,3,0.75,0.6923077,0.7606838,1.4641451,12.473325
24077,0,3,1,0.6923077,0.7692308,1.4641453,12.542991
24078,0,1,0,0.4017094,0.9059829,0.7051169,8.089657
24078,0,1,0.25,0.41025642,0.8974359,0.70511734,7.9476213
24078,0,1,0.5,0.41880342,0.8974359,0.7051164,7.901206
24078,0,1,0.75,0.41025642,0.9059829,0.705117,7.590213
24078,0,1,1,0.3931624,0.9059829,0.70511603,7.471514
24078,0,2,0,0.8119658,0.94017094,0.3688284,5.573053
24078,0,2,0.25,0.82051283,0.93162394,0.36882874,5.514512
24078,0,2,0.5,0.82905984,0.93162394,0.36882785,5.45287
24078,0,2,0.75,0.82905984,0.93162394,0.3688285,5.3203278
24078,0,2,1,0.7606838,0.94017094,0.36882764,5.235901
24078,0,3,0,0.96581197,0.52991456,0.54922754,6.9888687
24078,0,3,0.25,0.96581197,0.5555556,0.54922795,6.906828
24078,0,3,0.5,0.991453,0.52991456,0.5492271,6.799943
24078,0,3,0.75,0.95726496,0.53846157,0.5492278,6.80166
24078,0,3,1,0.95726496,0.53846157,0.5492275,6.7590923
24079,0,1,0,0.5982906,0.60683763,1.1830833,33.30243
24079,0,1,0.25,0.5726496,0.6837607,1.1830833,26.060133
24079,0,1,0.5,0.71794873,0.7094017,1.1830833,20.901533
24079,0,1,0.75,0.71794873,0.75213677,1.1830833,15.595345
24079,0,1,1,0.61538464,0.6666667,1.1830833,10.654346
24079,0,2,0,0.8632479,0.5641026,0.317251,8.398938
24079,0,2,0.25,0.8803419,0.63247865,0.31725082,6.923423
24079,0,2,0.5,0.9059829,0.6923077,0.317251,5.877509
24079,0,2,0.75,0.94017094,0.6837607,0.31725118,5.3166904
24079,0,2,1,0.96581197,0.75213677,0.317251,5.862141
24079,0,3,0,0.7094017,0.6923077,0.56578106,12.4261675
24079,0,3,0.25,0.71794873,0.71794873,0.56578106,9.457197
24079,0,3,0.5,0.7606838,0.73504275,0.565781,7.278122
24079,0,3,0.75,0.71794873,0.6495727,0.565781,6.140156
24079,0,3,1,0.82051283,0.74358976,0.565781,6.84245
24080,0,1,0,0.74358976,0.6581197,0.9394228,18.227617
24080,0,1,0.25,0.71794873,0.6752137,0.9394227,18.520382
24080,0,1,0.5,0.72649574,0.6581197,0.9394227,17.927717
24080,0,1,0.75,0.7094017,0.7008547,0.9394228,18.38414
24080,0,1,1,0.7008547,0.6752137,0.93942285,18.337183
24080,0,2,0,0.83760685,0.44444445,1.827547,30.987087
24080,0,2,0.25,0.82905984,0.45299146,1.827547,30.924278
24080,0,2,0.5,0.7948718,0.47863248,1.827547,30.782913
24080,0,2,0.75,0.73504275,0.47863248,1.827547,31.370752
24080,0,2,1,0.6923077,0.4871795,1.8275467,31.458118
24080,0,3,0,0.94017094,0.74358976,0.6415675,10.159515
24080,0,3,0.25,0.9230769,0.7948718,0.6415675,10.361931
24080,0,3,0.5,0.9230769,0.7863248,0.6415675,10.274573
24080,0,3,0.75,0.8888889,0.7777778,0.6415675,10.250879
24080,0,3,1,0.8888889,0.7692308,0.64156735,10.38726
24081,0,1,0,0.974359,0.52136755,0.31857923,3.526537
24081,0,1,0.25,0.96581197,0.5555556,0.31857923,2.7206044
24081,0,1,0.5,0.991453,0.5555556,0.31857923,1.878491
24081,0,1,0.75,0.991453,0.5470086,0.31857923,1.3307235
24081,0,1,1,1,0.5726496,0.31857923,1.1876647
24081,0,2,0,0.85470086,0.74358976,0.36257598,5.455675
24081,0,2,0.25,0.9145299,0.7777778,0.36257598,5.1099463
24081,0,2,0.5,0.974359,0.7692308,0.36257598,4.233014
24081,0,2,0.75,0.94871795,0.72649574,0.36257598,3.3155985
24081,0,2,1,0.982906,0.74358976,0.36257598,2.6645942
24081,0,3,0,0.8034188,0.7692308,0.47568917,5.362259
24081,0,3,0.25,0.8717949,0.7094017,0.47568905,6.8867483
24081,0,3,0.5,0.8632479,0.6923077,0.47568917,7.361608
24081,0,3,0.75,0.94017094,0.6495727,0.4756891,7.3954287
24081,0,3,1,0.93162394,0.63247865,0.4756891,6.910452
24082,0,1,0,0.4871795,0.96581197,0.28311032,4.0280504
24082,0,1,0.25,0.52991456,0.94871795,0.28311032,4.668522
24082,0,1,0.5,0.5811966,0.974359,0.28311035,5.3084674
24082,0,1,0.75,0.64102566,0.93162394,0.28311074,5.4346666
24082,0,1,1,0.74358976,1,0.2831101,4.6784334
24082,0,2,0,0.94017094,0.82051283,0.29789153,7.963461
24082,0,2,0.25,0.8717949,0.8803419,0.29789153,6.538582
24082,0,2,0.5,0.7948718,0.991453,0.2978916,5.98131
24082,0,2,0.75,0.75213677,0.991453,0.29789132,4.829421
24082,0,2,1,0.75213677,1,0.2978914,3.8120368
24082,0,3,0,0.8632479,0.47863248,0.6377917,12.905243
24082,0,3,0.25,0.73504275,0.5470086,0.63779163,13.848881
24082,0,3,0.5,0.74358976,0.74358976,0.6377918,15.210894
24082,0,3,0.75,0.6495727,0.74358976,0.63779175,13.64724
24082,0,3,1,0.5641026,1,0.6377916,10.650396
24083,0,1,0,0.7094017,0.94871795,0.38748848,3.15514
24083,0,1,0.25,0.7606838,0.9230769,0.38748828,3.830756
24083,0,1,0.5,0.75213677,0.8717949,0.38748828,4.2621336
24083,0,1,0.75,0.73504275,0.9059829,0.38748848,4.7050014
24083,0,1,1,0.75213677,0.8632479,0.38748828,4.351384
24083,0,2,0,0.94871795,0.85470086,0.26314792,2.0462916
24083,0,2,0.25,0.9230769,0.82905984,0.26314798,1.857661
24083,0,2,0.5,0.94017094,0.82905984,0.26314792,1.5233289
24083,0,2,0.75,0.95726496,0.7863248,0.26314792,1.4053633
24083,0,2,1,0.974359,0.7948718,0.26314792,1.1022863
24083,0,3,0,0.96581197,0.44444445,0.29273525,3.0224671
24083,0,3,0.25,0.974359,0.41880342,0.292735,3.3417633
24083,0,3,0.5,0.9059829,0.42735043,0.29273525,3.4542122
24083,0,3,0.75,0.95726496,0.4017094,0.29273525,3.6967769
24083,0,3,1,0.93162394,0.36752138,0.29273525,3.476809
24084,0,1,0,0.7008547,0.8974359,0.26249522,3.191708
24084,0,1,0.25,0.6923077,0.8974359,0.26249522,3.1868358
24084,0,1,0.5,0.7008547,0.8974359,0.26249525,3.211687
24084,0,1,0.75,0.72649574,0.9059829,0.26249522,3.2670965
24084,0,1,1,0.72649574,0.9059829,0.26249522,3.3999653
24084,0,2,0,1,0.4017094,0.40406606,6.922575
24084,0,2,0.25,0.96581197,0.36752138,0.40406612,6.8111687
24084,0,2,0.5,0.96581197,0.35897437,0.40406573,6.885442
24084,0,2,0.75,0.974359,0.37606838,0.40406606,6.8603354
24084,0,2,1,0.982906,0.37606838,0.4040659,6.866638
24084,0,3,0,0.75213677,0.9145299,0.26370212,4.5862374
24084,0,3,0.25,0.75213677,0.93162394,0.26370215,4.5325327
24084,0,3,0.5,0.7606838,0.9059829,0.26370212,4.4921455
24084,0,3,0.75,0.7606838,0.8803419,0.26370212,4.4268456
24084,0,3,1,0.75213677,0.8717949,0.26370212,4.3676133
24085,0,1,0,0.7606838,0.8034188,1.9561683,13.216494
24085,0,1,0.25,0.7606838,0.8119658,1.9561682,13.374271
24085,0,1,0.5,0.7606838,0.82051283,1.9561682,13.580647
24085,0,1,0.75,0.7606838,0.82051283,1.9561683,13.792921
24085,0,1,1,0.75213677,0.8119658,1.9561683,14.299358
24085,0,2,0,0.50427353,0.991453,0.7647803,8.636812
24085,0,2,0.25,0.50427353,0.991453,0.7647803,8.623932
24085,0,2,0.5,0.51282054,0.991453,0.7647806,8.599581
24085,0,2,0.75,0.50427353,1,0.7647801,8.579206
24085,0,2,1,0.52991456,1,0.7647803,8.534918
24085,0,3,0,0.8888889,0.9145299,0.32751292,1.6450155
24085,0,3,0.25,0.85470086,0.9230769,0.32751292,1.6241126
24085,0,3,0.5,0.83760685,0.9145299,0.3275128,1.6196933
24085,0,3,0.75,0.82905984,0.8974359,0.3275128,1.6114409
24085,0,3,1,0.82051283,0.9059829,0.32751292,1.6308873
24086,0,1,0,0.36752138,0.8717949,2.8999393,11.060478
24086,0,1,0.25,0.35042736,0.8717949,2.8999393,11.028889
24086,0,1,0.5,0.35042736,0.8632479,2.8999393,11.014054
24086,0,1,0.75,0.36752138,0.8717949,2.8999395,10.882812
24086,0,1,1,0.36752138,0.8717949,2.8999393,10.825244
24086,0,2,0,0.75213677,0.4957265,1.3844287,8.823936
24086,0,2,0.25,0.7606838,0.51282054,1.3844285,8.951897
24086,0,2,0.5,0.7692308,0.47863248,1.3844287,8.989919
24086,0,2,0.75,0.7777778,0.47008547,1.384429,8.880343
24086,0,2,1,0.7777778,0.47008547,1.3844287,8.873497
24086,0,3,0,0.974359,0.35042736,0.29475054,3.6741714
24086,0,3,0.25,0.974359,0.35042736,0.29475057,3.6788723
24086,0,3,0.5,0.96581197,0.35897437,0.29475054,3.6727705
24086,0,3,0.75,0.96581197,0.36752138,0.29475063,3.640892
24086,0,3,1,0.974359,0.3846154,0.29475054,3.658478
24087,0,1,0,0.8974359,0.3931624,0.68278885,11.555853
24087,0,1,0.25,0.7777778,0.36752138,0.68278885,8.035935
24087,0,1,0.5,0.9230769,0.44444445,0.6827886,7.2071886
24087,0,1,0.75,0.94871795,0.5811966,0.6827887,8.243926
24087,0,1,1,0.8632479,0.6923077,0.68278885,12.237757
24087,0,2,0,0.95726496,0.7008547,0.34868115,3.2228317
24087,0,2,0.25,0.9145299,0.7008547,0.34868136,2.5964937
24087,0,2,0.5,0.974359,0.73504275,0.3486814,3.6581662
24087,0,2,0.75,1,0.8034188,0.34868157,4.356287
24087,0,2,1,0.96581197,0.71794873,0.3486814,7.8628025
24087,0,3,0,0.94017094,0.6837607,0.51201606,3.9723816
24087,0,3,0.25,0.96581197,0.7094017,0.51201624,2.70784
24087,0,3,0.5,0.9145299,0.7008547,0.5120163,2.2733672
24087,0,3,0.75,0.95726496,0.75213677,0.5120165,3.301573
24087,0,3,1,0.9059829,0.72649574,0.51201624,8.274047
24088,0,1,0,0.85470086,0.8119658,0.32164088,1.6294106
24088,0,1,0.25,0.84615386,0.83760685,0.3216409,1.6050426
24088,0,1,0.5,0.84615386,0.8803419,0.32164067,1.6520545
24088,0,1,0.75,0.84615386,0.85470086,0.32164067,1.461215
24088,0,1,1,0.8803419,0.8632479,0.32164088,1.4012313
24088,0,2,0,0.73504275,0.62393165,0.79751265,7.123205
24088,0,2,0.25,0.7606838,0.63247865,0.7975126,7.2130933
24088,0,2,0.5,0.8034188,0.6837607,0.7975126,7.1778984
24088,0,2,0.75,0.8119658,0.6837607,0.7975128,7.144251
24088,0,2,1,0.83760685,0.6837607,0.79751265,7.200687
24088,0,3,0,0.93162394,0.47008547,0.40527266,3.111452
24088,0,3,0.25,0.8974359,0.44444445,0.40527287,2.9026499
24088,0,3,0.5,0.8888889,0.45299146,0.40527278,3.014639
24088,0,3,0.75,0.9230769,0.46153846,0.40527236,2.9473958
24088,0,3,1,0.9230769,0.47863248,0.40527266,2.8062477
24089,0,1,0,0.60683763,0.5555556,2.3382401,37.09532
24089,0,1,0.25,0.5897436,0.5726496,2.3382401,37.350006
24089,0,1,0.5,0.61538464,0.5555556,2.3382401,37.059395
24089,0,1,0.75,0.60683763,0.52136755,2.3382401,36.514053
24089,0,1,1,0.61538464,0.50427353,2.3382401,36.79963
24089,0,2,0,0.6837607,0.7008547,0.4518185,11.283604
24089,0,2,0.25,0.6495727,0.7094017,0.4518184,11.396236
24089,0,2,0.5,0.6495727,0.7008547,0.45181838,11.506678
24089,0,2,0.75,0.64102566,0.6923077,0.45181853,11.539911
24089,0,2,1,0.6666667,0.7008547,0.4518185,11.628253
24089,0,3,0,0.9059829,0.5555556,0.31531674,7.613409
24089,0,3,0.25,0.9145299,0.5641026,0.3153166,7.6511397
24089,0,3,0.5,0.8974359,0.5641026,0.31531686,7.845274
24089,0,3,0.75,0.8974359,0.5641026,0.3153168,7.930709
24089,0,3,1,0.9145299,0.5470086,0.31531674,8.099255
24090,0,1,0,0.8717949,0.9230769,0.29099327,2.0263643
24090,0,1,0.25,0.9145299,0.94871795,0.2909934,2.1445556
24090,0,1,0.5,0.9145299,0.95726496,0.2909934,2.1880538
24090,0,1,0.75,0.8974359,0.94871795,0.29099318,2.2639465
24090,0,1,1,0.9145299,0.9059829,0.29099336,2.253572
24090,0,2,0,0.982906,0.6837607,0.5285002,3.4196231
24090,0,2,0.25,0.96581197,0.6666667,0.52850044,3.5178819
24090,0,2,0.5,0.94871795,0.60683763,0.52850026,3.6973395
24090,0,2,0.75,0.95726496,0.60683763,0.5285,3.8757112
24090,0,2,1,0.94017094,0.5982906,0.5285002,4.542664
24090,0,3,0,0.94871795,0.51282054,0.3058779,3.6008854
24090,0,3,0.25,0.96581197,0.52136755,0.30587816,3.4235096
24090,0,3,0.5,0.94871795,0.5470086,0.30587766,3.2548952
24090,0,3,0.75,0.974359,0.52991456,0.30587763,2.9301677
24090,0,3,1,0.974359,0.52136755,0.3058779,2.8959556
24091,0,1,0,0.7948718,0.74358976,1.1904008,21.158485
24091,0,1,0.25,0.7948718,0.74358976,1.1904006,21.236649
24091,0,1,0.5,0.7692308,0.74358976,1.1904007,21.218258
24091,0,1,0.75,0.74358976,0.7606838,1.1904008,21.16687
24091,0,1,1,0.7606838,0.74358976,1.1904008,20.971004
24091,0,2,0,0.47008547,0.74358976,2.2583632,42.0392
24091,0,2,0.25,0.47863248,0.7692308,2.2583628,42.10408
24091,0,2,0.5,0.45299146,0.7606838,2.258363,42.265465
24091,0,2,0.75,0.44444445,0.7606838,2.258363,42.175568
24091,0,2,1,0.44444445,0.75213677,2.2583632,42.058678
24091,0,3,0,0.35897437,0.9145299,1.3632395,18.109173
24091,0,3,0.25,0.35042736,0.9145299,1.3632394,18.248484
24091,0,3,0.5,0.35897437,0.9059829,1.3632394,18.034073
24091,0,3,0.75,0.36752138,0.8974359,1.3632396,18.051786
24091,0,3,1,0.3931624,0.8717949,1.3632395,18.016834
24092,0,1,0,0.35897437,0.73504275,1.5296799,32.616425
24092,0,1,0.25,0.41025642,0.7094017,1.5296804,29.975632
24092,0,1,0.5,0.62393165,0.64102566,1.52968,31.603024
24092,0,1,0.75,0.75213677,0.6666667,1.5296798,25.420189
24092,0,1,1,0.9230769,0.6666667,1.52968,18.652163
24092,0,2,0,0.7777778,0.6666667,0.3550099,5.880039
24092,0,2,0.25,0.82905984,0.63247865,0.35501015,6.905422
24092,0,2,0.5,0.83760685,0.61538464,0.35501015,8.879822
24092,0,2,0.75,0.83760685,0.5726496,0.35501015,9.793348
24092,0,2,1,0.96581197,0.5726496,0.35501015,8.422304
24092,0,3,0,0.5641026,0.74358976,0.97137755,17.573483
24092,0,3,0.25,0.73504275,0.71794873,0.9713777,18.680916
24092,0,3,0.5,0.74358976,0.6581197,0.9713774,17.889935
24092,0,3,0.75,0.7863248,0.51282054,0.9713774,15.265365
24092,0,3,1,0.8034188,0.4957265,0.9713774,10.2535305
24093,0,1,0,0.6666667,0.94017094,0.28456083,3.3457055
24093,0,1,0.25,0.6666667,0.93162394,0.28456083,3.3011947
24093,0,1,0.5,0.6752137,0.93162394,0.28456083,3.2707248
24093,0,1,0.75,0.6752137,0.93162394,0.28456083,3.2638435
24093,0,1,1,0.6581197,0.94017094,0.28456083,3.1993132
24093,0,2,0,0.44444445,0.95726496,1.3572202,7.8860545
24093,0,2,0.25,0.46153846,0.94017094,1.3572199,7.9054794
24093,0,2,0.5,0.46153846,0.94017094,1.3572203,7.904645
24093,0,2,0.75,0.45299146,0.94017094,1.3572199,7.8760405
24093,0,2,1,0.45299146,0.94017094,1.3572202,7.889543
24093,0,3,0,0.35042736,0.8717949,0.43966734,7.023223
24093,0,3,0.25,0.35042736,0.8632479,0.43966734,6.819836
24093,0,3,0.5,0.37606838,0.8632479,0.43966734,6.738285
24093,0,3,0.75,0.37606838,0.8632479,0.43966734,6.75339
24093,0,3,1,0.3846154,0.8803419,0.43966734,6.7320833
24094,0,1,0,0.5897436,0.82051283,1.363632,5.6701436
24094,0,1,0.25,0.5811966,0.84615386,1.3636318,5.7955675
24094,0,1,0.5,0.5726496,0.84615386,1.3636318,5.7737246
24094,0,1,0.75,0.5811966,0.82051283,1.3636311,5.687027
24094,0,1,1,0.5641026,0.82905984,1.363632,5.6128426
24094,0,2,0,0.991453,0.47008547,0.49542993,2.0358324
24094,0,2,0.25,0.982906,0.47863248,0.49542993,2.0732903
24094,0,2,0.5,0.974359,0.4957265,0.49542993,2.090263
24094,0,2,0.75,0.974359,0.50427353,0.49542916,2.1134229
24094,0,2,1,0.94871795,0.4957265,0.49542993,2.0958593
24094,0,3,0,0.64102566,0.982906,0.5476611,2.3236847
24094,0,3,0.25,0.64102566,0.974359,0.547662,2.3546147
24094,0,3,0.5,0.64102566,0.96581197,0.5476612,2.3099678
24094,0,3,0.75,0.63247865,0.974359,0.54766154,2.31987
24094,0,3,1,0.64102566,0.96581197,0.5476611,2.3743467
24095,0,1,0,0.9059829,0.8974359,0.31389573,4.9069448
24095,0,1,0.25,0.8974359,0.8632479,0.31389597,5.041654
24095,0,1,0.5,0.9059829,0.8803419,0.3138955,5.217067
24095,0,1,0.75,0.9059829,0.8119658,0.3138959,5.2664824
24095,0,1,1,0.8888889,0.84615386,0.31389573,5.742203
24095,0,2,0,0.53846157,0.8717949,2.0728452,15.312592
24095,0,2,0.25,0.53846157,0.85470086,2.0728452,14.759038
24095,0,2,0.5,0.52991456,0.8034188,2.0728452,14.113783
24095,0,2,0.75,0.52991456,0.75213677,2.072845,13.486092
24095,0,2,1,0.4957265,0.74358976,2.0728452,13.236295
24095,0,3,0,0.84615386,0.7948718,1.6989129,13.042461
24095,0,3,0.25,0.8119658,0.7692308,1.6989129,12.709791
24095,0,3,0.5,0.7948718,0.6837607,1.6989131,11.779698
24095,0,3,0.75,0.8034188,0.64102566,1.6989126,11.639357
24095,0,3,1,0.7777778,0.6581197,1.6989129,11.981407
24096,0,1,0,0.71794873,0.7948718,0.7549865,17.930088
24096,0,1,0.25,0.61538464,0.8717949,0.7549866,17.612194
24096,0,1,0.5,0.5470086,0.93162394,0.7549865,15.271563
24096,0,1,0.75,0.52991456,0.94017094,0.7549866,11.259068
24096,0,1,1,0.5470086,0.95726496,0.7549866,7.948943
24096,0,2,0,0.94871795,0.3846154,0.6508868,8.52288
24096,0,2,0.25,0.95726496,0.4017094,0.6508868,9.732512
24096,0,2,0.5,0.93162394,0.46153846,0.6508868,10.688112
24096,0,2,0.75,0.95726496,0.60683763,0.6508868,10.567442
24096,0,2,1,0.95726496,0.6837607,0.6508868,10.276488
24096,0,3,0,0.82905984,0.5641026,1.0303576,13.901924
24096,0,3,0.25,0.93162394,0.5897436,1.0303576,11.967897
24096,0,3,0.5,0.94871795,0.60683763,1.0303577,9.685049
24096,0,3,0.75,0.96581197,0.60683763,1.0303577,7.975301
24096,0,3,1,0.93162394,0.5982906,1.0303577,7.3552194
24097,0,1,0,0.9145299,0.47863248,0.45187983,4.080556
24097,0,1,0.25,0.94017094,0.51282054,0.45187983,4.427864
24097,0,1,0.5,0.95726496,0.52991456,0.45187986,4.498233
24097,0,1,0.75,0.974359,0.53846157,0.4518798,4.4305267
24097,0,1,1,0.93162394,0.53846157,0.45187983,4.737836
24097,0,2,0,0.93162394,0.63247865,0.53753394,5.549883
24097,0,2,0.25,0.8803419,0.52136755,0.5375339,5.861354
24097,0,2,0.5,0.8974359,0.4871795,0.5375338,5.7713437
24097,0,2,0.75,0.8717949,0.51282054,0.5375338,6.077503
24097,0,2,1,0.82905984,0.4957265,0.5375338,6.536129
24097,0,3,0,0.84615386,0.8034188,0.8935843,8.750744
24097,0,3,0.25,0.8119658,0.74358976,0.8935843,9.279944
24097,0,3,0.5,0.82051283,0.6495727,0.8935843,9.186256
24097,0,3,0.75,0.82051283,0.6666667,0.89358413,9.847746
24097,0,3,1,0.7948718,0.5982906,0.8935843,10.158792
24098,0,1,0,0.8119658,0.9230769,0.28045088,3.8878622
24098,0,1,0.25,0.8034188,0.9230769,0.28045112,3.8430653
24098,0,1,0.5,0.8119658,0.8974359,0.28045112,3.744824
24098,0,1,0.75,0.85470086,0.9145299,0.28045076,3.6832538
24098,0,1,1,0.84615386,0.8974359,0.28045088,3.686848
24098,0,2,0,0.94017094,0.5641026,0.34257808,1.6817547
24098,0,2,0.25,0.974359,0.5470086,0.3425784,1.6430721
24098,0,2,0.5,1,0.53846157,0.3425786,1.5886118
24098,0,2,0.75,1,0.53846157,0.34257805,1.5560589
24098,0,2,1,0.991453,0.52136755,0.34257808,1.51143
24098,0,3,0,0.991453,0.64102566,0.27202877,1.97035
24098,0,3,0.25,1,0.63247865,0.27202877,1.9550688
24098,0,3,0.5,0.991453,0.61538464,0.27202877,1.9301546
24098,0,3,0.75,0.991453,0.63247865,0.272029,1.9174349
24098,0,3,1,0.991453,0.61538464,0.27202877,1.9326472
24099,0,1,0,0.974359,0.42735043,0.4618157,2.5347455
24099,0,1,0.25,0.96581197,0.41880342,0.4618157,2.3994918
24099,0,1,0.5,0.982906,0.41025642,0.4618157,2.296715
24099,0,1,0.75,0.974359,0.4017094,0.4618157,2.1982713
24099,0,1,1,0.96581197,0.4017094,0.4618157,2.126358
24099,0,2,0,0.6581197,1,0.4283526,3.2068334
24099,0,2,0.25,0.6752137,0.974359,0.4283526,3.3902068
24099,0,2,0.5,0.6837607,0.982906,0.4283526,3.5588815
24099,0,2,0.75,0.6581197,0.991453,0.4283526,3.6321163
24099,0,2,1,0.6581197,0.974359,0.4283526,3.6471667
24099,0,3,0,0.96581197,0.5641026,0.94943285,6.655821
24099,0,3,0.25,0.974359,0.64102566,0.9494329,7.140321
24099,0,3,0.5,0.96581197,0.63247865,0.94943297,7.3741636
24099,0,3,0.75,0.95726496,0.71794873,0.9494328,7.870653
24099,0,3,1,0.95726496,0.73504275,0.9494329,8.065848
24100,0,1,0,0.64102566,0.72649574,1.7305342,25.485676
24100,0,1,0.25,0.60683763,0.7094017,1.7305344,27.043682
24100,0,1,0.5,0.5555556,0.75213677,1.7305342,27.367405
24100,0,1,0.75,0.4871795,0.7777778,1.7305342,28.594471
24100,0,1,1,0.4017094,0.7948718,1.7305342,29.986635
24100,0,2,0,0.96581197,0.74358976,0.2661619,3.4720082
24100,0,2,0.25,0.982906,0.74358976,0.26616198,3.430622
24100,0,2,0.5,0.982906,0.75213677,0.2661619,3.4502873
24100,0,2,0.75,0.974359,0.7606838,0.2661619,3.4322646
24100,0,2,1,0.991453,0.74358976,0.2661619,3.4985347
24100,0,3,0,0.9230769,0.73504275,0.691782,7.1288447
24100,0,3,0.25,0.94871795,0.7692308,0.6917821,7.3146152
24100,0,3,0.5,0.96581197,0.7777778,0.691782,7.4237633
24100,0,3,0.75,0.94871795,0.8119658,0.691782,7.5402317
24100,0,3,1,0.93162394,0.8119658,0.691782,7.774163
24101,0,1,0,0.7606838,0.8803419,0.46306118,10.316929
24101,0,1,0.25,0.75213677,0.8974359,0.46306124,10.475372
24101,0,1,0.5,0.7777778,0.8974359,0.46306112,10.630737
24101,0,1,0.75,0.7692308,0.8974359,0.4630613,10.744158
24101,0,1,1,0.75213677,0.8888889,0.46306133,10.92281
24101,0,2,0,0.73504275,0.50427353,0.9171546,18.307014
24101,0,2,0.25,0.74358976,0.47008547,0.91715455,18.389942
24101,0,2,0.5,0.7692308,0.47863248,0.91715467,18.825281
24101,0,2,0.75,0.7863248,0.47008547,0.91715455,19.423058
24101,0,2,1,0.74358976,0.47863248,0.9171546,20.063736
24101,0,3,0,0.44444445,0.9059829,0.35125977,3.7816973
24101,0,3,0.25,0.45299146,0.8803419,0.35125974,4.1839232
24101,0,3,0.5,0.45299146,0.8888889,0.35125965,4.4292297
24101,0,3,0.75,0.47863248,0.8888889,0.3512597,4.7424564
24101,0,3,1,0.4871795,0.9145299,0.35125974,5.0801973
24102,0,1,0,0.5897436,0.74358976,1.343863,13.423773
24102,0,1,0.25,0.5811966,0.7692308,1.3438628,12.64715
24102,0,1,0.5,0.62393165,0.7863248,1.3438632,11.296556
24102,0,1,0.75,0.7008547,0.73504275,1.3438634,10.748409
24102,0,1,1,0.5726496,0.52991456,1.3438629,8.471536
24102,0,2,0,0.7948718,0.71794873,0.5044749,8.570238
24102,0,2,0.25,0.82051283,0.71794873,0.5044753,8.779842
24102,0,2,0.5,0.8632479,0.75213677,0.5044748,9.581746
24102,0,2,0.75,0.8803419,0.7606838,0.50447464,8.801151
24102,0,2,1,0.64102566,0.6837607,0.504475,7.7649117
24102,0,3,0,0.982906,0.37606838,0.5287185,4.6441936
24102,0,3,0.25,0.974359,0.3846154,0.5287185,5.5853014
24102,0,3,0.5,0.94871795,0.3846154,0.5287185,6.1049256
24102,0,3,0.75,0.96581197,0.3931624,0.5287185,6.3780107
24102,0,3,1,0.982906,0.4017094,0.5287185,10.340309
24103,0,1,0,0.94017094,0.64102566,0.61127806,14.585458
24103,0,1,0.25,0.974359,0.6495727,0.6112782,14.726086
24103,0,1,0.5,0.95726496,0.62393165,0.61127806,14.694326
24103,0,1,0.75,0.94871795,0.63247865,0.611278,14.99863
24103,0,1,1,0.974359,0.5470086,0.61127806,14.60857
24103,0,2,0,0.47863248,0.8888889,0.31878313,11.385958
24103,0,2,0.25,0.47863248,0.8632479,0.3187833,11.980501
24103,0,2,0.5,0.47008547,0.85470086,0.31878313,12.266733
24103,0,2,0.75,0.45299146,0.8888889,0.31878313,12.449522
24103,0,2,1,0.46153846,0.74358976,0.31878313,12.715866
24103,0,3,0,0.6666667,0.64102566,0.7984333,23.606712
24103,0,3,0.25,0.6837607,0.6495727,0.7984334,23.899479
24103,0,3,0.5,0.6752137,0.63247865,0.79843336,23.60728
24103,0,3,0.75,0.6581197,0.5897436,0.7984333,23.690771
24103,0,3,1,0.6752137,0.41025642,0.7984333,22.53284
24104,0,1,0,0.982906,0.41025642,0.5277582,4.2018843
24104,0,1,0.25,0.982906,0.50427353,0.5277582,5.270734
24104,0,1,0.5,0.974359,0.52991456,0.5277582,5.6960607
24104,0,1,0.75,0.974359,0.52991456,0.5277581,6.733761
24104,0,1,1,0.95726496,0.47008547,0.5277582,7.972825
24104,0,2,0,0.974359,0.7777778,0.4976345,5.230721
24104,0,2,0.25,0.974359,0.7606838,0.49763438,6.3814325
24104,0,2,0.5,0.974359,0.7094017,0.4976345,7.379198
24104,0,2,0.75,0.974359,0.6581197,0.4976345,8.566717
24104,0,2,1,0.96581197,0.60683763,0.4976345,9.611917
24104,0,3,0,0.75213677,0.8717949,1.0371704,14.190041
24104,0,3,0.25,0.7863248,0.75213677,1.0371704,16.72393
24104,0,3,0.5,0.8717949,0.6923077,1.0371704,17.94205
24104,0,3,0.75,0.8888889,0.53846157,1.0371704,18.725079
24104,0,3,1,0.93162394,0.4871795,1.0371704,18.627323
24105,0,1,0,0.6752137,0.974359,0.42574215,6.041616
24105,0,1,0.25,0.6666667,0.974359,0.42574227,6.0164623
24105,0,1,0.5,0.6495727,0.974359,0.42574227,6.0179596
24105,0,1,0.75,0.6581197,0.974359,0.42574215,6.0146637
24105,0,1,1,0.64102566,0.96581197,0.42574215,6.016573
24105,0,2,0,0.991453,0.6923077,0.2658354,3.5271685
24105,0,2,0.25,0.991453,0.6837607,0.26583526,3.5538054
24105,0,2,0.5,0.991453,0.7008547,0.26583555,3.5563054
24105,0,2,0.75,1,0.7008547,0.26583526,3.5950842
24105,0,2,1,1,0.6923077,0.2658354,3.632276
24105,0,3,0,1,0.7777778,0.35467046,5.5275717
24105,0,3,0.25,0.991453,0.7692308,0.3546703,5.5631747
24105,0,3,0.5,0.982906,0.7692308,0.35467008,5.5228157
24105,0,3,0.75,0.96581197,0.74358976,0.3546704,5.589005
24105,0,3,1,0.96581197,0.75213677,0.35467026,5.578083
24106,0,1,0,0.93162394,0.45299146,0.4674481,4.82128
24106,0,1,0.25,0.95726496,0.44444445,0.4674476,4.6680126
24106,0,1,0.5,0.95726496,0.47008547,0.4674481,4.60666
24106,0,1,0.75,0.974359,0.47008547,0.46744806,4.479191
24106,0,1,1,0.982906,0.44444445,0.46744806,4.2840495
24106,0,2,0,0.82051283,0.6752137,0.99570584,11.478714
24106,0,2,0.25,0.8119658,0.6837607,0.99570584,10.713837
24106,0,2,0.5,0.85470086,0.7094017,0.9957057,10.272641
24106,0,2,0.75,0.8803419,0.7606838,0.99570626,9.620517
24106,0,2,1,0.8974359,0.8119658,0.99570584,8.89501
24106,0,3,0,0.6837607,0.5897436,2.7633681,28.66372
24106,0,3,0.25,0.71794873,0.6837607,2.7633681,28.058002
24106,0,3,0.5,0.7008547,0.73504275,2.7633677,28.189476
24106,0,3,0.75,0.5982906,0.7948718,2.763368,29.32896
24106,0,3,1,0.5641026,0.8632479,2.7633681,27.07209
24107,0,1,0,0.3846154,0.95726496,1.2047846,8.137171
24107,0,1,0.25,0.3931624,0.982906,1.2047848,8.292217
24107,0,1,0.5,0.3846154,0.94871795,1.2047846,8.34989
24107,0,1,0.75,0.36752138,0.96581197,1.204785,8.023059
24107,0,1,1,0.36752138,0.94871795,1.2047848,8.185178
24107,0,2,0,0.71794873,0.8974359,0.6749851,6.9525094
24107,0,2,0.25,0.72649574,0.8717949,0.6749854,7.192056
24107,0,2,0.5,0.73504275,0.85470086,0.6749851,7.085723
24107,0,2,0.75,0.72649574,0.9059829,0.6749852,7.053339
24107,0,2,1,0.73504275,0.8803419,0.6749851,7.1909814
24107,0,3,0,0.6752137,0.8888889,0.7295883,6.055294
24107,0,3,0.25,0.6923077,0.8803419,0.72958857,6.1936116
24107,0,3,0.5,0.7094017,0.8888889,0.7295884,6.361781
24107,0,3,0.75,0.7008547,0.8717949,0.72958857,6.316769
24107,0,3,1,0.6752137,0.8974359,0.7295883,6.168107
24108,0,1,0,0.52136755,0.5470086,2.3007185,26.466541
24108,0,1,0.25,0.4871795,0.5470086,2.3007185,25.911274
24108,0,1,0.5,0.4871795,0.52136755,2.3007188,25.10478
24108,0,1,0.75,0.45299146,0.47008547,2.3007188,23.950106
24108,0,1,1,0.41880342,0.47008547,2.3007185,23.097782
24108,0,2,0,0.41025642,0.93162394,0.6078606,6.683707
24108,0,2,0.25,0.41880342,0.94017094,0.60785973,6.6017504
24108,0,2,0.5,0.43589744,0.94017094,0.60785973,6.39995
24108,0,2,0.75,0.44444445,0.94017094,0.60785973,6.2839637
24108,0,2,1,0.47008547,0.982906,0.6078606,6.1602087
24108,0,3,0,0.9145299,0.72649574,0.27969608,2.1522455
24108,0,3,0.25,0.9145299,0.71794873,0.27969563,2.1563962
24108,0,3,0.5,0.9145299,0.71794873,0.2796957,2.13318
24108,0,3,0.75,0.8888889,0.73504275,0.2796961,2.108396
24108,0,3,1,0.93162394,0.72649574,0.27969608,2.5399156
24109,0,1,0,0.6495727,0.62393165,0.5604365,8.961882
24109,0,1,0.25,0.43589744,0.45299146,0.56043655,9.712171
24109,0,1,0.5,0.4017094,0.3931624,0.56043637,10.527932
24109,0,1,0.75,0.3846154,0.47863248,0.5604364,9.988778
24109,0,1,1,0.5470086,0.71794873,0.5604365,8.849155
24109,0,2,0,0.64102566,0.5811966,0.623595,9.822998
24109,0,2,0.25,0.7094017,0.6752137,0.623595,8.697046
24109,0,2,0.5,0.82051283,0.73504275,0.623595,8.612657
24109,0,2,0.75,0.84615386,0.7863248,0.623595,8.862273
24109,0,2,1,0.71794873,0.7008547,0.623595,8.872561
24109,0,3,0,0.53846157,0.5897436,0.96072483,16.383331
24109,0,3,0.25,0.62393165,0.62393165,0.96072483,15.095344
24109,0,3,0.5,0.7094017,0.6495727,0.96072483,14.087055
24109,0,3,0.75,0.85470086,0.7094017,0.96072483,13.677931
24109,0,3,1,0.8119658,0.6581197,0.96072483,13.029446
24110,0,1,0,0.6837607,0.64102566,0.45899695,15.421949
24110,0,1,0.25,0.6752137,0.6666667,0.45899698,16.09139
24110,0,1,0.5,0.6837607,0.6666667,0.4589969,16.794693
24110,0,1,0.75,0.6752137,0.6581197,0.45899695,17.587812
24110,0,1,1,0.6666667,0.6581197,0.45899695,18.032724
24110,0,2,0,0.44444445,0.6581197,0.64754647,29.621342
24110,0,2,0.25,0.42735043,0.63247865,0.64754647,27.4315
24110,0,2,0.5,0.4017094,0.62393165,0.6475464,25.60305
24110,0,2,0.75,0.4017094,0.63247865,0.64754647,24.707047
24110,0,2,1,0.41880342,0.64102566,0.64754647,25.048187
24110,0,3,0,0.52136755,0.36752138,1.527585,53.875237
24110,0,3,0.25,0.5470086,0.3846154,1.5275849,52.379566
24110,0,3,0.5,0.5555556,0.4017094,1.527585,53.52188
24110,0,3,0.75,0.62393165,0.36752138,1.527585,53.010254
24110,0,3,1,0.62393165,0.35042736,1.527585,53.601467
24111,0,1,0,0.8974359,0.60683763,1.5016276,11.194492
24111,0,1,0.25,0.9230769,0.6495727,1.5016273,12.148718
24111,0,1,0.5,0.8803419,0.71794873,1.5016276,12.585133
24111,0,1,0.75,0.8803419,0.7606838,1.5016278,13.17963
24111,0,1,1,0.8888889,0.82051283,1.5016276,13.960865
24111,0,2,0,0.62393165,0.94871795,0.5512931,4.656417
24111,0,2,0.25,0.5982906,0.982906,0.5512931,4.6085787
24111,0,2,0.5,0.5726496,0.94871795,0.5512931,4.4481096
24111,0,2,0.75,0.52991456,0.974359,0.5512931,4.2436714
24111,0,2,1,0.53846157,0.96581197,0.5512931,4.5536985
24111,0,3,0,0.8974359,0.5641026,1.0719573,12.875456
24111,0,3,0.25,0.9059829,0.5811966,1.0719572,11.51981
24111,0,3,0.5,0.9059829,0.5726496,1.0719573,10.651009
24111,0,3,0.75,0.85470086,0.5470086,1.0719572,9.841576
24111,0,3,1,0.9145299,0.53846157,1.0719572,9.625636
24112,0,1,0,0.9230769,0.4017094,0.31643635,1.8990868
24112,0,1,0.25,0.94017094,0.42735043,0.31643635,2.2539876
24112,0,1,0.5,0.93162394,0.4017094,0.3164363,2.1675875
24112,0,1,0.75,0.991453,0.42735043,0.31643638,2.3701882
24112,0,1,1,0.96581197,0.43589744,0.31643626,2.6855717
24112,0,2,0,0.8632479,0.4957265,1.5570402,15.755883
24112,0,2,0.25,0.83760685,0.53846157,1.5570402,16.080276
24112,0,2,0.5,0.85470086,0.4871795,1.5570403,15.232704
24112,0,2,0.75,0.8717949,0.5897436,1.5570402,16.824867
24112,0,2,1,0.7863248,0.53846157,1.5570402,17.394356
24112,0,3,0,0.8803419,0.46153846,1.0185775,8.038931
24112,0,3,0.25,0.8888889,0.47863248,1.0185775,9.408434
24112,0,3,0.5,0.84615386,0.46153846,1.0185776,9.21324
24112,0,3,0.75,0.9230769,0.47008547,1.0185776,10.201911
24112,0,3,1,0.94017094,0.52991456,1.0185775,11.024735
24113,0,1,0,0.8717949,0.8034188,0.32910702,4.1535006
24113,0,1,0.25,0.8803419,0.7777778,0.3291071,4.164258
24113,0,1,0.5,0.8974359,0.7606838,0.32910702,5.1798215
24113,0,1,0.75,0.94017094,0.7777778,0.329107,4.8937006
24113,0,1,1,0.93162394,0.8717949,0.32910702,4.57746
24113,0,2,0,0.982906,0.45299146,0.92307574,7.6361895
24113,0,2,0.25,0.94871795,0.44444445,0.9230758,7.3942246
24113,0,2,0.5,0.8888889,0.35897437,0.9230758,6.9386277
24113,0,2,0.75,0.982906,0.37606838,0.9230757,9.062929
24113,0,2,1,1,0.41880342,0.92307526,7.645294
24113,0,3,0,0.982906,0.47863248,0.63346386,5.3942375
24113,0,3,0.25,0.96581197,0.4957265,0.633464,5.239599
24113,0,3,0.5,0.8974359,0.47863248,0.63346386,5.374654
24113,0,3,0.75,0.974359,0.47863248,0.6334638,6.380801
24113,0,3,1,1,0.47008547,0.63346374,5.388828
24114,0,1,0,0.83760685,0.95726496,1.0700135,15.245129
24114,0,1,0.25,0.8717949,0.8717949,1.0700141,15.3590975
24114,0,1,0.5,0.9059829,0.83760685,1.0700136,15.08598
24114,0,1,0.75,0.9145299,0.73504275,1.0700134,15.488602
24114,0,1,1,0.9145299,0.5982906,1.0700136,16.689219
24114,0,2,0,0.96581197,0.50427353,1.7127787,18.456928
24114,0,2,0.25,0.95726496,0.5641026,1.7127784,19.45984
24114,0,2,0.5,0.93162394,0.62393165,1.7127787,20.530134
24114,0,2,0.75,0.93162394,0.6581197,1.7127786,21.26234
24114,0,2,1,0.9059829,0.7008547,1.7127787,22.669258
24114,0,3,0,0.93162394,1,0.2806847,3.1295846
24114,0,3,0.25,0.9230769,0.982906,0.28068504,3.1797223
24114,0,3,0.5,0.9145299,0.991453,0.2806848,3.196384
24114,0,3,0.75,0.8803419,0.982906,0.28068465,3.3000941
24114,0,3,1,0.85470086,0.982906,0.2806848,3.4704452
24115,0,1,0,0.6581197,0.9059829,0.2625083,4.92031
24115,0,1,0.25,0.5641026,0.8974359,0.2625083,7.6297307
24115,0,1,0.5,0.5470086,0.95726496,0.2625083,6.3191376
24115,0,1,0.75,0.5726496,0.991453,0.2625083,4.467763
24115,0,1,1,0.52991456,0.96581197,0.2625083,3.2297826
24115,0,2,0,0.7692308,0.85470086,0.41122654,5.110037
24115,0,2,0.25,0.71794873,0.8632479,0.41122648,8.292602
24115,0,2,0.5,0.63247865,0.9230769,0.41122654,8.597654
24115,0,2,0.75,0.6495727,0.982906,0.4112264,6.991374
24115,0,2,1,0.51282054,0.9230769,0.41122654,5.6320643
24115,0,3,0,0.94017094,0.64102566,0.68884075,12.598322
24115,0,3,0.25,0.82051283,0.60683763,0.6888407,18.388115
24115,0,3,0.5,0.6666667,0.7948718,0.68884075,17.643978
24115,0,3,0.75,0.7094017,0.9059829,0.68884075,12.1458645
24115,0,3,1,0.6495727,0.9145299,0.68884075,8.845073
24116,0,1,0,0.8632479,0.52136755,1.3837326,7.633047
24116,0,1,0.25,0.85470086,0.53846157,1.3837329,7.4307766
24116,0,1,0.5,0.8632479,0.53846157,1.3837327,6.673197
24116,0,1,0.75,0.8803419,0.5470086,1.3837327,6.4882126
24116,0,1,1,0.8803419,0.53846157,1.3837326,6.382519
24116,0,2,0,0.93162394,0.45299146,0.47809073,5.736406
24116,0,2,0.25,0.94017094,0.45299146,0.47809076,5.4552116
24116,0,2,0.5,0.94871795,0.44444445,0.47809094,5.2542353
24116,0,2,0.75,0.94871795,0.44444445,0.47809058,5.281684
24116,0,2,1,0.93162394,0.45299146,0.47809073,5.261506
24116,0,3,0,0.5470086,0.7863248,1.1578289,9.646402
24116,0,3,0.25,0.52991456,0.7863248,1.157829,9.642933
24116,0,3,0.5,0.60683763,0.82051283,1.157829,9.42287
24116,0,3,0.75,0.60683763,0.7948718,1.157829,9.572759
24116,0,3,1,0.62393165,0.7777778,1.157829,9.735662
24117,0,1,0,0.974359,0.52136755,0.9710444,2.751665
24117,0,1,0.25,0.991453,0.5470086,0.9710448,2.6237135
24117,0,1,0.5,0.991453,0.53846157,0.9710446,2.4852712
24117,0,1,0.75,1,0.5897436,0.97104424,2.4052022
24117,0,1,1,0.991453,0.5897436,0.9710444,2.2989306
24117,0,2,0,0.9059829,0.5811966,0.64629483,5.221837
24117,0,2,0.25,0.93162394,0.5982906,0.64629483,4.7214403
24117,0,2,0.5,0.9145299,0.5982906,0.64629495,4.3742905
24117,0,2,0.75,0.94017094,0.5897436,0.6462947,4.0423613
24117,0,2,1,0.95726496,0.5982906,0.64629495,3.8038754
24117,0,3,0,0.82051283,0.82051283,0.7666313,7.708853
24117,0,3,0.25,0.8974359,0.8119658,0.76663136,7.0073624
24117,0,3,0.5,0.8888889,0.84615386,0.7666313,6.42313
24117,0,3,0.75,0.94017094,0.8803419,0.7666311,5.8990836
24117,0,3,1,0.991453,0.8717949,0.76663107,5.4769936
24118,0,1,0,0.8888889,0.7606838,0.4392469,3.5570054
24118,0,1,0.25,0.8632479,0.7777778,0.43924695,5.333679
24118,0,1,0.5,0.83760685,0.8119658,0.4392469,7.0421896
24118,0,1,0.75,0.8803419,0.7692308,0.4392469,5.8831806
24118,0,1,1,0.8803419,0.72649574,0.4392469,4.656129
24118,0,2,0,0.9059829,0.47008547,0.31807512,4.0531073
24118,0,2,0.25,0.8974359,0.42735043,0.31807512,5.745265
24118,0,2,0.5,0.95726496,0.41880342,0.31807512,6.8725233
24118,0,2,0.75,0.96581197,0.45299146,0.31807506,5.364564
24118,0,2,1,0.9145299,0.3931624,0.31807506,3.700324
24118,0,3,0,0.53846157,0.8632479,0.75408465,8.962614
24118,0,3,0.25,0.3931624,0.7094017,0.75408465,9.971458
24118,0,3,0.5,0.41025642,0.74358976,0.75408465,9.12615
24118,0,3,0.75,0.44444445,0.7692308,0.75408465,8.080104
24118,0,3,1,0.5555556,0.84615386,0.75408465,8.398324
24119,0,1,0,0.6837607,0.75213677,0.7481907,11.721624
24119,0,1,0.25,0.6752137,0.7692308,0.7481905,11.493923
24119,0,1,0.5,0.6837607,0.7863248,0.7481905,11.768527
24119,0,1,0.75,0.6837607,0.7863248,0.7481906,11.547422
24119,0,1,1,0.6752137,0.7863248,0.7481907,12.072748
24119,0,2,0,0.71794873,0.7008547,1.1320819,18.73183
24119,0,2,0.25,0.72649574,0.6666667,1.1320819,18.054855
24119,0,2,0.5,0.75213677,0.6752137,1.1320819,17.130678
24119,0,2,0.75,0.7692308,0.6495727,1.1320819,16.600235
24119,0,2,1,0.7863248,0.6495727,1.1320819,16.16104
24119,0,3,0,0.94017094,0.61538464,0.25159675,3.8820183
24119,0,3,0.25,0.96581197,0.5641026,0.25159666,3.7244265
24119,0,3,0.5,0.94017094,0.5555556,0.2515967,3.675673
24119,0,3,0.75,0.94017094,0.5641026,0.25159675,3.6264038
24119,0,3,1,0.982906,0.5641026,0.25159672,3.6316466
24120,0,1,0,0.47863248,0.9059829,1.6849725,11.411818
24120,0,1,0.25,0.46153846,0.8974359,1.6849725,12.189888
24120,0,1,0.5,0.45299146,0.82051283,1.6849725,12.889423
24120,0,1,0.75,0.3846154,0.73504275,1.6849728,12.381861
24120,0,1,1,0.4017094,0.73504275,1.6849726,15.935911
24120,0,2,0,0.96581197,0.982906,0.29755363,3.4991736
24120,0,2,0.25,0.95726496,0.94017094,0.29755378,3.732657
24120,0,2,0.5,0.93162394,0.8803419,0.29755375,4.048307
24120,0,2,0.75,0.94871795,0.85470086,0.29755348,4.8803225
24120,0,2,1,0.974359,0.82905984,0.29755375,5.4484386
24120,0,3,0,0.72649574,0.991453,0.616683,7.0929613
24120,0,3,0.25,0.6837607,0.96581197,0.6166831,7.321639
24120,0,3,0.5,0.6666667,0.95726496,0.6166831,7.5499578
24120,0,3,0.75,0.7094017,0.8974359,0.616683,7.2290897
24120,0,3,1,0.72649574,0.8974359,0.61668307,8.068252
24121,0,1,0,0.7863248,0.9230769,0.2734667,3.8647237
24121,0,1,0.25,0.7777778,0.93162394,0.2734667,3.846724
24121,0,1,0.5,0.74358976,0.95726496,0.27346674,3.7828789
24121,0,1,0.75,0.7863248,0.94871795,0.27346674,3.7400012
24121,0,1,1,0.7777778,0.94871795,0.27346674,3.6635485
24121,0,2,0,0.8632479,0.5641026,0.9689991,13.100521
24121,0,2,0.25,0.8632479,0.52136755,0.96899915,13.0344095
24121,0,2,0.5,0.8632479,0.52136755,0.96899915,12.959808
24121,0,2,0.75,0.8803419,0.53846157,0.96899927,13.038603
24121,0,2,1,0.8632479,0.52136755,0.96899915,12.878179
24121,0,3,0,0.9059829,0.47008547,0.8875711,11.772785
24121,0,3,0.25,0.8803419,0.42735043,0.88757116,11.878359
24121,0,3,0.5,0.8717949,0.43589744,0.88757104,12.356361
24121,0,3,0.75,0.84615386,0.42735043,0.8875711,12.020585
24121,0,3,1,0.85470086,0.42735043,0.88757116,11.76333
24122,0,1,0,0.62393165,0.95726496,0.42719945,7.565134
24122,0,1,0.25,0.73504275,0.982906,0.42719945,7.3740625
24122,0,1,0.5,0.8034188,0.991453,0.42719945,7.1597424
24122,0,1,0.75,0.83760685,0.96581197,0.42719942,7.134389
24122,0,1,1,0.8803419,0.9059829,0.42719942,6.9500628
24122,0,2,0,0.7692308,0.95726496,0.45628953,6.481996
24122,0,2,0.25,0.8974359,0.8632479,0.45628956,6.4078856
24122,0,2,0.5,0.8974359,0.83760685,0.45628953,6.183195
24122,0,2,0.75,0.8717949,0.7692308,0.45628953,6.253269
24122,0,2,1,0.9145299,0.73504275,0.45628953,6.953994
24122,0,3,0,0.93162394,0.5811966,0.34564656,6.9192767
24122,0,3,0.25,0.974359,0.52136755,0.34564656,6.2170105
24122,0,3,0.5,0.96581197,0.47863248,0.34564656,5.878227
24122,0,3,0.75,0.95726496,0.42735043,0.3456466,5.7558217
24122,0,3,1,0.93162394,0.43589744,0.3456466,5.068863
24123,0,1,0,0.7094017,0.84615386,0.7048518,4.7139125
24123,0,1,0.25,0.7008547,0.8717949,0.7048518,4.594755
24123,0,1,0.5,0.71794873,0.8803419,0.70485175,4.6420164
24123,0,1,0.75,0.72649574,0.8632479,0.70485175,4.5655713
24123,0,1,1,0.6923077,0.84615386,0.7048518,4.091945
24123,0,2,0,0.82905984,0.50427353,1.9249561,22.19231
24123,0,2,0.25,0.7948718,0.47008547,1.9249562,22.036842
24123,0,2,0.5,0.7863248,0.4871795,1.9249562,22.380722
24123,0,2,0.75,0.7777778,0.41025642,1.9249562,21.836254
24123,0,2,1,0.7606838,0.4957265,1.9249562,22.352509
24123,0,3,0,0.96581197,0.5470086,0.31269345,1.4631658
24123,0,3,0.25,0.9145299,0.5470086,0.31269357,1.5357245
24123,0,3,0.5,0.94871795,0.51282054,0.31269333,1.5732963
24123,0,3,0.75,0.94017094,0.50427353,0.31269345,1.6306828
24123,0,3,1,0.974359,0.50427353,0.31269345,1.6062667
24124,0,1,0,0.4957265,0.974359,0.4025205,4.0630674
24124,0,1,0.25,0.50427353,0.982906,0.40251967,4.116172
24124,0,1,0.5,0.50427353,0.974359,0.40251973,4.164686
24124,0,1,0.75,0.51282054,0.974359,0.40251982,4.131736
24124,0,1,1,0.51282054,0.982906,0.40251973,4.030266
24124,0,2,0,0.41025642,0.95726496,0.6184235,6.5123105
24124,0,2,0.25,0.3846154,0.95726496,0.61842304,6.410203
24124,0,2,0.5,0.3846154,0.96581197,0.61842304,6.3622446
24124,0,2,0.75,0.4017094,0.96581197,0.6184231,6.3097224
24124,0,2,1,0.41025642,0.94871795,0.61842304,6.3629518
24124,0,3,0,0.62393165,0.9059829,0.343115,5.468894
24124,0,3,0.25,0.63247865,0.8974359,0.34311494,5.565428
24124,0,3,0.5,0.63247865,0.8974359,0.34311506,5.5618706
24124,0,3,0.75,0.63247865,0.9145299,0.34311512,5.473857
24124,0,3,1,0.61538464,0.9230769,0.343115,5.361534
24125,0,1,0,0.46153846,0.94871795,0.5383558,3.5099
24125,0,1,0.25,0.45299146,0.95726496,0.5383558,3.6887417
24125,0,1,0.5,0.42735043,0.982906,0.5383563,3.934853
24125,0,1,0.75,0.41880342,0.982906,0.5383558,4.1360283
24125,0,1,1,0.42735043,0.94871795,0.5383558,4.327277
24125,0,2,0,0.8974359,0.3931624,1.009048,7.3492265
24125,0,2,0.25,0.96581197,0.35897437,1.009048,7.593638
24125,0,2,0.5,0.982906,0.4017094,1.0090475,8.074745
24125,0,2,0.75,0.974359,0.41880342,1.009047,8.290405
24125,0,2,1,0.96581197,0.43589744,1.009048,8.682004
24125,0,3,0,0.96581197,0.64102566,0.3739541,3.1099086
24125,0,3,0.25,0.974359,0.64102566,0.3739542,3.1623049
24125,0,3,0.5,0.974359,0.62393165,0.3739542,3.2723937
24125,0,3,0.75,0.96581197,0.61538464,0.3739541,3.247542
24125,0,3,1,0.95726496,0.62393165,0.3739541,3.165445
24126,0,1,0,0.6923077,0.7777778,0.5871877,12.722864
24126,0,1,0.25,0.71794873,0.7094017,0.58718765,15.029612
24126,0,1,0.5,0.71794873,0.63247865,0.58718777,15.998182
24126,0,1,0.75,0.73504275,0.5982906,0.5871877,16.358082
24126,0,1,1,0.74358976,0.5982906,0.5871877,15.360647
24126,0,2,0,0.5726496,0.7606838,1.5182853,15.133019
24126,0,2,0.25,0.5811966,0.7777778,1.5182853,16.001253
24126,0,2,0.5,0.5897436,0.7692308,1.518285,16.377995
24126,0,2,0.75,0.5811966,0.7692308,1.5182853,16.39829
24126,0,2,1,0.5726496,0.7606838,1.5182853,16.334496
24126,0,3,0,0.83760685,0.6495727,0.36573493,6.776831
24126,0,3,0.25,0.8632479,0.60683763,0.36573482,7.5497293
24126,0,3,0.5,0.8803419,0.5811966,0.36573488,7.863236
24126,0,3,0.75,0.8632479,0.5811966,0.36573505,7.889736
24126,0,3,1,0.8888889,0.5897436,0.36573493,7.7346654
24127,0,1,0,0.94871795,0.73504275,0.5648174,4.864149
24127,0,1,0.25,0.94871795,0.74358976,0.56481737,4.706214
24127,0,1,0.5,0.991453,0.75213677,0.5648174,4.9083834
24127,0,1,0.75,0.94017094,0.6752137,0.56481725,5.240899
24127,0,1,1,0.974359,0.52136755,0.5648174,5.559557
24127,0,2,0,0.6923077,0.43589744,2.144354,36.472683
24127,0,2,0.25,0.6495727,0.53846157,2.1443539,34.249077
24127,0,2,0.5,0.63247865,0.6581197,2.144354,31.019125
24127,0,2,0.75,0.6923077,0.7777778,2.144354,28.32928
24127,0,2,1,0.72649574,0.85470086,2.144354,24.811035
24127,0,3,0,0.974359,0.3846154,0.35170335,3.2533207
24127,0,3,0.25,0.974359,0.37606838,0.3517034,3.6590395
24127,0,3,0.5,0.9230769,0.36752138,0.35170344,4.019082
24127,0,3,0.75,0.93162394,0.37606838,0.35170332,4.273614
24127,0,3,1,0.94871795,0.37606838,0.35170338,4.422219
24128,0,1,0,0.61538464,0.9145299,0.91381186,16.233921
24128,0,1,0.25,0.60683763,0.9230769,0.91381186,16.126944
24128,0,1,0.5,0.5982906,0.94871795,0.9138119,16.071228
24128,0,1,0.75,0.62393165,0.974359,0.9138119,15.932838
24128,0,1,1,0.60683763,0.96581197,0.91381186,15.6789055
24128,0,2,0,0.991453,0.61538464,0.25916106,3.6100097
24128,0,2,0.25,0.991453,0.61538464,0.2591611,3.597021
24128,0,2,0.5,0.991453,0.62393165,0.2591611,3.6103823
24128,0,2,0.75,0.974359,0.63247865,0.2591611,3.5514655
24128,0,2,1,0.991453,0.6666667,0.259161,3.565279
24128,0,3,0,0.7948718,0.5982906,1.9931822,36.01472
24128,0,3,0.25,0.7863248,0.5726496,1.9931822,35.38749
24128,0,3,0.5,0.7777778,0.5726496,1.9931822,35.226868
24128,0,3,0.75,0.7692308,0.5726496,1.993182,33.700996
24128,0,3,1,0.7692308,0.5897436,1.9931821,33.393875
24129,0,1,0,1,0.72649574,0.34403625,2.0664287
24129,0,1,0.25,0.982906,0.6923077,0.34403625,2.1909838
24129,0,1,0.5,0.991453,0.64102566,0.34403625,2.3924785
24129,0,1,0.75,0.982906,0.6837607,0.3440362,2.8112993
24129,0,1,1,0.991453,0.73504275,0.34403613,3.2566278
24129,0,2,0,0.9059829,0.991453,0.4728698,4.3486395
24129,0,2,0.25,0.8717949,0.94017094,0.4728698,4.5648737
24129,0,2,0.5,0.8119658,0.96581197,0.4728698,4.805697
24129,0,2,0.75,0.82051283,0.96581197,0.4728699,5.1986814
24129,0,2,1,0.8034188,0.94871795,0.47286984,5.3760076
24129,0,3,0,0.7692308,0.7008547,2.5425599,22.421247
24129,0,3,0.25,0.7777778,0.6752137,2.5425599,24.42294
24129,0,3,0.5,0.7094017,0.6923077,2.5425599,26.159002
24129,0,3,0.75,0.73504275,0.5555556,2.5425599,23.4362
24129,0,3,1,0.74358976,0.4871795,2.5425599,20.777607
24130,0,1,0,0.35042736,0.95726496,0.51419556,10.536886
24130,0,1,0.25,0.35897437,0.974359,0.51419526,10.808906
24130,0,1,0.5,0.3931624,0.95726496,0.51419556,10.823748
24130,0,1,0.75,0.4017094,0.982906,0.5141958,10.854749
24130,0,1,1,0.41025642,0.974359,0.51419556,11.00305
24130,0,2,0,0.974359,0.52136755,0.9494876,12.148333
24130,0,2,0.25,0.982906,0.52136755,0.9494879,12.475124
24130,0,2,0.5,0.96581197,0.5555556,0.94948786,12.750433
24130,0,2,0.75,0.974359,0.60683763,0.94948786,13.146399
24130,0,2,1,0.991453,0.61538464,0.9494876,13.480091
24130,0,3,0,0.62393165,0.6495727,1.012664,23.933346
24130,0,3,0.25,0.62393165,0.6666667,1.0126638,24.065655
24130,0,3,0.5,0.63247865,0.7094017,1.012664,24.73861
24130,0,3,0.75,0.61538464,0.73504275,1.0126638,24.520359
24130,0,3,1,0.60683763,0.73504275,1.012664,25.11655
24131,0,1,0,1,0.36752138,0.328614,4.705881
24131,0,1,0.25,0.974359,0.3846154,0.32861376,4.8650885
24131,0,1,0.5,0.96581197,0.3846154,0.3286139,4.94119
24131,0,1,0.75,0.96581197,0.37606838,0.32861397,4.9980526
24131,0,1,1,0.96581197,0.37606838,0.3286139,5.0094175
24131,0,2,0,0.3931624,0.9059829,0.7987745,12.835724
24131,0,2,0.25,0.3931624,0.9059829,0.79877454,12.741735
24131,0,2,0.5,0.45299146,0.85470086,0.7987745,12.857868
24131,0,2,0.75,0.47008547,0.8717949,0.7987744,13.230396
24131,0,2,1,0.44444445,0.85470086,0.7987745,13.264831
24131,0,3,0,0.82051283,0.43589744,1.4249861,20.554747
24131,0,3,0.25,0.82905984,0.44444445,1.424986,20.913185
24131,0,3,0.5,0.8034188,0.47863248,1.4249861,21.893837
24131,0,3,0.75,0.7948718,0.47008547,1.4249862,22.238503
24131,0,3,1,0.7863248,0.46153846,1.4249862,22.284203
24132,0,1,0,0.5982906,0.85470086,0.43332812,6.952829
24132,0,1,0.25,0.6666667,0.9059829,0.43332794,7.7759004
24132,0,1,0.5,0.6837607,0.82051283,0.43332815,8.566809
24132,0,1,0.75,0.6923077,0.7948718,0.43332815,9.203606
24132,0,1,1,0.75213677,0.82051283,0.43332815,7.097926
24132,0,2,0,0.7692308,0.8803419,0.589024,3.6613698
24132,0,2,0.25,0.8119658,0.8632479,0.58902407,4.639993
24132,0,2,0.5,0.7948718,0.8034188,0.589024,6.0821066
24132,0,2,0.75,0.6752137,0.6752137,0.58902425,7.813097
24132,0,2,1,0.64102566,0.72649574,0.58902425,7.659581
24132,0,3,0,0.974359,0.5555556,0.33108726,4.0862207
24132,0,3,0.25,0.982906,0.5641026,0.33108717,3.9788027
24132,0,3,0.5,0.95726496,0.53846157,0.33108726,3.9348052
24132,0,3,0.75,0.974359,0.50427353,0.33108726,3.2069345
24132,0,3,1,1,0.5555556,0.33108726,2.2352495
24133,0,1,0,0.51282054,0.991453,1.042029,9.279145
24133,0,1,0.25,0.5470086,0.991453,1.042029,8.684784
24133,0,1,0.5,0.5555556,0.982906,1.0420295,8.460869
24133,0,1,0.75,0.5811966,0.982906,1.0420295,8.591732
24133,0,1,1,0.5641026,0.95726496,1.042029,8.627089
24133,0,2,0,0.93162394,0.7777778,0.4998243,5.7306356
24133,0,2,0.25,0.93162394,0.7777778,0.49982435,5.1632543
24133,0,2,0.5,0.94871795,0.7948718,0.4998244,4.851614
24133,0,2,0.75,0.9230769,0.7863248,0.49982437,4.619443
24133,0,2,1,0.8717949,0.7863248,0.49982426,4.5576634
24133,0,3,0,1,0.64102566,0.3442887,4.2976184
24133,0,3,0.25,0.991453,0.61538464,0.3442887,3.9179397
24133,0,3,0.5,0.982906,0.62393165,0.3442887,3.6272593
24133,0,3,0.75,0.991453,0.61538464,0.34428874,3.4105258
24133,0,3,1,0.991453,0.60683763,0.3442887,3.3130698
24134,0,1,0,0.41025642,0.9145299,1.4014394,13.638485
24134,0,1,0.25,0.3846154,0.93162394,1.4014394,12.828035
24134,0,1,0.5,0.41880342,0.93162394,1.4014397,12.38733
24134,0,1,0.75,0.3931624,0.9145299,1.4014397,11.966039
24134,0,1,1,0.3846154,0.9230769,1.4014394,11.633284
24134,0,2,0,0.44444445,0.6581197,1.3885987,32.761032
24134,0,2,0.25,0.41025642,0.6666667,1.3885986,32.807846
24134,0,2,0.5,0.3846154,0.6837607,1.3885986,33.08788
24134,0,2,0.75,0.37606838,0.7008547,1.3885987,32.663284
24134,0,2,1,0.36752138,0.72649574,1.3885984,32.146103
24134,0,3,0,0.60683763,0.52991456,2.0520718,28.383373
24134,0,3,0.25,0.5897436,0.5555556,2.0520718,28.490988
24134,0,3,0.5,0.64102566,0.5555556,2.0520718,29.071545
24134,0,3,0.75,0.62393165,0.5897436,2.0520716,29.177229
24134,0,3,1,0.5897436,0.62393165,2.0520718,28.924585
24135,0,1,0,0.5555556,0.74358976,2.0466676,17.054379
24135,0,1,0.25,0.50427353,0.75213677,2.0466676,17.117481
24135,0,1,0.5,0.4957265,0.72649574,2.046668,17.556885
24135,0,1,0.75,0.4957265,0.7094017,2.0466678,17.734898
24135,0,1,1,0.50427353,0.7094017,2.0466678,18.571857
24135,0,2,0,0.82051283,0.93162394,0.38341573,4.2236557
24135,0,2,0.25,0.84615386,0.9059829,0.38341555,4.2568455
24135,0,2,0.5,0.84615386,0.9145299,0.38341594,4.086467
24135,0,2,0.75,0.8717949,0.9145299,0.3834159,4.1172633
24135,0,2,1,0.85470086,0.93162394,0.38341585,4.233899
24135,0,3,0,0.7692308,0.6495727,1.608194,14.871288
24135,0,3,0.25,0.75213677,0.63247865,1.6081941,15.051699
24135,0,3,0.5,0.75213677,0.6581197,1.6081941,15.239296
24135,0,3,0.75,0.7606838,0.6923077,1.6081941,15.235593
24135,0,3,1,0.74358976,0.6923077,1.608194,15.507087
24136,0,1,0,0.9230769,0.46153846,0.841528,7.9686265
24136,0,1,0.25,0.8974359,0.45299146,0.84152794,8.98418
24136,0,1,0.5,0.9145299,0.46153846,0.84152794,10.382734
24136,0,1,0.75,0.9230769,0.52991456,0.841528,12.050795
24136,0,1,1,0.8632479,0.60683763,0.841528,13.713673
24136,0,2,0,0.61538464,0.9230769,0.45132965,6.623228
24136,0,2,0.25,0.60683763,0.94017094,0.45132962,7.0293245
24136,0,2,0.5,0.5726496,0.9059829,0.45132962,7.713829
24136,0,2,0.75,0.52991456,0.9230769,0.45132953,8.000232
24136,0,2,1,0.52136755,0.9145299,0.45132962,7.9405117
24136,0,3,0,0.96581197,0.4957265,0.3139612,4.900238
24136,0,3,0.25,0.95726496,0.42735043,0.31396124,4.8812146
24136,0,3,0.5,0.96581197,0.3931624,0.31396124,5.119138
24136,0,3,0.75,0.94017094,0.37606838,0.31396136,5.4837303
24136,0,3,1,0.982906,0.36752138,0.31396124,5.4868307
24137,0,1,0,0.991453,0.4871795,0.39214912,2.589466
24137,0,1,0.25,0.982906,0.4871795,0.3921491,2.362773
24137,0,1,0.5,0.974359,0.46153846,0.39214912,2.1066623
24137,0,1,0.75,1,0.52991456,0.39214915,1.9386456
24137,0,1,1,1,0.51282054,0.39214912,1.75173
24137,0,2,0,0.63247865,1,0.605537,2.6150298
24137,0,2,0.25,0.62393165,0.982906,0.605537,3.1052685
24137,0,2,0.5,0.6581197,0.96581197,0.605537,3.910169
24137,0,2,0.75,0.7008547,0.94017094,0.605537,4.473374
24137,0,2,1,0.71794873,0.974359,0.60553706,5.408656
24137,0,3,0,0.5470086,0.991453,0.48302746,4.45563
24137,0,3,0.25,0.5726496,0.96581197,0.48302746,4.9489675
24137,0,3,0.5,0.5726496,0.9145299,0.48302746,5.299226
24137,0,3,0.75,0.6495727,0.94871795,0.4830275,5.34883
24137,0,3,1,0.7008547,0.96581197,0.48302746,5.3686
24138,0,1,0,0.94017094,0.6752137,0.3403547,3.8872647
24138,0,1,0.25,0.94871795,0.73504275,0.3403547,3.776061
24138,0,1,0.5,0.95726496,0.73504275,0.3403547,3.5346274
24138,0,1,0.75,0.982906,0.7692308,0.34035462,3.3963637
24138,0,1,1,0.982906,0.7777778,0.3403547,3.2337627
24138,0,2,0,0.5641026,0.7948718,0.5986625,14.550625
24138,0,2,0.25,0.5555556,0.7777778,0.5986625,13.141885
24138,0,2,0.5,0.5726496,0.7606838,0.5986625,12.06328
24138,0,2,0.75,0.5641026,0.8034188,0.59866256,11.097702
24138,0,2,1,0.5555556,0.82905984,0.59866256,10.133245
24138,0,3,0,0.74358976,0.5641026,0.753715,15.896881
24138,0,3,0.25,0.7863248,0.6666667,0.753715,14.94218
24138,0,3,0.5,0.7948718,0.6752137,0.753715,14.048882
24138,0,3,0.75,0.82905984,0.74358976,0.753715,13.833665
24138,0,3,1,0.8119658,0.7777778,0.753715,12.635574
24139,0,1,0,0.974359,0.35042736,0.3108095,4.439293
24139,0,1,0.25,0.94017094,0.36752138,0.3108095,5.071
24139,0,1,0.5,0.991453,0.44444445,0.3108095,5.4897704
24139,0,1,0.75,1,0.51282054,0.3108093,4.9972105
24139,0,1,1,1,0.52991456,0.31080952,4.1550913
24139,0,2,0,0.96581197,0.53846157,0.32155657,4.6149416
24139,0,2,0.25,0.94871795,0.5641026,0.32155657,5.2585306
24139,0,2,0.5,0.982906,0.6495727,0.32155657,5.448285
24139,0,2,0.75,0.974359,0.7008547,0.32155657,4.416965
24139,0,2,1,0.95726496,0.73504275,0.32155657,3.2740927
24139,0,3,0,0.991453,0.35897437,0.25515768,2.594314
24139,0,3,0.25,0.982906,0.41025642,0.25515768,2.677906
24139,0,3,0.5,0.991453,0.41025642,0.25515762,2.983519
24139,0,3,0.75,1,0.4017094,0.25515783,3.4345903
24139,0,3,1,1,0.3931624,0.25515762,3.7935581
24140,0,1,0,0.37606838,0.8717949,1.5751208,18.532362
24140,0,1,0.25,0.35042736,0.8803419,1.5751208,18.908463
24140,0,1,0.5,0.35042736,0.8974359,1.5751208,19.741531
24140,0,1,0.75,0.35042736,0.9145299,1.5751208,19.805246
24140,0,1,1,0.36752138,0.8803419,1.5751208,20.441475
24140,0,2,0,0.95726496,0.5641026,0.30295685,3.9566922
24140,0,2,0.25,0.974359,0.5470086,0.30295694,3.967767
24140,0,2,0.5,0.94871795,0.5470086,0.30295694,4.040143
24140,0,2,0.75,0.9230769,0.5470086,0.30295694,4.042476
24140,0,2,1,0.93162394,0.5555556,0.30295685,3.9838963
24140,0,3,0,0.50427353,0.6923077,0.8495744,18.166025
24140,0,3,0.25,0.52136755,0.6923077,0.8495744,19.240473
24140,0,3,0.5,0.50427353,0.7008547,0.8495744,19.708893
24140,0,3,0.75,0.4871795,0.7008547,0.8495742,19.185104
24140,0,3,1,0.46153846,0.72649574,0.8495744,18.772491
24141,0,1,0,0.7777778,0.84615386,0.28426448,3.982131
24141,0,1,0.25,0.7863248,0.82051283,0.28426448,3.8603802
24141,0,1,0.5,0.75213677,0.83760685,0.28426448,3.8942893
24141,0,1,0.75,0.7777778,0.85470086,0.2842645,3.8350077
24141,0,1,1,0.8034188,0.85470086,0.28426448,3.750568
24141,0,2,0,0.8803419,0.52991456,0.5458593,10.0509815
24141,0,2,0.25,0.84615386,0.5470086,0.54585934,10.217511
24141,0,2,0.5,0.85470086,0.53846157,0.5458593,10.124096
24141,0,2,0.75,0.8632479,0.5811966,0.5458593,10.193765
24141,0,2,1,0.85470086,0.5897436,0.5458593,10.2647915
24141,0,3,0,0.84615386,0.84615386,0.8551472,10.835758
24141,0,3,0.25,0.8974359,0.7948718,0.8551472,10.57439
24141,0,3,0.5,0.8717949,0.82051283,0.85514706,10.287542
24141,0,3,0.75,0.8888889,0.83760685,0.8551471,10.04544
24141,0,3,1,0.8974359,0.85470086,0.8551472,9.945776
24142,0,1,0,0.82905984,0.8119658,0.27441737,5.0154943
24142,0,1,0.25,0.8632479,0.82905984,0.27441725,4.880726
24142,0,1,0.5,0.8803419,0.83760685,0.27441758,4.6609073
24142,0,1,0.75,0.8974359,0.84615386,0.27441725,4.3547087
24142,0,1,1,0.94871795,0.8632479,0.27441737,4.377359
24142,0,2,0,0.51282054,0.8119658,0.5147424,6.354591
24142,0,2,0.25,0.52991456,0.8632479,0.51474226,6.4584093
24142,0,2,0.5,0.52991456,0.8888889,0.51474255,6.7889013
24142,0,2,0.75,0.52991456,0.8717949,0.51474243,6.82273
24142,0,2,1,0.52991456,0.8717949,0.5147424,6.9793444
24142,0,3,0,0.83760685,0.7008547,0.7757542,7.268426
24142,0,3,0.25,0.85470086,0.72649574,0.77575415,7.079809
24142,0,3,0.5,0.8632479,0.72649574,0.77575415,6.8735895
24142,0,3,0.75,0.82905984,0.74358976,0.77575415,6.3395147
24142,0,3,1,0.8034188,0.7692308,0.77575415,6.431875
24143,0,1,0,0.63247865,0.974359,0.31952608,5.122777
24143,0,1,0.25,0.63247865,0.95726496,0.3195256,5.0557394
24143,0,1,0.5,0.64102566,0.96581197,0.3195261,5.0728445
24143,0,1,0.75,0.6495727,0.96581197,0.31952563,5.1423264
24143,0,1,1,0.6752137,0.95726496,0.31952608,5.346981
24143,0,2,0,0.991453,0.50427353,0.27777803,5.3724318
24143,0,2,0.25,0.982906,0.50427353,0.27777803,5.396016
24143,0,2,0.5,0.982906,0.47863248,0.27777803,5.2791443
24143,0,2,0.75,0.991453,0.47863248,0.27777758,5.310471
24143,0,2,1,0.991453,0.50427353,0.27777803,5.2832117
24143,0,3,0,0.7606838,0.974359,0.3111575,8.663572
24143,0,3,0.25,0.7606838,0.974359,0.3111575,8.686186
24143,0,3,0.5,0.7008547,0.991453,0.3111577,8.41633
24143,0,3,0.75,0.6581197,0.974359,0.3111575,8.351033
24143,0,3,1,0.6581197,0.974359,0.3111575,8.346105
24144,0,1,0,0.982906,0.6666667,0.7364815,5.1266623
24144,0,1,0.25,0.96581197,0.6666667,0.73648155,5.261556
24144,0,1,0.5,0.94871795,0.6581197,0.7364815,5.3976865
24144,0,1,0.75,0.96581197,0.6495727,0.73648155,5.558571
24144,0,1,1,0.96581197,0.6666667,0.7364815,5.740161
24144,0,2,0,0.94017094,0.5897436,0.85921454,9.629889
24144,0,2,0.25,0.95726496,0.5897436,0.8592147,9.689791
24144,0,2,0.5,0.96581197,0.5897436,0.8592145,9.742678
24144,0,2,0.75,0.95726496,0.5982906,0.8592147,9.823506
24144,0,2,1,0.974359,0.62393165,0.85921454,9.875118
24144,0,3,0,0.44444445,0.8632479,2.1273372,21.995975
24144,0,3,0.25,0.44444445,0.8632479,2.1273375,22.87217
24144,0,3,0.5,0.43589744,0.82051283,2.1273375,23.615578
24144,0,3,0.75,0.41025642,0.8034188,2.1273375,24.945444
24144,0,3,1,0.41025642,0.8119658,2.1273377,25.838062
24145,0,1,0,0.52991456,0.94871795,0.3188696,4.707961
24145,0,1,0.25,0.5555556,0.96581197,0.31886965,4.666161
24145,0,1,0.5,0.5555556,0.96581197,0.3188696,4.59045
24145,0,1,0.75,0.5470086,0.974359,0.3188696,4.7305536
24145,0,1,1,0.52136755,0.96581197,0.3188696,4.8888817
24145,0,2,0,0.63247865,0.8803419,0.3861811,5.4658613
24145,0,2,0.25,0.62393165,0.8632479,0.38618106,5.6408606
24145,0,2,0.5,0.6495727,0.9145299,0.38618112,6.046376
24145,0,2,0.75,0.6495727,0.94017094,0.3861811,6.4687166
24145,0,2,1,0.5982906,0.93162394,0.3861811,6.395698
24145,0,3,0,0.96581197,0.52991456,0.57966715,5.537117
24145,0,3,0.25,0.93162394,0.52991456,0.5796672,5.8058233
24145,0,3,0.5,0.991453,0.50427353,0.57966715,6.282424
24145,0,3,0.75,0.982906,0.52991456,0.57966703,6.430186
24145,0,3,1,0.96581197,0.51282054,0.57966715,6.711175
24146,0,1,0,0.7948718,0.8119658,0.38945702,5.891763
24146,0,1,0.25,0.8034188,0.8034188,0.3894569,5.489272
24146,0,1,0.5,0.82051283,0.7777778,0.3894569,5.2462807
24146,0,1,0.75,0.83760685,0.7692308,0.3894569,4.9069986
24146,0,1,1,0.82905984,0.7948718,0.3894569,4.5973625
24146,0,2,0,0.63247865,0.94017094,0.35495162,4.51908
24146,0,2,0.25,0.62393165,0.9230769,0.35495174,4.1797724
24146,0,2,0.5,0.63247865,0.94871795,0.35495162,4.016246
24146,0,2,0.75,0.63247865,0.96581197,0.35495162,3.6675553
24146,0,2,1,0.63247865,0.94017094,0.35495162,3.5602837
24146,0,3,0,0.74358976,0.47008547,1.8866496,20.352676
24146,0,3,0.25,0.7606838,0.47863248,1.8866495,19.551594
24146,0,3,0.5,0.7777778,0.50427353,1.8866495,19.242357
24146,0,3,0.75,0.75213677,0.53846157,1.8866497,18.658875
24146,0,3,1,0.7606838,0.5811966,1.8866496,18.41167
24147,0,1,0,0.4871795,0.83760685,0.30865464,5.4647818
24147,0,1,0.25,0.53846157,0.9230769,0.30865458,5.884486
24147,0,1,0.5,0.5726496,0.9145299,0.30865464,6.265554
24147,0,1,0.75,0.53846157,0.8034188,0.30865476,6.9761724
24147,0,1,1,0.5811966,0.8888889,0.30865464,9.740927
24147,0,2,0,0.4017094,0.8717949,0.29723173,4.1861477
24147,0,2,0.25,0.45299146,0.9059829,0.29723164,3.8976092
24147,0,2,0.5,0.46153846,0.93162394,0.29723167,5.2427893
24147,0,2,0.75,0.35042736,0.9059829,0.29723153,5.653878
24147,0,2,1,0.45299146,0.8632479,0.29723167,6.09113
24147,0,3,0,0.62393165,0.47008547,2.2243397,26.060719
24147,0,3,0.25,0.7606838,0.53846157,2.2243397,22.88039
24147,0,3,0.5,0.8034188,0.52136755,2.22434,24.114918
24147,0,3,0.75,0.75213677,0.42735043,2.22434,26.673092
24147,0,3,1,0.75213677,0.37606838,2.2243397,30.849915
24148,0,1,0,0.93162394,0.5726496,0.58064306,8.242308
24148,0,1,0.25,0.94871795,0.5641026,0.58064306,8.476051
24148,0,1,0.5,0.991453,0.5641026,0.5806431,8.305979
24148,0,1,0.75,0.96581197,0.5811966,0.5806431,8.138208
24148,0,1,1,0.982906,0.5897436,0.5806431,8.049594
24148,0,2,0,0.9059829,0.62393165,0.4988034,6.5619383
24148,0,2,0.25,0.94871795,0.64102566,0.49880332,6.525845
24148,0,2,0.5,0.8974359,0.63247865,0.49880332,6.580634
24148,0,2,0.75,0.8974359,0.6666667,0.4988032,6.8680086
24148,0,2,1,0.8888889,0.6923077,0.49880338,7.079424
24148,0,3,0,0.43589744,0.8803419,0.51555955,9.163761
24148,0,3,0.25,0.44444445,0.8803419,0.51555955,9.100479
24148,0,3,0.5,0.47008547,0.9145299,0.5155595,8.658964
24148,0,3,0.75,0.47008547,0.9230769,0.5155595,8.263798
24148,0,3,1,0.46153846,0.9059829,0.5155595,8.060791
24149,0,1,0,0.51282054,0.991453,0.42152894,1.6662264
24149,0,1,0.25,0.51282054,0.982906,0.42152914,1.4932935
24149,0,1,0.5,0.5470086,0.982906,0.42152894,1.5788769
24149,0,1,0.75,0.51282054,0.982906,0.421529,1.942651
24149,0,1,1,0.50427353,0.93162394,0.42152888,2.8984103
24149,0,2,0,0.7692308,0.95726496,0.99318695,9.905252
24149,0,2,0.25,0.83760685,0.94017094,0.99318695,9.943195
24149,0,2,0.5,0.8717949,0.82905984,0.99318695,9.070667
24149,0,2,0.75,0.8632479,0.7777778,0.99318683,8.011517
24149,0,2,1,0.8717949,0.7094017,0.9931871,6.6760497
24149,0,3,0,0.5811966,0.974359,0.35536957,2.165285
24149,0,3,0.25,0.53846157,0.96581197,0.35536972,2.7792137
24149,0,3,0.5,0.60683763,0.94871795,0.35536957,3.4134612
24149,0,3,0.75,0.5982906,0.94871795,0.35536957,4.12728
24149,0,3,1,0.5982906,0.9059829,0.3553695,4.926243
24150,0,1,0,0.94871795,0.45299146,0.27905965,6.459712
24150,0,1,0.25,0.974359,0.46153846,0.2790597,5.067482
24150,0,1,0.5,0.982906,0.43589744,0.27905977,4.1773596
24150,0,1,0.75,0.94871795,0.45299146,0.27905977,3.6254663
24150,0,1,1,0.94017094,0.45299146,0.27905977,3.196379
24150,0,2,0,0.83760685,0.44444445,1.1310817,28.008942
24150,0,2,0.25,0.85470086,0.45299146,1.1310817,21.326492
24150,0,2,0.5,0.8717949,0.43589744,1.1310818,17.813913
24150,0,2,0.75,0.93162394,0.46153846,1.1310816,15.289793
24150,0,2,1,0.8974359,0.41880342,1.1310816,13.368398
24150,0,3,0,0.991453,0.4957265,0.58625096,4.4065466
24150,0,3,0.25,0.982906,0.5555556,0.58625096,3.3794625
24150,0,3,0.5,0.991453,0.5897436,0.586251,2.7915034
24150,0,3,0.75,0.982906,0.5726496,0.5862509,2.502798
24150,0,3,1,0.93162394,0.60683763,0.58625096,2.2673826
24151,0,1,0,0.8632479,0.5982906,2.776283,27.340895
24151,0,1,0.25,0.82051283,0.47008547,2.7762828,22.699356
24151,0,1,0.5,0.82905984,0.47008547,2.776283,20.473064
24151,0,1,0.75,0.8034188,0.42735043,2.776283,18.369751
24151,0,1,1,0.83760685,0.3846154,2.7762828,18.28826
24151,0,2,0,0.7863248,0.9059829,0.92393064,12.747879
24151,0,2,0.25,0.84615386,0.82905984,0.92393094,13.339899
24151,0,2,0.5,0.8717949,0.73504275,0.92393076,13.673958
24151,0,2,0.75,0.85470086,0.6495727,0.9239309,13.231056
24151,0,2,1,0.85470086,0.60683763,0.9239309,12.8463745
24151,0,3,0,0.35042736,0.95726496,0.6751283,7.167226
24151,0,3,0.25,0.4017094,0.974359,0.6751283,7.041013
24151,0,3,0.5,0.3931624,0.96581197,0.6751284,6.7108345
24151,0,3,0.75,0.46153846,0.9059829,0.6751283,7.0321226
24151,0,3,1,0.47008547,0.9145299,0.6751283,6.5452204
24152,0,1,0,0.6923077,0.8888889,0.38905478,4.9395075
24152,0,1,0.25,0.63247865,0.8717949,0.38905504,5.1229534
24152,0,1,0.5,0.6495727,0.8632479,0.38905478,5.284247
24152,0,1,0.75,0.63247865,0.85470086,0.3890547,5.4641256
24152,0,1,1,0.63247865,0.83760685,0.38905478,5.716112
24152,0,2,0,0.9230769,0.52136755,0.6644318,6.9176006
24152,0,2,0.25,0.94871795,0.52136755,0.6644317,7.0507097
24152,0,2,0.5,0.94871795,0.50427353,0.66443175,7.212474
24152,0,2,0.75,0.94871795,0.52136755,0.66443175,7.471583
24152,0,2,1,0.94017094,0.4871795,0.6644317,7.6528873
24152,0,3,0,0.982906,0.7948718,0.27371418,3.1927662
24152,0,3,0.25,1,0.7777778,0.27371415,3.2685823
24152,0,3,0.5,1,0.7863248,0.27371407,3.2857177
24152,0,3,0.75,1,0.7863248,0.27371427,3.346181
24152,0,3,1,1,0.7777778,0.2737143,3.4545956
24153,0,1,0,0.974359,0.43589744,0.2509234,2.3308463
24153,0,1,0.25,0.991453,0.43589744,0.2509234,2.1468887
24153,0,1,0.5,1,0.43589744,0.2509234,2.2404227
24153,0,1,0.75,1,0.42735043,0.25092345,2.4223049
24153,0,1,1,0.991453,0.42735043,0.2509234,2.75595
24153,0,2,0,0.9145299,0.7948718,0.36883584,4.353911
24153,0,2,0.25,0.9145299,0.73504275,0.36883584,5.4684525
24153,0,2,0.5,0.93162394,0.6923077,0.36883584,6.781612
24153,0,2,0.75,0.94017094,0.6495727,0.3688358,7.1016335
24153,0,2,1,0.94017094,0.61538464,0.36883584,6.743313
24153,0,3,0,0.93162394,0.5726496,2.9920087,13.976395
24153,0,3,0.25,0.84615386,0.52136755,2.9920087,17.260935
24153,0,3,0.5,0.8034188,0.43589744,2.992009,22.898775
24153,0,3,0.75,0.6666667,0.41880342,2.9920087,29.65213
24153,0,3,1,0.5982906,0.51282054,2.9920087,36.045208
24154,0,1,0,0.9230769,0.982906,0.3255996,3.478413
24154,0,1,0.25,0.9230769,0.982906,0.3255996,3.499441
24154,0,1,0.5,0.9230769,0.982906,0.32559916,3.5123901
24154,0,1,0.75,0.9230769,0.96581197,0.3255996,3.5228066
24154,0,1,1,0.8974359,0.95726496,0.3255996,3.5218282
24154,0,2,0,0.8888889,0.63247865,1.4445068,10.425023
24154,0,2,0.25,0.8888889,0.6581197,1.4445068,10.484304
24154,0,2,0.5,0.8888889,0.6752137,1.4445066,10.532092
24154,0,2,0.75,0.8974359,0.6666667,1.4445066,10.521599
24154,0,2,1,0.8974359,0.6666667,1.4445068,10.52766
24154,0,3,0,0.982906,0.35897437,0.34298134,3.9720356
24154,0,3,0.25,0.991453,0.35042736,0.34298134,3.984274
24154,0,3,0.5,0.991453,0.37606838,0.34298134,4.0452757
24154,0,3,0.75,0.982906,0.3931624,0.3429814,4.054861
24154,0,3,1,0.982906,0.3931624,0.34298134,4.0599184
24155,0,1,0,0.74358976,0.4017094,0.2590277,6.955957
24155,0,1,0.25,0.8119658,0.45299146,0.2590277,4.774427
24155,0,1,0.5,0.8034188,0.47863248,0.2590277,3.1461954
24155,0,1,0.75,0.9230769,0.52991456,0.2590277,2.3450541
24155,0,1,1,1,0.5641026,0.2590277,1.8632553
24155,0,2,0,0.9145299,0.41880342,0.48871157,8.972312
24155,0,2,0.25,0.93162394,0.47008547,0.4887114,8.467157
24155,0,2,0.5,0.8632479,0.4957265,0.4887114,7.652522
24155,0,2,0.75,0.85470086,0.4871795,0.4887114,7.3129807
24155,0,2,1,0.9059829,0.52991456,0.4887114,7.344848
24155,0,3,0,0.974359,0.45299146,0.3087246,10.267122
24155,0,3,0.25,0.974359,0.47008547,0.30872446,7.8914037
24155,0,3,0.5,0.982906,0.46153846,0.30872446,5.8827105
24155,0,3,0.75,0.96581197,0.43589744,0.30872443,4.595496
24155,0,3,1,0.982906,0.43589744,0.30872446,3.7852905
24156,0,1,0,0.71794873,0.9145299,0.5454746,6.4854736
24156,0,1,0.25,0.73504275,0.8632479,0.5454745,6.8613615
24156,0,1,0.5,0.72649574,0.8803419,0.5454746,6.8343315
24156,0,1,0.75,0.7094017,0.8803419,0.5454746,6.5261626
24156,0,1,1,0.7094017,0.96581197,0.5454746,6.007573
24156,0,2,0,0.5555556,0.83760685,0.5939628,7.4570866
24156,0,2,0.25,0.5726496,0.8632479,0.5939627,7.712389
24156,0,2,0.5,0.5726496,0.94017094,0.5939632,8.071458
24156,0,2,0.75,0.61538464,0.974359,0.5939627,8.541962
24156,0,2,1,0.62393165,0.96581197,0.5939627,8.717146
24156,0,3,0,0.50427353,0.7863248,0.41413453,5.789947
24156,0,3,0.25,0.50427353,0.71794873,0.41413546,4.8744354
24156,0,3,0.5,0.52136755,0.7606838,0.41413453,5.079317
24156,0,3,0.75,0.5982906,0.85470086,0.41413504,5.7356987
24156,0,3,1,0.71794873,0.94017094,0.41413453,6.361546
24157,0,1,0,0.6495727,0.982906,0.43739426,3.9027267
24157,0,1,0.25,0.6581197,0.991453,0.43739423,4.042184
24157,0,1,0.5,0.61538464,0.991453,0.43739426,4.1334524
24157,0,1,0.75,0.62393165,0.991453,0.43739432,4.230478
24157,0,1,1,0.60683763,1,0.43739426,4.267482
24157,0,2,0,0.85470086,0.8803419,0.30224538,4.03143
24157,0,2,0.25,0.83760685,0.8888889,0.30224547,4.187048
24157,0,2,0.5,0.82051283,0.8974359,0.30224526,4.064328
24157,0,2,0.75,0.82905984,0.8888889,0.30224526,4.0155606
24157,0,2,1,0.8119658,0.8803419,0.30224538,3.8126183
24157,0,3,0,0.3846154,0.95726496,0.852492,7.4945464
24157,0,3,0.25,0.3931624,0.95726496,0.8524921,7.54588
24157,0,3,0.5,0.37606838,0.9145299,0.8524921,7.2265215
24157,0,3,0.75,0.37606838,0.9230769,0.852492,7.434632
24157,0,3,1,0.3846154,0.94017094,0.852492,7.5423727
24158,0,1,0,0.982906,0.9145299,0.31340545,3.1444373
24158,0,1,0.25,0.95726496,0.94017094,0.3134053,3.1098151
24158,0,1,0.5,0.95726496,0.95726496,0.31340545,3.2272992
24158,0,1,0.75,0.9059829,0.95726496,0.31340545,3.106454
24158,0,1,1,0.8632479,0.9230769,0.3134054,3.1174064
24158,0,2,0,0.73504275,0.96581197,0.35717136,4.947268
24158,0,2,0.25,0.6752137,0.991453,0.3571714,5.5675535
24158,0,2,0.5,0.6837607,0.974359,0.35717154,6.2285504
24158,0,2,0.75,0.60683763,0.974359,0.35717136,6.1650114
24158,0,2,1,0.5470086,0.96581197,0.35717136,6.7147474
24158,0,3,0,0.93162394,0.83760685,0.49896744,6.7338343
24158,0,3,0.25,0.95726496,0.8034188,0.49896717,7.646429
24158,0,3,0.5,0.94871795,0.75213677,0.49896744,8.266978
24158,0,3,0.75,0.9230769,0.72649574,0.49896744,8.39893
24158,0,3,1,0.82051283,0.5726496,0.49896753,9.428312
24159,0,1,0,0.8803419,0.982906,0.3986435,3.1901221
24159,0,1,0.25,0.8888889,1,0.39864343,3.0896444
24159,0,1,0.5,0.9145299,0.991453,0.3986436,2.9844666
24159,0,1,0.75,0.94017094,0.991453,0.39864352,2.9444177
24159,0,1,1,0.9230769,0.974359,0.3986435,2.863652
24159,0,2,0,0.7948718,0.72649574,2.3473723,19.870773
24159,0,2,0.25,0.7606838,0.71794873,2.3473718,19.031555
24159,0,2,0.5,0.7948718,0.7777778,2.3473723,18.985086
24159,0,2,0.75,0.7606838,0.8034188,2.347372,18.254868
24159,0,2,1,0.7863248,0.82905984,2.3473723,18.20427
24159,0,3,0,0.4957265,0.8974359,2.4698637,23.533152
24159,0,3,0.25,0.4871795,0.8888889,2.4698634,22.694256
24159,0,3,0.5,0.47008547,0.8803419,2.4698637,22.15031
24159,0,3,0.75,0.47863248,0.9145299,2.4698637,21.471111
24159,0,3,1,0.4871795,0.93162394,2.4698637,21.40287
24160,0,1,0,0.5726496,0.8803419,1.5211378,18.800484
24160,0,1,0.25,0.5982906,0.82905984,1.5211378,19.391449
24160,0,1,0.5,0.6495727,0.84615386,1.5211378,20.518675
24160,0,1,0.75,0.6495727,0.7777778,1.5211378,21.208696
24160,0,1,1,0.6752137,0.75213677,1.5211378,21.677591
24160,0,2,0,0.8034188,0.7008547,1.9832388,14.881916
24160,0,2,0.25,0.82905984,0.7008547,1.9832388,14.094616
24160,0,2,0.5,0.82905984,0.6666667,1.9832389,13.453403
24160,0,2,0.75,0.83760685,0.6752137,1.983239,13.423975
24160,0,2,1,0.8119658,0.6923077,1.9832388,13.717298
24160,0,3,0,0.7948718,0.85470086,1.0596708,7.3184323
24160,0,3,0.25,0.72649574,0.8717949,1.0596708,7.755617
24160,0,3,0.5,0.73504275,0.85470086,1.0596709,7.756176
24160,0,3,0.75,0.7606838,0.85470086,1.0596708,8.00774
24160,0,3,1,0.7094017,0.85470086,1.0596709,7.8676786
24161,0,1,0,0.974359,0.42735043,0.3445237,2.7271385
24161,0,1,0.25,0.974359,0.41880342,0.34452373,2.8473492
24161,0,1,0.5,0.974359,0.41025642,0.34452367,2.982174
24161,0,1,0.75,0.991453,0.41025642,0.3445237,3.1152241
24161,0,1,1,0.991453,0.41025642,0.34452367,3.2552803
24161,0,2,0,0.94017094,0.72649574,0.2674772,1.939163
24161,0,2,0.25,0.96581197,0.7094017,0.2674772,2.019559
24161,0,2,0.5,0.974359,0.71794873,0.2674772,2.1181493
24161,0,2,0.75,0.96581197,0.7008547,0.26747698,2.221816
24161,0,2,1,0.96581197,0.7094017,0.2674772,2.3051932
24161,0,3,0,0.7008547,0.8888889,0.9182318,7.3080964
24161,0,3,0.25,0.6837607,0.85470086,0.9182318,7.7473536
24161,0,3,0.5,0.6752137,0.8632479,0.9182318,8.21537
24161,0,3,0.75,0.7094017,0.8974359,0.9182321,8.695869
24161,0,3,1,0.6666667,0.82051283,0.9182318,9.173901
24162,0,1,0,0.9145299,0.37606838,0.49363792,11.338501
24162,0,1,0.25,0.8974359,0.47008547,0.49363792,9.663874
24162,0,1,0.5,0.96581197,0.52136755,0.49363792,8.3215885
24162,0,1,0.75,0.94871795,0.51282054,0.4936378,7.1549616
24162,0,1,1,0.94871795,0.5470086,0.4936378,5.708742
24162,0,2,0,0.9059829,0.71794873,0.26770735,6.044091
24162,0,2,0.25,0.83760685,0.74358976,0.26770738,5.2409415
24162,0,2,0.5,0.8717949,0.7863248,0.26770738,4.686658
24162,0,2,0.75,0.85470086,0.82051283,0.26770738,4.314739
24162,0,2,1,0.8803419,0.8632479,0.26770738,4.221663
24162,0,3,0,0.94871795,0.47008547,0.27636424,4.788789
24162,0,3,0.25,0.94871795,0.47863248,0.2763642,3.5653791
24162,0,3,0.5,0.991453,0.4871795,0.2763642,2.7131639
24162,0,3,0.75,1,0.50427353,0.2763641,2.1803732
24162,0,3,1,1,0.4957265,0.2763641,2.1492517
24163,0,1,0,0.93162394,0.85470086,0.4066405,6.231541
24163,0,1,0.25,0.8888889,0.85470086,0.4066405,6.302291
24163,0,1,0.5,0.93162394,0.85470086,0.4066405,6.304619
24163,0,1,0.75,0.94871795,0.85470086,0.40664035,6.3149214
24163,0,1,1,0.95726496,0.85470086,0.4066405,6.3920164
24163,0,2,0,0.982906,0.46153846,0.46343878,3.1767259
24163,0,2,0.25,0.974359,0.47863248,0.46343878,3.0913453
24163,0,2,0.5,0.982906,0.4871795,0.46343878,3.0489774
24163,0,2,0.75,0.982906,0.47863248,0.46343878,2.9405484
24163,0,2,1,0.982906,0.47863248,0.46343878,2.8732042
24163,0,3,0,0.7692308,0.9059829,0.617978,9.659271
24163,0,3,0.25,0.7777778,0.94017094,0.6179781,9.878363
24163,0,3,0.5,0.7863248,0.94017094,0.617978,9.986805
24163,0,3,0.75,0.8034188,0.9230769,0.61797774,10.030354
24163,0,3,1,0.82051283,0.9145299,0.617978,10.131782
24164,0,1,0,0.35042736,0.974359,0.6068689,6.7568545
24164,0,1,0.25,0.3931624,1,0.6068689,8.875603
24164,0,1,0.5,0.4871795,0.96581197,0.6068689,10.613896
24164,0,1,0.75,0.5726496,0.96581197,0.60686904,10.626199
24164,0,1,1,0.74358976,0.982906,0.6068689,9.327515
24164,0,2,0,0.35897437,0.94871795,1.3052564,16.76568
24164,0,2,0.25,0.46153846,0.94017094,1.3052562,17.214891
24164,0,2,0.5,0.5726496,0.95726496,1.3052562,16.393635
24164,0,2,0.75,0.6495727,0.94871795,1.3052562,15.130491
24164,0,2,1,0.6923077,0.95726496,1.3052564,13.562107
24164,0,3,0,0.5555556,1,0.40738377,5.0642257
24164,0,3,0.25,0.61538464,1,0.40738374,4.8171473
24164,0,3,0.5,0.6923077,0.982906,0.40738365,4.8999805
24164,0,3,0.75,0.6752137,1,0.40738365,4.8237553
24164,0,3,1,0.7008547,0.991453,0.40738377,4.5397463
24165,0,1,0,0.94017094,0.8803419,0.28758824,3.3161132
24165,0,1,0.25,0.95726496,0.83760685,0.2875879,3.0453706
24165,0,1,0.5,0.974359,0.82905984,0.28758824,2.8246596
24165,0,1,0.75,0.94017094,0.85470086,0.2875889,2.5846052
24165,0,1,1,0.96581197,0.83760685,0.28758824,2.310812
24165,0,2,0,0.9059829,0.43589744,1.1483113,13.741968
24165,0,2,0.25,0.9230769,0.53846157,1.148311,12.880196
24165,0,2,0.5,0.9230769,0.5555556,1.1483113,11.598696
24165,0,2,0.75,0.8888889,0.5555556,1.1483117,11.372681
24165,0,2,1,0.8717949,0.5470086,1.148311,11.072811
24165,0,3,0,0.35897437,0.991453,0.3622665,2.160512
24165,0,3,0.25,0.35897437,0.982906,0.36226627,2.4443557
24165,0,3,0.5,0.41025642,0.982906,0.3622665,2.8923109
24165,0,3,0.75,0.41880342,0.974359,0.3622666,3.2661068
24165,0,3,1,0.42735043,0.93162394,0.36226636,3.5140893
24166,0,1,0,0.8034188,0.83760685,0.45527676,10.072949
24166,0,1,0.25,0.7863248,0.9059829,0.45527697,8.293697
24166,0,1,0.5,0.8632479,0.8888889,0.45527676,6.3569484
24166,0,1,0.75,0.93162394,0.8888889,0.45527682,5.1297846
24166,0,1,1,0.93162394,0.8888889,0.45527682,4.266736
24166,0,2,0,0.47008547,0.8717949,0.6434029,17.341368
24166,0,2,0.25,0.4957265,0.9145299,0.64340305,14.105375
24166,0,2,0.5,0.5470086,0.93162394,0.6434029,11.020236
24166,0,2,0.75,0.5897436,0.96581197,0.6434029,8.341705
24166,0,2,1,0.53846157,0.974359,0.6434029,6.9619627
24166,0,3,0,0.6495727,0.7777778,0.79718137,18.99942
24166,0,3,0.25,0.60683763,0.75213677,0.79718155,16.443537
24166,0,3,0.5,0.7094017,0.8119658,0.79718137,12.758013
24166,0,3,0.75,0.7692308,0.8717949,0.79718137,10.328489
24166,0,3,1,0.83760685,0.94871795,0.79718137,9.194925
24167,0,1,0,0.41025642,0.82051283,0.749749,12.755813
24167,0,1,0.25,0.52991456,0.75213677,0.749749,10.423244
24167,0,1,0.5,0.51282054,0.8974359,0.749749,7.961852
24167,0,1,0.75,0.4957265,0.94017094,0.7497488,6.4811125
24167,0,1,1,0.5470086,0.96581197,0.7497491,5.343907
24167,0,2,0,0.6666667,0.63247865,0.9499691,13.695717
24167,0,2,0.25,0.62393165,0.6495727,0.94996905,9.856356
24167,0,2,0.5,0.6923077,0.73504275,0.94996905,7.0759754
24167,0,2,0.75,0.73504275,0.8119658,0.9499693,6.2928343
24167,0,2,1,0.83760685,0.9059829,0.94996846,6.4423685
24167,0,3,0,0.7948718,0.6581197,0.80002755,8.036959
24167,0,3,0.25,0.85470086,0.6666667,0.8000275,9.37702
24167,0,3,0.5,0.9059829,0.63247865,0.8000277,9.0802145
24167,0,3,0.75,0.9145299,0.62393165,0.8000278,9.199471
24167,0,3,1,0.974359,0.5641026,0.8000274,7.4665394
24168,0,1,0,0.5897436,0.6666667,2.8639648,25.528946
24168,0,1,0.25,0.5811966,0.6923077,2.8639648,25.310564
24168,0,1,0.5,0.5897436,0.6923077,2.8639648,25.136003
24168,0,1,0.75,0.5897436,0.6495727,2.8639648,24.614746
24168,0,1,1,0.5811966,0.6581197,2.8639648,24.575584
24168,0,2,0,0.7777778,0.60683763,0.48389098,9.752298
24168,0,2,0.25,0.7692308,0.5982906,0.48389104,9.584675
24168,0,2,0.5,0.75213677,0.60683763,0.48389095,9.78824
24168,0,2,0.75,0.75213677,0.60683763,0.48389092,9.808191
24168,0,2,1,0.7606838,0.61538464,0.48389095,9.9584675
24168,0,3,0,0.45299146,0.63247865,1.8111615,12.857226
24168,0,3,0.25,0.46153846,0.62393165,1.8111615,12.902426
24168,0,3,0.5,0.45299146,0.61538464,1.8111613,12.875622
24168,0,3,0.75,0.45299146,0.62393165,1.8111613,13.031911
24168,0,3,1,0.47008547,0.61538464,1.8111615,13.015087
24169,0,1,0,0.43589744,0.991453,0.36447763,2.5829458
24169,0,1,0.25,0.41025642,0.982906,0.36447763,2.3287868
24169,0,1,0.5,0.4017094,0.96581197,0.3644774,2.2974133
24169,0,1,0.75,0.41025642,0.991453,0.3644774,2.2661347
24169,0,1,1,0.41025642,0.991453,0.36447763,2.26095
24169,0,2,0,0.96581197,0.5811966,0.6323818,5.762596
24169,0,2,0.25,0.974359,0.5982906,0.63238174,5.715349
24169,0,2,0.5,0.982906,0.5982906,0.6323821,5.7786365
24169,0,2,0.75,0.974359,0.64102566,0.6323819,5.9685326
24169,0,2,1,0.982906,0.6837607,0.6323818,6.3301477
24169,0,3,0,0.72649574,0.74358976,2.1185389,23.766043
24169,0,3,0.25,0.74358976,0.75213677,2.1185389,22.949966
24169,0,3,0.5,0.7606838,0.7606838,2.118539,22.474804
24169,0,3,0.75,0.75213677,0.7692308,2.118539,22.219543
24169,0,3,1,0.7863248,0.7863248,2.1185389,22.441303
24170,0,1,0,0.4957265,1,0.27580893,2.488864
24170,0,1,0.25,0.53846157,0.974359,0.275809,2.4445808
24170,0,1,0.5,0.51282054,0.96581197,0.27580976,2.4293294
24170,0,1,0.75,0.4957265,0.991453,0.27580893,2.380639
24170,0,1,1,0.4957265,0.991453,0.27580935,2.3497736
24170,0,2,0,0.36752138,0.93162394,1.3719846,13.6109
24170,0,2,0.25,0.37606838,0.93162394,1.3719846,13.831692
24170,0,2,0.5,0.3846154,0.94017094,1.371985,13.906593
24170,0,2,0.75,0.3846154,0.93162394,1.371985,13.855802
24170,0,2,1,0.3931624,0.9145299,1.3719846,13.771383
24170,0,3,0,0.5811966,0.95726496,0.4559846,5.5453053
24170,0,3,0.25,0.5982906,0.9230769,0.45598453,5.3920655
24170,0,3,0.5,0.5982906,0.95726496,0.45598447,5.4210367
24170,0,3,0.75,0.5811966,0.974359,0.4559844,5.3975964
24170,0,3,1,0.5811966,0.94871795,0.45598453,5.3084984
24171,0,1,0,0.991453,0.4871795,0.2715013,4.191259
24171,0,1,0.25,0.982906,0.4957265,0.27150118,4.1391764
24171,0,1,0.5,0.982906,0.4871795,0.27150166,4.0737453
24171,0,1,0.75,0.96581197,0.4957265,0.27150142,4.0757413
24171,0,1,1,0.974359,0.4957265,0.2715013,4.036235
24171,0,2,0,0.8119658,0.75213677,1.3702642,15.727796
24171,0,2,0.25,0.8119658,0.74358976,1.3702638,15.517696
24171,0,2,0.5,0.82905984,0.7692308,1.3702639,15.6294155
24171,0,2,0.75,0.82905984,0.8034188,1.3702638,15.878368
24171,0,2,1,0.7692308,0.83760685,1.3702642,16.023792
24171,0,3,0,0.82905984,0.82051283,0.39754775,7.032773
24171,0,3,0.25,0.84615386,0.84615386,0.39754763,6.734256
24171,0,3,0.5,0.82905984,0.84615386,0.3975483,6.5624747
24171,0,3,0.75,0.82905984,0.83760685,0.39754778,6.426873
24171,0,3,1,0.83760685,0.82905984,0.39754775,6.258852
24172,0,1,0,0.8974359,0.71794873,1.0855687,13.976247
24172,0,1,0.25,0.8888889,0.74358976,1.0855687,14.190559
24172,0,1,0.5,0.8632479,0.73504275,1.0855683,14.260088
24172,0,1,0.75,0.8803419,0.73504275,1.0855687,14.33031
24172,0,1,1,0.8803419,0.71794873,1.0855684,14.683235
24172,0,2,0,0.9059829,0.3846154,0.49646968,12.947483
24172,0,2,0.25,0.8974359,0.36752138,0.49646983,13.20853
24172,0,2,0.5,0.9145299,0.36752138,0.49646947,13.214064
24172,0,2,0.75,0.9145299,0.3931624,0.49646965,13.688822
24172,0,2,1,0.9059829,0.37606838,0.49646968,14.068029
24172,0,3,0,0.5726496,0.8717949,0.32862997,8.897688
24172,0,3,0.25,0.5897436,0.8632479,0.32863,9.227722
24172,0,3,0.5,0.5982906,0.8119658,0.32863,9.752611
24172,0,3,0.75,0.63247865,0.8632479,0.32862997,10.243242
24172,0,3,1,0.6495727,0.85470086,0.32862997,10.60404
24173,0,1,0,0.3846154,0.7948718,1.2554808,12.154728
24173,0,1,0.25,0.4017094,0.7606838,1.255481,11.960121
24173,0,1,0.5,0.4017094,0.7863248,1.2554809,11.338706
24173,0,1,0.75,0.37606838,0.8034188,1.2554808,10.798269
24173,0,1,1,0.35897437,0.7948718,1.2554809,10.455453
24173,0,2,0,0.982906,0.4871795,0.2791136,5.120449
24173,0,2,0.25,0.991453,0.51282054,0.2791134,4.9384165
24173,0,2,0.5,0.982906,0.52136755,0.27911347,4.8674707
24173,0,2,0.75,0.991453,0.52991456,0.27911344,4.724001
24173,0,2,1,0.95726496,0.53846157,0.2791136,4.622283
24173,0,3,0,0.6923077,0.6666667,1.5142419,23.401524
24173,0,3,0.25,0.6581197,0.6752137,1.5142419,23.530098
24173,0,3,0.5,0.64102566,0.6581197,1.5142419,23.887781
24173,0,3,0.75,0.61538464,0.6666667,1.5142419,23.324783
24173,0,3,1,0.5982906,0.6581197,1.5142419,22.763172
24174,0,1,0,0.7863248,0.83760685,0.72980475,8.329543
24174,0,1,0.25,0.7692308,0.8888889,0.7298048,7.731696
24174,0,1,0.5,0.7863248,0.83760685,0.72980464,7.3483047
24174,0,1,0.75,0.7863248,0.85470086,0.72980475,6.7547865
24174,0,1,1,0.85470086,0.85470086,0.72980475,6.768545
24174,0,2,0,0.52991456,0.974359,0.3248813,3.7296872
24174,0,2,0.25,0.52991456,0.974359,0.3248815,3.339189
24174,0,2,0.5,0.52136755,0.93162394,0.3248813,3.1005125
24174,0,2,0.75,0.52991456,0.982906,0.3248815,2.822946
24174,0,2,1,0.52991456,0.93162394,0.3248813,2.5586035
24174,0,3,0,0.95726496,0.8803419,0.51153535,2.1498442
24174,0,3,0.25,0.95726496,0.85470086,0.5115353,1.9958407
24174,0,3,0.5,0.95726496,0.83760685,0.5115355,1.8666784
24174,0,3,0.75,0.9230769,0.84615386,0.5115353,1.7847205
24174,0,3,1,0.93162394,0.8803419,0.5115353,1.7070808
24175,0,1,0,0.8974359,0.7863248,0.88391423,13.569568
24175,0,1,0.25,0.93162394,0.7948718,0.88391435,13.725809
24175,0,1,0.5,0.9145299,0.8034188,0.88391423,14.003945
24175,0,1,0.75,0.95726496,0.8119658,0.8839142,13.825013
24175,0,1,1,0.982906,0.8034188,0.88391423,14.666527
24175,0,2,0,0.4017094,0.974359,0.51328915,7.6728954
24175,0,2,0.25,0.3931624,1,0.51328915,7.917097
24175,0,2,0.5,0.41880342,0.991453,0.5132892,8.1667595
24175,0,2,0.75,0.41025642,0.982906,0.5132892,7.719331
24175,0,2,1,0.41880342,0.96581197,0.5132892,8.677736
24175,0,3,0,0.982906,0.5897436,0.2835602,3.7189922
24175,0,3,0.25,0.991453,0.53846157,0.2835602,3.8568738
24175,0,3,0.5,0.991453,0.51282054,0.2835602,3.8974159
24175,0,3,0.75,0.991453,0.5726496,0.2835602,3.6741872
24175,0,3,1,1,0.5555556,0.2835602,3.9191227
24176,0,1,0,0.94871795,0.62393165,0.5774595,7.8726177
24176,0,1,0.25,0.94017094,0.5982906,0.57745975,7.761408
24176,0,1,0.5,0.94017094,0.60683763,0.5774596,7.749732
24176,0,1,0.75,0.94017094,0.5897436,0.5774597,7.722598
24176,0,1,1,0.93162394,0.60683763,0.5774595,7.7775555
24176,0,2,0,0.8717949,0.4957265,2.9127655,32.105885
24176,0,2,0.25,0.8803419,0.4957265,2.9127655,31.79044
24176,0,2,0.5,0.8803419,0.4957265,2.9127655,31.579433
24176,0,2,0.75,0.84615386,0.50427353,2.9127655,30.961956
24176,0,2,1,0.8119658,0.51282054,2.9127655,30.882679
24176,0,3,0,0.47008547,0.7606838,1.6470654,16.137085
24176,0,3,0.25,0.47863248,0.7606838,1.6470654,16.259735
24176,0,3,0.5,0.4957265,0.7777778,1.6470654,16.80913
24176,0,3,0.75,0.51282054,0.7863248,1.6470656,16.611485
24176,0,3,1,0.4957265,0.7863248,1.6470654,16.503763
24177,0,1,0,0.7692308,0.8034188,0.2666212,4.5663695
24177,0,1,0.25,0.84615386,0.84615386,0.2666212,4.068427
24177,0,1,0.5,0.8803419,0.9230769,0.266621,3.4281683
24177,0,1,0.75,0.85470086,0.95726496,0.2666214,3.06397
24177,0,1,1,0.8717949,0.991453,0.2666212,2.6209326
24177,0,2,0,0.53846157,0.5897436,0.9352695,17.211548
24177,0,2,0.25,0.60683763,0.6581197,0.9352695,16.889587
24177,0,2,0.5,0.60683763,0.74358976,0.9352695,14.350273
24177,0,2,0.75,0.62393165,0.75213677,0.9352695,11.961773
24177,0,2,1,0.60683763,0.85470086,0.9352695,9.833166
24177,0,3,0,0.4871795,0.9059829,0.9163237,8.663633
24177,0,3,0.25,0.47863248,0.9145299,0.9163237,9.295228
24177,0,3,0.5,0.45299146,0.93162394,0.9163238,10.009869
24177,0,3,0.75,0.41880342,0.8974359,0.9163238,10.237741
24177,0,3,1,0.4017094,0.94017094,0.9163238,10.181674
24178,0,1,0,0.974359,0.36752138,0.32099333,3.8393893
24178,0,1,0.25,0.982906,0.3931624,0.3209934,3.8676987
24178,0,1,0.5,0.991453,0.41025642,0.32099327,3.984411
24178,0,1,0.75,0.95726496,0.41880342,0.3209934,4.05156
24178,0,1,1,0.991453,0.44444445,0.32099333,4.068797
24178,0,2,0,0.9059829,0.82051283,1.237472,19.934813
24178,0,2,0.25,0.8034188,0.7777778,1.2374722,19.442844
24178,0,2,0.5,0.7777778,0.82051283,1.2374722,19.859547
24178,0,2,0.75,0.63247865,0.8717949,1.2374723,19.512007
24178,0,2,1,0.6495727,0.8974359,1.237472,19.054066
24178,0,3,0,0.96581197,0.73504275,0.36066166,6.877054
24178,0,3,0.25,0.94871795,0.7777778,0.36066154,6.7537346
24178,0,3,0.5,0.95726496,0.85470086,0.36066154,6.7036495
24178,0,3,0.75,0.9230769,0.8632479,0.36066154,6.451696
24178,0,3,1,0.974359,0.8974359,0.36066154,5.9965296
24179,0,1,0,0.8119658,0.8974359,0.374012,7.013239
24179,0,1,0.25,0.74358976,0.9059829,0.37401244,7.2698135
24179,0,1,0.5,0.6752137,0.94871795,0.37401202,6.692643
24179,0,1,0.75,0.60683763,0.96581197,0.37401193,5.4335823
24179,0,1,1,0.63247865,0.991453,0.37401247,4.4550915
24179,0,2,0,0.75213677,0.7692308,0.650853,12.082992
24179,0,2,0.25,0.73504275,0.7948718,0.650853,12.606584
24179,0,2,0.5,0.6495727,0.8974359,0.65085304,11.986586
24179,0,2,0.75,0.52991456,0.9230769,0.6508529,9.863707
24179,0,2,1,0.52991456,0.974359,0.65085304,7.9752913
24179,0,3,0,0.75213677,0.82905984,0.6012004,11.894496
24179,0,3,0.25,0.6495727,0.8632479,0.6012005,11.949328
24179,0,3,0.5,0.5897436,0.94871795,0.6012004,10.519457
24179,0,3,0.75,0.4957265,0.94871795,0.6012001,8.330635
24179,0,3,1,0.47008547,0.974359,0.6012004,6.568528
24180,0,1,0,0.50427353,0.7777778,0.5045874,9.234222
24180,0,1,0.25,0.4871795,0.85470086,0.5045874,9.479801
24180,0,1,0.5,0.5470086,0.9059829,0.5045874,7.901946
24180,0,1,0.75,0.53846157,0.9145299,0.50458765,6.430025
24180,0,1,1,0.51282054,0.94017094,0.5045874,6.1873174
24180,0,2,0,0.7692308,0.62393165,0.6520766,5.863264
24180,0,2,0.25,0.7692308,0.75213677,0.65207654,5.1295357
24180,0,2,0.5,0.7692308,0.74358976,0.65207654,4.247936
24180,0,2,0.75,0.8119658,0.8119658,0.65207654,4.4379463
24180,0,2,1,0.8717949,0.82905984,0.65207654,4.445384
24180,0,3,0,0.71794873,0.52991456,1.56843,14.429306
24180,0,3,0.25,0.6923077,0.62393165,1.5684297,13.372562
24180,0,3,0.5,0.6581197,0.74358976,1.56843,12.285744
24180,0,3,0.75,0.7692308,0.7863248,1.5684301,11.754404
24180,0,3,1,0.7008547,0.7777778,1.56843,11.467245
24181,0,1,0,0.41025642,0.95726496,0.5802559,5.0990725
24181,0,1,0.25,0.41880342,0.95726496,0.58025575,5.098977
24181,0,1,0.5,0.42735043,0.95726496,0.580256,5.077339
24181,0,1,0.75,0.42735043,0.96581197,0.580256,5.0382004
24181,0,1,1,0.41880342,0.982906,0.5802559,4.967164
24181,0,2,0,0.43589744,0.5555556,2.526192,44.489273
24181,0,2,0.25,0.42735043,0.5470086,2.526192,44.405807
24181,0,2,0.5,0.42735043,0.53846157,2.526192,44.076
24181,0,2,0.75,0.42735043,0.52991456,2.5261922,43.609062
24181,0,2,1,0.46153846,0.51282054,2.526192,43.924416
24181,0,3,0,0.8803419,0.8974359,0.7542439,8.241777
24181,0,3,0.25,0.8974359,0.8974359,0.7542439,8.219135
24181,0,3,0.5,0.8974359,0.8888889,0.7542439,8.133868
24181,0,3,0.75,0.8974359,0.8888889,0.7542441,8.1116085
24181,0,3,1,0.8888889,0.8888889,0.754244,8.036203
24182,0,1,0,0.7692308,0.94017094,0.4242645,5.792514
24182,0,1,0.25,0.73504275,0.8632479,0.42426446,6.446529
24182,0,1,0.5,0.71794873,0.82905984,0.4242645,5.7005854
24182,0,1,0.75,0.7692308,0.85470086,0.4242647,6.2669086
24182,0,1,1,0.82905984,0.8717949,0.42426458,7.0275345
24182,0,2,0,0.84615386,0.96581197,0.3813729,6.313307
24182,0,2,0.25,0.84615386,0.8803419,0.3813729,6.9322977
24182,0,2,0.5,0.85470086,0.84615386,0.38137293,6.7008576
24182,0,2,0.75,0.8034188,0.7948718,0.3813729,6.5813255
24182,0,2,1,0.82051283,0.72649574,0.38137293,6.521552
24182,0,3,0,0.96581197,0.85470086,0.31796467,4.033057
24182,0,3,0.25,0.94871795,0.83760685,0.31796467,4.7121763
24182,0,3,0.5,0.93162394,0.8034188,0.31796467,4.422555
24182,0,3,0.75,0.94017094,0.8034188,0.31796467,4.146453
24182,0,3,1,1,0.8119658,0.31796467,4.422365
24183,0,1,0,0.4957265,0.974359,0.28345725,4.8610888
24183,0,1,0.25,0.46153846,0.974359,0.28345725,4.6905394
24183,0,1,0.5,0.45299146,0.95726496,0.28345725,4.6088886
24183,0,1,0.75,0.44444445,0.94871795,0.28345725,4.5342426
24183,0,1,1,0.44444445,0.93162394,0.28345725,4.4757004
24183,0,2,0,0.5982906,0.41025642,1.9576465,36.884544
24183,0,2,0.25,0.5811966,0.41880342,1.9576466,36.129517
24183,0,2,0.5,0.5982906,0.41025642,1.9576465,35.010292
24183,0,2,0.75,0.5555556,0.41025642,1.9576463,33.724747
24183,0,2,1,0.53846157,0.41025642,1.9576465,31.094212
24183,0,3,0,0.6837607,0.43589744,2.1193664,38.895226
24183,0,3,0.25,0.6752137,0.4871795,2.1193666,40.01219
24183,0,3,0.5,0.6923077,0.4871795,2.1193664,40.817825
24183,0,3,0.75,0.6837607,0.4957265,2.1193662,40.307484
24183,0,3,1,0.6666667,0.47008547,2.1193664,39.05448
24184,0,1,0,0.51282054,0.83760685,0.8227697,14.579183
24184,0,1,0.25,0.4957265,0.84615386,0.8227697,14.134712
24184,0,1,0.5,0.47008547,0.8803419,0.8227698,13.274805
24184,0,1,0.75,0.45299146,0.8803419,0.82276976,12.398577
24184,0,1,1,0.36752138,0.8888889,0.82276976,11.737196
24184,0,2,0,0.83760685,0.5897436,0.7029983,11.998292
24184,0,2,0.25,0.8888889,0.5726496,0.70299834,10.648314
24184,0,2,0.5,0.94871795,0.5726496,0.7029983,9.81403
24184,0,2,0.75,0.93162394,0.5470086,0.7029984,8.667769
24184,0,2,1,0.94871795,0.51282054,0.70299834,7.7063103
24184,0,3,0,0.6752137,0.5982906,1.0342815,19.911818
24184,0,3,0.25,0.7008547,0.74358976,1.0342814,17.91719
24184,0,3,0.5,0.71794873,0.75213677,1.0342815,16.56304
24184,0,3,0.75,0.6752137,0.84615386,1.0342814,15.457037
24184,0,3,1,0.61538464,0.84615386,1.0342815,14.463308
24185,0,1,0,0.5726496,0.74358976,1.2867173,22.390623
24185,0,1,0.25,0.52136755,0.93162394,1.2867174,21.99347
24185,0,1,0.5,0.41880342,0.9059829,1.2867172,18.814987
24185,0,1,0.75,0.4017094,0.8974359,1.2867174,19.362675
24185,0,1,1,0.36752138,0.94017094,1.2867174,21.041122
24185,0,2,0,0.64102566,0.82051283,0.8445212,15.515187
24185,0,2,0.25,0.5726496,0.8632479,0.84452116,13.623367
24185,0,2,0.5,0.5470086,0.8717949,0.8445213,13.121267
24185,0,2,0.75,0.51282054,0.9230769,0.8445212,13.049223
24185,0,2,1,0.50427353,0.9230769,0.8445213,12.866171
24185,0,3,0,0.8888889,0.9230769,0.28076354,5.0377665
24185,0,3,0.25,0.84615386,0.991453,0.28076357,4.4601717
24185,0,3,0.5,0.7948718,0.991453,0.28076357,4.3005304
24185,0,3,0.75,0.7777778,0.982906,0.2807636,4.237338
24185,0,3,1,0.7606838,0.982906,0.28076354,4.084958
24186,0,1,0,0.974359,0.84615386,0.3553298,1.4315556
24186,0,1,0.25,0.974359,0.7863248,0.3553298,1.6686074
24186,0,1,0.5,0.974359,0.7948718,0.3553298,1.8040406
24186,0,1,0.75,0.974359,0.8034188,0.3553298,1.9852977
24186,0,1,1,0.95726496,0.7777778,0.3553298,2.328695
24186,0,2,0,0.7948718,0.75213677,0.88045865,4.9333973
24186,0,2,0.25,0.7692308,0.75213677,0.8804587,4.910754
24186,0,2,0.5,0.7948718,0.7777778,0.8804587,5.971684
24186,0,2,0.75,0.7692308,0.8034188,0.8804586,6.635757
24186,0,2,1,0.5811966,0.7777778,0.8804587,8.603859
24186,0,3,0,0.8888889,0.71794873,0.25977638,2.8795328
24186,0,3,0.25,0.8974359,0.71794873,0.25977638,2.8960624
24186,0,3,0.5,0.8717949,0.7008547,0.25977635,2.8899732
24186,0,3,0.75,0.8803419,0.7094017,0.25977644,3.0225444
24186,0,3,1,0.85470086,0.7094017,0.25977638,3.2751029
24187,0,1,0,0.37606838,0.7094017,2.5073156,31.304615
24187,0,1,0.25,0.35897437,0.6923077,2.5073156,30.798676
24187,0,1,0.5,0.41025642,0.6752137,2.5073154,31.05637
24187,0,1,0.75,0.43589744,0.7094017,2.5073154,30.706726
24187,0,1,1,0.45299146,0.7094017,2.5073156,30.706234
24187,0,2,0,0.5641026,0.95726496,0.9969729,6.700781
24187,0,2,0.25,0.5726496,0.94017094,0.9969729,6.8527164
24187,0,2,0.5,0.5555556,0.95726496,0.9969729,6.983942
24187,0,2,0.75,0.5470086,0.94017094,0.9969729,7.335252
24187,0,2,1,0.5726496,0.94017094,0.9969729,7.5272636
24187,0,3,0,0.7692308,0.982906,0.36941838,3.3383853
24187,0,3,0.25,0.7606838,0.982906,0.36941838,3.290768
24187,0,3,0.5,0.75213677,0.991453,0.36941817,3.2872071
24187,0,3,0.75,0.75213677,1,0.36941883,3.2621164
24187,0,3,1,0.73504275,1,0.36941838,3.2194963
24188,0,1,0,0.74358976,0.982906,0.50813293,4.794445
24188,0,1,0.25,0.73504275,0.991453,0.50813246,4.5745416
24188,0,1,0.5,0.72649574,0.991453,0.50813293,4.4195805
24188,0,1,0.75,0.72649574,1,0.50813293,4.3311844
24188,0,1,1,0.71794873,1,0.50813293,4.2748585
24188,0,2,0,0.9230769,0.82905984,0.6039991,7.414438
24188,0,2,0.25,0.96581197,0.82051283,0.6039995,7.695747
24188,0,2,0.5,0.974359,0.82051283,0.6039991,7.718158
24188,0,2,0.75,0.991453,0.7948718,0.60399896,7.62914
24188,0,2,1,1,0.7692308,0.6039991,7.5983624
24188,0,3,0,0.93162394,0.83760685,1.8125013,11.205009
24188,0,3,0.25,0.9230769,0.7863248,1.8125021,10.727745
24188,0,3,0.5,0.9059829,0.75213677,1.8125013,10.331074
24188,0,3,0.75,0.9230769,0.73504275,1.8125005,10.090231
24188,0,3,1,0.94017094,0.73504275,1.812501,9.795579
24189,0,1,0,0.5982906,1,0.44702154,6.1256037
24189,0,1,0.25,0.5982906,0.991453,0.44702178,6.043667
24189,0,1,0.5,0.5982906,0.991453,0.44702178,6.015119
24189,0,1,0.75,0.60683763,1,0.44702178,5.9828076
24189,0,1,1,0.60683763,0.95726496,0.44702178,6.0250707
24189,0,2,0,0.7777778,0.8974359,0.26596442,3.4324281
24189,0,2,0.25,0.7777778,0.8974359,0.26596466,3.3704748
24189,0,2,0.5,0.7863248,0.8888889,0.26596442,3.3217058
24189,0,2,0.75,0.7948718,0.8888889,0.26596466,3.2882552
24189,0,2,1,0.7948718,0.8888889,0.26596442,3.238473
24189,0,3,0,0.83760685,0.64102566,0.65930444,10.434444
24189,0,3,0.25,0.82051283,0.6495727,0.65930444,10.344464
24189,0,3,0.5,0.82051283,0.6752137,0.65930444,10.311681
24189,0,3,0.75,0.82051283,0.6923077,0.6593043,10.388132
24189,0,3,1,0.83760685,0.6923077,0.65930444,10.362091
24190,0,1,0,0.36752138,0.8888889,0.95837754,8.859686
24190,0,1,0.25,0.36752138,0.8974359,0.9583775,8.474831
24190,0,1,0.5,0.37606838,0.8974359,0.95837754,8.401816
24190,0,1,0.75,0.36752138,0.8888889,0.95837766,8.105679
24190,0,1,1,0.3846154,0.9145299,0.95837754,8.17248
24190,0,2,0,0.982906,0.94871795,0.48087767,4.7181196
24190,0,2,0.25,1,0.94017094,0.48087764,4.60089
24190,0,2,0.5,0.94871795,0.94017094,0.48087767,4.509723
24190,0,2,0.75,0.9230769,0.9230769,0.4808777,4.4791107
24190,0,2,1,0.9145299,0.93162394,0.48087767,4.424959
24190,0,3,0,0.991453,0.3931624,0.29271114,2.825167
24190,0,3,0.25,1,0.41025642,0.29271123,2.7654967
24190,0,3,0.5,0.982906,0.41880342,0.29271108,2.772129
24190,0,3,0.75,0.991453,0.42735043,0.29271102,2.8022463
24190,0,3,1,1,0.42735043,0.29271114,2.748982
24191,0,1,0,0.96581197,0.5811966,0.44276646,3.3796282
24191,0,1,0.25,0.94017094,0.50427353,0.4427664,4.1600695
24191,0,1,0.5,0.8888889,0.51282054,0.44276646,4.586015
24191,0,1,0.75,0.9230769,0.44444445,0.44276643,5.919388
24191,0,1,1,0.8632479,0.46153846,0.44276643,9.691597
24191,0,2,0,0.75213677,0.982906,0.38200152,3.0660987
24191,0,2,0.25,0.73504275,0.96581197,0.38200146,3.9256096
24191,0,2,0.5,0.6666667,0.95726496,0.38200155,4.9295983
24191,0,2,0.75,0.5982906,0.8888889,0.38200155,6.287117
24191,0,2,1,0.45299146,0.7863248,0.38200155,11.116607
24191,0,3,0,0.63247865,0.974359,0.5024092,0.96900976
24191,0,3,0.25,0.5897436,0.94871795,0.50240946,1.3281672
24191,0,3,0.5,0.52991456,0.8974359,0.5024093,2.4761147
24191,0,3,0.75,0.52991456,0.82051283,0.50240934,4.1552334
24191,0,3,1,0.3931624,0.75213677,0.50240934,12.493179
24192,0,1,0,0.96581197,0.63247865,0.70203024,10.032375
24192,0,1,0.25,0.96581197,0.63247865,0.7020298,10.13677
24192,0,1,0.5,0.96581197,0.62393165,0.70203054,10.175171
24192,0,1,0.75,0.95726496,0.61538464,0.7020298,10.081469
24192,0,1,1,0.95726496,0.5897436,0.70203,9.89292
24192,0,2,0,0.5811966,0.974359,0.3766802,7.227602
24192,0,2,0.25,0.5811966,0.96581197,0.37668014,7.285204
24192,0,2,0.5,0.5982906,0.95726496,0.3766801,7.2824717
24192,0,2,0.75,0.5897436,0.95726496,0.3766802,7.2605824
24192,0,2,1,0.5982906,0.96581197,0.37668023,7.0911846
24192,0,3,0,0.94871795,0.8119658,0.48527342,6.513201
24192,0,3,0.25,0.94017094,0.8034188,0.48527294,6.6307135
24192,0,3,0.5,0.94017094,0.8119658,0.48527312,6.713747
24192,0,3,0.75,0.94017094,0.8034188,0.48527342,6.713066
24192,0,3,1,0.94017094,0.8034188,0.48527318,6.59255
24193,0,1,0,0.83760685,0.5641026,0.78654593,9.28833
24193,0,1,0.25,0.82051283,0.52991456,0.78654593,9.275902
24193,0,1,0.5,0.8119658,0.52136755,0.78654593,9.3055
24193,0,1,0.75,0.82905984,0.52136755,0.7865458,9.396488
24193,0,1,1,0.8034188,0.5470086,0.7865459,9.642839
24193,0,2,0,0.8974359,0.9230769,0.45329845,4.2468634
24193,0,2,0.25,0.8803419,0.93162394,0.45329845,4.222745
24193,0,2,0.5,0.8717949,0.94017094,0.4532983,4.2320433
24193,0,2,0.75,0.9145299,0.93162394,0.4532983,4.2372065
24193,0,2,1,0.9059829,0.93162394,0.45329836,4.2269297
24193,0,3,0,0.95726496,0.73504275,0.36509803,1.740933
24193,0,3,0.25,0.93162394,0.7692308,0.36509803,1.7498286
24193,0,3,0.5,0.9230769,0.7777778,0.36509803,1.7711118
24193,0,3,0.75,0.95726496,0.7777778,0.365098,1.8202174
24193,0,3,1,0.96581197,0.7777778,0.36509803,1.845689
24194,0,1,0,0.9230769,0.7863248,0.4070793,3.3542867
24194,0,1,0.25,0.94871795,0.8034188,0.4070793,3.4699717
24194,0,1,0.5,0.94017094,0.7777778,0.40707925,3.4337614
24194,0,1,0.75,0.95726496,0.7777778,0.40707925,3.4115982
24194,0,1,1,0.95726496,0.72649574,0.40707925,3.3872013
24194,0,2,0,0.96581197,0.5897436,0.64074534,5.449338
24194,0,2,0.25,0.974359,0.62393165,0.64074534,5.678651
24194,0,2,0.5,0.94871795,0.63247865,0.6407456,5.685193
24194,0,2,0.75,0.974359,0.5982906,0.6407456,5.6401434
24194,0,2,1,0.96581197,0.60683763,0.64074534,5.5275517
24194,0,3,0,0.6837607,0.61538464,1.7006094,21.468863
24194,0,3,0.25,0.6495727,0.6752137,1.7006094,20.628748
24194,0,3,0.5,0.63247865,0.73504275,1.7006097,18.59433
24194,0,3,0.75,0.63247865,0.72649574,1.7006098,17.094906
24194,0,3,1,0.6581197,0.8034188,1.7006097,15.2850685
24195,0,1,0,0.991453,0.4017094,0.9571558,7.200948
24195,0,1,0.25,0.991453,0.3931624,0.9571558,6.848263
24195,0,1,0.5,0.982906,0.3931624,0.95715576,6.9446282
24195,0,1,0.75,0.982906,0.3846154,0.9571559,7.0106664
24195,0,1,1,1,0.3931624,0.9571558,6.7623878
24195,0,2,0,0.71794873,0.8034188,0.40456563,5.4278164
24195,0,2,0.25,0.6923077,0.8034188,0.40456563,5.426473
24195,0,2,0.5,0.7008547,0.7948718,0.4045656,5.416554
24195,0,2,0.75,0.71794873,0.8034188,0.4045656,5.414661
24195,0,2,1,0.71794873,0.8803419,0.40456563,5.4333205
24195,0,3,0,0.95726496,0.51282054,0.9953347,8.503401
24195,0,3,0.25,0.93162394,0.51282054,0.9953347,9.015819
24195,0,3,0.5,0.9059829,0.50427353,0.9953347,9.350264
24195,0,3,0.75,0.94017094,0.47863248,0.99533474,9.430074
24195,0,3,1,0.95726496,0.47008547,0.99533474,9.6816845
24196,0,1,0,0.9059829,0.85470086,0.4775775,2.6677673
24196,0,1,0.25,0.93162394,0.82905984,0.47757748,2.693662
24196,0,1,0.5,0.94871795,0.82905984,0.4775775,2.7676704
24196,0,1,0.75,0.9230769,0.8803419,0.47757795,2.76764
24196,0,1,1,0.9145299,0.8803419,0.4775775,2.803728
24196,0,2,0,0.9059829,0.3931624,0.43876645,3.8888583
24196,0,2,0.25,0.9230769,0.37606838,0.43876633,4.0076284
24196,0,2,0.5,0.9145299,0.37606838,0.43876645,3.962398
24196,0,2,0.75,0.8888889,0.37606838,0.43876657,3.9986017
24196,0,2,1,0.93162394,0.35042736,0.43876645,3.9990482
24196,0,3,0,0.6495727,0.7863248,1.2138699,10.215317
24196,0,3,0.25,0.61538464,0.7948718,1.2138699,10.77948
24196,0,3,0.5,0.61538464,0.8034188,1.2138699,11.196912
24196,0,3,0.75,0.5726496,0.8119658,1.21387,11.397793
24196,0,3,1,0.5726496,0.7948718,1.2138699,11.894001
24197,0,1,0,0.96581197,0.61538464,1.4671048,8.338126
24197,0,1,0.25,0.991453,0.5982906,1.4671049,8.879929
24197,0,1,0.5,0.982906,0.5726496,1.4671053,10.082549
24197,0,1,0.75,0.94017094,0.52136755,1.4671049,12.302928
24197,0,1,1,0.8974359,0.50427353,1.4671049,14.658825
24197,0,2,0,0.95726496,0.9230769,0.3137238,3.3268685
24197,0,2,0.25,0.95726496,0.9230769,0.3137238,4.2672234
24197,0,2,0.5,0.9145299,0.8803419,0.3137235,5.4631524
24197,0,2,0.75,0.8974359,0.72649574,0.3137238,5.8743877
24197,0,2,1,0.94871795,0.6666667,0.3137238,5.7817106
24197,0,3,0,0.5982906,0.96581197,0.38326785,5.5378733
24197,0,3,0.25,0.63247865,0.8974359,0.38326782,6.0445843
24197,0,3,0.5,0.62393165,0.8119658,0.38326782,6.0428863
24197,0,3,0.75,0.64102566,0.83760685,0.38326782,4.676208
24197,0,3,1,0.6666667,0.8034188,0.38326782,3.7509263
24198,0,1,0,1,0.47863248,0.56678486,5.846404
24198,0,1,0.25,1,0.4957265,0.56678486,5.627407
24198,0,1,0.5,0.991453,0.4871795,0.56678486,5.7009935
24198,0,1,0.75,0.93162394,0.50427353,0.56678486,5.893299
24198,0,1,1,0.96581197,0.53846157,0.56678486,6.104381
24198,0,2,0,1,0.6495727,0.33392167,3.126121
24198,0,2,0.25,1,0.5897436,0.3339212,3.3926227
24198,0,2,0.5,0.991453,0.53846157,0.33392167,3.7931838
24198,0,2,0.75,0.991453,0.5555556,0.33392167,4.270649
24198,0,2,1,1,0.52136755,0.33392167,4.8437634
24198,0,3,0,0.7777778,0.8034188,1.0125899,8.387185
24198,0,3,0.25,0.8034188,0.8034188,1.0125899,10.071711
24198,0,3,0.5,0.8119658,0.74358976,1.0125899,11.805506
24198,0,3,0.75,0.7863248,0.73504275,1.0125899,13.67889
24198,0,3,1,0.8803419,0.60683763,1.0125899,16.039833
24199,0,1,0,0.63247865,0.982906,0.3960612,4.2129827
24199,0,1,0.25,0.64102566,0.991453,0.3960612,4.177411
24199,0,1,0.5,0.60683763,0.991453,0.396061,4.092002
24199,0,1,0.75,0.62393165,0.991453,0.3960611,4.091326
24199,0,1,1,0.63247865,0.982906,0.3960612,4.0373445
24199,0,2,0,0.9230769,0.63247865,1.1490873,12.535019
24199,0,2,0.25,0.93162394,0.62393165,1.1490873,12.474897
24199,0,2,0.5,0.9230769,0.63247865,1.1490872,12.397442
24199,0,2,0.75,0.9230769,0.62393165,1.1490872,12.222815
24199,0,2,1,0.9059829,0.6495727,1.1490873,12.114543
24199,0,3,0,0.96581197,0.44444445,0.33645967,4.2479386
24199,0,3,0.25,0.982906,0.45299146,0.33645967,4.297248
24199,0,3,0.5,0.982906,0.45299146,0.33645967,4.2994
24199,0,3,0.75,0.991453,0.45299146,0.33645964,4.2830577
24199,0,3,1,0.974359,0.45299146,0.33645967,4.230505
24200,0,1,0,0.6923077,0.6666667,0.8024805,21.497936
24200,0,1,0.25,0.64102566,0.6923077,0.8024805,20.732021
24200,0,1,0.5,0.7008547,0.6666667,0.8024805,19.628302
24200,0,1,0.75,0.6837607,0.6923077,0.80248094,19.074139
24200,0,1,1,0.6837607,0.7008547,0.8024805,18.36148
24200,0,2,0,0.8803419,0.63247865,0.5306997,13.642579
24200,0,2,0.25,0.85470086,0.61538464,0.5306997,13.16151
24200,0,2,0.5,0.8803419,0.6495727,0.5306997,12.712147
24200,0,2,0.75,0.8888889,0.64102566,0.5307,12.24593
24200,0,2,1,0.9230769,0.6666667,0.5306997,12.022919
24200,0,3,0,1,0.5982906,0.25036544,3.6776516
24200,0,3,0.25,0.982906,0.5897436,0.25036544,3.4719787
24200,0,3,0.5,0.974359,0.5811966,0.25036544,3.326086
24200,0,3,0.75,0.982906,0.61538464,0.25036514,3.2163982
24200,0,3,1,0.974359,0.60683763,0.25036544,3.1027207
24201,0,1,0,0.74358976,0.7777778,1.1269488,11.024603
24201,0,1,0.25,0.82051283,0.8034188,1.1269486,10.364593
24201,0,1,0.5,0.9230769,0.7606838,1.1269488,8.631079
24201,0,1,0.75,0.974359,0.8119658,1.1269492,6.6160975
24201,0,1,1,0.95726496,0.82051283,1.1269488,6.3663015
24201,0,2,0,0.5470086,0.7948718,0.97990376,10.969102
24201,0,2,0.25,0.47863248,0.85470086,0.97990394,10.24827
24201,0,2,0.5,0.47008547,0.8888889,0.97990376,9.316161
24201,0,2,0.75,0.53846157,0.8803419,0.9799038,10.396275
24201,0,2,1,0.64102566,0.93162394,0.97990376,11.458473
24201,0,3,0,0.93162394,0.9145299,0.5467622,3.3789396
24201,0,3,0.25,0.96581197,0.85470086,0.5467619,2.6289692
24201,0,3,0.5,0.96581197,0.82051283,0.5467622,2.7580495
24201,0,3,0.75,0.9230769,0.8034188,0.546762,3.8526468
24201,0,3,1,0.9059829,0.9059829,0.5467621,4.982397
24202,0,1,0,0.7606838,0.5982906,0.35117388,4.548331
24202,0,1,0.25,0.7606838,0.63247865,0.35117397,4.6419396
24202,0,1,0.5,0.7606838,0.6495727,0.35117388,4.7006664
24202,0,1,0.75,0.7692308,0.6495727,0.35117388,4.7238684
24202,0,1,1,0.7606838,0.64102566,0.3511741,4.796793
24202,0,2,0,0.8632479,0.51282054,0.41721112,9.021488
24202,0,2,0.25,0.8888889,0.52136755,0.41721082,9.011065
24202,0,2,0.5,0.9059829,0.50427353,0.4172114,9.164251
24202,0,2,0.75,0.9145299,0.47863248,0.41721073,9.202711
24202,0,2,1,0.9230769,0.46153846,0.41721112,9.190128
24202,0,3,0,0.61538464,0.82051283,0.39718044,4.898633
24202,0,3,0.25,0.63247865,0.8034188,0.39718044,4.996957
24202,0,3,0.5,0.6495727,0.7948718,0.3971804,5.088462
24202,0,3,0.75,0.6581197,0.8119658,0.39718026,5.0889053
24202,0,3,1,0.7008547,0.82051283,0.39718044,5.223689
24203,0,1,0,0.7692308,0.8974359,0.28679878,4.3671303
24203,0,1,0.25,0.7692308,0.9059829,0.28679878,4.2041864
24203,0,1,0.5,0.7692308,0.9145299,0.28679878,4.1652737
24203,0,1,0.75,0.7606838,0.9230769,0.28679886,4.0592794
24203,0,1,1,0.72649574,0.9145299,0.28679878,3.9987974
24203,0,2,0,0.42735043,0.8803419,0.69834113,8.173078
24203,0,2,0.25,0.42735043,0.8717949,0.69834113,8.070872
24203,0,2,0.5,0.42735043,0.8803419,0.69834113,8.010816
24203,0,2,0.75,0.43589744,0.8632479,0.698341,7.8882113
24203,0,2,1,0.45299146,0.85470086,0.698341,7.763729
24203,0,3,0,0.8803419,0.72649574,0.39457044,9.08925
24203,0,3,0.25,0.8632479,0.73504275,0.39457044,9.037617
24203,0,3,0.5,0.8632479,0.74358976,0.39457044,8.759349
24203,0,3,0.75,0.8717949,0.7606838,0.39457032,8.446362
24203,0,3,1,0.85470086,0.72649574,0.39457044,8.188064
24204,0,1,0,0.6666667,0.96581197,0.39770877,5.1463013
24204,0,1,0.25,0.62393165,0.93162394,0.39770898,4.9579687
24204,0,1,0.5,0.62393165,0.93162394,0.39770877,4.8739867
24204,0,1,0.75,0.6581197,0.96581197,0.39770862,4.879409
24204,0,1,1,0.6837607,0.94871795,0.39770856,4.841597
24204,0,2,0,0.41880342,0.73504275,1.1212468,19.533958
24204,0,2,0.25,0.44444445,0.8119658,1.1212467,17.92672
24204,0,2,0.5,0.47008547,0.82905984,1.1212467,16.571
24204,0,2,0.75,0.44444445,0.8803419,1.1212468,15.631176
24204,0,2,1,0.43589744,0.9145299,1.1212468,14.143082
24204,0,3,0,0.37606838,0.974359,0.5802669,8.751688
24204,0,3,0.25,0.35897437,0.94017094,0.5802671,8.436836
24204,0,3,0.5,0.35897437,0.96581197,0.5802669,7.876216
24204,0,3,0.75,0.4017094,0.974359,0.58026683,7.531788
24204,0,3,1,0.3846154,0.974359,0.5802669,7.294323
24205,0,1,0,0.974359,0.62393165,0.31377748,3.8104239
24205,0,1,0.25,0.95726496,0.64102566,0.31377736,4.6409616
24205,0,1,0.5,0.9059829,0.63247865,0.31377745,5.0141897
24205,0,1,0.75,0.94017094,0.71794873,0.31377742,5.466896
24205,0,1,1,0.9145299,0.72649574,0.31377742,4.985794
24205,0,2,0,0.94017094,0.52991456,1.1499296,7.0200253
24205,0,2,0.25,0.9230769,0.46153846,1.1499294,6.5055556
24205,0,2,0.5,0.8803419,0.46153846,1.1499295,6.257533
24205,0,2,0.75,0.9145299,0.44444445,1.1499295,6.050866
24205,0,2,1,0.8717949,0.45299146,1.1499295,6.171956
24205,0,3,0,0.96581197,0.6923077,0.4636472,2.8487697
24205,0,3,0.25,0.982906,0.61538464,0.46364695,3.1180134
24205,0,3,0.5,0.9145299,0.63247865,0.46364743,3.592854
24205,0,3,0.75,0.93162394,0.5897436,0.46364722,3.9389894
24205,0,3,1,0.8974359,0.6495727,0.46364743,4.5582323
24206,0,1,0,0.8717949,0.8632479,0.38371387,3.8576467
24206,0,1,0.25,0.8803419,0.8717949,0.38371363,4.1692543
24206,0,1,0.5,0.82905984,0.7863248,0.38371387,4.3864546
24206,0,1,0.75,0.83760685,0.82051283,0.3837143,4.484423
24206,0,1,1,0.8974359,0.84615386,0.38371405,4.2194686
24206,0,2,0,0.5641026,0.991453,0.68347585,2.1912017
24206,0,2,0.25,0.5811966,0.982906,0.6834758,2.6561792
24206,0,2,0.5,0.52136755,0.982906,0.68347585,3.475947
24206,0,2,0.75,0.4957265,0.8888889,0.68347585,3.6238139
24206,0,2,1,0.53846157,0.96581197,0.68347585,4.580127
24206,0,3,0,0.991453,0.60683763,0.32855302,1.341656
24206,0,3,0.25,0.974359,0.5982906,0.32855296,1.3656325
24206,0,3,0.5,0.96581197,0.60683763,0.32855302,1.4311626
24206,0,3,0.75,0.96581197,0.5982906,0.3285531,1.5858068
24206,0,3,1,0.982906,0.5726496,0.32855293,1.4608254
24207,0,1,0,0.93162394,0.6495727,0.2590582,2.7464142
24207,0,1,0.25,0.94017094,0.64102566,0.25905833,2.6719623
24207,0,1,0.5,0.9059829,0.63247865,0.25905815,2.6973205
24207,0,1,0.75,0.9145299,0.62393165,0.25905818,2.7711296
24207,0,1,1,0.94871795,0.64102566,0.2590582,2.861867
24207,0,2,0,0.95726496,0.3846154,0.2972412,1.2160809
24207,0,2,0.25,0.96581197,0.37606838,0.29724136,1.2109187
24207,0,2,0.5,0.9145299,0.3931624,0.2972414,1.2323022
24207,0,2,0.75,0.9230769,0.3931624,0.29724127,1.2632711
24207,0,2,1,0.95726496,0.41025642,0.2972412,1.3051008
24207,0,3,0,0.8034188,0.45299146,0.5284685,6.7348804
24207,0,3,0.25,0.82051283,0.45299146,0.52846783,6.5461564
24207,0,3,0.5,0.82051283,0.46153846,0.52846843,6.445722
24207,0,3,0.75,0.7692308,0.43589744,0.52846795,6.279907
24207,0,3,1,0.8119658,0.43589744,0.52846825,6.4588037
24208,0,1,0,0.5641026,0.991453,0.3923572,4.649043
24208,0,1,0.25,0.60683763,0.974359,0.39235696,4.7705235
24208,0,1,0.5,0.5982906,0.991453,0.3923572,4.8325796
24208,0,1,0.75,0.5982906,0.974359,0.3923572,4.9229746
24208,0,1,1,0.5982906,0.991453,0.39235708,5.003481
24208,0,2,0,0.6752137,0.982906,0.385413,4.447715
24208,0,2,0.25,0.6752137,0.991453,0.3854126,4.433316
24208,0,2,0.5,0.6666667,0.991453,0.385413,4.3878436
24208,0,2,0.75,0.6752137,0.974359,0.385413,4.4962807
24208,0,2,1,0.6581197,0.991453,0.385413,4.458384
24208,0,3,0,0.991453,0.7777778,0.27267462,2.7213833
24208,0,3,0.25,0.991453,0.7606838,0.27267462,2.7257829
24208,0,3,0.5,1,0.7606838,0.27267462,2.7547445
24208,0,3,0.75,1,0.7606838,0.27267462,2.7803211
24208,0,3,1,1,0.73504275,0.27267462,2.8380976
24209,0,1,0,0.5726496,0.95726496,0.59765244,6.291936
24209,0,1,0.25,0.53846157,0.96581197,0.59765285,5.7533655
24209,0,1,0.5,0.5726496,0.95726496,0.59765244,5.465883
24209,0,1,0.75,0.5982906,0.991453,0.59765244,5.15119
24209,0,1,1,0.5982906,1,0.59765244,4.995394
24209,0,2,0,0.51282054,0.82905984,1.0384431,16.992283
24209,0,2,0.25,0.5470086,0.84615386,1.0384429,15.757935
24209,0,2,0.5,0.53846157,0.85470086,1.0384431,15.401051
24209,0,2,0.75,0.52991456,0.8717949,1.0384431,14.805296
24209,0,2,1,0.52136755,0.8803419,1.0384431,14.985027
24209,0,3,0,0.96581197,0.52136755,0.4223361,6.2366743
24209,0,3,0.25,0.96581197,0.52136755,0.42233616,5.869931
24209,0,3,0.5,0.974359,0.52991456,0.42233607,5.7190895
24209,0,3,0.75,0.95726496,0.53846157,0.42233554,5.688921
24209,0,3,1,0.982906,0.4871795,0.4223361,5.8567314
24210,0,1,0,0.8888889,0.5555556,0.2574285,4.407189
24210,0,1,0.25,0.95726496,0.61538464,0.2574284,4.2430887
24210,0,1,0.5,0.94017094,0.6666667,0.2574284,3.7987208
24210,0,1,0.75,0.991453,0.6752137,0.25742793,3.348575
24210,0,1,1,1,0.6495727,0.2574285,2.6002398
24210,0,2,0,0.83760685,0.63247865,0.5450997,6.9243517
24210,0,2,0.25,0.82051283,0.6495727,0.5450997,7.6282578
24210,0,2,0.5,0.7692308,0.6923077,0.54509926,7.8004894
24210,0,2,0.75,0.8119658,0.7094017,0.5450995,7.671178
24210,0,2,1,0.7606838,0.6923077,0.5450997,7.2619777
24210,0,3,0,0.8717949,0.94017094,0.4539039,5.7177687
24210,0,3,0.25,0.93162394,0.9230769,0.4539036,6.2151127
24210,0,3,0.5,0.9059829,0.8888889,0.4539036,6.53386
24210,0,3,0.75,0.94017094,0.8119658,0.45390376,6.5924177
24210,0,3,1,0.93162394,0.82051283,0.45390373,6.1605515
24211,0,1,0,0.3931624,0.991453,1.1824912,12.285679
24211,0,1,0.25,0.37606838,0.94871795,1.1824912,12.003288
24211,0,1,0.5,0.36752138,0.94871795,1.1824908,11.967296
24211,0,1,0.75,0.36752138,0.94017094,1.1824905,11.983668
24211,0,1,1,0.35897437,0.974359,1.1824912,12.008543
24211,0,2,0,0.95726496,0.8119658,1.2021554,10.602911
24211,0,2,0.25,0.95726496,0.82051283,1.2021554,10.646872
24211,0,2,0.5,0.94871795,0.8034188,1.2021554,10.674501
24211,0,2,0.75,0.94871795,0.8119658,1.2021556,10.650834
24211,0,2,1,0.94871795,0.82051283,1.2021554,10.634943
24211,0,3,0,0.6495727,1,0.30977866,2.120706
24211,0,3,0.25,0.6581197,0.991453,0.30977866,2.0963745
24211,0,3,0.5,0.6581197,0.991453,0.30977824,2.0666354
24211,0,3,0.75,0.6495727,0.991453,0.30977848,2.0691426
24211,0,3,1,0.6581197,0.991453,0.30977866,2.0626407
24212,0,1,0,0.991453,0.5811966,0.2988116,2.3103247
24212,0,1,0.25,0.982906,0.5897436,0.2988116,3.5113952
24212,0,1,0.5,0.93162394,0.63247865,0.29881185,4.5833416
24212,0,1,0.75,0.8888889,0.60683763,0.29881135,5.200748
24212,0,1,1,0.94871795,0.6923077,0.29881173,4.673892
24212,0,2,0,0.8888889,0.7948718,0.45196715,5.990938
24212,0,2,0.25,0.94017094,0.73504275,0.45196712,6.157032
24212,0,2,0.5,0.8888889,0.74358976,0.45196715,5.434371
24212,0,2,0.75,0.94017094,0.71794873,0.45196718,4.2533035
24212,0,2,1,1,0.6923077,0.45196718,3.0968623
24212,0,3,0,0.93162394,0.62393165,0.50243795,5.985614
24212,0,3,0.25,0.95726496,0.6495727,0.502438,7.480563
24212,0,3,0.5,0.83760685,0.6581197,0.50243807,9.123079
24212,0,3,0.75,0.7948718,0.74358976,0.5024377,9.413748
24212,0,3,1,0.8119658,0.71794873,0.50243795,7.7676725
24213,0,1,0,0.95726496,0.7692308,0.29466832,3.524698
24213,0,1,0.25,0.94871795,0.74358976,0.29466873,3.450626
24213,0,1,0.5,0.982906,0.74358976,0.2946684,3.3797755
24213,0,1,0.75,0.95726496,0.73504275,0.29466832,3.332128
24213,0,1,1,0.982906,0.74358976,0.29466832,3.3087156
24213,0,2,0,0.7008547,0.982906,0.32876498,5.5114307
24213,0,2,0.25,0.6752137,0.974359,0.32876515,5.481775
24213,0,2,0.5,0.6837607,0.95726496,0.3287649,5.421795
24213,0,2,0.75,0.6666667,0.95726496,0.32876533,5.304401
24213,0,2,1,0.7008547,0.974359,0.32876495,5.165251
24213,0,3,0,0.6837607,0.8803419,0.52681786,4.9395404
24213,0,3,0.25,0.6837607,0.9059829,0.52681834,4.8905125
24213,0,3,0.5,0.71794873,0.9059829,0.52681744,4.9578357
24213,0,3,0.75,0.72649574,0.9230769,0.52681786,5.0174294
24213,0,3,1,0.71794873,0.9059829,0.52681786,5.06282
24214,0,1,0,0.4871795,0.9145299,1.1956266,11.402878
24214,0,1,0.25,0.4957265,0.8974359,1.1956266,11.6447
24214,0,1,0.5,0.4957265,0.9059829,1.1956266,11.971292
24214,0,1,0.75,0.50427353,0.94017094,1.1956266,12.225628
24214,0,1,1,0.53846157,0.8974359,1.1956266,12.423319
24214,0,2,0,0.6495727,1,0.2634522,1.6254056
24214,0,2,0.25,0.6666667,0.982906,0.26345223,1.7014126
24214,0,2,0.5,0.6666667,0.982906,0.2634522,1.7805204
24214,0,2,0.75,0.7008547,0.982906,0.2634522,1.8866929
24214,0,2,1,0.72649574,0.974359,0.2634522,1.9260368
24214,0,3,0,1,0.4957265,0.5428262,4.7816563
24214,0,3,0.25,1,0.51282054,0.54282624,4.93499
24214,0,3,0.5,0.974359,0.52991456,0.5428262,5.1561823
24214,0,3,0.75,0.991453,0.52991456,0.5428262,5.264072
24214,0,3,1,0.991453,0.51282054,0.5428262,5.362173
24215,0,1,0,0.85470086,0.71794873,1.3984952,22.03833
24215,0,1,0.25,0.85470086,0.7094017,1.3984953,21.17318
24215,0,1,0.5,0.8632479,0.6923077,1.3984954,20.283474
24215,0,1,0.75,0.85470086,0.72649574,1.3984954,19.5095
24215,0,1,1,0.85470086,0.74358976,1.3984954,18.837315
24215,0,2,0,0.82905984,0.64102566,1.0506394,12.466173
24215,0,2,0.25,0.82905984,0.6495727,1.0506392,11.904568
24215,0,2,0.5,0.84615386,0.64102566,1.0506396,11.439787
24215,0,2,0.75,0.84615386,0.63247865,1.0506394,11.002573
24215,0,2,1,0.84615386,0.61538464,1.0506394,10.621283
24215,0,3,0,0.7777778,0.94871795,0.34120122,4.49347
24215,0,3,0.25,0.7948718,0.94871795,0.34120077,4.491912
24215,0,3,0.5,0.7948718,0.94871795,0.34120077,4.490774
24215,0,3,0.75,0.7948718,0.95726496,0.3412017,4.521042
24215,0,3,1,0.8119658,0.974359,0.34120122,4.5947866
24216,0,1,0,0.61538464,0.75213677,0.7972235,16.012915
24216,0,1,0.25,0.7008547,0.72649574,0.7972235,16.633755
24216,0,1,0.5,0.7606838,0.6752137,0.7972235,17.436485
24216,0,1,0.75,0.7863248,0.5811966,0.7972233,16.967724
24216,0,1,1,0.85470086,0.4957265,0.7972235,14.9267235
24216,0,2,0,0.8717949,0.9145299,0.25905812,4.2176905
24216,0,2,0.25,0.82905984,0.94871795,0.25905812,4.6209517
24216,0,2,0.5,0.7777778,0.95726496,0.25905833,4.533556
24216,0,2,0.75,0.7692308,0.93162394,0.25905776,4.465004
24216,0,2,1,0.7863248,0.9230769,0.25905812,4.578369
24216,0,3,0,0.47008547,0.74358976,1.214761,21.763294
24216,0,3,0.25,0.5726496,0.7606838,1.214761,20.575615
24216,0,3,0.5,0.6666667,0.7863248,1.2147614,19.850483
24216,0,3,0.75,0.7606838,0.7606838,1.2147608,16.893572
24216,0,3,1,0.82051283,0.71794873,1.2147614,13.507293
24217,0,1,0,0.7606838,0.61538464,1.1002841,10.743087
24217,0,1,0.25,0.6837607,0.5897436,1.1002841,14.885421
24217,0,1,0.5,0.5555556,0.41880342,1.1002842,22.070496
24217,0,1,0.75,0.51282054,0.47863248,1.1002843,28.573633
24217,0,1,1,0.4871795,0.52991456,1.1002842,27.814827
24217,0,2,0,0.84615386,0.7948718,0.71476406,8.545513
24217,0,2,0.25,0.84615386,0.6666667,0.7147642,7.5521083
24217,0,2,0.5,0.8803419,0.6752137,0.71476406,7.2593703
24217,0,2,0.75,0.85470086,0.6752137,0.71476406,8.263119
24217,0,2,1,0.7863248,0.74358976,0.71476406,9.357498
24217,0,3,0,0.8888889,0.82051283,0.2696895,5.094391
24217,0,3,0.25,0.8632479,0.7948718,0.26968968,4.798066
24217,0,3,0.5,0.9145299,0.7777778,0.2696895,4.010434
24217,0,3,0.75,0.9230769,0.83760685,0.2696892,3.556992
24217,0,3,1,0.9145299,0.84615386,0.26968932,3.1705008
24218,0,1,0,0.53846157,0.9145299,0.37151664,6.577215
24218,0,1,0.25,0.5470086,0.93162394,0.37151676,6.712439
24218,0,1,0.5,0.5470086,0.9145299,0.37151664,6.547776
24218,0,1,0.75,0.5555556,0.8888889,0.37151644,6.4592576
24218,0,1,1,0.5470086,0.8974359,0.37151664,6.4615865
24218,0,2,0,0.8803419,0.8717949,0.27977684,5.4024587
24218,0,2,0.25,0.85470086,0.8803419,0.27977636,5.4281216
24218,0,2,0.5,0.85470086,0.8717949,0.2797768,5.486614
24218,0,2,0.75,0.85470086,0.8974359,0.2797773,5.4207764
24218,0,2,1,0.85470086,0.8803419,0.27977684,5.3140383
24218,0,3,0,0.41025642,0.8119658,1.137096,19.507893
24218,0,3,0.25,0.4017094,0.8034188,1.1370958,19.481178
24218,0,3,0.5,0.36752138,0.8119658,1.1370963,19.751366
24218,0,3,0.75,0.36752138,0.8034188,1.1370965,20.319899
24218,0,3,1,0.35042736,0.82905984,1.1370963,19.805595
24219,0,1,0,0.41025642,0.6495727,1.8000045,29.806345
24219,0,1,0.25,0.42735043,0.6752137,1.8000045,23.775509
24219,0,1,0.5,0.46153846,0.6923077,1.8000045,19.915977
24219,0,1,0.75,0.52991456,0.6495727,1.8000045,16.357899
24219,0,1,1,0.5470086,0.6581197,1.8000045,13.277567
24219,0,2,0,0.52136755,0.982906,0.25830042,4.032212
24219,0,2,0.25,0.50427353,0.991453,0.25830033,4.1510315
24219,0,2,0.5,0.5555556,0.991453,0.25830042,4.0335565
24219,0,2,0.75,0.5470086,0.96581197,0.2583004,3.7865386
24219,0,2,1,0.60683763,0.96581197,0.25830036,3.5054114
24219,0,3,0,0.96581197,0.75213677,0.28703034,4.0469017
24219,0,3,0.25,0.94871795,0.6923077,0.28703028,4.04611
24219,0,3,0.5,0.95726496,0.7094017,0.28703028,3.9101644
24219,0,3,0.75,0.95726496,0.72649574,0.2870303,4.67279
24219,0,3,1,0.94017094,0.61538464,0.28703028,4.9753685
24220,0,1,0,0.6581197,0.53846157,1.0576937,22.48996
24220,0,1,0.25,0.6581197,0.5811966,1.0576937,20.745207
24220,0,1,0.5,0.6495727,0.6923077,1.0576937,18.441349
24220,0,1,0.75,0.6581197,0.7863248,1.0576932,16.950691
24220,0,1,1,0.7008547,0.8803419,1.0576937,15.090605
24220,0,2,0,0.61538464,0.61538464,0.7316798,14.376886
24220,0,2,0.25,0.6923077,0.6752137,0.7316798,12.7442255
24220,0,2,0.5,0.7606838,0.6837607,0.73167974,11.550369
24220,0,2,0.75,0.82051283,0.6923077,0.73168,11.238917
24220,0,2,1,0.93162394,0.7606838,0.7316798,10.75838
24220,0,3,0,0.45299146,0.94017094,0.26769283,5.664856
24220,0,3,0.25,0.45299146,0.96581197,0.26769283,4.9979053
24220,0,3,0.5,0.42735043,0.974359,0.26769283,4.239817
24220,0,3,0.75,0.42735043,0.974359,0.26769206,3.7828202
24220,0,3,1,0.4017094,0.991453,0.26769283,3.3050637
24221,0,1,0,0.982906,0.7606838,1.0940313,5.7720327
24221,0,1,0.25,0.974359,0.8034188,1.0940313,5.8383083
24221,0,1,0.5,0.96581197,0.7692308,1.0940312,5.706232
24221,0,1,0.75,0.96581197,0.7777778,1.0940312,5.751826
24221,0,1,1,0.96581197,0.7692308,1.0940313,5.7020073
24221,0,2,0,0.95726496,0.61538464,0.94802606,10.607432
24221,0,2,0.25,0.96581197,0.60683763,0.948026,10.564022
24221,0,2,0.5,0.95726496,0.5897436,0.94802606,10.309595
24221,0,2,0.75,0.96581197,0.5726496,0.948026,10.181895
24221,0,2,1,0.974359,0.5726496,0.94802606,10.153212
24221,0,3,0,0.96581197,0.61538464,2.9686434,30.634628
24221,0,3,0.25,0.974359,0.61538464,2.9686434,30.598495
24221,0,3,0.5,0.96581197,0.62393165,2.9686437,30.624668
24221,0,3,0.75,0.95726496,0.63247865,2.9686437,30.539186
24221,0,3,1,0.95726496,0.61538464,2.9686434,30.557487
24222,0,1,0,0.974359,0.8632479,0.28969926,4.4046497
24222,0,1,0.25,0.94871795,0.8632479,0.2896992,4.4426584
24222,0,1,0.5,0.96581197,0.84615386,0.2896993,4.526793
24222,0,1,0.75,0.96581197,0.82051283,0.2896993,4.659778
24222,0,1,1,0.974359,0.82051283,0.28969926,4.6324778
24222,0,2,0,1,0.47863248,0.31928417,2.5521536
24222,0,2,0.25,0.991453,0.47863248,0.31928417,2.6259327
24222,0,2,0.5,1,0.4871795,0.31928417,2.679183
24222,0,2,0.75,1,0.47863248,0.31928375,2.715025
24222,0,2,1,0.991453,0.50427353,0.31928396,2.7685463
24222,0,3,0,0.60683763,0.8803419,0.805297,9.184509
24222,0,3,0.25,0.5982906,0.8888889,0.805297,9.191348
24222,0,3,0.5,0.60683763,0.8803419,0.8052969,9.254411
24222,0,3,0.75,0.60683763,0.8974359,0.8052972,9.397348
24222,0,3,1,0.60683763,0.8974359,0.805297,9.730106
24223,0,1,0,0.7008547,0.5555556,1.2285498,15.885371
24223,0,1,0.25,0.7094017,0.46153846,1.2285498,15.99674
24223,0,1,0.5,0.71794873,0.44444445,1.2285498,16.386507
24223,0,1,0.75,0.74358976,0.45299146,1.2285497,16.385647
24223,0,1,1,0.73504275,0.4957265,1.2285498,16.493511
24223,0,2,0,0.71794873,0.4957265,0.89032716,17.541208
24223,0,2,0.25,0.72649574,0.4957265,0.89032704,17.593987
24223,0,2,0.5,0.72649574,0.47863248,0.89032716,17.321224
24223,0,2,0.75,0.7094017,0.47863248,0.8903272,17.044655
24223,0,2,1,0.6923077,0.46153846,0.89032716,16.724876
24223,0,3,0,0.8974359,0.7863248,0.2611916,3.8688946
24223,0,3,0.25,0.84615386,0.7692308,0.26119184,3.815852
24223,0,3,0.5,0.83760685,0.8034188,0.26119176,3.682311
24223,0,3,0.75,0.7948718,0.82905984,0.2611916,3.7158594
24223,0,3,1,0.7863248,0.8632479,0.2611916,3.6600242
24224,0,1,0,0.63247865,0.9230769,0.35583127,3.9914548
24224,0,1,0.25,0.6495727,0.982906,0.35583127,4.3383913
24224,0,1,0.5,0.6752137,0.96581197,0.35583127,4.6162148
24224,0,1,0.75,0.63247865,0.96581197,0.3558313,5.0297527
24224,0,1,1,0.61538464,0.974359,0.35583133,5.5931597
24224,0,2,0,0.5470086,0.72649574,1.486368,26.509586
24224,0,2,0.25,0.60683763,0.6666667,1.486368,29.035234
24224,0,2,0.5,0.5726496,0.5982906,1.486368,28.881607
24224,0,2,0.75,0.60683763,0.46153846,1.486368,28.218012
24224,0,2,1,0.64102566,0.3931624,1.486368,25.104717
24224,0,3,0,0.7863248,0.95726496,0.40965664,3.659227
24224,0,3,0.25,0.7777778,0.95726496,0.40965658,3.1683602
24224,0,3,0.5,0.6581197,0.982906,0.4096566,2.904769
24224,0,3,0.75,0.6752137,0.982906,0.40965658,3.3339095
24224,0,3,1,0.64102566,0.94017094,0.40965658,4.6151133
24225,0,1,0,0.84615386,0.3931624,0.85276467,7.8323603
24225,0,1,0.25,0.83760685,0.4017094,0.8527649,7.989769
24225,0,1,0.5,0.85470086,0.3846154,0.85276467,8.295276
24225,0,1,0.75,0.8888889,0.3931624,0.85276467,8.551466
24225,0,1,1,0.8717949,0.3931624,0.85276455,8.722816
24225,0,2,0,0.9230769,0.51282054,0.6362599,8.058458
24225,0,2,0.25,0.9059829,0.53846157,0.63626,7.8641806
24225,0,2,0.5,0.9145299,0.51282054,0.6362599,7.83245
24225,0,2,0.75,0.93162394,0.50427353,0.6362599,7.940014
24225,0,2,1,0.9230769,0.52991456,0.6362599,8.057957
24225,0,3,0,0.7948718,0.7008547,1.4467093,10.391765
24225,0,3,0.25,0.7863248,0.6923077,1.4467094,10.274681
24225,0,3,0.5,0.8119658,0.6752137,1.4467092,10.385984
24225,0,3,0.75,0.7948718,0.6752137,1.446709,10.3081255
24225,0,3,1,0.7863248,0.7008547,1.4467093,10.1093855
24226,0,1,0,0.94871795,0.43589744,0.25238472,3.7452316
24226,0,1,0.25,0.94871795,0.43589744,0.25238493,4.3913336
24226,0,1,0.5,0.94017094,0.37606838,0.2523847,5.0206213
24226,0,1,0.75,0.9230769,0.4017094,0.25238484,4.920356
24226,0,1,1,0.94017094,0.3846154,0.25238478,4.7710476
24226,0,2,0,0.7606838,0.982906,0.31250572,2.5354247
24226,0,2,0.25,0.6923077,0.974359,0.31250587,3.1520858
24226,0,2,0.5,0.6752137,0.94017094,0.31250572,4.077318
24226,0,2,0.75,0.7008547,0.8974359,0.31250578,4.634756
24226,0,2,1,0.75213677,0.84615386,0.31250578,4.6306667
24226,0,3,0,0.5811966,0.6495727,1.4304031,24.419327
24226,0,3,0.25,0.7094017,0.6666667,1.4304032,25.732994
24226,0,3,0.5,0.83760685,0.6666667,1.4304031,23.46398
24226,0,3,0.75,0.71794873,0.5470086,1.4304031,20.896416
24226,0,3,1,0.6752137,0.52136755,1.4304031,19.460434
24227,0,1,0,0.974359,0.94871795,0.41712603,5.5043235
24227,0,1,0.25,0.95726496,0.94017094,0.4171262,5.5123296
24227,0,1,0.5,0.9059829,0.9145299,0.41712597,5.5298862
24227,0,1,0.75,0.8888889,0.9059829,0.417126,5.4562654
24227,0,1,1,0.9059829,0.9059829,0.41712606,5.416423
24227,0,2,0,0.991453,0.6837607,0.3043746,2.6071992
24227,0,2,0.25,0.974359,0.7094017,0.3043747,2.634129
24227,0,2,0.5,0.974359,0.7008547,0.3043746,2.6336312
24227,0,2,0.75,0.95726496,0.71794873,0.3043746,2.6879022
24227,0,2,1,0.95726496,0.71794873,0.30437467,2.6955237
24227,0,3,0,0.991453,0.46153846,0.25523123,3.775641
24227,0,3,0.25,0.982906,0.46153846,0.25523123,3.7091236
24227,0,3,0.5,0.96581197,0.45299146,0.25523123,3.6814618
24227,0,3,0.75,0.94017094,0.47863248,0.25523147,3.5956218
24227,0,3,1,0.974359,0.47863248,0.25523123,3.4831638
24228,0,1,0,0.53846157,0.94871795,0.37698555,6.2452254
24228,0,1,0.25,0.5555556,0.96581197,0.37698558,5.9268446
24228,0,1,0.5,0.53846157,0.94871795,0.37698558,5.7626324
24228,0,1,0.75,0.5555556,0.96581197,0.37698555,5.611059
24228,0,1,1,0.5726496,0.974359,0.37698555,5.4892116
24228,0,2,0,0.72649574,0.94871795,0.28691584,3.3487887
24228,0,2,0.25,0.7008547,0.94871795,0.28691584,3.0948029
24228,0,2,0.5,0.72649574,0.94871795,0.28691584,3.0113125
24228,0,2,0.75,0.73504275,0.974359,0.28691575,3.0470586
24228,0,2,1,0.75213677,0.974359,0.2869158,3.129622
24228,0,3,0,0.94871795,0.8803419,0.25086355,4.810768
24228,0,3,0.25,0.974359,0.9230769,0.25086358,4.579649
24228,0,3,0.5,0.991453,0.9145299,0.25086358,4.481549
24228,0,3,0.75,0.982906,0.9145299,0.25086355,4.4659986
24228,0,3,1,0.991453,0.95726496,0.25086355,4.5909824
24229,0,1,0,0.75213677,0.991453,0.26532322,3.6219654
24229,0,1,0.25,0.7863248,0.991453,0.26532334,3.2586365
24229,0,1,0.5,0.73504275,0.982906,0.26532325,2.9972224
24229,0,1,0.75,0.74358976,0.991453,0.26532325,2.7625744
24229,0,1,1,0.72649574,0.991453,0.26532313,2.6212058
24229,0,2,0,0.64102566,0.96581197,0.37208334,4.51035
24229,0,2,0.25,0.6666667,0.991453,0.37208334,3.6200466
24229,0,2,0.5,0.6837607,0.982906,0.37208328,3.0190904
24229,0,2,0.75,0.6666667,1,0.37208334,2.5513706
24229,0,2,1,0.7008547,1,0.37208334,2.33609
24229,0,3,0,0.74358976,0.9230769,1.0735308,15.365744
24229,0,3,0.25,0.75213677,0.95726496,1.0735309,12.483796
24229,0,3,0.5,0.71794873,0.982906,1.0735308,10.233044
24229,0,3,0.75,0.7094017,0.982906,1.0735308,8.859438
24229,0,3,1,0.71794873,0.95726496,1.0735308,7.6302996
24230,0,1,0,0.8803419,0.73504275,0.38186598,5.8727007
24230,0,1,0.25,0.93162394,0.75213677,0.38186604,5.5953135
24230,0,1,0.5,0.94017094,0.74358976,0.38186565,5.5365586
24230,0,1,0.75,0.9145299,0.7606838,0.38186592,5.268642
24230,0,1,1,0.9145299,0.7606838,0.38186595,4.283436
24230,0,2,0,0.8803419,0.63247865,0.654704,10.6518135
24230,0,2,0.25,0.8632479,0.5641026,0.654704,10.792141
24230,0,2,0.5,0.85470086,0.5897436,0.654704,10.87672
24230,0,2,0.75,0.9145299,0.53846157,0.65470386,10.277347
24230,0,2,1,0.8803419,0.5470086,0.654704,9.577749
24230,0,3,0,0.96581197,0.7606838,0.28021735,2.5238204
24230,0,3,0.25,0.96581197,0.7777778,0.28021735,2.555554
24230,0,3,0.5,0.9230769,0.8034188,0.28021735,2.5841455
24230,0,3,0.75,0.991453,0.8119658,0.28021738,2.600009
24230,0,3,1,0.974359,0.7948718,0.28021735,2.4488204
24231,0,1,0,0.9145299,0.5897436,0.37331966,2.7562442
24231,0,1,0.25,0.93162394,0.5982906,0.3733199,2.7807426
24231,0,1,0.5,0.94871795,0.61538464,0.37331966,2.7855997
24231,0,1,0.75,0.95726496,0.61538464,0.37331972,2.8043942
24231,0,1,1,0.95726496,0.61538464,0.37331966,2.850439
24231,0,2,0,0.3931624,0.6581197,2.3546987,15.184714
24231,0,2,0.25,0.37606838,0.6581197,2.3546987,14.871759
24231,0,2,0.5,0.35042736,0.62393165,2.354699,14.1734295
24231,0,2,0.75,0.35042736,0.63247865,2.3546987,13.790802
24231,0,2,1,0.35042736,0.62393165,2.3546987,13.553352
24231,0,3,0,0.85470086,0.4017094,0.3623571,3.9059892
24231,0,3,0.25,0.8974359,0.4017094,0.3623573,3.9177747
24231,0,3,0.5,0.9230769,0.4017094,0.36235726,3.8643436
24231,0,3,0.75,0.9059829,0.4017094,0.36235744,3.7767255
24231,0,3,1,0.94017094,0.37606838,0.3623571,3.737363
24232,0,1,0,0.5811966,0.60683763,0.4300665,8.346278
24232,0,1,0.25,0.52991456,0.61538464,0.43006653,8.673589
24232,0,1,0.5,0.5641026,0.5982906,0.43006656,8.329512
24232,0,1,0.75,0.5811966,0.5897436,0.43006647,8.2188835
24232,0,1,1,0.63247865,0.61538464,0.4300665,8.329552
24232,0,2,0,0.83760685,0.5982906,0.38249242,3.852077
24232,0,2,0.25,0.8034188,0.5982906,0.3824927,3.8932695
24232,0,2,0.5,0.8119658,0.5982906,0.38249242,3.9467154
24232,0,2,0.75,0.8632479,0.61538464,0.38249272,4.0015583
24232,0,2,1,0.8974359,0.62393165,0.38249245,4.106263
24232,0,3,0,0.9230769,0.71794873,0.3157663,3.1200542
24232,0,3,0.25,0.93162394,0.73504275,0.31576622,3.0972023
24232,0,3,0.5,0.93162394,0.7094017,0.3157665,3.0757124
24232,0,3,0.75,0.8974359,0.6923077,0.31576622,3.1536593
24232,0,3,1,0.94871795,0.6837607,0.3157663,3.0653522
24233,0,1,0,1,0.63247865,0.26365957,1.9924304
24233,0,1,0.25,0.991453,0.62393165,0.26365963,1.9848124
24233,0,1,0.5,0.991453,0.63247865,0.26365957,1.9964086
24233,0,1,0.75,0.991453,0.5982906,0.2636595,1.9842125
24233,0,1,1,1,0.61538464,0.26365957,1.9834616
24233,0,2,0,0.8717949,0.9230769,0.31871128,4.548485
24233,0,2,0.25,0.8888889,0.9145299,0.31871137,4.494134
24233,0,2,0.5,0.8888889,0.9230769,0.31871128,4.4541764
24233,0,2,0.75,0.8717949,0.9145299,0.31871116,4.3782644
24233,0,2,1,0.8717949,0.94871795,0.31871128,4.4747744
24233,0,3,0,0.94871795,0.42735043,0.75865984,6.1428986
24233,0,3,0.25,0.94871795,0.4017094,0.7586599,6.038053
24233,0,3,0.5,0.94017094,0.3931624,0.75865984,5.8568296
24233,0,3,0.75,0.94871795,0.3846154,0.7586598,5.726807
24233,0,3,1,0.974359,0.3846154,0.75865984,5.774638
24234,0,1,0,0.7692308,0.7692308,1.1761395,16.641071
24234,0,1,0.25,0.8119658,0.72649574,1.1761395,15.9153385
24234,0,1,0.5,0.8974359,0.6923077,1.1761395,14.859067
24234,0,1,0.75,0.9230769,0.6752137,1.1761395,13.616964
24234,0,1,1,0.93162394,0.62393165,1.1761395,12.36923
24234,0,2,0,0.7863248,0.7094017,1.2738324,18.132378
24234,0,2,0.25,0.82051283,0.71794873,1.2738324,17.06086
24234,0,2,0.5,0.9059829,0.6837607,1.2738324,15.46945
24234,0,2,0.75,0.9230769,0.6752137,1.2738324,14.067244
24234,0,2,1,0.94017094,0.6495727,1.2738324,12.650549
24234,0,3,0,0.84615386,0.7863248,0.43085554,5.887863
24234,0,3,0.25,0.82051283,0.82905984,0.43085554,5.5139503
24234,0,3,0.5,0.8034188,0.8888889,0.43085554,5.020933
24234,0,3,0.75,0.8034188,0.9145299,0.43085554,4.517875
24234,0,3,1,0.8119658,0.94017094,0.43085554,3.9429462
24235,0,1,0,0.73504275,0.96581197,0.4336482,3.2328784
24235,0,1,0.25,0.73504275,0.96581197,0.43364823,3.3020883
24235,0,1,0.5,0.74358976,0.974359,0.43364808,3.3690033
24235,0,1,0.75,0.7606838,0.974359,0.43364817,3.457967
24235,0,1,1,0.7692308,0.94871795,0.4336482,3.5106294
24235,0,2,0,0.95726496,0.71794873,0.556539,8.0028715
24235,0,2,0.25,0.95726496,0.71794873,0.556539,8.122231
24235,0,2,0.5,0.95726496,0.71794873,0.5565392,8.16242
24235,0,2,0.75,0.974359,0.74358976,0.556539,8.327909
24235,0,2,1,0.974359,0.75213677,0.556539,8.505967
24235,0,3,0,0.96581197,0.60683763,0.53431857,7.0660963
24235,0,3,0.25,0.96581197,0.63247865,0.5343186,7.1867275
24235,0,3,0.5,0.95726496,0.63247865,0.53431857,7.3331184
24235,0,3,0.75,0.96581197,0.61538464,0.53431845,7.574213
24235,0,3,1,0.95726496,0.62393165,0.53431857,7.7174892
24236,0,1,0,0.8974359,0.7094017,0.2780356,5.5466156
24236,0,1,0.25,0.9230769,0.6923077,0.2780356,5.6328125
24236,0,1,0.5,0.9059829,0.6923077,0.27803543,5.6530666
24236,0,1,0.75,0.9145299,0.6837607,0.2780356,5.6334743
24236,0,1,1,0.9059829,0.7008547,0.2780356,5.6931944
24236,0,2,0,0.61538464,0.71794873,0.5241806,12.621143
24236,0,2,0.25,0.61538464,0.71794873,0.5241806,12.652678
24236,0,2,0.5,0.6495727,0.71794873,0.52418053,12.679756
24236,0,2,0.75,0.62393165,0.75213677,0.5241805,12.923799
24236,0,2,1,0.62393165,0.73504275,0.5241806,13.133545
24236,0,3,0,0.7863248,0.45299146,1.2663991,17.167702
24236,0,3,0.25,0.7692308,0.44444445,1.2663993,17.465446
24236,0,3,0.5,0.7777778,0.43589744,1.266399,17.523674
24236,0,3,0.75,0.73504275,0.4017094,1.2663991,17.773392
24236,0,3,1,0.72649574,0.4017094,1.2663991,17.880045
24237,0,1,0,0.84615386,0.84615386,1.9280082,24.072142
24237,0,1,0.25,0.8803419,0.7863248,1.9280082,26.132116
24237,0,1,0.5,0.8888889,0.7008547,1.9280082,27.62146
24237,0,1,0.75,0.8888889,0.6581197,1.9280082,29.188171
24237,0,1,1,0.8632479,0.4957265,1.9280081,32.64144
24237,0,2,0,0.6837607,0.96581197,0.49610832,5.074933
24237,0,2,0.25,0.6837607,0.991453,0.49610835,5.3122225
24237,0,2,0.5,0.74358976,1,0.49610832,5.563553
24237,0,2,0.75,0.7692308,0.982906,0.49610823,6.040905
24237,0,2,1,0.8034188,0.982906,0.49610832,6.8591576
24237,0,3,0,0.974359,0.41025642,0.5971107,7.3327136
24237,0,3,0.25,0.991453,0.41880342,0.5971106,7.953104
24237,0,3,0.5,0.991453,0.3846154,0.59711075,8.482887
24237,0,3,0.75,0.991453,0.36752138,0.5971106,9.382696
24237,0,3,1,0.974359,0.35042736,0.5971107,10.470394
24238,0,1,0,0.4871795,0.95726496,1.1775008,9.693384
24238,0,1,0.25,0.4871795,0.94017094,1.177501,9.445839
24238,0,1,0.5,0.44444445,0.93162394,1.1775006,9.180399
24238,0,1,0.75,0.46153846,0.9230769,1.177501,9.239814
24238,0,1,1,0.47008547,0.9230769,1.1775007,9.284288
24238,0,2,0,0.46153846,0.974359,0.63658273,6.6402965
24238,0,2,0.25,0.46153846,0.982906,0.636583,6.506196
24238,0,2,0.5,0.46153846,0.982906,0.63658285,6.492593
24238,0,2,0.75,0.45299146,0.982906,0.6365828,6.4014974
24238,0,2,1,0.43589744,0.982906,0.63658285,6.4545145
24238,0,3,0,0.7863248,0.60683763,1.1184498,9.868723
24238,0,3,0.25,0.7948718,0.63247865,1.1184497,9.799976
24238,0,3,0.5,0.82051283,0.6495727,1.1184496,9.655991
24238,0,3,0.75,0.84615386,0.6495727,1.1184498,9.557548
24238,0,3,1,0.9059829,0.64102566,1.1184497,9.388973
24239,0,1,0,0.94871795,0.64102566,0.64500076,8.488991
24239,0,1,0.25,0.94017094,0.6581197,0.64500093,8.206499
24239,0,1,0.5,0.96581197,0.63247865,0.6450008,8.192389
24239,0,1,0.75,0.95726496,0.6666667,0.6450008,8.263323
24239,0,1,1,0.94017094,0.6581197,0.6450008,8.185803
24239,0,2,0,0.8888889,0.6581197,1.0407965,14.778341
24239,0,2,0.25,0.9059829,0.63247865,1.0407965,14.111561
24239,0,2,0.5,0.9230769,0.61538464,1.0407965,13.675761
24239,0,2,0.75,0.9230769,0.63247865,1.0407965,13.30129
24239,0,2,1,0.93162394,0.63247865,1.0407965,13.008657
24239,0,3,0,0.9230769,0.71794873,0.4048227,5.046962
24239,0,3,0.25,0.9230769,0.71794873,0.40482265,4.8222857
24239,0,3,0.5,0.9230769,0.71794873,0.40482283,4.64805
24239,0,3,0.75,0.93162394,0.73504275,0.40482253,4.493491
24239,0,3,1,0.94017094,0.74358976,0.4048226,4.3774986
24240,0,1,0,1,0.5641026,0.46150813,6.4107976
24240,0,1,0.25,0.991453,0.5641026,0.46150813,6.486207
24240,0,1,0.5,0.991453,0.5470086,0.46150815,6.3704643
24240,0,1,0.75,0.991453,0.5555556,0.46150815,6.420804
24240,0,1,1,0.991453,0.5555556,0.46150813,6.376423
24240,0,2,0,0.85470086,0.8632479,0.529263,10.800629
24240,0,2,0.25,0.8717949,0.8632479,0.52926296,10.957615
24240,0,2,0.5,0.83760685,0.8632479,0.529263,11.053667
24240,0,2,0.75,0.83760685,0.8803419,0.529263,11.010607
24240,0,2,1,0.82905984,0.8803419,0.529263,10.956142
24240,0,3,0,0.7008547,0.8803419,0.35790288,6.2973504
24240,0,3,0.25,0.71794873,0.9230769,0.3579029,6.507367
24240,0,3,0.5,0.73504275,0.9145299,0.35790288,6.5441065
24240,0,3,0.75,0.7094017,0.9145299,0.35790268,6.486562
24240,0,3,1,0.7008547,0.9230769,0.35790288,6.4896855
24241,0,1,0,0.53846157,0.974359,0.266317,6.620844
24241,0,1,0.25,0.60683763,0.96581197,0.26631698,6.775702
24241,0,1,0.5,0.61538464,0.94017094,0.266317,6.6383705
24241,0,1,0.75,0.6752137,0.96581197,0.26631713,6.2180142
24241,0,1,1,0.6495727,0.94017094,0.266317,5.833971
24241,0,2,0,0.5897436,0.50427353,1.0374612,24.198837
24241,0,2,0.25,0.6752137,0.52136755,1.0374612,23.7499
24241,0,2,0.5,0.6923077,0.50427353,1.0374613,23.628029
24241,0,2,0.75,0.74358976,0.45299146,1.0374613,23.1889
24241,0,2,1,0.7777778,0.44444445,1.0374612,22.380009
24241,0,3,0,0.73504275,0.85470086,0.32868505,4.9739103
24241,0,3,0.25,0.7606838,0.84615386,0.32868505,5.2768307
24241,0,3,0.5,0.6923077,0.7948718,0.3286848,5.616357
24241,0,3,0.75,0.7008547,0.8034188,0.32868505,5.9037924
24241,0,3,1,0.6923077,0.75213677,0.32868505,6.344981
24242,0,1,0,0.5897436,0.96581197,0.26518738,3.2569752
24242,0,1,0.25,0.5726496,0.974359,0.26518732,3.281211
24242,0,1,0.5,0.5811966,0.94017094,0.26518747,3.0859811
24242,0,1,0.75,0.53846157,0.8888889,0.2651874,3.3144403
24242,0,1,1,0.53846157,0.9059829,0.26518732,3.6420264
24242,0,2,0,0.4957265,0.9145299,0.30410993,4.3069706
24242,0,2,0.25,0.51282054,0.96581197,0.30410984,3.7185087
24242,0,2,0.5,0.50427353,0.96581197,0.30410993,3.6346679
24242,0,2,0.75,0.52136755,0.991453,0.30410987,3.8236175
24242,0,2,1,0.5470086,0.94017094,0.30410996,4.046281
24242,0,3,0,0.974359,0.44444445,0.28311774,4.6271286
24242,0,3,0.25,0.95726496,0.43589744,0.28311774,3.4326148
24242,0,3,0.5,0.974359,0.44444445,0.28311777,2.786077
24242,0,3,0.75,0.95726496,0.44444445,0.28311774,2.6881957
24242,0,3,1,0.94017094,0.43589744,0.28311774,2.72216
24243,0,1,0,0.5726496,0.64102566,0.784808,20.433937
24243,0,1,0.25,0.60683763,0.61538464,0.78480804,22.777868
24243,0,1,0.5,0.63247865,0.60683763,0.78480786,23.101528
24243,0,1,0.75,0.6581197,0.5982906,0.78480786,23.249668
24243,0,1,1,0.7008547,0.53846157,0.7848079,21.261694
24243,0,2,0,0.6837607,0.53846157,1.1429313,23.780718
24243,0,2,0.25,0.61538464,0.44444445,1.1429313,28.33947
24243,0,2,0.5,0.5641026,0.3846154,1.1429316,33.415283
24243,0,2,0.75,0.50427353,0.3931624,1.1429315,37.402443
24243,0,2,1,0.47863248,0.41025642,1.1429313,38.698586
24243,0,3,0,0.41025642,0.8717949,0.4601259,6.068243
24243,0,3,0.25,0.41880342,0.7777778,0.46012586,7.1571445
24243,0,3,0.5,0.43589744,0.84615386,0.46012586,7.6328907
24243,0,3,0.75,0.43589744,0.82051283,0.46012586,8.597661
24243,0,3,1,0.43589744,0.8119658,0.46012586,9.66691
24244,0,1,0,0.62393165,0.84615386,0.9830901,13.977287
24244,0,1,0.25,0.63247865,0.8632479,0.9830901,13.344524
24244,0,1,0.5,0.5982906,0.9059829,0.9830901,12.560219
24244,0,1,0.75,0.61538464,0.94871795,0.9830901,11.978682
24244,0,1,1,0.6495727,0.974359,0.9830901,11.6687355
24244,0,2,0,0.8974359,0.4871795,0.50273675,9.023254
24244,0,2,0.25,0.8888889,0.47863248,0.50273675,8.582756
24244,0,2,0.5,0.8974359,0.4871795,0.50273675,8.042504
24244,0,2,0.75,0.9145299,0.52991456,0.50273675,7.957407
24244,0,2,1,0.94017094,0.4871795,0.50273675,7.464084
24244,0,3,0,0.6837607,0.8803419,1.0386577,17.739098
24244,0,3,0.25,0.6581197,0.8803419,1.0386577,16.668194
24244,0,3,0.5,0.64102566,0.8717949,1.0386577,15.581156
24244,0,3,0.75,0.6752137,0.8888889,1.0386577,15.296354
24244,0,3,1,0.6495727,0.9230769,1.0386577,14.925256
24245,0,1,0,0.982906,0.5555556,0.28540578,3.8714263
24245,0,1,0.25,0.974359,0.5641026,0.28540578,3.0050988
24245,0,1,0.5,0.982906,0.5641026,0.28540558,2.393559
24245,0,1,0.75,0.982906,0.5811966,0.28540578,2.0673022
24245,0,1,1,0.974359,0.5726496,0.2854057,2.2548904
24245,0,2,0,0.75213677,0.95726496,0.34468943,3.8662674
24245,0,2,0.25,0.7008547,0.974359,0.34468958,4.8239145
24245,0,2,0.5,0.5982906,0.974359,0.34468943,5.001479
24245,0,2,0.75,0.51282054,0.96581197,0.34468958,4.3847704
24245,0,2,1,0.52136755,0.9230769,0.34468937,3.4228675
24245,0,3,0,0.43589744,0.6581197,1.4818145,25.27826
24245,0,3,0.25,0.52136755,0.7692308,1.4818145,18.647858
24245,0,3,0.5,0.60683763,0.7692308,1.4818143,12.859726
24245,0,3,0.75,0.6666667,0.8888889,1.4818145,8.064233
24245,0,3,1,0.74358976,0.8803419,1.4818144,6.2928944
24246,0,1,0,0.5982906,0.991453,0.324307,4.3706193
24246,0,1,0.25,0.5641026,1,0.324307,4.307577
24246,0,1,0.5,0.5726496,0.95726496,0.324307,4.290489
24246,0,1,0.75,0.5641026,0.982906,0.32430694,4.2418036
24246,0,1,1,0.5641026,0.982906,0.324307,4.229217
24246,0,2,0,0.62393165,0.982906,0.29362315,3.4140167
24246,0,2,0.25,0.61538464,0.96581197,0.29362318,3.4697294
24246,0,2,0.5,0.64102566,0.974359,0.29362315,3.3769236
24246,0,2,0.75,0.63247865,0.982906,0.29362297,3.3542776
24246,0,2,1,0.61538464,0.991453,0.29362315,3.402466
24246,0,3,0,0.4017094,0.8888889,2.519018,33.44247
24246,0,3,0.25,0.3846154,0.84615386,2.519018,34.235462
24246,0,3,0.5,0.41880342,0.94017094,2.519018,34.20381
24246,0,3,0.75,0.3931624,0.94871795,2.519018,35.11564
24246,0,3,1,0.37606838,0.9145299,2.519018,35.354042
24247,0,1,0,0.6495727,0.62393165,1.1981839,10.7639065
24247,0,1,0.25,0.6581197,0.63247865,1.198184,10.513329
24247,0,1,0.5,0.6581197,0.6581197,1.1981838,10.378625
24247,0,1,0.75,0.6581197,0.6837607,1.1981835,10.546604
24247,0,1,1,0.6495727,0.6923077,1.1981839,10.6137705
24247,0,2,0,0.6923077,0.96581197,0.4211075,2.078891
24247,0,2,0.25,0.71794873,0.96581197,0.42110726,2.0406682
24247,0,2,0.5,0.7094017,0.974359,0.4211075,2.0051916
24247,0,2,0.75,0.7094017,0.974359,0.42110777,1.9137456
24247,0,2,1,0.71794873,0.991453,0.4211075,1.8748406
24247,0,3,0,0.8119658,0.7863248,0.32213214,4.368189
24247,0,3,0.25,0.7863248,0.7948718,0.3221319,4.3254967
24247,0,3,0.5,0.7777778,0.8119658,0.32213214,4.196633
24247,0,3,0.75,0.8034188,0.7948718,0.3221324,4.1290665
24247,0,3,1,0.7777778,0.7863248,0.32213214,4.021661
24248,0,1,0,0.9145299,0.85470086,0.30526736,4.3384237
24248,0,1,0.25,0.95726496,0.83760685,0.30526733,4.3934755
24248,0,1,0.5,0.982906,0.84615386,0.3052674,4.4349318
24248,0,1,0.75,0.982906,0.8717949,0.30526742,4.569703
24248,0,1,1,0.94017094,0.8119658,0.30526742,4.865618
24248,0,2,0,0.9230769,0.982906,0.29803774,5.598447
24248,0,2,0.25,0.8632479,0.991453,0.29803762,5.645313
24248,0,2,0.5,0.8803419,1,0.29803774,5.662225
24248,0,2,0.75,0.8803419,0.982906,0.29803774,5.833065
24248,0,2,1,0.84615386,0.94017094,0.29803774,6.165868
24248,0,3,0,0.42735043,0.991453,0.25942343,4.018982
24248,0,3,0.25,0.44444445,1,0.25942338,3.9266684
24248,0,3,0.5,0.47008547,0.991453,0.2594234,3.9551487
24248,0,3,0.75,0.44444445,0.982906,0.2594234,4.0936427
24248,0,3,1,0.41025642,0.982906,0.2594234,4.164784
24249,0,1,0,0.9059829,0.47863248,1.8631539,21.600368
24249,0,1,0.25,0.9059829,0.44444445,1.8631539,21.370815
24249,0,1,0.5,0.8632479,0.3931624,1.8631537,19.872646
24249,0,1,0.75,0.8632479,0.35897437,1.8631542,20.051937
24249,0,1,1,0.8717949,0.35042736,1.8631542,19.680656
24249,0,2,0,0.63247865,0.982906,0.4582388,4.038039
24249,0,2,0.25,0.6837607,0.991453,0.45823872,3.830105
24249,0,2,0.5,0.63247865,0.982906,0.45823872,3.5892706
24249,0,2,0.75,0.5641026,0.974359,0.45823872,3.4930632
24249,0,2,1,0.5555556,0.991453,0.45823872,3.5007117
24249,0,3,0,1,0.82051283,0.32583302,1.9156119
24249,0,3,0.25,1,0.83760685,0.32583314,1.8808954
24249,0,3,0.5,0.991453,0.82051283,0.32583314,1.8105936
24249,0,3,0.75,0.991453,0.8034188,0.32583314,1.7906438
24249,0,3,1,1,0.85470086,0.32583314,1.7858887
24250,0,1,0,0.82905984,0.8803419,0.2649168,4.4716544
24250,0,1,0.25,0.83760685,0.8717949,0.26491657,4.4515586
24250,0,1,0.5,0.8119658,0.8888889,0.2649168,4.44435
24250,0,1,0.75,0.82051283,0.8974359,0.2649168,4.4057055
24250,0,1,1,0.83760685,0.8974359,0.2649168,4.38354
24250,0,2,0,0.82905984,0.95726496,0.33558595,4.4075375
24250,0,2,0.25,0.8034188,0.95726496,0.33558595,4.3815274
24250,0,2,0.5,0.8034188,0.95726496,0.33558574,4.4136267
24250,0,2,0.75,0.7863248,0.95726496,0.335586,4.453642
24250,0,2,1,0.7777778,0.95726496,0.33558595,4.5856805
24250,0,3,0,0.82051283,0.3931624,0.6135707,10.882306
24250,0,3,0.25,0.8119658,0.3931624,0.6135707,10.720784
24250,0,3,0.5,0.83760685,0.3846154,0.6135708,10.727663
24250,0,3,0.75,0.83760685,0.3846154,0.6135705,10.577995
24250,0,3,1,0.83760685,0.3846154,0.6135707,10.626619
24251,0,1,0,0.94871795,0.52136755,0.92481405,10.49337
24251,0,1,0.25,0.94871795,0.52136755,0.92481476,10.327055
24251,0,1,0.5,0.94017094,0.50427353,0.9248143,10.059396
24251,0,1,0.75,0.9145299,0.51282054,0.9248145,9.791914
24251,0,1,1,0.9230769,0.51282054,0.92481375,9.645285
24251,0,2,0,0.6923077,0.83760685,1.6512552,12.21228
24251,0,2,0.25,0.6752137,0.85470086,1.6512558,12.063097
24251,0,2,0.5,0.6752137,0.84615386,1.6512555,11.785143
24251,0,2,0.75,0.6666667,0.8119658,1.6512556,11.383075
24251,0,2,1,0.6837607,0.7948718,1.651255,11.068687
24251,0,3,0,0.8888889,0.46153846,1.6704272,24.445124
24251,0,3,0.25,0.8974359,0.46153846,1.6704274,24.407393
24251,0,3,0.5,0.8803419,0.45299146,1.670427,23.656082
24251,0,3,0.75,0.82905984,0.43589744,1.6704272,22.683699
24251,0,3,1,0.82905984,0.41880342,1.6704271,22.158916
24252,0,1,0,0.93162394,0.42735043,0.5171898,6.0053053
24252,0,1,0.25,0.94871795,0.44444445,0.5171898,5.605279
24252,0,1,0.5,0.94871795,0.4871795,0.5171898,5.3279805
24252,0,1,0.75,0.94017094,0.50427353,0.5171898,5.238737
24252,0,1,1,0.9230769,0.47863248,0.5171898,5.2957854
24252,0,2,0,0.94871795,0.5811966,0.3115006,5.906621
24252,0,2,0.25,0.94017094,0.5555556,0.31150067,5.57578
24252,0,2,0.5,0.94871795,0.5641026,0.31150067,5.363308
24252,0,2,0.75,0.95726496,0.61538464,0.31150055,5.212118
24252,0,2,1,0.94017094,0.5982906,0.3115006,4.958555
24252,0,3,0,0.974359,0.6752137,0.26135805,2.27097
24252,0,3,0.25,0.974359,0.6837607,0.26135802,2.1397636
24252,0,3,0.5,0.982906,0.63247865,0.26135802,1.9890028
24252,0,3,0.75,0.982906,0.62393165,0.26135808,1.830061
24252,0,3,1,0.974359,0.63247865,0.26135805,1.7359309
24253,0,1,0,0.7777778,0.4017094,2.8446124,30.560612
24253,0,1,0.25,0.7863248,0.41880342,2.8446124,30.948917
24253,0,1,0.5,0.7863248,0.43589744,2.8446124,31.722454
24253,0,1,0.75,0.7777778,0.45299146,2.8446124,31.961437
24253,0,1,1,0.7606838,0.44444445,2.8446124,32.54505
24253,0,2,0,0.72649574,0.9230769,0.49432603,7.833186
24253,0,2,0.25,0.73504275,0.9059829,0.49432582,7.912122
24253,0,2,0.5,0.73504275,0.8888889,0.49432603,7.9898643
24253,0,2,0.75,0.73504275,0.8974359,0.49432603,8.104607
24253,0,2,1,0.73504275,0.8888889,0.49432603,8.25787
24253,0,3,0,0.9059829,0.62393165,0.46258587,7.9467635
24253,0,3,0.25,0.9145299,0.60683763,0.46258608,7.851617
24253,0,3,0.5,0.9230769,0.60683763,0.46258566,7.7118826
24253,0,3,0.75,0.94017094,0.5982906,0.46258587,7.555984
24253,0,3,1,0.94871795,0.5982906,0.46258587,7.5650783
24254,0,1,0,0.8974359,0.3846154,2.6031835,28.509987
24254,0,1,0.25,0.8717949,0.37606838,2.6031833,28.346344
24254,0,1,0.5,0.8803419,0.41025642,2.6031833,28.354477
24254,0,1,0.75,0.8803419,0.42735043,2.6031833,28.620087
24254,0,1,1,0.8888889,0.41025642,2.6031835,28.334013
24254,0,2,0,0.5470086,0.982906,0.4765146,6.526068
24254,0,2,0.25,0.53846157,0.974359,0.47651464,6.459014
24254,0,2,0.5,0.53846157,0.974359,0.4765146,6.433877
24254,0,2,0.75,0.5470086,0.982906,0.4765145,6.3832474
24254,0,2,1,0.5641026,0.982906,0.4765146,6.333893
24254,0,3,0,0.982906,0.50427353,0.80912614,7.972089
24254,0,3,0.25,0.974359,0.50427353,0.80912626,7.93602
24254,0,3,0.5,0.96581197,0.51282054,0.80912614,7.836893
24254,0,3,0.75,0.982906,0.52991456,0.8091261,7.812033
24254,0,3,1,0.982906,0.51282054,0.80912614,7.6592665
24255,0,1,0,0.74358976,0.63247865,1.039068,12.711925
24255,0,1,0.25,0.8717949,0.74358976,1.039068,10.739558
24255,0,1,0.5,0.8888889,0.75213677,1.0390679,9.850156
24255,0,1,0.75,0.93162394,0.7008547,1.0390679,8.954712
24255,0,1,1,0.96581197,0.6581197,1.0390679,9.493074
24255,0,2,0,0.8888889,0.47863248,0.42761254,3.5354033
24255,0,2,0.25,0.93162394,0.44444445,0.42761254,3.4579663
24255,0,2,0.5,0.93162394,0.47008547,0.42761254,3.7207863
24255,0,2,0.75,0.982906,0.47008547,0.42761254,4.2223887
24255,0,2,1,0.974359,0.52991456,0.42761254,4.603956
24255,0,3,0,0.9145299,0.5470086,0.26010826,4.020902
24255,0,3,0.25,0.9230769,0.5470086,0.26010826,4.125801
24255,0,3,0.5,0.94017094,0.60683763,0.26010805,3.9728384
24255,0,3,0.75,0.974359,0.6752137,0.26010785,3.8988109
24255,0,3,1,0.991453,0.6923077,0.26010805,3.6622858
24256,0,1,0,0.6837607,0.93162394,0.28886998,4.946341
24256,0,1,0.25,0.7094017,0.9145299,0.28887022,5.2602882
24256,0,1,0.5,0.74358976,0.9145299,0.28886977,5.2012215
24256,0,1,0.75,0.71794873,0.93162394,0.28886977,5.118133
24256,0,1,1,0.71794873,0.94017094,0.28886998,4.5359592
24256,0,2,0,0.52136755,0.64102566,0.9578993,11.377159
24256,0,2,0.25,0.52991456,0.6752137,0.9578989,12.1965
24256,0,2,0.5,0.5555556,0.63247865,0.9578992,11.800364
24256,0,2,0.75,0.5726496,0.6923077,0.9578992,12.854031
24256,0,2,1,0.5897436,0.72649574,0.9578993,14.008228
24256,0,3,0,0.8717949,0.5726496,0.3667708,5.869139
24256,0,3,0.25,0.8974359,0.5811966,0.36677074,6.1975336
24256,0,3,0.5,0.8888889,0.5897436,0.36677083,6.371648
24256,0,3,0.75,0.93162394,0.52991456,0.3667712,6.0318995
24256,0,3,1,0.95726496,0.53846157,0.3667708,5.9638224
24257,0,1,0,0.982906,0.7863248,0.26600593,2.3575213
24257,0,1,0.25,0.982906,0.8119658,0.26600593,2.503573
24257,0,1,0.5,0.974359,0.74358976,0.26600584,2.6991067
24257,0,1,0.75,0.96581197,0.75213677,0.26600596,2.8792858
24257,0,1,1,0.974359,0.71794873,0.26600596,2.8494005
24257,0,2,0,0.982906,0.6666667,0.35641617,2.8527274
24257,0,2,0.25,0.982906,0.64102566,0.35641617,3.5567818
24257,0,2,0.5,0.96581197,0.61538464,0.35641617,4.470483
24257,0,2,0.75,0.9059829,0.5811966,0.35641629,5.536607
24257,0,2,1,0.8974359,0.52991456,0.35641623,6.657787
24257,0,3,0,0.94871795,0.7948718,0.35023516,0.7452258
24257,0,3,0.25,0.991453,0.8119658,0.35023516,0.9487208
24257,0,3,0.5,1,0.82051283,0.35023513,1.4295058
24257,0,3,0.75,0.982906,0.7777778,0.3502352,2.3185658
24257,0,3,1,0.982906,0.73504275,0.35023516,3.5402713
24258,0,1,0,0.5555556,0.8119658,0.37437794,5.834859
24258,0,1,0.25,0.5811966,0.7948718,0.37437794,5.519436
24258,0,1,0.5,0.62393165,0.82905984,0.37437794,5.7423167
24258,0,1,0.75,0.62393165,0.83760685,0.37437806,5.435181
24258,0,1,1,0.60683763,0.85470086,0.37437794,5.3780107
24258,0,2,0,0.73504275,0.46153846,0.54324275,8.067548
24258,0,2,0.25,0.74358976,0.47008547,0.54324275,8.119211
24258,0,2,0.5,0.8034188,0.4871795,0.54324275,8.681385
24258,0,2,0.75,0.7948718,0.50427353,0.54324275,8.092633
24258,0,2,1,0.7863248,0.52991456,0.54324275,7.9036427
24258,0,3,0,0.46153846,0.5641026,1.0331296,11.109591
24258,0,3,0.25,0.63247865,0.5641026,1.0331296,17.244717
24258,0,3,0.5,0.64102566,0.5726496,1.0331297,16.85479
24258,0,3,0.75,0.64102566,0.5726496,1.0331296,16.14782
24258,0,3,1,0.62393165,0.63247865,1.0331296,16.361795
24259,0,1,0,0.991453,0.5641026,0.49686047,3.972509
24259,0,1,0.25,0.991453,0.50427353,0.49686053,3.5566263
24259,0,1,0.5,1,0.52991456,0.4968605,3.2944353
24259,0,1,0.75,1,0.5555556,0.4968604,3.198411
24259,0,1,1,0.982906,0.52136755,0.4968605,3.0104294
24259,0,2,0,0.94871795,0.4957265,1.511448,13.592794
24259,0,2,0.25,0.94871795,0.41880342,1.511448,12.653517
24259,0,2,0.5,0.94871795,0.4017094,1.511448,12.043024
24259,0,2,0.75,0.94017094,0.3846154,1.5114479,12.029236
24259,0,2,1,0.974359,0.36752138,1.511448,11.850264
24259,0,3,0,0.982906,0.6495727,1.195434,10.177789
24259,0,3,0.25,0.991453,0.5897436,1.195434,9.014563
24259,0,3,0.5,1,0.5982906,1.195434,8.366093
24259,0,3,0.75,0.974359,0.5982906,1.1954341,8.047154
24259,0,3,1,0.974359,0.5726496,1.195434,7.7392797
24260,0,1,0,0.7863248,0.47863248,1.3606077,21.944883
24260,0,1,0.25,0.71794873,0.5641026,1.360608,22.303314
24260,0,1,0.5,0.73504275,0.5470086,1.3606077,21.271385
24260,0,1,0.75,0.7008547,0.61538464,1.360607,20.15652
24260,0,1,1,0.6837607,0.61538464,1.3606075,19.12714
24260,0,2,0,0.9059829,0.62393165,0.7269933,7.437869
24260,0,2,0.25,0.9059829,0.60683763,0.7269934,7.1719666
24260,0,2,0.5,0.93162394,0.6666667,0.7269933,8.132486
24260,0,2,0.75,0.8803419,0.6752137,0.72699314,7.932732
24260,0,2,1,0.94871795,0.6495727,0.7269934,7.0578337
24260,0,3,0,0.8034188,0.50427353,2.1250806,32.663418
24260,0,3,0.25,0.73504275,0.5982906,2.1250808,32.200874
24260,0,3,0.5,0.71794873,0.60683763,2.1250808,29.608923
24260,0,3,0.75,0.6923077,0.63247865,2.1250806,27.56311
24260,0,3,1,0.7008547,0.7094017,2.1250806,26.530993
24261,0,1,0,0.4017094,0.8888889,0.7169006,11.782172
24261,0,1,0.25,0.36752138,0.8888889,0.7169004,7.712
24261,0,1,0.5,0.43589744,0.8974359,0.7169006,5.164275
24261,0,1,0.75,0.52136755,0.8974359,0.7169007,3.628787
24261,0,1,1,0.51282054,0.9230769,0.7169004,2.8133268
24261,0,2,0,0.8888889,0.7094017,0.47348073,4.397667
24261,0,2,0.25,0.94871795,0.6581197,0.47348067,4.633785
24261,0,2,0.5,0.9145299,0.6837607,0.4734808,4.717102
24261,0,2,0.75,0.94017094,0.6752137,0.47348082,4.5540714
24261,0,2,1,0.94871795,0.5726496,0.4734808,4.471538
24261,0,3,0,0.5897436,0.8717949,1.2061706,17.207531
24261,0,3,0.25,0.5726496,0.8034188,1.2061706,11.243803
24261,0,3,0.5,0.74358976,0.82051283,1.2061706,7.9201336
24261,0,3,0.75,0.75213677,0.84615386,1.2061707,7.300334
24261,0,3,1,0.7948718,0.75213677,1.2061706,6.8540497
24262,0,1,0,0.93162394,0.8888889,0.49640882,2.568584
24262,0,1,0.25,0.9059829,0.8888889,0.49640885,2.5668318
24262,0,1,0.5,0.93162394,0.85470086,0.49640882,2.5296066
24262,0,1,0.75,0.8974359,0.83760685,0.49640873,2.4955177
24262,0,1,1,0.8974359,0.83760685,0.49640882,2.4592414
24262,0,2,0,0.96581197,0.83760685,0.30269194,1.4499938
24262,0,2,0.25,0.94871795,0.82905984,0.3026919,1.5043123
24262,0,2,0.5,0.974359,0.8119658,0.30269194,1.5060478
24262,0,2,0.75,0.95726496,0.85470086,0.302692,1.5551032
24262,0,2,1,0.95726496,0.8632479,0.30269194,1.6916363
24262,0,3,0,0.7094017,0.73504275,1.7472448,18.096237
24262,0,3,0.25,0.73504275,0.74358976,1.7472448,18.022438
24262,0,3,0.5,0.7606838,0.71794873,1.7472448,17.819126
24262,0,3,0.75,0.73504275,0.74358976,1.7472448,17.586529
24262,0,3,1,0.72649574,0.75213677,1.7472448,17.496078
24263,0,1,0,0.7777778,0.47863248,0.8145266,6.438796
24263,0,1,0.25,0.7863248,0.4871795,0.8145266,6.4154654
24263,0,1,0.5,0.82905984,0.47863248,0.8145268,6.5838327
24263,0,1,0.75,0.8034188,0.51282054,0.8145266,6.7757683
24263,0,1,1,0.7692308,0.47008547,0.8145266,6.5630293
24263,0,2,0,0.93162394,0.72649574,0.25864717,2.5711532
24263,0,2,0.25,0.9230769,0.7008547,0.25864717,2.5953703
24263,0,2,0.5,0.95726496,0.72649574,0.25864744,2.6333022
24263,0,2,0.75,0.96581197,0.7606838,0.25864717,2.6399071
24263,0,2,1,0.95726496,0.7606838,0.25864717,2.5870314
24263,0,3,0,0.8717949,0.6752137,0.5698227,4.1213255
24263,0,3,0.25,0.8717949,0.61538464,0.5698227,4.150936
24263,0,3,0.5,0.8717949,0.63247865,0.56982297,4.1255465
24263,0,3,0.75,0.9145299,0.6666667,0.5698227,4.1334786
24263,0,3,1,0.9059829,0.6837607,0.5698227,4.1176205
24264,0,1,0,1,0.5811966,0.36990157,4.3435364
24264,0,1,0.25,1,0.5811966,0.36990157,4.3270226
24264,0,1,0.5,0.991453,0.5470086,0.36990178,4.387847
24264,0,1,0.75,1,0.5726496,0.3699016,4.4951386
24264,0,1,1,1,0.5897436,0.3699016,4.577524
24264,0,2,0,0.9145299,0.94871795,0.2900528,4.2205772
24264,0,2,0.25,0.8888889,1,0.2900528,4.2894554
24264,0,2,0.5,0.7692308,1,0.29005274,4.123499
24264,0,2,0.75,0.72649574,0.991453,0.29005286,4.1235023
24264,0,2,1,0.6923077,0.982906,0.29005277,4.1049104
24264,0,3,0,0.60683763,0.991453,0.3347769,4.3602147
24264,0,3,0.25,0.6666667,0.96581197,0.334777,4.426607
24264,0,3,0.5,0.7008547,0.974359,0.334777,4.4319425
24264,0,3,0.75,0.7777778,1,0.33477703,4.40882
24264,0,3,1,0.7692308,0.991453,0.33477706,4.361735
24265,0,1,0,1,0.46153846,0.4786894,4.5669994
24265,0,1,0.25,0.991453,0.52136755,0.47868937,4.4014177
24265,0,1,0.5,0.96581197,0.53846157,0.47868937,4.3820696
24265,0,1,0.75,0.991453,0.51282054,0.4786894,4.716017
24265,0,1,1,0.974359,0.47008547,0.47868937,4.98228
24265,0,2,0,0.7777778,0.82051283,0.9220879,6.9536333
24265,0,2,0.25,0.7692308,0.7692308,0.92208785,9.405796
24265,0,2,0.5,0.75213677,0.63247865,0.9220879,12.244538
24265,0,2,0.75,0.83760685,0.5726496,0.92208797,13.233905
24265,0,2,1,0.8974359,0.4957265,0.9220879,12.405338
24265,0,3,0,0.47863248,0.94017094,1.1680001,11.109768
24265,0,3,0.25,0.53846157,0.9230769,1.1680001,13.377373
24265,0,3,0.5,0.62393165,0.84615386,1.1680001,16.588863
24265,0,3,0.75,0.72649574,0.7606838,1.1680001,16.965885
24265,0,3,1,0.82051283,0.6666667,1.1680001,14.919807
24266,0,1,0,0.6923077,0.47863248,1.2862017,22.94383
24266,0,1,0.25,0.6837607,0.5470086,1.2862017,21.942247
24266,0,1,0.5,0.7008547,0.5641026,1.2862017,20.793228
24266,0,1,0.75,0.6666667,0.5811966,1.2862017,20.866776
24266,0,1,1,0.7008547,0.62393165,1.2862017,20.78574
24266,0,2,0,0.7863248,0.96581197,0.4193068,4.6256466
24266,0,2,0.25,0.7948718,0.974359,0.4193068,4.4672127
24266,0,2,0.5,0.7692308,0.95726496,0.4193068,4.3549204
24266,0,2,0.75,0.7948718,0.95726496,0.4193068,4.4243765
24266,0,2,1,0.7606838,0.982906,0.4193068,4.4547834
24266,0,3,0,0.8717949,0.83760685,0.8562676,8.609346
24266,0,3,0.25,0.85470086,0.8632479,0.8562676,8.288607
24266,0,3,0.5,0.8717949,0.84615386,0.8562676,8.224894
24266,0,3,0.75,0.8717949,0.83760685,0.8562676,8.221132
24266,0,3,1,0.8717949,0.85470086,0.8562676,8.388668
24267,0,1,0,0.8717949,0.36752138,1.5167251,19.221619
24267,0,1,0.25,0.85470086,0.36752138,1.5167247,19.084522
24267,0,1,0.5,0.8803419,0.3846154,1.5167251,18.595837
24267,0,1,0.75,0.8717949,0.3931624,1.5167247,18.245064
24267,0,1,1,0.8632479,0.3931624,1.5167251,18.392166
24267,0,2,0,0.9145299,0.42735043,1.4890118,7.730803
24267,0,2,0.25,0.95726496,0.42735043,1.489012,7.298689
24267,0,2,0.5,0.95726496,0.41025642,1.4890116,7.0345
24267,0,2,0.75,0.94871795,0.4017094,1.4890119,6.83054
24267,0,2,1,0.974359,0.3931624,1.4890116,6.5660105
24267,0,3,0,0.974359,0.52991456,0.49488074,3.1188977
24267,0,3,0.25,0.94871795,0.53846157,0.49488083,3.0825984
24267,0,3,0.5,0.94871795,0.52991456,0.4948807,3.0511498
24267,0,3,0.75,0.974359,0.53846157,0.49488065,3.0266552
24267,0,3,1,0.982906,0.5470086,0.4948807,3.076504
24268,0,1,0,0.7606838,0.982906,0.36230597,1.1573837
24268,0,1,0.25,0.74358976,0.982906,0.3623064,1.3254167
24268,0,1,0.5,0.7606838,0.96581197,0.36230624,1.5204494
24268,0,1,0.75,0.72649574,0.982906,0.362306,1.7355895
24268,0,1,1,0.73504275,0.95726496,0.36230597,2.0217633
24268,0,2,0,1,0.5811966,0.28669387,2.1002684
24268,0,2,0.25,0.991453,0.5726496,0.28669405,2.2645154
24268,0,2,0.5,1,0.5811966,0.28669387,2.4383893
24268,0,2,0.75,0.982906,0.5641026,0.28669387,2.6372592
24268,0,2,1,0.982906,0.5726496,0.28669396,2.9059463
24268,0,3,0,0.6752137,0.991453,0.26074532,1.8542509
24268,0,3,0.25,0.6666667,0.991453,0.26074544,1.8560755
24268,0,3,0.5,0.6752137,1,0.26074532,1.8717272
24268,0,3,0.75,0.6837607,1,0.2607453,1.9283926
24268,0,3,1,0.6837607,0.974359,0.26074532,2.0428588
24269,0,1,0,0.7777778,0.982906,0.35276985,4.982973
24269,0,1,0.25,0.8034188,0.96581197,0.35276988,4.980027
24269,0,1,0.5,0.83760685,0.991453,0.35276988,4.969214
24269,0,1,0.75,0.84615386,0.974359,0.35277033,4.978569
24269,0,1,1,0.83760685,0.982906,0.35276985,4.917095
24269,0,2,0,0.37606838,0.991453,1.6369137,23.3979
24269,0,2,0.25,0.36752138,1,1.6369137,23.291622
24269,0,2,0.5,0.36752138,1,1.6369137,23.321445
24269,0,2,0.75,0.35897437,0.982906,1.6369139,22.994038
24269,0,2,1,0.36752138,0.95726496,1.6369137,23.293514
24269,0,3,0,0.52991456,0.82051283,1.7654524,26.596138
24269,0,3,0.25,0.52991456,0.84615386,1.7654525,26.542255
24269,0,3,0.5,0.52136755,0.83760685,1.7654524,26.201279
24269,0,3,0.75,0.51282054,0.82051283,1.7654527,26.07534
24269,0,3,1,0.52136755,0.7863248,1.7654523,26.667685
24270,0,1,0,0.94871795,0.4871795,1.0054665,18.216663
24270,0,1,0.25,0.94017094,0.6581197,1.0054662,17.703514
24270,0,1,0.5,0.8034188,0.75213677,1.0054665,16.825474
24270,0,1,0.75,0.7777778,0.7948718,1.0054665,15.505112
24270,0,1,1,0.71794873,0.8803419,1.0054665,15.139829
24270,0,2,0,0.8034188,0.85470086,0.8149196,11.851177
24270,0,2,0.25,0.72649574,0.82905984,0.81491977,11.258112
24270,0,2,0.5,0.63247865,0.82905984,0.8149196,10.199962
24270,0,2,0.75,0.6666667,0.83760685,0.8149194,10.307209
24270,0,2,1,0.72649574,0.9145299,0.8149196,10.942723
24270,0,3,0,0.9145299,0.5470086,1.0864873,11.447937
24270,0,3,0.25,0.9059829,0.5555556,1.0864873,10.515857
24270,0,3,0.5,0.94017094,0.51282054,1.0864873,10.033798
24270,0,3,0.75,0.94017094,0.51282054,1.0864872,9.432003
24270,0,3,1,0.94017094,0.50427353,1.0864872,9.121857
24271,0,1,0,0.62393165,0.43589744,1.376722,28.654644
24271,0,1,0.25,0.5641026,0.42735043,1.3767221,29.152637
24271,0,1,0.5,0.53846157,0.4017094,1.3767221,30.96659
24271,0,1,0.75,0.51282054,0.41025642,1.376722,32.508175
24271,0,1,1,0.52991456,0.42735043,1.376722,33.74113
24271,0,2,0,0.96581197,0.6495727,0.32645223,3.8988886
24271,0,2,0.25,0.95726496,0.6495727,0.3264523,3.8083909
24271,0,2,0.5,0.974359,0.6581197,0.32645223,3.8563685
24271,0,2,0.75,0.93162394,0.6495727,0.32645229,3.8492165
24271,0,2,1,0.94871795,0.6666667,0.32645223,3.8459587
24271,0,3,0,0.974359,0.4017094,0.2818572,5.0324
24271,0,3,0.25,1,0.41880342,0.28185713,5.132121
24271,0,3,0.5,0.974359,0.41880342,0.2818572,5.197484
24271,0,3,0.75,0.95726496,0.44444445,0.28185725,5.1959352
24271,0,3,1,0.974359,0.46153846,0.2818572,5.2987914
24272,0,1,0,0.52991456,0.95726496,0.5869274,8.655776
24272,0,1,0.25,0.53846157,0.95726496,0.5869274,8.67901
24272,0,1,0.5,0.5555556,0.94017094,0.5869276,8.665853
24272,0,1,0.75,0.5897436,0.95726496,0.58692783,8.551936
24272,0,1,1,0.5726496,0.94017094,0.5869276,8.552832
24272,0,2,0,0.41025642,0.94017094,0.8060529,8.834068
24272,0,2,0.25,0.41025642,0.93162394,0.80605304,8.838301
24272,0,2,0.5,0.41880342,0.9230769,0.80605286,8.922831
24272,0,2,0.75,0.41880342,0.93162394,0.8060529,8.968756
24272,0,2,1,0.42735043,0.93162394,0.8060529,9.203147
24272,0,3,0,0.3931624,0.85470086,1.6479,20.084747
24272,0,3,0.25,0.3846154,0.82905984,1.6478996,20.712038
24272,0,3,0.5,0.3846154,0.84615386,1.6479,20.69064
24272,0,3,0.75,0.36752138,0.84615386,1.6478996,20.811699
24272,0,3,1,0.37606838,0.83760685,1.6479,20.822601
24273,0,1,0,0.9145299,0.7008547,0.69017935,2.741858
24273,0,1,0.25,0.9145299,0.71794873,0.69017947,2.69452
24273,0,1,0.5,0.8974359,0.73504275,0.69017935,2.7325673
24273,0,1,0.75,0.9230769,0.74358976,0.69017935,2.7026129
24273,0,1,1,0.9230769,0.74358976,0.69017935,2.6856744
24273,0,2,0,0.991453,0.37606838,0.28016794,3.7181811
24273,0,2,0.25,1,0.3931624,0.28016797,3.7399182
24273,0,2,0.5,0.982906,0.3846154,0.28016797,3.7142768
24273,0,2,0.75,1,0.37606838,0.28016794,3.6318567
24273,0,2,1,1,0.4017094,0.28016794,3.6385317
24273,0,3,0,0.9145299,0.5897436,2.2416503,15.60072
24273,0,3,0.25,0.93162394,0.5897436,2.2416503,15.69012
24273,0,3,0.5,0.9145299,0.5811966,2.2416506,15.833357
24273,0,3,0.75,0.93162394,0.5811966,2.2416503,15.953178
24273,0,3,1,0.9230769,0.5726496,2.2416503,16.06838
24274,0,1,0,0.50427353,0.974359,0.62438387,4.818366
24274,0,1,0.25,0.4957265,0.94871795,0.62438387,4.7636147
24274,0,1,0.5,0.4871795,0.974359,0.62438375,4.816399
24274,0,1,0.75,0.4871795,0.96581197,0.6243836,4.803674
24274,0,1,1,0.4871795,0.9230769,0.62438375,4.7973948
24274,0,2,0,0.9059829,0.93162394,0.25614354,1.4572321
24274,0,2,0.25,0.9230769,0.9230769,0.25614405,1.4618819
24274,0,2,0.5,0.94017094,0.8974359,0.25614348,1.484828
24274,0,2,0.75,0.94871795,0.8888889,0.2561436,1.4804159
24274,0,2,1,0.94871795,0.8974359,0.25614354,1.4823978
24274,0,3,0,0.974359,0.64102566,0.3088236,2.4308586
24274,0,3,0.25,0.974359,0.64102566,0.30882332,2.4270866
24274,0,3,0.5,0.974359,0.62393165,0.3088236,2.4723806
24274,0,3,0.75,0.982906,0.62393165,0.30882347,2.4650826
24274,0,3,1,0.974359,0.63247865,0.3088236,2.4601536
24275,0,1,0,0.8632479,0.4957265,0.72559184,13.572735
24275,0,1,0.25,0.83760685,0.4871795,0.72559184,13.940832
24275,0,1,0.5,0.82051283,0.5811966,0.7255919,14.270903
24275,0,1,0.75,0.74358976,0.60683763,0.72559184,12.850128
24275,0,1,1,0.74358976,0.6581197,0.72559184,11.275576
24275,0,2,0,0.96581197,0.7008547,0.39075515,6.759115
24275,0,2,0.25,0.96581197,0.6666667,0.39075515,5.7414055
24275,0,2,0.5,0.974359,0.5897436,0.39075503,4.991021
24275,0,2,0.75,0.991453,0.5726496,0.39075515,4.1693707
24275,0,2,1,1,0.5897436,0.39075515,3.61584
24275,0,3,0,0.94017094,0.5982906,0.3583699,5.9062567
24275,0,3,0.25,0.991453,0.63247865,0.3583699,5.7690916
24275,0,3,0.5,0.982906,0.61538464,0.35836992,5.509409
24275,0,3,0.75,0.982906,0.62393165,0.3583699,5.1072583
24275,0,3,1,0.991453,0.60683763,0.3583699,4.954444
24276,0,1,0,0.974359,0.51282054,0.40766138,6.120085
24276,0,1,0.25,0.982906,0.5470086,0.40766138,7.757058
24276,0,1,0.5,0.7863248,0.5555556,0.40766138,10.172142
24276,0,1,0.75,0.64102566,0.52991456,0.4076615,11.557741
24276,0,1,1,0.7777778,0.5641026,0.40766138,7.299008
24276,0,2,0,0.982906,0.7692308,0.37546563,2.411344
24276,0,2,0.25,0.982906,0.73504275,0.37546563,4.0601487
24276,0,2,0.5,0.94871795,0.7094017,0.37546563,6.977736
24276,0,2,0.75,0.8888889,0.63247865,0.37546563,13.018442
24276,0,2,1,0.71794873,0.61538464,0.37546563,9.585479
24276,0,3,0,0.7948718,0.93162394,0.26405942,2.8464444
24276,0,3,0.25,0.7948718,0.9230769,0.26405942,4.0926976
24276,0,3,0.5,0.7863248,0.85470086,0.26405942,6.9944983
24276,0,3,0.75,0.75213677,0.8119658,0.26405933,10.306324
24276,0,3,1,0.82905984,0.83760685,0.26405942,6.559967
24277,0,1,0,0.53846157,0.982906,0.5522846,3.6527052
24277,0,1,0.25,0.52136755,0.96581197,0.5522846,3.595002
24277,0,1,0.5,0.52991456,0.96581197,0.55228454,3.5705423
24277,0,1,0.75,0.50427353,0.974359,0.5522841,3.6211433
24277,0,1,1,0.51282054,0.95726496,0.5522846,3.6277966
24277,0,2,0,0.8803419,0.94871795,0.447033,4.3513603
24277,0,2,0.25,0.84615386,0.94017094,0.44703296,4.339259
24277,0,2,0.5,0.8974359,0.93162394,0.447033,4.3060966
24277,0,2,0.75,0.85470086,0.9230769,0.44703302,4.2983894
24277,0,2,1,0.84615386,0.9230769,0.447033,4.318701
24277,0,3,0,0.8888889,0.9145299,1.3383466,4.4203753
24277,0,3,0.25,0.8717949,0.9145299,1.3383461,4.434433
24277,0,3,0.5,0.8803419,0.9059829,1.3383471,4.395433
24277,0,3,0.75,0.8717949,0.8974359,1.3383466,4.328778
24277,0,3,1,0.8888889,0.8717949,1.3383466,4.2505407
24278,0,1,0,0.6495727,0.8632479,0.4823443,8.69118
24278,0,1,0.25,0.6581197,0.8974359,0.48234433,8.649253
24278,0,1,0.5,0.6581197,0.85470086,0.4823441,8.97126
24278,0,1,0.75,0.6581197,0.8632479,0.4823446,9.21083
24278,0,1,1,0.6581197,0.8632479,0.4823443,9.255489
24278,0,2,0,0.9059829,0.94017094,0.34436664,2.358666
24278,0,2,0.25,0.9059829,0.94871795,0.3443664,2.3865652
24278,0,2,0.5,0.9230769,0.93162394,0.34436664,2.416194
24278,0,2,0.75,0.9059829,0.94871795,0.3443664,2.485564
24278,0,2,1,0.9145299,0.93162394,0.34436664,2.4868293
24278,0,3,0,0.96581197,0.5897436,0.390965,4.183443
24278,0,3,0.25,0.93162394,0.5982906,0.39096513,4.219941
24278,0,3,0.5,0.95726496,0.62393165,0.39096493,4.378115
24278,0,3,0.75,0.94871795,0.64102566,0.39096507,4.413615
24278,0,3,1,0.94871795,0.64102566,0.390965,4.4270754
24279,0,1,0,0.5897436,1,0.2715764,2.2151442
24279,0,1,0.25,0.5897436,0.982906,0.2715764,2.224577
24279,0,1,0.5,0.5897436,1,0.27157637,2.2377262
24279,0,1,0.75,0.5897436,1,0.27157637,2.259715
24279,0,1,1,0.5897436,0.991453,0.2715764,2.2742336
24279,0,2,0,0.50427353,0.93162394,1.7666862,24.163668
24279,0,2,0.25,0.4957265,0.9230769,1.7666863,24.513134
24279,0,2,0.5,0.50427353,0.9145299,1.7666861,24.599775
24279,0,2,0.75,0.50427353,0.9059829,1.7666862,24.409092
24279,0,2,1,0.51282054,0.9145299,1.7666862,24.504562
24279,0,3,0,0.8803419,0.3931624,1.5804844,19.582
24279,0,3,0.25,0.8717949,0.3846154,1.5804845,19.564617
24279,0,3,0.5,0.8888889,0.3931624,1.5804844,19.772
24279,0,3,0.75,0.8803419,0.3931624,1.5804844,19.580997
24279,0,3,1,0.9059829,0.3846154,1.5804846,19.58481
24280,0,1,0,0.47008547,0.8632479,1.125925,18.838778
24280,0,1,0.25,0.50427353,0.9059829,1.125925,18.068237
24280,0,1,0.5,0.50427353,0.9059829,1.1259248,16.876318
24280,0,1,0.75,0.4871795,0.8974359,1.125925,16.268963
24280,0,1,1,0.50427353,0.8974359,1.125925,15.426162
24280,0,2,0,0.6752137,0.9145299,1.17223,14.786373
24280,0,2,0.25,0.6752137,0.9145299,1.17223,14.783865
24280,0,2,0.5,0.6923077,0.93162394,1.17223,14.788425
24280,0,2,0.75,0.6923077,0.95726496,1.1722301,14.785192
24280,0,2,1,0.72649574,0.95726496,1.17223,14.898447
24280,0,3,0,0.5811966,0.4871795,2.260042,34.63923
24280,0,3,0.25,0.60683763,0.47008547,2.2600417,34.465843
24280,0,3,0.5,0.62393165,0.47008547,2.2600417,34.323135
24280,0,3,0.75,0.6581197,0.47863248,2.260042,34.670116
24280,0,3,1,0.6666667,0.45299146,2.260042,34.027733
24281,0,1,0,0.8632479,0.7606838,0.6240501,9.244419
24281,0,1,0.25,0.8803419,0.8034188,0.6240501,8.630523
24281,0,1,0.5,0.9230769,0.7863248,0.6240502,8.138416
24281,0,1,0.75,0.974359,0.72649574,0.6240502,7.949395
24281,0,1,1,0.991453,0.6666667,0.6240502,7.689482
24281,0,2,0,0.974359,0.7606838,0.34354255,4.6531763
24281,0,2,0.25,0.982906,0.8119658,0.34354264,4.1992855
24281,0,2,0.5,0.974359,0.7948718,0.34354264,4.0020165
24281,0,2,0.75,0.95726496,0.8034188,0.34354284,4.1433105
24281,0,2,1,0.95726496,0.8803419,0.3435427,4.4896727
24281,0,3,0,0.7606838,0.94871795,0.26378664,3.9628959
24281,0,3,0.25,0.82051283,0.982906,0.26378664,3.6662085
24281,0,3,0.5,0.8632479,0.974359,0.26378664,3.5716715
24281,0,3,0.75,0.8888889,0.95726496,0.26378664,3.7653432
24281,0,3,1,0.8803419,0.93162394,0.26378664,3.9945164
24282,0,1,0,0.4871795,0.82051283,1.0862609,15.155622
24282,0,1,0.25,0.4871795,0.8034188,1.0862609,15.821335
24282,0,1,0.5,0.52136755,0.7692308,1.0862612,15.735421
24282,0,1,0.75,0.53846157,0.7692308,1.0862609,15.635175
24282,0,1,1,0.5555556,0.7777778,1.0862609,14.742654
24282,0,2,0,0.6581197,0.8803419,0.9497196,12.410852
24282,0,2,0.25,0.64102566,0.84615386,0.9497197,13.42354
24282,0,2,0.5,0.62393165,0.85470086,0.9497196,15.030284
24282,0,2,0.75,0.63247865,0.85470086,0.9497196,15.4884815
24282,0,2,1,0.5897436,0.8888889,0.9497196,14.253763
24282,0,3,0,0.5982906,0.95726496,0.31364596,4.1087904
24282,0,3,0.25,0.62393165,0.96581197,0.31364578,4.3478317
24282,0,3,0.5,0.5897436,0.9145299,0.31364596,4.6863875
24282,0,3,0.75,0.5555556,0.8974359,0.31364608,4.6315107
24282,0,3,1,0.5726496,0.8717949,0.31364596,4.4110475
24283,0,1,0,0.7094017,0.6752137,0.62281096,9.911064
24283,0,1,0.25,0.7094017,0.6923077,0.62281096,9.825392
24283,0,1,0.5,0.72649574,0.7008547,0.6228109,9.670072
24283,0,1,0.75,0.73504275,0.6752137,0.62281084,9.656527
24283,0,1,1,0.73504275,0.6581197,0.62281084,9.591832
24283,0,2,0,0.7692308,0.82051283,0.5595469,11.07662
24283,0,2,0.25,0.7777778,0.7777778,0.5595469,11.133571
24283,0,2,0.5,0.7692308,0.82051283,0.5595469,11.098188
24283,0,2,0.75,0.7777778,0.7948718,0.5595469,11.190882
24283,0,2,1,0.7606838,0.75213677,0.5595469,11.376694
24283,0,3,0,0.9145299,0.6666667,0.4247161,6.381996
24283,0,3,0.25,0.9230769,0.6581197,0.4247161,6.3432236
24283,0,3,0.5,0.9145299,0.6581197,0.42471611,6.193554
24283,0,3,0.75,0.9059829,0.6495727,0.4247161,6.207916
24283,0,3,1,0.9059829,0.6495727,0.4247161,6.206065
24284,0,1,0,0.9230769,0.94871795,0.28237122,1.5357196
24284,0,1,0.25,0.8888889,0.982906,0.28237122,1.544112
24284,0,1,0.5,0.9059829,0.96581197,0.2823713,1.5582286
24284,0,1,0.75,0.9230769,0.974359,0.2823711,1.5827212
24284,0,1,1,0.8974359,0.982906,0.28237122,1.578781
24284,0,2,0,0.5470086,0.8717949,2.042045,12.695565
24284,0,2,0.25,0.5470086,0.8803419,2.042045,12.599138
24284,0,2,0.5,0.52991456,0.8034188,2.0420449,12.434073
24284,0,2,0.75,0.4871795,0.7863248,2.042045,12.425024
24284,0,2,1,0.47863248,0.7692308,2.042045,12.392378
24284,0,3,0,0.974359,0.82905984,0.3763036,1.7096022
24284,0,3,0.25,0.96581197,0.8119658,0.3763036,1.6802366
24284,0,3,0.5,0.982906,0.8034188,0.37630355,1.6686128
24284,0,3,0.75,1,0.8632479,0.37630373,1.7090124
24284,0,3,1,0.974359,0.85470086,0.37630358,1.7228365
24285,0,1,0,0.94017094,0.3846154,0.3922028,5.08896
24285,0,1,0.25,0.94871795,0.37606838,0.3922028,5.1608696
24285,0,1,0.5,0.8974359,0.37606838,0.3922028,5.41527
24285,0,1,0.75,0.9145299,0.4017094,0.3922028,5.6264915
24285,0,1,1,0.8803419,0.42735043,0.3922028,6.532214
24285,0,2,0,0.6666667,0.7692308,2.1274626,23.166393
24285,0,2,0.25,0.61538464,0.74358976,2.1274626,26.024385
24285,0,2,0.5,0.52991456,0.6495727,2.1274626,29.610817
24285,0,2,0.75,0.45299146,0.6495727,2.1274626,33.908905
24285,0,2,1,0.42735043,0.5555556,2.1274626,39.979267
24285,0,3,0,0.8974359,0.5811966,0.6556827,8.356716
24285,0,3,0.25,0.9230769,0.5811966,0.6556827,8.435526
24285,0,3,0.5,0.8803419,0.50427353,0.6556827,9.086479
24285,0,3,0.75,0.8717949,0.46153846,0.6556827,9.883463
24285,0,3,1,0.82905984,0.42735043,0.6556827,11.148976
24286,0,1,0,0.9230769,0.4017094,0.7564258,6.0708604
24286,0,1,0.25,0.94017094,0.4017094,0.7564254,5.9233375
24286,0,1,0.5,0.94871795,0.3931624,0.7564258,5.7209244
24286,0,1,0.75,0.94871795,0.37606838,0.7564267,5.437936
24286,0,1,1,0.9230769,0.36752138,0.7564258,5.294964
24286,0,2,0,0.95726496,0.44444445,0.675477,8.502268
24286,0,2,0.25,1,0.43589744,0.675477,8.404776
24286,0,2,0.5,1,0.44444445,0.6754779,8.141512
24286,0,2,0.75,0.991453,0.41025642,0.67547876,7.7720566
24286,0,2,1,0.974359,0.4017094,0.675477,7.715421
24286,0,3,0,0.63247865,0.974359,0.25444284,3.234189
24286,0,3,0.25,0.6666667,0.991453,0.2544429,3.1955726
24286,0,3,0.5,0.63247865,1,0.25444257,3.1108742
24286,0,3,0.75,0.64102566,1,0.2544421,3.130704
24286,0,3,1,0.62393165,0.991453,0.25444284,3.1593099
24287,0,1,0,0.9145299,0.75213677,0.46308762,6.2388697
24287,0,1,0.25,0.9145299,0.7606838,0.46308792,6.2206864
24287,0,1,0.5,0.9059829,0.7777778,0.46308735,6.2119417
24287,0,1,0.75,0.9059829,0.75213677,0.46308792,6.11155
24287,0,1,1,0.8974359,0.74358976,0.46308762,6.0597134
24287,0,2,0,0.75213677,0.7777778,0.90617436,13.839634
24287,0,2,0.25,0.7606838,0.7606838,0.90617436,13.9675255
24287,0,2,0.5,0.7692308,0.7863248,0.906174,14.341713
24287,0,2,0.75,0.75213677,0.7863248,0.90617466,14.472563
24287,0,2,1,0.74358976,0.7863248,0.90617436,14.729715
24287,0,3,0,0.71794873,0.85470086,0.49077937,7.5033646
24287,0,3,0.25,0.72649574,0.85470086,0.4907786,7.6950984
24287,0,3,0.5,0.75213677,0.8717949,0.49078014,7.943125
24287,0,3,0.75,0.7606838,0.8717949,0.49077937,7.9247093
24287,0,3,1,0.74358976,0.8803419,0.49077937,7.9604096
24288,0,1,0,0.7692308,0.974359,0.28973386,1.6363213
24288,0,1,0.25,0.8034188,0.982906,0.28973386,1.7632504
24288,0,1,0.5,0.7948718,0.95726496,0.28973386,1.8562276
24288,0,1,0.75,0.7692308,0.95726496,0.28973386,1.96599
24288,0,1,1,0.7692308,0.94871795,0.28973386,2.1415133
24288,0,2,0,0.94871795,0.5470086,0.4879212,2.9432182
24288,0,2,0.25,0.982906,0.52991456,0.48792145,2.9843528
24288,0,2,0.5,0.95726496,0.52991456,0.48792124,3.1359582
24288,0,2,0.75,0.9230769,0.4871795,0.48792124,3.3021479
24288,0,2,1,0.9230769,0.47008547,0.48792124,3.2408175
24288,0,3,0,0.96581197,0.74358976,0.73573434,3.1092682
24288,0,3,0.25,0.982906,0.72649574,0.7357349,3.2924492
24288,0,3,0.5,0.991453,0.74358976,0.73573434,3.4827108
24288,0,3,0.75,1,0.73504275,0.7357349,3.6915662
24288,0,3,1,1,0.71794873,0.7357347,3.875752
24289,0,1,0,0.991453,0.72649574,0.3405073,3.739987
24289,0,1,0.25,0.974359,0.7863248,0.34050745,3.8163285
24289,0,1,0.5,0.982906,0.7948718,0.3405074,3.7885158
24289,0,1,0.75,0.94871795,0.8034188,0.34050745,3.4907842
24289,0,1,1,0.982906,0.7606838,0.3405074,3.6087093
24289,0,2,0,0.7692308,0.85470086,1.2210642,9.900791
24289,0,2,0.25,0.73504275,0.7948718,1.2210641,11.032842
24289,0,2,0.5,0.73504275,0.7094017,1.2210642,11.091504
24289,0,2,0.75,0.7777778,0.7094017,1.221064,13.471195
24289,0,2,1,0.7692308,0.5897436,1.2210642,15.911925
24289,0,3,0,0.6495727,0.991453,0.35523924,1.8323805
24289,0,3,0.25,0.63247865,0.974359,0.355239,2.2336009
24289,0,3,0.5,0.63247865,0.94871795,0.35523912,1.9444062
24289,0,3,0.75,0.6581197,0.991453,0.35523912,2.4006677
24289,0,3,1,0.6923077,0.94871795,0.35523912,2.980523
24290,0,1,0,0.36752138,0.991453,0.37511984,6.0333166
24290,0,1,0.25,0.37606838,0.991453,0.37511984,6.6468906
24290,0,1,0.5,0.36752138,0.8717949,0.37511984,6.6434
24290,0,1,0.75,0.3846154,0.9230769,0.37511984,6.285554
24290,0,1,1,0.41880342,0.94871795,0.37511984,5.38046
24290,0,2,0,0.94017094,0.61538464,0.4512806,7.0271435
24290,0,2,0.25,0.94017094,0.6923077,0.45128062,7.309367
24290,0,2,0.5,0.9230769,0.7948718,0.45128068,7.558139
24290,0,2,0.75,0.85470086,0.7777778,0.4512805,6.6480117
24290,0,2,1,0.8974359,0.82051283,0.4512805,6.433195
24290,0,3,0,0.7948718,0.84615386,0.3149434,4.700648
24290,0,3,0.25,0.74358976,0.8803419,0.3149434,4.6632967
24290,0,3,0.5,0.74358976,0.8974359,0.31494346,4.6413336
24290,0,3,0.75,0.7606838,0.8974359,0.31494337,4.1117735
24290,0,3,1,0.75213677,0.94017094,0.31494337,3.4090471
24291,0,1,0,0.93162394,0.5641026,0.6247064,6.490292
24291,0,1,0.25,0.96581197,0.5897436,0.6247066,6.6076984
24291,0,1,0.5,1,0.60683763,0.62470615,6.846142
24291,0,1,0.75,0.95726496,0.63247865,0.6247064,6.4878635
24291,0,1,1,0.9230769,0.6666667,0.62470615,7.356447
24291,0,2,0,0.9230769,0.5641026,0.7573037,4.3621106
24291,0,2,0.25,0.94871795,0.5811966,0.7573037,4.423622
24291,0,2,0.5,0.9230769,0.60683763,0.7573037,4.6038117
24291,0,2,0.75,0.95726496,0.5811966,0.75730413,4.324024
24291,0,2,1,0.9230769,0.61538464,0.75730383,4.7616587
24291,0,3,0,0.7008547,0.95726496,0.33531716,3.584659
24291,0,3,0.25,0.6837607,0.96581197,0.33531737,3.5071354
24291,0,3,0.5,0.7094017,0.96581197,0.33531693,3.5171278
24291,0,3,0.75,0.6923077,0.95726496,0.33531716,3.2773952
24291,0,3,1,0.64102566,0.94017094,0.33531693,3.4103167
24292,0,1,0,0.9230769,0.7863248,0.44573706,5.865701
24292,0,1,0.25,1,0.7777778,0.445737,5.8315325
24292,0,1,0.5,0.974359,0.8034188,0.44573706,5.857377
24292,0,1,0.75,1,0.85470086,0.4457371,5.818827
24292,0,1,1,0.95726496,0.8888889,0.44573706,5.734159
24292,0,2,0,0.6666667,0.94871795,0.53108245,8.601524
24292,0,2,0.25,0.7008547,0.9230769,0.5310826,8.62985
24292,0,2,0.5,0.73504275,0.9230769,0.5310827,8.653944
24292,0,2,0.75,0.71794873,0.94017094,0.53108245,8.701689
24292,0,2,1,0.6837607,0.94017094,0.5310826,8.68761
24292,0,3,0,0.73504275,0.6752137,0.82322896,15.182528
24292,0,3,0.25,0.74358976,0.6581197,0.8232291,15.232613
24292,0,3,0.5,0.8119658,0.62393165,0.82322913,15.196709
24292,0,3,0.75,0.7948718,0.5897436,0.82322913,15.264657
24292,0,3,1,0.7777778,0.5726496,0.8232291,15.09956
24293,0,1,0,0.83760685,0.8119658,0.3664165,3.927966
24293,0,1,0.25,0.84615386,0.8632479,0.3664165,4.3144827
24293,0,1,0.5,0.84615386,0.84615386,0.3664165,5.2254186
24293,0,1,0.75,0.8717949,0.8632479,0.36641696,4.757267
24293,0,1,1,0.8803419,0.9059829,0.3664165,3.8048275
24293,0,2,0,0.9145299,0.3931624,0.6976376,2.336357
24293,0,2,0.25,0.991453,0.3931624,0.6976376,2.6476812
24293,0,2,0.5,1,0.3846154,0.69763756,2.8554153
24293,0,2,0.75,0.94871795,0.3846154,0.6976376,3.4220738
24293,0,2,1,0.982906,0.4017094,0.6976376,3.800221
24293,0,3,0,0.94017094,0.35897437,0.8609824,5.980644
24293,0,3,0.25,0.8717949,0.36752138,0.8609825,6.6108723
24293,0,3,0.5,0.85470086,0.35042736,0.8609824,6.491802
24293,0,3,0.75,0.83760685,0.4017094,0.8609823,5.8747735
24293,0,3,1,0.8803419,0.46153846,0.8609824,7.3547916
24294,0,1,0,0.94871795,0.73504275,0.29360998,3.1716127
24294,0,1,0.25,0.974359,0.7606838,0.29360995,3.10647
24294,0,1,0.5,0.974359,0.7948718,0.29360998,3.2097428
24294,0,1,0.75,0.974359,0.8034188,0.29361,3.2559943
24294,0,1,1,0.9230769,0.8034188,0.29360998,3.1681972
24294,0,2,0,0.96581197,0.6752137,0.42305955,3.6097913
24294,0,2,0.25,0.94017094,0.6495727,0.42305955,3.5489812
24294,0,2,0.5,0.94017094,0.6752137,0.42305964,3.6866121
24294,0,2,0.75,0.96581197,0.63247865,0.42305964,3.6597729
24294,0,2,1,0.94017094,0.60683763,0.42305946,3.577362
24294,0,3,0,0.94017094,0.8888889,0.4400798,7.4751134
24294,0,3,0.25,0.974359,0.82905984,0.44007996,7.649024
24294,0,3,0.5,0.95726496,0.82905984,0.44007987,7.8221803
24294,0,3,0.75,0.93162394,0.82051283,0.44007975,8.06909
24294,0,3,1,0.9230769,0.7948718,0.4400798,7.9694996
24295,0,1,0,0.9230769,0.7606838,0.59117216,9.260524
24295,0,1,0.25,0.8803419,0.7863248,0.59117204,9.657574
24295,0,1,0.5,0.84615386,0.9145299,0.59117216,9.336893
24295,0,1,0.75,0.82905984,0.94017094,0.59117204,8.513231
24295,0,1,1,0.8803419,0.991453,0.59117204,7.515354
24295,0,2,0,0.982906,0.64102566,0.43751377,7.083848
24295,0,2,0.25,0.96581197,0.71794873,0.43751392,7.2941275
24295,0,2,0.5,0.9230769,0.8034188,0.43751383,7.6728473
24295,0,2,0.75,0.9145299,0.82905984,0.43751386,6.5175953
24295,0,2,1,0.8717949,0.85470086,0.43751392,6.4513807
24295,0,3,0,0.8119658,0.94017094,0.56582767,8.303869
24295,0,3,0.25,0.7863248,0.82905984,0.5658276,7.7490435
24295,0,3,0.5,0.82905984,0.8119658,0.5658274,8.368549
24295,0,3,0.75,0.8803419,0.8034188,0.5658276,8.764655
24295,0,3,1,0.84615386,0.7863248,0.5658276,8.236547
24296,0,1,0,0.8717949,0.94017094,0.3338324,3.3172064
24296,0,1,0.25,0.9230769,0.9230769,0.33383262,3.499836
24296,0,1,0.5,0.94871795,0.93162394,0.33383238,3.502933
24296,0,1,0.75,0.96581197,0.9059829,0.33383238,3.406752
24296,0,1,1,0.9145299,0.84615386,0.3338324,3.9102287
24296,0,2,0,0.9059829,0.8717949,0.9120596,3.4914987
24296,0,2,0.25,0.9145299,0.8632479,0.9120598,3.8982472
24296,0,2,0.5,0.8974359,0.82905984,0.91205966,4.317357
24296,0,2,0.75,0.8888889,0.84615386,0.9120595,4.8119364
24296,0,2,1,0.8803419,0.7606838,0.9120596,5.3619623
24296,0,3,0,0.9230769,0.7948718,0.41144368,3.3765554
24296,0,3,0.25,0.95726496,0.82051283,0.41144362,3.3901048
24296,0,3,0.5,0.95726496,0.84615386,0.41144368,3.1743188
24296,0,3,0.75,0.991453,0.8632479,0.41144365,2.806817
24296,0,3,1,0.93162394,0.8717949,0.41144368,3.4025178
24297,0,1,0,1,0.7863248,0.2844812,3.0027475
24297,0,1,0.25,0.94017094,0.7606838,0.2844812,3.3473592
24297,0,1,0.5,0.982906,0.7777778,0.2844812,3.51031
24297,0,1,0.75,0.991453,0.8034188,0.28448117,3.779121
24297,0,1,1,0.982906,0.7777778,0.2844812,3.771781
24297,0,2,0,0.41880342,0.94017094,0.33684775,3.731451
24297,0,2,0.25,0.41025642,0.991453,0.33684775,3.6947072
24297,0,2,0.5,0.44444445,0.974359,0.33684775,3.7224731
24297,0,2,0.75,0.43589744,0.991453,0.3368478,3.7954779
24297,0,2,1,0.45299146,0.991453,0.33684778,4.0223923
24297,0,3,0,0.47008547,0.9059829,1.1058391,13.417944
24297,0,3,0.25,0.51282054,0.8888889,1.1058393,14.361688
24297,0,3,0.5,0.52991456,0.8632479,1.1058391,15.319927
24297,0,3,0.75,0.5811966,0.8974359,1.1058391,17.185057
24297,0,3,1,0.5982906,0.8888889,1.1058391,18.73099
24298,0,1,0,0.5897436,0.96581197,0.45853063,4.1192856
24298,0,1,0.25,0.5897436,0.974359,0.45853063,4.0714855
24298,0,1,0.5,0.5897436,0.982906,0.45853063,4.028576
24298,0,1,0.75,0.5897436,1,0.45853046,3.9685774
24298,0,1,1,0.5641026,0.991453,0.4585307,3.9106023
24298,0,2,0,0.974359,0.6581197,0.64740425,6.0621786
24298,0,2,0.25,0.96581197,0.6581197,0.64740425,6.087719
24298,0,2,0.5,0.96581197,0.6495727,0.6474042,6.1632547
24298,0,2,0.75,0.974359,0.6581197,0.64740425,6.2363377
24298,0,2,1,0.974359,0.6666667,0.64740425,6.3332376
24298,0,3,0,0.95726496,0.82051283,0.37262914,2.4567628
24298,0,3,0.25,0.96581197,0.83760685,0.37262914,2.4688306
24298,0,3,0.5,0.96581197,0.83760685,0.37262914,2.499106
24298,0,3,0.75,0.96581197,0.83760685,0.3726292,2.5196567
24298,0,3,1,0.95726496,0.82905984,0.37262914,2.558808
24299,0,1,0,0.991453,0.4957265,0.7987248,4.028224
24299,0,1,0.25,0.96581197,0.47008547,0.79872495,3.972126
24299,0,1,0.5,0.96581197,0.47008547,0.79872495,4.3135185
24299,0,1,0.75,0.982906,0.44444445,0.798725,4.6438465
24299,0,1,1,0.96581197,0.4017094,0.7987247,5.062275
24299,0,2,0,0.982906,0.8119658,0.29214442,2.735117
24299,0,2,0.25,0.95726496,0.8632479,0.29214466,2.6231222
24299,0,2,0.5,0.94871795,0.84615386,0.29214466,2.4074974
24299,0,2,0.75,0.93162394,0.8803419,0.29214466,2.1283963
24299,0,2,1,0.93162394,0.8717949,0.29214466,1.7956522
24299,0,3,0,0.75213677,0.6666667,1.7385308,13.72221
24299,0,3,0.25,0.6923077,0.8034188,1.7385306,11.5365925
24299,0,3,0.5,0.6923077,0.85470086,1.7385309,10.539585
24299,0,3,0.75,0.60683763,0.8888889,1.738531,10.201816
24299,0,3,1,0.6581197,0.991453,1.7385306,10.48874
24300,0,1,0,0.6495727,0.94017094,0.59581345,9.711725
24300,0,1,0.25,0.51282054,0.9230769,0.5958135,9.199026
24300,0,1,0.5,0.3931624,0.94871795,0.59581345,7.535637
24300,0,1,0.75,0.43589744,0.94017094,0.59581363,6.8337946
24300,0,1,1,0.3931624,0.7606838,0.5958135,6.4281473
24300,0,2,0,0.62393165,0.94871795,0.3605524,6.171365
24300,0,2,0.25,0.5641026,0.974359,0.3605525,6.209547
24300,0,2,0.5,0.4871795,0.96581197,0.3605524,5.3679104
24300,0,2,0.75,0.47008547,0.93162394,0.3605526,4.794868
24300,0,2,1,0.4017094,0.8717949,0.3605524,4.357079
24300,0,3,0,0.47863248,0.93162394,0.4212093,5.8725805
24300,0,3,0.25,0.5555556,0.94017094,0.4212093,5.527857
24300,0,3,0.5,0.53846157,0.974359,0.4212093,5.1427
24300,0,3,0.75,0.5897436,0.96581197,0.42120937,5.8980436
24300,0,3,1,0.45299146,0.9145299,0.4212093,5.2328176
24301,0,1,0,0.982906,0.42735043,0.34105322,3.474731
24301,0,1,0.25,0.974359,0.44444445,0.34105298,3.4319491
24301,0,1,0.5,0.95726496,0.43589744,0.3410532,3.4460254
24301,0,1,0.75,0.991453,0.43589744,0.3410532,3.583734
24301,0,1,1,0.982906,0.42735043,0.34105295,3.5866084
24301,0,2,0,0.42735043,0.982906,0.6779316,6.632312
24301,0,2,0.25,0.41880342,0.991453,0.6779316,6.694637
24301,0,2,0.5,0.43589744,0.974359,0.6779316,6.83698
24301,0,2,0.75,0.42735043,0.982906,0.6779314,6.8432713
24301,0,2,1,0.42735043,0.974359,0.6779316,6.8644114
24301,0,3,0,0.83760685,0.83760685,0.69289064,6.955168
24301,0,3,0.25,0.82905984,0.8717949,0.6928905,7.0731325
24301,0,3,0.5,0.82905984,0.8803419,0.69289047,7.1556473
24301,0,3,0.75,0.82051283,0.8803419,0.69289064,7.301423
24301,0,3,1,0.82905984,0.8803419,0.69289064,7.350259
24302,0,1,0,0.5641026,0.94017094,0.3028568,2.1420774
24302,0,1,0.25,0.5470086,0.8803419,0.3028569,2.1216192
24302,0,1,0.5,0.5897436,0.982906,0.3028566,2.3485794
24302,0,1,0.75,0.5811966,0.9230769,0.30285677,2.8351827
24302,0,1,1,0.52991456,0.9145299,0.3028568,3.4319155
24302,0,2,0,0.7777778,0.8119658,0.6879776,6.7625313
24302,0,2,0.25,0.7606838,0.7863248,0.6879776,7.450706
24302,0,2,0.5,0.5982906,0.75213677,0.6879776,6.241399
24302,0,2,0.75,0.5982906,0.7863248,0.6879777,6.5875626
24302,0,2,1,0.5555556,0.71794873,0.6879777,7.585321
24302,0,3,0,1,0.82051283,0.26225504,1.2946899
24302,0,3,0.25,0.96581197,0.82051283,0.26225504,1.4364939
24302,0,3,0.5,0.96581197,0.82051283,0.26225504,1.3509877
24302,0,3,0.75,0.93162394,0.7948718,0.26225471,1.4559989
24302,0,3,1,0.9145299,0.8034188,0.26225504,1.8566312
24303,0,1,0,0.5726496,1,0.32006449,2.7115967
24303,0,1,0.25,0.51282054,0.9145299,0.32006449,2.8712964
24303,0,1,0.5,0.52136755,0.95726496,0.32006449,3.145176
24303,0,1,0.75,0.4957265,0.93162394,0.32006449,3.3455899
24303,0,1,1,0.4871795,0.96581197,0.32006449,3.3410819
24303,0,2,0,0.9145299,0.83760685,0.5203917,6.920038
24303,0,2,0.25,0.8717949,0.8632479,0.52039194,6.8961334
24303,0,2,0.5,0.7777778,0.94017094,0.5203917,6.449838
24303,0,2,0.75,0.8034188,0.94871795,0.5203918,6.3923607
24303,0,2,1,0.74358976,0.94871795,0.5203918,5.993718
24303,0,3,0,0.8888889,0.42735043,0.7104251,7.1942325
24303,0,3,0.25,0.9145299,0.44444445,0.7104251,6.396014
24303,0,3,0.5,0.93162394,0.45299146,0.7104251,5.6537056
24303,0,3,0.75,0.9145299,0.47863248,0.7104251,5.322515
24303,0,3,1,0.9145299,0.50427353,0.7104251,5.7440786
24304,0,1,0,0.5811966,0.991453,0.3769845,5.73955
24304,0,1,0.25,0.5470086,0.96581197,0.37698448,5.88411
24304,0,1,0.5,0.51282054,0.95726496,0.37698448,5.9032507
24304,0,1,0.75,0.4957265,0.974359,0.37698448,5.6040316
24304,0,1,1,0.51282054,0.96581197,0.37698448,5.3873816
24304,0,2,0,1,0.6666667,0.29387894,3.4047518
24304,0,2,0.25,0.982906,0.64102566,0.29387888,3.2208612
24304,0,2,0.5,0.982906,0.60683763,0.2938791,3.1163297
24304,0,2,0.75,0.982906,0.60683763,0.2938791,3.1252158
24304,0,2,1,1,0.63247865,0.2938791,3.4611511
24304,0,3,0,0.8974359,0.6923077,0.46186802,4.7296515
24304,0,3,0.25,0.85470086,0.6923077,0.46186808,4.9294133
24304,0,3,0.5,0.8632479,0.7008547,0.461868,5.1923995
24304,0,3,0.75,0.85470086,0.7692308,0.461868,5.708663
24304,0,3,1,0.8974359,0.7863248,0.461868,6.587006
24305,0,1,0,0.5641026,0.982906,0.32061422,4.2078404
24305,0,1,0.25,0.5726496,0.991453,0.32061464,4.2102747
24305,0,1,0.5,0.5726496,0.991453,0.32061422,4.210961
24305,0,1,0.75,0.5811966,0.982906,0.3206138,4.215154
24305,0,1,1,0.5897436,0.991453,0.32061422,4.1532273
24305,0,2,0,0.41025642,0.96581197,0.67329943,8.330925
24305,0,2,0.25,0.41025642,0.982906,0.67329985,8.302163
24305,0,2,0.5,0.42735043,0.982906,0.6732998,8.414685
24305,0,2,0.75,0.44444445,0.982906,0.6732994,8.441294
24305,0,2,1,0.44444445,0.982906,0.67329943,8.448703
24305,0,3,0,0.982906,0.5811966,0.5018882,7.3499527
24305,0,3,0.25,0.982906,0.5982906,0.5018879,7.382948
24305,0,3,0.5,0.982906,0.5897436,0.5018879,7.3195534
24305,0,3,0.75,1,0.5811966,0.5018882,7.241253
24305,0,3,1,0.991453,0.5897436,0.5018882,7.1874185
24306,0,1,0,0.4957265,0.73504275,0.3349448,7.921344
24306,0,1,0.25,0.60683763,0.8803419,0.3349448,6.890911
24306,0,1,0.5,0.7008547,0.9059829,0.3349448,4.2188554
24306,0,1,0.75,0.72649574,0.982906,0.3349448,2.5978117
24306,0,1,1,0.6495727,0.991453,0.3349448,1.671078
24306,0,2,0,0.61538464,0.7777778,0.25821272,3.6539977
24306,0,2,0.25,0.6837607,0.8888889,0.25821227,2.3575387
24306,0,2,0.5,0.7606838,0.93162394,0.25821272,2.3357856
24306,0,2,0.75,0.8803419,0.982906,0.25821322,2.8116555
24306,0,2,1,0.9230769,0.9145299,0.25821272,3.1542733
24306,0,3,0,0.75213677,0.50427353,0.5069875,9.705223
24306,0,3,0.25,0.8717949,0.6666667,0.5069877,11.420319
24306,0,3,0.5,0.8717949,0.7777778,0.5069876,8.240454
24306,0,3,0.75,0.8803419,0.8632479,0.5069875,5.077221
24306,0,3,1,0.9145299,0.9145299,0.5069876,2.892949
24307,0,1,0,0.82905984,0.61538464,0.38266018,5.506888
24307,0,1,0.25,0.9059829,0.6581197,0.38266018,4.241662
24307,0,1,0.5,0.93162394,0.6752137,0.38266018,3.6675727
24307,0,1,0.75,0.9059829,0.64102566,0.38266018,3.2612357
24307,0,1,1,0.95726496,0.63247865,0.38266018,2.992297
24307,0,2,0,0.72649574,0.8974359,0.5812501,2.5765235
24307,0,2,0.25,0.74358976,0.8803419,0.58124983,1.9712081
24307,0,2,0.5,0.6837607,0.93162394,0.5812501,1.727171
24307,0,2,0.75,0.6752137,0.95726496,0.5812501,1.5465631
24307,0,2,1,0.6752137,0.95726496,0.5812501,1.4064159
24307,0,3,0,0.5811966,0.7606838,0.6068526,6.308834
24307,0,3,0.25,0.6581197,0.7863248,0.6068526,4.8287096
24307,0,3,0.5,0.7008547,0.8632479,0.60685235,3.7383626
24307,0,3,0.75,0.74358976,0.84615386,0.60685235,3.1607037
24307,0,3,1,0.7777778,0.8974359,0.60685235,2.904086
24308,0,1,0,0.83760685,0.6581197,0.25255004,4.4916925
24308,0,1,0.25,0.82905984,0.6495727,0.25255004,4.7730255
24308,0,1,0.5,0.7863248,0.7094017,0.25255004,4.8429775
24308,0,1,0.75,0.7948718,0.75213677,0.25254998,4.550502
24308,0,1,1,0.8034188,0.7863248,0.25255004,4.2541027
24308,0,2,0,0.74358976,0.95726496,0.34476346,6.240019
24308,0,2,0.25,0.75213677,0.9145299,0.34476343,6.556758
24308,0,2,0.5,0.6495727,0.94871795,0.34476346,6.4976006
24308,0,2,0.75,0.5726496,0.93162394,0.34476346,5.9138937
24308,0,2,1,0.5641026,0.982906,0.34476346,5.087694
24308,0,3,0,0.8632479,0.7948718,0.5041316,9.07391
24308,0,3,0.25,0.7948718,0.75213677,0.5041316,9.617432
24308,0,3,0.5,0.74358976,0.7948718,0.5041316,10.001506
24308,0,3,0.75,0.6666667,0.84615386,0.5041316,9.236014
24308,0,3,1,0.63247865,0.8974359,0.5041316,8.495607
24309,0,1,0,0.974359,0.9059829,0.43037716,4.9511747
24309,0,1,0.25,0.96581197,0.974359,0.4303772,5.025034
24309,0,1,0.5,0.8974359,0.9230769,0.43037716,5.3765564
24309,0,1,0.75,0.8034188,0.8717949,0.43037692,5.730028
24309,0,1,1,0.7692308,0.85470086,0.43037716,6.036033
24309,0,2,0,0.41025642,1,0.40946785,5.7402267
24309,0,2,0.25,0.46153846,0.991453,0.40946805,6.240651
24309,0,2,0.5,0.52991456,0.974359,0.4094678,6.5750237
24309,0,2,0.75,0.5470086,0.974359,0.40946814,6.764543
24309,0,2,1,0.5555556,0.94871795,0.40946797,6.939251
24309,0,3,0,0.36752138,0.96581197,1.7221162,24.256718
24309,0,3,0.25,0.45299146,0.8888889,1.7221162,27.5316
24309,0,3,0.5,0.4957265,0.73504275,1.7221162,30.118431
24309,0,3,0.75,0.52136755,0.61538464,1.7221161,32.180984
24309,0,3,1,0.52136755,0.51282054,1.7221161,33.480076
24310,0,1,0,0.71794873,0.94017094,0.43993732,3.6030245
24310,0,1,0.25,0.63247865,0.8632479,0.43993723,6.005101
24310,0,1,0.5,0.51282054,0.7948718,0.43993723,10.888145
24310,0,1,0.75,0.42735043,0.9230769,0.43993738,8.078905
24310,0,1,1,0.36752138,0.93162394,0.43993723,5.3379793
24310,0,2,0,0.8974359,0.8888889,0.2871514,4.2253737
24310,0,2,0.25,0.8717949,0.82905984,0.2871515,4.2782493
24310,0,2,0.5,0.974359,0.7777778,0.28715128,3.2442393
24310,0,2,0.75,0.96581197,0.7948718,0.2871515,2.2865853
24310,0,2,1,0.95726496,0.7863248,0.2871514,2.2616098
24310,0,3,0,0.4017094,0.63247865,1.4580514,15.371767
24310,0,3,0.25,0.52136755,0.72649574,1.4580518,11.694968
24310,0,3,0.5,0.64102566,0.75213677,1.4580514,8.877808
24310,0,3,0.75,0.64102566,0.7948718,1.4580514,7.9265714
24310,0,3,1,0.62393165,0.8717949,1.4580514,9.381781
24311,0,1,0,0.84615386,0.8803419,0.49607518,6.9251747
24311,0,1,0.25,0.8803419,0.8717949,0.49607515,6.0101485
24311,0,1,0.5,0.974359,0.82905984,0.49607518,5.751756
24311,0,1,0.75,1,0.82051283,0.49607518,5.3772774
24311,0,1,1,0.96581197,0.7948718,0.49607518,5.0593367
24311,0,2,0,0.52991456,0.974359,0.80610806,7.5429173
24311,0,2,0.25,0.5726496,0.991453,0.80610806,6.115252
24311,0,2,0.5,0.5897436,0.94017094,0.8061081,5.6481433
24311,0,2,0.75,0.64102566,0.974359,0.8061082,5.6661563
24311,0,2,1,0.6752137,0.991453,0.8061082,5.980485
24311,0,3,0,0.85470086,0.991453,0.29556966,4.967019
24311,0,3,0.25,0.9059829,0.974359,0.29556966,3.8688502
24311,0,3,0.5,0.93162394,0.94017094,0.29556966,3.4636881
24311,0,3,0.75,0.94017094,0.95726496,0.29556972,3.1289713
24311,0,3,1,0.94017094,0.9145299,0.29556966,2.85147
24312,0,1,0,1,0.42735043,0.32857746,3.0567014
24312,0,1,0.25,0.96581197,0.44444445,0.3285775,2.9395156
24312,0,1,0.5,0.982906,0.45299146,0.32857746,2.6823134
24312,0,1,0.75,0.96581197,0.43589744,0.32857725,2.715363
24312,0,1,1,1,0.4017094,0.3285775,2.4980116
24312,0,2,0,0.63247865,0.982906,0.4404043,3.828537
24312,0,2,0.25,0.5982906,0.96581197,0.44040433,3.6126235
24312,0,2,0.5,0.61538464,0.974359,0.4404043,3.4925752
24312,0,2,0.75,0.5897436,0.991453,0.44040436,3.209615
24312,0,2,1,0.62393165,0.991453,0.44040436,2.9612393
24312,0,3,0,0.94017094,0.982906,0.42646742,3.4942052
24312,0,3,0.25,0.9145299,0.991453,0.42646718,3.2313845
24312,0,3,0.5,0.94017094,0.974359,0.42646766,3.0048523
24312,0,3,0.75,0.93162394,0.974359,0.42646724,2.9404
24312,0,3,1,0.95726496,0.982906,0.42646745,2.774336
24313,0,1,0,0.7777778,0.7692308,0.7770235,10.3676605
24313,0,1,0.25,0.7008547,0.7777778,0.7770235,10.729404
24313,0,1,0.5,0.5897436,0.75213677,0.7770235,10.935916
24313,0,1,0.75,0.53846157,0.73504275,0.77702355,11.278229
24313,0,1,1,0.47863248,0.7606838,0.7770235,9.609227
24313,0,2,0,0.5726496,0.94017094,0.56937313,3.8202543
24313,0,2,0.25,0.5641026,0.94871795,0.56937295,3.9578109
24313,0,2,0.5,0.52991456,0.93162394,0.56937313,4.43247
24313,0,2,0.75,0.5726496,0.9059829,0.56937337,6.2782817
24313,0,2,1,0.5641026,0.93162394,0.56937313,7.4909744
24313,0,3,0,1,0.45299146,0.34041914,2.154405
24313,0,3,0.25,0.991453,0.47863248,0.34041914,2.6534214
24313,0,3,0.5,0.94871795,0.47008547,0.34041917,3.4463606
24313,0,3,0.75,0.94871795,0.42735043,0.34041917,4.044545
24313,0,3,1,0.974359,0.4871795,0.34041917,4.309963
24314,0,1,0,0.6495727,0.96581197,0.50757986,5.7717586
24314,0,1,0.25,0.7777778,0.974359,0.50758004,4.7293253
24314,0,1,0.5,0.9059829,0.982906,0.50757986,4.755645
24314,0,1,0.75,0.8974359,0.991453,0.50757986,5.089128
24314,0,1,1,0.75213677,0.974359,0.5075799,5.323004
24314,0,2,0,0.8717949,0.7863248,0.70572495,8.788039
24314,0,2,0.25,0.974359,0.71794873,0.7057252,9.386494
24314,0,2,0.5,0.974359,0.53846157,0.70572495,9.311167
24314,0,2,0.75,0.95726496,0.43589744,0.70572495,8.570208
24314,0,2,1,0.94017094,0.41025642,0.70572495,8.367166
24314,0,3,0,0.8888889,0.93162394,0.73181206,8.251569
24314,0,3,0.25,0.94871795,0.82905984,0.73181224,6.9374437
24314,0,3,0.5,0.9230769,0.72649574,0.73181206,7.4274807
24314,0,3,0.75,0.9145299,0.71794873,0.73181206,8.382763
24314,0,3,1,0.7606838,0.75213677,0.73181206,8.88258
24315,0,1,0,1,0.73504275,0.3263508,2.6493683
24315,0,1,0.25,0.982906,0.74358976,0.32635102,2.7201536
24315,0,1,0.5,0.982906,0.74358976,0.32635102,2.7571478
24315,0,1,0.75,0.991453,0.74358976,0.32635105,2.7589788
24315,0,1,1,0.974359,0.7094017,0.3263508,2.815294
24315,0,2,0,1,0.5555556,0.43306467,4.372032
24315,0,2,0.25,1,0.5726496,0.43306458,4.4466257
24315,0,2,0.5,1,0.5897436,0.43306467,4.655552
24315,0,2,0.75,1,0.60683763,0.43306446,4.754209
24315,0,2,1,1,0.5982906,0.43306464,4.818898
24315,0,3,0,0.95726496,0.6837607,0.8287919,8.9897175
24315,0,3,0.25,0.974359,0.6752137,0.828792,9.318466
24315,0,3,0.5,0.974359,0.6923077,0.828792,9.564007
24315,0,3,0.75,0.982906,0.6752137,0.8287919,9.785029
24315,0,3,1,0.95726496,0.6837607,0.8287919,10.08221
24316,0,1,0,0.85470086,1,0.32561386,3.1587892
24316,0,1,0.25,0.8034188,1,0.32561398,3.0647306
24316,0,1,0.5,0.73504275,0.991453,0.32561398,2.9725785
24316,0,1,0.75,0.7008547,1,0.32561398,2.9413886
24316,0,1,1,0.6923077,0.991453,0.325614,2.8941097
24316,0,2,0,0.8888889,0.8119658,0.7611875,8.1691885
24316,0,2,0.25,0.8974359,0.7948718,0.7611875,7.928109
24316,0,2,0.5,0.9230769,0.7606838,0.7611875,7.817809
24316,0,2,0.75,0.94017094,0.7606838,0.7611875,7.6795154
24316,0,2,1,0.95726496,0.71794873,0.7611875,7.3925495
24316,0,3,0,0.51282054,0.991453,0.5322017,5.345641
24316,0,3,0.25,0.53846157,1,0.5322016,5.62615
24316,0,3,0.5,0.5726496,1,0.5322015,5.8581653
24316,0,3,0.75,0.5897436,1,0.53220147,6.0593605
24316,0,3,1,0.5982906,1,0.5322016,6.269826
24317,0,1,0,0.5811966,0.73504275,1.7561945,20.554008
24317,0,1,0.25,0.5641026,0.72649574,1.7561945,20.719921
24317,0,1,0.5,0.5726496,0.72649574,1.7561947,20.179497
24317,0,1,0.75,0.5811966,0.7606838,1.7561945,20.603964
24317,0,1,1,0.5811966,0.7777778,1.7561947,20.839249
24317,0,2,0,0.7094017,0.7777778,0.25121018,5.432233
24317,0,2,0.25,0.75213677,0.7948718,0.2512102,5.3474636
24317,0,2,0.5,0.75213677,0.7948718,0.25121018,5.274167
24317,0,2,0.75,0.7606838,0.7863248,0.2512102,5.181547
24317,0,2,1,0.7692308,0.8034188,0.25121018,5.003607
24317,0,3,0,0.8119658,0.7008547,0.68088156,10.661117
24317,0,3,0.25,0.8119658,0.71794873,0.6808815,10.570329
24317,0,3,0.5,0.82051283,0.6923077,0.68088144,10.414107
24317,0,3,0.75,0.82051283,0.73504275,0.68088144,10.6874275
24317,0,3,1,0.82905984,0.73504275,0.68088144,10.306728
24318,0,1,0,0.9059829,0.45299146,0.57495,4.533778
24318,0,1,0.25,0.94871795,0.43589744,0.5749501,4.3866615
24318,0,1,0.5,0.9145299,0.43589744,0.57495016,4.510993
24318,0,1,0.75,0.8974359,0.43589744,0.57494986,4.624878
24318,0,1,1,0.9059829,0.42735043,0.5749501,4.6425056
24318,0,2,0,0.94871795,0.8803419,0.2691082,1.4756441
24318,0,2,0.25,0.94017094,0.82905984,0.2691082,1.4952682
24318,0,2,0.5,0.94871795,0.83760685,0.2691082,1.528491
24318,0,2,0.75,0.974359,0.8119658,0.2691082,1.5782074
24318,0,2,1,0.93162394,0.84615386,0.26910833,1.5926858
24318,0,3,0,1,0.42735043,0.43215138,1.648392
24318,0,3,0.25,0.982906,0.4017094,0.43215084,1.5886102
24318,0,3,0.5,0.94871795,0.41025642,0.43215135,1.5773666
24318,0,3,0.75,0.974359,0.41880342,0.43215147,1.508292
24318,0,3,1,0.96581197,0.42735043,0.43215132,1.4446852
24319,0,1,0,0.5470086,0.991453,0.2532955,1.5197861
24319,0,1,0.25,0.5811966,0.982906,0.25329503,1.5179938
24319,0,1,0.5,0.5641026,1,0.25329548,1.4434812
24319,0,1,0.75,0.5811966,0.982906,0.25329596,1.4371021
24319,0,1,1,0.5641026,0.991453,0.2532955,1.4681504
24319,0,2,0,0.82051283,0.84615386,2.0102088,11.314195
24319,0,2,0.25,0.84615386,0.82051283,2.0102086,11.282097
24319,0,2,0.5,0.8803419,0.83760685,2.010209,11.0466795
24319,0,2,0.75,0.8717949,0.85470086,2.0102088,10.938555
24319,0,2,1,0.8803419,0.83760685,2.010209,10.754358
24319,0,3,0,0.5555556,0.93162394,0.61853504,4.873989
24319,0,3,0.25,0.5897436,0.94871795,0.61853486,4.8339643
24319,0,3,0.5,0.5897436,0.94017094,0.61853486,4.7210445
24319,0,3,0.75,0.5641026,0.94017094,0.6185352,4.7797103
24319,0,3,1,0.5641026,0.94871795,0.61853504,4.7174616
24320,0,1,0,0.8717949,0.61538464,0.38660198,3.9135227
24320,0,1,0.25,0.96581197,0.62393165,0.38660198,3.753314
24320,0,1,0.5,0.94871795,0.5982906,0.38660222,3.4648042
24320,0,1,0.75,0.95726496,0.62393165,0.38660178,3.3656278
24320,0,1,1,0.982906,0.60683763,0.38660198,3.1920147
24320,0,2,0,0.9059829,0.8119658,0.25194576,2.8734045
24320,0,2,0.25,0.95726496,0.8717949,0.25194588,2.9121242
24320,0,2,0.5,0.93162394,0.9230769,0.25194564,2.8266892
24320,0,2,0.75,0.95726496,0.8888889,0.2519458,2.7953885
24320,0,2,1,0.96581197,0.9145299,0.25194588,2.7359567
24320,0,3,0,0.83760685,0.5641026,0.9918978,11.610819
24320,0,3,0.25,0.8717949,0.60683763,0.99189794,11.706682
24320,0,3,0.5,0.9059829,0.61538464,0.9918977,11.023521
24320,0,3,0.75,0.8974359,0.7008547,0.991898,10.719994
24320,0,3,1,0.94017094,0.72649574,0.99189794,10.61323
24321,0,1,0,0.6581197,1,0.40424109,5.304942
24321,0,1,0.25,0.5897436,1,0.40424109,4.967202
24321,0,1,0.5,0.5726496,0.982906,0.40424109,3.7998602
24321,0,1,0.75,0.5555556,0.982906,0.40424106,3.5271566
24321,0,1,1,0.4871795,0.982906,0.40424106,3.3765993
24321,0,2,0,0.36752138,0.83760685,2.1378226,16.18771
24321,0,2,0.25,0.44444445,0.82905984,2.1378224,23.327059
24321,0,2,0.5,0.62393165,0.7863248,2.1378226,30.519915
24321,0,2,0.75,0.7692308,0.53846157,2.1378226,29.78188
24321,0,2,1,0.7863248,0.36752138,2.1378226,26.029793
24321,0,3,0,0.974359,0.5555556,0.37351018,4.193219
24321,0,3,0.25,1,0.63247865,0.37351018,5.9025083
24321,0,3,0.5,1,0.5897436,0.37351018,5.173519
24321,0,3,0.75,0.982906,0.52991456,0.37351018,5.268281
24321,0,3,1,0.982906,0.43589744,0.37351018,4.9563694
24322,0,1,0,1,0.63247865,0.42943317,3.5468037
24322,0,1,0.25,0.991453,0.64102566,0.4294333,3.3682745
24322,0,1,0.5,1,0.63247865,0.42943305,3.1945398
24322,0,1,0.75,0.974359,0.60683763,0.42943308,3.0427523
24322,0,1,1,0.95726496,0.6495727,0.4294331,3.5000372
24322,0,2,0,0.982906,0.5555556,0.3803511,4.517615
24322,0,2,0.25,0.982906,0.52991456,0.38035128,4.3487754
24322,0,2,0.5,0.95726496,0.44444445,0.3803511,4.0728254
24322,0,2,0.75,0.974359,0.41880342,0.38035092,3.8167884
24322,0,2,1,1,0.43589744,0.3803511,3.994597
24322,0,3,0,0.60683763,0.96581197,1.7284609,15.436568
24322,0,3,0.25,0.63247865,0.96581197,1.7284613,16.73661
24322,0,3,0.5,0.6666667,0.8888889,1.7284609,17.712086
24322,0,3,0.75,0.6923077,0.83760685,1.7284607,18.79741
24322,0,3,1,0.6752137,0.74358976,1.728461,19.813465
24323,0,1,0,0.4871795,0.5641026,2.4913301,30.584255
24323,0,1,0.25,0.4957265,0.5811966,2.4913301,30.146627
24323,0,1,0.5,0.51282054,0.5897436,2.4913301,30.414974
24323,0,1,0.75,0.50427353,0.5897436,2.4913301,29.360556
24323,0,1,1,0.51282054,0.61538464,2.4913304,30.242552
24323,0,2,0,0.7692308,0.5982906,0.8122896,10.690025
24323,0,2,0.25,0.7606838,0.60683763,0.8122897,10.0030985
24323,0,2,0.5,0.7777778,0.64102566,0.8122897,9.6573305
24323,0,2,0.75,0.74358976,0.6581197,0.8122896,9.086809
24323,0,2,1,0.73504275,0.6923077,0.8122897,8.995361
24323,0,3,0,0.7008547,0.95726496,0.30916154,3.435923
24323,0,3,0.25,0.7094017,0.93162394,0.3091616,3.1875677
24323,0,3,0.5,0.72649574,0.95726496,0.3091616,3.1008432
24323,0,3,0.75,0.7094017,0.9145299,0.3091615,2.839539
24323,0,3,1,0.7094017,0.8974359,0.30916154,2.7322636
24324,0,1,0,0.991453,0.8034188,0.57041895,6.3210135
24324,0,1,0.25,0.991453,0.8034188,0.57041913,6.256632
24324,0,1,0.5,0.982906,0.7948718,0.57041854,6.2118864
24324,0,1,0.75,0.96581197,0.7863248,0.5704181,6.1345906
24324,0,1,1,0.982906,0.7948718,0.57041854,6.135247
24324,0,2,0,1,0.82051283,0.40929052,3.5515752
24324,0,2,0.25,0.991453,0.7777778,0.40929002,3.50448
24324,0,2,0.5,0.991453,0.7692308,0.4092902,3.4952297
24324,0,2,0.75,0.982906,0.7777778,0.40929052,3.4690804
24324,0,2,1,1,0.7692308,0.4092902,3.4825048
24324,0,3,0,0.52991456,0.991453,0.2600587,1.7237833
24324,0,3,0.25,0.53846157,0.982906,0.26005903,1.7173176
24324,0,3,0.5,0.52136755,1,0.2600587,1.6859381
24324,0,3,0.75,0.50427353,1,0.26005897,1.6478211
24324,0,3,1,0.51282054,0.991453,0.2600587,1.6533478
24325,0,1,0,0.9230769,0.63247865,1.0583254,4.6192026
24325,0,1,0.25,0.8974359,0.64102566,1.0583253,4.8287067
24325,0,1,0.5,0.9059829,0.62393165,1.0583252,5.6130953
24325,0,1,0.75,0.9145299,0.62393165,1.0583254,6.3864117
24325,0,1,1,0.84615386,0.5811966,1.0583254,6.5851727
24325,0,2,0,0.9059829,0.41880342,1.203961,6.3311844
24325,0,2,0.25,0.8888889,0.41880342,1.203961,6.6184816
24325,0,2,0.5,0.8717949,0.42735043,1.2039609,7.3424263
24325,0,2,0.75,0.9059829,0.4017094,1.2039609,7.7704215
24325,0,2,1,0.85470086,0.3931624,1.203961,7.7980866
24325,0,3,0,0.991453,0.47008547,0.49230078,2.9790795
24325,0,3,0.25,0.94871795,0.50427353,0.49230078,3.1773353
24325,0,3,0.5,0.96581197,0.51282054,0.49230078,3.3744202
24325,0,3,0.75,0.95726496,0.4957265,0.49230066,3.7396073
24325,0,3,1,0.94871795,0.47008547,0.49230072,3.788733
24326,0,1,0,0.5641026,0.974359,0.42087394,4.4216347
24326,0,1,0.25,0.5811966,0.95726496,0.42087445,4.446451
24326,0,1,0.5,0.60683763,0.991453,0.42087394,4.611183
24326,0,1,0.75,0.6495727,0.974359,0.42087346,4.7295713
24326,0,1,1,0.6666667,0.96581197,0.42087394,5.276638
24326,0,2,0,0.9145299,0.6923077,0.527628,7.778471
24326,0,2,0.25,0.9145299,0.63247865,0.5276281,7.4663057
24326,0,2,0.5,0.8803419,0.53846157,0.527628,6.5875
24326,0,2,0.75,0.82051283,0.47008547,0.527628,6.1284866
24326,0,2,1,0.8717949,0.44444445,0.527628,7.0687885
24326,0,3,0,0.93162394,0.8974359,0.6472401,6.593231
24326,0,3,0.25,0.8803419,0.85470086,0.64724004,6.6826754
24326,0,3,0.5,0.8803419,0.82905984,0.6472401,6.8192015
24326,0,3,0.75,0.7777778,0.8717949,0.64724016,7.4437304
24326,0,3,1,0.7863248,0.8717949,0.6472401,8.023831
24327,0,1,0,0.61538464,0.9059829,0.37351286,5.9078712
24327,0,1,0.25,0.5811966,0.9230769,0.37351292,7.0094566
24327,0,1,0.5,0.5897436,0.9145299,0.3735128,6.5725117
24327,0,1,0.75,0.64102566,0.8974359,0.3735128,5.8064537
24327,0,1,1,0.6923077,0.9230769,0.3735128,5.559574
24327,0,2,0,0.991453,0.60683763,0.30146748,5.8560553
24327,0,2,0.25,0.94871795,0.51282054,0.30146748,6.4819613
24327,0,2,0.5,0.974359,0.47863248,0.30146775,5.775749
24327,0,2,0.75,0.94871795,0.4871795,0.30146754,5.1832685
24327,0,2,1,0.95726496,0.45299146,0.30146754,4.973034
24327,0,3,0,0.96581197,0.63247865,0.29847375,5.3425407
24327,0,3,0.25,0.94871795,0.73504275,0.29847372,6.0078583
24327,0,3,0.5,0.93162394,0.7948718,0.29847354,6.1690865
24327,0,3,0.75,0.93162394,0.74358976,0.29847354,5.438263
24327,0,3,1,0.95726496,0.73504275,0.29847375,4.880097
24328,0,1,0,0.85470086,0.93162394,0.27576572,4.410264
24328,0,1,0.25,0.8888889,0.9059829,0.27576572,3.9171767
24328,0,1,0.5,0.9059829,0.93162394,0.27576572,3.8629646
24328,0,1,0.75,0.94871795,0.9230769,0.27576596,4.2564745
24328,0,1,1,0.982906,0.8888889,0.27576596,4.482066
24328,0,2,0,0.93162394,0.974359,0.2885067,4.897653
24328,0,2,0.25,0.9145299,0.96581197,0.2885067,4.295494
24328,0,2,0.5,0.8974359,1,0.28850666,4.1304283
24328,0,2,0.75,0.8717949,0.982906,0.28850666,4.3982105
24328,0,2,1,0.83760685,1,0.28850666,4.6949596
24328,0,3,0,0.991453,0.7094017,0.52664876,11.302155
24328,0,3,0.25,0.974359,0.7606838,0.52664876,9.7350235
24328,0,3,0.5,0.93162394,0.8888889,0.5266489,9.179885
24328,0,3,0.75,0.9059829,0.93162394,0.52664876,9.478675
24328,0,3,1,0.82051283,0.95726496,0.52664876,10.070633
24329,0,1,0,0.4017094,1,0.31126106,3.8409896
24329,0,1,0.25,0.41880342,0.974359,0.31126097,3.8480494
24329,0,1,0.5,0.41880342,0.974359,0.311261,3.868611
24329,0,1,0.75,0.42735043,0.991453,0.31126103,3.8699622
24329,0,1,1,0.42735043,0.991453,0.31126106,3.863256
24329,0,2,0,0.60683763,0.94017094,0.8480208,10.58506
24329,0,2,0.25,0.60683763,0.94871795,0.8480208,10.597502
24329,0,2,0.5,0.60683763,0.95726496,0.8480207,10.589651
24329,0,2,0.75,0.61538464,0.94871795,0.84802085,10.572498
24329,0,2,1,0.60683763,0.95726496,0.8480208,10.573218
24329,0,3,0,0.82051283,0.6495727,0.7210708,10.47456
24329,0,3,0.25,0.84615386,0.6495727,0.7210708,10.425367
24329,0,3,0.5,0.8632479,0.6581197,0.72107077,10.378271
24329,0,3,0.75,0.8632479,0.6581197,0.7210709,10.381603
24329,0,3,1,0.8632479,0.6495727,0.7210708,10.345579
24330,0,1,0,0.8974359,0.7777778,0.3731857,6.383767
24330,0,1,0.25,0.8888889,0.82905984,0.3731857,6.4429736
24330,0,1,0.5,0.8632479,0.83760685,0.3731858,6.6508064
24330,0,1,0.75,0.8717949,0.85470086,0.3731857,7.163614
24330,0,1,1,0.82905984,0.7777778,0.3731857,7.6895437
24330,0,2,0,0.95726496,0.8717949,0.370465,7.441049
24330,0,2,0.25,0.974359,0.84615386,0.37046504,7.6653175
24330,0,2,0.5,0.93162394,0.85470086,0.370465,8.094669
24330,0,2,0.75,0.8632479,0.8974359,0.37046495,8.684934
24330,0,2,1,0.83760685,0.8803419,0.370465,9.698685
24330,0,3,0,0.71794873,0.8974359,0.33359697,7.1027193
24330,0,3,0.25,0.71794873,0.9230769,0.3335971,7.403343
24330,0,3,0.5,0.6752137,0.95726496,0.33359697,7.6486797
24330,0,3,0.75,0.6495727,0.93162394,0.33359694,8.431217
24330,0,3,1,0.5641026,0.95726496,0.33359697,8.985621
24331,0,1,0,0.991453,0.6666667,0.25067624,2.6246004
24331,0,1,0.25,0.982906,0.6666667,0.25067624,2.6482034
24331,0,1,0.5,0.974359,0.6581197,0.25067627,2.6591496
24331,0,1,0.75,0.982906,0.64102566,0.25067624,2.624953
24331,0,1,1,0.982906,0.63247865,0.25067624,2.6060364
24331,0,2,0,0.9230769,0.3846154,0.6206,8.055441
24331,0,2,0.25,0.9145299,0.37606838,0.62060016,8.115572
24331,0,2,0.5,0.9230769,0.37606838,0.6206001,8.312275
24331,0,2,0.75,0.93162394,0.37606838,0.6206001,8.471763
24331,0,2,1,0.9230769,0.37606838,0.62060004,8.746075
24331,0,3,0,0.41025642,1,0.26863334,2.3787436
24331,0,3,0.25,0.41025642,1,0.26863334,2.3909345
24331,0,3,0.5,0.41025642,1,0.2686333,2.4034295
24331,0,3,0.75,0.41025642,1,0.26863343,2.4377127
24331,0,3,1,0.41025642,1,0.26863334,2.4709883
24332,0,1,0,0.7777778,0.46153846,1.6471275,24.700993
24332,0,1,0.25,0.74358976,0.46153846,1.6471276,24.821642
24332,0,1,0.5,0.72649574,0.46153846,1.6471279,25.345062
24332,0,1,0.75,0.72649574,0.44444445,1.6471277,25.498833
24332,0,1,1,0.72649574,0.45299146,1.6471277,26.125763
24332,0,2,0,0.45299146,0.982906,0.48069304,4.9319572
24332,0,2,0.25,0.44444445,0.96581197,0.4806933,5.146871
24332,0,2,0.5,0.44444445,0.96581197,0.4806933,5.179905
24332,0,2,0.75,0.45299146,0.974359,0.48069298,5.2422395
24332,0,2,1,0.45299146,0.982906,0.4806931,5.3122826
24332,0,3,0,0.93162394,0.6581197,0.4016134,4.670246
24332,0,3,0.25,0.9145299,0.64102566,0.40161362,4.6250877
24332,0,3,0.5,0.94871795,0.6581197,0.4016134,4.6792564
24332,0,3,0.75,0.974359,0.6923077,0.40161356,4.831916
24332,0,3,1,0.96581197,0.7008547,0.4016134,4.8351126
24333,0,1,0,0.9230769,0.75213677,1.2689037,13.030506
24333,0,1,0.25,0.9145299,0.7606838,1.2689037,13.212603
24333,0,1,0.5,0.93162394,0.7606838,1.2689037,13.186327
24333,0,1,0.75,0.93162394,0.7606838,1.2689041,13.257072
24333,0,1,1,0.95726496,0.7692308,1.2689039,13.140759
24333,0,2,0,0.7008547,0.96581197,0.32835534,7.4065065
24333,0,2,0.25,0.72649574,0.95726496,0.3283553,7.787673
24333,0,2,0.5,0.74358976,0.94017094,0.32835534,7.947378
24333,0,2,0.75,0.75213677,0.94871795,0.3283553,7.986638
24333,0,2,1,0.7692308,0.95726496,0.32835534,7.9640055
24333,0,3,0,0.991453,0.44444445,0.75695115,8.253765
24333,0,3,0.25,0.991453,0.44444445,0.75695086,8.130865
24333,0,3,0.5,0.991453,0.42735043,0.7569511,7.9993563
24333,0,3,0.75,0.991453,0.42735043,0.75695103,8.0652895
24333,0,3,1,0.991453,0.41880342,0.75695103,7.9916077
24334,0,1,0,0.93162394,0.62393165,0.32830653,4.3889737
24334,0,1,0.25,0.9145299,0.62393165,0.32830653,4.9343004
24334,0,1,0.5,0.95726496,0.62393165,0.3283065,5.041814
24334,0,1,0.75,0.94017094,0.5641026,0.3283065,5.59344
24334,0,1,1,0.95726496,0.5470086,0.32830656,6.270814
24334,0,2,0,0.95726496,0.71794873,0.36899668,3.7343822
24334,0,2,0.25,0.95726496,0.71794873,0.36899668,3.7062624
24334,0,2,0.5,0.991453,0.73504275,0.36899668,4.361205
24334,0,2,0.75,0.982906,0.7094017,0.36899668,5.1687784
24334,0,2,1,0.974359,0.6666667,0.36899668,6.1650105
24334,0,3,0,0.9230769,0.5811966,0.9069717,8.140007
24334,0,3,0.25,0.8888889,0.5641026,0.9069717,8.606663
24334,0,3,0.5,0.8888889,0.4871795,0.9069717,9.149275
24334,0,3,0.75,0.8888889,0.4957265,0.9069717,10.289619
24334,0,3,1,0.95726496,0.50427353,0.9069717,11.199043
24335,0,1,0,0.5726496,0.93162394,0.9346212,8.893812
24335,0,1,0.25,0.6666667,0.8974359,0.9346212,10.324746
24335,0,1,0.5,0.71794873,0.8974359,0.9346212,11.017838
24335,0,1,0.75,0.82051283,0.8034188,0.9346211,11.811034
24335,0,1,1,0.8717949,0.7692308,0.9346211,11.750505
24335,0,2,0,0.982906,0.63247865,0.47481257,4.0285816
24335,0,2,0.25,0.974359,0.63247865,0.47481257,3.974318
24335,0,2,0.5,0.94017094,0.6495727,0.47481272,4.1984916
24335,0,2,0.75,0.94017094,0.63247865,0.47481254,4.422826
24335,0,2,1,0.8974359,0.62393165,0.4748126,4.413226
24335,0,3,0,0.43589744,0.982906,0.4358603,2.8196874
24335,0,3,0.25,0.42735043,0.94871795,0.4358604,2.7826385
24335,0,3,0.5,0.47008547,0.982906,0.4358603,3.534891
24335,0,3,0.75,0.47863248,0.94871795,0.4358606,4.468148
24335,0,3,1,0.5811966,0.982906,0.43586043,5.2922153
24336,0,1,0,0.974359,0.4017094,0.49834362,5.1302366
24336,0,1,0.25,0.95726496,0.4017094,0.49834356,5.1238165
24336,0,1,0.5,0.982906,0.4017094,0.49834368,5.0744696
24336,0,1,0.75,0.991453,0.4017094,0.4983438,5.0047617
24336,0,1,1,0.982906,0.3931624,0.49834362,4.9087954
24336,0,2,0,0.8717949,0.4957265,1.3299989,14.953224
24336,0,2,0.25,0.8717949,0.50427353,1.3299989,14.996275
24336,0,2,0.5,0.8888889,0.47008547,1.3299989,14.8751745
24336,0,2,0.75,0.8803419,0.47008547,1.3299986,14.827962
24336,0,2,1,0.8888889,0.47008547,1.3299989,14.626263
24336,0,3,0,0.94017094,0.72649574,0.74551886,7.965383
24336,0,3,0.25,0.9230769,0.75213677,0.74551886,8.074715
24336,0,3,0.5,0.93162394,0.72649574,0.74551904,8.142466
24336,0,3,0.75,0.93162394,0.74358976,0.7455191,8.121158
24336,0,3,1,0.95726496,0.7606838,0.74551886,8.115908
24337,0,1,0,0.64102566,0.991453,0.31833747,2.385171
24337,0,1,0.25,0.63247865,0.991453,0.3183375,2.3748507
24337,0,1,0.5,0.62393165,0.96581197,0.31833753,2.397481
24337,0,1,0.75,0.62393165,0.96581197,0.3183374,2.3716152
24337,0,1,1,0.60683763,0.974359,0.31833747,2.3111148
24337,0,2,0,0.5470086,0.9059829,0.8975241,10.387163
24337,0,2,0.25,0.5470086,0.9145299,0.89752436,10.335888
24337,0,2,0.5,0.5641026,0.8974359,0.8975241,10.365097
24337,0,2,0.75,0.5641026,0.8974359,0.8975241,10.494709
24337,0,2,1,0.5470086,0.9145299,0.8975242,10.420095
24337,0,3,0,0.93162394,0.4957265,1.866984,8.289001
24337,0,3,0.25,0.94871795,0.51282054,1.866984,8.329939
24337,0,3,0.5,0.974359,0.51282054,1.8669839,8.354065
24337,0,3,0.75,0.95726496,0.4957265,1.866984,8.23864
24337,0,3,1,0.95726496,0.4957265,1.866984,8.196987
24338,0,1,0,0.7692308,0.9230769,0.93442506,7.505842
24338,0,1,0.25,0.7606838,0.9230769,0.93442553,7.4578905
24338,0,1,0.5,0.75213677,0.93162394,0.93442506,7.43732
24338,0,1,0.75,0.75213677,0.9145299,0.9344246,7.449991
24338,0,1,1,0.75213677,0.8974359,0.93442506,7.5021906
24338,0,2,0,1,0.6581197,0.3488985,3.3197188
24338,0,2,0.25,1,0.6495727,0.34889886,3.3780806
24338,0,2,0.5,1,0.6666667,0.34889865,3.4659696
24338,0,2,0.75,1,0.6837607,0.3488985,3.5492048
24338,0,2,1,1,0.6666667,0.3488985,3.6577592
24338,0,3,0,0.6837607,0.991453,0.42141658,3.8299708
24338,0,3,0.25,0.6837607,0.991453,0.4214166,3.8443794
24338,0,3,0.5,0.6752137,0.982906,0.42141658,3.8745725
24338,0,3,0.75,0.6666667,0.982906,0.4214166,3.8788738
24338,0,3,1,0.63247865,0.96581197,0.42141658,3.8409798
24339,0,1,0,0.5982906,0.6923077,2.3263903,42.800125
24339,0,1,0.25,0.5555556,0.71794873,2.3263903,41.578476
24339,0,1,0.5,0.5555556,0.7094017,2.3263903,40.4485
24339,0,1,0.75,0.52991456,0.7094017,2.3263903,39.389015
24339,0,1,1,0.53846157,0.71794873,2.3263903,38.024048
24339,0,2,0,0.7692308,0.35897437,1.4711589,31.923008
24339,0,2,0.25,0.74358976,0.36752138,1.4711589,31.036715
24339,0,2,0.5,0.7606838,0.37606838,1.4711589,29.871117
24339,0,2,0.75,0.7692308,0.36752138,1.4711587,29.078526
24339,0,2,1,0.74358976,0.37606838,1.4711589,28.528904
24339,0,3,0,0.94871795,0.94017094,0.59511673,11.175314
24339,0,3,0.25,0.9230769,0.9230769,0.59511685,10.94122
24339,0,3,0.5,0.93162394,0.9059829,0.59511673,10.60256
24339,0,3,0.75,0.9059829,0.9059829,0.59511673,10.401913
24339,0,3,1,0.9059829,0.9145299,0.59511673,10.169771
24340,0,1,0,0.8974359,0.51282054,0.3873725,10.098666
24340,0,1,0.25,0.9145299,0.51282054,0.38737252,8.038578
24340,0,1,0.5,0.974359,0.50427353,0.3873724,6.2410097
24340,0,1,0.75,0.94871795,0.52991456,0.38737267,4.573343
24340,0,1,1,0.94871795,0.4871795,0.38737258,3.327002
24340,0,2,0,0.95726496,0.50427353,0.32401922,8.090624
24340,0,2,0.25,0.982906,0.4957265,0.3240192,7.10411
24340,0,2,0.5,0.93162394,0.44444445,0.3240192,6.106124
24340,0,2,0.75,0.974359,0.42735043,0.32401925,5.1492023
24340,0,2,1,0.94017094,0.3846154,0.32401922,4.4865117
24340,0,3,0,0.74358976,0.5897436,0.46160674,14.912201
24340,0,3,0.25,0.8119658,0.71794873,0.46160674,11.308411
24340,0,3,0.5,0.83760685,0.71794873,0.46160683,8.175554
24340,0,3,0.75,0.83760685,0.7692308,0.46160662,6.0186677
24340,0,3,1,0.8888889,0.7948718,0.46160674,4.2631106
24341,0,1,0,0.43589744,0.974359,0.36911094,4.8122044
24341,0,1,0.25,0.3846154,0.96581197,0.36911094,3.6691484
24341,0,1,0.5,0.37606838,0.94871795,0.36911094,2.8645265
24341,0,1,0.75,0.36752138,0.991453,0.3691109,2.493192
24341,0,1,1,0.3931624,0.96581197,0.36911094,2.1798222
24341,0,2,0,0.94017094,0.37606838,0.91170317,9.086815
24341,0,2,0.25,0.94871795,0.42735043,0.91170317,10.381435
24341,0,2,0.5,0.93162394,0.4871795,0.91170317,11.495572
24341,0,2,0.75,0.9145299,0.60683763,0.9117031,11.937632
24341,0,2,1,0.9059829,0.6666667,0.91170317,11.888827
24341,0,3,0,0.6837607,0.7948718,1.6260568,13.808626
24341,0,3,0.25,0.71794873,0.84615386,1.6260569,11.055988
24341,0,3,0.5,0.72649574,0.9145299,1.6260568,10.030982
24341,0,3,0.75,0.74358976,0.8974359,1.6260568,9.211546
24341,0,3,1,0.6837607,0.9230769,1.6260568,8.8887615
24342,0,1,0,0.8632479,0.71794873,0.5792116,10.952595
24342,0,1,0.25,0.8717949,0.72649574,0.5792116,11.078446
24342,0,1,0.5,0.9145299,0.71794873,0.5792116,11.260593
24342,0,1,0.75,0.9230769,0.74358976,0.5792114,11.31678
24342,0,1,1,0.93162394,0.72649574,0.57921153,11.324563
24342,0,2,0,0.73504275,0.8717949,0.31874722,6.009941
24342,0,2,0.25,0.75213677,0.8803419,0.31874734,5.9407463
24342,0,2,0.5,0.75213677,0.8974359,0.31874722,5.9149995
24342,0,2,0.75,0.74358976,0.9059829,0.31874737,5.9301972
24342,0,2,1,0.73504275,0.9059829,0.31874722,5.929038
24342,0,3,0,0.82051283,0.9230769,0.67537296,10.002863
24342,0,3,0.25,0.7777778,0.9230769,0.67537284,10.089077
24342,0,3,0.5,0.7606838,0.9230769,0.67537296,10.108635
24342,0,3,0.75,0.75213677,0.9230769,0.6753731,10.166117
24342,0,3,1,0.7606838,0.9230769,0.67537296,10.272199
24343,0,1,0,0.982906,0.42735043,0.55793977,7.4724717
24343,0,1,0.25,0.982906,0.4017094,0.55793977,7.601544
24343,0,1,0.5,0.982906,0.4017094,0.55793977,7.7186675
24343,0,1,0.75,0.991453,0.3931624,0.55793977,7.6309676
24343,0,1,1,1,0.3931624,0.55793977,7.7186723
24343,0,2,0,0.60683763,0.974359,0.61986715,13.43718
24343,0,2,0.25,0.62393165,0.96581197,0.61986715,13.724676
24343,0,2,0.5,0.62393165,0.96581197,0.619867,13.868305
24343,0,2,0.75,0.62393165,0.94871795,0.61986697,13.948705
24343,0,2,1,0.62393165,0.94017094,0.61986697,14.143485
24343,0,3,0,0.96581197,0.37606838,1.4326279,13.028192
24343,0,3,0.25,0.974359,0.37606838,1.4326278,13.107057
24343,0,3,0.5,0.974359,0.3846154,1.4326279,13.216156
24343,0,3,0.75,0.974359,0.3931624,1.432628,13.282867
24343,0,3,1,0.974359,0.3931624,1.4326279,13.329872
24344,0,1,0,0.7606838,0.7863248,0.3833352,6.3324375
24344,0,1,0.25,0.7606838,0.7692308,0.3833352,6.241772
24344,0,1,0.5,0.75213677,0.75213677,0.3833352,6.191845
24344,0,1,0.75,0.73504275,0.7777778,0.3833352,6.1724753
24344,0,1,1,0.7692308,0.7606838,0.3833352,6.07001
24344,0,2,0,0.7008547,0.6666667,1.7711174,22.114763
24344,0,2,0.25,0.71794873,0.64102566,1.7711176,22.004904
24344,0,2,0.5,0.7094017,0.6495727,1.7711176,21.985107
24344,0,2,0.75,0.7094017,0.6581197,1.7711174,21.659294
24344,0,2,1,0.7008547,0.61538464,1.7711174,21.63421
24344,0,3,0,0.71794873,0.5641026,1.1043019,18.128628
24344,0,3,0.25,0.7094017,0.5470086,1.104302,18.009426
24344,0,3,0.5,0.71794873,0.5555556,1.1043019,17.963715
24344,0,3,0.75,0.7094017,0.5470086,1.1043018,17.772198
24344,0,3,1,0.73504275,0.53846157,1.1043019,17.75079
24345,0,1,0,1,0.50427353,0.37470016,2.5384247
24345,0,1,0.25,1,0.4957265,0.37470016,2.7729475
24345,0,1,0.5,1,0.50427353,0.37470022,3.3384268
24345,0,1,0.75,0.982906,0.52136755,0.3747003,4.458395
24345,0,1,1,0.94017094,0.5555556,0.3747002,5.376187
24345,0,2,0,0.61538464,0.85470086,1.1117758,15.196272
24345,0,2,0.25,0.6837607,0.9145299,1.1117758,15.325775
24345,0,2,0.5,0.75213677,0.8119658,1.1117758,15.513079
24345,0,2,0.75,0.8632479,0.82051283,1.1117762,14.320731
24345,0,2,1,0.8119658,0.73504275,1.1117758,13.526833
24345,0,3,0,0.93162394,0.7094017,0.51127636,5.9353957
24345,0,3,0.25,0.95726496,0.7094017,0.51127636,5.5056067
24345,0,3,0.5,0.95726496,0.6923077,0.51127636,5.3223658
24345,0,3,0.75,0.974359,0.62393165,0.51127636,5.5727687
24345,0,3,1,0.974359,0.6666667,0.51127636,5.775608
24346,0,1,0,0.8034188,0.64102566,1.188052,11.746673
24346,0,1,0.25,0.72649574,0.60683763,1.188052,12.138918
24346,0,1,0.5,0.6752137,0.5897436,1.188052,12.997342
24346,0,1,0.75,0.7008547,0.6752137,1.188052,13.294566
24346,0,1,1,0.6581197,0.6666667,1.188052,13.064362
24346,0,2,0,0.9059829,0.3931624,0.55198276,4.0333204
24346,0,2,0.25,0.8974359,0.37606838,0.5519827,3.7438245
24346,0,2,0.5,0.8974359,0.41025642,0.5519827,3.6745815
24346,0,2,0.75,0.9145299,0.43589744,0.5519827,3.3055754
24346,0,2,1,0.93162394,0.43589744,0.5519827,2.8294835
24346,0,3,0,0.9059829,0.44444445,0.56466323,5.711859
24346,0,3,0.25,0.82051283,0.45299146,0.56466323,5.913542
24346,0,3,0.5,0.83760685,0.44444445,0.56466323,6.1268015
24346,0,3,0.75,0.85470086,0.46153846,0.56466323,6.1670895
24346,0,3,1,0.82905984,0.46153846,0.56466323,5.981286
24347,0,1,0,0.8034188,0.95726496,0.26090544,5.7731295
24347,0,1,0.25,0.73504275,0.96581197,0.2609054,5.4030647
24347,0,1,0.5,0.71794873,0.93162394,0.26090536,4.619518
24347,0,1,0.75,0.6752137,0.8888889,0.26090539,3.1618946
24347,0,1,1,0.61538464,0.82905984,0.26090527,2.188228
24347,0,2,0,0.7948718,0.82051283,0.40797058,9.045461
24347,0,2,0.25,0.85470086,0.74358976,0.40797058,10.11009
24347,0,2,0.5,0.9059829,0.6495727,0.40797064,9.3833
24347,0,2,0.75,0.8974359,0.63247865,0.40797064,7.001396
24347,0,2,1,0.83760685,0.4957265,0.40797064,7.2645063
24347,0,3,0,0.94017094,0.51282054,0.3277813,6.2893114
24347,0,3,0.25,0.93162394,0.60683763,0.3277813,5.841146
24347,0,3,0.5,0.974359,0.62393165,0.32778117,5.777716
24347,0,3,0.75,0.95726496,0.5897436,0.32778117,5.203473
24347,0,3,1,0.85470086,0.5470086,0.3277811,5.2346115
24348,0,1,0,0.95726496,0.5982906,0.25609878,1.9190353
24348,0,1,0.25,0.94017094,0.5982906,0.25609878,1.8938755
24348,0,1,0.5,0.9230769,0.61538464,0.256099,1.87677
24348,0,1,0.75,0.982906,0.61538464,0.25609887,1.8999752
24348,0,1,1,0.96581197,0.62393165,0.25609878,1.9359772
24348,0,2,0,0.9059829,0.9230769,0.39768547,2.7782817
24348,0,2,0.25,0.94017094,0.9230769,0.39768597,2.7353377
24348,0,2,0.5,0.94871795,0.94871795,0.39768574,2.7290254
24348,0,2,0.75,0.94871795,0.95726496,0.3976854,2.8914473
24348,0,2,1,0.9059829,0.9059829,0.39768547,2.84168
24348,0,3,0,0.94871795,0.5641026,0.5728587,5.6171722
24348,0,3,0.25,0.982906,0.5555556,0.57285917,5.5405073
24348,0,3,0.5,0.974359,0.52991456,0.57285845,5.581554
24348,0,3,0.75,0.94871795,0.50427353,0.5728587,5.773055
24348,0,3,1,0.8632479,0.4871795,0.5728587,5.879901
24349,0,1,0,0.991453,0.46153846,0.45892775,8.058509
24349,0,1,0.25,0.991453,0.44444445,0.4589277,7.897719
24349,0,1,0.5,0.982906,0.42735043,0.45892775,7.65456
24349,0,1,0.75,0.93162394,0.44444445,0.45892766,7.5391655
24349,0,1,1,0.94871795,0.44444445,0.45892772,7.356861
24349,0,2,0,0.982906,0.5811966,0.33311635,2.4775434
24349,0,2,0.25,0.982906,0.5555556,0.33311635,2.4340363
24349,0,2,0.5,0.991453,0.53846157,0.33311638,2.472825
24349,0,2,0.75,0.96581197,0.5470086,0.33311638,2.363306
24349,0,2,1,0.96581197,0.5641026,0.33311638,2.3788397
24349,0,3,0,0.84615386,0.9145299,0.25865254,4.6087484
24349,0,3,0.25,0.85470086,0.9059829,0.25865254,4.495042
24349,0,3,0.5,0.84615386,0.8888889,0.2586526,4.4194374
24349,0,3,0.75,0.82051283,0.9059829,0.25865248,4.2896686
24349,0,3,1,0.83760685,0.93162394,0.2586526,4.244343
24350,0,1,0,1,0.41025642,0.41765895,2.4828644
24350,0,1,0.25,1,0.4017094,0.417659,2.698092
24350,0,1,0.5,1,0.3846154,0.41765895,3.1273584
24350,0,1,0.75,0.991453,0.35897437,0.41765893,3.8608963
24350,0,1,1,0.95726496,0.35897437,0.41765893,4.8346367
24350,0,2,0,0.95726496,0.5641026,0.7878076,6.3357353
24350,0,2,0.25,0.991453,0.5555556,0.7878076,7.4731026
24350,0,2,0.5,0.974359,0.50427353,0.7878076,9.270939
24350,0,2,0.75,0.95726496,0.41880342,0.7878076,11.394337
24350,0,2,1,0.8717949,0.35897437,0.7878076,13.016129
24350,0,3,0,0.9230769,0.7094017,0.46562916,5.1851254
24350,0,3,0.25,0.96581197,0.7008547,0.46562922,6.032563
24350,0,3,0.5,0.96581197,0.6752137,0.46562916,6.8630238
24350,0,3,0.75,0.982906,0.63247865,0.46562916,7.5464144
24350,0,3,1,0.94871795,0.5811966,0.46562916,7.845008
24351,0,1,0,0.6581197,0.8803419,0.6039636,12.434878
24351,0,1,0.25,0.64102566,0.8632479,0.603964,9.55241
24351,0,1,0.5,0.62393165,0.9059829,0.6039637,9.961035
24351,0,1,0.75,0.60683763,0.9230769,0.60396373,10.002164
24351,0,1,1,0.62393165,0.9230769,0.60396373,9.009849
24351,0,2,0,0.83760685,0.61538464,0.46346268,11.198139
24351,0,2,0.25,0.82051283,0.6666667,0.46346277,8.873352
24351,0,2,0.5,0.8803419,0.7094017,0.46346256,8.620248
24351,0,2,0.75,0.8888889,0.75213677,0.4634627,7.8667865
24351,0,2,1,0.9059829,0.73504275,0.4634626,6.5250697
24351,0,3,0,0.85470086,0.85470086,0.33036658,7.8608265
24351,0,3,0.25,0.7692308,0.83760685,0.33036655,5.368005
24351,0,3,0.5,0.8034188,0.85470086,0.33036625,5.1051598
24351,0,3,0.75,0.7692308,0.8803419,0.33036664,4.8262815
24351,0,3,1,0.7692308,0.9230769,0.3303665,4.211294
24352,0,1,0,0.96581197,0.52991456,0.25328016,4.220133
24352,0,1,0.25,0.974359,0.50427353,0.25328016,4.4370327
24352,0,1,0.5,0.974359,0.47863248,0.2532802,4.329937
24352,0,1,0.75,1,0.45299146,0.2532802,4.029907
24352,0,1,1,0.974359,0.44444445,0.2532802,3.6906505
24352,0,2,0,0.974359,0.5811966,0.49681833,4.6456184
24352,0,2,0.25,1,0.5811966,0.49681833,4.106657
24352,0,2,0.5,1,0.5470086,0.4968183,3.716195
24352,0,2,0.75,1,0.5982906,0.49681827,3.5021667
24352,0,2,1,1,0.60683763,0.49681827,3.519805
24352,0,3,0,0.95726496,0.8034188,1.3389374,8.408171
24352,0,3,0.25,0.94017094,0.8119658,1.3389374,8.994829
24352,0,3,0.5,0.93162394,0.7948718,1.3389374,10.031151
24352,0,3,0.75,0.8717949,0.8034188,1.3389374,11.378365
24352,0,3,1,0.84615386,0.82905984,1.3389374,12.907072
24353,0,1,0,0.95726496,0.7692308,0.2782311,3.0605292
24353,0,1,0.25,0.974359,0.75213677,0.27823085,3.4289694
24353,0,1,0.5,1,0.72649574,0.2782309,2.9411774
24353,0,1,0.75,1,0.7094017,0.278231,3.500114
24353,0,1,1,0.974359,0.6923077,0.27823105,4.157277
24353,0,2,0,0.45299146,0.95726496,0.608465,4.0228863
24353,0,2,0.25,0.42735043,0.9145299,0.60846484,3.944479
24353,0,2,0.5,0.46153846,0.974359,0.60846484,4.7300596
24353,0,2,0.75,0.46153846,0.95726496,0.60846496,6.5625935
24353,0,2,1,0.47008547,0.94017094,0.6084649,8.465305
24353,0,3,0,0.982906,0.3846154,0.3977591,4.973022
24353,0,3,0.25,0.982906,0.3931624,0.3977591,4.710087
24353,0,3,0.5,1,0.4017094,0.3977591,3.7566345
24353,0,3,0.75,1,0.41025642,0.39775896,4.1892757
24353,0,3,1,0.991453,0.37606838,0.3977591,4.290658
24354,0,1,0,0.95726496,0.96581197,0.3580809,4.3940754
24354,0,1,0.25,0.94871795,0.974359,0.35808077,4.186968
24354,0,1,0.5,0.9145299,0.991453,0.3580809,4.0819826
24354,0,1,0.75,0.9059829,0.991453,0.358081,3.925976
24354,0,1,1,0.9230769,0.96581197,0.3580809,3.778276
24354,0,2,0,0.95726496,0.53846157,0.49504006,6.6908197
24354,0,2,0.25,0.974359,0.52136755,0.49504018,6.0736275
24354,0,2,0.5,0.982906,0.52136755,0.4950401,5.683015
24354,0,2,0.75,0.974359,0.5555556,0.4950401,5.4124517
24354,0,2,1,1,0.5726496,0.49504006,4.985672
24354,0,3,0,0.974359,0.4871795,0.7228831,8.770895
24354,0,3,0.25,0.974359,0.4871795,0.7228832,8.059471
24354,0,3,0.5,0.982906,0.4871795,0.7228832,7.524373
24354,0,3,0.75,0.982906,0.4871795,0.72288305,7.04258
24354,0,3,1,0.982906,0.46153846,0.7228831,6.557786
24355,0,1,0,0.982906,0.45299146,0.40230045,2.885241
24355,0,1,0.25,0.982906,0.41025642,0.4023004,2.945415
24355,0,1,0.5,1,0.42735043,0.40230048,3.674656
24355,0,1,0.75,0.982906,0.44444445,0.4023003,5.273002
24355,0,1,1,0.96581197,0.47008547,0.4023004,6.862504
24355,0,2,0,0.84615386,0.71794873,1.2688848,8.226626
24355,0,2,0.25,0.73504275,0.64102566,1.2688848,13.320712
24355,0,2,0.5,0.6752137,0.60683763,1.2688848,21.182896
24355,0,2,0.75,0.5470086,0.5470086,1.2688845,34.21955
24355,0,2,1,0.35897437,0.6752137,1.2688848,41.69551
24355,0,3,0,0.8888889,0.9059829,0.2939298,4.079909
24355,0,3,0.25,0.8803419,0.8034188,0.2939298,3.9170063
24355,0,3,0.5,0.9230769,0.7863248,0.29392982,4.083784
24355,0,3,0.75,0.9059829,0.7606838,0.2939296,4.263855
24355,0,3,1,0.8632479,0.73504275,0.29392973,4.51521
24356,0,1,0,0.6495727,0.5470086,2.5486767,20.703362
24356,0,1,0.25,0.52991456,0.46153846,2.5486765,25.888847
24356,0,1,0.5,0.45299146,0.44444445,2.5486767,29.678488
24356,0,1,0.75,0.4871795,0.46153846,2.5486765,37.57006
24356,0,1,1,0.37606838,0.47863248,2.5486767,49.744743
24356,0,2,0,0.9230769,0.43589744,0.82347274,6.123643
24356,0,2,0.25,0.95726496,0.46153846,0.8234727,7.657034
24356,0,2,0.5,0.9145299,0.41880342,0.82347274,8.609349
24356,0,2,0.75,0.93162394,0.4017094,0.82347274,11.249809
24356,0,2,1,0.82051283,0.44444445,0.82347286,15.11335
24356,0,3,0,0.94017094,0.41880342,0.281067,3.8288617
24356,0,3,0.25,0.982906,0.45299146,0.281067,4.6170006
24356,0,3,0.5,0.974359,0.44444445,0.281067,4.898113
24356,0,3,0.75,0.94017094,0.43589744,0.2810671,5.750037
24356,0,3,1,0.9145299,0.45299146,0.281067,6.8679323
24357,0,1,0,0.991453,0.44444445,0.3506177,3.8928964
24357,0,1,0.25,0.974359,0.42735043,0.3506176,3.841475
24357,0,1,0.5,0.96581197,0.45299146,0.3506177,4.012415
24357,0,1,0.75,0.991453,0.44444445,0.35061768,3.9466033
24357,0,1,1,1,0.46153846,0.35061783,3.8666983
24357,0,2,0,0.84615386,0.72649574,0.8843074,15.91535
24357,0,2,0.25,0.75213677,0.74358976,0.8843077,16.392397
24357,0,2,0.5,0.7692308,0.72649574,0.884307,16.91771
24357,0,2,0.75,0.8034188,0.73504275,0.8843074,16.656496
24357,0,2,1,0.7948718,0.7777778,0.88430744,16.429745
24357,0,3,0,0.982906,0.41025642,0.29391515,5.3981113
24357,0,3,0.25,0.974359,0.45299146,0.29391545,5.449604
24357,0,3,0.5,0.982906,0.50427353,0.29391512,5.832056
24357,0,3,0.75,0.991453,0.50427353,0.29391503,5.7905216
24357,0,3,1,0.982906,0.52136755,0.29391515,5.6416054
24358,0,1,0,0.53846157,0.974359,0.4196121,2.8738394
24358,0,1,0.25,0.5555556,0.96581197,0.4196126,2.9444616
24358,0,1,0.5,0.5641026,1,0.4196121,3.1260548
24358,0,1,0.75,0.5555556,1,0.4196121,3.1647837
24358,0,1,1,0.5726496,0.982906,0.4196121,3.2710729
24358,0,2,0,0.5470086,0.9230769,1.4007757,12.862289
24358,0,2,0.25,0.53846157,0.8974359,1.4007756,12.880941
24358,0,2,0.5,0.52136755,0.8974359,1.4007757,12.686067
24358,0,2,0.75,0.53846157,0.8974359,1.4007756,13.009726
24358,0,2,1,0.5470086,0.8717949,1.4007757,13.339087
24358,0,3,0,0.95726496,0.94871795,0.32398552,4.2662535
24358,0,3,0.25,0.95726496,0.95726496,0.3239854,4.292927
24358,0,3,0.5,0.95726496,0.94871795,0.32398564,4.3165474
24358,0,3,0.75,0.8974359,0.95726496,0.32398552,4.3045235
24358,0,3,1,0.8803419,0.93162394,0.32398552,4.430634
24359,0,1,0,0.982906,0.6837607,0.4839563,3.574346
24359,0,1,0.25,0.94017094,0.5982906,0.4839563,2.780506
24359,0,1,0.5,0.982906,0.5555556,0.4839563,2.3211162
24359,0,1,0.75,0.95726496,0.5982906,0.4839564,2.0622826
24359,0,1,1,0.991453,0.60683763,0.4839563,2.2266574
24359,0,2,0,0.9059829,0.6581197,1.2308886,4.6482153
24359,0,2,0.25,0.9059829,0.64102566,1.2308886,4.8081374
24359,0,2,0.5,0.9059829,0.63247865,1.2308886,5.9152308
24359,0,2,0.75,0.8974359,0.61538464,1.2308886,7.781972
24359,0,2,1,0.8803419,0.6581197,1.2308886,10.086262
24359,0,3,0,0.94017094,0.53846157,0.42325237,3.2090032
24359,0,3,0.25,0.974359,0.5726496,0.42325217,2.9517655
24359,0,3,0.5,1,0.5470086,0.42325234,2.7002702
24359,0,3,0.75,0.96581197,0.5811966,0.42325234,2.6726286
24359,0,3,1,1,0.5470086,0.42325243,3.1072729
24360,0,1,0,0.4871795,0.84615386,2.768186,15.882793
24360,0,1,0.25,0.4871795,0.85470086,2.768186,15.736199
24360,0,1,0.5,0.45299146,0.85470086,2.768186,16.00363
24360,0,1,0.75,0.44444445,0.8632479,2.768186,15.921494
24360,0,1,1,0.43589744,0.85470086,2.7681866,15.832606
24360,0,2,0,0.83760685,0.8717949,1.2651774,7.895193
24360,0,2,0.25,0.83760685,0.8717949,1.2651774,8.060287
24360,0,2,0.5,0.82051283,0.8803419,1.2651774,8.494617
24360,0,2,0.75,0.82905984,0.8717949,1.2651774,8.707059
24360,0,2,1,0.8803419,0.8717949,1.2651774,8.89058
24360,0,3,0,0.5982906,0.94871795,0.874288,6.6468325
24360,0,3,0.25,0.60683763,0.95726496,0.87428826,6.7723227
24360,0,3,0.5,0.5897436,0.94871795,0.874288,6.9677744
24360,0,3,0.75,0.5982906,0.94017094,0.87428766,7.033648
24360,0,3,1,0.60683763,0.93162394,0.874288,7.0851946
24361,0,1,0,1,0.4871795,0.38246545,5.081281
24361,0,1,0.25,0.991453,0.44444445,0.3824654,4.467978
24361,0,1,0.5,0.982906,0.36752138,0.38246548,4.064914
24361,0,1,0.75,0.974359,0.36752138,0.3824654,4.119809
24361,0,1,1,0.991453,0.37606838,0.38246545,4.1403084
24361,0,2,0,0.982906,0.5726496,0.33587918,6.347886
24361,0,2,0.25,0.95726496,0.5726496,0.33587918,4.869776
24361,0,2,0.5,0.991453,0.5555556,0.3358792,3.779776
24361,0,2,0.75,0.95726496,0.5555556,0.33587912,3.135976
24361,0,2,1,0.982906,0.52991456,0.33587924,3.298565
24361,0,3,0,0.94017094,0.5982906,0.7900758,17.1488
24361,0,3,0.25,0.9230769,0.5726496,0.7900758,13.834999
24361,0,3,0.5,0.94871795,0.52991456,0.7900757,11.212034
24361,0,3,0.75,0.94871795,0.47008547,0.7900758,9.836218
24361,0,3,1,0.94871795,0.4871795,0.7900758,9.838827
24362,0,1,0,0.35042736,0.991453,0.32355395,4.965108
24362,0,1,0.25,0.43589744,0.974359,0.32355386,6.2115836
24362,0,1,0.5,0.4957265,0.982906,0.32355407,6.32584
24362,0,1,0.75,0.61538464,0.982906,0.323554,5.242017
24362,0,1,1,0.6666667,0.96581197,0.32355413,3.8686852
24362,0,2,0,0.7777778,0.9230769,0.87422657,10.162775
24362,0,2,0.25,0.8803419,0.82905984,0.8742267,8.548347
24362,0,2,0.5,0.93162394,0.7777778,0.8742267,8.310225
24362,0,2,0.75,0.9230769,0.8974359,0.87422675,9.339488
24362,0,2,1,0.7948718,0.93162394,0.87422675,10.871311
24362,0,3,0,0.7863248,0.8034188,1.0703086,16.656694
24362,0,3,0.25,0.96581197,0.64102566,1.0703086,12.226696
24362,0,3,0.5,0.991453,0.52136755,1.0703086,9.915873
24362,0,3,0.75,0.982906,0.52136755,1.0703087,9.451204
24362,0,3,1,0.94871795,0.61538464,1.0703084,9.889881
24363,0,1,0,0.4957265,0.7692308,0.82792366,5.8796544
24363,0,1,0.25,0.4871795,0.7777778,0.82792366,5.5269756
24363,0,1,0.5,0.4871795,0.7863248,0.8279236,5.391971
24363,0,1,0.75,0.52136755,0.7692308,0.8279233,5.8594165
24363,0,1,1,0.53846157,0.7777778,0.82792366,5.452713
24363,0,2,0,0.8119658,0.53846157,0.800312,8.461715
24363,0,2,0.25,0.82051283,0.52991456,0.800312,8.271236
24363,0,2,0.5,0.82905984,0.53846157,0.80031174,8.588665
24363,0,2,0.75,0.85470086,0.5555556,0.80031174,8.32516
24363,0,2,1,0.85470086,0.53846157,0.8003118,7.9162683
24363,0,3,0,0.94017094,0.5811966,0.28549606,4.7066708
24363,0,3,0.25,0.9230769,0.53846157,0.2854961,4.5594
24363,0,3,0.5,0.93162394,0.5726496,0.28549606,4.5146766
24363,0,3,0.75,0.94871795,0.5811966,0.28549606,4.6323414
24363,0,3,1,0.94017094,0.5897436,0.28549606,4.6314764
24364,0,1,0,0.982906,0.44444445,0.25174883,0.9029944
24364,0,1,0.25,0.96581197,0.44444445,0.2517485,1.0448259
24364,0,1,0.5,0.991453,0.43589744,0.25174883,1.154497
24364,0,1,0.75,0.991453,0.45299146,0.2517487,1.3797588
24364,0,1,1,0.974359,0.44444445,0.25174862,1.6344978
24364,0,2,0,0.96581197,0.72649574,0.6353374,2.3266835
24364,0,2,0.25,0.974359,0.7094017,0.6353373,2.4779234
24364,0,2,0.5,0.95726496,0.73504275,0.6353374,2.5872731
24364,0,2,0.75,0.982906,0.74358976,0.6353374,2.8560872
24364,0,2,1,0.991453,0.72649574,0.6353373,3.200315
24364,0,3,0,0.6837607,0.84615386,2.9857836,12.294535
24364,0,3,0.25,0.61538464,0.82905984,2.9857838,15.9836855
24364,0,3,0.5,0.60683763,0.8119658,2.9857836,21.141502
24364,0,3,0.75,0.5555556,0.7692308,2.9857836,26.323574
24364,0,3,1,0.51282054,0.6581197,2.9857836,31.213074
24365,0,1,0,0.8974359,0.5982906,0.4808802,6.8394413
24365,0,1,0.25,0.85470086,0.61538464,0.4808801,6.4904957
24365,0,1,0.5,0.8717949,0.5811966,0.48088035,6.3281727
24365,0,1,0.75,0.8803419,0.5555556,0.4808803,6.391843
24365,0,1,1,0.85470086,0.5641026,0.4808802,6.3295884
24365,0,2,0,0.9230769,0.9059829,0.28135446,3.9493604
24365,0,2,0.25,0.9145299,0.9059829,0.28135458,3.9447803
24365,0,2,0.5,0.8717949,0.8974359,0.28135446,3.688631
24365,0,2,0.75,0.9230769,0.8632479,0.2813545,3.9919019
24365,0,2,1,0.84615386,0.83760685,0.28135446,3.729743
24365,0,3,0,0.9145299,0.82905984,0.25727588,2.2293067
24365,0,3,0.25,0.94871795,0.7948718,0.25727573,2.2453432
24365,0,3,0.5,0.93162394,0.7948718,0.2572759,2.2403164
24365,0,3,0.75,0.95726496,0.7777778,0.25727588,2.273467
24365,0,3,1,0.94871795,0.7692308,0.25727597,2.2894077
24366,0,1,0,0.62393165,0.94017094,0.614862,7.1639137
24366,0,1,0.25,0.62393165,0.9145299,0.61486185,7.986069
24366,0,1,0.5,0.6666667,0.96581197,0.61486197,9.404583
24366,0,1,0.75,0.6666667,0.95726496,0.614862,10.647686
24366,0,1,1,0.63247865,0.93162394,0.614862,11.603506
24366,0,2,0,0.9230769,0.7863248,0.3174748,3.7823257
24366,0,2,0.25,0.8888889,0.7777778,0.31747454,3.9699373
24366,0,2,0.5,0.9230769,0.72649574,0.3174746,3.4844508
24366,0,2,0.75,0.94871795,0.7777778,0.3174747,3.9893572
24366,0,2,1,0.9145299,0.7692308,0.3174747,4.269043
24366,0,3,0,0.9230769,0.6495727,0.56054974,7.7104845
24366,0,3,0.25,0.8888889,0.6495727,0.5605497,7.511727
24366,0,3,0.5,0.96581197,0.62393165,0.5605497,7.3960476
24366,0,3,0.75,1,0.63247865,0.56054974,7.679147
24366,0,3,1,0.95726496,0.64102566,0.56054974,8.200474
24367,0,1,0,0.63247865,0.8974359,0.70058197,10.7973175
24367,0,1,0.25,0.6666667,0.982906,0.70058197,10.220074
24367,0,1,0.5,0.6752137,0.974359,0.70058197,11.069229
24367,0,1,0.75,0.6923077,0.94017094,0.70058197,12.694899
24367,0,1,1,0.6923077,0.82905984,0.70058197,14.3867035
24367,0,2,0,0.8632479,0.93162394,0.3807032,4.5743093
24367,0,2,0.25,0.9059829,0.95726496,0.3807032,4.149542
24367,0,2,0.5,0.8888889,0.974359,0.38070312,4.3735576
24367,0,2,0.75,0.9145299,0.96581197,0.3807032,4.8160224
24367,0,2,1,0.8974359,0.9145299,0.3807032,5.410444
24367,0,3,0,0.36752138,0.982906,0.4007261,3.1836457
24367,0,3,0.25,0.35897437,1,0.4007261,3.3602543
24367,0,3,0.5,0.35897437,0.982906,0.4007261,3.725326
24367,0,3,0.75,0.35897437,0.974359,0.4007261,4.1803646
24367,0,3,1,0.37606838,0.94017094,0.40072614,4.976677
24368,0,1,0,0.96581197,0.44444445,0.4981725,4.699796
24368,0,1,0.25,0.95726496,0.44444445,0.49817255,4.6102858
24368,0,1,0.5,0.982906,0.46153846,0.49817252,4.549068
24368,0,1,0.75,0.991453,0.45299146,0.49817252,4.581483
24368,0,1,1,1,0.46153846,0.49817252,4.6517825
24368,0,2,0,0.8803419,0.74358976,0.792948,6.962152
24368,0,2,0.25,0.8974359,0.73504275,0.79294807,6.8154263
24368,0,2,0.5,0.9230769,0.74358976,0.792948,6.725688
24368,0,2,0.75,0.94871795,0.7606838,0.792948,6.7522383
24368,0,2,1,0.95726496,0.8034188,0.792948,6.994424
24368,0,3,0,0.44444445,0.9145299,0.38503242,6.636982
24368,0,3,0.25,0.47008547,0.95726496,0.38503245,6.609185
24368,0,3,0.5,0.51282054,0.94871795,0.38503247,6.5720205
24368,0,3,0.75,0.52136755,0.94017094,0.38503247,6.3052177
24368,0,3,1,0.53846157,0.94871795,0.38503242,6.2608213
24369,0,1,0,0.82905984,0.9230769,0.40037727,3.227442
24369,0,1,0.25,0.7863248,0.9145299,0.40037742,3.2786026
24369,0,1,0.5,0.75213677,0.9059829,0.40037727,3.283568
24369,0,1,0.75,0.75213677,0.8974359,0.40037745,3.307395
24369,0,1,1,0.73504275,0.8717949,0.40037715,3.3182595
24369,0,2,0,1,0.3931624,0.2771358,2.6423993
24369,0,2,0.25,0.991453,0.37606838,0.27713552,2.68226
24369,0,2,0.5,0.991453,0.4017094,0.2771358,2.693472
24369,0,2,0.75,0.982906,0.41880342,0.2771358,2.6985397
24369,0,2,1,0.974359,0.41880342,0.2771358,2.7434254
24369,0,3,0,0.5641026,0.94017094,1.1616949,7.2738075
24369,0,3,0.25,0.5811966,0.94017094,1.161695,7.425396
24369,0,3,0.5,0.5470086,0.94017094,1.1616949,7.562178
24369,0,3,0.75,0.5470086,0.94871795,1.1616949,7.797162
24369,0,3,1,0.5641026,0.95726496,1.161695,7.9805
24370,0,1,0,0.96581197,0.3846154,1.3581427,15.67309
24370,0,1,0.25,0.96581197,0.41025642,1.3581427,15.639383
24370,0,1,0.5,0.94871795,0.41880342,1.3581425,15.903033
24370,0,1,0.75,0.9230769,0.3846154,1.3581425,15.850359
24370,0,1,1,0.974359,0.35042736,1.3581427,15.980366
24370,0,2,0,0.74358976,0.42735043,0.9526394,5.7548304
24370,0,2,0.25,0.7948718,0.4871795,0.95263964,6.0132008
24370,0,2,0.5,0.9145299,0.5726496,0.9526395,6.745118
24370,0,2,0.75,0.94871795,0.5726496,0.9526394,7.053061
24370,0,2,1,0.95726496,0.53846157,0.9526395,7.402097
24370,0,3,0,0.95726496,0.50427353,0.8856417,10.201488
24370,0,3,0.25,0.96581197,0.50427353,0.8856416,10.3653965
24370,0,3,0.5,0.93162394,0.50427353,0.88564163,10.570917
24370,0,3,0.75,0.8974359,0.47863248,0.8856415,10.56962
24370,0,3,1,0.93162394,0.44444445,0.8856417,10.857885
24371,0,1,0,0.9230769,0.6495727,0.63969684,2.5535448
24371,0,1,0.25,0.9230769,0.64102566,0.6396968,2.5070167
24371,0,1,0.5,0.94017094,0.6495727,0.6396969,2.4148622
24371,0,1,0.75,0.9145299,0.62393165,0.63969684,2.2688065
24371,0,1,1,0.94871795,0.61538464,0.63969684,2.3006787
24371,0,2,0,0.94017094,0.6923077,1.9383593,7.8335066
24371,0,2,0.25,0.93162394,0.6837607,1.9383596,7.6223617
24371,0,2,0.5,0.9230769,0.6837607,1.9383593,7.440378
24371,0,2,0.75,0.93162394,0.7008547,1.9383594,7.42499
24371,0,2,1,0.9145299,0.7094017,1.9383593,7.5859165
24371,0,3,0,0.96581197,0.6495727,0.30498874,2.6950312
24371,0,3,0.25,0.96581197,0.6666667,0.3049887,2.711874
24371,0,3,0.5,0.94017094,0.6666667,0.30498874,2.724472
24371,0,3,0.75,0.9230769,0.6581197,0.30498874,2.7179875
24371,0,3,1,0.95726496,0.61538464,0.30498874,2.6970615
24372,0,1,0,0.7008547,0.94871795,0.35985827,4.5627894
24372,0,1,0.25,0.7008547,0.96581197,0.35985804,4.605528
24372,0,1,0.5,0.6923077,0.95726496,0.3598583,4.5996037
24372,0,1,0.75,0.6581197,1,0.35985816,4.712717
24372,0,1,1,0.64102566,0.991453,0.35985816,4.838543
24372,0,2,0,0.46153846,0.96581197,0.36495125,2.8873405
24372,0,2,0.25,0.47863248,0.982906,0.3649512,2.8429666
24372,0,2,0.5,0.45299146,0.974359,0.36495125,2.9103408
24372,0,2,0.75,0.43589744,0.991453,0.36495125,2.9045458
24372,0,2,1,0.45299146,1,0.36495125,2.870507
24372,0,3,0,0.46153846,1,0.39316264,5.468199
24372,0,3,0.25,0.4871795,1,0.39316267,5.5996137
24372,0,3,0.5,0.4871795,1,0.39316267,5.700903
24372,0,3,0.75,0.52136755,0.96581197,0.39316267,5.974099
24372,0,3,1,0.53846157,0.974359,0.39316264,6.0055285
24373,0,1,0,0.82905984,0.36752138,0.35708785,4.727151
24373,0,1,0.25,0.8888889,0.3931624,0.35708785,5.207147
24373,0,1,0.5,0.9059829,0.45299146,0.35708785,5.3860598
24373,0,1,0.75,0.95726496,0.44444445,0.35708785,5.7736397
24373,0,1,1,0.982906,0.41025642,0.35708785,4.9478908
24373,0,2,0,0.6837607,0.7777778,0.34202406,3.8881497
24373,0,2,0.25,0.73504275,0.8034188,0.34202406,3.6776567
24373,0,2,0.5,0.73504275,0.8632479,0.3420241,3.6763825
24373,0,2,0.75,0.75213677,0.8974359,0.34202406,3.8971996
24373,0,2,1,0.7692308,0.8717949,0.34202406,3.516798
24373,0,3,0,0.64102566,0.7606838,0.7408999,4.350984
24373,0,3,0.25,0.6923077,0.8119658,0.7408999,4.935968
24373,0,3,0.5,0.71794873,0.8034188,0.7408999,5.024869
24373,0,3,0.75,0.7094017,0.83760685,0.7408999,4.9377346
24373,0,3,1,0.73504275,0.8632479,0.7408999,5.0427017
24374,0,1,0,0.8803419,0.83760685,0.42113137,5.8043985
24374,0,1,0.25,0.93162394,0.82051283,0.42113137,5.958741
24374,0,1,0.5,0.95726496,0.7692308,0.42113137,5.844543
24374,0,1,0.75,0.94017094,0.7863248,0.42113137,5.9014072
24374,0,1,1,0.9145299,0.8119658,0.42113137,5.9782996
24374,0,2,0,0.64102566,0.991453,0.3764481,4.957119
24374,0,2,0.25,0.6666667,1,0.3764481,5.5380173
24374,0,2,0.5,0.72649574,0.974359,0.3764481,6.1996365
24374,0,2,0.75,0.61538464,0.8717949,0.37644815,7.0350256
24374,0,2,1,0.5811966,0.94871795,0.3764481,7.6107144
24374,0,3,0,0.991453,0.73504275,0.29914513,4.2307324
24374,0,3,0.25,1,0.7606838,0.2991451,4.5233583
24374,0,3,0.5,0.94871795,0.7692308,0.2991451,4.2494035
24374,0,3,0.75,0.8974359,0.73504275,0.29914528,3.713763
24374,0,3,1,0.9145299,0.74358976,0.2991451,3.3294806
24375,0,1,0,0.60683763,0.8888889,0.6918159,8.204927
24375,0,1,0.25,0.6837607,0.8803419,0.6918155,9.174725
24375,0,1,0.5,0.7948718,0.82051283,0.6918159,10.950325
24375,0,1,0.75,0.8803419,0.7863248,0.6918155,10.181874
24375,0,1,1,0.8717949,0.7008547,0.6918159,8.258463
24375,0,2,0,0.974359,0.50427353,0.3063928,4.147554
24375,0,2,0.25,0.94017094,0.46153846,0.30639273,3.4274702
24375,0,2,0.5,1,0.45299146,0.3063928,3.0639753
24375,0,2,0.75,1,0.42735043,0.3063928,2.7986038
24375,0,2,1,0.991453,0.46153846,0.3063928,2.7999012
24375,0,3,0,0.8717949,0.7948718,0.34943658,4.268573
24375,0,3,0.25,0.8888889,0.7863248,0.34943658,3.5021195
24375,0,3,0.5,0.84615386,0.82051283,0.34943658,3.4980001
24375,0,3,0.75,0.8803419,0.83760685,0.34943658,4.032627
24375,0,3,1,0.96581197,0.7777778,0.34943658,4.319819
24376,0,1,0,0.5726496,0.7948718,1.2614703,16.071987
24376,0,1,0.25,0.5726496,0.7948718,1.2614708,16.11176
24376,0,1,0.5,0.5726496,0.7948718,1.2614703,16.216036
24376,0,1,0.75,0.5641026,0.8034188,1.2614698,16.173965
24376,0,1,1,0.5811966,0.82051283,1.2614703,16.222343
24376,0,2,0,0.8717949,0.71794873,0.6315082,8.0439625
24376,0,2,0.25,0.8717949,0.72649574,0.6315082,8.169464
24376,0,2,0.5,0.8974359,0.72649574,0.6315079,8.1759815
24376,0,2,0.75,0.8888889,0.73504275,0.631508,8.2088
24376,0,2,1,0.9145299,0.75213677,0.6315082,8.326583
24376,0,3,0,0.4017094,0.94017094,0.4732824,6.892516
24376,0,3,0.25,0.4017094,0.94017094,0.47328246,6.932167
24376,0,3,0.5,0.41025642,0.96581197,0.47328198,6.9434843
24376,0,3,0.75,0.3931624,0.94871795,0.47328204,7.0244083
24376,0,3,1,0.41025642,0.93162394,0.4732824,7.041592
24377,0,1,0,0.6837607,0.53846157,0.93438095,23.616976
24377,0,1,0.25,0.5811966,0.7008547,0.93438095,21.517529
24377,0,1,0.5,0.73504275,0.63247865,0.93438095,19.237856
24377,0,1,0.75,0.82905984,0.5726496,0.93438077,18.04867
24377,0,1,1,0.8803419,0.51282054,0.93438095,17.676254
24377,0,2,0,0.7948718,0.5470086,0.7736977,12.088684
24377,0,2,0.25,0.82905984,0.5982906,0.7736977,11.655376
24377,0,2,0.5,0.9230769,0.5897436,0.7736977,8.771994
24377,0,2,0.75,0.96581197,0.5641026,0.77369744,7.3316545
24377,0,2,1,1,0.50427353,0.7736977,6.995901
24377,0,3,0,0.93162394,0.4017094,0.42430595,6.901168
24377,0,3,0.25,0.9230769,0.4017094,0.424306,6.8418007
24377,0,3,0.5,0.974359,0.41025642,0.42430595,5.042964
24377,0,3,0.75,0.982906,0.3846154,0.4243057,4.2903843
24377,0,3,1,1,0.3931624,0.42430595,4.228529
24378,0,1,0,0.47008547,0.94871795,0.6698469,3.969613
24378,0,1,0.25,0.46153846,0.94871795,0.66984695,3.805783
24378,0,1,0.5,0.47863248,0.95726496,0.6698467,3.5993032
24378,0,1,0.75,0.4871795,0.94871795,0.66984695,3.337502
24378,0,1,1,0.4957265,0.93162394,0.66984695,3.7136579
24378,0,2,0,0.4871795,0.93162394,0.3211327,1.4529572
24378,0,2,0.25,0.4957265,0.94871795,0.32113272,1.376094
24378,0,2,0.5,0.47863248,0.94871795,0.32113272,1.2842191
24378,0,2,0.75,0.4957265,0.982906,0.32113278,1.1802099
24378,0,2,1,0.52136755,0.991453,0.32113272,1.1951423
24378,0,3,0,0.82051283,0.94871795,0.40580896,3.6386619
24378,0,3,0.25,0.82051283,0.96581197,0.40580887,3.6502628
24378,0,3,0.5,0.8034188,0.96581197,0.405809,3.760838
24378,0,3,0.75,0.8034188,0.974359,0.405809,3.801062
24378,0,3,1,0.7692308,0.974359,0.405809,3.7524557
24379,0,1,0,0.93162394,0.5726496,0.3001376,1.9648812
24379,0,1,0.25,0.974359,0.63247865,0.30013782,2.5562901
24379,0,1,0.5,0.991453,0.61538464,0.30013755,3.048732
24379,0,1,0.75,0.982906,0.6581197,0.30013758,3.1603508
24379,0,1,1,0.94017094,0.6666667,0.30013755,2.9435697
24379,0,2,0,0.82051283,0.73504275,0.79301375,4.9007173
24379,0,2,0.25,0.8632479,0.7692308,0.7930137,7.430683
24379,0,2,0.5,0.82905984,0.84615386,0.79301375,9.056215
24379,0,2,0.75,0.7777778,0.8974359,0.7930139,9.229681
24379,0,2,1,0.6923077,0.974359,0.79301375,8.3119545
24379,0,3,0,0.9145299,0.35042736,0.5391265,3.594603
24379,0,3,0.25,0.94871795,0.4871795,0.5391267,5.192683
24379,0,3,0.5,0.974359,0.47863248,0.5391265,6.218075
24379,0,3,0.75,0.991453,0.50427353,0.53912663,6.1098747
24379,0,3,1,0.9230769,0.5641026,0.5391265,5.2886806
24380,0,1,0,0.74358976,0.6837607,1.251805,16.627071
24380,0,1,0.25,0.6581197,0.5982906,1.251805,17.561872
24380,0,1,0.5,0.73504275,0.52136755,1.2518051,18.576078
24380,0,1,0.75,0.83760685,0.4871795,1.2518053,16.796753
24380,0,1,1,0.8632479,0.4871795,1.2518051,14.147184
24380,0,2,0,0.9145299,0.7692308,0.47839496,5.69377
24380,0,2,0.25,0.7948718,0.7692308,0.47839493,6.88391
24380,0,2,0.5,0.7692308,0.7948718,0.47839502,7.6967793
24380,0,2,0.75,0.7606838,0.7606838,0.47839502,7.803977
24380,0,2,1,0.7094017,0.7948718,0.47839493,6.97813
24380,0,3,0,0.73504275,0.5726496,1.2716689,15.636544
24380,0,3,0.25,0.7777778,0.5470086,1.2716689,15.086485
24380,0,3,0.5,0.74358976,0.43589744,1.2716689,14.247062
24380,0,3,0.75,0.82905984,0.47008547,1.2716688,12.025903
24380,0,3,1,0.85470086,0.4871795,1.2716688,8.932404
24381,0,1,0,0.60683763,0.9230769,0.69870687,9.055889
24381,0,1,0.25,0.62393165,0.9145299,0.6987068,9.404151
24381,0,1,0.5,0.62393165,0.9230769,0.69870687,9.538025
24381,0,1,0.75,0.61538464,0.9230769,0.69870687,9.691809
24381,0,1,1,0.5897436,0.8974359,0.6987068,9.904911
24381,0,2,0,0.8974359,0.6581197,0.4119109,5.3360023
24381,0,2,0.25,0.9230769,0.6495727,0.41191092,5.3855824
24381,0,2,0.5,0.94017094,0.6495727,0.41191092,5.576628
24381,0,2,0.75,0.8974359,0.6581197,0.41191113,5.833309
24381,0,2,1,0.8888889,0.6581197,0.411911,5.9469843
24381,0,3,0,0.41880342,0.9230769,0.36660382,5.5327287
24381,0,3,0.25,0.43589744,0.9230769,0.36660376,5.7691565
24381,0,3,0.5,0.43589744,0.9230769,0.36660382,5.75407
24381,0,3,0.75,0.43589744,0.93162394,0.3666039,5.756325
24381,0,3,1,0.41880342,0.94017094,0.36660382,5.8252487
24382,0,1,0,0.50427353,0.9145299,0.58292234,4.633791
24382,0,1,0.25,0.52991456,0.95726496,0.5829224,4.768757
24382,0,1,0.5,0.50427353,0.95726496,0.5829224,4.9810753
24382,0,1,0.75,0.52136755,0.96581197,0.5829223,5.1321273
24382,0,1,1,0.51282054,0.974359,0.5829223,5.4143186
24382,0,2,0,0.7008547,0.8119658,0.9189347,8.9782505
24382,0,2,0.25,0.7948718,0.95726496,0.91893476,8.886147
24382,0,2,0.5,0.74358976,0.9230769,0.91893476,8.81848
24382,0,2,0.75,0.7692308,0.93162394,0.9189347,9.052492
24382,0,2,1,0.73504275,0.96581197,0.9189347,9.379549
24382,0,3,0,0.5982906,0.63247865,2.175849,32.272453
24382,0,3,0.25,0.6837607,0.6495727,2.175849,31.607517
24382,0,3,0.5,0.6752137,0.6752137,2.1758487,31.896685
24382,0,3,0.75,0.6837607,0.6495727,2.1758485,32.769264
24382,0,3,1,0.6495727,0.6752137,2.1758487,34.02272
24383,0,1,0,0.9059829,0.7948718,0.26660421,3.1563654
24383,0,1,0.25,0.8974359,0.7777778,0.26660404,3.133801
24383,0,1,0.5,0.8974359,0.74358976,0.26660421,3.134437
24383,0,1,0.75,0.8803419,0.72649574,0.26660424,3.1850595
24383,0,1,1,0.83760685,0.6837607,0.26660421,3.2189255
24383,0,2,0,0.7692308,0.7094017,0.502323,5.8335924
24383,0,2,0.25,0.72649574,0.6581197,0.5023229,6.4253044
24383,0,2,0.5,0.6837607,0.62393165,0.502323,6.985551
24383,0,2,0.75,0.6837607,0.5982906,0.502323,7.843111
24383,0,2,1,0.7094017,0.5555556,0.502323,9.088015
24383,0,3,0,0.83760685,0.3931624,1.7159712,21.836292
24383,0,3,0.25,0.82051283,0.44444445,1.7159715,24.427221
24383,0,3,0.5,0.7948718,0.42735043,1.7159712,26.04948
24383,0,3,0.75,0.7094017,0.45299146,1.7159714,27.928646
24383,0,3,1,0.62393165,0.45299146,1.7159714,30.281796
24384,0,1,0,0.7008547,0.7777778,1.0630828,14.456564
24384,0,1,0.25,0.7692308,0.6923077,1.0630828,16.98542
24384,0,1,0.5,0.72649574,0.61538464,1.0630827,19.195604
24384,0,1,0.75,0.7008547,0.50427353,1.0630828,20.47934
24384,0,1,1,0.7094017,0.45299146,1.0630828,20.9504
24384,0,2,0,0.7777778,0.94871795,0.45125815,4.065547
24384,0,2,0.25,0.7863248,0.991453,0.45125815,3.8763542
24384,0,2,0.5,0.7008547,0.982906,0.45125812,3.7329226
24384,0,2,0.75,0.7692308,0.95726496,0.4512579,3.878369
24384,0,2,1,0.7777778,0.94017094,0.4512579,4.1143575
24384,0,3,0,0.991453,0.5726496,0.30496007,3.8866606
24384,0,3,0.25,0.974359,0.52991456,0.30496007,4.5207505
24384,0,3,0.5,0.96581197,0.4871795,0.30496007,4.9884458
24384,0,3,0.75,0.96581197,0.4957265,0.30496022,5.5241838
24384,0,3,1,0.95726496,0.46153846,0.30496016,5.7761216
24385,0,1,0,0.96581197,0.4017094,0.6636072,8.6279745
24385,0,1,0.25,0.96581197,0.43589744,0.66360724,8.610335
24385,0,1,0.5,0.95726496,0.44444445,0.66360724,8.518684
24385,0,1,0.75,0.96581197,0.41880342,0.66360724,8.610899
24385,0,1,1,0.94871795,0.41025642,0.6636072,8.684472
24385,0,2,0,0.53846157,0.96581197,0.28335014,5.0791535
24385,0,2,0.25,0.5470086,0.974359,0.2833501,5.2304745
24385,0,2,0.5,0.5470086,0.991453,0.28335005,5.3152094
24385,0,2,0.75,0.53846157,0.95726496,0.28335002,5.461732
24385,0,2,1,0.51282054,0.93162394,0.28335008,5.478709
24385,0,3,0,0.982906,0.6495727,0.81330377,8.93121
24385,0,3,0.25,0.974359,0.6581197,0.8133038,8.884978
24385,0,3,0.5,0.95726496,0.5982906,0.8133038,8.682856
24385,0,3,0.75,0.974359,0.61538464,0.8133038,8.990843
24385,0,3,1,0.94017094,0.5726496,0.81330377,9.05209
24386,0,1,0,0.64102566,0.96581197,0.5306884,5.333143
24386,0,1,0.25,0.60683763,0.95726496,0.53068846,5.28699
24386,0,1,0.5,0.60683763,0.982906,0.5306884,5.2927876
24386,0,1,0.75,0.62393165,0.95726496,0.5306884,5.258133
24386,0,1,1,0.62393165,0.95726496,0.5306884,5.2388983
24386,0,2,0,0.8888889,0.51282054,2.4220355,16.667782
24386,0,2,0.25,0.85470086,0.51282054,2.422036,16.574066
24386,0,2,0.5,0.8717949,0.52136755,2.4220357,16.983711
24386,0,2,0.75,0.85470086,0.51282054,2.4220355,17.108345
24386,0,2,1,0.85470086,0.4871795,2.4220355,17.75298
24386,0,3,0,0.9145299,0.9145299,0.2742042,2.7643797
24386,0,3,0.25,0.8888889,0.8974359,0.27420375,2.7905784
24386,0,3,0.5,0.8888889,0.9059829,0.27420425,2.8302777
24386,0,3,0.75,0.9059829,0.9230769,0.2742042,2.8312626
24386,0,3,1,0.9230769,0.9145299,0.2742042,2.8508348
24387,0,1,0,0.94017094,0.4017094,1.0655466,7.86491
24387,0,1,0.25,0.96581197,0.46153846,1.0655466,9.938032
24387,0,1,0.5,0.8974359,0.44444445,1.0655465,10.942666
24387,0,1,0.75,0.8803419,0.3931624,1.0655466,10.258415
24387,0,1,1,0.8632479,0.35897437,1.0655466,9.579681
24387,0,2,0,0.72649574,0.41880342,2.444331,16.557234
24387,0,2,0.25,0.72649574,0.36752138,2.444331,14.363897
24387,0,2,0.5,0.73504275,0.36752138,2.444331,14.088182
24387,0,2,0.75,0.7863248,0.44444445,2.444331,16.306545
24387,0,2,1,0.84615386,0.4957265,2.444331,19.53968
24387,0,3,0,0.94871795,0.4957265,2.5028992,8.311157
24387,0,3,0.25,0.94871795,0.47008547,2.502899,7.8887916
24387,0,3,0.5,0.94017094,0.45299146,2.5028992,7.3067503
24387,0,3,0.75,0.96581197,0.52136755,2.5028992,7.083834
24387,0,3,1,0.95726496,0.4957265,2.5028992,6.798173
24388,0,1,0,0.6581197,0.8632479,0.43015292,7.7586355
24388,0,1,0.25,0.6495727,0.8803419,0.43015298,8.239766
24388,0,1,0.5,0.6666667,0.85470086,0.43015292,8.851311
24388,0,1,0.75,0.7094017,0.8888889,0.43015292,10.112159
24388,0,1,1,0.83760685,0.8888889,0.43015298,10.615023
24388,0,2,0,0.73504275,0.5641026,1.5712332,21.05522
24388,0,2,0.25,0.8034188,0.5897436,1.5712332,22.964802
24388,0,2,0.5,0.82905984,0.5811966,1.5712332,24.441027
24388,0,2,0.75,0.83760685,0.52991456,1.5712332,25.739536
24388,0,2,1,0.8888889,0.46153846,1.571233,27.634758
24388,0,3,0,0.9230769,0.6923077,0.34491047,9.439985
24388,0,3,0.25,0.82051283,0.6752137,0.34491035,10.583971
24388,0,3,0.5,0.8803419,0.6837607,0.34491047,11.5787525
24388,0,3,0.75,0.8888889,0.6837607,0.34491044,13.027702
24388,0,3,1,0.93162394,0.6581197,0.34491044,15.050533
24389,0,1,0,1,0.8034188,1.3850547,8.014587
24389,0,1,0.25,0.94017094,0.7863248,1.3850547,7.908478
24389,0,1,0.5,0.974359,0.7606838,1.3850546,7.76482
24389,0,1,0.75,0.94871795,0.72649574,1.3850546,7.7242336
24389,0,1,1,0.95726496,0.73504275,1.3850548,7.5159836
24389,0,2,0,0.95726496,0.5897436,0.292713,2.894541
24389,0,2,0.25,0.95726496,0.60683763,0.2927128,2.8809996
24389,0,2,0.5,0.982906,0.61538464,0.29271308,2.839076
24389,0,2,0.75,0.982906,0.6495727,0.29271293,2.8157387
24389,0,2,1,0.991453,0.6495727,0.292713,2.7726626
24389,0,3,0,1,0.35897437,0.53739625,4.282742
24389,0,3,0.25,0.991453,0.35897437,0.53739625,4.4892683
24389,0,3,0.5,1,0.36752138,0.53739625,4.7132015
24389,0,3,0.75,0.991453,0.36752138,0.5373964,4.6750555
24389,0,3,1,0.991453,0.3931624,0.5373962,4.8147254
24390,0,1,0,0.6752137,0.93162394,0.33539912,3.86956
24390,0,1,0.25,0.6837607,0.93162394,0.3353991,3.9267602
24390,0,1,0.5,0.6923077,0.96581197,0.33539906,3.9769924
24390,0,1,0.75,0.6923077,0.96581197,0.33539924,4.025515
24390,0,1,1,0.7008547,0.991453,0.33539915,4.0904884
24390,0,2,0,0.9059829,0.64102566,1.3374211,20.123644
24390,0,2,0.25,0.9059829,0.61538464,1.3374212,20.154087
24390,0,2,0.5,0.93162394,0.61538464,1.3374212,20.340076
24390,0,2,0.75,0.94017094,0.62393165,1.3374213,20.626453
24390,0,2,1,0.9145299,0.5982906,1.3374212,20.347933
24390,0,3,0,0.82905984,0.8888889,0.3983568,6.8202953
24390,0,3,0.25,0.84615386,0.8888889,0.3983567,6.891591
24390,0,3,0.5,0.85470086,0.8888889,0.3983568,6.9834223
24390,0,3,0.75,0.82905984,0.8632479,0.3983568,7.0374413
24390,0,3,1,0.8717949,0.8803419,0.3983568,7.0013666
24391,0,1,0,0.7948718,0.6923077,1.8898717,16.062553
24391,0,1,0.25,0.8034188,0.6752137,1.8898718,15.799028
24391,0,1,0.5,0.7948718,0.6495727,1.8898716,15.613817
24391,0,1,0.75,0.7777778,0.6581197,1.8898718,15.719805
24391,0,1,1,0.73504275,0.64102566,1.8898717,15.292837
24391,0,2,0,0.94871795,0.71794873,0.41516498,3.62331
24391,0,2,0.25,0.94871795,0.7094017,0.4151646,3.5077357
24391,0,2,0.5,0.94871795,0.73504275,0.4151646,3.659008
24391,0,2,0.75,0.9145299,0.72649574,0.41516495,3.7347322
24391,0,2,1,0.94871795,0.7008547,0.41516498,3.7699525
24391,0,3,0,0.93162394,0.5982906,0.5243299,4.6173906
24391,0,3,0.25,0.94017094,0.62393165,0.52433,4.8595715
24391,0,3,0.5,0.95726496,0.5982906,0.5243299,5.065693
24391,0,3,0.75,0.8888889,0.5811966,0.5243299,5.191414
24391,0,3,1,0.94017094,0.5555556,0.5243299,5.302139
24392,0,1,0,0.93162394,0.74358976,0.48521686,5.517565
24392,0,1,0.25,0.94017094,0.74358976,0.48521686,5.9208536
24392,0,1,0.5,0.93162394,0.8034188,0.4852169,6.17671
24392,0,1,0.75,0.93162394,0.6837607,0.48521686,6.64087
24392,0,1,1,0.8803419,0.7094017,0.4852168,6.816514
24392,0,2,0,0.9145299,0.8717949,0.30486795,4.504183
24392,0,2,0.25,0.96581197,0.9145299,0.30486888,4.707302
24392,0,2,0.5,0.8974359,0.93162394,0.30486795,4.943928
24392,0,2,0.75,0.982906,0.93162394,0.30486888,5.0881004
24392,0,2,1,0.95726496,0.8974359,0.30486795,5.2756767
24392,0,3,0,0.7863248,0.9230769,0.63145846,10.172039
24392,0,3,0.25,0.7606838,0.93162394,0.6314575,10.630629
24392,0,3,0.5,0.7777778,0.9230769,0.63145834,10.964282
24392,0,3,0.75,0.82905984,0.9145299,0.63145757,11.455069
24392,0,3,1,0.73504275,0.8974359,0.63145846,12.051205
24393,0,1,0,1,0.4871795,0.27291793,1.8900118
24393,0,1,0.25,0.982906,0.4871795,0.27291787,1.9342837
24393,0,1,0.5,1,0.4871795,0.27291793,2.0056267
24393,0,1,0.75,0.96581197,0.47008547,0.27291754,2.0438387
24393,0,1,1,0.9230769,0.4871795,0.27291793,2.1121123
24393,0,2,0,0.5641026,0.9145299,0.34873515,3.63991
24393,0,2,0.25,0.5811966,0.9230769,0.34873515,3.7068424
24393,0,2,0.5,0.5641026,0.9230769,0.34873465,3.8949444
24393,0,2,0.75,0.5641026,0.8803419,0.34873563,3.7962666
24393,0,2,1,0.5982906,0.93162394,0.34873515,3.4736383
24393,0,3,0,0.8803419,0.7094017,0.4333058,6.619216
24393,0,3,0.25,0.8632479,0.71794873,0.43330628,6.917012
24393,0,3,0.5,0.8717949,0.7008547,0.43330586,7.379169
24393,0,3,0.75,0.8803419,0.6837607,0.4333058,7.6806846
24393,0,3,1,0.83760685,0.6837607,0.4333058,7.9380054
24394,0,1,0,0.6666667,0.982906,0.30771813,3.3252883
24394,0,1,0.25,0.64102566,0.8888889,0.30771813,3.9280546
24394,0,1,0.5,0.62393165,0.8119658,0.30771813,4.598445
24394,0,1,0.75,0.5897436,0.7777778,0.30771813,5.5618153
24394,0,1,1,0.5726496,0.71794873,0.30771813,7.59499
24394,0,2,0,0.9145299,0.37606838,0.51687706,4.992427
24394,0,2,0.25,0.9230769,0.41025642,0.51687706,5.531598
24394,0,2,0.5,0.9145299,0.37606838,0.51687706,6.06674
24394,0,2,0.75,0.95726496,0.4017094,0.51687706,7.2671947
24394,0,2,1,0.94871795,0.37606838,0.51687706,9.459504
24394,0,3,0,1,0.42735043,0.33244067,1.7651386
24394,0,3,0.25,1,0.41880342,0.33244067,2.0521998
24394,0,3,0.5,0.974359,0.46153846,0.33244067,2.7221005
24394,0,3,0.75,0.982906,0.50427353,0.3324407,3.495749
24394,0,3,1,0.95726496,0.4957265,0.33244067,5.760399
24395,0,1,0,0.8119658,0.63247865,1.0050066,10.103676
24395,0,1,0.25,0.8632479,0.5897436,1.0050063,9.362108
24395,0,1,0.5,0.9230769,0.47863248,1.0050064,8.20784
24395,0,1,0.75,0.83760685,0.41880342,1.0050066,6.494505
24395,0,1,1,0.7777778,0.3931624,1.0050066,6.3358603
24395,0,2,0,0.6666667,0.85470086,0.77691555,11.264048
24395,0,2,0.25,0.64102566,0.82051283,0.77691567,13.634571
24395,0,2,0.5,0.7094017,0.75213677,0.77691555,15.303143
24395,0,2,0.75,0.7692308,0.6837607,0.77691543,15.989765
24395,0,2,1,0.8974359,0.5982906,0.7769155,16.016619
24395,0,3,0,0.82051283,0.82051283,0.5525852,7.954573
24395,0,3,0.25,0.84615386,0.75213677,0.5525853,10.609003
24395,0,3,0.5,0.84615386,0.72649574,0.55258524,11.739777
24395,0,3,0.75,0.8632479,0.6495727,0.5525848,11.974585
24395,0,3,1,0.8888889,0.5641026,0.5525852,11.697961
24396,0,1,0,0.83760685,0.982906,0.3365271,4.225279
24396,0,1,0.25,0.7606838,0.94871795,0.3365271,4.3939495
24396,0,1,0.5,0.7606838,0.991453,0.33652708,4.6405144
24396,0,1,0.75,0.72649574,0.9145299,0.33652723,4.8242292
24396,0,1,1,0.74358976,0.8803419,0.3365272,4.8665333
24396,0,2,0,0.8632479,0.51282054,2.5473564,18.76781
24396,0,2,0.25,0.82905984,0.53846157,2.5473564,22.197151
24396,0,2,0.5,0.75213677,0.5470086,2.5473564,26.855545
24396,0,2,0.75,0.71794873,0.46153846,2.5473564,34.14509
24396,0,2,1,0.5982906,0.50427353,2.5473564,39.201195
24396,0,3,0,0.7008547,0.82051283,0.2758511,4.6620913
24396,0,3,0.25,0.75213677,0.82051283,0.275851,4.66494
24396,0,3,0.5,0.7948718,0.8119658,0.27585107,4.478326
24396,0,3,0.75,0.83760685,0.7777778,0.27585122,4.1405106
24396,0,3,1,0.8632479,0.82905984,0.2758511,3.726266
24397,0,1,0,0.7692308,0.62393165,1.8277028,14.542771
24397,0,1,0.25,0.7777778,0.61538464,1.8277028,14.410263
24397,0,1,0.5,0.7606838,0.61538464,1.8277028,14.652557
24397,0,1,0.75,0.8034188,0.6581197,1.8277028,16.047916
24397,0,1,1,0.7777778,0.64102566,1.8277028,16.558218
24397,0,2,0,0.4957265,0.7008547,1.9128288,26.093649
24397,0,2,0.25,0.47008547,0.7692308,1.9128289,26.818724
24397,0,2,0.5,0.43589744,0.7692308,1.9128288,25.550884
24397,0,2,0.75,0.4017094,0.75213677,1.9128289,24.897629
24397,0,2,1,0.35042736,0.7692308,1.9128288,23.863834
24397,0,3,0,0.7948718,0.7606838,0.43897626,5.5873117
24397,0,3,0.25,0.7692308,0.74358976,0.43897626,5.041481
24397,0,3,0.5,0.83760685,0.7948718,0.4389763,5.841238
24397,0,3,0.75,0.85470086,0.7948718,0.43897623,6.158613
24397,0,3,1,0.8717949,0.83760685,0.43897626,6.4822254
24398,0,1,0,0.5982906,0.991453,0.4040335,3.7759123
24398,0,1,0.25,0.5982906,0.982906,0.40403342,3.9585376
24398,0,1,0.5,0.5726496,0.974359,0.40403354,4.1450953
24398,0,1,0.75,0.5555556,0.95726496,0.40403336,4.3501353
24398,0,1,1,0.5555556,0.96581197,0.4040335,4.5519934
24398,0,2,0,0.5897436,0.52136755,1.7554609,25.290962
24398,0,2,0.25,0.5811966,0.52136755,1.7554607,25.690872
24398,0,2,0.5,0.5555556,0.52991456,1.7554609,25.75349
24398,0,2,0.75,0.5470086,0.52991456,1.7554606,26.248688
24398,0,2,1,0.51282054,0.51282054,1.7554606,27.208721
24398,0,3,0,0.5897436,0.974359,0.26280588,4.8856125
24398,0,3,0.25,0.5897436,0.974359,0.26280588,5.0163255
24398,0,3,0.5,0.5811966,0.974359,0.26280585,5.16582
24398,0,3,0.75,0.5555556,0.96581197,0.2628056,5.3120656
24398,0,3,1,0.5470086,0.96581197,0.26280588,5.487683
24399,0,1,0,0.974359,0.5555556,0.330184,3.535431
24399,0,1,0.25,0.982906,0.5897436,0.3301847,3.5370786
24399,0,1,0.5,0.982906,0.5726496,0.33018428,3.5739615
24399,0,1,0.75,1,0.5641026,0.33018422,3.559816
24399,0,1,1,1,0.5641026,0.330184,3.5825233
24399,0,2,0,0.41025642,0.991453,0.39811343,1.4277638
24399,0,2,0.25,0.3931624,0.991453,0.39811337,1.3827603
24399,0,2,0.5,0.41025642,1,0.39811388,1.4149357
24399,0,2,0.75,0.41025642,1,0.39811343,1.4137998
24399,0,2,1,0.41025642,1,0.39811346,1.4054103
24399,0,3,0,0.96581197,0.6923077,0.84684587,8.403829
24399,0,3,0.25,0.96581197,0.7094017,0.84684575,8.501583
24399,0,3,0.5,0.94871795,0.71794873,0.8468457,8.493948
24399,0,3,0.75,0.94871795,0.7606838,0.84684587,8.590655
24399,0,3,1,0.94017094,0.72649574,0.84684604,8.55964
24400,0,1,0,0.41880342,0.974359,0.7102747,6.994094
24400,0,1,0.25,0.41880342,0.95726496,0.71027464,6.503702
24400,0,1,0.5,0.44444445,0.94017094,0.71027464,6.07971
24400,0,1,0.75,0.45299146,0.9230769,0.71027476,5.772272
24400,0,1,1,0.47863248,0.9059829,0.71027476,5.8690996
24400,0,2,0,0.44444445,0.8974359,0.85108507,14.041731
24400,0,2,0.25,0.43589744,0.9145299,0.85108495,12.621616
24400,0,2,0.5,0.4871795,0.8974359,0.8510849,11.514283
24400,0,2,0.75,0.46153846,0.9059829,0.85108507,11.680975
24400,0,2,1,0.45299146,0.9145299,0.85108495,11.671252
24400,0,3,0,0.51282054,0.82905984,0.7383478,11.526238
24400,0,3,0.25,0.4957265,0.84615386,0.7383477,10.599169
24400,0,3,0.5,0.50427353,0.8632479,0.7383478,10.343596
24400,0,3,0.75,0.4871795,0.82051283,0.7383478,10.361332
24400,0,3,1,0.51282054,0.82905984,0.7383478,9.906731
24401,0,1,0,0.6495727,0.8803419,0.8280307,10.634651
24401,0,1,0.25,0.6581197,0.8717949,0.82803094,10.191128
24401,0,1,0.5,0.6666667,0.8717949,0.82803094,10.106884
24401,0,1,0.75,0.6837607,0.8632479,0.8280312,10.135103
24401,0,1,1,0.6752137,0.8888889,0.82803094,10.137459
24401,0,2,0,0.991453,0.64102566,0.35764182,1.8953221
24401,0,2,0.25,0.991453,0.63247865,0.35764173,1.8568206
24401,0,2,0.5,0.991453,0.62393165,0.35764185,1.8578866
24401,0,2,0.75,0.991453,0.61538464,0.35764173,1.8595605
24401,0,2,1,1,0.63247865,0.3576417,1.8638515
24401,0,3,0,0.85470086,0.5982906,0.95236593,10.27239
24401,0,3,0.25,0.8632479,0.60683763,0.95236576,10.136592
24401,0,3,0.5,0.8632479,0.62393165,0.95236576,10.2849455
24401,0,3,0.75,0.8717949,0.62393165,0.9523659,10.449662
24401,0,3,1,0.8632479,0.5982906,0.95236576,10.41152
24402,0,1,0,0.9145299,0.9059829,0.3585078,3.2278411
24402,0,1,0.25,0.9230769,0.9145299,0.35850736,3.713636
24402,0,1,0.5,0.8803419,0.8974359,0.3585079,4.6763496
24402,0,1,0.75,0.82051283,0.8717949,0.35850736,6.3173018
24402,0,1,1,0.72649574,0.7606838,0.35850736,7.2202907
24402,0,2,0,0.8974359,0.46153846,0.5916856,4.859151
24402,0,2,0.25,0.9230769,0.46153846,0.5916854,5.6081705
24402,0,2,0.5,0.8974359,0.4871795,0.5916856,6.6075845
24402,0,2,0.75,0.93162394,0.4957265,0.5916853,8.887524
24402,0,2,1,0.8888889,0.41880342,0.5916854,10.7801285
24402,0,3,0,0.94017094,0.62393165,0.393173,2.4157543
24402,0,3,0.25,0.95726496,0.6581197,0.393173,2.8924055
24402,0,3,0.5,0.8717949,0.6666667,0.39317346,3.7109613
24402,0,3,0.75,0.9230769,0.6752137,0.39317256,5.852294
24402,0,3,1,0.7777778,0.6581197,0.393173,7.416991
24403,0,1,0,0.7948718,0.71794873,0.46674997,6.8862734
24403,0,1,0.25,0.82051283,0.72649574,0.46674976,7.0543594
24403,0,1,0.5,0.85470086,0.73504275,0.46674997,6.6251783
24403,0,1,0.75,0.8717949,0.74358976,0.46674997,6.59213
24403,0,1,1,0.8717949,0.73504275,0.46675014,6.5206566
24403,0,2,0,0.83760685,0.9230769,0.4299459,4.380288
24403,0,2,0.25,0.8717949,0.9145299,0.42994606,4.164571
24403,0,2,0.5,0.8119658,0.94871795,0.42994598,3.9985843
24403,0,2,0.75,0.7948718,0.96581197,0.42994604,3.8862758
24403,0,2,1,0.8034188,0.94017094,0.4299459,3.833713
24403,0,3,0,0.974359,0.53846157,0.93641895,7.149037
24403,0,3,0.25,0.974359,0.5641026,0.9364191,7.240418
24403,0,3,0.5,0.991453,0.53846157,0.9364189,7.0867443
24403,0,3,0.75,0.991453,0.53846157,0.9364191,6.918646
24403,0,3,1,0.974359,0.5726496,0.9364188,7.0526886
24404,0,1,0,0.72649574,0.8888889,0.5980219,6.743493
24404,0,1,0.25,0.84615386,0.974359,0.59802186,6.6791787
24404,0,1,0.5,0.82051283,0.974359,0.5980219,6.9060698
24404,0,1,0.75,0.7777778,0.974359,0.5980219,7.708459
24404,0,1,1,0.71794873,0.982906,0.598022,8.964523
24404,0,2,0,0.47863248,0.93162394,0.64811516,7.8565087
24404,0,2,0.25,0.4957265,0.991453,0.6481151,7.4970155
24404,0,2,0.5,0.4957265,0.982906,0.64811516,7.9539423
24404,0,2,0.75,0.47008547,0.974359,0.64811516,8.942685
24404,0,2,1,0.4017094,0.96581197,0.64811516,10.828451
24404,0,3,0,0.95726496,0.72649574,0.40234035,5.473625
24404,0,3,0.25,0.96581197,0.73504275,0.40234023,4.692661
24404,0,3,0.5,0.96581197,0.71794873,0.40234038,4.7981753
24404,0,3,0.75,0.974359,0.7094017,0.40234035,5.267265
24404,0,3,1,0.9230769,0.7008547,0.40234035,6.3500657
24405,0,1,0,0.60683763,0.974359,0.3004529,2.4654818
24405,0,1,0.25,0.60683763,0.96581197,0.30045286,2.0411603
24405,0,1,0.5,0.64102566,1,0.3004528,1.6912696
24405,0,1,0.75,0.5982906,1,0.3004527,1.3774204
24405,0,1,1,0.5982906,0.96581197,0.3004528,1.1157029
24405,0,2,0,0.8119658,0.8974359,0.6679343,4.5073905
24405,0,2,0.25,0.8717949,0.8888889,0.6679343,4.830639
24405,0,2,0.5,0.9230769,0.8888889,0.6679343,4.940027
24405,0,2,0.75,0.9230769,0.9145299,0.66793424,5.0176754
24405,0,2,1,0.94871795,0.8717949,0.6679343,4.9830184
24405,0,3,0,0.8119658,0.82051283,1.0215708,6.1926374
24405,0,3,0.25,0.8803419,0.8974359,1.0215707,5.2937365
24405,0,3,0.5,0.8974359,0.93162394,1.0215707,4.686369
24405,0,3,0.75,0.8888889,0.9230769,1.0215708,4.221745
24405,0,3,1,0.8803419,0.9230769,1.0215708,3.7956152
24406,0,1,0,0.5470086,0.96581197,0.4750268,4.478462
24406,0,1,0.25,0.5555556,0.95726496,0.47502664,4.6897287
24406,0,1,0.5,0.5555556,0.974359,0.475027,4.708846
24406,0,1,0.75,0.5641026,0.95726496,0.47502667,4.89986
24406,0,1,1,0.5555556,0.94871795,0.4750268,5.0333576
24406,0,2,0,0.5555556,0.85470086,1.324309,15.965912
24406,0,2,0.25,0.5470086,0.82051283,1.3243093,16.333721
24406,0,2,0.5,0.52991456,0.8034188,1.324309,16.683117
24406,0,2,0.75,0.5470086,0.7948718,1.3243084,17.674194
24406,0,2,1,0.52136755,0.7948718,1.324309,18.517143
24406,0,3,0,0.991453,0.6581197,0.29210344,3.97643
24406,0,3,0.25,1,0.63247865,0.29210365,4.056096
24406,0,3,0.5,0.974359,0.61538464,0.29210344,4.016713
24406,0,3,0.75,0.94871795,0.60683763,0.29210365,4.047761
24406,0,3,1,0.96581197,0.60683763,0.29210344,4.2254386
24407,0,1,0,0.6666667,0.93162394,0.89267975,3.0200796
24407,0,1,0.25,0.7008547,0.95726496,0.89267975,3.1298308
24407,0,1,0.5,0.71794873,0.9145299,0.89267975,3.304399
24407,0,1,0.75,0.73504275,0.96581197,0.89267975,3.773128
24407,0,1,1,0.73504275,0.95726496,0.89267975,4.270218
24407,0,2,0,0.47863248,0.8888889,1.0196298,6.7577467
24407,0,2,0.25,0.44444445,0.94017094,1.0196298,5.8931546
24407,0,2,0.5,0.45299146,0.9230769,1.0196298,4.933199
24407,0,2,0.75,0.45299146,0.991453,1.0196298,4.240526
24407,0,2,1,0.43589744,0.95726496,1.0196298,3.3968153
24407,0,3,0,0.5811966,1,0.32649213,1.639564
24407,0,3,0.25,0.5641026,0.991453,0.32649213,1.8718364
24407,0,3,0.5,0.5726496,0.974359,0.32649213,2.0993977
24407,0,3,0.75,0.5726496,1,0.32649207,2.3287477
24407,0,3,1,0.53846157,0.974359,0.32649207,2.439589
24408,0,1,0,0.85470086,0.73504275,0.5084428,7.1568794
24408,0,1,0.25,0.84615386,0.72649574,0.5084428,7.269158
24408,0,1,0.5,0.82051283,0.73504275,0.5084428,7.389525
24408,0,1,0.75,0.7948718,0.73504275,0.5084428,7.506426
24408,0,1,1,0.8034188,0.74358976,0.5084428,7.670129
24408,0,2,0,0.7606838,0.96581197,0.28531793,5.3487997
24408,0,2,0.25,0.75213677,0.96581197,0.28531793,5.427822
24408,0,2,0.5,0.73504275,0.982906,0.28531793,5.414755
24408,0,2,0.75,0.71794873,0.991453,0.28531793,5.415496
24408,0,2,1,0.72649574,0.991453,0.28531793,5.473463
24408,0,3,0,0.8119658,0.3846154,1.8916689,27.362675
24408,0,3,0.25,0.82051283,0.4017094,1.891669,27.776653
24408,0,3,0.5,0.7948718,0.41025642,1.8916689,27.93782
24408,0,3,0.75,0.7777778,0.4017094,1.8916689,28.226204
24408,0,3,1,0.7863248,0.41880342,1.891669,28.680262
24409,0,1,0,0.6581197,0.9230769,0.34631956,4.0575533
24409,0,1,0.25,0.6581197,0.93162394,0.34631956,4.053892
24409,0,1,0.5,0.6752137,0.9230769,0.34631956,4.0846286
24409,0,1,0.75,0.6752137,0.93162394,0.3463191,4.0517073
24409,0,1,1,0.6666667,0.9059829,0.34631956,4.0694904
24409,0,2,0,0.982906,0.44444445,1.1406797,7.843417
24409,0,2,0.25,0.982906,0.45299146,1.1406796,7.8337355
24409,0,2,0.5,0.96581197,0.47008547,1.1406796,7.968601
24409,0,2,0.75,0.95726496,0.45299146,1.1406796,7.8129888
24409,0,2,1,0.974359,0.45299146,1.1406797,7.750846
24409,0,3,0,0.974359,0.7094017,0.35668308,5.1389675
24409,0,3,0.25,0.96581197,0.7094017,0.35668308,5.102501
24409,0,3,0.5,0.982906,0.7008547,0.35668308,5.0751038
24409,0,3,0.75,0.974359,0.6923077,0.35668308,5.0601587
24409,0,3,1,0.974359,0.6837607,0.35668308,5.016283
24410,0,1,0,0.9230769,0.8974359,0.25291857,1.0879551
24410,0,1,0.25,0.8803419,0.85470086,0.25291857,1.2638999
24410,0,1,0.5,0.8888889,0.8717949,0.25291857,1.3405757
24410,0,1,0.75,0.9059829,0.8632479,0.25291857,1.2205653
24410,0,1,1,0.93162394,0.8717949,0.25291857,1.2734208
24410,0,2,0,0.5982906,0.84615386,1.0137198,10.407812
24410,0,2,0.25,0.60683763,0.83760685,1.0137196,9.199049
24410,0,2,0.5,0.52991456,0.7692308,1.0137196,11.985406
24410,0,2,0.75,0.5555556,0.8034188,1.0137202,10.832712
24410,0,2,1,0.5811966,0.83760685,1.0137196,9.944455
24410,0,3,0,0.974359,0.6581197,0.3626558,1.2933388
24410,0,3,0.25,0.96581197,0.60683763,0.3626558,1.2571936
24410,0,3,0.5,0.991453,0.63247865,0.36265624,1.1936396
24410,0,3,0.75,0.96581197,0.64102566,0.36265624,1.0870426
24410,0,3,1,0.95726496,0.63247865,0.3626558,1.0796089
24411,0,1,0,0.974359,0.43589744,0.7987487,6.933207
24411,0,1,0.25,0.94871795,0.45299146,0.79874855,6.880109
24411,0,1,0.5,0.94017094,0.46153846,0.79874855,6.845826
24411,0,1,0.75,0.94017094,0.46153846,0.7987487,6.7707634
24411,0,1,1,0.94017094,0.47863248,0.7987486,6.9092817
24411,0,2,0,0.4957265,0.85470086,0.6017337,8.781895
24411,0,2,0.25,0.4871795,0.8717949,0.6017335,8.888844
24411,0,2,0.5,0.4957265,0.84615386,0.6017337,9.040083
24411,0,2,0.75,0.4957265,0.8717949,0.6017338,9.078819
24411,0,2,1,0.4957265,0.8632479,0.6017337,9.129348
24411,0,3,0,0.47008547,0.71794873,2.7405822,33.97118
24411,0,3,0.25,0.4871795,0.6495727,2.7405822,35.15346
24411,0,3,0.5,0.47008547,0.6581197,2.7405822,36.57228
24411,0,3,0.75,0.47008547,0.62393165,2.7405822,37.645866
24411,0,3,1,0.51282054,0.6752137,2.7405822,39.442623
24412,0,1,0,0.7863248,0.8717949,0.40240797,8.872886
24412,0,1,0.25,0.7948718,0.7777778,0.40240785,8.933268
24412,0,1,0.5,0.8803419,0.8119658,0.40240803,7.6716595
24412,0,1,0.75,0.93162394,0.8119658,0.40240797,6.0635023
24412,0,1,1,0.9059829,0.73504275,0.40240794,6.1246767
24412,0,2,0,0.93162394,0.5555556,0.39503878,8.490206
24412,0,2,0.25,0.8974359,0.47008547,0.39503855,8.947915
24412,0,2,0.5,0.9230769,0.41025642,0.3950387,8.177376
24412,0,2,0.75,0.94871795,0.4017094,0.39503872,6.2699404
24412,0,2,1,0.9230769,0.37606838,0.395039,6.342066
24412,0,3,0,0.4871795,0.95726496,0.25295442,2.6781392
24412,0,3,0.25,0.43589744,0.982906,0.25295433,4.779224
24412,0,3,0.5,0.42735043,0.96581197,0.25295454,5.77397
24412,0,3,0.75,0.4871795,0.95726496,0.25295463,3.8428857
24412,0,3,1,0.51282054,0.95726496,0.25295445,3.3663979
24413,0,1,0,0.52991456,0.8974359,0.63976574,10.904678
24413,0,1,0.25,0.52991456,0.9059829,0.6397655,10.9621105
24413,0,1,0.5,0.5555556,0.9145299,0.63976574,10.937368
24413,0,1,0.75,0.5641026,0.9145299,0.639766,10.817015
24413,0,1,1,0.5555556,0.9059829,0.63976574,10.630274
24413,0,2,0,0.44444445,0.93162394,0.37801382,8.783453
24413,0,2,0.25,0.42735043,0.93162394,0.37801358,8.641964
24413,0,2,0.5,0.44444445,0.94017094,0.37801382,8.587904
24413,0,2,0.75,0.43589744,0.94017094,0.37801406,8.55724
24413,0,2,1,0.42735043,0.9230769,0.37801382,8.292473
24413,0,3,0,0.42735043,0.96581197,0.45347443,7.8827744
24413,0,3,0.25,0.41880342,0.96581197,0.4534742,7.8200903
24413,0,3,0.5,0.42735043,0.96581197,0.45347443,7.6449842
24413,0,3,0.75,0.44444445,0.94017094,0.45347464,7.88721
24413,0,3,1,0.46153846,0.93162394,0.45347443,7.879967
24414,0,1,0,0.6837607,0.8034188,0.5564959,8.189471
24414,0,1,0.25,0.5982906,0.82051283,0.55649585,8.049372
24414,0,1,0.5,0.5811966,0.8632479,0.5564959,7.1104727
24414,0,1,0.75,0.5811966,0.8717949,0.556496,6.1701784
24414,0,1,1,0.5982906,0.95726496,0.55649596,4.070674
24414,0,2,0,0.82905984,0.5811966,1.2956336,14.322968
24414,0,2,0.25,0.73504275,0.53846157,1.2956336,10.664032
24414,0,2,0.5,0.6923077,0.5811966,1.2956334,9.836338
24414,0,2,0.75,0.6666667,0.63247865,1.2956334,9.320768
24414,0,2,1,0.7008547,0.6666667,1.2956334,12.843065
24414,0,3,0,0.8632479,0.84615386,0.3325596,2.5768652
24414,0,3,0.25,0.7863248,0.7863248,0.33255962,2.3969011
24414,0,3,0.5,0.8119658,0.7692308,0.3325596,2.9646149
24414,0,3,0.75,0.85470086,0.83760685,0.33255965,3.7651045
24414,0,3,1,0.9230769,0.82051283,0.33255962,4.4077535
24415,0,1,0,0.73504275,0.47008547,1.3612442,9.950605
24415,0,1,0.25,0.71794873,0.47863248,1.3612438,11.436842
24415,0,1,0.5,0.71794873,0.45299146,1.3612442,12.651697
24415,0,1,0.75,0.63247865,0.45299146,1.3612448,13.014732
24415,0,1,1,0.62393165,0.41880342,1.3612442,14.157477
24415,0,2,0,0.974359,0.37606838,0.35636795,1.8372259
24415,0,2,0.25,0.95726496,0.3931624,0.35636795,1.8595018
24415,0,2,0.5,0.93162394,0.43589744,0.35636827,1.8454298
24415,0,2,0.75,0.93162394,0.44444445,0.35636863,1.787725
24415,0,2,1,0.9230769,0.44444445,0.35636795,1.772202
24415,0,3,0,0.84615386,0.41025642,0.8238314,11.771353
24415,0,3,0.25,0.82905984,0.3931624,0.8238316,12.527588
24415,0,3,0.5,0.8119658,0.41880342,0.8238314,12.651427
24415,0,3,0.75,0.7863248,0.41025642,0.82383156,13.228552
24415,0,3,1,0.7948718,0.41880342,0.8238314,13.241759
24416,0,1,0,0.62393165,0.982906,0.2631389,3.4030876
24416,0,1,0.25,0.6581197,0.974359,0.2631389,3.797236
24416,0,1,0.5,0.53846157,0.982906,0.2631389,3.9449248
24416,0,1,0.75,0.5726496,0.991453,0.2631389,4.3808146
24416,0,1,1,0.5726496,1,0.26313883,4.6548605
24416,0,2,0,0.8034188,0.974359,0.6943976,8.453564
24416,0,2,0.25,0.7863248,0.9230769,0.6943976,9.467477
24416,0,2,0.5,0.6752137,0.9059829,0.6943976,10.760311
24416,0,2,0.75,0.61538464,0.94017094,0.6943975,12.015345
24416,0,2,1,0.52136755,0.9230769,0.6943975,12.308117
24416,0,3,0,0.974359,0.82905984,0.30298454,4.539097
24416,0,3,0.25,0.96581197,0.7606838,0.3029846,4.61679
24416,0,3,0.5,0.94871795,0.7008547,0.30298457,4.6606107
24416,0,3,0.75,0.982906,0.6837607,0.30298457,4.544894
24416,0,3,1,0.95726496,0.7094017,0.3029846,4.258071
24417,0,1,0,0.74358976,0.61538464,1.9050055,24.623466
24417,0,1,0.25,0.7692308,0.6495727,1.9050057,24.857872
24417,0,1,0.5,0.74358976,0.6666667,1.9050056,24.80973
24417,0,1,0.75,0.75213677,0.6581197,1.9050056,24.118275
24417,0,1,1,0.75213677,0.6666667,1.9050056,23.893742
24417,0,2,0,0.6752137,0.7008547,2.6728735,39.484756
24417,0,2,0.25,0.6837607,0.7094017,2.6728733,39.468796
24417,0,2,0.5,0.6837607,0.7008547,2.6728735,39.338722
24417,0,2,0.75,0.6752137,0.7094017,2.6728733,38.895054
24417,0,2,1,0.6837607,0.7094017,2.6728733,38.45201
24417,0,3,0,0.974359,0.60683763,0.3881508,3.1108541
24417,0,3,0.25,0.982906,0.5726496,0.38815084,3.079515
24417,0,3,0.5,1,0.61538464,0.3881507,3.0873652
24417,0,3,0.75,1,0.64102566,0.3881507,3.0587897
24417,0,3,1,0.991453,0.64102566,0.3881508,3.0332513
24418,0,1,0,0.982906,0.6666667,0.26197886,3.1854486
24418,0,1,0.25,0.991453,0.6752137,0.26197886,3.1799855
24418,0,1,0.5,0.982906,0.7094017,0.26197886,3.317326
24418,0,1,0.75,0.93162394,0.73504275,0.26197898,3.3354094
24418,0,1,1,0.94871795,0.72649574,0.26197886,3.3568583
24418,0,2,0,0.8632479,0.5726496,0.29136103,9.112293
24418,0,2,0.25,0.85470086,0.5982906,0.29136103,9.017097
24418,0,2,0.5,0.85470086,0.5982906,0.29136103,8.955866
24418,0,2,0.75,0.83760685,0.5726496,0.29136103,9.29434
24418,0,2,1,0.83760685,0.5726496,0.29136103,9.486065
24418,0,3,0,0.6923077,0.60683763,0.51684344,11.2082405
24418,0,3,0.25,0.6495727,0.5897436,0.5168435,12.059797
24418,0,3,0.5,0.62393165,0.5470086,0.5168434,12.52491
24418,0,3,0.75,0.5982906,0.5555556,0.5168435,13.50155
24418,0,3,1,0.5982906,0.52136755,0.51684344,13.865203
24419,0,1,0,0.9230769,0.36752138,0.489675,8.2232
24419,0,1,0.25,0.93162394,0.45299146,0.4896746,7.0786724
24419,0,1,0.5,0.982906,0.46153846,0.489675,5.5645366
24419,0,1,0.75,0.94871795,0.46153846,0.489675,4.311332
24419,0,1,1,1,0.43589744,0.489675,3.9374611
24419,0,2,0,0.7008547,0.8717949,0.4549885,6.7652817
24419,0,2,0.25,0.6923077,0.93162394,0.4549881,8.26168
24419,0,2,0.5,0.6581197,0.94871795,0.4549885,8.755223
24419,0,2,0.75,0.53846157,0.974359,0.45498866,8.151755
24419,0,2,1,0.47008547,0.96581197,0.45498866,7.043422
24419,0,3,0,0.52991456,0.95726496,0.37542638,5.001669
24419,0,3,0.25,0.5982906,0.95726496,0.37542668,4.3565855
24419,0,3,0.5,0.5897436,0.982906,0.37542638,3.5449724
24419,0,3,0.75,0.5982906,0.991453,0.37542638,3.058826
24419,0,3,1,0.62393165,1,0.37542638,3.0405252
24420,0,1,0,0.7606838,0.8888889,0.26478934,5.576411
24420,0,1,0.25,0.75213677,0.8803419,0.26478934,5.5856247
24420,0,1,0.5,0.7606838,0.8717949,0.26478934,5.6077356
24420,0,1,0.75,0.7692308,0.8888889,0.26478934,5.6185937
24420,0,1,1,0.7606838,0.8888889,0.26478934,5.641323
24420,0,2,0,0.8888889,0.974359,0.4331773,7.9783792
24420,0,2,0.25,0.8803419,0.982906,0.4331773,7.8393493
24420,0,2,0.5,0.8632479,0.974359,0.4331773,7.6286864
24420,0,2,0.75,0.8717949,0.94871795,0.4331773,7.4360046
24420,0,2,1,0.8717949,0.94017094,0.4331773,7.185911
24420,0,3,0,0.8974359,0.7606838,0.655647,11.28668
24420,0,3,0.25,0.9059829,0.7692308,0.655647,11.367932
24420,0,3,0.5,0.8974359,0.7692308,0.655647,11.575684
24420,0,3,0.75,0.9145299,0.74358976,0.655647,11.524042
24420,0,3,1,0.84615386,0.75213677,0.655647,11.6963005
24421,0,1,0,0.74358976,0.4957265,2.5764978,10.05665
24421,0,1,0.25,0.72649574,0.5555556,2.5764983,9.621131
24421,0,1,0.5,0.7777778,0.5641026,2.5764973,9.570475
24421,0,1,0.75,0.7777778,0.5555556,2.5764978,9.464645
24421,0,1,1,0.7948718,0.5897436,2.5764978,9.736507
24421,0,2,0,0.93162394,0.41025642,0.37180984,3.2042983
24421,0,2,0.25,0.974359,0.3846154,0.3718103,3.2199147
24421,0,2,0.5,0.94871795,0.35897437,0.3718103,3.1986356
24421,0,2,0.75,0.94871795,0.35897437,0.3718103,3.203907
24421,0,2,1,0.9059829,0.35042736,0.37180984,3.126772
24421,0,3,0,0.61538464,0.8803419,1.108487,2.7828684
24421,0,3,0.25,0.61538464,0.8717949,1.1084871,2.5715134
24421,0,3,0.5,0.60683763,0.8803419,1.1084868,2.6452923
24421,0,3,0.75,0.5726496,0.9059829,1.1084867,2.7485583
24421,0,3,1,0.5897436,0.9145299,1.1084867,3.0054183
24422,0,1,0,0.7606838,0.974359,0.27759627,1.4909859
24422,0,1,0.25,0.73504275,0.991453,0.2775962,1.4401289
24422,0,1,0.5,0.74358976,0.8888889,0.27759618,1.3796504
24422,0,1,0.75,0.74358976,0.8974359,0.2775962,1.3525047
24422,0,1,1,0.6837607,0.9230769,0.2775963,1.313433
24422,0,2,0,0.8717949,0.5897436,0.44192293,4.3513737
24422,0,2,0.25,0.8717949,0.5726496,0.44192293,4.254386
24422,0,2,0.5,0.9145299,0.5811966,0.44192302,4.0893464
24422,0,2,0.75,0.9059829,0.5811966,0.44192308,4.0461493
24422,0,2,1,0.8888889,0.60683763,0.44192293,3.9311953
24422,0,3,0,0.93162394,0.64102566,0.26102012,1.9934316
24422,0,3,0.25,0.93162394,0.6581197,0.2610201,1.939116
24422,0,3,0.5,0.94017094,0.6581197,0.26102015,1.901305
24422,0,3,0.75,0.9230769,0.6581197,0.2610201,1.8894118
24422,0,3,1,0.9230769,0.64102566,0.26102012,1.8458247
24423,0,1,0,0.9059829,0.72649574,0.28235587,5.665048
24423,0,1,0.25,0.8974359,0.7094017,0.28235587,5.5349894
24423,0,1,0.5,0.8974359,0.7094017,0.28235587,5.3769646
24423,0,1,0.75,0.8974359,0.7094017,0.28235552,5.372736
24423,0,1,1,0.9230769,0.7008547,0.28235587,5.2325993
24423,0,2,0,0.51282054,0.982906,0.35736194,6.7476177
24423,0,2,0.25,0.51282054,0.982906,0.35736194,6.8319025
24423,0,2,0.5,0.51282054,0.982906,0.3573619,6.8379917
24423,0,2,0.75,0.53846157,0.982906,0.3573619,7.155572
24423,0,2,1,0.52136755,0.94017094,0.35736194,7.2496977
24423,0,3,0,0.982906,0.71794873,0.26178592,3.655236
24423,0,3,0.25,1,0.6837607,0.2617855,3.5594125
24423,0,3,0.5,0.991453,0.6923077,0.26178592,3.5076559
24423,0,3,0.75,1,0.6752137,0.26178592,3.5939944
24423,0,3,1,1,0.64102566,0.26178592,3.605772
24424,0,1,0,0.82905984,0.52991456,0.5734019,11.319469
24424,0,1,0.25,0.7948718,0.5470086,0.5734019,11.816029
24424,0,1,0.5,0.82051283,0.52991456,0.5734019,11.845764
24424,0,1,0.75,0.82905984,0.4871795,0.573402,12.148319
24424,0,1,1,0.7777778,0.4871795,0.5734019,12.1904335
24424,0,2,0,0.45299146,0.5555556,1.3139776,20.475626
24424,0,2,0.25,0.47863248,0.53846157,1.3139776,21.474888
24424,0,2,0.5,0.4957265,0.5470086,1.3139776,22.045424
24424,0,2,0.75,0.4871795,0.53846157,1.3139776,23.273743
24424,0,2,1,0.4871795,0.5470086,1.3139776,24.062199
24424,0,3,0,0.991453,0.41880342,0.31781948,5.4547977
24424,0,3,0.25,1,0.43589744,0.3178195,5.608821
24424,0,3,0.5,1,0.43589744,0.31781948,5.839187
24424,0,3,0.75,0.991453,0.41880342,0.31781948,5.7981024
24424,0,3,1,0.95726496,0.41025642,0.31781948,5.784766
24425,0,1,0,0.5470086,0.8717949,1.0884134,11.418047
24425,0,1,0.25,0.51282054,0.9230769,1.0884132,10.985249
24425,0,1,0.5,0.52136755,0.9059829,1.0884134,10.343342
24425,0,1,0.75,0.51282054,0.8717949,1.0884134,10.556919
24425,0,1,1,0.41025642,0.8803419,1.0884134,9.799226
24425,0,2,0,0.51282054,0.9059829,0.67010325,4.9032693
24425,0,2,0.25,0.52136755,0.9230769,0.67010355,4.0696483
24425,0,2,0.5,0.52136755,0.94871795,0.67010325,3.5640411
24425,0,2,0.75,0.5641026,0.982906,0.67010325,3.2417254
24425,0,2,1,0.52991456,0.9230769,0.67010343,2.732967
24425,0,3,0,0.52136755,0.8888889,0.70602596,5.81586
24425,0,3,0.25,0.50427353,0.93162394,0.7060259,5.9243064
24425,0,3,0.5,0.4957265,0.9059829,0.70602596,6.0670996
24425,0,3,0.75,0.4957265,0.94017094,0.70602596,6.3448114
24425,0,3,1,0.44444445,0.9059829,0.7060261,6.2479773
24426,0,1,0,1,0.47863248,0.28233507,3.8245506
24426,0,1,0.25,0.974359,0.47008547,0.28233534,3.988309
24426,0,1,0.5,0.991453,0.50427353,0.28233507,4.0502453
24426,0,1,0.75,1,0.50427353,0.28233516,4.0999446
24426,0,1,1,1,0.46153846,0.28233507,4.21889
24426,0,2,0,0.7777778,0.5470086,1.3663219,16.112934
24426,0,2,0.25,0.74358976,0.53846157,1.3663219,15.497048
24426,0,2,0.5,0.75213677,0.5555556,1.3663219,15.98781
24426,0,2,0.75,0.7094017,0.5641026,1.3663224,15.878029
24426,0,2,1,0.7008547,0.5726496,1.366322,16.066408
24426,0,3,0,0.47863248,0.8034188,1.2933133,14.045263
24426,0,3,0.25,0.46153846,0.82051283,1.2933137,14.225465
24426,0,3,0.5,0.47863248,0.8034188,1.2933135,14.656935
24426,0,3,0.75,0.47863248,0.7948718,1.2933135,14.626355
24426,0,3,1,0.47863248,0.8034188,1.2933133,14.574847
24427,0,1,0,0.6666667,0.8888889,0.63133156,12.643205
24427,0,1,0.25,0.6837607,0.9145299,0.6313312,12.494457
24427,0,1,0.5,0.7094017,0.93162394,0.63133156,12.271067
24427,0,1,0.75,0.7008547,0.93162394,0.63133144,11.616625
24427,0,1,1,0.71794873,0.93162394,0.63133156,11.4884405
24427,0,2,0,0.96581197,0.5897436,0.58926135,8.313968
24427,0,2,0.25,0.96581197,0.5982906,0.58926105,8.25585
24427,0,2,0.5,0.96581197,0.60683763,0.58926135,8.2076
24427,0,2,0.75,0.96581197,0.5982906,0.5892616,8.129852
24427,0,2,1,0.96581197,0.5982906,0.58926135,7.918401
24427,0,3,0,0.63247865,0.52136755,1.6111016,26.038036
24427,0,3,0.25,0.6495727,0.50427353,1.6111017,27.068974
24427,0,3,0.5,0.64102566,0.53846157,1.6111016,27.311369
24427,0,3,0.75,0.6495727,0.52991456,1.6111014,26.982225
24427,0,3,1,0.6581197,0.52991456,1.6111016,26.472826
24428,0,1,0,0.9059829,0.8717949,0.2962373,5.526948
24428,0,1,0.25,0.9059829,0.84615386,0.2962373,5.490884
24428,0,1,0.5,0.8717949,0.84615386,0.29623726,5.315936
24428,0,1,0.75,0.8632479,0.82905984,0.2962373,5.2046747
24428,0,1,1,0.83760685,0.83760685,0.2962373,5.127897
24428,0,2,0,0.982906,0.6581197,0.27035704,5.484165
24428,0,2,0.25,0.991453,0.64102566,0.27035704,5.4008684
24428,0,2,0.5,0.96581197,0.62393165,0.27035704,5.2722282
24428,0,2,0.75,0.991453,0.61538464,0.27035704,5.10752
24428,0,2,1,0.96581197,0.5982906,0.27035704,4.8615313
24428,0,3,0,0.46153846,0.93162394,0.4030826,5.8783627
24428,0,3,0.25,0.47008547,0.93162394,0.4030826,6.14419
24428,0,3,0.5,0.47008547,0.94871795,0.40308258,6.401899
24428,0,3,0.75,0.47008547,0.93162394,0.4030826,6.786131
24428,0,3,1,0.47008547,0.982906,0.4030826,6.778073
24429,0,1,0,0.7948718,0.5726496,1.2222422,11.25601
24429,0,1,0.25,0.8632479,0.62393165,1.2222422,11.496998
24429,0,1,0.5,0.8632479,0.5726496,1.2222421,11.077854
24429,0,1,0.75,0.83760685,0.61538464,1.2222422,11.01924
24429,0,1,1,0.8119658,0.5470086,1.2222422,11.511469
24429,0,2,0,0.7692308,0.95726496,0.33501714,5.630423
24429,0,2,0.25,0.7863248,0.9145299,0.33501726,5.2780137
24429,0,2,0.5,0.7777778,0.94871795,0.33501714,5.0795317
24429,0,2,0.75,0.7692308,0.982906,0.3350171,4.982649
24429,0,2,1,0.7777778,0.96581197,0.33501714,4.9512844
24429,0,3,0,1,0.4957265,0.9200704,3.9257073
24429,0,3,0.25,0.982906,0.47863248,0.92007035,3.58825
24429,0,3,0.5,0.974359,0.47863248,0.92007047,3.38705
24429,0,3,0.75,0.982906,0.47863248,0.9200704,3.2484589
24429,0,3,1,1,0.4871795,0.92007047,3.224143
24430,0,1,0,0.74358976,0.96581197,0.40060258,7.230219
24430,0,1,0.25,0.73504275,0.96581197,0.40060237,6.9871473
24430,0,1,0.5,0.73504275,0.96581197,0.4006028,6.8205566
24430,0,1,0.75,0.72649574,0.95726496,0.4006024,6.5179725
24430,0,1,1,0.72649574,0.94871795,0.40060258,6.3158846
24430,0,2,0,0.83760685,0.4871795,1.006267,15.330257
24430,0,2,0.25,0.85470086,0.50427353,1.006267,15.353029
24430,0,2,0.5,0.8717949,0.52991456,1.0062667,15.723632
24430,0,2,0.75,0.84615386,0.53846157,1.006267,15.795361
24430,0,2,1,0.83760685,0.53846157,1.006267,15.760499
24430,0,3,0,0.72649574,0.9230769,0.29113463,4.813942
24430,0,3,0.25,0.7777778,0.94871795,0.2911348,4.701562
24430,0,3,0.5,0.7948718,0.93162394,0.29113463,4.581939
24430,0,3,0.75,0.82051283,0.94017094,0.29113483,4.483567
24430,0,3,1,0.83760685,0.94017094,0.29113463,4.43414
24431,0,1,0,0.84615386,0.61538464,0.6311073,10.161357
24431,0,1,0.25,0.8974359,0.5982906,0.6311069,9.905978
24431,0,1,0.5,0.8974359,0.63247865,0.6311073,9.757839
24431,0,1,0.75,0.9059829,0.60683763,0.6311069,9.462108
24431,0,1,1,0.9059829,0.60683763,0.6311073,9.340229
24431,0,2,0,0.9145299,0.5641026,0.53792596,7.1264014
24431,0,2,0.25,0.9145299,0.5897436,0.53792596,6.9869328
24431,0,2,0.5,0.982906,0.5982906,0.53792596,6.6949863
24431,0,2,0.75,0.8974359,0.60683763,0.5379257,6.5216722
24431,0,2,1,0.94017094,0.62393165,0.537926,6.326956
24431,0,3,0,0.96581197,0.52991456,0.292347,4.593508
24431,0,3,0.25,0.95726496,0.52136755,0.29234698,4.5405836
24431,0,3,0.5,0.95726496,0.5470086,0.29234698,4.490168
24431,0,3,0.75,0.94017094,0.5470086,0.29234707,4.411277
24431,0,3,1,0.974359,0.5641026,0.292347,4.3479505
24432,0,1,0,0.72649574,0.73504275,1.0485839,20.725931
24432,0,1,0.25,0.8119658,0.73504275,1.048584,20.32896
24432,0,1,0.5,0.82051283,0.75213677,1.0485839,19.98587
24432,0,1,0.75,0.82905984,0.7606838,1.0485837,19.565346
24432,0,1,1,0.8034188,0.75213677,1.0485839,19.150852
24432,0,2,0,0.4957265,0.84615386,0.8529021,20.415749
24432,0,2,0.25,0.53846157,0.8632479,0.8529022,20.343315
24432,0,2,0.5,0.5641026,0.8632479,0.8529021,20.33334
24432,0,2,0.75,0.5982906,0.8803419,0.8529021,19.860695
24432,0,2,1,0.5726496,0.9145299,0.8529021,19.027454
24432,0,3,0,0.43589744,0.84615386,0.6462282,14.08605
24432,0,3,0.25,0.41025642,0.85470086,0.64622796,13.342412
24432,0,3,0.5,0.37606838,0.8888889,0.64622825,12.913854
24432,0,3,0.75,0.3931624,0.8888889,0.64622825,12.81423
24432,0,3,1,0.37606838,0.8974359,0.6462283,12.194545
24433,0,1,0,0.95726496,0.5555556,0.5369993,6.2346625
24433,0,1,0.25,0.94871795,0.5726496,0.5369995,6.1165967
24433,0,1,0.5,0.974359,0.5897436,0.5369993,5.621191
24433,0,1,0.75,0.96581197,0.61538464,0.5369995,5.3317246
24433,0,1,1,0.95726496,0.61538464,0.5369993,4.9586453
24433,0,2,0,0.85470086,0.50427353,0.31897828,4.840975
24433,0,2,0.25,0.8888889,0.51282054,0.31897828,4.852318
24433,0,2,0.5,0.8717949,0.51282054,0.31897807,4.560202
24433,0,2,0.75,0.9145299,0.5811966,0.31897828,4.2231555
24433,0,2,1,0.9059829,0.5811966,0.3189783,4.0477886
24433,0,3,0,0.8717949,0.8034188,0.2806929,6.028292
24433,0,3,0.25,0.8888889,0.7948718,0.28069282,5.8440666
24433,0,3,0.5,0.9059829,0.7948718,0.28069302,5.605677
24433,0,3,0.75,0.8717949,0.8119658,0.2806928,5.062886
24433,0,3,1,0.8717949,0.82905984,0.2806929,4.5536585
24434,0,1,0,0.82051283,0.73504275,1.4038929,16.57218
24434,0,1,0.25,0.8717949,0.6495727,1.4038929,13.942177
24434,0,1,0.5,0.94017094,0.5982906,1.4038929,11.424663
24434,0,1,0.75,0.974359,0.5470086,1.4038928,8.6344795
24434,0,1,1,0.974359,0.47008547,1.4038928,7.5102625
24434,0,2,0,0.8717949,0.8803419,0.66707677,7.9889393
24434,0,2,0.25,0.9230769,0.8034188,0.6670767,9.694752
24434,0,2,0.5,0.8888889,0.6495727,0.6670767,10.625223
24434,0,2,0.75,0.94871795,0.5897436,0.66707647,10.012127
24434,0,2,1,0.95726496,0.4957265,0.66707665,8.481266
24434,0,3,0,0.75213677,1,0.63070256,4.877863
24434,0,3,0.25,0.7606838,0.95726496,0.6307026,6.1711817
24434,0,3,0.5,0.6666667,0.9059829,0.63070256,9.241056
24434,0,3,0.75,0.8034188,0.83760685,0.63070244,9.906708
24434,0,3,1,0.8717949,0.7094017,0.6307027,10.175873
24435,0,1,0,0.8974359,0.6495727,0.63930994,11.773483
24435,0,1,0.25,0.85470086,0.61538464,0.6393103,11.912444
24435,0,1,0.5,0.82051283,0.71794873,0.63931,12.4098625
24435,0,1,0.75,0.74358976,0.7777778,0.6393096,12.670567
24435,0,1,1,0.8119658,0.8119658,0.63930994,11.927812
24435,0,2,0,0.95726496,0.47008547,1.1628274,13.760225
24435,0,2,0.25,0.96581197,0.50427353,1.1628274,14.810246
24435,0,2,0.5,0.93162394,0.5641026,1.1628274,15.732643
24435,0,2,0.75,0.95726496,0.61538464,1.1628274,16.68533
24435,0,2,1,0.95726496,0.6923077,1.1628274,16.569584
24435,0,3,0,0.5982906,0.96581197,0.4118398,4.442911
24435,0,3,0.25,0.60683763,0.991453,0.41183987,4.698883
24435,0,3,0.5,0.61538464,1,0.41183984,5.0599427
24435,0,3,0.75,0.62393165,0.95726496,0.41183966,5.8237276
24435,0,3,1,0.5897436,0.991453,0.4118398,5.195981
24436,0,1,0,0.84615386,0.7948718,1.1575913,13.763608
24436,0,1,0.25,0.8717949,0.7948718,1.1575912,13.587385
24436,0,1,0.5,0.8717949,0.7948718,1.1575915,13.43042
24436,0,1,0.75,0.8803419,0.8034188,1.1575913,13.301714
24436,0,1,1,0.8717949,0.7777778,1.1575913,13.348686
24436,0,2,0,0.94017094,0.61538464,0.3872653,4.6081324
24436,0,2,0.25,0.95726496,0.60683763,0.38726526,4.5842113
24436,0,2,0.5,0.96581197,0.5897436,0.38726535,4.5660934
24436,0,2,0.75,0.9230769,0.5897436,0.3872652,4.546916
24436,0,2,1,0.93162394,0.5982906,0.3872653,4.511845
24436,0,3,0,0.6666667,0.6923077,1.7262578,14.464844
24436,0,3,0.25,0.6666667,0.73504275,1.7262576,14.158353
24436,0,3,0.5,0.6752137,0.72649574,1.7262577,13.946969
24436,0,3,0.75,0.6837607,0.73504275,1.7262578,13.375612
24436,0,3,1,0.6752137,0.7606838,1.7262578,13.074541
24437,0,1,0,0.94017094,0.35042736,0.7062914,7.9882135
24437,0,1,0.25,0.94017094,0.35897437,0.7062915,8.062528
24437,0,1,0.5,0.94017094,0.36752138,0.70629144,8.249849
24437,0,1,0.75,0.9230769,0.36752138,0.7062915,8.2955065
24437,0,1,1,0.9230769,0.36752138,0.7062914,8.535513
24437,0,2,0,0.60683763,0.7948718,0.54657006,3.7239954
24437,0,2,0.25,0.5897436,0.8119658,0.5465701,3.7949111
24437,0,2,0.5,0.5641026,0.8119658,0.54657,3.8229632
24437,0,2,0.75,0.5641026,0.8034188,0.54657006,3.7423253
24437,0,2,1,0.5982906,0.8034188,0.54657006,3.8706288
24437,0,3,0,0.5470086,0.71794873,0.7368243,5.937192
24437,0,3,0.25,0.5470086,0.71794873,0.7368243,6.0596495
24437,0,3,0.5,0.5641026,0.7094017,0.7368241,6.5821447
24437,0,3,0.75,0.5641026,0.7008547,0.73682433,6.837408
24437,0,3,1,0.5555556,0.6923077,0.73682433,6.656876
24438,0,1,0,0.61538464,0.45299146,1.6699998,22.191715
24438,0,1,0.25,0.5982906,0.53846157,1.6699998,24.247816
24438,0,1,0.5,0.5470086,0.5982906,1.6699997,25.743597
24438,0,1,0.75,0.47008547,0.5897436,1.6699998,20.287462
24438,0,1,1,0.52136755,0.6666667,1.6699998,23.247705
24438,0,2,0,0.95726496,0.41880342,0.6502292,8.153554
24438,0,2,0.25,0.982906,0.37606838,0.6502292,8.010354
24438,0,2,0.5,0.93162394,0.35897437,0.6502292,8.911341
24438,0,2,0.75,0.96581197,0.4017094,0.65022916,7.678349
24438,0,2,1,0.974359,0.43589744,0.6502292,6.2403235
24438,0,3,0,0.8119658,0.71794873,0.6035777,9.961217
24438,0,3,0.25,0.8888889,0.63247865,0.6035777,9.773985
24438,0,3,0.5,0.84615386,0.6495727,0.6035778,11.200647
24438,0,3,0.75,0.8803419,0.6923077,0.6035777,9.90934
24438,0,3,1,0.94017094,0.71794873,0.60357773,7.417245
24439,0,1,0,0.5555556,0.5726496,2.9096062,24.118237
24439,0,1,0.25,0.6581197,0.6581197,2.9096062,17.521461
24439,0,1,0.5,0.7606838,0.6752137,2.9096062,12.4077635
24439,0,1,0.75,0.82905984,0.71794873,2.9096062,9.680862
24439,0,1,1,0.974359,0.64102566,2.9096062,8.557936
24439,0,2,0,0.991453,0.53846157,0.3603434,3.5620947
24439,0,2,0.25,0.95726496,0.52991456,0.36034343,3.0223994
24439,0,2,0.5,1,0.51282054,0.36034337,2.5882092
24439,0,2,0.75,1,0.46153846,0.3603435,2.2234573
24439,0,2,1,0.991453,0.52136755,0.36034337,1.8886387
24439,0,3,0,0.7008547,0.8888889,0.85933393,5.3800554
24439,0,3,0.25,0.72649574,0.9059829,0.85933393,4.3310447
24439,0,3,0.5,0.74358976,0.9059829,0.859334,3.6467865
24439,0,3,0.75,0.75213677,0.9059829,0.859334,3.1657248
24439,0,3,1,0.75213677,0.991453,0.859334,2.8725533
24440,0,1,0,0.74358976,0.974359,0.4008447,4.65786
24440,0,1,0.25,0.7606838,0.982906,0.4008447,4.677985
24440,0,1,0.5,0.74358976,0.982906,0.40084422,4.670268
24440,0,1,0.75,0.75213677,0.974359,0.4008447,4.7480745
24440,0,1,1,0.7777778,0.95726496,0.4008447,4.92699
24440,0,2,0,0.52991456,0.95726496,0.34608713,4.564742
24440,0,2,0.25,0.53846157,0.95726496,0.34608713,4.5352683
24440,0,2,0.5,0.50427353,0.982906,0.34608716,4.455172
24440,0,2,0.75,0.52991456,0.96581197,0.34608716,4.4295206
24440,0,2,1,0.52991456,0.95726496,0.34608713,4.423973
24440,0,3,0,0.73504275,0.8119658,0.51123387,6.3113327
24440,0,3,0.25,0.7606838,0.82905984,0.5112338,6.269907
24440,0,3,0.5,0.75213677,0.8119658,0.5112337,6.186841
24440,0,3,0.75,0.74358976,0.82051283,0.51123387,6.163494
24440,0,3,1,0.75213677,0.8119658,0.51123387,6.118704
24441,0,1,0,0.7008547,0.96581197,0.77461475,7.501625
24441,0,1,0.25,0.75213677,0.94871795,0.77461433,7.510495
24441,0,1,0.5,0.7606838,0.94871795,0.77461475,7.483465
24441,0,1,0.75,0.7692308,0.94871795,0.77461475,7.5120916
24441,0,1,1,0.72649574,0.9230769,0.77461475,7.3261356
24441,0,2,0,0.9230769,0.93162394,0.36183062,4.5499334
24441,0,2,0.25,0.94017094,0.9230769,0.3618307,4.6020284
24441,0,2,0.5,0.94871795,0.9145299,0.36183062,4.5671453
24441,0,2,0.75,0.9230769,0.9145299,0.36183065,4.5566053
24441,0,2,1,0.9230769,0.8974359,0.36183062,4.491451
24441,0,3,0,0.5726496,0.96581197,0.5258848,6.8838797
24441,0,3,0.25,0.5641026,0.95726496,0.525885,6.8953295
24441,0,3,0.5,0.5641026,0.95726496,0.5258848,6.9426126
24441,0,3,0.75,0.5555556,0.974359,0.5258846,7.0653534
24441,0,3,1,0.5555556,0.974359,0.5258848,7.0108075
24442,0,1,0,0.991453,0.52136755,0.29828072,5.741295
24442,0,1,0.25,0.991453,0.52991456,0.29828072,5.214635
24442,0,1,0.5,0.982906,0.51282054,0.29828072,4.5810213
24442,0,1,0.75,0.991453,0.5982906,0.29828075,4.151466
24442,0,1,1,1,0.6666667,0.2982807,4.5606737
24442,0,2,0,0.94871795,0.75213677,0.53715587,7.903325
24442,0,2,0.25,0.8974359,0.7692308,0.5371559,7.563408
24442,0,2,0.5,0.9230769,0.7948718,0.5371559,7.2469993
24442,0,2,0.75,0.83760685,0.9059829,0.53715634,6.2443256
24442,0,2,1,0.7606838,0.85470086,0.5371559,6.203472
24442,0,3,0,0.974359,0.5641026,0.35956424,6.104333
24442,0,3,0.25,0.9059829,0.52991456,0.3595642,5.702922
24442,0,3,0.5,0.974359,0.5726496,0.3595641,5.4249144
24442,0,3,0.75,0.95726496,0.64102566,0.35956404,4.614541
24442,0,3,1,0.94871795,0.61538464,0.35956413,4.850545
24443,0,1,0,0.62393165,0.6752137,1.1031791,17.745438
24443,0,1,0.25,0.6752137,0.6837607,1.1031791,17.150085
24443,0,1,0.5,0.6837607,0.6923077,1.1031791,16.98793
24443,0,1,0.75,0.6923077,0.6923077,1.1031791,17.081932
24443,0,1,1,0.72649574,0.7008547,1.1031791,17.103395
24443,0,2,0,0.8119658,0.82905984,0.31471986,3.561062
24443,0,2,0.25,0.82051283,0.82905984,0.31471986,3.5556798
24443,0,2,0.5,0.83760685,0.8717949,0.31471986,3.6534517
24443,0,2,0.75,0.85470086,0.8632479,0.31471986,3.537959
24443,0,2,1,0.85470086,0.8803419,0.31471986,3.4196377
24443,0,3,0,0.96581197,0.4017094,0.615179,8.869225
24443,0,3,0.25,0.96581197,0.4017094,0.6151789,8.722245
24443,0,3,0.5,0.974359,0.41025642,0.615179,8.86708
24443,0,3,0.75,0.982906,0.4017094,0.615179,8.818647
24443,0,3,1,0.982906,0.37606838,0.615179,8.464812
24444,0,1,0,0.6581197,1,1.0165676,8.788091
24444,0,1,0.25,0.63247865,0.9059829,1.0165675,9.666424
24444,0,1,0.5,0.62393165,0.8632479,1.0165676,10.699761
24444,0,1,0.75,0.61538464,0.84615386,1.0165676,11.800113
24444,0,1,1,0.5811966,0.8803419,1.0165676,12.947049
24444,0,2,0,0.991453,0.5897436,0.4281266,4.090656
24444,0,2,0.25,0.95726496,0.5726496,0.42812657,3.8068433
24444,0,2,0.5,0.991453,0.5555556,0.42812657,3.4233713
24444,0,2,0.75,1,0.53846157,0.42812663,2.9955878
24444,0,2,1,1,0.5555556,0.42812663,2.6709538
24444,0,3,0,0.9230769,0.41025642,1.3612639,17.148209
24444,0,3,0.25,0.8974359,0.35897437,1.3612639,16.857624
24444,0,3,0.5,0.93162394,0.36752138,1.3612639,16.134895
24444,0,3,0.75,0.94017094,0.36752138,1.361264,15.083134
24444,0,3,1,0.94017094,0.35042736,1.361264,14.052942
24445,0,1,0,0.36752138,0.9230769,0.593506,5.876854
24445,0,1,0.25,0.35897437,0.9145299,0.593506,5.888526
24445,0,1,0.5,0.36752138,0.9059829,0.593506,5.884716
24445,0,1,0.75,0.37606838,0.8888889,0.59350574,5.902485
24445,0,1,1,0.37606838,0.9145299,0.593506,5.74769
24445,0,2,0,0.82905984,0.7008547,1.0766817,7.8886013
24445,0,2,0.25,0.84615386,0.6923077,1.0766815,7.8799276
24445,0,2,0.5,0.8632479,0.7008547,1.076682,7.7812476
24445,0,2,0.75,0.85470086,0.7094017,1.0766816,7.7828145
24445,0,2,1,0.84615386,0.71794873,1.076682,7.6163535
24445,0,3,0,0.6752137,0.6495727,2.338585,13.067199
24445,0,3,0.25,0.6923077,0.6923077,2.3385847,13.419226
24445,0,3,0.5,0.6923077,0.6923077,2.338585,13.256796
24445,0,3,0.75,0.7094017,0.7008547,2.3385844,13.491934
24445,0,3,1,0.73504275,0.7008547,2.338585,13.683173
24446,0,1,0,0.94871795,0.51282054,0.8226758,3.0468454
24446,0,1,0.25,0.974359,0.4957265,0.8226758,3.6759949
24446,0,1,0.5,0.96581197,0.4871795,0.8226758,4.7035275
24446,0,1,0.75,0.9230769,0.45299146,0.8226758,6.077591
24446,0,1,1,0.9145299,0.3931624,0.8226758,8.075763
24446,0,2,0,0.982906,0.7863248,0.3912241,1.8197095
24446,0,2,0.25,0.982906,0.7777778,0.39122456,2.0753465
24446,0,2,0.5,0.974359,0.75213677,0.3912241,2.5283074
24446,0,2,0.75,0.991453,0.6581197,0.39122435,2.759081
24446,0,2,1,0.982906,0.61538464,0.3912241,3.193815
24446,0,3,0,0.974359,0.82905984,0.6246278,1.0739576
24446,0,3,0.25,0.974359,0.7948718,0.6246275,1.2221422
24446,0,3,0.5,0.96581197,0.7948718,0.6246278,1.5812728
24446,0,3,0.75,0.96581197,0.6923077,0.6246278,1.8898003
24446,0,3,1,0.982906,0.61538464,0.62462765,2.567594
24447,0,1,0,0.6923077,0.8974359,0.2743914,5.39133
24447,0,1,0.25,0.7008547,0.9230769,0.27439132,5.3319106
24447,0,1,0.5,0.75213677,0.9145299,0.27439132,5.3079348
24447,0,1,0.75,0.8034188,0.96581197,0.27439147,5.543377
24447,0,1,1,0.7948718,0.94871795,0.2743914,6.0003886
24447,0,2,0,0.53846157,0.53846157,1.4264387,28.131298
24447,0,2,0.25,0.5555556,0.47863248,1.4264383,25.356071
24447,0,2,0.5,0.5641026,0.4871795,1.4264386,23.895775
24447,0,2,0.75,0.5641026,0.44444445,1.4264385,20.565659
24447,0,2,1,0.5982906,0.42735043,1.4264385,20.489906
24447,0,3,0,0.7008547,0.42735043,1.4026982,25.081326
24447,0,3,0.25,0.71794873,0.36752138,1.4026979,21.834496
24447,0,3,0.5,0.72649574,0.35042736,1.4026982,20.78702
24447,0,3,0.75,0.6666667,0.3846154,1.4026985,17.80378
24447,0,3,1,0.6923077,0.35897437,1.4026983,17.524727
24448,0,1,0,0.94871795,0.5897436,0.26916733,3.195938
24448,0,1,0.25,0.94871795,0.5982906,0.26916733,2.7825923
24448,0,1,0.5,0.96581197,0.5811966,0.2691672,2.2217557
24448,0,1,0.75,0.974359,0.5811966,0.26916733,2.0290904
24448,0,1,1,0.991453,0.5811966,0.2691672,1.7788508
24448,0,2,0,0.8632479,0.6495727,0.6603295,7.3878517
24448,0,2,0.25,0.9059829,0.7606838,0.6603295,6.4893703
24448,0,2,0.5,0.8974359,0.7777778,0.6603296,6.0039406
24448,0,2,0.75,0.8717949,0.7606838,0.6603296,6.1380982
24448,0,2,1,0.8632479,0.6752137,0.6603296,6.355504
24448,0,3,0,0.9145299,0.8119658,0.3540965,5.1918764
24448,0,3,0.25,0.9230769,0.84615386,0.35409644,4.907823
24448,0,3,0.5,0.8974359,0.94871795,0.3540965,4.402076
24448,0,3,0.75,0.8888889,0.8974359,0.3540965,4.0806513
24448,0,3,1,0.84615386,0.95726496,0.3540965,3.7715774
24449,0,1,0,0.5555556,0.94871795,0.2991103,2.199544
24449,0,1,0.25,0.5555556,0.974359,0.29911032,2.171835
24449,0,1,0.5,0.5641026,0.974359,0.2991102,2.1483045
24449,0,1,0.75,0.5641026,0.974359,0.29911038,2.1124492
24449,0,1,1,0.52991456,0.95726496,0.2991103,2.0802736
24449,0,2,0,0.93162394,0.6752137,0.53673875,8.299881
24449,0,2,0.25,0.93162394,0.6666667,0.53673863,8.196262
24449,0,2,0.5,0.94017094,0.6495727,0.53673863,8.112671
24449,0,2,0.75,0.94017094,0.63247865,0.53673875,8.053672
24449,0,2,1,0.94871795,0.6495727,0.5367387,8.021986
24449,0,3,0,0.82051283,0.64102566,1.2022005,18.30521
24449,0,3,0.25,0.8119658,0.64102566,1.2022005,17.912106
24449,0,3,0.5,0.85470086,0.6495727,1.2022005,17.902035
24449,0,3,0.75,0.82905984,0.6837607,1.2022005,17.607533
24449,0,3,1,0.83760685,0.7008547,1.2022005,17.454098
24450,0,1,0,0.35042736,0.9059829,0.5156244,6.5265136
24450,0,1,0.25,0.3846154,0.982906,0.51562476,5.7237277
24450,0,1,0.5,0.42735043,0.991453,0.51562434,5.945344
24450,0,1,0.75,0.50427353,0.974359,0.5156242,6.552979
24450,0,1,1,0.4871795,1,0.51562434,7.0893664
24450,0,2,0,0.7863248,0.96581197,0.44853938,8.491777
24450,0,2,0.25,0.8888889,0.982906,0.44853947,7.6363535
24450,0,2,0.5,0.974359,0.94017094,0.4485398,7.3187246
24450,0,2,0.75,0.96581197,0.8974359,0.44853935,7.5059023
24450,0,2,1,0.982906,0.7777778,0.44853938,8.23461
24450,0,3,0,0.4017094,0.974359,0.30088112,3.1667051
24450,0,3,0.25,0.4017094,1,0.30088112,2.862912
24450,0,3,0.5,0.3846154,0.991453,0.30088118,2.6705956
24450,0,3,0.75,0.3846154,1,0.30088112,2.5650733
24450,0,3,1,0.3931624,0.991453,0.30088112,2.5969996
24451,0,1,0,0.51282054,0.9145299,0.7352662,7.3681817
24451,0,1,0.25,0.5470086,0.9145299,0.7352662,7.228157
24451,0,1,0.5,0.5470086,0.93162394,0.7352662,7.262742
24451,0,1,0.75,0.52991456,0.94017094,0.7352662,7.2392473
24451,0,1,1,0.52991456,0.9230769,0.7352662,7.187928
24451,0,2,0,0.9230769,0.43589744,0.6676357,10.76677
24451,0,2,0.25,0.9230769,0.45299146,0.66763556,10.878567
24451,0,2,0.5,0.9230769,0.42735043,0.66763574,10.834476
24451,0,2,0.75,0.93162394,0.43589744,0.6676355,10.922144
24451,0,2,1,0.93162394,0.44444445,0.6676357,10.722162
24451,0,3,0,0.8119658,0.47008547,0.60628927,8.074841
24451,0,3,0.25,0.82905984,0.47008547,0.6062893,8.077425
24451,0,3,0.5,0.7863248,0.44444445,0.6062891,8.190052
24451,0,3,0.75,0.7606838,0.41880342,0.60628945,8.262394
24451,0,3,1,0.73504275,0.41025642,0.60628927,8.116854
24452,0,1,0,0.7094017,0.85470086,0.3400716,6.3768682
24452,0,1,0.25,0.7094017,0.85470086,0.3400715,6.1326776
24452,0,1,0.5,0.71794873,0.85470086,0.34007144,5.9950657
24452,0,1,0.75,0.7094017,0.83760685,0.34007156,5.7471294
24452,0,1,1,0.72649574,0.82051283,0.3400716,5.7431383
24452,0,2,0,0.8803419,0.7777778,0.52462673,6.767415
24452,0,2,0.25,0.9059829,0.7692308,0.52462673,6.8128986
24452,0,2,0.5,0.9145299,0.7948718,0.5246267,6.661786
24452,0,2,0.75,0.9059829,0.8034188,0.5246267,6.59904
24452,0,2,1,0.9059829,0.7777778,0.52462673,6.5531178
24452,0,3,0,0.8888889,0.45299146,2.9274611,19.290854
24452,0,3,0.25,0.8803419,0.4871795,2.9274611,19.23215
24452,0,3,0.5,0.8888889,0.4957265,2.9274616,19.056824
24452,0,3,0.75,0.9145299,0.4957265,2.9274607,19.224304
24452,0,3,1,0.9059829,0.4957265,2.9274611,19.417343
24453,0,1,0,0.6666667,0.991453,0.5148914,4.891798
24453,0,1,0.25,0.6837607,0.96581197,0.5148913,4.881242
24453,0,1,0.5,0.74358976,1,0.5148914,5.6919785
24453,0,1,0.75,0.82905984,0.9145299,0.5148914,7.090271
24453,0,1,1,0.73504275,0.7008547,0.5148914,8.950376
24453,0,2,0,0.8803419,0.96581197,0.2980439,2.9500246
24453,0,2,0.25,0.84615386,0.95726496,0.2980439,3.0220644
24453,0,2,0.5,0.82905984,0.9230769,0.29804483,3.449677
24453,0,2,0.75,0.82905984,0.8119658,0.2980439,4.1511645
24453,0,2,1,0.82905984,0.6923077,0.29804435,6.186103
24453,0,3,0,0.982906,0.7777778,0.3611827,3.824008
24453,0,3,0.25,1,0.72649574,0.3611827,3.9714818
24453,0,3,0.5,1,0.74358976,0.3611827,4.4774275
24453,0,3,0.75,1,0.6837607,0.3611827,5.2739024
24453,0,3,1,1,0.5726496,0.36118317,7.9392524
24454,0,1,0,0.82051283,0.982906,0.34860262,4.40857
24454,0,1,0.25,0.82051283,0.974359,0.34860262,4.11979
24454,0,1,0.5,0.82051283,0.982906,0.3486026,3.908771
24454,0,1,0.75,0.82051283,0.982906,0.34860262,3.794162
24454,0,1,1,0.7777778,0.974359,0.3486026,3.8279672
24454,0,2,0,0.52136755,0.5982906,2.7518713,40.787857
24454,0,2,0.25,0.5470086,0.52136755,2.7518716,38.35714
24454,0,2,0.5,0.5726496,0.5811966,2.7518716,34.65145
24454,0,2,0.75,0.60683763,0.62393165,2.7518716,32.970856
24454,0,2,1,0.6581197,0.6495727,2.7518713,33.45972
24454,0,3,0,0.8119658,0.991453,0.40700665,3.6818075
24454,0,3,0.25,0.83760685,1,0.40700668,3.4878545
24454,0,3,0.5,0.84615386,0.974359,0.40700698,3.3344905
24454,0,3,0.75,0.82051283,0.974359,0.40700698,3.2509966
24454,0,3,1,0.7948718,0.96581197,0.40700665,3.234407
24455,0,1,0,0.83760685,0.93162394,0.53387004,7.213275
24455,0,1,0.25,0.8034188,0.94871795,0.5338701,7.242796
24455,0,1,0.5,0.8034188,0.94871795,0.5338701,7.1765943
24455,0,1,0.75,0.8034188,0.94871795,0.53387004,7.0860577
24455,0,1,1,0.82905984,0.9145299,0.53387004,6.97569
24455,0,2,0,0.84615386,0.8717949,0.92862856,13.473647
24455,0,2,0.25,0.83760685,0.8888889,0.9286287,13.509268
24455,0,2,0.5,0.83760685,0.8803419,0.9286287,13.360273
24455,0,2,0.75,0.84615386,0.8632479,0.92862856,13.123188
24455,0,2,1,0.83760685,0.8632479,0.92862856,12.916896
24455,0,3,0,0.94871795,0.5470086,0.6565241,9.970372
24455,0,3,0.25,0.8974359,0.53846157,0.656524,9.987011
24455,0,3,0.5,0.8888889,0.4871795,0.656524,9.90728
24455,0,3,0.75,0.8803419,0.4871795,0.6565245,9.924875
24455,0,3,1,0.8888889,0.46153846,0.65652406,9.449363
24456,0,1,0,0.4957265,0.95726496,0.41764906,1.5801914
24456,0,1,0.25,0.44444445,0.982906,0.41764906,1.6193571
24456,0,1,0.5,0.4871795,0.991453,0.41764906,1.8286672
24456,0,1,0.75,0.52991456,1,0.417649,1.9336122
24456,0,1,1,0.51282054,0.95726496,0.41764906,1.9851978
24456,0,2,0,0.8034188,0.8119658,0.72011864,4.774596
24456,0,2,0.25,0.82905984,0.82051283,0.7201186,4.2043414
24456,0,2,0.5,0.83760685,0.82905984,0.72011864,3.6839547
24456,0,2,0.75,0.8974359,0.83760685,0.7201185,3.3734565
24456,0,2,1,0.94017094,0.82905984,0.72011864,3.1305585
24456,0,3,0,0.4871795,0.9059829,0.52439344,6.3308
24456,0,3,0.25,0.4871795,0.94017094,0.5243934,6.0539203
24456,0,3,0.5,0.50427353,0.8888889,0.5243934,5.422975
24456,0,3,0.75,0.52991456,0.93162394,0.52439326,4.873708
24456,0,3,1,0.5641026,0.96581197,0.5243934,4.448003
24457,0,1,0,0.85470086,0.53846157,0.9834039,17.927505
24457,0,1,0.25,0.85470086,0.5470086,0.98340404,18.017628
24457,0,1,0.5,0.8717949,0.5555556,0.9834037,18.160122
24457,0,1,0.75,0.8803419,0.44444445,0.9834041,18.301353
24457,0,1,1,0.8803419,0.43589744,0.9834039,18.616806
24457,0,2,0,0.8974359,0.51282054,0.54714876,8.720039
24457,0,2,0.25,0.8888889,0.50427353,0.547148,8.836048
24457,0,2,0.5,0.9145299,0.50427353,0.54714876,8.981218
24457,0,2,0.75,0.9230769,0.4871795,0.5471489,9.162918
24457,0,2,1,0.8888889,0.45299146,0.54714876,9.204792
24457,0,3,0,0.5811966,0.61538464,1.0930078,19.265736
24457,0,3,0.25,0.5897436,0.60683763,1.0930077,20.291752
24457,0,3,0.5,0.5811966,0.5811966,1.0930077,21.273575
24457,0,3,0.75,0.5811966,0.5811966,1.093008,22.00615
24457,0,3,1,0.5641026,0.51282054,1.0930078,22.00254
24458,0,1,0,0.71794873,0.74358976,0.56164104,10.87546
24458,0,1,0.25,0.6666667,0.6923077,0.5616409,10.735912
24458,0,1,0.5,0.64102566,0.7008547,0.56164104,10.655675
24458,0,1,0.75,0.6495727,0.72649574,0.5616408,10.884714
24458,0,1,1,0.62393165,0.75213677,0.56164104,10.978902
24458,0,2,0,0.94017094,0.6581197,0.25117156,4.49732
24458,0,2,0.25,0.96581197,0.6495727,0.25117156,4.396866
24458,0,2,0.5,0.974359,0.6495727,0.2511715,4.3352556
24458,0,2,0.75,0.96581197,0.6666667,0.25117165,4.324144
24458,0,2,1,0.974359,0.6837607,0.25117156,4.5319786
24458,0,3,0,0.974359,0.5897436,0.3602415,2.8513837
24458,0,3,0.25,0.974359,0.61538464,0.3602415,2.8356466
24458,0,3,0.5,1,0.63247865,0.3602415,2.879376
24458,0,3,0.75,1,0.6581197,0.36024126,2.9310422
24458,0,3,1,0.991453,0.63247865,0.36024138,2.9981513
24459,0,1,0,0.93162394,0.64102566,0.45589897,3.9983668
24459,0,1,0.25,0.94017094,0.6923077,0.45589906,3.878955
24459,0,1,0.5,0.982906,0.7094017,0.45589906,4.1183977
24459,0,1,0.75,0.991453,0.71794873,0.45589894,4.89543
24459,0,1,1,0.94017094,0.6923077,0.45589897,6.3451977
24459,0,2,0,0.95726496,0.44444445,0.26117334,3.2461157
24459,0,2,0.25,0.95726496,0.44444445,0.26117334,3.2653866
24459,0,2,0.5,0.95726496,0.42735043,0.26117346,3.4275746
24459,0,2,0.75,0.982906,0.47008547,0.2611735,3.83664
24459,0,2,1,0.94871795,0.47008547,0.26117337,4.600976
24459,0,3,0,0.9145299,0.5726496,0.9251786,11.268687
24459,0,3,0.25,0.9059829,0.5726496,0.92517865,11.706351
24459,0,3,0.5,0.9059829,0.47863248,0.9251785,12.901621
24459,0,3,0.75,0.8632479,0.44444445,0.9251786,14.797381
24459,0,3,1,0.8119658,0.44444445,0.92517865,18.12794
24460,0,1,0,0.42735043,0.95726496,0.4956522,4.0530114
24460,0,1,0.25,0.3931624,0.95726496,0.49565223,4.2520924
24460,0,1,0.5,0.3931624,0.96581197,0.4956522,4.393412
24460,0,1,0.75,0.3931624,0.96581197,0.49565226,4.551671
24460,0,1,1,0.41880342,0.95726496,0.4956522,4.6704645
24460,0,2,0,0.73504275,0.95726496,0.2735493,2.7369156
24460,0,2,0.25,0.7008547,0.974359,0.27354974,2.7182896
24460,0,2,0.5,0.7008547,0.96581197,0.2735493,2.6989846
24460,0,2,0.75,0.7008547,0.974359,0.27354974,2.7212663
24460,0,2,1,0.6923077,0.95726496,0.2735493,2.7573152
24460,0,3,0,0.6837607,0.96581197,0.40372825,4.5020924
24460,0,3,0.25,0.6666667,0.94871795,0.40372825,4.4906683
24460,0,3,0.5,0.6495727,0.9230769,0.40372825,4.4057775
24460,0,3,0.75,0.60683763,0.9145299,0.40372825,4.4784575
24460,0,3,1,0.61538464,0.93162394,0.40372825,4.638595
24461,0,1,0,0.50427353,0.95726496,0.2828719,2.3153734
24461,0,1,0.25,0.50427353,0.974359,0.28287208,2.3516538
24461,0,1,0.5,0.51282054,0.94017094,0.28287196,2.3881874
24461,0,1,0.75,0.51282054,0.8974359,0.28287217,2.393125
24461,0,1,1,0.4871795,0.9230769,0.2828719,2.322578
24461,0,2,0,0.94017094,0.52136755,0.41033956,3.6461673
24461,0,2,0.25,0.94871795,0.5470086,0.4103395,3.6596901
24461,0,2,0.5,0.94871795,0.53846157,0.41033956,3.630298
24461,0,2,0.75,0.94871795,0.51282054,0.41033965,3.6926453
24461,0,2,1,0.94017094,0.50427353,0.41033956,3.690592
24461,0,3,0,0.82051283,0.6923077,0.46593222,7.2557497
24461,0,3,0.25,0.8632479,0.71794873,0.46593216,7.189387
24461,0,3,0.5,0.85470086,0.6837607,0.46593222,7.17554
24461,0,3,0.75,0.8632479,0.6666667,0.46593207,7.1885486
24461,0,3,1,0.85470086,0.6666667,0.46593222,7.158081
24462,0,1,0,0.8974359,0.46153846,0.2502303,2.313643
24462,0,1,0.25,0.8632479,0.41025642,0.2502308,2.1762495
24462,0,1,0.5,0.8119658,0.42735043,0.25023028,2.145161
24462,0,1,0.75,0.7948718,0.46153846,0.2502303,2.042085
24462,0,1,1,0.9230769,0.46153846,0.2502303,2.02042
24462,0,2,0,0.93162394,0.35042736,0.34131515,4.8298597
24462,0,2,0.25,0.9230769,0.3846154,0.34131467,4.582196
24462,0,2,0.5,0.9145299,0.3846154,0.34131467,4.3763146
24462,0,2,0.75,0.94871795,0.3846154,0.3413154,4.428978
24462,0,2,1,0.982906,0.4017094,0.3413154,4.323792
24462,0,3,0,0.62393165,0.5641026,0.4009979,8.085778
24462,0,3,0.25,0.60683763,0.52136755,0.4009977,8.142789
24462,0,3,0.5,0.60683763,0.5470086,0.40099725,7.788933
24462,0,3,0.75,0.5470086,0.5470086,0.4009977,7.279644
24462,0,3,1,0.5982906,0.5726496,0.4009977,6.3715153
24463,0,1,0,0.991453,0.6495727,0.93780154,12.784199
24463,0,1,0.25,1,0.64102566,0.93780154,12.580609
24463,0,1,0.5,1,0.62393165,0.93780124,12.508092
24463,0,1,0.75,0.991453,0.61538464,0.93780136,12.283893
24463,0,1,1,0.991453,0.60683763,0.93780154,12.167578
24463,0,2,0,0.9059829,0.6666667,1.0622481,14.726343
24463,0,2,0.25,0.93162394,0.6752137,1.0622481,14.663963
24463,0,2,0.5,0.9230769,0.6837607,1.0622482,14.381456
24463,0,2,0.75,0.8974359,0.7008547,1.062248,14.197841
24463,0,2,1,0.8803419,0.6923077,1.0622481,13.963015
24463,0,3,0,0.52991456,0.991453,0.31500956,3.754102
24463,0,3,0.25,0.52991456,1,0.3150096,3.7327986
24463,0,3,0.5,0.52136755,1,0.31500936,3.7205105
24463,0,3,0.75,0.52136755,1,0.31500956,3.7067547
24463,0,3,1,0.51282054,1,0.31500956,3.7186787
24464,0,1,0,0.4871795,0.95726496,0.96820104,16.495237
24464,0,1,0.25,0.4871795,0.95726496,0.96820056,16.320728
24464,0,1,0.5,0.4871795,0.95726496,0.96820104,16.103498
24464,0,1,0.75,0.47863248,0.95726496,0.96820086,16.005497
24464,0,1,1,0.4957265,0.94871795,0.9682008,15.898359
24464,0,2,0,0.5470086,0.8803419,1.0398699,19.496853
24464,0,2,0.25,0.5641026,0.8717949,1.0398697,19.39154
24464,0,2,0.5,0.5811966,0.8803419,1.0398699,19.187675
24464,0,2,0.75,0.5811966,0.8717949,1.03987,18.999617
24464,0,2,1,0.5811966,0.8717949,1.0398699,18.796741
24464,0,3,0,0.72649574,0.8632479,0.30776912,4.5296497
24464,0,3,0.25,0.74358976,0.84615386,0.30776882,4.512652
24464,0,3,0.5,0.75213677,0.85470086,0.30776912,4.5062456
24464,0,3,0.75,0.7606838,0.84615386,0.3077688,4.4914737
24464,0,3,1,0.7692308,0.83760685,0.30776912,4.461339
24465,0,1,0,0.7692308,0.7948718,0.33950943,6.8670816
24465,0,1,0.25,0.7777778,0.8119658,0.33950943,6.2204647
24465,0,1,0.5,0.7094017,0.84615386,0.33950955,5.9818206
24465,0,1,0.75,0.75213677,0.85470086,0.33950934,5.8667274
24465,0,1,1,0.7863248,0.8119658,0.33950943,5.6506624
24465,0,2,0,0.982906,0.47863248,0.87097,3.2861738
24465,0,2,0.25,0.991453,0.47863248,0.87097,3.0422633
24465,0,2,0.5,0.982906,0.51282054,0.87097,2.8015046
24465,0,2,0.75,1,0.52136755,0.87097,2.7452044
24465,0,2,1,0.991453,0.52136755,0.87097,2.6740046
24465,0,3,0,0.5897436,0.8888889,0.6766878,6.421017
24465,0,3,0.25,0.61538464,0.8803419,0.6766877,5.6007795
24465,0,3,0.5,0.6666667,0.8803419,0.6766879,5.223712
24465,0,3,0.75,0.6752137,0.8888889,0.6766878,5.019511
24465,0,3,1,0.6752137,0.85470086,0.6766878,4.744995
24466,0,1,0,0.7777778,0.46153846,2.7002153,19.0857
24466,0,1,0.25,0.7777778,0.42735043,2.7002153,18.313938
24466,0,1,0.5,0.7948718,0.41025642,2.700215,18.799208
24466,0,1,0.75,0.8034188,0.41025642,2.7002153,18.686214
24466,0,1,1,0.7863248,0.45299146,2.7002149,18.523445
24466,0,2,0,0.93162394,0.71794873,0.47329962,5.370612
24466,0,2,0.25,0.95726496,0.73504275,0.47329962,5.2194123
24466,0,2,0.5,0.95726496,0.6752137,0.47329965,5.129338
24466,0,2,0.75,0.95726496,0.6923077,0.47329962,4.94437
24466,0,2,1,0.96581197,0.7008547,0.47329962,4.866275
24466,0,3,0,0.8717949,0.50427353,0.8880578,13.051659
24466,0,3,0.25,0.8717949,0.52136755,0.8880578,12.845226
24466,0,3,0.5,0.85470086,0.5555556,0.8880574,13.014107
24466,0,3,0.75,0.8717949,0.5555556,0.8880578,12.955004
24466,0,3,1,0.8974359,0.5641026,0.8880575,12.846276
24467,0,1,0,0.8632479,0.7777778,0.5836029,6.944545
24467,0,1,0.25,0.84615386,0.7692308,0.58360296,6.7928443
24467,0,1,0.5,0.85470086,0.7606838,0.5836027,6.597328
24467,0,1,0.75,0.8803419,0.75213677,0.5836027,6.5017576
24467,0,1,1,0.8888889,0.74358976,0.5836029,6.357339
24467,0,2,0,1,0.43589744,0.28651324,3.0477612
24467,0,2,0.25,0.991453,0.43589744,0.28651303,2.9827166
24467,0,2,0.5,0.974359,0.44444445,0.28651324,2.9452596
24467,0,2,0.75,0.982906,0.43589744,0.2865134,2.8379726
24467,0,2,1,0.982906,0.43589744,0.2865132,2.7886195
24467,0,3,0,0.5811966,0.82051283,0.47389886,7.3024683
24467,0,3,0.25,0.5897436,0.7863248,0.47389892,7.203228
24467,0,3,0.5,0.60683763,0.7948718,0.47389874,6.9599524
24467,0,3,0.75,0.5982906,0.7777778,0.4738988,6.8416944
24467,0,3,1,0.5726496,0.8034188,0.47389886,6.7923274
24468,0,1,0,0.72649574,1,0.4793998,3.6516933
24468,0,1,0.25,0.6923077,0.96581197,0.4793998,3.3170292
24468,0,1,0.5,0.6666667,0.982906,0.47939983,3.1220598
24468,0,1,0.75,0.64102566,0.94017094,0.4793998,3.0310113
24468,0,1,1,0.63247865,0.96581197,0.47939995,3.2408752
24468,0,2,0,0.8803419,0.53846157,1.2362329,17.227495
24468,0,2,0.25,0.82905984,0.61538464,1.2362329,16.030725
24468,0,2,0.5,0.7948718,0.6837607,1.2362329,14.194267
24468,0,2,0.75,0.7692308,0.6666667,1.2362329,12.53654
24468,0,2,1,0.7777778,0.6837607,1.2362329,11.4830675
24468,0,3,0,0.974359,0.82051283,0.30873471,2.9983788
24468,0,3,0.25,0.982906,0.7948718,0.30873477,2.744906
24468,0,3,0.5,0.974359,0.8119658,0.30873471,2.7176447
24468,0,3,0.75,0.96581197,0.82051283,0.30873457,2.6912775
24468,0,3,1,0.8803419,0.75213677,0.30873498,2.5109878
24469,0,1,0,0.991453,0.51282054,1.1208037,8.0346365
24469,0,1,0.25,0.95726496,0.5726496,1.1208037,10.79172
24469,0,1,0.5,0.94017094,0.52991456,1.1208037,12.833904
24469,0,1,0.75,0.8803419,0.62393165,1.1208036,14.479008
24469,0,1,1,0.8119658,0.6837607,1.1208037,14.881357
24469,0,2,0,0.52991456,0.974359,0.50374925,7.7412024
24469,0,2,0.25,0.5470086,0.94017094,0.50374925,6.42331
24469,0,2,0.5,0.5726496,0.95726496,0.50374925,4.6717057
24469,0,2,0.75,0.5811966,0.95726496,0.5037493,3.122192
24469,0,2,1,0.5811966,0.991453,0.50374925,2.3726542
24469,0,3,0,0.9145299,0.63247865,2.7836833,13.493296
24469,0,3,0.25,0.9059829,0.5897436,2.7836833,12.931452
24469,0,3,0.5,0.95726496,0.62393165,2.7836833,13.741688
24469,0,3,0.75,0.84615386,0.73504275,2.7836833,16.5839
24469,0,3,1,0.75213677,0.72649574,2.7836833,19.239073
24470,0,1,0,1,0.61538464,0.29208282,2.4602056
24470,0,1,0.25,0.974359,0.61538464,0.29208282,2.4416955
24470,0,1,0.5,0.982906,0.60683763,0.29208302,2.4397228
24470,0,1,0.75,1,0.61538464,0.2920828,2.4552054
24470,0,1,1,0.982906,0.5982906,0.29208282,2.3835413
24470,0,2,0,1,0.5726496,0.48910555,4.2375603
24470,0,2,0.25,0.96581197,0.5811966,0.48910564,4.172187
24470,0,2,0.5,0.991453,0.5897436,0.48910582,4.20274
24470,0,2,0.75,1,0.5811966,0.48910555,4.2490606
24470,0,2,1,0.974359,0.5726496,0.48910543,4.0988064
24470,0,3,0,0.982906,0.50427353,0.42392597,4.5823603
24470,0,3,0.25,0.991453,0.53846157,0.4239264,4.6837955
24470,0,3,0.5,0.991453,0.51282054,0.42392603,4.5498953
24470,0,3,0.75,0.991453,0.52136755,0.42392644,4.552064
24470,0,3,1,0.96581197,0.51282054,0.42392597,4.508424
24471,0,1,0,0.94871795,0.52136755,0.31943238,3.5954292
24471,0,1,0.25,0.94871795,0.53846157,0.31943268,3.5465057
24471,0,1,0.5,0.95726496,0.5470086,0.31943238,3.5721583
24471,0,1,0.75,0.974359,0.53846157,0.31943235,3.5743346
24471,0,1,1,0.991453,0.5470086,0.31943238,3.5753942
24471,0,2,0,0.94017094,0.64102566,0.29967582,3.6349754
24471,0,2,0.25,0.95726496,0.6495727,0.299676,3.5483372
24471,0,2,0.5,0.93162394,0.6495727,0.29967582,3.532058
24471,0,2,0.75,0.94871795,0.6666667,0.29967585,3.5470028
24471,0,2,1,0.96581197,0.6581197,0.29967582,3.5432966
24471,0,3,0,0.5470086,0.85470086,0.94360536,7.7828817
24471,0,3,0.25,0.52991456,0.85470086,0.9436054,7.9833717
24471,0,3,0.5,0.4957265,0.83760685,0.94360536,7.9224677
24471,0,3,0.75,0.4957265,0.84615386,0.9436051,8.287797
24471,0,3,1,0.51282054,0.8632479,0.9436053,8.238034
24472,0,1,0,1,0.36752138,0.35609034,2.5842986
24472,0,1,0.25,1,0.35897437,0.35609025,2.2870064
24472,0,1,0.5,0.982906,0.37606838,0.35609034,2.4177961
24472,0,1,0.75,1,0.35897437,0.3560903,2.4930513
24472,0,1,1,1,0.3846154,0.35609025,2.8140826
24472,0,2,0,0.974359,0.4957265,0.28926155,1.2696233
24472,0,2,0.25,0.991453,0.51282054,0.28926167,1.2838826
24472,0,2,0.5,0.974359,0.53846157,0.28926158,1.4027743
24472,0,2,0.75,1,0.5897436,0.28926167,1.5408792
24472,0,2,1,0.991453,0.53846157,0.28926167,1.7577646
24472,0,3,0,0.9230769,0.84615386,0.32668126,3.1380153
24472,0,3,0.25,0.9230769,0.8632479,0.32668126,3.2538214
24472,0,3,0.5,0.8974359,0.8888889,0.32668126,3.650908
24472,0,3,0.75,0.9145299,0.8717949,0.32668138,4.0007005
24472,0,3,1,0.9059829,0.8803419,0.32668126,4.4920177
24473,0,1,0,0.9230769,0.8888889,0.37027752,3.2241411
24473,0,1,0.25,0.9145299,0.9145299,0.37027758,3.06624
24473,0,1,0.5,0.9230769,0.9059829,0.37027752,2.96451
24473,0,1,0.75,0.9059829,0.9145299,0.37027746,2.7754102
24473,0,1,1,0.96581197,0.93162394,0.37027752,2.5237074
24473,0,2,0,0.6666667,0.46153846,1.9489933,16.79862
24473,0,2,0.25,0.6923077,0.47008547,1.9489934,17.072754
24473,0,2,0.5,0.71794873,0.47863248,1.9489933,17.328827
24473,0,2,0.75,0.7777778,0.47863248,1.9489933,16.83819
24473,0,2,1,0.7948718,0.51282054,1.9489933,16.20045
24473,0,3,0,0.7094017,0.94017094,0.3236898,4.84838
24473,0,3,0.25,0.71794873,0.93162394,0.32369012,4.4902325
24473,0,3,0.5,0.71794873,0.94871795,0.3236898,4.266762
24473,0,3,0.75,0.71794873,0.94017094,0.3236891,3.980857
24473,0,3,1,0.71794873,0.96581197,0.3236898,3.5521467
24474,0,1,0,0.95726496,0.3846154,0.5591896,5.580434
24474,0,1,0.25,0.982906,0.4017094,0.55919003,6.284863
24474,0,1,0.5,0.982906,0.41880342,0.5591896,6.7185
24474,0,1,0.75,0.96581197,0.41880342,0.55919015,6.6897364
24474,0,1,1,0.9230769,0.41025642,0.5591896,6.37428
24474,0,2,0,0.64102566,0.7863248,0.57802075,4.7997594
24474,0,2,0.25,0.6581197,0.73504275,0.5780204,5.013338
24474,0,2,0.5,0.6495727,0.74358976,0.5780204,5.083535
24474,0,2,0.75,0.5982906,0.72649574,0.5780204,4.933074
24474,0,2,1,0.5726496,0.71794873,0.57802075,4.6519628
24474,0,3,0,0.74358976,0.6495727,0.64795655,6.512275
24474,0,3,0.25,0.71794873,0.6837607,0.6479568,6.718146
24474,0,3,0.5,0.73504275,0.7008547,0.6479568,6.996334
24474,0,3,0.75,0.73504275,0.6923077,0.64795685,7.191576
24474,0,3,1,0.75213677,0.6923077,0.64795655,7.0004797
24475,0,1,0,0.93162394,0.5982906,0.32403874,4.340047
24475,0,1,0.25,0.93162394,0.5811966,0.32403883,4.4400606
24475,0,1,0.5,0.95726496,0.5811966,0.32403862,4.53101
24475,0,1,0.75,0.96581197,0.5726496,0.3240385,4.6818333
24475,0,1,1,0.974359,0.5555556,0.32403874,4.763337
24475,0,2,0,0.94871795,0.45299146,0.3330697,5.8306046
24475,0,2,0.25,0.94871795,0.44444445,0.33306947,5.927143
24475,0,2,0.5,0.94017094,0.43589744,0.3330697,5.973862
24475,0,2,0.75,0.93162394,0.41880342,0.33306995,6.158801
24475,0,2,1,0.93162394,0.41025642,0.3330697,6.435165
24475,0,3,0,0.5811966,0.84615386,0.30933917,3.7223573
24475,0,3,0.25,0.5726496,0.8632479,0.30933917,3.7456257
24475,0,3,0.5,0.5726496,0.82905984,0.3093391,3.8208175
24475,0,3,0.75,0.5982906,0.84615386,0.30933908,3.9009235
24475,0,3,1,0.60683763,0.84615386,0.30933917,4.00791
24476,0,1,0,0.85470086,0.4957265,0.96986955,15.714559
24476,0,1,0.25,0.8632479,0.4871795,0.9698696,15.416437
24476,0,1,0.5,0.84615386,0.47863248,0.96986955,15.513658
24476,0,1,0.75,0.85470086,0.47863248,0.96986943,15.752056
24476,0,1,1,0.8717949,0.47863248,0.96986955,16.16342
24476,0,2,0,0.9230769,0.8803419,0.45475048,5.3145666
24476,0,2,0.25,0.9059829,0.8974359,0.45475054,5.321525
24476,0,2,0.5,0.8974359,0.9059829,0.45475048,5.361019
24476,0,2,0.75,0.9059829,0.9145299,0.4547505,5.4160757
24476,0,2,1,0.9059829,0.93162394,0.45475048,5.442138
24476,0,3,0,0.60683763,0.9145299,0.47290868,7.6671395
24476,0,3,0.25,0.5897436,0.9145299,0.4729087,7.6625423
24476,0,3,0.5,0.60683763,0.9059829,0.4729087,7.779029
24476,0,3,0.75,0.5982906,0.8974359,0.4729087,7.845338
24476,0,3,1,0.5982906,0.9059829,0.47290868,7.800986
24477,0,1,0,0.94871795,0.61538464,0.3085832,5.7067337
24477,0,1,0.25,0.982906,0.5470086,0.3085832,5.5004406
24477,0,1,0.5,0.991453,0.4957265,0.30858314,4.386986
24477,0,1,0.75,1,0.46153846,0.3085832,3.060577
24477,0,1,1,0.974359,0.4957265,0.30858314,2.4731371
24477,0,2,0,0.8717949,0.6495727,0.3315071,5.017207
24477,0,2,0.25,0.94017094,0.64102566,0.3315071,4.3808117
24477,0,2,0.5,0.982906,0.61538464,0.3315071,3.5703893
24477,0,2,0.75,0.991453,0.6581197,0.33150715,3.1355534
24477,0,2,1,0.974359,0.6666667,0.33150706,3.0386882
24477,0,3,0,0.991453,0.46153846,0.28992602,5.8321238
24477,0,3,0.25,0.96581197,0.52991456,0.28992605,6.2871723
24477,0,3,0.5,0.96581197,0.5897436,0.28992602,5.248048
24477,0,3,0.75,0.974359,0.6581197,0.28992596,3.7503023
24477,0,3,1,0.96581197,0.6837607,0.28992602,2.9508834
24478,0,1,0,0.6581197,0.71794873,2.7674923,17.390259
24478,0,1,0.25,0.6666667,0.6923077,2.767492,19.069984
24478,0,1,0.5,0.6666667,0.6495727,2.7674923,20.644035
24478,0,1,0.75,0.6752137,0.6495727,2.7674923,21.98883
24478,0,1,1,0.6495727,0.6581197,2.7674923,22.431108
24478,0,2,0,0.8803419,0.7948718,0.70923,12.0222645
24478,0,2,0.25,0.7777778,0.8034188,0.70923,11.987616
24478,0,2,0.5,0.7692308,0.7948718,0.70923,12.577444
24478,0,2,0.75,0.7692308,0.7777778,0.7092299,12.669563
24478,0,2,1,0.7863248,0.7777778,0.70923,13.1429825
24478,0,3,0,0.5811966,0.9230769,0.8157122,6.899582
24478,0,3,0.25,0.5641026,0.93162394,0.8157124,7.093391
24478,0,3,0.5,0.5811966,0.9230769,0.8157122,7.4829183
24478,0,3,0.75,0.5982906,0.8974359,0.8157123,7.7518864
24478,0,3,1,0.5897436,0.8717949,0.8157122,8.210108
24479,0,1,0,1,0.8034188,0.3597302,1.1972804
24479,0,1,0.25,0.991453,0.8119658,0.3597302,1.1980317
24479,0,1,0.5,1,0.8119658,0.3597303,1.190074
24479,0,1,0.75,1,0.7948718,0.3597303,1.1799452
24479,0,1,1,0.982906,0.7948718,0.3597302,1.1754885
24479,0,2,0,0.96581197,0.5555556,0.7373281,5.297615
24479,0,2,0.25,0.96581197,0.5555556,0.737328,5.2990074
24479,0,2,0.5,0.982906,0.5470086,0.7373283,5.2511463
24479,0,2,0.75,0.991453,0.5470086,0.7373281,5.314909
24479,0,2,1,0.991453,0.5470086,0.7373281,5.3049693
24479,0,3,0,0.94871795,0.6752137,1.5467619,12.287586
24479,0,3,0.25,0.94017094,0.6923077,1.5467619,12.140334
24479,0,3,0.5,0.9145299,0.7094017,1.5467619,12.05744
24479,0,3,0.75,0.9230769,0.6837607,1.5467618,12.050203
24479,0,3,1,0.9230769,0.6666667,1.5467619,11.912883
24480,0,1,0,0.8717949,0.47008547,1.2612433,10.5360365
24480,0,1,0.25,0.8632479,0.47863248,1.2612433,10.642395
24480,0,1,0.5,0.8632479,0.4957265,1.2612433,10.48875
24480,0,1,0.75,0.8803419,0.50427353,1.2612433,10.442077
24480,0,1,1,0.8632479,0.51282054,1.2612433,10.29129
24480,0,2,0,0.9145299,0.45299146,0.36639026,4.056376
24480,0,2,0.25,0.9230769,0.44444445,0.3663903,4.035687
24480,0,2,0.5,0.9145299,0.46153846,0.36639017,4.0117726
24480,0,2,0.75,0.94017094,0.46153846,0.36639026,3.994133
24480,0,2,1,0.93162394,0.47008547,0.36639026,3.9045668
24480,0,3,0,0.3846154,0.93162394,1.2086657,10.358906
24480,0,3,0.25,0.36752138,0.9230769,1.2086657,10.127955
24480,0,3,0.5,0.35897437,0.8974359,1.2086658,10.21879
24480,0,3,0.75,0.37606838,0.8974359,1.2086657,10.151543
24480,0,3,1,0.3846154,0.8888889,1.2086657,10.588595
24481,0,1,0,0.85470086,0.5555556,1.6311839,18.76904
24481,0,1,0.25,0.84615386,0.5641026,1.6311839,18.751032
24481,0,1,0.5,0.84615386,0.5641026,1.631184,18.715603
24481,0,1,0.75,0.8632479,0.5555556,1.6311839,18.803123
24481,0,1,1,0.8717949,0.53846157,1.6311837,18.792461
24481,0,2,0,0.47863248,0.94871795,0.5819194,5.57924
24481,0,2,0.25,0.47863248,0.9230769,0.5819194,5.6549473
24481,0,2,0.5,0.47863248,0.9145299,0.5819194,5.624114
24481,0,2,0.75,0.46153846,0.9230769,0.5819193,5.583164
24481,0,2,1,0.47863248,0.93162394,0.5819194,5.581812
24481,0,3,0,0.43589744,0.7948718,1.9390267,15.131727
24481,0,3,0.25,0.42735043,0.82051283,1.939027,15.759836
24481,0,3,0.5,0.45299146,0.84615386,1.9390267,15.352869
24481,0,3,0.75,0.45299146,0.83760685,1.9390265,15.474012
24481,0,3,1,0.4957265,0.84615386,1.9390267,15.945698
24482,0,1,0,0.982906,0.6837607,0.32776004,6.3284235
24482,0,1,0.25,0.9230769,0.7692308,0.32776013,5.7441406
24482,0,1,0.5,0.8632479,0.82051283,0.32776013,6.005643
24482,0,1,0.75,0.8119658,0.7948718,0.32776013,8.007013
24482,0,1,1,0.5811966,0.8974359,0.32776016,11.418926
24482,0,2,0,1,0.5641026,0.3755881,5.4982066
24482,0,2,0.25,0.9145299,0.6495727,0.3755879,5.0784283
24482,0,2,0.5,0.94871795,0.6923077,0.37558812,5.189808
24482,0,2,0.75,0.9145299,0.71794873,0.37558806,6.860925
24482,0,2,1,0.7948718,0.84615386,0.37558803,10.237725
24482,0,3,0,0.6752137,1,0.37800342,4.485481
24482,0,3,0.25,0.5897436,0.982906,0.37800366,3.7412643
24482,0,3,0.5,0.62393165,0.9230769,0.3780033,3.9541965
24482,0,3,0.75,0.61538464,0.95726496,0.37800303,5.1818833
24482,0,3,1,0.5470086,0.8888889,0.37800324,7.464656
24483,0,1,0,0.6666667,0.9230769,0.35195383,2.5543613
24483,0,1,0.25,0.6752137,0.9059829,0.35195383,2.542942
24483,0,1,0.5,0.6666667,0.8888889,0.3519538,2.506574
24483,0,1,0.75,0.6666667,0.8974359,0.3519539,2.5620499
24483,0,1,1,0.6581197,0.8974359,0.35195383,2.5413578
24483,0,2,0,0.9230769,0.61538464,1.6846446,22.474258
24483,0,2,0.25,0.93162394,0.62393165,1.6846446,22.218357
24483,0,2,0.5,0.94017094,0.64102566,1.6846446,22.072598
24483,0,2,0.75,0.94017094,0.6581197,1.6846446,21.827805
24483,0,2,1,0.9145299,0.6666667,1.6846446,21.513577
24483,0,3,0,0.7692308,0.44444445,2.3219442,37.040016
24483,0,3,0.25,0.7692308,0.4017094,2.3219442,37.20195
24483,0,3,0.5,0.7606838,0.41880342,2.3219442,37.34845
24483,0,3,0.75,0.75213677,0.44444445,2.3219442,36.555832
24483,0,3,1,0.75213677,0.47863248,2.3219442,36.081062
24484,0,1,0,0.62393165,0.94871795,0.2506948,3.4376976
24484,0,1,0.25,0.64102566,0.96581197,0.25069487,3.6987674
24484,0,1,0.5,0.5982906,0.93162394,0.2506947,3.6439269
24484,0,1,0.75,0.5982906,0.8888889,0.25069478,3.882076
24484,0,1,1,0.61538464,0.8888889,0.2506948,4.009778
24484,0,2,0,0.5555556,0.72649574,0.7336972,13.163443
24484,0,2,0.25,0.5726496,0.72649574,0.73369706,13.201071
24484,0,2,0.5,0.5555556,0.72649574,0.73369724,12.864849
24484,0,2,0.75,0.5555556,0.73504275,0.73369724,12.432291
24484,0,2,1,0.52991456,0.72649574,0.7336972,11.90018
24484,0,3,0,0.94017094,0.5982906,0.9283345,10.064872
24484,0,3,0.25,0.93162394,0.5982906,0.9283347,10.08543
24484,0,3,0.5,0.9059829,0.5897436,0.9283345,10.081095
24484,0,3,0.75,0.9145299,0.5641026,0.92833453,10.427857
24484,0,3,1,0.93162394,0.5641026,0.9283345,10.943943
24485,0,1,0,0.7606838,0.52991456,1.8707176,33.90136
24485,0,1,0.25,0.74358976,0.5470086,1.8707175,35.114967
24485,0,1,0.5,0.72649574,0.5470086,1.8707176,34.994625
24485,0,1,0.75,0.72649574,0.5811966,1.8707176,35.51447
24485,0,1,1,0.7008547,0.5811966,1.8707176,35.740692
24485,0,2,0,0.47863248,0.7008547,1.3479745,21.825747
24485,0,2,0.25,0.44444445,0.7094017,1.3479745,22.687035
24485,0,2,0.5,0.43589744,0.7008547,1.3479745,23.220882
24485,0,2,0.75,0.45299146,0.6923077,1.3479747,24.162872
24485,0,2,1,0.42735043,0.7094017,1.3479745,24.765106
24485,0,3,0,0.60683763,0.96581197,0.28136292,5.688251
24485,0,3,0.25,0.61538464,0.982906,0.28136295,5.5279756
24485,0,3,0.5,0.5982906,0.982906,0.28136286,5.4584427
24485,0,3,0.75,0.60683763,0.991453,0.28136292,5.35852
24485,0,3,1,0.5811966,0.982906,0.28136292,5.245251
24486,0,1,0,0.982906,0.43589744,0.40519032,4.6570044
24486,0,1,0.25,0.95726496,0.47008547,0.40519023,4.095398
24486,0,1,0.5,0.974359,0.47863248,0.40519032,3.6550124
24486,0,1,0.75,0.96581197,0.45299146,0.4051903,3.81285
24486,0,1,1,0.96581197,0.41025642,0.40519032,5.151388
24486,0,2,0,0.96581197,0.8803419,0.29211655,4.4721737
24486,0,2,0.25,0.8803419,0.93162394,0.29211646,4.7955666
24486,0,2,0.5,0.8034188,0.95726496,0.29211658,3.8337166
24486,0,2,0.75,0.82051283,0.9145299,0.2921167,2.2481227
24486,0,2,1,0.72649574,0.8888889,0.2921166,1.6188745
24486,0,3,0,0.991453,0.4871795,0.56873554,6.5064955
24486,0,3,0.25,0.93162394,0.50427353,0.56873554,8.821882
24486,0,3,0.5,0.9230769,0.52991456,0.5687356,9.696463
24486,0,3,0.75,0.982906,0.6581197,0.56873566,8.1619
24486,0,3,1,0.974359,0.7777778,0.56873566,7.367687
24487,0,1,0,0.9230769,0.62393165,0.49038893,4.2562366
24487,0,1,0.25,0.93162394,0.63247865,0.49038908,4.254251
24487,0,1,0.5,0.95726496,0.64102566,0.4903888,4.1076307
24487,0,1,0.75,0.95726496,0.62393165,0.4903889,4.0396333
24487,0,1,1,0.95726496,0.63247865,0.49038893,3.9918957
24487,0,2,0,0.7094017,0.8717949,0.8116463,12.369002
24487,0,2,0.25,0.7008547,0.8632479,0.8116462,11.85493
24487,0,2,0.5,0.7008547,0.85470086,0.8116462,11.896198
24487,0,2,0.75,0.71794873,0.84615386,0.8116463,11.921743
24487,0,2,1,0.74358976,0.8632479,0.8116463,12.094114
24487,0,3,0,0.3846154,0.85470086,0.90402764,9.147415
24487,0,3,0.25,0.4017094,0.8803419,0.9040276,9.489468
24487,0,3,0.5,0.3846154,0.8888889,0.9040276,9.418827
24487,0,3,0.75,0.4017094,0.9059829,0.9040275,9.416317
24487,0,3,1,0.41025642,0.8632479,0.90402764,9.346762
24488,0,1,0,0.8034188,0.94871795,0.66727906,5.054138
24488,0,1,0.25,0.7606838,0.93162394,0.6672792,4.339013
24488,0,1,0.5,0.7094017,0.8803419,0.6672792,4.0663896
24488,0,1,0.75,0.6495727,0.8632479,0.6672792,4.196398
24488,0,1,1,0.61538464,0.9059829,0.66727906,4.786039
24488,0,2,0,0.8974359,0.4871795,0.9321822,6.9852877
24488,0,2,0.25,0.9230769,0.47863248,0.9321822,7.1942425
24488,0,2,0.5,0.93162394,0.45299146,0.9321822,6.54909
24488,0,2,0.75,0.94871795,0.41025642,0.9321822,6.6112447
24488,0,2,1,0.94017094,0.43589744,0.9321823,6.1861067
24488,0,3,0,0.73504275,0.991453,0.26749825,3.6301177
24488,0,3,0.25,0.61538464,0.94871795,0.26749828,3.3794484
24488,0,3,0.5,0.6581197,0.94017094,0.26749834,3.9021108
24488,0,3,0.75,0.6581197,0.94017094,0.26749822,4.0029674
24488,0,3,1,0.6752137,0.982906,0.26749825,3.9911618
24489,0,1,0,0.982906,0.46153846,0.3114767,3.434092
24489,0,1,0.25,1,0.45299146,0.31147623,4.372244
24489,0,1,0.5,0.974359,0.53846157,0.3114767,5.244348
24489,0,1,0.75,0.982906,0.5555556,0.3114767,5.10814
24489,0,1,1,0.991453,0.64102566,0.3114767,4.390979
24489,0,2,0,0.5555556,0.75213677,0.7455735,10.587208
24489,0,2,0.25,0.5555556,0.93162394,0.7455735,11.48287
24489,0,2,0.5,0.47008547,0.9145299,0.7455735,11.96071
24489,0,2,0.75,0.52991456,0.94017094,0.7455735,13.240732
24489,0,2,1,0.5897436,0.74358976,0.7455735,11.801714
24489,0,3,0,0.93162394,0.37606838,1.0362483,7.7979326
24489,0,3,0.25,0.95726496,0.41880342,1.0362483,9.427137
24489,0,3,0.5,0.94871795,0.41880342,1.0362486,12.715393
24489,0,3,0.75,0.94017094,0.53846157,1.0362487,14.864905
24489,0,3,1,0.8803419,0.7008547,1.0362486,14.741331
24490,0,1,0,0.982906,0.6666667,0.41523087,3.5443237
24490,0,1,0.25,0.96581197,0.6837607,0.415231,3.6391482
24490,0,1,0.5,0.974359,0.7008547,0.41523084,3.9170403
24490,0,1,0.75,0.982906,0.71794873,0.41523072,4.2432137
24490,0,1,1,0.982906,0.6581197,0.4152308,4.670412
24490,0,2,0,0.8974359,0.4957265,1.1677743,8.973982
24490,0,2,0.25,0.8803419,0.4957265,1.1677742,9.058651
24490,0,2,0.5,0.8803419,0.46153846,1.1677743,9.79035
24490,0,2,0.75,0.8888889,0.46153846,1.1677742,10.60525
24490,0,2,1,0.8119658,0.3931624,1.1677743,12.568449
24490,0,3,0,0.991453,0.47008547,0.3097524,2.7159576
24490,0,3,0.25,0.95726496,0.47008547,0.3097524,2.7950096
24490,0,3,0.5,0.974359,0.47008547,0.30975232,2.949078
24490,0,3,0.75,0.94871795,0.45299146,0.30975232,3.1876192
24490,0,3,1,1,0.47863248,0.3097524,3.5598848
24491,0,1,0,0.974359,0.5726496,0.37086925,1.120884
24491,0,1,0.25,0.974359,0.5726496,0.3708693,1.2160213
24491,0,1,0.5,0.974359,0.5897436,0.3708693,1.2983098
24491,0,1,0.75,0.94871795,0.5897436,0.37086946,1.5507069
24491,0,1,1,0.96581197,0.5982906,0.37086946,1.6401649
24491,0,2,0,0.96581197,0.8632479,0.2926783,2.2473955
24491,0,2,0.25,0.96581197,0.8888889,0.29267827,2.5375538
24491,0,2,0.5,0.982906,0.94017094,0.29267827,2.3516455
24491,0,2,0.75,0.974359,0.94017094,0.29267865,2.1670094
24491,0,2,1,0.974359,0.974359,0.29267842,1.9230418
24491,0,3,0,0.982906,0.52136755,0.34984982,2.8031235
24491,0,3,0.25,1,0.5982906,0.3498499,2.878407
24491,0,3,0.5,1,0.5470086,0.3498499,2.5709524
24491,0,3,0.75,0.991453,0.51282054,0.34984958,2.2932892
24491,0,3,1,0.982906,0.4957265,0.34984958,1.9693115
24492,0,1,0,0.50427353,0.9059829,0.5384612,4.8780613
24492,0,1,0.25,0.52991456,0.8803419,0.5384608,5.3289795
24492,0,1,0.5,0.51282054,0.8974359,0.5384612,5.298263
24492,0,1,0.75,0.50427353,0.9059829,0.53846085,5.0841064
24492,0,1,1,0.52136755,0.8888889,0.5384612,4.760638
24492,0,2,0,1,0.6923077,0.29828045,4.684017
24492,0,2,0.25,1,0.7008547,0.29828042,5.0335207
24492,0,2,0.5,0.982906,0.6581197,0.29828045,5.305377
24492,0,2,0.75,0.991453,0.62393165,0.29827994,5.113165
24492,0,2,1,0.982906,0.64102566,0.29828045,4.7127905
24492,0,3,0,0.95726496,0.9230769,0.46734315,3.4325333
24492,0,3,0.25,0.95726496,0.9145299,0.46734312,3.758846
24492,0,3,0.5,0.974359,0.8717949,0.46734315,3.8800635
24492,0,3,0.75,0.991453,0.8974359,0.4673427,3.9056911
24492,0,3,1,0.94017094,0.8974359,0.46734294,3.7185159
24493,0,1,0,0.974359,0.82051283,0.25996432,5.042413
24493,0,1,0.25,0.93162394,0.8119658,0.25996432,5.2811337
24493,0,1,0.5,0.95726496,0.83760685,0.25996432,5.215527
24493,0,1,0.75,0.9230769,0.83760685,0.2599643,5.5067024
24493,0,1,1,0.8717949,0.82051283,0.2599644,6.1627655
24493,0,2,0,0.974359,0.52136755,0.6229734,8.978439
24493,0,2,0.25,0.974359,0.52991456,0.62297344,9.519925
24493,0,2,0.5,0.974359,0.5726496,0.62297344,9.551227
24493,0,2,0.75,0.982906,0.5897436,0.62297344,10.420191
24493,0,2,1,0.982906,0.5897436,0.62297356,11.835005
24493,0,3,0,0.47863248,0.94017094,0.4365788,6.4583254
24493,0,3,0.25,0.46153846,0.96581197,0.4365788,6.604007
24493,0,3,0.5,0.41880342,1,0.4365788,6.478959
24493,0,3,0.75,0.4017094,1,0.4365789,6.9530745
24493,0,3,1,0.3931624,1,0.4365789,7.865077
24494,0,1,0,0.94017094,0.44444445,2.0110247,13.340509
24494,0,1,0.25,0.93162394,0.41025642,2.0110247,13.3021145
24494,0,1,0.5,0.9230769,0.4017094,2.0110247,13.27005
24494,0,1,0.75,0.9145299,0.4017094,2.0110247,13.327574
24494,0,1,1,0.9230769,0.43589744,2.0110247,13.508705
24494,0,2,0,1,0.44444445,0.32458472,2.0036902
24494,0,2,0.25,1,0.43589744,0.32458457,2.013778
24494,0,2,0.5,1,0.43589744,0.3245849,2.0279303
24494,0,2,0.75,0.991453,0.42735043,0.32458463,2.0303938
24494,0,2,1,0.991453,0.41880342,0.32458487,2.041655
24494,0,3,0,0.974359,0.35042736,1.0202239,6.9607706
24494,0,3,0.25,0.982906,0.35042736,1.0202234,6.9719296
24494,0,3,0.5,0.974359,0.35897437,1.0202236,7.03372
24494,0,3,0.75,0.974359,0.35042736,1.0202241,7.037866
24494,0,3,1,0.982906,0.35042736,1.0202239,7.0280304
24495,0,1,0,0.96581197,0.43589744,0.37572578,5.9730735
24495,0,1,0.25,0.974359,0.47008547,0.37572572,5.9712687
24495,0,1,0.5,0.974359,0.4871795,0.37572566,6.040428
24495,0,1,0.75,0.96581197,0.4957265,0.37572575,6.07488
24495,0,1,1,0.982906,0.50427353,0.37572578,6.1350126
24495,0,2,0,0.73504275,0.62393165,0.8134711,16.483414
24495,0,2,0.25,0.71794873,0.6581197,0.8134711,16.589714
24495,0,2,0.5,0.7777778,0.6581197,0.81347126,17.377731
24495,0,2,0.75,0.7777778,0.6752137,0.8134711,17.452885
24495,0,2,1,0.6923077,0.64102566,0.8134711,16.67773
24495,0,3,0,0.5470086,0.82905984,0.9762983,20.684055
24495,0,3,0.25,0.53846157,0.82905984,0.97629845,20.659283
24495,0,3,0.5,0.4957265,0.8888889,0.9762984,20.472656
24495,0,3,0.75,0.47863248,0.85470086,0.9762983,20.075306
24495,0,3,1,0.43589744,0.85470086,0.9762983,20.027084
24496,0,1,0,0.94871795,0.82051283,0.71274936,6.702929
24496,0,1,0.25,0.94871795,0.82051283,0.71274936,6.689293
24496,0,1,0.5,0.95726496,0.83760685,0.7127493,6.748618
24496,0,1,0.75,0.974359,0.7606838,0.7127493,6.697642
24496,0,1,1,0.94871795,0.6495727,0.7127493,6.828162
24496,0,2,0,0.47008547,0.95726496,1.4344522,6.687544
24496,0,2,0.25,0.43589744,0.96581197,1.4344522,6.6621366
24496,0,2,0.5,0.45299146,0.9145299,1.4344522,6.7923393
24496,0,2,0.75,0.45299146,0.9230769,1.4344518,6.857294
24496,0,2,1,0.47008547,0.94017094,1.4344522,6.962297
24496,0,3,0,0.991453,0.982906,0.26139256,1.906491
24496,0,3,0.25,0.982906,0.96581197,0.26139256,1.9353454
24496,0,3,0.5,1,0.991453,0.26139283,2.0232906
24496,0,3,0.75,0.991453,0.991453,0.26139227,2.0676537
24496,0,3,1,0.974359,0.974359,0.26139256,2.1092007
24497,0,1,0,1,0.6923077,0.32562265,3.613789
24497,0,1,0.25,1,0.6923077,0.32562262,3.6183004
24497,0,1,0.5,1,0.6666667,0.32562265,3.6198564
24497,0,1,0.75,1,0.6495727,0.32562274,3.6430643
24497,0,1,1,1,0.64102566,0.32562274,3.6590385
24497,0,2,0,0.7948718,0.95726496,0.72313267,12.133698
24497,0,2,0.25,0.7863248,0.95726496,0.72313255,12.245129
24497,0,2,0.5,0.7777778,0.95726496,0.72313267,12.260786
24497,0,2,0.75,0.7777778,0.93162394,0.7231326,12.324476
24497,0,2,1,0.7692308,0.93162394,0.7231327,12.372406
24497,0,3,0,0.6752137,1,0.39791912,5.9108243
24497,0,3,0.25,0.6752137,1,0.39791912,5.954854
24497,0,3,0.5,0.6752137,1,0.39791912,6.0313005
24497,0,3,0.75,0.6666667,1,0.39791912,6.0762796
24497,0,3,1,0.6581197,0.982906,0.39791912,6.1265917
24498,0,1,0,0.47863248,0.93162394,0.44172415,5.2479215
24498,0,1,0.25,0.46153846,0.9230769,0.44172415,5.3904486
24498,0,1,0.5,0.46153846,0.94017094,0.44172415,5.42466
24498,0,1,0.75,0.45299146,0.95726496,0.44172418,5.2904043
24498,0,1,1,0.46153846,0.974359,0.44172415,5.340568
24498,0,2,0,0.83760685,0.85470086,0.33904457,6.335537
24498,0,2,0.25,0.82051283,0.83760685,0.3390448,6.249751
24498,0,2,0.5,0.7863248,0.85470086,0.33904457,6.1611767
24498,0,2,0.75,0.75213677,0.83760685,0.33904436,6.118433
24498,0,2,1,0.75213677,0.84615386,0.33904457,6.01171
24498,0,3,0,0.7094017,0.6923077,1.6965365,11.873674
24498,0,3,0.25,0.6752137,0.64102566,1.6965365,11.649767
24498,0,3,0.5,0.6837607,0.6666667,1.6965367,11.820484
24498,0,3,0.75,0.6837607,0.64102566,1.6965369,12.128722
24498,0,3,1,0.6752137,0.61538464,1.6965369,11.484833
24499,0,1,0,0.94871795,0.7008547,0.5052647,6.081115
24499,0,1,0.25,0.93162394,0.6581197,0.50526464,5.8409357
24499,0,1,0.5,0.9145299,0.60683763,0.50526464,6.3890753
24499,0,1,0.75,0.93162394,0.5897436,0.5052646,6.970599
24499,0,1,1,0.9230769,0.5897436,0.5052647,7.838347
24499,0,2,0,0.974359,0.41880342,0.31053704,4.7581964
24499,0,2,0.25,0.9145299,0.42735043,0.31053683,4.658821
24499,0,2,0.5,0.94871795,0.45299146,0.31053704,4.9133215
24499,0,2,0.75,0.94017094,0.42735043,0.31053704,5.2432537
24499,0,2,1,0.94017094,0.44444445,0.31053704,5.5246763
24499,0,3,0,0.9230769,0.62393165,0.2795828,4.0695024
24499,0,3,0.25,0.8888889,0.62393165,0.27958283,4.122978
24499,0,3,0.5,0.83760685,0.5726496,0.27958283,4.3473125
24499,0,3,0.75,0.82905984,0.5726496,0.27958265,4.6515737
24499,0,3,1,0.82051283,0.51282054,0.27958283,4.979428
24500,0,1,0,0.6581197,0.94017094,0.3325241,2.7626638
24500,0,1,0.25,0.6581197,0.982906,0.33252433,2.7936513
24500,0,1,0.5,0.61538464,0.991453,0.33252433,2.7347214
24500,0,1,0.75,0.6495727,0.982906,0.33252433,2.7874088
24500,0,1,1,0.6495727,0.982906,0.3325241,2.7817194
24500,0,2,0,0.93162394,0.7094017,0.44541308,5.359209
24500,0,2,0.25,0.96581197,0.71794873,0.4454132,5.1817856
24500,0,2,0.5,0.95726496,0.6923077,0.44541317,4.958867
24500,0,2,0.75,0.93162394,0.7008547,0.44541317,4.79506
24500,0,2,1,0.94871795,0.7008547,0.4454131,4.633268
24500,0,3,0,0.60683763,0.8888889,0.96654403,12.035739
24500,0,3,0.25,0.61538464,0.8888889,0.9665442,11.697674
24500,0,3,0.5,0.60683763,0.8974359,0.966544,11.315827
24500,0,3,0.75,0.61538464,0.8974359,0.9665442,10.990952
24500,0,3,1,0.64102566,0.8888889,0.9665441,10.727989
24501,0,1,0,0.36752138,0.7948718,1.1452261,30.843988
24501,0,1,0.25,0.5555556,0.8717949,1.145226,22.817516
24501,0,1,0.5,0.3931624,0.71794873,1.1452261,19.483078
24501,0,1,0.75,0.35042736,0.74358976,1.145226,16.107643
24501,0,1,1,0.37606838,0.8974359,1.1452261,15.930575
24501,0,2,0,1,0.42735043,0.7636901,7.0442924
24501,0,2,0.25,0.7863248,0.35897437,0.76369,5.084407
24501,0,2,0.5,0.982906,0.37606838,0.7636901,7.2434034
24501,0,2,0.75,1,0.4017094,0.76369035,6.089982
24501,0,2,1,0.991453,0.42735043,0.7636903,5.2813807
24501,0,3,0,0.93162394,0.5726496,1.1225483,12.661456
24501,0,3,0.25,0.6666667,0.42735043,1.1225483,8.990765
24501,0,3,0.5,0.9145299,0.45299146,1.1225483,12.399633
24501,0,3,0.75,0.9230769,0.50427353,1.1225486,10.5249405
24501,0,3,1,0.94871795,0.5726496,1.1225485,8.827627
24502,0,1,0,0.991453,0.74358976,0.487717,4.417927
24502,0,1,0.25,0.991453,0.75213677,0.48771703,4.478857
24502,0,1,0.5,0.96581197,0.75213677,0.48771685,4.6063643
24502,0,1,0.75,1,0.7606838,0.48771694,4.6790395
24502,0,1,1,0.95726496,0.7606838,0.487717,4.739725
24502,0,2,0,0.991453,0.7008547,0.76004463,8.198076
24502,0,2,0.25,1,0.72649574,0.76004463,8.298947
24502,0,2,0.5,0.991453,0.7094017,0.76004463,8.446487
24502,0,2,0.75,0.991453,0.7094017,0.7600447,8.550684
24502,0,2,1,0.982906,0.71794873,0.76004463,8.371368
24502,0,3,0,0.7094017,0.974359,0.26745322,2.8796213
24502,0,3,0.25,0.7094017,0.982906,0.26745328,2.8929543
24502,0,3,0.5,0.7008547,0.982906,0.26745373,2.9202437
24502,0,3,0.75,0.7094017,1,0.26745373,2.986079
24502,0,3,1,0.7094017,0.974359,0.26745322,2.9762516
24503,0,1,0,0.7606838,0.991453,0.50546724,5.4648376
24503,0,1,0.25,0.7692308,0.991453,0.50546724,5.384739
24503,0,1,0.5,0.7606838,1,0.50546724,5.328257
24503,0,1,0.75,0.7692308,0.982906,0.50546736,5.1890287
24503,0,1,1,0.75213677,0.96581197,0.50546724,4.9893312
24503,0,2,0,0.93162394,0.4017094,0.95653576,17.691423
24503,0,2,0.25,0.93162394,0.41880342,0.9565357,17.652252
24503,0,2,0.5,0.93162394,0.41880342,0.95653576,17.397339
24503,0,2,0.75,0.94871795,0.41880342,0.95653576,17.421074
24503,0,2,1,0.94871795,0.3846154,0.95653576,16.89608
24503,0,3,0,0.974359,0.64102566,0.5315803,7.4252944
24503,0,3,0.25,0.991453,0.63247865,0.5315802,7.340884
24503,0,3,0.5,1,0.63247865,0.5315802,7.200146
24503,0,3,0.75,1,0.63247865,0.53158045,7.164727
24503,0,3,1,0.982906,0.64102566,0.5315802,7.17615
24504,0,1,0,0.6666667,0.93162394,1.0050594,11.089041
24504,0,1,0.25,0.6666667,0.94871795,1.0050595,11.309736
24504,0,1,0.5,0.6581197,0.95726496,1.0050592,11.466164
24504,0,1,0.75,0.6581197,0.991453,1.0050594,11.602036
24504,0,1,1,0.6495727,0.974359,1.0050594,11.908358
24504,0,2,0,0.46153846,1,0.32315925,1.5548381
24504,0,2,0.25,0.46153846,0.991453,0.32315904,1.5127048
24504,0,2,0.5,0.44444445,0.991453,0.32315934,1.4904675
24504,0,2,0.75,0.47863248,1,0.32315922,1.5062613
24504,0,2,1,0.47008547,0.991453,0.32315913,1.5423033
24504,0,3,0,0.7606838,0.9145299,0.43226233,4.7096453
24504,0,3,0.25,0.7777778,0.96581197,0.43226212,4.7798023
24504,0,3,0.5,0.74358976,0.96581197,0.4322624,4.896961
24504,0,3,0.75,0.75213677,0.96581197,0.43226233,4.9822063
24504,0,3,1,0.74358976,0.95726496,0.4322624,5.0716515
24505,0,1,0,0.52991456,0.974359,0.44454262,2.9431133
24505,0,1,0.25,0.5641026,0.982906,0.4445429,2.8259492
24505,0,1,0.5,0.5470086,0.96581197,0.44454253,2.6844559
24505,0,1,0.75,0.5470086,0.982906,0.44454247,2.6919398
24505,0,1,1,0.52991456,0.991453,0.44454262,2.7566805
24505,0,2,0,0.4957265,0.991453,0.3775069,3.723175
24505,0,2,0.25,0.4871795,1,0.37750685,3.6041934
24505,0,2,0.5,0.4871795,0.974359,0.37750688,3.536119
24505,0,2,0.75,0.50427353,0.96581197,0.37750697,3.4528482
24505,0,2,1,0.51282054,0.94871795,0.3775069,3.3983488
24505,0,3,0,0.64102566,0.8632479,1.5359415,17.653805
24505,0,3,0.25,0.6581197,0.8888889,1.5359415,17.169266
24505,0,3,0.5,0.6666667,0.93162394,1.535941,17.066744
24505,0,3,0.75,0.6752137,0.9145299,1.5359415,16.83913
24505,0,3,1,0.6666667,0.9145299,1.5359415,16.923641
24506,0,1,0,0.95726496,0.50427353,0.73457146,9.794734
24506,0,1,0.25,0.94017094,0.4957265,0.73457146,9.971312
24506,0,1,0.5,0.94017094,0.4871795,0.73457146,10.222517
24506,0,1,0.75,0.93162394,0.4957265,0.73457146,10.334471
24506,0,1,1,0.9230769,0.4871795,0.73457146,10.478197
24506,0,2,0,0.9059829,0.3931624,0.89574355,7.4868107
24506,0,2,0.25,0.8803419,0.4017094,0.8957435,7.1571875
24506,0,2,0.5,0.8803419,0.41880342,0.89574355,7.196927
24506,0,2,0.75,0.8717949,0.41025642,0.8957433,7.229133
24506,0,2,1,0.8974359,0.4017094,0.89574355,7.392308
24506,0,3,0,0.94017094,0.5726496,0.45503893,3.8694832
24506,0,3,0.25,0.9230769,0.5982906,0.45503888,3.9579048
24506,0,3,0.5,0.9059829,0.5982906,0.45503876,4.079897
24506,0,3,0.75,0.9059829,0.5982906,0.4550388,4.153414
24506,0,3,1,0.93162394,0.5555556,0.45503893,4.170587
24507,0,1,0,0.95726496,0.82051283,0.4725579,4.2939987
24507,0,1,0.25,0.9145299,0.6837607,0.47255784,5.0871544
24507,0,1,0.5,0.9230769,0.6752137,0.4725579,5.239024
24507,0,1,0.75,0.991453,0.7948718,0.47255775,2.3536448
24507,0,1,1,1,0.73504275,0.47255802,1.202445
24507,0,2,0,0.6837607,0.96581197,0.25425422,2.4137588
24507,0,2,0.25,0.7094017,0.95726496,0.2542541,3.1273007
24507,0,2,0.5,0.6666667,0.8974359,0.25425422,3.7984214
24507,0,2,0.75,0.7008547,0.9059829,0.25425422,1.5320592
24507,0,2,1,0.7606838,0.991453,0.2542545,0.6625403
24507,0,3,0,0.7948718,0.8974359,0.99839205,2.7298508
24507,0,3,0.25,0.75213677,0.83760685,0.9983922,5.9279385
24507,0,3,0.5,0.5982906,0.62393165,0.9983921,15.701111
24507,0,3,0.75,0.60683763,0.64102566,0.9983923,12.338596
24507,0,3,1,0.60683763,0.83760685,0.99839246,12.852493
24508,0,1,0,0.94871795,0.47863248,1.7668613,4.728821
24508,0,1,0.25,0.9230769,0.46153846,1.7668613,4.61644
24508,0,1,0.5,0.95726496,0.47008547,1.7668614,4.711155
24508,0,1,0.75,0.96581197,0.45299146,1.7668613,5.0763264
24508,0,1,1,0.96581197,0.45299146,1.7668613,4.8087273
24508,0,2,0,0.8803419,0.5641026,1.2437268,11.769451
24508,0,2,0.25,0.9059829,0.52136755,1.243727,12.072863
24508,0,2,0.5,0.8974359,0.51282054,1.243727,12.076159
24508,0,2,0.75,0.9059829,0.52136755,1.243727,12.487837
24508,0,2,1,0.9145299,0.4957265,1.2437268,13.02153
24508,0,3,0,0.72649574,0.93162394,0.3722912,2.8572955
24508,0,3,0.25,0.7094017,0.9059829,0.37229145,2.8853767
24508,0,3,0.5,0.73504275,0.93162394,0.3722912,3.1163592
24508,0,3,0.75,0.7008547,0.8974359,0.3722912,3.2623248
24508,0,3,1,0.71794873,0.93162394,0.3722913,3.0625463
24509,0,1,0,1,0.51282054,0.6967789,6.8143635
24509,0,1,0.25,0.974359,0.35897437,0.6967796,8.027452
24509,0,1,0.5,0.8888889,0.35042736,0.69677913,7.9904613
24509,0,1,0.75,0.982906,0.47008547,0.696779,12.133791
24509,0,1,1,0.85470086,0.5470086,0.6967791,14.82257
24509,0,2,0,0.5470086,0.8119658,1.7261825,23.809647
24509,0,2,0.25,0.85470086,0.6837607,1.7261827,20.903893
24509,0,2,0.5,0.8803419,0.50427353,1.7261825,16.7017
24509,0,2,0.75,0.93162394,0.4017094,1.7261825,18.800823
24509,0,2,1,0.9059829,0.46153846,1.7261825,22.247913
24509,0,3,0,0.60683763,0.96581197,0.3022204,5.438308
24509,0,3,0.25,0.5641026,0.93162394,0.30222046,6.757367
24509,0,3,0.5,0.7777778,0.96581197,0.3022204,6.0656652
24509,0,3,0.75,0.82051283,0.8803419,0.30222034,7.5314155
24509,0,3,1,0.9059829,0.7948718,0.30222034,6.102227
24510,0,1,0,0.95726496,0.46153846,0.32914826,2.3855872
24510,0,1,0.25,0.974359,0.45299146,0.3291482,2.3957953
24510,0,1,0.5,0.974359,0.44444445,0.32914814,2.405346
24510,0,1,0.75,0.982906,0.44444445,0.32914788,2.4206586
24510,0,1,1,0.982906,0.45299146,0.32914814,2.4711702
24510,0,2,0,0.46153846,0.8034188,1.6042426,9.988096
24510,0,2,0.25,0.4957265,0.82905984,1.6042422,10.219494
24510,0,2,0.5,0.52136755,0.82051283,1.6042424,10.252851
24510,0,2,0.75,0.52991456,0.7948718,1.6042423,10.155114
24510,0,2,1,0.52136755,0.7948718,1.6042426,10.169354
24510,0,3,0,0.5726496,0.982906,0.6834636,2.757559
24510,0,3,0.25,0.5726496,0.93162394,0.6834635,2.7206478
24510,0,3,0.5,0.5811966,0.96581197,0.6834634,2.7197084
24510,0,3,0.75,0.5726496,0.93162394,0.68346304,2.6559522
24510,0,3,1,0.60683763,0.93162394,0.6834636,2.6425471
24511,0,1,0,0.95726496,0.5811966,0.27420545,3.802713
24511,0,1,0.25,0.982906,0.5555556,0.27420545,3.8340414
24511,0,1,0.5,0.982906,0.52991456,0.2742055,3.7717495
24511,0,1,0.75,0.982906,0.5470086,0.27420548,3.6341152
24511,0,1,1,0.96581197,0.50427353,0.2742055,4.137153
24511,0,2,0,0.71794873,0.7863248,0.6363284,7.7240686
24511,0,2,0.25,0.6837607,0.7777778,0.6363283,6.5786705
24511,0,2,0.5,0.6666667,0.83760685,0.6363284,6.197276
24511,0,2,0.75,0.6581197,0.9059829,0.6363286,5.8064756
24511,0,2,1,0.6581197,0.8717949,0.63632846,4.9624586
24511,0,3,0,0.35042736,0.9145299,0.77041227,10.853362
24511,0,3,0.25,0.3931624,0.93162394,0.7704121,10.6055565
24511,0,3,0.5,0.44444445,0.9230769,0.77041227,10.456926
24511,0,3,0.75,0.47008547,0.93162394,0.77041245,9.11717
24511,0,3,1,0.53846157,0.8632479,0.77041227,10.076866
24512,0,1,0,0.95726496,0.43589744,0.368843,4.775386
24512,0,1,0.25,1,0.43589744,0.3688431,4.748456
24512,0,1,0.5,0.94871795,0.42735043,0.368843,4.7376547
24512,0,1,0.75,0.96581197,0.46153846,0.36884317,4.8298182
24512,0,1,1,0.94871795,0.45299146,0.368843,5.0364094
24512,0,2,0,0.96581197,0.61538464,0.31084058,3.8642592
24512,0,2,0.25,0.95726496,0.5897436,0.3108406,3.9237638
24512,0,2,0.5,0.982906,0.61538464,0.31084058,3.9375029
24512,0,2,0.75,0.982906,0.6581197,0.31084034,4.000776
24512,0,2,1,0.982906,0.6495727,0.31084058,4.179009
24512,0,3,0,0.9230769,0.62393165,0.8395094,9.585455
24512,0,3,0.25,0.93162394,0.64102566,0.83950925,9.924145
24512,0,3,0.5,0.95726496,0.6581197,0.8395094,10.427366
24512,0,3,0.75,0.93162394,0.6581197,0.83950925,10.466822
24512,0,3,1,0.94871795,0.6581197,0.8395094,10.7438545
24513,0,1,0,0.82905984,0.8803419,0.55169815,5.846571
24513,0,1,0.25,0.84615386,0.8717949,0.5516982,5.7259593
24513,0,1,0.5,0.85470086,0.85470086,0.55169815,5.6082716
24513,0,1,0.75,0.83760685,0.82905984,0.55169815,5.4561367
24513,0,1,1,0.83760685,0.83760685,0.55169815,5.4301434
24513,0,2,0,0.63247865,0.991453,0.29968584,4.303114
24513,0,2,0.25,0.63247865,0.974359,0.2996858,4.218376
24513,0,2,0.5,0.62393165,0.982906,0.29968584,4.0346546
24513,0,2,0.75,0.5982906,0.991453,0.2996858,3.9297857
24513,0,2,1,0.60683763,0.982906,0.29968584,3.9345946
24513,0,3,0,0.85470086,0.982906,0.3064558,4.1219935
24513,0,3,0.25,0.8717949,1,0.3064558,4.0774302
24513,0,3,0.5,0.8717949,0.991453,0.3064558,4.036856
24513,0,3,0.75,0.8717949,1,0.30645573,3.9852338
24513,0,3,1,0.8803419,0.974359,0.3064558,3.9297612
24514,0,1,0,0.84615386,0.41880342,2.7014594,40.890938
24514,0,1,0.25,0.82905984,0.42735043,2.70146,40.97904
24514,0,1,0.5,0.82905984,0.4017094,2.7014592,41.002335
24514,0,1,0.75,0.82905984,0.41025642,2.7014587,41.25387
24514,0,1,1,0.82905984,0.4017094,2.7014592,41.20774
24514,0,2,0,0.5811966,0.991453,0.3117668,4.4454203
24514,0,2,0.25,0.5811966,0.982906,0.3117668,4.463294
24514,0,2,0.5,0.5726496,0.982906,0.3117668,4.4766765
24514,0,2,0.75,0.5811966,0.982906,0.3117668,4.4847374
24514,0,2,1,0.5897436,0.982906,0.3117668,4.511277
24514,0,3,0,0.7863248,0.7863248,1.840585,26.339272
24514,0,3,0.25,0.7777778,0.7777778,1.840585,26.470947
24514,0,3,0.5,0.7692308,0.7863248,1.8405846,26.57446
24514,0,3,0.75,0.7692308,0.7863248,1.8405845,26.646217
24514,0,3,1,0.7692308,0.7863248,1.8405846,26.823196
24515,0,1,0,0.5555556,0.94017094,1.6097219,2.9545207
24515,0,1,0.25,0.5555556,0.94017094,1.6097219,2.7944338
24515,0,1,0.5,0.5982906,0.974359,1.6097219,2.8511367
24515,0,1,0.75,0.61538464,0.974359,1.6097219,3.0773964
24515,0,1,1,0.62393165,0.96581197,1.6097219,3.5210814
24515,0,2,0,0.60683763,0.96581197,0.52311057,1.4893814
24515,0,2,0.25,0.5982906,0.96581197,0.52311057,1.3185563
24515,0,2,0.5,0.62393165,1,0.52311057,1.1347356
24515,0,2,0.75,0.60683763,0.991453,0.52311057,0.9505567
24515,0,2,1,0.62393165,1,0.52311057,0.86753666
24515,0,3,0,0.8717949,0.45299146,0.8322486,4.9457245
24515,0,3,0.25,0.93162394,0.43589744,0.83224887,4.86187
24515,0,3,0.5,0.9059829,0.41880342,0.8322486,4.392401
24515,0,3,0.75,0.8034188,0.37606838,0.8322486,3.8243475
24515,0,3,1,0.7948718,0.37606838,0.8322486,3.7219806
24516,0,1,0,0.9145299,0.5641026,1.2813822,19.970171
24516,0,1,0.25,0.9059829,0.5641026,1.2813822,19.739561
24516,0,1,0.5,0.8888889,0.5811966,1.2813822,19.446995
24516,0,1,0.75,0.8803419,0.5470086,1.2813822,20.047337
24516,0,1,1,0.8803419,0.5470086,1.2813822,19.796558
24516,0,2,0,0.8717949,0.96581197,0.28784132,2.0984159
24516,0,2,0.25,0.83760685,0.95726496,0.28784132,1.9791162
24516,0,2,0.5,0.82051283,0.974359,0.28784132,1.9144175
24516,0,2,0.75,0.82905984,0.991453,0.2878413,1.9044466
24516,0,2,1,0.83760685,1,0.28784132,1.9148884
24516,0,3,0,0.7863248,0.8803419,1.2233161,17.863384
24516,0,3,0.25,0.7606838,0.8803419,1.223316,17.834595
24516,0,3,0.5,0.7606838,0.8632479,1.2233162,17.826118
24516,0,3,0.75,0.73504275,0.8803419,1.2233162,17.860043
24516,0,3,1,0.7094017,0.8974359,1.2233161,17.446327
24517,0,1,0,0.991453,0.6837607,0.985495,5.151843
24517,0,1,0.25,0.94017094,0.6837607,0.98549515,6.15165
24517,0,1,0.5,0.94871795,0.6837607,0.9854951,7.5098715
24517,0,1,0.75,0.96581197,0.72649574,0.98549503,8.676973
24517,0,1,1,0.94017094,0.71794873,0.985495,10.27887
24517,0,2,0,0.4957265,0.82051283,0.7916116,9.649836
24517,0,2,0.25,0.52136755,0.72649574,0.79161155,9.660238
24517,0,2,0.5,0.47863248,0.7948718,0.7916116,9.987022
24517,0,2,0.75,0.51282054,0.82051283,0.79161155,10.9503765
24517,0,2,1,0.47863248,0.84615386,0.7916116,10.761392
24517,0,3,0,0.9145299,0.46153846,0.5156597,8.062359
24517,0,3,0.25,0.9230769,0.47008547,0.5156597,8.528063
24517,0,3,0.5,0.9230769,0.41880342,0.5156597,8.742603
24517,0,3,0.75,0.9145299,0.53846157,0.5156597,9.172453
24517,0,3,1,0.9059829,0.47863248,0.5156597,8.618507
24518,0,1,0,0.974359,0.43589744,0.40129074,4.2748814
24518,0,1,0.25,0.94871795,0.4871795,0.4012906,6.3483515
24518,0,1,0.5,0.94017094,0.51282054,0.40129074,8.190922
24518,0,1,0.75,0.8888889,0.5982906,0.40129074,8.372824
24518,0,1,1,0.8632479,0.64102566,0.40129074,8.188289
24518,0,2,0,0.93162394,0.74358976,0.45459142,6.4000754
24518,0,2,0.25,0.8974359,0.8034188,0.45459145,8.036185
24518,0,2,0.5,0.85470086,0.8803419,0.45459142,9.049114
24518,0,2,0.75,0.7606838,0.94017094,0.45459142,8.009825
24518,0,2,1,0.71794873,0.8717949,0.45459142,5.443806
24518,0,3,0,0.95726496,0.36752138,0.88069767,4.6346645
24518,0,3,0.25,0.96581197,0.36752138,0.88069767,8.321638
24518,0,3,0.5,0.9230769,0.3846154,0.88069767,12.94689
24518,0,3,0.75,0.8632479,0.4017094,0.8806976,15.96899
24518,0,3,1,0.7863248,0.51282054,0.88069767,17.035227
24519,0,1,0,0.62393165,0.9230769,0.8445925,13.57312
24519,0,1,0.25,0.64102566,0.93162394,0.84459233,13.63702
24519,0,1,0.5,0.6495727,0.9059829,0.8445924,13.419576
24519,0,1,0.75,0.64102566,0.9145299,0.84459263,13.5073185
24519,0,1,1,0.6581197,0.9230769,0.8445925,13.450216
24519,0,2,0,0.36752138,0.96581197,0.7184082,10.855499
24519,0,2,0.25,0.35042736,0.974359,0.71840805,10.914599
24519,0,2,0.5,0.36752138,0.96581197,0.7184084,10.827929
24519,0,2,0.75,0.36752138,0.94871795,0.7184084,10.645799
24519,0,2,1,0.36752138,0.95726496,0.7184082,10.616511
24519,0,3,0,0.6666667,0.84615386,0.33212605,5.452112
24519,0,3,0.25,0.6752137,0.85470086,0.33212596,5.320459
24519,0,3,0.5,0.6581197,0.83760685,0.3321261,5.2120647
24519,0,3,0.75,0.6666667,0.83760685,0.33212602,5.047154
24519,0,3,1,0.6923077,0.83760685,0.33212605,4.9358416
24520,0,1,0,0.974359,0.52991456,0.2606229,3.8914876
24520,0,1,0.25,0.95726496,0.5470086,0.26062283,3.9587483
24520,0,1,0.5,0.94871795,0.53846157,0.26062292,3.9716783
24520,0,1,0.75,0.982906,0.52991456,0.26062292,4.055478
24520,0,1,1,0.991453,0.5555556,0.2606229,4.101813
24520,0,2,0,0.974359,0.7094017,0.57919914,4.146228
24520,0,2,0.25,0.974359,0.7606838,0.5791992,4.2031846
24520,0,2,0.5,0.96581197,0.7777778,0.57919914,4.263052
24520,0,2,0.75,0.982906,0.7692308,0.5791992,4.3356714
24520,0,2,1,1,0.74358976,0.57919914,4.3337812
24520,0,3,0,0.8119658,0.6495727,0.34905788,5.73693
24520,0,3,0.25,0.82051283,0.64102566,0.34905788,5.8406315
24520,0,3,0.5,0.7863248,0.63247865,0.3490578,5.9097834
24520,0,3,0.75,0.82051283,0.61538464,0.34905794,5.996155
24520,0,3,1,0.8119658,0.63247865,0.34905782,6.0656385
24521,0,1,0,0.94871795,0.82905984,0.87045413,12.2010145
24521,0,1,0.25,0.974359,0.7777778,0.87045413,10.030942
24521,0,1,0.5,1,0.7863248,0.87045413,7.901388
24521,0,1,0.75,0.95726496,0.75213677,0.8704541,6.7201653
24521,0,1,1,0.93162394,0.7008547,0.87045413,6.4652452
24521,0,2,0,0.974359,0.7008547,0.3025216,5.827592
24521,0,2,0.25,0.974359,0.6666667,0.3025215,5.242525
24521,0,2,0.5,1,0.64102566,0.3025216,4.742486
24521,0,2,0.75,0.991453,0.62393165,0.3025214,4.651539
24521,0,2,1,0.96581197,0.52136755,0.3025213,4.3652725
24521,0,3,0,0.9145299,0.84615386,0.4114108,6.1214485
24521,0,3,0.25,0.93162394,0.8717949,0.4114108,5.200749
24521,0,3,0.5,0.95726496,0.9145299,0.4114108,4.63389
24521,0,3,0.75,0.93162394,0.93162394,0.41141105,4.303149
24521,0,3,1,0.8888889,0.982906,0.4114108,4.388093
24522,0,1,0,0.5641026,0.974359,0.547106,5.7153645
24522,0,1,0.25,0.5726496,0.974359,0.54710656,5.8424244
24522,0,1,0.5,0.52991456,0.96581197,0.5471057,5.7082863
24522,0,1,0.75,0.50427353,0.95726496,0.5471063,5.5734787
24522,0,1,1,0.52136755,0.96581197,0.547106,5.659161
24522,0,2,0,0.93162394,0.4017094,0.7519627,11.556267
24522,0,2,0.25,0.9059829,0.3846154,0.7519628,11.280593
24522,0,2,0.5,0.9230769,0.42735043,0.75196314,11.4725895
24522,0,2,0.75,0.9230769,0.41025642,0.7519628,11.514098
24522,0,2,1,0.93162394,0.41025642,0.7519627,11.523607
24522,0,3,0,0.7008547,0.8717949,0.53907895,8.95854
24522,0,3,0.25,0.6923077,0.8974359,0.53907853,9.088842
24522,0,3,0.5,0.72649574,0.9145299,0.5390793,9.155846
24522,0,3,0.75,0.7094017,0.9230769,0.5390788,9.080618
24522,0,3,1,0.7094017,0.9145299,0.5390787,9.022605
24523,0,1,0,0.6666667,0.991453,0.9935005,12.277734
24523,0,1,0.25,0.6752137,0.974359,0.9935005,12.19838
24523,0,1,0.5,0.6752137,0.96581197,0.9935005,12.4303875
24523,0,1,0.75,0.6752137,0.96581197,0.9935005,12.501364
24523,0,1,1,0.6837607,0.96581197,0.9935005,12.174308
24523,0,2,0,0.93162394,0.47008547,0.29734015,5.895591
24523,0,2,0.25,0.94017094,0.47008547,0.29734015,5.807109
24523,0,2,0.5,0.9230769,0.4871795,0.29734015,5.6832647
24523,0,2,0.75,0.9230769,0.4957265,0.29734015,5.6098256
24523,0,2,1,0.93162394,0.47863248,0.29734015,5.440607
24523,0,3,0,0.95726496,0.41880342,0.9081439,7.2023363
24523,0,3,0.25,0.96581197,0.41880342,0.90814394,7.1833954
24523,0,3,0.5,0.96581197,0.41880342,0.9081439,7.1448517
24523,0,3,0.75,0.96581197,0.41880342,0.9081439,7.1682997
24523,0,3,1,0.974359,0.41880342,0.90814394,7.1245384
24524,0,1,0,0.8888889,0.7948718,0.8113709,7.1512065
24524,0,1,0.25,0.84615386,0.82051283,0.8113714,8.0130415
24524,0,1,0.5,0.8803419,0.83760685,0.81137097,8.921184
24524,0,1,0.75,0.8119658,0.7777778,0.81137055,9.897568
24524,0,1,1,0.82051283,0.71794873,0.8113709,10.700181
24524,0,2,0,0.9059829,0.9059829,0.39849925,3.0367057
24524,0,2,0.25,0.8974359,0.85470086,0.39849958,3.498201
24524,0,2,0.5,0.8888889,0.85470086,0.39849925,3.789392
24524,0,2,0.75,0.8717949,0.84615386,0.39849895,4.349163
24524,0,2,1,0.8632479,0.8034188,0.39849925,4.8355255
24524,0,3,0,0.93162394,0.74358976,0.4579756,1.8084141
24524,0,3,0.25,0.9230769,0.7692308,0.45797548,1.6594927
24524,0,3,0.5,0.8717949,0.7863248,0.45797563,1.6267021
24524,0,3,0.75,0.85470086,0.7692308,0.45797575,1.6871074
24524,0,3,1,0.82051283,0.73504275,0.4579756,1.8588209
24525,0,1,0,0.93162394,0.47008547,0.59665924,7.5353413
24525,0,1,0.25,0.94871795,0.47008547,0.5966592,7.905299
24525,0,1,0.5,0.94871795,0.45299146,0.59665924,7.721589
24525,0,1,0.75,0.94017094,0.44444445,0.59665924,7.8980083
24525,0,1,1,0.94871795,0.43589744,0.59665924,8.32789
24525,0,2,0,0.71794873,0.96581197,0.3535997,3.3592825
24525,0,2,0.25,0.6923077,0.96581197,0.3535996,3.4236069
24525,0,2,0.5,0.75213677,0.982906,0.3535997,3.5393264
24525,0,2,0.75,0.72649574,1,0.35359985,3.837274
24525,0,2,1,0.7094017,1,0.3535997,4.1465225
24525,0,3,0,0.8888889,0.60683763,1.2818148,15.89571
24525,0,3,0.25,0.85470086,0.5470086,1.2818147,16.161366
24525,0,3,0.5,0.82051283,0.52991456,1.2818148,16.652325
24525,0,3,0.75,0.7948718,0.52991456,1.2818148,17.480076
24525,0,3,1,0.7692308,0.53846157,1.2818148,19.037697
24526,0,1,0,0.982906,0.41025642,0.40380296,1.5662299
24526,0,1,0.25,0.982906,0.3931624,0.40380314,1.5360613
24526,0,1,0.5,0.982906,0.3846154,0.40380317,1.435475
24526,0,1,0.75,1,0.4017094,0.40380266,1.3300387
24526,0,1,1,0.95726496,0.41880342,0.4038029,1.3124466
24526,0,2,0,0.96581197,0.52136755,0.511625,3.7168021
24526,0,2,0.25,0.974359,0.4871795,0.51162493,3.8442202
24526,0,2,0.5,0.94017094,0.46153846,0.511625,3.814251
24526,0,2,0.75,0.94871795,0.46153846,0.5116247,3.8868608
24526,0,2,1,0.94017094,0.47863248,0.511625,3.8818166
24526,0,3,0,0.72649574,0.9145299,0.58802134,3.7823095
24526,0,3,0.25,0.74358976,0.9059829,0.5880215,3.711094
24526,0,3,0.5,0.75213677,0.8888889,0.5880216,3.5559084
24526,0,3,0.75,0.75213677,0.9145299,0.5880216,3.4490108
24526,0,3,1,0.73504275,0.93162394,0.58802134,3.245613
24527,0,1,0,0.9230769,0.5982906,0.9037245,10.679294
24527,0,1,0.25,0.94017094,0.5726496,0.90372455,10.605331
24527,0,1,0.5,0.94017094,0.5897436,0.90372443,10.484018
24527,0,1,0.75,0.96581197,0.7606838,0.9037245,10.989714
24527,0,1,1,0.974359,0.84615386,0.90372443,10.384837
24527,0,2,0,0.93162394,0.82905984,0.4209475,4.1138697
24527,0,2,0.25,0.94017094,0.8717949,0.42094755,3.9196641
24527,0,2,0.5,0.93162394,0.8803419,0.4209475,4.2073736
24527,0,2,0.75,0.9059829,0.8888889,0.42094755,4.4342885
24527,0,2,1,0.9059829,0.8974359,0.42094764,4.458082
24527,0,3,0,0.8974359,0.8632479,0.3239618,3.2988813
24527,0,3,0.25,0.93162394,0.8717949,0.3239618,3.6708446
24527,0,3,0.5,0.93162394,0.9059829,0.3239618,3.3817453
24527,0,3,0.75,0.9145299,0.94017094,0.3239618,2.8801498
24527,0,3,1,0.9230769,0.94017094,0.32396203,2.4910264
24528,0,1,0,0.7777778,0.982906,0.272138,1.9241297
24528,0,1,0.25,0.7777778,1,0.27213776,2.1331859
24528,0,1,0.5,0.73504275,0.94871795,0.27213812,2.3803806
24528,0,1,0.75,0.6837607,0.8888889,0.27213812,2.705377
24528,0,1,1,0.72649574,0.85470086,0.27213812,3.6752572
24528,0,2,0,0.8632479,0.8888889,0.7914977,2.6539104
24528,0,2,0.25,0.8034188,0.8717949,0.7914977,3.0980144
24528,0,2,0.5,0.85470086,0.8632479,0.79149765,4.3297195
24528,0,2,0.75,0.7606838,0.8119658,0.79149765,6.126898
24528,0,2,1,0.7008547,0.6923077,0.7914977,9.160009
24528,0,3,0,0.96581197,0.60683763,0.55134416,4.2100415
24528,0,3,0.25,0.991453,0.5641026,0.55134404,4.85596
24528,0,3,0.5,0.982906,0.5726496,0.55134416,5.2113304
24528,0,3,0.75,0.94017094,0.5641026,0.55134416,5.4667125
24528,0,3,1,0.9230769,0.46153846,0.5513442,6.187687
24529,0,1,0,0.47008547,0.9145299,1.4007422,19.246574
24529,0,1,0.25,0.43589744,0.9230769,1.4007422,19.61599
24529,0,1,0.5,0.41025642,0.9230769,1.4007422,20.096493
24529,0,1,0.75,0.43589744,0.93162394,1.4007422,19.90433
24529,0,1,1,0.37606838,0.94017094,1.4007422,20.978172
24529,0,2,0,0.6837607,0.84615386,0.4842566,8.18042
24529,0,2,0.25,0.6752137,0.84615386,0.48425657,8.066442
24529,0,2,0.5,0.7008547,0.82905984,0.4842566,8.063213
24529,0,2,0.75,0.7008547,0.84615386,0.48425657,7.957651
24529,0,2,1,0.6837607,0.83760685,0.4842566,8.067255
24529,0,3,0,0.5982906,0.5555556,0.9927524,21.493624
24529,0,3,0.25,0.5897436,0.5641026,0.9927524,20.740705
24529,0,3,0.5,0.60683763,0.60683763,0.9927524,19.7101
24529,0,3,0.75,0.61538464,0.6495727,0.99275243,18.987011
24529,0,3,1,0.5982906,0.6495727,0.9927524,18.434704
24530,0,1,0,0.7948718,0.94871795,0.25033468,3.88594
24530,0,1,0.25,0.8119658,0.96581197,0.2503347,3.7952566
24530,0,1,0.5,0.8119658,0.991453,0.25033468,3.7151651
24530,0,1,0.75,0.82905984,0.982906,0.2503347,3.6501732
24530,0,1,1,0.84615386,0.982906,0.2503347,3.5717769
24530,0,2,0,0.991453,0.44444445,0.3030984,3.1201591
24530,0,2,0.25,0.991453,0.43589744,0.30309838,3.0910034
24530,0,2,0.5,0.991453,0.43589744,0.3030984,3.080761
24530,0,2,0.75,0.982906,0.42735043,0.3030984,3.0742245
24530,0,2,1,0.982906,0.42735043,0.3030984,3.0380645
24530,0,3,0,0.982906,0.6495727,0.41994855,5.2737837
24530,0,3,0.25,0.982906,0.64102566,0.41994852,5.206361
24530,0,3,0.5,0.982906,0.6581197,0.41994855,5.204443
24530,0,3,0.75,0.982906,0.6581197,0.4199486,5.2095623
24530,0,3,1,0.982906,0.6495727,0.41994855,5.165248
24531,0,1,0,0.95726496,0.7008547,0.6846997,7.9827585
24531,0,1,0.25,0.96581197,0.71794873,0.68469995,8.389193
24531,0,1,0.5,0.9059829,0.72649574,0.68469983,8.097912
24531,0,1,0.75,0.9230769,0.8034188,0.6846997,7.652451
24531,0,1,1,0.8888889,0.84615386,0.6846998,6.6424594
24531,0,2,0,0.4871795,0.94017094,0.5599839,5.7014484
24531,0,2,0.25,0.4871795,0.93162394,0.5599842,6.290721
24531,0,2,0.5,0.45299146,0.9059829,0.5599841,6.661128
24531,0,2,0.75,0.46153846,0.95726496,0.5599838,6.6591415
24531,0,2,1,0.4017094,0.94871795,0.559984,6.0153522
24531,0,3,0,0.7863248,0.3931624,1.8279668,18.60117
24531,0,3,0.25,0.7777778,0.46153846,1.8279669,15.651939
24531,0,3,0.5,0.82051283,0.45299146,1.8279667,13.505313
24531,0,3,0.75,0.82905984,0.5641026,1.8279668,13.237604
24531,0,3,1,0.83760685,0.5555556,1.8279669,13.749931
24532,0,1,0,0.8803419,0.8974359,0.3352752,3.1451344
24532,0,1,0.25,0.8717949,0.85470086,0.33527514,2.9789395
24532,0,1,0.5,0.82905984,0.9059829,0.3352752,2.8267448
24532,0,1,0.75,0.83760685,0.9145299,0.33527523,2.7254167
24532,0,1,1,0.82051283,0.9059829,0.3352752,2.6727831
24532,0,2,0,0.9230769,0.52991456,0.3538471,5.208231
24532,0,2,0.25,0.94871795,0.5555556,0.35384694,5.1759357
24532,0,2,0.5,0.94017094,0.5982906,0.35384706,5.3384604
24532,0,2,0.75,0.9230769,0.5726496,0.3538471,5.6434975
24532,0,2,1,0.93162394,0.5641026,0.35384694,5.8620853
24532,0,3,0,0.9145299,0.60683763,0.6658444,5.5204067
24532,0,3,0.25,0.9059829,0.61538464,0.6658444,5.328352
24532,0,3,0.5,0.9059829,0.61538464,0.6658444,5.1055574
24532,0,3,0.75,0.9145299,0.6495727,0.66584444,5.1170855
24532,0,3,1,0.8888889,0.6581197,0.6658444,5.106091
24533,0,1,0,0.84615386,0.37606838,1.0369563,14.783093
24533,0,1,0.25,0.8888889,0.41025642,1.0369563,15.87785
24533,0,1,0.5,0.8803419,0.47008547,1.0369563,16.14771
24533,0,1,0.75,0.85470086,0.44444445,1.0369562,15.761654
24533,0,1,1,0.82051283,0.44444445,1.0369563,15.728842
24533,0,2,0,0.51282054,0.982906,0.25696436,3.3808165
24533,0,2,0.25,0.52136755,0.96581197,0.25696436,3.3551788
24533,0,2,0.5,0.52136755,0.982906,0.25696433,3.3264213
24533,0,2,0.75,0.52991456,0.96581197,0.2569644,3.214182
24533,0,2,1,0.50427353,0.982906,0.25696436,3.0102024
24533,0,3,0,0.8888889,0.5726496,0.68618095,12.260933
24533,0,3,0.25,0.9059829,0.5641026,0.68618095,12.05533
24533,0,3,0.5,0.8974359,0.5555556,0.68618095,11.677488
24533,0,3,0.75,0.8803419,0.5641026,0.686181,10.976267
24533,0,3,1,0.8888889,0.5641026,0.68618095,10.60843
24534,0,1,0,0.94871795,0.94017094,0.30378103,2.8318534
24534,0,1,0.25,0.94871795,0.94017094,0.30378103,2.898695
24534,0,1,0.5,0.94017094,0.94871795,0.30378127,2.9260833
24534,0,1,0.75,0.94871795,0.95726496,0.3037817,2.9398022
24534,0,1,1,0.96581197,0.94871795,0.30378127,2.9518495
24534,0,2,0,0.8803419,0.73504275,1.2834355,11.497052
24534,0,2,0.25,0.82051283,0.7606838,1.2834355,10.902407
24534,0,2,0.5,0.84615386,0.8717949,1.2834355,10.331312
24534,0,2,0.75,0.83760685,0.8632479,1.283436,9.880587
24534,0,2,1,0.74358976,0.8034188,1.2834355,9.192799
24534,0,3,0,0.9145299,0.41880342,1.3873346,7.902948
24534,0,3,0.25,0.94017094,0.45299146,1.3873348,7.8822117
24534,0,3,0.5,0.94871795,0.4957265,1.3873348,8.146037
24534,0,3,0.75,0.94017094,0.46153846,1.3873346,7.886888
24534,0,3,1,0.9145299,0.47008547,1.3873346,8.03165
24535,0,1,0,0.84615386,0.83760685,0.25145665,2.188027
24535,0,1,0.25,0.7863248,0.71794873,0.2514566,2.6194923
24535,0,1,0.5,0.72649574,0.7606838,0.2514567,3.1708136
24535,0,1,0.75,0.7094017,0.73504275,0.25145665,4.536392
24535,0,1,1,0.6581197,0.71794873,0.25145665,5.3675404
24535,0,2,0,0.982906,0.5641026,0.33453968,1.4035944
24535,0,2,0.25,0.974359,0.5811966,0.33454,1.5027618
24535,0,2,0.5,0.95726496,0.5811966,0.33453974,1.4724698
24535,0,2,0.75,0.94871795,0.60683763,0.33453968,1.9093356
24535,0,2,1,0.991453,0.5982906,0.33453968,2.4685922
24535,0,3,0,0.52991456,0.7008547,1.5953276,20.048103
24535,0,3,0.25,0.45299146,0.5641026,1.5953276,23.889202
24535,0,3,0.5,0.3846154,0.5726496,1.5953276,32.382133
24535,0,3,0.75,0.4957265,0.51282054,1.5953276,40.194927
24535,0,3,1,0.41025642,0.3846154,1.5953276,38.24146
24536,0,1,0,0.60683763,0.94017094,0.7070204,9.6584215
24536,0,1,0.25,0.5982906,0.93162394,0.7070204,9.853415
24536,0,1,0.5,0.53846157,0.9230769,0.7070202,9.205898
24536,0,1,0.75,0.42735043,0.9059829,0.70702034,8.185274
24536,0,1,1,0.47008547,0.8632479,0.70702034,8.642173
24536,0,2,0,0.3846154,0.96581197,0.59606755,6.3474693
24536,0,2,0.25,0.3931624,0.95726496,0.59606755,6.993563
24536,0,2,0.5,0.42735043,0.982906,0.59606767,7.6120186
24536,0,2,0.75,0.46153846,0.9230769,0.59606755,7.9635005
24536,0,2,1,0.44444445,0.94017094,0.5960676,7.873025
24536,0,3,0,0.4871795,0.991453,0.26832965,4.022747
24536,0,3,0.25,0.52991456,0.982906,0.26832965,4.085639
24536,0,3,0.5,0.53846157,0.974359,0.26832965,4.009046
24536,0,3,0.75,0.51282054,0.974359,0.26832962,4.4303484
24536,0,3,1,0.51282054,0.96581197,0.26832965,4.3774214
24537,0,1,0,0.84615386,0.46153846,0.8764157,6.9637527
24537,0,1,0.25,0.84615386,0.47008547,0.8764158,6.897685
24537,0,1,0.5,0.8717949,0.47863248,0.87641555,6.9478602
24537,0,1,0.75,0.9145299,0.4957265,0.8764155,7.4226775
24537,0,1,1,0.9145299,0.51282054,0.8764157,7.479247
24537,0,2,0,0.9059829,0.5897436,0.5039956,4.6012163
24537,0,2,0.25,0.9230769,0.5897436,0.5039959,4.787978
24537,0,2,0.5,0.9230769,0.5811966,0.5039954,4.7542887
24537,0,2,0.75,0.974359,0.60683763,0.5039955,5.2089376
24537,0,2,1,0.974359,0.5897436,0.50399536,5.2163568
24537,0,3,0,0.6666667,0.44444445,1.4289443,15.253353
24537,0,3,0.25,0.7008547,0.47863248,1.4289446,16.280304
24537,0,3,0.5,0.72649574,0.47863248,1.4289446,17.047123
24537,0,3,0.75,0.7606838,0.51282054,1.4289443,17.579416
24537,0,3,1,0.7692308,0.51282054,1.4289443,17.889591
24538,0,1,0,0.82905984,0.8803419,0.2666773,9.44626
24538,0,1,0.25,0.982906,0.83760685,0.26667777,5.338789
24538,0,1,0.5,0.93162394,0.8803419,0.26667726,4.857834
24538,0,1,0.75,0.9059829,0.85470086,0.2666773,7.547939
24538,0,1,1,0.7948718,0.95726496,0.2666773,8.747842
24538,0,2,0,0.73504275,0.8888889,0.3430584,6.1442657
24538,0,2,0.25,0.6495727,0.9059829,0.34305817,3.7657738
24538,0,2,0.5,0.6666667,0.9059829,0.3430584,3.4644256
24538,0,2,0.75,0.6923077,0.8888889,0.34305847,4.1034923
24538,0,2,1,0.6581197,0.94017094,0.3430584,5.6301265
24538,0,3,0,0.93162394,0.6666667,0.5195486,10.573662
24538,0,3,0.25,0.96581197,0.7777778,0.51954824,6.696684
24538,0,3,0.5,0.84615386,0.7008547,0.51954824,5.556694
24538,0,3,0.75,0.85470086,0.7008547,0.5195489,8.773901
24538,0,3,1,0.74358976,0.72649574,0.5195486,13.283302
24539,0,1,0,1,0.6923077,0.3717001,1.4325986
24539,0,1,0.25,1,0.6752137,0.37170002,1.2109816
24539,0,1,0.5,1,0.6495727,0.37170005,1.0975523
24539,0,1,0.75,1,0.7094017,0.37170002,1.0815856
24539,0,1,1,1,0.71794873,0.3717001,1.1478099
24539,0,2,0,0.991453,0.82905984,1.1237494,6.41456
24539,0,2,0.25,1,0.8034188,1.1237494,6.7784634
24539,0,2,0.5,0.94871795,0.71794873,1.1237495,7.3666897
24539,0,2,0.75,0.96581197,0.6837607,1.1237495,8.257884
24539,0,2,1,0.93162394,0.5470086,1.1237495,9.419441
24539,0,3,0,0.46153846,1,1.0943853,9.065453
24539,0,3,0.25,0.44444445,0.94017094,1.0943853,8.181901
24539,0,3,0.5,0.43589744,0.93162394,1.0943853,7.1200185
24539,0,3,0.75,0.42735043,0.96581197,1.0943853,6.108902
24539,0,3,1,0.44444445,0.982906,1.0943853,5.355939
24540,0,1,0,0.63247865,0.7692308,2.3352914,18.247105
24540,0,1,0.25,0.64102566,0.7948718,2.3352914,20.218365
24540,0,1,0.5,0.64102566,0.7008547,2.3352914,22.798796
24540,0,1,0.75,0.5641026,0.5982906,2.3352914,23.960503
24540,0,1,1,0.51282054,0.5726496,2.3352914,26.030727
24540,0,2,0,0.8119658,0.82051283,1.4247465,4.728079
24540,0,2,0.25,0.7777778,0.7777778,1.4247465,4.668168
24540,0,2,0.5,0.82905984,0.7863248,1.4247465,5.345037
24540,0,2,0.75,0.8717949,0.7094017,1.4247465,5.860457
24540,0,2,1,0.82051283,0.7094017,1.4247465,6.505476
24540,0,3,0,0.982906,0.74358976,0.35289192,2.277849
24540,0,3,0.25,0.974359,0.75213677,0.35289195,2.2981694
24540,0,3,0.5,1,0.71794873,0.35289192,2.5170023
24540,0,3,0.75,0.974359,0.6923077,0.35289216,2.7719088
24540,0,3,1,0.96581197,0.7008547,0.35289192,2.9947565
24541,0,1,0,0.8632479,0.5726496,0.39873022,6.09896
24541,0,1,0.25,0.8888889,0.5641026,0.39873022,6.2053156
24541,0,1,0.5,0.8974359,0.5555556,0.3987302,6.160719
24541,0,1,0.75,0.83760685,0.5470086,0.39873016,5.9207897
24541,0,1,1,0.8717949,0.5470086,0.39873022,5.9453945
24541,0,2,0,0.5726496,0.4957265,1.795544,31.988905
24541,0,2,0.25,0.5470086,0.4957265,1.7955439,31.261387
24541,0,2,0.5,0.5470086,0.4957265,1.795544,31.705603
24541,0,2,0.75,0.4957265,0.4871795,1.795544,29.623123
24541,0,2,1,0.50427353,0.47863248,1.795544,28.676594
24541,0,3,0,0.51282054,0.83760685,1.3128984,12.936035
24541,0,3,0.25,0.52136755,0.82051283,1.3128985,12.822989
24541,0,3,0.5,0.52991456,0.82051283,1.3128985,12.730375
24541,0,3,0.75,0.4871795,0.7606838,1.3128984,12.447832
24541,0,3,1,0.50427353,0.7606838,1.3128984,12.812624
24542,0,1,0,0.7948718,0.9145299,0.35116336,4.1098013
24542,0,1,0.25,0.8119658,0.9145299,0.35116348,4.0835686
24542,0,1,0.5,0.82905984,0.94017094,0.35116336,4.0590057
24542,0,1,0.75,0.84615386,0.95726496,0.35116366,4.0375648
24542,0,1,1,0.8803419,0.96581197,0.35116336,4.064939
24542,0,2,0,0.8888889,0.7008547,0.98241144,8.433306
24542,0,2,0.25,0.9145299,0.6837607,0.98241156,8.31214
24542,0,2,0.5,0.8974359,0.7008547,0.98241127,8.30222
24542,0,2,0.75,0.9230769,0.72649574,0.9824114,8.1879835
24542,0,2,1,0.9230769,0.73504275,0.9824113,8.144957
24542,0,3,0,0.44444445,0.5470086,2.7545166,41.11181
24542,0,3,0.25,0.47863248,0.5641026,2.7545166,40.542397
24542,0,3,0.5,0.52136755,0.5982906,2.7545166,39.67052
24542,0,3,0.75,0.4871795,0.60683763,2.7545168,38.33448
24542,0,3,1,0.4871795,0.62393165,2.7545166,37.462536
24543,0,1,0,0.982906,0.52136755,0.92400783,5.623461
24543,0,1,0.25,0.991453,0.5470086,0.92400783,5.439251
24543,0,1,0.5,0.94871795,0.5470086,0.9240078,5.291278
24543,0,1,0.75,0.982906,0.5470086,0.92400795,5.0544457
24543,0,1,1,0.85470086,0.47008547,0.9240078,4.447069
24543,0,2,0,0.94871795,0.50427353,2.0245736,13.845364
24543,0,2,0.25,0.95726496,0.50427353,2.0245733,13.322332
24543,0,2,0.5,0.94017094,0.53846157,2.0245736,12.951497
24543,0,2,0.75,0.94017094,0.52991456,2.0245736,12.783903
24543,0,2,1,0.8119658,0.42735043,2.0245736,11.8475895
24543,0,3,0,1,0.51282054,0.3900839,2.6342669
24543,0,3,0.25,1,0.51282054,0.3900843,2.4461877
24543,0,3,0.5,0.974359,0.5641026,0.39008433,2.3030262
24543,0,3,0.75,1,0.5641026,0.3900839,2.266312
24543,0,3,1,0.93162394,0.5470086,0.3900839,3.5508957
24544,0,1,0,0.9230769,0.8974359,0.8336155,6.36141
24544,0,1,0.25,0.9145299,0.9059829,0.8336154,6.227604
24544,0,1,0.5,0.83760685,0.94017094,0.8336155,6.063574
24544,0,1,0.75,0.83760685,0.9059829,0.8336155,6.1270957
24544,0,1,1,0.82051283,0.9230769,0.8336155,6.2480717
24544,0,2,0,0.60683763,1,0.29128325,1.5062009
24544,0,2,0.25,0.6495727,1,0.29128313,1.7509372
24544,0,2,0.5,0.63247865,1,0.29128328,2.1096916
24544,0,2,0.75,0.63247865,1,0.29128313,2.4975562
24544,0,2,1,0.63247865,1,0.29128325,2.8983383
24544,0,3,0,0.974359,0.83760685,0.75342834,7.9356194
24544,0,3,0.25,0.95726496,0.9059829,0.75342834,7.796385
24544,0,3,0.5,0.9230769,0.9145299,0.7534286,7.8317957
24544,0,3,0.75,0.8888889,0.94017094,0.75342834,7.8657656
24544,0,3,1,0.8717949,0.982906,0.75342834,7.9147625
24545,0,1,0,0.94017094,0.7094017,0.48819312,10.20423
24545,0,1,0.25,0.93162394,0.7606838,0.48819312,8.998194
24545,0,1,0.5,0.82905984,0.75213677,0.48819312,8.501323
24545,0,1,0.75,0.82905984,0.7863248,0.48819315,7.473652
24545,0,1,1,0.7606838,0.7692308,0.4881931,6.5319123
24545,0,2,0,0.8717949,0.7863248,0.28970453,3.9881217
24545,0,2,0.25,0.8888889,0.8119658,0.28970417,4.395481
24545,0,2,0.5,0.82051283,0.8034188,0.289705,4.4374886
24545,0,2,0.75,0.8119658,0.75213677,0.28970504,4.6178946
24545,0,2,1,0.7606838,0.7863248,0.28970477,4.6535044
24545,0,3,0,0.7008547,0.8632479,0.7696265,14.119269
24545,0,3,0.25,0.8034188,0.8717949,0.7696265,11.551094
24545,0,3,0.5,0.7948718,0.82051283,0.76962656,10.179415
24545,0,3,0.75,0.8974359,0.8632479,0.76962656,8.816076
24545,0,3,1,0.9059829,0.8717949,0.7696265,7.4431367
24546,0,1,0,0.9145299,0.42735043,1.9730982,8.594376
24546,0,1,0.25,0.93162394,0.41880342,1.9730983,8.556167
24546,0,1,0.5,0.94017094,0.44444445,1.9730979,8.671072
24546,0,1,0.75,0.94017094,0.45299146,1.9730984,8.639107
24546,0,1,1,0.94871795,0.46153846,1.9730984,8.572123
24546,0,2,0,0.61538464,0.93162394,0.6088813,8.142055
24546,0,2,0.25,0.62393165,0.94017094,0.6088815,7.948743
24546,0,2,0.5,0.5982906,0.9230769,0.60888153,7.964544
24546,0,2,0.75,0.5811966,0.9230769,0.60888183,7.808733
24546,0,2,1,0.5897436,0.94017094,0.60888135,7.7220726
24546,0,3,0,0.96581197,0.44444445,0.3207833,3.197604
24546,0,3,0.25,0.982906,0.42735043,0.32078278,3.168599
24546,0,3,0.5,0.991453,0.42735043,0.32078332,3.15129
24546,0,3,0.75,0.991453,0.46153846,0.32078347,3.0984077
24546,0,3,1,0.96581197,0.46153846,0.32078338,3.0555599
24547,0,1,0,0.95726496,0.51282054,0.98170227,9.023628
24547,0,1,0.25,0.94871795,0.52991456,0.9817026,9.299955
24547,0,1,0.5,0.94871795,0.52136755,0.9817026,9.562487
24547,0,1,0.75,0.95726496,0.52136755,0.98170227,9.707869
24547,0,1,1,0.95726496,0.4957265,0.98170227,9.917213
24547,0,2,0,0.4957265,0.94871795,0.81176686,10.287863
24547,0,2,0.25,0.51282054,0.94871795,0.81176686,10.309994
24547,0,2,0.5,0.51282054,0.9059829,0.81176686,10.338207
24547,0,2,0.75,0.50427353,0.95726496,0.81176686,10.033125
24547,0,2,1,0.4871795,0.96581197,0.81176686,10.166127
24547,0,3,0,0.8803419,0.4871795,1.1569929,13.06291
24547,0,3,0.25,0.94017094,0.47863248,1.1569929,13.022879
24547,0,3,0.5,0.94871795,0.4957265,1.1569929,12.668167
24547,0,3,0.75,0.9145299,0.50427353,1.1569929,12.5933
24547,0,3,1,0.93162394,0.4957265,1.1569929,12.389881
24548,0,1,0,0.982906,0.4957265,0.37535638,7.892587
24548,0,1,0.25,0.991453,0.53846157,0.37535638,8.404558
24548,0,1,0.5,0.982906,0.50427353,0.37535638,8.614195
24548,0,1,0.75,0.974359,0.52136755,0.37535626,8.3966675
24548,0,1,1,0.974359,0.50427353,0.37535638,7.6870756
24548,0,2,0,0.991453,0.3846154,0.29651943,5.360655
24548,0,2,0.25,0.94871795,0.36752138,0.29651943,6.020942
24548,0,2,0.5,0.93162394,0.35042736,0.29651943,6.3586564
24548,0,2,0.75,0.94871795,0.35042736,0.2965193,6.210781
24548,0,2,1,0.974359,0.35042736,0.29651943,5.270274
24548,0,3,0,0.8888889,0.5811966,0.6713238,12.444546
24548,0,3,0.25,0.8888889,0.60683763,0.6713236,13.007347
24548,0,3,0.5,0.85470086,0.5641026,0.67132366,13.270674
24548,0,3,0.75,0.82051283,0.5555556,0.67132354,12.740284
24548,0,3,1,0.82905984,0.5726496,0.6713236,11.519037
24549,0,1,0,0.51282054,0.93162394,0.3695678,7.394799
24549,0,1,0.25,0.47863248,0.93162394,0.3695678,7.853836
24549,0,1,0.5,0.46153846,0.96581197,0.3695678,7.4392977
24549,0,1,0.75,0.3846154,0.991453,0.3695678,6.8122606
24549,0,1,1,0.41880342,0.991453,0.3695678,5.8597574
24549,0,2,0,0.8888889,0.64102566,0.32606077,6.7073812
24549,0,2,0.25,0.9059829,0.6581197,0.32606065,6.188982
24549,0,2,0.5,0.96581197,0.6923077,0.32606086,5.5256057
24549,0,2,0.75,0.96581197,0.7008547,0.32606074,4.9579
24549,0,2,1,0.96581197,0.72649574,0.32606074,4.5108423
24549,0,3,0,0.9230769,0.5470086,1.254741,18.958584
24549,0,3,0.25,0.9145299,0.5897436,1.254741,19.652878
24549,0,3,0.5,0.8974359,0.6923077,1.2547408,19.878351
24549,0,3,0.75,0.8632479,0.82051283,1.254741,19.226885
24549,0,3,1,0.82051283,0.8888889,1.254741,18.305565
24550,0,1,0,0.43589744,0.52136755,1.3796148,28.447678
24550,0,1,0.25,0.60683763,0.5811966,1.3796151,21.656792
24550,0,1,0.5,0.73504275,0.6495727,1.3796148,17.013794
24550,0,1,0.75,0.8119658,0.6923077,1.3796147,13.189108
24550,0,1,1,0.9145299,0.71794873,1.3796148,10.141267
24550,0,2,0,0.5555556,0.43589744,1.8241938,26.411201
24550,0,2,0.25,0.7008547,0.52136755,1.824194,20.131138
24550,0,2,0.5,0.84615386,0.5726496,1.8241938,15.748251
24550,0,2,0.75,0.8974359,0.5811966,1.8241936,11.462478
24550,0,2,1,0.94871795,0.6495727,1.8241938,8.793447
24550,0,3,0,0.51282054,0.52991456,2.1578836,28.659554
24550,0,3,0.25,0.5811966,0.5641026,2.1578834,22.28353
24550,0,3,0.5,0.6923077,0.73504275,2.1578836,16.551033
24550,0,3,0.75,0.71794873,0.84615386,2.1578836,14.527435
24550,0,3,1,0.74358976,0.8034188,2.1578836,13.151084
24551,0,1,0,0.5641026,0.7948718,0.52723074,10.212173
24551,0,1,0.25,0.61538464,0.84615386,0.5272307,9.453171
24551,0,1,0.5,0.62393165,0.85470086,0.5272306,8.824158
24551,0,1,0.75,0.61538464,0.9230769,0.5272307,8.108468
24551,0,1,1,0.6666667,0.94017094,0.52723074,7.9392467
24551,0,2,0,0.9145299,0.61538464,0.50943786,8.169828
24551,0,2,0.25,0.8888889,0.5897436,0.50943786,7.65069
24551,0,2,0.5,0.9230769,0.62393165,0.50943786,7.66444
24551,0,2,0.75,0.94017094,0.6495727,0.50943786,7.32189
24551,0,2,1,0.94871795,0.6837607,0.50943786,6.9560256
24551,0,3,0,0.7094017,0.52991456,1.096457,20.228607
24551,0,3,0.25,0.6923077,0.61538464,1.0964571,20.040407
24551,0,3,0.5,0.6923077,0.6752137,1.096457,20.75362
24551,0,3,0.75,0.75213677,0.75213677,1.0964571,19.011538
24551,0,3,1,0.75213677,0.83760685,1.096457,18.142033
24552,0,1,0,0.8803419,0.9059829,0.4011982,4.2133384
24552,0,1,0.25,0.8974359,0.9145299,0.4011982,4.100865
24552,0,1,0.5,0.8803419,0.8717949,0.4011982,3.9913216
24552,0,1,0.75,0.8803419,0.83760685,0.4011982,3.672003
24552,0,1,1,0.8717949,0.7863248,0.4011982,3.3266697
24552,0,2,0,0.51282054,0.61538464,2.0371628,26.269728
24552,0,2,0.25,0.5982906,0.52136755,2.0371625,26.523289
24552,0,2,0.5,0.5811966,0.5470086,2.0371628,24.881947
24552,0,2,0.75,0.6752137,0.52136755,2.0371628,23.13073
24552,0,2,1,0.72649574,0.53846157,2.0371628,19.749895
24552,0,3,0,0.8034188,0.8803419,0.42362517,5.0734825
24552,0,3,0.25,0.8119658,0.82905984,0.42362472,5.625554
24552,0,3,0.5,0.8034188,0.7777778,0.42362517,6.2723827
24552,0,3,0.75,0.7948718,0.74358976,0.42362517,6.464279
24552,0,3,1,0.8034188,0.7094017,0.42362517,6.081456
24553,0,1,0,0.74358976,0.974359,0.37189743,3.214973
24553,0,1,0.25,0.8119658,0.94871795,0.37189743,5.2339745
24553,0,1,0.5,0.8803419,0.8632479,0.37189746,4.703081
24553,0,1,0.75,0.93162394,0.8632479,0.37189743,3.253808
24553,0,1,1,1,0.93162394,0.37189773,1.7308139
24553,0,2,0,0.95726496,0.8974359,0.5462603,5.8853064
24553,0,2,0.25,0.96581197,0.7094017,0.5462603,5.868554
24553,0,2,0.5,0.991453,0.64102566,0.5462604,3.1529284
24553,0,2,0.75,0.96581197,0.5982906,0.5462604,1.9889073
24553,0,2,1,0.982906,0.6752137,0.5462605,2.4803963
24553,0,3,0,0.974359,0.5470086,0.3492292,3.8111043
24553,0,3,0.25,0.96581197,0.5641026,0.34922957,4.2234936
24553,0,3,0.5,0.991453,0.52136755,0.34922948,2.5704875
24553,0,3,0.75,0.991453,0.46153846,0.3492293,1.4793358
24553,0,3,1,1,0.53846157,0.3492293,1.5186055
24554,0,1,0,0.7094017,0.9059829,0.512451,8.15885
24554,0,1,0.25,0.63247865,0.9059829,0.5124512,7.3220487
24554,0,1,0.5,0.6581197,0.8974359,0.512451,6.483738
24554,0,1,0.75,0.6666667,0.9230769,0.51245093,5.7019935
24554,0,1,1,0.61538464,0.9145299,0.512451,5.1656947
24554,0,2,0,0.6752137,0.94017094,0.37149495,5.627183
24554,0,2,0.25,0.6495727,0.93162394,0.37149513,4.7452636
24554,0,2,0.5,0.6495727,0.94871795,0.37149495,4.0237613
24554,0,2,0.75,0.6752137,0.95726496,0.37149522,3.5570722
24554,0,2,1,0.6752137,0.974359,0.37149495,3.322502
24554,0,3,0,0.5555556,0.94871795,0.37163213,8.499579
24554,0,3,0.25,0.5726496,0.94017094,0.37163228,7.450912
24554,0,3,0.5,0.5982906,0.95726496,0.37163222,6.467041
24554,0,3,0.75,0.5982906,0.974359,0.37163246,5.791086
24554,0,3,1,0.6495727,0.94871795,0.37163213,5.2675714
24555,0,1,0,0.5726496,0.96581197,0.48131648,5.183296
24555,0,1,0.25,0.52136755,0.96581197,0.481316,5.658252
24555,0,1,0.5,0.44444445,0.94871795,0.48131648,6.0203648
24555,0,1,0.75,0.41025642,0.93162394,0.48131692,5.856071
24555,0,1,1,0.36752138,0.96581197,0.48131648,5.72488
24555,0,2,0,0.44444445,0.96581197,1.1098326,7.2399216
24555,0,2,0.25,0.42735043,0.95726496,1.1098328,6.296311
24555,0,2,0.5,0.47863248,0.96581197,1.1098328,6.293762
24555,0,2,0.75,0.52991456,0.94871795,1.1098326,6.53302
24555,0,2,1,0.52991456,0.9230769,1.1098326,7.0770493
24555,0,3,0,0.72649574,0.991453,0.42332968,3.9620867
24555,0,3,0.25,0.8119658,0.96581197,0.42332974,3.6154249
24555,0,3,0.5,0.84615386,0.93162394,0.42332968,3.5203083
24555,0,3,0.75,0.82051283,0.8888889,0.42332962,3.7948236
24555,0,3,1,0.84615386,0.8974359,0.42332962,3.9887276
24556,0,1,0,0.8974359,0.7777778,0.28992692,3.9246526
24556,0,1,0.25,0.8888889,0.7606838,0.28992692,4.0801616
24556,0,1,0.5,0.9059829,0.7606838,0.28992698,4.118666
24556,0,1,0.75,0.9059829,0.73504275,0.28992686,3.9616814
24556,0,1,1,0.94871795,0.7008547,0.2899269,3.6394012
24556,0,2,0,0.44444445,0.94871795,0.6002705,8.521149
24556,0,2,0.25,0.46153846,0.94017094,0.60027057,9.2705555
24556,0,2,0.5,0.51282054,0.95726496,0.6002705,9.632204
24556,0,2,0.75,0.62393165,0.94871795,0.6002705,9.369541
24556,0,2,1,0.6666667,0.96581197,0.6002705,8.369431
24556,0,3,0,0.52136755,0.974359,0.29014418,3.9241567
24556,0,3,0.25,0.47863248,1,0.2901443,3.708795
24556,0,3,0.5,0.47008547,0.982906,0.29014412,3.2670624
24556,0,3,0.75,0.45299146,1,0.29014415,2.7891078
24556,0,3,1,0.47008547,0.982906,0.29014412,2.317255
24557,0,1,0,0.7008547,0.7777778,1.0908711,15.561049
24557,0,1,0.25,0.7606838,0.7777778,1.0908712,15.252222
24557,0,1,0.5,0.7606838,0.7948718,1.0908711,15.414546
24557,0,1,0.75,0.7692308,0.8034188,1.0908713,15.082685
24557,0,1,1,0.7863248,0.7606838,1.090871,15.014223
24557,0,2,0,0.7606838,0.83760685,0.26448077,4.2712173
24557,0,2,0.25,0.74358976,0.83760685,0.26448074,4.374741
24557,0,2,0.5,0.75213677,0.85470086,0.26448077,4.371315
24557,0,2,0.75,0.7606838,0.82905984,0.2644808,4.5316973
24557,0,2,1,0.75213677,0.8034188,0.2644808,4.5813155
24557,0,3,0,0.47008547,0.83760685,0.57561886,11.594397
24557,0,3,0.25,0.4957265,0.83760685,0.5756191,11.849848
24557,0,3,0.5,0.52136755,0.82905984,0.57561886,12.441814
24557,0,3,0.75,0.50427353,0.8632479,0.57561886,13.127581
24557,0,3,1,0.50427353,0.9059829,0.57561886,12.434559
24558,0,1,0,0.4871795,0.95726496,0.28409567,2.1475108
24558,0,1,0.25,0.5641026,0.974359,0.28409576,2.0873923
24558,0,1,0.5,0.52991456,0.96581197,0.2840956,1.3156955
24558,0,1,0.75,0.5982906,0.991453,0.28409582,1.234953
24558,0,1,1,0.5897436,1,0.28409567,1.4857569
24558,0,2,0,0.974359,0.4957265,0.2570958,3.9180999
24558,0,2,0.25,0.96581197,0.4871795,0.2570958,3.6167917
24558,0,2,0.5,0.991453,0.43589744,0.2570958,2.8280952
24558,0,2,0.75,0.96581197,0.44444445,0.25709602,2.7313786
24558,0,2,1,0.94871795,0.42735043,0.2570958,2.847799
24558,0,3,0,0.5726496,0.6837607,1.6311544,11.191355
24558,0,3,0.25,0.5982906,0.71794873,1.6311544,14.079981
24558,0,3,0.5,0.64102566,0.6752137,1.6311544,18.12535
24558,0,3,0.75,0.75213677,0.6923077,1.6311544,22.250774
24558,0,3,1,0.75213677,0.61538464,1.6311544,28.592155
24559,0,1,0,0.7692308,0.6666667,1.0969815,24.11485
24559,0,1,0.25,0.75213677,0.6495727,1.0969814,23.751038
24559,0,1,0.5,0.72649574,0.5982906,1.0969812,24.111458
24559,0,1,0.75,0.71794873,0.5982906,1.0969812,24.13098
24559,0,1,1,0.7008547,0.60683763,1.0969814,24.030277
24559,0,2,0,0.7008547,0.8119658,0.7761734,14.62714
24559,0,2,0.25,0.7094017,0.82051283,0.7761733,14.911696
24559,0,2,0.5,0.71794873,0.7948718,0.77617335,15.115638
24559,0,2,0.75,0.71794873,0.7777778,0.7761735,15.266442
24559,0,2,1,0.72649574,0.7692308,0.7761733,15.487826
24559,0,3,0,0.5811966,0.71794873,1.3914816,28.252077
24559,0,3,0.25,0.5897436,0.7008547,1.3914818,28.389547
24559,0,3,0.5,0.5897436,0.6837607,1.3914815,28.067736
24559,0,3,0.75,0.5470086,0.6752137,1.3914818,28.153065
24559,0,3,1,0.5470086,0.6752137,1.3914815,28.538155
24560,0,1,0,0.95726496,0.7777778,0.34517628,3.492679
24560,0,1,0.25,0.982906,0.71794873,0.3451763,3.2574048
24560,0,1,0.5,0.974359,0.6495727,0.34517643,2.9885793
24560,0,1,0.75,0.94017094,0.61538464,0.34517634,2.9575043
24560,0,1,1,1,0.6666667,0.34517622,2.9450295
24560,0,2,0,0.6752137,0.96581197,0.5631554,5.646694
24560,0,2,0.25,0.60683763,1,0.56315565,6.4495926
24560,0,2,0.5,0.5470086,0.94871795,0.56315565,6.825248
24560,0,2,0.75,0.4871795,0.96581197,0.56315565,7.271515
24560,0,2,1,0.41880342,0.9230769,0.56315565,8.890106
24560,0,3,0,0.73504275,0.7948718,1.7220063,21.983685
24560,0,3,0.25,0.75213677,0.75213677,1.7220063,22.101112
24560,0,3,0.5,0.83760685,0.6495727,1.7220064,21.173008
24560,0,3,0.75,0.82905984,0.5726496,1.7220062,21.057158
24560,0,3,1,0.8803419,0.46153846,1.7220063,21.446453
24561,0,1,0,0.93162394,0.8888889,0.275571,1.2563035
24561,0,1,0.25,0.9145299,0.8974359,0.275571,1.4452965
24561,0,1,0.5,0.9230769,0.8803419,0.2755709,1.6996439
24561,0,1,0.75,0.9059829,0.8803419,0.2755709,2.0196998
24561,0,1,1,0.85470086,0.84615386,0.27557093,2.5909476
24561,0,2,0,0.5982906,0.991453,0.778844,5.666971
24561,0,2,0.25,0.5726496,0.974359,0.778844,6.4541883
24561,0,2,0.5,0.5897436,0.982906,0.778844,7.426253
24561,0,2,0.75,0.5726496,0.94017094,0.7788436,8.761768
24561,0,2,1,0.53846157,0.9230769,0.778844,11.266722
24561,0,3,0,0.8888889,0.35897437,1.5359824,11.724772
24561,0,3,0.25,0.9230769,0.4017094,1.5359824,12.92794
24561,0,3,0.5,0.94017094,0.4017094,1.5359827,14.462063
24561,0,3,0.75,0.8803419,0.37606838,1.5359827,16.498955
24561,0,3,1,0.82905984,0.4017094,1.5359824,20.217983
24562,0,1,0,0.8974359,0.36752138,0.84765434,9.785379
24562,0,1,0.25,0.8803419,0.37606838,0.8476542,9.957663
24562,0,1,0.5,0.8717949,0.37606838,0.8476546,10.311352
24562,0,1,0.75,0.8888889,0.3931624,0.84765404,10.718307
24562,0,1,1,0.8803419,0.4017094,0.84765434,10.835024
24562,0,2,0,0.8803419,0.5470086,0.4352089,10.717031
24562,0,2,0.25,0.8803419,0.5897436,0.4352091,10.625157
24562,0,2,0.5,0.8717949,0.61538464,0.435209,10.391846
24562,0,2,0.75,0.85470086,0.5982906,0.43520927,10.636324
24562,0,2,1,0.9145299,0.5641026,0.435209,10.427647
24562,0,3,0,0.5982906,0.4871795,1.7170385,24.122465
24562,0,3,0.25,0.62393165,0.47863248,1.7170384,25.216919
24562,0,3,0.5,0.63247865,0.42735043,1.7170384,25.499905
24562,0,3,0.75,0.63247865,0.42735043,1.7170384,25.96519
24562,0,3,1,0.6495727,0.4871795,1.7170386,27.502468
24563,0,1,0,0.45299146,0.6666667,1.6792608,31.099236
24563,0,1,0.25,0.47008547,0.6581197,1.6792608,31.350332
24563,0,1,0.5,0.47863248,0.6581197,1.6792608,31.877983
24563,0,1,0.75,0.50427353,0.6495727,1.6792608,31.512642
24563,0,1,1,0.47008547,0.64102566,1.6792608,31.345724
24563,0,2,0,0.7094017,0.974359,0.4190751,5.2702284
24563,0,2,0.25,0.7008547,0.974359,0.41907513,5.2668405
24563,0,2,0.5,0.7008547,0.982906,0.41907513,5.28582
24563,0,2,0.75,0.6923077,0.982906,0.4190751,5.3235598
24563,0,2,1,0.7008547,0.982906,0.4190751,5.3531394
24563,0,3,0,0.982906,0.41880342,1.0891141,14.910936
24563,0,3,0.25,0.982906,0.42735043,1.0891141,14.906517
24563,0,3,0.5,0.982906,0.42735043,1.089114,14.896322
24563,0,3,0.75,0.982906,0.43589744,1.0891141,14.92429
24563,0,3,1,0.96581197,0.43589744,1.0891141,14.931311
24564,0,1,0,0.5811966,0.53846157,2.5314138,27.052216
24564,0,1,0.25,0.53846157,0.51282054,2.5314136,29.553822
24564,0,1,0.5,0.51282054,0.43589744,2.5314138,33.19527
24564,0,1,0.75,0.51282054,0.3846154,2.5314138,37.266556
24564,0,1,1,0.50427353,0.37606838,2.5314138,43.57484
24564,0,2,0,0.6923077,0.94017094,0.6954738,2.5511007
24564,0,2,0.25,0.6581197,0.8632479,0.69547373,2.8566394
24564,0,2,0.5,0.64102566,0.93162394,0.6954738,3.6330895
24564,0,2,0.75,0.5982906,0.9230769,0.6954738,4.721423
24564,0,2,1,0.5897436,0.8803419,0.69547373,6.0880213
24564,0,3,0,0.85470086,0.60683763,1.7715728,10.685408
24564,0,3,0.25,0.85470086,0.6752137,1.7715727,12.184714
24564,0,3,0.5,0.7606838,0.6923077,1.7715728,15.268792
24564,0,3,0.75,0.74358976,0.72649574,1.771573,20.683235
24564,0,3,1,0.63247865,0.6666667,1.7715728,28.004812
24565,0,1,0,0.41025642,0.991453,0.42376366,5.145711
24565,0,1,0.25,0.43589744,0.974359,0.42376375,5.517681
24565,0,1,0.5,0.52991456,0.95726496,0.42376357,5.950487
24565,0,1,0.75,0.5641026,0.9230769,0.42376354,6.3681254
24565,0,1,1,0.62393165,1,0.42376357,6.2723713
24565,0,2,0,0.42735043,0.96581197,0.7246012,9.906321
24565,0,2,0.25,0.50427353,0.95726496,0.72460127,9.915106
24565,0,2,0.5,0.60683763,0.94871795,0.7246012,9.948782
24565,0,2,0.75,0.7094017,0.94871795,0.72460115,9.968473
24565,0,2,1,0.8119658,0.974359,0.7246012,8.681193
24565,0,3,0,0.4017094,0.982906,0.9093157,11.04809
24565,0,3,0.25,0.53846157,0.96581197,0.9093157,11.83196
24565,0,3,0.5,0.5811966,0.93162394,0.9093157,12.426796
24565,0,3,0.75,0.73504275,0.8632479,0.9093157,13.660265
24565,0,3,1,0.9059829,0.83760685,0.9093157,13.459768
24566,0,1,0,0.94017094,0.36752138,0.32191026,6.5507946
24566,0,1,0.25,0.94871795,0.35897437,0.32191026,6.195918
24566,0,1,0.5,0.94871795,0.4017094,0.32191026,5.8118095
24566,0,1,0.75,0.93162394,0.44444445,0.32191023,5.4978952
24566,0,1,1,0.9230769,0.45299146,0.3219103,5.3174767
24566,0,2,0,0.7094017,0.44444445,1.4691106,36.167355
24566,0,2,0.25,0.72649574,0.41880342,1.4691104,34.92106
24566,0,2,0.5,0.71794873,0.44444445,1.4691106,33.01978
24566,0,2,0.75,0.74358976,0.44444445,1.4691106,31.385872
24566,0,2,1,0.7777778,0.44444445,1.4691106,29.91693
24566,0,3,0,0.94017094,0.46153846,0.26609564,4.446943
24566,0,3,0.25,0.95726496,0.52136755,0.2660957,4.0993958
24566,0,3,0.5,0.982906,0.53846157,0.26609564,3.8919291
24566,0,3,0.75,0.95726496,0.53846157,0.26609564,3.7392297
24566,0,3,1,0.982906,0.53846157,0.26609567,3.5124774
24567,0,1,0,0.7777778,0.7606838,0.89086026,9.327505
24567,0,1,0.25,0.84615386,0.7777778,0.89086026,9.450628
24567,0,1,0.5,0.83760685,0.7692308,0.89086026,9.330843
24567,0,1,0.75,0.82905984,0.74358976,0.89086026,8.991013
24567,0,1,1,0.7692308,0.74358976,0.89086026,8.76092
24567,0,2,0,0.46153846,0.8974359,0.65080154,7.0933027
24567,0,2,0.25,0.45299146,0.83760685,0.65080154,6.6510115
24567,0,2,0.5,0.4871795,0.8717949,0.65080154,7.037137
24567,0,2,0.75,0.52136755,0.8974359,0.65080154,7.323386
24567,0,2,1,0.5641026,0.94017094,0.65080154,7.725094
24567,0,3,0,0.84615386,0.96581197,0.41517398,4.386388
24567,0,3,0.25,0.85470086,0.8888889,0.4151741,4.648155
24567,0,3,0.5,0.84615386,0.8717949,0.4151741,4.784581
24567,0,3,0.75,0.85470086,0.8717949,0.41517413,4.622328
24567,0,3,1,0.83760685,0.9145299,0.415174,4.406831
24568,0,1,0,0.6495727,0.8632479,0.45795122,6.053658
24568,0,1,0.25,0.6666667,0.8632479,0.45795122,5.8697386
24568,0,1,0.5,0.6666667,0.8974359,0.4579512,5.7330465
24568,0,1,0.75,0.6495727,0.8888889,0.45795104,5.6903234
24568,0,1,1,0.6581197,0.8717949,0.4579512,5.6281757
24568,0,2,0,0.7692308,0.94871795,0.2975995,6.819483
24568,0,2,0.25,0.7777778,0.95726496,0.29759967,6.500217
24568,0,2,0.5,0.7948718,0.94017094,0.2975995,6.3280616
24568,0,2,0.75,0.7692308,0.94017094,0.2975995,6.1028924
24568,0,2,1,0.73504275,0.95726496,0.2975995,5.8324895
24568,0,3,0,0.7692308,0.60683763,1.3441738,24.086624
24568,0,3,0.25,0.7606838,0.60683763,1.3441736,24.425209
24568,0,3,0.5,0.7777778,0.61538464,1.344174,24.735165
24568,0,3,0.75,0.7606838,0.64102566,1.3441737,24.789892
24568,0,3,1,0.7692308,0.6495727,1.3441738,24.463621
24569,0,1,0,0.5470086,0.9230769,0.6220953,6.5677123
24569,0,1,0.25,0.5641026,0.96581197,0.6220953,7.2024927
24569,0,1,0.5,0.5555556,0.95726496,0.62209547,7.8171654
24569,0,1,0.75,0.53846157,0.95726496,0.6220952,8.3162365
24569,0,1,1,0.5470086,0.982906,0.62209535,8.358184
24569,0,2,0,0.52136755,0.974359,0.8849381,2.9976225
24569,0,2,0.25,0.51282054,0.991453,0.88493806,3.2419362
24569,0,2,0.5,0.51282054,1,0.884938,3.4761515
24569,0,2,0.75,0.52136755,1,0.88493806,3.609067
24569,0,2,1,0.52136755,1,0.88493794,3.722206
24569,0,3,0,0.4017094,0.974359,0.5006795,2.3586729
24569,0,3,0.25,0.37606838,0.96581197,0.5006795,2.5485113
24569,0,3,0.5,0.3931624,0.982906,0.5006795,2.8271163
24569,0,3,0.75,0.41025642,0.982906,0.5006797,2.9919395
24569,0,3,1,0.4017094,0.991453,0.5006795,3.0421422
24570,0,1,0,0.5726496,0.6752137,1.4301121,29.309628
24570,0,1,0.25,0.52991456,0.60683763,1.4301121,20.100197
24570,0,1,0.5,0.82051283,0.8717949,1.4301121,19.799107
24570,0,1,0.75,0.8119658,0.61538464,1.4301121,21.932117
24570,0,1,1,0.71794873,0.43589744,1.4301121,26.60556
24570,0,2,0,0.8632479,0.94871795,0.30314246,6.3953657
24570,0,2,0.25,0.7948718,0.82905984,0.3031425,5.387594
24570,0,2,0.5,0.8717949,0.8974359,0.30314252,3.3283634
24570,0,2,0.75,0.84615386,0.83760685,0.30314255,3.696176
24570,0,2,1,0.7606838,0.7948718,0.30314288,4.8644056
24570,0,3,0,0.44444445,0.71794873,1.7258266,29.106646
24570,0,3,0.25,0.50427353,0.75213677,1.7258266,23.789436
24570,0,3,0.5,0.6837607,0.8717949,1.7258267,23.681196
24570,0,3,0.75,0.7094017,0.64102566,1.7258267,27.15345
24570,0,3,1,0.6581197,0.44444445,1.725827,34.74511
24571,0,1,0,0.5897436,0.9230769,0.6330737,4.483925
24571,0,1,0.25,0.60683763,0.9059829,0.63307375,4.469727
24571,0,1,0.5,0.5811966,0.9230769,0.6330737,4.512539
24571,0,1,0.75,0.5897436,0.9230769,0.63307387,4.5443087
24571,0,1,1,0.5811966,0.93162394,0.6330737,4.585348
24571,0,2,0,0.7606838,0.52136755,0.77672666,9.330232
24571,0,2,0.25,0.71794873,0.50427353,0.77672666,9.062653
24571,0,2,0.5,0.7094017,0.51282054,0.7767267,9.04249
24571,0,2,0.75,0.72649574,0.52136755,0.7767265,8.89999
24571,0,2,1,0.73504275,0.52136755,0.77672666,8.797525
24571,0,3,0,0.4017094,0.9145299,0.83815956,12.699277
24571,0,3,0.25,0.44444445,0.93162394,0.8381592,12.615718
24571,0,3,0.5,0.47008547,0.94017094,0.8381595,12.2268715
24571,0,3,0.75,0.46153846,0.94871795,0.83815974,12.004408
24571,0,3,1,0.45299146,0.974359,0.83815956,11.911118
24572,0,1,0,0.52991456,0.95726496,1.0084175,14.803187
24572,0,1,0.25,0.51282054,0.95726496,1.0084176,14.945303
24572,0,1,0.5,0.4957265,0.95726496,1.0084175,14.956777
24572,0,1,0.75,0.47863248,0.94871795,1.0084174,14.711116
24572,0,1,1,0.4957265,0.94871795,1.0084175,14.633272
24572,0,2,0,0.85470086,0.8717949,0.37429088,4.8750277
24572,0,2,0.25,0.85470086,0.85470086,0.37429088,4.9232445
24572,0,2,0.5,0.83760685,0.85470086,0.37429076,4.991322
24572,0,2,0.75,0.7948718,0.82905984,0.37429076,5.056962
24572,0,2,1,0.82051283,0.8119658,0.37429088,4.9814053
24572,0,3,0,0.8119658,0.7863248,1.0853049,16.392809
24572,0,3,0.25,0.83760685,0.7692308,1.085305,16.618309
24572,0,3,0.5,0.82905984,0.75213677,1.0853049,16.623627
24572,0,3,0.75,0.8119658,0.7606838,1.0853051,16.666325
24572,0,3,1,0.82051283,0.75213677,1.0853049,16.591541
24573,0,1,0,0.47863248,0.982906,0.25167078,2.4352736
24573,0,1,0.25,0.47008547,0.982906,0.25167078,2.4233232
24573,0,1,0.5,0.44444445,0.96581197,0.25167102,2.4150722
24573,0,1,0.75,0.46153846,0.982906,0.25167054,2.4936671
24573,0,1,1,0.41880342,0.982906,0.25167078,2.4359174
24573,0,2,0,0.94017094,0.5470086,0.35944355,7.3323555
24573,0,2,0.25,0.94871795,0.5641026,0.35944355,7.3086805
24573,0,2,0.5,0.95726496,0.5811966,0.35944355,7.252733
24573,0,2,0.75,0.974359,0.5982906,0.3594436,7.387655
24573,0,2,1,0.974359,0.62393165,0.35944366,7.514202
24573,0,3,0,0.44444445,0.974359,0.28285897,4.9386845
24573,0,3,0.25,0.4017094,0.93162394,0.2828589,4.807929
24573,0,3,0.5,0.43589744,0.95726496,0.28285897,4.991852
24573,0,3,0.75,0.46153846,0.96581197,0.28285897,5.1823316
24573,0,3,1,0.4871795,0.94017094,0.282859,4.9514003
24574,0,1,0,0.5982906,0.974359,0.5528269,5.5071325
24574,0,1,0.25,0.61538464,1,0.5528267,5.520136
24574,0,1,0.5,0.63247865,0.991453,0.5528268,5.4660935
24574,0,1,0.75,0.63247865,0.982906,0.55282694,5.4144335
24574,0,1,1,0.61538464,0.982906,0.5528269,5.4297495
24574,0,2,0,0.8888889,0.8632479,0.83288485,11.089056
24574,0,2,0.25,0.8974359,0.8632479,0.83288467,10.997842
24574,0,2,0.5,0.8974359,0.85470086,0.83288485,10.903142
24574,0,2,0.75,0.8888889,0.84615386,0.8328854,10.711063
24574,0,2,1,0.9145299,0.83760685,0.83288485,10.645649
24574,0,3,0,0.982906,0.41880342,1.5330238,10.266258
24574,0,3,0.25,0.982906,0.41025642,1.533024,10.191201
24574,0,3,0.5,0.982906,0.41880342,1.5330236,10.1788225
24574,0,3,0.75,0.982906,0.42735043,1.5330237,10.221949
24574,0,3,1,0.982906,0.44444445,1.5330238,10.51857
24575,0,1,0,0.94017094,0.41880342,1.1642946,13.553581
24575,0,1,0.25,0.9145299,0.41880342,1.1642946,13.876634
24575,0,1,0.5,0.9059829,0.47863248,1.1642946,14.257235
24575,0,1,0.75,0.8803419,0.52136755,1.1642946,14.7651615
24575,0,1,1,0.8803419,0.5470086,1.1642947,13.116041
24575,0,2,0,0.6752137,0.8632479,1.1445553,12.662765
24575,0,2,0.25,0.6837607,0.83760685,1.1445553,14.273003
24575,0,2,0.5,0.6752137,0.7863248,1.1445553,15.594956
24575,0,2,0.75,0.7008547,0.7606838,1.1445553,15.860064
24575,0,2,1,0.7863248,0.6837607,1.1445553,15.834088
24575,0,3,0,0.982906,0.5811966,0.36570787,4.2314177
24575,0,3,0.25,0.95726496,0.5726496,0.3657077,4.540472
24575,0,3,0.5,0.94871795,0.5811966,0.3657078,4.840843
24575,0,3,0.75,0.94871795,0.60683763,0.36570764,5.0035925
24575,0,3,1,0.94871795,0.62393165,0.36570776,4.905016
24576,0,1,0,0.6495727,0.974359,0.3676418,3.5132596
24576,0,1,0.25,0.6581197,0.94871795,0.36764228,3.4200764
24576,0,1,0.5,0.6495727,0.96581197,0.3676418,3.3631186
24576,0,1,0.75,0.7094017,0.96581197,0.36764205,3.292706
24576,0,1,1,0.6581197,0.974359,0.3676418,3.141359
24576,0,2,0,0.63247865,0.7863248,0.62122416,9.630487
24576,0,2,0.25,0.6581197,0.73504275,0.62122446,9.784813
24576,0,2,0.5,0.64102566,0.7008547,0.6212242,10.136528
24576,0,2,0.75,0.6837607,0.7948718,0.6212242,10.02041
24576,0,2,1,0.64102566,0.7094017,0.62122416,10.157175
24576,0,3,0,0.8803419,0.7008547,0.8552292,8.671967
24576,0,3,0.25,0.8632479,0.6923077,0.8552289,8.007107
24576,0,3,0.5,0.84615386,0.7094017,0.855229,7.52104
24576,0,3,0.75,0.84615386,0.6666667,0.8552291,6.8784504
24576,0,3,1,0.82051283,0.7008547,0.8552292,6.4017673
24577,0,1,0,0.7863248,0.96581197,0.27303126,2.9082682
24577,0,1,0.25,0.7863248,0.982906,0.27303177,2.9127455
24577,0,1,0.5,0.7948718,0.991453,0.27303126,2.9275217
24577,0,1,0.75,0.8119658,0.991453,0.27303106,2.984805
24577,0,1,1,0.82051283,0.974359,0.27303126,3.0178223
24577,0,2,0,0.8888889,0.991453,0.25115937,3.4327276
24577,0,2,0.25,0.85470086,0.991453,0.25115913,3.41944
24577,0,2,0.5,0.9059829,0.982906,0.25115937,3.4435458
24577,0,2,0.75,0.9145299,0.982906,0.25115937,3.463049
24577,0,2,1,0.8888889,0.991453,0.25115937,3.4630613
24577,0,3,0,0.9145299,0.8888889,0.253209,3.6048272
24577,0,3,0.25,0.8974359,0.8888889,0.2532092,3.628267
24577,0,3,0.5,0.8888889,0.9145299,0.253209,3.6847043
24577,0,3,0.75,0.8974359,0.9145299,0.253209,3.718318
24577,0,3,1,0.8974359,0.8803419,0.253209,3.7559576
24578,0,1,0,0.82051283,0.6752137,0.4337618,3.6674285
24578,0,1,0.25,0.85470086,0.7008547,0.433762,3.8713818
24578,0,1,0.5,0.83760685,0.6666667,0.43376186,3.9071188
24578,0,1,0.75,0.84615386,0.7008547,0.4337618,4.2048945
24578,0,1,1,0.85470086,0.71794873,0.4337618,4.428596
24578,0,2,0,0.8974359,0.61538464,0.3968254,5.122565
24578,0,2,0.25,0.8888889,0.61538464,0.39682513,5.3450584
24578,0,2,0.5,0.8974359,0.61538464,0.39682558,5.390311
24578,0,2,0.75,0.8888889,0.5726496,0.396825,5.367897
24578,0,2,1,0.8888889,0.5641026,0.3968254,5.330607
24578,0,3,0,0.47863248,0.94871795,0.31795448,3.2907264
24578,0,3,0.25,0.51282054,0.974359,0.31795448,3.5274744
24578,0,3,0.5,0.50427353,0.96581197,0.31795448,3.811819
24578,0,3,0.75,0.50427353,0.94017094,0.31795448,4.5491276
24578,0,3,1,0.4871795,0.94017094,0.31795448,4.73942
24579,0,1,0,0.7863248,0.71794873,0.65943456,10.270309
24579,0,1,0.25,0.7863248,0.71794873,0.65943456,9.94282
24579,0,1,0.5,0.8034188,0.74358976,0.65943456,10.097151
24579,0,1,0.75,0.7606838,0.75213677,0.6594348,9.95396
24579,0,1,1,0.7777778,0.7606838,0.65943456,9.708992
24579,0,2,0,0.7606838,0.35897437,0.72324014,11.390722
24579,0,2,0.25,0.7606838,0.35897437,0.7232402,11.398768
24579,0,2,0.5,0.7863248,0.36752138,0.72324014,11.48785
24579,0,2,0.75,0.73504275,0.36752138,0.7232402,11.237315
24579,0,2,1,0.7606838,0.35897437,0.72324014,10.971711
24579,0,3,0,0.8119658,0.5726496,0.33594638,5.4033127
24579,0,3,0.25,0.8119658,0.5726496,0.33594635,5.3801155
24579,0,3,0.5,0.82905984,0.5641026,0.33594653,5.3237
24579,0,3,0.75,0.82051283,0.5641026,0.33594635,5.1744924
24579,0,3,1,0.82051283,0.5555556,0.33594638,5.208645
24580,0,1,0,0.96581197,0.3846154,0.45877066,7.9591465
24580,0,1,0.25,0.94017094,0.3846154,0.45877072,8.049769
24580,0,1,0.5,0.95726496,0.3931624,0.45877066,8.02983
24580,0,1,0.75,0.96581197,0.3931624,0.45877096,8.078009
24580,0,1,1,0.95726496,0.3931624,0.45877066,8.09033
24580,0,2,0,0.982906,0.42735043,0.58119845,5.5828767
24580,0,2,0.25,0.974359,0.42735043,0.58119845,5.4868965
24580,0,2,0.5,0.982906,0.41880342,0.58119845,5.4872656
24580,0,2,0.75,0.96581197,0.41880342,0.58119845,5.4769573
24580,0,2,1,0.96581197,0.41025642,0.58119845,5.401865
24580,0,3,0,0.991453,0.5641026,0.5053976,4.767273
24580,0,3,0.25,0.991453,0.5641026,0.5053974,4.808534
24580,0,3,0.5,0.991453,0.5641026,0.5053976,4.8153543
24580,0,3,0.75,0.982906,0.5470086,0.5053977,4.7710457
24580,0,3,1,0.982906,0.53846157,0.5053976,4.6938825
24581,0,1,0,0.47863248,0.991453,1.3253412,13.06461
24581,0,1,0.25,0.37606838,0.982906,1.325341,12.460711
24581,0,1,0.5,0.37606838,0.991453,1.3253412,12.239234
24581,0,1,0.75,0.4017094,0.974359,1.3253411,12.528696
24581,0,1,1,0.4957265,0.93162394,1.3253412,13.598322
24581,0,2,0,0.93162394,0.7008547,0.3106837,4.008308
24581,0,2,0.25,0.94871795,0.71794873,0.31068367,4.288451
24581,0,2,0.5,0.95726496,0.6837607,0.31068367,4.450732
24581,0,2,0.75,0.9230769,0.64102566,0.31068367,4.648102
24581,0,2,1,0.9059829,0.52136755,0.31068367,4.961384
24581,0,3,0,0.982906,0.7606838,0.4230184,3.8970723
24581,0,3,0.25,0.96581197,0.71794873,0.4230183,3.9598393
24581,0,3,0.5,0.96581197,0.75213677,0.42301846,3.9622777
24581,0,3,0.75,0.94017094,0.72649574,0.42301854,3.9347372
24581,0,3,1,0.94017094,0.62393165,0.42301854,4.352766
24582,0,1,0,0.974359,0.8119658,0.26385644,1.794298
24582,0,1,0.25,0.9145299,0.8119658,0.26385644,1.4806106
24582,0,1,0.5,0.9059829,0.74358976,0.26385644,1.7376113
24582,0,1,0.75,0.93162394,0.7777778,0.26385644,2.1887915
24582,0,1,1,0.94871795,0.7606838,0.26385644,2.4210463
24582,0,2,0,0.974359,0.3846154,0.73156893,6.1987476
24582,0,2,0.25,0.96581197,0.35042736,0.73156893,5.4294753
24582,0,2,0.5,0.8717949,0.37606838,0.73156893,5.861865
24582,0,2,0.75,0.8803419,0.4957265,0.73156875,7.93641
24582,0,2,1,0.8974359,0.43589744,0.73156875,6.05804
24582,0,3,0,0.4957265,0.82051283,0.8989495,11.481989
24582,0,3,0.25,0.5897436,0.8119658,0.8989495,11.292419
24582,0,3,0.5,0.6923077,0.73504275,0.89894956,13.303982
24582,0,3,0.75,0.7094017,0.82905984,0.89894944,14.708847
24582,0,3,1,0.7863248,0.8119658,0.89894944,11.829272
24583,0,1,0,0.46153846,0.5982906,1.5156617,19.575474
24583,0,1,0.25,0.52991456,0.64102566,1.5156617,20.447697
24583,0,1,0.5,0.5811966,0.72649574,1.515662,18.921705
24583,0,1,0.75,0.5555556,0.64102566,1.5156618,17.604284
24583,0,1,1,0.5982906,0.84615386,1.5156618,15.267621
24583,0,2,0,0.85470086,0.85470086,0.37994868,4.540456
24583,0,2,0.25,0.93162394,0.84615386,0.37994882,4.559119
24583,0,2,0.5,0.974359,0.8119658,0.3799485,3.7813177
24583,0,2,0.75,0.94871795,0.8034188,0.3799487,3.8909352
24583,0,2,1,0.96581197,0.8119658,0.3799485,3.3906806
24583,0,3,0,0.94017094,0.6666667,0.2562469,3.428153
24583,0,3,0.25,0.982906,0.5982906,0.25624692,2.5183601
24583,0,3,0.5,0.974359,0.5982906,0.25624683,2.053821
24583,0,3,0.75,0.95726496,0.5726496,0.25624713,2.124185
24583,0,3,1,0.974359,0.5641026,0.25624692,1.7591934
24584,0,1,0,0.8888889,0.7948718,0.25741324,3.4240894
24584,0,1,0.25,0.8632479,0.8034188,0.25741345,4.2440386
24584,0,1,0.5,0.8034188,0.7863248,0.25741345,4.927184
24584,0,1,0.75,0.8119658,0.8632479,0.25741395,5.267573
24584,0,1,1,0.75213677,0.8803419,0.25741348,4.918011
24584,0,2,0,0.6837607,1,0.33006012,4.549781
24584,0,2,0.25,0.7094017,1,0.3300599,5.554467
24584,0,2,0.5,0.8119658,0.974359,0.3300599,6.4207287
24584,0,2,0.75,0.9145299,0.95726496,0.3300599,7.0417013
24584,0,2,1,0.95726496,0.9230769,0.3300599,6.1702113
24584,0,3,0,0.44444445,0.8974359,0.5844335,11.163296
24584,0,3,0.25,0.5470086,0.9145299,0.58443356,11.354897
24584,0,3,0.5,0.5897436,0.82905984,0.58443314,11.432108
24584,0,3,0.75,0.64102566,0.7777778,0.5844331,10.052823
24584,0,3,1,0.5982906,0.8119658,0.5844335,8.065832
24585,0,1,0,0.6837607,0.8632479,0.35210788,4.786549
24585,0,1,0.25,0.6666667,0.93162394,0.35210788,4.504285
24585,0,1,0.5,0.61538464,0.991453,0.35210782,4.1380024
24585,0,1,0.75,0.5555556,0.991453,0.35210782,3.7397404
24585,0,1,1,0.46153846,0.982906,0.35210782,3.2318888
24585,0,2,0,0.974359,0.94871795,0.5732186,7.5448017
24585,0,2,0.25,0.7948718,0.974359,0.57321846,7.0135717
24585,0,2,0.5,0.71794873,0.991453,0.57321864,6.7929416
24585,0,2,0.75,0.62393165,0.982906,0.5732185,6.35057
24585,0,2,1,0.5555556,0.982906,0.57321864,5.7117405
24585,0,3,0,0.94871795,0.41880342,1.3665526,11.51354
24585,0,3,0.25,0.93162394,0.45299146,1.3665526,10.777399
24585,0,3,0.5,0.974359,0.4017094,1.3665524,10.379805
24585,0,3,0.75,0.982906,0.37606838,1.3665525,9.936201
24585,0,3,1,0.94017094,0.45299146,1.3665524,10.4582
24586,0,1,0,0.7094017,0.8717949,1.1194774,18.578794
24586,0,1,0.25,0.62393165,0.8803419,1.1194774,16.681973
24586,0,1,0.5,0.5726496,0.8803419,1.1194774,14.40518
24586,0,1,0.75,0.60683763,0.9230769,1.1194774,11.58788
24586,0,1,1,0.5641026,0.94017094,1.1194774,8.518891
24586,0,2,0,0.5555556,0.8974359,0.35150123,1.6760194
24586,0,2,0.25,0.5811966,0.991453,0.35150123,1.3634868
24586,0,2,0.5,0.5726496,0.991453,0.35150123,1.2841704
24586,0,2,0.75,0.5811966,0.982906,0.35150123,1.4143031
24586,0,2,1,0.5897436,0.96581197,0.35150123,1.6839081
24586,0,3,0,0.82051283,0.7094017,1.1686554,19.394993
24586,0,3,0.25,0.83760685,0.6837607,1.1686555,18.066729
24586,0,3,0.5,0.8888889,0.6495727,1.1686555,16.633944
24586,0,3,0.75,0.9145299,0.62393165,1.1686555,14.446291
24586,0,3,1,0.8717949,0.60683763,1.1686555,12.029127
24587,0,1,0,0.7777778,0.52136755,1.397795,16.359241
24587,0,1,0.25,0.83760685,0.53846157,1.397795,16.47773
24587,0,1,0.5,0.75213677,0.5726496,1.397795,14.938321
24587,0,1,0.75,0.8632479,0.6581197,1.397795,17.243904
24587,0,1,1,0.95726496,0.71794873,1.3977948,17.71217
24587,0,2,0,0.60683763,0.5726496,2.167548,35.564705
24587,0,2,0.25,0.5641026,0.6752137,2.167548,32.282066
24587,0,2,0.5,0.60683763,0.72649574,2.167548,31.009285
24587,0,2,0.75,0.45299146,0.82051283,2.1675482,29.163475
24587,0,2,1,0.45299146,0.7008547,2.167548,29.339413
24587,0,3,0,0.5811966,1,0.26705265,4.540844
24587,0,3,0.25,0.5897436,0.991453,0.26705265,3.7617598
24587,0,3,0.5,0.53846157,0.974359,0.26705265,3.7628846
24587,0,3,0.75,0.4957265,0.95726496,0.26705256,3.6425807
24587,0,3,1,0.50427353,0.94017094,0.2670526,3.7150588
24588,0,1,0,0.8888889,0.3931624,0.64109725,6.411069
24588,0,1,0.25,0.93162394,0.4017094,0.64109737,5.797246
24588,0,1,0.5,0.9145299,0.41880342,0.64109725,4.6757317
24588,0,1,0.75,0.95726496,0.41880342,0.64109725,3.9301739
24588,0,1,1,0.974359,0.44444445,0.64109725,3.3589606
24588,0,2,0,0.85470086,0.83760685,0.40861374,3.9548197
24588,0,2,0.25,0.7948718,0.8803419,0.4086138,3.8875701
24588,0,2,0.5,0.8119658,0.8888889,0.40861362,3.1079788
24588,0,2,0.75,0.8034188,0.93162394,0.40861377,2.8120124
24588,0,2,1,0.85470086,0.9145299,0.40861362,2.4608922
24588,0,3,0,0.62393165,0.8632479,0.7072952,8.394433
24588,0,3,0.25,0.6495727,0.84615386,0.7072952,8.714972
24588,0,3,0.5,0.5811966,0.82905984,0.7072952,8.4613285
24588,0,3,0.75,0.5897436,0.8888889,0.7072952,7.929636
24588,0,3,1,0.60683763,0.8974359,0.7072952,7.3938046
24589,0,1,0,0.74358976,0.47008547,1.7807217,21.265598
24589,0,1,0.25,0.7777778,0.4871795,1.7807218,20.612257
24589,0,1,0.5,0.7948718,0.4957265,1.7807217,20.073235
24589,0,1,0.75,0.82905984,0.52136755,1.7807217,20.544872
24589,0,1,1,0.83760685,0.5470086,1.7807217,20.393173
24589,0,2,0,0.8632479,0.5555556,0.76852125,6.6492634
24589,0,2,0.25,0.8888889,0.5641026,0.76852125,6.630221
24589,0,2,0.5,0.8974359,0.5555556,0.76852125,6.499357
24589,0,2,0.75,0.8803419,0.5726496,0.76852125,6.69576
24589,0,2,1,0.8717949,0.5726496,0.76852125,6.67583
24589,0,3,0,0.73504275,0.7863248,0.59679884,9.093384
24589,0,3,0.25,0.7606838,0.7692308,0.596799,8.9868145
24589,0,3,0.5,0.8119658,0.73504275,0.596799,8.932907
24589,0,3,0.75,0.8119658,0.7094017,0.5967989,9.019812
24589,0,3,1,0.7863248,0.7008547,0.59679884,8.884357
24590,0,1,0,0.64102566,0.94017094,0.29006466,3.3742423
24590,0,1,0.25,0.64102566,0.93162394,0.29006478,3.145009
24590,0,1,0.5,0.6752137,0.95726496,0.29006484,3.2625473
24590,0,1,0.75,0.7008547,0.9230769,0.29006475,3.3082223
24590,0,1,1,0.7008547,0.9145299,0.29006478,3.0888042
24590,0,2,0,0.63247865,0.82905984,0.6294565,10.613701
24590,0,2,0.25,0.71794873,0.9145299,0.6294565,10.704216
24590,0,2,0.5,0.64102566,0.9145299,0.6294565,11.361407
24590,0,2,0.75,0.6752137,0.94871795,0.6294565,10.986639
24590,0,2,1,0.6495727,0.94017094,0.62945664,10.549845
24590,0,3,0,0.95726496,0.6495727,0.48230085,6.121708
24590,0,3,0.25,0.9059829,0.61538464,0.48230085,5.410387
24590,0,3,0.5,0.9230769,0.6666667,0.48230085,6.258563
24590,0,3,0.75,0.8888889,0.73504275,0.48230076,6.990272
24590,0,3,1,0.9230769,0.71794873,0.48230082,6.783088
24591,0,1,0,0.7863248,0.94017094,1.2768466,8.829315
24591,0,1,0.25,0.7008547,0.9230769,1.2768463,10.06094
24591,0,1,0.5,0.61538464,0.9145299,1.2768469,11.271393
24591,0,1,0.75,0.5726496,0.93162394,1.2768466,12.073633
24591,0,1,1,0.5811966,0.94017094,1.2768469,11.70546
24591,0,2,0,0.96581197,0.5811966,0.8102927,9.273923
24591,0,2,0.25,0.94871795,0.6495727,0.8102926,8.837258
24591,0,2,0.5,0.93162394,0.6666667,0.81029224,7.1788406
24591,0,2,0.75,0.93162394,0.74358976,0.8102926,6.180109
24591,0,2,1,0.93162394,0.7606838,0.8102924,5.828489
24591,0,3,0,0.974359,0.52991456,0.96126896,10.092526
24591,0,3,0.25,0.93162394,0.53846157,0.9612694,9.10031
24591,0,3,0.5,0.94871795,0.47863248,0.9612685,7.4425173
24591,0,3,0.75,0.94017094,0.46153846,0.9612689,7.2700634
24591,0,3,1,0.9230769,0.42735043,0.9612687,7.85979
24592,0,1,0,0.5470086,0.93162394,0.5203306,2.1453612
24592,0,1,0.25,0.5470086,0.94017094,0.52033067,2.1613636
24592,0,1,0.5,0.5555556,0.93162394,0.52033067,2.188498
24592,0,1,0.75,0.5555556,0.94017094,0.52033055,2.1666393
24592,0,1,1,0.5811966,0.93162394,0.5203306,2.2448843
24592,0,2,0,0.6666667,0.9059829,1.1005377,3.8307528
24592,0,2,0.25,0.6581197,0.8888889,1.1005374,3.8183763
24592,0,2,0.5,0.6581197,0.8974359,1.1005379,3.9124222
24592,0,2,0.75,0.61538464,0.8974359,1.1005377,3.81109
24592,0,2,1,0.6666667,0.93162394,1.1005379,3.8257375
24592,0,3,0,0.8888889,0.43589744,0.58134377,5.193446
24592,0,3,0.25,0.8888889,0.44444445,0.5813439,4.9416857
24592,0,3,0.5,0.8717949,0.43589744,0.5813439,4.6872215
24592,0,3,0.75,0.84615386,0.44444445,0.5813437,4.6969
24592,0,3,1,0.8803419,0.41880342,0.58134377,4.38997
24593,0,1,0,0.45299146,0.8974359,0.50201154,12.085168
24593,0,1,0.25,0.45299146,0.8717949,0.50201154,12.131408
24593,0,1,0.5,0.47008547,0.8974359,0.50201136,12.168977
24593,0,1,0.75,0.46153846,0.9145299,0.50201154,12.194553
24593,0,1,1,0.46153846,0.9059829,0.50201154,12.22925
24593,0,2,0,0.94871795,0.8717949,0.39218673,7.2955236
24593,0,2,0.25,0.94017094,0.8632479,0.39218673,7.2563887
24593,0,2,0.5,0.94017094,0.83760685,0.39218673,7.3042645
24593,0,2,0.75,0.93162394,0.84615386,0.39218673,7.3151073
24593,0,2,1,0.9059829,0.84615386,0.39218673,7.38055
24593,0,3,0,0.96581197,0.6752137,0.29372203,4.1548038
24593,0,3,0.25,0.95726496,0.6837607,0.29372203,4.1784625
24593,0,3,0.5,0.96581197,0.6923077,0.29372254,4.2564306
24593,0,3,0.75,0.96581197,0.6923077,0.29372203,4.2934704
24593,0,3,1,0.95726496,0.7094017,0.29372203,4.408746
24594,0,1,0,0.82051283,0.7863248,0.26600868,4.1934614
24594,0,1,0.25,0.82905984,0.7863248,0.26600868,4.4796886
24594,0,1,0.5,0.8888889,0.73504275,0.26600865,4.8413496
24594,0,1,0.75,0.8888889,0.7008547,0.26600868,4.6421514
24594,0,1,1,0.85470086,0.71794873,0.26600868,4.734177
24594,0,2,0,0.72649574,0.8717949,0.39782,6.1840405
24594,0,2,0.25,0.74358976,0.84615386,0.39782,6.7221823
24594,0,2,0.5,0.7692308,0.8119658,0.39781976,7.553052
24594,0,2,0.75,0.8034188,0.7863248,0.39782023,8.332588
24594,0,2,1,0.8034188,0.8119658,0.39781976,8.648036
24594,0,3,0,0.8034188,0.85470086,0.36653456,4.695381
24594,0,3,0.25,0.7692308,0.8888889,0.36653456,4.7429867
24594,0,3,0.5,0.72649574,0.8717949,0.36653462,4.832403
24594,0,3,0.75,0.6752137,0.9059829,0.36653456,5.1619196
24594,0,3,1,0.6666667,0.8974359,0.36653456,5.7012568
24595,0,1,0,0.94871795,0.45299146,1.4741274,8.941481
24595,0,1,0.25,0.94871795,0.42735043,1.4741273,8.154713
24595,0,1,0.5,0.96581197,0.44444445,1.4741273,7.84573
24595,0,1,0.75,0.95726496,0.46153846,1.4741274,7.468011
24595,0,1,1,0.94871795,0.46153846,1.4741273,7.2648144
24595,0,2,0,0.7692308,0.7863248,0.85239035,10.269239
24595,0,2,0.25,0.8119658,0.7692308,0.85239035,10.01123
24595,0,2,0.5,0.83760685,0.74358976,0.85239035,9.997145
24595,0,2,0.75,0.8632479,0.74358976,0.8523903,9.872452
24595,0,2,1,0.9145299,0.74358976,0.85239035,9.998117
24595,0,3,0,0.93162394,0.5982906,0.70215005,9.255107
24595,0,3,0.25,0.94871795,0.63247865,0.7021501,8.770873
24595,0,3,0.5,0.94017094,0.6752137,0.70215,8.463655
24595,0,3,0.75,0.94017094,0.6752137,0.70215005,8.054797
24595,0,3,1,0.93162394,0.6666667,0.70215005,7.7755346
24596,0,1,0,0.8034188,0.43589744,0.51830506,10.031352
24596,0,1,0.25,0.7948718,0.42735043,0.5183053,10.322502
24596,0,1,0.5,0.8119658,0.44444445,0.518305,10.171497
24596,0,1,0.75,0.7863248,0.45299146,0.5183048,10.341759
24596,0,1,1,0.7606838,0.4871795,0.51830506,10.452674
24596,0,2,0,0.93162394,0.6752137,0.26991978,4.7258673
24596,0,2,0.25,0.94017094,0.6752137,0.26991957,4.79285
24596,0,2,0.5,0.93162394,0.6581197,0.2699198,4.849365
24596,0,2,0.75,0.93162394,0.6837607,0.2699199,4.860317
24596,0,2,1,0.93162394,0.6923077,0.26991978,4.8108063
24596,0,3,0,0.974359,0.5982906,0.31791022,3.715787
24596,0,3,0.25,0.982906,0.60683763,0.3179101,3.707325
24596,0,3,0.5,0.982906,0.61538464,0.31791022,3.7789183
24596,0,3,0.75,0.974359,0.5982906,0.3179105,3.857522
24596,0,3,1,0.974359,0.5897436,0.31791022,3.921186
24597,0,1,0,0.74358976,0.82905984,0.47595206,8.484275
24597,0,1,0.25,0.72649574,0.8119658,0.47595206,8.53747
24597,0,1,0.5,0.72649574,0.8034188,0.47595218,8.505825
24597,0,1,0.75,0.71794873,0.7863248,0.47595194,8.398987
24597,0,1,1,0.71794873,0.7948718,0.47595206,8.452582
24597,0,2,0,0.7948718,0.85470086,0.3023001,4.2501326
24597,0,2,0.25,0.7863248,0.8632479,0.30230013,4.17583
24597,0,2,0.5,0.7863248,0.8632479,0.3023001,4.1431365
24597,0,2,0.75,0.7863248,0.8632479,0.3023001,4.1140356
24597,0,2,1,0.7948718,0.84615386,0.3023001,4.10412
24597,0,3,0,0.71794873,0.41025642,1.8116488,28.563417
24597,0,3,0.25,0.8034188,0.41025642,1.8116487,29.477066
24597,0,3,0.5,0.8119658,0.4017094,1.8116488,29.827362
24597,0,3,0.75,0.7948718,0.4017094,1.811649,29.989761
24597,0,3,1,0.7863248,0.3931624,1.811649,29.937525
24598,0,1,0,0.9145299,0.42735043,1.8195133,34.580605
24598,0,1,0.25,0.8974359,0.42735043,1.8195133,33.980488
24598,0,1,0.5,0.8888889,0.41880342,1.8195133,33.991768
24598,0,1,0.75,0.8803419,0.41025642,1.8195133,33.48017
24598,0,1,1,0.8974359,0.41880342,1.8195133,33.451813
24598,0,2,0,0.8632479,0.5470086,0.84605306,18.402672
24598,0,2,0.25,0.8632479,0.5470086,0.84605306,18.316557
24598,0,2,0.5,0.8632479,0.5470086,0.84605306,18.48555
24598,0,2,0.75,0.84615386,0.53846157,0.84605306,18.474798
24598,0,2,1,0.8632479,0.52991456,0.84605306,18.410694
24598,0,3,0,0.5555556,0.94871795,0.43182957,7.12693
24598,0,3,0.25,0.53846157,0.95726496,0.43182963,7.0984826
24598,0,3,0.5,0.5470086,0.95726496,0.43182957,7.188648
24598,0,3,0.75,0.5470086,0.96581197,0.4318295,7.206752
24598,0,3,1,0.5897436,0.96581197,0.43182957,7.214731
24599,0,1,0,0.46153846,0.7606838,1.8104134,18.634855
24599,0,1,0.25,0.4871795,0.72649574,1.8104134,20.945
24599,0,1,0.5,0.5726496,0.7606838,1.8104134,23.739231
24599,0,1,0.75,0.6923077,0.7777778,1.8104134,25.870356
24599,0,1,1,0.7948718,0.7094017,1.8104132,26.204292
24599,0,2,0,0.82051283,0.82905984,0.907301,10.557556
24599,0,2,0.25,0.8717949,0.84615386,0.907301,9.648398
24599,0,2,0.5,0.8119658,0.83760685,0.907301,9.378792
24599,0,2,0.75,0.8632479,0.82051283,0.9073015,9.325251
24599,0,2,1,0.93162394,0.8119658,0.90730125,9.41872
24599,0,3,0,0.8888889,0.8803419,0.42421424,6.804737
24599,0,3,0.25,0.8803419,0.8632479,0.42421424,6.618021
24599,0,3,0.5,0.9230769,0.8632479,0.42421424,6.48147
24599,0,3,0.75,0.95726496,0.83760685,0.42421415,6.0358405
24599,0,3,1,0.9059829,0.7692308,0.42421415,5.6508765
24600,0,1,0,0.6666667,0.96581197,0.33404052,4.196058
24600,0,1,0.25,0.6923077,0.991453,0.33404052,4.237632
24600,0,1,0.5,0.61538464,0.974359,0.33404052,4.026521
24600,0,1,0.75,0.5982906,0.991453,0.3340405,3.9463983
24600,0,1,1,0.5641026,1,0.33404046,3.8967268
24600,0,2,0,0.43589744,0.991453,0.3026902,3.1915786
24600,0,2,0.25,0.43589744,0.991453,0.3026902,2.8956017
24600,0,2,0.5,0.4017094,0.991453,0.3026902,2.5567222
24600,0,2,0.75,0.37606838,0.991453,0.30269045,2.355712
24600,0,2,1,0.37606838,0.991453,0.3026902,2.2108645
24600,0,3,0,0.7948718,0.60683763,1.3513631,18.197605
24600,0,3,0.25,0.8034188,0.6837607,1.3513632,19.199871
24600,0,3,0.5,0.85470086,0.73504275,1.3513631,18.736027
24600,0,3,0.75,0.8119658,0.84615386,1.3513631,18.022886
24600,0,3,1,0.7863248,0.8974359,1.3513631,17.546988
24601,0,1,0,0.6923077,0.982906,0.2633035,1.8229878
24601,0,1,0.25,0.6923077,0.974359,0.26330358,1.7662187
24601,0,1,0.5,0.74358976,0.982906,0.26330358,1.7161434
24601,0,1,0.75,0.7008547,0.982906,0.2633034,1.6645136
24601,0,1,1,0.6837607,0.982906,0.2633034,1.6370566
24601,0,2,0,0.94871795,0.61538464,1.1460211,3.5222547
24601,0,2,0.25,0.95726496,0.60683763,1.1460211,3.360519
24601,0,2,0.5,0.94871795,0.61538464,1.1460211,3.3014512
24601,0,2,0.75,0.982906,0.60683763,1.1460216,3.150445
24601,0,2,1,0.95726496,0.64102566,1.1460214,3.104466
24601,0,3,0,0.94871795,0.8717949,0.83273304,4.4377813
24601,0,3,0.25,0.94017094,0.8803419,0.8327329,4.14168
24601,0,3,0.5,0.94871795,0.8119658,0.8327329,3.6821928
24601,0,3,0.75,0.95726496,0.8717949,0.83273304,3.4695046
24601,0,3,1,0.982906,0.8632479,0.83273304,3.088029
24602,0,1,0,0.6495727,0.83760685,0.5587737,11.434019
24602,0,1,0.25,0.63247865,0.85470086,0.5587737,11.878983
24602,0,1,0.5,0.64102566,0.8119658,0.5587737,12.333514
24602,0,1,0.75,0.6666667,0.82905984,0.5587737,12.579636
24602,0,1,1,0.6581197,0.82051283,0.5587737,12.820287
24602,0,2,0,0.61538464,0.6837607,0.8153086,10.605368
24602,0,2,0.25,0.5811966,0.6837607,0.81530875,11.535357
24602,0,2,0.5,0.60683763,0.6495727,0.8153086,12.979628
24602,0,2,0.75,0.62393165,0.62393165,0.81530875,13.986275
24602,0,2,1,0.61538464,0.5982906,0.8153086,14.406424
24602,0,3,0,0.52991456,0.71794873,0.7918881,16.265583
24602,0,3,0.25,0.4957265,0.6923077,0.79188836,17.156673
24602,0,3,0.5,0.47863248,0.7008547,0.7918881,18.023495
24602,0,3,0.75,0.43589744,0.6581197,0.79188883,17.929676
24602,0,3,1,0.4017094,0.5897436,0.79188836,16.74498
24603,0,1,0,1,0.3931624,0.33309522,2.2270696
24603,0,1,0.25,1,0.36752138,0.33309522,2.1809402
24603,0,1,0.5,0.991453,0.36752138,0.33309522,2.1795835
24603,0,1,0.75,0.982906,0.36752138,0.33309522,2.1727557
24603,0,1,1,0.96581197,0.3846154,0.33309522,2.1907394
24603,0,2,0,0.974359,0.51282054,0.3859493,5.192869
24603,0,2,0.25,0.974359,0.51282054,0.3859493,5.178352
24603,0,2,0.5,0.974359,0.51282054,0.3859493,5.161535
24603,0,2,0.75,0.974359,0.51282054,0.38594928,5.123985
24603,0,2,1,0.974359,0.53846157,0.3859493,5.143061
24603,0,3,0,0.982906,0.3931624,0.6072894,7.930935
24603,0,3,0.25,0.982906,0.4017094,0.6072893,7.987933
24603,0,3,0.5,0.982906,0.4017094,0.6072894,8.099212
24603,0,3,0.75,0.974359,0.3846154,0.6072894,8.089652
24603,0,3,1,0.974359,0.4017094,0.6072894,8.221944
24604,0,1,0,0.6837607,0.8888889,2.1772168,7.6274962
24604,0,1,0.25,0.72649574,0.83760685,2.1772165,6.0278006
24604,0,1,0.5,0.7777778,0.85470086,2.1772165,6.1320477
24604,0,1,0.75,0.84615386,0.8034188,2.1772165,5.3337154
24604,0,1,1,0.85470086,0.82905984,2.1772165,5.1066384
24604,0,2,0,0.84615386,0.41880342,2.5660539,14.242872
24604,0,2,0.25,0.83760685,0.44444445,2.5660539,13.658287
24604,0,2,0.5,0.9059829,0.35897437,2.5660539,11.202988
24604,0,2,0.75,0.9145299,0.35897437,2.5660539,9.365919
24604,0,2,1,0.95726496,0.36752138,2.5660539,8.315414
24604,0,3,0,0.74358976,0.82905984,2.155924,7.695879
24604,0,3,0.25,0.7948718,0.8034188,2.1559238,7.215782
24604,0,3,0.5,0.8119658,0.7692308,2.1559236,6.3198004
24604,0,3,0.75,0.9059829,0.75213677,2.1559243,5.81479
24604,0,3,1,0.9059829,0.7777778,2.155924,5.253756
24605,0,1,0,0.95726496,0.61538464,0.40570605,3.4452949
24605,0,1,0.25,0.94017094,0.61538464,0.4057063,3.463056
24605,0,1,0.5,0.96581197,0.7008547,0.40570605,3.5276518
24605,0,1,0.75,0.974359,0.73504275,0.40570626,3.579088
24605,0,1,1,0.96581197,0.7094017,0.40570617,3.632803
24605,0,2,0,0.5897436,0.974359,0.71858084,3.3559127
24605,0,2,0.25,0.60683763,0.974359,0.71858096,3.484549
24605,0,2,0.5,0.5982906,0.982906,0.71858084,3.5386567
24605,0,2,0.75,0.64102566,0.96581197,0.718581,3.5593157
24605,0,2,1,0.6666667,0.974359,0.7185808,3.6050348
24605,0,3,0,0.44444445,0.991453,0.29672286,1.3807931
24605,0,3,0.25,0.43589744,0.96581197,0.29672286,1.4228623
24605,0,3,0.5,0.42735043,0.991453,0.2967227,1.4333556
24605,0,3,0.75,0.46153846,0.991453,0.2967229,1.4500306
24605,0,3,1,0.46153846,0.991453,0.29672286,1.4567239
24606,0,1,0,0.51282054,0.8888889,2.0610032,12.178545
24606,0,1,0.25,0.51282054,0.8974359,2.0610032,12.187849
24606,0,1,0.5,0.51282054,0.8974359,2.0610034,12.19733
24606,0,1,0.75,0.4871795,0.8974359,2.0610032,12.336064
24606,0,1,1,0.50427353,0.8888889,2.0610034,12.0334015
24606,0,2,0,0.982906,0.62393165,0.329043,3.2179666
24606,0,2,0.25,0.982906,0.60683763,0.32904312,3.2311811
24606,0,2,0.5,0.982906,0.60683763,0.329043,3.2335625
24606,0,2,0.75,0.991453,0.62393165,0.32904276,3.2474327
24606,0,2,1,0.982906,0.62393165,0.329043,3.2562191
24606,0,3,0,0.93162394,0.6923077,0.27841273,2.4967003
24606,0,3,0.25,0.9145299,0.75213677,0.27841288,2.483646
24606,0,3,0.5,0.93162394,0.72649574,0.27841258,2.4499602
24606,0,3,0.75,0.94017094,0.7008547,0.27841276,2.4746041
24606,0,3,1,0.8974359,0.7094017,0.27841273,2.507037
24607,0,1,0,0.47863248,0.93162394,0.30920693,4.3512535
24607,0,1,0.25,0.47008547,0.96581197,0.30920687,4.343024
24607,0,1,0.5,0.47008547,0.974359,0.30920705,4.3376703
24607,0,1,0.75,0.47863248,0.974359,0.30920705,4.3271093
24607,0,1,1,0.47863248,0.96581197,0.30920693,4.241188
24607,0,2,0,0.8888889,0.4957265,1.195461,14.297655
24607,0,2,0.25,0.83760685,0.4957265,1.1954609,13.622494
24607,0,2,0.5,0.82051283,0.50427353,1.195461,13.138075
24607,0,2,0.75,0.85470086,0.50427353,1.195461,12.649567
24607,0,2,1,0.83760685,0.47863248,1.195461,12.665296
24607,0,3,0,0.41880342,0.96581197,0.2805843,3.6756501
24607,0,3,0.25,0.4017094,0.982906,0.28058445,3.6020083
24607,0,3,0.5,0.43589744,0.96581197,0.2805845,3.5467725
24607,0,3,0.75,0.42735043,0.96581197,0.2805844,3.4657633
24607,0,3,1,0.41880342,0.94871795,0.28058442,3.4119573
24608,0,1,0,0.5982906,0.95726496,0.40942731,4.5715723
24608,0,1,0.25,0.5982906,0.991453,0.4094278,4.459831
24608,0,1,0.5,0.60683763,0.982906,0.40942731,4.6406884
24608,0,1,0.75,0.62393165,0.974359,0.40942731,4.6184826
24608,0,1,1,0.6581197,0.982906,0.40942731,4.5379934
24608,0,2,0,0.3846154,0.6837607,1.4896266,25.190594
24608,0,2,0.25,0.36752138,0.6837607,1.4896268,24.483562
24608,0,2,0.5,0.35897437,0.6837607,1.4896266,23.833363
24608,0,2,0.75,0.37606838,0.6581197,1.4896266,23.491196
24608,0,2,1,0.35897437,0.6495727,1.4896266,22.594364
24608,0,3,0,0.46153846,0.8119658,0.9189627,15.260003
24608,0,3,0.25,0.46153846,0.8119658,0.91896266,15.062422
24608,0,3,0.5,0.46153846,0.8119658,0.9189628,15.445148
24608,0,3,0.75,0.47008547,0.83760685,0.91896266,15.610772
24608,0,3,1,0.4871795,0.82051283,0.9189628,15.232891
24609,0,1,0,0.47863248,0.991453,0.5732569,1.4862516
24609,0,1,0.25,0.5641026,1,0.5732569,1.5646644
24609,0,1,0.5,0.53846157,1,0.5732569,1.5609579
24609,0,1,0.75,0.5641026,0.991453,0.5732568,1.5798826
24609,0,1,1,0.5641026,1,0.5732569,1.5915947
24609,0,2,0,0.4957265,0.982906,0.5857666,1.7042757
24609,0,2,0.25,0.4957265,0.982906,0.5857666,1.6846896
24609,0,2,0.5,0.4871795,0.982906,0.58576655,1.602982
24609,0,2,0.75,0.4871795,0.96581197,0.58576673,1.6151311
24609,0,2,1,0.47863248,0.974359,0.5857666,1.6680474
24609,0,3,0,0.8632479,0.96581197,0.29026678,2.7378492
24609,0,3,0.25,0.9059829,0.96581197,0.2902665,2.728056
24609,0,3,0.5,0.8974359,0.974359,0.2902665,2.7473412
24609,0,3,0.75,0.8888889,0.982906,0.290267,2.762728
24609,0,3,1,0.8888889,0.96581197,0.29026678,2.8165224
24610,0,1,0,0.991453,0.44444445,0.32696572,4.123034
24610,0,1,0.25,1,0.45299146,0.32696584,3.3468614
24610,0,1,0.5,0.991453,0.45299146,0.32696584,2.9316223
24610,0,1,0.75,0.991453,0.44444445,0.3269656,2.5867033
24610,0,1,1,1,0.46153846,0.3269656,2.3133483
24610,0,2,0,0.7948718,0.8717949,0.3514199,6.0623407
24610,0,2,0.25,0.82051283,0.8717949,0.35142,5.087825
24610,0,2,0.5,0.8119658,0.9059829,0.35142002,4.4496617
24610,0,2,0.75,0.8803419,0.8803419,0.3514198,3.8235765
24610,0,2,1,0.8717949,0.94017094,0.35142002,3.3286695
24610,0,3,0,0.8888889,0.7692308,0.31811988,4.868234
24610,0,3,0.25,0.8974359,0.7777778,0.31811988,3.9977112
24610,0,3,0.5,0.9230769,0.7948718,0.31811965,3.5171037
24610,0,3,0.75,0.95726496,0.7863248,0.31811988,3.0578852
24610,0,3,1,0.94871795,0.7948718,0.31811988,2.6425815
24611,0,1,0,0.8632479,0.52991456,1.6793869,18.862448
24611,0,1,0.25,0.8632479,0.5555556,1.6793869,18.397648
24611,0,1,0.5,0.8717949,0.6495727,1.6793869,17.758997
24611,0,1,0.75,0.8803419,0.6752137,1.6793869,16.836735
24611,0,1,1,0.8888889,0.74358976,1.6793869,15.830516
24611,0,2,0,0.82905984,0.50427353,2.0498226,21.619894
24611,0,2,0.25,0.82905984,0.45299146,2.0498226,20.27523
24611,0,2,0.5,0.8632479,0.42735043,2.0498226,18.787289
24611,0,2,0.75,0.8888889,0.41025642,2.0498226,16.915096
24611,0,2,1,0.8803419,0.36752138,2.0498226,14.991149
24611,0,3,0,0.991453,0.5641026,0.7078774,2.084972
24611,0,3,0.25,0.96581197,0.5726496,0.7078774,2.3869157
24611,0,3,0.5,0.974359,0.5811966,0.70787734,2.796751
24611,0,3,0.75,0.9059829,0.5641026,0.70787734,3.2176423
24611,0,3,1,0.93162394,0.5555556,0.70787746,3.629621
24612,0,1,0,0.8632479,0.7863248,0.28568882,3.42723
24612,0,1,0.25,0.9230769,0.82051283,0.2856887,3.587892
24612,0,1,0.5,0.9145299,0.8717949,0.2856887,3.6373367
24612,0,1,0.75,0.8632479,0.8119658,0.28568867,3.5869138
24612,0,1,1,0.6837607,0.5641026,0.28568885,6.2106037
24612,0,2,0,0.83760685,0.8974359,0.35303164,3.962235
24612,0,2,0.25,0.8632479,0.95726496,0.35303164,4.1352887
24612,0,2,0.5,0.8803419,0.95726496,0.3530316,4.2471657
24612,0,2,0.75,0.8632479,0.974359,0.35303172,4.31976
24612,0,2,1,0.74358976,0.8974359,0.35303164,4.197798
24612,0,3,0,0.7777778,0.95726496,0.4331712,6.6318183
24612,0,3,0.25,0.8034188,0.991453,0.4331711,6.918883
24612,0,3,0.5,0.7863248,1,0.43317112,6.997076
24612,0,3,0.75,0.7948718,0.991453,0.43317133,7.2227387
24612,0,3,1,0.6752137,0.93162394,0.4331712,7.40079
24613,0,1,0,0.96581197,0.5897436,0.26115948,5.1174917
24613,0,1,0.25,0.974359,0.5897436,0.26115936,5.1671543
24613,0,1,0.5,0.95726496,0.5897436,0.2611596,5.14094
24613,0,1,0.75,0.95726496,0.5811966,0.26115948,5.126653
24613,0,1,1,0.94871795,0.5811966,0.26115948,5.1876926
24613,0,2,0,0.74358976,0.991453,0.2889554,4.072514
24613,0,2,0.25,0.75213677,1,0.2889554,4.0657563
24613,0,2,0.5,0.73504275,1,0.2889555,4.070013
24613,0,2,0.75,0.7777778,0.991453,0.2889554,4.0283074
24613,0,2,1,0.7863248,0.982906,0.2889554,4.0376673
24613,0,3,0,0.44444445,0.982906,0.39738518,3.7630749
24613,0,3,0.25,0.45299146,0.96581197,0.39738515,3.8498335
24613,0,3,0.5,0.46153846,0.991453,0.39738527,3.934856
24613,0,3,0.75,0.47863248,0.991453,0.39738518,4.057327
24613,0,3,1,0.45299146,0.96581197,0.39738518,4.0736127
24614,0,1,0,0.94017094,0.50427353,1.0053122,7.3731165
24614,0,1,0.25,0.9230769,0.4871795,1.0053124,7.0954056
24614,0,1,0.5,0.94017094,0.50427353,1.0053123,7.1035557
24614,0,1,0.75,0.95726496,0.4957265,1.0053122,6.797069
24614,0,1,1,0.94871795,0.52136755,1.0053122,6.974147
24614,0,2,0,0.6837607,0.7863248,1.9485905,16.055885
24614,0,2,0.25,0.6666667,0.84615386,1.9485905,15.796137
24614,0,2,0.5,0.6923077,0.83760685,1.9485905,15.486534
24614,0,2,0.75,0.73504275,0.8119658,1.9485908,15.226189
24614,0,2,1,0.6752137,0.7948718,1.9485905,15.399883
24614,0,3,0,0.7692308,0.82905984,2.0580604,17.17786
24614,0,3,0.25,0.7692308,0.83760685,2.0580602,16.891777
24614,0,3,0.5,0.7692308,0.84615386,2.0580602,16.81992
24614,0,3,0.75,0.7692308,0.85470086,2.0580602,16.957169
24614,0,3,1,0.7692308,0.84615386,2.0580602,16.839882
24615,0,1,0,0.5726496,0.93162394,0.37745813,3.4738202
24615,0,1,0.25,0.5726496,0.94017094,0.3774581,3.5146852
24615,0,1,0.5,0.5726496,0.94871795,0.3774581,3.5817213
24615,0,1,0.75,0.5555556,0.982906,0.37745816,3.6324267
24615,0,1,1,0.52991456,1,0.37745813,3.6338305
24615,0,2,0,0.74358976,0.9145299,1.4125608,17.084938
24615,0,2,0.25,0.74358976,0.9059829,1.412561,17.054535
24615,0,2,0.5,0.74358976,0.8974359,1.4125608,16.888634
24615,0,2,0.75,0.74358976,0.8803419,1.4125608,16.761587
24615,0,2,1,0.71794873,0.8803419,1.4125608,16.665413
24615,0,3,0,0.53846157,0.974359,0.42473018,3.6948147
24615,0,3,0.25,0.5726496,0.982906,0.42473018,3.7568264
24615,0,3,0.5,0.5897436,0.974359,0.42473018,3.9051228
24615,0,3,0.75,0.61538464,0.991453,0.42473018,4.109866
24615,0,3,1,0.61538464,0.982906,0.42473018,4.1767235
24616,0,1,0,0.5555556,0.82905984,0.73039633,9.691238
24616,0,1,0.25,0.52991456,0.8974359,0.73039633,9.953831
24616,0,1,0.5,0.50427353,0.9059829,0.73039633,10.69011
24616,0,1,0.75,0.5726496,0.8974359,0.73039633,11.108251
24616,0,1,1,0.60683763,0.8119658,0.73039633,11.30587
24616,0,2,0,0.63247865,0.82051283,0.36325145,5.8590374
24616,0,2,0.25,0.60683763,0.8803419,0.36325148,5.798898
24616,0,2,0.5,0.5897436,0.94871795,0.36325148,5.5152645
24616,0,2,0.75,0.5470086,0.982906,0.36325148,4.7229834
24616,0,2,1,0.52991456,0.94017094,0.36325148,3.776204
24616,0,3,0,0.991453,0.3846154,0.30648848,2.6800547
24616,0,3,0.25,0.974359,0.3931624,0.30648845,2.974766
24616,0,3,0.5,0.974359,0.3931624,0.30648845,3.373041
24616,0,3,0.75,0.974359,0.44444445,0.30648836,3.9611154
24616,0,3,1,0.96581197,0.4957265,0.30648845,4.2434535
24617,0,1,0,0.991453,0.43589744,0.31335565,1.7231363
24617,0,1,0.25,0.982906,0.47008547,0.31335545,2.5713072
24617,0,1,0.5,0.974359,0.52136755,0.31335565,3.9846325
24617,0,1,0.75,1,0.4957265,0.3133559,2.7515798
24617,0,1,1,0.974359,0.42735043,0.31335565,1.9244794
24617,0,2,0,0.8974359,0.52136755,0.58852583,7.1867332
24617,0,2,0.25,0.8803419,0.4871795,0.58852583,9.732815
24617,0,2,0.5,0.83760685,0.50427353,0.58852583,9.8507
24617,0,2,0.75,0.9145299,0.47008547,0.58852595,6.111625
24617,0,2,1,0.8803419,0.45299146,0.58852583,6.0252085
24617,0,3,0,0.73504275,0.52991456,2.5303233,12.52519
24617,0,3,0.25,0.6581197,0.4017094,2.5303233,9.5444145
24617,0,3,0.5,0.63247865,0.35042736,2.5303233,10.878336
24617,0,3,0.75,0.71794873,0.47008547,2.5303233,11.429428
24617,0,3,1,0.6837607,0.4957265,2.5303233,11.94231
24618,0,1,0,0.6923077,0.9059829,0.5527491,3.8862586
24618,0,1,0.25,0.6923077,0.8632479,0.5527491,3.5509272
24618,0,1,0.5,0.74358976,0.95726496,0.55274904,4.9935164
24618,0,1,0.75,0.6837607,1,0.5527493,3.8095076
24618,0,1,1,0.7606838,1,0.5527491,2.0415869
24618,0,2,0,0.84615386,0.75213677,1.4562038,9.941995
24618,0,2,0.25,0.8803419,0.7692308,1.4562038,8.705249
24618,0,2,0.5,1,0.85470086,1.4562038,9.268812
24618,0,2,0.75,0.8888889,0.8974359,1.4562038,13.558463
24618,0,2,1,0.8803419,0.8888889,1.4562038,10.542263
24618,0,3,0,0.73504275,0.41025642,1.994057,14.547068
24618,0,3,0.25,0.82905984,0.36752138,1.9940567,15.399902
24618,0,3,0.5,0.8717949,0.43589744,1.994057,23.565062
24618,0,3,0.75,0.6923077,0.5897436,1.9940575,18.0647
24618,0,3,1,0.94017094,0.5897436,1.9940568,13.823524
24619,0,1,0,0.982906,0.7863248,0.84216267,9.637777
24619,0,1,0.25,0.95726496,0.84615386,0.8421626,9.293867
24619,0,1,0.5,0.94017094,0.9059829,0.84216255,8.9528885
24619,0,1,0.75,0.8803419,0.8974359,0.84216243,8.405655
24619,0,1,1,0.8034188,0.82905984,0.84216267,7.8792467
24619,0,2,0,0.6581197,0.95726496,1.523808,6.844263
24619,0,2,0.25,0.6837607,0.9230769,1.5238082,6.020751
24619,0,2,0.5,0.6923077,0.9230769,1.523808,5.715485
24619,0,2,0.75,0.72649574,0.8974359,1.5238085,6.0962133
24619,0,2,1,0.7008547,0.9230769,1.523808,6.7481575
24619,0,3,0,0.4871795,0.94017094,0.5081839,4.7290373
24619,0,3,0.25,0.52136755,0.96581197,0.5081841,4.138338
24619,0,3,0.5,0.53846157,0.974359,0.5081841,3.6021545
24619,0,3,0.75,0.61538464,0.982906,0.50818413,3.1511254
24619,0,3,1,0.5982906,0.991453,0.5081839,2.8887491
24620,0,1,0,0.84615386,0.64102566,0.92139405,8.610722
24620,0,1,0.25,0.84615386,0.64102566,0.921394,8.333722
24620,0,1,0.5,0.8119658,0.64102566,0.921394,8.037399
24620,0,1,0.75,0.82051283,0.61538464,0.92139405,7.7415524
24620,0,1,1,0.7692308,0.5982906,0.9213941,7.587407
24620,0,2,0,0.94017094,0.45299146,0.36028105,4.53396
24620,0,2,0.25,0.9145299,0.45299146,0.3602813,4.8047504
24620,0,2,0.5,0.94871795,0.44444445,0.36028093,5.05509
24620,0,2,0.75,0.9230769,0.42735043,0.3602807,5.1181264
24620,0,2,1,0.94871795,0.41025642,0.36028093,5.602736
24620,0,3,0,0.46153846,0.982906,0.37360466,3.4778218
24620,0,3,0.25,0.47863248,0.95726496,0.37360454,3.4482741
24620,0,3,0.5,0.47008547,0.94017094,0.37360466,3.4235322
24620,0,3,0.75,0.47863248,0.93162394,0.3736048,3.4466052
24620,0,3,1,0.43589744,0.9059829,0.37360466,3.3098934
24621,0,1,0,0.93162394,0.94017094,0.46823898,4.0659437
24621,0,1,0.25,0.94871795,0.94017094,0.46823904,3.9917464
24621,0,1,0.5,0.7777778,0.8888889,0.46823904,4.1623454
24621,0,1,0.75,0.71794873,0.82051283,0.46823898,4.5118604
24621,0,1,1,0.6666667,0.7606838,0.468239,5.543748
24621,0,2,0,0.8974359,0.47008547,1.4771811,9.571701
24621,0,2,0.25,0.8888889,0.47008547,1.477181,9.136316
24621,0,2,0.5,0.93162394,0.3931624,1.477181,9.790573
24621,0,2,0.75,0.94871795,0.4017094,1.4771813,11.151652
24621,0,2,1,0.9059829,0.3931624,1.4771811,12.30108
24621,0,3,0,0.6581197,0.9059829,1.5324017,8.089389
24621,0,3,0.25,0.6581197,0.95726496,1.5324016,7.968034
24621,0,3,0.5,0.7094017,0.94017094,1.5324014,8.935865
24621,0,3,0.75,0.71794873,0.93162394,1.5324018,9.937651
24621,0,3,1,0.6837607,0.84615386,1.5324014,11.787567
24622,0,1,0,0.60683763,0.8803419,0.9504195,13.004162
24622,0,1,0.25,0.5555556,0.8632479,0.9504194,11.238071
24622,0,1,0.5,0.53846157,0.9145299,0.9504196,10.292267
24622,0,1,0.75,0.52991456,0.95726496,0.9504195,10.006243
24622,0,1,1,0.5726496,0.96581197,0.9504195,10.228345
24622,0,2,0,0.8974359,0.8119658,0.31715092,3.543373
24622,0,2,0.25,0.8888889,0.7692308,0.31715083,3.721465
24622,0,2,0.5,0.8632479,0.73504275,0.3171506,3.8427544
24622,0,2,0.75,0.82905984,0.7777778,0.3171506,3.927289
24622,0,2,1,0.8888889,0.8717949,0.3171506,3.852953
24622,0,3,0,0.974359,0.74358976,0.43610528,7.2441964
24622,0,3,0.25,1,0.6837607,0.43610558,7.3478956
24622,0,3,0.5,0.974359,0.64102566,0.43610528,6.7967243
24622,0,3,0.75,0.991453,0.64102566,0.43610498,5.069356
24622,0,3,1,0.982906,0.6495727,0.43610528,4.226369
24623,0,1,0,0.9059829,0.974359,0.33987013,5.8278246
24623,0,1,0.25,0.8717949,0.94871795,0.33987015,5.539898
24623,0,1,0.5,0.8974359,0.93162394,0.33987015,5.4938126
24623,0,1,0.75,0.9230769,0.94017094,0.33987015,5.359354
24623,0,1,1,0.9145299,0.96581197,0.33987013,5.18573
24623,0,2,0,1,0.62393165,0.33737183,3.6819272
24623,0,2,0.25,0.96581197,0.60683763,0.33737183,3.5460339
24623,0,2,0.5,0.974359,0.5897436,0.3373718,3.409745
24623,0,2,0.75,0.96581197,0.61538464,0.33737195,3.455193
24623,0,2,1,0.94871795,0.63247865,0.33737183,3.422815
24623,0,3,0,0.991453,0.3846154,0.63286936,5.7964716
24623,0,3,0.25,0.94871795,0.37606838,0.63286936,5.6002855
24623,0,3,0.5,0.974359,0.3846154,0.63286936,5.526825
24623,0,3,0.75,0.96581197,0.3931624,0.6328695,5.406622
24623,0,3,1,0.94017094,0.41025642,0.6328694,5.286735
24624,0,1,0,0.6666667,0.982906,0.3177395,3.5621667
24624,0,1,0.25,0.64102566,0.96581197,0.3177395,3.370268
24624,0,1,0.5,0.60683763,0.991453,0.3177395,3.224613
24624,0,1,0.75,0.5982906,0.991453,0.3177395,3.0057914
24624,0,1,1,0.64102566,0.991453,0.3177395,2.7650585
24624,0,2,0,0.60683763,0.9145299,1.0867653,12.2311325
24624,0,2,0.25,0.63247865,0.9059829,1.0867654,11.830086
24624,0,2,0.5,0.5811966,0.9059829,1.0867654,11.480188
24624,0,2,0.75,0.63247865,0.95726496,1.0867652,11.57612
24624,0,2,1,0.6495727,0.96581197,1.0867654,10.989464
24624,0,3,0,0.41880342,0.982906,0.51390386,4.7331095
24624,0,3,0.25,0.41025642,0.974359,0.5139038,4.425234
24624,0,3,0.5,0.46153846,0.982906,0.51390374,4.348485
24624,0,3,0.75,0.46153846,0.9230769,0.5139038,4.085162
24624,0,3,1,0.46153846,0.982906,0.5139038,3.9392643
24625,0,1,0,0.7863248,0.96581197,0.25747046,2.6709328
24625,0,1,0.25,0.7863248,0.93162394,0.25747046,2.6076236
24625,0,1,0.5,0.8034188,0.94017094,0.25747046,2.5684848
24625,0,1,0.75,0.7948718,0.93162394,0.25747046,2.5431795
24625,0,1,1,0.7863248,0.9230769,0.25747046,2.5041845
24625,0,2,0,0.991453,0.7692308,0.29055956,2.9125302
24625,0,2,0.25,0.991453,0.8119658,0.29055935,2.8757977
24625,0,2,0.5,0.982906,0.8034188,0.29055953,2.8733945
24625,0,2,0.75,0.982906,0.75213677,0.29055977,2.8574777
24625,0,2,1,0.96581197,0.74358976,0.29055956,2.851685
24625,0,3,0,0.96581197,0.61538464,0.55897146,6.0381866
24625,0,3,0.25,0.95726496,0.61538464,0.5589714,5.944311
24625,0,3,0.5,0.974359,0.61538464,0.5589714,5.892206
24625,0,3,0.75,0.974359,0.6495727,0.5589717,5.926855
24625,0,3,1,0.96581197,0.6581197,0.55897146,5.8637567
24626,0,1,0,0.82905984,0.7094017,1.2128553,15.520483
24626,0,1,0.25,0.82051283,0.6923077,1.2128557,15.695075
24626,0,1,0.5,0.82905984,0.7094017,1.2128556,15.84622
24626,0,1,0.75,0.8034188,0.6923077,1.2128556,15.878479
24626,0,1,1,0.7948718,0.7008547,1.2128556,16.121992
24626,0,2,0,0.5555556,0.6923077,2.8056226,37.38453
24626,0,2,0.25,0.53846157,0.7008547,2.8056223,38.231316
24626,0,2,0.5,0.5470086,0.6666667,2.8056223,38.32633
24626,0,2,0.75,0.5555556,0.6581197,2.8056226,38.60771
24626,0,2,1,0.53846157,0.6495727,2.8056226,39.070793
24626,0,3,0,0.4017094,0.85470086,1.7476406,22.725557
24626,0,3,0.25,0.41025642,0.8803419,1.7476405,22.967888
24626,0,3,0.5,0.3931624,0.8803419,1.7476405,23.163528
24626,0,3,0.75,0.3931624,0.8803419,1.7476406,23.316414
24626,0,3,1,0.3846154,0.8803419,1.7476405,23.107136
24627,0,1,0,0.95726496,0.51282054,0.31766373,3.6963665
24627,0,1,0.25,0.95726496,0.4957265,0.31766415,3.821472
24627,0,1,0.5,0.94871795,0.45299146,0.31766358,4.0620766
24627,0,1,0.75,0.9230769,0.44444445,0.3176638,4.099348
24627,0,1,1,0.991453,0.52991456,0.31766367,4.320963
24627,0,2,0,0.62393165,0.9145299,0.61149865,6.768032
24627,0,2,0.25,0.5641026,0.94871795,0.6114992,7.364687
24627,0,2,0.5,0.5811966,0.9145299,0.61149865,7.7129564
24627,0,2,0.75,0.53846157,0.9059829,0.6114977,7.911616
24627,0,2,1,0.5470086,0.93162394,0.61149865,8.074958
24627,0,3,0,0.41880342,0.96581197,0.33602226,3.4956274
24627,0,3,0.25,0.44444445,0.94017094,0.3360223,3.642395
24627,0,3,0.5,0.41880342,0.95726496,0.33602226,3.8103848
24627,0,3,0.75,0.41880342,0.93162394,0.3360223,3.7926552
24627,0,3,1,0.45299146,0.94871795,0.33602226,3.8755198
24628,0,1,0,0.94017094,0.5811966,0.4133863,4.5759163
24628,0,1,0.25,0.95726496,0.60683763,0.4133863,4.4629326
24628,0,1,0.5,0.94871795,0.5982906,0.4133863,4.2470827
24628,0,1,0.75,0.982906,0.5897436,0.41338646,4.0201674
24628,0,1,1,0.94871795,0.60683763,0.4133863,3.8334181
24628,0,2,0,0.8974359,0.4017094,0.4675,7.219906
24628,0,2,0.25,0.93162394,0.37606838,0.4675,7.1695595
24628,0,2,0.5,0.93162394,0.3846154,0.4675,6.7052636
24628,0,2,0.75,0.94017094,0.41880342,0.46749988,6.504708
24628,0,2,1,0.95726496,0.43589744,0.4675,6.354722
24628,0,3,0,0.93162394,0.45299146,0.36333725,5.875227
24628,0,3,0.25,0.95726496,0.46153846,0.3633377,5.7275133
24628,0,3,0.5,0.974359,0.47863248,0.3633377,5.719807
24628,0,3,0.75,0.96581197,0.4871795,0.36333704,5.61419
24628,0,3,1,0.94871795,0.45299146,0.36333725,5.2816877
24629,0,1,0,0.7863248,0.96581197,0.27716422,2.4108286
24629,0,1,0.25,0.7692308,0.991453,0.2771646,2.3779423
24629,0,1,0.5,0.7606838,1,0.27716422,2.4233563
24629,0,1,0.75,0.74358976,0.982906,0.27716464,2.3737898
24629,0,1,1,0.71794873,0.991453,0.27716422,2.3582544
24629,0,2,0,1,0.7008547,0.37869763,3.5277781
24629,0,2,0.25,1,0.74358976,0.37869814,3.5594168
24629,0,2,0.5,0.991453,0.73504275,0.37869763,3.543323
24629,0,2,0.75,0.974359,0.72649574,0.3786972,3.5193472
24629,0,2,1,0.982906,0.7008547,0.37869763,3.4998014
24629,0,3,0,0.9059829,0.6923077,0.68270266,6.3253183
24629,0,3,0.25,0.93162394,0.6923077,0.68270266,6.40102
24629,0,3,0.5,0.93162394,0.7008547,0.68270266,6.382059
24629,0,3,0.75,0.9059829,0.72649574,0.68270266,6.464198
24629,0,3,1,0.9059829,0.6752137,0.68270224,6.257139
24630,0,1,0,0.974359,0.9145299,0.2774373,2.8976445
24630,0,1,0.25,0.982906,0.9230769,0.27743727,2.9247808
24630,0,1,0.5,0.982906,0.9230769,0.2774373,2.9600096
24630,0,1,0.75,0.991453,0.9145299,0.2774373,3.0166774
24630,0,1,1,0.991453,0.9230769,0.2774373,3.022799
24630,0,2,0,0.94871795,0.4017094,0.3022446,4.0187893
24630,0,2,0.25,0.96581197,0.3931624,0.3022448,4.1020083
24630,0,2,0.5,0.974359,0.3931624,0.30224463,4.1230288
24630,0,2,0.75,0.991453,0.37606838,0.30224484,4.1254997
24630,0,2,1,1,0.37606838,0.3022446,4.1484256
24630,0,3,0,0.5982906,0.62393165,2.1787212,34.742413
24630,0,3,0.25,0.5982906,0.60683763,2.1787205,34.9915
24630,0,3,0.5,0.5641026,0.60683763,2.1787212,35.306416
24630,0,3,0.75,0.5726496,0.63247865,2.1787205,35.989326
24630,0,3,1,0.5641026,0.62393165,2.1787205,36.111137
24631,0,1,0,0.5982906,0.5555556,1.272122,25.12631
24631,0,1,0.25,0.52136755,0.5982906,1.2721217,27.284363
24631,0,1,0.5,0.52136755,0.62393165,1.2721223,31.853855
24631,0,1,0.75,0.46153846,0.6923077,1.2721219,33.065453
24631,0,1,1,0.3846154,0.7777778,1.272122,33.599743
24631,0,2,0,0.3846154,0.71794873,0.9864111,26.027668
24631,0,2,0.25,0.43589744,0.82051283,0.98641104,26.73454
24631,0,2,0.5,0.42735043,0.74358976,0.9864111,26.676102
24631,0,2,0.75,0.45299146,0.6923077,0.98641104,24.097305
24631,0,2,1,0.4957265,0.7094017,0.9864111,18.843678
24631,0,3,0,0.93162394,0.6666667,0.70356494,14.909809
24631,0,3,0.25,0.94871795,0.5641026,0.70356494,15.457152
24631,0,3,0.5,0.982906,0.46153846,0.70356494,15.525547
24631,0,3,0.75,0.94017094,0.36752138,0.70356506,13.993399
24631,0,3,1,0.95726496,0.35042736,0.70356494,11.880961
24632,0,1,0,0.8119658,0.5897436,0.6380076,10.963251
24632,0,1,0.25,0.7606838,0.60683763,0.6380075,12.013983
24632,0,1,0.5,0.7863248,0.61538464,0.6380076,13.027658
24632,0,1,0.75,0.7692308,0.60683763,0.6380076,13.923588
24632,0,1,1,0.74358976,0.5982906,0.6380076,13.857002
24632,0,2,0,0.8119658,0.9230769,0.25901306,2.528327
24632,0,2,0.25,0.7606838,0.96581197,0.25901306,2.5420902
24632,0,2,0.5,0.7948718,0.96581197,0.259013,2.6246576
24632,0,2,0.75,0.7948718,0.94871795,0.25901297,2.6366606
24632,0,2,1,0.7777778,0.982906,0.259013,2.8891952
24632,0,3,0,0.3931624,0.96581197,0.31555837,4.7494226
24632,0,3,0.25,0.4017094,0.93162394,0.31555834,4.763727
24632,0,3,0.5,0.41880342,0.96581197,0.3155584,5.025425
24632,0,3,0.75,0.41880342,0.9059829,0.31555843,4.9792485
24632,0,3,1,0.4017094,0.9145299,0.31555846,4.972949
24633,0,1,0,0.7948718,0.44444445,0.8559333,15.92207
24633,0,1,0.25,0.7777778,0.41880342,0.85593307,15.853626
24633,0,1,0.5,0.8034188,0.43589744,0.8559333,15.610076
24633,0,1,0.75,0.7948718,0.47863248,0.8559333,15.046604
24633,0,1,1,0.7777778,0.47863248,0.8559333,14.996959
24633,0,2,0,0.7094017,0.42735043,0.9893869,17.233232
24633,0,2,0.25,0.6752137,0.43589744,0.98938674,16.775188
24633,0,2,0.5,0.6666667,0.43589744,0.9893869,16.761765
24633,0,2,0.75,0.6666667,0.3931624,0.9893871,16.410255
24633,0,2,1,0.6752137,0.4017094,0.98938715,16.433973
24633,0,3,0,0.6495727,0.85470086,0.42178908,10.6916065
24633,0,3,0.25,0.6495727,0.8632479,0.42178884,10.119209
24633,0,3,0.5,0.6752137,0.8632479,0.42178884,10.055757
24633,0,3,0.75,0.6923077,0.8632479,0.42178908,9.613319
24633,0,3,1,0.6837607,0.82905984,0.42178908,9.388207
24634,0,1,0,0.7948718,0.61538464,0.56358165,4.3336945
24634,0,1,0.25,0.7606838,0.62393165,0.56358176,4.7279882
24634,0,1,0.5,0.7692308,0.5641026,0.5635816,5.0564156
24634,0,1,0.75,0.7094017,0.5641026,0.5635817,5.416544
24634,0,1,1,0.7008547,0.52991456,0.56358165,5.712886
24634,0,2,0,0.5811966,0.3931624,1.1439371,12.8817425
24634,0,2,0.25,0.61538464,0.44444445,1.1439371,13.659827
24634,0,2,0.5,0.64102566,0.4017094,1.1439371,14.473972
24634,0,2,0.75,0.6923077,0.43589744,1.143937,14.644118
24634,0,2,1,0.6923077,0.3846154,1.1439371,14.914658
24634,0,3,0,0.83760685,0.5726496,1.0544454,11.097454
24634,0,3,0.25,0.8119658,0.5726496,1.0544455,11.850969
24634,0,3,0.5,0.8119658,0.5982906,1.0544453,12.427303
24634,0,3,0.75,0.8034188,0.62393165,1.0544455,12.654329
24634,0,3,1,0.7777778,0.62393165,1.0544454,12.736788
24635,0,1,0,0.974359,0.6495727,0.25341183,2.0094948
24635,0,1,0.25,0.96581197,0.6666667,0.25341195,1.6749039
24635,0,1,0.5,0.94017094,0.6666667,0.25341183,1.4672167
24635,0,1,0.75,0.982906,0.6923077,0.25341183,1.4992138
24635,0,1,1,0.982906,0.6923077,0.25341183,1.6692305
24635,0,2,0,0.46153846,0.94871795,0.4826421,3.1310077
24635,0,2,0.25,0.51282054,1,0.48264214,3.8872848
24635,0,2,0.5,0.5726496,0.982906,0.48264214,4.401455
24635,0,2,0.75,0.5641026,0.974359,0.48264214,4.7049303
24635,0,2,1,0.61538464,0.94017094,0.4826421,4.9572554
24635,0,3,0,0.982906,0.52991456,0.2940385,4.2489314
24635,0,3,0.25,0.982906,0.52991456,0.29403865,3.5749273
24635,0,3,0.5,1,0.47863248,0.29403847,3.257285
24635,0,3,0.75,1,0.47863248,0.29403847,2.8961492
24635,0,3,1,0.991453,0.47863248,0.29403853,2.5365167
24636,0,1,0,0.4871795,0.95726496,0.30155244,4.61872
24636,0,1,0.25,0.46153846,0.95726496,0.30155244,4.7415895
24636,0,1,0.5,0.46153846,0.982906,0.30155206,4.5852504
24636,0,1,0.75,0.3931624,0.96581197,0.30155244,4.2328625
24636,0,1,1,0.4017094,0.96581197,0.30155244,3.8159566
24636,0,2,0,0.8119658,0.45299146,0.7869977,14.054005
24636,0,2,0.25,0.82905984,0.51282054,0.7869976,13.778228
24636,0,2,0.5,0.82905984,0.52136755,0.7869975,12.423875
24636,0,2,0.75,0.85470086,0.5811966,0.7869978,10.980948
24636,0,2,1,0.8974359,0.64102566,0.7869976,9.465279
24636,0,3,0,0.85470086,0.63247865,0.6498402,11.052803
24636,0,3,0.25,0.84615386,0.64102566,0.6498401,10.777151
24636,0,3,0.5,0.85470086,0.6752137,0.6498401,10.306932
24636,0,3,0.75,0.8717949,0.7606838,0.6498403,9.479541
24636,0,3,1,0.8803419,0.7863248,0.6498401,8.289276
24637,0,1,0,0.9059829,0.8717949,0.32565704,3.7873678
24637,0,1,0.25,0.85470086,0.9145299,0.32565695,3.2391896
24637,0,1,0.5,0.8803419,0.82905984,0.3256571,2.9942706
24637,0,1,0.75,0.8888889,0.7948718,0.32565698,3.1463122
24637,0,1,1,0.8974359,0.8034188,0.325657,2.8898277
24637,0,2,0,0.75213677,0.8034188,0.595937,5.5502806
24637,0,2,0.25,0.74358976,0.8888889,0.595937,5.4504404
24637,0,2,0.5,0.73504275,0.8717949,0.595937,5.5733604
24637,0,2,0.75,0.73504275,0.8717949,0.595937,6.1190834
24637,0,2,1,0.72649574,0.9059829,0.595937,6.9583483
24637,0,3,0,0.94871795,0.52991456,0.5366257,3.776977
24637,0,3,0.25,0.8888889,0.52991456,0.5366257,2.939665
24637,0,3,0.5,0.8888889,0.53846157,0.5366257,2.7317555
24637,0,3,0.75,0.94871795,0.53846157,0.53662574,2.7292986
24637,0,3,1,0.9145299,0.5641026,0.53662574,2.4508755
24638,0,1,0,0.94871795,0.4017094,0.44070685,9.6238575
24638,0,1,0.25,0.94017094,0.41025642,0.44070685,9.223202
24638,0,1,0.5,0.9145299,0.45299146,0.44070682,8.915746
24638,0,1,0.75,0.94017094,0.46153846,0.44070682,8.7517395
24638,0,1,1,0.95726496,0.41880342,0.44070685,8.322806
24638,0,2,0,0.72649574,0.52136755,0.57121015,17.816822
24638,0,2,0.25,0.7606838,0.52136755,0.57121015,16.63833
24638,0,2,0.5,0.7606838,0.4957265,0.5712101,16.11891
24638,0,2,0.75,0.7692308,0.47863248,0.57121015,16.20165
24638,0,2,1,0.73504275,0.47008547,0.57121015,15.448513
24638,0,3,0,0.9145299,0.4017094,0.35186595,9.817955
24638,0,3,0.25,0.9145299,0.44444445,0.35186616,9.423433
24638,0,3,0.5,0.8974359,0.4017094,0.35186595,8.513552
24638,0,3,0.75,0.9230769,0.42735043,0.35186574,8.643216
24638,0,3,1,0.94017094,0.44444445,0.35186595,8.201778
24639,0,1,0,0.7094017,0.974359,1.3922002,14.26865
24639,0,1,0.25,0.6666667,0.96581197,1.3922002,13.999713
24639,0,1,0.5,0.6495727,0.94871795,1.3922001,13.672645
24639,0,1,0.75,0.60683763,0.93162394,1.3922002,13.386225
24639,0,1,1,0.5726496,0.93162394,1.3922002,13.189711
24639,0,2,0,0.5897436,1,0.39284843,2.628222
24639,0,2,0.25,0.5897436,1,0.39284843,2.5449347
24639,0,2,0.5,0.5897436,0.991453,0.39284822,2.4150143
24639,0,2,0.75,0.5897436,0.991453,0.3928483,2.3322067
24639,0,2,1,0.5641026,1,0.3928483,2.2544096
24639,0,3,0,0.8803419,0.991453,0.3145657,3.3756812
24639,0,3,0.25,0.8632479,1,0.3145657,3.392878
24639,0,3,0.5,0.8632479,0.991453,0.3145658,3.422656
24639,0,3,0.75,0.8803419,1,0.31456575,3.469593
24639,0,3,1,0.85470086,0.991453,0.31456575,3.5102053
24640,0,1,0,0.94017094,0.51282054,0.47602883,3.8833947
24640,0,1,0.25,0.94871795,0.52136755,0.47602877,3.8177419
24640,0,1,0.5,0.974359,0.52991456,0.47602883,3.9161665
24640,0,1,0.75,0.95726496,0.53846157,0.47602895,3.846468
24640,0,1,1,0.93162394,0.5470086,0.47602883,3.731531
24640,0,2,0,0.84615386,0.9145299,0.25875217,2.5489306
24640,0,2,0.25,0.85470086,0.9145299,0.25875217,2.548534
24640,0,2,0.5,0.8803419,0.9230769,0.25875217,2.5929348
24640,0,2,0.75,0.8717949,0.94871795,0.25875217,2.534913
24640,0,2,1,0.7948718,0.95726496,0.25875193,2.4528062
24640,0,3,0,0.64102566,0.8888889,0.42832637,4.059943
24640,0,3,0.25,0.6581197,0.9059829,0.4283264,4.071426
24640,0,3,0.5,0.6581197,0.9230769,0.42832616,4.006317
24640,0,3,0.75,0.6666667,0.9230769,0.4283264,3.8431077
24640,0,3,1,0.62393165,0.9059829,0.42832616,3.6179268
24641,0,1,0,0.44444445,0.982906,0.26487607,2.5893018
24641,0,1,0.25,0.41025642,0.982906,0.2648761,2.7480803
24641,0,1,0.5,0.4957265,0.95726496,0.26487598,3.3296988
24641,0,1,0.75,0.47863248,0.94017094,0.26487607,3.7887063
24641,0,1,1,0.43589744,0.94871795,0.26487607,4.1514025
24641,0,2,0,0.94017094,0.44444445,1.9704144,16.943108
24641,0,2,0.25,0.8632479,0.41025642,1.9704145,18.73524
24641,0,2,0.5,0.82051283,0.44444445,1.9704143,20.91951
24641,0,2,0.75,0.7692308,0.43589744,1.9704144,23.713066
24641,0,2,1,0.71794873,0.4871795,1.9704144,26.375046
24641,0,3,0,0.47008547,0.95726496,0.26655245,3.1401324
24641,0,3,0.25,0.4871795,0.991453,0.26655242,3.440657
24641,0,3,0.5,0.4957265,0.95726496,0.2665525,3.5979965
24641,0,3,0.75,0.47008547,0.95726496,0.26655245,3.929336
24641,0,3,1,0.47008547,0.95726496,0.26655245,4.291465
24642,0,1,0,0.42735043,0.8974359,0.4596134,5.551196
24642,0,1,0.25,0.43589744,0.8803419,0.4596134,5.572723
24642,0,1,0.5,0.46153846,0.9145299,0.4596134,5.593562
24642,0,1,0.75,0.46153846,0.9059829,0.45961344,5.503083
24642,0,1,1,0.47863248,0.8974359,0.4596134,5.5984964
24642,0,2,0,0.94017094,0.4957265,0.291419,5.438744
24642,0,2,0.25,0.93162394,0.50427353,0.29141882,5.388844
24642,0,2,0.5,0.94017094,0.4871795,0.29141882,5.3191752
24642,0,2,0.75,0.93162394,0.47863248,0.29141915,5.2633557
24642,0,2,1,0.94017094,0.47863248,0.291419,5.273964
24642,0,3,0,0.5982906,0.6837607,0.6755827,12.930855
24642,0,3,0.25,0.5982906,0.6837607,0.67558247,12.598394
24642,0,3,0.5,0.5982906,0.6923077,0.6755827,12.194756
24642,0,3,0.75,0.5811966,0.6923077,0.6755827,11.793266
24642,0,3,1,0.5811966,0.6923077,0.6755827,11.706167
24643,0,1,0,0.95726496,0.4871795,0.43231133,3.8436422
24643,0,1,0.25,0.9230769,0.47863248,0.43231133,4.1485577
24643,0,1,0.5,0.9145299,0.46153846,0.43231133,4.4351544
24643,0,1,0.75,0.95726496,0.46153846,0.43231118,4.649955
24643,0,1,1,0.94871795,0.46153846,0.43231133,5.066701
24643,0,2,0,0.8034188,0.7692308,0.6149289,2.5831058
24643,0,2,0.25,0.8034188,0.7777778,0.61492884,2.6638196
24643,0,2,0.5,0.8034188,0.7692308,0.61492926,2.7875333
24643,0,2,0.75,0.8034188,0.74358976,0.61492866,2.8580809
24643,0,2,1,0.7948718,0.75213677,0.61492884,2.81669
24643,0,3,0,0.41025642,0.7692308,1.9369174,16.28368
24643,0,3,0.25,0.37606838,0.73504275,1.9369175,17.794384
24643,0,3,0.5,0.37606838,0.7008547,1.9369173,18.839588
24643,0,3,0.75,0.35042736,0.6666667,1.9369173,19.632008
24643,0,3,1,0.36752138,0.71794873,1.9369174,19.758806
24644,0,1,0,1,0.60683763,0.28291458,1.9779345
24644,0,1,0.25,1,0.62393165,0.28291458,1.99617
24644,0,1,0.5,0.974359,0.63247865,0.28291458,2.01621
24644,0,1,0.75,1,0.61538464,0.28291422,2.0388854
24644,0,1,1,0.991453,0.61538464,0.2829145,2.059321
24644,0,2,0,1,0.5982906,0.4664657,3.5618148
24644,0,2,0.25,0.991453,0.60683763,0.46646562,3.629107
24644,0,2,0.5,0.974359,0.5897436,0.46646556,3.6377714
24644,0,2,0.75,0.95726496,0.5982906,0.46646583,3.6882906
24644,0,2,1,0.96581197,0.60683763,0.46646565,3.7405176
24644,0,3,0,0.9059829,0.9059829,0.85596293,6.5325885
24644,0,3,0.25,0.9059829,0.8888889,0.85596293,6.5641146
24644,0,3,0.5,0.85470086,0.9059829,0.85596305,6.517316
24644,0,3,0.75,0.8803419,0.8803419,0.85596275,6.5451083
24644,0,3,1,0.9059829,0.9059829,0.8559629,6.5785074
24645,0,1,0,0.7777778,0.9145299,0.35394728,4.232938
24645,0,1,0.25,0.7863248,0.8974359,0.3539474,4.8681836
24645,0,1,0.5,0.7948718,0.8974359,0.35394728,5.650016
24645,0,1,0.75,0.8803419,0.8803419,0.3539473,6.5844946
24645,0,1,1,0.82051283,0.7863248,0.35394734,8.4309845
24645,0,2,0,0.991453,0.52991456,0.40880734,4.0814953
24645,0,2,0.25,0.94871795,0.51282054,0.40880734,4.9030676
24645,0,2,0.5,0.95726496,0.52991456,0.4088075,5.5300307
24645,0,2,0.75,0.96581197,0.5641026,0.40880743,6.606859
24645,0,2,1,0.95726496,0.6495727,0.40880746,7.92914
24645,0,3,0,0.61538464,0.982906,0.41681004,5.814088
24645,0,3,0.25,0.5470086,0.96581197,0.41680998,5.7210493
24645,0,3,0.5,0.52136755,0.9230769,0.41680998,5.4082675
24645,0,3,0.75,0.46153846,0.9230769,0.41680995,4.9927917
24645,0,3,1,0.43589744,0.9230769,0.41681,4.444312
24646,0,1,0,0.50427353,0.8974359,1.4533527,20.362907
24646,0,1,0.25,0.50427353,0.85470086,1.4533528,20.662214
24646,0,1,0.5,0.46153846,0.83760685,1.4533527,22.728706
24646,0,1,0.75,0.41025642,0.82051283,1.4533527,23.148678
24646,0,1,1,0.42735043,0.7863248,1.4533527,24.488007
24646,0,2,0,0.5726496,0.974359,0.6484287,7.1750584
24646,0,2,0.25,0.5470086,0.96581197,0.64842856,7.5198545
24646,0,2,0.5,0.5726496,0.974359,0.64842856,7.465311
24646,0,2,0.75,0.5470086,0.95726496,0.64842856,7.507081
24646,0,2,1,0.5555556,0.96581197,0.6484287,7.5843425
24646,0,3,0,0.64102566,0.982906,0.49425507,5.814727
24646,0,3,0.25,0.60683763,0.974359,0.4942551,6.073241
24646,0,3,0.5,0.5641026,0.982906,0.4942551,6.12385
24646,0,3,0.75,0.5555556,0.974359,0.494255,6.076557
24646,0,3,1,0.60683763,0.974359,0.4942552,6.4411483
24647,0,1,0,0.7606838,0.5897436,0.80672526,11.964327
24647,0,1,0.25,0.7606838,0.6495727,0.80672526,9.682831
24647,0,1,0.5,0.8974359,0.62393165,0.80672526,7.8166876
24647,0,1,0.75,0.9059829,0.63247865,0.80672526,7.4006925
24647,0,1,1,0.93162394,0.61538464,0.80672526,6.7573147
24647,0,2,0,0.991453,0.5555556,0.28716975,1.996883
24647,0,2,0.25,0.96581197,0.53846157,0.28716972,1.608876
24647,0,2,0.5,1,0.51282054,0.2871698,1.4812362
24647,0,2,0.75,0.991453,0.5470086,0.2871698,1.3557781
24647,0,2,1,0.974359,0.52991456,0.2871698,1.1897585
24647,0,3,0,0.75213677,0.8888889,0.5320548,6.007031
24647,0,3,0.25,0.74358976,0.9230769,0.53205496,4.540207
24647,0,3,0.5,0.8034188,0.974359,0.5320548,3.781917
24647,0,3,0.75,0.82905984,0.94017094,0.5320548,3.2810264
24647,0,3,1,0.8632479,0.991453,0.5320548,2.9298291
24648,0,1,0,0.94871795,0.5641026,0.56656575,1.6456622
24648,0,1,0.25,0.974359,0.5811966,0.566566,1.6284256
24648,0,1,0.5,0.982906,0.5982906,0.5665656,1.6296982
24648,0,1,0.75,0.974359,0.5982906,0.56656533,1.6420896
24648,0,1,1,0.974359,0.5811966,0.5665655,1.6805239
24648,0,2,0,0.93162394,0.47008547,0.909504,5.310601
24648,0,2,0.25,0.9230769,0.47863248,0.9095039,5.0417423
24648,0,2,0.5,0.94017094,0.51282054,0.909504,5.253647
24648,0,2,0.75,0.94017094,0.52991456,0.90950406,5.30346
24648,0,2,1,0.94871795,0.52136755,0.909504,5.1913114
24648,0,3,0,0.82905984,0.7692308,0.2527836,3.0735812
24648,0,3,0.25,0.8632479,0.7606838,0.25278372,2.9845436
24648,0,3,0.5,0.8717949,0.7606838,0.2527836,3.0023808
24648,0,3,0.75,0.8803419,0.7948718,0.2527836,3.0415754
24648,0,3,1,0.9059829,0.8119658,0.2527836,2.9854746
24649,0,1,0,0.8119658,0.982906,0.27135056,3.03912
24649,0,1,0.25,0.8119658,1,0.27135044,3.0411978
24649,0,1,0.5,0.82051283,0.96581197,0.27135056,3.122718
24649,0,1,0.75,0.82905984,0.95726496,0.27135065,3.2598333
24649,0,1,1,0.82051283,0.93162394,0.27135062,3.5062323
24649,0,2,0,0.71794873,0.8119658,0.89038783,14.483821
24649,0,2,0.25,0.7008547,0.82051283,0.890388,14.734798
24649,0,2,0.5,0.64102566,0.82905984,0.89038783,15.209631
24649,0,2,0.75,0.5897436,0.7863248,0.89038783,15.8414135
24649,0,2,1,0.5726496,0.7606838,0.8903878,16.49008
24649,0,3,0,1,0.75213677,0.4284889,6.6326885
24649,0,3,0.25,0.974359,0.74358976,0.4284889,6.7413588
24649,0,3,0.5,0.974359,0.7094017,0.42848885,6.9150405
24649,0,3,0.75,0.991453,0.7008547,0.4284889,7.071681
24649,0,3,1,0.96581197,0.6495727,0.4284889,7.3432474
24650,0,1,0,0.7777778,0.982906,0.2960851,3.9779503
24650,0,1,0.25,0.74358976,0.95726496,0.2960851,4.48382
24650,0,1,0.5,0.6581197,0.95726496,0.2960851,5.181919
24650,0,1,0.75,0.63247865,0.95726496,0.2960851,5.329653
24650,0,1,1,0.5641026,0.974359,0.2960851,5.165082
24650,0,2,0,0.52991456,0.95726496,0.324081,4.5040073
24650,0,2,0.25,0.5555556,0.974359,0.324081,5.194213
24650,0,2,0.5,0.5897436,0.94871795,0.32408103,5.5790496
24650,0,2,0.75,0.74358976,0.974359,0.3240812,5.76178
24650,0,2,1,0.7948718,0.991453,0.32408112,5.435501
24650,0,3,0,0.94017094,0.6837607,0.7690305,9.965855
24650,0,3,0.25,0.96581197,0.6495727,0.7690303,9.412538
24650,0,3,0.5,0.9145299,0.62393165,0.76903075,8.355279
24650,0,3,0.75,0.96581197,0.62393165,0.76903075,8.595048
24650,0,3,1,0.96581197,0.64102566,0.76903075,8.987865
24651,0,1,0,0.9230769,0.5897436,0.26081517,1.8490016
24651,0,1,0.25,0.8974359,0.61538464,0.2608152,1.7696457
24651,0,1,0.5,0.94017094,0.60683763,0.26081467,1.71767
24651,0,1,0.75,0.982906,0.5811966,0.26081425,1.696616
24651,0,1,1,0.94871795,0.5641026,0.26081517,1.7866008
24651,0,2,0,0.8888889,0.35042736,0.5638243,7.268091
24651,0,2,0.25,0.8888889,0.3846154,0.5638243,6.9742923
24651,0,2,0.5,0.9059829,0.44444445,0.5638247,6.491254
24651,0,2,0.75,0.8803419,0.4017094,0.5638247,6.775739
24651,0,2,1,0.9059829,0.3931624,0.5638243,7.342667
24651,0,3,0,0.8717949,0.84615386,0.3068589,1.7328544
24651,0,3,0.25,0.85470086,0.83760685,0.30685893,1.7780218
24651,0,3,0.5,0.8632479,0.8632479,0.3068589,1.7500145
24651,0,3,0.75,0.8888889,0.9230769,0.3068589,1.7839684
24651,0,3,1,0.8803419,0.9145299,0.3068589,1.7875748
24652,0,1,0,0.72649574,0.45299146,2.699819,18.031525
24652,0,1,0.25,0.72649574,0.46153846,2.6998186,18.240646
24652,0,1,0.5,0.72649574,0.47863248,2.6998193,18.64151
24652,0,1,0.75,0.75213677,0.47008547,2.6998186,18.45929
24652,0,1,1,0.7606838,0.46153846,2.699819,18.255978
24652,0,2,0,0.7008547,0.4017094,2.2379718,33.423286
24652,0,2,0.25,0.7094017,0.36752138,2.2379718,34.058735
24652,0,2,0.5,0.7094017,0.35897437,2.2379715,34.959045
24652,0,2,0.75,0.71794873,0.35897437,2.2379718,35.37161
24652,0,2,1,0.71794873,0.35042736,2.2379718,35.935802
24652,0,3,0,0.96581197,0.44444445,0.29886952,5.9775763
24652,0,3,0.25,0.974359,0.44444445,0.2988696,6.016806
24652,0,3,0.5,0.974359,0.45299146,0.29886952,6.0528903
24652,0,3,0.75,0.974359,0.45299146,0.2988695,6.1613207
24652,0,3,1,0.974359,0.45299146,0.2988695,6.351472
24653,0,1,0,0.5726496,0.7948718,1.049243,10.388053
24653,0,1,0.25,0.7094017,0.82051283,1.049243,11.374893
24653,0,1,0.5,0.73504275,0.7948718,1.049243,9.835329
24653,0,1,0.75,0.6581197,0.82905984,1.0492432,8.043027
24653,0,1,1,0.5897436,0.7863248,1.049243,7.5068483
24653,0,2,0,0.7777778,0.8717949,0.40406886,3.5393317
24653,0,2,0.25,0.8803419,0.94871795,0.40406883,3.9542046
24653,0,2,0.5,0.8974359,0.9230769,0.40406886,3.66002
24653,0,2,0.75,0.7863248,0.84615386,0.40406886,3.6454096
24653,0,2,1,0.7692308,0.8119658,0.40406886,3.6713758
24653,0,3,0,0.5641026,0.7606838,2.5102916,20.823978
24653,0,3,0.25,0.50427353,0.7692308,2.5102918,16.379356
24653,0,3,0.5,0.52991456,0.8974359,2.510292,13.67416
24653,0,3,0.75,0.5641026,0.7863248,2.5102916,13.703477
24653,0,3,1,0.6581197,0.74358976,2.5102916,14.545233
24654,0,1,0,0.94871795,0.37606838,0.6998896,6.914275
24654,0,1,0.25,0.95726496,0.41025642,0.6998895,7.1770663
24654,0,1,0.5,0.96581197,0.3846154,0.6998896,7.11512
24654,0,1,0.75,0.991453,0.3846154,0.6998897,7.238347
24654,0,1,1,0.982906,0.3931624,0.6998896,7.2705045
24654,0,2,0,0.8632479,0.46153846,2.4418187,8.659148
24654,0,2,0.25,0.8974359,0.47863248,2.4418187,8.657175
24654,0,2,0.5,0.9059829,0.47863248,2.4418187,8.585366
24654,0,2,0.75,0.9145299,0.47008547,2.4418185,8.584419
24654,0,2,1,0.9145299,0.43589744,2.4418187,8.516592
24654,0,3,0,0.82051283,0.61538464,1.4739538,12.70116
24654,0,3,0.25,0.85470086,0.63247865,1.4739538,12.767593
24654,0,3,0.5,0.82051283,0.63247865,1.4739538,12.717604
24654,0,3,0.75,0.82051283,0.62393165,1.4739537,12.856655
24654,0,3,1,0.84615386,0.61538464,1.4739538,13.063168
24655,0,1,0,0.53846157,1,0.29735237,2.3975286
24655,0,1,0.25,0.53846157,1,0.29735258,2.3782308
24655,0,1,0.5,0.5470086,1,0.29735246,2.3855484
24655,0,1,0.75,0.5470086,0.991453,0.29735246,2.3977668
24655,0,1,1,0.5470086,0.991453,0.29735237,2.4150367
24655,0,2,0,0.9145299,0.82051283,1.0718509,15.934488
24655,0,2,0.25,0.9145299,0.84615386,1.0718508,15.991262
24655,0,2,0.5,0.8974359,0.84615386,1.0718509,16.035477
24655,0,2,0.75,0.8717949,0.83760685,1.071851,15.97707
24655,0,2,1,0.8632479,0.83760685,1.0718509,15.802785
24655,0,3,0,0.42735043,0.974359,0.6100191,6.576724
24655,0,3,0.25,0.42735043,0.991453,0.61001927,6.6247096
24655,0,3,0.5,0.41880342,0.991453,0.61001915,6.7402134
24655,0,3,0.75,0.41025642,0.982906,0.6100192,6.720174
24655,0,3,1,0.41025642,0.982906,0.6100191,6.7319117
24656,0,1,0,0.7863248,0.84615386,1.0871524,10.188582
24656,0,1,0.25,0.7948718,0.8034188,1.0871524,10.797531
24656,0,1,0.5,0.7948718,0.7692308,1.0871524,11.459856
24656,0,1,0.75,0.8119658,0.6495727,1.0871524,11.775031
24656,0,1,1,0.83760685,0.62393165,1.0871522,12.174801
24656,0,2,0,0.9059829,0.8717949,0.6056433,4.654237
24656,0,2,0.25,0.8632479,0.8888889,0.60564333,5.5928884
24656,0,2,0.5,0.82051283,0.9145299,0.6056433,6.4667797
24656,0,2,0.75,0.83760685,0.94017094,0.60564333,7.1301513
24656,0,2,1,0.7606838,0.94871795,0.6056432,7.2697287
24656,0,3,0,0.95726496,0.3931624,0.29411379,3.3673968
24656,0,3,0.25,0.982906,0.41880342,0.29411379,3.0682247
24656,0,3,0.5,0.95726496,0.47008547,0.29411379,2.6897926
24656,0,3,0.75,1,0.47008547,0.29411402,2.1713157
24656,0,3,1,0.991453,0.46153846,0.29411355,1.7756388
24657,0,1,0,0.974359,0.4871795,0.34450307,6.5712166
24657,0,1,0.25,0.991453,0.46153846,0.34450305,5.179582
24657,0,1,0.5,0.9230769,0.5726496,0.34450313,4.248336
24657,0,1,0.75,0.94871795,0.5470086,0.34450307,4.993515
24657,0,1,1,0.93162394,0.64102566,0.3445031,4.4481354
24657,0,2,0,0.8717949,0.5555556,1.0581131,16.091177
24657,0,2,0.25,0.982906,0.5555556,1.0581131,12.046236
24657,0,2,0.5,0.8717949,0.51282054,1.0581131,9.630461
24657,0,2,0.75,0.93162394,0.52136755,1.0581131,10.201756
24657,0,2,1,0.83760685,0.51282054,1.0581131,8.846384
24657,0,3,0,0.8717949,0.5982906,0.648355,14.31919
24657,0,3,0.25,0.991453,0.5555556,0.64835495,9.448525
24657,0,3,0.5,0.8974359,0.50427353,0.64835507,6.836533
24657,0,3,0.75,0.974359,0.4957265,0.64835507,7.1624317
24657,0,3,1,0.8717949,0.4957265,0.648355,6.226338
24658,0,1,0,0.63247865,0.6495727,0.75704867,17.29682
24658,0,1,0.25,0.6581197,0.6495727,0.7570486,17.115345
24658,0,1,0.5,0.62393165,0.6581197,0.7570488,16.691736
24658,0,1,0.75,0.63247865,0.6581197,0.75704885,16.69708
24658,0,1,1,0.6752137,0.63247865,0.7570488,17.618563
24658,0,2,0,0.7948718,0.5897436,0.34921578,9.8581705
24658,0,2,0.25,0.7777778,0.60683763,0.34921595,9.499254
24658,0,2,0.5,0.7606838,0.64102566,0.34921578,9.737934
24658,0,2,0.75,0.8034188,0.6495727,0.34921572,9.833702
24658,0,2,1,0.7863248,0.64102566,0.34921578,9.667537
24658,0,3,0,0.47008547,0.7863248,0.64294827,14.337845
24658,0,3,0.25,0.47008547,0.7777778,0.6429482,14.109253
24658,0,3,0.5,0.4871795,0.7094017,0.6429482,13.670664
24658,0,3,0.75,0.52136755,0.71794873,0.6429483,13.463863
24658,0,3,1,0.4957265,0.74358976,0.6429483,13.771492
24659,0,1,0,0.8974359,0.52136755,0.69670564,9.745306
24659,0,1,0.25,0.8717949,0.53846157,0.6967055,10.39353
24659,0,1,0.5,0.94017094,0.5641026,0.6967054,10.169514
24659,0,1,0.75,0.95726496,0.61538464,0.6967058,9.978879
24659,0,1,1,0.974359,0.6752137,0.69670564,9.402188
24659,0,2,0,0.94871795,0.46153846,0.50996894,9.190443
24659,0,2,0.25,0.95726496,0.4957265,0.50996894,8.830864
24659,0,2,0.5,0.991453,0.52136755,0.509969,7.809223
24659,0,2,0.75,0.982906,0.50427353,0.50996923,6.843512
24659,0,2,1,0.974359,0.53846157,0.509969,6.1783676
24659,0,3,0,0.84615386,0.60683763,0.7999772,14.541781
24659,0,3,0.25,0.8974359,0.60683763,0.7999772,13.519524
24659,0,3,0.5,0.9230769,0.5726496,0.7999771,12.287079
24659,0,3,0.75,0.9145299,0.5726496,0.79997706,11.3218355
24659,0,3,1,0.96581197,0.46153846,0.7999771,10.54907
24660,0,1,0,0.85470086,0.974359,0.41873717,4.7504244
24660,0,1,0.25,0.8034188,0.94871795,0.41873717,5.1309223
24660,0,1,0.5,0.82051283,0.9230769,0.41873717,6.135022
24660,0,1,0.75,0.7692308,0.8717949,0.41873714,6.178727
24660,0,1,1,0.7863248,0.83760685,0.41873717,6.8316865
24660,0,2,0,0.52991456,0.93162394,0.97977424,12.746691
24660,0,2,0.25,0.52991456,0.8119658,0.979774,14.677721
24660,0,2,0.5,0.47863248,0.73504275,0.97977406,16.876041
24660,0,2,0.75,0.51282054,0.6495727,0.9797742,19.13918
24660,0,2,1,0.52991456,0.5982906,0.9797741,22.081123
24660,0,3,0,0.52136755,0.974359,0.26306218,3.3078182
24660,0,3,0.25,0.51282054,0.96581197,0.26306218,3.8382883
24660,0,3,0.5,0.51282054,0.95726496,0.26306218,4.4222007
24660,0,3,0.75,0.52991456,0.96581197,0.26306203,4.619811
24660,0,3,1,0.52136755,0.95726496,0.26306203,5.953016
24661,0,1,0,0.8974359,0.6837607,0.28080088,5.152975
24661,0,1,0.25,0.8717949,0.6752137,0.28080106,5.162156
24661,0,1,0.5,0.8803419,0.72649574,0.28080112,5.5159445
24661,0,1,0.75,0.8632479,0.7008547,0.28080097,5.6206083
24661,0,1,1,0.8888889,0.72649574,0.280801,5.748269
24661,0,2,0,0.8717949,0.41880342,0.7454496,12.494278
24661,0,2,0.25,0.8803419,0.41025642,0.74544954,12.081405
24661,0,2,0.5,0.8803419,0.37606838,0.74544966,11.582352
24661,0,2,0.75,0.84615386,0.35042736,0.7454498,11.406323
24661,0,2,1,0.84615386,0.36752138,0.74544966,11.509264
24661,0,3,0,0.5555556,0.7606838,1.7654771,13.6945
24661,0,3,0.25,0.5726496,0.7863248,1.765477,14.091129
24661,0,3,0.5,0.52991456,0.7948718,1.765477,14.437162
24661,0,3,0.75,0.5641026,0.82051283,1.765477,14.605864
24661,0,3,1,0.5811966,0.83760685,1.765477,14.800696
24662,0,1,0,0.82905984,0.7692308,0.46111625,8.720417
24662,0,1,0.25,0.8803419,0.6752137,0.46111625,8.083265
24662,0,1,0.5,0.8974359,0.62393165,0.46111637,7.7870035
24662,0,1,0.75,0.96581197,0.5555556,0.46111622,7.3117476
24662,0,1,1,0.94871795,0.4957265,0.46111625,7.3403087
24662,0,2,0,0.72649574,0.974359,0.264623,3.8970308
24662,0,2,0.25,0.72649574,0.982906,0.264623,4.0854907
24662,0,2,0.5,0.8119658,0.94017094,0.264623,4.346904
24662,0,2,0.75,0.8888889,0.982906,0.26462302,4.099148
24662,0,2,1,0.8632479,0.94871795,0.26462302,3.802305
24662,0,3,0,0.71794873,0.8803419,0.29294756,3.3314657
24662,0,3,0.25,0.71794873,0.8888889,0.29294756,3.1899815
24662,0,3,0.5,0.75213677,0.9145299,0.29294777,3.5973415
24662,0,3,0.75,0.7606838,0.8803419,0.29294732,3.6656632
24662,0,3,1,0.8119658,0.8888889,0.29294756,3.8462422
24663,0,1,0,0.74358976,0.982906,0.313869,4.3742723
24663,0,1,0.25,0.73504275,0.982906,0.313869,4.399583
24663,0,1,0.5,0.73504275,0.974359,0.31386876,4.4116282
24663,0,1,0.75,0.74358976,0.974359,0.313869,4.3485274
24663,0,1,1,0.7692308,0.982906,0.313869,4.4276686
24663,0,2,0,0.42735043,0.85470086,1.2093307,20.1902
24663,0,2,0.25,0.41025642,0.8717949,1.2093307,20.215038
24663,0,2,0.5,0.3931624,0.8717949,1.2093307,20.329506
24663,0,2,0.75,0.3931624,0.8717949,1.2093307,20.287281
24663,0,2,1,0.3846154,0.8974359,1.2093307,20.158241
24663,0,3,0,0.5811966,0.8632479,1.4555293,23.772858
24663,0,3,0.25,0.5811966,0.8632479,1.4555296,23.931683
24663,0,3,0.5,0.5897436,0.83760685,1.4555293,23.793884
24663,0,3,0.75,0.5982906,0.82051283,1.4555291,23.677868
24663,0,3,1,0.60683763,0.8119658,1.4555293,23.402527
24664,0,1,0,0.35042736,0.8888889,1.0969052,10.5932865
24664,0,1,0.25,0.46153846,0.93162394,1.0969054,10.450258
24664,0,1,0.5,0.47008547,0.9145299,1.0969054,10.429208
24664,0,1,0.75,0.42735043,0.9145299,1.0969052,10.957384
24664,0,1,1,0.37606838,0.93162394,1.0969052,11.299034
24664,0,2,0,0.9059829,0.991453,0.32383654,4.0041075
24664,0,2,0.25,0.8803419,0.991453,0.32383654,4.8476744
24664,0,2,0.5,0.8119658,0.96581197,0.32383662,5.454897
24664,0,2,0.75,0.6837607,0.982906,0.32383633,5.205719
24664,0,2,1,0.62393165,0.974359,0.32383648,4.542061
24664,0,3,0,0.5897436,0.85470086,0.44190213,7.42887
24664,0,3,0.25,0.5641026,0.94871795,0.44190192,8.648781
24664,0,3,0.5,0.45299146,0.94871795,0.44190192,8.285299
24664,0,3,0.75,0.46153846,0.95726496,0.4419019,7.0470943
24664,0,3,1,0.51282054,0.96581197,0.441902,6.0872097
24665,0,1,0,0.8974359,0.4017094,0.91987985,10.469928
24665,0,1,0.25,0.9059829,0.4017094,0.9198798,10.410355
24665,0,1,0.5,0.9059829,0.3931624,0.9198798,10.358478
24665,0,1,0.75,0.94871795,0.4017094,0.9198798,10.336428
24665,0,1,1,0.94017094,0.4017094,0.9198798,10.320202
24665,0,2,0,0.974359,0.3931624,0.6052976,4.610556
24665,0,2,0.25,0.95726496,0.3931624,0.6052976,4.620868
24665,0,2,0.5,0.94871795,0.37606838,0.6052976,4.534359
24665,0,2,0.75,0.94871795,0.35042736,0.6052977,4.4791574
24665,0,2,1,0.95726496,0.36752138,0.6052976,4.4320765
24665,0,3,0,0.82051283,0.6666667,1.506562,15.653223
24665,0,3,0.25,0.7948718,0.6923077,1.506562,16.162651
24665,0,3,0.5,0.8119658,0.6837607,1.506562,16.504097
24665,0,3,0.75,0.84615386,0.6495727,1.506562,16.67337
24665,0,3,1,0.82905984,0.6581197,1.506562,16.57832
24666,0,1,0,0.8119658,0.8888889,0.8860983,10.659571
24666,0,1,0.25,0.85470086,0.8974359,0.8860983,10.750959
24666,0,1,0.5,0.8632479,0.8888889,0.8860983,10.865921
24666,0,1,0.75,0.84615386,0.8632479,0.8860983,10.959057
24666,0,1,1,0.82051283,0.85470086,0.88609844,11.015467
24666,0,2,0,0.85470086,0.991453,0.5550273,3.0355268
24666,0,2,0.25,0.82051283,0.991453,0.55502707,3.0161848
24666,0,2,0.5,0.7948718,0.96581197,0.5550273,3.0421221
24666,0,2,0.75,0.8034188,0.96581197,0.5550271,3.063108
24666,0,2,1,0.7863248,0.95726496,0.55502725,3.0356247
24666,0,3,0,0.5811966,1,0.32151002,1.3064313
24666,0,3,0.25,0.53846157,1,0.32151026,1.3431902
24666,0,3,0.5,0.52991456,1,0.32151002,1.3588156
24666,0,3,0.75,0.5897436,1,0.32151,1.4284568
24666,0,3,1,0.5641026,1,0.32151002,1.3837783
24667,0,1,0,0.982906,0.7606838,0.27749664,4.274986
24667,0,1,0.25,0.982906,0.7777778,0.27749655,4.3100724
24667,0,1,0.5,1,0.7692308,0.2774966,4.3483553
24667,0,1,0.75,1,0.7777778,0.27749652,4.411477
24667,0,1,1,1,0.7863248,0.2774966,4.512068
24667,0,2,0,0.5555556,0.94871795,0.9456033,12.736929
24667,0,2,0.25,0.5641026,0.982906,0.9456033,13.10297
24667,0,2,0.5,0.5555556,0.974359,0.9456033,12.992214
24667,0,2,0.75,0.50427353,0.982906,0.9456033,13.586897
24667,0,2,1,0.51282054,0.982906,0.9456033,13.390338
24667,0,3,0,0.51282054,0.96581197,0.75369155,10.6930275
24667,0,3,0.25,0.4957265,0.94017094,0.7536917,10.654476
24667,0,3,0.5,0.47863248,0.94017094,0.75369155,10.60589
24667,0,3,0.75,0.47008547,0.94871795,0.7536913,10.562402
24667,0,3,1,0.47863248,0.974359,0.75369155,10.4366
24668,0,1,0,0.8717949,0.7692308,0.5715253,7.4849844
24668,0,1,0.25,0.8717949,0.7692308,0.5715253,7.633416
24668,0,1,0.5,0.8888889,0.7777778,0.5715253,7.665745
24668,0,1,0.75,0.95726496,0.75213677,0.5715255,8.006583
24668,0,1,1,0.9230769,0.73504275,0.5715253,8.005069
24668,0,2,0,0.5641026,0.95726496,0.360485,1.9840504
24668,0,2,0.25,0.5641026,0.96581197,0.36048412,1.9109514
24668,0,2,0.5,0.5726496,0.982906,0.36048406,1.9008812
24668,0,2,0.75,0.5811966,0.95726496,0.36048505,1.923603
24668,0,2,1,0.5897436,0.974359,0.360485,1.9602792
24668,0,3,0,0.93162394,0.75213677,0.35114148,4.2727594
24668,0,3,0.25,0.9059829,0.75213677,0.3511413,4.356743
24668,0,3,0.5,0.94017094,0.72649574,0.35114086,4.363619
24668,0,3,0.75,0.94871795,0.73504275,0.35114148,4.546797
24668,0,3,1,0.9145299,0.74358976,0.35114148,4.540189
24669,0,1,0,0.9059829,0.7863248,0.38461018,5.36237
24669,0,1,0.25,0.8632479,0.82051283,0.38460994,5.8876877
24669,0,1,0.5,0.85470086,0.8888889,0.38461015,6.251089
24669,0,1,0.75,0.7863248,0.8888889,0.38461006,6.4092813
24669,0,1,1,0.6752137,0.9145299,0.38461006,6.2247977
24669,0,2,0,0.85470086,0.7692308,0.73907167,8.963877
24669,0,2,0.25,0.94017094,0.7692308,0.73907137,9.398693
24669,0,2,0.5,0.94871795,0.7606838,0.73907167,9.427994
24669,0,2,0.75,0.8974359,0.7692308,0.73907167,9.68041
24669,0,2,1,0.7863248,0.75213677,0.73907167,9.107672
24669,0,3,0,0.7863248,0.7863248,0.7987617,11.760731
24669,0,3,0.25,0.85470086,0.7777778,0.79876155,11.867231
24669,0,3,0.5,0.9059829,0.7606838,0.7987615,11.798574
24669,0,3,0.75,0.94017094,0.84615386,0.7987618,11.723352
24669,0,3,1,0.82051283,0.7777778,0.79876155,11.03167
24670,0,1,0,0.5470086,0.60683763,1.8253793,36.58496
24670,0,1,0.25,0.47863248,0.5555556,1.8253793,32.896233
24670,0,1,0.5,0.53846157,0.5641026,1.8253793,27.751293
24670,0,1,0.75,0.62393165,0.63247865,1.8253794,25.400887
24670,0,1,1,0.6495727,0.6581197,1.8253793,23.327744
24670,0,2,0,0.71794873,0.6581197,1.7952485,34.74767
24670,0,2,0.25,0.62393165,0.6923077,1.7952484,37.083748
24670,0,2,0.5,0.51282054,0.62393165,1.7952485,39.928787
24670,0,2,0.75,0.41880342,0.63247865,1.7952485,39.67279
24670,0,2,1,0.35897437,0.6495727,1.7952487,39.21946
24670,0,3,0,0.3846154,0.991453,0.73387176,11.429712
24670,0,3,0.25,0.3846154,0.96581197,0.73387194,13.0780735
24670,0,3,0.5,0.3846154,0.8974359,0.7338716,13.415566
24670,0,3,0.75,0.51282054,0.93162394,0.7338719,12.765516
24670,0,3,1,0.50427353,0.9230769,0.7338716,13.414959
24671,0,1,0,0.5470086,0.991453,0.48581293,9.415197
24671,0,1,0.25,0.62393165,0.974359,0.4858132,9.319778
24671,0,1,0.5,0.72649574,0.94871795,0.48581293,9.3459015
24671,0,1,0.75,0.7606838,0.8888889,0.48581293,9.06547
24671,0,1,1,0.82051283,0.8717949,0.48581293,8.243196
24671,0,2,0,0.60683763,0.82051283,1.0148017,20.680767
24671,0,2,0.25,0.7008547,0.7692308,1.014802,20.615091
24671,0,2,0.5,0.82905984,0.7008547,1.0148017,19.483326
24671,0,2,0.75,0.94017094,0.64102566,1.0148017,18.280579
24671,0,2,1,0.982906,0.45299146,1.0148017,16.960552
24671,0,3,0,0.84615386,0.63247865,1.0154546,12.943741
24671,0,3,0.25,0.8717949,0.5982906,1.0154546,11.806899
24671,0,3,0.5,0.96581197,0.5726496,1.0154545,11.150033
24671,0,3,0.75,0.974359,0.5982906,1.0154545,10.72852
24671,0,3,1,0.982906,0.64102566,1.0154546,10.655748
24672,0,1,0,0.982906,0.73504275,0.2691639,2.8439198
24672,0,1,0.25,0.94017094,0.6923077,0.2691639,3.6257849
24672,0,1,0.5,0.974359,0.75213677,0.26916438,4.248312
24672,0,1,0.75,0.93162394,0.71794873,0.26916438,4.474822
24672,0,1,1,0.94017094,0.74358976,0.2691639,4.006282
24672,0,2,0,0.7094017,0.74358976,1.3522304,17.398623
24672,0,2,0.25,0.62393165,0.6666667,1.3522303,19.576021
24672,0,2,0.5,0.5641026,0.72649574,1.3522303,22.897331
24672,0,2,0.75,0.47863248,0.61538464,1.3522305,22.731014
24672,0,2,1,0.50427353,0.64102566,1.3522305,24.901573
24672,0,3,0,1,0.61538464,0.3109072,2.4512644
24672,0,3,0.25,0.95726496,0.5470086,0.31090677,2.485175
24672,0,3,0.5,0.95726496,0.5726496,0.3109072,2.5453067
24672,0,3,0.75,0.974359,0.52136755,0.31090713,2.6320753
24672,0,3,1,0.95726496,0.5641026,0.3109069,2.4195244
24673,0,1,0,0.991453,0.47863248,0.2502738,3.1360548
24673,0,1,0.25,0.991453,0.44444445,0.25027385,3.0330603
24673,0,1,0.5,0.974359,0.43589744,0.25027373,3.120686
24673,0,1,0.75,0.96581197,0.4017094,0.25027385,3.1694016
24673,0,1,1,0.991453,0.41025642,0.25027385,3.1725903
24673,0,2,0,0.84615386,0.53846157,1.0769166,13.012498
24673,0,2,0.25,0.82051283,0.5641026,1.0769165,12.947319
24673,0,2,0.5,0.82051283,0.5555556,1.0769166,12.861485
24673,0,2,0.75,0.82051283,0.5726496,1.0769166,13.081152
24673,0,2,1,0.82905984,0.5982906,1.0769166,13.193726
24673,0,3,0,0.6495727,0.8034188,0.34764764,7.204996
24673,0,3,0.25,0.6666667,0.8034188,0.34764764,6.980258
24673,0,3,0.5,0.6923077,0.7692308,0.34764764,6.9673615
24673,0,3,0.75,0.64102566,0.74358976,0.34764764,7.060894
24673,0,3,1,0.63247865,0.72649574,0.34764764,6.9594574
24674,0,1,0,0.82905984,0.95726496,0.253386,3.3161259
24674,0,1,0.25,0.82905984,0.96581197,0.25338638,3.3398566
24674,0,1,0.5,0.83760685,0.95726496,0.253386,3.39464
24674,0,1,0.75,0.83760685,0.95726496,0.2533862,3.4322824
24674,0,1,1,0.84615386,0.94871795,0.253386,3.4400105
24674,0,2,0,0.7094017,0.73504275,0.8261393,12.0744705
24674,0,2,0.25,0.7094017,0.71794873,0.8261393,12.121496
24674,0,2,0.5,0.7008547,0.7008547,0.8261395,12.297934
24674,0,2,0.75,0.6837607,0.7008547,0.8261391,12.462532
24674,0,2,1,0.64102566,0.6837607,0.8261393,12.517342
24674,0,3,0,0.8888889,0.47008547,1.7792926,25.465542
24674,0,3,0.25,0.8717949,0.47863248,1.7792927,26.10024
24674,0,3,0.5,0.84615386,0.47863248,1.7792926,26.49536
24674,0,3,0.75,0.8632479,0.4871795,1.779293,26.752495
24674,0,3,1,0.84615386,0.52136755,1.7792928,27.204632
24675,0,1,0,0.974359,0.5726496,0.31417373,4.3556337
24675,0,1,0.25,0.991453,0.51282054,0.3141737,4.0567465
24675,0,1,0.5,0.991453,0.46153846,0.31417373,4.1752005
24675,0,1,0.75,1,0.46153846,0.31417376,4.234014
24675,0,1,1,0.982906,0.46153846,0.31417373,4.2705097
24675,0,2,0,0.991453,0.45299146,0.38034695,4.5308576
24675,0,2,0.25,1,0.41880342,0.38034695,4.0297637
24675,0,2,0.5,1,0.35897437,0.38034695,3.899479
24675,0,2,0.75,1,0.35042736,0.3803469,3.834873
24675,0,2,1,1,0.41025642,0.38034695,3.8892639
24675,0,3,0,0.75213677,0.95726496,0.46388564,5.1887465
24675,0,3,0.25,0.72649574,0.991453,0.46388566,5.960741
24675,0,3,0.5,0.82905984,0.974359,0.4638856,7.2905197
24675,0,3,0.75,0.974359,0.94871795,0.46388558,7.93356
24675,0,3,1,1,0.82905984,0.46388558,8.105307
24676,0,1,0,0.9230769,0.37606838,1.2646282,15.267403
24676,0,1,0.25,0.82905984,0.47008547,1.2646283,19.52871
24676,0,1,0.5,0.74358976,0.46153846,1.2646282,23.052574
24676,0,1,0.75,0.6495727,0.5897436,1.2646282,27.257622
24676,0,1,1,0.5982906,0.74358976,1.2646282,28.661581
24676,0,2,0,0.47863248,0.95726496,0.35913518,3.622343
24676,0,2,0.25,0.46153846,0.96581197,0.35913512,4.7406535
24676,0,2,0.5,0.4017094,0.93162394,0.3591352,4.951583
24676,0,2,0.75,0.3846154,0.9230769,0.35913518,5.585552
24676,0,2,1,0.36752138,0.94017094,0.3591352,5.4832935
24676,0,3,0,0.75213677,0.82905984,0.36543864,6.1295843
24676,0,3,0.25,0.82905984,0.8119658,0.36543855,6.668455
24676,0,3,0.5,0.8717949,0.7094017,0.36543864,6.8336625
24676,0,3,0.75,0.9145299,0.73504275,0.36543867,6.436222
24676,0,3,1,0.94871795,0.6837607,0.36543864,5.74847
24677,0,1,0,0.8974359,0.50427353,0.43459034,5.5923176
24677,0,1,0.25,0.8632479,0.4957265,0.4345899,5.4612265
24677,0,1,0.5,0.8717949,0.46153846,0.43459034,5.397581
24677,0,1,0.75,0.8717949,0.46153846,0.4345904,5.3814125
24677,0,1,1,0.85470086,0.45299146,0.43459034,5.3800707
24677,0,2,0,0.5470086,0.9230769,0.69078344,10.453207
24677,0,2,0.25,0.53846157,0.9230769,0.6907832,10.22325
24677,0,2,0.5,0.52136755,0.9145299,0.69078344,10.112179
24677,0,2,0.75,0.52991456,0.9145299,0.69078344,10.256567
24677,0,2,1,0.5470086,0.9145299,0.69078344,10.195219
24677,0,3,0,0.5811966,0.8803419,0.50570405,5.7622037
24677,0,3,0.25,0.5897436,0.9059829,0.5057041,5.8250446
24677,0,3,0.5,0.5641026,0.8632479,0.50570416,5.8415594
24677,0,3,0.75,0.5811966,0.85470086,0.50570387,5.918191
24677,0,3,1,0.62393165,0.82905984,0.50570405,5.805932
24678,0,1,0,0.71794873,0.50427353,0.45370877,5.961914
24678,0,1,0.25,0.991453,0.5811966,0.45370886,6.9987946
24678,0,1,0.5,0.93162394,0.61538464,0.45370877,7.180854
24678,0,1,0.75,0.9230769,0.7008547,0.45370868,8.450867
24678,0,1,1,0.83760685,0.7863248,0.45370856,8.748335
24678,0,2,0,0.46153846,0.982906,0.33010265,4.0132456
24678,0,2,0.25,0.41025642,0.95726496,0.33010265,4.275566
24678,0,2,0.5,0.43589744,0.93162394,0.33010253,4.93925
24678,0,2,0.75,0.51282054,0.8974359,0.3301026,6.379778
24678,0,2,1,0.53846157,0.7777778,0.33010256,6.6701827
24678,0,3,0,0.41025642,0.94017094,0.27190074,3.1555073
24678,0,3,0.25,0.4871795,0.95726496,0.27190074,4.748202
24678,0,3,0.5,0.45299146,0.974359,0.27190077,4.5736365
24678,0,3,0.75,0.4017094,0.974359,0.27190074,5.123451
24678,0,3,1,0.36752138,0.991453,0.27190068,5.025725
24679,0,1,0,0.82905984,0.991453,0.3607857,4.32798
24679,0,1,0.25,0.7777778,0.991453,0.36078575,4.435993
24679,0,1,0.5,0.74358976,0.94871795,0.36078575,4.381712
24679,0,1,0.75,0.6752137,0.991453,0.36078575,4.32104
24679,0,1,1,0.6666667,1,0.36078575,4.340987
24679,0,2,0,0.8034188,0.6837607,2.297115,27.847153
24679,0,2,0.25,0.7606838,0.8119658,2.297115,26.768398
24679,0,2,0.5,0.5811966,0.9230769,2.297115,25.990307
24679,0,2,0.75,0.44444445,0.9145299,2.297115,23.416664
24679,0,2,1,0.37606838,0.94871795,2.297115,20.643467
24679,0,3,0,0.45299146,0.991453,1.1099342,7.9488807
24679,0,3,0.25,0.43589744,0.991453,1.1099342,7.5298815
24679,0,3,0.5,0.41880342,0.982906,1.1099341,7.2529655
24679,0,3,0.75,0.41880342,0.982906,1.1099344,7.4332495
24679,0,3,1,0.35042736,1,1.1099342,7.8815513
24680,0,1,0,0.5726496,1,0.39403296,3.9413304
24680,0,1,0.25,0.5641026,1,0.39403287,4.0681868
24680,0,1,0.5,0.5726496,0.982906,0.394033,4.2883873
24680,0,1,0.75,0.5811966,0.982906,0.39403212,4.4734497
24680,0,1,1,0.5982906,0.982906,0.39403296,4.687781
24680,0,2,0,0.96581197,0.42735043,0.5277577,5.340751
24680,0,2,0.25,0.94871795,0.42735043,0.5277577,5.4156857
24680,0,2,0.5,0.94871795,0.43589744,0.5277568,5.4641304
24680,0,2,0.75,0.94017094,0.44444445,0.5277568,5.5644226
24680,0,2,1,0.94871795,0.43589744,0.5277577,5.654332
24680,0,3,0,0.4871795,0.95726496,0.5242745,6.2054377
24680,0,3,0.25,0.4957265,0.93162394,0.5242743,6.229831
24680,0,3,0.5,0.47008547,0.94017094,0.5242745,6.445489
24680,0,3,0.75,0.46153846,0.93162394,0.524275,6.4431963
24680,0,3,1,0.44444445,0.9145299,0.5242745,6.266818
24681,0,1,0,0.94871795,0.41025642,0.61559445,10.166296
24681,0,1,0.25,0.95726496,0.41880342,0.61559457,10.2936
24681,0,1,0.5,0.974359,0.46153846,0.61559445,10.122776
24681,0,1,0.75,0.94017094,0.4957265,0.6155945,9.996464
24681,0,1,1,0.93162394,0.5726496,0.61559445,10.051065
24681,0,2,0,0.6581197,0.8888889,0.5575378,6.031831
24681,0,2,0.25,0.64102566,0.83760685,0.55753773,6.538655
24681,0,2,0.5,0.7008547,0.83760685,0.5575378,7.37905
24681,0,2,0.75,0.6923077,0.8119658,0.55753773,8.598227
24681,0,2,1,0.7777778,0.7777778,0.55753773,9.662565
24681,0,3,0,0.6495727,0.82905984,0.68836284,8.905514
24681,0,3,0.25,0.6495727,0.8119658,0.6883629,9.092453
24681,0,3,0.5,0.6666667,0.82905984,0.68836284,9.435699
24681,0,3,0.75,0.62393165,0.85470086,0.6883629,9.568489
24681,0,3,1,0.64102566,0.83760685,0.68836284,10.026254
24682,0,1,0,0.85470086,0.8632479,0.5143619,4.0525923
24682,0,1,0.25,0.8119658,0.8888889,0.5143621,3.964017
24682,0,1,0.5,0.82051283,0.9059829,0.5143618,3.9126072
24682,0,1,0.75,0.7948718,0.9145299,0.514362,3.817421
24682,0,1,1,0.83760685,0.9145299,0.5143619,3.7442389
24682,0,2,0,0.46153846,0.96581197,0.2846561,3.630692
24682,0,2,0.25,0.47008547,0.96581197,0.28465617,3.6996264
24682,0,2,0.5,0.47863248,0.94017094,0.28465617,3.7230883
24682,0,2,0.75,0.47863248,0.94871795,0.2846562,3.8345902
24682,0,2,1,0.52136755,0.974359,0.28465617,3.7811723
24682,0,3,0,0.5811966,0.8034188,1.3124892,15.760049
24682,0,3,0.25,0.5555556,0.8034188,1.3124892,15.939217
24682,0,3,0.5,0.5811966,0.7863248,1.3124892,16.067444
24682,0,3,0.75,0.5726496,0.7777778,1.312489,16.212975
24682,0,3,1,0.5811966,0.7606838,1.3124889,16.282734
24683,0,1,0,0.4871795,0.7863248,0.9939344,13.850671
24683,0,1,0.25,0.4957265,0.8119658,0.9939346,13.877282
24683,0,1,0.5,0.4871795,0.8119658,0.99393463,13.906181
24683,0,1,0.75,0.4871795,0.7777778,0.9939342,14.025295
24683,0,1,1,0.46153846,0.7777778,0.9939344,14.200437
24683,0,2,0,0.5897436,0.73504275,0.9149942,13.162526
24683,0,2,0.25,0.5982906,0.72649574,0.9149942,13.110733
24683,0,2,0.5,0.5811966,0.72649574,0.9149942,13.108204
24683,0,2,0.75,0.5726496,0.7094017,0.9149942,13.197063
24683,0,2,1,0.5470086,0.72649574,0.9149942,13.712387
24683,0,3,0,0.62393165,0.83760685,0.80068755,10.720807
24683,0,3,0.25,0.60683763,0.82051283,0.80068755,10.741333
24683,0,3,0.5,0.60683763,0.82051283,0.80068755,10.634687
24683,0,3,0.75,0.5982906,0.8034188,0.8006873,10.612231
24683,0,3,1,0.5555556,0.7948718,0.80068755,10.708765
24684,0,1,0,0.95726496,0.6581197,0.3037912,4.432024
24684,0,1,0.25,0.96581197,0.5982906,0.3037912,5.0817385
24684,0,1,0.5,0.974359,0.53846157,0.30379128,5.934023
24684,0,1,0.75,0.94871795,0.51282054,0.30379117,6.738083
24684,0,1,1,0.974359,0.4957265,0.30379117,7.422299
24684,0,2,0,0.47863248,0.94871795,0.6004586,6.695954
24684,0,2,0.25,0.5555556,0.96581197,0.6004586,6.847068
24684,0,2,0.5,0.63247865,0.94017094,0.6004587,7.093547
24684,0,2,0.75,0.6581197,0.94871795,0.6004587,7.8436203
24684,0,2,1,0.72649574,0.9059829,0.6004586,8.9420595
24684,0,3,0,0.93162394,0.63247865,0.4031099,5.6490464
24684,0,3,0.25,0.8632479,0.6581197,0.40310997,6.6240954
24684,0,3,0.5,0.7863248,0.63247865,0.40310982,7.862506
24684,0,3,0.75,0.75213677,0.5982906,0.40310982,9.474215
24684,0,3,1,0.6752137,0.61538464,0.40311,11.462748
24685,0,1,0,0.41025642,0.95726496,0.27166042,4.500483
24685,0,1,0.25,0.4017094,0.9230769,0.27166057,4.637553
24685,0,1,0.5,0.37606838,0.9059829,0.27166042,4.8541374
24685,0,1,0.75,0.36752138,0.94871795,0.27166036,5.1328197
24685,0,1,1,0.3846154,0.9230769,0.27166042,5.2938614
24685,0,2,0,0.71794873,0.5555556,0.58507705,10.897223
24685,0,2,0.25,0.7094017,0.5470086,0.58507705,10.987123
24685,0,2,0.5,0.7008547,0.5470086,0.58507705,11.015585
24685,0,2,0.75,0.6752137,0.5470086,0.58507705,11.150242
24685,0,2,1,0.6923077,0.53846157,0.58507705,11.488607
24685,0,3,0,0.974359,0.75213677,0.3809021,4.317561
24685,0,3,0.25,0.982906,0.73504275,0.38090205,4.3163505
24685,0,3,0.5,0.95726496,0.75213677,0.38090214,4.3125086
24685,0,3,0.75,0.974359,0.75213677,0.38090214,4.2922463
24685,0,3,1,0.974359,0.7606838,0.3809021,4.3522253
24686,0,1,0,0.61538464,0.94017094,0.49744987,7.415906
24686,0,1,0.25,0.62393165,0.94017094,0.49744987,7.3581343
24686,0,1,0.5,0.61538464,0.93162394,0.49744987,7.180331
24686,0,1,0.75,0.60683763,0.93162394,0.49744993,7.0531645
24686,0,1,1,0.5982906,0.93162394,0.49744987,6.782566
24686,0,2,0,0.43589744,0.991453,0.30988222,6.0118847
24686,0,2,0.25,0.41880342,0.982906,0.30988222,6.0156403
24686,0,2,0.5,0.42735043,0.95726496,0.30988222,5.8944874
24686,0,2,0.75,0.41025642,0.96581197,0.30988213,5.7872267
24686,0,2,1,0.4017094,0.982906,0.3098822,5.6323185
24686,0,3,0,0.8888889,0.73504275,0.6342295,11.726522
24686,0,3,0.25,0.8803419,0.71794873,0.6342295,11.662305
24686,0,3,0.5,0.8974359,0.7008547,0.6342295,11.687116
24686,0,3,0.75,0.9059829,0.6666667,0.63422966,11.577578
24686,0,3,1,0.8888889,0.6923077,0.6342295,11.435701
24687,0,1,0,0.93162394,0.71794873,0.38322708,2.5041032
24687,0,1,0.25,0.96581197,0.6837607,0.38322708,2.7031817
24687,0,1,0.5,0.991453,0.7008547,0.3832271,3.1174278
24687,0,1,0.75,0.991453,0.7008547,0.3832269,3.4906394
24687,0,1,1,0.982906,0.72649574,0.38322702,4.360572
24687,0,2,0,0.93162394,0.50427353,0.64475656,4.2783337
24687,0,2,0.25,0.974359,0.50427353,0.64475656,4.4015446
24687,0,2,0.5,1,0.52136755,0.64475656,5.2256713
24687,0,2,0.75,0.974359,0.52991456,0.64475644,5.8444023
24687,0,2,1,0.9230769,0.46153846,0.64475656,7.1603127
24687,0,3,0,0.6666667,0.94871795,0.5467922,6.7011337
24687,0,3,0.25,0.6666667,0.94871795,0.5467922,7.4659185
24687,0,3,0.5,0.6495727,0.95726496,0.5467922,8.524984
24687,0,3,0.75,0.62393165,0.94871795,0.54679215,9.851036
24687,0,3,1,0.63247865,0.8632479,0.54679227,14.87071
24688,0,1,0,0.9230769,0.5811966,2.159187,14.2432785
24688,0,1,0.25,0.85470086,0.53846157,2.159187,16.652164
24688,0,1,0.5,0.6495727,0.47008547,2.159187,21.20989
24688,0,1,0.75,0.5811966,0.45299146,2.159187,32.16862
24688,0,1,1,0.47863248,0.41880342,2.159187,47.163235
24688,0,2,0,0.991453,0.9145299,0.2685744,0.70084274
24688,0,2,0.25,0.991453,0.9145299,0.2685744,0.7584832
24688,0,2,0.5,0.96581197,0.8717949,0.2685744,0.8251437
24688,0,2,0.75,0.974359,0.83760685,0.2685744,1.0600979
24688,0,2,1,0.9230769,0.94017094,0.26857445,2.0147994
24688,0,3,0,0.982906,0.6495727,0.36255887,2.4954886
24688,0,3,0.25,1,0.5641026,0.36255887,2.7517114
24688,0,3,0.5,0.93162394,0.5641026,0.36255887,3.2063196
24688,0,3,0.75,0.9059829,0.5811966,0.36255887,4.2999005
24688,0,3,1,0.9145299,0.5470086,0.36255893,6.857857
24689,0,1,0,0.9230769,0.72649574,0.5520948,5.028323
24689,0,1,0.25,0.96581197,0.71794873,0.5520949,5.3800726
24689,0,1,0.5,0.991453,0.7863248,0.5520948,5.8838954
24689,0,1,0.75,0.96581197,0.8119658,0.5520949,6.286599
24689,0,1,1,0.96581197,0.83760685,0.5520948,6.7708807
24689,0,2,0,1,0.5641026,0.34067124,2.176969
24689,0,2,0.25,0.991453,0.5726496,0.3406713,2.2542965
24689,0,2,0.5,1,0.5726496,0.34067127,2.3588362
24689,0,2,0.75,1,0.5641026,0.34067124,2.6556196
24689,0,2,1,0.982906,0.53846157,0.3406713,2.982756
24689,0,3,0,0.974359,0.45299146,0.39619607,3.8694572
24689,0,3,0.25,1,0.45299146,0.3961962,3.739798
24689,0,3,0.5,0.991453,0.4871795,0.3961962,3.595602
24689,0,3,0.75,0.96581197,0.4957265,0.39619598,3.4531333
24689,0,3,1,0.974359,0.4957265,0.39619607,3.3851402
24690,0,1,0,0.85470086,0.63247865,0.7017321,9.41527
24690,0,1,0.25,0.8717949,0.64102566,0.7017321,9.687805
24690,0,1,0.5,0.8717949,0.6495727,0.7017321,9.891682
24690,0,1,0.75,0.8803419,0.6495727,0.7017318,10.072342
24690,0,1,1,0.8803419,0.64102566,0.70173204,10.180114
24690,0,2,0,0.95726496,0.6581197,0.26093596,4.4910336
24690,0,2,0.25,0.95726496,0.6666667,0.260936,4.549263
24690,0,2,0.5,0.974359,0.6666667,0.26093575,4.562697
24690,0,2,0.75,0.974359,0.6666667,0.26093644,4.6137123
24690,0,2,1,0.974359,0.6581197,0.260936,4.6737013
24690,0,3,0,0.5982906,0.8717949,1.3719156,12.144209
24690,0,3,0.25,0.5897436,0.85470086,1.3719156,12.36872
24690,0,3,0.5,0.60683763,0.83760685,1.3719157,12.400034
24690,0,3,0.75,0.5982906,0.82051283,1.3719158,12.189957
24690,0,3,1,0.5811966,0.8034188,1.3719157,11.907316
24691,0,1,0,0.9230769,0.52136755,0.7282632,4.924058
24691,0,1,0.25,0.9059829,0.53846157,0.72826284,5.383492
24691,0,1,0.5,0.9230769,0.5811966,0.72826284,5.717187
24691,0,1,0.75,0.93162394,0.5897436,0.7282636,5.6711164
24691,0,1,1,0.9145299,0.5555556,0.7282632,5.9967237
24691,0,2,0,0.991453,0.7008547,0.27497393,0.74159753
24691,0,2,0.25,0.991453,0.6752137,0.27497393,0.78206563
24691,0,2,0.5,0.96581197,0.6495727,0.27497387,0.8411827
24691,0,2,0.75,1,0.64102566,0.27497393,0.8700902
24691,0,2,1,0.991453,0.62393165,0.27497393,0.90899295
24691,0,3,0,0.95726496,0.8632479,0.29358748,1.9289587
24691,0,3,0.25,0.94871795,0.84615386,0.29358733,1.9598229
24691,0,3,0.5,0.94017094,0.85470086,0.29358748,2.0145001
24691,0,3,0.75,0.95726496,0.8717949,0.29358664,1.9633847
24691,0,3,1,0.982906,0.83760685,0.29358706,2.0685172
24692,0,1,0,0.7863248,0.8803419,0.9102278,15.051954
24692,0,1,0.25,0.7606838,0.83760685,0.9102283,15.381727
24692,0,1,0.5,0.7948718,0.7863248,0.91022736,16.043894
24692,0,1,0.75,0.7606838,0.7863248,0.9102277,17.137218
24692,0,1,1,0.7606838,0.7692308,0.9102278,18.066185
24692,0,2,0,1,0.7606838,0.30434376,4.8446193
24692,0,2,0.25,0.95726496,0.73504275,0.3043437,4.9473104
24692,0,2,0.5,0.96581197,0.74358976,0.30434376,5.112443
24692,0,2,0.75,0.96581197,0.74358976,0.30434376,5.2970495
24692,0,2,1,0.96581197,0.72649574,0.30434376,5.532853
24692,0,3,0,0.8974359,0.42735043,1.7665684,9.410101
24692,0,3,0.25,0.9059829,0.42735043,1.7665682,9.05971
24692,0,3,0.5,0.9145299,0.44444445,1.7665682,9.136384
24692,0,3,0.75,0.9145299,0.44444445,1.7665684,9.387627
24692,0,3,1,0.8974359,0.45299146,1.7665684,9.691788
24693,0,1,0,0.85470086,0.83760685,0.5921522,3.1701946
24693,0,1,0.25,0.85470086,0.8034188,0.5921519,3.6726027
24693,0,1,0.5,0.8119658,0.82051283,0.5921521,3.5548806
24693,0,1,0.75,0.8803419,0.83760685,0.5921521,3.9452016
24693,0,1,1,0.83760685,0.82051283,0.5921521,4.3120465
24693,0,2,0,0.93162394,0.3846154,0.66109145,6.260197
24693,0,2,0.25,0.974359,0.44444445,0.6610915,6.32038
24693,0,2,0.5,0.974359,0.3931624,0.66109145,6.338855
24693,0,2,0.75,0.974359,0.35042736,0.66109145,6.494789
24693,0,2,1,0.8803419,0.35042736,0.66109145,6.156633
24693,0,3,0,0.45299146,0.991453,0.51010567,2.2309935
24693,0,3,0.25,0.45299146,1,0.51010567,2.5261889
24693,0,3,0.5,0.44444445,0.991453,0.51010567,2.5782382
24693,0,3,0.75,0.4017094,1,0.51010567,2.734459
24693,0,3,1,0.3846154,0.974359,0.51010567,2.5738668
24694,0,1,0,0.94017094,0.7008547,0.28996488,3.4502268
24694,0,1,0.25,0.991453,0.6581197,0.28996444,3.5690045
24694,0,1,0.5,0.991453,0.6495727,0.2899648,3.598412
24694,0,1,0.75,0.96581197,0.63247865,0.28996488,3.7020261
24694,0,1,1,0.982906,0.6837607,0.28996465,3.6466336
24694,0,2,0,0.8974359,0.7606838,0.8162547,9.1485195
24694,0,2,0.25,0.8803419,0.72649574,0.8162548,9.382422
24694,0,2,0.5,0.8803419,0.73504275,0.81625473,9.47336
24694,0,2,0.75,0.8803419,0.7948718,0.8162546,9.172203
24694,0,2,1,0.9059829,0.7777778,0.8162545,9.1384945
24694,0,3,0,0.94871795,0.45299146,0.39406374,5.7833176
24694,0,3,0.25,0.982906,0.45299146,0.39406347,5.886307
24694,0,3,0.5,1,0.45299146,0.3940638,5.919112
24694,0,3,0.75,0.96581197,0.46153846,0.39406362,6.009739
24694,0,3,1,0.96581197,0.42735043,0.39406362,5.288995
24695,0,1,0,0.74358976,0.47863248,0.8971185,14.801245
24695,0,1,0.25,0.7606838,0.41880342,0.8971185,10.209777
24695,0,1,0.5,0.9230769,0.43589744,0.89711833,10.66329
24695,0,1,0.75,0.8803419,0.45299146,0.8971185,11.215603
24695,0,1,1,0.83760685,0.43589744,0.8971185,11.449596
24695,0,2,0,0.95726496,0.51282054,0.32150003,4.855008
24695,0,2,0.25,0.8717949,0.46153846,0.32150003,4.726532
24695,0,2,0.5,0.982906,0.46153846,0.32149982,3.820442
24695,0,2,0.75,0.95726496,0.41025642,0.32150003,3.9862747
24695,0,2,1,0.9145299,0.44444445,0.32150003,4.4204617
24695,0,3,0,0.71794873,0.6666667,1.0519915,10.687241
24695,0,3,0.25,0.64102566,0.5726496,1.0519916,9.570115
24695,0,3,0.5,0.71794873,0.8034188,1.0519915,10.918469
24695,0,3,0.75,0.72649574,0.82905984,1.0519915,10.836964
24695,0,3,1,0.6666667,0.7692308,1.0519916,10.827629
24696,0,1,0,0.51282054,0.75213677,1.4750896,12.260108
24696,0,1,0.25,0.50427353,0.7094017,1.4750898,12.030165
24696,0,1,0.5,0.4871795,0.72649574,1.4750896,12.139171
24696,0,1,0.75,0.47863248,0.74358976,1.4750896,11.751367
24696,0,1,1,0.4871795,0.7606838,1.4750896,11.749075
24696,0,2,0,0.982906,0.61538464,0.3917922,2.165163
24696,0,2,0.25,0.982906,0.5641026,0.3917922,2.1857858
24696,0,2,0.5,0.982906,0.5641026,0.3917922,2.2247276
24696,0,2,0.75,0.974359,0.5555556,0.39179224,2.301892
24696,0,2,1,0.95726496,0.5641026,0.39179245,2.317195
24696,0,3,0,0.974359,0.8034188,0.7077061,3.4497352
24696,0,3,0.25,0.96581197,0.7777778,0.7077062,3.4514177
24696,0,3,0.5,0.94871795,0.7948718,0.70770615,3.5190854
24696,0,3,0.75,0.94017094,0.7948718,0.7077063,3.4894423
24696,0,3,1,0.94017094,0.7692308,0.7077061,3.5784702
24697,0,1,0,0.44444445,0.9230769,1.2201226,11.82984
24697,0,1,0.25,0.44444445,0.93162394,1.2201226,11.885168
24697,0,1,0.5,0.44444445,0.94017094,1.2201225,11.987931
24697,0,1,0.75,0.44444445,0.94871795,1.2201226,12.039143
24697,0,1,1,0.45299146,0.94017094,1.2201226,12.225349
24697,0,2,0,0.94871795,0.6837607,0.37321317,4.3623104
24697,0,2,0.25,0.974359,0.6752137,0.37321305,4.2571497
24697,0,2,0.5,0.991453,0.6581197,0.37321317,4.275261
24697,0,2,0.75,0.982906,0.6581197,0.3732132,4.264054
24697,0,2,1,0.991453,0.6666667,0.37321317,4.1746836
24697,0,3,0,0.52136755,0.93162394,1.1389291,12.859655
24697,0,3,0.25,0.52136755,0.9230769,1.1389291,12.788765
24697,0,3,0.5,0.52991456,0.94017094,1.1389291,12.985151
24697,0,3,0.75,0.52136755,0.94871795,1.1389292,12.919519
24697,0,3,1,0.51282054,0.95726496,1.1389291,12.962801
24698,0,1,0,0.5811966,0.9059829,0.3229067,3.646646
24698,0,1,0.25,0.5641026,0.9145299,0.32290667,3.4783313
24698,0,1,0.5,0.5641026,0.96581197,0.3229067,3.5787673
24698,0,1,0.75,0.52136755,0.94017094,0.3229067,3.497819
24698,0,1,1,0.47008547,0.8888889,0.3229067,3.5123458
24698,0,2,0,1,0.3846154,0.29542148,2.19856
24698,0,2,0.25,0.974359,0.3931624,0.29542172,2.220694
24698,0,2,0.5,0.991453,0.3931624,0.2954215,2.215942
24698,0,2,0.75,0.974359,0.3931624,0.2954215,2.2633166
24698,0,2,1,0.95726496,0.3846154,0.29542148,2.242131
24698,0,3,0,0.991453,0.47008547,0.33840373,1.7488325
24698,0,3,0.25,0.96581197,0.47008547,0.33840373,1.7650888
24698,0,3,0.5,0.991453,0.46153846,0.33840373,1.8071234
24698,0,3,0.75,0.974359,0.47008547,0.33840355,1.8266859
24698,0,3,1,0.93162394,0.47863248,0.33840373,1.797482
24699,0,1,0,0.96581197,0.7008547,1.3689005,22.672913
24699,0,1,0.25,0.94871795,0.62393165,1.3689001,21.64278
24699,0,1,0.5,0.94871795,0.61538464,1.3689005,20.841421
24699,0,1,0.75,0.95726496,0.61538464,1.3689005,20.185421
24699,0,1,1,0.94017094,0.5555556,1.3689005,19.583683
24699,0,2,0,0.52136755,0.82905984,1.5711803,38.456284
24699,0,2,0.25,0.5555556,0.8888889,1.5711805,31.852905
24699,0,2,0.5,0.52136755,0.9059829,1.5711802,28.214933
24699,0,2,0.75,0.51282054,0.93162394,1.5711807,26.474361
24699,0,2,1,0.50427353,0.94017094,1.5711802,25.331684
24699,0,3,0,0.85470086,0.85470086,1.0970072,21.57166
24699,0,3,0.25,0.82051283,0.82051283,1.0970067,19.870447
24699,0,3,0.5,0.84615386,0.82051283,1.0970072,19.081902
24699,0,3,0.75,0.84615386,0.7692308,1.0970067,18.939987
24699,0,3,1,0.8888889,0.73504275,1.0970072,18.291523
24700,0,1,0,0.96581197,0.5726496,0.47629705,7.0961866
24700,0,1,0.25,0.982906,0.51282054,0.476297,6.8071547
24700,0,1,0.5,0.94871795,0.46153846,0.47629702,6.287989
24700,0,1,0.75,0.94871795,0.43589744,0.47629714,5.921097
24700,0,1,1,0.96581197,0.43589744,0.476297,5.72806
24700,0,2,0,0.95726496,0.35897437,0.62764466,6.728215
24700,0,2,0.25,0.96581197,0.46153846,0.62764466,7.7635703
24700,0,2,0.5,0.95726496,0.4871795,0.627645,8.039824
24700,0,2,0.75,0.94871795,0.52136755,0.62764466,8.649753
24700,0,2,1,0.9230769,0.5470086,0.62764466,9.1295395
24700,0,3,0,0.84615386,0.5555556,1.5874217,12.547855
24700,0,3,0.25,0.8974359,0.5726496,1.5874218,12.055384
24700,0,3,0.5,0.8632479,0.5897436,1.5874218,11.18405
24700,0,3,0.75,0.9059829,0.5641026,1.5874217,10.987525
24700,0,3,1,0.94017094,0.5726496,1.5874217,11.002069
24701,0,1,0,0.93162394,0.35042736,0.6503108,7.6550636
24701,0,1,0.25,0.9230769,0.35042736,0.6503108,7.711357
24701,0,1,0.5,0.8632479,0.35042736,0.65031064,7.7396345
24701,0,1,0.75,0.9145299,0.35042736,0.6503108,7.8971086
24701,0,1,1,0.9145299,0.35042736,0.65031064,7.9740996
24701,0,2,0,1,0.52136755,0.7944044,2.7218375
24701,0,2,0.25,1,0.52991456,0.79440457,2.7456436
24701,0,2,0.5,0.8974359,0.52991456,0.7944044,2.82486
24701,0,2,0.75,0.991453,0.53846157,0.7944046,2.8863077
24701,0,2,1,0.94871795,0.52136755,0.7944046,2.9173055
24701,0,3,0,0.9230769,0.85470086,0.48265016,2.012238
24701,0,3,0.25,0.9230769,0.8717949,0.48265022,1.9419005
24701,0,3,0.5,0.8803419,0.8119658,0.48265016,1.8249776
24701,0,3,0.75,0.8803419,0.83760685,0.48265004,1.8141451
24701,0,3,1,0.85470086,0.7863248,0.48265004,1.8029032
24702,0,1,0,0.4871795,0.73504275,1.363755,8.960587
24702,0,1,0.25,0.4957265,0.8119658,1.363755,9.396401
24702,0,1,0.5,0.52991456,0.7094017,1.3637546,9.215246
24702,0,1,0.75,0.61538464,0.7948718,1.3637547,10.864487
24702,0,1,1,0.71794873,0.8888889,1.363755,11.340519
24702,0,2,0,0.95726496,0.74358976,0.38414484,2.931662
24702,0,2,0.25,0.96581197,0.7948718,0.3841449,2.6319108
24702,0,2,0.5,0.95726496,0.7948718,0.3841454,2.9263072
24702,0,2,0.75,0.95726496,0.7948718,0.3841454,3.180626
24702,0,2,1,0.94871795,0.82051283,0.38414484,2.9529428
24702,0,3,0,0.5470086,0.75213677,0.90104717,3.5511022
24702,0,3,0.25,0.51282054,0.7777778,0.90104717,4.114842
24702,0,3,0.5,0.51282054,0.7692308,0.90104675,4.777868
24702,0,3,0.75,0.5641026,0.82051283,0.90104717,5.053772
24702,0,3,1,0.6581197,0.9145299,0.90104717,6.0463815
24703,0,1,0,0.8632479,0.8632479,0.28577328,3.9228501
24703,0,1,0.25,0.83760685,0.84615386,0.28577343,3.6525095
24703,0,1,0.5,0.8803419,0.82051283,0.28577343,3.7985148
24703,0,1,0.75,0.9059829,0.8717949,0.28577343,3.7873878
24703,0,1,1,0.9145299,0.8803419,0.28577337,3.775217
24703,0,2,0,0.5982906,0.82905984,0.65887094,7.7647676
24703,0,2,0.25,0.5897436,0.7948718,0.6588707,7.6375346
24703,0,2,0.5,0.5726496,0.7948718,0.6588708,7.8373814
24703,0,2,0.75,0.5726496,0.7863248,0.6588708,8.025385
24703,0,2,1,0.5726496,0.7777778,0.65887094,7.9690895
24703,0,3,0,0.6495727,0.8119658,0.5270611,4.9554987
24703,0,3,0.25,0.71794873,0.84615386,0.5270611,5.176489
24703,0,3,0.5,0.75213677,0.85470086,0.5270611,5.406193
24703,0,3,0.75,0.75213677,0.8717949,0.5270611,5.396141
24703,0,3,1,0.75213677,0.9230769,0.527061,5.2912645
24704,0,1,0,0.42735043,0.95726496,0.78958434,8.091637
24704,0,1,0.25,0.41880342,0.94017094,0.78958416,7.999446
24704,0,1,0.5,0.41025642,0.93162394,0.78958434,8.005728
24704,0,1,0.75,0.4017094,0.94017094,0.7895841,7.8117027
24704,0,1,1,0.37606838,0.94017094,0.78958434,8.057126
24704,0,2,0,0.5897436,0.8803419,1.1509346,15.989468
24704,0,2,0.25,0.5982906,0.8717949,1.1509346,16.473827
24704,0,2,0.5,0.53846157,0.94017094,1.1509343,16.137173
24704,0,2,0.75,0.4957265,0.9230769,1.1509346,15.249222
24704,0,2,1,0.41025642,0.93162394,1.1509346,14.434688
24704,0,3,0,0.7948718,0.982906,0.4575326,6.29648
24704,0,3,0.25,0.8119658,0.982906,0.4575326,6.250298
24704,0,3,0.5,0.7692308,0.991453,0.45753255,6.0406346
24704,0,3,0.75,0.6923077,0.974359,0.45753244,5.873726
24704,0,3,1,0.6495727,0.982906,0.4575326,6.4808617
24705,0,1,0,0.982906,0.5470086,0.36918193,6.4205637
24705,0,1,0.25,0.982906,0.53846157,0.3691819,5.8987255
24705,0,1,0.5,1,0.62393165,0.3691819,5.283559
24705,0,1,0.75,0.982906,0.6666667,0.3691819,4.545397
24705,0,1,1,0.9145299,0.60683763,0.3691819,4.6503773
24705,0,2,0,0.47863248,1,0.41793403,7.2621994
24705,0,2,0.25,0.42735043,0.96581197,0.41793406,5.7298856
24705,0,2,0.5,0.43589744,0.974359,0.41793412,5.221349
24705,0,2,0.75,0.45299146,0.991453,0.41793412,4.5889373
24705,0,2,1,0.43589744,0.96581197,0.41793412,3.9676733
24705,0,3,0,0.83760685,0.7606838,0.9040651,11.045984
24705,0,3,0.25,0.8803419,0.7863248,0.904065,10.686913
24705,0,3,0.5,0.8717949,0.9059829,0.904065,10.146955
24705,0,3,0.75,0.74358976,0.8888889,0.904065,8.593191
24705,0,3,1,0.75213677,0.8119658,0.904065,8.586157
24706,0,1,0,0.9145299,0.6581197,0.6356129,4.735607
24706,0,1,0.25,0.982906,0.61538464,0.6356127,5.0620146
24706,0,1,0.5,0.9145299,0.60683763,0.6356129,5.492545
24706,0,1,0.75,0.95726496,0.60683763,0.63561285,5.288442
24706,0,1,1,0.95726496,0.6837607,0.6356128,5.482957
24706,0,2,0,0.8888889,0.36752138,1.2017065,10.657
24706,0,2,0.25,0.9230769,0.3846154,1.2017064,11.8951435
24706,0,2,0.5,0.85470086,0.35897437,1.2017065,12.15572
24706,0,2,0.75,0.94871795,0.3846154,1.2017064,11.803579
24706,0,2,1,0.94871795,0.42735043,1.2017065,12.7551
24706,0,3,0,0.7606838,0.8632479,1.5163364,13.27821
24706,0,3,0.25,0.73504275,0.83760685,1.5163364,14.611986
24706,0,3,0.5,0.73504275,0.7948718,1.5163364,15.565774
24706,0,3,0.75,0.7777778,0.82905984,1.5163363,17.018187
24706,0,3,1,0.72649574,0.7948718,1.5163364,19.889748
24707,0,1,0,0.96581197,0.7008547,0.4314284,3.5331988
24707,0,1,0.25,0.982906,0.7008547,0.43142822,3.5242133
24707,0,1,0.5,0.982906,0.7008547,0.4314284,3.449861
24707,0,1,0.75,0.96581197,0.7008547,0.43142822,3.4767036
24707,0,1,1,0.94017094,0.7094017,0.4314284,3.4586167
24707,0,2,0,0.9230769,0.61538464,0.55283743,6.137351
24707,0,2,0.25,0.9145299,0.61538464,0.55283743,6.094644
24707,0,2,0.5,0.8888889,0.61538464,0.5528373,6.008276
24707,0,2,0.75,0.8974359,0.61538464,0.5528373,6.083393
24707,0,2,1,0.8974359,0.61538464,0.5528373,6.077339
24707,0,3,0,0.974359,0.60683763,1.019189,3.7319465
24707,0,3,0.25,0.982906,0.60683763,1.0191892,3.7776632
24707,0,3,0.5,0.991453,0.6495727,1.0191892,3.7441087
24707,0,3,0.75,0.96581197,0.62393165,1.0191892,3.9651117
24707,0,3,1,0.93162394,0.63247865,1.0191892,4.0883684
24708,0,1,0,0.9145299,0.8803419,0.31237352,3.9069142
24708,0,1,0.25,0.9059829,0.9145299,0.31237358,3.9284215
24708,0,1,0.5,0.8888889,0.8888889,0.31237352,3.9513545
24708,0,1,0.75,0.9230769,0.8632479,0.31237346,3.9929886
24708,0,1,1,0.9059829,0.8632479,0.31237352,4.009757
24708,0,2,0,0.991453,0.9145299,0.31174096,3.397179
24708,0,2,0.25,0.982906,0.93162394,0.31174096,3.3547306
24708,0,2,0.5,0.95726496,0.93162394,0.31174096,3.312068
24708,0,2,0.75,0.96581197,0.9059829,0.31174096,3.2774436
24708,0,2,1,0.96581197,0.93162394,0.31174096,3.216855
24708,0,3,0,0.96581197,0.8888889,0.4622819,4.0516067
24708,0,3,0.25,0.974359,0.8632479,0.46228153,3.9899926
24708,0,3,0.5,0.94871795,0.8803419,0.4622819,3.8853002
24708,0,3,0.75,0.95726496,0.8632479,0.4622819,3.8084764
24708,0,3,1,0.94871795,0.8803419,0.4622819,3.6941671
24709,0,1,0,0.982906,0.4871795,0.38029006,2.458809
24709,0,1,0.25,1,0.47863248,0.38028982,2.4699185
24709,0,1,0.5,1,0.47008547,0.38029006,2.4977102
24709,0,1,0.75,1,0.47008547,0.38029,2.5351353
24709,0,1,1,1,0.47008547,0.38029006,2.553456
24709,0,2,0,0.8888889,0.5470086,1.6018152,15.750751
24709,0,2,0.25,0.8888889,0.5470086,1.601815,15.735569
24709,0,2,0.5,0.85470086,0.53846157,1.6018152,15.779636
24709,0,2,0.75,0.84615386,0.5555556,1.6018155,16.055977
24709,0,2,1,0.82905984,0.5726496,1.6018152,16.109097
24709,0,3,0,0.93162394,0.42735043,1.1160825,10.427303
24709,0,3,0.25,0.94017094,0.43589744,1.1160825,10.748737
24709,0,3,0.5,0.95726496,0.44444445,1.1160825,10.831829
24709,0,3,0.75,0.96581197,0.44444445,1.1160825,10.934727
24709,0,3,1,0.94871795,0.44444445,1.1160825,11.014872
24710,0,1,0,0.6666667,0.8974359,0.295375,6.8385386
24710,0,1,0.25,0.64102566,0.9145299,0.29537496,4.4408255
24710,0,1,0.5,0.63247865,0.94871795,0.295375,2.999984
24710,0,1,0.75,0.6837607,1,0.2953751,1.9412478
24710,0,1,1,0.72649574,0.96581197,0.295375,1.2706599
24710,0,2,0,0.7863248,0.5555556,2.674608,20.380703
24710,0,2,0.25,0.85470086,0.61538464,2.674608,13.276386
24710,0,2,0.5,0.82051283,0.74358976,2.6746078,8.784998
24710,0,2,0.75,0.8119658,0.83760685,2.6746078,7.1292124
24710,0,2,1,0.7692308,0.94871795,2.6746078,7.0745955
24710,0,3,0,0.42735043,0.982906,0.2553465,6.101179
24710,0,3,0.25,0.41880342,0.982906,0.25534654,4.1033773
24710,0,3,0.5,0.37606838,0.991453,0.2553465,2.654927
24710,0,3,0.75,0.37606838,0.991453,0.25534648,1.531034
24710,0,3,1,0.35042736,0.982906,0.2553465,0.87158465
24711,0,1,0,0.95726496,0.3931624,0.53182447,11.047001
24711,0,1,0.25,0.991453,0.3931624,0.5318245,11.074104
24711,0,1,0.5,0.991453,0.41025642,0.5318246,10.932297
24711,0,1,0.75,0.982906,0.41025642,0.5318244,10.685654
24711,0,1,1,0.991453,0.4017094,0.53182447,10.679742
24711,0,2,0,0.9230769,0.7094017,0.782164,14.253476
24711,0,2,0.25,0.95726496,0.7094017,0.782164,13.952696
24711,0,2,0.5,0.96581197,0.72649574,0.78216404,13.517671
24711,0,2,0.75,0.95726496,0.75213677,0.78216404,13.340944
24711,0,2,1,0.96581197,0.7777778,0.78216404,13.104706
24711,0,3,0,0.5641026,0.8034188,0.6929462,19.074528
24711,0,3,0.25,0.5897436,0.7948718,0.6929462,18.417458
24711,0,3,0.5,0.5726496,0.7948718,0.6929462,17.863802
24711,0,3,0.75,0.5982906,0.7777778,0.69294626,17.31097
24711,0,3,1,0.61538464,0.7948718,0.6929462,16.92435
24712,0,1,0,0.96581197,0.9059829,0.25150895,2.0652494
24712,0,1,0.25,0.96581197,0.9145299,0.25150895,2.5117564
24712,0,1,0.5,0.94017094,0.82051283,0.25150895,3.2692428
24712,0,1,0.75,0.85470086,0.8034188,0.25150904,4.7022915
24712,0,1,1,0.8803419,0.7692308,0.25150904,5.8750944
24712,0,2,0,0.5555556,0.982906,0.32465863,2.6948133
24712,0,2,0.25,0.5470086,0.95726496,0.32465863,2.6514516
24712,0,2,0.5,0.5470086,0.9230769,0.3246588,2.7883387
24712,0,2,0.75,0.44444445,0.9059829,0.32465863,3.8573055
24712,0,2,1,0.42735043,0.94017094,0.32465863,5.0985622
24712,0,3,0,0.974359,0.6666667,0.4670149,3.8209686
24712,0,3,0.25,0.96581197,0.6666667,0.4670149,4.2680645
24712,0,3,0.5,0.9059829,0.6666667,0.467015,5.085106
24712,0,3,0.75,0.84615386,0.6752137,0.4670149,6.274507
24712,0,3,1,0.8034188,0.7863248,0.4670149,6.969714
24713,0,1,0,0.991453,0.53846157,0.29387772,2.4544222
24713,0,1,0.25,1,0.52991456,0.2938776,3.064086
24713,0,1,0.5,0.991453,0.5641026,0.29387772,3.4759107
24713,0,1,0.75,0.96581197,0.53846157,0.29387772,3.5714011
24713,0,1,1,0.94871795,0.63247865,0.29387772,3.2889247
24713,0,2,0,0.42735043,0.94017094,0.8009882,6.644456
24713,0,2,0.25,0.47008547,0.9145299,0.8009883,8.490223
24713,0,2,0.5,0.46153846,0.8803419,0.8009882,10.454313
24713,0,2,0.75,0.4871795,0.85470086,0.80098814,10.738134
24713,0,2,1,0.5726496,0.85470086,0.8009882,9.731577
24713,0,3,0,0.5555556,0.94017094,0.46362644,4.8387547
24713,0,3,0.25,0.5982906,0.95726496,0.46362644,4.5977716
24713,0,3,0.5,0.64102566,0.93162394,0.4636264,3.902501
24713,0,3,0.75,0.63247865,0.94017094,0.46362638,3.1677756
24713,0,3,1,0.64102566,0.991453,0.46362638,2.2292247
24714,0,1,0,0.7008547,0.95726496,0.29854882,4.8291235
24714,0,1,0.25,0.6837607,0.96581197,0.29854846,5.096458
24714,0,1,0.5,0.6837607,0.94871795,0.29854882,5.169493
24714,0,1,0.75,0.6495727,0.93162394,0.29854882,5.352908
24714,0,1,1,0.61538464,0.96581197,0.29854882,5.455394
24714,0,2,0,0.9059829,0.7692308,0.27675012,4.7705784
24714,0,2,0.25,0.8888889,0.7863248,0.27674997,5.049527
24714,0,2,0.5,0.8717949,0.7948718,0.27675018,5.2748623
24714,0,2,0.75,0.84615386,0.8034188,0.2767504,5.431862
24714,0,2,1,0.84615386,0.8119658,0.27675012,5.585804
24714,0,3,0,0.45299146,0.991453,0.3272391,6.5594716
24714,0,3,0.25,0.51282054,0.982906,0.32723886,7.0448036
24714,0,3,0.5,0.50427353,0.95726496,0.3272391,7.2579775
24714,0,3,0.75,0.42735043,0.96581197,0.3272388,7.7516212
24714,0,3,1,0.41025642,0.9230769,0.3272391,7.4685326
24715,0,1,0,0.63247865,0.8717949,0.6760947,5.3949676
24715,0,1,0.25,0.6495727,0.8632479,0.6760948,5.407411
24715,0,1,0.5,0.6495727,0.85470086,0.6760949,5.405698
24715,0,1,0.75,0.62393165,0.85470086,0.6760946,5.2852297
24715,0,1,1,0.5811966,0.85470086,0.6760947,5.130127
24715,0,2,0,0.6923077,0.7948718,0.93578696,10.816503
24715,0,2,0.25,0.7008547,0.75213677,0.93578696,10.979377
24715,0,2,0.5,0.6923077,0.75213677,0.93578696,11.60618
24715,0,2,0.75,0.7094017,0.71794873,0.9357867,11.611061
24715,0,2,1,0.7008547,0.6581197,0.9357867,12.080156
24715,0,3,0,0.83760685,0.75213677,1.0725672,11.385646
24715,0,3,0.25,0.82905984,0.7094017,1.0725673,11.494207
24715,0,3,0.5,0.82905984,0.7094017,1.0725672,11.724318
24715,0,3,0.75,0.82905984,0.6666667,1.072567,11.773304
24715,0,3,1,0.8119658,0.6581197,1.072567,12.14436
24716,0,1,0,0.94871795,0.3846154,1.2403319,14.275753
24716,0,1,0.25,0.94871795,0.37606838,1.2403319,15.274127
24716,0,1,0.5,0.95726496,0.3931624,1.2403319,16.2992
24716,0,1,0.75,0.9230769,0.41880342,1.2403319,17.110447
24716,0,1,1,0.9059829,0.4871795,1.240332,17.895943
24716,0,2,0,0.73504275,0.93162394,0.4308929,5.390145
24716,0,2,0.25,0.7094017,0.93162394,0.43089294,5.287343
24716,0,2,0.5,0.7008547,0.96581197,0.43089285,5.040512
24716,0,2,0.75,0.7008547,0.974359,0.4308929,4.7499275
24716,0,2,1,0.6837607,1,0.43089285,4.606496
24716,0,3,0,0.974359,0.5726496,0.79151917,7.589926
24716,0,3,0.25,0.94871795,0.60683763,0.79151917,8.429895
24716,0,3,0.5,0.94017094,0.61538464,0.7915192,9.22105
24716,0,3,0.75,0.9230769,0.61538464,0.7915192,9.836612
24716,0,3,1,0.8717949,0.5897436,0.7915192,9.971521
24717,0,1,0,0.5726496,0.96581197,0.85213774,8.08846
24717,0,1,0.25,0.5726496,0.95726496,0.85213786,7.987567
24717,0,1,0.5,0.5641026,0.95726496,0.8521376,7.8946886
24717,0,1,0.75,0.5555556,0.95726496,0.85213774,7.815665
24717,0,1,1,0.5470086,0.96581197,0.8521376,7.7248983
24717,0,2,0,0.93162394,0.44444445,0.80937064,9.286153
24717,0,2,0.25,0.94017094,0.44444445,0.8093709,9.076795
24717,0,2,0.5,0.96581197,0.45299146,0.80937076,8.999106
24717,0,2,0.75,0.974359,0.43589744,0.80937064,8.7162895
24717,0,2,1,0.974359,0.45299146,0.80937064,8.740236
24717,0,3,0,0.991453,0.8034188,0.73406076,3.7556558
24717,0,3,0.25,1,0.7948718,0.7340608,3.7303004
24717,0,3,0.5,1,0.7777778,0.73406076,3.7185464
24717,0,3,0.75,1,0.7863248,0.7340605,3.7250957
24717,0,3,1,1,0.7863248,0.7340605,3.740253
24718,0,1,0,0.37606838,0.982906,0.39173853,3.4901037
24718,0,1,0.25,0.3931624,0.94871795,0.39173874,3.5538678
24718,0,1,0.5,0.3931624,0.982906,0.39173874,3.6273327
24718,0,1,0.75,0.37606838,0.974359,0.39173853,3.6938543
24718,0,1,1,0.36752138,0.991453,0.39173853,3.6044564
24718,0,2,0,0.5555556,0.95726496,1.5305027,13.890189
24718,0,2,0.25,0.5470086,0.96581197,1.5305027,14.072782
24718,0,2,0.5,0.52136755,0.9230769,1.5305027,14.002589
24718,0,2,0.75,0.51282054,0.94017094,1.5305026,14.167328
24718,0,2,1,0.47008547,0.94017094,1.5305026,14.195427
24718,0,3,0,0.6581197,0.45299146,2.307814,33.63633
24718,0,3,0.25,0.62393165,0.47863248,2.3078141,33.852985
24718,0,3,0.5,0.60683763,0.47863248,2.3078141,34.024254
24718,0,3,0.75,0.61538464,0.47008547,2.307814,33.96963
24718,0,3,1,0.5897436,0.47863248,2.307814,34.145714
24719,0,1,0,0.45299146,0.94017094,1.8064165,14.644772
24719,0,1,0.25,0.45299146,0.95726496,1.8064163,14.87619
24719,0,1,0.5,0.4871795,0.974359,1.8064165,14.898977
24719,0,1,0.75,0.4957265,0.94871795,1.8064165,14.850874
24719,0,1,1,0.4871795,0.94017094,1.8064165,14.683258
24719,0,2,0,0.4871795,0.982906,0.5559452,6.9906197
24719,0,2,0.25,0.50427353,0.982906,0.5559452,6.999009
24719,0,2,0.5,0.50427353,0.991453,0.55594516,6.920845
24719,0,2,0.75,0.51282054,0.991453,0.55594516,6.8076158
24719,0,2,1,0.50427353,0.974359,0.5559452,6.7610645
24719,0,3,0,0.8974359,0.6495727,1.5797065,21.156265
24719,0,3,0.25,0.9145299,0.64102566,1.5797065,21.054333
24719,0,3,0.5,0.94017094,0.61538464,1.5797065,20.976254
24719,0,3,0.75,0.9145299,0.5555556,1.5797065,20.685677
24719,0,3,1,0.9230769,0.5555556,1.5797068,20.478348
24720,0,1,0,0.63247865,0.93162394,0.7945595,9.322905
24720,0,1,0.25,0.62393165,0.9145299,0.79455894,8.835234
24720,0,1,0.5,0.62393165,0.8974359,0.7945595,9.270258
24720,0,1,0.75,0.5982906,0.8803419,0.7945595,9.48542
24720,0,1,1,0.61538464,0.8803419,0.7945595,9.76181
24720,0,2,0,0.43589744,0.982906,0.3214046,2.9520473
24720,0,2,0.25,0.45299146,0.991453,0.3214046,3.1045885
24720,0,2,0.5,0.47863248,0.974359,0.32140502,3.1861243
24720,0,2,0.75,0.47008547,0.991453,0.32140446,3.3988242
24720,0,2,1,0.45299146,0.95726496,0.3214046,3.574431
24720,0,3,0,0.8119658,0.8034188,0.54405636,7.3707323
24720,0,3,0.25,0.82051283,0.8034188,0.544056,7.025337
24720,0,3,0.5,0.83760685,0.8119658,0.5440564,7.1771445
24720,0,3,0.75,0.8119658,0.82905984,0.5440563,7.3968954
24720,0,3,1,0.83760685,0.82051283,0.54405636,7.4424715
24721,0,1,0,1,0.47008547,0.27978033,2.5113552
24721,0,1,0.25,0.974359,0.46153846,0.2797803,2.614358
24721,0,1,0.5,0.96581197,0.47863248,0.27978033,2.729659
24721,0,1,0.75,0.94871795,0.4871795,0.27978033,2.7233129
24721,0,1,1,0.94871795,0.47863248,0.27978033,2.7626677
24721,0,2,0,0.60683763,0.8974359,0.7186857,11.002379
24721,0,2,0.25,0.5982906,0.8803419,0.7186856,11.255607
24721,0,2,0.5,0.60683763,0.8888889,0.7186856,10.333547
24721,0,2,0.75,0.62393165,0.8803419,0.71868557,10.105231
24721,0,2,1,0.61538464,0.8717949,0.7186856,10.214567
24721,0,3,0,0.3931624,0.9230769,0.27091992,2.663772
24721,0,3,0.25,0.3846154,0.9145299,0.2709199,2.6417458
24721,0,3,0.5,0.3931624,0.8974359,0.2709199,2.8142412
24721,0,3,0.75,0.3931624,0.94017094,0.27091992,2.8570766
24721,0,3,1,0.3931624,0.94871795,0.27091992,2.8219233
24722,0,1,0,0.7008547,0.8974359,1.2550846,12.58444
24722,0,1,0.25,0.73504275,0.9230769,1.2550846,11.831275
24722,0,1,0.5,0.7606838,0.8803419,1.2550846,11.05961
24722,0,1,0.75,0.74358976,0.83760685,1.2550846,10.151369
24722,0,1,1,0.7094017,0.7692308,1.2550845,8.956682
24722,0,2,0,0.9059829,0.8632479,0.2851215,1.5843542
24722,0,2,0.25,0.8888889,0.8803419,0.28512168,1.4686408
24722,0,2,0.5,0.8974359,0.8717949,0.28512138,1.3646798
24722,0,2,0.75,0.8974359,0.8974359,0.28512138,1.2910827
24722,0,2,1,0.8974359,0.9059829,0.2851215,1.2443745
24722,0,3,0,0.94871795,0.7948718,0.37185392,3.439939
24722,0,3,0.25,0.974359,0.7948718,0.37185392,3.3452168
24722,0,3,0.5,1,0.8119658,0.37185416,3.4407
24722,0,3,0.75,0.982906,0.7094017,0.37185416,3.3520641
24722,0,3,1,1,0.7094017,0.37185392,3.4184713
24723,0,1,0,0.41880342,0.93162394,0.5379343,5.513032
24723,0,1,0.25,0.37606838,0.94017094,0.5379341,5.504839
24723,0,1,0.5,0.4017094,0.94017094,0.5379343,5.561182
24723,0,1,0.75,0.41025642,0.94871795,0.53793424,5.5202065
24723,0,1,1,0.41025642,0.94871795,0.5379343,5.488601
24723,0,2,0,0.6837607,0.82905984,1.7485913,23.175785
24723,0,2,0.25,0.7094017,0.8717949,1.748591,23.38462
24723,0,2,0.5,0.7008547,0.8803419,1.7485914,23.92086
24723,0,2,0.75,0.72649574,0.8803419,1.7485914,23.210415
24723,0,2,1,0.71794873,0.9145299,1.7485913,23.205345
24723,0,3,0,0.96581197,0.47008547,0.48667827,5.956991
24723,0,3,0.25,0.95726496,0.46153846,0.48667738,5.988453
24723,0,3,0.5,0.96581197,0.46153846,0.48667827,6.111957
24723,0,3,0.75,0.974359,0.45299146,0.48667786,6.2044735
24723,0,3,1,0.974359,0.47863248,0.48667827,6.245557
24724,0,1,0,0.8888889,0.4871795,1.2205479,13.989912
24724,0,1,0.25,0.8888889,0.47863248,1.2205479,13.555845
24724,0,1,0.5,0.9230769,0.46153846,1.2205478,13.138691
24724,0,1,0.75,0.93162394,0.45299146,1.2205478,12.743114
24724,0,1,1,0.94017094,0.41880342,1.2205479,12.144221
24724,0,2,0,0.94017094,0.6752137,0.8195724,9.069014
24724,0,2,0.25,0.94871795,0.6581197,0.81957245,8.664246
24724,0,2,0.5,0.974359,0.5555556,0.8195723,8.453947
24724,0,2,0.75,0.96581197,0.52136755,0.8195723,8.13402
24724,0,2,1,0.95726496,0.52991456,0.8195724,7.8385954
24724,0,3,0,0.7948718,0.8717949,0.26436782,2.059437
24724,0,3,0.25,0.8119658,0.8888889,0.26436788,1.9943991
24724,0,3,0.5,0.83760685,0.8717949,0.26436782,1.9696829
24724,0,3,0.75,0.84615386,0.8888889,0.2643678,1.9323152
24724,0,3,1,0.85470086,0.8717949,0.2643678,1.8957477
24725,0,1,0,0.47008547,0.982906,0.3240626,4.1483717
24725,0,1,0.25,0.45299146,0.991453,0.32406238,4.018415
24725,0,1,0.5,0.45299146,0.974359,0.32406235,3.9672847
24725,0,1,0.75,0.41025642,0.94017094,0.32406256,3.8734365
24725,0,1,1,0.43589744,0.974359,0.32406235,4.7354083
24725,0,2,0,0.4017094,0.974359,0.8681471,8.4770775
24725,0,2,0.25,0.4017094,0.982906,0.8681471,8.527339
24725,0,2,0.5,0.3931624,0.96581197,0.8681471,7.9347444
24725,0,2,0.75,0.3846154,0.9230769,0.8681471,7.344037
24725,0,2,1,0.36752138,0.8717949,0.8681471,7.4073315
24725,0,3,0,0.37606838,0.974359,0.271212,2.317675
24725,0,3,0.25,0.3931624,0.982906,0.2712122,2.2427483
24725,0,3,0.5,0.3846154,1,0.27121168,2.1727104
24725,0,3,0.75,0.37606838,0.974359,0.27121153,2.1064727
24725,0,3,1,0.3931624,0.94017094,0.27121168,2.503951
24726,0,1,0,0.8974359,0.94017094,0.3882329,5.6916494
24726,0,1,0.25,0.8119658,0.8974359,0.388233,5.65333
24726,0,1,0.5,0.7777778,0.9059829,0.3882329,5.888678
24726,0,1,0.75,0.72649574,0.9059829,0.38823277,6.099612
24726,0,1,1,0.6752137,0.9059829,0.3882328,6.378153
24726,0,2,0,0.50427353,0.96581197,0.33859542,5.8145523
24726,0,2,0.25,0.47863248,0.974359,0.33859566,6.2297745
24726,0,2,0.5,0.42735043,0.95726496,0.3385954,6.7595654
24726,0,2,0.75,0.41880342,0.95726496,0.33859545,7.2450514
24726,0,2,1,0.42735043,0.974359,0.33859554,7.3726096
24726,0,3,0,0.35897437,0.94017094,0.5194606,9.340899
24726,0,3,0.25,0.37606838,0.96581197,0.5194605,9.2221365
24726,0,3,0.5,0.4957265,0.95726496,0.5194606,8.536348
24726,0,3,0.75,0.5641026,0.94871795,0.5194607,7.890921
24726,0,3,1,0.5897436,0.982906,0.5194606,7.6950583
24727,0,1,0,0.7606838,0.71794873,0.87142456,4.051141
24727,0,1,0.25,0.7863248,0.7008547,0.8714243,3.9327455
24727,0,1,0.5,0.82051283,0.7094017,0.87142444,3.8820758
24727,0,1,0.75,0.8717949,0.7008547,0.87142473,3.9737842
24727,0,1,1,0.8717949,0.71794873,0.8714246,4.104142
24727,0,2,0,1,0.4957265,0.28887004,2.0401928
24727,0,2,0.25,1,0.4957265,0.2888698,2.0444376
24727,0,2,0.5,0.95726496,0.47863248,0.2888698,1.9752183
24727,0,2,0.75,1,0.47008547,0.28887028,1.9930135
24727,0,2,1,0.991453,0.45299146,0.28887004,2.0185518
24727,0,3,0,0.7606838,0.7094017,0.6960769,6.4513893
24727,0,3,0.25,0.7606838,0.72649574,0.69607717,6.454648
24727,0,3,0.5,0.73504275,0.75213677,0.69607717,6.384072
24727,0,3,0.75,0.7606838,0.7692308,0.69607675,6.371565
24727,0,3,1,0.7948718,0.7606838,0.6960769,6.263508
24728,0,1,0,0.82051283,0.60683763,1.593227,10.743784
24728,0,1,0.25,0.83760685,0.5726496,1.593227,9.758785
24728,0,1,0.5,0.8803419,0.5726496,1.593227,9.716032
24728,0,1,0.75,0.96581197,0.62393165,1.5932269,9.206643
24728,0,1,1,0.83760685,0.5897436,1.5932269,8.122595
24728,0,2,0,0.7777778,0.7948718,0.53680736,5.8601904
24728,0,2,0.25,0.8034188,0.7948718,0.5368073,5.094015
24728,0,2,0.5,0.8119658,0.8119658,0.5368073,5.063622
24728,0,2,0.75,0.7948718,0.8717949,0.5368073,5.3326726
24728,0,2,1,0.82905984,0.9059829,0.5368073,5.3795166
24728,0,3,0,0.9230769,0.45299146,1.2960905,10.353379
24728,0,3,0.25,0.9230769,0.43589744,1.2960905,9.462922
24728,0,3,0.5,0.974359,0.3846154,1.2960905,8.986109
24728,0,3,0.75,0.991453,0.3931624,1.2960902,8.736269
24728,0,3,1,0.84615386,0.35897437,1.2960902,7.447032
24729,0,1,0,0.5555556,0.64102566,1.7060047,32.25377
24729,0,1,0.25,0.6666667,0.63247865,1.706005,29.286575
24729,0,1,0.5,0.7777778,0.5897436,1.7060047,27.524609
24729,0,1,0.75,0.8888889,0.5982906,1.7060046,23.923927
24729,0,1,1,0.94017094,0.61538464,1.7060047,20.699745
24729,0,2,0,0.9230769,0.45299146,1.7992902,25.76566
24729,0,2,0.25,0.85470086,0.60683763,1.7992904,24.840363
24729,0,2,0.5,0.8632479,0.6923077,1.7992901,23.849518
24729,0,2,0.75,0.7863248,0.7948718,1.7992902,22.634926
24729,0,2,1,0.7606838,0.82051283,1.7992901,21.68893
24729,0,3,0,0.96581197,0.5982906,0.89526886,12.014621
24729,0,3,0.25,0.96581197,0.7094017,0.89526886,11.740987
24729,0,3,0.5,0.96581197,0.8034188,0.89526886,11.559626
24729,0,3,0.75,0.95726496,0.8803419,0.89526874,10.979475
24729,0,3,1,0.93162394,0.9145299,0.89526874,10.49996
24730,0,1,0,0.7008547,0.60683763,0.47494656,5.79999
24730,0,1,0.25,0.6752137,0.6581197,0.47494656,6.8832693
24730,0,1,0.5,0.7606838,0.6581197,0.47494656,7.9787526
24730,0,1,0.75,0.85470086,0.63247865,0.47494656,8.483236
24730,0,1,1,0.85470086,0.62393165,0.47494656,8.331522
24730,0,2,0,0.9145299,0.5982906,0.25648263,1.7515448
24730,0,2,0.25,0.8803419,0.5726496,0.2564828,2.9261065
24730,0,2,0.5,0.8632479,0.5811966,0.25648263,3.8385
24730,0,2,0.75,0.9145299,0.51282054,0.25648263,4.279853
24730,0,2,1,0.8974359,0.52991456,0.25648263,4.6352434
24730,0,3,0,0.7008547,0.7606838,0.27602404,2.645782
24730,0,3,0.25,0.7008547,0.75213677,0.27602416,2.5487564
24730,0,3,0.5,0.6923077,0.74358976,0.27602416,2.8187506
24730,0,3,0.75,0.7777778,0.7777778,0.2760241,3.6303363
24730,0,3,1,0.7948718,0.7948718,0.2760241,4.19726
24731,0,1,0,0.974359,0.46153846,0.2711703,2.9069295
24731,0,1,0.25,0.94871795,0.46153846,0.2711703,2.9801679
24731,0,1,0.5,0.974359,0.46153846,0.27117005,3.0993998
24731,0,1,0.75,1,0.47008547,0.27117056,3.1984363
24731,0,1,1,0.991453,0.47008547,0.2711703,3.302473
24731,0,2,0,0.8717949,0.63247865,0.30915725,5.045333
24731,0,2,0.25,0.8717949,0.62393165,0.30915725,5.0797243
24731,0,2,0.5,0.8974359,0.63247865,0.30915725,5.235358
24731,0,2,0.75,0.8888889,0.62393165,0.3091574,5.387906
24731,0,2,1,0.8803419,0.61538464,0.30915725,5.5018196
24731,0,3,0,0.7094017,0.8974359,0.2815428,2.384266
24731,0,3,0.25,0.6923077,0.8803419,0.28154248,2.440896
24731,0,3,0.5,0.7094017,0.8974359,0.281543,2.4966793
24731,0,3,0.75,0.7094017,0.8974359,0.28154263,2.5375757
24731,0,3,1,0.6837607,0.8888889,0.2815428,2.5585532
24732,0,1,0,0.6752137,0.85470086,0.7495384,17.306236
24732,0,1,0.25,0.6495727,0.84615386,0.7495384,17.579746
24732,0,1,0.5,0.63247865,0.83760685,0.7495384,17.789316
24732,0,1,0.75,0.64102566,0.83760685,0.7495384,18.031239
24732,0,1,1,0.62393165,0.82051283,0.7495384,18.079967
24732,0,2,0,0.62393165,0.974359,0.26488557,6.080677
24732,0,2,0.25,0.62393165,0.974359,0.26488557,6.131992
24732,0,2,0.5,0.63247865,0.96581197,0.26488537,6.3172007
24732,0,2,0.75,0.6495727,0.96581197,0.26488566,6.2905273
24732,0,2,1,0.60683763,0.974359,0.26488557,6.394025
24732,0,3,0,0.35897437,0.5470086,2.0144491,48.218945
24732,0,3,0.25,0.35897437,0.52136755,2.0144491,49.084312
24732,0,3,0.5,0.35897437,0.47863248,2.0144491,50.99227
24732,0,3,0.75,0.35042736,0.45299146,2.0144491,51.14335
24732,0,3,1,0.35042736,0.43589744,2.0144491,51.81447
24733,0,1,0,0.8888889,0.7692308,0.34404147,3.4621367
24733,0,1,0.25,0.8717949,0.7692308,0.3440415,3.4781914
24733,0,1,0.5,0.85470086,0.75213677,0.34404123,3.5053806
24733,0,1,0.75,0.8632479,0.75213677,0.34404194,3.5719604
24733,0,1,1,0.85470086,0.7606838,0.3440415,3.5872605
24733,0,2,0,0.4871795,0.8888889,0.6919403,11.138439
24733,0,2,0.25,0.51282054,0.8717949,0.6919403,11.37129
24733,0,2,0.5,0.50427353,0.8717949,0.6919403,11.377687
24733,0,2,0.75,0.50427353,0.84615386,0.69194007,11.687496
24733,0,2,1,0.53846157,0.8632479,0.6919403,11.847788
24733,0,3,0,0.61538464,0.94017094,0.48363057,6.5682425
24733,0,3,0.25,0.61538464,0.94871795,0.48363057,6.686378
24733,0,3,0.5,0.5811966,0.95726496,0.48363099,6.5794873
24733,0,3,0.75,0.5897436,0.96581197,0.48363012,6.7575197
24733,0,3,1,0.5641026,0.982906,0.48363057,6.8951964
24734,0,1,0,0.5897436,0.93162394,0.56165045,6.816391
24734,0,1,0.25,0.5811966,0.8974359,0.5616505,7.3347797
24734,0,1,0.5,0.5470086,0.9145299,0.56165045,7.650049
24734,0,1,0.75,0.52991456,0.9230769,0.56165045,7.508452
24734,0,1,1,0.50427353,0.94017094,0.56165045,7.280316
24734,0,2,0,0.8034188,0.61538464,1.125393,7.656072
24734,0,2,0.25,0.85470086,0.6581197,1.125393,7.373987
24734,0,2,0.5,0.8888889,0.6581197,1.1253928,7.356029
24734,0,2,0.75,0.8888889,0.71794873,1.125393,7.9003496
24734,0,2,1,0.9230769,0.72649574,1.125393,8.333608
24734,0,3,0,0.974359,0.52136755,0.25799096,2.7149506
24734,0,3,0.25,0.974359,0.51282054,0.25799096,2.854038
24734,0,3,0.5,0.95726496,0.52136755,0.25799105,2.893499
24734,0,3,0.75,0.95726496,0.4957265,0.25799087,2.905175
24734,0,3,1,0.974359,0.46153846,0.25799087,2.9691756
24735,0,1,0,0.5641026,0.96581197,0.35845378,4.7885437
24735,0,1,0.25,0.5726496,0.96581197,0.35845333,4.7320437
24735,0,1,0.5,0.5555556,0.96581197,0.35845333,4.691475
24735,0,1,0.75,0.5726496,0.974359,0.35845423,4.640746
24735,0,1,1,0.5470086,0.974359,0.35845378,4.612874
24735,0,2,0,0.63247865,0.974359,0.2784791,3.396821
24735,0,2,0.25,0.63247865,0.974359,0.27847868,3.3653295
24735,0,2,0.5,0.62393165,0.982906,0.27847865,3.345119
24735,0,2,0.75,0.61538464,0.982906,0.27847955,3.3040037
24735,0,2,1,0.64102566,1,0.2784791,3.2729478
24735,0,3,0,0.9059829,0.44444445,1.5863608,17.69814
24735,0,3,0.25,0.9059829,0.44444445,1.5863608,17.486095
24735,0,3,0.5,0.8888889,0.45299146,1.5863608,17.437222
24735,0,3,0.75,0.8888889,0.45299146,1.5863599,17.340595
24735,0,3,1,0.8974359,0.46153846,1.5863608,17.409477
24736,0,1,0,0.84615386,0.5897436,0.9510213,20.990334
24736,0,1,0.25,0.8632479,0.5811966,0.9510214,19.355808
24736,0,1,0.5,0.84615386,0.52136755,0.9510213,18.561922
24736,0,1,0.75,0.8717949,0.52991456,0.9510213,17.834114
24736,0,1,1,0.8632479,0.47863248,0.9510213,17.85389
24736,0,2,0,0.991453,0.7008547,0.3179306,6.4804964
24736,0,2,0.25,0.991453,0.73504275,0.31793052,6.1270046
24736,0,2,0.5,0.974359,0.72649574,0.31793058,5.875252
24736,0,2,0.75,0.974359,0.71794873,0.31793055,5.769561
24736,0,2,1,0.974359,0.73504275,0.3179306,5.6978106
24736,0,3,0,0.991453,0.6581197,0.55217564,8.504215
24736,0,3,0.25,0.982906,0.6581197,0.5521757,8.167583
24736,0,3,0.5,0.982906,0.6666667,0.5521757,7.926585
24736,0,3,0.75,0.982906,0.6837607,0.5521757,7.836157
24736,0,3,1,0.974359,0.6752137,0.55217564,7.7497015
24737,0,1,0,0.51282054,0.8803419,0.47059315,6.5804243
24737,0,1,0.25,0.4957265,0.7777778,0.47059315,6.521552
24737,0,1,0.5,0.43589744,0.8119658,0.47059304,6.15106
24737,0,1,0.75,0.3931624,0.8974359,0.47059304,5.481119
24737,0,1,1,0.3846154,0.9059829,0.47059315,5.200367
24737,0,2,0,0.7094017,0.74358976,0.27129167,7.6567
24737,0,2,0.25,0.6923077,0.74358976,0.2712916,7.172249
24737,0,2,0.5,0.6752137,0.73504275,0.2712917,7.022093
24737,0,2,0.75,0.6837607,0.7777778,0.27129182,6.4045315
24737,0,2,1,0.71794873,0.7606838,0.2712917,5.9727345
24737,0,3,0,0.9059829,0.42735043,0.8247102,10.474415
24737,0,3,0.25,0.9230769,0.4017094,0.82471025,10.526722
24737,0,3,0.5,0.8717949,0.47863248,0.8247102,10.423778
24737,0,3,0.75,0.93162394,0.52136755,0.8247101,10.026674
24737,0,3,1,0.9230769,0.53846157,0.8247102,10.315673
24738,0,1,0,0.9145299,0.83760685,0.29566947,7.556365
24738,0,1,0.25,0.7777778,0.94017094,0.29566967,5.554366
24738,0,1,0.5,0.6923077,1,0.29566947,4.822521
24738,0,1,0.75,0.6666667,0.982906,0.2956695,4.6817226
24738,0,1,1,0.6666667,0.96581197,0.29566947,4.432173
24738,0,2,0,0.73504275,0.9230769,0.45597738,7.106251
24738,0,2,0.25,0.8119658,0.9145299,0.45597738,6.174411
24738,0,2,0.5,0.7863248,0.93162394,0.45597738,5.8403673
24738,0,2,0.75,0.7948718,0.8888889,0.4559774,5.7286043
24738,0,2,1,0.8632479,0.84615386,0.4559774,5.826626
24738,0,3,0,0.4017094,0.94017094,0.33669487,3.7436976
24738,0,3,0.25,0.43589744,0.96581197,0.33669466,4.479398
24738,0,3,0.5,0.41880342,0.94871795,0.33669487,5.254363
24738,0,3,0.75,0.44444445,0.94017094,0.336695,5.974328
24738,0,3,1,0.4957265,0.982906,0.33669493,6.0381546
24739,0,1,0,0.64102566,0.974359,0.8382881,6.29525
24739,0,1,0.25,0.6666667,0.96581197,0.8382881,6.214872
24739,0,1,0.5,0.6752137,0.96581197,0.83828825,6.0744677
24739,0,1,0.75,0.62393165,0.982906,0.83828825,5.9830523
24739,0,1,1,0.62393165,0.991453,0.8382881,5.9801893
24739,0,2,0,0.8632479,0.82905984,0.37348402,4.6133995
24739,0,2,0.25,0.85470086,0.82905984,0.3734841,4.614295
24739,0,2,0.5,0.8632479,0.83760685,0.373484,4.54249
24739,0,2,0.75,0.8717949,0.84615386,0.37348396,4.523551
24739,0,2,1,0.8803419,0.83760685,0.37348402,4.5335617
24739,0,3,0,0.9059829,0.8888889,0.66346204,7.1634283
24739,0,3,0.25,0.9145299,0.8888889,0.66346204,7.194546
24739,0,3,0.5,0.8974359,0.9230769,0.66346204,7.1917257
24739,0,3,0.75,0.8803419,0.96581197,0.66346204,7.1470876
24739,0,3,1,0.8888889,0.9230769,0.66346204,7.1643014
24740,0,1,0,0.9230769,0.94871795,0.49326038,6.4766192
24740,0,1,0.25,0.93162394,0.93162394,0.49326038,6.482399
24740,0,1,0.5,0.94017094,0.9145299,0.49326035,6.192533
24740,0,1,0.75,0.9059829,0.95726496,0.49326038,6.2377853
24740,0,1,1,0.8974359,0.94871795,0.49326035,6.220852
24740,0,2,0,0.44444445,0.94871795,0.4109494,4.5752897
24740,0,2,0.25,0.44444445,0.96581197,0.4109494,4.5449457
24740,0,2,0.5,0.43589744,0.95726496,0.4109494,4.520207
24740,0,2,0.75,0.44444445,0.96581197,0.4109494,4.410964
24740,0,2,1,0.42735043,1,0.4109494,4.2991676
24740,0,3,0,0.45299146,0.974359,0.5874517,3.938457
24740,0,3,0.25,0.4957265,0.982906,0.5874517,4.0645275
24740,0,3,0.5,0.4871795,0.991453,0.5874517,3.9739256
24740,0,3,0.75,0.45299146,0.974359,0.5874517,3.7973247
24740,0,3,1,0.46153846,1,0.5874517,3.8123617
24741,0,1,0,0.82051283,0.64102566,0.45197907,4.706567
24741,0,1,0.25,0.84615386,0.63247865,0.45197904,4.596895
24741,0,1,0.5,0.8119658,0.6495727,0.45197907,4.541449
24741,0,1,0.75,0.8803419,0.6581197,0.45197886,4.4401608
24741,0,1,1,0.8803419,0.6666667,0.45197907,4.4278393
24741,0,2,0,0.74358976,0.5726496,0.8522881,15.125106
24741,0,2,0.25,0.75213677,0.60683763,0.8522881,14.50017
24741,0,2,0.5,0.7692308,0.62393165,0.8522881,14.183123
24741,0,2,0.75,0.7606838,0.63247865,0.8522881,13.861724
24741,0,2,1,0.7948718,0.64102566,0.8522882,13.505791
24741,0,3,0,0.5811966,0.7948718,0.6121923,11.3065605
24741,0,3,0.25,0.60683763,0.7777778,0.6121923,10.771567
24741,0,3,0.5,0.63247865,0.7777778,0.61219233,10.390958
24741,0,3,0.75,0.63247865,0.7863248,0.6121923,10.327017
24741,0,3,1,0.64102566,0.8034188,0.6121923,10.23955
24742,0,1,0,0.96581197,0.41025642,0.26947913,4.9487324
24742,0,1,0.25,0.982906,0.42735043,0.26947913,4.5801535
24742,0,1,0.5,0.991453,0.42735043,0.26947913,4.3842883
24742,0,1,0.75,0.93162394,0.3931624,0.26947916,4.1091404
24742,0,1,1,0.982906,0.45299146,0.26947913,3.7953815
24742,0,2,0,0.8717949,0.5982906,0.3961954,8.180176
24742,0,2,0.25,0.8803419,0.60683763,0.3961954,7.725469
24742,0,2,0.5,0.93162394,0.61538464,0.3961954,7.3824444
24742,0,2,0.75,0.94017094,0.62393165,0.39619556,7.2316446
24742,0,2,1,0.9230769,0.5982906,0.39619544,6.878066
24742,0,3,0,0.4017094,0.5470086,0.75553644,22.00864
24742,0,3,0.25,0.41880342,0.5811966,0.75553644,20.175365
24742,0,3,0.5,0.5726496,0.5811966,0.75553644,18.866924
24742,0,3,0.75,0.53846157,0.52991456,0.75553656,18.019848
24742,0,3,1,0.5470086,0.5555556,0.75553644,17.104939
24743,0,1,0,0.7948718,0.63247865,1.2509716,20.632076
24743,0,1,0.25,0.7948718,0.62393165,1.2509716,20.775158
24743,0,1,0.5,0.7777778,0.6752137,1.2509716,21.296143
24743,0,1,0.75,0.7606838,0.6752137,1.2509716,21.377172
24743,0,1,1,0.73504275,0.6581197,1.2509716,21.909859
24743,0,2,0,0.5726496,0.83760685,1.0904142,20.382996
24743,0,2,0.25,0.5641026,0.84615386,1.0904142,20.812624
24743,0,2,0.5,0.5641026,0.8632479,1.0904142,21.091946
24743,0,2,0.75,0.5641026,0.93162394,1.0904142,21.317364
24743,0,2,1,0.5811966,0.94017094,1.0904142,21.329414
24743,0,3,0,0.8717949,0.7094017,0.4307975,7.368042
24743,0,3,0.25,0.8717949,0.7008547,0.43079704,7.4073124
24743,0,3,0.5,0.8803419,0.71794873,0.4307975,7.4930353
24743,0,3,0.75,0.8717949,0.6752137,0.4307975,7.5177603
24743,0,3,1,0.8632479,0.6752137,0.4307975,7.690974
24744,0,1,0,0.63247865,0.974359,0.88475174,5.140336
24744,0,1,0.25,0.5982906,1,0.88475156,5.0200443
24744,0,1,0.5,0.5726496,0.95726496,0.88475174,5.1545815
24744,0,1,0.75,0.5726496,0.982906,0.88475186,5.196514
24744,0,1,1,0.60683763,0.95726496,0.8847516,5.2934656
24744,0,2,0,0.6495727,0.94017094,1.5878546,13.588108
24744,0,2,0.25,0.73504275,0.9145299,1.5878546,14.695745
24744,0,2,0.5,0.7777778,0.83760685,1.5878544,16.085356
24744,0,2,0.75,0.9059829,0.82905984,1.5878549,16.79085
24744,0,2,1,0.93162394,0.6923077,1.5878549,16.339527
24744,0,3,0,0.8974359,0.7777778,0.7770438,6.9816427
24744,0,3,0.25,0.95726496,0.72649574,0.7770438,7.0732975
24744,0,3,0.5,0.95726496,0.73504275,0.7770435,7.262724
24744,0,3,0.75,0.982906,0.71794873,0.7770438,7.685517
24744,0,3,1,0.982906,0.6666667,0.7770438,7.696806
24745,0,1,0,1,0.53846157,0.5679103,1.8901407
24745,0,1,0.25,1,0.50427353,0.5679103,1.9036472
24745,0,1,0.5,0.974359,0.4871795,0.5679103,2.0309126
24745,0,1,0.75,0.96581197,0.47008547,0.56791025,2.1364703
24745,0,1,1,0.96581197,0.47008547,0.56791025,2.3050258
24745,0,2,0,0.82051283,0.5982906,2.8635244,21.158722
24745,0,2,0.25,0.8717949,0.61538464,2.8635244,21.508682
24745,0,2,0.5,0.9059829,0.73504275,2.8635244,22.436049
24745,0,2,0.75,0.8803419,0.7606838,2.8635244,22.606537
24745,0,2,1,0.8119658,0.8034188,2.8635244,22.814613
24745,0,3,0,0.95726496,0.6581197,0.38293087,3.8346064
24745,0,3,0.25,0.974359,0.6581197,0.38293087,3.6991594
24745,0,3,0.5,0.96581197,0.64102566,0.38293087,3.535438
24745,0,3,0.75,0.95726496,0.60683763,0.38293096,3.3644896
24745,0,3,1,0.95726496,0.60683763,0.38293087,3.169148
24746,0,1,0,0.53846157,0.9059829,2.1887095,17.623703
24746,0,1,0.25,0.53846157,0.8803419,2.1887097,17.198442
24746,0,1,0.5,0.52136755,0.8803419,2.188709,17.001328
24746,0,1,0.75,0.50427353,0.9059829,2.1887095,16.464823
24746,0,1,1,0.4871795,0.8803419,2.1887095,16.434408
24746,0,2,0,0.8119658,0.982906,0.2511943,3.121465
24746,0,2,0.25,0.82905984,1,0.25119427,2.970064
24746,0,2,0.5,0.82051283,1,0.25119427,3.0769286
24746,0,2,0.75,0.7863248,0.982906,0.2511943,3.0943537
24746,0,2,1,0.7692308,0.982906,0.2511943,3.135052
24746,0,3,0,0.6837607,0.974359,0.97869456,7.1315203
24746,0,3,0.25,0.6837607,0.982906,0.97869486,7.317492
24746,0,3,0.5,0.6752137,0.96581197,0.9786943,7.4943438
24746,0,3,0.75,0.6666667,0.95726496,0.97869456,7.5146623
24746,0,3,1,0.6752137,0.96581197,0.97869456,7.707818
24747,0,1,0,0.85470086,0.4017094,0.92466974,19.4626
24747,0,1,0.25,0.9145299,0.52136755,0.92466974,19.378016
24747,0,1,0.5,0.9145299,0.6837607,0.9246699,18.429764
24747,0,1,0.75,0.7692308,0.7777778,0.92466974,17.561504
24747,0,1,1,0.73504275,0.83760685,0.92466974,17.250065
24747,0,2,0,0.974359,0.50427353,0.4117949,6.1237454
24747,0,2,0.25,1,0.5811966,0.4117949,5.6568065
24747,0,2,0.5,1,0.60683763,0.4117949,5.3359127
24747,0,2,0.75,0.991453,0.63247865,0.41179505,5.2139826
24747,0,2,1,0.991453,0.6581197,0.4117949,5.499162
24747,0,3,0,0.5555556,0.8632479,0.7421037,9.739476
24747,0,3,0.25,0.5897436,0.94017094,0.74210376,8.090208
24747,0,3,0.5,0.5555556,0.95726496,0.74210364,7.955927
24747,0,3,0.75,0.5982906,0.94871795,0.7421039,7.892652
24747,0,3,1,0.50427353,0.94871795,0.74210364,6.4013677
24748,0,1,0,0.5641026,0.991453,0.48770106,2.548873
24748,0,1,0.25,0.5811966,0.982906,0.48770106,2.530013
24748,0,1,0.5,0.5897436,0.982906,0.48770106,2.5353134
24748,0,1,0.75,0.5897436,0.991453,0.4877015,2.553505
24748,0,1,1,0.5641026,0.991453,0.48770106,2.6089325
24748,0,2,0,0.94871795,0.37606838,1.3179622,14.394568
24748,0,2,0.25,0.94871795,0.36752138,1.3179622,14.491663
24748,0,2,0.5,0.94017094,0.36752138,1.3179623,14.670253
24748,0,2,0.75,0.94017094,0.37606838,1.3179622,14.811441
24748,0,2,1,0.9230769,0.36752138,1.317962,15.301676
24748,0,3,0,0.94871795,0.42735043,0.94536835,8.040832
24748,0,3,0.25,0.96581197,0.41880342,0.94536835,8.208456
24748,0,3,0.5,0.96581197,0.4017094,0.9453684,8.283967
24748,0,3,0.75,0.974359,0.4017094,0.94536793,8.295448
24748,0,3,1,0.95726496,0.41025642,0.94536835,8.494543
24749,0,1,0,1,0.47863248,0.30772197,3.0154796
24749,0,1,0.25,1,0.50427353,0.30772197,3.0571728
24749,0,1,0.5,0.982906,0.51282054,0.30772206,3.097479
24749,0,1,0.75,0.96581197,0.51282054,0.30772185,3.2055736
24749,0,1,1,0.991453,0.4957265,0.30772197,3.2722611
24749,0,2,0,0.95726496,0.5470086,0.7629996,6.2189755
24749,0,2,0.25,0.95726496,0.5811966,0.76299965,6.3746624
24749,0,2,0.5,0.95726496,0.5555556,0.7629998,6.5508413
24749,0,2,0.75,0.94871795,0.5555556,0.7629996,6.7101374
24749,0,2,1,0.94871795,0.5726496,0.7629997,6.937001
24749,0,3,0,0.47863248,0.982906,0.35041487,2.394305
24749,0,3,0.25,0.4957265,0.96581197,0.35041502,2.4540668
24749,0,3,0.5,0.4957265,0.982906,0.35041508,2.4783869
24749,0,3,0.75,0.4871795,0.991453,0.35041502,2.501571
24749,0,3,1,0.4957265,0.991453,0.35041502,2.5307393
24750,0,1,0,0.9145299,0.93162394,0.33493444,3.378579
24750,0,1,0.25,0.94871795,0.94871795,0.33493438,3.4520404
24750,0,1,0.5,0.96581197,0.94017094,0.33493447,3.59418
24750,0,1,0.75,0.974359,0.8632479,0.33493447,3.9903288
24750,0,1,1,0.94871795,0.82905984,0.33493447,4.549759
24750,0,2,0,0.84615386,0.6752137,1.4576873,15.336945
24750,0,2,0.25,0.8974359,0.60683763,1.4576873,15.496705
24750,0,2,0.5,0.84615386,0.50427353,1.4576873,15.285048
24750,0,2,0.75,0.83760685,0.4871795,1.4576874,15.776782
24750,0,2,1,0.8119658,0.41025642,1.4576873,16.277802
24750,0,3,0,0.94871795,0.4871795,0.6296257,9.027605
24750,0,3,0.25,0.93162394,0.42735043,0.6296257,10.697094
24750,0,3,0.5,0.9059829,0.3846154,0.6296257,12.753574
24750,0,3,0.75,0.8888889,0.41025642,0.6296256,14.993828
24750,0,3,1,0.7863248,0.35042736,0.6296257,17.27277
24751,0,1,0,0.982906,0.5726496,0.2503559,2.1212301
24751,0,1,0.25,0.982906,0.5726496,0.2503559,3.0985546
24751,0,1,0.5,1,0.62393165,0.25035596,3.7816515
24751,0,1,0.75,0.991453,0.6495727,0.25035605,3.6898227
24751,0,1,1,0.991453,0.7863248,0.250356,3.6195354
24751,0,2,0,0.8888889,0.7008547,0.53936124,7.4393005
24751,0,2,0.25,0.83760685,0.8888889,0.53936124,9.033197
24751,0,2,0.5,0.8034188,0.982906,0.53936124,7.711198
24751,0,2,0.75,0.7606838,0.982906,0.5393615,6.211607
24751,0,2,1,0.73504275,0.96581197,0.53936124,5.3324327
24751,0,3,0,0.94017094,0.52991456,0.73634374,5.622506
24751,0,3,0.25,0.974359,0.62393165,0.7363437,8.580682
24751,0,3,0.5,0.991453,0.72649574,0.73634374,10.953665
24751,0,3,0.75,0.8888889,0.9145299,0.7363439,10.915857
24751,0,3,1,0.6923077,0.94017094,0.7363438,10.902031
24752,0,1,0,0.93162394,0.94017094,0.5867397,2.0573885
24752,0,1,0.25,0.9059829,0.94871795,0.58673966,2.0808008
24752,0,1,0.5,0.8974359,0.991453,0.5867398,2.1114109
24752,0,1,0.75,0.8974359,1,0.5867397,2.153419
24752,0,1,1,0.8888889,0.96581197,0.5867397,2.1241817
24752,0,2,0,0.72649574,0.8803419,1.1275264,9.079341
24752,0,2,0.25,0.71794873,0.9230769,1.1275264,9.148926
24752,0,2,0.5,0.7094017,0.9145299,1.1275264,9.347414
24752,0,2,0.75,0.73504275,0.9059829,1.1275264,9.514074
24752,0,2,1,0.7094017,0.9145299,1.1275264,9.641954
24752,0,3,0,0.7692308,0.82051283,0.6212741,7.87129
24752,0,3,0.25,0.7863248,0.83760685,0.6212741,7.9598804
24752,0,3,0.5,0.7948718,0.82051283,0.6212742,8.018214
24752,0,3,0.75,0.7863248,0.8034188,0.6212742,8.167702
24752,0,3,1,0.71794873,0.82905984,0.6212742,8.169411
24753,0,1,0,0.7692308,0.93162394,0.6452302,13.599587
24753,0,1,0.25,0.7777778,0.94017094,0.6452302,13.626137
24753,0,1,0.5,0.7863248,0.94871795,0.6452302,13.824054
24753,0,1,0.75,0.7777778,0.94871795,0.64523005,14.100647
24753,0,1,1,0.7863248,0.94017094,0.6452302,14.266907
24753,0,2,0,0.5811966,0.63247865,2.4963303,44.8547
24753,0,2,0.25,0.5555556,0.64102566,2.4963303,45.851547
24753,0,2,0.5,0.5641026,0.6581197,2.4963303,46.737785
24753,0,2,0.75,0.5555556,0.6837607,2.4963298,48.181396
24753,0,2,1,0.5470086,0.7094017,2.4963303,50.14286
24753,0,3,0,0.8717949,0.9059829,0.2727793,5.650697
24753,0,3,0.25,0.84615386,0.8888889,0.2727793,5.611084
24753,0,3,0.5,0.8632479,0.9230769,0.2727793,5.6830015
24753,0,3,0.75,0.8717949,0.9059829,0.2727794,5.766342
24753,0,3,1,0.8717949,0.9059829,0.2727793,5.846364
24754,0,1,0,0.52991456,0.8888889,1.1114115,10.329699
24754,0,1,0.25,0.4957265,0.8974359,1.1114112,10.1871605
24754,0,1,0.5,0.5555556,0.9145299,1.1114115,9.995856
24754,0,1,0.75,0.5470086,0.9145299,1.1114117,9.728369
24754,0,1,1,0.53846157,0.8974359,1.1114115,9.699734
24754,0,2,0,0.991453,0.51282054,0.40463853,3.870419
24754,0,2,0.25,0.982906,0.4871795,0.4046384,3.8596053
24754,0,2,0.5,0.991453,0.47863248,0.40463835,3.8837886
24754,0,2,0.75,0.982906,0.47863248,0.4046385,3.923697
24754,0,2,1,0.991453,0.47008547,0.40463853,3.9297638
24754,0,3,0,0.7948718,0.64102566,2.7727962,33.557743
24754,0,3,0.25,0.8034188,0.64102566,2.7727962,33.745102
24754,0,3,0.5,0.8034188,0.6581197,2.7727962,33.8173
24754,0,3,0.75,0.8034188,0.6581197,2.7727964,34.652996
24754,0,3,1,0.8119658,0.6581197,2.7727962,35.19057
24755,0,1,0,0.8119658,0.96581197,0.34118363,4.2434464
24755,0,1,0.25,0.7948718,0.93162394,0.34118348,4.581426
24755,0,1,0.5,0.7692308,0.94017094,0.34118372,5.0845876
24755,0,1,0.75,0.71794873,0.94871795,0.34118378,4.989764
24755,0,1,1,0.6666667,0.991453,0.3411837,5.2307568
24755,0,2,0,0.8632479,0.6752137,0.96271646,9.997173
24755,0,2,0.25,0.83760685,0.7008547,0.96271634,10.88084
24755,0,2,0.5,0.84615386,0.72649574,0.9627166,12.15378
24755,0,2,0.75,0.8888889,0.7863248,0.96271634,12.695238
24755,0,2,1,0.8632479,0.82905984,0.96271634,13.864187
24755,0,3,0,0.85470086,0.83760685,0.43448406,5.536811
24755,0,3,0.25,0.83760685,0.83760685,0.43448406,5.773137
24755,0,3,0.5,0.82051283,0.83760685,0.43448406,5.9461412
24755,0,3,0.75,0.82905984,0.8803419,0.4344841,5.8873715
24755,0,3,1,0.84615386,0.8803419,0.43448406,6.024
24756,0,1,0,0.7008547,0.974359,0.2909093,3.3690407
24756,0,1,0.25,0.7008547,0.974359,0.29090905,3.3713748
24756,0,1,0.5,0.7094017,0.94871795,0.29090944,3.3549583
24756,0,1,0.75,0.73504275,0.96581197,0.2909091,3.3132691
24756,0,1,1,0.72649574,0.982906,0.2909093,3.3448951
24756,0,2,0,0.52136755,0.94871795,1.2719902,12.384034
24756,0,2,0.25,0.52136755,0.94871795,1.2719901,12.637409
24756,0,2,0.5,0.51282054,0.94017094,1.2719902,13.05112
24756,0,2,0.75,0.50427353,0.9230769,1.2719902,13.1475
24756,0,2,1,0.4871795,0.9059829,1.2719902,13.241254
24756,0,3,0,0.7008547,0.96581197,0.7373318,5.0610805
24756,0,3,0.25,0.7094017,0.94871795,0.7373317,5.054764
24756,0,3,0.5,0.71794873,0.95726496,0.73733187,5.074216
24756,0,3,0.75,0.72649574,0.93162394,0.7373316,5.06822
24756,0,3,1,0.73504275,0.9230769,0.7373318,5.074047
24757,0,1,0,0.7863248,0.7008547,1.8738132,7.497854
24757,0,1,0.25,0.8034188,0.72649574,1.873813,6.7955575
24757,0,1,0.5,0.7777778,0.75213677,1.8738132,6.124194
24757,0,1,0.75,0.7948718,0.7606838,1.8738132,5.9872303
24757,0,1,1,0.84615386,0.7948718,1.8738132,6.080022
24757,0,2,0,0.8974359,0.53846157,0.76683307,4.516396
24757,0,2,0.25,0.95726496,0.52991456,0.7668331,4.659973
24757,0,2,0.5,0.96581197,0.53846157,0.76683307,5.0721817
24757,0,2,0.75,0.94871795,0.53846157,0.7668328,5.450179
24757,0,2,1,0.95726496,0.5555556,0.76683307,5.858631
24757,0,3,0,0.84615386,0.7606838,0.52461153,4.457246
24757,0,3,0.25,0.82905984,0.7863248,0.52461153,4.1831408
24757,0,3,0.5,0.82051283,0.73504275,0.52461153,4.201394
24757,0,3,0.75,0.82051283,0.7777778,0.52461183,4.335816
24757,0,3,1,0.82051283,0.7606838,0.52461153,4.1797442
24758,0,1,0,0.6923077,1,0.2855865,4.0058494
24758,0,1,0.25,0.7094017,0.974359,0.2855865,4.997712
24758,0,1,0.5,0.72649574,0.95726496,0.2855866,5.331999
24758,0,1,0.75,0.7606838,0.9145299,0.28558624,4.9127226
24758,0,1,1,0.8034188,0.94017094,0.2855866,4.27674
24758,0,2,0,0.96581197,0.36752138,0.5675205,8.807106
24758,0,2,0.25,0.974359,0.52136755,0.5675205,10.181723
24758,0,2,0.5,0.9230769,0.61538464,0.5675205,9.5799675
24758,0,2,0.75,0.8632479,0.62393165,0.56752044,8.205178
24758,0,2,1,0.8632479,0.7692308,0.5675205,6.793253
24758,0,3,0,0.8632479,0.61538464,0.4526584,7.435059
24758,0,3,0.25,0.95726496,0.5811966,0.4526584,7.236553
24758,0,3,0.5,0.8974359,0.51282054,0.4526584,6.3049955
24758,0,3,0.75,0.9145299,0.47863248,0.45265847,4.9184217
24758,0,3,1,0.93162394,0.47008547,0.4526584,3.777152
24759,0,1,0,0.7692308,0.94017094,0.79117894,6.6782207
24759,0,1,0.25,0.8803419,0.8717949,0.79117906,6.6963625
24759,0,1,0.5,0.8974359,0.8974359,0.79117894,6.859451
24759,0,1,0.75,0.9230769,0.8717949,0.79117894,6.916255
24759,0,1,1,0.94017094,0.82905984,0.79117894,7.080518
24759,0,2,0,0.9230769,0.4017094,0.7381665,8.935063
24759,0,2,0.25,0.94017094,0.41880342,0.7381663,8.030634
24759,0,2,0.5,0.95726496,0.45299146,0.7381665,6.886669
24759,0,2,0.75,0.974359,0.46153846,0.7381663,5.686183
24759,0,2,1,0.982906,0.4957265,0.7381663,4.708948
24759,0,3,0,0.6666667,0.5470086,1.7315769,25.567047
24759,0,3,0.25,0.64102566,0.61538464,1.7315768,23.84428
24759,0,3,0.5,0.6581197,0.6752137,1.731577,21.311153
24759,0,3,0.75,0.5982906,0.7094017,1.731577,19.491917
24759,0,3,1,0.5641026,0.7094017,1.731577,17.469137
24760,0,1,0,0.94871795,0.63247865,0.88288444,8.573691
24760,0,1,0.25,0.9145299,0.5811966,0.88288444,7.6613817
24760,0,1,0.5,0.9145299,0.51282054,0.88288444,6.826119
24760,0,1,0.75,0.9059829,0.47863248,0.88288444,6.7553773
24760,0,1,1,0.9059829,0.5470086,0.88288444,6.642953
24760,0,2,0,0.4871795,0.9230769,0.5001966,7.3673286
24760,0,2,0.25,0.50427353,0.94871795,0.5001966,6.5808554
24760,0,2,0.5,0.52136755,0.982906,0.5001966,6.0825744
24760,0,2,0.75,0.5470086,0.96581197,0.5001967,5.91897
24760,0,2,1,0.53846157,0.96581197,0.5001966,5.3652625
24760,0,3,0,0.9145299,0.95726496,0.25183237,2.8713608
24760,0,3,0.25,0.9059829,0.974359,0.25183246,2.5330153
24760,0,3,0.5,0.8888889,0.95726496,0.25183243,2.3177524
24760,0,3,0.75,0.94017094,0.94871795,0.25183234,2.2939982
24760,0,3,1,0.9145299,0.96581197,0.25183234,2.2927804
24761,0,1,0,0.74358976,0.9145299,0.438841,4.162801
24761,0,1,0.25,0.7606838,0.93162394,0.43884087,3.8139815
24761,0,1,0.5,0.7777778,0.96581197,0.43884087,3.3569074
24761,0,1,0.75,0.7692308,0.94017094,0.43884102,3.5457072
24761,0,1,1,0.73504275,0.9230769,0.438841,3.580588
24761,0,2,0,0.9059829,0.6581197,0.54537666,7.9695415
24761,0,2,0.25,0.93162394,0.7008547,0.54537684,6.718792
24761,0,2,0.5,0.93162394,0.6923077,0.54537684,6.1156416
24761,0,2,0.75,0.94017094,0.60683763,0.5453768,6.153609
24761,0,2,1,0.95726496,0.63247865,0.54537666,6.260962
24761,0,3,0,0.7863248,0.8888889,0.57367235,8.984621
24761,0,3,0.25,0.84615386,0.94017094,0.5736724,7.8525753
24761,0,3,0.5,0.84615386,0.95726496,0.57367235,7.024542
24761,0,3,0.75,0.8034188,0.8974359,0.57367206,7.340876
24761,0,3,1,0.84615386,0.8974359,0.57367224,7.6570864
24762,0,1,0,0.8888889,0.7606838,0.5296384,8.725989
24762,0,1,0.25,0.9230769,0.71794873,0.52963847,9.224264
24762,0,1,0.5,0.94871795,0.63247865,0.5296387,9.241287
24762,0,1,0.75,0.94871795,0.5470086,0.52963805,8.5070915
24762,0,1,1,0.93162394,0.51282054,0.5296384,8.140718
24762,0,2,0,0.991453,0.43589744,0.4513197,3.9741755
24762,0,2,0.25,1,0.41880342,0.4513197,4.1453986
24762,0,2,0.5,0.974359,0.3931624,0.45131928,4.1458235
24762,0,2,0.75,0.96581197,0.41880342,0.45131978,3.9501562
24762,0,2,1,0.93162394,0.41025642,0.4513197,3.8740191
24762,0,3,0,0.974359,0.6581197,0.29801843,4.656142
24762,0,3,0.25,0.95726496,0.7094017,0.29801843,4.5989037
24762,0,3,0.5,1,0.7008547,0.29801863,4.051201
24762,0,3,0.75,0.974359,0.75213677,0.29801843,3.6571789
24762,0,3,1,0.96581197,0.71794873,0.2980189,3.4957962
24763,0,1,0,0.95726496,0.5555556,0.51740277,8.963451
24763,0,1,0.25,0.991453,0.5897436,0.51740277,7.252931
24763,0,1,0.5,0.96581197,0.50427353,0.51740277,6.2961607
24763,0,1,0.75,0.94017094,0.5555556,0.5174028,5.485153
24763,0,1,1,0.9230769,0.5726496,0.5174027,4.7141848
24763,0,2,0,0.8717949,0.50427353,1.5074956,25.377895
24763,0,2,0.25,0.8632479,0.46153846,1.5074956,21.204311
24763,0,2,0.5,0.83760685,0.45299146,1.5074956,18.159367
24763,0,2,0.75,0.82051283,0.45299146,1.5074956,15.997654
24763,0,2,1,0.84615386,0.44444445,1.5074954,14.245265
24763,0,3,0,0.9145299,0.82051283,0.34551588,6.1322746
24763,0,3,0.25,0.982906,0.7863248,0.34551585,4.8724756
24763,0,3,0.5,0.982906,0.8119658,0.34551588,4.109647
24763,0,3,0.75,0.974359,0.84615386,0.34551582,3.602297
24763,0,3,1,0.93162394,0.9230769,0.34551582,3.0678902
24764,0,1,0,0.974359,0.8803419,0.2800968,2.8106427
24764,0,1,0.25,0.95726496,0.8888889,0.28009677,2.8505394
24764,0,1,0.5,0.974359,0.8888889,0.28009632,2.9151688
24764,0,1,0.75,0.982906,0.9145299,0.2800968,2.9411097
24764,0,1,1,0.974359,0.9145299,0.2800968,3.0064592
24764,0,2,0,0.4957265,0.95726496,0.43620336,3.3988745
24764,0,2,0.25,0.50427353,0.95726496,0.43620333,3.5274827
24764,0,2,0.5,0.52136755,0.974359,0.43620336,3.5577872
24764,0,2,0.75,0.47863248,0.96581197,0.4362034,3.5012212
24764,0,2,1,0.47863248,0.974359,0.43620336,3.5224812
24764,0,3,0,0.82051283,0.6752137,1.3567065,13.023346
24764,0,3,0.25,0.7948718,0.6666667,1.3567073,13.077423
24764,0,3,0.5,0.7606838,0.6666667,1.3567065,13.110086
24764,0,3,0.75,0.7692308,0.7094017,1.3567065,12.848223
24764,0,3,1,0.7692308,0.6923077,1.3567065,12.909324
24765,0,1,0,0.991453,0.72649574,0.8256231,7.905781
24765,0,1,0.25,0.974359,0.7606838,0.8256229,7.6325417
24765,0,1,0.5,0.95726496,0.7863248,0.8256231,7.3304443
24765,0,1,0.75,0.8888889,0.73504275,0.8256229,7.0893307
24765,0,1,1,0.84615386,0.8034188,0.8256229,7.0409575
24765,0,2,0,0.7094017,0.94871795,1.706389,9.237703
24765,0,2,0.25,0.6923077,0.94871795,1.706389,9.1129
24765,0,2,0.5,0.7094017,0.9059829,1.706389,9.375827
24765,0,2,0.75,0.6837607,0.82051283,1.706389,9.483278
24765,0,2,1,0.73504275,0.8717949,1.706389,10.489925
24765,0,3,0,0.96581197,0.9230769,0.9001138,7.158574
24765,0,3,0.25,0.9059829,0.96581197,0.9001138,7.2910156
24765,0,3,0.5,0.83760685,0.96581197,0.90011406,7.5833206
24765,0,3,0.75,0.8034188,0.94871795,0.90011406,7.9565177
24765,0,3,1,0.74358976,0.94017094,0.90011406,8.335064
24766,0,1,0,0.75213677,0.5641026,1.6023604,16.627937
24766,0,1,0.25,0.72649574,0.5726496,1.6023601,16.859531
24766,0,1,0.5,0.73504275,0.5555556,1.6023605,17.213955
24766,0,1,0.75,0.74358976,0.5555556,1.6023604,16.890667
24766,0,1,1,0.7692308,0.5726496,1.6023604,16.811264
24766,0,2,0,0.83760685,0.47863248,1.8348762,16.351406
24766,0,2,0.25,0.82051283,0.47008547,1.8348761,16.434828
24766,0,2,0.5,0.84615386,0.4957265,1.8348758,16.654692
24766,0,2,0.75,0.85470086,0.4957265,1.8348756,16.722286
24766,0,2,1,0.8717949,0.51282054,1.834876,16.221241
24766,0,3,0,0.9230769,0.5726496,1.2974206,6.411272
24766,0,3,0.25,0.9145299,0.60683763,1.2974212,6.378983
24766,0,3,0.5,0.9059829,0.63247865,1.2974206,6.570245
24766,0,3,0.75,0.9059829,0.6581197,1.2974213,6.4516153
24766,0,3,1,0.94871795,0.62393165,1.2974205,6.362277
24767,0,1,0,0.4017094,0.8803419,1.1709324,11.923112
24767,0,1,0.25,0.3931624,0.8717949,1.1709323,12.040045
24767,0,1,0.5,0.3846154,0.8803419,1.1709324,12.53117
24767,0,1,0.75,0.37606838,0.9230769,1.1709327,12.699028
24767,0,1,1,0.36752138,0.9230769,1.1709324,12.5324
24767,0,2,0,0.991453,0.5982906,0.5803396,9.286936
24767,0,2,0.25,0.974359,0.5897436,0.5803395,9.587872
24767,0,2,0.5,0.96581197,0.5641026,0.5803396,10.10457
24767,0,2,0.75,0.94017094,0.5641026,0.5803397,10.119398
24767,0,2,1,0.9059829,0.5641026,0.5803396,10.053895
24767,0,3,0,0.5726496,0.974359,0.33338988,4.609874
24767,0,3,0.25,0.5726496,0.96581197,0.33338973,4.8082094
24767,0,3,0.5,0.5726496,0.95726496,0.33338982,4.92099
24767,0,3,0.75,0.5641026,0.974359,0.33338994,5.1803055
24767,0,3,1,0.52991456,0.95726496,0.33338988,5.3258047
24768,0,1,0,0.7948718,0.6837607,0.9628704,8.264397
24768,0,1,0.25,0.8119658,0.6923077,0.9628704,8.65555
24768,0,1,0.5,0.8119658,0.71794873,0.96287066,8.394314
24768,0,1,0.75,0.82905984,0.71794873,0.96287066,8.091855
24768,0,1,1,0.8119658,0.7008547,0.96287036,8.342797
24768,0,2,0,0.46153846,0.9059829,0.41763258,3.6118236
24768,0,2,0.25,0.50427353,0.9059829,0.41763234,4.0842505
24768,0,2,0.5,0.4957265,0.9059829,0.41763282,3.718577
24768,0,2,0.75,0.51282054,0.9145299,0.41763282,3.824657
24768,0,2,1,0.50427353,0.94017094,0.41763258,3.6126626
24768,0,3,0,0.7692308,0.7094017,0.9815706,8.006498
24768,0,3,0.25,0.7948718,0.72649574,0.9815706,8.2357025
24768,0,3,0.5,0.7863248,0.71794873,0.9815708,7.622597
24768,0,3,0.75,0.8119658,0.74358976,0.9815708,7.71649
24768,0,3,1,0.82051283,0.73504275,0.9815706,7.714737
24769,0,1,0,0.85470086,0.36752138,0.6914828,10.028738
24769,0,1,0.25,0.85470086,0.3846154,0.6914828,10.470348
24769,0,1,0.5,0.82051283,0.3846154,0.6914828,10.831728
24769,0,1,0.75,0.82051283,0.37606838,0.69148284,10.494001
24769,0,1,1,0.82905984,0.37606838,0.6914828,11.016378
24769,0,2,0,0.94017094,0.5811966,0.32718554,5.03907
24769,0,2,0.25,0.94871795,0.5982906,0.32718596,5.087988
24769,0,2,0.5,0.96581197,0.60683763,0.32718554,5.1545596
24769,0,2,0.75,0.96581197,0.61538464,0.32718518,5.1670294
24769,0,2,1,0.96581197,0.60683763,0.32718554,5.324575
24769,0,3,0,0.93162394,0.7692308,0.43101773,6.1079617
24769,0,3,0.25,0.96581197,0.7777778,0.4310176,6.3011694
24769,0,3,0.5,0.94017094,0.73504275,0.43101767,6.6201034
24769,0,3,0.75,0.93162394,0.7094017,0.4310178,6.7001534
24769,0,3,1,0.94017094,0.72649574,0.43101773,6.8252645
24770,0,1,0,0.60683763,0.991453,0.37982625,4.763876
24770,0,1,0.25,0.53846157,0.93162394,0.37982625,5.0561075
24770,0,1,0.5,0.50427353,0.95726496,0.37982628,5.56958
24770,0,1,0.75,0.4957265,0.94017094,0.37982625,6.1891794
24770,0,1,1,0.4871795,0.93162394,0.3798263,6.606146
24770,0,2,0,0.37606838,0.94017094,0.9155659,10.482445
24770,0,2,0.25,0.37606838,0.93162394,0.91556597,11.591635
24770,0,2,0.5,0.47863248,0.9145299,0.91556597,12.978483
24770,0,2,0.75,0.4957265,0.84615386,0.9155659,14.05028
24770,0,2,1,0.5555556,0.82051283,0.9155659,15.905331
24770,0,3,0,0.991453,0.7606838,0.41196996,5.977723
24770,0,3,0.25,0.982906,0.74358976,0.41197,5.727398
24770,0,3,0.5,0.96581197,0.63247865,0.41196984,5.526705
24770,0,3,0.75,0.96581197,0.62393165,0.41197,5.754957
24770,0,3,1,0.991453,0.5811966,0.41196984,6.1133347
24771,0,1,0,0.982906,0.5811966,0.27151823,4.3230963
24771,0,1,0.25,0.982906,0.5897436,0.2715182,4.4795103
24771,0,1,0.5,0.982906,0.5811966,0.27151823,4.60359
24771,0,1,0.75,0.982906,0.5811966,0.27151823,4.7272415
24771,0,1,1,0.974359,0.5726496,0.27151823,4.8419466
24771,0,2,0,0.94871795,0.41880342,1.4544058,12.008789
24771,0,2,0.25,0.94871795,0.42735043,1.4544059,12.213682
24771,0,2,0.5,0.94871795,0.42735043,1.4544057,12.35504
24771,0,2,0.75,0.94871795,0.42735043,1.4544059,12.49817
24771,0,2,1,0.94871795,0.4017094,1.4544059,12.287533
24771,0,3,0,0.9145299,0.37606838,0.9094837,14.279778
24771,0,3,0.25,0.9145299,0.3846154,0.90948373,14.994159
24771,0,3,0.5,0.9145299,0.3846154,0.9094835,15.5643835
24771,0,3,0.75,0.9145299,0.3846154,0.90948373,16.209682
24771,0,3,1,0.9145299,0.36752138,0.90948373,16.762125
24772,0,1,0,0.95726496,0.53846157,0.32632464,2.0515556
24772,0,1,0.25,0.93162394,0.5726496,0.32632414,1.8216577
24772,0,1,0.5,0.982906,0.5897436,0.32632425,1.3828108
24772,0,1,0.75,1,0.5897436,0.32632428,1.3698817
24772,0,1,1,0.94871795,0.5641026,0.32632467,1.6446943
24772,0,2,0,0.82051283,0.63247865,0.6836767,9.30665
24772,0,2,0.25,0.84615386,0.6495727,0.6836765,7.431952
24772,0,2,0.5,0.9145299,0.71794873,0.6836767,6.0790377
24772,0,2,0.75,0.93162394,0.6495727,0.68367666,4.7230816
24772,0,2,1,0.9059829,0.64102566,0.6836767,4.8507843
24772,0,3,0,0.53846157,0.72649574,0.5217424,9.435581
24772,0,3,0.25,0.5555556,0.7606838,0.5217422,6.5953264
24772,0,3,0.5,0.5555556,0.8632479,0.5217422,6.075346
24772,0,3,0.75,0.5726496,0.8803419,0.52174246,5.847665
24772,0,3,1,0.5555556,0.8632479,0.5217425,5.536496
24773,0,1,0,0.7008547,0.96581197,0.41758636,6.527663
24773,0,1,0.25,0.64102566,0.96581197,0.41758636,6.670868
24773,0,1,0.5,0.60683763,0.9145299,0.41758636,6.848666
24773,0,1,0.75,0.61538464,0.95726496,0.41758648,7.146261
24773,0,1,1,0.5726496,0.94017094,0.41758648,7.0716867
24773,0,2,0,0.74358976,0.96581197,0.2816066,5.245322
24773,0,2,0.25,0.6837607,0.982906,0.2816062,5.0409613
24773,0,2,0.5,0.6581197,0.96581197,0.2816066,5.0072327
24773,0,2,0.75,0.63247865,0.991453,0.28160703,5.408583
24773,0,2,1,0.5982906,0.96581197,0.28160658,4.9103003
24773,0,3,0,0.53846157,0.96581197,0.3237722,4.3808045
24773,0,3,0.25,0.5470086,0.974359,0.3237722,4.1651707
24773,0,3,0.5,0.52991456,0.96581197,0.3237722,4.0498757
24773,0,3,0.75,0.5641026,1,0.32377177,4.3034277
24773,0,3,1,0.60683763,1,0.3237719,3.7938259
24774,0,1,0,0.974359,0.47008547,0.3219466,4.2798576
24774,0,1,0.25,0.982906,0.47863248,0.3219466,4.3765216
24774,0,1,0.5,0.991453,0.47008547,0.3219465,4.421594
24774,0,1,0.75,1,0.47008547,0.3219465,4.478346
24774,0,1,1,0.991453,0.41880342,0.32194653,4.458098
24774,0,2,0,0.982906,0.47863248,0.46586746,5.8627906
24774,0,2,0.25,0.94871795,0.47863248,0.46586746,5.9491873
24774,0,2,0.5,0.93162394,0.47863248,0.46586746,5.9795885
24774,0,2,0.75,0.93162394,0.46153846,0.46586743,6.054832
24774,0,2,1,0.9145299,0.47008547,0.46586746,6.155862
24774,0,3,0,0.51282054,0.6495727,1.8612093,30.180126
24774,0,3,0.25,0.52991456,0.64102566,1.8612093,30.455523
24774,0,3,0.5,0.4871795,0.6581197,1.8612095,31.016533
24774,0,3,0.75,0.4871795,0.6495727,1.8612095,31.397692
24774,0,3,1,0.4957265,0.63247865,1.8612093,31.827953
24775,0,1,0,0.93162394,0.7948718,0.57485527,5.4571705
24775,0,1,0.25,0.9059829,0.7948718,0.57485527,5.9710245
24775,0,1,0.5,0.8888889,0.8119658,0.57485527,6.8310356
24775,0,1,0.75,0.94871795,0.85470086,0.5748553,6.290123
24775,0,1,1,0.9230769,0.8632479,0.5748553,7.144705
24775,0,2,0,0.94871795,0.45299146,1.3777109,12.559282
24775,0,2,0.25,0.93162394,0.4871795,1.3777109,13.505575
24775,0,2,0.5,0.8888889,0.45299146,1.3777109,12.469557
24775,0,2,0.75,0.8717949,0.46153846,1.377711,14.522738
24775,0,2,1,0.83760685,0.4871795,1.3777109,17.141466
24775,0,3,0,0.4871795,0.94871795,0.31639883,2.6033254
24775,0,3,0.25,0.47863248,0.94017094,0.3163988,3.039898
24775,0,3,0.5,0.47008547,0.95726496,0.3163988,3.057313
24775,0,3,0.75,0.50427353,0.991453,0.31639883,3.136412
24775,0,3,1,0.51282054,0.974359,0.3163988,3.6023693
24776,0,1,0,0.8974359,0.42735043,0.38611647,9.385586
24776,0,1,0.25,0.8974359,0.44444445,0.38611647,7.5793157
24776,0,1,0.5,0.93162394,0.47863248,0.38611645,6.5903926
24776,0,1,0.75,0.96581197,0.45299146,0.38611645,6.0385456
24776,0,1,1,0.94871795,0.43589744,0.38611645,5.489682
24776,0,2,0,0.63247865,0.74358976,0.50440526,6.9869275
24776,0,2,0.25,0.6923077,0.75213677,0.50440526,4.8995724
24776,0,2,0.5,0.74358976,0.7863248,0.50440514,3.3869405
24776,0,2,0.75,0.71794873,0.7692308,0.50440514,2.5199037
24776,0,2,1,0.8034188,0.7692308,0.50440514,2.1772733
24776,0,3,0,0.7606838,0.52991456,0.59496754,15.706144
24776,0,3,0.25,0.7948718,0.5470086,0.59496754,12.355244
24776,0,3,0.5,0.8717949,0.62393165,0.59496766,10.653519
24776,0,3,0.75,0.84615386,0.6752137,0.59496754,9.507391
24776,0,3,1,0.991453,0.6752137,0.59496754,7.978999
24777,0,1,0,0.83760685,0.95726496,0.4360397,5.5261927
24777,0,1,0.25,0.85470086,0.9145299,0.4360397,5.285276
24777,0,1,0.5,0.8888889,0.8803419,0.43603957,5.328457
24777,0,1,0.75,0.8803419,0.82905984,0.4360398,4.4972954
24777,0,1,1,0.8717949,0.8803419,0.43603984,4.2155046
24777,0,2,0,0.41025642,0.95726496,0.48016754,8.1058445
24777,0,2,0.25,0.47008547,0.94017094,0.48016754,10.0199375
24777,0,2,0.5,0.50427353,0.94871795,0.48016745,9.91901
24777,0,2,0.75,0.52991456,0.94017094,0.48016742,7.7545757
24777,0,2,1,0.53846157,0.94017094,0.4801676,6.2990804
24777,0,3,0,0.8034188,0.61538464,1.0353038,17.173836
24777,0,3,0.25,0.75213677,0.44444445,1.0353038,15.608404
24777,0,3,0.5,0.84615386,0.41880342,1.035304,15.615944
24777,0,3,0.75,0.8632479,0.43589744,1.035304,12.434267
24777,0,3,1,0.8632479,0.3846154,1.0353038,9.392807
24778,0,1,0,0.45299146,0.991453,0.35311362,5.8668437
24778,0,1,0.25,0.47863248,0.991453,0.35311362,5.9071956
24778,0,1,0.5,0.47008547,0.982906,0.35311362,5.916432
24778,0,1,0.75,0.47863248,1,0.35311362,6.028093
24778,0,1,1,0.44444445,0.991453,0.35311362,5.94151
24778,0,2,0,0.4871795,0.982906,0.28005138,4.6067924
24778,0,2,0.25,0.4957265,0.96581197,0.28005138,4.5736904
24778,0,2,0.5,0.50427353,0.974359,0.28005126,4.748303
24778,0,2,0.75,0.50427353,0.991453,0.28005126,5.031031
24778,0,2,1,0.45299146,1,0.28005132,5.2659616
24778,0,3,0,0.61538464,0.974359,0.3328741,4.9144135
24778,0,3,0.25,0.5811966,0.94017094,0.33287406,4.993657
24778,0,3,0.5,0.5641026,0.95726496,0.3328741,5.040243
24778,0,3,0.75,0.5726496,0.95726496,0.33287412,5.250863
24778,0,3,1,0.5555556,0.974359,0.33287412,5.196742
24779,0,1,0,0.7692308,0.8717949,1.0785513,14.2225
24779,0,1,0.25,0.8034188,0.7606838,1.0785508,13.715064
24779,0,1,0.5,0.82905984,0.7094017,1.078551,13.711069
24779,0,1,0.75,0.9145299,0.5555556,1.0785509,14.008733
24779,0,1,1,0.93162394,0.53846157,1.078551,13.70496
24779,0,2,0,0.85470086,0.8888889,0.65649796,8.84597
24779,0,2,0.25,0.8888889,0.83760685,0.65649796,7.916131
24779,0,2,0.5,0.8888889,0.71794873,0.65649796,7.8674803
24779,0,2,0.75,0.93162394,0.6666667,0.65649796,8.323603
24779,0,2,1,0.9059829,0.6495727,0.65649796,8.279074
24779,0,3,0,0.83760685,0.9230769,0.61623573,5.5684295
24779,0,3,0.25,0.7863248,0.93162394,0.61623573,5.558505
24779,0,3,0.5,0.7777778,0.8632479,0.6162357,6.2949495
24779,0,3,0.75,0.73504275,0.8632479,0.61623615,7.145802
24779,0,3,1,0.6495727,0.82905984,0.6162359,8.389105
24780,0,1,0,0.5555556,0.7777778,1.6336898,11.508884
24780,0,1,0.25,0.5897436,0.7863248,1.6336896,11.577781
24780,0,1,0.5,0.60683763,0.7777778,1.6336898,11.518799
24780,0,1,0.75,0.5897436,0.7777778,1.6336896,11.610029
24780,0,1,1,0.5897436,0.7948718,1.6336898,11.62924
24780,0,2,0,0.7008547,0.4957265,0.9686541,8.972997
24780,0,2,0.25,0.7094017,0.47863248,0.9686541,8.854451
24780,0,2,0.5,0.71794873,0.47863248,0.9686541,8.847871
24780,0,2,0.75,0.73504275,0.4871795,0.9686542,8.973922
24780,0,2,1,0.74358976,0.4871795,0.9686542,8.970242
24780,0,3,0,0.8803419,0.42735043,1.7896663,18.79615
24780,0,3,0.25,0.9145299,0.42735043,1.7896663,18.888859
24780,0,3,0.5,0.9059829,0.44444445,1.7896662,18.87967
24780,0,3,0.75,0.9059829,0.44444445,1.7896663,18.861942
24780,0,3,1,0.9059829,0.45299146,1.7896662,19.12046
24781,0,1,0,0.974359,0.3931624,0.49864027,4.1558313
24781,0,1,0.25,0.96581197,0.41025642,0.49864036,4.4719353
24781,0,1,0.5,0.94871795,0.42735043,0.49864027,4.716876
24781,0,1,0.75,0.94017094,0.43589744,0.4986405,5.040515
24781,0,1,1,0.8974359,0.42735043,0.49864027,5.170206
24781,0,2,0,0.46153846,0.93162394,0.69801676,3.183465
24781,0,2,0.25,0.44444445,0.8974359,0.6980166,3.1002655
24781,0,2,0.5,0.45299146,0.9145299,0.6980165,3.176612
24781,0,2,0.75,0.42735043,0.85470086,0.6980167,3.1954527
24781,0,2,1,0.4017094,0.84615386,0.69801676,3.251728
24781,0,3,0,0.46153846,0.8119658,2.208331,19.51125
24781,0,3,0.25,0.47863248,0.8034188,2.2083309,19.630253
24781,0,3,0.5,0.4871795,0.7692308,2.208331,19.222607
24781,0,3,0.75,0.46153846,0.7948718,2.208331,19.271355
24781,0,3,1,0.41880342,0.7863248,2.208331,19.11161
24782,0,1,0,0.8632479,0.82051283,0.44937897,4.95627
24782,0,1,0.25,0.83760685,0.7777778,0.4493789,5.073678
24782,0,1,0.5,0.83760685,0.7692308,0.44937876,5.3906035
24782,0,1,0.75,0.7948718,0.7606838,0.44937903,5.6327734
24782,0,1,1,0.82905984,0.7692308,0.44937897,6.0040655
24782,0,2,0,0.84615386,0.8717949,0.35907838,5.9286833
24782,0,2,0.25,0.8034188,0.8717949,0.35907844,6.066369
24782,0,2,0.5,0.82051283,0.82905984,0.35907847,6.3567953
24782,0,2,0.75,0.8034188,0.84615386,0.35907847,6.628131
24782,0,2,1,0.7863248,0.8717949,0.35907838,6.938232
24782,0,3,0,0.94871795,0.4871795,0.5128465,4.5777507
24782,0,3,0.25,0.94871795,0.50427353,0.5128465,4.4805593
24782,0,3,0.5,0.96581197,0.53846157,0.5128465,4.461563
24782,0,3,0.75,0.96581197,0.53846157,0.5128465,4.4472084
24782,0,3,1,0.96581197,0.4957265,0.5128465,4.6109924
24783,0,1,0,0.8119658,0.9145299,0.6943405,4.4796834
24783,0,1,0.25,0.82905984,0.8974359,0.6943405,4.481141
24783,0,1,0.5,0.7948718,0.9059829,0.69434077,4.500959
24783,0,1,0.75,0.8119658,0.9145299,0.694341,4.4911737
24783,0,1,1,0.75213677,0.9145299,0.6943405,4.3386116
24783,0,2,0,0.974359,0.7948718,0.47688133,2.3613608
24783,0,2,0.25,0.974359,0.7863248,0.4768815,2.4132724
24783,0,2,0.5,0.94871795,0.8119658,0.47688153,2.4257264
24783,0,2,0.75,0.974359,0.82051283,0.47688115,2.4056852
24783,0,2,1,0.974359,0.82905984,0.47688133,2.4296494
24783,0,3,0,1,0.60683763,0.29896328,1.5386517
24783,0,3,0.25,0.982906,0.64102566,0.29896328,1.5907733
24783,0,3,0.5,1,0.6666667,0.29896328,1.6446977
24783,0,3,0.75,1,0.6752137,0.29896334,1.6974622
24783,0,3,1,1,0.6666667,0.29896328,1.727344
24784,0,1,0,0.8632479,0.8034188,0.37232018,6.6556044
24784,0,1,0.25,0.83760685,0.8888889,0.3723202,6.224294
24784,0,1,0.5,0.8034188,0.9059829,0.37232026,5.708726
24784,0,1,0.75,0.73504275,0.85470086,0.37232015,4.866783
24784,0,1,1,0.7692308,0.8974359,0.3723202,4.1567793
24784,0,2,0,0.9145299,0.7863248,0.2808211,4.9242306
24784,0,2,0.25,0.8632479,0.8119658,0.2808211,5.5400543
24784,0,2,0.5,0.83760685,0.8974359,0.28082114,5.8559675
24784,0,2,0.75,0.82905984,0.8974359,0.2808211,5.4296074
24784,0,2,1,0.7777778,0.9230769,0.2808212,4.8509855
24784,0,3,0,0.982906,0.43589744,0.3294086,2.6216547
24784,0,3,0.25,0.974359,0.47008547,0.3294086,2.732767
24784,0,3,0.5,0.94871795,0.43589744,0.32940856,3.1180992
24784,0,3,0.75,0.96581197,0.44444445,0.3294085,3.6058288
24784,0,3,1,0.93162394,0.47863248,0.32940865,3.8319201
24785,0,1,0,0.45299146,0.52136755,2.801943,33.11311
24785,0,1,0.25,0.43589744,0.52136755,2.801943,33.915787
24785,0,1,0.5,0.44444445,0.53846157,2.8019433,32.11637
24785,0,1,0.75,0.43589744,0.5555556,2.801943,32.288563
24785,0,1,1,0.44444445,0.53846157,2.801943,32.72873
24785,0,2,0,0.9145299,0.5811966,0.4035773,5.534947
24785,0,2,0.25,0.93162394,0.5726496,0.4035773,5.4084115
24785,0,2,0.5,0.9145299,0.5811966,0.4035773,5.2320232
24785,0,2,0.75,0.9145299,0.5726496,0.4035773,5.0176044
24785,0,2,1,0.94017094,0.5470086,0.4035773,4.898873
24785,0,3,0,0.41880342,0.8632479,1.0156119,5.460821
24785,0,3,0.25,0.41880342,0.9145299,1.0156116,5.590229
24785,0,3,0.5,0.46153846,0.9230769,1.0156121,5.7453766
24785,0,3,0.75,0.50427353,0.93162394,1.0156119,5.473894
24785,0,3,1,0.4871795,0.94871795,1.0156119,5.2978287
24786,0,1,0,0.991453,0.51282054,0.3455231,6.2239637
24786,0,1,0.25,0.991453,0.52136755,0.34552306,6.327975
24786,0,1,0.5,1,0.52136755,0.3455231,6.3911443
24786,0,1,0.75,1,0.52991456,0.34552306,6.42319
24786,0,1,1,0.974359,0.53846157,0.3455231,6.4296875
24786,0,2,0,0.974359,0.5726496,0.6432655,8.045317
24786,0,2,0.25,0.974359,0.5811966,0.6432656,7.88797
24786,0,2,0.5,0.991453,0.5811966,0.6432655,7.762562
24786,0,2,0.75,0.991453,0.5555556,0.64326555,7.542419
24786,0,2,1,0.982906,0.5726496,0.6432655,7.4033284
24786,0,3,0,0.84615386,0.74358976,0.38910893,5.4638977
24786,0,3,0.25,0.8632479,0.75213677,0.38910896,5.3688436
24786,0,3,0.5,0.8632479,0.7606838,0.38910893,5.3394732
24786,0,3,0.75,0.8632479,0.7692308,0.38910893,5.283125
24786,0,3,1,0.84615386,0.7692308,0.38910887,5.1843786
24787,0,1,0,0.93162394,0.47863248,0.57896316,6.0672426
24787,0,1,0.25,0.982906,0.50427353,0.57896316,6.196906
24787,0,1,0.5,0.94017094,0.47863248,0.57896316,6.454939
24787,0,1,0.75,0.95726496,0.51282054,0.5789632,6.9070168
24787,0,1,1,0.95726496,0.5555556,0.5789633,7.7820587
24787,0,2,0,0.62393165,0.95726496,1.4176965,8.449569
24787,0,2,0.25,0.64102566,0.974359,1.4176965,9.147417
24787,0,2,0.5,0.61538464,0.95726496,1.4176965,10.55908
24787,0,2,0.75,0.60683763,0.9230769,1.4176965,11.654816
24787,0,2,1,0.5811966,0.8888889,1.4176965,12.807068
24787,0,3,0,0.44444445,0.94017094,1.7319908,13.988483
24787,0,3,0.25,0.47863248,0.8974359,1.7319908,16.742878
24787,0,3,0.5,0.47863248,0.8888889,1.7319908,18.916794
24787,0,3,0.75,0.43589744,0.8803419,1.7319908,20.327518
24787,0,3,1,0.41880342,0.82051283,1.7319908,23.101667
24788,0,1,0,0.93162394,0.6581197,0.52023447,4.714263
24788,0,1,0.25,0.96581197,0.6581197,0.52023447,4.9105015
24788,0,1,0.5,0.96581197,0.6752137,0.52023447,4.8787093
24788,0,1,0.75,0.974359,0.6495727,0.5202345,4.6625724
24788,0,1,1,0.96581197,0.63247865,0.520234,4.3779316
24788,0,2,0,0.82051283,0.982906,0.28982925,1.6675909
24788,0,2,0.25,0.84615386,0.991453,0.28982925,1.7108693
24788,0,2,0.5,0.85470086,0.974359,0.28982925,1.681735
24788,0,2,0.75,0.8717949,0.96581197,0.28982925,1.6590884
24788,0,2,1,0.8632479,0.991453,0.28982928,1.594793
24788,0,3,0,0.7863248,0.96581197,0.2567209,1.9450102
24788,0,3,0.25,0.7948718,0.94871795,0.25672105,1.9017293
24788,0,3,0.5,0.7948718,0.96581197,0.2567209,1.925445
24788,0,3,0.75,0.7777778,0.991453,0.25672105,1.8898599
24788,0,3,1,0.7692308,1,0.2567209,1.8317065
24789,0,1,0,0.94017094,0.82051283,0.53687197,6.6597877
24789,0,1,0.25,0.9230769,0.82051283,0.53687197,6.625469
24789,0,1,0.5,0.9230769,0.8119658,0.5368721,6.597033
24789,0,1,0.75,0.94871795,0.8119658,0.53687197,6.6342926
24789,0,1,1,0.94871795,0.82051283,0.5368721,6.7027044
24789,0,2,0,0.84615386,0.6923077,0.6229755,8.580486
24789,0,2,0.25,0.83760685,0.6923077,0.6229755,8.589876
24789,0,2,0.5,0.82905984,0.7008547,0.6229755,8.543105
24789,0,2,0.75,0.8119658,0.6923077,0.6229755,8.515106
24789,0,2,1,0.82051283,0.7008547,0.6229755,8.5781555
24789,0,3,0,0.51282054,0.61538464,2.5029898,39.090416
24789,0,3,0.25,0.51282054,0.60683763,2.5029898,38.611626
24789,0,3,0.5,0.4871795,0.60683763,2.50299,38.4047
24789,0,3,0.75,0.52136755,0.6495727,2.50299,39.202408
24789,0,3,1,0.52136755,0.62393165,2.50299,39.627357
24790,0,1,0,0.93162394,0.93162394,0.41444254,7.4270487
24790,0,1,0.25,0.8632479,0.974359,0.41444275,7.1468096
24790,0,1,0.5,0.74358976,0.95726496,0.41444254,6.5046363
24790,0,1,0.75,0.6837607,0.982906,0.41444263,6.416012
24790,0,1,1,0.6666667,0.991453,0.41444263,5.3594685
24790,0,2,0,0.60683763,0.982906,0.32485378,5.2613354
24790,0,2,0.25,0.6495727,0.991453,0.32485345,5.1347704
24790,0,2,0.5,0.7008547,0.974359,0.32485378,4.756007
24790,0,2,0.75,0.6837607,0.974359,0.32485372,4.399427
24790,0,2,1,0.73504275,0.991453,0.32485372,3.5449314
24790,0,3,0,0.982906,0.64102566,0.47784275,7.158428
24790,0,3,0.25,0.96581197,0.6837607,0.47784275,7.9164906
24790,0,3,0.5,0.95726496,0.83760685,0.47784275,8.218422
24790,0,3,0.75,0.9145299,0.96581197,0.4778426,8.415244
24790,0,3,1,0.82051283,1,0.4778426,7.563361
24791,0,1,0,0.5470086,0.8717949,1.239412,11.699183
24791,0,1,0.25,0.5470086,0.8803419,1.2394116,11.692806
24791,0,1,0.5,0.5982906,0.8888889,1.2394117,11.402751
24791,0,1,0.75,0.5897436,0.9145299,1.2394118,11.115116
24791,0,1,1,0.60683763,0.9230769,1.239412,10.725138
24791,0,2,0,0.94871795,0.5811966,2.2495344,6.8213835
24791,0,2,0.25,0.96581197,0.5726496,2.2495348,6.7444224
24791,0,2,0.5,1,0.5811966,2.2495348,6.7928514
24791,0,2,0.75,0.991453,0.5726496,2.249535,6.750836
24791,0,2,1,0.982906,0.5726496,2.2495344,6.7254157
24791,0,3,0,0.9230769,0.72649574,0.79585403,6.485875
24791,0,3,0.25,0.9145299,0.6923077,0.79585385,6.3518076
24791,0,3,0.5,0.94871795,0.6495727,0.79585403,6.2510858
24791,0,3,0.75,0.95726496,0.6666667,0.79585403,6.2472205
24791,0,3,1,0.95726496,0.7008547,0.79585403,6.178197
24792,0,1,0,0.82051283,0.8034188,0.88579595,13.210209
24792,0,1,0.25,0.85470086,0.6923077,0.8857956,12.192532
24792,0,1,0.5,0.8888889,0.6495727,0.88579553,12.345046
24792,0,1,0.75,0.9230769,0.5555556,0.8857963,11.576059
24792,0,1,1,0.95726496,0.51282054,0.8857959,10.158191
24792,0,2,0,0.94871795,0.83760685,0.34038305,5.181175
24792,0,2,0.25,0.94017094,0.7863248,0.34038267,5.014532
24792,0,2,0.5,0.94871795,0.6581197,0.34038267,5.098095
24792,0,2,0.75,0.982906,0.6752137,0.34038344,4.917042
24792,0,2,1,0.982906,0.60683763,0.34038305,4.364108
24792,0,3,0,0.35897437,0.95726496,0.80906165,8.418764
24792,0,3,0.25,0.41025642,0.93162394,0.8090615,7.7366285
24792,0,3,0.5,0.4871795,0.93162394,0.80906165,7.2637873
24792,0,3,0.75,0.5555556,0.974359,0.8090618,6.646123
24792,0,3,1,0.5641026,1,0.80906165,4.8915977
24793,0,1,0,0.95726496,0.3931624,0.27568254,1.9151187
24793,0,1,0.25,0.974359,0.3931624,0.27568254,2.3678288
24793,0,1,0.5,0.982906,0.36752138,0.27568293,3.9780407
24793,0,1,0.75,0.93162394,0.47008547,0.275683,2.9297442
24793,0,1,1,0.94871795,0.47008547,0.27568248,2.6789937
24793,0,2,0,0.84615386,0.9145299,0.31434733,2.6204305
24793,0,2,0.25,0.8888889,0.94017094,0.3143473,2.739316
24793,0,2,0.5,0.9145299,0.9059829,0.31434733,2.988619
24793,0,2,0.75,0.8974359,0.9230769,0.31434768,1.7580664
24793,0,2,1,0.9059829,0.95726496,0.31434727,1.3984084
24793,0,3,0,0.974359,0.6837607,0.36523938,3.5795093
24793,0,3,0.25,0.94871795,0.6923077,0.36523938,3.9752502
24793,0,3,0.5,0.82905984,0.7008547,0.36523938,5.0048037
24793,0,3,0.75,0.94871795,0.7606838,0.365239,3.0303311
24793,0,3,1,0.95726496,0.75213677,0.36523932,2.1879635
24794,0,1,0,0.83760685,0.45299146,0.86910295,11.854588
24794,0,1,0.25,0.8717949,0.47008547,0.8691029,12.499971
24794,0,1,0.5,0.84615386,0.52136755,0.86910284,12.905828
24794,0,1,0.75,0.82905984,0.53846157,0.86910284,13.809265
24794,0,1,1,0.7948718,0.51282054,0.86910295,14.705946
24794,0,2,0,0.95726496,0.35897437,0.31534106,4.420916
24794,0,2,0.25,0.95726496,0.35042736,0.31534094,4.688195
24794,0,2,0.5,0.94871795,0.3931624,0.31534088,4.813173
24794,0,2,0.75,0.94871795,0.41025642,0.31534094,5.11364
24794,0,2,1,0.94871795,0.3931624,0.31534106,5.31696
24794,0,3,0,0.3931624,0.94871795,0.5507789,4.10681
24794,0,3,0.25,0.3846154,0.9230769,0.55077916,4.546311
24794,0,3,0.5,0.3931624,0.95726496,0.55077916,4.6444087
24794,0,3,0.75,0.41025642,0.94871795,0.55077916,5.054848
24794,0,3,1,0.41880342,0.94871795,0.5507789,5.509392
24795,0,1,0,0.5811966,0.7948718,1.6693102,18.907093
24795,0,1,0.25,0.5811966,0.8717949,1.6693103,19.27365
24795,0,1,0.5,0.5470086,0.8888889,1.6693101,19.301338
24795,0,1,0.75,0.42735043,0.82051283,1.6693102,19.150873
24795,0,1,1,0.36752138,0.84615386,1.6693102,19.053967
24795,0,2,0,0.44444445,0.8034188,1.4401946,18.873554
24795,0,2,0.25,0.47863248,0.85470086,1.4401946,17.701296
24795,0,2,0.5,0.46153846,0.9145299,1.4401946,16.185356
24795,0,2,0.75,0.41880342,0.9059829,1.4401946,13.7017565
24795,0,2,1,0.3846154,0.9230769,1.4401946,12.18879
24795,0,3,0,0.46153846,0.982906,0.29374844,3.4827352
24795,0,3,0.25,0.50427353,0.95726496,0.2937484,3.5457525
24795,0,3,0.5,0.4957265,0.974359,0.2937484,3.5470657
24795,0,3,0.75,0.47008547,0.982906,0.29374832,3.5536578
24795,0,3,1,0.4871795,0.94017094,0.29374847,3.6583676
24796,0,1,0,0.9230769,0.8119658,0.44704968,6.7426615
24796,0,1,0.25,0.974359,0.8034188,0.4470495,6.761467
24796,0,1,0.5,0.974359,0.8034188,0.44704986,6.7853336
24796,0,1,0.75,0.94871795,0.8034188,0.44704968,6.747783
24796,0,1,1,0.9230769,0.82051283,0.44704962,6.768612
24796,0,2,0,0.7863248,0.74358976,0.5369939,10.819478
24796,0,2,0.25,0.7948718,0.7606838,0.53699386,10.706322
24796,0,2,0.5,0.82051283,0.7777778,0.5369939,10.7020645
24796,0,2,0.75,0.82051283,0.7948718,0.53699374,10.563367
24796,0,2,1,0.82051283,0.82905984,0.53699386,10.243693
24796,0,3,0,0.6581197,0.8888889,0.4022543,8.147151
24796,0,3,0.25,0.6923077,0.8717949,0.4022543,7.9054565
24796,0,3,0.5,0.71794873,0.9059829,0.4022543,7.8274145
24796,0,3,0.75,0.72649574,0.8888889,0.40225455,7.611056
24796,0,3,1,0.7008547,0.8717949,0.4022543,7.4341145
24797,0,1,0,0.5811966,0.8974359,0.5373855,5.2006493
24797,0,1,0.25,0.53846157,0.94017094,0.5373852,4.266059
24797,0,1,0.5,0.5555556,1,0.53738546,4.7751107
24797,0,1,0.75,0.5897436,0.9145299,0.5373853,8.137484
24797,0,1,1,0.53846157,0.94017094,0.5373856,8.030501
24797,0,2,0,0.7606838,0.8632479,1.0489981,6.70323
24797,0,2,0.25,0.72649574,0.8974359,1.0489981,6.1440487
24797,0,2,0.5,0.72649574,0.8974359,1.048998,7.1752396
24797,0,2,0.75,0.7606838,0.75213677,1.0489981,11.438083
24797,0,2,1,0.6495727,0.6923077,1.0489981,12.819685
24797,0,3,0,0.6581197,0.8632479,0.59337366,5.148986
24797,0,3,0.25,0.6923077,0.8974359,0.59337366,5.0587606
24797,0,3,0.5,0.7777778,0.991453,0.5933734,5.1785526
24797,0,3,0.75,0.85470086,0.8974359,0.59337366,5.437805
24797,0,3,1,0.84615386,0.84615386,0.59337366,5.770258
24798,0,1,0,0.60683763,0.93162394,0.6340628,3.0428045
24798,0,1,0.25,0.62393165,0.93162394,0.6340628,3.0728636
24798,0,1,0.5,0.63247865,0.9230769,0.6340628,3.1795685
24798,0,1,0.75,0.61538464,0.8888889,0.6340628,3.2728415
24798,0,1,1,0.64102566,0.8632479,0.6340628,3.2443943
24798,0,2,0,0.8717949,0.41880342,0.46044964,7.383335
24798,0,2,0.25,0.8803419,0.4017094,0.46044964,7.483078
24798,0,2,0.5,0.9059829,0.41880342,0.46044964,7.5359507
24798,0,2,0.75,0.9145299,0.3846154,0.46044964,7.52479
24798,0,2,1,0.93162394,0.3931624,0.46044964,7.586544
24798,0,3,0,0.5641026,0.94017094,0.43509626,2.0317788
24798,0,3,0.25,0.5641026,0.982906,0.43509594,2.0725179
24798,0,3,0.5,0.5726496,0.974359,0.43509626,2.1351824
24798,0,3,0.75,0.5811966,0.96581197,0.43509656,2.18581
24798,0,3,1,0.5726496,0.94871795,0.43509626,2.1711955
24799,0,1,0,0.991453,0.41025642,0.2879995,3.3085628
24799,0,1,0.25,0.982906,0.43589744,0.28799948,2.8649828
24799,0,1,0.5,0.991453,0.44444445,0.28799948,2.590214
24799,0,1,0.75,0.982906,0.42735043,0.2879996,2.5875344
24799,0,1,1,0.982906,0.45299146,0.28799948,2.4632025
24799,0,2,0,0.95726496,0.63247865,0.517699,5.6368
24799,0,2,0.25,0.982906,0.5726496,0.517699,4.18892
24799,0,2,0.5,1,0.5470086,0.51769906,3.6229625
24799,0,2,0.75,0.96581197,0.5897436,0.51769906,4.0409994
24799,0,2,1,0.991453,0.53846157,0.51769906,3.4946985
24799,0,3,0,0.974359,0.43589744,0.5495313,8.381119
24799,0,3,0.25,0.95726496,0.41880342,0.54953134,6.7106028
24799,0,3,0.5,1,0.41025642,0.5495314,6.0240746
24799,0,3,0.75,0.982906,0.46153846,0.5495314,6.303645
24799,0,3,1,0.982906,0.41880342,0.5495314,5.853508
24800,0,1,0,0.94871795,0.82905984,0.25049466,3.4946623
24800,0,1,0.25,0.94871795,0.82905984,0.25049466,3.5287108
24800,0,1,0.5,0.94871795,0.8119658,0.25049466,3.5485172
24800,0,1,0.75,0.95726496,0.7692308,0.2504946,3.441398
24800,0,1,1,0.94871795,0.7606838,0.25049466,3.6730242
24800,0,2,0,0.9230769,0.52136755,1.6081157,19.32925
24800,0,2,0.25,0.8888889,0.52991456,1.6081157,20.434586
24800,0,2,0.5,0.84615386,0.51282054,1.6081157,20.951866
24800,0,2,0.75,0.82051283,0.5726496,1.6081157,22.19422
24800,0,2,1,0.7692308,0.6752137,1.6081157,23.889153
24800,0,3,0,0.83760685,0.8717949,0.67558825,9.666176
24800,0,3,0.25,0.82051283,0.8974359,0.67558825,10.639609
24800,0,3,0.5,0.72649574,0.8974359,0.67558825,10.92322
24800,0,3,0.75,0.6666667,0.95726496,0.6755882,11.21536
24800,0,3,1,0.53846157,0.96581197,0.67558825,11.383576
24801,0,1,0,0.82905984,0.82905984,0.70670676,10.535126
24801,0,1,0.25,0.7777778,0.7606838,0.7067067,10.815491
24801,0,1,0.5,0.82905984,0.7606838,0.7067067,11.498294
24801,0,1,0.75,0.8717949,0.7606838,0.7067063,11.101204
24801,0,1,1,0.85470086,0.6495727,0.70670676,10.629033
24801,0,2,0,0.4957265,0.93162394,0.43792632,3.6510231
24801,0,2,0.25,0.46153846,1,0.4379268,4.274686
24801,0,2,0.5,0.43589744,0.93162394,0.43792623,4.8157043
24801,0,2,0.75,0.47863248,0.95726496,0.43792585,4.9936767
24801,0,2,1,0.50427353,0.94017094,0.43792632,5.081364
24801,0,3,0,0.8034188,0.7948718,0.6133526,6.282467
24801,0,3,0.25,0.8119658,0.84615386,0.61335254,7.1398926
24801,0,3,0.5,0.8034188,0.82905984,0.6133526,7.5965643
24801,0,3,0.75,0.84615386,0.85470086,0.6133524,7.5534897
24801,0,3,1,0.85470086,0.7948718,0.6133526,7.5610256
24802,0,1,0,0.96581197,0.6752137,0.38441813,4.5123982
24802,0,1,0.25,0.95726496,0.6752137,0.38441813,4.451562
24802,0,1,0.5,0.991453,0.6923077,0.38441816,4.508547
24802,0,1,0.75,1,0.6923077,0.38441813,4.553811
24802,0,1,1,0.974359,0.7008547,0.38441813,4.506718
24802,0,2,0,0.82905984,0.7948718,0.38352108,4.0642624
24802,0,2,0.25,0.82051283,0.7692308,0.38352108,4.068969
24802,0,2,0.5,0.85470086,0.7777778,0.3835211,4.0342145
24802,0,2,0.75,0.83760685,0.7692308,0.38352102,4.03301
24802,0,2,1,0.82905984,0.74358976,0.38352108,3.9998765
24802,0,3,0,0.8888889,0.7692308,0.30249336,2.3621402
24802,0,3,0.25,0.9059829,0.7777778,0.30249327,2.3298922
24802,0,3,0.5,0.9145299,0.75213677,0.30249336,2.2907884
24802,0,3,0.75,0.9230769,0.7606838,0.30249342,2.3009937
24802,0,3,1,0.8803419,0.7606838,0.30249336,2.2699347
24803,0,1,0,0.64102566,0.9059829,0.2633856,7.843047
24803,0,1,0.25,0.6495727,0.9145299,0.26338565,7.5701456
24803,0,1,0.5,0.6581197,0.9230769,0.2633856,7.3477955
24803,0,1,0.75,0.60683763,0.9145299,0.2633856,6.975228
24803,0,1,1,0.62393165,0.9230769,0.2633856,6.8383603
24803,0,2,0,0.43589744,0.8717949,0.48889858,11.559516
24803,0,2,0.25,0.44444445,0.8974359,0.48889866,10.899178
24803,0,2,0.5,0.44444445,0.8888889,0.48889866,10.731487
24803,0,2,0.75,0.4017094,0.95726496,0.48889858,10.902555
24803,0,2,1,0.4017094,0.96581197,0.48889866,10.508364
24803,0,3,0,0.51282054,0.94871795,0.27186,6.0368843
24803,0,3,0.25,0.51282054,0.9059829,0.27186,5.9178953
24803,0,3,0.5,0.52136755,0.8974359,0.27186,5.7683425
24803,0,3,0.75,0.50427353,0.8803419,0.27186024,5.702216
24803,0,3,1,0.51282054,0.9145299,0.27186012,5.57401
24804,0,1,0,0.982906,0.62393165,0.8777972,6.9269943
24804,0,1,0.25,0.95726496,0.6752137,0.8777971,7.425418
24804,0,1,0.5,0.982906,0.71794873,0.8777971,8.232523
24804,0,1,0.75,0.991453,0.7863248,0.8777971,8.922117
24804,0,1,1,0.94871795,0.9230769,0.8777971,9.297598
24804,0,2,0,0.6581197,1,0.3312174,3.355766
24804,0,2,0.25,0.63247865,0.991453,0.33121735,3.6389189
24804,0,2,0.5,0.5897436,0.982906,0.33121735,3.9287634
24804,0,2,0.75,0.5641026,0.96581197,0.3312175,4.0668774
24804,0,2,1,0.5555556,0.991453,0.33121744,4.0264335
24804,0,3,0,0.84615386,0.5555556,1.5509849,19.905825
24804,0,3,0.25,0.7692308,0.61538464,1.5509849,19.848957
24804,0,3,0.5,0.7692308,0.7606838,1.550985,18.92614
24804,0,3,0.75,0.7606838,0.83760685,1.550985,18.5559
24804,0,3,1,0.74358976,0.8803419,1.5509849,17.756685
24805,0,1,0,0.8119658,0.8632479,0.6094409,8.705524
24805,0,1,0.25,0.75213677,0.8632479,0.6094409,7.524458
24805,0,1,0.5,0.7606838,0.93162394,0.6094409,5.835388
24805,0,1,0.75,0.7606838,0.94871795,0.6094408,4.2108603
24805,0,1,1,0.74358976,0.8717949,0.60944086,3.3798835
24805,0,2,0,0.8974359,0.5555556,0.3955823,4.772229
24805,0,2,0.25,0.974359,0.52136755,0.39558232,3.8941927
24805,0,2,0.5,0.96581197,0.52991456,0.39558232,2.787879
24805,0,2,0.75,1,0.51282054,0.39558232,1.7280126
24805,0,2,1,0.96581197,0.52991456,0.39558235,1.5315182
24805,0,3,0,0.82905984,0.6837607,0.6869985,2.9323437
24805,0,3,0.25,0.8974359,0.7777778,0.6869984,3.0311053
24805,0,3,0.5,0.9230769,0.7948718,0.68699837,3.811194
24805,0,3,0.75,0.7606838,0.6495727,0.6869984,4.5635567
24805,0,3,1,0.6581197,0.5897436,0.6869984,6.288125
24806,0,1,0,0.8803419,0.50427353,0.6546488,9.807422
24806,0,1,0.25,0.83760685,0.47863248,0.6546488,12.810627
24806,0,1,0.5,0.71794873,0.62393165,0.6546488,15.7900505
24806,0,1,0.75,0.62393165,0.61538464,0.6546488,17.74419
24806,0,1,1,0.5470086,0.73504275,0.6546488,19.871464
24806,0,2,0,0.94871795,0.53846157,0.25560516,3.6726189
24806,0,2,0.25,0.991453,0.5811966,0.2556052,3.3688302
24806,0,2,0.5,0.8632479,0.5555556,0.25560516,2.9581394
24806,0,2,0.75,0.83760685,0.53846157,0.2556052,3.640481
24806,0,2,1,0.85470086,0.5470086,0.25560516,4.8137627
24806,0,3,0,0.85470086,0.6581197,0.40257278,6.1872053
24806,0,3,0.25,0.82051283,0.71794873,0.40257278,8.343758
24806,0,3,0.5,0.6923077,0.74358976,0.40257278,9.427221
24806,0,3,0.75,0.6495727,0.72649574,0.40257278,9.34327
24806,0,3,1,0.5470086,0.7008547,0.40257278,8.145225
24807,0,1,0,0.95726496,0.71794873,0.26968592,3.1236258
24807,0,1,0.25,0.974359,0.7008547,0.26968592,3.1312082
24807,0,1,0.5,0.94871795,0.6837607,0.2696857,3.2250457
24807,0,1,0.75,0.94017094,0.6666667,0.26968592,3.3852088
24807,0,1,1,0.93162394,0.5811966,0.26968592,3.9777572
24807,0,2,0,0.93162394,0.35042736,0.813388,11.275031
24807,0,2,0.25,0.94017094,0.37606838,0.8133877,11.640154
24807,0,2,0.5,0.94871795,0.35897437,0.81338835,12.077101
24807,0,2,0.75,0.94017094,0.3931624,0.8133878,14.759415
24807,0,2,1,0.84615386,0.3931624,0.813388,19.35582
24807,0,3,0,0.96581197,0.44444445,0.5699072,5.2373786
24807,0,3,0.25,0.982906,0.47863248,0.5699072,5.7732267
24807,0,3,0.5,0.96581197,0.4957265,0.56990695,6.2977085
24807,0,3,0.75,0.9145299,0.47863248,0.5699072,7.224759
24807,0,3,1,0.8717949,0.50427353,0.5699071,8.834663
24808,0,1,0,0.82905984,0.8888889,0.832325,5.701309
24808,0,1,0.25,0.8119658,0.9059829,0.8323247,5.6392174
24808,0,1,0.5,0.82051283,0.9145299,0.832325,5.5523605
24808,0,1,0.75,0.8119658,0.9059829,0.8323251,5.4212575
24808,0,1,1,0.8119658,0.9059829,0.832325,5.3396997
24808,0,2,0,0.8034188,0.93162394,0.7476941,6.9532957
24808,0,2,0.25,0.8034188,0.93162394,0.74769396,6.8816757
24808,0,2,0.5,0.8034188,0.9230769,0.74769396,6.85124
24808,0,2,0.75,0.8119658,0.9230769,0.7476941,6.778922
24808,0,2,1,0.82051283,0.93162394,0.7476941,6.724557
24808,0,3,0,0.95726496,0.74358976,0.95730275,7.504619
24808,0,3,0.25,0.95726496,0.72649574,0.95730245,7.365591
24808,0,3,0.5,0.96581197,0.7094017,0.95730275,7.2729716
24808,0,3,0.75,0.96581197,0.6923077,0.9573028,7.1106615
24808,0,3,1,0.96581197,0.6837607,0.95730275,6.9723196
24809,0,1,0,0.6495727,0.991453,0.49491453,7.4562044
24809,0,1,0.25,0.6495727,0.974359,0.4949146,7.5020866
24809,0,1,0.5,0.6495727,0.96581197,0.4949145,7.552676
24809,0,1,0.75,0.63247865,0.982906,0.4949146,7.5710526
24809,0,1,1,0.63247865,0.991453,0.49491453,7.5254593
24809,0,2,0,0.5811966,0.8974359,1.6615525,25.828112
24809,0,2,0.25,0.60683763,0.82905984,1.6615527,25.71983
24809,0,2,0.5,0.5982906,0.8632479,1.6615525,25.788624
24809,0,2,0.75,0.5726496,0.8632479,1.6615525,26.10748
24809,0,2,1,0.5811966,0.8717949,1.6615525,26.25148
24809,0,3,0,0.8717949,0.8119658,0.41195676,6.5146403
24809,0,3,0.25,0.8717949,0.82051283,0.41195682,6.5109205
24809,0,3,0.5,0.8717949,0.8119658,0.41195676,6.5115614
24809,0,3,0.75,0.85470086,0.7863248,0.41195664,6.4191556
24809,0,3,1,0.8632479,0.75213677,0.4119567,6.2042885
24810,0,1,0,0.85470086,0.6923077,1.0744478,18.996943
24810,0,1,0.25,0.8119658,0.72649574,1.0744478,16.571424
24810,0,1,0.5,0.8034188,0.7606838,1.0744478,13.60887
24810,0,1,0.75,0.8034188,0.7606838,1.0744478,11.645736
24810,0,1,1,0.85470086,0.7777778,1.0744478,10.830851
24810,0,2,0,0.8803419,0.5811966,1.0410314,19.23802
24810,0,2,0.25,0.8034188,0.60683763,1.0410312,17.03469
24810,0,2,0.5,0.7948718,0.63247865,1.0410312,14.06111
24810,0,2,0.75,0.7863248,0.6923077,1.0410314,12.005379
24810,0,2,1,0.82051283,0.71794873,1.0410314,10.770388
24810,0,3,0,0.63247865,0.6495727,1.3387827,13.903495
24810,0,3,0.25,0.7094017,0.72649574,1.3387827,10.827227
24810,0,3,0.5,0.71794873,0.7863248,1.3387829,8.639762
24810,0,3,0.75,0.7863248,0.9230769,1.3387828,7.356079
24810,0,3,1,0.7863248,0.93162394,1.3387828,6.501336
24811,0,1,0,0.6581197,0.50427353,0.7564801,20.161556
24811,0,1,0.25,0.6666667,0.52136755,0.7564802,19.116777
24811,0,1,0.5,0.71794873,0.4957265,0.7564802,18.16821
24811,0,1,0.75,0.71794873,0.4871795,0.75648,17.174637
24811,0,1,1,0.7008547,0.47863248,0.7564801,15.992725
24811,0,2,0,0.8888889,0.41880342,0.7744897,14.942441
24811,0,2,0.25,0.8888889,0.41025642,0.77448976,14.388251
24811,0,2,0.5,0.8974359,0.41880342,0.77448964,13.819094
24811,0,2,0.75,0.9059829,0.45299146,0.77448946,13.177921
24811,0,2,1,0.93162394,0.43589744,0.7744896,12.524217
24811,0,3,0,0.93162394,0.41880342,0.39192322,10.179319
24811,0,3,0.25,0.93162394,0.41025642,0.39192313,9.947922
24811,0,3,0.5,0.9059829,0.41025642,0.39192325,9.895639
24811,0,3,0.75,0.95726496,0.45299146,0.39192328,9.416126
24811,0,3,1,0.96581197,0.45299146,0.39192322,9.285497
24812,0,1,0,0.5555556,0.83760685,1.3810148,8.9590435
24812,0,1,0.25,0.5726496,0.83760685,1.381015,9.169568
24812,0,1,0.5,0.5555556,0.84615386,1.381015,9.278383
24812,0,1,0.75,0.5982906,0.8717949,1.3810147,9.380786
24812,0,1,1,0.61538464,0.8632479,1.3810148,9.406393
24812,0,2,0,0.982906,0.6666667,0.4934539,6.426112
24812,0,2,0.25,0.991453,0.64102566,0.49345395,6.363328
24812,0,2,0.5,0.96581197,0.6837607,0.49345392,6.399192
24812,0,2,0.75,0.94017094,0.6581197,0.4934539,6.515427
24812,0,2,1,0.94017094,0.6837607,0.4934539,6.503914
24812,0,3,0,1,0.72649574,0.37659553,4.5711527
24812,0,3,0.25,0.991453,0.71794873,0.37659565,4.562296
24812,0,3,0.5,0.991453,0.7094017,0.37659565,4.593753
24812,0,3,0.75,0.974359,0.7094017,0.3765954,4.5619144
24812,0,3,1,0.96581197,0.7008547,0.37659565,4.586426
24813,0,1,0,0.982906,0.51282054,0.30124825,2.3308682
24813,0,1,0.25,0.991453,0.5982906,0.30124816,3.3008833
24813,0,1,0.5,0.974359,0.60683763,0.30124822,3.7786632
24813,0,1,0.75,1,0.5897436,0.30124822,4.2141266
24813,0,1,1,0.95726496,0.5982906,0.30124822,4.835986
24813,0,2,0,0.94871795,0.42735043,0.7732812,6.2660856
24813,0,2,0.25,0.95726496,0.45299146,0.7732813,7.656391
24813,0,2,0.5,0.9059829,0.3931624,0.7732812,8.332069
24813,0,2,0.75,0.94871795,0.42735043,0.7732812,9.568657
24813,0,2,1,0.96581197,0.44444445,0.7732813,10.612946
24813,0,3,0,0.6837607,0.9145299,0.6986634,5.4650173
24813,0,3,0.25,0.6837607,0.93162394,0.6986634,7.047886
24813,0,3,0.5,0.6837607,0.8888889,0.6986634,7.755049
24813,0,3,0.75,0.7094017,0.9059829,0.6986634,8.657926
24813,0,3,1,0.6923077,0.9145299,0.6986634,9.609678
24814,0,1,0,0.50427353,0.96581197,0.26631996,4.1234465
24814,0,1,0.25,0.50427353,0.93162394,0.26631972,4.234331
24814,0,1,0.5,0.45299146,0.96581197,0.26631996,4.1061554
24814,0,1,0.75,0.44444445,0.974359,0.2663198,3.5632362
24814,0,1,1,0.44444445,0.974359,0.26631984,3.230433
24814,0,2,0,0.75213677,0.991453,0.3336257,4.5005245
24814,0,2,0.25,0.63247865,0.9230769,0.33362556,6.0697155
24814,0,2,0.5,0.5897436,0.9230769,0.33362573,5.1879787
24814,0,2,0.75,0.50427353,0.974359,0.33362556,3.774992
24814,0,2,1,0.5470086,0.982906,0.33362558,2.9178128
24814,0,3,0,0.6752137,0.9145299,0.3601105,3.4661393
24814,0,3,0.25,0.6495727,0.94017094,0.36011028,4.7414656
24814,0,3,0.5,0.5811966,0.9230769,0.36011067,5.6241965
24814,0,3,0.75,0.4957265,0.96581197,0.36011052,4.947452
24814,0,3,1,0.4871795,0.982906,0.3601105,4.159197
24815,0,1,0,0.47863248,0.95726496,0.51620066,8.818308
24815,0,1,0.25,0.4871795,0.9145299,0.5162003,8.905453
24815,0,1,0.5,0.47008547,0.96581197,0.51620066,8.980246
24815,0,1,0.75,0.46153846,0.93162394,0.5162004,9.053496
24815,0,1,1,0.44444445,0.94017094,0.51620066,8.988175
24815,0,2,0,0.44444445,0.63247865,1.072524,25.425686
24815,0,2,0.25,0.45299146,0.60683763,1.0725241,25.65926
24815,0,2,0.5,0.46153846,0.61538464,1.072524,25.477406
24815,0,2,0.75,0.45299146,0.62393165,1.072524,25.001041
24815,0,2,1,0.44444445,0.63247865,1.0725241,25.088806
24815,0,3,0,0.46153846,0.6752137,0.82289404,27.04916
24815,0,3,0.25,0.47008547,0.6495727,0.8228945,27.066422
24815,0,3,0.5,0.47863248,0.64102566,0.82289404,26.54741
24815,0,3,0.75,0.45299146,0.62393165,0.8228945,26.359753
24815,0,3,1,0.47008547,0.6495727,0.82289404,26.138203
24816,0,1,0,0.8974359,0.85470086,0.870358,5.6935787
24816,0,1,0.25,0.8632479,0.82051283,0.870358,7.242294
24816,0,1,0.5,0.7692308,0.82905984,0.870358,9.183214
24816,0,1,0.75,0.6752137,0.7777778,0.87035805,11.950031
24816,0,1,1,0.5982906,0.6837607,0.87035805,13.932776
24816,0,2,0,1,0.42735043,0.4396949,1.8813951
24816,0,2,0.25,0.982906,0.41025642,0.4396949,1.927125
24816,0,2,0.5,0.982906,0.4017094,0.4396949,2.012967
24816,0,2,0.75,0.991453,0.41880342,0.43969467,2.3094294
24816,0,2,1,0.94871795,0.4017094,0.4396948,2.3409395
24816,0,3,0,0.7777778,1,0.30706936,0.8543818
24816,0,3,0.25,0.7948718,0.9230769,0.3070694,0.90432
24816,0,3,0.5,0.7863248,0.9059829,0.3070696,1.0605865
24816,0,3,0.75,0.7863248,0.8803419,0.30706933,1.3633988
24816,0,3,1,0.73504275,0.7948718,0.30706948,1.4520925
24817,0,1,0,0.9145299,0.42735043,1.7903963,13.589472
24817,0,1,0.25,0.8974359,0.43589744,1.7903966,13.332762
24817,0,1,0.5,0.8632479,0.43589744,1.7903962,11.216347
24817,0,1,0.75,0.84615386,0.42735043,1.7903963,11.514549
24817,0,1,1,0.85470086,0.44444445,1.7903963,11.762143
24817,0,2,0,0.6495727,0.991453,0.63659817,1.7021195
24817,0,2,0.25,0.63247865,0.94871795,0.6365981,1.6545463
24817,0,2,0.5,0.63247865,1,0.63659793,1.6308436
24817,0,2,0.75,0.6495727,0.982906,0.63659817,1.6854177
24817,0,2,1,0.6752137,0.982906,0.63659793,1.7969137
24817,0,3,0,0.982906,0.9059829,0.4161852,2.3130178
24817,0,3,0.25,1,0.8888889,0.4161853,2.1395369
24817,0,3,0.5,0.94017094,0.84615386,0.416185,1.9820364
24817,0,3,0.75,0.94871795,0.8803419,0.4161852,1.9995085
24817,0,3,1,1,0.8974359,0.416185,1.8999567
24818,0,1,0,0.6752137,0.8119658,1.0833925,20.753502
24818,0,1,0.25,0.6666667,0.8034188,1.0833925,20.873394
24818,0,1,0.5,0.6666667,0.8119658,1.0833927,20.870571
24818,0,1,0.75,0.6923077,0.82905984,1.0833925,20.728634
24818,0,1,1,0.7094017,0.82905984,1.0833925,21.110537
24818,0,2,0,0.75213677,0.9230769,0.46115446,9.545094
24818,0,2,0.25,0.7948718,0.93162394,0.46115422,9.558752
24818,0,2,0.5,0.8034188,0.93162394,0.4611547,9.591729
24818,0,2,0.75,0.7948718,0.93162394,0.46115446,9.329525
24818,0,2,1,0.7777778,0.9230769,0.46115446,9.335964
24818,0,3,0,0.52991456,0.8974359,0.5874054,11.729332
24818,0,3,0.25,0.53846157,0.9145299,0.5874052,11.619971
24818,0,3,0.5,0.53846157,0.9145299,0.5874054,11.670286
24818,0,3,0.75,0.53846157,0.8974359,0.58740526,11.757321
24818,0,3,1,0.5555556,0.9059829,0.5874052,11.681673
24819,0,1,0,0.71794873,0.8632479,0.39263636,8.28812
24819,0,1,0.25,0.71794873,0.8888889,0.3926362,8.30848
24819,0,1,0.5,0.71794873,0.85470086,0.39263636,8.216602
24819,0,1,0.75,0.75213677,0.8803419,0.3926362,8.245382
24819,0,1,1,0.7606838,0.8632479,0.39263636,8.24412
24819,0,2,0,0.83760685,0.5555556,0.5324213,9.919133
24819,0,2,0.25,0.8974359,0.5641026,0.5324209,9.78693
24819,0,2,0.5,0.8803419,0.5811966,0.5324213,9.64686
24819,0,2,0.75,0.9145299,0.5811966,0.53242135,9.650673
24819,0,2,1,0.8974359,0.52991456,0.5324213,9.684164
24819,0,3,0,0.96581197,0.61538464,1.0395656,8.358731
24819,0,3,0.25,0.94871795,0.62393165,1.0395656,8.660086
24819,0,3,0.5,0.94017094,0.61538464,1.0395656,9.029472
24819,0,3,0.75,0.94017094,0.61538464,1.0395656,9.467425
24819,0,3,1,0.93162394,0.61538464,1.0395656,10.020205
24820,0,1,0,0.8119658,0.5811966,2.1335273,24.96149
24820,0,1,0.25,0.83760685,0.5897436,2.1335273,25.211067
24820,0,1,0.5,0.85470086,0.5982906,2.1335275,25.48582
24820,0,1,0.75,0.8888889,0.5982906,2.1335273,25.431135
24820,0,1,1,0.8803419,0.5897436,2.1335273,25.092815
24820,0,2,0,0.94017094,0.7606838,0.31810927,3.3708339
24820,0,2,0.25,0.95726496,0.72649574,0.31810927,3.4137866
24820,0,2,0.5,0.94017094,0.74358976,0.31810927,3.3615074
24820,0,2,0.75,0.96581197,0.7606838,0.31810927,3.3460894
24820,0,2,1,0.974359,0.7606838,0.31810927,3.2764285
24820,0,3,0,0.7863248,0.6837607,1.6418006,13.711293
24820,0,3,0.25,0.8034188,0.6581197,1.6418004,13.599386
24820,0,3,0.5,0.83760685,0.64102566,1.6418006,13.250311
24820,0,3,0.75,0.8803419,0.61538464,1.6418006,13.223871
24820,0,3,1,0.8803419,0.5811966,1.6418006,13.207015
24821,0,1,0,0.5641026,0.8974359,0.5720626,7.734589
24821,0,1,0.25,0.5555556,0.9059829,0.57206255,7.6052303
24821,0,1,0.5,0.5641026,0.9230769,0.5720626,7.499513
24821,0,1,0.75,0.5641026,0.9145299,0.5720625,7.4159584
24821,0,1,1,0.5726496,0.93162394,0.57206255,7.2567835
24821,0,2,0,0.7606838,0.5897436,1.6747594,25.760166
24821,0,2,0.25,0.7606838,0.5811966,1.6747594,25.504055
24821,0,2,0.5,0.7948718,0.5897436,1.6747596,25.515064
24821,0,2,0.75,0.7948718,0.60683763,1.6747597,24.985943
24821,0,2,1,0.8034188,0.5982906,1.6747594,24.668259
24821,0,3,0,0.64102566,0.7692308,2.2331026,25.50579
24821,0,3,0.25,0.6666667,0.7863248,2.2331026,25.85402
24821,0,3,0.5,0.7008547,0.7606838,2.2331028,26.3964
24821,0,3,0.75,0.7094017,0.75213677,2.2331028,26.153564
24821,0,3,1,0.71794873,0.73504275,2.2331026,25.504696
24822,0,1,0,0.982906,0.73504275,0.37576553,2.316123
24822,0,1,0.25,0.95726496,0.74358976,0.37576532,2.3433394
24822,0,1,0.5,0.95726496,0.7094017,0.37576553,2.843751
24822,0,1,0.75,0.982906,0.75213677,0.3757655,2.9502206
24822,0,1,1,0.982906,0.74358976,0.3757655,2.9772818
24822,0,2,0,0.94017094,0.6752137,1.7357517,2.87122
24822,0,2,0.25,0.93162394,0.62393165,1.7357517,3.0119119
24822,0,2,0.5,0.95726496,0.61538464,1.735752,3.5294867
24822,0,2,0.75,0.94871795,0.5726496,1.7357517,3.432383
24822,0,2,1,0.9059829,0.5811966,1.735752,3.6137853
24822,0,3,0,0.982906,0.72649574,1.1451358,5.7334957
24822,0,3,0.25,0.95726496,0.6923077,1.1451356,5.461913
24822,0,3,0.5,1,0.64102566,1.1451358,5.6512733
24822,0,3,0.75,0.991453,0.61538464,1.1451356,5.6113167
24822,0,3,1,0.991453,0.5811966,1.1451356,5.4343996
24823,0,1,0,0.96581197,0.51282054,0.3610547,2.0049698
24823,0,1,0.25,0.991453,0.51282054,0.3610547,2.0360227
24823,0,1,0.5,0.982906,0.51282054,0.36105463,2.0816483
24823,0,1,0.75,0.982906,0.4957265,0.3610542,2.075118
24823,0,1,1,0.982906,0.45299146,0.3610547,2.0043256
24823,0,2,0,0.8974359,0.71794873,0.4212768,4.348852
24823,0,2,0.25,0.974359,0.73504275,0.42127633,4.464113
24823,0,2,0.5,0.982906,0.71794873,0.42127654,4.3632517
24823,0,2,0.75,0.96581197,0.7008547,0.42127723,4.26032
24823,0,2,1,0.96581197,0.6837607,0.4212768,4.245287
24823,0,3,0,0.9059829,0.7863248,0.6240631,4.8348484
24823,0,3,0.25,0.94017094,0.8034188,0.624063,4.847452
24823,0,3,0.5,0.94017094,0.83760685,0.624063,4.9464016
24823,0,3,0.75,0.95726496,0.8119658,0.6240626,4.875742
24823,0,3,1,0.94017094,0.82905984,0.624063,4.936216
24824,0,1,0,0.5726496,0.82905984,2.2502918,24.078611
24824,0,1,0.25,0.5982906,0.82905984,2.2502918,23.746777
24824,0,1,0.5,0.64102566,0.82051283,2.2502918,23.371399
24824,0,1,0.75,0.63247865,0.8119658,2.2502918,22.394
24824,0,1,1,0.6581197,0.8034188,2.2502918,21.665762
24824,0,2,0,0.982906,0.43589744,0.44043726,5.1986094
24824,0,2,0.25,1,0.41880342,0.44043723,5.1209726
24824,0,2,0.5,0.982906,0.42735043,0.44043735,5.033259
24824,0,2,0.75,0.974359,0.44444445,0.44043735,4.9620633
24824,0,2,1,0.991453,0.44444445,0.44043726,4.897295
24824,0,3,0,0.6923077,0.5982906,2.3088703,28.709087
24824,0,3,0.25,0.72649574,0.5897436,2.3088706,27.889168
24824,0,3,0.5,0.7777778,0.5982906,2.3088703,27.98759
24824,0,3,0.75,0.7948718,0.6581197,2.3088703,27.67461
24824,0,3,1,0.82051283,0.61538464,2.3088703,26.94876
24825,0,1,0,0.8034188,0.82051283,0.54977375,6.2320642
24825,0,1,0.25,0.8119658,0.8717949,0.5497737,6.7144337
24825,0,1,0.5,0.6666667,0.84615386,0.54977375,7.582134
24825,0,1,0.75,0.5982906,0.7777778,0.54977345,8.549552
24825,0,1,1,0.5897436,0.7948718,0.54977363,9.566969
24825,0,2,0,0.9145299,0.46153846,0.4431718,4.384285
24825,0,2,0.25,0.982906,0.46153846,0.4431718,4.0785165
24825,0,2,0.5,0.93162394,0.3931624,0.4431718,3.6905246
24825,0,2,0.75,0.94871795,0.3931624,0.44317192,3.591959
24825,0,2,1,0.93162394,0.42735043,0.4431718,3.7572725
24825,0,3,0,0.96581197,0.52136755,0.34397772,2.6212149
24825,0,3,0.25,0.93162394,0.51282054,0.34397772,3.3820844
24825,0,3,0.5,0.94017094,0.50427353,0.34397766,4.373107
24825,0,3,0.75,0.9059829,0.50427353,0.34397766,5.467781
24825,0,3,1,0.8803419,0.52991456,0.34397766,6.034829
24826,0,1,0,0.52136755,0.9059829,1.1997025,12.4007015
24826,0,1,0.25,0.52991456,0.9059829,1.1997024,12.398006
24826,0,1,0.5,0.45299146,0.8888889,1.1997027,13.724916
24826,0,1,0.75,0.36752138,0.8119658,1.1997025,11.684217
24826,0,1,1,0.3846154,0.8717949,1.1997025,13.371853
24826,0,2,0,0.7948718,0.5726496,2.6687617,24.731195
24826,0,2,0.25,0.75213677,0.6581197,2.6687617,28.43929
24826,0,2,0.5,0.72649574,0.63247865,2.668762,32.455204
24826,0,2,0.75,0.61538464,0.60683763,2.668762,36.342422
24826,0,2,1,0.60683763,0.5811966,2.6687617,37.35778
24826,0,3,0,0.60683763,1,0.2672186,2.8883357
24826,0,3,0.25,0.63247865,0.94871795,0.2672186,3.443584
24826,0,3,0.5,0.63247865,0.982906,0.2672186,3.6648579
24826,0,3,0.75,0.63247865,0.95726496,0.26721853,4.210064
24826,0,3,1,0.62393165,0.96581197,0.2672186,4.418848
24827,0,1,0,0.8119658,0.7008547,0.87010264,11.308994
24827,0,1,0.25,0.85470086,0.6923077,0.8701026,11.903816
24827,0,1,0.5,0.8803419,0.71794873,0.87010264,12.0613
24827,0,1,0.75,0.84615386,0.73504275,0.87010247,12.093762
24827,0,1,1,0.85470086,0.71794873,0.87010264,11.253512
24827,0,2,0,0.85470086,0.73504275,0.42746937,4.488924
24827,0,2,0.25,0.8888889,0.75213677,0.4274692,4.6393747
24827,0,2,0.5,0.8717949,0.7863248,0.42746934,4.743226
24827,0,2,0.75,0.8717949,0.7948718,0.4274694,4.6981354
24827,0,2,1,0.9059829,0.8119658,0.42746934,4.69656
24827,0,3,0,0.5641026,0.6581197,1.0611994,10.928048
24827,0,3,0.25,0.61538464,0.6495727,1.0611994,10.989461
24827,0,3,0.5,0.64102566,0.6666667,1.0611994,11.416572
24827,0,3,0.75,0.6495727,0.6923077,1.061199,10.51506
24827,0,3,1,0.6837607,0.6581197,1.0611994,10.298029
24828,0,1,0,0.8632479,0.7008547,0.9363167,13.41511
24828,0,1,0.25,0.84615386,0.7094017,0.9363176,13.713947
24828,0,1,0.5,0.8119658,0.72649574,0.9363167,13.71718
24828,0,1,0.75,0.7692308,0.71794873,0.9363163,13.601441
24828,0,1,1,0.74358976,0.71794873,0.9363168,13.505657
24828,0,2,0,0.982906,0.74358976,0.4244328,4.8065987
24828,0,2,0.25,0.96581197,0.75213677,0.42443398,4.7703495
24828,0,2,0.5,0.95726496,0.73504275,0.42443243,4.7601194
24828,0,2,0.75,0.95726496,0.72649574,0.42443246,4.847059
24828,0,2,1,0.9059829,0.74358976,0.42443278,4.832457
24828,0,3,0,0.37606838,0.93162394,0.28056324,3.1994736
24828,0,3,0.25,0.4017094,0.8888889,0.28056365,3.300582
24828,0,3,0.5,0.3846154,0.9059829,0.280563,3.621016
24828,0,3,0.75,0.3846154,0.9230769,0.2805632,3.876813
24828,0,3,1,0.3931624,0.9059829,0.28056324,4.167391
24829,0,1,0,0.7008547,0.8632479,0.2653524,6.211241
24829,0,1,0.25,0.71794873,0.8974359,0.2653524,4.9225082
24829,0,1,0.5,0.74358976,0.93162394,0.2653524,3.9910073
24829,0,1,0.75,0.72649574,0.94017094,0.2653524,3.470718
24829,0,1,1,0.7692308,0.95726496,0.2653524,3.0949333
24829,0,2,0,0.8888889,0.6581197,0.5769087,13.9074745
24829,0,2,0.25,0.94871795,0.6752137,0.5769087,10.127752
24829,0,2,0.5,0.96581197,0.7094017,0.57690865,7.8203793
24829,0,2,0.75,1,0.7606838,0.57690895,6.47976
24829,0,2,1,0.991453,0.7948718,0.57690865,5.3804426
24829,0,3,0,0.982906,0.3931624,0.29345322,5.6122704
24829,0,3,0.25,0.974359,0.41025642,0.29345322,4.220245
24829,0,3,0.5,0.974359,0.35897437,0.29345328,3.2369547
24829,0,3,0.75,0.95726496,0.36752138,0.29345298,2.5494075
24829,0,3,1,0.991453,0.35897437,0.29345328,2.1553378
24830,0,1,0,0.3846154,0.96581197,0.76820445,7.697444
24830,0,1,0.25,0.3931624,0.96581197,0.76820445,8.526501
24830,0,1,0.5,0.43589744,0.95726496,0.76820445,9.2481575
24830,0,1,0.75,0.46153846,0.974359,0.76820445,9.792698
24830,0,1,1,0.52136755,0.94871795,0.76820445,9.576558
24830,0,2,0,0.5982906,0.94871795,1.1796838,9.797045
24830,0,2,0.25,0.52136755,0.94017094,1.179684,9.973513
24830,0,2,0.5,0.47863248,0.94871795,1.1796839,9.634077
24830,0,2,0.75,0.44444445,0.96581197,1.1796839,9.552348
24830,0,2,1,0.50427353,0.96581197,1.1796838,9.577997
24830,0,3,0,0.8717949,0.82905984,1.8051414,17.34276
24830,0,3,0.25,0.84615386,0.7692308,1.8051411,16.36481
24830,0,3,0.5,0.8803419,0.72649574,1.8051411,15.579863
24830,0,3,0.75,0.974359,0.6837607,1.8051413,14.477998
24830,0,3,1,0.991453,0.6581197,1.8051413,13.215165
24831,0,1,0,0.8717949,0.8803419,0.53421897,6.9251595
24831,0,1,0.25,0.8803419,0.8717949,0.53421897,6.909737
24831,0,1,0.5,0.8632479,0.8803419,0.53421897,6.890489
24831,0,1,0.75,0.8717949,0.8717949,0.53421897,6.8772945
24831,0,1,1,0.8632479,0.8632479,0.53421897,6.842892
24831,0,2,0,0.45299146,0.95726496,1.4891334,11.015971
24831,0,2,0.25,0.44444445,0.974359,1.4891334,11.034548
24831,0,2,0.5,0.41025642,0.94871795,1.4891335,10.818098
24831,0,2,0.75,0.41025642,0.96581197,1.4891334,10.793318
24831,0,2,1,0.4017094,0.95726496,1.4891334,10.684975
24831,0,3,0,0.52991456,0.991453,0.36390746,4.406539
24831,0,3,0.25,0.5641026,0.974359,0.36390746,4.317504
24831,0,3,0.5,0.5641026,0.991453,0.3639074,4.2784567
24831,0,3,0.75,0.5897436,0.991453,0.36390752,4.291185
24831,0,3,1,0.5726496,0.991453,0.36390746,4.3164063
24832,0,1,0,0.991453,0.5897436,0.26901636,1.7918744
24832,0,1,0.25,0.991453,0.5811966,0.2690164,1.7792966
24832,0,1,0.5,0.94017094,0.5555556,0.26901615,1.7676892
24832,0,1,0.75,0.94017094,0.5897436,0.2690163,1.7671247
24832,0,1,1,0.96581197,0.5897436,0.26901636,1.7791823
24832,0,2,0,0.94017094,0.37606838,0.747041,3.5449085
24832,0,2,0.25,0.94017094,0.35042736,0.747041,3.4760828
24832,0,2,0.5,0.94017094,0.35897437,0.74704075,3.2751498
24832,0,2,0.75,0.94017094,0.35042736,0.747041,3.2625084
24832,0,2,1,0.96581197,0.35042736,0.747041,3.292613
24832,0,3,0,0.982906,0.50427353,0.856717,2.6536617
24832,0,3,0.25,0.94871795,0.52136755,0.856717,2.669264
24832,0,3,0.5,0.9145299,0.52136755,0.8567169,2.643301
24832,0,3,0.75,0.9230769,0.50427353,0.85671717,2.5945363
24832,0,3,1,0.96581197,0.4957265,0.85671717,2.4909315
24833,0,1,0,0.51282054,0.7948718,0.5704099,16.119112
24833,0,1,0.25,0.5982906,0.8632479,0.5704099,13.722313
24833,0,1,0.5,0.6837607,0.8803419,0.5704099,11.917076
24833,0,1,0.75,0.74358976,0.9230769,0.5704099,10.05314
24833,0,1,1,0.7863248,0.95726496,0.5704099,8.589357
24833,0,2,0,0.9230769,0.8034188,0.3497607,3.803815
24833,0,2,0.25,0.9230769,0.8717949,0.3497607,3.446548
24833,0,2,0.5,0.8803419,0.93162394,0.34976083,3.3479838
24833,0,2,0.75,0.85470086,0.9145299,0.3497607,3.1938524
24833,0,2,1,0.83760685,0.9230769,0.3497607,3.094309
24833,0,3,0,0.94017094,0.4017094,0.29134196,7.405816
24833,0,3,0.25,0.93162394,0.41880342,0.29134196,6.029957
24833,0,3,0.5,0.96581197,0.3931624,0.29134193,4.745902
24833,0,3,0.75,0.991453,0.3846154,0.291342,3.9846263
24833,0,3,1,1,0.37606838,0.29134205,3.3664718
24834,0,1,0,0.94017094,0.73504275,0.392247,6.577572
24834,0,1,0.25,0.93162394,0.73504275,0.39224693,6.5818377
24834,0,1,0.5,0.93162394,0.7606838,0.392247,6.531121
24834,0,1,0.75,0.93162394,0.7692308,0.392247,6.5326357
24834,0,1,1,0.9230769,0.74358976,0.392247,6.4645967
24834,0,2,0,0.83760685,0.8803419,0.32694042,4.1867585
24834,0,2,0.25,0.82905984,0.85470086,0.32694042,4.195799
24834,0,2,0.5,0.83760685,0.84615386,0.32694042,4.255783
24834,0,2,0.75,0.82905984,0.83760685,0.32694045,4.2896595
24834,0,2,1,0.82051283,0.82905984,0.32694042,4.3206673
24834,0,3,0,0.8632479,0.5555556,1.1532773,20.008827
24834,0,3,0.25,0.8632479,0.5726496,1.1532773,20.010708
24834,0,3,0.5,0.84615386,0.5726496,1.1532774,20.694527
24834,0,3,0.75,0.85470086,0.61538464,1.1532773,21.079767
24834,0,3,1,0.83760685,0.64102566,1.1532773,21.184542
24835,0,1,0,0.71794873,0.8632479,0.3895142,2.47159
24835,0,1,0.25,0.72649574,0.8803419,0.38951418,2.419588
24835,0,1,0.5,0.7777778,0.8632479,0.38951427,2.451282
24835,0,1,0.75,0.7777778,0.8974359,0.38951412,2.4889224
24835,0,1,1,0.7692308,0.8632479,0.3895142,2.4288344
24835,0,2,0,0.45299146,0.9145299,0.7557886,6.961688
24835,0,2,0.25,0.47008547,0.94871795,0.75578874,7.020625
24835,0,2,0.5,0.43589744,0.94017094,0.7557885,7.0866475
24835,0,2,0.75,0.44444445,0.95726496,0.7557886,7.160424
24835,0,2,1,0.41025642,0.93162394,0.7557886,7.2925797
24835,0,3,0,0.9059829,0.46153846,0.49117956,5.4894576
24835,0,3,0.25,0.8888889,0.47008547,0.4911796,5.524048
24835,0,3,0.5,0.9230769,0.46153846,0.49117956,5.6194763
24835,0,3,0.75,0.9145299,0.45299146,0.4911801,5.7500763
24835,0,3,1,0.9145299,0.42735043,0.4911796,5.8638306
24836,0,1,0,0.84615386,0.95726496,0.36760294,2.4053073
24836,0,1,0.25,0.82905984,0.9145299,0.3676029,3.0537634
24836,0,1,0.5,0.73504275,0.83760685,0.36760294,4.33169
24836,0,1,0.75,0.7008547,0.7606838,0.36760288,6.8955836
24836,0,1,1,0.6837607,0.8034188,0.36760285,9.588928
24836,0,2,0,0.982906,0.51282054,0.67996186,5.241938
24836,0,2,0.25,0.991453,0.41880342,0.6799619,5.055146
24836,0,2,0.5,0.95726496,0.3931624,0.67996186,5.308202
24836,0,2,0.75,0.96581197,0.3846154,0.6799618,6.2837486
24836,0,2,1,0.974359,0.3846154,0.67996186,8.490628
24836,0,3,0,0.47863248,0.82905984,1.8556346,20.209711
24836,0,3,0.25,0.50427353,0.74358976,1.8556346,28.288563
24836,0,3,0.5,0.73504275,0.5555556,1.8556346,33.309025
24836,0,3,0.75,0.47863248,0.47008547,1.8556348,35.487343
24836,0,3,1,0.6666667,0.36752138,1.8556346,34.31768
24837,0,1,0,0.982906,0.44444445,0.6117637,10.576946
24837,0,1,0.25,0.94871795,0.4017094,0.6117638,10.597176
24837,0,1,0.5,0.9145299,0.44444445,0.6117637,9.458463
24837,0,1,0.75,0.94871795,0.42735043,0.61176324,11.248149
24837,0,1,1,0.82051283,0.43589744,0.6117637,16.108671
24837,0,2,0,0.8034188,0.75213677,0.9496267,14.712904
24837,0,2,0.25,0.73504275,0.7008547,0.9496267,14.724066
24837,0,2,0.5,0.82051283,0.7008547,0.9496267,14.653215
24837,0,2,0.75,0.83760685,0.62393165,0.9496262,17.171535
24837,0,2,1,0.6923077,0.5982906,0.9496267,25.145346
24837,0,3,0,0.62393165,0.974359,0.30367693,4.160231
24837,0,3,0.25,0.5641026,0.84615386,0.30367693,3.9026725
24837,0,3,0.5,0.6923077,0.9059829,0.30367687,3.1722798
24837,0,3,0.75,0.6666667,0.9145299,0.30367702,4.164324
24837,0,3,1,0.53846157,0.83760685,0.30367693,5.277482
24838,0,1,0,0.6752137,0.8632479,0.37736815,4.453416
24838,0,1,0.25,0.6752137,0.8632479,0.37736803,4.453036
24838,0,1,0.5,0.6752137,0.8632479,0.377368,4.31552
24838,0,1,0.75,0.6581197,0.8632479,0.37736815,4.275914
24838,0,1,1,0.6666667,0.85470086,0.37736815,4.1953545
24838,0,2,0,0.8888889,0.8974359,0.4144928,6.192358
24838,0,2,0.25,0.8888889,0.9230769,0.41449273,6.1701
24838,0,2,0.5,0.8888889,0.94871795,0.4144928,6.104444
24838,0,2,0.75,0.85470086,0.93162394,0.4144927,6.111573
24838,0,2,1,0.8632479,0.94017094,0.4144928,6.0435553
24838,0,3,0,0.82051283,0.8632479,0.26125732,4.6526937
24838,0,3,0.25,0.8119658,0.8632479,0.2612572,4.575105
24838,0,3,0.5,0.8119658,0.8632479,0.26125732,4.5003524
24838,0,3,0.75,0.82051283,0.8803419,0.26125747,4.538069
24838,0,3,1,0.8119658,0.8888889,0.26125732,4.399928
24839,0,1,0,0.72649574,0.72649574,0.7236387,11.164263
24839,0,1,0.25,0.6923077,0.73504275,0.72363865,10.683586
24839,0,1,0.5,0.6923077,0.8632479,0.7236387,9.07052
24839,0,1,0.75,0.7094017,0.82905984,0.72363895,7.7360888
24839,0,1,1,0.6837607,0.8717949,0.72363895,6.866612
24839,0,2,0,0.9059829,0.93162394,0.3034631,4.1859274
24839,0,2,0.25,0.94017094,0.94871795,0.3034631,3.9231791
24839,0,2,0.5,0.94017094,0.93162394,0.3034633,3.6477857
24839,0,2,0.75,0.94017094,0.94871795,0.303463,3.4449596
24839,0,2,1,0.9059829,0.96581197,0.3034631,3.3538427
24839,0,3,0,0.9230769,0.72649574,0.76666826,10.379549
24839,0,3,0.25,0.9230769,0.7777778,0.7666682,9.459951
24839,0,3,0.5,0.8888889,0.85470086,0.76666826,7.5354834
24839,0,3,0.75,0.93162394,0.8974359,0.76666814,6.4853363
24839,0,3,1,0.93162394,0.8803419,0.76666826,5.934037
24840,0,1,0,0.82905984,0.85470086,0.7042657,6.2302895
24840,0,1,0.25,0.84615386,0.8803419,0.7042656,6.1869535
24840,0,1,0.5,0.8632479,0.8803419,0.70426553,6.1627884
24840,0,1,0.75,0.8632479,0.8974359,0.70426565,6.1531734
24840,0,1,1,0.8632479,0.8717949,0.70426565,6.0815387
24840,0,2,0,0.5470086,0.8717949,0.512561,8.099482
24840,0,2,0.25,0.53846157,0.8888889,0.5125614,7.9580574
24840,0,2,0.5,0.52991456,0.8803419,0.5125611,7.7504663
24840,0,2,0.75,0.52136755,0.8888889,0.51256084,7.7357106
24840,0,2,1,0.52991456,0.8803419,0.512561,7.589152
24840,0,3,0,0.61538464,0.43589744,1.3478142,25.083794
24840,0,3,0.25,0.63247865,0.45299146,1.347814,24.732105
24840,0,3,0.5,0.63247865,0.44444445,1.347814,24.924683
24840,0,3,0.75,0.62393165,0.47863248,1.3478147,24.722076
24840,0,3,1,0.64102566,0.52136755,1.3478144,24.89879
24841,0,1,0,0.982906,0.51282054,0.45864263,5.7469845
24841,0,1,0.25,1,0.5726496,0.4586426,5.580624
24841,0,1,0.5,1,0.60683763,0.45864263,5.3014383
24841,0,1,0.75,0.991453,0.6666667,0.45864263,4.9307747
24841,0,1,1,0.974359,0.7094017,0.45864263,4.5498724
24841,0,2,0,0.96581197,0.8803419,0.25591838,2.0104127
24841,0,2,0.25,0.974359,0.8974359,0.25591838,2.06383
24841,0,2,0.5,0.991453,0.8974359,0.25591835,2.2390273
24841,0,2,0.75,0.982906,0.85470086,0.25591838,2.3849506
24841,0,2,1,0.991453,0.83760685,0.25591832,2.542408
24841,0,3,0,1,0.52136755,0.49650827,4.0858903
24841,0,3,0.25,0.991453,0.52991456,0.49650818,4.4148674
24841,0,3,0.5,1,0.52991456,0.49650818,4.920259
24841,0,3,0.75,0.991453,0.5470086,0.4965082,5.4793944
24841,0,3,1,0.974359,0.5982906,0.49650815,5.9388194
24842,0,1,0,0.8803419,0.47008547,1.0208285,16.541212
24842,0,1,0.25,0.84615386,0.5470086,1.0208285,16.883139
24842,0,1,0.5,0.7777778,0.7777778,1.0208285,17.579695
24842,0,1,0.75,0.7094017,0.82051283,1.0208282,16.601437
24842,0,1,1,0.5982906,0.8717949,1.0208284,15.333679
24842,0,2,0,0.8974359,0.36752138,0.4383635,14.527733
24842,0,2,0.25,0.8888889,0.50427353,0.4383635,12.801629
24842,0,2,0.5,0.8803419,0.71794873,0.4383635,11.022503
24842,0,2,0.75,0.83760685,0.75213677,0.43836346,9.541845
24842,0,2,1,0.82051283,0.82905984,0.4383635,8.146183
24842,0,3,0,0.7777778,0.6495727,0.27981484,7.2189684
24842,0,3,0.25,0.8034188,0.75213677,0.27981484,6.054449
24842,0,3,0.5,0.84615386,0.7606838,0.27981487,5.124664
24842,0,3,0.75,0.82051283,0.85470086,0.27981484,4.377178
24842,0,3,1,0.7863248,0.8888889,0.27981487,3.5185518
24843,0,1,0,0.7777778,1,0.34706947,4.8207264
24843,0,1,0.25,0.7948718,1,0.34706947,4.9078226
24843,0,1,0.5,0.7948718,0.991453,0.34706947,4.8978195
24843,0,1,0.75,0.7692308,1,0.34706947,4.9132833
24843,0,1,1,0.7692308,1,0.34706947,4.9667463
24843,0,2,0,0.71794873,0.8888889,0.75280774,10.756083
24843,0,2,0.25,0.72649574,0.8974359,0.75280774,10.847065
24843,0,2,0.5,0.72649574,0.8974359,0.75280774,10.840614
24843,0,2,0.75,0.74358976,0.8974359,0.75280774,10.734419
24843,0,2,1,0.74358976,0.8974359,0.75280774,10.672377
24843,0,3,0,0.50427353,0.95726496,0.3537007,3.6527505
24843,0,3,0.25,0.51282054,0.96581197,0.3537007,3.7228212
24843,0,3,0.5,0.51282054,0.974359,0.3537007,3.913702
24843,0,3,0.75,0.5470086,0.982906,0.3537007,4.003933
24843,0,3,1,0.5470086,0.96581197,0.3537007,4.0407133
24844,0,1,0,0.9059829,1,0.32054514,1.8019123
24844,0,1,0.25,0.9230769,1,0.3205451,1.8251853
24844,0,1,0.5,0.93162394,1,0.32054514,1.8513815
24844,0,1,0.75,0.9059829,0.991453,0.32054514,1.868393
24844,0,1,1,0.8888889,0.991453,0.32054514,1.8758943
24844,0,2,0,0.96581197,0.991453,0.35893723,2.0563092
24844,0,2,0.25,0.95726496,1,0.35893723,2.077553
24844,0,2,0.5,0.94871795,0.96581197,0.3589373,2.0704758
24844,0,2,0.75,0.94871795,0.974359,0.35893735,2.0813642
24844,0,2,1,0.9059829,0.982906,0.35893717,2.0438352
24844,0,3,0,0.9230769,0.9059829,1.1277711,8.4844
24844,0,3,0.25,0.94017094,0.93162394,1.1277711,8.465839
24844,0,3,0.5,0.96581197,0.9145299,1.1277711,8.534645
24844,0,3,0.75,0.95726496,0.9145299,1.1277714,8.437405
24844,0,3,1,0.93162394,0.8803419,1.1277711,8.36902
24845,0,1,0,0.82905984,1,0.32152057,2.9215093
24845,0,1,0.25,0.83760685,1,0.32152057,2.9817438
24845,0,1,0.5,0.84615386,1,0.32152057,3.00312
24845,0,1,0.75,0.83760685,0.991453,0.32152033,3.011742
24845,0,1,1,0.8119658,1,0.32152057,2.9978108
24845,0,2,0,1,0.5811966,0.43497968,4.9697714
24845,0,2,0.25,1,0.5726496,0.43497968,4.993314
24845,0,2,0.5,1,0.5641026,0.43497968,4.994404
24845,0,2,0.75,1,0.5641026,0.43497956,4.9589
24845,0,2,1,1,0.5641026,0.43497965,4.985467
24845,0,3,0,0.64102566,0.96581197,0.6968631,6.6896963
24845,0,3,0.25,0.63247865,0.96581197,0.6968631,6.789172
24845,0,3,0.5,0.64102566,0.95726496,0.6968631,6.760366
24845,0,3,0.75,0.63247865,0.96581197,0.69686306,6.7470098
24845,0,3,1,0.63247865,0.974359,0.6968632,6.7301116
24846,0,1,0,0.71794873,0.8803419,0.5223715,8.388601
24846,0,1,0.25,0.7606838,0.8803419,0.5223716,7.6602497
24846,0,1,0.5,0.74358976,0.9059829,0.5223715,7.394543
24846,0,1,0.75,0.71794873,0.9230769,0.5223713,7.0830297
24846,0,1,1,0.75213677,0.9059829,0.5223715,6.599622
24846,0,2,0,0.8632479,0.45299146,1.3749604,16.957865
24846,0,2,0.25,0.84615386,0.41880342,1.3749604,15.573361
24846,0,2,0.5,0.83760685,0.41880342,1.3749604,14.012377
24846,0,2,0.75,0.8888889,0.3931624,1.3749604,12.812122
24846,0,2,1,0.84615386,0.3846154,1.3749604,12.098369
24846,0,3,0,0.6666667,0.3931624,2.1591947,23.632065
24846,0,3,0.25,0.6923077,0.42735043,2.1591947,21.793842
24846,0,3,0.5,0.6752137,0.43589744,2.1591947,19.900791
24846,0,3,0.75,0.7094017,0.43589744,2.159195,17.879787
24846,0,3,1,0.7094017,0.42735043,2.1591947,16.855436
24847,0,1,0,0.63247865,0.94871795,0.26365098,3.7263415
24847,0,1,0.25,0.61538464,0.96581197,0.2636511,4.038396
24847,0,1,0.5,0.62393165,0.94871795,0.26365098,4.4848876
24847,0,1,0.75,0.64102566,0.9145299,0.26365092,5.0647883
24847,0,1,1,0.6581197,0.8888889,0.26365098,6.1726246
24847,0,2,0,0.5811966,0.8803419,0.9057899,12.660304
24847,0,2,0.25,0.5726496,0.82051283,0.9057899,13.23601
24847,0,2,0.5,0.5470086,0.84615386,0.90579003,14.414589
24847,0,2,0.75,0.4957265,0.7863248,0.90579,16.951525
24847,0,2,1,0.51282054,0.71794873,0.9057899,18.606747
24847,0,3,0,0.991453,0.8632479,0.52748686,7.7620907
24847,0,3,0.25,0.974359,0.84615386,0.5274869,8.159376
24847,0,3,0.5,0.974359,0.83760685,0.5274869,8.880804
24847,0,3,0.75,0.982906,0.7777778,0.5274868,9.499895
24847,0,3,1,0.93162394,0.7777778,0.52748686,11.215736
24848,0,1,0,0.8119658,0.6752137,0.7052269,10.444207
24848,0,1,0.25,0.85470086,0.6581197,0.7052268,9.257799
24848,0,1,0.5,0.8632479,0.6666667,0.70522684,8.435436
24848,0,1,0.75,0.85470086,0.61538464,0.70522684,7.895083
24848,0,1,1,0.9145299,0.5982906,0.705227,7.7481956
24848,0,2,0,0.95726496,0.82051283,0.4014756,2.0357401
24848,0,2,0.25,0.94017094,0.82905984,0.40147582,1.7110322
24848,0,2,0.5,0.95726496,0.8119658,0.40147588,1.5502176
24848,0,2,0.75,0.94017094,0.83760685,0.40147552,1.4391973
24848,0,2,1,0.96581197,0.82051283,0.4014757,1.4859362
24848,0,3,0,0.43589744,0.974359,0.92350817,12.233709
24848,0,3,0.25,0.46153846,0.94871795,0.9235081,11.168356
24848,0,3,0.5,0.52991456,0.974359,0.92350817,10.408834
24848,0,3,0.75,0.51282054,0.9230769,0.92350817,9.626596
24848,0,3,1,0.5555556,0.9230769,0.92350817,9.204172
24849,0,1,0,0.94871795,0.6752137,0.5608396,6.1132936
24849,0,1,0.25,0.95726496,0.6923077,0.5608396,6.1869583
24849,0,1,0.5,0.96581197,0.71794873,0.56083953,6.0919886
24849,0,1,0.75,0.96581197,0.7008547,0.56083953,5.9868546
24849,0,1,1,0.95726496,0.72649574,0.56083953,6.016259
24849,0,2,0,0.5726496,0.7948718,2.8947072,29.334229
24849,0,2,0.25,0.46153846,0.7948718,2.894707,28.881706
24849,0,2,0.5,0.44444445,0.82905984,2.8947072,29.217209
24849,0,2,0.75,0.3931624,0.83760685,2.8947072,28.459536
24849,0,2,1,0.35042736,0.8803419,2.8947072,28.626537
24849,0,3,0,0.94871795,0.8803419,0.43309504,3.774323
24849,0,3,0.25,0.94871795,0.9230769,0.43309504,3.9586992
24849,0,3,0.5,0.9230769,0.93162394,0.433095,4.061001
24849,0,3,0.75,0.94871795,0.94017094,0.4330951,4.271106
24849,0,3,1,0.93162394,0.95726496,0.433095,4.333398
24850,0,1,0,1,0.44444445,0.3262817,3.6616986
24850,0,1,0.25,1,0.43589744,0.32628167,3.5568051
24850,0,1,0.5,0.96581197,0.46153846,0.32628146,3.4262962
24850,0,1,0.75,0.982906,0.4871795,0.3262817,3.4157405
24850,0,1,1,1,0.50427353,0.3262817,3.479608
24850,0,2,0,0.7863248,0.7777778,0.9393383,7.5166187
24850,0,2,0.25,0.8119658,0.7777778,0.93933886,7.3011355
24850,0,2,0.5,0.7692308,0.7948718,0.9393379,6.959984
24850,0,2,0.75,0.7606838,0.7863248,0.9393375,6.6650734
24850,0,2,1,0.7777778,0.7692308,0.9393383,6.524943
24850,0,3,0,0.96581197,0.47008547,0.4771191,5.2253685
24850,0,3,0.25,1,0.47008547,0.47711906,5.097682
24850,0,3,0.5,0.991453,0.45299146,0.4771191,4.982353
24850,0,3,0.75,0.991453,0.46153846,0.4771191,4.699074
24850,0,3,1,0.991453,0.44444445,0.4771191,4.5094004
24851,0,1,0,0.44444445,0.82051283,2.2798853,12.28895
24851,0,1,0.25,0.51282054,0.82051283,2.2798853,12.223352
24851,0,1,0.5,0.63247865,0.9145299,2.2798855,13.199261
24851,0,1,0.75,0.64102566,0.8974359,2.2798853,12.831322
24851,0,1,1,0.52991456,0.8632479,2.2798853,12.268242
24851,0,2,0,0.93162394,0.5726496,0.5466636,5.54914
24851,0,2,0.25,0.974359,0.5555556,0.5466632,6.428999
24851,0,2,0.5,0.95726496,0.53846157,0.5466636,7.5366907
24851,0,2,0.75,0.982906,0.53846157,0.54666394,6.7151275
24851,0,2,1,0.9059829,0.5555556,0.5466636,5.8350954
24851,0,3,0,0.8717949,0.9230769,0.64995205,9.21752
24851,0,3,0.25,0.7948718,0.93162394,0.6499524,10.6490555
24851,0,3,0.5,0.7948718,0.8803419,0.6499521,9.464953
24851,0,3,0.75,0.82905984,0.85470086,0.64995176,9.457393
24851,0,3,1,0.84615386,0.8803419,0.6499521,8.51491
24852,0,1,0,0.9230769,0.44444445,1.9746277,18.721947
24852,0,1,0.25,0.9230769,0.46153846,1.9746276,19.00367
24852,0,1,0.5,0.93162394,0.45299146,1.9746279,19.107122
24852,0,1,0.75,0.94017094,0.46153846,1.974628,19.236439
24852,0,1,1,0.94017094,0.47008547,1.9746279,19.278587
24852,0,2,0,0.96581197,0.5555556,0.645625,4.442704
24852,0,2,0.25,0.982906,0.5555556,0.6456249,4.4691577
24852,0,2,0.5,0.991453,0.5641026,0.645625,4.4865165
24852,0,2,0.75,0.991453,0.5641026,0.645625,4.480241
24852,0,2,1,0.991453,0.5555556,0.645625,4.4982605
24852,0,3,0,1,0.52136755,0.3258472,1.5127409
24852,0,3,0.25,1,0.53846157,0.32584718,1.5387348
24852,0,3,0.5,1,0.5555556,0.32584718,1.5475435
24852,0,3,0.75,0.991453,0.5555556,0.32584727,1.5519314
24852,0,3,1,0.991453,0.5641026,0.3258472,1.5749457
24853,0,1,0,0.8974359,0.4957265,0.6900568,12.293798
24853,0,1,0.25,0.9230769,0.4871795,0.6900568,12.633446
24853,0,1,0.5,0.93162394,0.4957265,0.69005686,12.611696
24853,0,1,0.75,0.9059829,0.4871795,0.6900568,12.536322
24853,0,1,1,0.9059829,0.45299146,0.6900568,12.441716
24853,0,2,0,0.46153846,0.74358976,1.091165,9.4539585
24853,0,2,0.25,0.46153846,0.72649574,1.091165,9.864162
24853,0,2,0.5,0.47008547,0.73504275,1.0911651,9.951031
24853,0,2,0.75,0.46153846,0.73504275,1.0911651,9.8006115
24853,0,2,1,0.45299146,0.71794873,1.0911651,10.230436
24853,0,3,0,0.94871795,0.5641026,0.28574544,5.2387247
24853,0,3,0.25,0.95726496,0.5897436,0.28574538,5.512361
24853,0,3,0.5,0.96581197,0.61538464,0.2857454,5.6667385
24853,0,3,0.75,0.93162394,0.61538464,0.2857454,5.747301
24853,0,3,1,0.9230769,0.61538464,0.28574538,5.919211
24854,0,1,0,0.7863248,0.6752137,0.7649708,9.061746
24854,0,1,0.25,0.7948718,0.6581197,0.7649708,9.135309
24854,0,1,0.5,0.7948718,0.6581197,0.7649708,9.096273
24854,0,1,0.75,0.7692308,0.6581197,0.7649708,9.174274
24854,0,1,1,0.7777778,0.64102566,0.7649708,9.36215
24854,0,2,0,0.7692308,0.6666667,0.8451375,9.662312
24854,0,2,0.25,0.75213677,0.62393165,0.8451376,9.4703865
24854,0,2,0.5,0.72649574,0.6581197,0.8451375,9.512378
24854,0,2,0.75,0.7008547,0.6495727,0.8451374,9.620079
24854,0,2,1,0.73504275,0.6666667,0.8451375,9.807533
24854,0,3,0,0.4017094,0.9059829,0.8751547,15.345257
24854,0,3,0.25,0.37606838,0.8803419,0.8751547,15.067295
24854,0,3,0.5,0.37606838,0.8632479,0.8751547,15.216502
24854,0,3,0.75,0.37606838,0.8632479,0.8751547,15.444505
24854,0,3,1,0.37606838,0.8717949,0.8751547,15.827803
24855,0,1,0,0.6923077,1,0.25781265,1.9750601
24855,0,1,0.25,0.6837607,1,0.25781292,2.1964025
24855,0,1,0.5,0.7094017,0.974359,0.25781268,2.491643
24855,0,1,0.75,0.6923077,0.991453,0.25781268,2.809785
24855,0,1,1,0.73504275,0.991453,0.25781268,3.1667483
24855,0,2,0,1,0.7606838,0.32240233,3.480176
24855,0,2,0.25,0.982906,0.7777778,0.32240248,3.3739018
24855,0,2,0.5,0.94871795,0.7948718,0.32240257,3.395359
24855,0,2,0.75,0.94871795,0.82051283,0.3224025,3.4583523
24855,0,2,1,0.93162394,0.84615386,0.32240242,3.672102
24855,0,3,0,0.85470086,0.82905984,1.480681,13.5426035
24855,0,3,0.25,0.84615386,0.8034188,1.480681,14.002029
24855,0,3,0.5,0.8803419,0.82905984,1.480681,15.037314
24855,0,3,0.75,0.84615386,0.73504275,1.480681,16.253544
24855,0,3,1,0.84615386,0.6495727,1.480681,17.154064
24856,0,1,0,0.974359,0.47008547,0.4530051,1.7609847
24856,0,1,0.25,1,0.47008547,0.4530051,1.9809334
24856,0,1,0.5,0.982906,0.4957265,0.45300502,2.6385336
24856,0,1,0.75,0.991453,0.3846154,0.45300528,3.2089477
24856,0,1,1,0.95726496,0.3846154,0.4530051,3.6106474
24856,0,2,0,0.5726496,0.8803419,1.204287,8.939575
24856,0,2,0.25,0.63247865,0.8974359,1.2042869,9.718391
24856,0,2,0.5,0.6923077,0.8632479,1.2042869,11.016948
24856,0,2,0.75,0.7863248,0.83760685,1.2042873,11.792859
24856,0,2,1,0.9059829,0.8119658,1.204287,11.66875
24856,0,3,0,0.75213677,0.35897437,2.0949244,28.481457
24856,0,3,0.25,0.82905984,0.44444445,2.0949244,25.168964
24856,0,3,0.5,0.82905984,0.5470086,2.0949244,22.026443
24856,0,3,0.75,0.8803419,0.60683763,2.0949247,19.050262
24856,0,3,1,0.94017094,0.5726496,2.0949244,17.336678
24857,0,1,0,0.6752137,1,0.5726711,7.321941
24857,0,1,0.25,0.6837607,1,0.5726711,7.507187
24857,0,1,0.5,0.6581197,0.991453,0.5726712,7.5974293
24857,0,1,0.75,0.6495727,0.982906,0.5726711,7.410516
24857,0,1,1,0.6495727,0.94017094,0.5726711,7.2183604
24857,0,2,0,0.6923077,1,0.29263768,3.4717236
24857,0,2,0.25,0.6923077,0.991453,0.29263768,3.597808
24857,0,2,0.5,0.73504275,1,0.2926378,3.6818738
24857,0,2,0.75,0.71794873,1,0.29263768,3.6075854
24857,0,2,1,0.6923077,1,0.29263768,3.5019667
24857,0,3,0,0.47008547,0.6581197,2.0683222,25.390587
24857,0,3,0.25,0.45299146,0.62393165,2.0683222,25.432167
24857,0,3,0.5,0.47008547,0.64102566,2.0683222,25.874052
24857,0,3,0.75,0.47863248,0.6666667,2.068322,25.745636
24857,0,3,1,0.50427353,0.7094017,2.0683222,26.201931
24858,0,1,0,0.96581197,0.41880342,0.5618804,6.2727184
24858,0,1,0.25,0.94017094,0.46153846,0.5618804,6.9650345
24858,0,1,0.5,0.94871795,0.47008547,0.5618804,7.8949714
24858,0,1,0.75,0.9230769,0.4871795,0.56188047,8.970688
24858,0,1,1,0.94871795,0.52991456,0.56188047,10.152124
24858,0,2,0,0.4957265,1,0.52078575,2.475191
24858,0,2,0.25,0.50427353,0.982906,0.52078575,3.3356676
24858,0,2,0.5,0.44444445,0.96581197,0.5207857,4.108074
24858,0,2,0.75,0.4017094,0.95726496,0.5207855,5.0574236
24858,0,2,1,0.43589744,0.93162394,0.5207857,6.4187174
24858,0,3,0,0.7692308,0.96581197,0.52305573,1.6584804
24858,0,3,0.25,0.7692308,0.991453,0.5230557,1.9223399
24858,0,3,0.5,0.7777778,0.974359,0.52305573,2.2924638
24858,0,3,0.75,0.7863248,0.94871795,0.52305573,2.7986593
24858,0,3,1,0.7692308,0.93162394,0.52305573,3.5077112
24859,0,1,0,0.8717949,0.63247865,0.44149727,6.932273
24859,0,1,0.25,0.8632479,0.6495727,0.44149703,6.662712
24859,0,1,0.5,0.9145299,0.6666667,0.44149745,6.978401
24859,0,1,0.75,0.94871795,0.6666667,0.44149727,7.11759
24859,0,1,1,0.94017094,0.6495727,0.44149727,7.059556
24859,0,2,0,0.8119658,0.982906,0.3403498,5.389533
24859,0,2,0.25,0.82905984,0.991453,0.3403498,5.280859
24859,0,2,0.5,0.8803419,0.9230769,0.34035003,5.4724097
24859,0,2,0.75,0.84615386,0.9230769,0.34035006,5.719013
24859,0,2,1,0.82051283,0.9145299,0.34035006,5.925153
24859,0,3,0,0.7863248,0.8888889,0.2984562,3.393678
24859,0,3,0.25,0.7777778,0.8803419,0.2984562,3.24229
24859,0,3,0.5,0.8034188,0.8974359,0.2984561,3.5096126
24859,0,3,0.75,0.7863248,0.9145299,0.2984562,3.6950388
24859,0,3,1,0.83760685,0.93162394,0.2984562,3.798748
24860,0,1,0,0.6495727,0.7948718,2.0604825,18.427986
24860,0,1,0.25,0.61538464,0.7094017,2.0604825,20.043728
24860,0,1,0.5,0.64102566,0.6923077,2.0604825,22.523235
24860,0,1,0.75,0.60683763,0.51282054,2.0604827,23.999338
24860,0,1,1,0.60683763,0.45299146,2.0604825,25.261255
24860,0,2,0,0.8803419,0.5555556,0.83417445,7.5492053
24860,0,2,0.25,0.9059829,0.5641026,0.8341745,8.178696
24860,0,2,0.5,0.8717949,0.52136755,0.83417445,8.852213
24860,0,2,0.75,0.82051283,0.5726496,0.83417416,9.564247
24860,0,2,1,0.73504275,0.61538464,0.83417416,11.038654
24860,0,3,0,0.94871795,0.4957265,0.44557434,2.0025165
24860,0,3,0.25,0.96581197,0.50427353,0.44557473,2.2098427
24860,0,3,0.5,0.9230769,0.51282054,0.44557434,2.365832
24860,0,3,0.75,0.9230769,0.51282054,0.44557473,2.49753
24860,0,3,1,0.95726496,0.53846157,0.44557473,2.975534
24861,0,1,0,0.974359,0.43589744,0.26312658,2.0961597
24861,0,1,0.25,0.974359,0.41880342,0.26312658,1.837522
24861,0,1,0.5,0.974359,0.3846154,0.26312658,1.6984882
24861,0,1,0.75,0.982906,0.36752138,0.2631268,1.6476394
24861,0,1,1,1,0.36752138,0.26312655,1.5614371
24861,0,2,0,0.8888889,0.51282054,0.4245228,7.2036777
24861,0,2,0.25,0.8632479,0.4871795,0.4245228,7.1391964
24861,0,2,0.5,0.8974359,0.42735043,0.4245228,6.7921777
24861,0,2,0.75,0.96581197,0.47008547,0.4245228,6.09326
24861,0,2,1,0.974359,0.50427353,0.4245228,5.3800716
24861,0,3,0,0.84615386,0.44444445,0.30044526,4.515284
24861,0,3,0.25,0.8632479,0.45299146,0.30044535,4.1858397
24861,0,3,0.5,0.8888889,0.47008547,0.30044535,3.557746
24861,0,3,0.75,0.94871795,0.51282054,0.3004454,2.9620423
24861,0,3,1,1,0.53846157,0.30044535,2.3628163
24862,0,1,0,0.45299146,0.82905984,0.9197917,13.31097
24862,0,1,0.25,0.44444445,0.82905984,0.9197917,13.026309
24862,0,1,0.5,0.44444445,0.83760685,0.9197917,12.644201
24862,0,1,0.75,0.47008547,0.85470086,0.91979164,12.41692
24862,0,1,1,0.47863248,0.8632479,0.9197917,11.932386
24862,0,2,0,0.6495727,0.5982906,1.2750674,26.308895
24862,0,2,0.25,0.6666667,0.5726496,1.2750674,26.092075
24862,0,2,0.5,0.6666667,0.5641026,1.2750674,25.517433
24862,0,2,0.75,0.6923077,0.53846157,1.2750674,24.779299
24862,0,2,1,0.7008547,0.53846157,1.2750674,24.916012
24862,0,3,0,0.94017094,0.7777778,0.8250761,11.224304
24862,0,3,0.25,0.94017094,0.82051283,0.8250761,11.3033905
24862,0,3,0.5,0.94017094,0.8034188,0.8250761,11.2346735
24862,0,3,0.75,0.9230769,0.7948718,0.8250761,11.026198
24862,0,3,1,0.9059829,0.8119658,0.8250761,11.027512
24863,0,1,0,0.8803419,0.6752137,0.31128374,6.5277433
24863,0,1,0.25,0.8974359,0.6666667,0.31128374,6.7660513
24863,0,1,0.5,0.93162394,0.6581197,0.31128392,6.927334
24863,0,1,0.75,0.8888889,0.6666667,0.31128392,6.88216
24863,0,1,1,0.8888889,0.6923077,0.31128374,7.1063128
24863,0,2,0,0.3931624,0.6581197,1.2601435,15.802477
24863,0,2,0.25,0.4017094,0.6837607,1.2601435,15.731402
24863,0,2,0.5,0.41880342,0.6666667,1.2601433,15.905039
24863,0,2,0.75,0.41880342,0.6837607,1.2601433,16.123625
24863,0,2,1,0.3931624,0.6923077,1.2601435,16.271881
24863,0,3,0,0.47008547,0.83760685,0.7162445,5.5595455
24863,0,3,0.25,0.47008547,0.82051283,0.7162445,5.616578
24863,0,3,0.5,0.47008547,0.8034188,0.7162445,5.6460376
24863,0,3,0.75,0.47008547,0.8034188,0.7162445,5.6541843
24863,0,3,1,0.47008547,0.82051283,0.7162445,5.8248196
24864,0,1,0,0.52991456,0.7948718,1.9018341,8.983583
24864,0,1,0.25,0.71794873,0.9059829,1.9018341,13.998717
24864,0,1,0.5,0.73504275,0.83760685,1.9018341,17.743881
24864,0,1,0.75,0.7008547,0.7094017,1.901834,22.538042
24864,0,1,1,0.60683763,0.52136755,1.901834,29.816347
24864,0,2,0,0.93162394,0.63247865,0.61657715,6.0470057
24864,0,2,0.25,0.95726496,0.60683763,0.61657727,5.087801
24864,0,2,0.5,0.95726496,0.62393165,0.6165771,5.0602107
24864,0,2,0.75,0.94871795,0.5982906,0.6165772,5.464159
24864,0,2,1,0.93162394,0.52136755,0.6165772,5.9612503
24864,0,3,0,0.8034188,0.8717949,0.2822526,1.6960593
24864,0,3,0.25,0.8974359,0.9059829,0.28225258,1.6721735
24864,0,3,0.5,0.9230769,0.9230769,0.2822526,2.0634089
24864,0,3,0.75,0.82905984,0.8803419,0.2822526,2.663672
24864,0,3,1,0.82051283,0.83760685,0.2822526,3.5297256
24865,0,1,0,0.62393165,0.85470086,0.87115234,9.342925
24865,0,1,0.25,0.62393165,0.8632479,0.8711522,9.476181
24865,0,1,0.5,0.5897436,0.8717949,0.8711522,9.7823715
24865,0,1,0.75,0.60683763,0.8888889,0.87115264,10.365877
24865,0,1,1,0.5641026,0.8803419,0.87115234,10.480053
24865,0,2,0,0.8717949,0.95726496,0.5158502,5.209203
24865,0,2,0.25,0.8632479,0.96581197,0.5158502,5.283243
24865,0,2,0.5,0.8119658,0.96581197,0.51585007,5.384802
24865,0,2,0.75,0.8119658,0.9230769,0.51585025,5.401437
24865,0,2,1,0.8119658,0.94017094,0.51584995,5.534606
24865,0,3,0,0.9145299,0.6837607,0.64878637,8.462662
24865,0,3,0.25,0.9230769,0.6581197,0.64878637,8.4792595
24865,0,3,0.5,0.9230769,0.6666667,0.64878654,8.649607
24865,0,3,0.75,0.9145299,0.6752137,0.64878625,8.728928
24865,0,3,1,0.8888889,0.6495727,0.64878637,9.132732
24866,0,1,0,0.7777778,0.7777778,0.9865059,9.264757
24866,0,1,0.25,0.7777778,0.7777778,0.9865059,9.123763
24866,0,1,0.5,0.7692308,0.7692308,0.9865059,9.017464
24866,0,1,0.75,0.7692308,0.7863248,0.9865058,9.087357
24866,0,1,1,0.7692308,0.8034188,0.9865059,9.007612
24866,0,2,0,0.84615386,0.4957265,0.9568524,12.604633
24866,0,2,0.25,0.82051283,0.51282054,0.9568524,13.061201
24866,0,2,0.5,0.8119658,0.4871795,0.9568524,12.588085
24866,0,2,0.75,0.8034188,0.51282054,0.9568523,12.94875
24866,0,2,1,0.7948718,0.4957265,0.9568524,12.519264
24866,0,3,0,0.7948718,0.3846154,1.6575248,19.992212
24866,0,3,0.25,0.7863248,0.4017094,1.6575247,19.217148
24866,0,3,0.5,0.7777778,0.41880342,1.6575248,19.600473
24866,0,3,0.75,0.7863248,0.4017094,1.6575247,19.44372
24866,0,3,1,0.8034188,0.41025642,1.6575248,19.40109
24867,0,1,0,0.52136755,0.95726496,0.78073096,8.589607
24867,0,1,0.25,0.5641026,0.9145299,0.78073096,5.5921736
24867,0,1,0.5,0.53846157,0.8717949,0.78073096,5.0071306
24867,0,1,0.75,0.5641026,0.9230769,0.7807308,5.461756
24867,0,1,1,0.5726496,0.95726496,0.78073096,4.4624834
24867,0,2,0,0.5726496,0.8632479,0.6117414,7.3850527
24867,0,2,0.25,0.63247865,0.84615386,0.6117414,6.304641
24867,0,2,0.5,0.60683763,0.85470086,0.6117416,8.634694
24867,0,2,0.75,0.6752137,0.93162394,0.6117417,7.365391
24867,0,2,1,0.6666667,0.991453,0.61174154,6.6891794
24867,0,3,0,0.8717949,0.982906,0.31597784,2.0112028
24867,0,3,0.25,0.9059829,0.991453,0.31597793,1.7803102
24867,0,3,0.5,0.9230769,0.974359,0.31597793,1.8884137
24867,0,3,0.75,0.9145299,0.96581197,0.31597814,1.6531448
24867,0,3,1,0.94017094,0.974359,0.31597784,1.5060947
24868,0,1,0,0.7948718,0.82905984,0.7738008,3.24994
24868,0,1,0.25,0.7692308,0.82905984,0.7738009,3.2591016
24868,0,1,0.5,0.74358976,0.8632479,0.7738009,3.2861316
24868,0,1,0.75,0.7863248,0.85470086,0.77380085,3.3256707
24868,0,1,1,0.8119658,0.85470086,0.7738008,3.2813313
24868,0,2,0,0.95726496,0.8119658,0.30431888,1.3861282
24868,0,2,0.25,0.9230769,0.83760685,0.30431888,1.3690516
24868,0,2,0.5,0.94017094,0.82051283,0.30431885,1.3598803
24868,0,2,0.75,0.974359,0.82051283,0.30431902,1.3443913
24868,0,2,1,0.95726496,0.8034188,0.30431888,1.3105698
24868,0,3,0,0.41880342,0.85470086,0.49303392,9.931417
24868,0,3,0.25,0.43589744,0.84615386,0.49303392,9.368998
24868,0,3,0.5,0.47863248,0.8717949,0.49303392,9.191912
24868,0,3,0.75,0.52136755,0.8803419,0.49303392,8.983144
24868,0,3,1,0.50427353,0.8888889,0.49303392,8.62936
24869,0,1,0,0.6495727,0.7094017,1.3159152,15.247583
24869,0,1,0.25,0.73504275,0.7008547,1.3159152,15.621017
24869,0,1,0.5,0.84615386,0.6495727,1.3159157,15.460295
24869,0,1,0.75,0.83760685,0.5641026,1.3159151,14.8318615
24869,0,1,1,0.85470086,0.5555556,1.3159152,14.344044
24869,0,2,0,0.82051283,0.74358976,0.7568403,10.151052
24869,0,2,0.25,0.7863248,0.7777778,0.7568403,9.31824
24869,0,2,0.5,0.82905984,0.72649574,0.7568407,8.879712
24869,0,2,0.75,0.83760685,0.62393165,0.75684065,8.922819
24869,0,2,1,0.8034188,0.61538464,0.7568403,8.754084
24869,0,3,0,0.41025642,0.7948718,1.2044208,10.401224
24869,0,3,0.25,0.51282054,0.8888889,1.2044209,8.597935
24869,0,3,0.5,0.5641026,0.94871795,1.2044209,8.462278
24869,0,3,0.75,0.5811966,0.94017094,1.2044207,8.383448
24869,0,3,1,0.5982906,0.974359,1.2044207,8.777717
24870,0,1,0,0.47008547,0.96581197,0.26753357,0.7086378
24870,0,1,0.25,0.46153846,0.991453,0.26753357,0.71054244
24870,0,1,0.5,0.45299146,0.982906,0.26753357,0.70273614
24870,0,1,0.75,0.43589744,0.982906,0.26753357,0.7235786
24870,0,1,1,0.43589744,0.982906,0.26753357,0.7244545
24870,0,2,0,0.8803419,0.974359,0.32697994,1.4408357
24870,0,2,0.25,0.8974359,0.96581197,0.32697982,1.4006765
24870,0,2,0.5,0.8803419,0.94017094,0.32697996,1.4010363
24870,0,2,0.75,0.8632479,0.9230769,0.32698026,1.3978415
24870,0,2,1,0.85470086,0.94871795,0.32697994,1.4141241
24870,0,3,0,0.9145299,0.7948718,0.8565782,4.7400064
24870,0,3,0.25,0.9059829,0.7863248,0.8565782,4.7172256
24870,0,3,0.5,0.9059829,0.7777778,0.8565782,4.747635
24870,0,3,0.75,0.9059829,0.7777778,0.85657847,4.73402
24870,0,3,1,0.8974359,0.7777778,0.8565782,4.7970095
24871,0,1,0,0.9230769,0.61538464,1.4378712,17.515709
24871,0,1,0.25,0.94017094,0.5641026,1.4378715,17.29845
24871,0,1,0.5,0.94871795,0.47008547,1.4378713,17.031055
24871,0,1,0.75,0.95726496,0.46153846,1.4378712,16.189177
24871,0,1,1,0.96581197,0.43589744,1.4378712,14.488838
24871,0,2,0,0.7606838,0.8119658,0.728892,7.5750904
24871,0,2,0.25,0.7777778,0.8119658,0.72889197,7.3683643
24871,0,2,0.5,0.85470086,0.73504275,0.7288922,7.163257
24871,0,2,0.75,0.7948718,0.6923077,0.7288922,6.446418
24871,0,2,1,0.8034188,0.7008547,0.72889197,5.638833
24871,0,3,0,0.8803419,0.46153846,1.0413386,13.045559
24871,0,3,0.25,0.8803419,0.44444445,1.0413384,14.757309
24871,0,3,0.5,0.83760685,0.52991456,1.0413384,16.579842
24871,0,3,0.75,0.7606838,0.52991456,1.0413384,18.264519
24871,0,3,1,0.82051283,0.52991456,1.0413384,20.100323
24872,0,1,0,1,0.93162394,0.2684162,3.0070434
24872,0,1,0.25,0.991453,0.95726496,0.26841614,3.2956111
24872,0,1,0.5,1,0.95726496,0.2684162,3.4169478
24872,0,1,0.75,0.95726496,0.94871795,0.26841605,3.5875254
24872,0,1,1,0.94017094,0.96581197,0.26841614,3.6648464
24872,0,2,0,0.5897436,0.8119658,0.31606856,3.9910972
24872,0,2,0.25,0.5982906,0.84615386,0.31606856,4.1344757
24872,0,2,0.5,0.61538464,0.8717949,0.3160685,4.200571
24872,0,2,0.75,0.61538464,0.9059829,0.31606877,4.051402
24872,0,2,1,0.6495727,0.9059829,0.31606868,3.992471
24872,0,3,0,0.6666667,0.982906,0.5278186,4.5650005
24872,0,3,0.25,0.6923077,0.982906,0.5278186,4.625513
24872,0,3,0.5,0.6495727,0.991453,0.5278189,4.6788254
24872,0,3,0.75,0.62393165,0.974359,0.5278186,4.645956
24872,0,3,1,0.5470086,0.94871795,0.5278186,4.61374
24873,0,1,0,0.43589744,0.8034188,1.3947436,28.925642
24873,0,1,0.25,0.5641026,0.83760685,1.3947436,24.781197
24873,0,1,0.5,0.63247865,0.84615386,1.3947437,21.422836
24873,0,1,0.75,0.6923077,0.82051283,1.394744,18.294014
24873,0,1,1,0.7094017,0.8119658,1.3947438,16.490387
24873,0,2,0,0.6581197,1,0.3261775,5.0944386
24873,0,2,0.25,0.71794873,1,0.3261775,4.855877
24873,0,2,0.5,0.7948718,1,0.32617718,4.8613644
24873,0,2,0.75,0.82051283,0.982906,0.3261774,4.8400507
24873,0,2,1,0.82905984,0.95726496,0.3261775,4.832815
24873,0,3,0,0.7948718,0.8119658,0.2913995,4.062997
24873,0,3,0.25,0.8119658,0.8119658,0.29139963,3.5924072
24873,0,3,0.5,0.7948718,0.8803419,0.29139975,3.3144805
24873,0,3,0.75,0.82905984,0.8803419,0.2913995,3.163958
24873,0,3,1,0.85470086,0.8803419,0.2913995,3.0446458
24874,0,1,0,0.8034188,0.9230769,0.6394833,3.829196
24874,0,1,0.25,0.8034188,0.96581197,0.63948303,3.379911
24874,0,1,0.5,0.7692308,0.94017094,0.6394833,3.0675225
24874,0,1,0.75,0.82905984,0.991453,0.63948315,3.0413816
24874,0,1,1,0.82051283,0.982906,0.63948315,2.8811913
24874,0,2,0,0.9230769,0.6495727,2.1816852,19.734087
24874,0,2,0.25,0.9145299,0.51282054,2.1816852,17.46221
24874,0,2,0.5,0.93162394,0.50427353,2.1816852,16.331972
24874,0,2,0.75,0.94871795,0.51282054,2.1816852,15.754057
24874,0,2,1,0.94871795,0.47863248,2.1816852,14.371328
24874,0,3,0,0.47008547,0.95726496,1.0810595,11.178158
24874,0,3,0.25,0.4957265,0.96581197,1.0810593,10.924208
24874,0,3,0.5,0.52991456,0.93162394,1.0810595,10.35405
24874,0,3,0.75,0.5726496,0.9230769,1.0810596,10.041148
24874,0,3,1,0.5726496,0.94017094,1.0810596,9.246523
24875,0,1,0,0.9230769,0.974359,0.34107408,2.9143758
24875,0,1,0.25,0.8888889,0.9145299,0.34107396,2.309225
24875,0,1,0.5,0.8803419,0.84615386,0.34107408,2.1714487
24875,0,1,0.75,0.8974359,0.83760685,0.34107408,2.3930469
24875,0,1,1,0.8717949,0.8632479,0.34107408,2.8406534
24875,0,2,0,0.63247865,0.95726496,0.26934323,3.7539625
24875,0,2,0.25,0.61538464,0.96581197,0.26934323,3.8533707
24875,0,2,0.5,0.52136755,0.991453,0.2693432,3.5890248
24875,0,2,0.75,0.50427353,0.8974359,0.26934317,3.3162189
24875,0,2,1,0.47008547,0.8119658,0.26934317,3.0228422
24875,0,3,0,0.9230769,0.93162394,0.6609159,3.6822987
24875,0,3,0.25,0.9230769,0.9230769,0.6609159,3.4004874
24875,0,3,0.5,0.9059829,0.84615386,0.6609159,3.8670197
24875,0,3,0.75,0.82051283,0.84615386,0.6609158,5.116826
24875,0,3,1,0.8034188,0.73504275,0.66091585,7.2147284
24876,0,1,0,0.8119658,0.95726496,0.26291922,2.7607894
24876,0,1,0.25,0.7606838,0.95726496,0.26291916,2.598968
24876,0,1,0.5,0.72649574,0.94871795,0.26291898,2.4721136
24876,0,1,0.75,0.71794873,0.95726496,0.26291907,2.374176
24876,0,1,1,0.72649574,0.95726496,0.2629192,2.345801
24876,0,2,0,0.53846157,0.991453,0.46807298,2.9372234
24876,0,2,0.25,0.5470086,0.982906,0.46807298,2.9865818
24876,0,2,0.5,0.5555556,0.991453,0.46807286,3.0392334
24876,0,2,0.75,0.53846157,0.991453,0.46807298,3.0587525
24876,0,2,1,0.51282054,0.95726496,0.46807298,3.0290165
24876,0,3,0,0.9145299,0.47863248,1.1833823,14.909305
24876,0,3,0.25,0.94017094,0.5726496,1.1833824,14.758337
24876,0,3,0.5,0.974359,0.64102566,1.1833822,14.49733
24876,0,3,0.75,0.95726496,0.71794873,1.1833823,14.080328
24876,0,3,1,0.9230769,0.7606838,1.1833823,13.846459
24877,0,1,0,0.41880342,0.95726496,0.2969254,3.0207691
24877,0,1,0.25,0.3846154,0.991453,0.2969254,2.6854806
24877,0,1,0.5,0.44444445,0.974359,0.2969254,2.6360106
24877,0,1,0.75,0.41880342,1,0.29692537,2.773115
24877,0,1,1,0.44444445,1,0.2969254,3.0411477
24877,0,2,0,0.96581197,0.46153846,0.31824702,5.5949445
24877,0,2,0.25,0.982906,0.47008547,0.31824705,6.4052496
24877,0,2,0.5,0.94871795,0.45299146,0.31824708,6.9485216
24877,0,2,0.75,0.974359,0.47008547,0.31824708,6.788035
24877,0,2,1,0.991453,0.46153846,0.318247,7.5521336
24877,0,3,0,0.71794873,0.974359,0.25539875,3.7679367
24877,0,3,0.25,0.71794873,0.94871795,0.25539875,4.3636994
24877,0,3,0.5,0.7008547,0.8803419,0.2553987,4.686722
24877,0,3,0.75,0.6666667,0.8888889,0.25539875,5.202797
24877,0,3,1,0.6495727,0.83760685,0.25539875,6.3041906
24878,0,1,0,0.5811966,0.982906,0.4034584,4.1682396
24878,0,1,0.25,0.5726496,0.95726496,0.4034584,4.281632
24878,0,1,0.5,0.5811966,0.95726496,0.4034584,4.332187
24878,0,1,0.75,0.5726496,0.96581197,0.4034583,4.558378
24878,0,1,1,0.5641026,0.974359,0.4034584,4.676174
24878,0,2,0,0.5555556,0.974359,0.7188517,10.634186
24878,0,2,0.25,0.5470086,0.96581197,0.718851,10.880423
24878,0,2,0.5,0.5470086,0.94017094,0.71885115,10.920221
24878,0,2,0.75,0.53846157,0.95726496,0.7188517,11.232702
24878,0,2,1,0.50427353,0.94017094,0.7188517,11.660967
24878,0,3,0,0.7606838,0.7948718,1.4473984,17.069746
24878,0,3,0.25,0.72649574,0.7948718,1.4473982,17.218193
24878,0,3,0.5,0.74358976,0.8119658,1.4473982,17.811268
24878,0,3,0.75,0.74358976,0.7777778,1.4473984,17.747269
24878,0,3,1,0.74358976,0.7863248,1.4473984,17.96045
24879,0,1,0,0.7008547,0.8119658,1.4640532,20.831806
24879,0,1,0.25,0.7008547,0.85470086,1.4640533,19.307224
24879,0,1,0.5,0.84615386,0.84615386,1.4640533,18.145588
24879,0,1,0.75,0.9059829,0.7606838,1.4640533,18.32255
24879,0,1,1,0.8632479,0.6495727,1.4640533,20.021793
24879,0,2,0,0.8632479,0.9145299,0.5747739,6.9988832
24879,0,2,0.25,0.83760685,0.8974359,0.5747739,6.3589835
24879,0,2,0.5,0.84615386,0.8974359,0.5747739,5.9856663
24879,0,2,0.75,0.82905984,0.8803419,0.5747739,5.6351404
24879,0,2,1,0.7948718,0.8717949,0.5747739,5.83786
24879,0,3,0,0.9145299,1,0.51227903,5.489393
24879,0,3,0.25,0.9145299,1,0.51227903,5.2157907
24879,0,3,0.5,0.8119658,1,0.51227903,4.957877
24879,0,3,0.75,0.7606838,0.94017094,0.51227903,4.8645926
24879,0,3,1,0.7863248,0.94017094,0.51227903,6.07642
24880,0,1,0,0.8803419,0.6495727,1.0714331,9.6591625
24880,0,1,0.25,0.85470086,0.6495727,1.0714331,9.473017
24880,0,1,0.5,0.9145299,0.73504275,1.0714332,9.96982
24880,0,1,0.75,0.9145299,0.7008547,1.0714333,10.377605
24880,0,1,1,0.9059829,0.6837607,1.0714331,10.782089
24880,0,2,0,0.82905984,0.7094017,1.5961449,8.547953
24880,0,2,0.25,0.8717949,0.7692308,1.5961453,8.714335
24880,0,2,0.5,0.9230769,0.8034188,1.5961453,9.342148
24880,0,2,0.75,0.8888889,0.7948718,1.5961452,9.601591
24880,0,2,1,0.8632479,0.82051283,1.5961449,9.643223
24880,0,3,0,0.6581197,0.6581197,2.9424047,17.707008
24880,0,3,0.25,0.6666667,0.7094017,2.942405,19.387835
24880,0,3,0.5,0.6837607,0.8034188,2.942405,19.836931
24880,0,3,0.75,0.64102566,0.74358976,2.942405,20.137058
24880,0,3,1,0.5811966,0.64102566,2.942405,17.52422
24881,0,1,0,0.982906,0.5641026,0.2629424,2.4615371
24881,0,1,0.25,0.982906,0.5555556,0.2629424,2.5592494
24881,0,1,0.5,0.974359,0.5641026,0.2629424,2.6177871
24881,0,1,0.75,0.991453,0.5555556,0.2629424,2.8061485
24881,0,1,1,0.974359,0.5555556,0.2629424,2.954718
24881,0,2,0,0.94017094,0.96581197,0.41627824,4.5499473
24881,0,2,0.25,0.9059829,0.94871795,0.41627824,4.772563
24881,0,2,0.5,0.8803419,0.974359,0.41627792,5.211274
24881,0,2,0.75,0.7863248,0.94871795,0.41627792,5.7500324
24881,0,2,1,0.75213677,0.95726496,0.41627824,6.4724216
24881,0,3,0,0.5641026,0.9059829,0.7337828,8.5689335
24881,0,3,0.25,0.52136755,0.974359,0.7337824,8.927153
24881,0,3,0.5,0.5811966,0.96581197,0.7337828,9.609349
24881,0,3,0.75,0.5982906,0.982906,0.7337828,10.581064
24881,0,3,1,0.60683763,0.8974359,0.73378265,11.812916
24882,0,1,0,0.982906,0.47008547,0.5135385,5.8358836
24882,0,1,0.25,0.96581197,0.42735043,0.51353824,6.729822
24882,0,1,0.5,0.9145299,0.44444445,0.51353824,8.1532545
24882,0,1,0.75,0.95726496,0.42735043,0.51353836,10.050646
24882,0,1,1,0.9230769,0.3846154,0.5135384,12.216367
24882,0,2,0,0.982906,0.41025642,0.39101934,5.634205
24882,0,2,0.25,0.95726496,0.41025642,0.39101955,6.257555
24882,0,2,0.5,0.94871795,0.4017094,0.39101955,6.8614926
24882,0,2,0.75,0.94871795,0.47008547,0.39101955,8.130016
24882,0,2,1,0.95726496,0.52991456,0.39101955,8.83008
24882,0,3,0,0.9145299,0.7863248,0.5802764,7.9340286
24882,0,3,0.25,0.8717949,0.72649574,0.5802761,9.21778
24882,0,3,0.5,0.82051283,0.71794873,0.5802761,10.907801
24882,0,3,0.75,0.8632479,0.6495727,0.5802761,12.41325
24882,0,3,1,0.84615386,0.5897436,0.5802764,13.711956
24883,0,1,0,0.8632479,0.6666667,0.26778406,6.238095
24883,0,1,0.25,0.85470086,0.6581197,0.26778406,6.0388403
24883,0,1,0.5,0.85470086,0.6837607,0.26778388,6.0057635
24883,0,1,0.75,0.85470086,0.6837607,0.26778412,6.0658126
24883,0,1,1,0.8974359,0.6752137,0.26778406,6.1381702
24883,0,2,0,0.7863248,0.6923077,0.31940454,8.475166
24883,0,2,0.25,0.7948718,0.6581197,0.31940454,8.148893
24883,0,2,0.5,0.82051283,0.6666667,0.31940454,8.044247
24883,0,2,0.75,0.8119658,0.6495727,0.31940463,7.857146
24883,0,2,1,0.8034188,0.6581197,0.31940454,8.019055
24883,0,3,0,0.85470086,0.64102566,0.41241792,8.045316
24883,0,3,0.25,0.8632479,0.64102566,0.4124182,7.8753395
24883,0,3,0.5,0.8974359,0.6581197,0.41241825,7.816858
24883,0,3,0.75,0.8803419,0.7094017,0.41241792,8.041005
24883,0,3,1,0.8717949,0.6837607,0.412418,8.448706
24884,0,1,0,0.94871795,0.5726496,0.49755728,5.57218
24884,0,1,0.25,0.95726496,0.5982906,0.4975573,5.554982
24884,0,1,0.5,0.95726496,0.5897436,0.4975573,5.4817886
24884,0,1,0.75,0.96581197,0.5982906,0.4975571,5.5367775
24884,0,1,1,0.96581197,0.61538464,0.4975573,5.635553
24884,0,2,0,0.6752137,0.991453,0.2604005,2.4479015
24884,0,2,0.25,0.6837607,0.991453,0.2604008,2.4532585
24884,0,2,0.5,0.6837607,0.991453,0.26040027,2.440825
24884,0,2,0.75,0.6923077,0.982906,0.26040065,2.44377
24884,0,2,1,0.6923077,0.982906,0.2604005,2.5055406
24884,0,3,0,0.974359,0.36752138,0.43876976,5.473551
24884,0,3,0.25,0.95726496,0.36752138,0.43876994,5.4667416
24884,0,3,0.5,0.95726496,0.35897437,0.43876955,5.640667
24884,0,3,0.75,0.96581197,0.35042736,0.43876994,5.73736
24884,0,3,1,0.96581197,0.37606838,0.43876976,5.6098995
24885,0,1,0,0.9145299,0.52136755,0.7151915,8.401083
24885,0,1,0.25,0.9230769,0.5641026,0.7151915,8.390896
24885,0,1,0.5,0.9145299,0.60683763,0.7151916,8.460661
24885,0,1,0.75,0.9145299,0.5897436,0.7151914,8.259871
24885,0,1,1,0.9230769,0.5982906,0.7151915,8.045826
24885,0,2,0,0.47008547,0.7948718,1.286452,16.02705
24885,0,2,0.25,0.47008547,0.8034188,1.2864522,15.694211
24885,0,2,0.5,0.46153846,0.8119658,1.286452,15.45856
24885,0,2,0.75,0.4871795,0.8119658,1.2864522,15.236034
24885,0,2,1,0.47863248,0.7948718,1.286452,14.7630825
24885,0,3,0,0.96581197,0.5555556,0.36195058,2.9177942
24885,0,3,0.25,0.982906,0.5641026,0.3619504,2.9047942
24885,0,3,0.5,0.974359,0.5641026,0.36195058,2.896463
24885,0,3,0.75,0.96581197,0.53846157,0.3619504,2.8460684
24885,0,3,1,0.95726496,0.5470086,0.36195058,2.8634105
24886,0,1,0,0.7008547,0.9145299,0.36567014,4.875953
24886,0,1,0.25,0.63247865,0.93162394,0.36567023,5.496573
24886,0,1,0.5,0.5982906,0.95726496,0.36567008,5.162039
24886,0,1,0.75,0.5726496,1,0.36566997,3.949542
24886,0,1,1,0.5641026,0.991453,0.36567014,3.0635822
24886,0,2,0,0.94017094,0.43589744,0.6853117,8.749825
24886,0,2,0.25,0.9059829,0.42735043,0.6853118,10.149818
24886,0,2,0.5,0.8803419,0.46153846,0.68531185,10.405952
24886,0,2,0.75,0.93162394,0.51282054,0.6853116,9.254408
24886,0,2,1,0.94871795,0.5641026,0.6853117,7.82167
24886,0,3,0,1,0.52136755,0.32645267,2.4452815
24886,0,3,0.25,1,0.50427353,0.3264525,2.8365967
24886,0,3,0.5,0.982906,0.52136755,0.32645252,3.0666575
24886,0,3,0.75,0.991453,0.52136755,0.3264527,3.1713223
24886,0,3,1,0.982906,0.47008547,0.32645267,3.1104069
24887,0,1,0,0.6495727,0.9145299,0.4099617,3.9915576
24887,0,1,0.25,0.6495727,0.94017094,0.4099617,3.991362
24887,0,1,0.5,0.5982906,0.9059829,0.40996203,3.8543963
24887,0,1,0.75,0.5982906,0.94017094,0.40996134,3.7087038
24887,0,1,1,0.60683763,0.93162394,0.4099617,3.5117035
24887,0,2,0,0.52991456,0.7606838,1.7846955,15.3436775
24887,0,2,0.25,0.52991456,0.7863248,1.7846953,14.414625
24887,0,2,0.5,0.5897436,0.82051283,1.7846957,12.934088
24887,0,2,0.75,0.52136755,0.8717949,1.7846953,11.595398
24887,0,2,1,0.53846157,0.8632479,1.7846955,10.570059
24887,0,3,0,0.7692308,0.7692308,1.7522068,8.853305
24887,0,3,0.25,0.8119658,0.7692308,1.7522068,8.271995
24887,0,3,0.5,0.7948718,0.7948718,1.7522069,7.724698
24887,0,3,0.75,0.82051283,0.7948718,1.7522068,7.408147
24887,0,3,1,0.8717949,0.75213677,1.7522068,7.367071
24888,0,1,0,0.53846157,0.974359,0.28158206,3.530243
24888,0,1,0.25,0.52991456,0.974359,0.2815821,3.60642
24888,0,1,0.5,0.53846157,1,0.2815821,3.6597922
24888,0,1,0.75,0.52136755,1,0.2815816,3.6525931
24888,0,1,1,0.50427353,0.982906,0.2815821,3.6453295
24888,0,2,0,0.7863248,0.94017094,0.43795398,7.071475
24888,0,2,0.25,0.8119658,0.93162394,0.437954,7.156492
24888,0,2,0.5,0.7948718,0.93162394,0.43795398,7.2611413
24888,0,2,0.75,0.7692308,0.9230769,0.43795404,7.40477
24888,0,2,1,0.8119658,0.9145299,0.43795398,7.4696555
24888,0,3,0,0.53846157,1,0.28620398,2.469141
24888,0,3,0.25,0.5470086,1,0.28620407,2.5053287
24888,0,3,0.5,0.5555556,1,0.2862042,2.583282
24888,0,3,0.75,0.52991456,1,0.28620356,2.574473
24888,0,3,1,0.52136755,1,0.28620398,2.563116
24889,0,1,0,0.9059829,0.7777778,0.332997,3.6881866
24889,0,1,0.25,0.9059829,0.85470086,0.332997,3.4539328
24889,0,1,0.5,0.9145299,0.8803419,0.332997,3.5643048
24889,0,1,0.75,0.9230769,0.9145299,0.3329965,3.9377792
24889,0,1,1,0.9230769,0.991453,0.332997,4.2291465
24889,0,2,0,0.7094017,0.9059829,0.49258655,6.463843
24889,0,2,0.25,0.7863248,0.9059829,0.49258655,5.4946995
24889,0,2,0.5,0.85470086,0.94017094,0.49258646,5.012519
24889,0,2,0.75,0.95726496,0.94871795,0.49258634,5.3225904
24889,0,2,1,0.991453,0.95726496,0.49258646,5.093851
24889,0,3,0,1,0.75213677,1.0515208,8.170153
24889,0,3,0.25,1,0.7863248,1.0515212,7.6933517
24889,0,3,0.5,0.9230769,0.7692308,1.0515208,7.4460125
24889,0,3,0.75,0.93162394,0.82051283,1.0515205,8.026673
24889,0,3,1,0.93162394,0.82905984,1.0515208,8.458977
24890,0,1,0,0.974359,0.5897436,0.8202086,5.326041
24890,0,1,0.25,0.96581197,0.5811966,0.82020825,5.283322
24890,0,1,0.5,0.974359,0.5811966,0.82020855,5.310891
24890,0,1,0.75,0.96581197,0.5982906,0.8202087,5.443942
24890,0,1,1,0.974359,0.5726496,0.82020855,5.5242167
24890,0,2,0,0.5555556,0.82905984,1.3347306,17.902325
24890,0,2,0.25,0.52136755,0.82905984,1.3347306,18.982704
24890,0,2,0.5,0.4957265,0.7948718,1.3347306,20.152191
24890,0,2,0.75,0.45299146,0.64102566,1.3347307,20.188015
24890,0,2,1,0.46153846,0.5982906,1.3347306,21.624828
24890,0,3,0,0.94017094,0.63247865,0.6713933,9.197156
24890,0,3,0.25,0.9230769,0.61538464,0.6713933,9.586155
24890,0,3,0.5,0.9145299,0.63247865,0.6713933,9.897872
24890,0,3,0.75,0.8974359,0.5811966,0.6713933,10.252232
24890,0,3,1,0.8632479,0.5811966,0.6713933,10.725121
24891,0,1,0,1,0.75213677,0.33834794,3.8169608
24891,0,1,0.25,0.982906,0.7008547,0.33834794,4.4364324
24891,0,1,0.5,0.991453,0.60683763,0.33834794,4.9811344
24891,0,1,0.75,0.974359,0.5982906,0.33834794,5.379779
24891,0,1,1,0.96581197,0.50427353,0.33834794,5.368062
24891,0,2,0,0.982906,0.7094017,0.4193884,4.9270797
24891,0,2,0.25,0.982906,0.72649574,0.4193885,5.350827
24891,0,2,0.5,0.991453,0.73504275,0.41938832,6.0016966
24891,0,2,0.75,0.982906,0.5811966,0.41938865,5.9906545
24891,0,2,1,0.982906,0.52991456,0.41938835,6.2165513
24891,0,3,0,1,0.6752137,0.369673,4.1139708
24891,0,3,0.25,0.982906,0.73504275,0.369673,4.123964
24891,0,3,0.5,0.982906,0.7606838,0.36967322,4.41654
24891,0,3,0.75,1,0.7008547,0.36967322,4.4838104
24891,0,3,1,0.982906,0.5811966,0.36967322,4.799922
24892,0,1,0,0.7948718,0.8888889,0.5242444,6.260998
24892,0,1,0.25,0.7948718,0.8888889,0.52424514,5.974519
24892,0,1,0.5,0.8034188,0.9145299,0.52424425,5.838627
24892,0,1,0.75,0.7863248,0.8974359,0.52424425,5.772006
24892,0,1,1,0.7863248,0.8974359,0.52424425,5.954894
24892,0,2,0,0.74358976,0.8888889,1.1795074,16.57219
24892,0,2,0.25,0.71794873,0.9145299,1.1795076,15.568678
24892,0,2,0.5,0.6923077,0.9230769,1.1795076,15.277664
24892,0,2,0.75,0.6837607,0.9230769,1.1795076,14.801118
24892,0,2,1,0.63247865,0.8974359,1.1795076,14.42576
24892,0,3,0,0.982906,0.41880342,1.0401086,10.819643
24892,0,3,0.25,0.96581197,0.41025642,1.0401083,10.338112
24892,0,3,0.5,0.982906,0.41025642,1.0401088,9.941166
24892,0,3,0.75,0.96581197,0.41025642,1.0401088,9.761145
24892,0,3,1,0.96581197,0.44444445,1.0401088,9.751772
24893,0,1,0,0.84615386,0.982906,0.3788714,2.1313944
24893,0,1,0.25,0.82905984,0.991453,0.3788714,2.11474
24893,0,1,0.5,0.83760685,0.94017094,0.3788716,2.0596623
24893,0,1,0.75,0.8717949,0.95726496,0.3788714,2.0341024
24893,0,1,1,0.8632479,0.982906,0.3788714,2.0406306
24893,0,2,0,0.4957265,0.93162394,0.31226745,5.0437074
24893,0,2,0.25,0.47863248,0.9230769,0.31226727,4.867182
24893,0,2,0.5,0.47008547,0.94871795,0.31226745,4.832778
24893,0,2,0.75,0.50427353,0.94871795,0.31226766,4.762474
24893,0,2,1,0.4871795,0.94017094,0.31226745,4.7057467
24893,0,3,0,0.82051283,0.44444445,0.7287856,7.9834948
24893,0,3,0.25,0.83760685,0.44444445,0.7287857,8.083538
24893,0,3,0.5,0.84615386,0.45299146,0.72878563,8.013362
24893,0,3,0.75,0.84615386,0.45299146,0.72878546,8.06486
24893,0,3,1,0.83760685,0.45299146,0.7287856,8.114356
24894,0,1,0,0.991453,0.72649574,0.3391725,3.4941406
24894,0,1,0.25,1,0.7008547,0.3391717,3.9797258
24894,0,1,0.5,0.96581197,0.6923077,0.3391727,4.568478
24894,0,1,0.75,1,0.6923077,0.3391727,5.249622
24894,0,1,1,0.982906,0.6837607,0.3391727,6.005398
24894,0,2,0,0.51282054,0.8888889,1.2069834,14.551231
24894,0,2,0.25,0.5641026,0.9145299,1.206983,16.220139
24894,0,2,0.5,0.61538464,0.8717949,1.2069834,17.60226
24894,0,2,0.75,0.6837607,0.8034188,1.2069834,19.254292
24894,0,2,1,0.73504275,0.72649574,1.2069834,20.110363
24894,0,3,0,0.991453,0.5555556,0.37915623,2.8810213
24894,0,3,0.25,0.982906,0.5811966,0.37915614,3.1400337
24894,0,3,0.5,1,0.60683763,0.37915602,3.418805
24894,0,3,0.75,0.974359,0.60683763,0.37915602,3.8611498
24894,0,3,1,0.974359,0.5726496,0.37915602,4.2124987
24895,0,1,0,0.82905984,0.5470086,0.53906685,8.859295
24895,0,1,0.25,0.82905984,0.5641026,0.53906685,11.760609
24895,0,1,0.5,0.8632479,0.41025642,0.53906703,10.737203
24895,0,1,0.75,0.8974359,0.41880342,0.53906703,9.516071
24895,0,1,1,0.94871795,0.3931624,0.53906703,7.7909083
24895,0,2,0,0.3846154,0.84615386,0.8357214,22.432053
24895,0,2,0.25,0.50427353,0.7008547,0.8357212,23.238018
24895,0,2,0.5,0.60683763,0.72649574,0.8357214,18.457417
24895,0,2,0.75,0.6923077,0.7863248,0.8357212,13.57801
24895,0,2,1,0.8034188,0.82051283,0.8357212,9.791861
24895,0,3,0,0.8632479,0.5726496,0.51907265,10.036713
24895,0,3,0.25,0.82051283,0.5982906,0.51907307,10.75333
24895,0,3,0.5,0.7948718,0.6837607,0.51907265,9.937261
24895,0,3,0.75,0.84615386,0.73504275,0.51907265,7.0773153
24895,0,3,1,0.84615386,0.7692308,0.51907265,4.6235666
24896,0,1,0,0.8717949,0.62393165,2.5815113,19.184563
24896,0,1,0.25,0.95726496,0.5811966,2.5815113,16.823076
24896,0,1,0.5,0.96581197,0.52991456,2.5815113,13.697386
24896,0,1,0.75,0.991453,0.46153846,2.5815113,11.312073
24896,0,1,1,0.96581197,0.46153846,2.5815113,9.316737
24896,0,2,0,0.63247865,0.982906,1.0046045,8.34544
24896,0,2,0.25,0.5982906,0.974359,1.0046043,8.249403
24896,0,2,0.5,0.52136755,0.991453,1.0046045,8.690166
24896,0,2,0.75,0.50427353,0.93162394,1.0046041,9.425266
24896,0,2,1,0.52991456,0.95726496,1.0046045,10.234329
24896,0,3,0,0.8974359,0.9145299,0.34608373,2.7393298
24896,0,3,0.25,0.982906,0.8974359,0.34608373,3.1657844
24896,0,3,0.5,1,0.8888889,0.34608373,3.602569
24896,0,3,0.75,0.96581197,0.8717949,0.34608373,4.031217
24896,0,3,1,0.982906,0.82051283,0.34608373,4.169484
24897,0,1,0,0.96581197,0.8717949,0.251995,2.0460725
24897,0,1,0.25,0.95726496,0.8974359,0.2519946,2.0260384
24897,0,1,0.5,0.95726496,0.9145299,0.2519954,2.0450344
24897,0,1,0.75,0.94871795,0.9059829,0.25199544,2.0519762
24897,0,1,1,0.94017094,0.9230769,0.251995,2.0557065
24897,0,2,0,0.46153846,0.7692308,2.1594381,21.472324
24897,0,2,0.25,0.44444445,0.7692308,2.159438,21.348072
24897,0,2,0.5,0.4017094,0.72649574,2.1594381,21.640144
24897,0,2,0.75,0.41025642,0.73504275,2.1594384,21.50003
24897,0,2,1,0.42735043,0.71794873,2.1594381,21.730751
24897,0,3,0,0.46153846,0.8034188,2.09852,14.908481
24897,0,3,0.25,0.46153846,0.8034188,2.0985198,14.902929
24897,0,3,0.5,0.46153846,0.7777778,2.0985203,15.086548
24897,0,3,0.75,0.44444445,0.7777778,2.0985203,14.864268
24897,0,3,1,0.45299146,0.7692308,2.09852,14.90141
24898,0,1,0,0.75213677,0.9145299,0.47492942,6.463292
24898,0,1,0.25,0.75213677,0.93162394,0.47492942,5.804943
24898,0,1,0.5,0.72649574,0.93162394,0.47492942,5.5523386
24898,0,1,0.75,0.6666667,0.8803419,0.4749295,4.8808675
24898,0,1,1,0.62393165,0.9230769,0.47492948,6.3509855
24898,0,2,0,0.52136755,0.94017094,0.27479818,4.2932906
24898,0,2,0.25,0.5470086,0.94017094,0.27479813,4.0945864
24898,0,2,0.5,0.5641026,0.974359,0.27479818,4.00086
24898,0,2,0.75,0.62393165,0.94871795,0.27479818,4.7276955
24898,0,2,1,0.6495727,0.9145299,0.27479815,4.5996075
24898,0,3,0,0.991453,0.41880342,0.26674494,2.9518518
24898,0,3,0.25,1,0.4871795,0.26674494,2.875239
24898,0,3,0.5,1,0.50427353,0.26674494,2.893145
24898,0,3,0.75,0.991453,0.51282054,0.2667449,3.1494472
24898,0,3,1,0.991453,0.52991456,0.2667449,3.4798746
24899,0,1,0,0.9230769,0.6752137,0.7780983,7.9145327
24899,0,1,0.25,0.94017094,0.72649574,0.7780987,8.1071
24899,0,1,0.5,0.8888889,0.7008547,0.7780983,8.094149
24899,0,1,0.75,0.8974359,0.7008547,0.7780987,8.133536
24899,0,1,1,0.8717949,0.72649574,0.7780983,8.107396
24899,0,2,0,0.7094017,0.96581197,0.94169253,4.9163017
24899,0,2,0.25,0.6666667,0.95726496,0.9416926,4.563192
24899,0,2,0.5,0.64102566,0.96581197,0.9416926,4.3021173
24899,0,2,0.75,0.61538464,0.94017094,0.94169265,3.9375029
24899,0,2,1,0.63247865,0.95726496,0.94169253,3.9639258
24899,0,3,0,0.6581197,0.991453,0.2968178,2.417203
24899,0,3,0.25,0.6495727,1,0.2968187,2.4872825
24899,0,3,0.5,0.63247865,0.991453,0.29681826,2.5190845
24899,0,3,0.75,0.63247865,1,0.2968183,2.5840864
24899,0,3,1,0.6666667,0.991453,0.29681826,2.577146
24900,0,1,0,0.991453,0.35042736,0.29453915,2.7113805
24900,0,1,0.25,0.96581197,0.36752138,0.29453927,3.2017467
24900,0,1,0.5,0.974359,0.3846154,0.29453927,2.589569
24900,0,1,0.75,0.974359,0.35897437,0.29453915,2.6016312
24900,0,1,1,0.991453,0.3846154,0.29453918,2.4172783
24900,0,2,0,0.7606838,0.6495727,1.715732,11.3327675
24900,0,2,0.25,0.82051283,0.6923077,1.7157321,12.718868
24900,0,2,0.5,0.7692308,0.6923077,1.7157321,13.205788
24900,0,2,0.75,0.7692308,0.72649574,1.715732,15.013335
24900,0,2,1,0.74358976,0.6923077,1.715732,15.070873
24900,0,3,0,0.73504275,0.5470086,2.3025665,17.901155
24900,0,3,0.25,0.8119658,0.5897436,2.3025665,20.676178
24900,0,3,0.5,0.75213677,0.5555556,2.3025665,21.592838
24900,0,3,0.75,0.74358976,0.53846157,2.3025668,21.890533
24900,0,3,1,0.84615386,0.53846157,2.3025665,23.749548
24901,0,1,0,0.9230769,0.50427353,2.0520864,32.42045
24901,0,1,0.25,0.85470086,0.5982906,2.0520864,30.757244
24901,0,1,0.5,0.7863248,0.6666667,2.0520864,31.65865
24901,0,1,0.75,0.7008547,0.71794873,2.0520864,29.60034
24901,0,1,1,0.62393165,0.8119658,2.0520864,27.05198
24901,0,2,0,0.3931624,0.93162394,0.8229152,6.2044115
24901,0,2,0.25,0.45299146,0.974359,0.8229152,6.3007803
24901,0,2,0.5,0.43589744,0.991453,0.8229152,5.31704
24901,0,2,0.75,0.3931624,1,0.8229152,4.2608757
24901,0,2,1,0.37606838,1,0.8229152,3.9737127
24901,0,3,0,0.47863248,0.991453,0.91018075,8.532533
24901,0,3,0.25,0.52991456,0.982906,0.9101807,7.293022
24901,0,3,0.5,0.53846157,0.95726496,0.9101806,6.2197466
24901,0,3,0.75,0.52991456,0.974359,0.9101809,5.530706
24901,0,3,1,0.52991456,0.991453,0.9101807,4.9893484
24902,0,1,0,0.8717949,0.8803419,0.55791146,2.5201206
24902,0,1,0.25,0.9059829,0.94871795,0.55791104,2.40255
24902,0,1,0.5,0.9145299,0.95726496,0.55791146,2.14259
24902,0,1,0.75,0.8888889,0.974359,0.55791193,2.3787463
24902,0,1,1,0.85470086,0.94017094,0.55791146,2.834258
24902,0,2,0,0.991453,0.9145299,0.68031305,3.5945911
24902,0,2,0.25,0.94017094,0.82051283,0.68031305,3.983683
24902,0,2,0.5,0.94017094,0.85470086,0.680313,3.838338
24902,0,2,0.75,0.96581197,0.8888889,0.68031293,4.196643
24902,0,2,1,0.8803419,0.8888889,0.68031293,4.5132017
24902,0,3,0,0.7863248,0.82905984,0.7186655,5.971423
24902,0,3,0.25,0.8034188,0.82905984,0.7186655,5.8277135
24902,0,3,0.5,0.8034188,0.8888889,0.7186655,5.0673056
24902,0,3,0.75,0.72649574,0.8803419,0.7186656,5.149705
24902,0,3,1,0.6581197,0.8888889,0.71866566,4.9579525
24903,0,1,0,0.991453,0.3846154,0.2691922,3.0954099
24903,0,1,0.25,0.982906,0.3846154,0.2691922,3.1807022
24903,0,1,0.5,0.982906,0.3846154,0.2691922,3.180791
24903,0,1,0.75,0.991453,0.3931624,0.2691922,3.198618
24903,0,1,1,0.974359,0.3931624,0.2691922,3.2411296
24903,0,2,0,0.85470086,0.82905984,0.6003265,11.525555
24903,0,2,0.25,0.9145299,0.8119658,0.6003265,11.2565
24903,0,2,0.5,0.8974359,0.83760685,0.6003265,11.120358
24903,0,2,0.75,0.8974359,0.8034188,0.6003265,10.893695
24903,0,2,1,0.8803419,0.7948718,0.6003265,10.605692
24903,0,3,0,0.63247865,0.95726496,0.34498596,5.6725407
24903,0,3,0.25,0.6495727,0.974359,0.34498596,5.6305714
24903,0,3,0.5,0.6495727,0.982906,0.34498596,5.467489
24903,0,3,0.75,0.6581197,0.974359,0.34498596,5.456244
24903,0,3,1,0.64102566,0.974359,0.34498596,5.478093
24904,0,1,0,0.5811966,0.96581197,0.28428364,2.568095
24904,0,1,0.25,0.5897436,0.95726496,0.28428423,2.8693452
24904,0,1,0.5,0.5982906,1,0.28428364,3.275519
24904,0,1,0.75,0.62393165,0.982906,0.28428355,4.031313
24904,0,1,1,0.6495727,0.95726496,0.2842836,5.477154
24904,0,2,0,0.94017094,0.5641026,0.37996536,4.0438166
24904,0,2,0.25,0.982906,0.5641026,0.37996545,4.1679454
24904,0,2,0.5,0.974359,0.45299146,0.37996545,4.031193
24904,0,2,0.75,0.974359,0.46153846,0.37996536,4.2565956
24904,0,2,1,0.974359,0.3931624,0.3799654,4.3652563
24904,0,3,0,0.982906,0.7948718,0.32899553,3.754692
24904,0,3,0.25,0.982906,0.82905984,0.32899562,3.9746175
24904,0,3,0.5,0.93162394,0.83760685,0.32899553,4.2193136
24904,0,3,0.75,0.95726496,0.9059829,0.32899547,5.1033106
24904,0,3,1,0.8803419,0.83760685,0.32899553,6.392124
24905,0,1,0,0.8632479,0.46153846,0.45378095,6.8704023
24905,0,1,0.25,0.8632479,0.45299146,0.45378095,6.773707
24905,0,1,0.5,0.8632479,0.45299146,0.4537809,6.5194798
24905,0,1,0.75,0.85470086,0.46153846,0.45378095,6.5236444
24905,0,1,1,0.8803419,0.47008547,0.45378095,6.571274
24905,0,2,0,0.94871795,0.53846157,0.69516855,6.518256
24905,0,2,0.25,0.95726496,0.53846157,0.69516855,6.5570993
24905,0,2,0.5,0.96581197,0.51282054,0.6951686,6.4553967
24905,0,2,0.75,0.94017094,0.47008547,0.6951686,6.434231
24905,0,2,1,0.94871795,0.44444445,0.69516855,6.31429
24905,0,3,0,0.974359,0.5555556,0.2752235,5.7302504
24905,0,3,0.25,0.974359,0.53846157,0.2752235,5.736438
24905,0,3,0.5,0.96581197,0.5982906,0.2752235,5.9064064
24905,0,3,0.75,0.94871795,0.5811966,0.27522355,5.896256
24905,0,3,1,0.982906,0.5726496,0.2752235,5.9723086
24906,0,1,0,0.6581197,0.9230769,1.1361437,17.072884
24906,0,1,0.25,0.6581197,0.93162394,1.1361438,17.202055
24906,0,1,0.5,0.6666667,0.8888889,1.1361437,17.224756
24906,0,1,0.75,0.7008547,0.93162394,1.1361436,17.436447
24906,0,1,1,0.6923077,0.9230769,1.1361437,17.339237
24906,0,2,0,0.7606838,0.982906,0.39605886,6.291174
24906,0,2,0.25,0.75213677,0.96581197,0.39605886,6.3252344
24906,0,2,0.5,0.7777778,0.982906,0.3960588,6.406147
24906,0,2,0.75,0.7948718,0.95726496,0.3960588,6.4920397
24906,0,2,1,0.8119658,0.95726496,0.39605886,6.5228677
24906,0,3,0,0.51282054,0.982906,0.25758266,3.6696978
24906,0,3,0.25,0.52136755,1,0.25758266,3.7119894
24906,0,3,0.5,0.53846157,0.991453,0.25758246,3.7428992
24906,0,3,0.75,0.52991456,1,0.25758246,3.7907438
24906,0,3,1,0.53846157,0.991453,0.25758246,3.8745651
24907,0,1,0,0.8974359,0.35042736,0.4221819,5.3480816
24907,0,1,0.25,0.8974359,0.36752138,0.42218244,5.173211
24907,0,1,0.5,0.9230769,0.36752138,0.422182,4.994197
24907,0,1,0.75,0.9230769,0.36752138,0.42218247,4.9422054
24907,0,1,1,0.9230769,0.35897437,0.4221819,4.877062
24907,0,2,0,0.8974359,0.60683763,0.6895295,10.401066
24907,0,2,0.25,0.8888889,0.63247865,0.6895295,10.310003
24907,0,2,0.5,0.9059829,0.61538464,0.6895295,10.186785
24907,0,2,0.75,0.8974359,0.6581197,0.68952954,10.336809
24907,0,2,1,0.8974359,0.6495727,0.6895295,10.276084
24907,0,3,0,0.7606838,0.9059829,0.7385993,4.7491693
24907,0,3,0.25,0.7863248,0.9145299,0.7385992,4.789794
24907,0,3,0.5,0.8034188,0.9230769,0.7385993,4.9080105
24907,0,3,0.75,0.8119658,0.9230769,0.7385993,4.9930353
24907,0,3,1,0.8034188,0.9059829,0.7385993,5.047616
24908,0,1,0,0.45299146,0.7948718,0.25254506,6.0538874
24908,0,1,0.25,0.62393165,0.85470086,0.25254506,4.8414426
24908,0,1,0.5,0.6837607,0.96581197,0.2525451,4.586911
24908,0,1,0.75,0.75213677,0.9230769,0.25254506,4.1469665
24908,0,1,1,0.7692308,0.8974359,0.25254506,3.8901968
24908,0,2,0,0.6752137,0.60683763,0.7534127,13.515867
24908,0,2,0.25,0.64102566,0.75213677,0.75341266,10.668741
24908,0,2,0.5,0.62393165,0.9145299,0.75341266,10.833012
24908,0,2,0.75,0.5641026,0.95726496,0.75341266,10.129277
24908,0,2,1,0.47863248,0.95726496,0.75341266,9.390316
24908,0,3,0,0.5641026,0.75213677,0.5633922,13.447877
24908,0,3,0.25,0.7777778,0.84615386,0.5633921,10.245024
24908,0,3,0.5,0.8717949,0.7948718,0.5633919,8.049938
24908,0,3,0.75,0.94017094,0.83760685,0.5633921,7.1635666
24908,0,3,1,0.991453,0.83760685,0.563392,6.594845
24909,0,1,0,0.94871795,0.45299146,0.5302794,8.84584
24909,0,1,0.25,0.9145299,0.43589744,0.53027946,9.038897
24909,0,1,0.5,0.9230769,0.46153846,0.53027946,9.022146
24909,0,1,0.75,0.96581197,0.44444445,0.5302794,9.228031
24909,0,1,1,0.96581197,0.42735043,0.5302794,9.173439
24909,0,2,0,0.71794873,0.5555556,1.1055807,20.016651
24909,0,2,0.25,0.75213677,0.5470086,1.1055807,20.086344
24909,0,2,0.5,0.74358976,0.5641026,1.1055807,20.36816
24909,0,2,0.75,0.7606838,0.5555556,1.1055807,21.0798
24909,0,2,1,0.7777778,0.5726496,1.1055808,21.361053
24909,0,3,0,0.6581197,0.8803419,1.3742908,23.500343
24909,0,3,0.25,0.62393165,0.8974359,1.374291,23.561926
24909,0,3,0.5,0.60683763,0.9059829,1.3742905,23.521149
24909,0,3,0.75,0.5555556,0.8888889,1.3742906,23.692596
24909,0,3,1,0.52136755,0.85470086,1.3742907,23.14666
24910,0,1,0,0.7008547,0.74358976,1.2109411,19.906046
24910,0,1,0.25,0.6837607,0.75213677,1.2109412,19.569542
24910,0,1,0.5,0.6837607,0.83760685,1.210941,19.82618
24910,0,1,0.75,0.5897436,0.8974359,1.2109411,18.682777
24910,0,1,1,0.5555556,0.9230769,1.210941,17.165318
24910,0,2,0,0.5470086,0.6752137,0.88996965,14.281044
24910,0,2,0.25,0.5811966,0.75213677,0.8899698,14.0046625
24910,0,2,0.5,0.5982906,0.7692308,0.8899697,13.772417
24910,0,2,0.75,0.5555556,0.83760685,0.88996994,13.481367
24910,0,2,1,0.53846157,0.9230769,0.8899695,13.140003
24910,0,3,0,0.7008547,0.95726496,0.27057067,3.6758394
24910,0,3,0.25,0.72649574,0.94871795,0.27057073,3.534607
24910,0,3,0.5,0.71794873,0.93162394,0.27057067,3.6356888
24910,0,3,0.75,0.74358976,0.94871795,0.270571,3.6450486
24910,0,3,1,0.75213677,0.991453,0.27057067,3.5477192
24911,0,1,0,0.52136755,0.8119658,0.9240978,13.276659
24911,0,1,0.25,0.50427353,0.8632479,0.92409754,11.461428
24911,0,1,0.5,0.5555556,0.9230769,0.92409754,10.574181
24911,0,1,0.75,0.5897436,0.94017094,0.924098,9.593542
24911,0,1,1,0.5470086,0.8974359,0.924098,8.477497
24911,0,2,0,0.7948718,0.85470086,0.67961997,8.764917
24911,0,2,0.25,0.7863248,0.82905984,0.67961997,7.657508
24911,0,2,0.5,0.7606838,0.85470086,0.67961997,6.8435383
24911,0,2,0.75,0.82905984,0.8888889,0.6796195,6.492058
24911,0,2,1,0.82051283,0.93162394,0.6796195,6.0833254
24911,0,3,0,0.64102566,0.52136755,1.7821156,24.269564
24911,0,3,0.25,0.6837607,0.5982906,1.7821156,19.769213
24911,0,3,0.5,0.6923077,0.5726496,1.7821156,16.640387
24911,0,3,0.75,0.7777778,0.6752137,1.7821156,16.474493
24911,0,3,1,0.8119658,0.6495727,1.7821156,14.452031
24912,0,1,0,0.93162394,0.4957265,0.4088278,7.6261716
24912,0,1,0.25,0.94017094,0.50427353,0.40882775,7.6182995
24912,0,1,0.5,0.94017094,0.52136755,0.40882778,7.3273225
24912,0,1,0.75,0.94871795,0.50427353,0.4088278,7.097286
24912,0,1,1,0.93162394,0.4957265,0.40882775,6.841401
24912,0,2,0,0.3846154,0.8632479,0.6464244,13.104567
24912,0,2,0.25,0.3846154,0.8632479,0.6464245,12.837542
24912,0,2,0.5,0.3846154,0.82905984,0.6464244,12.483881
24912,0,2,0.75,0.36752138,0.8632479,0.6464244,12.567937
24912,0,2,1,0.36752138,0.8717949,0.6464244,12.497398
24912,0,3,0,0.94017094,0.63247865,0.2768582,4.0222745
24912,0,3,0.25,0.974359,0.6495727,0.27685812,3.9992986
24912,0,3,0.5,0.95726496,0.62393165,0.2768582,3.9633274
24912,0,3,0.75,0.94871795,0.6495727,0.2768582,4.013924
24912,0,3,1,0.94017094,0.63247865,0.2768582,3.993057
24913,0,1,0,0.991453,0.82051283,0.27741057,2.928802
24913,0,1,0.25,0.982906,0.8803419,0.27741057,3.3579335
24913,0,1,0.5,0.96581197,0.84615386,0.27741057,3.8773723
24913,0,1,0.75,0.9145299,0.7948718,0.2774106,4.55138
24913,0,1,1,0.8803419,0.72649574,0.2774106,5.704503
24913,0,2,0,0.974359,0.47008547,0.4378801,5.708713
24913,0,2,0.25,0.94871795,0.4871795,0.4378801,6.757822
24913,0,2,0.5,0.93162394,0.5555556,0.4378801,8.180834
24913,0,2,0.75,0.94871795,0.5641026,0.43788022,9.732464
24913,0,2,1,0.8974359,0.5726496,0.43788022,11.271305
24913,0,3,0,0.974359,0.71794873,0.28665474,4.3433056
24913,0,3,0.25,0.974359,0.7094017,0.28665474,5.0243464
24913,0,3,0.5,0.96581197,0.60683763,0.28665474,5.798143
24913,0,3,0.75,0.94871795,0.5811966,0.2866547,6.7341485
24913,0,3,1,0.95726496,0.5726496,0.28665474,7.528589
24914,0,1,0,0.982906,0.53846157,0.4352467,4.3112473
24914,0,1,0.25,0.974359,0.52991456,0.4352467,4.211508
24914,0,1,0.5,0.95726496,0.5641026,0.43524665,4.2638493
24914,0,1,0.75,0.94017094,0.60683763,0.4352467,4.3532915
24914,0,1,1,0.96581197,0.64102566,0.4352467,4.3913355
24914,0,2,0,1,0.42735043,0.3775191,3.3205652
24914,0,2,0.25,1,0.44444445,0.3775191,3.453265
24914,0,2,0.5,0.982906,0.44444445,0.37751904,3.934291
24914,0,2,0.75,0.991453,0.44444445,0.37751925,4.420184
24914,0,2,1,0.974359,0.44444445,0.37751916,5.1328354
24914,0,3,0,0.72649574,1,0.3984713,2.9646273
24914,0,3,0.25,0.6837607,0.991453,0.3984713,3.4638882
24914,0,3,0.5,0.6581197,0.982906,0.3984713,4.149989
24914,0,3,0.75,0.5470086,0.96581197,0.3984713,4.8201914
24914,0,3,1,0.5811966,0.8632479,0.3984713,5.7733774
24915,0,1,0,0.5555556,0.8888889,0.6671552,8.463525
24915,0,1,0.25,0.61538464,0.9059829,0.6671552,9.200056
24915,0,1,0.5,0.6666667,0.85470086,0.6671551,9.90037
24915,0,1,0.75,0.6581197,0.82905984,0.66715515,10.693149
24915,0,1,1,0.6837607,0.7948718,0.6671552,12.119091
24915,0,2,0,0.71794873,0.9145299,0.26165593,4.1960177
24915,0,2,0.25,0.74358976,0.9145299,0.26165593,4.248904
24915,0,2,0.5,0.7692308,0.8974359,0.26165596,4.319803
24915,0,2,0.75,0.7692308,0.8803419,0.26165596,4.4879665
24915,0,2,1,0.82051283,0.84615386,0.26165596,5.024549
24915,0,3,0,0.85470086,0.52136755,1.4956859,24.104988
24915,0,3,0.25,0.8632479,0.6752137,1.495686,24.677929
24915,0,3,0.5,0.83760685,0.73504275,1.4956859,25.427845
24915,0,3,0.75,0.7606838,0.8119658,1.495686,26.76104
24915,0,3,1,0.6923077,0.8034188,1.4956859,29.367697
24916,0,1,0,0.94871795,0.6581197,0.38572696,4.242648
24916,0,1,0.25,0.93162394,0.64102566,0.38572705,4.335781
24916,0,1,0.5,0.94871795,0.61538464,0.38572693,5.3167305
24916,0,1,0.75,0.974359,0.53846157,0.38572708,6.0181427
24916,0,1,1,0.974359,0.5470086,0.38572696,5.489647
24916,0,2,0,0.991453,0.8888889,0.81852466,3.7992938
24916,0,2,0.25,0.96581197,0.8632479,0.8185248,3.3400846
24916,0,2,0.5,0.94017094,0.8034188,0.8185247,4.1047115
24916,0,2,0.75,0.9230769,0.74358976,0.8185247,5.1567583
24916,0,2,1,0.84615386,0.72649574,0.81852466,7.460425
24916,0,3,0,0.974359,0.5726496,0.34208256,2.1898613
24916,0,3,0.25,0.991453,0.52991456,0.3420827,2.7969408
24916,0,3,0.5,0.96581197,0.53846157,0.34208253,4.402122
24916,0,3,0.75,0.974359,0.50427353,0.3420824,5.68382
24916,0,3,1,0.94017094,0.46153846,0.34208244,6.954031
24917,0,1,0,0.52136755,0.94871795,0.31135204,4.2482414
24917,0,1,0.25,0.5726496,0.95726496,0.31135207,4.189765
24917,0,1,0.5,0.5897436,0.991453,0.31135204,4.446846
24917,0,1,0.75,0.5470086,0.94871795,0.31135204,4.476347
24917,0,1,1,0.52136755,0.991453,0.31135204,4.6609335
24917,0,2,0,0.72649574,0.8632479,0.2917243,5.6911592
24917,0,2,0.25,0.71794873,0.9230769,0.2917243,6.194545
24917,0,2,0.5,0.75213677,0.96581197,0.2917242,6.5424404
24917,0,2,0.75,0.7094017,0.974359,0.29172394,6.340605
24917,0,2,1,0.7606838,1,0.29172438,6.1527452
24917,0,3,0,0.74358976,0.85470086,0.2827685,5.528799
24917,0,3,0.25,0.8119658,0.8803419,0.28276852,5.8937244
24917,0,3,0.5,0.83760685,0.9230769,0.2827685,6.1640525
24917,0,3,0.75,0.84615386,0.95726496,0.2827685,6.07049
24917,0,3,1,0.8119658,0.94017094,0.2827685,5.9038706
24918,0,1,0,0.8119658,0.85470086,0.9356388,5.565543
24918,0,1,0.25,0.82905984,0.8632479,0.9356387,5.6146355
24918,0,1,0.5,0.8119658,0.84615386,0.9356388,5.5903063
24918,0,1,0.75,0.84615386,0.8717949,0.93563884,5.582182
24918,0,1,1,0.84615386,0.8717949,0.93563884,5.6605473
24918,0,2,0,0.5897436,0.94017094,0.32914338,4.070477
24918,0,2,0.25,0.5726496,0.94017094,0.32914338,4.0939693
24918,0,2,0.5,0.5555556,0.96581197,0.32914338,4.154769
24918,0,2,0.75,0.5470086,1,0.32914338,4.24689
24918,0,2,1,0.5726496,0.974359,0.32914338,4.4373636
24918,0,3,0,0.8888889,0.4871795,0.79871607,11.248728
24918,0,3,0.25,0.9145299,0.47008547,0.79871607,11.432251
24918,0,3,0.5,0.9145299,0.4957265,0.79871607,11.658344
24918,0,3,0.75,0.93162394,0.50427353,0.79871607,11.917362
24918,0,3,1,0.93162394,0.4871795,0.79871607,12.030567
24919,0,1,0,0.45299146,0.96581197,0.51712996,3.6870794
24919,0,1,0.25,0.45299146,0.96581197,0.51713,3.6469998
24919,0,1,0.5,0.46153846,0.96581197,0.51713,3.6993613
24919,0,1,0.75,0.46153846,0.974359,0.51713,3.734026
24919,0,1,1,0.46153846,0.974359,0.51712996,3.78623
24919,0,2,0,0.974359,0.41025642,0.6257643,4.2008514
24919,0,2,0.25,0.95726496,0.41025642,0.6257642,4.261957
24919,0,2,0.5,0.974359,0.4017094,0.62576437,4.289995
24919,0,2,0.75,0.974359,0.41025642,0.6257642,4.346349
24919,0,2,1,0.974359,0.41025642,0.6257643,4.371133
24919,0,3,0,0.8632479,0.94017094,0.54243654,4.166071
24919,0,3,0.25,0.8803419,0.93162394,0.54243654,4.1779695
24919,0,3,0.5,0.8888889,0.94871795,0.5424366,4.273979
24919,0,3,0.75,0.8974359,0.93162394,0.5424365,4.3116465
24919,0,3,1,0.8974359,0.94017094,0.5424365,4.3778367
24920,0,1,0,0.974359,0.44444445,0.28289247,3.6424155
24920,0,1,0.25,0.991453,0.41880342,0.28289247,3.641728
24920,0,1,0.5,0.991453,0.3846154,0.28289238,4.366213
24920,0,1,0.75,0.96581197,0.43589744,0.2828924,4.864726
24920,0,1,1,0.982906,0.52136755,0.2828924,5.205238
24920,0,2,0,0.71794873,0.95726496,0.32761988,3.3992462
24920,0,2,0.25,0.75213677,1,0.32761997,3.668776
24920,0,2,0.5,0.7008547,0.982906,0.32761988,4.4820747
24920,0,2,0.75,0.7606838,0.974359,0.32761964,5.3370924
24920,0,2,1,0.8974359,0.982906,0.32761988,6.1845913
24920,0,3,0,0.6666667,0.94017094,0.537479,6.708696
24920,0,3,0.25,0.7008547,0.982906,0.53747904,7.5146065
24920,0,3,0.5,0.64102566,0.991453,0.53747886,8.951712
24920,0,3,0.75,0.5555556,0.974359,0.537479,10.075636
24920,0,3,1,0.41880342,0.96581197,0.53747904,9.579121
24921,0,1,0,0.73504275,0.7863248,0.38401264,6.6106706
24921,0,1,0.25,0.73504275,0.7777778,0.38401288,7.197344
24921,0,1,0.5,0.84615386,0.8034188,0.38401264,7.2251697
24921,0,1,0.75,0.9059829,0.7948718,0.3840127,6.934672
24921,0,1,1,0.8974359,0.82051283,0.38401264,5.8501005
24921,0,2,0,0.6495727,0.8888889,0.6206375,11.683182
24921,0,2,0.25,0.5726496,0.9059829,0.62063736,10.710817
24921,0,2,0.5,0.4957265,0.84615386,0.6206374,9.690584
24921,0,2,0.75,0.4871795,0.94871795,0.62063736,8.258886
24921,0,2,1,0.47863248,0.94871795,0.6206374,6.683025
24921,0,3,0,0.5726496,0.982906,0.5454312,3.5566068
24921,0,3,0.25,0.61538464,0.974359,0.54543126,3.3211188
24921,0,3,0.5,0.5555556,0.95726496,0.5454314,3.088672
24921,0,3,0.75,0.53846157,0.982906,0.5454313,3.4220552
24921,0,3,1,0.52991456,0.95726496,0.5454314,4.0650864
24922,0,1,0,0.96581197,0.6923077,0.30140564,3.6824327
24922,0,1,0.25,0.95726496,0.74358976,0.30140567,3.7233684
24922,0,1,0.5,0.95726496,0.74358976,0.30140567,3.6860764
24922,0,1,0.75,0.96581197,0.72649574,0.30140564,3.6954694
24922,0,1,1,1,0.71794873,0.3014056,3.6775274
24922,0,2,0,1,0.45299146,0.2634762,1.7706809
24922,0,2,0.25,0.96581197,0.4957265,0.26347622,1.7390794
24922,0,2,0.5,1,0.4957265,0.2634762,1.6746836
24922,0,2,0.75,1,0.50427353,0.2634762,1.6172025
24922,0,2,1,1,0.47863248,0.2634762,1.5648999
24922,0,3,0,0.9230769,0.7094017,1.7764024,19.20952
24922,0,3,0.25,0.93162394,0.74358976,1.7764024,19.35866
24922,0,3,0.5,0.9145299,0.7692308,1.7764024,19.25399
24922,0,3,0.75,0.9230769,0.7948718,1.7764024,19.642769
24922,0,3,1,0.9145299,0.8119658,1.7764024,19.657532
24923,0,1,0,0.82051283,0.74358976,1.3314613,14.13362
24923,0,1,0.25,0.8119658,0.73504275,1.3314612,13.911009
24923,0,1,0.5,0.7948718,0.7692308,1.3314613,13.720665
24923,0,1,0.75,0.75213677,0.8119658,1.3314613,13.339085
24923,0,1,1,0.74358976,0.82905984,1.3314613,13.098015
24923,0,2,0,0.991453,0.8119658,0.5040811,6.5175195
24923,0,2,0.25,0.982906,0.85470086,0.5040811,6.516528
24923,0,2,0.5,0.991453,0.8803419,0.5040811,6.5640616
24923,0,2,0.75,0.95726496,0.8974359,0.5040811,6.6838384
24923,0,2,1,0.94871795,0.8803419,0.5040811,6.7919073
24923,0,3,0,0.5982906,0.974359,0.31364444,3.8807707
24923,0,3,0.25,0.5811966,0.974359,0.31364456,3.8934364
24923,0,3,0.5,0.5897436,0.982906,0.31364444,3.9295988
24923,0,3,0.75,0.5897436,0.96581197,0.31364453,3.9459567
24923,0,3,1,0.5641026,0.95726496,0.31364444,4.0544367
24924,0,1,0,0.6923077,0.991453,0.350258,3.7685764
24924,0,1,0.25,0.63247865,0.982906,0.350258,3.8765383
24924,0,1,0.5,0.61538464,0.982906,0.35025802,4.2428713
24924,0,1,0.75,0.6495727,0.991453,0.35025787,4.534479
24924,0,1,1,0.7008547,0.8974359,0.35025752,4.7000427
24924,0,2,0,0.4017094,0.991453,0.27323362,3.4330869
24924,0,2,0.25,0.4017094,0.974359,0.27323374,3.9194365
24924,0,2,0.5,0.43589744,0.982906,0.2732335,3.8960066
24924,0,2,0.75,0.46153846,0.991453,0.2732335,3.3216133
24924,0,2,1,0.51282054,0.991453,0.27323374,3.454091
24924,0,3,0,0.73504275,0.8034188,0.64450544,8.686393
24924,0,3,0.25,0.6752137,0.8888889,0.6445054,8.747499
24924,0,3,0.5,0.5726496,0.95726496,0.64450544,9.411753
24924,0,3,0.75,0.4957265,0.94871795,0.64450544,9.525223
24924,0,3,1,0.47863248,0.93162394,0.6445053,9.061232
24925,0,1,0,0.5897436,0.94871795,0.94552886,6.5722485
24925,0,1,0.25,0.53846157,0.94871795,0.945529,6.5538664
24925,0,1,0.5,0.5641026,0.95726496,0.9455287,7.0918107
24925,0,1,0.75,0.52136755,0.95726496,0.9455287,7.3395023
24925,0,1,1,0.52991456,0.974359,0.94552875,7.791767
24925,0,2,0,0.85470086,0.7606838,0.97075844,11.623745
24925,0,2,0.25,0.8632479,0.82051283,0.97075844,11.211493
24925,0,2,0.5,0.8803419,0.83760685,0.97075844,10.53922
24925,0,2,0.75,0.84615386,0.85470086,0.9707584,10.608906
24925,0,2,1,0.7692308,0.9230769,0.9707584,10.5889225
24925,0,3,0,0.74358976,0.94871795,0.83502764,8.070868
24925,0,3,0.25,0.7094017,0.94871795,0.8350276,7.9267426
24925,0,3,0.5,0.6752137,0.982906,0.83502746,7.4672623
24925,0,3,0.75,0.61538464,0.95726496,0.8350277,7.677965
24925,0,3,1,0.5555556,0.982906,0.8350275,8.047075
24926,0,1,0,0.7008547,0.94871795,0.31654367,3.0813713
24926,0,1,0.25,0.7094017,0.94017094,0.31654367,3.538943
24926,0,1,0.5,0.7094017,0.95726496,0.31654367,3.8643045
24926,0,1,0.75,0.64102566,0.982906,0.31654346,4.214365
24926,0,1,1,0.6752137,0.94017094,0.31654367,4.633791
24926,0,2,0,0.94871795,0.4017094,0.40124553,4.6969576
24926,0,2,0.25,0.94017094,0.3931624,0.40124553,5.123244
24926,0,2,0.5,0.96581197,0.41880342,0.40124553,5.5323796
24926,0,2,0.75,0.96581197,0.46153846,0.40124536,5.9891467
24926,0,2,1,0.93162394,0.4871795,0.40124553,6.2800846
24926,0,3,0,0.6666667,0.982906,0.3078764,4.6729393
24926,0,3,0.25,0.62393165,0.94017094,0.3078764,5.2143106
24926,0,3,0.5,0.63247865,1,0.3078764,5.579844
24926,0,3,0.75,0.5641026,0.94017094,0.3078762,5.8412166
24926,0,3,1,0.53846157,0.93162394,0.3078764,5.731266
24927,0,1,0,0.3931624,0.85470086,1.3318415,23.612823
24927,0,1,0.25,0.47863248,0.75213677,1.331841,21.623652
24927,0,1,0.5,0.52136755,0.6666667,1.331841,21.395733
24927,0,1,0.75,0.61538464,0.6923077,1.3318413,21.727058
24927,0,1,1,0.8717949,0.73504275,1.3318413,21.001873
24927,0,2,0,0.7777778,0.6581197,0.9199053,17.863214
24927,0,2,0.25,0.7094017,0.72649574,0.9199053,17.012213
24927,0,2,0.5,0.5982906,0.7863248,0.9199056,14.237057
24927,0,2,0.75,0.5641026,0.6837607,0.91990584,12.702981
24927,0,2,1,0.60683763,0.82051283,0.9199053,13.31728
24927,0,3,0,0.94017094,0.5470086,0.49278829,7.9254904
24927,0,3,0.25,0.9230769,0.46153846,0.49278829,7.4203005
24927,0,3,0.5,0.93162394,0.46153846,0.49278796,7.3001213
24927,0,3,0.75,0.974359,0.41880342,0.49278805,6.1808367
24927,0,3,1,0.982906,0.44444445,0.49278805,5.35124
24928,0,1,0,0.83760685,0.8803419,0.37043124,3.1159115
24928,0,1,0.25,0.83760685,0.8803419,0.37043115,3.5052223
24928,0,1,0.5,0.83760685,0.8717949,0.37043124,4.050584
24928,0,1,0.75,0.83760685,0.8632479,0.3704312,4.562579
24928,0,1,1,0.94017094,0.84615386,0.37043124,4.894823
24928,0,2,0,1,0.37606838,0.3546625,5.335549
24928,0,2,0.25,0.982906,0.41880342,0.35466242,5.6775494
24928,0,2,0.5,0.982906,0.43589744,0.3546625,5.5746293
24928,0,2,0.75,0.95726496,0.47008547,0.35466245,5.078437
24928,0,2,1,0.974359,0.51282054,0.35466242,4.4329324
24928,0,3,0,0.8632479,0.982906,0.47307113,5.379261
24928,0,3,0.25,0.82905984,0.9059829,0.47307113,6.3529305
24928,0,3,0.5,0.7606838,0.9059829,0.47307125,6.948809
24928,0,3,0.75,0.6666667,0.8632479,0.4730712,7.332511
24928,0,3,1,0.64102566,0.84615386,0.47307125,7.5393705
24929,0,1,0,0.62393165,0.991453,0.36129573,3.54437
24929,0,1,0.25,0.61538464,0.982906,0.36129597,3.6621528
24929,0,1,0.5,0.62393165,1,0.36129573,3.8531828
24929,0,1,0.75,0.60683763,0.982906,0.36129573,3.6974382
24929,0,1,1,0.63247865,1,0.36129585,3.6835716
24929,0,2,0,0.991453,0.5555556,0.36911172,4.4233456
24929,0,2,0.25,0.982906,0.5555556,0.36911172,4.43432
24929,0,2,0.5,0.991453,0.5470086,0.36911172,4.4148245
24929,0,2,0.75,0.96581197,0.5470086,0.36911172,4.33762
24929,0,2,1,1,0.5726496,0.36911175,4.413585
24929,0,3,0,0.95726496,0.5897436,1.1061413,10.31834
24929,0,3,0.25,0.96581197,0.5811966,1.1061413,10.266099
24929,0,3,0.5,0.974359,0.5897436,1.1061413,10.257555
24929,0,3,0.75,0.974359,0.5811966,1.1061414,10.016276
24929,0,3,1,0.974359,0.5470086,1.1061413,9.702773
24930,0,1,0,0.5470086,0.93162394,0.6778223,4.1973543
24930,0,1,0.25,0.52991456,0.94017094,0.6778223,4.3462315
24930,0,1,0.5,0.5470086,0.94017094,0.6778218,4.747234
24930,0,1,0.75,0.5726496,0.9145299,0.6778223,5.014531
24930,0,1,1,0.5726496,0.94017094,0.6778223,6.0121803
24930,0,2,0,0.94017094,0.52991456,0.53013796,5.0763335
24930,0,2,0.25,0.96581197,0.5470086,0.53013796,5.054142
24930,0,2,0.5,0.94871795,0.5555556,0.53013796,5.4238076
24930,0,2,0.75,0.96581197,0.5897436,0.5301382,5.4798
24930,0,2,1,0.94871795,0.5641026,0.53013796,6.051137
24930,0,3,0,0.8888889,0.51282054,0.67685825,5.5440645
24930,0,3,0.25,0.8974359,0.4957265,0.6768581,5.317849
24930,0,3,0.5,0.9145299,0.52136755,0.67685825,5.6199026
24930,0,3,0.75,0.9059829,0.5555556,0.676858,5.6423063
24930,0,3,1,1,0.5470086,0.676858,6.425519
24931,0,1,0,0.5726496,0.93162394,0.33797747,5.1889234
24931,0,1,0.25,0.52991456,0.9230769,0.33797747,5.8126955
24931,0,1,0.5,0.50427353,0.93162394,0.33797747,6.3106728
24931,0,1,0.75,0.43589744,0.9059829,0.33797723,6.5159264
24931,0,1,1,0.3846154,0.94871795,0.33797747,5.67492
24931,0,2,0,0.84615386,0.7863248,0.47670445,6.3174505
24931,0,2,0.25,0.94871795,0.7948718,0.47670436,7.0332737
24931,0,2,0.5,0.9145299,0.73504275,0.47670436,7.4309745
24931,0,2,0.75,0.9145299,0.6666667,0.4767046,7.9491787
24931,0,2,1,0.8803419,0.63247865,0.47670445,8.061283
24931,0,3,0,0.47863248,0.8803419,0.7284491,10.313953
24931,0,3,0.25,0.5555556,0.8974359,0.7284491,12.588715
24931,0,3,0.5,0.43589744,0.8803419,0.72844905,13.726479
24931,0,3,0.75,0.4017094,0.93162394,0.7284488,15.667643
24931,0,3,1,0.35042736,0.93162394,0.72844905,13.713558
24932,0,1,0,0.974359,0.64102566,0.64034444,8.890197
24932,0,1,0.25,0.96581197,0.6923077,0.6403446,9.49247
24932,0,1,0.5,0.974359,0.74358976,0.6403447,8.501934
24932,0,1,0.75,0.8974359,0.7606838,0.6403445,6.698245
24932,0,1,1,0.8803419,0.64102566,0.64034444,8.005032
24932,0,2,0,0.7948718,0.7863248,0.32819065,7.267
24932,0,2,0.25,0.8888889,0.7777778,0.3281907,6.4008956
24932,0,2,0.5,0.9230769,0.82905984,0.3281907,5.716011
24932,0,2,0.75,0.8717949,0.82051283,0.32819077,4.6895666
24932,0,2,1,0.94017094,0.82051283,0.32819065,4.8064246
24932,0,3,0,0.85470086,0.5726496,0.78530914,14.332431
24932,0,3,0.25,0.82905984,0.6495727,0.78530926,15.433224
24932,0,3,0.5,0.9059829,0.8119658,0.78530914,13.411345
24932,0,3,0.75,0.82905984,0.7948718,0.78530926,11.065842
24932,0,3,1,0.82905984,0.6752137,0.78530914,12.430717
24933,0,1,0,0.7094017,0.7863248,0.4112201,5.8629923
24933,0,1,0.25,0.7008547,0.8119658,0.41121998,5.863184
24933,0,1,0.5,0.7094017,0.7863248,0.41122007,6.0117455
24933,0,1,0.75,0.6837607,0.74358976,0.4112201,6.490516
24933,0,1,1,0.6837607,0.7777778,0.4112201,6.8821573
24933,0,2,0,0.8888889,0.4871795,0.72221345,7.403167
24933,0,2,0.25,0.83760685,0.45299146,0.72221345,7.4587164
24933,0,2,0.5,0.7948718,0.41880342,0.72221345,7.576185
24933,0,2,0.75,0.83760685,0.42735043,0.72221327,7.792494
24933,0,2,1,0.85470086,0.41025642,0.7222134,7.9123983
24933,0,3,0,0.96581197,0.63247865,0.37871453,3.0380344
24933,0,3,0.25,0.982906,0.62393165,0.37871453,3.3530982
24933,0,3,0.5,0.96581197,0.60683763,0.37871453,3.4246988
24933,0,3,0.75,0.974359,0.5555556,0.37871477,3.6709948
24933,0,3,1,0.94017094,0.5811966,0.37871465,3.9103565
24934,0,1,0,0.8034188,0.982906,0.26479438,3.381638
24934,0,1,0.25,0.7606838,0.991453,0.2647946,3.951985
24934,0,1,0.5,0.7863248,0.974359,0.26479456,4.4167957
24934,0,1,0.75,0.83760685,0.974359,0.26479426,4.8071322
24934,0,1,1,0.8717949,0.9230769,0.26479426,5.1751523
24934,0,2,0,0.8888889,0.7863248,0.70866,10.565712
24934,0,2,0.25,0.8888889,0.85470086,0.70866007,10.378934
24934,0,2,0.5,0.83760685,0.8717949,0.70865995,10.693415
24934,0,2,0.75,0.8034188,0.8119658,0.7086599,11.243578
24934,0,2,1,0.74358976,0.7008547,0.70866,12.557442
24934,0,3,0,0.5811966,0.9230769,0.70571184,8.492826
24934,0,3,0.25,0.5811966,0.95726496,0.7057124,9.271578
24934,0,3,0.5,0.5726496,0.96581197,0.7057119,10.501385
24934,0,3,0.75,0.5726496,0.95726496,0.70571184,11.614026
24934,0,3,1,0.6581197,0.8974359,0.7057119,14.243158
24935,0,1,0,0.51282054,0.8974359,0.35473046,3.8177738
24935,0,1,0.25,0.52991456,0.94871795,0.3547306,3.442524
24935,0,1,0.5,0.53846157,0.93162394,0.3547304,3.2122533
24935,0,1,0.75,0.53846157,0.9230769,0.35473043,3.0862288
24935,0,1,1,0.52991456,0.974359,0.35473043,3.010684
24935,0,2,0,0.9145299,0.37606838,0.5299144,4.4897103
24935,0,2,0.25,0.96581197,0.41025642,0.52991396,4.812329
24935,0,2,0.5,0.974359,0.4017094,0.5299144,4.100492
24935,0,2,0.75,0.982906,0.37606838,0.52991444,3.312261
24935,0,2,1,0.974359,0.35897437,0.5299144,2.853205
24935,0,3,0,0.94017094,0.4017094,0.28585356,4.3942003
24935,0,3,0.25,0.96581197,0.41880342,0.28585368,4.2347627
24935,0,3,0.5,0.974359,0.42735043,0.28585368,3.8870273
24935,0,3,0.75,0.96581197,0.4017094,0.28585368,3.591786
24935,0,3,1,0.974359,0.3931624,0.28585356,3.3601546
24936,0,1,0,0.6923077,0.94017094,0.25951168,4.479659
24936,0,1,0.25,0.6923077,0.94017094,0.25951162,4.4546375
24936,0,1,0.5,0.73504275,0.94017094,0.25951165,4.424708
24936,0,1,0.75,0.71794873,0.94871795,0.2595117,4.2978435
24936,0,1,1,0.75213677,0.94871795,0.25951168,4.294982
24936,0,2,0,0.9230769,0.5726496,0.3541732,5.5350547
24936,0,2,0.25,0.974359,0.5982906,0.3541732,5.469017
24936,0,2,0.5,0.96581197,0.60683763,0.3541732,5.4329996
24936,0,2,0.75,0.96581197,0.5811966,0.35417318,5.203019
24936,0,2,1,0.95726496,0.5897436,0.3541732,5.014181
24936,0,3,0,0.71794873,0.9230769,0.42016512,3.0423486
24936,0,3,0.25,0.71794873,0.9230769,0.42016512,3.1024644
24936,0,3,0.5,0.72649574,0.93162394,0.42016512,3.261249
24936,0,3,0.75,0.7777778,0.93162394,0.4201651,3.3265843
24936,0,3,1,0.8119658,0.93162394,0.42016512,3.448688
24937,0,1,0,0.5726496,0.982906,0.26147887,4.01412
24937,0,1,0.25,0.5811966,0.974359,0.26147887,3.985171
24937,0,1,0.5,0.61538464,0.974359,0.26147884,3.839793
24937,0,1,0.75,0.5982906,0.982906,0.26147884,3.7007263
24937,0,1,1,0.6495727,0.991453,0.26147887,3.7503161
24937,0,2,0,0.62393165,0.9145299,0.5240162,8.08522
24937,0,2,0.25,0.62393165,0.9145299,0.52401614,7.929988
24937,0,2,0.5,0.63247865,0.93162394,0.52401626,7.7160606
24937,0,2,0.75,0.61538464,0.94017094,0.52401626,7.444708
24937,0,2,1,0.60683763,0.95726496,0.5240162,7.4618106
24937,0,3,0,0.8034188,0.96581197,0.37687644,7.041256
24937,0,3,0.25,0.8119658,0.96581197,0.3768764,6.846077
24937,0,3,0.5,0.7948718,0.974359,0.37687615,6.6973495
24937,0,3,0.75,0.7863248,0.96581197,0.37687647,6.4700117
24937,0,3,1,0.8119658,0.94017094,0.37687647,6.2807016
24938,0,1,0,0.8034188,0.982906,0.31222656,4.132409
24938,0,1,0.25,0.82051283,0.96581197,0.31222647,4.2169714
24938,0,1,0.5,0.7863248,0.94871795,0.31222647,4.1738486
24938,0,1,0.75,0.75213677,0.94017094,0.3122267,4.096449
24938,0,1,1,0.71794873,0.974359,0.3122266,4.0870585
24938,0,2,0,0.75213677,0.94871795,0.32556432,5.4823465
24938,0,2,0.25,0.74358976,0.94017094,0.32556432,5.6570635
24938,0,2,0.5,0.75213677,0.96581197,0.32556432,5.808615
24938,0,2,0.75,0.7863248,0.982906,0.32556432,5.762484
24938,0,2,1,0.7863248,0.974359,0.32556432,5.747548
24938,0,3,0,0.83760685,0.74358976,1.0128775,17.487896
24938,0,3,0.25,0.83760685,0.7094017,1.0128775,18.226353
24938,0,3,0.5,0.8034188,0.7008547,1.0128772,18.757013
24938,0,3,0.75,0.7948718,0.6837607,1.0128772,19.279015
24938,0,3,1,0.7692308,0.6495727,1.0128775,18.415283
24939,0,1,0,0.6837607,0.8888889,0.4620781,7.538684
24939,0,1,0.25,0.6752137,0.8803419,0.4620781,7.6012597
24939,0,1,0.5,0.6837607,0.8888889,0.4620781,7.6376643
24939,0,1,0.75,0.6837607,0.9145299,0.4620782,7.636741
24939,0,1,1,0.6923077,0.9145299,0.4620781,7.690542
24939,0,2,0,0.6581197,0.974359,0.60232955,10.016533
24939,0,2,0.25,0.6666667,0.974359,0.60232955,10.014334
24939,0,2,0.5,0.6581197,0.96581197,0.6023295,10.064686
24939,0,2,0.75,0.6581197,0.94871795,0.6023296,10.0733185
24939,0,2,1,0.6495727,0.95726496,0.60232955,10.047195
24939,0,3,0,0.7692308,0.7948718,0.5862598,9.311272
24939,0,3,0.25,0.7692308,0.8119658,0.5862596,9.339574
24939,0,3,0.5,0.7606838,0.8119658,0.5862598,9.390648
24939,0,3,0.75,0.7606838,0.8119658,0.5862599,9.368565
24939,0,3,1,0.7777778,0.8034188,0.5862598,9.402525
24940,0,1,0,0.8717949,0.47008547,0.810032,16.233822
24940,0,1,0.25,0.8974359,0.47863248,0.8100322,16.150124
24940,0,1,0.5,0.8974359,0.52136755,0.810032,16.64254
24940,0,1,0.75,0.8974359,0.5555556,0.8100322,16.748821
24940,0,1,1,0.8803419,0.5811966,0.810032,16.997442
24940,0,2,0,0.6495727,0.94871795,0.30839002,6.2922316
24940,0,2,0.25,0.6752137,0.94017094,0.3083903,6.325795
24940,0,2,0.5,0.6923077,0.9145299,0.30839,6.4230227
24940,0,2,0.75,0.6752137,0.93162394,0.30839005,6.4506617
24940,0,2,1,0.6837607,0.9145299,0.30839002,6.531936
24940,0,3,0,0.72649574,0.75213677,1.0371046,18.091198
24940,0,3,0.25,0.75213677,0.71794873,1.0371047,18.442152
24940,0,3,0.5,0.7863248,0.6837607,1.0371047,18.59373
24940,0,3,0.75,0.82051283,0.6666667,1.0371051,18.625084
24940,0,3,1,0.83760685,0.60683763,1.0371046,17.943207
24941,0,1,0,0.8803419,0.974359,0.2720492,0.9753336
24941,0,1,0.25,0.85470086,1,0.27204925,0.97250646
24941,0,1,0.5,0.8632479,0.991453,0.2720492,1.011503
24941,0,1,0.75,0.82905984,0.982906,0.27204922,1.089194
24941,0,1,1,0.82905984,0.991453,0.27204922,1.20296
24941,0,2,0,0.93162394,0.3846154,1.8080603,16.294945
24941,0,2,0.25,0.8717949,0.3846154,1.8080603,16.768833
24941,0,2,0.5,0.85470086,0.47008547,1.8080603,17.851822
24941,0,2,0.75,0.8717949,0.47863248,1.8080603,17.320225
24941,0,2,1,0.8632479,0.51282054,1.80806,18.022251
24941,0,3,0,0.62393165,0.82051283,1.7916394,14.522394
24941,0,3,0.25,0.5470086,0.82905984,1.7916394,14.0875225
24941,0,3,0.5,0.50427353,0.84615386,1.7916394,14.2228565
24941,0,3,0.75,0.47863248,0.7948718,1.7916394,13.439644
24941,0,3,1,0.45299146,0.82051283,1.7916394,14.675127
24942,0,1,0,0.83760685,0.35042736,1.2762924,20.50704
24942,0,1,0.25,0.7863248,0.4871795,1.2762924,19.616657
24942,0,1,0.5,0.72649574,0.62393165,1.2762924,19.68763
24942,0,1,0.75,0.6752137,0.8888889,1.2762923,17.637753
24942,0,1,1,0.6581197,0.9230769,1.2762923,11.442284
24942,0,2,0,0.8632479,0.75213677,0.626694,7.9679213
24942,0,2,0.25,0.94017094,0.75213677,0.626694,6.7163353
24942,0,2,0.5,0.85470086,0.61538464,0.626694,6.2308273
24942,0,2,0.75,0.991453,0.63247865,0.626694,7.569709
24942,0,2,1,0.974359,0.5897436,0.626694,7.9728174
24942,0,3,0,0.8974359,0.43589744,0.43036538,8.936111
24942,0,3,0.25,0.96581197,0.5470086,0.43036526,6.3062315
24942,0,3,0.5,0.84615386,0.4871795,0.43036538,5.0100446
24942,0,3,0.75,1,0.53846157,0.43036526,3.7672205
24942,0,3,1,1,0.53846157,0.43036535,3.7159867
24943,0,1,0,0.8803419,0.82051283,0.2851249,4.204518
24943,0,1,0.25,0.8717949,0.8034188,0.2851249,4.203594
24943,0,1,0.5,0.8717949,0.8119658,0.2851249,4.183589
24943,0,1,0.75,0.8717949,0.82051283,0.2851249,4.214328
24943,0,1,1,0.8632479,0.82051283,0.2851249,4.247555
24943,0,2,0,0.7692308,0.42735043,1.2913958,17.259598
24943,0,2,0.25,0.7692308,0.41880342,1.2913957,17.233444
24943,0,2,0.5,0.73504275,0.41880342,1.2913957,17.292372
24943,0,2,0.75,0.72649574,0.43589744,1.2913959,17.28382
24943,0,2,1,0.73504275,0.3931624,1.2913958,17.61765
24943,0,3,0,0.4871795,0.982906,0.32447597,2.3525991
24943,0,3,0.25,0.46153846,0.974359,0.32447612,2.3340156
24943,0,3,0.5,0.43589744,0.991453,0.32447597,2.296418
24943,0,3,0.75,0.4957265,0.991453,0.32447582,2.2595594
24943,0,3,1,0.47863248,1,0.32447597,2.190703
24944,0,1,0,0.7094017,0.96581197,0.3820733,6.4567137
24944,0,1,0.25,0.71794873,0.974359,0.3820734,4.3263803
24944,0,1,0.5,0.71794873,0.95726496,0.38207328,4.8085747
24944,0,1,0.75,0.6581197,0.85470086,0.3820733,5.2631707
24944,0,1,1,0.6495727,0.8803419,0.38207325,5.849165
24944,0,2,0,0.93162394,0.50427353,0.69822466,11.236771
24944,0,2,0.25,0.75213677,0.5641026,0.69822466,9.54899
24944,0,2,0.5,0.82051283,0.5726496,0.6982247,10.453245
24944,0,2,0.75,0.73504275,0.5897436,0.6982246,9.976488
24944,0,2,1,0.63247865,0.5982906,0.6982247,10.790846
24944,0,3,0,0.6581197,0.52136755,1.568806,19.185066
24944,0,3,0.25,0.51282054,0.47008547,1.568806,13.528809
24944,0,3,0.5,0.61538464,0.45299146,1.568806,18.163353
24944,0,3,0.75,0.6666667,0.5555556,1.568806,23.271683
24944,0,3,1,0.60683763,0.60683763,1.568806,26.474669
24945,0,1,0,0.95726496,0.8803419,0.32419947,3.6219628
24945,0,1,0.25,0.95726496,0.8888889,0.3241995,3.5397663
24945,0,1,0.5,0.95726496,0.8803419,0.3241995,3.494285
24945,0,1,0.75,0.94871795,0.8632479,0.3241995,3.4316194
24945,0,1,1,0.94871795,0.8632479,0.32419947,3.4101305
24945,0,2,0,0.41880342,0.62393165,2.896798,41.92887
24945,0,2,0.25,0.4017094,0.63247865,2.896798,41.789806
24945,0,2,0.5,0.4017094,0.61538464,2.8967984,40.88385
24945,0,2,0.75,0.36752138,0.6495727,2.8967984,39.53669
24945,0,2,1,0.35897437,0.64102566,2.8967981,38.671097
24945,0,3,0,0.8974359,0.73504275,0.661542,9.8728485
24945,0,3,0.25,0.8888889,0.72649574,0.66154176,9.554649
24945,0,3,0.5,0.8888889,0.74358976,0.66154224,9.247515
24945,0,3,0.75,0.8888889,0.7606838,0.66154224,9.014906
24945,0,3,1,0.9059829,0.7692308,0.661542,8.774509
24946,0,1,0,0.4957265,0.8888889,1.1220131,11.798535
24946,0,1,0.25,0.4871795,0.8974359,1.122013,11.826446
24946,0,1,0.5,0.4957265,0.8888889,1.122013,11.552162
24946,0,1,0.75,0.52991456,0.8803419,1.122013,11.036964
24946,0,1,1,0.53846157,0.8803419,1.1220131,10.748067
24946,0,2,0,0.41880342,0.41025642,2.9865165,55.55552
24946,0,2,0.25,0.41025642,0.41880342,2.986517,55.190163
24946,0,2,0.5,0.41880342,0.41025642,2.9865165,55.116913
24946,0,2,0.75,0.41025642,0.41025642,2.986517,54.395782
24946,0,2,1,0.44444445,0.42735043,2.9865165,52.973526
24946,0,3,0,0.71794873,0.60683763,1.2640821,17.84452
24946,0,3,0.25,0.72649574,0.61538464,1.2640821,18.004051
24946,0,3,0.5,0.71794873,0.60683763,1.2640822,17.66708
24946,0,3,0.75,0.7094017,0.60683763,1.2640821,17.713312
24946,0,3,1,0.7008547,0.61538464,1.2640821,17.33158
24947,0,1,0,0.8119658,0.6666667,0.6649829,12.640356
24947,0,1,0.25,0.8632479,0.60683763,0.6649829,11.955868
24947,0,1,0.5,0.85470086,0.5982906,0.6649829,10.552684
24947,0,1,0.75,0.84615386,0.5982906,0.664983,10.152882
24947,0,1,1,0.8717949,0.5897436,0.6649829,9.892481
24947,0,2,0,0.85470086,0.5641026,0.41570202,3.2768316
24947,0,2,0.25,0.9230769,0.5811966,0.4157022,3.3046103
24947,0,2,0.5,0.94871795,0.62393165,0.41570187,3.3441064
24947,0,2,0.75,0.95726496,0.6752137,0.4157019,3.5402918
24947,0,2,1,0.95726496,0.6837607,0.41570193,3.627942
24947,0,3,0,0.6666667,0.5470086,0.5282553,4.8590555
24947,0,3,0.25,0.72649574,0.60683763,0.52825546,4.7472477
24947,0,3,0.5,0.7777778,0.64102566,0.52825534,4.3907375
24947,0,3,0.75,0.7692308,0.6752137,0.5282553,4.2461414
24947,0,3,1,0.7692308,0.7008547,0.52825516,4.473191
24948,0,1,0,0.95726496,0.82905984,0.5366657,6.828416
24948,0,1,0.25,0.93162394,0.8034188,0.5366656,6.674436
24948,0,1,0.5,0.93162394,0.7863248,0.53666574,6.547614
24948,0,1,0.75,0.9230769,0.7777778,0.5366657,6.5208955
24948,0,1,1,0.95726496,0.74358976,0.5366657,6.4493127
24948,0,2,0,0.85470086,0.47008547,1.2903836,13.257002
24948,0,2,0.25,0.84615386,0.4871795,1.2903835,12.751255
24948,0,2,0.5,0.85470086,0.50427353,1.2903835,12.594597
24948,0,2,0.75,0.84615386,0.4957265,1.2903836,12.6304245
24948,0,2,1,0.8717949,0.52991456,1.2903836,12.4326515
24948,0,3,0,0.94017094,0.44444445,0.48375368,5.845334
24948,0,3,0.25,0.96581197,0.43589744,0.48375365,5.744054
24948,0,3,0.5,0.95726496,0.43589744,0.48375368,5.6505117
24948,0,3,0.75,0.982906,0.42735043,0.4837537,5.4957867
24948,0,3,1,0.982906,0.41880342,0.48375368,5.442377
24949,0,1,0,0.84615386,0.41880342,0.69391656,7.995883
24949,0,1,0.25,0.85470086,0.44444445,0.6939164,8.159613
24949,0,1,0.5,0.9145299,0.47008547,0.69391656,8.10019
24949,0,1,0.75,0.93162394,0.46153846,0.6939166,8.107053
24949,0,1,1,0.9145299,0.47008547,0.69391656,8.075182
24949,0,2,0,0.7606838,0.37606838,1.5141344,19.034657
24949,0,2,0.25,0.8119658,0.36752138,1.5141343,19.51485
24949,0,2,0.5,0.85470086,0.35897437,1.5141345,19.815853
24949,0,2,0.75,0.8717949,0.35042736,1.5141345,19.978218
24949,0,2,1,0.8717949,0.35042736,1.5141345,20.17433
24949,0,3,0,0.8717949,0.42735043,0.5366305,6.134804
24949,0,3,0.25,0.8974359,0.41880342,0.5366306,5.8395543
24949,0,3,0.5,0.93162394,0.42735043,0.5366305,5.8146935
24949,0,3,0.75,0.94871795,0.41025642,0.5366305,5.487935
24949,0,3,1,0.95726496,0.43589744,0.5366305,5.406938
24950,0,1,0,0.94871795,0.94017094,0.31603903,3.678432
24950,0,1,0.25,0.94017094,0.96581197,0.3160391,3.6860402
24950,0,1,0.5,0.9145299,0.96581197,0.31603903,3.6671667
24950,0,1,0.75,0.94017094,0.96581197,0.31603912,3.6756635
24950,0,1,1,0.94871795,0.982906,0.31603903,3.623057
24950,0,2,0,0.7692308,0.8803419,0.994166,9.137125
24950,0,2,0.25,0.74358976,0.8974359,0.9941661,9.3019905
24950,0,2,0.5,0.7094017,0.9230769,0.994166,9.255169
24950,0,2,0.75,0.72649574,0.9145299,0.9941662,9.571608
24950,0,2,1,0.71794873,0.9145299,0.994166,9.505228
24950,0,3,0,0.47863248,0.982906,0.48812634,6.0256214
24950,0,3,0.25,0.47863248,0.96581197,0.48812634,5.9145336
24950,0,3,0.5,0.46153846,0.974359,0.4881264,5.7764997
24950,0,3,0.75,0.45299146,0.974359,0.48812637,5.6924686
24950,0,3,1,0.46153846,0.96581197,0.48812637,5.5551767
24951,0,1,0,0.82051283,0.5555556,0.4221657,7.764641
24951,0,1,0.25,0.9145299,0.53846157,0.4221657,7.01435
24951,0,1,0.5,0.94017094,0.5726496,0.4221657,6.358103
24951,0,1,0.75,0.95726496,0.5641026,0.4221657,5.7843266
24951,0,1,1,0.95726496,0.5641026,0.4221657,4.727377
24951,0,2,0,0.8119658,0.94017094,0.3803233,5.511319
24951,0,2,0.25,0.8034188,0.95726496,0.38032335,5.7813225
24951,0,2,0.5,0.7606838,0.95726496,0.38032326,5.751521
24951,0,2,0.75,0.7008547,0.94871795,0.3803233,5.519457
24951,0,2,1,0.7008547,0.93162394,0.3803233,5.1376123
24951,0,3,0,0.9230769,0.60683763,0.50133413,5.6889997
24951,0,3,0.25,0.96581197,0.5811966,0.501334,5.025304
24951,0,3,0.5,0.94871795,0.5726496,0.50133413,4.846777
24951,0,3,0.75,0.982906,0.5982906,0.5013341,4.6250687
24951,0,3,1,1,0.52136755,0.501334,4.214669
24952,0,1,0,0.95726496,0.42735043,0.3710853,5.5856414
24952,0,1,0.25,0.96581197,0.42735043,0.3710853,5.6388526
24952,0,1,0.5,0.991453,0.46153846,0.37108526,5.511408
24952,0,1,0.75,0.991453,0.47008547,0.3710853,5.496972
24952,0,1,1,0.991453,0.46153846,0.3710853,5.4307446
24952,0,2,0,0.62393165,0.82905984,0.28193265,7.2814646
24952,0,2,0.25,0.6581197,0.82905984,0.28193265,7.167116
24952,0,2,0.5,0.6581197,0.83760685,0.28193265,7.0876174
24952,0,2,0.75,0.6581197,0.82905984,0.28193268,7.120869
24952,0,2,1,0.64102566,0.8632479,0.28193265,7.0453434
24952,0,3,0,0.47863248,0.5811966,0.394377,12.752185
24952,0,3,0.25,0.47863248,0.5811966,0.394377,12.770832
24952,0,3,0.5,0.44444445,0.53846157,0.394377,13.056272
24952,0,3,0.75,0.44444445,0.52991456,0.394377,12.906992
24952,0,3,1,0.42735043,0.52991456,0.394377,12.964981
24953,0,1,0,0.9145299,0.47863248,0.5033674,5.718534
24953,0,1,0.25,0.8803419,0.47008547,0.5033674,6.2885685
24953,0,1,0.5,0.84615386,0.45299146,0.5033674,6.977663
24953,0,1,0.75,0.8632479,0.47008547,0.5033672,7.948356
24953,0,1,1,0.8119658,0.4957265,0.5033675,9.806696
24953,0,2,0,0.94017094,0.53846157,0.79530096,8.144479
24953,0,2,0.25,0.8803419,0.52136755,0.79530096,8.56208
24953,0,2,0.5,0.9230769,0.51282054,0.79530096,8.88676
24953,0,2,0.75,0.93162394,0.5726496,0.7953005,9.974346
24953,0,2,1,0.94017094,0.4871795,0.7953009,10.96508
24953,0,3,0,0.93162394,0.60683763,0.46264473,4.5483236
24953,0,3,0.25,0.8632479,0.53846157,0.46264452,4.727996
24953,0,3,0.5,0.8888889,0.4871795,0.46264517,5.101136
24953,0,3,0.75,0.8632479,0.4871795,0.46264473,5.683257
24953,0,3,1,0.7863248,0.44444445,0.46264482,6.2282705
24954,0,1,0,0.8717949,0.4871795,0.578063,9.638156
24954,0,1,0.25,0.9059829,0.50427353,0.578063,9.859558
24954,0,1,0.5,0.94017094,0.47863248,0.578063,9.5949745
24954,0,1,0.75,0.9230769,0.46153846,0.57806313,8.913093
24954,0,1,1,0.96581197,0.44444445,0.578063,8.636293
24954,0,2,0,0.8888889,0.46153846,0.5728004,10.115788
24954,0,2,0.25,0.9145299,0.42735043,0.5728002,10.203606
24954,0,2,0.5,0.9059829,0.45299146,0.5728004,9.666449
24954,0,2,0.75,0.8803419,0.47863248,0.5728003,8.942561
24954,0,2,1,0.8888889,0.50427353,0.5728004,8.580174
24954,0,3,0,0.974359,0.4871795,0.28273582,2.2918468
24954,0,3,0.25,0.991453,0.50427353,0.28273553,2.18255
24954,0,3,0.5,1,0.47008547,0.28273582,1.8527526
24954,0,3,0.75,1,0.47008547,0.28273568,1.686065
24954,0,3,1,1,0.47008547,0.28273582,1.7353965
24955,0,1,0,0.95726496,0.8803419,0.43152043,6.4848156
24955,0,1,0.25,0.95726496,0.8803419,0.43152043,5.353398
24955,0,1,0.5,0.95726496,0.9059829,0.43152043,4.744797
24955,0,1,0.75,0.974359,0.9230769,0.4315204,4.168811
24955,0,1,1,0.991453,0.94017094,0.43152043,3.6088831
24955,0,2,0,0.94017094,0.71794873,0.33989492,6.908515
24955,0,2,0.25,0.94871795,0.75213677,0.33989495,5.645119
24955,0,2,0.5,0.95726496,0.74358976,0.33989495,5.377021
24955,0,2,0.75,0.94871795,0.7863248,0.3398949,4.7160454
24955,0,2,1,0.974359,0.7777778,0.3398949,4.11445
24955,0,3,0,0.6581197,0.53846157,0.7734763,19.388718
24955,0,3,0.25,0.7777778,0.5641026,0.77347636,15.464375
24955,0,3,0.5,0.84615386,0.5555556,0.77347636,14.074988
24955,0,3,0.75,0.8974359,0.61538464,0.77347624,12.518654
24955,0,3,1,0.94017094,0.5811966,0.7734763,10.507345
24956,0,1,0,0.974359,0.37606838,0.28920355,5.4582357
24956,0,1,0.25,0.974359,0.3931624,0.28920355,5.0703154
24956,0,1,0.5,0.974359,0.4017094,0.28920367,4.589451
24956,0,1,0.75,0.991453,0.41880342,0.28920367,3.992104
24956,0,1,1,0.974359,0.41880342,0.28920367,3.4182618
24956,0,2,0,0.974359,0.7606838,0.4945753,8.389538
24956,0,2,0.25,0.95726496,0.6923077,0.49457535,8.150041
24956,0,2,0.5,0.96581197,0.64102566,0.4945753,7.9958487
24956,0,2,0.75,0.974359,0.62393165,0.4945753,7.5941377
24956,0,2,1,0.96581197,0.5811966,0.4945753,7.0732255
24956,0,3,0,0.6752137,0.8717949,0.5976678,9.862933
24956,0,3,0.25,0.6581197,0.9230769,0.59766775,8.745762
24956,0,3,0.5,0.6666667,0.94017094,0.5976679,7.388792
24956,0,3,0.75,0.6581197,0.95726496,0.5976679,6.223179
24956,0,3,1,0.6666667,0.982906,0.5976679,5.08687
24957,0,1,0,0.9059829,0.60683763,0.79199123,8.766102
24957,0,1,0.25,0.9145299,0.62393165,0.7919912,8.871828
24957,0,1,0.5,0.9059829,0.5897436,0.79199123,8.532765
24957,0,1,0.75,0.9059829,0.5555556,0.7919914,8.355962
24957,0,1,1,0.9145299,0.5641026,0.79199123,8.323298
24957,0,2,0,0.6666667,0.5470086,2.2977495,11.97401
24957,0,2,0.25,0.6923077,0.5641026,2.2977495,11.583729
24957,0,2,0.5,0.71794873,0.5726496,2.2977498,11.548786
24957,0,2,0.75,0.73504275,0.5726496,2.2977495,11.459189
24957,0,2,1,0.73504275,0.60683763,2.2977495,11.45228
24957,0,3,0,0.7692308,0.9230769,0.36135483,5.701009
24957,0,3,0.25,0.73504275,0.9145299,0.36135483,5.644058
24957,0,3,0.5,0.75213677,0.9145299,0.36135483,5.637879
24957,0,3,0.75,0.74358976,0.9059829,0.36135474,5.6692657
24957,0,3,1,0.74358976,0.8974359,0.3613548,5.643682
24958,0,1,0,1,0.5897436,0.32229206,3.5693207
24958,0,1,0.25,0.982906,0.60683763,0.32229215,3.5162072
24958,0,1,0.5,1,0.64102566,0.3222918,3.4383636
24958,0,1,0.75,0.974359,0.64102566,0.322292,3.3024511
24958,0,1,1,1,0.6495727,0.322292,3.1635756
24958,0,2,0,0.8803419,0.9059829,0.38648382,4.119836
24958,0,2,0.25,0.8717949,0.94017094,0.3864836,3.9699993
24958,0,2,0.5,0.9059829,0.94017094,0.38648397,3.880792
24958,0,2,0.75,0.94017094,0.94017094,0.3864835,3.7403157
24958,0,2,1,0.94017094,0.8888889,0.38648373,3.6680963
24958,0,3,0,0.8119658,0.75213677,1.3816133,17.064606
24958,0,3,0.25,0.7777778,0.85470086,1.3816135,15.025803
24958,0,3,0.5,0.73504275,0.85470086,1.3816131,13.506859
24958,0,3,0.75,0.7008547,0.8974359,1.3816134,11.674187
24958,0,3,1,0.6495727,0.84615386,1.3816133,10.529456
24959,0,1,0,0.46153846,0.94017094,1.207278,6.6361136
24959,0,1,0.25,0.46153846,0.9230769,1.2072783,7.374131
24959,0,1,0.5,0.42735043,0.9145299,1.2072783,7.932482
24959,0,1,0.75,0.42735043,0.8632479,1.2072781,8.699685
24959,0,1,1,0.4957265,0.8632479,1.207278,9.373302
24959,0,2,0,0.9230769,0.93162394,0.322718,2.6677547
24959,0,2,0.25,1,0.8888889,0.32271823,2.5994668
24959,0,2,0.5,0.95726496,0.85470086,0.32271814,2.6164804
24959,0,2,0.75,0.94017094,0.8632479,0.32271785,2.6025448
24959,0,2,1,0.94871795,0.83760685,0.32271785,2.655716
24959,0,3,0,0.7692308,0.982906,0.35977358,2.5958557
24959,0,3,0.25,0.71794873,0.95726496,0.35977402,2.5864553
24959,0,3,0.5,0.72649574,0.94871795,0.35977378,2.777238
24959,0,3,0.75,0.71794873,0.95726496,0.35977376,2.911271
24959,0,3,1,0.75213677,0.95726496,0.35977355,2.8988557
24960,0,1,0,0.94017094,0.7863248,1.7969285,21.229507
24960,0,1,0.25,0.9230769,0.71794873,1.7969284,21.457314
24960,0,1,0.5,0.9145299,0.7008547,1.7969279,21.64156
24960,0,1,0.75,0.974359,0.72649574,1.7969286,21.845978
24960,0,1,1,0.95726496,0.7606838,1.7969286,22.315294
24960,0,2,0,0.84615386,0.73504275,2.2051997,25.53336
24960,0,2,0.25,0.8119658,0.73504275,2.2051997,25.972075
24960,0,2,0.5,0.7948718,0.72649574,2.2052002,26.553411
24960,0,2,0.75,0.8119658,0.7606838,2.2052,27.08689
24960,0,2,1,0.85470086,0.7948718,2.2052002,27.728844
24960,0,3,0,0.7948718,0.85470086,0.5504842,6.214567
24960,0,3,0.25,0.7948718,0.85470086,0.5504844,6.356474
24960,0,3,0.5,0.8034188,0.82905984,0.5504842,6.516958
24960,0,3,0.75,0.8034188,0.8632479,0.5504842,6.649221
24960,0,3,1,0.8034188,0.8632479,0.5504842,6.7473526
24961,0,1,0,0.83760685,0.60683763,0.9681284,14.456907
24961,0,1,0.25,0.82905984,0.64102566,0.9681283,14.963549
24961,0,1,0.5,0.8119658,0.64102566,0.9681283,15.163649
24961,0,1,0.75,0.8119658,0.6495727,0.9681283,15.247202
24961,0,1,1,0.83760685,0.62393165,0.9681284,15.3634205
24961,0,2,0,0.73504275,0.96581197,1.0574545,12.193741
24961,0,2,0.25,0.71794873,0.94871795,1.0574545,12.108167
24961,0,2,0.5,0.72649574,0.94017094,1.0574545,12.442554
24961,0,2,0.75,0.71794873,0.93162394,1.0574546,13.019381
24961,0,2,1,0.7094017,0.9230769,1.0574545,13.265807
24961,0,3,0,0.8717949,0.64102566,1.4671131,19.289394
24961,0,3,0.25,0.85470086,0.62393165,1.467113,19.32499
24961,0,3,0.5,0.85470086,0.63247865,1.4671131,19.526922
24961,0,3,0.75,0.8632479,0.63247865,1.4671133,19.754177
24961,0,3,1,0.8803419,0.5897436,1.4671131,20.136826
24962,0,1,0,0.96581197,0.6752137,0.4339988,4.9702997
24962,0,1,0.25,1,0.6752137,0.4339985,4.9318295
24962,0,1,0.5,1,0.7094017,0.4339989,4.8959427
24962,0,1,0.75,1,0.6752137,0.4339987,4.8530073
24962,0,1,1,1,0.71794873,0.4339989,4.8322983
24962,0,2,0,0.8632479,0.7863248,0.4991407,4.7508035
24962,0,2,0.25,0.8803419,0.8034188,0.4991406,4.728894
24962,0,2,0.5,0.8803419,0.8034188,0.4991407,4.6793814
24962,0,2,0.75,0.9059829,0.82051283,0.49914086,4.6243343
24962,0,2,1,0.9145299,0.7863248,0.4991407,4.5689716
24962,0,3,0,0.991453,0.5897436,1.2010921,7.5500727
24962,0,3,0.25,1,0.5982906,1.2010919,7.8266287
24962,0,3,0.5,1,0.5811966,1.2010925,8.022074
24962,0,3,0.75,1,0.5982906,1.2010921,8.216335
24962,0,3,1,0.974359,0.5811966,1.2010924,8.34783
24963,0,1,0,0.94017094,0.5555556,0.47432294,4.4792876
24963,0,1,0.25,0.94871795,0.5641026,0.47432294,4.314561
24963,0,1,0.5,0.96581197,0.5982906,0.47432294,4.739315
24963,0,1,0.75,0.982906,0.6495727,0.47432294,5.5198665
24963,0,1,1,0.96581197,0.7863248,0.47432294,7.286784
24963,0,2,0,0.72649574,0.7606838,0.42448783,8.641691
24963,0,2,0.25,0.7777778,0.7948718,0.4244879,7.412758
24963,0,2,0.5,0.83760685,0.73504275,0.4244879,6.3258486
24963,0,2,0.75,0.8717949,0.72649574,0.42448807,4.930511
24963,0,2,1,0.96581197,0.7948718,0.42448795,3.588459
24963,0,3,0,0.82051283,0.9230769,0.4635347,5.510113
24963,0,3,0.25,0.7863248,0.8974359,0.4635347,5.7681584
24963,0,3,0.5,0.6837607,0.8803419,0.46353492,6.8960304
24963,0,3,0.75,0.5897436,0.84615386,0.4635351,8.352372
24963,0,3,1,0.5641026,0.85470086,0.4635349,9.1058235
24964,0,1,0,0.6923077,0.5470086,1.7246455,22.42883
24964,0,1,0.25,0.72649574,0.50427353,1.7246455,21.471436
24964,0,1,0.5,0.7948718,0.4871795,1.7246454,20.12362
24964,0,1,0.75,0.83760685,0.43589744,1.7246455,18.960018
24964,0,1,1,0.8803419,0.3931624,1.7246455,17.365437
24964,0,2,0,0.7692308,0.5555556,1.9409443,14.704058
24964,0,2,0.25,0.75213677,0.5726496,1.9409443,15.443102
24964,0,2,0.5,0.7094017,0.5811966,1.9409443,16.520176
24964,0,2,0.75,0.6666667,0.61538464,1.9409443,17.444288
24964,0,2,1,0.5982906,0.63247865,1.9409443,18.54497
24964,0,3,0,0.991453,0.36752138,0.3905489,4.984947
24964,0,3,0.25,0.991453,0.35897437,0.39054894,4.571411
24964,0,3,0.5,0.991453,0.36752138,0.3905489,4.309947
24964,0,3,0.75,0.974359,0.36752138,0.3905489,4.2338166
24964,0,3,1,0.991453,0.4017094,0.3905489,4.0350237
24965,0,1,0,0.52991456,0.75213677,0.96724415,11.580024
24965,0,1,0.25,0.5470086,0.7692308,0.96724415,11.803249
24965,0,1,0.5,0.5641026,0.73504275,0.9672441,11.529887
24965,0,1,0.75,0.52136755,0.72649574,0.967244,11.258554
24965,0,1,1,0.50427353,0.73504275,0.96724415,11.454237
24965,0,2,0,0.8803419,0.5726496,0.58804536,6.74372
24965,0,2,0.25,0.8888889,0.5641026,0.58804536,6.72761
24965,0,2,0.5,0.84615386,0.53846157,0.58804524,6.741169
24965,0,2,0.75,0.8034188,0.5555556,0.58804524,6.737671
24965,0,2,1,0.8119658,0.5555556,0.5880453,6.5061893
24965,0,3,0,0.982906,0.41025642,0.27701655,3.6352143
24965,0,3,0.25,0.96581197,0.41880342,0.27701655,3.7493696
24965,0,3,0.5,0.95726496,0.4017094,0.2770166,3.941136
24965,0,3,0.75,0.94017094,0.4017094,0.27701655,4.4096117
24965,0,3,1,0.95726496,0.43589744,0.27701655,4.9778905
24966,0,1,0,0.7777778,0.96581197,0.26287,2.902367
24966,0,1,0.25,0.7692308,0.96581197,0.26286995,2.9842374
24966,0,1,0.5,0.7863248,0.982906,0.26287,3.201609
24966,0,1,0.75,0.7863248,0.96581197,0.26287004,3.4134383
24966,0,1,1,0.82051283,0.8974359,0.26287,3.7087731
24966,0,2,0,0.42735043,0.9230769,1.0973477,13.05586
24966,0,2,0.25,0.52991456,0.9230769,1.0973477,15.528427
24966,0,2,0.5,0.62393165,0.8974359,1.0973477,16.632711
24966,0,2,0.75,0.73504275,0.82051283,1.0973477,18.494278
24966,0,2,1,0.8034188,0.71794873,1.0973477,20.580814
24966,0,3,0,0.72649574,0.96581197,0.6176655,7.722497
24966,0,3,0.25,0.83760685,0.96581197,0.6176655,7.941268
24966,0,3,0.5,0.85470086,0.96581197,0.6176655,8.014171
24966,0,3,0.75,0.8888889,0.8888889,0.6176655,7.934801
24966,0,3,1,0.9230769,0.7948718,0.6176655,7.867155
24967,0,1,0,0.8974359,0.63247865,0.9329768,12.216575
24967,0,1,0.25,0.8888889,0.6923077,0.9329768,13.518408
24967,0,1,0.5,0.8717949,0.73504275,0.9329768,15.461861
24967,0,1,0.75,0.6752137,0.74358976,0.9329768,16.63721
24967,0,1,1,0.7777778,0.75213677,0.9329768,19.054543
24967,0,2,0,0.75213677,0.94871795,0.25675514,3.1168842
24967,0,2,0.25,0.7777778,0.94017094,0.25675514,3.6442764
24967,0,2,0.5,0.7863248,0.95726496,0.25675514,4.3585825
24967,0,2,0.75,0.7777778,0.9145299,0.25675514,5.11425
24967,0,2,1,0.75213677,0.9145299,0.25675514,5.991749
24967,0,3,0,0.982906,0.5811966,0.26880634,1.8449552
24967,0,3,0.25,0.982906,0.60683763,0.26880634,1.9463912
24967,0,3,0.5,0.991453,0.61538464,0.26880634,2.177867
24967,0,3,0.75,0.93162394,0.62393165,0.26880634,2.5976453
24967,0,3,1,0.96581197,0.60683763,0.26880634,3.1810105
24968,0,1,0,0.42735043,0.5811966,2.2280493,17.40459
24968,0,1,0.25,0.42735043,0.6495727,2.228049,17.841276
24968,0,1,0.5,0.41025642,0.7948718,2.2280493,21.72041
24968,0,1,0.75,0.3931624,0.7948718,2.2280493,17.171951
24968,0,1,1,0.4017094,0.75213677,2.2280493,15.800859
24968,0,2,0,0.4957265,0.75213677,1.2857192,17.076496
24968,0,2,0.25,0.4957265,0.85470086,1.285719,17.953968
24968,0,2,0.5,0.46153846,0.84615386,1.285719,13.268356
24968,0,2,0.75,0.4871795,0.8632479,1.285719,11.6779995
24968,0,2,1,0.43589744,0.8717949,1.285719,11.080774
24968,0,3,0,0.9059829,0.6666667,0.4336001,7.1772723
24968,0,3,0.25,0.94017094,0.61538464,0.4336,5.6411524
24968,0,3,0.5,0.8974359,0.7094017,0.4335999,6.4375887
24968,0,3,0.75,0.9145299,0.71794873,0.4336,5.699
24968,0,3,1,0.95726496,0.6837607,0.4336,5.246049
24969,0,1,0,0.8119658,0.52991456,1.0935462,16.598103
24969,0,1,0.25,0.74358976,0.5470086,1.0935458,17.126022
24969,0,1,0.5,0.73504275,0.64102566,1.0935459,17.223854
24969,0,1,0.75,0.8034188,0.6581197,1.0935463,16.80502
24969,0,1,1,0.7606838,0.6752137,1.0935462,16.089573
24969,0,2,0,0.8632479,0.7863248,0.32961786,4.988188
24969,0,2,0.25,0.84615386,0.82051283,0.32961786,4.9477973
24969,0,2,0.5,0.9145299,0.84615386,0.3296179,4.830273
24969,0,2,0.75,0.9230769,0.9145299,0.3296179,4.570957
24969,0,2,1,0.93162394,0.9145299,0.32961786,4.205015
24969,0,3,0,0.7094017,0.94871795,0.28372857,2.7413187
24969,0,3,0.25,0.73504275,0.991453,0.28372848,2.4130974
24969,0,3,0.5,0.74358976,0.974359,0.28372872,2.0352817
24969,0,3,0.75,0.75213677,0.991453,0.28372854,1.6527494
24969,0,3,1,0.74358976,0.991453,0.28372857,1.3038082
24970,0,1,0,0.64102566,0.74358976,0.4141821,9.422126
24970,0,1,0.25,0.63247865,0.75213677,0.41418213,9.493628
24970,0,1,0.5,0.64102566,0.74358976,0.4141821,9.603622
24970,0,1,0.75,0.64102566,0.72649574,0.4141821,9.752193
24970,0,1,1,0.62393165,0.72649574,0.4141821,9.946947
24970,0,2,0,0.5726496,0.6495727,1.7237457,18.662987
24970,0,2,0.25,0.5811966,0.6752137,1.7237456,18.02575
24970,0,2,0.5,0.5897436,0.6666667,1.7237458,17.7623
24970,0,2,0.75,0.5982906,0.75213677,1.7237457,18.25808
24970,0,2,1,0.5982906,0.6837607,1.7237457,17.97776
24970,0,3,0,0.53846157,0.47008547,1.616077,35.16282
24970,0,3,0.25,0.50427353,0.47863248,1.616077,36.066864
24970,0,3,0.5,0.4957265,0.42735043,1.616077,35.856667
24970,0,3,0.75,0.4871795,0.43589744,1.616077,36.76087
24970,0,3,1,0.47008547,0.45299146,1.616077,37.383743
24971,0,1,0,0.7948718,0.42735043,1.001999,16.25145
24971,0,1,0.25,0.74358976,0.47008547,1.001999,15.421574
24971,0,1,0.5,0.7863248,0.47863248,1.0019991,16.509598
24971,0,1,0.75,0.7948718,0.47863248,1.0019991,16.629652
24971,0,1,1,0.7692308,0.4871795,1.001999,16.99432
24971,0,2,0,0.8717949,0.7863248,0.8698085,8.493629
24971,0,2,0.25,0.8803419,0.7606838,0.8698086,8.371918
24971,0,2,0.5,0.9230769,0.7606838,0.86980855,7.9831038
24971,0,2,0.75,0.8632479,0.7606838,0.86980855,7.7947845
24971,0,2,1,0.82905984,0.74358976,0.8698085,7.5647564
24971,0,3,0,0.7863248,0.8632479,0.7592631,16.454216
24971,0,3,0.25,0.7863248,0.8717949,0.7592632,15.3805
24971,0,3,0.5,0.82905984,0.8119658,0.75926304,15.412962
24971,0,3,0.75,0.8632479,0.7948718,0.759263,15.430968
24971,0,3,1,0.84615386,0.7606838,0.7592631,15.688986
24972,0,1,0,0.43589744,0.51282054,1.3569282,26.060894
24972,0,1,0.25,0.47008547,0.52991456,1.3569282,25.361523
24972,0,1,0.5,0.47008547,0.52136755,1.3569281,24.680199
24972,0,1,0.75,0.45299146,0.5555556,1.3569285,24.72488
24972,0,1,1,0.46153846,0.5726496,1.3569282,24.50607
24972,0,2,0,0.41880342,0.60683763,1.4331623,30.307909
24972,0,2,0.25,0.4017094,0.62393165,1.4331623,29.706001
24972,0,2,0.5,0.41025642,0.62393165,1.4331623,29.569105
24972,0,2,0.75,0.41025642,0.61538464,1.4331629,29.22985
24972,0,2,1,0.41880342,0.62393165,1.4331623,29.064903
24972,0,3,0,0.83760685,0.5897436,0.32618815,6.7399654
24972,0,3,0.25,0.82905984,0.5897436,0.32618815,6.5466557
24972,0,3,0.5,0.84615386,0.5897436,0.32618818,6.5233703
24972,0,3,0.75,0.8717949,0.60683763,0.32618815,6.6380253
24972,0,3,1,0.8717949,0.60683763,0.32618815,6.640438
24973,0,1,0,0.8119658,0.6495727,0.43646258,14.811535
24973,0,1,0.25,0.8632479,0.6495727,0.4364627,13.933744
24973,0,1,0.5,0.85470086,0.6495727,0.4364625,12.822999
24973,0,1,0.75,0.85470086,0.6581197,0.43646264,11.510328
24973,0,1,1,0.85470086,0.6752137,0.43646258,10.783097
24973,0,2,0,0.61538464,0.6495727,0.5262662,12.554253
24973,0,2,0.25,0.63247865,0.7094017,0.5262661,12.067194
24973,0,2,0.5,0.64102566,0.72649574,0.5262662,11.493144
24973,0,2,0.75,0.6837607,0.73504275,0.5262662,10.687977
24973,0,2,1,0.6666667,0.7863248,0.5262662,10.334274
24973,0,3,0,0.8888889,0.3846154,0.4062363,11.621713
24973,0,3,0.25,0.9059829,0.37606838,0.40623638,10.989908
24973,0,3,0.5,0.9059829,0.41025642,0.40623614,10.254587
24973,0,3,0.75,0.9059829,0.3931624,0.4062363,9.396516
24973,0,3,1,0.8717949,0.41880342,0.4062363,8.988916
24974,0,1,0,0.7692308,0.94017094,1.0006981,4.806238
24974,0,1,0.25,0.7606838,0.94017094,1.0006979,5.047432
24974,0,1,0.5,0.7606838,0.94871795,1.000698,5.327881
24974,0,1,0.75,0.7606838,0.93162394,1.0006982,5.5557513
24974,0,1,1,0.7606838,0.982906,1.0006981,6.0587416
24974,0,2,0,0.6581197,0.95726496,0.43506244,3.2604017
24974,0,2,0.25,0.7008547,0.96581197,0.43506244,3.4170432
24974,0,2,0.5,0.7094017,0.982906,0.4350624,3.5882125
24974,0,2,0.75,0.72649574,1,0.4350629,3.777567
24974,0,2,1,0.7094017,1,0.43506244,4.014866
24974,0,3,0,0.5811966,0.991453,0.38511547,2.8236446
24974,0,3,0.25,0.5897436,0.982906,0.38511547,2.9000158
24974,0,3,0.5,0.52991456,0.982906,0.38511547,2.9735203
24974,0,3,0.75,0.52991456,0.991453,0.38511547,3.1485982
24974,0,3,1,0.50427353,0.991453,0.38511547,3.326181
24975,0,1,0,0.93162394,0.8632479,0.90584195,6.427187
24975,0,1,0.25,0.8974359,0.84615386,0.90584195,6.3399363
24975,0,1,0.5,0.84615386,0.83760685,0.90584195,6.4555416
24975,0,1,0.75,0.72649574,0.84615386,0.9058422,6.116456
24975,0,1,1,0.6923077,0.84615386,0.90584195,6.1491613
24975,0,2,0,0.982906,0.7606838,0.376942,1.9486244
24975,0,2,0.25,0.991453,0.7692308,0.376942,2.0602057
24975,0,2,0.5,1,0.7777778,0.37694198,2.2204843
24975,0,2,0.75,0.94871795,0.7863248,0.376942,2.5372505
24975,0,2,1,0.974359,0.7777778,0.376942,3.034375
24975,0,3,0,0.7863248,0.991453,0.8406011,4.460803
24975,0,3,0.25,0.74358976,0.94017094,0.8406011,4.3887806
24975,0,3,0.5,0.74358976,0.9230769,0.8406011,4.498927
24975,0,3,0.75,0.6495727,0.9230769,0.84060115,4.974622
24975,0,3,1,0.6581197,0.83760685,0.84060085,6.319837
24976,0,1,0,0.7008547,0.52136755,2.1184773,23.784006
24976,0,1,0.25,0.61538464,0.4957265,2.1184773,27.485107
24976,0,1,0.5,0.52991456,0.5897436,2.1184776,33.08151
24976,0,1,0.75,0.5811966,0.7008547,2.1184773,38.72942
24976,0,1,1,0.42735043,0.7777778,2.1184773,44.451324
24976,0,2,0,0.7008547,0.73504275,0.351972,4.0321913
24976,0,2,0.25,0.7777778,0.6837607,0.35197207,4.288452
24976,0,2,0.5,0.8034188,0.75213677,0.35197192,5.0414314
24976,0,2,0.75,0.85470086,0.7948718,0.35197172,5.8682156
24976,0,2,1,0.9059829,0.7692308,0.35197207,6.289261
24976,0,3,0,0.96581197,0.35042736,0.41905004,6.4961205
24976,0,3,0.25,0.96581197,0.35897437,0.41905004,7.4150906
24976,0,3,0.5,0.95726496,0.41025642,0.41905016,8.2363405
24976,0,3,0.75,0.95726496,0.50427353,0.41905004,8.592853
24976,0,3,1,0.94017094,0.52136755,0.41905004,8.786421
24977,0,1,0,0.93162394,0.42735043,0.9228208,8.979942
24977,0,1,0.25,0.94871795,0.41025642,0.92282057,8.931255
24977,0,1,0.5,0.9230769,0.41025642,0.9228208,8.716924
24977,0,1,0.75,0.94017094,0.3846154,0.9228204,9.189256
24977,0,1,1,0.9145299,0.35042736,0.9228208,9.466845
24977,0,2,0,0.5470086,0.5897436,0.8394567,12.030455
24977,0,2,0.25,0.52991456,0.5726496,0.83945674,12.4420395
24977,0,2,0.5,0.50427353,0.5641026,0.8394565,13.364393
24977,0,2,0.75,0.50427353,0.5555556,0.8394567,13.510155
24977,0,2,1,0.52991456,0.5470086,0.8394567,14.511293
24977,0,3,0,0.85470086,0.83760685,0.44818527,5.7005067
24977,0,3,0.25,0.8632479,0.83760685,0.44818538,5.9867945
24977,0,3,0.5,0.8632479,0.7863248,0.44818524,6.001412
24977,0,3,0.75,0.84615386,0.75213677,0.44818547,6.272357
24977,0,3,1,0.7948718,0.8119658,0.44818527,6.4705844
24978,0,1,0,0.95726496,0.41025642,0.7409136,11.317464
24978,0,1,0.25,0.94017094,0.45299146,0.7409136,11.509146
24978,0,1,0.5,1,0.60683763,0.7409136,8.330198
24978,0,1,0.75,1,0.62393165,0.7409136,7.1052327
24978,0,1,1,0.991453,0.60683763,0.7409138,6.729806
24978,0,2,0,0.5470086,0.8119658,0.5224594,16.01465
24978,0,2,0.25,0.5555556,0.8632479,0.52245915,15.220745
24978,0,2,0.5,0.73504275,0.9059829,0.5224594,11.480925
24978,0,2,0.75,0.7863248,0.96581197,0.52245957,9.22111
24978,0,2,1,0.7692308,0.974359,0.5224594,8.362005
24978,0,3,0,0.7008547,0.7777778,0.34316337,10.566759
24978,0,3,0.25,0.7606838,0.85470086,0.34316316,10.425341
24978,0,3,0.5,0.94017094,0.7692308,0.3431635,7.290165
24978,0,3,0.75,1,0.7863248,0.34316355,5.6023035
24978,0,3,1,0.982906,0.7863248,0.34316325,5.210906
24979,0,1,0,0.96581197,0.7777778,0.4176092,3.3591523
24979,0,1,0.25,0.991453,0.73504275,0.41760898,3.2700973
24979,0,1,0.5,0.974359,0.75213677,0.41760966,3.3611712
24979,0,1,0.75,0.982906,0.74358976,0.41760918,3.3267536
24979,0,1,1,0.96581197,0.6923077,0.41760924,3.0711432
24979,0,2,0,0.7863248,0.83760685,1.3372796,12.054216
24979,0,2,0.25,0.7692308,0.82905984,1.3372799,11.539139
24979,0,2,0.5,0.7692308,0.8632479,1.3372796,11.498484
24979,0,2,0.75,0.74358976,0.84615386,1.3372796,11.864368
24979,0,2,1,0.74358976,0.84615386,1.3372796,11.372755
24979,0,3,0,0.64102566,0.94017094,1.2054303,4.6145716
24979,0,3,0.25,0.6752137,0.96581197,1.2054304,4.284807
24979,0,3,0.5,0.6666667,0.9230769,1.2054303,4.1116424
24979,0,3,0.75,0.63247865,0.9145299,1.2054305,3.8175406
24979,0,3,1,0.72649574,0.9059829,1.2054303,3.6768563
24980,0,1,0,1,0.82905984,0.66697466,8.920296
24980,0,1,0.25,1,0.7094017,0.6669744,9.0704365
24980,0,1,0.5,0.991453,0.64102566,0.6669744,8.548585
24980,0,1,0.75,0.974359,0.52991456,0.6669744,7.5106535
24980,0,1,1,0.96581197,0.47008547,0.66697466,6.676414
24980,0,2,0,0.83760685,0.9059829,0.61234844,3.9770713
24980,0,2,0.25,0.7948718,0.8888889,0.61234844,3.2975612
24980,0,2,0.5,0.7606838,0.82905984,0.6123485,3.559761
24980,0,2,0.75,0.75213677,0.8034188,0.6123483,4.945683
24980,0,2,1,0.7777778,0.8119658,0.61234844,8.055194
24980,0,3,0,0.974359,0.96581197,0.42971778,5.785884
24980,0,3,0.25,0.83760685,0.974359,0.42971778,5.9075627
24980,0,3,0.5,0.7692308,0.96581197,0.42971787,5.385373
24980,0,3,0.75,0.73504275,0.95726496,0.42971787,4.5225716
24980,0,3,1,0.64102566,0.8632479,0.42971766,4.0538516
24981,0,1,0,0.4017094,0.93162394,0.2539194,2.50738
24981,0,1,0.25,0.4017094,0.94017094,0.2539194,2.5886312
24981,0,1,0.5,0.41025642,0.94017094,0.2539194,2.6968327
24981,0,1,0.75,0.41880342,0.9230769,0.2539194,2.73585
24981,0,1,1,0.41880342,0.93162394,0.2539194,2.6637018
24981,0,2,0,0.46153846,0.7863248,1.9447472,21.049675
24981,0,2,0.25,0.43589744,0.7777778,1.9447471,20.759293
24981,0,2,0.5,0.43589744,0.7606838,1.9447473,20.337727
24981,0,2,0.75,0.46153846,0.7606838,1.9447473,19.856308
24981,0,2,1,0.47863248,0.7606838,1.9447472,19.601812
24981,0,3,0,0.7094017,0.94871795,0.32037768,3.317298
24981,0,3,0.25,0.71794873,0.93162394,0.3203777,3.2623162
24981,0,3,0.5,0.6923077,0.9230769,0.32037765,3.1428213
24981,0,3,0.75,0.6837607,0.93162394,0.3203777,3.0720196
24981,0,3,1,0.6495727,0.94017094,0.32037768,2.9618819
24982,0,1,0,0.8717949,0.95726496,0.39917174,7.54314
24982,0,1,0.25,0.8803419,0.95726496,0.39917186,6.985501
24982,0,1,0.5,0.8717949,0.982906,0.3991719,6.55787
24982,0,1,0.75,0.83760685,0.94017094,0.39917198,8.218626
24982,0,1,1,0.8632479,0.94871795,0.39917168,9.003479
24982,0,2,0,0.8034188,0.94871795,0.56912065,8.666067
24982,0,2,0.25,0.73504275,0.95726496,0.5691206,8.013603
24982,0,2,0.5,0.7094017,0.96581197,0.5691207,7.458782
24982,0,2,0.75,0.7777778,0.93162394,0.5691208,9.476308
24982,0,2,1,0.7863248,0.9230769,0.56912065,9.993849
24982,0,3,0,0.5641026,0.974359,0.46614778,7.5219097
24982,0,3,0.25,0.5726496,1,0.46614808,6.636801
24982,0,3,0.5,0.5811966,1,0.46614766,6.026782
24982,0,3,0.75,0.5470086,0.94871795,0.46614778,6.3678055
24982,0,3,1,0.52991456,0.991453,0.46614778,7.2056847
24983,0,1,0,0.8119658,0.974359,0.39949703,3.075253
24983,0,1,0.25,0.7863248,0.982906,0.39949703,3.368558
24983,0,1,0.5,0.74358976,0.95726496,0.39949706,3.3955564
24983,0,1,0.75,0.74358976,0.95726496,0.39949694,3.8616772
24983,0,1,1,0.72649574,0.94871795,0.39949697,3.5149908
24983,0,2,0,0.5726496,1,0.25223827,1.7104807
24983,0,2,0.25,0.5555556,0.991453,0.2522384,1.7657123
24983,0,2,0.5,0.5470086,0.95726496,0.2522384,1.7309076
24983,0,2,0.75,0.52991456,0.982906,0.25223842,1.9187595
24983,0,2,1,0.52136755,1,0.2522384,1.9477098
24983,0,3,0,1,0.85470086,0.2710232,2.0154696
24983,0,3,0.25,0.982906,0.8632479,0.2710232,2.2116115
24983,0,3,0.5,0.96581197,0.7948718,0.27102312,2.3304229
24983,0,3,0.75,1,0.7863248,0.27102318,2.385901
24983,0,3,1,0.96581197,0.74358976,0.27102318,2.5504074
24984,0,1,0,0.7008547,0.7948718,0.36682767,5.624879
24984,0,1,0.25,0.72649574,0.83760685,0.36682752,6.4524837
24984,0,1,0.5,0.8717949,0.84615386,0.3668277,6.817425
24984,0,1,0.75,0.9230769,0.8717949,0.36682788,6.262107
24984,0,1,1,0.9230769,0.7692308,0.36682755,4.8892937
24984,0,2,0,0.83760685,0.7692308,0.59700054,9.582109
24984,0,2,0.25,0.7863248,0.8803419,0.5970008,10.8426
24984,0,2,0.5,0.6581197,0.8717949,0.59700054,10.909589
24984,0,2,0.75,0.6581197,0.95726496,0.59700036,9.470892
24984,0,2,1,0.6495727,0.94017094,0.5970008,8.367989
24984,0,3,0,0.8974359,0.6581197,0.76243067,12.339728
24984,0,3,0.25,0.8632479,0.8034188,0.76243067,11.49588
24984,0,3,0.5,0.8034188,0.83760685,0.7624308,9.3250885
24984,0,3,0.75,0.8119658,0.8803419,0.7624306,7.836118
24984,0,3,1,0.8888889,0.74358976,0.7624308,8.720089
24985,0,1,0,0.37606838,0.991453,0.27805635,4.8085384
24985,0,1,0.25,0.41880342,0.991453,0.27805623,4.6614914
24985,0,1,0.5,0.4017094,0.991453,0.27805635,4.6764474
24985,0,1,0.75,0.3931624,0.96581197,0.2780564,4.636126
24985,0,1,1,0.3931624,0.991453,0.27805635,4.6016397
24985,0,2,0,0.53846157,0.43589744,1.6218036,35.373337
24985,0,2,0.25,0.5897436,0.41025642,1.6218033,36.166496
24985,0,2,0.5,0.61538464,0.3931624,1.6218034,36.58378
24985,0,2,0.75,0.61538464,0.37606838,1.6218036,38.205635
24985,0,2,1,0.63247865,0.35042736,1.6218034,38.068855
24985,0,3,0,0.82905984,0.64102566,0.8096976,15.034588
24985,0,3,0.25,0.82905984,0.62393165,0.8096976,15.368023
24985,0,3,0.5,0.85470086,0.60683763,0.8096977,15.555531
24985,0,3,0.75,0.83760685,0.60683763,0.8096976,15.727889
24985,0,3,1,0.82905984,0.5982906,0.8096976,16.24187
24986,0,1,0,0.6923077,0.96581197,0.31625456,2.808999
24986,0,1,0.25,0.7008547,0.96581197,0.31625456,2.770032
24986,0,1,0.5,0.6837607,0.974359,0.31625447,2.7322211
24986,0,1,0.75,0.6837607,0.94871795,0.31625488,2.7538767
24986,0,1,1,0.6837607,0.94871795,0.31625456,2.708467
24986,0,2,0,0.41025642,0.75213677,0.8374178,15.150963
24986,0,2,0.25,0.44444445,0.74358976,0.83741766,14.833839
24986,0,2,0.5,0.4017094,0.74358976,0.8374178,14.763105
24986,0,2,0.75,0.4017094,0.7606838,0.83741766,14.618271
24986,0,2,1,0.3931624,0.74358976,0.83741766,14.409409
24986,0,3,0,0.8803419,0.37606838,0.69449013,10.75727
24986,0,3,0.25,0.8717949,0.35042736,0.69448996,10.903924
24986,0,3,0.5,0.83760685,0.35897437,0.6944902,11.285004
24986,0,3,0.75,0.85470086,0.37606838,0.6944903,11.398082
24986,0,3,1,0.85470086,0.35897437,0.6944904,11.204529
24987,0,1,0,0.96581197,0.7008547,0.50499654,4.1497326
24987,0,1,0.25,0.8803419,0.6923077,0.5049966,4.977393
24987,0,1,0.5,0.82905984,0.7008547,0.50499654,6.6888103
24987,0,1,0.75,0.8632479,0.6752137,0.50499666,5.8801813
24987,0,1,1,0.8632479,0.7008547,0.50499666,6.634328
24987,0,2,0,0.9059829,0.5726496,0.5011663,6.8416576
24987,0,2,0.25,0.8803419,0.52991456,0.50116616,7.2200713
24987,0,2,0.5,0.8974359,0.47863248,0.5011664,7.969597
24987,0,2,0.75,0.94871795,0.47863248,0.5011663,7.335852
24987,0,2,1,0.9145299,0.45299146,0.5011663,6.7105584
24987,0,3,0,0.8974359,0.82051283,0.6683497,6.6620755
24987,0,3,0.25,0.7777778,0.84615386,0.6683497,8.153406
24987,0,3,0.5,0.74358976,0.7777778,0.6683496,10.480127
24987,0,3,0.75,0.7692308,0.6495727,0.66834956,11.374678
24987,0,3,1,0.6666667,0.61538464,0.66834956,13.879131
24988,0,1,0,0.7008547,0.6923077,1.056338,16.095291
24988,0,1,0.25,0.7692308,0.6923077,1.0563378,16.41101
24988,0,1,0.5,0.7948718,0.71794873,1.056338,17.769602
24988,0,1,0.75,0.8717949,0.6837607,1.056338,19.736057
24988,0,1,1,0.93162394,0.5897436,1.0563381,19.536968
24988,0,2,0,0.94017094,0.4871795,0.68321484,9.050768
24988,0,2,0.25,0.991453,0.52991456,0.6832146,8.0371065
24988,0,2,0.5,1,0.46153846,0.6832147,7.985882
24988,0,2,0.75,0.96581197,0.46153846,0.68321466,7.6380587
24988,0,2,1,1,0.44444445,0.6832147,7.379023
24988,0,3,0,0.9059829,0.52991456,0.30040598,5.146442
24988,0,3,0.25,0.95726496,0.6581197,0.3004061,4.3937044
24988,0,3,0.5,0.974359,0.6666667,0.3004059,5.0770583
24988,0,3,0.75,0.974359,0.6666667,0.3004061,5.2436733
24988,0,3,1,0.94871795,0.6581197,0.30040607,5.127942
24989,0,1,0,0.7094017,0.8632479,1.4842577,11.547954
24989,0,1,0.25,0.6837607,0.83760685,1.4842577,12.398037
24989,0,1,0.5,0.60683763,0.8034188,1.4842577,12.915445
24989,0,1,0.75,0.5641026,0.7692308,1.4842578,14.1523075
24989,0,1,1,0.4957265,0.71794873,1.4842578,15.660774
24989,0,2,0,0.991453,0.51282054,0.42357516,2.0850682
24989,0,2,0.25,1,0.4871795,0.42357498,2.1228104
24989,0,2,0.5,1,0.4957265,0.42357516,2.1526191
24989,0,2,0.75,0.991453,0.51282054,0.42357525,2.2875724
24989,0,2,1,0.982906,0.47008547,0.42357525,2.3781886
24989,0,3,0,0.83760685,0.9230769,1.0858625,9.966908
24989,0,3,0.25,0.83760685,0.8632479,1.0858624,10.810228
24989,0,3,0.5,0.84615386,0.8034188,1.0858625,11.567001
24989,0,3,0.75,0.82905984,0.7606838,1.0858625,12.395771
24989,0,3,1,0.82051283,0.74358976,1.0858625,13.118362
24990,0,1,0,0.991453,0.4871795,0.27720225,2.316796
24990,0,1,0.25,0.991453,0.46153846,0.27720174,2.6031938
24990,0,1,0.5,0.94871795,0.4871795,0.2772027,2.7209888
24990,0,1,0.75,0.95726496,0.52991456,0.27720225,3.0894141
24990,0,1,1,0.974359,0.5641026,0.27720225,3.7553148
24990,0,2,0,0.82051283,0.94871795,0.3186426,4.1941724
24990,0,2,0.25,0.72649574,0.8717949,0.31864262,3.656592
24990,0,2,0.5,0.7606838,0.8888889,0.31864208,2.8509352
24990,0,2,0.75,0.83760685,0.9059829,0.3186426,3.1151137
24990,0,2,1,0.8632479,0.8974359,0.3186426,3.7493663
24990,0,3,0,0.9230769,0.37606838,0.7291437,12.202037
24990,0,3,0.25,0.84615386,0.4871795,0.729144,12.043821
24990,0,3,0.5,0.9145299,0.60683763,0.7291434,10.181155
24990,0,3,0.75,0.94017094,0.6666667,0.72914356,8.7933235
24990,0,3,1,0.8888889,0.6837607,0.72914356,8.343515
24991,0,1,0,0.83760685,0.94017094,0.5099797,5.6730437
24991,0,1,0.25,0.72649574,0.974359,0.50997955,6.8118505
24991,0,1,0.5,0.60683763,0.982906,0.50997967,6.3404274
24991,0,1,0.75,0.52136755,1,0.5099796,5.2841196
24991,0,1,1,0.47863248,0.982906,0.5099795,4.2024302
24991,0,2,0,0.62393165,0.8119658,0.6125699,8.366805
24991,0,2,0.25,0.72649574,0.8119658,0.61256987,7.2649
24991,0,2,0.5,0.8119658,0.82051283,0.61256987,5.7251806
24991,0,2,0.75,0.8632479,0.8717949,0.6125698,5.0336585
24991,0,2,1,0.9059829,0.9230769,0.61256987,5.108859
24991,0,3,0,0.7948718,0.94871795,0.3332049,4.309475
24991,0,3,0.25,0.6923077,0.991453,0.3332048,4.6777754
24991,0,3,0.5,0.60683763,0.991453,0.33320504,3.9975371
24991,0,3,0.75,0.5811966,1,0.33320558,3.1447926
24991,0,3,1,0.5470086,0.982906,0.33320504,2.4766014
24992,0,1,0,0.9145299,0.43589744,0.8010421,6.855419
24992,0,1,0.25,0.9230769,0.44444445,0.8010422,6.7615023
24992,0,1,0.5,0.9230769,0.42735043,0.8010421,6.5394025
24992,0,1,0.75,0.9145299,0.45299146,0.8010421,6.5539684
24992,0,1,1,0.94871795,0.42735043,0.801042,6.6662016
24992,0,2,0,0.5555556,0.96581197,0.6184364,7.5196924
24992,0,2,0.25,0.5470086,0.96581197,0.61843634,7.5007277
24992,0,2,0.5,0.52991456,0.94871795,0.61843646,7.4953375
24992,0,2,0.75,0.52991456,0.95726496,0.6184363,7.496632
24992,0,2,1,0.5555556,0.96581197,0.6184364,7.53238
24992,0,3,0,0.4017094,0.8632479,2.970504,33.727055
24992,0,3,0.25,0.4017094,0.8717949,2.9705043,33.798534
24992,0,3,0.5,0.3931624,0.84615386,2.970504,33.94132
24992,0,3,0.75,0.3846154,0.82905984,2.970504,33.936424
24992,0,3,1,0.3931624,0.82051283,2.9705043,34.313267
24993,0,1,0,0.6495727,0.94871795,1.0053719,7.237045
24993,0,1,0.25,0.7008547,0.94017094,1.0053718,7.2658267
24993,0,1,0.5,0.7094017,0.94017094,1.0053718,7.307216
24993,0,1,0.75,0.6837607,0.93162394,1.0053719,7.400441
24993,0,1,1,0.6666667,0.93162394,1.0053719,7.5539603
24993,0,2,0,0.74358976,0.94017094,0.82431805,8.152088
24993,0,2,0.25,0.6752137,0.94871795,0.82431793,8.043951
24993,0,2,0.5,0.6752137,0.94871795,0.82431805,8.061775
24993,0,2,0.75,0.6923077,0.94871795,0.824318,8.095543
24993,0,2,1,0.71794873,0.9230769,0.8243181,8.117506
24993,0,3,0,0.9145299,0.94871795,0.3950212,1.9751167
24993,0,3,0.25,0.9145299,0.94871795,0.39502123,1.9666693
24993,0,3,0.5,0.9059829,0.95726496,0.3950212,1.9902244
24993,0,3,0.75,0.9059829,0.95726496,0.3950212,1.9985723
24993,0,3,1,0.9059829,0.96581197,0.3950212,2.0241518
24994,0,1,0,0.8034188,0.72649574,1.1417358,15.475332
24994,0,1,0.25,0.8034188,0.6923077,1.1417359,15.217069
24994,0,1,0.5,0.8974359,0.71794873,1.1417357,15.23482
24994,0,1,0.75,0.8717949,0.73504275,1.1417358,15.693567
24994,0,1,1,0.85470086,0.7094017,1.1417358,15.606121
24994,0,2,0,0.8803419,0.83760685,0.27020115,4.0225964
24994,0,2,0.25,0.9059829,0.8632479,0.27020112,4.012993
24994,0,2,0.5,0.8974359,0.8803419,0.27020118,3.9490209
24994,0,2,0.75,0.93162394,0.8803419,0.27020118,3.8906212
24994,0,2,1,0.94871795,0.8717949,0.27020115,3.9253047
24994,0,3,0,0.83760685,0.75213677,0.97680116,9.137435
24994,0,3,0.25,0.85470086,0.7777778,0.9768012,9.078241
24994,0,3,0.5,0.84615386,0.8034188,0.97680134,9.292319
24994,0,3,0.75,0.8632479,0.7948718,0.97680134,9.554343
24994,0,3,1,0.85470086,0.7948718,0.97680104,9.766755
24995,0,1,0,0.85470086,0.82905984,0.3460372,5.0361137
24995,0,1,0.25,0.84615386,0.83760685,0.3460374,5.0524244
24995,0,1,0.5,0.82905984,0.82051283,0.34603745,5.0787745
24995,0,1,0.75,0.83760685,0.7692308,0.34603745,5.137741
24995,0,1,1,0.83760685,0.7692308,0.3460372,5.175645
24995,0,2,0,0.82051283,0.75213677,1.0277547,15.78305
24995,0,2,0.25,0.82905984,0.71794873,1.0277547,15.84665
24995,0,2,0.5,0.83760685,0.71794873,1.0277548,15.888474
24995,0,2,0.75,0.83760685,0.7008547,1.0277548,16.087938
24995,0,2,1,0.83760685,0.7008547,1.0277547,16.205416
24995,0,3,0,0.83760685,0.74358976,0.44081968,6.4578643
24995,0,3,0.25,0.83760685,0.74358976,0.4408198,6.522165
24995,0,3,0.5,0.82905984,0.7606838,0.4408196,6.56586
24995,0,3,0.75,0.82905984,0.7777778,0.44081968,6.6804447
24995,0,3,1,0.8034188,0.7777778,0.44081968,6.797508
24996,0,1,0,0.9230769,0.71794873,0.35398698,3.4207864
24996,0,1,0.25,0.9230769,0.71794873,0.35398698,3.341375
24996,0,1,0.5,0.9230769,0.73504275,0.35398698,3.2984052
24996,0,1,0.75,0.8974359,0.72649574,0.35398698,3.2352357
24996,0,1,1,0.9145299,0.71794873,0.35398698,3.2338955
24996,0,2,0,0.9145299,0.73504275,0.37093994,6.270998
24996,0,2,0.25,0.9059829,0.75213677,0.37093997,5.9750476
24996,0,2,0.5,0.9059829,0.75213677,0.37093994,5.891035
24996,0,2,0.75,0.9059829,0.7606838,0.37093994,5.7591424
24996,0,2,1,0.9059829,0.7863248,0.37093994,5.669341
24996,0,3,0,0.46153846,0.94017094,1.4069253,19.80785
24996,0,3,0.25,0.47008547,0.9230769,1.4069252,19.522896
24996,0,3,0.5,0.47863248,0.9230769,1.4069254,19.324718
24996,0,3,0.75,0.47863248,0.93162394,1.4069252,19.373642
24996,0,3,1,0.46153846,0.94017094,1.4069253,19.25784
24997,0,1,0,0.8803419,0.45299146,0.32093912,9.311415
24997,0,1,0.25,0.94017094,0.46153846,0.32093912,9.313811
24997,0,1,0.5,0.95726496,0.47863248,0.32093912,9.147583
24997,0,1,0.75,0.9230769,0.4871795,0.32093912,9.389538
24997,0,1,1,0.95726496,0.4871795,0.32093912,9.479534
24997,0,2,0,0.7692308,0.72649574,0.63795716,11.092001
24997,0,2,0.25,0.7948718,0.71794873,0.637957,11.091614
24997,0,2,0.5,0.8119658,0.71794873,0.63795716,11.07288
24997,0,2,0.75,0.82905984,0.73504275,0.63795745,11.220743
24997,0,2,1,0.85470086,0.7606838,0.6379573,11.069187
24997,0,3,0,0.84615386,0.7692308,0.30592325,8.891611
24997,0,3,0.25,0.9230769,0.7606838,0.30592325,8.854202
24997,0,3,0.5,0.9059829,0.74358976,0.30592346,8.990356
24997,0,3,0.75,0.8888889,0.75213677,0.30592325,8.924425
24997,0,3,1,0.93162394,0.74358976,0.30592325,8.882231
24998,0,1,0,0.8632479,0.6923077,0.6128178,11.206097
24998,0,1,0.25,0.8717949,0.6666667,0.6128181,10.927237
24998,0,1,0.5,0.8888889,0.71794873,0.61281806,10.537222
24998,0,1,0.75,0.8888889,0.73504275,0.6128175,10.07546
24998,0,1,1,0.8632479,0.73504275,0.6128178,9.939737
24998,0,2,0,0.8632479,0.5641026,0.5873285,12.070587
24998,0,2,0.25,0.8632479,0.5811966,0.58732855,11.82895
24998,0,2,0.5,0.8803419,0.64102566,0.5873284,11.898418
24998,0,2,0.75,0.8717949,0.6752137,0.58732855,11.662197
24998,0,2,1,0.84615386,0.7008547,0.5873285,11.441301
24998,0,3,0,0.974359,0.61538464,0.45223373,5.4047995
24998,0,3,0.25,1,0.62393165,0.45223406,5.37398
24998,0,3,0.5,1,0.64102566,0.45223412,5.500228
24998,0,3,0.75,0.982906,0.63247865,0.4522333,5.346589
24998,0,3,1,0.982906,0.61538464,0.45223373,5.2749453
24999,0,1,0,0.53846157,0.96581197,1.091367,6.9277763
24999,0,1,0.25,0.5470086,0.96581197,1.091367,6.9705586
24999,0,1,0.5,0.4957265,0.95726496,1.091367,7.0331864
24999,0,1,0.75,0.52136755,0.96581197,1.091367,7.1791964
24999,0,1,1,0.4957265,0.94017094,1.091367,7.6122694
24999,0,2,0,0.95726496,0.83760685,1.157271,10.134226
24999,0,2,0.25,0.94017094,0.7948718,1.1572711,10.600178
24999,0,2,0.5,0.95726496,0.6581197,1.157271,11.179907
24999,0,2,0.75,0.982906,0.5641026,1.1572714,11.519537
24999,0,2,1,0.982906,0.45299146,1.1572711,12.34104
24999,0,3,0,0.50427353,0.991453,0.44730884,3.1137013
24999,0,3,0.25,0.4957265,0.991453,0.44730884,3.0499778
24999,0,3,0.5,0.47008547,0.991453,0.4473091,2.9566922
24999,0,3,0.75,0.46153846,0.974359,0.4473091,2.9802132
24999,0,3,1,0.41880342,0.991453,0.4473091,3.1575089
25000,0,1,0,0.82051283,0.7094017,0.4896475,8.508976
25000,0,1,0.25,0.9145299,0.6923077,0.4896475,7.952363
25000,0,1,0.5,0.94871795,0.6923077,0.48964727,7.1111593
25000,0,1,0.75,0.93162394,0.5897436,0.4896475,5.856207
25000,0,1,1,0.93162394,0.64102566,0.4896475,4.188384
25000,0,2,0,0.6837607,0.7777778,0.2713419,4.02505
25000,0,2,0.25,0.7008547,0.7863248,0.27134168,4.095724
25000,0,2,0.5,0.7777778,0.8034188,0.2713419,4.228772
25000,0,2,0.75,0.7606838,0.7863248,0.2713421,4.0145187
25000,0,2,1,0.8888889,0.82051283,0.2713419,3.4048991
25000,0,3,0,0.94017094,0.53846157,0.28979248,2.3900766
25000,0,3,0.25,1,0.5555556,0.28979257,2.08992
25000,0,3,0.5,0.95726496,0.53846157,0.28979248,2.237536
25000,0,3,0.75,0.9145299,0.5470086,0.28979263,2.667697
25000,0,3,1,0.991453,0.5897436,0.28979257,2.9281936
25001,0,1,0,0.5641026,0.82051283,1.3311148,16.192627
25001,0,1,0.25,0.5641026,0.82905984,1.3311148,16.238056
25001,0,1,0.5,0.5641026,0.82905984,1.3311148,16.047777
25001,0,1,0.75,0.5641026,0.83760685,1.3311148,15.904737
25001,0,1,1,0.5555556,0.82051283,1.3311148,15.93386
25001,0,2,0,0.36752138,0.991453,0.43887997,5.2937565
25001,0,2,0.25,0.3846154,0.982906,0.43888003,5.19643
25001,0,2,0.5,0.37606838,0.974359,0.4388801,5.048603
25001,0,2,0.75,0.37606838,0.982906,0.4388801,4.95016
25001,0,2,1,0.35897437,0.974359,0.43887997,4.870015
25001,0,3,0,0.94017094,0.8119658,0.31841722,5.146706
25001,0,3,0.25,0.94017094,0.8034188,0.31841734,5.1651325
25001,0,3,0.5,0.94017094,0.82051283,0.31841734,5.1396823
25001,0,3,0.75,0.9230769,0.82051283,0.31841734,5.1334686
25001,0,3,1,0.9230769,0.82905984,0.31841722,5.127614
25002,0,1,0,0.35897437,0.8034188,1.1919289,28.029522
25002,0,1,0.25,0.37606838,0.7948718,1.1919287,28.614405
25002,0,1,0.5,0.4017094,0.7863248,1.191929,28.835388
25002,0,1,0.75,0.37606838,0.7863248,1.1919287,29.326878
25002,0,1,1,0.36752138,0.7777778,1.1919289,30.23423
25002,0,2,0,0.6666667,0.63247865,1.7562642,14.621024
25002,0,2,0.25,0.6752137,0.62393165,1.7562646,14.659147
25002,0,2,0.5,0.6923077,0.60683763,1.7562642,14.651256
25002,0,2,0.75,0.7008547,0.60683763,1.7562643,14.76141
25002,0,2,1,0.7094017,0.60683763,1.7562643,14.807121
25002,0,3,0,0.6837607,0.95726496,0.25326675,4.103319
25002,0,3,0.25,0.6837607,0.95726496,0.25326675,4.096913
25002,0,3,0.5,0.6752137,0.95726496,0.2532665,4.086118
25002,0,3,0.75,0.6752137,0.94871795,0.253267,4.05317
25002,0,3,1,0.6837607,0.93162394,0.25326675,4.0160193
25003,0,1,0,0.94017094,0.5470086,0.55765516,7.8488417
25003,0,1,0.25,0.8803419,0.53846157,0.557655,8.074188
25003,0,1,0.5,0.8974359,0.52136755,0.557655,8.329643
25003,0,1,0.75,0.9059829,0.53846157,0.55765545,8.771549
25003,0,1,1,0.8632479,0.50427353,0.55765516,9.062079
25003,0,2,0,0.96581197,0.5811966,0.28179044,3.6199145
25003,0,2,0.25,0.9230769,0.5897436,0.28179044,3.6977777
25003,0,2,0.5,0.9145299,0.5555556,0.28179058,3.7985773
25003,0,2,0.75,0.9230769,0.53846157,0.28179047,3.9162927
25003,0,2,1,0.93162394,0.5470086,0.28179044,4.131679
25003,0,3,0,0.72649574,0.74358976,1.1843991,12.482085
25003,0,3,0.25,0.73504275,0.6923077,1.1843991,12.8510475
25003,0,3,0.5,0.72649574,0.6752137,1.1843991,13.585102
25003,0,3,0.75,0.73504275,0.6581197,1.1843991,14.108183
25003,0,3,1,0.6752137,0.7094017,1.1843991,15.011328
25004,0,1,0,0.75213677,0.95726496,0.41118678,4.6285143
25004,0,1,0.25,0.73504275,0.94871795,0.41118678,4.6854897
25004,0,1,0.5,0.74358976,0.94017094,0.41118678,4.9056826
25004,0,1,0.75,0.7606838,0.95726496,0.4111867,5.16712
25004,0,1,1,0.75213677,0.93162394,0.41118664,5.485132
25004,0,2,0,0.52136755,0.974359,0.94811463,11.836409
25004,0,2,0.25,0.53846157,0.95726496,0.94811463,12.320343
25004,0,2,0.5,0.52991456,0.93162394,0.94811463,12.491192
25004,0,2,0.75,0.52136755,0.8717949,0.94811434,12.968435
25004,0,2,1,0.53846157,0.9145299,0.94811463,13.93846
25004,0,3,0,0.8632479,0.982906,0.25789443,3.027355
25004,0,3,0.25,0.82905984,0.991453,0.2578942,3.1246855
25004,0,3,0.5,0.8632479,1,0.25789467,3.2344842
25004,0,3,0.75,0.85470086,0.982906,0.25789464,3.3147936
25004,0,3,1,0.82051283,1,0.25789443,3.6070087
25005,0,1,0,0.95726496,0.46153846,0.45849767,6.2794275
25005,0,1,0.25,0.94017094,0.52991456,0.4584979,6.7549095
25005,0,1,0.5,0.9145299,0.50427353,0.45849767,7.026433
25005,0,1,0.75,0.8974359,0.47008547,0.45849818,8.0517435
25005,0,1,1,0.83760685,0.41025642,0.45849767,10.473106
25005,0,2,0,0.991453,0.63247865,0.3177662,2.2594051
25005,0,2,0.25,0.974359,0.62393165,0.3177662,2.2937202
25005,0,2,0.5,0.982906,0.61538464,0.31776616,2.3312418
25005,0,2,0.75,0.96581197,0.5555556,0.31776634,2.444502
25005,0,2,1,1,0.52991456,0.31776622,2.8346996
25005,0,3,0,0.991453,0.43589744,0.29953197,2.5489032
25005,0,3,0.25,0.974359,0.47863248,0.29953182,2.5780287
25005,0,3,0.5,0.991453,0.47863248,0.29953206,2.6690378
25005,0,3,0.75,0.974359,0.4957265,0.29953188,2.8420815
25005,0,3,1,0.96581197,0.50427353,0.299532,3.3960469
25006,0,1,0,0.6495727,0.94017094,0.5601237,5.041966
25006,0,1,0.25,0.6581197,0.95726496,0.5601236,5.104228
25006,0,1,0.5,0.64102566,0.9145299,0.5601236,5.114025
25006,0,1,0.75,0.64102566,0.9145299,0.56012374,5.169297
25006,0,1,1,0.64102566,0.9230769,0.5601237,5.3601413
25006,0,2,0,0.6837607,0.95726496,0.49373376,5.189022
25006,0,2,0.25,0.6752137,0.96581197,0.4937336,5.153673
25006,0,2,0.5,0.6581197,0.95726496,0.49373364,5.2362294
25006,0,2,0.75,0.6666667,0.94017094,0.49373376,5.190509
25006,0,2,1,0.6581197,0.96581197,0.49373376,5.221368
25006,0,3,0,0.52136755,0.61538464,2.4410474,36.58303
25006,0,3,0.25,0.4957265,0.60683763,2.4410477,36.913013
25006,0,3,0.5,0.47008547,0.60683763,2.4410474,37.046314
25006,0,3,0.75,0.45299146,0.61538464,2.4410474,37.21929
25006,0,3,1,0.47008547,0.62393165,2.4410474,37.65753
25007,0,1,0,0.8974359,0.6923077,1.0255119,13.396631
25007,0,1,0.25,0.8974359,0.60683763,1.025512,11.94984
25007,0,1,0.5,0.95726496,0.63247865,1.0255119,11.044349
25007,0,1,0.75,0.96581197,0.5811966,1.0255119,10.265942
25007,0,1,1,0.94017094,0.52136755,1.0255119,9.58401
25007,0,2,0,0.95726496,0.83760685,0.46653092,8.102108
25007,0,2,0.25,0.7692308,0.94871795,0.46653095,7.565856
25007,0,2,0.5,0.6923077,0.95726496,0.46653092,7.1181245
25007,0,2,0.75,0.61538464,0.95726496,0.4665309,6.665778
25007,0,2,1,0.5470086,0.982906,0.4665309,6.1371064
25007,0,3,0,0.46153846,0.991453,0.4337988,5.5329223
25007,0,3,0.25,0.4017094,0.991453,0.4337987,5.3460145
25007,0,3,0.5,0.46153846,1,0.4337988,5.246811
25007,0,3,0.75,0.45299146,0.991453,0.43379876,5.266383
25007,0,3,1,0.5470086,0.982906,0.43379876,5.0907583
25008,0,1,0,0.5470086,0.95726496,0.36136842,5.0961237
25008,0,1,0.25,0.5641026,0.94871795,0.3613682,5.076395
25008,0,1,0.5,0.5726496,0.94017094,0.36136842,5.107987
25008,0,1,0.75,0.5811966,0.93162394,0.36136842,5.078339
25008,0,1,1,0.5726496,0.9145299,0.36136842,5.1123743
25008,0,2,0,0.9230769,0.4957265,0.9286105,15.708317
25008,0,2,0.25,0.8632479,0.47863248,0.9286105,15.688276
25008,0,2,0.5,0.8717949,0.45299146,0.9286105,15.604206
25008,0,2,0.75,0.84615386,0.44444445,0.9286105,14.918999
25008,0,2,1,0.83760685,0.44444445,0.9286105,14.691841
25008,0,3,0,0.6752137,0.8717949,0.52242404,8.422769
25008,0,3,0.25,0.6752137,0.8803419,0.5224236,8.231265
25008,0,3,0.5,0.6837607,0.82905984,0.52242404,8.095224
25008,0,3,0.75,0.6923077,0.83760685,0.522424,8.107779
25008,0,3,1,0.6923077,0.84615386,0.522424,7.8909183
25009,0,1,0,0.94017094,0.5470086,0.33940914,5.8761735
25009,0,1,0.25,0.9059829,0.53846157,0.33940914,6.2928486
25009,0,1,0.5,0.93162394,0.51282054,0.33940914,6.6788197
25009,0,1,0.75,0.8974359,0.4871795,0.33940873,7.15854
25009,0,1,1,0.9145299,0.47863248,0.33940893,7.442035
25009,0,2,0,0.71794873,0.47008547,0.91272926,17.54013
25009,0,2,0.25,0.6837607,0.4871795,0.91272926,18.91238
25009,0,2,0.5,0.6581197,0.50427353,0.912729,19.554832
25009,0,2,0.75,0.6752137,0.50427353,0.91272926,20.460606
25009,0,2,1,0.5982906,0.47863248,0.91272926,21.231178
25009,0,3,0,0.4957265,0.6666667,0.848769,17.653225
25009,0,3,0.25,0.5555556,0.64102566,0.84876907,17.725311
25009,0,3,0.5,0.52991456,0.5982906,0.8487692,18.101604
25009,0,3,0.75,0.5555556,0.60683763,0.8487692,18.997658
25009,0,3,1,0.5555556,0.5982906,0.84876907,19.267841
25010,0,1,0,0.82905984,0.6495727,0.3943479,8.310598
25010,0,1,0.25,0.8632479,0.64102566,0.3943478,8.82265
25010,0,1,0.5,0.8803419,0.60683763,0.39434785,9.480397
25010,0,1,0.75,0.83760685,0.5897436,0.39434803,10.060795
25010,0,1,1,0.7863248,0.53846157,0.3943479,10.941266
25010,0,2,0,0.82051283,0.82905984,0.29021552,4.5996213
25010,0,2,0.25,0.82905984,0.7948718,0.29021552,5.0119658
25010,0,2,0.5,0.82051283,0.83760685,0.29021552,5.273139
25010,0,2,0.75,0.8119658,0.8119658,0.29021576,5.525893
25010,0,2,1,0.7692308,0.8119658,0.29021552,5.9958143
25010,0,3,0,0.8034188,0.50427353,2.057179,23.96128
25010,0,3,0.25,0.7777778,0.50427353,2.057179,24.591385
25010,0,3,0.5,0.7863248,0.4957265,2.057179,24.891113
25010,0,3,0.75,0.8119658,0.47008547,2.057179,24.699793
25010,0,3,1,0.7948718,0.45299146,2.057179,24.92913
25011,0,1,0,0.71794873,0.982906,0.44379887,7.2983074
25011,0,1,0.25,0.7692308,0.974359,0.44379896,6.7468867
25011,0,1,0.5,0.82905984,0.991453,0.44379863,6.4311447
25011,0,1,0.75,0.8803419,0.95726496,0.44379866,6.296276
25011,0,1,1,0.8119658,0.95726496,0.44379887,5.9453135
25011,0,2,0,0.5811966,0.93162394,0.6383563,11.119266
25011,0,2,0.25,0.60683763,0.8888889,0.6383563,9.678743
25011,0,2,0.5,0.7008547,0.9145299,0.63835645,9.154072
25011,0,2,0.75,0.63247865,0.9145299,0.6383562,8.508495
25011,0,2,1,0.6666667,0.9230769,0.63835645,8.08027
25011,0,3,0,0.4957265,0.82905984,1.193236,23.089338
25011,0,3,0.25,0.5897436,0.82905984,1.193236,19.465958
25011,0,3,0.5,0.5811966,0.82905984,1.1932358,17.684437
25011,0,3,0.75,0.6752137,0.8034188,1.193236,17.325026
25011,0,3,1,0.6666667,0.8034188,1.193236,16.470688
25012,0,1,0,0.73504275,0.73504275,0.39549607,7.787035
25012,0,1,0.25,0.72649574,0.72649574,0.39549604,7.934781
25012,0,1,0.5,0.72649574,0.72649574,0.39549604,7.966529
25012,0,1,0.75,0.73504275,0.72649574,0.39549607,7.9781523
25012,0,1,1,0.73504275,0.74358976,0.39549604,8.044707
25012,0,2,0,0.94017094,0.5470086,0.2573862,3.970233
25012,0,2,0.25,0.95726496,0.53846157,0.25738624,3.9647632
25012,0,2,0.5,0.94871795,0.53846157,0.25738618,3.887096
25012,0,2,0.75,0.95726496,0.53846157,0.25738615,3.923525
25012,0,2,1,0.94017094,0.52991456,0.25738618,3.8674338
25012,0,3,0,0.8119658,0.83760685,0.38369194,7.3564835
25012,0,3,0.25,0.7948718,0.83760685,0.38369182,7.4159803
25012,0,3,0.5,0.7948718,0.83760685,0.38369206,7.4552093
25012,0,3,0.75,0.8034188,0.83760685,0.38369206,7.4355965
25012,0,3,1,0.7863248,0.83760685,0.38369194,7.4566565
25013,0,1,0,0.94871795,0.4957265,0.5139611,6.570155
25013,0,1,0.25,0.94017094,0.47008547,0.5139611,6.8502817
25013,0,1,0.5,0.94017094,0.4017094,0.5139611,6.788906
25013,0,1,0.75,0.93162394,0.44444445,0.51396096,6.7953053
25013,0,1,1,0.9145299,0.3931624,0.5139611,6.95481
25013,0,2,0,0.74358976,0.96581197,0.30154866,4.133257
25013,0,2,0.25,0.74358976,0.9230769,0.30154866,4.4049397
25013,0,2,0.5,0.72649574,0.93162394,0.30154854,4.4680376
25013,0,2,0.75,0.71794873,0.9059829,0.30154878,4.499612
25013,0,2,1,0.6752137,0.93162394,0.30154866,4.4851103
25013,0,3,0,0.9230769,0.7094017,0.94974285,9.458318
25013,0,3,0.25,0.85470086,0.6752137,0.9497428,9.574486
25013,0,3,0.5,0.83760685,0.61538464,0.94974285,9.594847
25013,0,3,0.75,0.8632479,0.6581197,0.94974285,10.15265
25013,0,3,1,0.8888889,0.61538464,0.94974285,11.394457
25014,0,1,0,0.71794873,0.982906,0.30896035,1.3435102
25014,0,1,0.25,0.71794873,0.982906,0.30896035,1.486304
25014,0,1,0.5,0.7008547,0.991453,0.30896035,1.694701
25014,0,1,0.75,0.7008547,1,0.30896035,1.99275
25014,0,1,1,0.7008547,0.982906,0.30896035,2.251638
25014,0,2,0,1,0.3931624,1.5437784,14.565907
25014,0,2,0.25,0.96581197,0.41025642,1.5437784,15.262412
25014,0,2,0.5,0.991453,0.4871795,1.5437784,16.28637
25014,0,2,0.75,0.8974359,0.41880342,1.5437784,16.17664
25014,0,2,1,0.94871795,0.3846154,1.5437784,15.748455
25014,0,3,0,0.82051283,0.974359,0.33830053,2.511259
25014,0,3,0.25,0.82051283,0.95726496,0.33830053,2.8134496
25014,0,3,0.5,0.7948718,0.94017094,0.3383005,3.23925
25014,0,3,0.75,0.85470086,0.95726496,0.33830053,3.5213714
25014,0,3,1,0.82051283,0.96581197,0.3383005,3.7283735
25015,0,1,0,0.991453,0.72649574,0.45763606,4.7396927
25015,0,1,0.25,0.982906,0.74358976,0.45763606,4.4567246
25015,0,1,0.5,0.982906,0.75213677,0.45763606,4.0762463
25015,0,1,0.75,0.974359,0.7863248,0.45763588,4.1043577
25015,0,1,1,0.974359,0.72649574,0.45763606,3.7552195
25015,0,2,0,0.5726496,1,0.30066648,3.880084
25015,0,2,0.25,0.5811966,0.991453,0.3006665,3.416916
25015,0,2,0.5,0.5470086,0.96581197,0.3006665,3.1394749
25015,0,2,0.75,0.52136755,0.991453,0.30066642,3.0111508
25015,0,2,1,0.52991456,0.982906,0.30066654,2.873335
25015,0,3,0,0.94871795,0.7692308,1.1782699,7.6312933
25015,0,3,0.25,0.94871795,0.7948718,1.1782699,7.4946904
25015,0,3,0.5,0.8888889,0.8119658,1.1782699,7.4417973
25015,0,3,0.75,0.93162394,0.8034188,1.1782699,7.7575455
25015,0,3,1,0.93162394,0.84615386,1.1782699,7.9831944
25016,0,1,0,0.982906,0.42735043,0.40211025,7.486515
25016,0,1,0.25,0.982906,0.42735043,0.40211025,6.7985964
25016,0,1,0.5,0.95726496,0.41025642,0.40211025,6.173053
25016,0,1,0.75,0.95726496,0.41025642,0.4021103,5.717681
25016,0,1,1,0.94871795,0.4017094,0.4021103,5.4886866
25016,0,2,0,0.982906,0.42735043,0.30298787,8.04233
25016,0,2,0.25,0.96581197,0.37606838,0.30298787,7.5666957
25016,0,2,0.5,0.974359,0.4017094,0.30298787,6.861334
25016,0,2,0.75,0.974359,0.4017094,0.3029879,6.566847
25016,0,2,1,0.982906,0.41880342,0.3029879,6.320918
25016,0,3,0,0.8803419,0.4871795,0.58333987,14.145763
25016,0,3,0.25,0.85470086,0.50427353,0.58333987,13.409054
25016,0,3,0.5,0.82905984,0.52136755,0.58333987,12.602449
25016,0,3,0.75,0.82051283,0.52136755,0.5833398,12.260845
25016,0,3,1,0.7777778,0.51282054,0.5833398,12.168646
25017,0,1,0,0.982906,0.35897437,1.5891818,6.3844023
25017,0,1,0.25,0.982906,0.36752138,1.5891817,6.338763
25017,0,1,0.5,0.982906,0.35042736,1.5891819,6.3207927
25017,0,1,0.75,0.991453,0.36752138,1.5891815,6.3338103
25017,0,1,1,0.974359,0.36752138,1.589182,6.559613
25017,0,2,0,0.9145299,0.95726496,0.42342404,3.534041
25017,0,2,0.25,0.9145299,0.974359,0.42342427,3.4601717
25017,0,2,0.5,0.9230769,0.974359,0.42342404,3.4729896
25017,0,2,0.75,0.9059829,0.96581197,0.42342415,3.4873688
25017,0,2,1,0.8717949,0.974359,0.42342404,3.4192545
25017,0,3,0,0.50427353,0.9059829,0.31027412,3.1700964
25017,0,3,0.25,0.51282054,0.94871795,0.31027383,3.1034055
25017,0,3,0.5,0.50427353,0.94871795,0.31027368,3.1000233
25017,0,3,0.75,0.47863248,0.95726496,0.310274,3.1131835
25017,0,3,1,0.45299146,0.94017094,0.31027412,3.0908208
25018,0,1,0,0.85470086,1,0.2623702,1.9026448
25018,0,1,0.25,0.8034188,1,0.2623702,1.9552912
25018,0,1,0.5,0.7777778,0.982906,0.2623702,1.8207146
25018,0,1,0.75,0.7948718,0.982906,0.26237014,1.667849
25018,0,1,1,0.85470086,0.93162394,0.26237014,2.7577465
25018,0,2,0,0.8034188,0.46153846,1.4403678,21.137379
25018,0,2,0.25,0.7094017,0.52136755,1.4403676,23.787127
25018,0,2,0.5,0.6752137,0.51282054,1.4403678,21.171154
25018,0,2,0.75,0.6495727,0.5897436,1.4403679,23.590027
25018,0,2,1,0.35897437,0.51282054,1.4403677,23.840408
25018,0,3,0,0.52136755,0.82905984,1.1111503,12.586643
25018,0,3,0.25,0.51282054,0.82051283,1.1111503,12.349989
25018,0,3,0.5,0.4871795,0.8717949,1.1111503,11.952305
25018,0,3,0.75,0.46153846,0.8803419,1.1111505,11.15045
25018,0,3,1,0.3846154,0.83760685,1.1111503,10.368307
25019,0,1,0,0.8632479,0.6666667,1.732139,16.445251
25019,0,1,0.25,0.85470086,0.6752137,1.732139,16.15798
25019,0,1,0.5,0.8632479,0.62393165,1.732139,15.742823
25019,0,1,0.75,0.8803419,0.63247865,1.7321389,15.813594
25019,0,1,1,0.8888889,0.60683763,1.732139,15.32836
25019,0,2,0,0.8119658,0.96581197,0.41938466,3.5227666
25019,0,2,0.25,0.84615386,0.974359,0.41938466,3.5128765
25019,0,2,0.5,0.8632479,0.991453,0.41938478,3.5430148
25019,0,2,0.75,0.8974359,0.982906,0.41938454,3.4224553
25019,0,2,1,0.9059829,0.982906,0.41938466,3.3520966
25019,0,3,0,0.5726496,0.82905984,2.7652085,36.27601
25019,0,3,0.25,0.5470086,0.7948718,2.7652082,34.72525
25019,0,3,0.5,0.52136755,0.7863248,2.7652087,34.530014
25019,0,3,0.75,0.51282054,0.82051283,2.7652082,33.326756
25019,0,3,1,0.47863248,0.8034188,2.7652085,32.117195
25020,0,1,0,0.45299146,0.7008547,0.34168717,9.028297
25020,0,1,0.25,0.44444445,0.73504275,0.34168673,9.067684
25020,0,1,0.5,0.50427353,0.72649574,0.34168717,8.73113
25020,0,1,0.75,0.50427353,0.73504275,0.34168717,8.650967
25020,0,1,1,0.51282054,0.74358976,0.34168717,8.886471
25020,0,2,0,0.94017094,0.5897436,0.52883416,9.757624
25020,0,2,0.25,0.96581197,0.5470086,0.52883416,9.08777
25020,0,2,0.5,0.95726496,0.53846157,0.52883416,8.723418
25020,0,2,0.75,0.95726496,0.5641026,0.5288341,8.647997
25020,0,2,1,0.982906,0.5555556,0.5288341,8.451852
25020,0,3,0,0.60683763,0.8974359,0.3132993,7.4097986
25020,0,3,0.25,0.5811966,0.8803419,0.31329972,7.313644
25020,0,3,0.5,0.5811966,0.8803419,0.3132993,7.2583675
25020,0,3,0.75,0.5897436,0.8803419,0.3132993,7.442029
25020,0,3,1,0.5726496,0.9059829,0.3132993,7.610128
25021,0,1,0,0.83760685,0.44444445,1.8854024,11.925405
25021,0,1,0.25,0.82051283,0.51282054,1.8854024,12.902277
25021,0,1,0.5,0.8119658,0.5555556,1.8854028,14.177584
25021,0,1,0.75,0.8632479,0.53846157,1.8854028,15.148661
25021,0,1,1,0.8803419,0.5555556,1.8854028,15.0564
25021,0,2,0,0.84615386,0.45299146,0.8586439,9.134966
25021,0,2,0.25,0.94017094,0.47863248,0.8586442,9.3842125
25021,0,2,0.5,0.8888889,0.47008547,0.8586439,10.046877
25021,0,2,0.75,0.9145299,0.51282054,0.85864365,10.114592
25021,0,2,1,0.96581197,0.5555556,0.8586439,9.927712
25021,0,3,0,0.71794873,0.974359,0.28835016,1.3983848
25021,0,3,0.25,0.6666667,0.991453,0.28835002,1.5553033
25021,0,3,0.5,0.6923077,0.95726496,0.28835016,1.633131
25021,0,3,0.75,0.75213677,0.991453,0.28835067,1.8709254
25021,0,3,1,0.7863248,1,0.28835025,2.0746684
25022,0,1,0,0.85470086,0.6581197,0.37951806,7.5268774
25022,0,1,0.25,0.8974359,0.6495727,0.379518,7.210677
25022,0,1,0.5,0.9145299,0.6837607,0.37951806,7.2899313
25022,0,1,0.75,0.95726496,0.6581197,0.37951788,7.125515
25022,0,1,1,0.95726496,0.6581197,0.37951806,6.714286
25022,0,2,0,0.63247865,0.94871795,0.48250028,7.123784
25022,0,2,0.25,0.62393165,0.974359,0.48250023,6.976083
25022,0,2,0.5,0.64102566,0.982906,0.48250037,6.5880747
25022,0,2,0.75,0.6495727,0.982906,0.4825001,6.6058383
25022,0,2,1,0.6666667,0.991453,0.48250028,6.6709623
25022,0,3,0,0.5897436,0.75213677,1.5449972,26.00098
25022,0,3,0.25,0.62393165,0.74358976,1.5449973,26.306353
25022,0,3,0.5,0.5726496,0.74358976,1.5449973,26.009537
25022,0,3,0.75,0.5641026,0.74358976,1.5449971,25.50061
25022,0,3,1,0.5470086,0.7606838,1.5449972,25.466501
25023,0,1,0,0.8034188,0.63247865,2.6033766,25.670801
25023,0,1,0.25,0.8119658,0.64102566,2.6033766,25.057377
25023,0,1,0.5,0.84615386,0.6495727,2.6033766,24.54665
25023,0,1,0.75,0.8632479,0.64102566,2.6033766,23.79602
25023,0,1,1,0.8803419,0.62393165,2.6033766,23.296696
25023,0,2,0,0.8119658,0.63247865,1.2636505,18.011509
25023,0,2,0.25,0.7863248,0.5897436,1.2636508,18.824356
25023,0,2,0.5,0.7863248,0.63247865,1.2636507,19.050255
25023,0,2,0.75,0.8034188,0.64102566,1.2636507,19.601852
25023,0,2,1,0.8034188,0.63247865,1.2636505,20.174656
25023,0,3,0,0.8888889,0.982906,0.49578092,4.899042
25023,0,3,0.25,0.8632479,0.991453,0.49578106,4.9064226
25023,0,3,0.5,0.8632479,0.974359,0.49578097,4.973015
25023,0,3,0.75,0.85470086,0.982906,0.495781,4.9925094
25023,0,3,1,0.85470086,0.982906,0.4957809,4.974575
