seed,step,time,camera,pixels,valid_pixels,valid_fraction,any_other_fraction_all_pixels,any_other_fraction_valid_pixels,all_others_fraction_valid_pixels,mean_other_cameras_valid_pixels
24000,0,0.0,0,76800,76800,1.0,0.9402734375,0.9402734375,0.556953125,2.2411458333333334
24000,0,0.0,1,76800,76800,1.0,0.9612369791666666,0.9612369791666666,0.7118098958333333,2.55328125
24000,0,0.0,2,76800,76800,1.0,0.9676171875,0.9676171875,0.7363411458333333,2.603723958333333
24000,0,0.0,3,76800,76800,1.0,0.8967708333333333,0.8967708333333333,0.5970833333333333,2.2190234375
24000,1,0.5,0,76800,76800,1.0,0.944921875,0.944921875,0.5634375,2.2441145833333334
24000,1,0.5,1,76800,76800,1.0,0.9637630208333333,0.9637630208333333,0.7190625,2.5645182291666666
24000,1,0.5,2,76800,76800,1.0,0.9634635416666667,0.9634635416666667,0.7369661458333333,2.5951953125
24000,1,0.5,3,76800,76800,1.0,0.9033203125,0.9033203125,0.6151171875,2.2305859375
24000,2,1.0,0,76800,76800,1.0,0.9322786458333333,0.9322786458333333,0.5675390625,2.23765625
24000,2,1.0,1,76800,76800,1.0,0.95890625,0.95890625,0.7211979166666667,2.5656640625
24000,2,1.0,2,76800,76800,1.0,0.9556901041666667,0.9556901041666667,0.7353255208333334,2.590481770833333
24000,2,1.0,3,76800,76800,1.0,0.8971484375,0.8971484375,0.6310026041666666,2.2365104166666665
24001,0,0.0,0,76800,76800,1.0,0.9831119791666667,0.9831119791666667,0.6471354166666666,2.4336458333333333
24001,0,0.0,1,76800,76800,1.0,0.9827473958333334,0.9827473958333334,0.8409244791666667,2.7653125
24001,0,0.0,2,76800,76800,1.0,0.7917057291666667,0.7917057291666667,0.5561979166666666,2.00578125
24001,0,0.0,3,76800,76800,1.0,0.9185026041666666,0.9185026041666666,0.6386458333333334,2.3580078125
24001,1,0.5,0,76800,76800,1.0,0.971875,0.971875,0.59859375,2.3931510416666666
24001,1,0.5,1,76800,76800,1.0,0.9723828125,0.9723828125,0.7611458333333333,2.6549869791666665
24001,1,0.5,2,76800,76800,1.0,0.8307682291666667,0.8307682291666667,0.55296875,2.074453125
24001,1,0.5,3,76800,76800,1.0,0.8926953125,0.8926953125,0.5639713541666667,2.2488411458333335
24001,2,1.0,0,76800,76800,1.0,0.971015625,0.971015625,0.5994140625,2.4348046875
24001,2,1.0,1,76800,76800,1.0,0.9718489583333333,0.9718489583333333,0.7434505208333333,2.6268619791666667
24001,2,1.0,2,76800,76800,1.0,0.8831119791666666,0.8831119791666666,0.5884635416666667,2.218958333333333
24001,2,1.0,3,76800,76800,1.0,0.902578125,0.902578125,0.5349609375,2.2156380208333335
24002,0,0.0,0,76800,76800,1.0,0.9857552083333333,0.9857552083333333,0.6688020833333334,2.586067708333333
24002,0,0.0,1,76800,76800,1.0,0.8682291666666667,0.8682291666666667,0.491953125,2.060247395833333
24002,0,0.0,2,76800,76800,1.0,0.9173177083333334,0.9173177083333334,0.5117447916666666,2.1631119791666666
24002,0,0.0,3,76800,76800,1.0,0.9836979166666666,0.9836979166666666,0.82328125,2.7396223958333334
24002,1,0.5,0,76800,76800,1.0,0.9862890625,0.9862890625,0.6883854166666666,2.6099869791666666
24002,1,0.5,1,76800,76800,1.0,0.8625520833333333,0.8625520833333333,0.5059114583333333,2.0642057291666664
24002,1,0.5,2,76800,76800,1.0,0.9085677083333333,0.9085677083333333,0.5263541666666667,2.1646744791666666
24002,1,0.5,3,76800,76800,1.0,0.983203125,0.983203125,0.8470703125,2.766263020833333
24002,2,1.0,0,76800,76800,1.0,0.9865625,0.9865625,0.6831510416666666,2.606145833333333
24002,2,1.0,1,76800,76800,1.0,0.8577213541666666,0.8577213541666666,0.5029166666666667,2.058854166666667
24002,2,1.0,2,76800,76800,1.0,0.9060677083333334,0.9060677083333334,0.5235416666666667,2.163763020833333
24002,2,1.0,3,76800,76800,1.0,0.9847005208333334,0.9847005208333334,0.8368359375,2.758125
24003,0,0.0,0,76800,76800,1.0,0.95375,0.95375,0.6687109375,2.4516276041666667
24003,0,0.0,1,76800,76800,1.0,0.9397526041666666,0.9397526041666666,0.6454166666666666,2.410364583333333
24003,0,0.0,2,76800,76800,1.0,0.8319921875,0.8319921875,0.4684765625,1.9458854166666666
24003,0,0.0,3,76800,76800,1.0,0.9039322916666667,0.9039322916666667,0.5600911458333333,2.222356770833333
24003,1,0.5,0,76800,76800,1.0,0.9522395833333334,0.9522395833333334,0.6702734375,2.4508463541666665
24003,1,0.5,1,76800,76800,1.0,0.9433072916666667,0.9433072916666667,0.6440104166666667,2.4209114583333333
24003,1,0.5,2,76800,76800,1.0,0.8429427083333333,0.8429427083333333,0.47294270833333335,1.9600911458333334
24003,1,0.5,3,76800,76800,1.0,0.9126302083333333,0.9126302083333333,0.5594921875,2.224375
24003,2,1.0,0,76800,76800,1.0,0.9554296875,0.9554296875,0.6745442708333333,2.461145833333333
24003,2,1.0,1,76800,76800,1.0,0.9509114583333333,0.9509114583333333,0.643671875,2.443658854166667
24003,2,1.0,2,76800,76800,1.0,0.8408723958333333,0.8408723958333333,0.475390625,1.9675
24003,2,1.0,3,76800,76800,1.0,0.9122265625,0.9122265625,0.5627864583333333,2.223984375
24004,0,0.0,0,76800,76800,1.0,0.9912760416666667,0.9912760416666667,0.8484895833333334,2.761979166666667
24004,0,0.0,1,76800,76800,1.0,0.9333463541666667,0.9333463541666667,0.6972786458333333,2.4384895833333333
24004,0,0.0,2,76800,76800,1.0,0.8760807291666667,0.8760807291666667,0.6986067708333333,2.374192708333333
24004,0,0.0,3,76800,76800,1.0,0.9911848958333334,0.9911848958333334,0.8553125,2.8202473958333334
24004,1,0.5,0,76800,76800,1.0,0.9909114583333334,0.9909114583333334,0.8573307291666666,2.7748697916666667
24004,1,0.5,1,76800,76800,1.0,0.9299348958333333,0.9299348958333333,0.7058333333333333,2.4534114583333335
24004,1,0.5,2,76800,76800,1.0,0.8818489583333333,0.8818489583333333,0.7031119791666667,2.3987239583333335
24004,1,0.5,3,76800,76800,1.0,0.9924479166666667,0.9924479166666667,0.8654947916666667,2.83453125
24004,2,1.0,0,76800,76800,1.0,0.9901953125,0.9901953125,0.8504947916666666,2.7779036458333333
24004,2,1.0,1,76800,76800,1.0,0.9268619791666667,0.9268619791666667,0.7050911458333333,2.45859375
24004,2,1.0,2,76800,76800,1.0,0.8924088541666667,0.8924088541666667,0.69609375,2.4117057291666666
24004,2,1.0,3,76800,76800,1.0,0.9932682291666667,0.9932682291666667,0.8602994791666667,2.8252864583333333
24005,0,0.0,0,76800,76800,1.0,0.95671875,0.95671875,0.5211328125,2.2932421875
24005,0,0.0,1,76800,76800,1.0,0.9557552083333334,0.9557552083333334,0.5278515625,2.328424479166667
24005,0,0.0,2,76800,76800,1.0,0.9520703125,0.9520703125,0.6616536458333333,2.4469921875
24005,0,0.0,3,76800,76800,1.0,0.8683333333333333,0.8683333333333333,0.5092578125,2.1232682291666665
24005,1,0.5,0,76800,76800,1.0,0.9532942708333333,0.9532942708333333,0.5448697916666667,2.3047265625
24005,1,0.5,1,76800,76800,1.0,0.9704166666666667,0.9704166666666667,0.5813932291666667,2.4376171875
24005,1,0.5,2,76800,76800,1.0,0.9660546875,0.9660546875,0.7052994791666667,2.5464713541666666
24005,1,0.5,3,76800,76800,1.0,0.8798697916666667,0.8798697916666667,0.5467317708333334,2.1804296875
24005,2,1.0,0,76800,76800,1.0,0.927421875,0.927421875,0.5286979166666667,2.2039453125
24005,2,1.0,1,76800,76800,1.0,0.9669010416666667,0.9669010416666667,0.6059765625,2.451640625
24005,2,1.0,2,76800,76800,1.0,0.9674869791666667,0.9674869791666667,0.7056380208333334,2.5377213541666666
24005,2,1.0,3,76800,76800,1.0,0.8800520833333333,0.8800520833333333,0.5459765625,2.152005208333333
24006,0,0.0,0,76800,76800,1.0,0.9644010416666666,0.9644010416666666,0.5240234375,2.256015625
24006,0,0.0,1,76800,76800,1.0,0.7930989583333333,0.7930989583333333,0.4954296875,1.9813020833333332
24006,0,0.0,2,76800,76800,1.0,0.8289322916666667,0.8289322916666667,0.5202994791666666,2.0679947916666666
24006,0,0.0,3,76800,76800,1.0,0.9674479166666666,0.9674479166666666,0.7151302083333333,2.5766666666666667
24006,1,0.5,0,76800,76800,1.0,0.9785546875,0.9785546875,0.5704947916666666,2.388203125
24006,1,0.5,1,76800,76800,1.0,0.7933854166666666,0.7933854166666666,0.4859765625,1.9798828125
24006,1,0.5,2,76800,76800,1.0,0.8958203125,0.8958203125,0.594296875,2.3044140625
24006,1,0.5,3,76800,76800,1.0,0.9757421875,0.9757421875,0.7686848958333333,2.659296875
24006,2,1.0,0,76800,76800,1.0,0.974375,0.974375,0.5781901041666667,2.397734375
24006,2,1.0,1,76800,76800,1.0,0.7586848958333333,0.7586848958333333,0.4653776041666667,1.8804296875
24006,2,1.0,2,76800,76800,1.0,0.9463671875,0.9463671875,0.6323177083333333,2.4502213541666666
24006,2,1.0,3,76800,76800,1.0,0.9738151041666666,0.9738151041666666,0.7550911458333334,2.6356901041666667
24007,0,0.0,0,76800,76800,1.0,0.9675520833333333,0.9675520833333333,0.6877213541666667,2.5271484375
24007,0,0.0,1,76800,76800,1.0,0.8227994791666666,0.8227994791666666,0.4913671875,1.9851171875
24007,0,0.0,2,76800,76800,1.0,0.9370833333333334,0.9370833333333334,0.5298697916666667,2.2158984375
24007,0,0.0,3,76800,76800,1.0,0.8792578125,0.8792578125,0.5924088541666667,2.257604166666667
24007,1,0.5,0,76800,76800,1.0,0.9756510416666667,0.9756510416666667,0.7361067708333333,2.608359375
24007,1,0.5,1,76800,76800,1.0,0.8155989583333333,0.8155989583333333,0.5197135416666666,2.0562369791666666
24007,1,0.5,2,76800,76800,1.0,0.9385416666666667,0.9385416666666667,0.5815364583333333,2.339166666666667
24007,1,0.5,3,76800,76800,1.0,0.9356380208333334,0.9356380208333334,0.633359375,2.4111328125
24007,2,1.0,0,76800,76800,1.0,0.9812630208333334,0.9812630208333334,0.7240364583333333,2.622265625
24007,2,1.0,1,76800,76800,1.0,0.8134114583333333,0.8134114583333333,0.495078125,2.034049479166667
24007,2,1.0,2,76800,76800,1.0,0.9318359375,0.9318359375,0.5477213541666667,2.3088671875
24007,2,1.0,3,76800,76800,1.0,0.919609375,0.919609375,0.6281901041666667,2.3947526041666665
24008,0,0.0,0,76800,76800,1.0,0.9670963541666666,0.9670963541666666,0.5950520833333334,2.3998307291666667
24008,0,0.0,1,76800,76800,1.0,0.9406640625,0.9406640625,0.7042317708333333,2.4996223958333332
24008,0,0.0,2,76800,76800,1.0,0.8992578125,0.8992578125,0.5393359375,2.2396223958333334
24008,0,0.0,3,76800,76800,1.0,0.8825651041666667,0.8825651041666667,0.5025651041666667,2.119296875
24008,1,0.5,0,76800,76800,1.0,0.9654427083333333,0.9654427083333333,0.6266145833333333,2.4533203125
24008,1,0.5,1,76800,76800,1.0,0.954765625,0.954765625,0.7206770833333334,2.5477994791666667
24008,1,0.5,2,76800,76800,1.0,0.906015625,0.906015625,0.5383463541666667,2.2169401041666665
24008,1,0.5,3,76800,76800,1.0,0.8947526041666667,0.8947526041666667,0.5203125,2.145546875
24008,2,1.0,0,76800,76800,1.0,0.9553515625,0.9553515625,0.584921875,2.379453125
24008,2,1.0,1,76800,76800,1.0,0.946015625,0.946015625,0.6851953125,2.474270833333333
24008,2,1.0,2,76800,76800,1.0,0.9031770833333334,0.9031770833333334,0.5082291666666666,2.15375
24008,2,1.0,3,76800,76800,1.0,0.8942708333333333,0.8942708333333333,0.48868489583333335,2.089713541666667
24009,0,0.0,0,76800,76800,1.0,0.9971744791666667,0.9971744791666667,0.9491276041666666,2.9330338541666667
24009,0,0.0,1,76800,76800,1.0,0.9749869791666667,0.9749869791666667,0.7590885416666666,2.596015625
24009,0,0.0,2,76800,76800,1.0,0.9606770833333333,0.9606770833333333,0.7731119791666666,2.6163151041666666
24009,0,0.0,3,76800,76800,1.0,0.9236067708333333,0.9236067708333333,0.7584375,2.5513802083333332
24009,1,0.5,0,76800,76800,1.0,0.9979817708333333,0.9979817708333333,0.9541927083333334,2.939752604166667
24009,1,0.5,1,76800,76800,1.0,0.9857161458333333,0.9857161458333333,0.7645833333333333,2.6165885416666668
24009,1,0.5,2,76800,76800,1.0,0.9541927083333334,0.9541927083333334,0.7743359375,2.6045703125
24009,1,0.5,3,76800,76800,1.0,0.923125,0.923125,0.758671875,2.552265625
24009,2,1.0,0,76800,76800,1.0,0.9977864583333333,0.9977864583333333,0.946640625,2.933255208333333
24009,2,1.0,1,76800,76800,1.0,0.9926692708333333,0.9926692708333333,0.7608333333333334,2.6196744791666666
24009,2,1.0,2,76800,76800,1.0,0.9499479166666667,0.9499479166666667,0.7677864583333334,2.5819921875
24009,2,1.0,3,76800,76800,1.0,0.91328125,0.91328125,0.7493619791666667,2.523125
24010,0,0.0,0,76800,76800,1.0,0.9785026041666667,0.9785026041666667,0.6517838541666666,2.473841145833333
24010,0,0.0,1,76800,76800,1.0,0.970078125,0.970078125,0.7389583333333334,2.61046875
24010,0,0.0,2,76800,76800,1.0,0.8685416666666667,0.8685416666666667,0.5874609375,2.1998177083333332
24010,0,0.0,3,76800,76800,1.0,0.9518229166666666,0.9518229166666666,0.7399479166666667,2.5713411458333333
24010,1,0.5,0,76800,76800,1.0,0.9770442708333333,0.9770442708333333,0.6569270833333334,2.4841536458333335
24010,1,0.5,1,76800,76800,1.0,0.9796354166666666,0.9796354166666666,0.7458854166666666,2.6288020833333334
24010,1,0.5,2,76800,76800,1.0,0.8580208333333333,0.8580208333333333,0.5924739583333334,2.1980078125
24010,1,0.5,3,76800,76800,1.0,0.9490755208333334,0.9490755208333334,0.74359375,2.578203125
24010,2,1.0,0,76800,76800,1.0,0.9660026041666666,0.9660026041666666,0.6600260416666667,2.4724088541666664
24010,2,1.0,1,76800,76800,1.0,0.9788541666666667,0.9788541666666667,0.7511328125,2.631536458333333
24010,2,1.0,2,76800,76800,1.0,0.8555598958333334,0.8555598958333334,0.5959635416666667,2.194544270833333
24010,2,1.0,3,76800,76800,1.0,0.9442708333333333,0.9442708333333333,0.7446875,2.5658072916666668
24011,0,0.0,0,76800,76800,1.0,0.9517708333333333,0.9517708333333333,0.513828125,2.2901432291666666
24011,0,0.0,1,76800,76800,1.0,0.9237239583333333,0.9237239583333333,0.451328125,2.1098958333333333
24011,0,0.0,2,76800,76800,1.0,0.9559244791666667,0.9559244791666667,0.6635286458333334,2.461328125
24011,0,0.0,3,76800,76800,1.0,0.8218619791666667,0.8218619791666667,0.3876953125,1.8506640625
24011,1,0.5,0,76800,76800,1.0,0.961640625,0.961640625,0.524921875,2.3207682291666667
24011,1,0.5,1,76800,76800,1.0,0.9271875,0.9271875,0.46161458333333333,2.125299479166667
24011,1,0.5,2,76800,76800,1.0,0.9555859375,0.9555859375,0.6772526041666667,2.477278645833333
24011,1,0.5,3,76800,76800,1.0,0.8250130208333334,0.8250130208333334,0.39427083333333335,1.8615104166666667
24011,2,1.0,0,76800,76800,1.0,0.9567708333333333,0.9567708333333333,0.5283333333333333,2.30625
24011,2,1.0,1,76800,76800,1.0,0.9319010416666667,0.9319010416666667,0.4645703125,2.1227213541666665
24011,2,1.0,2,76800,76800,1.0,0.9558723958333334,0.9558723958333334,0.6844140625,2.4846614583333335
24011,2,1.0,3,76800,76800,1.0,0.8397916666666667,0.8397916666666667,0.39578125,1.8660807291666666
24012,0,0.0,0,76800,76800,1.0,0.8889322916666667,0.8889322916666667,0.4650651041666667,2.0075
24012,0,0.0,1,76800,76800,1.0,0.9352604166666667,0.9352604166666667,0.5472786458333333,2.246223958333333
24012,0,0.0,2,76800,76800,1.0,0.9436458333333333,0.9436458333333333,0.6214713541666667,2.3742578125
24012,0,0.0,3,76800,76800,1.0,0.9276953125,0.9276953125,0.5655729166666666,2.2206510416666667
24012,1,0.5,0,76800,76800,1.0,0.8935677083333333,0.8935677083333333,0.4800390625,2.0291796875
24012,1,0.5,1,76800,76800,1.0,0.9361328125,0.9361328125,0.5773046875,2.2980078125
24012,1,0.5,2,76800,76800,1.0,0.937890625,0.937890625,0.6334765625,2.3657552083333333
24012,1,0.5,3,76800,76800,1.0,0.9274348958333334,0.9274348958333334,0.5692057291666667,2.2298177083333335
24012,2,1.0,0,76800,76800,1.0,0.8704817708333333,0.8704817708333333,0.49,2.027578125
24012,2,1.0,1,76800,76800,1.0,0.9306380208333334,0.9306380208333334,0.6158203125,2.3493880208333335
24012,2,1.0,2,76800,76800,1.0,0.9536979166666667,0.9536979166666667,0.6661458333333333,2.4497005208333333
24012,2,1.0,3,76800,76800,1.0,0.9247526041666667,0.9247526041666667,0.5481380208333333,2.206692708333333
24013,0,0.0,0,76800,76800,1.0,0.9590494791666667,0.9590494791666667,0.7108072916666667,2.5355989583333334
24013,0,0.0,1,76800,76800,1.0,0.8806510416666666,0.8806510416666666,0.5713932291666667,2.1622916666666665
24013,0,0.0,2,76800,76800,1.0,0.9172916666666666,0.9172916666666666,0.6194401041666666,2.3097526041666665
24013,0,0.0,3,76800,76800,1.0,0.9667057291666666,0.9667057291666666,0.7107682291666667,2.558046875
24013,1,0.5,0,76800,76800,1.0,0.9611848958333333,0.9611848958333333,0.7665625,2.622734375
24013,1,0.5,1,76800,76800,1.0,0.9402864583333334,0.9402864583333334,0.6636979166666667,2.4088671875
24013,1,0.5,2,76800,76800,1.0,0.905390625,0.905390625,0.6323828125,2.3148177083333334
24013,1,0.5,3,76800,76800,1.0,0.9769270833333333,0.9769270833333333,0.7364453125,2.6260286458333333
24013,2,1.0,0,76800,76800,1.0,0.9491145833333333,0.9491145833333333,0.7602994791666666,2.5933463541666666
24013,2,1.0,1,76800,76800,1.0,0.955390625,0.955390625,0.71921875,2.5408984375
24013,2,1.0,2,76800,76800,1.0,0.85734375,0.85734375,0.62859375,2.2496875
24013,2,1.0,3,76800,76800,1.0,0.974296875,0.974296875,0.7232942708333333,2.5883463541666667
24014,0,0.0,0,76800,76800,1.0,0.9394270833333334,0.9394270833333334,0.45740885416666666,2.2051822916666666
24014,0,0.0,1,76800,76800,1.0,0.9333463541666667,0.9333463541666667,0.44686197916666665,2.166822916666667
24014,0,0.0,2,76800,76800,1.0,0.9395442708333334,0.9395442708333334,0.6604557291666666,2.447473958333333
24014,0,0.0,3,76800,76800,1.0,0.9683723958333333,0.9683723958333333,0.5489453125,2.3862109375
24014,1,0.5,0,76800,76800,1.0,0.9444401041666667,0.9444401041666667,0.45545572916666666,2.197135416666667
24014,1,0.5,1,76800,76800,1.0,0.9396354166666666,0.9396354166666666,0.4482291666666667,2.165078125
24014,1,0.5,2,76800,76800,1.0,0.9362760416666667,0.9362760416666667,0.6605078125,2.4367578125
24014,1,0.5,3,76800,76800,1.0,0.9603385416666667,0.9603385416666667,0.5484895833333333,2.3631901041666667
24014,2,1.0,0,76800,76800,1.0,0.9433072916666667,0.9433072916666667,0.4509505208333333,2.1697786458333335
24014,2,1.0,1,76800,76800,1.0,0.9346744791666667,0.9346744791666667,0.4457552083333333,2.1435677083333333
24014,2,1.0,2,76800,76800,1.0,0.9357682291666667,0.9357682291666667,0.6542838541666667,2.4194270833333333
24014,2,1.0,3,76800,76800,1.0,0.9462239583333333,0.9462239583333333,0.5432421875,2.3286588541666666
24015,0,0.0,0,76800,76800,1.0,0.9844270833333333,0.9844270833333333,0.5555859375,2.4358723958333335
24015,0,0.0,1,76800,76800,1.0,0.89390625,0.89390625,0.46671875,2.12140625
24015,0,0.0,2,76800,76800,1.0,0.9778125,0.9778125,0.8029947916666667,2.7104166666666667
24015,0,0.0,3,76800,76800,1.0,0.8357682291666667,0.8357682291666667,0.4455208333333333,1.9869270833333332
24015,1,0.5,0,76800,76800,1.0,0.9849479166666667,0.9849479166666667,0.5513802083333333,2.4258854166666666
24015,1,0.5,1,76800,76800,1.0,0.90875,0.90875,0.4640234375,2.136458333333333
24015,1,0.5,2,76800,76800,1.0,0.9772265625,0.9772265625,0.7930078125,2.6942578125
24015,1,0.5,3,76800,76800,1.0,0.8286067708333333,0.8286067708333333,0.44095052083333336,1.9591666666666667
24015,2,1.0,0,76800,76800,1.0,0.9840885416666667,0.9840885416666667,0.532109375,2.396223958333333
24015,2,1.0,1,76800,76800,1.0,0.9127994791666667,0.9127994791666667,0.448359375,2.1261197916666665
24015,2,1.0,2,76800,76800,1.0,0.9680729166666666,0.9680729166666666,0.7641666666666667,2.6406119791666667
24015,2,1.0,3,76800,76800,1.0,0.8000520833333333,0.8000520833333333,0.42247395833333334,1.884375
24016,0,0.0,0,76800,76800,1.0,0.9586067708333333,0.9586067708333333,0.6417447916666666,2.435286458333333
24016,0,0.0,1,76800,76800,1.0,0.9066276041666667,0.9066276041666667,0.5296484375,2.1458203125
24016,0,0.0,2,76800,76800,1.0,0.8959114583333333,0.8959114583333333,0.5868489583333333,2.2255859375
24016,0,0.0,3,76800,76800,1.0,0.8909114583333333,0.8909114583333333,0.4897265625,2.044244791666667
24016,1,0.5,0,76800,76800,1.0,0.9744010416666666,0.9744010416666666,0.6769401041666666,2.513359375
24016,1,0.5,1,76800,76800,1.0,0.9057421875,0.9057421875,0.5571614583333333,2.1784895833333335
24016,1,0.5,2,76800,76800,1.0,0.9104817708333334,0.9104817708333334,0.6143098958333333,2.273736979166667
24016,1,0.5,3,76800,76800,1.0,0.895703125,0.895703125,0.5131901041666667,2.0787890625
24016,2,1.0,0,76800,76800,1.0,0.969140625,0.969140625,0.7298958333333333,2.5814453125
24016,2,1.0,1,76800,76800,1.0,0.9216276041666667,0.9216276041666667,0.6007682291666666,2.2785546875
24016,2,1.0,2,76800,76800,1.0,0.9540364583333333,0.9540364583333333,0.6824479166666667,2.459622395833333
24016,2,1.0,3,76800,76800,1.0,0.8876822916666667,0.8876822916666667,0.5497135416666666,2.1313802083333333
24017,0,0.0,0,76800,76800,1.0,0.9717708333333334,0.9717708333333334,0.82015625,2.717109375
24017,0,0.0,1,76800,76800,1.0,0.8844401041666666,0.8844401041666666,0.6312109375,2.247708333333333
24017,0,0.0,2,76800,76800,1.0,0.9547786458333334,0.9547786458333334,0.7806640625,2.6141015625
24017,0,0.0,3,76800,76800,1.0,0.9680338541666667,0.9680338541666667,0.7354557291666667,2.5371875
24017,1,0.5,0,76800,76800,1.0,0.9723307291666666,0.9723307291666666,0.7719921875,2.656328125
24017,1,0.5,1,76800,76800,1.0,0.8936848958333333,0.8936848958333333,0.596015625,2.208359375
24017,1,0.5,2,76800,76800,1.0,0.9414713541666667,0.9414713541666667,0.7372786458333334,2.5320442708333335
24017,1,0.5,3,76800,76800,1.0,0.9632552083333333,0.9632552083333333,0.6929036458333333,2.4638020833333334
24017,2,1.0,0,76800,76800,1.0,0.9689583333333334,0.9689583333333334,0.76359375,2.635625
24017,2,1.0,1,76800,76800,1.0,0.8819791666666666,0.8819791666666666,0.5923958333333333,2.19328125
24017,2,1.0,2,76800,76800,1.0,0.9622916666666667,0.9622916666666667,0.74109375,2.579778645833333
24017,2,1.0,3,76800,76800,1.0,0.9579557291666667,0.9579557291666667,0.6901171875,2.4486328125
24018,0,0.0,0,76800,76800,1.0,0.951484375,0.951484375,0.5593229166666667,2.3351041666666665
24018,0,0.0,1,76800,76800,1.0,0.86234375,0.86234375,0.49963541666666667,2.0453515625
24018,0,0.0,2,76800,76800,1.0,0.8990364583333333,0.8990364583333333,0.46826822916666666,2.097955729166667
24018,0,0.0,3,76800,76800,1.0,0.860859375,0.860859375,0.39984375,1.8834895833333334
24018,1,0.5,0,76800,76800,1.0,0.95234375,0.95234375,0.56,2.341080729166667
24018,1,0.5,1,76800,76800,1.0,0.8561979166666667,0.8561979166666667,0.4991536458333333,2.028111979166667
24018,1,0.5,2,76800,76800,1.0,0.8893880208333333,0.8893880208333333,0.46368489583333333,2.074088541666667
24018,1,0.5,3,76800,76800,1.0,0.872265625,0.872265625,0.401484375,1.89359375
24018,2,1.0,0,76800,76800,1.0,0.9509895833333334,0.9509895833333334,0.5615234375,2.3335416666666666
24018,2,1.0,1,76800,76800,1.0,0.8505078125,0.8505078125,0.49904947916666664,2.0116666666666667
24018,2,1.0,2,76800,76800,1.0,0.8860026041666667,0.8860026041666667,0.4608463541666667,2.0557161458333333
24018,2,1.0,3,76800,76800,1.0,0.8810677083333334,0.8810677083333334,0.4052604166666667,1.9012630208333334
24019,0,0.0,0,76800,76800,1.0,0.9444401041666667,0.9444401041666667,0.5470052083333333,2.2944921875
24019,0,0.0,1,76800,76800,1.0,0.8646223958333333,0.8646223958333333,0.5422005208333334,2.1342838541666667
24019,0,0.0,2,76800,76800,1.0,0.9681380208333333,0.9681380208333333,0.7371614583333334,2.5826822916666665
24019,0,0.0,3,76800,76800,1.0,0.82078125,0.82078125,0.47701822916666664,2.0259505208333333
24019,1,0.5,0,76800,76800,1.0,0.9529036458333333,0.9529036458333333,0.5355859375,2.2916145833333332
24019,1,0.5,1,76800,76800,1.0,0.8752604166666667,0.8752604166666667,0.5266927083333334,2.1255989583333332
24019,1,0.5,2,76800,76800,1.0,0.964765625,0.964765625,0.72484375,2.5600911458333333
24019,1,0.5,3,76800,76800,1.0,0.821875,0.821875,0.4676953125,2.0107161458333334
24019,2,1.0,0,76800,76800,1.0,0.9616276041666667,0.9616276041666667,0.5238671875,2.288984375
24019,2,1.0,1,76800,76800,1.0,0.8811067708333333,0.8811067708333333,0.5124609375,2.110703125
24019,2,1.0,2,76800,76800,1.0,0.9626432291666667,0.9626432291666667,0.70984375,2.5401041666666666
24019,2,1.0,3,76800,76800,1.0,0.8273828125,0.8273828125,0.459375,2.005182291666667
24020,0,0.0,0,76800,76800,1.0,0.9856510416666666,0.9856510416666666,0.809921875,2.7222395833333333
24020,0,0.0,1,76800,76800,1.0,0.8134895833333333,0.8134895833333333,0.6305989583333333,2.1877473958333336
24020,0,0.0,2,76800,76800,1.0,0.9834114583333333,0.9834114583333333,0.7225130208333334,2.6107682291666667
24020,0,0.0,3,76800,76800,1.0,0.9348177083333333,0.9348177083333333,0.6658723958333334,2.4229296875
24020,1,0.5,0,76800,76800,1.0,0.97140625,0.97140625,0.8203776041666667,2.7171484375
24020,1,0.5,1,76800,76800,1.0,0.8922526041666666,0.8922526041666666,0.6414973958333333,2.31203125
24020,1,0.5,2,76800,76800,1.0,0.9925911458333333,0.9925911458333333,0.7108333333333333,2.6044921875
24020,1,0.5,3,76800,76800,1.0,0.9720182291666667,0.9720182291666667,0.6497916666666667,2.4296484375
24020,2,1.0,0,76800,76800,1.0,0.9661067708333333,0.9661067708333333,0.771953125,2.6468619791666668
24020,2,1.0,1,76800,76800,1.0,0.8900911458333334,0.8900911458333334,0.5940364583333333,2.2573697916666666
24020,2,1.0,2,76800,76800,1.0,0.9903385416666667,0.9903385416666667,0.6586197916666666,2.5455338541666666
24020,2,1.0,3,76800,76800,1.0,0.9312239583333334,0.9312239583333334,0.6064453125,2.334609375
24021,0,0.0,0,76800,76800,1.0,0.9191276041666666,0.9191276041666666,0.6645182291666667,2.4132682291666665
24021,0,0.0,1,76800,76800,1.0,0.9341145833333333,0.9341145833333333,0.6745833333333333,2.4547916666666665
24021,0,0.0,2,76800,76800,1.0,0.9723177083333333,0.9723177083333333,0.69265625,2.5650390625
24021,0,0.0,3,76800,76800,1.0,0.9710546875,0.9710546875,0.7538020833333333,2.6343880208333332
24021,1,0.5,0,76800,76800,1.0,0.9222395833333333,0.9222395833333333,0.6725651041666667,2.4289322916666665
24021,1,0.5,1,76800,76800,1.0,0.9434635416666667,0.9434635416666667,0.6799609375,2.4820052083333333
24021,1,0.5,2,76800,76800,1.0,0.9733723958333333,0.9733723958333333,0.6962760416666667,2.572135416666667
24021,1,0.5,3,76800,76800,1.0,0.9667578125,0.9667578125,0.7674348958333334,2.642734375
24021,2,1.0,0,76800,76800,1.0,0.9261197916666667,0.9261197916666667,0.6808333333333333,2.4493098958333333
24021,2,1.0,1,76800,76800,1.0,0.9479166666666666,0.9479166666666666,0.6831380208333333,2.4973828125
24021,2,1.0,2,76800,76800,1.0,0.9745182291666666,0.9745182291666666,0.698125,2.5751692708333334
24021,2,1.0,3,76800,76800,1.0,0.9603385416666667,0.9603385416666667,0.7767578125,2.6429296875
24022,0,0.0,0,76800,76800,1.0,0.9772916666666667,0.9772916666666667,0.6681640625,2.5721223958333335
24022,0,0.0,1,76800,76800,1.0,0.7634244791666667,0.7634244791666667,0.577109375,2.0380208333333334
24022,0,0.0,2,76800,76800,1.0,0.9691796875,0.9691796875,0.6861979166666666,2.4954296875
24022,0,0.0,3,76800,76800,1.0,0.9338671875,0.9338671875,0.5209244791666666,2.228203125
24022,1,0.5,0,76800,76800,1.0,0.9761588541666667,0.9761588541666667,0.6402473958333333,2.53015625
24022,1,0.5,1,76800,76800,1.0,0.7762369791666667,0.7762369791666667,0.59078125,2.0682421875
24022,1,0.5,2,76800,76800,1.0,0.9855729166666667,0.9855729166666667,0.6950651041666667,2.537955729166667
24022,1,0.5,3,76800,76800,1.0,0.9233333333333333,0.9233333333333333,0.5201822916666666,2.2044270833333335
24022,2,1.0,0,76800,76800,1.0,0.9724088541666667,0.9724088541666667,0.6165364583333334,2.481484375
24022,2,1.0,1,76800,76800,1.0,0.7838020833333333,0.7838020833333333,0.60578125,2.097890625
24022,2,1.0,2,76800,76800,1.0,0.9856119791666667,0.9856119791666667,0.6968098958333333,2.5588411458333336
24022,2,1.0,3,76800,76800,1.0,0.8962760416666666,0.8962760416666666,0.521328125,2.167734375
24023,0,0.0,0,76800,76800,1.0,0.9265364583333333,0.9265364583333333,0.6075260416666667,2.337734375
24023,0,0.0,1,76800,76800,1.0,0.8918619791666667,0.8918619791666667,0.609140625,2.2739453125
24023,0,0.0,2,76800,76800,1.0,0.9272786458333333,0.9272786458333333,0.5934895833333333,2.312630208333333
24023,0,0.0,3,76800,76800,1.0,0.9384635416666667,0.9384635416666667,0.7368098958333333,2.5365234375
24023,1,0.5,0,76800,76800,1.0,0.9242447916666666,0.9242447916666666,0.5506510416666667,2.2638541666666665
24023,1,0.5,1,76800,76800,1.0,0.8618359375,0.8618359375,0.5614453125,2.1971875
24023,1,0.5,2,76800,76800,1.0,0.8995442708333333,0.8995442708333333,0.5554296875,2.239934895833333
24023,1,0.5,3,76800,76800,1.0,0.9012760416666666,0.9012760416666666,0.643359375,2.3320442708333333
24023,2,1.0,0,76800,76800,1.0,0.9399088541666667,0.9399088541666667,0.5402994791666667,2.3008723958333333
24023,2,1.0,1,76800,76800,1.0,0.8595963541666667,0.8595963541666667,0.5681901041666667,2.2214322916666664
24023,2,1.0,2,76800,76800,1.0,0.9430989583333333,0.9430989583333333,0.5613151041666666,2.3443619791666666
24023,2,1.0,3,76800,76800,1.0,0.8372786458333333,0.8372786458333333,0.61453125,2.197434895833333
24024,0,0.0,0,76800,76800,1.0,0.9577083333333334,0.9577083333333334,0.5755729166666667,2.3891666666666667
24024,0,0.0,1,76800,76800,1.0,0.9647135416666667,0.9647135416666667,0.5775260416666667,2.3974609375
24024,0,0.0,2,76800,76800,1.0,0.9818359375,0.9818359375,0.7645963541666667,2.658828125
24024,0,0.0,3,76800,76800,1.0,0.8600911458333333,0.8600911458333333,0.5688411458333333,2.219296875
24024,1,0.5,0,76800,76800,1.0,0.9639192708333333,0.9639192708333333,0.5430078125,2.3639713541666665
24024,1,0.5,1,76800,76800,1.0,0.9705989583333333,0.9705989583333333,0.5795442708333334,2.4358723958333335
24024,1,0.5,2,76800,76800,1.0,0.9750260416666666,0.9750260416666666,0.7196223958333333,2.596002604166667
24024,1,0.5,3,76800,76800,1.0,0.8121614583333333,0.8121614583333333,0.5558984375,2.1255338541666666
24024,2,1.0,0,76800,76800,1.0,0.9730989583333334,0.9730989583333334,0.49856770833333336,2.2948697916666667
24024,2,1.0,1,76800,76800,1.0,0.9743229166666667,0.9743229166666667,0.5569270833333333,2.41890625
24024,2,1.0,2,76800,76800,1.0,0.9301041666666666,0.9301041666666666,0.6518229166666667,2.4088932291666665
24024,2,1.0,3,76800,76800,1.0,0.740703125,0.740703125,0.4996484375,1.9206510416666667
24025,0,0.0,0,76800,76800,1.0,0.9647135416666667,0.9647135416666667,0.68203125,2.5036588541666664
24025,0,0.0,1,76800,76800,1.0,0.9346744791666667,0.9346744791666667,0.65546875,2.4018229166666667
24025,0,0.0,2,76800,76800,1.0,0.901015625,0.901015625,0.6535416666666667,2.3477604166666666
24025,0,0.0,3,76800,76800,1.0,0.9090364583333334,0.9090364583333334,0.623828125,2.3119010416666668
24025,1,0.5,0,76800,76800,1.0,0.9647916666666667,0.9647916666666667,0.6960677083333333,2.5242317708333335
24025,1,0.5,1,76800,76800,1.0,0.9636848958333334,0.9636848958333334,0.6683203125,2.4653645833333333
24025,1,0.5,2,76800,76800,1.0,0.904453125,0.904453125,0.6683854166666666,2.3672265625
24025,1,0.5,3,76800,76800,1.0,0.9347786458333334,0.9347786458333334,0.6345182291666667,2.3599479166666666
24025,2,1.0,0,76800,76800,1.0,0.9616666666666667,0.9616666666666667,0.6901302083333334,2.50859375
24025,2,1.0,1,76800,76800,1.0,0.9506640625,0.9506640625,0.6603515625,2.4294140625
24025,2,1.0,2,76800,76800,1.0,0.899921875,0.899921875,0.6632291666666666,2.3583984375
24025,2,1.0,3,76800,76800,1.0,0.9032291666666666,0.9032291666666666,0.6278125,2.3132421875
24026,0,0.0,0,76800,76800,1.0,0.9357552083333334,0.9357552083333334,0.3907552083333333,2.117109375
24026,0,0.0,1,76800,76800,1.0,0.8995963541666666,0.8995963541666666,0.3138020833333333,1.8157942708333332
24026,0,0.0,2,76800,76800,1.0,0.8858854166666666,0.8858854166666666,0.295078125,1.7599739583333334
24026,0,0.0,3,76800,76800,1.0,0.8941145833333334,0.8941145833333334,0.5086979166666666,2.1206901041666666
24026,1,0.5,0,76800,76800,1.0,0.9349479166666667,0.9349479166666667,0.41515625,2.1449609375
24026,1,0.5,1,76800,76800,1.0,0.8700520833333333,0.8700520833333333,0.334921875,1.8113671875
24026,1,0.5,2,76800,76800,1.0,0.8882552083333334,0.8882552083333334,0.3227734375,1.8139192708333334
24026,1,0.5,3,76800,76800,1.0,0.8988020833333333,0.8988020833333333,0.5313671875,2.1645052083333334
24026,2,1.0,0,76800,76800,1.0,0.92375,0.92375,0.41467447916666667,2.1165755208333334
24026,2,1.0,1,76800,76800,1.0,0.8050911458333333,0.8050911458333333,0.32990885416666665,1.7162369791666667
24026,2,1.0,2,76800,76800,1.0,0.8811848958333334,0.8811848958333334,0.33671875,1.8460807291666668
24026,2,1.0,3,76800,76800,1.0,0.8882682291666667,0.8882682291666667,0.5217057291666667,2.1304427083333333
24027,0,0.0,0,76800,76800,1.0,0.8686328125,0.8686328125,0.49626302083333335,2.0941276041666668
24027,0,0.0,1,76800,76800,1.0,0.9608072916666667,0.9608072916666667,0.6454296875,2.4441927083333335
24027,0,0.0,2,76800,76800,1.0,0.9579947916666667,0.9579947916666667,0.5761848958333333,2.3792317708333335
24027,0,0.0,3,76800,76800,1.0,0.9531640625,0.9531640625,0.6561458333333333,2.4675260416666664
24027,1,0.5,0,76800,76800,1.0,0.87890625,0.87890625,0.487109375,2.0991145833333333
24027,1,0.5,1,76800,76800,1.0,0.9616536458333333,0.9616536458333333,0.62625,2.4148177083333335
24027,1,0.5,2,76800,76800,1.0,0.9461197916666667,0.9461197916666667,0.5410416666666666,2.3119791666666667
24027,1,0.5,3,76800,76800,1.0,0.9071354166666666,0.9071354166666666,0.6018489583333333,2.2975260416666665
24027,2,1.0,0,76800,76800,1.0,0.908046875,0.908046875,0.48682291666666666,2.1149609375
24027,2,1.0,1,76800,76800,1.0,0.9490494791666667,0.9490494791666667,0.6183723958333334,2.373346354166667
24027,2,1.0,2,76800,76800,1.0,0.9462630208333334,0.9462630208333334,0.5462890625,2.307486979166667
24027,2,1.0,3,76800,76800,1.0,0.8855598958333334,0.8855598958333334,0.5802734375,2.2372005208333334
24028,0,0.0,0,76800,76800,1.0,0.975625,0.975625,0.6380078125,2.4945572916666667
24028,0,0.0,1,76800,76800,1.0,0.8397005208333334,0.8397005208333334,0.6472526041666666,2.2500130208333333
24028,0,0.0,2,76800,76800,1.0,0.8697395833333333,0.8697395833333333,0.4767838541666667,2.0101432291666668
24028,0,0.0,3,76800,76800,1.0,0.9751041666666667,0.9751041666666667,0.6206770833333334,2.376276041666667
24028,1,0.5,0,76800,76800,1.0,0.9720442708333333,0.9720442708333333,0.592734375,2.4395052083333333
24028,1,0.5,1,76800,76800,1.0,0.8875260416666667,0.8875260416666667,0.6427604166666666,2.3191145833333335
24028,1,0.5,2,76800,76800,1.0,0.9204296875,0.9204296875,0.4629947916666667,2.0689322916666666
24028,1,0.5,3,76800,76800,1.0,0.9227994791666667,0.9227994791666667,0.5942578125,2.2870703125
24028,2,1.0,0,76800,76800,1.0,0.9655338541666667,0.9655338541666667,0.5447005208333333,2.3917447916666665
24028,2,1.0,1,76800,76800,1.0,0.9397265625,0.9397265625,0.638359375,2.3797916666666667
24028,2,1.0,2,76800,76800,1.0,0.9381119791666667,0.9381119791666667,0.45447916666666666,2.1326953125
24028,2,1.0,3,76800,76800,1.0,0.8905729166666667,0.8905729166666667,0.5653515625,2.2444270833333335
24029,0,0.0,0,76800,76800,1.0,0.953515625,0.953515625,0.6408072916666666,2.4226953125
24029,0,0.0,1,76800,76800,1.0,0.9375,0.9375,0.5474869791666667,2.267838541666667
24029,0,0.0,2,76800,76800,1.0,0.9251302083333334,0.9251302083333334,0.582421875,2.2830598958333335
24029,0,0.0,3,76800,76800,1.0,0.7975390625,0.7975390625,0.5630989583333333,2.0513411458333333
24029,1,0.5,0,76800,76800,1.0,0.9580338541666666,0.9580338541666666,0.6433072916666667,2.4321614583333333
24029,1,0.5,1,76800,76800,1.0,0.93703125,0.93703125,0.5409895833333334,2.2617708333333333
24029,1,0.5,2,76800,76800,1.0,0.9200520833333333,0.9200520833333333,0.5739322916666667,2.2705078125
24029,1,0.5,3,76800,76800,1.0,0.7981901041666667,0.7981901041666667,0.5540755208333333,2.0477994791666667
24029,2,1.0,0,76800,76800,1.0,0.9604817708333333,0.9604817708333333,0.6427994791666667,2.4368489583333335
24029,2,1.0,1,76800,76800,1.0,0.9400260416666667,0.9400260416666667,0.5362239583333334,2.264947916666667
24029,2,1.0,2,76800,76800,1.0,0.92390625,0.92390625,0.5646744791666667,2.2746875
24029,2,1.0,3,76800,76800,1.0,0.8028776041666666,0.8028776041666666,0.5492317708333333,2.0639583333333333
24030,0,0.0,0,76800,76800,1.0,0.9580729166666667,0.9580729166666667,0.5695052083333333,2.3101953125
24030,0,0.0,1,76800,76800,1.0,0.7719270833333334,0.7719270833333334,0.45209635416666666,1.8384635416666666
24030,0,0.0,2,76800,76800,1.0,0.95125,0.95125,0.6962109375,2.508619791666667
24030,0,0.0,3,76800,76800,1.0,0.9461197916666667,0.9461197916666667,0.72453125,2.550390625
24030,1,0.5,0,76800,76800,1.0,0.963046875,0.963046875,0.5970963541666666,2.3522265625
24030,1,0.5,1,76800,76800,1.0,0.7803385416666667,0.7803385416666667,0.47348958333333335,1.8760026041666666
24030,1,0.5,2,76800,76800,1.0,0.9671614583333333,0.9671614583333333,0.7299869791666667,2.5844661458333333
24030,1,0.5,3,76800,76800,1.0,0.95625,0.95625,0.7555208333333333,2.611067708333333
24030,2,1.0,0,76800,76800,1.0,0.9659375,0.9659375,0.6128125,2.3769270833333334
24030,2,1.0,1,76800,76800,1.0,0.7826432291666666,0.7826432291666666,0.4854817708333333,1.8965755208333333
24030,2,1.0,2,76800,76800,1.0,0.9717057291666666,0.9717057291666666,0.74890625,2.6186197916666667
24030,2,1.0,3,76800,76800,1.0,0.9608723958333333,0.9608723958333333,0.7726302083333333,2.6443098958333335
24031,0,0.0,0,76800,76800,1.0,0.9924348958333333,0.9924348958333333,0.7622265625,2.6939453125
24031,0,0.0,1,76800,76800,1.0,0.8716276041666666,0.8716276041666666,0.567109375,2.183828125
24031,0,0.0,2,76800,76800,1.0,0.9838541666666667,0.9838541666666667,0.8145703125,2.751015625
24031,0,0.0,3,76800,76800,1.0,0.800625,0.800625,0.5193880208333334,1.9898567708333332
24031,1,0.5,0,76800,76800,1.0,0.9866015625,0.9866015625,0.725625,2.6347526041666667
24031,1,0.5,1,76800,76800,1.0,0.8170833333333334,0.8170833333333334,0.5313151041666667,2.0322265625
24031,1,0.5,2,76800,76800,1.0,0.9574088541666667,0.9574088541666667,0.773984375,2.6241796875
24031,1,0.5,3,76800,76800,1.0,0.8076953125,0.8076953125,0.5426041666666667,2.0195052083333334
24031,2,1.0,0,76800,76800,1.0,0.9790234375,0.9790234375,0.7042708333333333,2.5931770833333334
24031,2,1.0,1,76800,76800,1.0,0.8245703125,0.8245703125,0.5088151041666666,2.009427083333333
24031,2,1.0,2,76800,76800,1.0,0.9486197916666667,0.9486197916666667,0.6925260416666666,2.4254036458333332
24031,2,1.0,3,76800,76800,1.0,0.8277994791666666,0.8277994791666666,0.598359375,2.1833203125
24032,0,0.0,0,76800,76800,1.0,0.94734375,0.94734375,0.6328776041666667,2.4124348958333335
24032,0,0.0,1,76800,76800,1.0,0.9051041666666667,0.9051041666666667,0.46803385416666665,2.0322916666666666
24032,0,0.0,2,76800,76800,1.0,0.906484375,0.906484375,0.5188541666666666,2.1402604166666666
24032,0,0.0,3,76800,76800,1.0,0.8419401041666666,0.8419401041666666,0.49578125,2.0437630208333335
24032,1,0.5,0,76800,76800,1.0,0.9491536458333333,0.9491536458333333,0.6486458333333334,2.4408854166666667
24032,1,0.5,1,76800,76800,1.0,0.9146354166666667,0.9146354166666667,0.4776953125,2.0618098958333335
24032,1,0.5,2,76800,76800,1.0,0.9123697916666667,0.9123697916666667,0.5302213541666667,2.15984375
24032,1,0.5,3,76800,76800,1.0,0.830625,0.830625,0.5065625,2.0492317708333334
24032,2,1.0,0,76800,76800,1.0,0.9506640625,0.9506640625,0.6606119791666667,2.461328125
24032,2,1.0,1,76800,76800,1.0,0.92515625,0.92515625,0.49091145833333333,2.089453125
24032,2,1.0,2,76800,76800,1.0,0.9195572916666667,0.9195572916666667,0.5442708333333334,2.1815625
24032,2,1.0,3,76800,76800,1.0,0.8198177083333333,0.8198177083333333,0.5195182291666667,2.048567708333333
24033,0,0.0,0,76800,76800,1.0,0.9702083333333333,0.9702083333333333,0.6067447916666666,2.4520963541666667
24033,0,0.0,1,76800,76800,1.0,0.9045572916666667,0.9045572916666667,0.4978385416666667,2.1293489583333334
24033,0,0.0,2,76800,76800,1.0,0.9456640625,0.9456640625,0.744453125,2.5532291666666667
24033,0,0.0,3,76800,76800,1.0,0.8713151041666667,0.8713151041666667,0.5024479166666667,2.0714322916666665
24033,1,0.5,0,76800,76800,1.0,0.9524479166666666,0.9524479166666666,0.56046875,2.3480729166666667
24033,1,0.5,1,76800,76800,1.0,0.8955078125,0.8955078125,0.4890364583333333,2.0887239583333335
24033,1,0.5,2,76800,76800,1.0,0.9320052083333333,0.9320052083333333,0.66328125,2.4154166666666668
24033,1,0.5,3,76800,76800,1.0,0.8625911458333333,0.8625911458333333,0.455390625,1.9819661458333333
24033,2,1.0,0,76800,76800,1.0,0.9479557291666667,0.9479557291666667,0.527109375,2.296666666666667
24033,2,1.0,1,76800,76800,1.0,0.8744010416666667,0.8744010416666667,0.44352864583333335,1.9969661458333334
24033,2,1.0,2,76800,76800,1.0,0.9224609375,0.9224609375,0.5519010416666666,2.2699348958333334
24033,2,1.0,3,76800,76800,1.0,0.8129166666666666,0.8129166666666666,0.4805729166666667,1.9219010416666666
24034,0,0.0,0,76800,76800,1.0,0.9549479166666667,0.9549479166666667,0.6711458333333333,2.4731901041666666
24034,0,0.0,1,76800,76800,1.0,0.8026171875,0.8026171875,0.5605078125,2.068229166666667
24034,0,0.0,2,76800,76800,1.0,0.9929557291666666,0.9929557291666666,0.7834244791666667,2.7186328125
24034,0,0.0,3,76800,76800,1.0,0.9950390625,0.9950390625,0.8896354166666667,2.8447265625
24034,1,0.5,0,76800,76800,1.0,0.952890625,0.952890625,0.6818359375,2.4981640625
24034,1,0.5,1,76800,76800,1.0,0.8015364583333333,0.8015364583333333,0.5693229166666667,2.088098958333333
24034,1,0.5,2,76800,76800,1.0,0.9941145833333334,0.9941145833333334,0.8038411458333333,2.7620703125
24034,1,0.5,3,76800,76800,1.0,0.9976041666666666,0.9976041666666666,0.9011197916666667,2.8853645833333332
24034,2,1.0,0,76800,76800,1.0,0.9627083333333334,0.9627083333333334,0.685546875,2.4896354166666668
24034,2,1.0,1,76800,76800,1.0,0.79328125,0.79328125,0.5708723958333334,2.059739583333333
24034,2,1.0,2,76800,76800,1.0,0.9889192708333333,0.9889192708333333,0.8189322916666667,2.7726171875
24034,2,1.0,3,76800,76800,1.0,0.9970052083333333,0.9970052083333333,0.9032161458333333,2.8800390625
24035,0,0.0,0,76800,76800,1.0,0.9742838541666666,0.9742838541666666,0.6065104166666667,2.4668098958333333
24035,0,0.0,1,76800,76800,1.0,0.83421875,0.83421875,0.47888020833333333,1.991015625
24035,0,0.0,2,76800,76800,1.0,0.9494010416666666,0.9494010416666666,0.7609375,2.5826432291666666
24035,0,0.0,3,76800,76800,1.0,0.9696614583333333,0.9696614583333333,0.5329427083333333,2.2819791666666664
24035,1,0.5,0,76800,76800,1.0,0.975390625,0.975390625,0.5960546875,2.4645572916666665
24035,1,0.5,1,76800,76800,1.0,0.8247395833333333,0.8247395833333333,0.4706119791666667,1.9742317708333332
24035,1,0.5,2,76800,76800,1.0,0.9518489583333334,0.9518489583333334,0.7518229166666667,2.5731901041666667
24035,1,0.5,3,76800,76800,1.0,0.9644270833333334,0.9644270833333334,0.5213671875,2.267447916666667
24035,2,1.0,0,76800,76800,1.0,0.9757552083333333,0.9757552083333333,0.5960026041666666,2.4718359375
24035,2,1.0,1,76800,76800,1.0,0.8151822916666667,0.8151822916666667,0.4709375,1.9686197916666666
24035,2,1.0,2,76800,76800,1.0,0.9549088541666667,0.9549088541666667,0.7534375,2.5822786458333336
24035,2,1.0,3,76800,76800,1.0,0.9584765625,0.9584765625,0.5180859375,2.263333333333333
24036,0,0.0,0,76800,76800,1.0,0.921484375,0.921484375,0.533515625,2.1699609375
24036,0,0.0,1,76800,76800,1.0,0.9589453125,0.9589453125,0.68875,2.4911848958333334
24036,0,0.0,2,76800,76800,1.0,0.9450651041666667,0.9450651041666667,0.6063802083333333,2.3657161458333333
24036,0,0.0,3,76800,76800,1.0,0.6794401041666667,0.6794401041666667,0.3974479166666667,1.6065755208333334
24036,1,0.5,0,76800,76800,1.0,0.9267057291666667,0.9267057291666667,0.5438671875,2.189583333333333
24036,1,0.5,1,76800,76800,1.0,0.9601692708333334,0.9601692708333334,0.7034114583333333,2.5078255208333333
24036,1,0.5,2,76800,76800,1.0,0.9459635416666666,0.9459635416666666,0.6170703125,2.3731901041666665
24036,1,0.5,3,76800,76800,1.0,0.6815885416666667,0.6815885416666667,0.404765625,1.6159635416666667
24036,2,1.0,0,76800,76800,1.0,0.9293489583333333,0.9293489583333333,0.5405338541666667,2.1997916666666666
24036,2,1.0,1,76800,76800,1.0,0.96453125,0.96453125,0.695625,2.51234375
24036,2,1.0,2,76800,76800,1.0,0.9462630208333334,0.9462630208333334,0.6063151041666667,2.3588541666666667
24036,2,1.0,3,76800,76800,1.0,0.6851822916666667,0.6851822916666667,0.39838541666666666,1.6213541666666667
24037,0,0.0,0,76800,76800,1.0,0.9419401041666666,0.9419401041666666,0.4737890625,2.2310677083333332
24037,0,0.0,1,76800,76800,1.0,0.9441927083333334,0.9441927083333334,0.43256510416666666,2.1186588541666667
24037,0,0.0,2,76800,76800,1.0,0.8073046875,0.8073046875,0.37502604166666664,1.8083203125
24037,0,0.0,3,76800,76800,1.0,0.9261458333333333,0.9261458333333333,0.6219140625,2.3412369791666667
24037,1,0.5,0,76800,76800,1.0,0.9484114583333333,0.9484114583333333,0.4807942708333333,2.2437630208333332
24037,1,0.5,1,76800,76800,1.0,0.950546875,0.950546875,0.4344140625,2.1288151041666667
24037,1,0.5,2,76800,76800,1.0,0.8114453125,0.8114453125,0.3818229166666667,1.8196223958333333
24037,1,0.5,3,76800,76800,1.0,0.9258072916666666,0.9258072916666666,0.6283203125,2.3506640625
24037,2,1.0,0,76800,76800,1.0,0.9424869791666667,0.9424869791666667,0.4795963541666667,2.2355078125
24037,2,1.0,1,76800,76800,1.0,0.9499609375,0.9499609375,0.43580729166666665,2.123671875
24037,2,1.0,2,76800,76800,1.0,0.8119921875,0.8119921875,0.383046875,1.8153515625
24037,2,1.0,3,76800,76800,1.0,0.9260416666666667,0.9260416666666667,0.6286979166666666,2.3506510416666666
24038,0,0.0,0,76800,76800,1.0,0.9628385416666667,0.9628385416666667,0.6418489583333333,2.4753515625
24038,0,0.0,1,76800,76800,1.0,0.948125,0.948125,0.6790234375,2.4494401041666665
24038,0,0.0,2,76800,76800,1.0,0.86984375,0.86984375,0.5057421875,2.0834765625
24038,0,0.0,3,76800,76800,1.0,0.8903255208333334,0.8903255208333334,0.5352473958333334,2.1522916666666667
24038,1,0.5,0,76800,76800,1.0,0.9644140625,0.9644140625,0.67609375,2.513802083333333
24038,1,0.5,1,76800,76800,1.0,0.9448307291666667,0.9448307291666667,0.7177473958333334,2.4899479166666665
24038,1,0.5,2,76800,76800,1.0,0.8597916666666666,0.8597916666666666,0.5270052083333333,2.095390625
24038,1,0.5,3,76800,76800,1.0,0.8947786458333333,0.8947786458333333,0.5603255208333333,2.189713541666667
24038,2,1.0,0,76800,76800,1.0,0.9629427083333333,0.9629427083333333,0.6638541666666666,2.4817317708333335
24038,2,1.0,1,76800,76800,1.0,0.9369401041666666,0.9369401041666666,0.70421875,2.4552734375
24038,2,1.0,2,76800,76800,1.0,0.8579947916666667,0.8579947916666667,0.5221223958333333,2.0796354166666666
24038,2,1.0,3,76800,76800,1.0,0.9147916666666667,0.9147916666666667,0.5487760416666667,2.1917578125
24039,0,0.0,0,76800,76800,1.0,0.8784244791666667,0.8784244791666667,0.5815625,2.190625
24039,0,0.0,1,76800,76800,1.0,0.9792447916666667,0.9792447916666667,0.7125520833333333,2.5890625
24039,0,0.0,2,76800,76800,1.0,0.9347916666666667,0.9347916666666667,0.6360546875,2.3800390625
24039,0,0.0,3,76800,76800,1.0,0.9827213541666666,0.9827213541666666,0.8404947916666666,2.7558984375
24039,1,0.5,0,76800,76800,1.0,0.8714713541666667,0.8714713541666667,0.5807161458333333,2.2005208333333335
24039,1,0.5,1,76800,76800,1.0,0.9871223958333334,0.9871223958333334,0.7120182291666667,2.621770833333333
24039,1,0.5,2,76800,76800,1.0,0.9479036458333333,0.9479036458333333,0.6353515625,2.4148828125
24039,1,0.5,3,76800,76800,1.0,0.9877083333333333,0.9877083333333333,0.8343489583333333,2.7627083333333333
24039,2,1.0,0,76800,76800,1.0,0.8569010416666667,0.8569010416666667,0.5900651041666667,2.192578125
24039,2,1.0,1,76800,76800,1.0,0.9862630208333333,0.9862630208333333,0.7251432291666666,2.6390234375
24039,2,1.0,2,76800,76800,1.0,0.9444921875,0.9444921875,0.6477083333333333,2.427109375
24039,2,1.0,3,76800,76800,1.0,0.9870182291666667,0.9870182291666667,0.8467447916666667,2.7775651041666665
24040,0,0.0,0,76800,76800,1.0,0.9207682291666667,0.9207682291666667,0.5161328125,2.1646484375
24040,0,0.0,1,76800,76800,1.0,0.7717057291666667,0.7717057291666667,0.40684895833333334,1.7451822916666666
24040,0,0.0,2,76800,76800,1.0,0.916875,0.916875,0.6211979166666667,2.3133203125
24040,0,0.0,3,76800,76800,1.0,0.9049088541666667,0.9049088541666667,0.47708333333333336,2.06140625
24040,1,0.5,0,76800,76800,1.0,0.9134635416666667,0.9134635416666667,0.5004557291666667,2.1260546875
24040,1,0.5,1,76800,76800,1.0,0.7737760416666667,0.7737760416666667,0.395546875,1.7288802083333332
24040,1,0.5,2,76800,76800,1.0,0.913046875,0.913046875,0.5994661458333334,2.279466145833333
24040,1,0.5,3,76800,76800,1.0,0.9007421875,0.9007421875,0.4627604166666667,2.030078125
24040,2,1.0,0,76800,76800,1.0,0.9123958333333333,0.9123958333333333,0.47770833333333335,2.0824739583333334
24040,2,1.0,1,76800,76800,1.0,0.7667317708333333,0.7667317708333333,0.3770442708333333,1.6894661458333333
24040,2,1.0,2,76800,76800,1.0,0.9051432291666667,0.9051432291666667,0.5715885416666666,2.2237109375
24040,2,1.0,3,76800,76800,1.0,0.8921875,0.8921875,0.44235677083333336,1.9872005208333334
24041,0,0.0,0,76800,76800,1.0,0.9877083333333333,0.9877083333333333,0.7509895833333333,2.6783333333333332
24041,0,0.0,1,76800,76800,1.0,0.8552473958333333,0.8552473958333333,0.6154296875,2.2045442708333334
24041,0,0.0,2,76800,76800,1.0,0.9611328125,0.9611328125,0.5990234375,2.3291536458333333
24041,0,0.0,3,76800,76800,1.0,0.7721744791666667,0.7721744791666667,0.5719140625,2.031080729166667
24041,1,0.5,0,76800,76800,1.0,0.9884375,0.9884375,0.7447135416666667,2.6753645833333333
24041,1,0.5,1,76800,76800,1.0,0.8493229166666667,0.8493229166666667,0.6129296875,2.1856510416666666
24041,1,0.5,2,76800,76800,1.0,0.9589453125,0.9589453125,0.5919921875,2.3077734375
24041,1,0.5,3,76800,76800,1.0,0.7646614583333333,0.7646614583333333,0.5704817708333333,2.011927083333333
24041,2,1.0,0,76800,76800,1.0,0.9875520833333333,0.9875520833333333,0.7333854166666667,2.6627604166666665
24041,2,1.0,1,76800,76800,1.0,0.8440625,0.8440625,0.6052213541666667,2.1625911458333333
24041,2,1.0,2,76800,76800,1.0,0.9570182291666667,0.9570182291666667,0.5811979166666666,2.2850390625
24041,2,1.0,3,76800,76800,1.0,0.7563932291666666,0.7563932291666666,0.5672916666666666,1.99140625
24042,0,0.0,0,76800,76800,1.0,0.9556770833333333,0.9556770833333333,0.6411588541666666,2.4477994791666666
24042,0,0.0,1,76800,76800,1.0,0.874765625,0.874765625,0.5522135416666667,2.1570052083333335
24042,0,0.0,2,76800,76800,1.0,0.9089322916666667,0.9089322916666667,0.62453125,2.3070182291666668
24042,0,0.0,3,76800,76800,1.0,0.94609375,0.94609375,0.6516015625,2.420598958333333
24042,1,0.5,0,76800,76800,1.0,0.963984375,0.963984375,0.6737109375,2.50140625
24042,1,0.5,1,76800,76800,1.0,0.8855859375,0.8855859375,0.5762369791666667,2.201471354166667
24042,1,0.5,2,76800,76800,1.0,0.9069661458333333,0.9069661458333333,0.645703125,2.330885416666667
24042,1,0.5,3,76800,76800,1.0,0.9508203125,0.9508203125,0.6857291666666666,2.4742447916666666
24042,2,1.0,0,76800,76800,1.0,0.96046875,0.96046875,0.6236458333333333,2.42328125
24042,2,1.0,1,76800,76800,1.0,0.8936067708333333,0.8936067708333333,0.5441796875,2.16546875
24042,2,1.0,2,76800,76800,1.0,0.9094661458333333,0.9094661458333333,0.5893229166666667,2.2495963541666666
24042,2,1.0,3,76800,76800,1.0,0.9536067708333333,0.9536067708333333,0.6425520833333334,2.413854166666667
24043,0,0.0,0,76800,76800,1.0,0.9694661458333333,0.9694661458333333,0.7580208333333334,2.6203645833333336
24043,0,0.0,1,76800,76800,1.0,0.9670833333333333,0.9670833333333333,0.7127473958333334,2.5261848958333335
24043,0,0.0,2,76800,76800,1.0,0.8504557291666667,0.8504557291666667,0.5808984375,2.133151041666667
24043,0,0.0,3,76800,76800,1.0,0.8446744791666667,0.8446744791666667,0.6160677083333334,2.203893229166667
24043,1,0.5,0,76800,76800,1.0,0.9707682291666667,0.9707682291666667,0.7633723958333334,2.6380078125
24043,1,0.5,1,76800,76800,1.0,0.9667708333333334,0.9667708333333334,0.7175911458333334,2.5277994791666667
24043,1,0.5,2,76800,76800,1.0,0.8659635416666667,0.8659635416666667,0.587890625,2.163424479166667
24043,1,0.5,3,76800,76800,1.0,0.8459635416666667,0.8459635416666667,0.6180859375,2.2075130208333333
24043,2,1.0,0,76800,76800,1.0,0.9717317708333333,0.9717317708333333,0.7601692708333333,2.6367057291666667
24043,2,1.0,1,76800,76800,1.0,0.9666276041666667,0.9666276041666667,0.7124869791666667,2.520078125
24043,2,1.0,2,76800,76800,1.0,0.8807682291666666,0.8807682291666666,0.5879036458333333,2.18484375
24043,2,1.0,3,76800,76800,1.0,0.8523828125,0.8523828125,0.6121354166666667,2.2126041666666665
24044,0,0.0,0,76800,76800,1.0,0.9714192708333333,0.9714192708333333,0.809765625,2.7118229166666667
24044,0,0.0,1,76800,76800,1.0,0.9861458333333334,0.9861458333333334,0.7718619791666667,2.6289713541666666
24044,0,0.0,2,76800,76800,1.0,0.8849739583333334,0.8849739583333334,0.6416796875,2.2845963541666667
24044,0,0.0,3,76800,76800,1.0,0.9837890625,0.9837890625,0.8580078125,2.800546875
24044,1,0.5,0,76800,76800,1.0,0.98640625,0.98640625,0.8239192708333334,2.7421354166666667
24044,1,0.5,1,76800,76800,1.0,0.9874088541666667,0.9874088541666667,0.7805338541666667,2.6361458333333334
24044,1,0.5,2,76800,76800,1.0,0.8863802083333333,0.8863802083333333,0.6579557291666667,2.3018619791666666
24044,1,0.5,3,76800,76800,1.0,0.9868229166666667,0.9868229166666667,0.861171875,2.812369791666667
24044,2,1.0,0,76800,76800,1.0,0.9824739583333333,0.9824739583333333,0.78765625,2.68625
24044,2,1.0,1,76800,76800,1.0,0.9634635416666667,0.9634635416666667,0.744140625,2.5519140625
24044,2,1.0,2,76800,76800,1.0,0.8555338541666667,0.8555338541666667,0.6348177083333333,2.2285416666666666
24044,2,1.0,3,76800,76800,1.0,0.9731380208333333,0.9731380208333333,0.8037630208333333,2.6983463541666666
24045,0,0.0,0,76800,76800,1.0,0.9759114583333334,0.9759114583333334,0.42647135416666665,2.1054427083333334
24045,0,0.0,1,76800,76800,1.0,0.958828125,0.958828125,0.5467578125,2.3464453125
24045,0,0.0,2,76800,76800,1.0,0.8691145833333334,0.8691145833333334,0.5439973958333333,2.1377083333333333
24045,0,0.0,3,76800,76800,1.0,0.9476692708333333,0.9476692708333333,0.6300651041666666,2.417630208333333
24045,1,0.5,0,76800,76800,1.0,0.975859375,0.975859375,0.42376302083333334,2.1057552083333335
24045,1,0.5,1,76800,76800,1.0,0.9577734375,0.9577734375,0.552109375,2.351263020833333
24045,1,0.5,2,76800,76800,1.0,0.8625260416666667,0.8625260416666667,0.5378645833333333,2.1312760416666667
24045,1,0.5,3,76800,76800,1.0,0.9251302083333334,0.9251302083333334,0.6157421875,2.355169270833333
24045,2,1.0,0,76800,76800,1.0,0.9751302083333333,0.9751302083333333,0.4276041666666667,2.1181510416666667
24045,2,1.0,1,76800,76800,1.0,0.954140625,0.954140625,0.5622526041666667,2.3601171875
24045,2,1.0,2,76800,76800,1.0,0.8570963541666666,0.8570963541666666,0.5379036458333334,2.136328125
24045,2,1.0,3,76800,76800,1.0,0.9060807291666667,0.9060807291666667,0.6098177083333334,2.311015625
24046,0,0.0,0,76800,76800,1.0,0.9721484375,0.9721484375,0.6640885416666666,2.5166145833333333
24046,0,0.0,1,76800,76800,1.0,0.9301432291666667,0.9301432291666667,0.5148567708333334,2.1391796875
24046,0,0.0,2,76800,76800,1.0,0.9762239583333333,0.9762239583333333,0.7664453125,2.6519270833333333
24046,0,0.0,3,76800,76800,1.0,0.9138802083333334,0.9138802083333334,0.5060546875,2.105677083333333
24046,1,0.5,0,76800,76800,1.0,0.9697916666666667,0.9697916666666667,0.6494791666666667,2.5021484375
24046,1,0.5,1,76800,76800,1.0,0.9302213541666666,0.9302213541666666,0.5191927083333333,2.1629817708333334
24046,1,0.5,2,76800,76800,1.0,0.9744010416666666,0.9744010416666666,0.7599088541666666,2.6401822916666666
24046,1,0.5,3,76800,76800,1.0,0.8939713541666666,0.8939713541666666,0.496015625,2.079140625
24046,2,1.0,0,76800,76800,1.0,0.9685416666666666,0.9685416666666666,0.6358333333333334,2.4875911458333335
24046,2,1.0,1,76800,76800,1.0,0.9211328125,0.9211328125,0.5191927083333333,2.163255208333333
24046,2,1.0,2,76800,76800,1.0,0.9725260416666667,0.9725260416666667,0.7524479166666667,2.6104427083333333
24046,2,1.0,3,76800,76800,1.0,0.8746223958333333,0.8746223958333333,0.4870963541666667,2.0446354166666665
24047,0,0.0,0,76800,76800,1.0,0.9347005208333333,0.9347005208333333,0.4549869791666667,2.1639973958333334
24047,0,0.0,1,76800,76800,1.0,0.92546875,0.92546875,0.55703125,2.24609375
24047,0,0.0,2,76800,76800,1.0,0.875,0.875,0.3388671875,1.7805338541666667
24047,0,0.0,3,76800,76800,1.0,0.8086588541666667,0.8086588541666667,0.3135677083333333,1.6419921875
24047,1,0.5,0,76800,76800,1.0,0.9712369791666666,0.9712369791666666,0.6526302083333333,2.4958723958333335
24047,1,0.5,1,76800,76800,1.0,0.9718880208333334,0.9718880208333334,0.7873307291666667,2.654934895833333
24047,1,0.5,2,76800,76800,1.0,0.8322786458333333,0.8322786458333333,0.4597526041666667,1.9078255208333332
24047,1,0.5,3,76800,76800,1.0,0.8320572916666666,0.8320572916666666,0.45990885416666666,1.911796875
24047,2,1.0,0,76800,76800,1.0,0.9824739583333333,0.9824739583333333,0.6795703125,2.578125
24047,2,1.0,1,76800,76800,1.0,0.9847265625,0.9847265625,0.7953515625,2.7234375
24047,2,1.0,2,76800,76800,1.0,0.8739192708333333,0.8739192708333333,0.4672395833333333,2.0234505208333333
24047,2,1.0,3,76800,76800,1.0,0.8857942708333333,0.8857942708333333,0.46640625,2.0340234375
24048,0,0.0,0,76800,76800,1.0,0.9526822916666666,0.9526822916666666,0.4975390625,2.234244791666667
24048,0,0.0,1,76800,76800,1.0,0.8633984375,0.8633984375,0.603828125,2.236197916666667
24048,0,0.0,2,76800,76800,1.0,0.8000911458333333,0.8000911458333333,0.44295572916666665,1.9343359375
24048,0,0.0,3,76800,76800,1.0,0.8803385416666667,0.8803385416666667,0.5659765625,2.2043880208333335
24048,1,0.5,0,76800,76800,1.0,0.9518489583333334,0.9518489583333334,0.5012369791666667,2.2130338541666665
24048,1,0.5,1,76800,76800,1.0,0.8812239583333333,0.8812239583333333,0.6260546875,2.2887760416666665
24048,1,0.5,2,76800,76800,1.0,0.8201041666666666,0.8201041666666666,0.46315104166666665,1.9867708333333334
24048,1,0.5,3,76800,76800,1.0,0.857734375,0.857734375,0.5587239583333333,2.141953125
24048,2,1.0,0,76800,76800,1.0,0.9496484375,0.9496484375,0.4907421875,2.167760416666667
24048,2,1.0,1,76800,76800,1.0,0.8911588541666666,0.8911588541666666,0.6355338541666666,2.3154817708333333
24048,2,1.0,2,76800,76800,1.0,0.8406380208333334,0.8406380208333334,0.4817708333333333,2.0428515625
24048,2,1.0,3,76800,76800,1.0,0.8166666666666667,0.8166666666666667,0.5299739583333334,2.0232161458333335
24049,0,0.0,0,76800,76800,1.0,0.9559244791666667,0.9559244791666667,0.5128515625,2.3005598958333335
24049,0,0.0,1,76800,76800,1.0,0.8208463541666666,0.8208463541666666,0.386875,1.818046875
24049,0,0.0,2,76800,76800,1.0,0.8189453125,0.8189453125,0.37809895833333335,1.7986067708333333
24049,0,0.0,3,76800,76800,1.0,0.9432682291666666,0.9432682291666666,0.6919140625,2.476770833333333
24049,1,0.5,0,76800,76800,1.0,0.985078125,0.985078125,0.6049479166666667,2.5053385416666667
24049,1,0.5,1,76800,76800,1.0,0.8403125,0.8403125,0.4683072916666667,2.008997395833333
24049,1,0.5,2,76800,76800,1.0,0.8008723958333334,0.8008723958333334,0.48748697916666667,1.9727604166666666
24049,1,0.5,3,76800,76800,1.0,0.9562109375,0.9562109375,0.7750390625,2.6244270833333334
24049,2,1.0,0,76800,76800,1.0,0.9904296875,0.9904296875,0.6505078125,2.5551953125
24049,2,1.0,1,76800,76800,1.0,0.9032421875,0.9032421875,0.5425,2.2047916666666665
24049,2,1.0,2,76800,76800,1.0,0.7705338541666666,0.7705338541666666,0.5377213541666667,1.9759895833333334
24049,2,1.0,3,76800,76800,1.0,0.9703125,0.9703125,0.7956380208333333,2.67875
24050,0,0.0,0,76800,76800,1.0,0.9382682291666666,0.9382682291666666,0.4577994791666667,2.1237109375
24050,0,0.0,1,76800,76800,1.0,0.9504427083333333,0.9504427083333333,0.5486979166666667,2.3691276041666667
24050,0,0.0,2,76800,76800,1.0,0.8421744791666667,0.8421744791666667,0.5412239583333334,2.1005208333333334
24050,0,0.0,3,76800,76800,1.0,0.8954557291666667,0.8954557291666667,0.58796875,2.2423828125
24050,1,0.5,0,76800,76800,1.0,0.9452994791666667,0.9452994791666667,0.4801171875,2.147291666666667
24050,1,0.5,1,76800,76800,1.0,0.9607552083333334,0.9607552083333334,0.593203125,2.4466536458333334
24050,1,0.5,2,76800,76800,1.0,0.8622135416666666,0.8622135416666666,0.5610546875,2.16515625
24050,1,0.5,3,76800,76800,1.0,0.9055338541666667,0.9055338541666667,0.6175130208333334,2.291484375
24050,2,1.0,0,76800,76800,1.0,0.9506510416666667,0.9506510416666667,0.45947916666666666,2.107760416666667
24050,2,1.0,1,76800,76800,1.0,0.9619661458333333,0.9619661458333333,0.5921875,2.4241927083333334
24050,2,1.0,2,76800,76800,1.0,0.8379817708333334,0.8379817708333334,0.5248177083333333,2.0744661458333336
24050,2,1.0,3,76800,76800,1.0,0.9126302083333333,0.9126302083333333,0.593359375,2.2646875
24051,0,0.0,0,76800,76800,1.0,0.9650911458333333,0.9650911458333333,0.725390625,2.5498046875
24051,0,0.0,1,76800,76800,1.0,0.853359375,0.853359375,0.584609375,2.1330078125
24051,0,0.0,2,76800,76800,1.0,0.9784505208333333,0.9784505208333333,0.8522005208333333,2.7609244791666665
24051,0,0.0,3,76800,76800,1.0,0.9710807291666667,0.9710807291666667,0.7042057291666667,2.524244791666667
24051,1,0.5,0,76800,76800,1.0,0.9475,0.9475,0.6960026041666667,2.520247395833333
24051,1,0.5,1,76800,76800,1.0,0.8329427083333333,0.8329427083333333,0.5520572916666666,2.068203125
24051,1,0.5,2,76800,76800,1.0,0.9743229166666667,0.9743229166666667,0.8486588541666666,2.75484375
24051,1,0.5,3,76800,76800,1.0,0.9901171875,0.9901171875,0.6702994791666667,2.505703125
24051,2,1.0,0,76800,76800,1.0,0.972890625,0.972890625,0.6628125,2.5208723958333334
24051,2,1.0,1,76800,76800,1.0,0.7957291666666667,0.7957291666666667,0.493671875,1.943984375
24051,2,1.0,2,76800,76800,1.0,0.9681510416666667,0.9681510416666667,0.8318229166666666,2.718919270833333
24051,2,1.0,3,76800,76800,1.0,0.9827083333333333,0.9827083333333333,0.6271875,2.4530989583333334
24052,0,0.0,0,76800,76800,1.0,0.95453125,0.95453125,0.5479817708333333,2.321627604166667
24052,0,0.0,1,76800,76800,1.0,0.9431901041666667,0.9431901041666667,0.7416145833333333,2.5412109375
24052,0,0.0,2,76800,76800,1.0,0.9405729166666666,0.9405729166666666,0.562890625,2.3467447916666666
24052,0,0.0,3,76800,76800,1.0,0.901953125,0.901953125,0.5074088541666667,2.1753515625
24052,1,0.5,0,76800,76800,1.0,0.9601953125,0.9601953125,0.5388411458333333,2.32453125
24052,1,0.5,1,76800,76800,1.0,0.9424739583333334,0.9424739583333334,0.7216666666666667,2.5138932291666665
24052,1,0.5,2,76800,76800,1.0,0.9511848958333333,0.9511848958333333,0.5518489583333334,2.3539973958333333
24052,1,0.5,3,76800,76800,1.0,0.885078125,0.885078125,0.5002213541666667,2.159348958333333
24052,2,1.0,0,76800,76800,1.0,0.9498828125,0.9498828125,0.5345833333333333,2.2959244791666666
24052,2,1.0,1,76800,76800,1.0,0.9411588541666667,0.9411588541666667,0.7144921875,2.4998567708333335
24052,2,1.0,2,76800,76800,1.0,0.9474479166666666,0.9474479166666666,0.546328125,2.3255208333333335
24052,2,1.0,3,76800,76800,1.0,0.886328125,0.886328125,0.49701822916666666,2.141302083333333
24053,0,0.0,0,76800,76800,1.0,0.936484375,0.936484375,0.5551432291666667,2.2532942708333334
24053,0,0.0,1,76800,76800,1.0,0.893125,0.893125,0.5823046875,2.23375
24053,0,0.0,2,76800,76800,1.0,0.934375,0.934375,0.5710286458333333,2.2903125
24053,0,0.0,3,76800,76800,1.0,0.8684375,0.8684375,0.506640625,2.0779817708333335
24053,1,0.5,0,76800,76800,1.0,0.9425130208333333,0.9425130208333333,0.56484375,2.3073046875
24053,1,0.5,1,76800,76800,1.0,0.9233984375,0.9233984375,0.6242447916666667,2.3474609375
24053,1,0.5,2,76800,76800,1.0,0.9164453125,0.9164453125,0.5651692708333333,2.2731640625
24053,1,0.5,3,76800,76800,1.0,0.8254947916666666,0.8254947916666666,0.5026822916666667,2.0273958333333333
24053,2,1.0,0,76800,76800,1.0,0.9124088541666666,0.9124088541666666,0.5240234375,2.1875651041666666
24053,2,1.0,1,76800,76800,1.0,0.926328125,0.926328125,0.6215104166666666,2.328763020833333
24053,2,1.0,2,76800,76800,1.0,0.8664583333333333,0.8664583333333333,0.5133854166666667,2.078802083333333
24053,2,1.0,3,76800,76800,1.0,0.7787890625,0.7787890625,0.46704427083333333,1.8906119791666667
24054,0,0.0,0,76800,76800,1.0,0.9326692708333333,0.9326692708333333,0.563515625,2.2608203125
24054,0,0.0,1,76800,76800,1.0,0.9560286458333334,0.9560286458333334,0.5984244791666666,2.3740755208333333
24054,0,0.0,2,76800,76800,1.0,0.9401171875,0.9401171875,0.5975,2.350416666666667
24054,0,0.0,3,76800,76800,1.0,0.9663541666666666,0.9663541666666666,0.7477083333333333,2.597356770833333
24054,1,0.5,0,76800,76800,1.0,0.9288151041666667,0.9288151041666667,0.6199739583333334,2.344986979166667
24054,1,0.5,1,76800,76800,1.0,0.9367057291666666,0.9367057291666666,0.6425520833333334,2.4011458333333335
24054,1,0.5,2,76800,76800,1.0,0.9673307291666666,0.9673307291666666,0.67234375,2.513359375
24054,1,0.5,3,76800,76800,1.0,0.974296875,0.974296875,0.7982421875,2.6846223958333333
24054,2,1.0,0,76800,76800,1.0,0.9048828125,0.9048828125,0.5908984375,2.26828125
24054,2,1.0,1,76800,76800,1.0,0.9055989583333334,0.9055989583333334,0.5999609375,2.275546875
24054,2,1.0,2,76800,76800,1.0,0.9581380208333333,0.9581380208333333,0.6401953125,2.431171875
24054,2,1.0,3,76800,76800,1.0,0.9630208333333333,0.9630208333333333,0.7406640625,2.5740625
24055,0,0.0,0,76800,76800,1.0,0.9903776041666666,0.9903776041666666,0.8734635416666666,2.8205859375
24055,0,0.0,1,76800,76800,1.0,0.98984375,0.98984375,0.7716145833333333,2.7119270833333333
24055,0,0.0,2,76800,76800,1.0,0.9263802083333333,0.9263802083333333,0.6164453125,2.305364583333333
24055,0,0.0,3,76800,76800,1.0,0.9157291666666667,0.9157291666666667,0.611484375,2.275078125
24055,1,0.5,0,76800,76800,1.0,0.987109375,0.987109375,0.8273697916666667,2.756067708333333
24055,1,0.5,1,76800,76800,1.0,0.954296875,0.954296875,0.7323958333333334,2.589205729166667
24055,1,0.5,2,76800,76800,1.0,0.9349348958333333,0.9349348958333333,0.5880598958333333,2.2699088541666668
24055,1,0.5,3,76800,76800,1.0,0.9172265625,0.9172265625,0.5791015625,2.2272526041666665
24055,2,1.0,0,76800,76800,1.0,0.9818098958333333,0.9818098958333333,0.8283463541666667,2.7383072916666666
24055,2,1.0,1,76800,76800,1.0,0.9797395833333333,0.9797395833333333,0.7317578125,2.6113671875
24055,2,1.0,2,76800,76800,1.0,0.9205078125,0.9205078125,0.5921744791666667,2.2458463541666664
24055,2,1.0,3,76800,76800,1.0,0.8815104166666666,0.8815104166666666,0.5680989583333333,2.1522395833333334
24056,0,0.0,0,76800,76800,1.0,0.9888802083333333,0.9888802083333333,0.5917708333333334,2.417330729166667
24056,0,0.0,1,76800,76800,1.0,0.9498828125,0.9498828125,0.66125,2.4769140625
24056,0,0.0,2,76800,76800,1.0,0.9188932291666667,0.9188932291666667,0.6900911458333333,2.442213541666667
24056,0,0.0,3,76800,76800,1.0,0.8256901041666667,0.8256901041666667,0.5890364583333333,2.1464583333333334
24056,1,0.5,0,76800,76800,1.0,0.9862630208333333,0.9862630208333333,0.5933203125,2.4401432291666665
24056,1,0.5,1,76800,76800,1.0,0.9787890625,0.9787890625,0.6784635416666667,2.577356770833333
24056,1,0.5,2,76800,76800,1.0,0.8826953125,0.8826953125,0.6900520833333333,2.4097395833333333
24056,1,0.5,3,76800,76800,1.0,0.8361979166666667,0.8361979166666667,0.5615885416666667,2.1483333333333334
24056,2,1.0,0,76800,76800,1.0,0.9583854166666667,0.9583854166666667,0.5429817708333333,2.3457682291666666
24056,2,1.0,1,76800,76800,1.0,0.9641536458333333,0.9641536458333333,0.6355598958333334,2.459140625
24056,2,1.0,2,76800,76800,1.0,0.9458203125,0.9458203125,0.601328125,2.4004166666666666
24056,2,1.0,3,76800,76800,1.0,0.8239322916666667,0.8239322916666667,0.48606770833333335,2.0341145833333334
24057,0,0.0,0,76800,76800,1.0,0.9623828125,0.9623828125,0.5650520833333333,2.3867447916666666
24057,0,0.0,1,76800,76800,1.0,0.8604036458333333,0.8604036458333333,0.4262890625,1.9227604166666667
24057,0,0.0,2,76800,76800,1.0,0.9680989583333334,0.9680989583333334,0.7701041666666667,2.629713541666667
24057,0,0.0,3,76800,76800,1.0,0.9200390625,0.9200390625,0.4405598958333333,2.0288932291666666
24057,1,0.5,0,76800,76800,1.0,0.9883203125,0.9883203125,0.5889583333333334,2.5125
24057,1,0.5,1,76800,76800,1.0,0.9240104166666666,0.9240104166666666,0.44666666666666666,2.0680338541666665
24057,1,0.5,2,76800,76800,1.0,0.9727994791666666,0.9727994791666666,0.7926302083333333,2.6644140625
24057,1,0.5,3,76800,76800,1.0,0.9626432291666667,0.9626432291666667,0.46197916666666666,2.1544401041666665
24057,2,1.0,0,76800,76800,1.0,0.9942317708333334,0.9942317708333334,0.6008723958333333,2.5593880208333335
24057,2,1.0,1,76800,76800,1.0,0.9267708333333333,0.9267708333333333,0.43796875,2.0686458333333335
24057,2,1.0,2,76800,76800,1.0,0.9070442708333334,0.9070442708333334,0.7910026041666667,2.550572916666667
24057,2,1.0,3,76800,76800,1.0,0.9599088541666667,0.9599088541666667,0.46197916666666666,2.1631510416666666
24058,0,0.0,0,76800,76800,1.0,0.9566927083333333,0.9566927083333333,0.6612630208333333,2.4651171875
24058,0,0.0,1,76800,76800,1.0,0.84453125,0.84453125,0.5212760416666666,2.045182291666667
24058,0,0.0,2,76800,76800,1.0,0.9585286458333333,0.9585286458333333,0.6734505208333333,2.4864713541666665
24058,0,0.0,3,76800,76800,1.0,0.8675,0.8675,0.5629557291666667,2.1339453125
24058,1,0.5,0,76800,76800,1.0,0.9583463541666667,0.9583463541666667,0.6617447916666667,2.4677864583333333
24058,1,0.5,1,76800,76800,1.0,0.8449739583333333,0.8449739583333333,0.5221484375,2.0463541666666667
24058,1,0.5,2,76800,76800,1.0,0.9577734375,0.9577734375,0.6739713541666666,2.486640625
24058,1,0.5,3,76800,76800,1.0,0.8658984375,0.8658984375,0.5621484375,2.127265625
24058,2,1.0,0,76800,76800,1.0,0.9617317708333334,0.9617317708333334,0.6548697916666667,2.4617708333333335
24058,2,1.0,1,76800,76800,1.0,0.8402994791666667,0.8402994791666667,0.5152994791666666,2.038671875
24058,2,1.0,2,76800,76800,1.0,0.9574609375,0.9574609375,0.6640885416666666,2.4733072916666665
24058,2,1.0,3,76800,76800,1.0,0.856875,0.856875,0.554296875,2.113020833333333
24059,0,0.0,0,76800,76800,1.0,0.9848828125,0.9848828125,0.7124088541666667,2.65296875
24059,0,0.0,1,76800,76800,1.0,0.85203125,0.85203125,0.6659635416666667,2.29359375
24059,0,0.0,2,76800,76800,1.0,0.9458854166666667,0.9458854166666667,0.555703125,2.2326953125
24059,0,0.0,3,76800,76800,1.0,0.8814583333333333,0.8814583333333333,0.562109375,2.1252864583333335
24059,1,0.5,0,76800,76800,1.0,0.9877734375,0.9877734375,0.7612239583333333,2.7120703125
24059,1,0.5,1,76800,76800,1.0,0.8714973958333333,0.8714973958333333,0.702578125,2.3654817708333336
24059,1,0.5,2,76800,76800,1.0,0.9502604166666667,0.9502604166666667,0.5823046875,2.2594791666666665
24059,1,0.5,3,76800,76800,1.0,0.8856119791666667,0.8856119791666667,0.5804036458333334,2.153984375
24059,2,1.0,0,76800,76800,1.0,0.9894270833333333,0.9894270833333333,0.8145052083333333,2.7685807291666666
24059,2,1.0,1,76800,76800,1.0,0.89390625,0.89390625,0.7439973958333334,2.4496354166666667
24059,2,1.0,2,76800,76800,1.0,0.9478255208333334,0.9478255208333334,0.6171875,2.2989322916666666
24059,2,1.0,3,76800,76800,1.0,0.8886848958333333,0.8886848958333333,0.6058333333333333,2.189283854166667
24060,0,0.0,0,76800,76800,1.0,0.9602083333333333,0.9602083333333333,0.6520052083333333,2.358046875
24060,0,0.0,1,76800,76800,1.0,0.9813671875,0.9813671875,0.8786458333333333,2.8148307291666668
24060,0,0.0,2,76800,76800,1.0,0.803046875,0.803046875,0.6163020833333334,2.098971354166667
24060,0,0.0,3,76800,76800,1.0,0.8576432291666667,0.8576432291666667,0.6870703125,2.312330729166667
24060,1,0.5,0,76800,76800,1.0,0.9645963541666667,0.9645963541666667,0.6475911458333333,2.35765625
24060,1,0.5,1,76800,76800,1.0,0.9821484375,0.9821484375,0.8761588541666666,2.8167838541666668
24060,1,0.5,2,76800,76800,1.0,0.8023307291666667,0.8023307291666667,0.6129166666666667,2.0944791666666664
24060,1,0.5,3,76800,76800,1.0,0.8544661458333334,0.8544661458333334,0.6831380208333333,2.300572916666667
24060,2,1.0,0,76800,76800,1.0,0.9649088541666667,0.9649088541666667,0.6409114583333333,2.351822916666667
24060,2,1.0,1,76800,76800,1.0,0.9836067708333334,0.9836067708333334,0.8713541666666667,2.815729166666667
24060,2,1.0,2,76800,76800,1.0,0.8007421875,0.8007421875,0.6056640625,2.0858854166666667
24060,2,1.0,3,76800,76800,1.0,0.8494921875,0.8494921875,0.6774739583333333,2.2842317708333333
24061,0,0.0,0,76800,76800,1.0,0.9318619791666667,0.9318619791666667,0.6148046875,2.3471223958333334
24061,0,0.0,1,76800,76800,1.0,0.8435286458333333,0.8435286458333333,0.4816536458333333,1.9258463541666666
24061,0,0.0,2,76800,76800,1.0,0.8961848958333334,0.8961848958333334,0.48733072916666664,2.0173567708333335
24061,0,0.0,3,76800,76800,1.0,0.9207682291666667,0.9207682291666667,0.6183984375,2.3320052083333334
24061,1,0.5,0,76800,76800,1.0,0.9469270833333333,0.9469270833333333,0.6201822916666667,2.391861979166667
24061,1,0.5,1,76800,76800,1.0,0.8540104166666667,0.8540104166666667,0.48239583333333336,1.9512239583333333
24061,1,0.5,2,76800,76800,1.0,0.9069010416666666,0.9069010416666666,0.48822916666666666,2.0464713541666666
24061,1,0.5,3,76800,76800,1.0,0.9275911458333334,0.9275911458333334,0.6379557291666667,2.3696223958333333
24061,2,1.0,0,76800,76800,1.0,0.9538671875,0.9538671875,0.5896354166666666,2.3644791666666665
24061,2,1.0,1,76800,76800,1.0,0.8552213541666667,0.8552213541666667,0.4701953125,1.9573046875
24061,2,1.0,2,76800,76800,1.0,0.9026171875,0.9026171875,0.47106770833333333,2.035703125
24061,2,1.0,3,76800,76800,1.0,0.9358203125,0.9358203125,0.5897395833333333,2.3294140625
24062,0,0.0,0,76800,76800,1.0,0.9871484375,0.9871484375,0.5274739583333333,2.4012760416666667
24062,0,0.0,1,76800,76800,1.0,0.9729166666666667,0.9729166666666667,0.5363802083333333,2.3779817708333333
24062,0,0.0,2,76800,76800,1.0,0.9426953125,0.9426953125,0.7040234375,2.542799479166667
24062,0,0.0,3,76800,76800,1.0,0.8429036458333333,0.8429036458333333,0.6390625,2.2777994791666667
24062,1,0.5,0,76800,76800,1.0,0.9847395833333333,0.9847395833333333,0.5389583333333333,2.414361979166667
24062,1,0.5,1,76800,76800,1.0,0.9713802083333334,0.9713802083333334,0.5474869791666667,2.3908723958333336
24062,1,0.5,2,76800,76800,1.0,0.9294661458333333,0.9294661458333333,0.7113151041666667,2.5296744791666668
24062,1,0.5,3,76800,76800,1.0,0.8418619791666667,0.8418619791666667,0.6409765625,2.278671875
24062,2,1.0,0,76800,76800,1.0,0.9823046875,0.9823046875,0.5535677083333334,2.430546875
24062,2,1.0,1,76800,76800,1.0,0.9702734375,0.9702734375,0.5610546875,2.4082291666666666
24062,2,1.0,2,76800,76800,1.0,0.9174869791666667,0.9174869791666667,0.717109375,2.5134895833333335
24062,2,1.0,3,76800,76800,1.0,0.8429427083333333,0.8429427083333333,0.6405208333333333,2.2784375
24063,0,0.0,0,76800,76800,1.0,0.9745572916666667,0.9745572916666667,0.6745572916666667,2.5069270833333333
24063,0,0.0,1,76800,76800,1.0,0.9583854166666667,0.9583854166666667,0.6861067708333334,2.5121875
24063,0,0.0,2,76800,76800,1.0,0.8555989583333333,0.8555989583333333,0.568515625,2.1623307291666665
24063,0,0.0,3,76800,76800,1.0,0.9535807291666667,0.9535807291666667,0.6314583333333333,2.4173697916666668
24063,1,0.5,0,76800,76800,1.0,0.9633723958333333,0.9633723958333333,0.66625,2.4907942708333333
24063,1,0.5,1,76800,76800,1.0,0.948515625,0.948515625,0.696953125,2.4937760416666666
24063,1,0.5,2,76800,76800,1.0,0.8672916666666667,0.8672916666666667,0.5724869791666667,2.187799479166667
24063,1,0.5,3,76800,76800,1.0,0.9359895833333334,0.9359895833333334,0.6204166666666666,2.372369791666667
24063,2,1.0,0,76800,76800,1.0,0.9518098958333333,0.9518098958333333,0.5912369791666666,2.3852604166666667
24063,2,1.0,1,76800,76800,1.0,0.9402213541666666,0.9402213541666666,0.6464713541666667,2.4149479166666667
24063,2,1.0,2,76800,76800,1.0,0.8826041666666666,0.8826041666666666,0.5372395833333333,2.1773697916666666
24063,2,1.0,3,76800,76800,1.0,0.9405598958333333,0.9405598958333333,0.5488151041666667,2.3012109375
24064,0,0.0,0,76800,76800,1.0,0.9951302083333333,0.9951302083333333,0.7467708333333334,2.693515625
24064,0,0.0,1,76800,76800,1.0,0.8242578125,0.8242578125,0.6080208333333333,2.19609375
24064,0,0.0,2,76800,76800,1.0,0.9961067708333333,0.9961067708333333,0.8292057291666667,2.777682291666667
24064,0,0.0,3,76800,76800,1.0,0.8533854166666667,0.8533854166666667,0.6989453125,2.3587109375
24064,1,0.5,0,76800,76800,1.0,0.9938541666666667,0.9938541666666667,0.7450651041666667,2.6951692708333335
24064,1,0.5,1,76800,76800,1.0,0.8388802083333333,0.8388802083333333,0.608828125,2.2168880208333333
24064,1,0.5,2,76800,76800,1.0,0.9958463541666667,0.9958463541666667,0.8283203125,2.7742317708333335
24064,1,0.5,3,76800,76800,1.0,0.8576822916666667,0.8576822916666667,0.6977604166666667,2.3656119791666668
24064,2,1.0,0,76800,76800,1.0,0.9935677083333333,0.9935677083333333,0.7393619791666667,2.683046875
24064,2,1.0,1,76800,76800,1.0,0.8470442708333333,0.8470442708333333,0.6067708333333334,2.2212890625
24064,2,1.0,2,76800,76800,1.0,0.9958203125,0.9958203125,0.8232291666666667,2.7684895833333334
24064,2,1.0,3,76800,76800,1.0,0.8569661458333333,0.8569661458333333,0.693203125,2.354322916666667
24065,0,0.0,0,76800,76800,1.0,0.9346354166666667,0.9346354166666667,0.6613932291666667,2.396328125
24065,0,0.0,1,76800,76800,1.0,0.9747135416666667,0.9747135416666667,0.7849739583333334,2.6743229166666667
24065,0,0.0,2,76800,76800,1.0,0.9427604166666667,0.9427604166666667,0.7305989583333333,2.540299479166667
24065,0,0.0,3,76800,76800,1.0,0.9498046875,0.9498046875,0.7189192708333333,2.4828125
24065,1,0.5,0,76800,76800,1.0,0.9420182291666667,0.9420182291666667,0.6504427083333333,2.395716145833333
24065,1,0.5,1,76800,76800,1.0,0.9780859375,0.9780859375,0.7786979166666667,2.6719010416666666
24065,1,0.5,2,76800,76800,1.0,0.939453125,0.939453125,0.7258984375,2.532526041666667
24065,1,0.5,3,76800,76800,1.0,0.9356380208333334,0.9356380208333334,0.69984375,2.4405078125
24065,2,1.0,0,76800,76800,1.0,0.931640625,0.931640625,0.6376041666666666,2.3708723958333335
24065,2,1.0,1,76800,76800,1.0,0.974296875,0.974296875,0.767421875,2.6566536458333334
24065,2,1.0,2,76800,76800,1.0,0.9345963541666666,0.9345963541666666,0.7198958333333333,2.523359375
24065,2,1.0,3,76800,76800,1.0,0.9051302083333334,0.9051302083333334,0.6762890625,2.3740364583333333
24066,0,0.0,0,76800,76800,1.0,0.9244010416666667,0.9244010416666667,0.6065885416666666,2.326015625
24066,0,0.0,1,76800,76800,1.0,0.9240755208333333,0.9240755208333333,0.5480859375,2.2258984375
24066,0,0.0,2,76800,76800,1.0,0.9505729166666667,0.9505729166666667,0.6230078125,2.4119140625
24066,0,0.0,3,76800,76800,1.0,0.8235026041666667,0.8235026041666667,0.48701822916666665,1.9913802083333334
24066,1,0.5,0,76800,76800,1.0,0.9243229166666667,0.9243229166666667,0.6136979166666666,2.3308333333333335
24066,1,0.5,1,76800,76800,1.0,0.924140625,0.924140625,0.5518619791666667,2.2276432291666666
24066,1,0.5,2,76800,76800,1.0,0.9508072916666667,0.9508072916666667,0.6268619791666666,2.410963541666667
24066,1,0.5,3,76800,76800,1.0,0.8282421875,0.8282421875,0.49354166666666666,2.0017578125
24066,2,1.0,0,76800,76800,1.0,0.9292838541666667,0.9292838541666667,0.6227734375,2.3490625
24066,2,1.0,1,76800,76800,1.0,0.92078125,0.92078125,0.5555729166666666,2.2245442708333334
24066,2,1.0,2,76800,76800,1.0,0.9503515625,0.9503515625,0.6351432291666667,2.4179947916666666
24066,2,1.0,3,76800,76800,1.0,0.8346223958333333,0.8346223958333333,0.4994140625,2.012864583333333
24067,0,0.0,0,76800,76800,1.0,0.9075651041666667,0.9075651041666667,0.49029947916666666,2.1317317708333334
24067,0,0.0,1,76800,76800,1.0,0.7999479166666666,0.7999479166666666,0.4319140625,1.8790364583333334
24067,0,0.0,2,76800,76800,1.0,0.9322135416666667,0.9322135416666667,0.6135677083333333,2.3734375
24067,0,0.0,3,76800,76800,1.0,0.9568098958333333,0.9568098958333333,0.6422005208333333,2.4530598958333334
24067,1,0.5,0,76800,76800,1.0,0.9263671875,0.9263671875,0.4404296875,2.075
24067,1,0.5,1,76800,76800,1.0,0.8240494791666667,0.8240494791666667,0.3896484375,1.8443880208333334
24067,1,0.5,2,76800,76800,1.0,0.9197265625,0.9197265625,0.55171875,2.2608072916666666
24067,1,0.5,3,76800,76800,1.0,0.9375390625,0.9375390625,0.5705859375,2.3117578125
24067,2,1.0,0,76800,76800,1.0,0.9129817708333333,0.9129817708333333,0.41151041666666666,1.9988541666666666
24067,2,1.0,1,76800,76800,1.0,0.8247916666666667,0.8247916666666667,0.3744140625,1.81515625
24067,2,1.0,2,76800,76800,1.0,0.8659114583333334,0.8659114583333334,0.5269010416666666,2.1301171875
24067,2,1.0,3,76800,76800,1.0,0.941875,0.941875,0.5350130208333334,2.2620442708333335
24068,0,0.0,0,76800,76800,1.0,0.9806380208333333,0.9806380208333333,0.7063151041666667,2.588046875
24068,0,0.0,1,76800,76800,1.0,0.9316666666666666,0.9316666666666666,0.6616796875,2.4273177083333333
24068,0,0.0,2,76800,76800,1.0,0.9757161458333333,0.9757161458333333,0.58859375,2.3834114583333332
24068,0,0.0,3,76800,76800,1.0,0.7952473958333334,0.7952473958333334,0.4633203125,1.908828125
24068,1,0.5,0,76800,76800,1.0,0.9814713541666666,0.9814713541666666,0.7082682291666667,2.5999348958333335
24068,1,0.5,1,76800,76800,1.0,0.9346614583333334,0.9346614583333334,0.6646614583333333,2.434609375
24068,1,0.5,2,76800,76800,1.0,0.9759114583333334,0.9759114583333334,0.5901432291666666,2.387356770833333
24068,1,0.5,3,76800,76800,1.0,0.7977473958333333,0.7977473958333333,0.4647265625,1.9145703125
24068,2,1.0,0,76800,76800,1.0,0.9791536458333333,0.9791536458333333,0.7121614583333333,2.6055338541666666
24068,2,1.0,1,76800,76800,1.0,0.9368880208333333,0.9368880208333333,0.6669401041666667,2.4386197916666665
24068,2,1.0,2,76800,76800,1.0,0.9763020833333333,0.9763020833333333,0.5935807291666667,2.390078125
24068,2,1.0,3,76800,76800,1.0,0.7927083333333333,0.7927083333333333,0.46984375,1.9126171875
24069,0,0.0,0,76800,76800,1.0,0.8879427083333333,0.8879427083333333,0.46436197916666666,2.0464453125
24069,0,0.0,1,76800,76800,1.0,0.871171875,0.871171875,0.43078125,1.9316276041666667
24069,0,0.0,2,76800,76800,1.0,0.9017708333333333,0.9017708333333333,0.5114192708333334,2.1223567708333335
24069,0,0.0,3,76800,76800,1.0,0.8613671875,0.8613671875,0.42430989583333334,1.9053776041666666
24069,1,0.5,0,76800,76800,1.0,0.8927473958333333,0.8927473958333333,0.45977864583333333,2.0479166666666666
24069,1,0.5,1,76800,76800,1.0,0.8618619791666666,0.8618619791666666,0.43072916666666666,1.9228776041666666
24069,1,0.5,2,76800,76800,1.0,0.8950390625,0.8950390625,0.5106119791666667,2.1154557291666665
24069,1,0.5,3,76800,76800,1.0,0.8747395833333333,0.8747395833333333,0.42734375,1.9271223958333332
24069,2,1.0,0,76800,76800,1.0,0.8833072916666667,0.8833072916666667,0.44671875,2.016302083333333
24069,2,1.0,1,76800,76800,1.0,0.845078125,0.845078125,0.417578125,1.8800651041666667
24069,2,1.0,2,76800,76800,1.0,0.8984505208333333,0.8984505208333333,0.4972265625,2.1040625
24069,2,1.0,3,76800,76800,1.0,0.8752213541666667,0.8752213541666667,0.4162239583333333,1.9088541666666667
24070,0,0.0,0,76800,76800,1.0,0.9845833333333334,0.9845833333333334,0.68953125,2.5251692708333335
24070,0,0.0,1,76800,76800,1.0,0.9772135416666666,0.9772135416666666,0.7821614583333333,2.6628645833333335
24070,0,0.0,2,76800,76800,1.0,0.7611328125,0.7611328125,0.5217447916666667,1.9110546875
24070,0,0.0,3,76800,76800,1.0,0.9799609375,0.9799609375,0.8314973958333334,2.7573828125
24070,1,0.5,0,76800,76800,1.0,0.9820963541666666,0.9820963541666666,0.6894270833333334,2.524296875
24070,1,0.5,1,76800,76800,1.0,0.9757421875,0.9757421875,0.78140625,2.6620833333333334
24070,1,0.5,2,76800,76800,1.0,0.7527994791666667,0.7527994791666667,0.5238541666666666,1.9058072916666666
24070,1,0.5,3,76800,76800,1.0,0.9800911458333333,0.9800911458333333,0.8299739583333333,2.7513020833333335
24070,2,1.0,0,76800,76800,1.0,0.9821875,0.9821875,0.6885677083333334,2.519401041666667
24070,2,1.0,1,76800,76800,1.0,0.9677864583333333,0.9677864583333333,0.7829427083333333,2.6599609375
24070,2,1.0,2,76800,76800,1.0,0.7429296875,0.7429296875,0.5242447916666667,1.89359375
24070,2,1.0,3,76800,76800,1.0,0.9803515625,0.9803515625,0.8309635416666666,2.754765625
24071,0,0.0,0,76800,76800,1.0,0.9608723958333333,0.9608723958333333,0.5563932291666667,2.3343619791666668
24071,0,0.0,1,76800,76800,1.0,0.8366796875,0.8366796875,0.455703125,1.9259114583333334
24071,0,0.0,2,76800,76800,1.0,0.9258333333333333,0.9258333333333333,0.4030078125,1.9224869791666668
24071,0,0.0,3,76800,76800,1.0,0.9784505208333333,0.9784505208333333,0.8125260416666666,2.7095182291666666
24071,1,0.5,0,76800,76800,1.0,0.9651692708333334,0.9651692708333334,0.5328385416666667,2.327317708333333
24071,1,0.5,1,76800,76800,1.0,0.8371614583333333,0.8371614583333333,0.420703125,1.8873046875
24071,1,0.5,2,76800,76800,1.0,0.9206640625,0.9206640625,0.3856640625,1.9133333333333333
24071,1,0.5,3,76800,76800,1.0,0.9772395833333334,0.9772395833333334,0.7775260416666666,2.660325520833333
24071,2,1.0,0,76800,76800,1.0,0.9717317708333333,0.9717317708333333,0.49829427083333333,2.299127604166667
24071,2,1.0,1,76800,76800,1.0,0.832890625,0.832890625,0.3794921875,1.8269140625
24071,2,1.0,2,76800,76800,1.0,0.8975520833333334,0.8975520833333334,0.36279947916666666,1.8737760416666667
24071,2,1.0,3,76800,76800,1.0,0.9661588541666667,0.9661588541666667,0.7303385416666667,2.5688541666666667
24072,0,0.0,0,76800,76800,1.0,0.9392317708333333,0.9392317708333333,0.5363932291666667,2.2479817708333334
24072,0,0.0,1,76800,76800,1.0,0.8537239583333334,0.8537239583333334,0.5480598958333334,2.1554557291666665
24072,0,0.0,2,76800,76800,1.0,0.9443880208333333,0.9443880208333333,0.66546875,2.4461067708333335
24072,0,0.0,3,76800,76800,1.0,0.877890625,0.877890625,0.49266927083333334,2.08421875
24072,1,0.5,0,76800,76800,1.0,0.9557682291666667,0.9557682291666667,0.5520572916666666,2.2978255208333334
24072,1,0.5,1,76800,76800,1.0,0.8237890625,0.8237890625,0.49950520833333334,2.042630208333333
24072,1,0.5,2,76800,76800,1.0,0.9470572916666666,0.9470572916666666,0.6620572916666667,2.4384765625
24072,1,0.5,3,76800,76800,1.0,0.8198307291666667,0.8198307291666667,0.4882421875,1.99609375
24072,2,1.0,0,76800,76800,1.0,0.9666276041666667,0.9666276041666667,0.5768229166666666,2.3624479166666665
24072,2,1.0,1,76800,76800,1.0,0.8097786458333334,0.8097786458333334,0.4738541666666667,1.9800651041666666
24072,2,1.0,2,76800,76800,1.0,0.9606119791666666,0.9606119791666666,0.6783984375,2.4930598958333334
24072,2,1.0,3,76800,76800,1.0,0.7818880208333333,0.7818880208333333,0.491171875,1.9435286458333334
24073,0,0.0,0,76800,76800,1.0,0.9765364583333334,0.9765364583333334,0.6161067708333333,2.499830729166667
24073,0,0.0,1,76800,76800,1.0,0.7918880208333333,0.7918880208333333,0.5658072916666667,2.08046875
24073,0,0.0,2,76800,76800,1.0,0.8938802083333334,0.8938802083333334,0.7028515625,2.4157682291666664
24073,0,0.0,3,76800,76800,1.0,0.9491796875,0.9491796875,0.5508984375,2.315169270833333
24073,1,0.5,0,76800,76800,1.0,0.9772395833333334,0.9772395833333334,0.6099739583333333,2.4977994791666664
24073,1,0.5,1,76800,76800,1.0,0.7829166666666667,0.7829166666666667,0.562265625,2.062200520833333
24073,1,0.5,2,76800,76800,1.0,0.8856510416666666,0.8856510416666666,0.6996484375,2.3998177083333334
24073,1,0.5,3,76800,76800,1.0,0.9548177083333333,0.9548177083333333,0.5527604166666666,2.3391927083333335
24073,2,1.0,0,76800,76800,1.0,0.978359375,0.978359375,0.598984375,2.4873567708333333
24073,2,1.0,1,76800,76800,1.0,0.768984375,0.768984375,0.5557291666666667,2.0298697916666666
24073,2,1.0,2,76800,76800,1.0,0.8774088541666667,0.8774088541666667,0.6900911458333333,2.3759895833333333
24073,2,1.0,3,76800,76800,1.0,0.9620052083333334,0.9620052083333334,0.5512239583333334,2.3587239583333335
24074,0,0.0,0,76800,76800,1.0,0.9942057291666667,0.9942057291666667,0.5093098958333333,2.4101302083333334
24074,0,0.0,1,76800,76800,1.0,0.9928645833333334,0.9928645833333334,0.6326432291666667,2.4789322916666667
24074,0,0.0,2,76800,76800,1.0,0.9405989583333333,0.9405989583333333,0.6750651041666667,2.4991276041666666
24074,0,0.0,3,76800,76800,1.0,0.7436197916666667,0.7436197916666667,0.34848958333333335,1.6959635416666667
24074,1,0.5,0,76800,76800,1.0,0.9898958333333333,0.9898958333333333,0.5081901041666667,2.3946484375
24074,1,0.5,1,76800,76800,1.0,0.9921484375,0.9921484375,0.6328645833333333,2.4715234375
24074,1,0.5,2,76800,76800,1.0,0.9255598958333333,0.9255598958333333,0.6668489583333334,2.4600390625
24074,1,0.5,3,76800,76800,1.0,0.7507291666666667,0.7507291666666667,0.34671875,1.7025390625
24074,2,1.0,0,76800,76800,1.0,0.9837760416666667,0.9837760416666667,0.501015625,2.3627604166666667
24074,2,1.0,1,76800,76800,1.0,0.9930208333333334,0.9930208333333334,0.6296484375,2.4642578125
24074,2,1.0,2,76800,76800,1.0,0.9184375,0.9184375,0.6476822916666667,2.4057161458333334
24074,2,1.0,3,76800,76800,1.0,0.7627473958333333,0.7627473958333333,0.3408333333333333,1.6980338541666666
24075,0,0.0,0,76800,76800,1.0,0.8557552083333333,0.8557552083333333,0.3564322916666667,1.772734375
24075,0,0.0,1,76800,76800,1.0,0.9223958333333333,0.9223958333333333,0.48342447916666664,2.1455338541666666
24075,0,0.0,2,76800,76800,1.0,0.9085677083333333,0.9085677083333333,0.4096875,1.9817578125
24075,0,0.0,3,76800,76800,1.0,0.9212760416666667,0.9212760416666667,0.5428125,2.204817708333333
24075,1,0.5,0,76800,76800,1.0,0.8761197916666666,0.8761197916666666,0.3727213541666667,1.8243880208333334
24075,1,0.5,1,76800,76800,1.0,0.9217447916666667,0.9217447916666667,0.49759114583333336,2.1704947916666666
24075,1,0.5,2,76800,76800,1.0,0.89921875,0.89921875,0.4215234375,1.9715625
24075,1,0.5,3,76800,76800,1.0,0.9159895833333334,0.9159895833333334,0.5670963541666667,2.2368359375
24075,2,1.0,0,76800,76800,1.0,0.8850651041666666,0.8850651041666666,0.393203125,1.8848697916666666
24075,2,1.0,1,76800,76800,1.0,0.9181901041666667,0.9181901041666667,0.5115234375,2.2004296875
24075,2,1.0,2,76800,76800,1.0,0.9242317708333333,0.9242317708333333,0.44278645833333335,2.0413411458333335
24075,2,1.0,3,76800,76800,1.0,0.9023958333333333,0.9023958333333333,0.5839583333333334,2.2505989583333332
24076,0,0.0,0,76800,76800,1.0,0.9966015625,0.9966015625,0.53578125,2.3887239583333333
24076,0,0.0,1,76800,76800,1.0,0.8448046875,0.8448046875,0.5105989583333334,2.1098177083333334
24076,0,0.0,2,76800,76800,1.0,0.7909895833333334,0.7909895833333334,0.5052604166666667,1.9887890625
24076,0,0.0,3,76800,76800,1.0,0.832109375,0.832109375,0.6075520833333333,2.200833333333333
24076,1,0.5,0,76800,76800,1.0,0.9973697916666666,0.9973697916666666,0.6740104166666666,2.5441276041666665
24076,1,0.5,1,76800,76800,1.0,0.8921875,0.8921875,0.6037369791666667,2.2700520833333333
24076,1,0.5,2,76800,76800,1.0,0.8149088541666667,0.8149088541666667,0.5893619791666667,2.1322526041666667
24076,1,0.5,3,76800,76800,1.0,0.9354947916666667,0.9354947916666667,0.7788020833333333,2.5430208333333333
24076,2,1.0,0,76800,76800,1.0,0.9898958333333333,0.9898958333333333,0.7263541666666666,2.626744791666667
24076,2,1.0,1,76800,76800,1.0,0.8971875,0.8971875,0.630078125,2.3393489583333333
24076,2,1.0,2,76800,76800,1.0,0.8540494791666666,0.8540494791666666,0.5964583333333333,2.216158854166667
24076,2,1.0,3,76800,76800,1.0,0.9895442708333333,0.9895442708333333,0.8556640625,2.7627083333333333
24077,0,0.0,0,76800,76800,1.0,0.93890625,0.93890625,0.4386067708333333,2.09046875
24077,0,0.0,1,76800,76800,1.0,0.843828125,0.843828125,0.40958333333333335,1.904296875
24077,0,0.0,2,76800,76800,1.0,0.9367447916666667,0.9367447916666667,0.49188802083333333,2.229375
24077,0,0.0,3,76800,76800,1.0,0.9277604166666666,0.9277604166666666,0.6002994791666667,2.3167838541666668
24077,1,0.5,0,76800,76800,1.0,0.949921875,0.949921875,0.43625,2.0970442708333334
24077,1,0.5,1,76800,76800,1.0,0.8538802083333333,0.8538802083333333,0.4042578125,1.9019010416666666
24077,1,0.5,2,76800,76800,1.0,0.9376302083333333,0.9376302083333333,0.4902734375,2.2295572916666666
24077,1,0.5,3,76800,76800,1.0,0.9286067708333333,0.9286067708333333,0.6003645833333333,2.316875
24077,2,1.0,0,76800,76800,1.0,0.9516015625,0.9516015625,0.4330338541666667,2.090546875
24077,2,1.0,1,76800,76800,1.0,0.8403515625,0.8403515625,0.3995703125,1.8729427083333334
24077,2,1.0,2,76800,76800,1.0,0.9266276041666667,0.9266276041666667,0.491328125,2.2179296875
24077,2,1.0,3,76800,76800,1.0,0.9270572916666666,0.9270572916666666,0.6018359375,2.3153125
24078,0,0.0,0,76800,76800,1.0,0.9691015625,0.9691015625,0.6602083333333333,2.4795703125
24078,0,0.0,1,76800,76800,1.0,0.9317447916666667,0.9317447916666667,0.6982552083333333,2.4598046875
24078,0,0.0,2,76800,76800,1.0,0.9548177083333333,0.9548177083333333,0.6262890625,2.3540104166666667
24078,0,0.0,3,76800,76800,1.0,0.8530338541666667,0.8530338541666667,0.5663411458333333,2.1220182291666667
24078,1,0.5,0,76800,76800,1.0,0.9705989583333333,0.9705989583333333,0.6693619791666666,2.4943619791666665
24078,1,0.5,1,76800,76800,1.0,0.9337239583333333,0.9337239583333333,0.7047005208333333,2.4708203125
24078,1,0.5,2,76800,76800,1.0,0.9595052083333333,0.9595052083333333,0.6265625,2.3521354166666666
24078,1,0.5,3,76800,76800,1.0,0.8673697916666666,0.8673697916666666,0.5796484375,2.1553776041666666
24078,2,1.0,0,76800,76800,1.0,0.9719791666666666,0.9719791666666666,0.6815364583333333,2.5084375
24078,2,1.0,1,76800,76800,1.0,0.935,0.935,0.7060546875,2.4745442708333334
24078,2,1.0,2,76800,76800,1.0,0.9582942708333333,0.9582942708333333,0.6265364583333334,2.3468619791666665
24078,2,1.0,3,76800,76800,1.0,0.8819791666666666,0.8819791666666666,0.5875520833333333,2.186015625
24079,0,0.0,0,76800,76800,1.0,0.9924088541666667,0.9924088541666667,0.54546875,2.3908723958333336
24079,0,0.0,1,76800,76800,1.0,0.9241145833333333,0.9241145833333333,0.6311588541666666,2.4196875
24079,0,0.0,2,76800,76800,1.0,0.9742057291666667,0.9742057291666667,0.5788932291666666,2.4408333333333334
24079,0,0.0,3,76800,76800,1.0,0.8684244791666667,0.8684244791666667,0.6410807291666667,2.2670182291666667
24079,1,0.5,0,76800,76800,1.0,0.9892838541666666,0.9892838541666666,0.6168619791666666,2.4659114583333333
24079,1,0.5,1,76800,76800,1.0,0.9348828125,0.9348828125,0.7048567708333333,2.5313671875
24079,1,0.5,2,76800,76800,1.0,0.9647005208333334,0.9647005208333334,0.6612890625,2.5309375
24079,1,0.5,3,76800,76800,1.0,0.9091927083333333,0.9091927083333333,0.6976302083333333,2.402109375
24079,2,1.0,0,76800,76800,1.0,0.9845703125,0.9845703125,0.6899088541666667,2.5409114583333334
24079,2,1.0,1,76800,76800,1.0,0.9523046875,0.9523046875,0.7666927083333334,2.6173828125
24079,2,1.0,2,76800,76800,1.0,0.9769661458333333,0.9769661458333333,0.7421875,2.640859375
24079,2,1.0,3,76800,76800,1.0,0.9468489583333334,0.9468489583333334,0.7499479166666667,2.5302734375
24080,0,0.0,0,76800,76800,1.0,0.9496354166666666,0.9496354166666666,0.5262369791666667,2.2428385416666665
24080,0,0.0,1,76800,76800,1.0,0.9112890625,0.9112890625,0.6851953125,2.4076692708333334
24080,0,0.0,2,76800,76800,1.0,0.7229427083333333,0.7229427083333333,0.45329427083333335,1.7866015625
24080,0,0.0,3,76800,76800,1.0,0.9652994791666667,0.9652994791666667,0.556640625,2.366510416666667
24080,1,0.5,0,76800,76800,1.0,0.95234375,0.95234375,0.549765625,2.26953125
24080,1,0.5,1,76800,76800,1.0,0.9209375,0.9209375,0.7033723958333333,2.4502473958333333
24080,1,0.5,2,76800,76800,1.0,0.7270052083333334,0.7270052083333334,0.4755729166666667,1.8176432291666667
24080,1,0.5,3,76800,76800,1.0,0.9668880208333334,0.9668880208333334,0.5863411458333333,2.4019401041666666
24080,2,1.0,0,76800,76800,1.0,0.9541276041666666,0.9541276041666666,0.5455729166666666,2.2519401041666667
24080,2,1.0,1,76800,76800,1.0,0.9140104166666667,0.9140104166666667,0.6851953125,2.414231770833333
24080,2,1.0,2,76800,76800,1.0,0.7298567708333333,0.7298567708333333,0.47686197916666667,1.8156770833333333
24080,2,1.0,3,76800,76800,1.0,0.9598697916666666,0.9598697916666666,0.588203125,2.3849479166666665
24081,0,0.0,0,76800,76800,1.0,0.9658463541666666,0.9658463541666666,0.6296484375,2.4645572916666665
24081,0,0.0,1,76800,76800,1.0,0.9844010416666666,0.9844010416666666,0.6626041666666667,2.559309895833333
24081,0,0.0,2,76800,76800,1.0,0.9306640625,0.9306640625,0.5323177083333334,2.2230598958333334
24081,0,0.0,3,76800,76800,1.0,0.8825130208333334,0.8825130208333334,0.6903125,2.3734375
24081,1,0.5,0,76800,76800,1.0,0.9773567708333334,0.9773567708333334,0.6535026041666666,2.4907291666666667
24081,1,0.5,1,76800,76800,1.0,0.9624088541666667,0.9624088541666667,0.7027213541666667,2.570182291666667
24081,1,0.5,2,76800,76800,1.0,0.9554296875,0.9554296875,0.571796875,2.3061848958333333
24081,1,0.5,3,76800,76800,1.0,0.8717447916666666,0.8717447916666666,0.6700130208333334,2.322890625
24081,2,1.0,0,76800,76800,1.0,0.9772005208333333,0.9772005208333333,0.6517317708333333,2.4917317708333333
24081,2,1.0,1,76800,76800,1.0,0.936171875,0.936171875,0.7552734375,2.5790885416666667
24081,2,1.0,2,76800,76800,1.0,0.971875,0.971875,0.588203125,2.3811067708333336
24081,2,1.0,3,76800,76800,1.0,0.8925911458333333,0.8925911458333333,0.60671875,2.311354166666667
24082,0,0.0,0,76800,76800,1.0,0.9397135416666667,0.9397135416666667,0.6014453125,2.272291666666667
24082,0,0.0,1,76800,76800,1.0,0.9915364583333334,0.9915364583333334,0.7651432291666667,2.6507552083333334
24082,0,0.0,2,76800,76800,1.0,0.9923567708333333,0.9923567708333333,0.8118619791666667,2.7717057291666665
24082,0,0.0,3,76800,76800,1.0,0.9196484375,0.9196484375,0.654453125,2.3461197916666667
24082,1,0.5,0,76800,76800,1.0,0.895859375,0.895859375,0.6582161458333333,2.3299348958333335
24082,1,0.5,1,76800,76800,1.0,0.986875,0.986875,0.8249479166666667,2.7226822916666666
24082,1,0.5,2,76800,76800,1.0,0.9960026041666666,0.9960026041666666,0.8490494791666666,2.8245442708333335
24082,1,0.5,3,76800,76800,1.0,0.9181901041666667,0.9181901041666667,0.7060416666666667,2.451940104166667
24082,2,1.0,0,76800,76800,1.0,0.9192838541666667,0.9192838541666667,0.6263541666666667,2.3269661458333335
24082,2,1.0,1,76800,76800,1.0,0.9744270833333334,0.9744270833333334,0.7359114583333334,2.5944010416666665
24082,2,1.0,2,76800,76800,1.0,0.9811197916666666,0.9811197916666666,0.7748177083333333,2.673697916666667
24082,2,1.0,3,76800,76800,1.0,0.8573307291666666,0.8573307291666666,0.6013151041666667,2.193619791666667
24083,0,0.0,0,76800,76800,1.0,0.9070442708333334,0.9070442708333334,0.48854166666666665,2.1054166666666667
24083,0,0.0,1,76800,76800,1.0,0.8064973958333334,0.8064973958333334,0.4378125,1.8755989583333332
24083,0,0.0,2,76800,76800,1.0,0.8654296875,0.8654296875,0.50375,2.0683333333333334
24083,0,0.0,3,76800,76800,1.0,0.9065494791666666,0.9065494791666666,0.5117838541666667,2.1411067708333333
24083,1,0.5,0,76800,76800,1.0,0.92,0.92,0.49734375,2.135611979166667
24083,1,0.5,1,76800,76800,1.0,0.8320052083333334,0.8320052083333334,0.44973958333333336,1.9175390625
24083,1,0.5,2,76800,76800,1.0,0.8698958333333333,0.8698958333333333,0.5096484375,2.0930989583333335
24083,1,0.5,3,76800,76800,1.0,0.87578125,0.87578125,0.5101302083333333,2.0818359375
24083,2,1.0,0,76800,76800,1.0,0.9176432291666666,0.9176432291666666,0.5188151041666667,2.1655078125
24083,2,1.0,1,76800,76800,1.0,0.8382291666666667,0.8382291666666667,0.46915364583333335,1.9672005208333334
24083,2,1.0,2,76800,76800,1.0,0.8915494791666667,0.8915494791666667,0.5242708333333334,2.1407161458333333
24083,2,1.0,3,76800,76800,1.0,0.885546875,0.885546875,0.515546875,2.1111458333333335
24084,0,0.0,0,76800,76800,1.0,0.9810546875,0.9810546875,0.6319010416666667,2.4919401041666664
24084,0,0.0,1,76800,76800,1.0,0.794765625,0.794765625,0.4605078125,1.9282682291666666
24084,0,0.0,2,76800,76800,1.0,0.9075260416666666,0.9075260416666666,0.7251041666666667,2.456822916666667
24084,0,0.0,3,76800,76800,1.0,0.9814453125,0.9814453125,0.6030338541666667,2.5002734375
24084,1,0.5,0,76800,76800,1.0,0.9681640625,0.9681640625,0.6502734375,2.4942057291666666
24084,1,0.5,1,76800,76800,1.0,0.7875911458333333,0.7875911458333333,0.47454427083333334,1.928515625
24084,1,0.5,2,76800,76800,1.0,0.9234635416666667,0.9234635416666667,0.7419401041666667,2.5013671875
24084,1,0.5,3,76800,76800,1.0,0.9820572916666667,0.9820572916666667,0.62375,2.5075260416666665
24084,2,1.0,0,76800,76800,1.0,0.9517838541666667,0.9517838541666667,0.6601432291666667,2.4940494791666667
24084,2,1.0,1,76800,76800,1.0,0.7792447916666667,0.7792447916666667,0.4809375,1.917734375
24084,2,1.0,2,76800,76800,1.0,0.9355859375,0.9355859375,0.74984375,2.5285546875
24084,2,1.0,3,76800,76800,1.0,0.9857942708333334,0.9857942708333334,0.6323828125,2.5067317708333334
24085,0,0.0,0,76800,76800,1.0,0.9661328125,0.9661328125,0.6534765625,2.4759505208333334
24085,0,0.0,1,76800,76800,1.0,0.9935546875,0.9935546875,0.8802864583333333,2.840078125
24085,0,0.0,2,76800,76800,1.0,0.8786588541666667,0.8786588541666667,0.6049869791666667,2.2782291666666667
24085,0,0.0,3,76800,76800,1.0,0.9501302083333333,0.9501302083333333,0.699296875,2.5402604166666665
24085,1,0.5,0,76800,76800,1.0,0.9813411458333333,0.9813411458333333,0.6574609375,2.4951953125
24085,1,0.5,1,76800,76800,1.0,0.9934114583333333,0.9934114583333333,0.88453125,2.840559895833333
24085,1,0.5,2,76800,76800,1.0,0.8894010416666667,0.8894010416666667,0.6074479166666666,2.2884635416666668
24085,1,0.5,3,76800,76800,1.0,0.9545442708333334,0.9545442708333334,0.7022395833333334,2.553072916666667
24085,2,1.0,0,76800,76800,1.0,0.964140625,0.964140625,0.6571744791666667,2.4701692708333334
24085,2,1.0,1,76800,76800,1.0,0.9925130208333334,0.9925130208333334,0.8832421875,2.8348828125
24085,2,1.0,2,76800,76800,1.0,0.8768359375,0.8768359375,0.6073177083333333,2.270247395833333
24085,2,1.0,3,76800,76800,1.0,0.957734375,0.957734375,0.7023046875,2.5538932291666665
24086,0,0.0,0,76800,76800,1.0,0.9706640625,0.9706640625,0.7379427083333333,2.592604166666667
24086,0,0.0,1,76800,76800,1.0,0.8980338541666667,0.8980338541666667,0.5785807291666667,2.2009505208333335
24086,0,0.0,2,76800,76800,1.0,0.9677994791666666,0.9677994791666666,0.7035026041666667,2.5459375
24086,0,0.0,3,76800,76800,1.0,0.8502083333333333,0.8502083333333333,0.5605208333333334,2.1045703125
24086,1,0.5,0,76800,76800,1.0,0.9727473958333334,0.9727473958333334,0.7397786458333333,2.599309895833333
24086,1,0.5,1,76800,76800,1.0,0.89734375,0.89734375,0.5769791666666667,2.2032682291666665
24086,1,0.5,2,76800,76800,1.0,0.9690755208333334,0.9690755208333334,0.7044010416666666,2.5534765625
24086,1,0.5,3,76800,76800,1.0,0.8536588541666666,0.8536588541666666,0.5584244791666667,2.1078515625
24086,2,1.0,0,76800,76800,1.0,0.9692057291666667,0.9692057291666667,0.7206770833333334,2.571028645833333
24086,2,1.0,1,76800,76800,1.0,0.8985546875,0.8985546875,0.5641927083333333,2.1947916666666667
24086,2,1.0,2,76800,76800,1.0,0.965234375,0.965234375,0.686015625,2.5240104166666666
24086,2,1.0,3,76800,76800,1.0,0.860703125,0.860703125,0.5469010416666666,2.1095963541666665
24087,0,0.0,0,76800,76800,1.0,0.9752994791666667,0.9752994791666667,0.783046875,2.6720182291666665
24087,0,0.0,1,76800,76800,1.0,0.9523958333333333,0.9523958333333333,0.6584635416666667,2.4437630208333334
24087,0,0.0,2,76800,76800,1.0,0.9026171875,0.9026171875,0.6822526041666667,2.409296875
24087,0,0.0,3,76800,76800,1.0,0.84203125,0.84203125,0.5813151041666667,2.1572395833333333
24087,1,0.5,0,76800,76800,1.0,0.9839583333333334,0.9839583333333334,0.8147265625,2.7436979166666666
24087,1,0.5,1,76800,76800,1.0,0.9385677083333334,0.9385677083333334,0.685234375,2.467903645833333
24087,1,0.5,2,76800,76800,1.0,0.9287890625,0.9287890625,0.7367057291666667,2.517317708333333
24087,1,0.5,3,76800,76800,1.0,0.812109375,0.812109375,0.6008463541666667,2.1429817708333334
24087,2,1.0,0,76800,76800,1.0,0.9765885416666666,0.9765885416666666,0.7263541666666666,2.5865494791666666
24087,2,1.0,1,76800,76800,1.0,0.8874348958333333,0.8874348958333333,0.6209635416666667,2.2831901041666667
24087,2,1.0,2,76800,76800,1.0,0.9382291666666667,0.9382291666666667,0.7060546875,2.4678515625
24087,2,1.0,3,76800,76800,1.0,0.7640755208333333,0.7640755208333333,0.5439322916666667,1.9630729166666667
24088,0,0.0,0,76800,76800,1.0,0.9564453125,0.9564453125,0.6427734375,2.3710026041666667
24088,0,0.0,1,76800,76800,1.0,0.948515625,0.948515625,0.70484375,2.5036197916666665
24088,0,0.0,2,76800,76800,1.0,0.6840494791666667,0.6840494791666667,0.4480208333333333,1.6676171875
24088,0,0.0,3,76800,76800,1.0,0.960625,0.960625,0.835078125,2.6922395833333335
24088,1,0.5,0,76800,76800,1.0,0.9523567708333334,0.9523567708333334,0.6358984375,2.36640625
24088,1,0.5,1,76800,76800,1.0,0.9504427083333333,0.9504427083333333,0.6994140625,2.5026953125
24088,1,0.5,2,76800,76800,1.0,0.6748958333333334,0.6748958333333334,0.443828125,1.6573958333333334
24088,1,0.5,3,76800,76800,1.0,0.9563671875,0.9563671875,0.8268098958333333,2.6719140625
24088,2,1.0,0,76800,76800,1.0,0.9469140625,0.9469140625,0.6263932291666666,2.3551953125
24088,2,1.0,1,76800,76800,1.0,0.9484244791666666,0.9484244791666666,0.689765625,2.4962109375
24088,2,1.0,2,76800,76800,1.0,0.6714192708333333,0.6714192708333333,0.43647135416666666,1.6509375
24088,2,1.0,3,76800,76800,1.0,0.9517317708333334,0.9517317708333334,0.8160026041666667,2.650559895833333
24089,0,0.0,0,76800,76800,1.0,0.9904817708333333,0.9904817708333333,0.6741536458333334,2.63015625
24089,0,0.0,1,76800,76800,1.0,0.976875,0.976875,0.5635807291666667,2.3570572916666666
24089,0,0.0,2,76800,76800,1.0,0.9284505208333333,0.9284505208333333,0.7621614583333334,2.5386848958333332
24089,0,0.0,3,76800,76800,1.0,0.8360286458333334,0.8360286458333334,0.5438671875,2.119270833333333
24089,1,0.5,0,76800,76800,1.0,0.9902604166666666,0.9902604166666666,0.6675911458333333,2.6214192708333335
24089,1,0.5,1,76800,76800,1.0,0.9754817708333333,0.9754817708333333,0.5569270833333333,2.3501302083333333
24089,1,0.5,2,76800,76800,1.0,0.9292708333333334,0.9292708333333334,0.7523177083333333,2.5271614583333335
24089,1,0.5,3,76800,76800,1.0,0.8299348958333334,0.8299348958333334,0.537265625,2.096640625
24089,2,1.0,0,76800,76800,1.0,0.9914192708333334,0.9914192708333334,0.658046875,2.6147786458333333
24089,2,1.0,1,76800,76800,1.0,0.972109375,0.972109375,0.5504166666666667,2.3403255208333333
24089,2,1.0,2,76800,76800,1.0,0.9266796875,0.9266796875,0.7418880208333334,2.5083203125
24089,2,1.0,3,76800,76800,1.0,0.826015625,0.826015625,0.5313411458333334,2.0805208333333334
24090,0,0.0,0,76800,76800,1.0,0.9705598958333334,0.9705598958333334,0.5533333333333333,2.264375
24090,0,0.0,1,76800,76800,1.0,0.6473958333333333,0.6473958333333333,0.37671875,1.514375
24090,0,0.0,2,76800,76800,1.0,0.9777213541666666,0.9777213541666666,0.7968359375,2.7092578125
24090,0,0.0,3,76800,76800,1.0,0.9824739583333333,0.9824739583333333,0.7265104166666667,2.6386848958333333
24090,1,0.5,0,76800,76800,1.0,0.9745442708333333,0.9745442708333333,0.5572005208333334,2.2548567708333334
24090,1,0.5,1,76800,76800,1.0,0.6462630208333333,0.6462630208333333,0.37904947916666665,1.5024479166666667
24090,1,0.5,2,76800,76800,1.0,0.9754036458333334,0.9754036458333334,0.8010286458333333,2.7025
24090,1,0.5,3,76800,76800,1.0,0.9814583333333333,0.9814583333333333,0.7344010416666666,2.6437109375
24090,2,1.0,0,76800,76800,1.0,0.9717578125,0.9717578125,0.5421484375,2.2411848958333334
24090,2,1.0,1,76800,76800,1.0,0.6478776041666666,0.6478776041666666,0.37397135416666666,1.5068229166666667
24090,2,1.0,2,76800,76800,1.0,0.9723307291666666,0.9723307291666666,0.764765625,2.6513802083333333
24090,2,1.0,3,76800,76800,1.0,0.98296875,0.98296875,0.7088541666666667,2.617903645833333
24091,0,0.0,0,76800,76800,1.0,0.8552864583333334,0.8552864583333334,0.5298958333333333,2.1123046875
24091,0,0.0,1,76800,76800,1.0,0.9810546875,0.9810546875,0.7149609375,2.616549479166667
24091,0,0.0,2,76800,76800,1.0,0.970625,0.970625,0.7811458333333333,2.6636848958333332
24091,0,0.0,3,76800,76800,1.0,0.8402083333333333,0.8402083333333333,0.5953515625,2.1657421875
24091,1,0.5,0,76800,76800,1.0,0.86015625,0.86015625,0.5289453125,2.1132552083333334
24091,1,0.5,1,76800,76800,1.0,0.9819401041666667,0.9819401041666667,0.7239583333333334,2.6273958333333334
24091,1,0.5,2,76800,76800,1.0,0.9717578125,0.9717578125,0.7808854166666667,2.660494791666667
24091,1,0.5,3,76800,76800,1.0,0.8378385416666667,0.8378385416666667,0.6002734375,2.1648958333333335
24091,2,1.0,0,76800,76800,1.0,0.8627734375,0.8627734375,0.5218229166666667,2.0987369791666666
24091,2,1.0,1,76800,76800,1.0,0.9822005208333333,0.9822005208333333,0.7235677083333333,2.6313802083333333
24091,2,1.0,2,76800,76800,1.0,0.970546875,0.970546875,0.7737890625,2.6450651041666666
24091,2,1.0,3,76800,76800,1.0,0.8398567708333333,0.8398567708333333,0.5980729166666666,2.1654036458333334
24092,0,0.0,0,76800,76800,1.0,0.9587760416666666,0.9587760416666666,0.4825520833333333,2.208645833333333
24092,0,0.0,1,76800,76800,1.0,0.9374088541666666,0.9374088541666666,0.6356770833333333,2.385911458333333
24092,0,0.0,2,76800,76800,1.0,0.9848177083333334,0.9848177083333334,0.6114973958333333,2.4441927083333335
24092,0,0.0,3,76800,76800,1.0,0.9105859375,0.9105859375,0.4471484375,2.0687109375
24092,1,0.5,0,76800,76800,1.0,0.9767057291666666,0.9767057291666666,0.51640625,2.3037630208333333
24092,1,0.5,1,76800,76800,1.0,0.86609375,0.86609375,0.5906901041666667,2.20875
24092,1,0.5,2,76800,76800,1.0,0.9760677083333333,0.9760677083333333,0.6277994791666667,2.4346614583333333
24092,1,0.5,3,76800,76800,1.0,0.9107291666666667,0.9107291666666667,0.44830729166666666,2.0688020833333334
24092,2,1.0,0,76800,76800,1.0,0.9791927083333334,0.9791927083333334,0.5176171875,2.2909114583333334
24092,2,1.0,1,76800,76800,1.0,0.7884114583333334,0.7884114583333334,0.5262760416666666,1.9836979166666666
24092,2,1.0,2,76800,76800,1.0,0.9492578125,0.9492578125,0.5786979166666667,2.3051302083333334
24092,2,1.0,3,76800,76800,1.0,0.9016927083333334,0.9016927083333334,0.4343489583333333,2.0176171875
24093,0,0.0,0,76800,76800,1.0,0.9679427083333333,0.9679427083333333,0.6694140625,2.4933984375
24093,0,0.0,1,76800,76800,1.0,0.9437109375,0.9437109375,0.7018880208333333,2.5139583333333335
24093,0,0.0,2,76800,76800,1.0,0.8112630208333333,0.8112630208333333,0.46522135416666666,1.8909505208333333
24093,0,0.0,3,76800,76800,1.0,0.9461197916666667,0.9461197916666667,0.559765625,2.2550651041666665
24093,1,0.5,0,76800,76800,1.0,0.9685546875,0.9685546875,0.6660026041666667,2.4934765625
24093,1,0.5,1,76800,76800,1.0,0.9441927083333334,0.9441927083333334,0.7012369791666667,2.5168880208333335
24093,1,0.5,2,76800,76800,1.0,0.80703125,0.80703125,0.4623567708333333,1.8902864583333334
24093,1,0.5,3,76800,76800,1.0,0.9452083333333333,0.9452083333333333,0.5604947916666667,2.262526041666667
24093,2,1.0,0,76800,76800,1.0,0.9674609375,0.9674609375,0.6613932291666667,2.488203125
24093,2,1.0,1,76800,76800,1.0,0.94671875,0.94671875,0.6966145833333334,2.5146614583333333
24093,2,1.0,2,76800,76800,1.0,0.8023828125,0.8023828125,0.4554296875,1.8838151041666666
24093,2,1.0,3,76800,76800,1.0,0.9441666666666667,0.9441666666666667,0.5580338541666666,2.2661588541666666
24094,0,0.0,0,76800,76800,1.0,0.9205078125,0.9205078125,0.45059895833333335,2.116328125
24094,0,0.0,1,76800,76800,1.0,0.9062109375,0.9062109375,0.4303125,2.043815104166667
24094,0,0.0,2,76800,76800,1.0,0.8952473958333333,0.8952473958333333,0.5931770833333333,2.238515625
24094,0,0.0,3,76800,76800,1.0,0.756171875,0.756171875,0.3656640625,1.7090885416666666
24094,1,0.5,0,76800,76800,1.0,0.9235807291666667,0.9235807291666667,0.44841145833333335,2.113489583333333
24094,1,0.5,1,76800,76800,1.0,0.9116145833333333,0.9116145833333333,0.4276953125,2.0428125
24094,1,0.5,2,76800,76800,1.0,0.8923046875,0.8923046875,0.5890364583333333,2.2283203125
24094,1,0.5,3,76800,76800,1.0,0.7625260416666667,0.7625260416666667,0.36321614583333334,1.7082552083333333
24094,2,1.0,0,76800,76800,1.0,0.9225260416666666,0.9225260416666666,0.4437109375,2.1038411458333335
24094,2,1.0,1,76800,76800,1.0,0.9150911458333333,0.9150911458333333,0.4234765625,2.0367578125
24094,2,1.0,2,76800,76800,1.0,0.8929557291666667,0.8929557291666667,0.5840885416666667,2.225924479166667
24094,2,1.0,3,76800,76800,1.0,0.7669661458333333,0.7669661458333333,0.36161458333333335,1.7080338541666666
24095,0,0.0,0,76800,76800,1.0,0.9804296875,0.9804296875,0.7173958333333333,2.5224739583333333
24095,0,0.0,1,76800,76800,1.0,0.8329557291666667,0.8329557291666667,0.5616927083333333,2.0419661458333334
24095,0,0.0,2,76800,76800,1.0,0.9865104166666666,0.9865104166666666,0.8103515625,2.6919270833333333
24095,0,0.0,3,76800,76800,1.0,0.9939322916666666,0.9939322916666666,0.9063802083333333,2.867265625
24095,1,0.5,0,76800,76800,1.0,0.9894270833333333,0.9894270833333333,0.7003645833333333,2.4964973958333334
24095,1,0.5,1,76800,76800,1.0,0.8261848958333333,0.8261848958333333,0.5503255208333333,2.0048567708333334
24095,1,0.5,2,76800,76800,1.0,0.9852864583333333,0.9852864583333333,0.7896875,2.664296875
24095,1,0.5,3,76800,76800,1.0,0.9958333333333333,0.9958333333333333,0.886796875,2.8493359375
24095,2,1.0,0,76800,76800,1.0,0.9874348958333333,0.9874348958333333,0.6715494791666666,2.4683723958333332
24095,2,1.0,1,76800,76800,1.0,0.8216015625,0.8216015625,0.5315234375,1.9793359375
24095,2,1.0,2,76800,76800,1.0,0.977265625,0.977265625,0.753984375,2.6140755208333335
24095,2,1.0,3,76800,76800,1.0,0.9905989583333333,0.9905989583333333,0.8536067708333334,2.8042447916666666
24096,0,0.0,0,76800,76800,1.0,0.8956901041666666,0.8956901041666666,0.5856640625,2.27921875
24096,0,0.0,1,76800,76800,1.0,0.9582552083333333,0.9582552083333333,0.745234375,2.600859375
24096,0,0.0,2,76800,76800,1.0,0.9724088541666667,0.9724088541666667,0.6630989583333333,2.535286458333333
24096,0,0.0,3,76800,76800,1.0,0.9826171875,0.9826171875,0.7856901041666666,2.7059635416666667
24096,1,0.5,0,76800,76800,1.0,0.8888671875,0.8888671875,0.5686197916666667,2.2411328125
24096,1,0.5,1,76800,76800,1.0,0.957421875,0.957421875,0.7574348958333333,2.6098828125
24096,1,0.5,2,76800,76800,1.0,0.9676432291666667,0.9676432291666667,0.6443359375,2.48953125
24096,1,0.5,3,76800,76800,1.0,0.983671875,0.983671875,0.7705729166666667,2.6899739583333333
24096,2,1.0,0,76800,76800,1.0,0.8426692708333333,0.8426692708333333,0.5005338541666666,2.072057291666667
24096,2,1.0,1,76800,76800,1.0,0.9456640625,0.9456640625,0.6707682291666667,2.4731119791666667
24096,2,1.0,2,76800,76800,1.0,0.9646875,0.9646875,0.5768229166666666,2.3753515625
24096,2,1.0,3,76800,76800,1.0,0.9666276041666667,0.9666276041666667,0.6514713541666667,2.4971875
24097,0,0.0,0,76800,76800,1.0,0.926171875,0.926171875,0.5136979166666666,2.2042057291666666
24097,0,0.0,1,76800,76800,1.0,0.8155598958333333,0.8155598958333333,0.37385416666666665,1.7583854166666666
24097,0,0.0,2,76800,76800,1.0,0.9335807291666667,0.9335807291666667,0.6447265625,2.388203125
24097,0,0.0,3,76800,76800,1.0,0.8620572916666667,0.8620572916666667,0.39911458333333333,1.8643489583333333
24097,1,0.5,0,76800,76800,1.0,0.96609375,0.96609375,0.5740885416666667,2.3770052083333333
24097,1,0.5,1,76800,76800,1.0,0.8257682291666667,0.8257682291666667,0.4229427083333333,1.8532942708333333
24097,1,0.5,2,76800,76800,1.0,0.9675520833333333,0.9675520833333333,0.7261979166666667,2.5627864583333335
24097,1,0.5,3,76800,76800,1.0,0.854609375,0.854609375,0.444765625,1.9362890625
24097,2,1.0,0,76800,76800,1.0,0.9818489583333333,0.9818489583333333,0.6188541666666667,2.4899479166666665
24097,2,1.0,1,76800,76800,1.0,0.8425260416666667,0.8425260416666667,0.45848958333333334,1.9608984375
24097,2,1.0,2,76800,76800,1.0,0.9807421875,0.9807421875,0.7881770833333334,2.6875911458333333
24097,2,1.0,3,76800,76800,1.0,0.85015625,0.85015625,0.4727473958333333,2.003671875
24098,0,0.0,0,76800,76800,1.0,0.9256380208333334,0.9256380208333334,0.4626822916666667,2.1393619791666665
24098,0,0.0,1,76800,76800,1.0,0.7558463541666667,0.7558463541666667,0.3127213541666667,1.5811848958333334
24098,0,0.0,2,76800,76800,1.0,0.92296875,0.92296875,0.38600260416666665,1.9419661458333333
24098,0,0.0,3,76800,76800,1.0,0.8972786458333334,0.8972786458333334,0.5464453125,2.1757291666666667
24098,1,0.5,0,76800,76800,1.0,0.9297135416666666,0.9297135416666666,0.456640625,2.1347395833333334
24098,1,0.5,1,76800,76800,1.0,0.7605338541666666,0.7605338541666666,0.30475260416666666,1.5800130208333334
24098,1,0.5,2,76800,76800,1.0,0.926640625,0.926640625,0.3773958333333333,1.9380859375
24098,1,0.5,3,76800,76800,1.0,0.9006901041666666,0.9006901041666666,0.53671875,2.1597916666666666
24098,2,1.0,0,76800,76800,1.0,0.9300651041666667,0.9300651041666667,0.4515104166666667,2.1375911458333334
24098,2,1.0,1,76800,76800,1.0,0.7646484375,0.7646484375,0.3018619791666667,1.5867447916666666
24098,2,1.0,2,76800,76800,1.0,0.9271875,0.9271875,0.3732552083333333,1.9413541666666667
24098,2,1.0,3,76800,76800,1.0,0.8969921875,0.8969921875,0.5311458333333333,2.1511848958333335
24099,0,0.0,0,76800,76800,1.0,0.9510546875,0.9510546875,0.6365104166666666,2.42359375
24099,0,0.0,1,76800,76800,1.0,0.905625,0.905625,0.5923567708333334,2.2655078125
24099,0,0.0,2,76800,76800,1.0,0.9413020833333333,0.9413020833333333,0.6038671875,2.3353776041666667
24099,0,0.0,3,76800,76800,1.0,0.8948177083333333,0.8948177083333333,0.6233854166666667,2.2905859375
24099,1,0.5,0,76800,76800,1.0,0.9649088541666667,0.9649088541666667,0.6960807291666666,2.535364583333333
24099,1,0.5,1,76800,76800,1.0,0.9136979166666667,0.9136979166666667,0.6510677083333334,2.365364583333333
24099,1,0.5,2,76800,76800,1.0,0.9526432291666667,0.9526432291666667,0.656015625,2.428046875
24099,1,0.5,3,76800,76800,1.0,0.921171875,0.921171875,0.682734375,2.4237890625
24099,2,1.0,0,76800,76800,1.0,0.969453125,0.969453125,0.7463802083333333,2.6073307291666667
24099,2,1.0,1,76800,76800,1.0,0.9182161458333333,0.9182161458333333,0.6974739583333334,2.4352734375
24099,2,1.0,2,76800,76800,1.0,0.9388411458333333,0.9388411458333333,0.7001302083333333,2.466497395833333
24099,2,1.0,3,76800,76800,1.0,0.9279557291666667,0.9279557291666667,0.7315104166666667,2.5036588541666664
24100,0,0.0,0,76800,76800,1.0,0.9797526041666667,0.9797526041666667,0.7145833333333333,2.5982421875
24100,0,0.0,1,76800,76800,1.0,0.9474348958333333,0.9474348958333333,0.7010286458333334,2.5005859375
24100,0,0.0,2,76800,76800,1.0,0.87828125,0.87828125,0.5708984375,2.1902864583333335
24100,0,0.0,3,76800,76800,1.0,0.95359375,0.95359375,0.5800651041666667,2.308671875
24100,1,0.5,0,76800,76800,1.0,0.983828125,0.983828125,0.742578125,2.65609375
24100,1,0.5,1,76800,76800,1.0,0.9623046875,0.9623046875,0.7415494791666667,2.566197916666667
24100,1,0.5,2,76800,76800,1.0,0.8697135416666667,0.8697135416666667,0.5995442708333333,2.2322786458333335
24100,1,0.5,3,76800,76800,1.0,0.9572005208333333,0.9572005208333333,0.6084244791666666,2.3658203125
24100,2,1.0,0,76800,76800,1.0,0.9891145833333334,0.9891145833333334,0.7367317708333333,2.670690104166667
24100,2,1.0,1,76800,76800,1.0,0.9752864583333334,0.9752864583333334,0.7438932291666667,2.5796223958333333
24100,2,1.0,2,76800,76800,1.0,0.8319010416666667,0.8319010416666667,0.600078125,2.1994661458333336
24100,2,1.0,3,76800,76800,1.0,0.9487760416666666,0.9487760416666666,0.610234375,2.3791015625
24101,0,0.0,0,76800,76800,1.0,0.985859375,0.985859375,0.6112239583333333,2.4870182291666665
24101,0,0.0,1,76800,76800,1.0,0.7156119791666666,0.7156119791666666,0.44671875,1.7898828125
24101,0,0.0,2,76800,76800,1.0,0.97453125,0.97453125,0.679140625,2.5780598958333334
24101,0,0.0,3,76800,76800,1.0,0.8653645833333333,0.8653645833333333,0.6795572916666667,2.305872395833333
24101,1,0.5,0,76800,76800,1.0,0.9841796875,0.9841796875,0.618125,2.4864322916666666
24101,1,0.5,1,76800,76800,1.0,0.7107942708333334,0.7107942708333334,0.4515625,1.7870052083333334
24101,1,0.5,2,76800,76800,1.0,0.9696744791666667,0.9696744791666667,0.68421875,2.5686067708333336
24101,1,0.5,3,76800,76800,1.0,0.8701953125,0.8701953125,0.6866145833333334,2.32203125
24101,2,1.0,0,76800,76800,1.0,0.9808984375,0.9808984375,0.6226171875,2.48265625
24101,2,1.0,1,76800,76800,1.0,0.7066666666666667,0.7066666666666667,0.45412760416666664,1.783125
24101,2,1.0,2,76800,76800,1.0,0.9647786458333333,0.9647786458333333,0.689609375,2.5626041666666666
24101,2,1.0,3,76800,76800,1.0,0.8761588541666666,0.8761588541666666,0.6941145833333333,2.34125
24102,0,0.0,0,76800,76800,1.0,0.9343229166666667,0.9343229166666667,0.6130989583333334,2.332877604166667
24102,0,0.0,1,76800,76800,1.0,0.8511067708333333,0.8511067708333333,0.5176953125,2.0296614583333334
24102,0,0.0,2,76800,76800,1.0,0.8932682291666667,0.8932682291666667,0.5770052083333334,2.215234375
24102,0,0.0,3,76800,76800,1.0,0.9619921875,0.9619921875,0.69625,2.5310026041666664
24102,1,0.5,0,76800,76800,1.0,0.9446614583333334,0.9446614583333334,0.6868359375,2.504752604166667
24102,1,0.5,1,76800,76800,1.0,0.8648177083333334,0.8648177083333334,0.5792447916666666,2.1670052083333333
24102,1,0.5,2,76800,76800,1.0,0.9189322916666667,0.9189322916666667,0.5785286458333333,2.256028645833333
24102,1,0.5,3,76800,76800,1.0,0.9780598958333333,0.9780598958333333,0.7442578125,2.6376953125
24102,2,1.0,0,76800,76800,1.0,0.966875,0.966875,0.7171354166666667,2.559440104166667
24102,2,1.0,1,76800,76800,1.0,0.8971614583333334,0.8971614583333334,0.6172265625,2.2455208333333334
24102,2,1.0,2,76800,76800,1.0,0.8881119791666666,0.8881119791666666,0.5691145833333333,2.1497265625
24102,2,1.0,3,76800,76800,1.0,0.9822265625,0.9822265625,0.761875,2.6648046875
24103,0,0.0,0,76800,76800,1.0,0.9164973958333333,0.9164973958333333,0.6453125,2.3646354166666668
24103,0,0.0,1,76800,76800,1.0,0.9076822916666667,0.9076822916666667,0.5913802083333334,2.273567708333333
24103,0,0.0,2,76800,76800,1.0,0.914453125,0.914453125,0.6743619791666666,2.384375
24103,0,0.0,3,76800,76800,1.0,0.97265625,0.97265625,0.6515625,2.4847916666666667
24103,1,0.5,0,76800,76800,1.0,0.9192317708333333,0.9192317708333333,0.6523307291666667,2.3672786458333333
24103,1,0.5,1,76800,76800,1.0,0.9175651041666667,0.9175651041666667,0.6061588541666667,2.284348958333333
24103,1,0.5,2,76800,76800,1.0,0.937734375,0.937734375,0.6711197916666667,2.4151953125
24103,1,0.5,3,76800,76800,1.0,0.9663671875,0.9663671875,0.6656119791666667,2.472109375
24103,2,1.0,0,76800,76800,1.0,0.9104166666666667,0.9104166666666667,0.6221744791666667,2.3074739583333335
24103,2,1.0,1,76800,76800,1.0,0.8982552083333334,0.8982552083333334,0.5798958333333334,2.2271484375
24103,2,1.0,2,76800,76800,1.0,0.9167317708333333,0.9167317708333333,0.6385286458333334,2.3441927083333334
24103,2,1.0,3,76800,76800,1.0,0.9486328125,0.9486328125,0.6350651041666666,2.4019661458333332
24104,0,0.0,0,76800,76800,1.0,0.9848697916666667,0.9848697916666667,0.6868880208333333,2.6128255208333333
24104,0,0.0,1,76800,76800,1.0,0.8820052083333333,0.8820052083333333,0.5460026041666667,2.1595703125
24104,0,0.0,2,76800,76800,1.0,0.8934114583333334,0.8934114583333334,0.5519791666666667,2.1963411458333333
24104,0,0.0,3,76800,76800,1.0,0.9926171875,0.9926171875,0.8629947916666667,2.8173177083333334
24104,1,0.5,0,76800,76800,1.0,0.9948958333333333,0.9948958333333333,0.746875,2.70703125
24104,1,0.5,1,76800,76800,1.0,0.877109375,0.877109375,0.6016276041666667,2.251184895833333
24104,1,0.5,2,76800,76800,1.0,0.8466796875,0.8466796875,0.561484375,2.148268229166667
24104,1,0.5,3,76800,76800,1.0,0.9979036458333334,0.9979036458333334,0.9210026041666667,2.9034375
24104,2,1.0,0,76800,76800,1.0,0.9932942708333333,0.9932942708333333,0.6882421875,2.6346744791666667
24104,2,1.0,1,76800,76800,1.0,0.9108723958333333,0.9108723958333333,0.6343359375,2.3931901041666666
24104,2,1.0,2,76800,76800,1.0,0.8168229166666666,0.8168229166666666,0.50828125,2.046236979166667
24104,2,1.0,3,76800,76800,1.0,0.9985677083333333,0.9985677083333333,0.8636848958333333,2.8258463541666665
24105,0,0.0,0,76800,76800,1.0,0.9324088541666666,0.9324088541666666,0.469453125,2.1710546875
24105,0,0.0,1,76800,76800,1.0,0.9285807291666667,0.9285807291666667,0.5021223958333333,2.2015625
24105,0,0.0,2,76800,76800,1.0,0.9366276041666667,0.9366276041666667,0.6482161458333333,2.401640625
24105,0,0.0,3,76800,76800,1.0,0.9240755208333333,0.9240755208333333,0.4566927083333333,2.1057161458333336
24105,1,0.5,0,76800,76800,1.0,0.935546875,0.935546875,0.47165364583333336,2.1844791666666667
24105,1,0.5,1,76800,76800,1.0,0.9180989583333333,0.9180989583333333,0.49970052083333333,2.189791666666667
24105,1,0.5,2,76800,76800,1.0,0.9319401041666666,0.9319401041666666,0.6483203125,2.3968098958333335
24105,1,0.5,3,76800,76800,1.0,0.9191145833333333,0.9191145833333333,0.454921875,2.1003515625
24105,2,1.0,0,76800,76800,1.0,0.932578125,0.932578125,0.46412760416666665,2.1714713541666666
24105,2,1.0,1,76800,76800,1.0,0.9001692708333333,0.9001692708333333,0.4886328125,2.1497005208333335
24105,2,1.0,2,76800,76800,1.0,0.93265625,0.93265625,0.6390494791666667,2.38578125
24105,2,1.0,3,76800,76800,1.0,0.9128776041666666,0.9128776041666666,0.4497786458333333,2.0889453125
24106,0,0.0,0,76800,76800,1.0,0.9844270833333333,0.9844270833333333,0.7564322916666667,2.651236979166667
24106,0,0.0,1,76800,76800,1.0,0.9910546875,0.9910546875,0.8216536458333333,2.7679557291666668
24106,0,0.0,2,76800,76800,1.0,0.9381770833333334,0.9381770833333334,0.695078125,2.499869791666667
24106,0,0.0,3,76800,76800,1.0,0.9601171875,0.9601171875,0.6468880208333333,2.4397005208333336
24106,1,0.5,0,76800,76800,1.0,0.9928645833333334,0.9928645833333334,0.7285677083333333,2.6504166666666666
24106,1,0.5,1,76800,76800,1.0,0.9876692708333333,0.9876692708333333,0.7763541666666667,2.6935026041666665
24106,1,0.5,2,76800,76800,1.0,0.9345572916666667,0.9345572916666667,0.6727604166666666,2.5063932291666666
24106,1,0.5,3,76800,76800,1.0,0.9393098958333334,0.9393098958333334,0.6202994791666666,2.4103385416666665
24106,2,1.0,0,76800,76800,1.0,0.9879166666666667,0.9879166666666667,0.7541536458333333,2.6620052083333334
24106,2,1.0,1,76800,76800,1.0,0.9912760416666667,0.9912760416666667,0.7997395833333333,2.7069921875
24106,2,1.0,2,76800,76799,0.9999869791666667,0.9453776041666667,0.945389913931171,0.7096576778343469,2.555189520696884
24106,2,1.0,3,76800,76800,1.0,0.90765625,0.90765625,0.6433984375,2.3711848958333333
24107,0,0.0,0,76800,76800,1.0,0.9406510416666667,0.9406510416666667,0.5613802083333334,2.3047265625
24107,0,0.0,1,76800,76800,1.0,0.9070182291666666,0.9070182291666666,0.4915494791666667,2.0931380208333334
24107,0,0.0,2,76800,76800,1.0,0.8455989583333333,0.8455989583333333,0.44333333333333336,1.9289453125
24107,0,0.0,3,76800,76800,1.0,0.9160416666666666,0.9160416666666666,0.6225390625,2.3308333333333335
24107,1,0.5,0,76800,76800,1.0,0.9424739583333334,0.9424739583333334,0.5669661458333334,2.315559895833333
24107,1,0.5,1,76800,76800,1.0,0.9116796875,0.9116796875,0.4942317708333333,2.1070572916666666
24107,1,0.5,2,76800,76800,1.0,0.8497916666666666,0.8497916666666666,0.44600260416666665,1.9333203125
24107,1,0.5,3,76800,76800,1.0,0.9148046875,0.9148046875,0.6335677083333333,2.3448828125
24107,2,1.0,0,76800,76800,1.0,0.9514453125,0.9514453125,0.5762890625,2.3382682291666668
24107,2,1.0,1,76800,76800,1.0,0.919453125,0.919453125,0.5092447916666667,2.1355598958333335
24107,2,1.0,2,76800,76800,1.0,0.8572135416666666,0.8572135416666666,0.4478255208333333,1.9381510416666667
24107,2,1.0,3,76800,76800,1.0,0.926953125,0.926953125,0.6445052083333334,2.3745572916666666
24108,0,0.0,0,76800,76800,1.0,0.86984375,0.86984375,0.47673177083333335,1.9899869791666667
24108,0,0.0,1,76800,76800,1.0,0.9009114583333333,0.9009114583333333,0.5802083333333333,2.2301822916666665
24108,0,0.0,2,76800,76800,1.0,0.8961458333333333,0.8961458333333333,0.521328125,2.1119921875
24108,0,0.0,3,76800,76800,1.0,0.9436588541666666,0.9436588541666666,0.630078125,2.4090234375
24108,1,0.5,0,76800,76800,1.0,0.9174088541666666,0.9174088541666666,0.4691666666666667,2.0271484375
24108,1,0.5,1,76800,76800,1.0,0.8981119791666666,0.8981119791666666,0.567265625,2.2070833333333333
24108,1,0.5,2,76800,76800,1.0,0.9153776041666667,0.9153776041666667,0.51140625,2.1152213541666667
24108,1,0.5,3,76800,76800,1.0,0.9384505208333334,0.9384505208333334,0.6137890625,2.3773177083333334
24108,2,1.0,0,76800,76800,1.0,0.9188411458333333,0.9188411458333333,0.45641927083333333,2.015494791666667
24108,2,1.0,1,76800,76800,1.0,0.9020833333333333,0.9020833333333333,0.5536848958333334,2.1957552083333334
24108,2,1.0,2,76800,76800,1.0,0.9032291666666666,0.9032291666666666,0.49201822916666665,2.0746354166666667
24108,2,1.0,3,76800,76800,1.0,0.93328125,0.93328125,0.5908333333333333,2.3421875
24109,0,0.0,0,76800,76800,1.0,0.9081640625,0.9081640625,0.6316796875,2.3671354166666667
24109,0,0.0,1,76800,76800,1.0,0.9455859375,0.9455859375,0.5964192708333333,2.3424479166666665
24109,0,0.0,2,76800,76800,1.0,0.9786197916666667,0.9786197916666667,0.5356640625,2.2755078125
24109,0,0.0,3,76800,76800,1.0,0.8529557291666666,0.8529557291666666,0.6739453125,2.333815104166667
24109,1,0.5,0,76800,76800,1.0,0.9864713541666666,0.9864713541666666,0.6342708333333333,2.515078125
24109,1,0.5,1,76800,76800,1.0,0.9884114583333333,0.9884114583333333,0.6893619791666666,2.5167838541666665
24109,1,0.5,2,76800,76800,1.0,0.8901692708333333,0.8901692708333333,0.5016796875,2.1201432291666666
24109,1,0.5,3,76800,76800,1.0,0.9488411458333333,0.9488411458333333,0.7069270833333333,2.5356119791666667
24109,2,1.0,0,76800,76800,1.0,0.906640625,0.906640625,0.603671875,2.2874348958333335
24109,2,1.0,1,76800,76800,1.0,0.979375,0.979375,0.7053776041666666,2.5045963541666665
24109,2,1.0,2,76800,76800,1.0,0.8756380208333333,0.8756380208333333,0.46217447916666665,1.9742838541666667
24109,2,1.0,3,76800,76800,1.0,0.9583723958333333,0.9583723958333333,0.6889453125,2.5539453125
24110,0,0.0,0,76800,76800,1.0,0.9891276041666667,0.9891276041666667,0.8519010416666667,2.7947395833333335
24110,0,0.0,1,76800,76800,1.0,0.8452213541666667,0.8452213541666667,0.6697135416666666,2.298619791666667
24110,0,0.0,2,76800,76800,1.0,0.975859375,0.975859375,0.7025130208333333,2.5215494791666666
24110,0,0.0,3,76800,76800,1.0,0.9684375,0.9684375,0.7033984375,2.5224479166666667
24110,1,0.5,0,76800,76800,1.0,0.9883072916666666,0.9883072916666666,0.8466145833333333,2.7829817708333335
24110,1,0.5,1,76800,76800,1.0,0.8389713541666667,0.8389713541666667,0.6633984375,2.2752864583333334
24110,1,0.5,2,76800,76800,1.0,0.979765625,0.979765625,0.6959895833333334,2.522721354166667
24110,1,0.5,3,76800,76800,1.0,0.9714192708333333,0.9714192708333333,0.6994401041666667,2.5165104166666667
24110,2,1.0,0,76800,76800,1.0,0.9887239583333334,0.9887239583333334,0.8410416666666667,2.7806901041666667
24110,2,1.0,1,76800,76800,1.0,0.83890625,0.83890625,0.6533984375,2.2556640625
24110,2,1.0,2,76800,76800,1.0,0.9696223958333333,0.9696223958333333,0.6909765625,2.4961588541666666
24110,2,1.0,3,76800,76800,1.0,0.9601432291666666,0.9601432291666666,0.6921744791666666,2.486328125
24111,0,0.0,0,76800,76800,1.0,0.93203125,0.93203125,0.5809114583333334,2.3124348958333334
24111,0,0.0,1,76800,76800,1.0,0.9648567708333333,0.9648567708333333,0.6917447916666667,2.5330859375
24111,0,0.0,2,76800,76800,1.0,0.8041276041666666,0.8041276041666666,0.4772005208333333,1.9565234375
24111,0,0.0,3,76800,76800,1.0,0.9325130208333333,0.9325130208333333,0.5419401041666667,2.240911458333333
24111,1,0.5,0,76800,76800,1.0,0.9503125,0.9503125,0.6014322916666667,2.3846484375
24111,1,0.5,1,76800,76800,1.0,0.9589583333333334,0.9589583333333334,0.7322005208333333,2.5571223958333333
24111,1,0.5,2,76800,76800,1.0,0.8331510416666666,0.8331510416666666,0.48380208333333335,1.9913411458333334
24111,1,0.5,3,76800,76800,1.0,0.9506119791666666,0.9506119791666666,0.541015625,2.2610677083333335
24111,2,1.0,0,76800,76800,1.0,0.9568489583333334,0.9568489583333334,0.5516927083333333,2.3307291666666665
24111,2,1.0,1,76800,76800,1.0,0.9515234375,0.9515234375,0.6828515625,2.4770833333333333
24111,2,1.0,2,76800,76800,1.0,0.81546875,0.81546875,0.4385677083333333,1.8918229166666667
24111,2,1.0,3,76800,76800,1.0,0.9286588541666667,0.9286588541666667,0.47748697916666666,2.1347005208333334
24112,0,0.0,0,76800,76800,1.0,0.9612760416666667,0.9612760416666667,0.6322786458333334,2.446640625
24112,0,0.0,1,76800,76800,1.0,0.8515885416666666,0.8515885416666666,0.5073828125,2.0200390625
24112,0,0.0,2,76800,76800,1.0,0.9633072916666666,0.9633072916666666,0.6372005208333333,2.4420052083333332
24112,0,0.0,3,76800,76800,1.0,0.9182421875,0.9182421875,0.5566796875,2.2026302083333333
24112,1,0.5,0,76800,76800,1.0,0.9803645833333333,0.9803645833333333,0.7067447916666667,2.5927994791666666
24112,1,0.5,1,76800,76800,1.0,0.876015625,0.876015625,0.5562369791666667,2.132513020833333
24112,1,0.5,2,76800,76800,1.0,0.9757552083333333,0.9757552083333333,0.7078645833333334,2.5476171875
24112,1,0.5,3,76800,76800,1.0,0.9215104166666667,0.9215104166666667,0.6205989583333333,2.3086197916666666
24112,2,1.0,0,76800,76800,1.0,0.9889583333333334,0.9889583333333334,0.7403385416666667,2.6718619791666667
24112,2,1.0,1,76800,76800,1.0,0.8790755208333333,0.8790755208333333,0.5683463541666667,2.1581510416666667
24112,2,1.0,2,76800,76800,1.0,0.988671875,0.988671875,0.7500260416666666,2.627109375
24112,2,1.0,3,76800,76800,1.0,0.9324348958333334,0.9324348958333334,0.664609375,2.391328125
24113,0,0.0,0,76800,76800,1.0,0.9358072916666667,0.9358072916666667,0.6085677083333333,2.3628645833333333
24113,0,0.0,1,76800,76800,1.0,0.94984375,0.94984375,0.5715234375,2.3286067708333333
24113,0,0.0,2,76800,76800,1.0,0.8566145833333333,0.8566145833333333,0.5045963541666667,2.093580729166667
24113,0,0.0,3,76800,76800,1.0,0.9369921875,0.9369921875,0.6477213541666667,2.417838541666667
24113,1,0.5,0,76800,76800,1.0,0.9293359375,0.9293359375,0.5445963541666666,2.2804296875
24113,1,0.5,1,76800,76800,1.0,0.9245442708333333,0.9245442708333333,0.5099739583333334,2.1909635416666666
24113,1,0.5,2,76800,76800,1.0,0.8935546875,0.8935546875,0.45610677083333334,2.061822916666667
24113,1,0.5,3,76800,76800,1.0,0.8999479166666666,0.8999479166666666,0.5344010416666667,2.180794270833333
24113,2,1.0,0,76800,76800,1.0,0.9318619791666667,0.9318619791666667,0.525,2.245234375
24113,2,1.0,1,76800,76800,1.0,0.9227734375,0.9227734375,0.5087109375,2.166328125
24113,2,1.0,2,76800,76800,1.0,0.8463020833333333,0.8463020833333333,0.43919270833333335,1.9622135416666666
24113,2,1.0,3,76800,76800,1.0,0.9038020833333333,0.9038020833333333,0.5596354166666667,2.2254036458333335
24114,0,0.0,0,76800,76800,1.0,0.947734375,0.947734375,0.5214192708333333,2.2317578125
24114,0,0.0,1,76800,76800,1.0,0.8344270833333334,0.8344270833333334,0.4769921875,1.9731510416666667
24114,0,0.0,2,76800,76800,1.0,0.9615364583333333,0.9615364583333333,0.6312760416666666,2.4615885416666665
24114,0,0.0,3,76800,76800,1.0,0.96953125,0.96953125,0.7300651041666667,2.6023046875
24114,1,0.5,0,76800,76800,1.0,0.9423046875,0.9423046875,0.5828776041666667,2.310078125
24114,1,0.5,1,76800,76800,1.0,0.8746223958333333,0.8746223958333333,0.5475,2.126796875
24114,1,0.5,2,76800,76800,1.0,0.9706510416666667,0.9706510416666667,0.71875,2.581822916666667
24114,1,0.5,3,76800,76800,1.0,0.9820833333333333,0.9820833333333333,0.7918229166666667,2.713697916666667
24114,2,1.0,0,76800,76800,1.0,0.9043489583333333,0.9043489583333333,0.63796875,2.3343880208333334
24114,2,1.0,1,76800,76800,1.0,0.8691666666666666,0.8691666666666666,0.60203125,2.2172526041666667
24114,2,1.0,2,76800,76800,1.0,0.9731640625,0.9731640625,0.8026953125,2.701510416666667
24114,2,1.0,3,76800,76800,1.0,0.9857421875,0.9857421875,0.8200130208333334,2.762890625
24115,0,0.0,0,76800,76800,1.0,0.9329166666666666,0.9329166666666666,0.40915364583333336,2.032434895833333
24115,0,0.0,1,76800,76800,1.0,0.9428385416666667,0.9428385416666667,0.5072526041666666,2.2569010416666666
24115,0,0.0,2,76800,76800,1.0,0.7798307291666666,0.7798307291666666,0.30270833333333336,1.6059765625
24115,0,0.0,3,76800,76800,1.0,0.8744791666666667,0.8744791666666667,0.4367578125,1.9811458333333334
24115,1,0.5,0,76800,76800,1.0,0.9725390625,0.9725390625,0.5870572916666666,2.3668229166666666
24115,1,0.5,1,76800,76800,1.0,0.9701302083333333,0.9701302083333333,0.7239713541666667,2.587734375
24115,1,0.5,2,76800,76800,1.0,0.7889713541666666,0.7889713541666666,0.4556640625,1.8597916666666667
24115,1,0.5,3,76800,76800,1.0,0.9495442708333334,0.9495442708333334,0.5882552083333333,2.334765625
24115,2,1.0,0,76800,76800,1.0,0.9720833333333333,0.9720833333333333,0.5136328125,2.342057291666667
24115,2,1.0,1,76800,76800,1.0,0.9472265625,0.9472265625,0.6389973958333334,2.4363802083333335
24115,2,1.0,2,76800,76800,1.0,0.775234375,0.775234375,0.39428385416666667,1.8084635416666666
24115,2,1.0,3,76800,76800,1.0,0.9622786458333333,0.9622786458333333,0.55296875,2.32125
24116,0,0.0,0,76800,76800,1.0,0.9634114583333333,0.9634114583333333,0.7680338541666667,2.636875
24116,0,0.0,1,76800,76800,1.0,0.9012760416666666,0.9012760416666666,0.7154557291666667,2.4481510416666667
24116,0,0.0,2,76800,76800,1.0,0.9851171875,0.9851171875,0.7423567708333333,2.6439713541666667
24116,0,0.0,3,76800,76800,1.0,0.9165494791666666,0.9165494791666666,0.7446744791666666,2.528528645833333
24116,1,0.5,0,76800,76800,1.0,0.9644791666666667,0.9644791666666667,0.7670703125,2.6373697916666665
24116,1,0.5,1,76800,76800,1.0,0.9016015625,0.9016015625,0.7119010416666667,2.445013020833333
24116,1,0.5,2,76800,76800,1.0,0.9836588541666667,0.9836588541666667,0.7421223958333333,2.640963541666667
24116,1,0.5,3,76800,76800,1.0,0.9223958333333333,0.9223958333333333,0.7463541666666667,2.5341666666666667
24116,2,1.0,0,76800,76800,1.0,0.9653645833333333,0.9653645833333333,0.77453125,2.6430859375
24116,2,1.0,1,76800,76800,1.0,0.8959505208333334,0.8959505208333334,0.7166145833333334,2.4434114583333333
24116,2,1.0,2,76800,76800,1.0,0.9831119791666667,0.9831119791666667,0.7525520833333333,2.6464583333333334
24116,2,1.0,3,76800,76800,1.0,0.9312760416666667,0.9312760416666667,0.7515755208333333,2.5550651041666668
24117,0,0.0,0,76800,76800,1.0,0.924296875,0.924296875,0.551875,2.21140625
24117,0,0.0,1,76800,76800,1.0,0.8411328125,0.8411328125,0.5138802083333334,2.0245182291666666
24117,0,0.0,2,76800,76800,1.0,0.9922135416666666,0.9922135416666666,0.7291666666666666,2.675013020833333
24117,0,0.0,3,76800,76800,1.0,0.9762890625,0.9762890625,0.8174739583333334,2.721848958333333
24117,1,0.5,0,76800,76800,1.0,0.9228515625,0.9228515625,0.529375,2.1553125
24117,1,0.5,1,76800,76800,1.0,0.8396744791666667,0.8396744791666667,0.4902734375,1.9695833333333332
24117,1,0.5,2,76800,76800,1.0,0.9818359375,0.9818359375,0.6950911458333333,2.5902994791666667
24117,1,0.5,3,76800,76800,1.0,0.9672526041666667,0.9672526041666667,0.7665494791666667,2.6308984375
24117,2,1.0,0,76800,76800,1.0,0.9239583333333333,0.9239583333333333,0.49736979166666667,2.086171875
24117,2,1.0,1,76800,76800,1.0,0.8388802083333333,0.8388802083333333,0.4597526041666667,1.9037760416666667
24117,2,1.0,2,76800,76800,1.0,0.9659505208333333,0.9659505208333333,0.6502473958333334,2.4796875
24117,2,1.0,3,76800,76800,1.0,0.9551041666666666,0.9551041666666666,0.7064583333333333,2.519296875
24118,0,0.0,0,76800,76800,1.0,0.9320572916666666,0.9320572916666666,0.5076692708333334,2.20359375
24118,0,0.0,1,76800,76800,1.0,0.7497005208333334,0.7497005208333334,0.4190755208333333,1.7807421875
24118,0,0.0,2,76800,76800,1.0,0.9531510416666666,0.9531510416666666,0.5923958333333333,2.400052083333333
24118,0,0.0,3,76800,76800,1.0,0.9557552083333334,0.9557552083333334,0.6235807291666666,2.4237239583333334
24118,1,0.5,0,76800,76800,1.0,0.9638020833333333,0.9638020833333333,0.5645442708333334,2.3354427083333333
24118,1,0.5,1,76800,76800,1.0,0.7375130208333334,0.7375130208333334,0.4470442708333333,1.8037369791666666
24118,1,0.5,2,76800,76800,1.0,0.9668619791666667,0.9668619791666667,0.6443489583333334,2.4830859375
24118,1,0.5,3,76800,76800,1.0,0.9692708333333333,0.9692708333333333,0.6925,2.5409895833333334
24118,2,1.0,0,76800,76800,1.0,0.9631770833333333,0.9631770833333333,0.5947265625,2.383151041666667
24118,2,1.0,1,76800,76800,1.0,0.7172265625,0.7172265625,0.465,1.8045963541666667
24118,2,1.0,2,76800,76800,1.0,0.9724348958333333,0.9724348958333333,0.6868619791666667,2.5552083333333333
24118,2,1.0,3,76800,76800,1.0,0.9692447916666667,0.9692447916666667,0.7133723958333333,2.5638411458333334
24119,0,0.0,0,76800,76800,1.0,0.9016927083333334,0.9016927083333334,0.7247526041666666,2.4721614583333333
24119,0,0.0,1,76800,76800,1.0,0.98328125,0.98328125,0.8088802083333333,2.7366015625
24119,0,0.0,2,76800,76800,1.0,0.9811328125,0.9811328125,0.89921875,2.829453125
24119,0,0.0,3,76800,76800,1.0,0.9922526041666667,0.9922526041666667,0.8393619791666667,2.7832552083333333
24119,1,0.5,0,76800,76800,1.0,0.9056901041666666,0.9056901041666666,0.7336588541666667,2.4900520833333335
24119,1,0.5,1,76800,76800,1.0,0.983359375,0.983359375,0.819375,2.755729166666667
24119,1,0.5,2,76800,76800,1.0,0.9867578125,0.9867578125,0.9013020833333333,2.8425
24119,1,0.5,3,76800,76800,1.0,0.9924348958333333,0.9924348958333333,0.8508854166666666,2.8011328125
24119,2,1.0,0,76800,76800,1.0,0.9088671875,0.9088671875,0.73546875,2.4938151041666665
24119,2,1.0,1,76800,76800,1.0,0.9804947916666666,0.9804947916666666,0.822421875,2.755598958333333
24119,2,1.0,2,76800,76800,1.0,0.9880078125,0.9880078125,0.9038671875,2.8487109375
24119,2,1.0,3,76800,76800,1.0,0.9943359375,0.9943359375,0.8566015625,2.8109244791666668
24120,0,0.0,0,76800,76800,1.0,0.95609375,0.95609375,0.6586979166666667,2.475390625
24120,0,0.0,1,76800,76800,1.0,0.9055989583333334,0.9055989583333334,0.5784375,2.27921875
24120,0,0.0,2,76800,76800,1.0,0.9589322916666667,0.9589322916666667,0.5882682291666667,2.377890625
24120,0,0.0,3,76800,76800,1.0,0.9590755208333334,0.9590755208333334,0.6630078125,2.471549479166667
24120,1,0.5,0,76800,76800,1.0,0.9528645833333333,0.9528645833333333,0.71328125,2.531015625
24120,1,0.5,1,76800,76800,1.0,0.9125130208333333,0.9125130208333333,0.6534375,2.3891015625
24120,1,0.5,2,76800,76800,1.0,0.9686848958333333,0.9686848958333333,0.6901432291666667,2.5342447916666666
24120,1,0.5,3,76800,76800,1.0,0.967265625,0.967265625,0.7075390625,2.546171875
24120,2,1.0,0,76800,76800,1.0,0.9686197916666667,0.9686197916666667,0.729453125,2.5688151041666667
24120,2,1.0,1,76800,76800,1.0,0.9220833333333334,0.9220833333333334,0.7019921875,2.4521354166666667
24120,2,1.0,2,76800,76800,1.0,0.9667838541666667,0.9667838541666667,0.747578125,2.6001822916666666
24120,2,1.0,3,76800,76800,1.0,0.9329166666666666,0.9329166666666666,0.69484375,2.473893229166667
24121,0,0.0,0,76800,76800,1.0,0.8889192708333333,0.8889192708333333,0.41921875,1.9388411458333332
24121,0,0.0,1,76800,76800,1.0,0.9676953125,0.9676953125,0.6343489583333334,2.352330729166667
24121,0,0.0,2,76800,76800,1.0,0.9695442708333334,0.9695442708333334,0.62625,2.501171875
24121,0,0.0,3,76800,76800,1.0,0.9521354166666667,0.9521354166666667,0.6071484375,2.3761328125
24121,1,0.5,0,76800,76800,1.0,0.8804296875,0.8804296875,0.41040364583333333,1.9338020833333334
24121,1,0.5,1,76800,76800,1.0,0.965859375,0.965859375,0.6186458333333333,2.3420182291666665
24121,1,0.5,2,76800,76800,1.0,0.9682161458333334,0.9682161458333334,0.6077734375,2.4826692708333336
24121,1,0.5,3,76800,76800,1.0,0.9537890625,0.9537890625,0.5919401041666666,2.3698958333333335
24121,2,1.0,0,76800,76800,1.0,0.8700911458333334,0.8700911458333334,0.40881510416666667,1.91734375
24121,2,1.0,1,76800,76800,1.0,0.9598958333333333,0.9598958333333333,0.6136197916666667,2.3304557291666668
24121,2,1.0,2,76800,76800,1.0,0.9675651041666666,0.9675651041666666,0.6022916666666667,2.4647916666666667
24121,2,1.0,3,76800,76800,1.0,0.9591666666666666,0.9591666666666666,0.5884895833333333,2.370924479166667
24122,0,0.0,0,76800,76800,1.0,0.9717578125,0.9717578125,0.6526432291666666,2.5092057291666667
24122,0,0.0,1,76800,76800,1.0,0.9683072916666666,0.9683072916666666,0.7031510416666666,2.515416666666667
24122,0,0.0,2,76800,76800,1.0,0.9627864583333333,0.9627864583333333,0.5986979166666667,2.43296875
24122,0,0.0,3,76800,76800,1.0,0.856171875,0.856171875,0.5135677083333333,2.1190755208333334
24122,1,0.5,0,76800,76800,1.0,0.9885416666666667,0.9885416666666667,0.7396614583333333,2.6398697916666665
24122,1,0.5,1,76800,76800,1.0,0.9737630208333333,0.9737630208333333,0.7089322916666667,2.4909895833333335
24122,1,0.5,2,76800,76800,1.0,0.969296875,0.969296875,0.7212369791666666,2.587265625
24122,1,0.5,3,76800,76800,1.0,0.8998828125,0.8998828125,0.5770833333333333,2.2085677083333333
24122,2,1.0,0,76800,76800,1.0,0.9833463541666667,0.9833463541666667,0.7376432291666667,2.6305078125
24122,2,1.0,1,76800,76800,1.0,0.9318359375,0.9318359375,0.6305598958333334,2.3116145833333333
24122,2,1.0,2,76800,76800,1.0,0.9301822916666667,0.9301822916666667,0.7081119791666667,2.491015625
24122,2,1.0,3,76800,76800,1.0,0.9344270833333334,0.9344270833333334,0.5638802083333333,2.2174609375
24123,0,0.0,0,76800,76800,1.0,0.9830859375,0.9830859375,0.7682682291666667,2.643255208333333
24123,0,0.0,1,76800,76800,1.0,0.8148177083333333,0.8148177083333333,0.5513020833333333,2.0580338541666667
24123,0,0.0,2,76800,76800,1.0,0.935,0.935,0.6315494791666667,2.3526822916666665
24123,0,0.0,3,76800,76800,1.0,0.9609114583333334,0.9609114583333334,0.70875,2.5284635416666665
24123,1,0.5,0,76800,76800,1.0,0.9795703125,0.9795703125,0.7630598958333333,2.644375
24123,1,0.5,1,76800,76800,1.0,0.8053125,0.8053125,0.5487109375,2.0443489583333334
24123,1,0.5,2,76800,76800,1.0,0.9350260416666667,0.9350260416666667,0.6273046875,2.3493880208333335
24123,1,0.5,3,76800,76800,1.0,0.9556380208333334,0.9556380208333334,0.7019401041666666,2.5032552083333335
24123,2,1.0,0,76800,76800,1.0,0.976640625,0.976640625,0.7601822916666666,2.636041666666667
24123,2,1.0,1,76800,76800,1.0,0.8104166666666667,0.8104166666666667,0.5442708333333334,2.044075520833333
24123,2,1.0,2,76800,76800,1.0,0.9455338541666667,0.9455338541666667,0.6244791666666667,2.348971354166667
24123,2,1.0,3,76800,76800,1.0,0.9591015625,0.9591015625,0.6985677083333334,2.5072005208333334
24124,0,0.0,0,76800,76800,1.0,0.9291796875,0.9291796875,0.5347395833333334,2.168606770833333
24124,0,0.0,1,76800,76800,1.0,0.9290625,0.9290625,0.5051302083333333,2.097526041666667
24124,0,0.0,2,76800,76800,1.0,0.950078125,0.950078125,0.6543489583333333,2.4443359375
24124,0,0.0,3,76800,76800,1.0,0.9452994791666667,0.9452994791666667,0.6092057291666667,2.342109375
24124,1,0.5,0,76800,76800,1.0,0.9251822916666667,0.9251822916666667,0.5398697916666667,2.163802083333333
24124,1,0.5,1,76800,76800,1.0,0.9285546875,0.9285546875,0.5093229166666666,2.096002604166667
24124,1,0.5,2,76800,76800,1.0,0.9485026041666667,0.9485026041666667,0.6624609375,2.4502473958333333
24124,1,0.5,3,76800,76800,1.0,0.9449348958333333,0.9449348958333333,0.6143489583333334,2.345546875
24124,2,1.0,0,76800,76800,1.0,0.9229036458333333,0.9229036458333333,0.5420833333333334,2.157994791666667
24124,2,1.0,1,76800,76800,1.0,0.9245572916666667,0.9245572916666667,0.5141145833333334,2.0942708333333333
24124,2,1.0,2,76800,76800,1.0,0.9477864583333333,0.9477864583333333,0.66453125,2.4504817708333335
24124,2,1.0,3,76800,76800,1.0,0.9475651041666666,0.9475651041666666,0.6235416666666667,2.3627604166666667
24125,0,0.0,0,76800,76800,1.0,0.9749348958333334,0.9749348958333334,0.5940494791666666,2.326002604166667
24125,0,0.0,1,76800,76800,1.0,0.6627994791666667,0.6627994791666667,0.40774739583333336,1.5835026041666667
24125,0,0.0,2,76800,76800,1.0,0.9835546875,0.9835546875,0.7831510416666667,2.687734375
24125,0,0.0,3,76800,76800,1.0,0.9731770833333333,0.9731770833333333,0.7537760416666667,2.65046875
24125,1,0.5,0,76800,76800,1.0,0.9734505208333334,0.9734505208333334,0.5984244791666666,2.3483072916666665
24125,1,0.5,1,76800,76800,1.0,0.6595572916666667,0.6595572916666667,0.40946614583333335,1.592578125
24125,1,0.5,2,76800,76800,1.0,0.9822135416666666,0.9822135416666666,0.7956119791666667,2.7059635416666667
24125,1,0.5,3,76800,76800,1.0,0.979296875,0.979296875,0.7526171875,2.6595833333333334
24125,2,1.0,0,76800,76800,1.0,0.9713802083333334,0.9713802083333334,0.59078125,2.3504036458333335
24125,2,1.0,1,76800,76800,1.0,0.6596614583333333,0.6596614583333333,0.4028125,1.591796875
24125,2,1.0,2,76800,76800,1.0,0.9806510416666666,0.9806510416666666,0.7816145833333333,2.6917708333333334
24125,2,1.0,3,76800,76800,1.0,0.9799479166666667,0.9799479166666667,0.7375911458333333,2.641263020833333
24126,0,0.0,0,76800,76800,1.0,0.9395052083333333,0.9395052083333333,0.5580989583333333,2.246640625
24126,0,0.0,1,76800,76800,1.0,0.9545442708333334,0.9545442708333334,0.5131770833333333,2.168645833333333
24126,0,0.0,2,76800,76800,1.0,0.9649739583333333,0.9649739583333333,0.6983203125,2.561015625
24126,0,0.0,3,76800,76800,1.0,0.9007291666666667,0.9007291666666667,0.6452473958333333,2.34640625
24126,1,0.5,0,76800,76800,1.0,0.9373958333333333,0.9373958333333333,0.5447265625,2.233059895833333
24126,1,0.5,1,76800,76800,1.0,0.947890625,0.947890625,0.4941796875,2.12953125
24126,1,0.5,2,76800,76800,1.0,0.9663671875,0.9663671875,0.6827083333333334,2.542760416666667
24126,1,0.5,3,76800,76800,1.0,0.9300911458333333,0.9300911458333333,0.6340755208333333,2.3726692708333332
24126,2,1.0,0,76800,76800,1.0,0.9337760416666666,0.9337760416666666,0.5358203125,2.229322916666667
24126,2,1.0,1,76800,76800,1.0,0.93453125,0.93453125,0.4765234375,2.1008072916666665
24126,2,1.0,2,76800,76800,1.0,0.9664973958333334,0.9664973958333334,0.6619921875,2.5233723958333334
24126,2,1.0,3,76800,76800,1.0,0.9391145833333333,0.9391145833333333,0.6152864583333333,2.363489583333333
24127,0,0.0,0,76800,76800,1.0,0.9872005208333333,0.9872005208333333,0.7420703125,2.620885416666667
24127,0,0.0,1,76800,76800,1.0,0.8368880208333334,0.8368880208333334,0.5759895833333334,2.1306119791666664
24127,0,0.0,2,76800,76800,1.0,0.8065885416666667,0.8065885416666667,0.5892578125,2.103815104166667
24127,0,0.0,3,76800,76800,1.0,0.9894921875,0.9894921875,0.7554166666666666,2.6548567708333333
24127,1,0.5,0,76800,76800,1.0,0.9768489583333333,0.9768489583333333,0.7363932291666667,2.59109375
24127,1,0.5,1,76800,76800,1.0,0.9374609375,0.9374609375,0.6038802083333333,2.3119661458333334
24127,1,0.5,2,76800,76800,1.0,0.8408203125,0.8408203125,0.5956770833333334,2.179049479166667
24127,1,0.5,3,76800,76800,1.0,0.9918880208333334,0.9918880208333334,0.7820833333333334,2.715703125
24127,2,1.0,0,76800,76800,1.0,0.9473177083333333,0.9473177083333333,0.6886979166666667,2.4909375
24127,2,1.0,1,76800,76800,1.0,0.9457942708333333,0.9457942708333333,0.5996614583333333,2.3174869791666666
24127,2,1.0,2,76800,76800,1.0,0.8647916666666666,0.8647916666666666,0.5722526041666667,2.1661197916666666
24127,2,1.0,3,76800,76800,1.0,0.9854817708333333,0.9854817708333333,0.7632161458333333,2.6627994791666665
