seed,step,time,source,other,fraction_all_pixels,fraction_valid_pixels
24000,0,0.0,0,1,0.719921875,0.719921875
24000,0,0.0,0,2,0.7078515625,0.7078515625
24000,0,0.0,0,3,0.8133723958333333,0.8133723958333333
24000,0,0.0,1,0,0.9058333333333334,0.9058333333333334
24000,0,0.0,1,2,0.8479947916666667,0.8479947916666667
24000,0,0.0,1,3,0.799453125,0.799453125
24000,0,0.0,2,0,0.9126302083333333,0.9126302083333333
24000,0,0.0,2,1,0.8720052083333333,0.8720052083333333
24000,0,0.0,2,3,0.8190885416666667,0.8190885416666667
24000,0,0.0,3,0,0.8766536458333334,0.8766536458333334
24000,0,0.0,3,1,0.6689713541666666,0.6689713541666666
24000,0,0.0,3,2,0.6733984375,0.6733984375
24000,1,0.5,0,1,0.7262890625,0.7262890625
24000,1,0.5,0,2,0.710625,0.710625
24000,1,0.5,0,3,0.8072005208333334,0.8072005208333334
24000,1,0.5,1,0,0.9090494791666667,0.9090494791666667
24000,1,0.5,1,2,0.8692447916666667,0.8692447916666667
24000,1,0.5,1,3,0.7862239583333334,0.7862239583333334
24000,1,0.5,2,0,0.9051171875,0.9051171875
24000,1,0.5,2,1,0.8876171875,0.8876171875
24000,1,0.5,2,3,0.8024609375,0.8024609375
24000,1,0.5,3,0,0.8839583333333333,0.8839583333333333
24000,1,0.5,3,1,0.6718359375,0.6718359375
24000,1,0.5,3,2,0.6747916666666667,0.6747916666666667
24000,2,1.0,0,1,0.7280989583333334,0.7280989583333334
24000,2,1.0,0,2,0.7226822916666666,0.7226822916666666
24000,2,1.0,0,3,0.786875,0.786875
24000,2,1.0,1,0,0.9064713541666667,0.9064713541666667
24000,2,1.0,1,2,0.884375,0.884375
24000,2,1.0,1,3,0.7748177083333333,0.7748177083333333
24000,2,1.0,2,0,0.9070442708333334,0.9070442708333334
24000,2,1.0,2,1,0.8903645833333333,0.8903645833333333
24000,2,1.0,2,3,0.7930729166666667,0.7930729166666667
24000,2,1.0,3,0,0.8788802083333334,0.8788802083333334
24000,2,1.0,3,1,0.6744791666666666,0.6744791666666666
24000,2,1.0,3,2,0.6831510416666666,0.6831510416666666
24001,0,0.0,0,1,0.7233723958333333,0.7233723958333333
24001,0,0.0,0,2,0.86015625,0.86015625
24001,0,0.0,0,3,0.8501171875,0.8501171875
24001,0,0.0,1,0,0.9354427083333333,0.9354427083333333
24001,0,0.0,1,2,0.8894401041666666,0.8894401041666666
24001,0,0.0,1,3,0.9404296875,0.9404296875
24001,0,0.0,2,0,0.7356380208333333,0.7356380208333333
24001,0,0.0,2,1,0.5911197916666666,0.5911197916666666
24001,0,0.0,2,3,0.6790234375,0.6790234375
24001,0,0.0,3,0,0.8524869791666667,0.8524869791666667
24001,0,0.0,3,1,0.7168880208333334,0.7168880208333334
24001,0,0.0,3,2,0.7886328125,0.7886328125
24001,1,0.5,0,1,0.7189192708333333,0.7189192708333333
24001,1,0.5,0,2,0.8285026041666667,0.8285026041666667
24001,1,0.5,0,3,0.8457291666666666,0.8457291666666666
24001,1,0.5,1,0,0.9182942708333334,0.9182942708333334
24001,1,0.5,1,2,0.809921875,0.809921875
24001,1,0.5,1,3,0.9267708333333333,0.9267708333333333
24001,1,0.5,2,0,0.77328125,0.77328125
24001,1,0.5,2,1,0.5915494791666667,0.5915494791666667
24001,1,0.5,2,3,0.7096223958333333,0.7096223958333333
24001,1,0.5,3,0,0.8236067708333333,0.8236067708333333
24001,1,0.5,3,1,0.6937369791666667,0.6937369791666667
24001,1,0.5,3,2,0.7314973958333333,0.7314973958333333
24001,2,1.0,0,1,0.7385286458333333,0.7385286458333333
24001,2,1.0,0,2,0.8131770833333334,0.8131770833333334
24001,2,1.0,0,3,0.8830989583333333,0.8830989583333333
24001,2,1.0,1,0,0.9150130208333334,0.9150130208333334
24001,2,1.0,1,2,0.7829036458333334,0.7829036458333334
24001,2,1.0,1,3,0.9289453125,0.9289453125
24001,2,1.0,2,0,0.79390625,0.79390625
24001,2,1.0,2,1,0.62171875,0.62171875
24001,2,1.0,2,3,0.8033333333333333,0.8033333333333333
24001,2,1.0,3,0,0.7992838541666667,0.7992838541666667
24001,2,1.0,3,1,0.6883723958333333,0.6883723958333333
24001,2,1.0,3,2,0.7279817708333334,0.7279817708333334
24002,0,0.0,0,1,0.9143880208333334,0.9143880208333334
24002,0,0.0,0,2,0.929765625,0.929765625
24002,0,0.0,0,3,0.7419140625,0.7419140625
24002,0,0.0,1,0,0.685,0.685
24002,0,0.0,1,2,0.8226171875,0.8226171875
24002,0,0.0,1,3,0.5526302083333333,0.5526302083333333
24002,0,0.0,2,0,0.726171875,0.726171875
24002,0,0.0,2,1,0.8604427083333334,0.8604427083333334
24002,0,0.0,2,3,0.5764973958333334,0.5764973958333334
24002,0,0.0,3,0,0.9073046875,0.9073046875
24002,0,0.0,3,1,0.9156901041666666,0.9156901041666666
24002,0,0.0,3,2,0.9166276041666667,0.9166276041666667
24002,1,0.5,0,1,0.9173567708333333,0.9173567708333333
24002,1,0.5,0,2,0.9321875,0.9321875
24002,1,0.5,0,3,0.7604427083333334,0.7604427083333334
24002,1,0.5,1,0,0.6889453125,0.6889453125
24002,1,0.5,1,2,0.8186458333333333,0.8186458333333333
24002,1,0.5,1,3,0.5566145833333334,0.5566145833333334
24002,1,0.5,2,0,0.7311197916666666,0.7311197916666666
24002,1,0.5,2,1,0.8557291666666667,0.8557291666666667
24002,1,0.5,2,3,0.5778255208333334,0.5778255208333334
24002,1,0.5,3,0,0.927890625,0.927890625
24002,1,0.5,3,1,0.9213541666666667,0.9213541666666667
24002,1,0.5,3,2,0.9170182291666666,0.9170182291666666
24002,2,1.0,0,1,0.9163671875,0.9163671875
24002,2,1.0,0,2,0.9348046875,0.9348046875
24002,2,1.0,0,3,0.7549739583333334,0.7549739583333334
24002,2,1.0,1,0,0.6879036458333333,0.6879036458333333
24002,2,1.0,1,2,0.8139973958333333,0.8139973958333333
24002,2,1.0,1,3,0.556953125,0.556953125
24002,2,1.0,2,0,0.7319010416666667,0.7319010416666667
24002,2,1.0,2,1,0.8530729166666666,0.8530729166666666
24002,2,1.0,2,3,0.5787890625,0.5787890625
24002,2,1.0,3,0,0.9213151041666666,0.9213151041666666
24002,2,1.0,3,1,0.919375,0.919375
24002,2,1.0,3,2,0.9174348958333334,0.9174348958333334
24003,0,0.0,0,1,0.7724609375,0.7724609375
24003,0,0.0,0,2,0.8651171875,0.8651171875
24003,0,0.0,0,3,0.8140494791666667,0.8140494791666667
24003,0,0.0,1,0,0.7477864583333333,0.7477864583333333
24003,0,0.0,1,2,0.8413932291666667,0.8413932291666667
24003,0,0.0,1,3,0.8211848958333333,0.8211848958333333
24003,0,0.0,2,0,0.619765625,0.619765625
24003,0,0.0,2,1,0.6259505208333334,0.6259505208333334
24003,0,0.0,2,3,0.7001692708333334,0.7001692708333334
24003,0,0.0,3,0,0.6925260416666666,0.6925260416666666
24003,0,0.0,3,1,0.7158723958333333,0.7158723958333333
24003,0,0.0,3,2,0.8139583333333333,0.8139583333333333
24003,1,0.5,0,1,0.7828125,0.7828125
24003,1,0.5,0,2,0.8602994791666667,0.8602994791666667
24003,1,0.5,0,3,0.807734375,0.807734375
24003,1,0.5,1,0,0.7552734375,0.7552734375
24003,1,0.5,1,2,0.8425260416666667,0.8425260416666667
24003,1,0.5,1,3,0.8231119791666667,0.8231119791666667
24003,1,0.5,2,0,0.6178385416666666,0.6178385416666666
24003,1,0.5,2,1,0.632265625,0.632265625
24003,1,0.5,2,3,0.7099869791666666,0.7099869791666666
24003,1,0.5,3,0,0.6853125,0.6853125
24003,1,0.5,3,1,0.7186067708333334,0.7186067708333334
24003,1,0.5,3,2,0.8204557291666666,0.8204557291666666
24003,2,1.0,0,1,0.7985807291666667,0.7985807291666667
24003,2,1.0,0,2,0.8609114583333334,0.8609114583333334
24003,2,1.0,0,3,0.8016536458333333,0.8016536458333333
24003,2,1.0,1,0,0.7673567708333333,0.7673567708333333
24003,2,1.0,1,2,0.8490104166666667,0.8490104166666667
24003,2,1.0,1,3,0.8272916666666666,0.8272916666666666
24003,2,1.0,2,0,0.6183723958333334,0.6183723958333334
24003,2,1.0,2,1,0.6391276041666667,0.6391276041666667
24003,2,1.0,2,3,0.71,0.71
24003,2,1.0,3,0,0.6750651041666667,0.6750651041666667
24003,2,1.0,3,1,0.72625,0.72625
24003,2,1.0,3,2,0.8226692708333333,0.8226692708333333
24004,0,0.0,0,1,0.9620182291666667,0.9620182291666667
24004,0,0.0,0,2,0.9008854166666667,0.9008854166666667
24004,0,0.0,0,3,0.8990755208333333,0.8990755208333333
24004,0,0.0,1,0,0.7956510416666667,0.7956510416666667
24004,0,0.0,1,2,0.8563411458333333,0.8563411458333333
24004,0,0.0,1,3,0.7864973958333333,0.7864973958333333
24004,0,0.0,2,0,0.7444140625,0.7444140625
24004,0,0.0,2,1,0.8547135416666667,0.8547135416666667
24004,0,0.0,2,3,0.7750651041666666,0.7750651041666666
24004,0,0.0,3,0,0.9064192708333333,0.9064192708333333
24004,0,0.0,3,1,0.963515625,0.963515625
24004,0,0.0,3,2,0.9503125,0.9503125
24004,1,0.5,0,1,0.96171875,0.96171875
24004,1,0.5,0,2,0.9171875,0.9171875
24004,1,0.5,0,3,0.8959635416666667,0.8959635416666667
24004,1,0.5,1,0,0.7977864583333333,0.7977864583333333
24004,1,0.5,1,2,0.8668229166666667,0.8668229166666667
24004,1,0.5,1,3,0.7888020833333333,0.7888020833333333
24004,1,0.5,2,0,0.7543880208333333,0.7543880208333333
24004,1,0.5,2,1,0.8597135416666667,0.8597135416666667
24004,1,0.5,2,3,0.7846223958333334,0.7846223958333334
24004,1,0.5,3,0,0.904765625,0.904765625
24004,1,0.5,3,1,0.9640755208333334,0.9640755208333334
24004,1,0.5,3,2,0.9656901041666667,0.9656901041666667
24004,2,1.0,0,1,0.9530338541666666,0.9530338541666666
24004,2,1.0,0,2,0.9319401041666666,0.9319401041666666
24004,2,1.0,0,3,0.8929296875,0.8929296875
24004,2,1.0,1,0,0.794765625,0.794765625
24004,2,1.0,1,2,0.8761979166666667,0.8761979166666667
24004,2,1.0,1,3,0.7876302083333333,0.7876302083333333
24004,2,1.0,2,0,0.7652734375,0.7652734375
24004,2,1.0,2,1,0.8620572916666667,0.8620572916666667
24004,2,1.0,2,3,0.784375,0.784375
24004,2,1.0,3,0,0.9030078125,0.9030078125
24004,2,1.0,3,1,0.95546875,0.95546875
24004,2,1.0,3,2,0.9668098958333333,0.9668098958333333
24005,0,0.0,0,1,0.8102083333333333,0.8102083333333333
24005,0,0.0,0,2,0.6683984375,0.6683984375
24005,0,0.0,0,3,0.8146354166666666,0.8146354166666666
24005,0,0.0,1,0,0.8391276041666667,0.8391276041666667
24005,0,0.0,1,2,0.683515625,0.683515625
24005,0,0.0,1,3,0.80578125,0.80578125
24005,0,0.0,2,0,0.8240104166666666,0.8240104166666666
24005,0,0.0,2,1,0.83765625,0.83765625
24005,0,0.0,2,3,0.7853255208333333,0.7853255208333333
24005,0,0.0,3,0,0.7682421875,0.7682421875
24005,0,0.0,3,1,0.735625,0.735625
24005,0,0.0,3,2,0.6194010416666667,0.6194010416666667
24005,1,0.5,0,1,0.7990885416666667,0.7990885416666667
24005,1,0.5,0,2,0.6810677083333333,0.6810677083333333
24005,1,0.5,0,3,0.8245703125,0.8245703125
24005,1,0.5,1,0,0.8728515625,0.8728515625
24005,1,0.5,1,2,0.7303645833333333,0.7303645833333333
24005,1,0.5,1,3,0.8344010416666666,0.8344010416666666
24005,1,0.5,2,0,0.8604296875,0.8604296875
24005,1,0.5,2,1,0.8706640625,0.8706640625
24005,1,0.5,2,3,0.8153776041666667,0.8153776041666667
24005,1,0.5,3,0,0.7953645833333334,0.7953645833333334
24005,1,0.5,3,1,0.7438151041666666,0.7438151041666666
24005,1,0.5,3,2,0.64125,0.64125
24005,2,1.0,0,1,0.7459895833333333,0.7459895833333333
24005,2,1.0,0,2,0.6594661458333333,0.6594661458333333
24005,2,1.0,0,3,0.7984895833333333,0.7984895833333333
24005,2,1.0,1,0,0.8667447916666666,0.8667447916666666
24005,2,1.0,1,2,0.7533984375,0.7533984375
24005,2,1.0,1,3,0.8314973958333334,0.8314973958333334
24005,2,1.0,2,0,0.8602604166666666,0.8602604166666666
24005,2,1.0,2,1,0.8687109375,0.8687109375
24005,2,1.0,2,3,0.80875,0.80875
24005,2,1.0,3,0,0.7943098958333333,0.7943098958333333
24005,2,1.0,3,1,0.722734375,0.722734375
24005,2,1.0,3,2,0.6349609375,0.6349609375
24006,0,0.0,0,1,0.8024348958333334,0.8024348958333334
24006,0,0.0,0,2,0.7944140625,0.7944140625
24006,0,0.0,0,3,0.6591666666666667,0.6591666666666667
24006,0,0.0,1,0,0.7328515625,0.7328515625
24006,0,0.0,1,2,0.6574869791666667,0.6574869791666667
24006,0,0.0,1,3,0.5909635416666666,0.5909635416666666
24006,0,0.0,2,0,0.7612890625,0.7612890625
24006,0,0.0,2,1,0.6868098958333333,0.6868098958333333
24006,0,0.0,2,3,0.6198958333333333,0.6198958333333333
24006,0,0.0,3,0,0.886484375,0.886484375
24006,0,0.0,3,1,0.8523958333333334,0.8523958333333334
24006,0,0.0,3,2,0.8377864583333333,0.8377864583333333
24006,1,0.5,0,1,0.8793098958333333,0.8793098958333333
24006,1,0.5,0,2,0.8240885416666667,0.8240885416666667
24006,1,0.5,0,3,0.6848046875,0.6848046875
24006,1,0.5,1,0,0.7361197916666666,0.7361197916666666
24006,1,0.5,1,2,0.6751041666666666,0.6751041666666666
24006,1,0.5,1,3,0.5686588541666666,0.5686588541666666
24006,1,0.5,2,0,0.8307161458333333,0.8307161458333333
24006,1,0.5,2,1,0.8038411458333333,0.8038411458333333
24006,1,0.5,2,3,0.6698567708333333,0.6698567708333333
24006,1,0.5,3,0,0.9099609375,0.9099609375
24006,1,0.5,3,1,0.888828125,0.888828125
24006,1,0.5,3,2,0.8605078125,0.8605078125
24006,2,1.0,0,1,0.8812109375,0.8812109375
24006,2,1.0,0,2,0.8173046875,0.8173046875
24006,2,1.0,0,3,0.69921875,0.69921875
24006,2,1.0,1,0,0.6998697916666666,0.6998697916666666
24006,2,1.0,1,2,0.6371223958333333,0.6371223958333333
24006,2,1.0,1,3,0.5434375,0.5434375
24006,2,1.0,2,0,0.8761067708333333,0.8761067708333333
24006,2,1.0,2,1,0.8518880208333334,0.8518880208333334
24006,2,1.0,2,3,0.7222265625,0.7222265625
24006,2,1.0,3,0,0.9041015625,0.9041015625
24006,2,1.0,3,1,0.869140625,0.869140625
24006,2,1.0,3,2,0.8624479166666666,0.8624479166666666
24007,0,0.0,0,1,0.8330078125,0.8330078125
24007,0,0.0,0,2,0.8548697916666667,0.8548697916666667
24007,0,0.0,0,3,0.8392708333333333,0.8392708333333333
24007,0,0.0,1,0,0.6036328125,0.6036328125
24007,0,0.0,1,2,0.7521614583333334,0.7521614583333334
24007,0,0.0,1,3,0.6293229166666666,0.6293229166666666
24007,0,0.0,2,0,0.6710416666666666,0.6710416666666666
24007,0,0.0,2,1,0.8095833333333333,0.8095833333333333
24007,0,0.0,2,3,0.7352734375,0.7352734375
24007,0,0.0,3,0,0.7201432291666666,0.7201432291666666
24007,0,0.0,3,1,0.7426302083333334,0.7426302083333334
24007,0,0.0,3,2,0.7948307291666666,0.7948307291666666
24007,1,0.5,0,1,0.8635286458333333,0.8635286458333333
24007,1,0.5,0,2,0.8865755208333334,0.8865755208333334
24007,1,0.5,0,3,0.8582552083333334,0.8582552083333334
24007,1,0.5,1,0,0.619140625,0.619140625
24007,1,0.5,1,2,0.7529036458333334,0.7529036458333334
24007,1,0.5,1,3,0.6841927083333333,0.6841927083333333
24007,1,0.5,2,0,0.7033333333333334,0.7033333333333334
24007,1,0.5,2,1,0.8348828125,0.8348828125
24007,1,0.5,2,3,0.8009505208333333,0.8009505208333333
24007,1,0.5,3,0,0.7355598958333334,0.7355598958333334
24007,1,0.5,3,1,0.8132291666666667,0.8132291666666667
24007,1,0.5,3,2,0.86234375,0.86234375
24007,2,1.0,0,1,0.880234375,0.880234375
24007,2,1.0,0,2,0.906796875,0.906796875
24007,2,1.0,0,3,0.835234375,0.835234375
24007,2,1.0,1,0,0.6160026041666666,0.6160026041666666
24007,2,1.0,1,2,0.7550651041666666,0.7550651041666666
24007,2,1.0,1,3,0.6629817708333333,0.6629817708333333
24007,2,1.0,2,0,0.698828125,0.698828125
24007,2,1.0,2,1,0.8377734375,0.8377734375
24007,2,1.0,2,3,0.772265625,0.772265625
24007,2,1.0,3,0,0.722734375,0.722734375
24007,2,1.0,3,1,0.8142578125,0.8142578125
24007,2,1.0,3,2,0.8577604166666667,0.8577604166666667
24008,0,0.0,0,1,0.6974088541666666,0.6974088541666666
24008,0,0.0,0,2,0.8172395833333334,0.8172395833333334
24008,0,0.0,0,3,0.8851822916666666,0.8851822916666666
24008,0,0.0,1,0,0.8160677083333333,0.8160677083333333
24008,0,0.0,1,2,0.8498307291666667,0.8498307291666667
24008,0,0.0,1,3,0.8337239583333333,0.8337239583333333
24008,0,0.0,2,0,0.7676432291666667,0.7676432291666667
24008,0,0.0,2,1,0.6516927083333334,0.6516927083333334
24008,0,0.0,2,3,0.8202864583333334,0.8202864583333334
24008,0,0.0,3,0,0.7603255208333334,0.7603255208333334
24008,0,0.0,3,1,0.6051432291666666,0.6051432291666666
24008,0,0.0,3,2,0.753828125,0.753828125
24008,1,0.5,0,1,0.7416145833333333,0.7416145833333333
24008,1,0.5,0,2,0.8375,0.8375
24008,1,0.5,0,3,0.8742057291666666,0.8742057291666666
24008,1,0.5,1,0,0.844453125,0.844453125
24008,1,0.5,1,2,0.8573177083333333,0.8573177083333333
24008,1,0.5,1,3,0.8460286458333334,0.8460286458333334
24008,1,0.5,2,0,0.7451041666666667,0.7451041666666667
24008,1,0.5,2,1,0.6477213541666667,0.6477213541666667
24008,1,0.5,2,3,0.8241145833333333,0.8241145833333333
24008,1,0.5,3,0,0.7364453125,0.7364453125
24008,1,0.5,3,1,0.6226302083333334,0.6226302083333334
24008,1,0.5,3,2,0.7864713541666667,0.7864713541666667
24008,2,1.0,0,1,0.7170963541666666,0.7170963541666666
24008,2,1.0,0,2,0.8082291666666667,0.8082291666666667
24008,2,1.0,0,3,0.8541276041666667,0.8541276041666667
24008,2,1.0,1,0,0.8290104166666666,0.8290104166666666
24008,2,1.0,1,2,0.8273046875,0.8273046875
24008,2,1.0,1,3,0.8179557291666667,0.8179557291666667
24008,2,1.0,2,0,0.7229166666666667,0.7229166666666667
24008,2,1.0,2,1,0.6204296875,0.6204296875
24008,2,1.0,2,3,0.8104036458333334,0.8104036458333334
24008,2,1.0,3,0,0.7255078125,0.7255078125
24008,2,1.0,3,1,0.5952604166666666,0.5952604166666666
24008,2,1.0,3,2,0.7689453125,0.7689453125
24009,0,0.0,0,1,0.9753515625,0.9753515625
24009,0,0.0,0,2,0.9771484375,0.9771484375
24009,0,0.0,0,3,0.9805338541666667,0.9805338541666667
24009,0,0.0,1,0,0.7804947916666667,0.7804947916666667
24009,0,0.0,1,2,0.9205859375,0.9205859375
24009,0,0.0,1,3,0.8949348958333333,0.8949348958333333
24009,0,0.0,2,0,0.7961588541666667,0.7961588541666667
24009,0,0.0,2,1,0.9395963541666666,0.9395963541666666
24009,0,0.0,2,3,0.8805598958333334,0.8805598958333334
24009,0,0.0,3,0,0.783359375,0.783359375
24009,0,0.0,3,1,0.899765625,0.899765625
24009,0,0.0,3,2,0.8682552083333334,0.8682552083333334
24009,1,0.5,0,1,0.9784114583333333,0.9784114583333333
24009,1,0.5,0,2,0.9728125,0.9728125
24009,1,0.5,0,3,0.9885286458333333,0.9885286458333333
24009,1,0.5,1,0,0.784375,0.784375
24009,1,0.5,1,2,0.9250911458333333,0.9250911458333333
24009,1,0.5,1,3,0.9071223958333333,0.9071223958333333
24009,1,0.5,2,0,0.7901302083333334,0.7901302083333334
24009,1,0.5,2,1,0.9370703125,0.9370703125
24009,1,0.5,2,3,0.8773697916666666,0.8773697916666666
24009,1,0.5,3,0,0.7861328125,0.7861328125
24009,1,0.5,3,1,0.9037760416666667,0.9037760416666667
24009,1,0.5,3,2,0.8623567708333333,0.8623567708333333
24009,2,1.0,0,1,0.9788932291666667,0.9788932291666667
24009,2,1.0,0,2,0.966796875,0.966796875
24009,2,1.0,0,3,0.9875651041666667,0.9875651041666667
24009,2,1.0,1,0,0.7873828125,0.7873828125
24009,2,1.0,1,2,0.9261067708333334,0.9261067708333334
24009,2,1.0,1,3,0.9061848958333333,0.9061848958333333
24009,2,1.0,2,0,0.7842708333333334,0.7842708333333334
24009,2,1.0,2,1,0.9339322916666667,0.9339322916666667
24009,2,1.0,2,3,0.8637890625,0.8637890625
24009,2,1.0,3,0,0.7810286458333333,0.7810286458333333
24009,2,1.0,3,1,0.8954166666666666,0.8954166666666666
24009,2,1.0,3,2,0.8466796875,0.8466796875
24010,0,0.0,0,1,0.8053515625,0.8053515625
24010,0,0.0,0,2,0.89390625,0.89390625
24010,0,0.0,0,3,0.7745833333333333,0.7745833333333333
24010,0,0.0,1,0,0.9050651041666666,0.9050651041666666
24010,0,0.0,1,2,0.8749609375,0.8749609375
24010,0,0.0,1,3,0.8304427083333333,0.8304427083333333
24010,0,0.0,2,0,0.8067317708333334,0.8067317708333334
24010,0,0.0,2,1,0.7072265625,0.7072265625
24010,0,0.0,2,3,0.685859375,0.685859375
24010,0,0.0,3,0,0.8782942708333333,0.8782942708333333
24010,0,0.0,3,1,0.8324348958333333,0.8324348958333333
24010,0,0.0,3,2,0.8606119791666667,0.8606119791666667
24010,1,0.5,0,1,0.8135026041666666,0.8135026041666666
24010,1,0.5,0,2,0.8881640625,0.8881640625
24010,1,0.5,0,3,0.7824869791666667,0.7824869791666667
24010,1,0.5,1,0,0.9160677083333333,0.9160677083333333
24010,1,0.5,1,2,0.8789583333333333,0.8789583333333333
24010,1,0.5,1,3,0.8337760416666666,0.8337760416666666
24010,1,0.5,2,0,0.8008072916666666,0.8008072916666666
24010,1,0.5,2,1,0.7101171875,0.7101171875
24010,1,0.5,2,3,0.6870833333333334,0.6870833333333334
24010,1,0.5,3,0,0.8845703125,0.8845703125
24010,1,0.5,3,1,0.8336588541666666,0.8336588541666666
24010,1,0.5,3,2,0.8599739583333333,0.8599739583333333
24010,2,1.0,0,1,0.8150911458333333,0.8150911458333333
24010,2,1.0,0,2,0.8758333333333334,0.8758333333333334
24010,2,1.0,0,3,0.781484375,0.781484375
24010,2,1.0,1,0,0.9179296875,0.9179296875
24010,2,1.0,1,2,0.8859505208333334,0.8859505208333334
24010,2,1.0,1,3,0.82765625,0.82765625
24010,2,1.0,2,0,0.7899479166666666,0.7899479166666666
24010,2,1.0,2,1,0.7146614583333334,0.7146614583333334
24010,2,1.0,2,3,0.6899348958333333,0.6899348958333333
24010,2,1.0,3,0,0.8819010416666667,0.8819010416666667
24010,2,1.0,3,1,0.8239713541666667,0.8239713541666667
24010,2,1.0,3,2,0.8599348958333334,0.8599348958333334
24011,0,0.0,0,1,0.8160286458333333,0.8160286458333333
24011,0,0.0,0,2,0.6588802083333334,0.6588802083333334
24011,0,0.0,0,3,0.815234375,0.815234375
24011,0,0.0,1,0,0.7315364583333334,0.7315364583333334
24011,0,0.0,1,2,0.5740364583333334,0.5740364583333334
24011,0,0.0,1,3,0.8043229166666667,0.8043229166666667
24011,0,0.0,2,0,0.83453125,0.83453125
24011,0,0.0,2,1,0.8206901041666667,0.8206901041666667
24011,0,0.0,2,3,0.8061067708333334,0.8061067708333334
24011,0,0.0,3,0,0.6424348958333334,0.6424348958333334
24011,0,0.0,3,1,0.7190494791666666,0.7190494791666666
24011,0,0.0,3,2,0.4891796875,0.4891796875
24011,1,0.5,0,1,0.8282421875,0.8282421875
24011,1,0.5,0,2,0.6695182291666667,0.6695182291666667
24011,1,0.5,0,3,0.8230078125,0.8230078125
24011,1,0.5,1,0,0.7427864583333333,0.7427864583333333
24011,1,0.5,1,2,0.5738541666666667,0.5738541666666667
24011,1,0.5,1,3,0.8086588541666667,0.8086588541666667
24011,1,0.5,2,0,0.84796875,0.84796875
24011,1,0.5,2,1,0.8222135416666667,0.8222135416666667
24011,1,0.5,2,3,0.8070963541666667,0.8070963541666667
24011,1,0.5,3,0,0.6487890625,0.6487890625
24011,1,0.5,3,1,0.7244140625,0.7244140625
24011,1,0.5,3,2,0.48830729166666664,0.48830729166666664
24011,2,1.0,0,1,0.8186197916666667,0.8186197916666667
24011,2,1.0,0,2,0.6656901041666666,0.6656901041666666
24011,2,1.0,0,3,0.8219401041666666,0.8219401041666666
24011,2,1.0,1,0,0.7326041666666666,0.7326041666666666
24011,2,1.0,1,2,0.5750390625,0.5750390625
24011,2,1.0,1,3,0.815078125,0.815078125
24011,2,1.0,2,0,0.84578125,0.84578125
24011,2,1.0,2,1,0.825859375,0.825859375
24011,2,1.0,2,3,0.8130208333333333,0.8130208333333333
24011,2,1.0,3,0,0.646875,0.646875
24011,2,1.0,3,1,0.730390625,0.730390625
24011,2,1.0,3,2,0.4888151041666667,0.4888151041666667
24012,0,0.0,0,1,0.7062760416666667,0.7062760416666667
24012,0,0.0,0,2,0.6246875,0.6246875
24012,0,0.0,0,3,0.6765364583333333,0.6765364583333333
24012,0,0.0,1,0,0.81265625,0.81265625
24012,0,0.0,1,2,0.7190885416666667,0.7190885416666667
24012,0,0.0,1,3,0.7144791666666667,0.7144791666666667
24012,0,0.0,2,0,0.8142708333333334,0.8142708333333334
24012,0,0.0,2,1,0.8102604166666667,0.8102604166666667
24012,0,0.0,2,3,0.7497265625,0.7497265625
24012,0,0.0,3,0,0.8031119791666667,0.8031119791666667
24012,0,0.0,3,1,0.7332552083333334,0.7332552083333334
24012,0,0.0,3,2,0.6842838541666667,0.6842838541666667
24012,1,0.5,0,1,0.6899609375,0.6899609375
24012,1,0.5,0,2,0.6362109375,0.6362109375
24012,1,0.5,0,3,0.7030078125,0.7030078125
24012,1,0.5,1,0,0.8089322916666667,0.8089322916666667
24012,1,0.5,1,2,0.7311979166666667,0.7311979166666667
24012,1,0.5,1,3,0.7578776041666667,0.7578776041666667
24012,1,0.5,2,0,0.8141536458333334,0.8141536458333334
24012,1,0.5,2,1,0.8034244791666667,0.8034244791666667
24012,1,0.5,2,3,0.7481770833333333,0.7481770833333333
24012,1,0.5,3,0,0.8174348958333333,0.8174348958333333
24012,1,0.5,3,1,0.744375,0.744375
24012,1,0.5,3,2,0.6680078125,0.6680078125
24012,2,1.0,0,1,0.6539973958333334,0.6539973958333334
24012,2,1.0,0,2,0.6386197916666667,0.6386197916666667
24012,2,1.0,0,3,0.7349609375,0.7349609375
24012,2,1.0,1,0,0.8064322916666666,0.8064322916666666
24012,2,1.0,1,2,0.7453515625,0.7453515625
24012,2,1.0,1,3,0.7976041666666667,0.7976041666666667
24012,2,1.0,2,0,0.8409244791666667,0.8409244791666667
24012,2,1.0,2,1,0.803359375,0.803359375
24012,2,1.0,2,3,0.8054166666666667,0.8054166666666667
24012,2,1.0,3,0,0.8178385416666667,0.8178385416666667
24012,2,1.0,3,1,0.7158072916666667,0.7158072916666667
24012,2,1.0,3,2,0.673046875,0.673046875
24013,0,0.0,0,1,0.8617317708333333,0.8617317708333333
24013,0,0.0,0,2,0.8445572916666667,0.8445572916666667
24013,0,0.0,0,3,0.8293098958333334,0.8293098958333334
24013,0,0.0,1,0,0.7024348958333333,0.7024348958333333
24013,0,0.0,1,2,0.7692057291666666,0.7692057291666666
24013,0,0.0,1,3,0.6906510416666667,0.6906510416666667
24013,0,0.0,2,0,0.733828125,0.733828125
24013,0,0.0,2,1,0.8272005208333333,0.8272005208333333
24013,0,0.0,2,3,0.7487239583333334,0.7487239583333334
24013,0,0.0,3,0,0.8284635416666667,0.8284635416666667
24013,0,0.0,3,1,0.8674088541666667,0.8674088541666667
24013,0,0.0,3,2,0.8621744791666667,0.8621744791666667
24013,1,0.5,0,1,0.8643489583333334,0.8643489583333334
24013,1,0.5,0,2,0.8820963541666667,0.8820963541666667
24013,1,0.5,0,3,0.8762890625,0.8762890625
24013,1,0.5,1,0,0.7534765625,0.7534765625
24013,1,0.5,1,2,0.8760807291666667,0.8760807291666667
24013,1,0.5,1,3,0.7793098958333333,0.7793098958333333
24013,1,0.5,2,0,0.7294270833333333,0.7294270833333333
24013,1,0.5,2,1,0.8168619791666667,0.8168619791666667
24013,1,0.5,2,3,0.7685286458333334,0.7685286458333334
24013,1,0.5,3,0,0.8446354166666666,0.8446354166666666
24013,1,0.5,3,1,0.8738020833333333,0.8738020833333333
24013,1,0.5,3,2,0.9075911458333333,0.9075911458333333
24013,2,1.0,0,1,0.8422265625,0.8422265625
24013,2,1.0,0,2,0.8715104166666666,0.8715104166666666
24013,2,1.0,0,3,0.879609375,0.879609375
24013,2,1.0,1,0,0.8034895833333333,0.8034895833333333
24013,2,1.0,1,2,0.8867057291666667,0.8867057291666667
24013,2,1.0,1,3,0.850703125,0.850703125
24013,2,1.0,2,0,0.7269921875,0.7269921875
24013,2,1.0,2,1,0.750859375,0.750859375
24013,2,1.0,2,3,0.7718359375,0.7718359375
24013,2,1.0,3,0,0.8396484375,0.8396484375
24013,2,1.0,3,1,0.8457161458333333,0.8457161458333333
24013,2,1.0,3,2,0.9029817708333333,0.9029817708333333
24014,0,0.0,0,1,0.8546875,0.8546875
24014,0,0.0,0,2,0.6055208333333333,0.6055208333333333
24014,0,0.0,0,3,0.7449739583333334,0.7449739583333334
24014,0,0.0,1,0,0.8401432291666666,0.8401432291666666
24014,0,0.0,1,2,0.5866666666666667,0.5866666666666667
24014,0,0.0,1,3,0.7400130208333333,0.7400130208333333
24014,0,0.0,2,0,0.8375911458333334,0.8375911458333334
24014,0,0.0,2,1,0.828125,0.828125
24014,0,0.0,2,3,0.7817578125,0.7817578125
24014,0,0.0,3,0,0.855078125,0.855078125
24014,0,0.0,3,1,0.865546875,0.865546875
24014,0,0.0,3,2,0.6655859375,0.6655859375
24014,1,0.5,0,1,0.8516145833333333,0.8516145833333333
24014,1,0.5,0,2,0.60828125,0.60828125
24014,1,0.5,0,3,0.7372395833333333,0.7372395833333333
24014,1,0.5,1,0,0.8408333333333333,0.8408333333333333
24014,1,0.5,1,2,0.5865755208333333,0.5865755208333333
24014,1,0.5,1,3,0.7376692708333333,0.7376692708333333
24014,1,0.5,2,0,0.8375130208333333,0.8375130208333333
24014,1,0.5,2,1,0.8194140625,0.8194140625
24014,1,0.5,2,3,0.7798307291666666,0.7798307291666666
24014,1,0.5,3,0,0.8423567708333334,0.8423567708333334
24014,1,0.5,3,1,0.856875,0.856875
24014,1,0.5,3,2,0.6639583333333333,0.6639583333333333
24014,2,1.0,0,1,0.831484375,0.831484375
24014,2,1.0,0,2,0.6102864583333333,0.6102864583333333
24014,2,1.0,0,3,0.7280078125,0.7280078125
24014,2,1.0,1,0,0.8260416666666667,0.8260416666666667
24014,2,1.0,1,2,0.5874869791666667,0.5874869791666667
24014,2,1.0,1,3,0.7300390625,0.7300390625
24014,2,1.0,2,0,0.8363151041666667,0.8363151041666667
24014,2,1.0,2,1,0.8105078125,0.8105078125
24014,2,1.0,2,3,0.7726041666666666,0.7726041666666666
24014,2,1.0,3,0,0.8286848958333334,0.8286848958333334
24014,2,1.0,3,1,0.8414453125,0.8414453125
24014,2,1.0,3,2,0.6585286458333334,0.6585286458333334
24015,0,0.0,0,1,0.900390625,0.900390625
24015,0,0.0,0,2,0.6367317708333333,0.6367317708333333
24015,0,0.0,0,3,0.89875,0.89875
24015,0,0.0,1,0,0.7639453125,0.7639453125
24015,0,0.0,1,2,0.5376822916666667,0.5376822916666667
24015,0,0.0,1,3,0.8197786458333334,0.8197786458333334
24015,0,0.0,2,0,0.9133072916666667,0.9133072916666667
24015,0,0.0,2,1,0.9106770833333333,0.9106770833333333
24015,0,0.0,2,3,0.8864322916666667,0.8864322916666667
24015,0,0.0,3,0,0.7173567708333334,0.7173567708333334
24015,0,0.0,3,1,0.7703645833333334,0.7703645833333334
24015,0,0.0,3,2,0.49920572916666667,0.49920572916666667
24015,1,0.5,0,1,0.8961067708333333,0.8961067708333333
24015,1,0.5,0,2,0.6365625,0.6365625
24015,1,0.5,0,3,0.8932161458333333,0.8932161458333333
24015,1,0.5,1,0,0.7689453125,0.7689453125
24015,1,0.5,1,2,0.543984375,0.543984375
24015,1,0.5,1,3,0.8235286458333333,0.8235286458333333
24015,1,0.5,2,0,0.9112760416666666,0.9112760416666666
24015,1,0.5,2,1,0.9131380208333333,0.9131380208333333
24015,1,0.5,2,3,0.86984375,0.86984375
24015,1,0.5,3,0,0.7069140625,0.7069140625
24015,1,0.5,3,1,0.7618619791666666,0.7618619791666666
24015,1,0.5,3,2,0.490390625,0.490390625
24015,2,1.0,0,1,0.8894270833333333,0.8894270833333333
24015,2,1.0,0,2,0.6286328125,0.6286328125
24015,2,1.0,0,3,0.8781640625,0.8781640625
24015,2,1.0,1,0,0.7729427083333333,0.7729427083333333
24015,2,1.0,1,2,0.5405208333333333,0.5405208333333333
24015,2,1.0,1,3,0.81265625,0.81265625
24015,2,1.0,2,0,0.8997916666666667,0.8997916666666667
24015,2,1.0,2,1,0.9060286458333333,0.9060286458333333
24015,2,1.0,2,3,0.8347916666666667,0.8347916666666667
24015,2,1.0,3,0,0.683515625,0.683515625
24015,2,1.0,3,1,0.7347265625,0.7347265625
24015,2,1.0,3,2,0.4661328125,0.4661328125
24016,0,0.0,0,1,0.80890625,0.80890625
24016,0,0.0,0,2,0.8095833333333333,0.8095833333333333
24016,0,0.0,0,3,0.816796875,0.816796875
24016,0,0.0,1,0,0.682109375,0.682109375
24016,0,0.0,1,2,0.6600911458333333,0.6600911458333333
24016,0,0.0,1,3,0.8036197916666666,0.8036197916666666
24016,0,0.0,2,0,0.7413151041666667,0.7413151041666667
24016,0,0.0,2,1,0.7215234375,0.7215234375
24016,0,0.0,2,3,0.7627473958333333,0.7627473958333333
24016,0,0.0,3,0,0.6414453125,0.6414453125
24016,0,0.0,3,1,0.746796875,0.746796875
24016,0,0.0,3,2,0.6560026041666667,0.6560026041666667
24016,1,0.5,0,1,0.8476953125,0.8476953125
24016,1,0.5,0,2,0.8169661458333334,0.8169661458333334
24016,1,0.5,0,3,0.8486979166666667,0.8486979166666667
24016,1,0.5,1,0,0.7131770833333333,0.7131770833333333
24016,1,0.5,1,2,0.6596223958333334,0.6596223958333334
24016,1,0.5,1,3,0.8056901041666666,0.8056901041666666
24016,1,0.5,2,0,0.7505078125,0.7505078125
24016,1,0.5,2,1,0.7203125,0.7203125
24016,1,0.5,2,3,0.8029166666666666,0.8029166666666666
24016,1,0.5,3,0,0.6573697916666666,0.6573697916666666
24016,1,0.5,3,1,0.7415104166666666,0.7415104166666666
24016,1,0.5,3,2,0.6799088541666667,0.6799088541666667
24016,2,1.0,0,1,0.8640885416666667,0.8640885416666667
24016,2,1.0,0,2,0.8528255208333333,0.8528255208333333
24016,2,1.0,0,3,0.86453125,0.86453125
24016,2,1.0,1,0,0.71796875,0.71796875
24016,2,1.0,1,2,0.7232682291666667,0.7232682291666667
24016,2,1.0,1,3,0.8373177083333333,0.8373177083333333
24016,2,1.0,2,0,0.797890625,0.797890625
24016,2,1.0,2,1,0.8096744791666667,0.8096744791666667
24016,2,1.0,2,3,0.8520572916666667,0.8520572916666667
24016,2,1.0,3,0,0.6613151041666666,0.6613151041666666
24016,2,1.0,3,1,0.7738671875,0.7738671875
24016,2,1.0,3,2,0.6961979166666666,0.6961979166666666
24017,0,0.0,0,1,0.9208463541666667,0.9208463541666667
24017,0,0.0,0,2,0.8929947916666666,0.8929947916666666
24017,0,0.0,0,3,0.9032682291666667,0.9032682291666667
24017,0,0.0,1,0,0.7132682291666667,0.7132682291666667
24017,0,0.0,1,2,0.7404036458333333,0.7404036458333333
24017,0,0.0,1,3,0.7940364583333334,0.7940364583333334
24017,0,0.0,2,0,0.8510807291666667,0.8510807291666667
24017,0,0.0,2,1,0.9099609375,0.9099609375
24017,0,0.0,2,3,0.8530598958333333,0.8530598958333333
24017,0,0.0,3,0,0.8122526041666667,0.8122526041666667
24017,0,0.0,3,1,0.92015625,0.92015625
24017,0,0.0,3,2,0.8047786458333334,0.8047786458333334
24017,1,0.5,0,1,0.9103125,0.9103125
24017,1,0.5,0,2,0.86234375,0.86234375
24017,1,0.5,0,3,0.883671875,0.883671875
24017,1,0.5,1,0,0.7056901041666667,0.7056901041666667
24017,1,0.5,1,2,0.7213541666666666,0.7213541666666666
24017,1,0.5,1,3,0.7813151041666667,0.7813151041666667
24017,1,0.5,2,0,0.8267057291666666,0.8267057291666666
24017,1,0.5,2,1,0.888203125,0.888203125
24017,1,0.5,2,3,0.8171354166666667,0.8171354166666667
24017,1,0.5,3,0,0.79375,0.79375
24017,1,0.5,3,1,0.9032421875,0.9032421875
24017,1,0.5,3,2,0.7668098958333334,0.7668098958333334
24017,2,1.0,0,1,0.8949479166666666,0.8949479166666666
24017,2,1.0,0,2,0.87671875,0.87671875
24017,2,1.0,0,3,0.8639583333333334,0.8639583333333334
24017,2,1.0,1,0,0.6985416666666666,0.6985416666666666
24017,2,1.0,1,2,0.7213541666666666,0.7213541666666666
24017,2,1.0,1,3,0.7733854166666667,0.7733854166666667
24017,2,1.0,2,0,0.8519140625,0.8519140625
24017,2,1.0,2,1,0.8941666666666667,0.8941666666666667
24017,2,1.0,2,3,0.8336979166666667,0.8336979166666667
24017,2,1.0,3,0,0.780078125,0.780078125
24017,2,1.0,3,1,0.891640625,0.891640625
24017,2,1.0,3,2,0.7769140625,0.7769140625
24018,0,0.0,0,1,0.726875,0.726875
24018,0,0.0,0,2,0.8165234375,0.8165234375
24018,0,0.0,0,3,0.7917057291666667,0.7917057291666667
24018,0,0.0,1,0,0.6384114583333333,0.6384114583333333
24018,0,0.0,1,2,0.6625520833333334,0.6625520833333334
24018,0,0.0,1,3,0.7443880208333333,0.7443880208333333
24018,0,0.0,2,0,0.6793359375,0.6793359375
24018,0,0.0,2,1,0.6590234375,0.6590234375
24018,0,0.0,2,3,0.7595963541666667,0.7595963541666667
24018,0,0.0,3,0,0.5772786458333333,0.5772786458333333
24018,0,0.0,3,1,0.6456640625,0.6456640625
24018,0,0.0,3,2,0.660546875,0.660546875
24018,1,0.5,0,1,0.7223307291666666,0.7223307291666666
24018,1,0.5,0,2,0.826484375,0.826484375
24018,1,0.5,0,3,0.792265625,0.792265625
24018,1,0.5,1,0,0.6372916666666667,0.6372916666666667
24018,1,0.5,1,2,0.6491276041666667,0.6491276041666667
24018,1,0.5,1,3,0.7416927083333333,0.7416927083333333
24018,1,0.5,2,0,0.6855989583333333,0.6855989583333333
24018,1,0.5,2,1,0.6386588541666667,0.6386588541666667
24018,1,0.5,2,3,0.7498307291666667,0.7498307291666667
24018,1,0.5,3,0,0.5855208333333334,0.5855208333333334
24018,1,0.5,3,1,0.6508854166666667,0.6508854166666667
24018,1,0.5,3,2,0.6571875,0.6571875
24018,2,1.0,0,1,0.715,0.715
24018,2,1.0,0,2,0.8276171875,0.8276171875
24018,2,1.0,0,3,0.7909244791666666,0.7909244791666666
24018,2,1.0,1,0,0.6331901041666667,0.6331901041666667
24018,2,1.0,1,2,0.6394661458333334,0.6394661458333334
24018,2,1.0,1,3,0.7390104166666667,0.7390104166666667
24018,2,1.0,2,0,0.6848567708333333,0.6848567708333333
24018,2,1.0,2,1,0.6218880208333334,0.6218880208333334
24018,2,1.0,2,3,0.7489713541666667,0.7489713541666667
24018,2,1.0,3,0,0.5871744791666667,0.5871744791666667
24018,2,1.0,3,1,0.6566927083333334,0.6566927083333334
24018,2,1.0,3,2,0.6573958333333333,0.6573958333333333
24019,0,0.0,0,1,0.8250260416666667,0.8250260416666667
24019,0,0.0,0,2,0.6723177083333334,0.6723177083333334
24019,0,0.0,0,3,0.7971484375,0.7971484375
24019,0,0.0,1,0,0.7772135416666667,0.7772135416666667
24019,0,0.0,1,2,0.6172786458333334,0.6172786458333334
24019,0,0.0,1,3,0.7397916666666666,0.7397916666666666
24019,0,0.0,2,0,0.874921875,0.874921875
24019,0,0.0,2,1,0.8232682291666666,0.8232682291666666
24019,0,0.0,2,3,0.8844921875,0.8844921875
24019,0,0.0,3,0,0.7244140625,0.7244140625
24019,0,0.0,3,1,0.716171875,0.716171875
24019,0,0.0,3,2,0.5853645833333333,0.5853645833333333
24019,1,0.5,0,1,0.8288541666666667,0.8288541666666667
24019,1,0.5,0,2,0.6689453125,0.6689453125
24019,1,0.5,0,3,0.7938151041666667,0.7938151041666667
24019,1,0.5,1,0,0.7844791666666666,0.7844791666666666
24019,1,0.5,1,2,0.6098958333333333,0.6098958333333333
24019,1,0.5,1,3,0.7312239583333333,0.7312239583333333
24019,1,0.5,2,0,0.871015625,0.871015625
24019,1,0.5,2,1,0.8181510416666666,0.8181510416666666
24019,1,0.5,2,3,0.8709244791666667,0.8709244791666667
24019,1,0.5,3,0,0.7215625,0.7215625
24019,1,0.5,3,1,0.7123958333333333,0.7123958333333333
24019,1,0.5,3,2,0.5767578125,0.5767578125
24019,2,1.0,0,1,0.8282552083333333,0.8282552083333333
24019,2,1.0,0,2,0.665625,0.665625
24019,2,1.0,0,3,0.7951041666666666,0.7951041666666666
24019,2,1.0,1,0,0.7849479166666666,0.7849479166666666
24019,2,1.0,1,2,0.6019140625,0.6019140625
24019,2,1.0,1,3,0.7238411458333334,0.7238411458333334
24019,2,1.0,2,0,0.8661328125,0.8661328125
24019,2,1.0,2,1,0.8098307291666667,0.8098307291666667
24019,2,1.0,2,3,0.864140625,0.864140625
24019,2,1.0,3,0,0.723671875,0.723671875
24019,2,1.0,3,1,0.7098046875,0.7098046875
24019,2,1.0,3,2,0.5717057291666666,0.5717057291666666
24020,0,0.0,0,1,0.8822526041666666,0.8822526041666666
24020,0,0.0,0,2,0.9184114583333334,0.9184114583333334
24020,0,0.0,0,3,0.9215755208333334,0.9215755208333334
24020,0,0.0,1,0,0.6891536458333334,0.6891536458333334
24020,0,0.0,1,2,0.7392838541666666,0.7392838541666666
24020,0,0.0,1,3,0.7593098958333333,0.7593098958333333
24020,0,0.0,2,0,0.8224869791666667,0.8224869791666667
24020,0,0.0,2,1,0.8614583333333333,0.8614583333333333
24020,0,0.0,2,3,0.9268229166666667,0.9268229166666667
24020,0,0.0,3,0,0.7604166666666666,0.7604166666666666
24020,0,0.0,3,1,0.8100260416666667,0.8100260416666667
24020,0,0.0,3,2,0.8524869791666667,0.8524869791666667
24020,1,0.5,0,1,0.8912109375,0.8912109375
24020,1,0.5,0,2,0.9173958333333333,0.9173958333333333
24020,1,0.5,0,3,0.9085416666666667,0.9085416666666667
24020,1,0.5,1,0,0.6960807291666666,0.6960807291666666
24020,1,0.5,1,2,0.7727734375,0.7727734375
24020,1,0.5,1,3,0.8431770833333333,0.8431770833333333
24020,1,0.5,2,0,0.7986197916666666,0.7986197916666666
24020,1,0.5,2,1,0.8618489583333333,0.8618489583333333
24020,1,0.5,2,3,0.9440234375,0.9440234375
24020,1,0.5,3,0,0.7245052083333333,0.7245052083333333
24020,1,0.5,3,1,0.84609375,0.84609375
24020,1,0.5,3,2,0.8590494791666666,0.8590494791666666
24020,2,1.0,0,1,0.8642838541666666,0.8642838541666666
24020,2,1.0,0,2,0.9077083333333333,0.9077083333333333
24020,2,1.0,0,3,0.8748697916666667,0.8748697916666667
24020,2,1.0,1,0,0.66765625,0.66765625
24020,2,1.0,1,2,0.7704036458333333,0.7704036458333333
24020,2,1.0,1,3,0.8193098958333334,0.8193098958333334
24020,2,1.0,2,0,0.7800911458333334,0.7800911458333334
24020,2,1.0,2,1,0.8498307291666667,0.8498307291666667
24020,2,1.0,2,3,0.9156119791666667,0.9156119791666667
24020,2,1.0,3,0,0.6930598958333334,0.6930598958333334
24020,2,1.0,3,1,0.8083723958333333,0.8083723958333333
24020,2,1.0,3,2,0.8331770833333333,0.8331770833333333
24021,0,0.0,0,1,0.8122005208333334,0.8122005208333334
24021,0,0.0,0,2,0.8443098958333334,0.8443098958333334
24021,0,0.0,0,3,0.7567578125,0.7567578125
24021,0,0.0,1,0,0.8270572916666666,0.8270572916666666
24021,0,0.0,1,2,0.83921875,0.83921875
24021,0,0.0,1,3,0.788515625,0.788515625
24021,0,0.0,2,0,0.8851041666666667,0.8851041666666667
24021,0,0.0,2,1,0.8629036458333333,0.8629036458333333
24021,0,0.0,2,3,0.81703125,0.81703125
24021,0,0.0,3,0,0.8580598958333333,0.8580598958333333
24021,0,0.0,3,1,0.8820963541666667,0.8820963541666667
24021,0,0.0,3,2,0.8942317708333334,0.8942317708333334
24021,1,0.5,0,1,0.8246744791666667,0.8246744791666667
24021,1,0.5,0,2,0.8521875,0.8521875
24021,1,0.5,0,3,0.7520703125,0.7520703125
24021,1,0.5,1,0,0.8384114583333333,0.8384114583333333
24021,1,0.5,1,2,0.8516276041666667,0.8516276041666667
24021,1,0.5,1,3,0.7919661458333334,0.7919661458333334
24021,1,0.5,2,0,0.8897526041666667,0.8897526041666667
24021,1,0.5,2,1,0.872265625,0.872265625
24021,1,0.5,2,3,0.8101171875,0.8101171875
24021,1,0.5,3,0,0.8569791666666666,0.8569791666666666
24021,1,0.5,3,1,0.8912369791666667,0.8912369791666667
24021,1,0.5,3,2,0.8945182291666667,0.8945182291666667
24021,2,1.0,0,1,0.8362760416666667,0.8362760416666667
24021,2,1.0,0,2,0.8585286458333333,0.8585286458333333
24021,2,1.0,0,3,0.7545052083333333,0.7545052083333333
24021,2,1.0,1,0,0.848828125,0.848828125
24021,2,1.0,1,2,0.8615755208333333,0.8615755208333333
24021,2,1.0,1,3,0.7869791666666667,0.7869791666666667
24021,2,1.0,2,0,0.8917317708333333,0.8917317708333333
24021,2,1.0,2,1,0.8805078125,0.8805078125
24021,2,1.0,2,3,0.8029296875,0.8029296875
24021,2,1.0,3,0,0.8589583333333334,0.8589583333333334
24021,2,1.0,3,1,0.8903776041666667,0.8903776041666667
24021,2,1.0,3,2,0.89359375,0.89359375
24022,0,0.0,0,1,0.841484375,0.841484375
24022,0,0.0,0,2,0.7959635416666667,0.7959635416666667
24022,0,0.0,0,3,0.9346744791666667,0.9346744791666667
24022,0,0.0,1,0,0.671015625,0.671015625
24022,0,0.0,1,2,0.6471484375,0.6471484375
24022,0,0.0,1,3,0.7198567708333333,0.7198567708333333
24022,0,0.0,2,0,0.7963671875,0.7963671875
24022,0,0.0,2,1,0.7670052083333333,0.7670052083333333
24022,0,0.0,2,3,0.9320572916666666,0.9320572916666666
24022,0,0.0,3,0,0.7486979166666666,0.7486979166666666
24022,0,0.0,3,1,0.7363932291666667,0.7363932291666667
24022,0,0.0,3,2,0.7431119791666667,0.7431119791666667
24022,1,0.5,0,1,0.8090625,0.8090625
24022,1,0.5,0,2,0.7990885416666667,0.7990885416666667
24022,1,0.5,0,3,0.9220052083333333,0.9220052083333333
24022,1,0.5,1,0,0.6887369791666667,0.6887369791666667
24022,1,0.5,1,2,0.6541927083333333,0.6541927083333333
24022,1,0.5,1,3,0.7253125,0.7253125
24022,1,0.5,2,0,0.8341015625,0.8341015625
24022,1,0.5,2,1,0.760859375,0.760859375
24022,1,0.5,2,3,0.9429947916666667,0.9429947916666667
24022,1,0.5,3,0,0.7565494791666667,0.7565494791666667
24022,1,0.5,3,1,0.7113932291666667,0.7113932291666667
24022,1,0.5,3,2,0.736484375,0.736484375
24022,2,1.0,0,1,0.78015625,0.78015625
24022,2,1.0,0,2,0.7976822916666667,0.7976822916666667
24022,2,1.0,0,3,0.9036458333333334,0.9036458333333334
24022,2,1.0,1,0,0.7069661458333333,0.7069661458333333
24022,2,1.0,1,2,0.6632942708333334,0.6632942708333334
24022,2,1.0,1,3,0.7276302083333334,0.7276302083333334
24022,2,1.0,2,0,0.86265625,0.86265625
24022,2,1.0,2,1,0.7591276041666667,0.7591276041666667
24022,2,1.0,2,3,0.9370572916666666,0.9370572916666666
24022,2,1.0,3,0,0.7581119791666666,0.7581119791666666
24022,2,1.0,3,1,0.6908984375,0.6908984375
24022,2,1.0,3,2,0.7187239583333334,0.7187239583333334
24023,0,0.0,0,1,0.771171875,0.771171875
24023,0,0.0,0,2,0.8322526041666667,0.8322526041666667
24023,0,0.0,0,3,0.7343098958333333,0.7343098958333333
24023,0,0.0,1,0,0.7729557291666667,0.7729557291666667
24023,0,0.0,1,2,0.8357682291666667,0.8357682291666667
24023,0,0.0,1,3,0.6652213541666666,0.6652213541666666
24023,0,0.0,2,0,0.8103515625,0.8103515625
24023,0,0.0,2,1,0.8087369791666666,0.8087369791666666
24023,0,0.0,2,3,0.6935416666666666,0.6935416666666666
24023,0,0.0,3,0,0.8845182291666667,0.8845182291666667
24023,0,0.0,3,1,0.7995052083333334,0.7995052083333334
24023,0,0.0,3,2,0.8525,0.8525
24023,1,0.5,0,1,0.7482421875,0.7482421875
24023,1,0.5,0,2,0.7944140625,0.7944140625
24023,1,0.5,0,3,0.7211979166666667,0.7211979166666667
24023,1,0.5,1,0,0.7658463541666667,0.7658463541666667
24023,1,0.5,1,2,0.7826822916666667,0.7826822916666667
24023,1,0.5,1,3,0.6486588541666667,0.6486588541666667
24023,1,0.5,2,0,0.7981640625,0.7981640625
24023,1,0.5,2,1,0.769453125,0.769453125
24023,1,0.5,2,3,0.6723177083333334,0.6723177083333334
24023,1,0.5,3,0,0.83046875,0.83046875
24023,1,0.5,3,1,0.7336848958333333,0.7336848958333333
24023,1,0.5,3,2,0.767890625,0.767890625
24023,2,1.0,0,1,0.7591276041666667,0.7591276041666667
24023,2,1.0,0,2,0.8345833333333333,0.8345833333333333
24023,2,1.0,0,3,0.7071614583333333,0.7071614583333333
24023,2,1.0,1,0,0.7918359375,0.7918359375
24023,2,1.0,1,2,0.7994661458333333,0.7994661458333333
24023,2,1.0,1,3,0.6301302083333333,0.6301302083333333
24023,2,1.0,2,0,0.8710286458333333,0.8710286458333333
24023,2,1.0,2,1,0.798671875,0.798671875
24023,2,1.0,2,3,0.6746614583333334,0.6746614583333334
24023,2,1.0,3,0,0.7918619791666667,0.7918619791666667
24023,2,1.0,3,1,0.6813932291666667,0.6813932291666667
24023,2,1.0,3,2,0.7241796875,0.7241796875
24024,0,0.0,0,1,0.8789583333333333,0.8789583333333333
24024,0,0.0,0,2,0.6958072916666667,0.6958072916666667
24024,0,0.0,0,3,0.8144010416666667,0.8144010416666667
24024,0,0.0,1,0,0.882578125,0.882578125
24024,0,0.0,1,2,0.680078125,0.680078125
24024,0,0.0,1,3,0.8348046875,0.8348046875
24024,0,0.0,2,0,0.9129557291666667,0.9129557291666667
24024,0,0.0,2,1,0.8872786458333334,0.8872786458333334
24024,0,0.0,2,3,0.85859375,0.85859375
24024,0,0.0,3,0,0.781328125,0.781328125
24024,0,0.0,3,1,0.7945963541666666,0.7945963541666666
24024,0,0.0,3,2,0.6433723958333334,0.6433723958333334
24024,1,0.5,0,1,0.858046875,0.858046875
24024,1,0.5,0,2,0.7139973958333333,0.7139973958333333
24024,1,0.5,0,3,0.7919270833333333,0.7919270833333333
24024,1,0.5,1,0,0.9131770833333334,0.9131770833333334
24024,1,0.5,1,2,0.7076432291666667,0.7076432291666667
24024,1,0.5,1,3,0.8150520833333333,0.8150520833333333
24024,1,0.5,2,0,0.9211328125,0.9211328125
24024,1,0.5,2,1,0.8610286458333334,0.8610286458333334
24024,1,0.5,2,3,0.8138411458333333,0.8138411458333333
24024,1,0.5,3,0,0.7611979166666667,0.7611979166666667
24024,1,0.5,3,1,0.7289453125,0.7289453125
24024,1,0.5,3,2,0.635390625,0.635390625
24024,2,1.0,0,1,0.8276692708333333,0.8276692708333333
24024,2,1.0,0,2,0.7077083333333334,0.7077083333333334
24024,2,1.0,0,3,0.7594921875,0.7594921875
24024,2,1.0,1,0,0.919375,0.919375
24024,2,1.0,1,2,0.701328125,0.701328125
24024,2,1.0,1,3,0.798203125,0.798203125
24024,2,1.0,2,0,0.8786979166666666,0.8786979166666666
24024,2,1.0,2,1,0.7913802083333333,0.7913802083333333
24024,2,1.0,2,3,0.7388151041666666,0.7388151041666666
24024,2,1.0,3,0,0.6928385416666667,0.6928385416666667
24024,2,1.0,3,1,0.6507552083333333,0.6507552083333333
24024,2,1.0,3,2,0.5770572916666666,0.5770572916666666
24025,0,0.0,0,1,0.8295703125,0.8295703125
24025,0,0.0,0,2,0.8299609375,0.8299609375
24025,0,0.0,0,3,0.8441276041666667,0.8441276041666667
24025,0,0.0,1,0,0.7966536458333333,0.7966536458333333
24025,0,0.0,1,2,0.7761588541666666,0.7761588541666666
24025,0,0.0,1,3,0.8290104166666666,0.8290104166666666
24025,0,0.0,2,0,0.79578125,0.79578125
24025,0,0.0,2,1,0.77453125,0.77453125
24025,0,0.0,2,3,0.7774479166666667,0.7774479166666667
24025,0,0.0,3,0,0.7741145833333334,0.7741145833333334
24025,0,0.0,3,1,0.7929036458333333,0.7929036458333333
24025,0,0.0,3,2,0.7448828125,0.7448828125
24025,1,0.5,0,1,0.8494270833333334,0.8494270833333334
24025,1,0.5,0,2,0.8305729166666667,0.8305729166666667
24025,1,0.5,0,3,0.8442317708333333,0.8442317708333333
24025,1,0.5,1,0,0.8146614583333334,0.8146614583333334
24025,1,0.5,1,2,0.7793880208333334,0.7793880208333334
24025,1,0.5,1,3,0.8713151041666667,0.8713151041666667
24025,1,0.5,2,0,0.7996484375,0.7996484375
24025,1,0.5,2,1,0.7804947916666667,0.7804947916666667
24025,1,0.5,2,3,0.7870833333333334,0.7870833333333334
24025,1,0.5,3,0,0.7744661458333333,0.7744661458333333
24025,1,0.5,3,1,0.8336328125,0.8336328125
24025,1,0.5,3,2,0.7518489583333333,0.7518489583333333
24025,2,1.0,0,1,0.8415885416666666,0.8415885416666666
24025,2,1.0,0,2,0.8256770833333333,0.8256770833333333
24025,2,1.0,0,3,0.841328125,0.841328125
24025,2,1.0,1,0,0.8060677083333333,0.8060677083333333
24025,2,1.0,1,2,0.7802213541666667,0.7802213541666667
24025,2,1.0,1,3,0.843125,0.843125
24025,2,1.0,2,0,0.7957552083333334,0.7957552083333334
24025,2,1.0,2,1,0.785078125,0.785078125
24025,2,1.0,2,3,0.7775651041666667,0.7775651041666667
24025,2,1.0,3,0,0.7687890625,0.7687890625
24025,2,1.0,3,1,0.8059635416666666,0.8059635416666666
24025,2,1.0,3,2,0.7384895833333334,0.7384895833333334
24026,0,0.0,0,1,0.7705729166666667,0.7705729166666667
24026,0,0.0,0,2,0.7634375,0.7634375
24026,0,0.0,0,3,0.5830989583333334,0.5830989583333334
24026,0,0.0,1,0,0.606640625,0.606640625
24026,0,0.0,1,2,0.7617838541666667,0.7617838541666667
24026,0,0.0,1,3,0.4473697916666667,0.4473697916666667
24026,0,0.0,2,0,0.5820833333333333,0.5820833333333333
24026,0,0.0,2,1,0.7601041666666667,0.7601041666666667
24026,0,0.0,2,3,0.41778645833333333,0.41778645833333333
24026,0,0.0,3,0,0.7438932291666667,0.7438932291666667
24026,0,0.0,3,1,0.6937369791666667,0.6937369791666667
24026,0,0.0,3,2,0.6830598958333334,0.6830598958333334
24026,1,0.5,0,1,0.7693880208333334,0.7693880208333334
24026,1,0.5,0,2,0.7698958333333333,0.7698958333333333
24026,1,0.5,0,3,0.6056770833333334,0.6056770833333334
24026,1,0.5,1,0,0.6075,0.6075
24026,1,0.5,1,2,0.7413932291666666,0.7413932291666666
24026,1,0.5,1,3,0.4624739583333333,0.4624739583333333
24026,1,0.5,2,0,0.6054427083333334,0.6054427083333334
24026,1,0.5,2,1,0.7613541666666667,0.7613541666666667
24026,1,0.5,2,3,0.44712239583333335,0.44712239583333335
24026,1,0.5,3,0,0.7576953125,0.7576953125
24026,1,0.5,3,1,0.7024348958333333,0.7024348958333333
24026,1,0.5,3,2,0.704375,0.704375
24026,2,1.0,0,1,0.748671875,0.748671875
24026,2,1.0,0,2,0.761328125,0.761328125
24026,2,1.0,0,3,0.6065755208333333,0.6065755208333333
24026,2,1.0,1,0,0.5828385416666667,0.5828385416666667
24026,2,1.0,1,2,0.6772135416666667,0.6772135416666667
24026,2,1.0,1,3,0.4561848958333333,0.4561848958333333
24026,2,1.0,2,0,0.6327604166666667,0.6327604166666667
24026,2,1.0,2,1,0.7428776041666667,0.7428776041666667
24026,2,1.0,2,3,0.47044270833333335,0.47044270833333335
24026,2,1.0,3,0,0.7413020833333334,0.7413020833333334
24026,2,1.0,3,1,0.6856119791666667,0.6856119791666667
24026,2,1.0,3,2,0.7035286458333333,0.7035286458333333
24027,0,0.0,0,1,0.6808463541666666,0.6808463541666666
24027,0,0.0,0,2,0.7504557291666667,0.7504557291666667
24027,0,0.0,0,3,0.6628255208333333,0.6628255208333333
24027,0,0.0,1,0,0.8626171875,0.8626171875
24027,0,0.0,1,2,0.8346484375,0.8346484375
24027,0,0.0,1,3,0.7469270833333334,0.7469270833333334
24027,0,0.0,2,0,0.8561848958333333,0.8561848958333333
24027,0,0.0,2,1,0.7615885416666667,0.7615885416666667
24027,0,0.0,2,3,0.7614583333333333,0.7614583333333333
24027,0,0.0,3,0,0.8427994791666666,0.8427994791666666
24027,0,0.0,3,1,0.7678515625,0.7678515625
24027,0,0.0,3,2,0.856875,0.856875
24027,1,0.5,0,1,0.6875390625,0.6875390625
24027,1,0.5,0,2,0.7496484375,0.7496484375
24027,1,0.5,0,3,0.6619270833333334,0.6619270833333334
24027,1,0.5,1,0,0.8542447916666667,0.8542447916666667
24027,1,0.5,1,2,0.8242708333333333,0.8242708333333333
24027,1,0.5,1,3,0.7363020833333334,0.7363020833333334
24027,1,0.5,2,0,0.84015625,0.84015625
24027,1,0.5,2,1,0.7524088541666667,0.7524088541666667
24027,1,0.5,2,3,0.7194140625,0.7194140625
24027,1,0.5,3,0,0.7898307291666666,0.7898307291666666
24027,1,0.5,3,1,0.72671875,0.72671875
24027,1,0.5,3,2,0.7809765625,0.7809765625
24027,2,1.0,0,1,0.6883333333333334,0.6883333333333334
24027,2,1.0,0,2,0.751796875,0.751796875
24027,2,1.0,0,3,0.6748307291666666,0.6748307291666666
24027,2,1.0,1,0,0.8449479166666667,0.8449479166666667
24027,2,1.0,1,2,0.805234375,0.805234375
24027,2,1.0,1,3,0.7231640625,0.7231640625
24027,2,1.0,2,0,0.8363151041666667,0.8363151041666667
24027,2,1.0,2,1,0.7386328125,0.7386328125
24027,2,1.0,2,3,0.7325390625,0.7325390625
24027,2,1.0,3,0,0.7683203125,0.7683203125
24027,2,1.0,3,1,0.6970572916666666,0.6970572916666666
24027,2,1.0,3,2,0.7718229166666667,0.7718229166666667
24028,0,0.0,0,1,0.7838802083333334,0.7838802083333334
24028,0,0.0,0,2,0.89109375,0.89109375
24028,0,0.0,0,3,0.8195833333333333,0.8195833333333333
24028,0,0.0,1,0,0.771328125,0.771328125
24028,0,0.0,1,2,0.77046875,0.77046875
24028,0,0.0,1,3,0.7082161458333334,0.7082161458333334
24028,0,0.0,2,0,0.6730859375,0.6730859375
24028,0,0.0,2,1,0.6145182291666667,0.6145182291666667
24028,0,0.0,2,3,0.7225390625,0.7225390625
24028,0,0.0,3,0,0.76546875,0.76546875
24028,0,0.0,3,1,0.6863671875,0.6863671875
24028,0,0.0,3,2,0.9244401041666667,0.9244401041666667
24028,1,0.5,0,1,0.74,0.74
24028,1,0.5,0,2,0.9011458333333333,0.9011458333333333
24028,1,0.5,0,3,0.798359375,0.798359375
24028,1,0.5,1,0,0.7754166666666666,0.7754166666666666
24028,1,0.5,1,2,0.8294010416666666,0.8294010416666666
24028,1,0.5,1,3,0.714296875,0.714296875
24028,1,0.5,2,0,0.7056770833333333,0.7056770833333333
24028,1,0.5,2,1,0.6445833333333333,0.6445833333333333
24028,1,0.5,2,3,0.718671875,0.718671875
24028,1,0.5,3,0,0.7648697916666667,0.7648697916666667
24028,1,0.5,3,1,0.664921875,0.664921875
24028,1,0.5,3,2,0.8572786458333334,0.8572786458333334
24028,2,1.0,0,1,0.6992838541666667,0.6992838541666667
24028,2,1.0,0,2,0.8951953125,0.8951953125
24028,2,1.0,0,3,0.797265625,0.797265625
24028,2,1.0,1,0,0.7886067708333333,0.7886067708333333
24028,2,1.0,1,2,0.8704947916666667,0.8704947916666667
24028,2,1.0,1,3,0.7206901041666667,0.7206901041666667
24028,2,1.0,2,0,0.7552083333333334,0.7552083333333334
24028,2,1.0,2,1,0.6546614583333333,0.6546614583333333
24028,2,1.0,2,3,0.7228255208333333,0.7228255208333333
24028,2,1.0,3,0,0.7801692708333333,0.7801692708333333
24028,2,1.0,3,1,0.6461197916666667,0.6461197916666667
24028,2,1.0,3,2,0.8181380208333333,0.8181380208333333
24029,0,0.0,0,1,0.8344401041666667,0.8344401041666667
24029,0,0.0,0,2,0.8267838541666667,0.8267838541666667
24029,0,0.0,0,3,0.7614713541666667,0.7614713541666667
24029,0,0.0,1,0,0.7256119791666666,0.7256119791666666
24029,0,0.0,1,2,0.8149348958333333,0.8149348958333333
24029,0,0.0,1,3,0.7272916666666667,0.7272916666666667
24029,0,0.0,2,0,0.7442578125,0.7442578125
24029,0,0.0,2,1,0.8137630208333333,0.8137630208333333
24029,0,0.0,2,3,0.7250390625,0.7250390625
24029,0,0.0,3,0,0.6665885416666667,0.6665885416666667
24029,0,0.0,3,1,0.695234375,0.695234375
24029,0,0.0,3,2,0.6895182291666667,0.6895182291666667
24029,1,0.5,0,1,0.8358854166666667,0.8358854166666667
24029,1,0.5,0,2,0.83171875,0.83171875
24029,1,0.5,0,3,0.7645572916666666,0.7645572916666666
24029,1,0.5,1,0,0.7220703125,0.7220703125
24029,1,0.5,1,2,0.8122786458333333,0.8122786458333333
24029,1,0.5,1,3,0.727421875,0.727421875
24029,1,0.5,2,0,0.7372786458333334,0.7372786458333334
24029,1,0.5,2,1,0.8094921875,0.8094921875
24029,1,0.5,2,3,0.7237369791666667,0.7237369791666667
24029,1,0.5,3,0,0.6619661458333334,0.6619661458333334
24029,1,0.5,3,1,0.6964583333333333,0.6964583333333333
24029,1,0.5,3,2,0.689375,0.689375
24029,2,1.0,0,1,0.8352994791666667,0.8352994791666667
24029,2,1.0,0,2,0.8350520833333334,0.8350520833333334
24029,2,1.0,0,3,0.7664973958333333,0.7664973958333333
24029,2,1.0,1,0,0.7153776041666666,0.7153776041666666
24029,2,1.0,1,2,0.8125130208333333,0.8125130208333333
24029,2,1.0,1,3,0.7370572916666667,0.7370572916666667
24029,2,1.0,2,0,0.7316796875,0.7316796875
24029,2,1.0,2,1,0.80890625,0.80890625
24029,2,1.0,2,3,0.7341015625,0.7341015625
24029,2,1.0,3,0,0.65875,0.65875
24029,2,1.0,3,1,0.7056380208333334,0.7056380208333334
24029,2,1.0,3,2,0.6995703125,0.6995703125
24030,0,0.0,0,1,0.8836848958333333,0.8836848958333333
24030,0,0.0,0,2,0.7154557291666667,0.7154557291666667
24030,0,0.0,0,3,0.7110546875,0.7110546875
24030,0,0.0,1,0,0.7074479166666666,0.7074479166666666
24030,0,0.0,1,2,0.5761588541666667,0.5761588541666667
24030,0,0.0,1,3,0.5548567708333333,0.5548567708333333
24030,0,0.0,2,0,0.8640755208333334,0.8640755208333334
24030,0,0.0,2,1,0.8740625,0.8740625
24030,0,0.0,2,3,0.7704817708333334,0.7704817708333334
24030,0,0.0,3,0,0.8866927083333334,0.8866927083333334
24030,0,0.0,3,1,0.8658333333333333,0.8658333333333333
24030,0,0.0,3,2,0.7978645833333333,0.7978645833333333
24030,1,0.5,0,1,0.8996354166666667,0.8996354166666667
24030,1,0.5,0,2,0.7299088541666666,0.7299088541666666
24030,1,0.5,0,3,0.7226822916666666,0.7226822916666666
24030,1,0.5,1,0,0.7187890625,0.7187890625
24030,1,0.5,1,2,0.594296875,0.594296875
24030,1,0.5,1,3,0.5629166666666666,0.5629166666666666
24030,1,0.5,2,0,0.8815104166666666,0.8815104166666666
24030,1,0.5,2,1,0.9022265625,0.9022265625
24030,1,0.5,2,3,0.8007291666666667,0.8007291666666667
24030,1,0.5,3,0,0.90390625,0.90390625
24030,1,0.5,3,1,0.8822135416666667,0.8822135416666667
24030,1,0.5,3,2,0.8249479166666667,0.8249479166666667
24030,2,1.0,0,1,0.9090494791666667,0.9090494791666667
24030,2,1.0,0,2,0.7385026041666667,0.7385026041666667
24030,2,1.0,0,3,0.729375,0.729375
24030,2,1.0,1,0,0.7269140625,0.7269140625
24030,2,1.0,1,2,0.6008203125,0.6008203125
24030,2,1.0,1,3,0.5688411458333333,0.5688411458333333
24030,2,1.0,2,0,0.8915494791666667,0.8915494791666667
24030,2,1.0,2,1,0.9121354166666666,0.9121354166666666
24030,2,1.0,2,3,0.8149348958333333,0.8149348958333333
24030,2,1.0,3,0,0.913046875,0.913046875
24030,2,1.0,3,1,0.89359375,0.89359375
24030,2,1.0,3,2,0.8376692708333333,0.8376692708333333
24031,0,0.0,0,1,0.9324739583333334,0.9324739583333334
24031,0,0.0,0,2,0.8303385416666667,0.8303385416666667
24031,0,0.0,0,3,0.9311328125,0.9311328125
24031,0,0.0,1,0,0.7010677083333333,0.7010677083333333
24031,0,0.0,1,2,0.6579166666666667,0.6579166666666667
24031,0,0.0,1,3,0.82484375,0.82484375
24031,0,0.0,2,0,0.886484375,0.886484375
24031,0,0.0,2,1,0.9420052083333333,0.9420052083333333
24031,0,0.0,2,3,0.9225260416666666,0.9225260416666666
24031,0,0.0,3,0,0.63953125,0.63953125
24031,0,0.0,3,1,0.7590755208333333,0.7590755208333333
24031,0,0.0,3,2,0.59125,0.59125
24031,1,0.5,0,1,0.9116927083333334,0.9116927083333334
24031,1,0.5,0,2,0.8271744791666666,0.8271744791666666
24031,1,0.5,0,3,0.8958854166666667,0.8958854166666667
24031,1,0.5,1,0,0.6721744791666666,0.6721744791666666
24031,1,0.5,1,2,0.6227213541666666,0.6227213541666666
24031,1,0.5,1,3,0.7373307291666666,0.7373307291666666
24031,1,0.5,2,0,0.8737760416666667,0.8737760416666667
24031,1,0.5,2,1,0.9056770833333333,0.9056770833333333
24031,1,0.5,2,3,0.8447265625,0.8447265625
24031,1,0.5,3,0,0.6687760416666667,0.6687760416666667
24031,1,0.5,3,1,0.7479557291666666,0.7479557291666666
24031,1,0.5,3,2,0.6027734375,0.6027734375
24031,2,1.0,0,1,0.9068359375,0.9068359375
24031,2,1.0,0,2,0.7851822916666666,0.7851822916666666
24031,2,1.0,0,3,0.9011588541666666,0.9011588541666666
24031,2,1.0,1,0,0.6676822916666667,0.6676822916666667
24031,2,1.0,1,2,0.6741536458333334,0.6741536458333334
24031,2,1.0,1,3,0.6675911458333333,0.6675911458333333
24031,2,1.0,2,0,0.7678385416666667,0.7678385416666667
24031,2,1.0,2,1,0.9045182291666667,0.9045182291666667
24031,2,1.0,2,3,0.753046875,0.753046875
24031,2,1.0,3,0,0.758828125,0.758828125
24031,2,1.0,3,1,0.7650130208333333,0.7650130208333333
24031,2,1.0,3,2,0.6594791666666666,0.6594791666666666
24032,0,0.0,0,1,0.7948697916666667,0.7948697916666667
24032,0,0.0,0,2,0.7921875,0.7921875
24032,0,0.0,0,3,0.8253776041666666,0.8253776041666666
24032,0,0.0,1,0,0.6049479166666667,0.6049479166666667
24032,0,0.0,1,2,0.7269140625,0.7269140625
24032,0,0.0,1,3,0.7004296875,0.7004296875
24032,0,0.0,2,0,0.6603645833333334,0.6603645833333334
24032,0,0.0,2,1,0.7815234375,0.7815234375
24032,0,0.0,2,3,0.6983723958333333,0.6983723958333333
24032,0,0.0,3,0,0.6535677083333333,0.6535677083333333
24032,0,0.0,3,1,0.7142838541666666,0.7142838541666666
24032,0,0.0,3,2,0.6759114583333333,0.6759114583333333
24032,1,0.5,0,1,0.8074739583333334,0.8074739583333334
24032,1,0.5,0,2,0.7961067708333334,0.7961067708333334
24032,1,0.5,0,3,0.8373046875,0.8373046875
24032,1,0.5,1,0,0.6152083333333334,0.6152083333333334
24032,1,0.5,1,2,0.7440885416666667,0.7440885416666667
24032,1,0.5,1,3,0.7025130208333333,0.7025130208333333
24032,1,0.5,2,0,0.6634375,0.6634375
24032,1,0.5,2,1,0.7971223958333333,0.7971223958333333
24032,1,0.5,2,3,0.6992838541666667,0.6992838541666667
24032,1,0.5,3,0,0.6610286458333333,0.6610286458333333
24032,1,0.5,3,1,0.7125911458333334,0.7125911458333334
24032,1,0.5,3,2,0.6756119791666667,0.6756119791666667
24032,2,1.0,0,1,0.815546875,0.815546875
24032,2,1.0,0,2,0.8016145833333334,0.8016145833333334
24032,2,1.0,0,3,0.8441666666666666,0.8441666666666666
24032,2,1.0,1,0,0.6240625,0.6240625
24032,2,1.0,1,2,0.7608463541666667,0.7608463541666667
24032,2,1.0,1,3,0.7045442708333334,0.7045442708333334
24032,2,1.0,2,0,0.6680208333333333,0.6680208333333333
24032,2,1.0,2,1,0.815078125,0.815078125
24032,2,1.0,2,3,0.6984635416666667,0.6984635416666667
24032,2,1.0,3,0,0.6650911458333333,0.6650911458333333
24032,2,1.0,3,1,0.7103125,0.7103125
24032,2,1.0,3,2,0.6731640625,0.6731640625
24033,0,0.0,0,1,0.8713020833333334,0.8713020833333334
24033,0,0.0,0,2,0.7168098958333333,0.7168098958333333
24033,0,0.0,0,3,0.863984375,0.863984375
24033,0,0.0,1,0,0.7296875,0.7296875
24033,0,0.0,1,2,0.579921875,0.579921875
24033,0,0.0,1,3,0.8197395833333333,0.8197395833333333
24033,0,0.0,2,0,0.8709375,0.8709375
24033,0,0.0,2,1,0.8513151041666667,0.8513151041666667
24033,0,0.0,2,3,0.8309765625,0.8309765625
24033,0,0.0,3,0,0.7054947916666666,0.7054947916666666
24033,0,0.0,3,1,0.7963541666666667,0.7963541666666667
24033,0,0.0,3,2,0.5695833333333333,0.5695833333333333
24033,1,0.5,0,1,0.8093489583333333,0.8093489583333333
24033,1,0.5,0,2,0.7168619791666667,0.7168619791666667
24033,1,0.5,0,3,0.8218619791666667,0.8218619791666667
24033,1,0.5,1,0,0.7052864583333334,0.7052864583333334
24033,1,0.5,1,2,0.5844661458333333,0.5844661458333333
24033,1,0.5,1,3,0.7989713541666666,0.7989713541666666
24033,1,0.5,2,0,0.8361458333333334,0.8361458333333334
24033,1,0.5,2,1,0.7832421875,0.7832421875
24033,1,0.5,2,3,0.7960286458333333,0.7960286458333333
24033,1,0.5,3,0,0.672578125,0.672578125
24033,1,0.5,3,1,0.7491536458333333,0.7491536458333333
24033,1,0.5,3,2,0.560234375,0.560234375
24033,2,1.0,0,1,0.8133984375,0.8133984375
24033,2,1.0,0,2,0.7873177083333334,0.7873177083333334
24033,2,1.0,0,3,0.6959505208333333,0.6959505208333333
24033,2,1.0,1,0,0.6895963541666666,0.6895963541666666
24033,2,1.0,1,2,0.65375,0.65375
24033,2,1.0,1,3,0.6536197916666666,0.6536197916666666
24033,2,1.0,2,0,0.8094010416666667,0.8094010416666667
24033,2,1.0,2,1,0.7915234375,0.7915234375
24033,2,1.0,2,3,0.6690104166666667,0.6690104166666667
24033,2,1.0,3,0,0.6334505208333333,0.6334505208333333
24033,2,1.0,3,1,0.7076822916666666,0.7076822916666666
24033,2,1.0,3,2,0.5807682291666667,0.5807682291666667
24034,0,0.0,0,1,0.9208333333333333,0.9208333333333333
24034,0,0.0,0,2,0.8126041666666667,0.8126041666666667
24034,0,0.0,0,3,0.7397526041666667,0.7397526041666667
24034,0,0.0,1,0,0.7672395833333333,0.7672395833333333
24034,0,0.0,1,2,0.696640625,0.696640625
24034,0,0.0,1,3,0.6043489583333334,0.6043489583333334
24034,0,0.0,2,0,0.9449739583333333,0.9449739583333333
24034,0,0.0,2,1,0.9743619791666667,0.9743619791666667
24034,0,0.0,2,3,0.799296875,0.799296875
24034,0,0.0,3,0,0.9801692708333334,0.9801692708333334
24034,0,0.0,3,1,0.9566276041666667,0.9566276041666667
24034,0,0.0,3,2,0.9079296875,0.9079296875
24034,1,0.5,0,1,0.9359244791666667,0.9359244791666667
24034,1,0.5,0,2,0.818359375,0.818359375
24034,1,0.5,0,3,0.7438802083333333,0.7438802083333333
24034,1,0.5,1,0,0.7783984375,0.7783984375
24034,1,0.5,1,2,0.6885677083333334,0.6885677083333334
24034,1,0.5,1,3,0.6211328125,0.6211328125
24034,1,0.5,2,0,0.9624869791666667,0.9624869791666667
24034,1,0.5,2,1,0.9743880208333333,0.9743880208333333
24034,1,0.5,2,3,0.8251953125,0.8251953125
24034,1,0.5,3,0,0.9815625,0.9815625
24034,1,0.5,3,1,0.9797786458333333,0.9797786458333333
24034,1,0.5,3,2,0.9240234375,0.9240234375
24034,2,1.0,0,1,0.933984375,0.933984375
24034,2,1.0,0,2,0.8111067708333334,0.8111067708333334
24034,2,1.0,0,3,0.7445442708333333,0.7445442708333333
24034,2,1.0,1,0,0.7767578125,0.7767578125
24034,2,1.0,1,2,0.6684375,0.6684375
24034,2,1.0,1,3,0.6145442708333333,0.6145442708333333
24034,2,1.0,2,0,0.96609375,0.96609375
24034,2,1.0,2,1,0.9580338541666666,0.9580338541666666
24034,2,1.0,2,3,0.8484895833333334,0.8484895833333334
24034,2,1.0,3,0,0.9770572916666667,0.9770572916666667
24034,2,1.0,3,1,0.9682421875,0.9682421875
24034,2,1.0,3,2,0.9347395833333333,0.9347395833333333
24035,0,0.0,0,1,0.8762760416666666,0.8762760416666666
24035,0,0.0,0,2,0.7088671875,0.7088671875
24035,0,0.0,0,3,0.8816666666666667,0.8816666666666667
24035,0,0.0,1,0,0.6823958333333333,0.6823958333333333
24035,0,0.0,1,2,0.5366015625,0.5366015625
24035,0,0.0,1,3,0.7720182291666666,0.7720182291666666
24035,0,0.0,2,0,0.8810286458333333,0.8810286458333333
24035,0,0.0,2,1,0.8424348958333333,0.8424348958333333
24035,0,0.0,2,3,0.8591796875,0.8591796875
24035,0,0.0,3,0,0.7826041666666667,0.7826041666666667
24035,0,0.0,3,1,0.8890885416666666,0.8890885416666666
24035,0,0.0,3,2,0.6102864583333333,0.6102864583333333
24035,1,0.5,0,1,0.8719140625,0.8719140625
24035,1,0.5,0,2,0.703046875,0.703046875
24035,1,0.5,0,3,0.8895963541666667,0.8895963541666667
24035,1,0.5,1,0,0.6790625,0.6790625
24035,1,0.5,1,2,0.5334505208333333,0.5334505208333333
24035,1,0.5,1,3,0.76171875,0.76171875
24035,1,0.5,2,0,0.8783072916666667,0.8783072916666667
24035,1,0.5,2,1,0.8363802083333334,0.8363802083333334
24035,1,0.5,2,3,0.8585026041666667,0.8585026041666667
24035,1,0.5,3,0,0.7871875,0.7871875
24035,1,0.5,3,1,0.875078125,0.875078125
24035,1,0.5,3,2,0.6051822916666667,0.6051822916666667
24035,2,1.0,0,1,0.8723697916666666,0.8723697916666666
24035,2,1.0,0,2,0.7042578125,0.7042578125
24035,2,1.0,0,3,0.8952083333333334,0.8952083333333334
24035,2,1.0,1,0,0.6784375,0.6784375
24035,2,1.0,1,2,0.5335286458333334,0.5335286458333334
24035,2,1.0,1,3,0.7566536458333334,0.7566536458333334
24035,2,1.0,2,0,0.8808463541666667,0.8808463541666667
24035,2,1.0,2,1,0.8374088541666667,0.8374088541666667
24035,2,1.0,2,3,0.8640234375,0.8640234375
24035,2,1.0,3,0,0.789375,0.789375
24035,2,1.0,3,1,0.8694010416666667,0.8694010416666667
24035,2,1.0,3,2,0.6045572916666667,0.6045572916666667
24036,0,0.0,0,1,0.6667838541666666,0.6667838541666666
24036,0,0.0,0,2,0.7237890625,0.7237890625
24036,0,0.0,0,3,0.7793880208333334,0.7793880208333334
24036,0,0.0,1,0,0.8432291666666667,0.8432291666666667
24036,0,0.0,1,2,0.845078125,0.845078125
24036,0,0.0,1,3,0.8028776041666666,0.8028776041666666
24036,0,0.0,2,0,0.8133072916666667,0.8133072916666667
24036,0,0.0,2,1,0.7534765625,0.7534765625
24036,0,0.0,2,3,0.7989322916666667,0.7989322916666667
24036,0,0.0,3,0,0.5910546875,0.5910546875
24036,0,0.0,3,1,0.4781640625,0.4781640625
24036,0,0.0,3,2,0.5373567708333333,0.5373567708333333
24036,1,0.5,0,1,0.6707552083333334,0.6707552083333334
24036,1,0.5,0,2,0.7322395833333334,0.7322395833333334
24036,1,0.5,0,3,0.7865885416666667,0.7865885416666667
24036,1,0.5,1,0,0.8491536458333333,0.8491536458333333
24036,1,0.5,1,2,0.84796875,0.84796875
24036,1,0.5,1,3,0.810703125,0.810703125
24036,1,0.5,2,0,0.8222265625,0.8222265625
24036,1,0.5,2,1,0.7525260416666667,0.7525260416666667
24036,1,0.5,2,3,0.7984375,0.7984375
24036,1,0.5,3,0,0.5971875,0.5971875
24036,1,0.5,3,1,0.480703125,0.480703125
24036,1,0.5,3,2,0.5380729166666667,0.5380729166666667
24036,2,1.0,0,1,0.6745572916666667,0.6745572916666667
24036,2,1.0,0,2,0.7348697916666667,0.7348697916666667
24036,2,1.0,0,3,0.7903645833333334,0.7903645833333334
24036,2,1.0,1,0,0.8539583333333334,0.8539583333333334
24036,2,1.0,1,2,0.8400130208333333,0.8400130208333333
24036,2,1.0,1,3,0.8183723958333333,0.8183723958333333
24036,2,1.0,2,0,0.8195833333333333,0.8195833333333333
24036,2,1.0,2,1,0.7422526041666667,0.7422526041666667
24036,2,1.0,2,3,0.7970182291666666,0.7970182291666666
24036,2,1.0,3,0,0.5987760416666666,0.5987760416666666
24036,2,1.0,3,1,0.4837890625,0.4837890625
24036,2,1.0,3,2,0.5387890625,0.5387890625
24037,0,0.0,0,1,0.8018359375,0.8018359375
24037,0,0.0,0,2,0.8047395833333333,0.8047395833333333
24037,0,0.0,0,3,0.6244921875,0.6244921875
24037,0,0.0,1,0,0.7379296875,0.7379296875
24037,0,0.0,1,2,0.8223958333333333,0.8223958333333333
24037,0,0.0,1,3,0.5583333333333333,0.5583333333333333
24037,0,0.0,2,0,0.6376822916666667,0.6376822916666667
24037,0,0.0,2,1,0.6929817708333333,0.6929817708333333
24037,0,0.0,2,3,0.47765625,0.47765625
24037,0,0.0,3,0,0.8018359375,0.8018359375
24037,0,0.0,3,1,0.7827734375,0.7827734375
24037,0,0.0,3,2,0.7566276041666666,0.7566276041666666
24037,1,0.5,0,1,0.8058984375,0.8058984375
24037,1,0.5,0,2,0.8077604166666666,0.8077604166666666
24037,1,0.5,0,3,0.6301041666666667,0.6301041666666667
24037,1,0.5,1,0,0.7419140625,0.7419140625
24037,1,0.5,1,2,0.8251171875,0.8251171875
24037,1,0.5,1,3,0.5617838541666667,0.5617838541666667
24037,1,0.5,2,0,0.6414713541666667,0.6414713541666667
24037,1,0.5,2,1,0.6964713541666666,0.6964713541666666
24037,1,0.5,2,3,0.4816796875,0.4816796875
24037,1,0.5,3,0,0.8066666666666666,0.8066666666666666
24037,1,0.5,3,1,0.7840234375,0.7840234375
24037,1,0.5,3,2,0.7599739583333334,0.7599739583333334
24037,2,1.0,0,1,0.8019661458333334,0.8019661458333334
24037,2,1.0,0,2,0.803125,0.803125
24037,2,1.0,0,3,0.6304166666666666,0.6304166666666666
24037,2,1.0,1,0,0.7369661458333333,0.7369661458333333
24037,2,1.0,1,2,0.8251171875,0.8251171875
24037,2,1.0,1,3,0.5615885416666667,0.5615885416666667
24037,2,1.0,2,0,0.6372395833333333,0.6372395833333333
24037,2,1.0,2,1,0.6975520833333333,0.6975520833333333
24037,2,1.0,2,3,0.4805598958333333,0.4805598958333333
24037,2,1.0,3,0,0.8061848958333333,0.8061848958333333
24037,2,1.0,3,1,0.7858463541666667,0.7858463541666667
24037,2,1.0,3,2,0.7586197916666667,0.7586197916666667
24038,0,0.0,0,1,0.7445833333333334,0.7445833333333334
24038,0,0.0,0,2,0.8775260416666667,0.8775260416666667
24038,0,0.0,0,3,0.8532421875,0.8532421875
24038,0,0.0,1,0,0.7874869791666667,0.7874869791666667
24038,0,0.0,1,2,0.84203125,0.84203125
24038,0,0.0,1,3,0.819921875,0.819921875
24038,0,0.0,2,0,0.7074609375,0.7074609375
24038,0,0.0,2,1,0.6344791666666667,0.6344791666666667
24038,0,0.0,2,3,0.7415364583333334,0.7415364583333334
24038,0,0.0,3,0,0.71609375,0.71609375
24038,0,0.0,3,1,0.6561458333333333,0.6561458333333333
24038,0,0.0,3,2,0.7800520833333333,0.7800520833333333
24038,1,0.5,0,1,0.750390625,0.750390625
24038,1,0.5,0,2,0.8824479166666667,0.8824479166666667
24038,1,0.5,0,3,0.8809635416666667,0.8809635416666667
24038,1,0.5,1,0,0.7964322916666666,0.7964322916666666
24038,1,0.5,1,2,0.8567838541666667,0.8567838541666667
24038,1,0.5,1,3,0.8367317708333334,0.8367317708333334
24038,1,0.5,2,0,0.7056770833333333,0.7056770833333333
24038,1,0.5,2,1,0.6380078125,0.6380078125
24038,1,0.5,2,3,0.7517057291666667,0.7517057291666667
24038,1,0.5,3,0,0.7336588541666667,0.7336588541666667
24038,1,0.5,3,1,0.661640625,0.661640625
24038,1,0.5,3,2,0.7944140625,0.7944140625
24038,2,1.0,0,1,0.73921875,0.73921875
24038,2,1.0,0,2,0.8565755208333333,0.8565755208333333
24038,2,1.0,0,3,0.8859375,0.8859375
24038,2,1.0,1,0,0.7827734375,0.7827734375
24038,2,1.0,1,2,0.8457682291666667,0.8457682291666667
24038,2,1.0,1,3,0.8267317708333334,0.8267317708333334
24038,2,1.0,2,0,0.6860546875,0.6860546875
24038,2,1.0,2,1,0.6336588541666667,0.6336588541666667
24038,2,1.0,2,3,0.759921875,0.759921875
24038,2,1.0,3,0,0.7360546875,0.7360546875
24038,2,1.0,3,1,0.6527083333333333,0.6527083333333333
24038,2,1.0,3,2,0.8029947916666667,0.8029947916666667
24039,0,0.0,0,1,0.749375,0.749375
24039,0,0.0,0,2,0.8000651041666667,0.8000651041666667
24039,0,0.0,0,3,0.6411848958333334,0.6411848958333334
24039,0,0.0,1,0,0.9180729166666667,0.9180729166666667
24039,0,0.0,1,2,0.8875,0.8875
24039,0,0.0,1,3,0.7834895833333333,0.7834895833333333
24039,0,0.0,2,0,0.8791276041666667,0.8791276041666667
24039,0,0.0,2,1,0.7987630208333333,0.7987630208333333
24039,0,0.0,2,3,0.7021484375,0.7021484375
24039,0,0.0,3,0,0.9154557291666666,0.9154557291666666
24039,0,0.0,3,1,0.9199348958333333,0.9199348958333333
24039,0,0.0,3,2,0.9205078125,0.9205078125
24039,1,0.5,0,1,0.7493619791666667,0.7493619791666667
24039,1,0.5,0,2,0.8063671875,0.8063671875
24039,1,0.5,0,3,0.6447916666666667,0.6447916666666667
24039,1,0.5,1,0,0.9195963541666666,0.9195963541666666
24039,1,0.5,1,2,0.9086979166666667,0.9086979166666667
24039,1,0.5,1,3,0.7934765625,0.7934765625
24039,1,0.5,2,0,0.8875651041666667,0.8875651041666667
24039,1,0.5,2,1,0.8188541666666667,0.8188541666666667
24039,1,0.5,2,3,0.7084635416666667,0.7084635416666667
24039,1,0.5,3,0,0.9165625,0.9165625
24039,1,0.5,3,1,0.924765625,0.924765625
24039,1,0.5,3,2,0.9213802083333333,0.9213802083333333
24039,2,1.0,0,1,0.7472135416666666,0.7472135416666666
24039,2,1.0,0,2,0.801015625,0.801015625
24039,2,1.0,0,3,0.6443489583333334,0.6443489583333334
24039,2,1.0,1,0,0.92125,0.92125
24039,2,1.0,1,2,0.9168619791666667,0.9168619791666667
24039,2,1.0,1,3,0.8009114583333333,0.8009114583333333
24039,2,1.0,2,0,0.8852213541666667,0.8852213541666667
24039,2,1.0,2,1,0.8255078125,0.8255078125
24039,2,1.0,2,3,0.7163802083333334,0.7163802083333334
24039,2,1.0,3,0,0.9167708333333333,0.9167708333333333
24039,2,1.0,3,1,0.9315755208333333,0.9315755208333333
24039,2,1.0,3,2,0.92921875,0.92921875
24040,0,0.0,0,1,0.7436979166666666,0.7436979166666666
24040,0,0.0,0,2,0.6511328125,0.6511328125
24040,0,0.0,0,3,0.7698177083333333,0.7698177083333333
24040,0,0.0,1,0,0.5961588541666667,0.5961588541666667
24040,0,0.0,1,2,0.5183984375,0.5183984375
24040,0,0.0,1,3,0.630625,0.630625
24040,0,0.0,2,0,0.7739713541666666,0.7739713541666666
24040,0,0.0,2,1,0.771875,0.771875
24040,0,0.0,2,3,0.7674739583333333,0.7674739583333333
24040,0,0.0,3,0,0.72328125,0.72328125
24040,0,0.0,3,1,0.7347786458333333,0.7347786458333333
24040,0,0.0,3,2,0.6033463541666667,0.6033463541666667
24040,1,0.5,0,1,0.7348567708333333,0.7348567708333333
24040,1,0.5,0,2,0.6435026041666667,0.6435026041666667
24040,1,0.5,0,3,0.7476953125,0.7476953125
24040,1,0.5,1,0,0.589921875,0.589921875
24040,1,0.5,1,2,0.5119140625,0.5119140625
24040,1,0.5,1,3,0.6270442708333334,0.6270442708333334
24040,1,0.5,2,0,0.7619270833333334,0.7619270833333334
24040,1,0.5,2,1,0.7546614583333333,0.7546614583333333
24040,1,0.5,2,3,0.7628776041666666,0.7628776041666666
24040,1,0.5,3,0,0.7015234375,0.7015234375
24040,1,0.5,3,1,0.7273697916666667,0.7273697916666667
24040,1,0.5,3,2,0.6011848958333333,0.6011848958333333
24040,2,1.0,0,1,0.7165494791666667,0.7165494791666667
24040,2,1.0,0,2,0.6269401041666667,0.6269401041666667
24040,2,1.0,0,3,0.738984375,0.738984375
24040,2,1.0,1,0,0.5769661458333334,0.5769661458333334
24040,2,1.0,1,2,0.4998958333333333,0.4998958333333333
24040,2,1.0,1,3,0.6126041666666666,0.6126041666666666
24040,2,1.0,2,0,0.7422526041666667,0.7422526041666667
24040,2,1.0,2,1,0.7408072916666667,0.7408072916666667
24040,2,1.0,2,3,0.7406510416666666,0.7406510416666666
24040,2,1.0,3,0,0.6930598958333334,0.6930598958333334
24040,2,1.0,3,1,0.7097395833333333,0.7097395833333333
24040,2,1.0,3,2,0.5844010416666666,0.5844010416666666
24041,0,0.0,0,1,0.8702473958333333,0.8702473958333333
24041,0,0.0,0,2,0.9307552083333334,0.9307552083333334
24041,0,0.0,0,3,0.8773307291666667,0.8773307291666667
24041,0,0.0,1,0,0.7045833333333333,0.7045833333333333
24041,0,0.0,1,2,0.8023697916666667,0.8023697916666667
24041,0,0.0,1,3,0.6975911458333334,0.6975911458333334
24041,0,0.0,2,0,0.7421223958333333,0.7421223958333333
24041,0,0.0,2,1,0.8088932291666666,0.8088932291666666
24041,0,0.0,2,3,0.7781380208333334,0.7781380208333334
24041,0,0.0,3,0,0.6602864583333333,0.6602864583333333
24041,0,0.0,3,1,0.6541666666666667,0.6541666666666667
24041,0,0.0,3,2,0.7166276041666667,0.7166276041666667
24041,1,0.5,0,1,0.8718098958333333,0.8718098958333333
24041,1,0.5,0,2,0.9317057291666667,0.9317057291666667
24041,1,0.5,0,3,0.8718489583333333,0.8718489583333333
24041,1,0.5,1,0,0.705703125,0.705703125
24041,1,0.5,1,2,0.7959244791666666,0.7959244791666666
24041,1,0.5,1,3,0.6840234375,0.6840234375
24041,1,0.5,2,0,0.7393098958333333,0.7393098958333333
24041,1,0.5,2,1,0.8025520833333334,0.8025520833333334
24041,1,0.5,2,3,0.7659114583333333,0.7659114583333333
24041,1,0.5,3,0,0.6588020833333333,0.6588020833333333
24041,1,0.5,3,1,0.6444140625,0.6444140625
24041,1,0.5,3,2,0.7087109375,0.7087109375
24041,2,1.0,0,1,0.8680598958333333,0.8680598958333333
24041,2,1.0,0,2,0.9312890625,0.9312890625
24041,2,1.0,0,3,0.8634114583333333,0.8634114583333333
24041,2,1.0,1,0,0.7034244791666666,0.7034244791666666
24041,2,1.0,1,2,0.7892447916666666,0.7892447916666666
24041,2,1.0,1,3,0.669921875,0.669921875
24041,2,1.0,2,0,0.7368359375,0.7368359375
24041,2,1.0,2,1,0.7951171875,0.7951171875
24041,2,1.0,2,3,0.7530859375,0.7530859375
24041,2,1.0,3,0,0.6566666666666666,0.6566666666666666
24041,2,1.0,3,1,0.6341666666666667,0.6341666666666667
24041,2,1.0,3,2,0.7005729166666667,0.7005729166666667
24042,0,0.0,0,1,0.8473697916666667,0.8473697916666667
24042,0,0.0,0,2,0.7932421875,0.7932421875
24042,0,0.0,0,3,0.8071875,0.8071875
24042,0,0.0,1,0,0.7322395833333334,0.7322395833333334
24042,0,0.0,1,2,0.7111067708333333,0.7111067708333333
24042,0,0.0,1,3,0.7136588541666666,0.7136588541666666
24042,0,0.0,2,0,0.7734375,0.7734375
24042,0,0.0,2,1,0.79859375,0.79859375
24042,0,0.0,2,3,0.7349869791666667,0.7349869791666667
24042,0,0.0,3,0,0.8171223958333333,0.8171223958333333
24042,0,0.0,3,1,0.8377604166666667,0.8377604166666667
24042,0,0.0,3,2,0.7657161458333334,0.7657161458333334
24042,1,0.5,0,1,0.860390625,0.860390625
24042,1,0.5,0,2,0.8180729166666667,0.8180729166666667
24042,1,0.5,0,3,0.8229427083333334,0.8229427083333334
24042,1,0.5,1,0,0.7406510416666666,0.7406510416666666
24042,1,0.5,1,2,0.7306119791666666,0.7306119791666666
24042,1,0.5,1,3,0.7302083333333333,0.7302083333333333
24042,1,0.5,2,0,0.788046875,0.788046875
24042,1,0.5,2,1,0.8126692708333333,0.8126692708333333
24042,1,0.5,2,3,0.7301692708333334,0.7301692708333334
24042,1,0.5,3,0,0.8363411458333333,0.8363411458333333
24042,1,0.5,3,1,0.8652864583333333,0.8652864583333333
24042,1,0.5,3,2,0.7726171875,0.7726171875
24042,2,1.0,0,1,0.8245182291666666,0.8245182291666666
24042,2,1.0,0,2,0.8012760416666667,0.8012760416666667
24042,2,1.0,0,3,0.7974869791666667,0.7974869791666667
24042,2,1.0,1,0,0.724921875,0.724921875
24042,2,1.0,1,2,0.7245182291666666,0.7245182291666666
24042,2,1.0,1,3,0.7160286458333334,0.7160286458333334
24042,2,1.0,2,0,0.7634114583333333,0.7634114583333333
24042,2,1.0,2,1,0.7819401041666667,0.7819401041666667
24042,2,1.0,2,3,0.7042447916666666,0.7042447916666666
24042,2,1.0,3,0,0.8194791666666666,0.8194791666666666
24042,2,1.0,3,1,0.8358333333333333,0.8358333333333333
24042,2,1.0,3,2,0.7585416666666667,0.7585416666666667
24043,0,0.0,0,1,0.8592838541666666,0.8592838541666666
24043,0,0.0,0,2,0.8735286458333333,0.8735286458333333
24043,0,0.0,0,3,0.8875520833333334,0.8875520833333334
24043,0,0.0,1,0,0.8128645833333333,0.8128645833333333
24043,0,0.0,1,2,0.8815104166666666,0.8815104166666666
24043,0,0.0,1,3,0.8318098958333333,0.8318098958333333
24043,0,0.0,2,0,0.6780729166666667,0.6780729166666667
24043,0,0.0,2,1,0.7231510416666667,0.7231510416666667
24043,0,0.0,2,3,0.7319270833333333,0.7319270833333333
24043,0,0.0,3,0,0.7192708333333333,0.7192708333333333
24043,0,0.0,3,1,0.7182552083333333,0.7182552083333333
24043,0,0.0,3,2,0.7663671875,0.7663671875
24043,1,0.5,0,1,0.8621744791666667,0.8621744791666667
24043,1,0.5,0,2,0.8863020833333334,0.8863020833333334
24043,1,0.5,0,3,0.88953125,0.88953125
24043,1,0.5,1,0,0.8140755208333333,0.8140755208333333
24043,1,0.5,1,2,0.8861328125,0.8861328125
24043,1,0.5,1,3,0.8275911458333334,0.8275911458333334
24043,1,0.5,2,0,0.6885546875,0.6885546875
24043,1,0.5,2,1,0.7298177083333334,0.7298177083333334
24043,1,0.5,2,3,0.7450520833333333,0.7450520833333333
24043,1,0.5,3,0,0.7181510416666667,0.7181510416666667
24043,1,0.5,3,1,0.7140625,0.7140625
24043,1,0.5,3,2,0.7752994791666666,0.7752994791666666
24043,2,1.0,0,1,0.85734375,0.85734375
24043,2,1.0,0,2,0.8894010416666667,0.8894010416666667
24043,2,1.0,0,3,0.8899609375,0.8899609375
24043,2,1.0,1,0,0.8073307291666667,0.8073307291666667
24043,2,1.0,1,2,0.8880989583333333,0.8880989583333333
24043,2,1.0,1,3,0.8246484375,0.8246484375
24043,2,1.0,2,0,0.6926302083333333,0.6926302083333333
24043,2,1.0,2,1,0.7350390625,0.7350390625
24043,2,1.0,2,3,0.7571744791666667,0.7571744791666667
24043,2,1.0,3,0,0.7187239583333334,0.7187239583333334
24043,2,1.0,3,1,0.7109114583333334,0.7109114583333334
24043,2,1.0,3,2,0.78296875,0.78296875
24044,0,0.0,0,1,0.8868489583333333,0.8868489583333333
24044,0,0.0,0,2,0.9516145833333334,0.9516145833333334
24044,0,0.0,0,3,0.873359375,0.873359375
24044,0,0.0,1,0,0.84484375,0.84484375
24044,0,0.0,1,2,0.9688020833333333,0.9688020833333333
24044,0,0.0,1,3,0.8153255208333333,0.8153255208333333
24044,0,0.0,2,0,0.758515625,0.758515625
24044,0,0.0,2,1,0.80671875,0.80671875
24044,0,0.0,2,3,0.7193619791666667,0.7193619791666667
24044,0,0.0,3,0,0.9271354166666667,0.9271354166666667
24044,0,0.0,3,1,0.9103125,0.9103125
24044,0,0.0,3,2,0.9630989583333334,0.9630989583333334
24044,1,0.5,0,1,0.8905338541666666,0.8905338541666666
24044,1,0.5,0,2,0.9539453125,0.9539453125
24044,1,0.5,0,3,0.89765625,0.89765625
24044,1,0.5,1,0,0.84359375,0.84359375
24044,1,0.5,1,2,0.95609375,0.95609375
24044,1,0.5,1,3,0.8364583333333333,0.8364583333333333
24044,1,0.5,2,0,0.76609375,0.76609375
24044,1,0.5,2,1,0.808828125,0.808828125
24044,1,0.5,2,3,0.7269401041666667,0.7269401041666667
24044,1,0.5,3,0,0.9376302083333333,0.9376302083333333
24044,1,0.5,3,1,0.9239322916666667,0.9239322916666667
24044,1,0.5,3,2,0.9508072916666667,0.9508072916666667
24044,2,1.0,0,1,0.8783984375,0.8783984375
24044,2,1.0,0,2,0.9150651041666666,0.9150651041666666
24044,2,1.0,0,3,0.8927864583333334,0.8927864583333334
24044,2,1.0,1,0,0.8306770833333333,0.8306770833333333
24044,2,1.0,1,2,0.8967057291666667,0.8967057291666667
24044,2,1.0,1,3,0.82453125,0.82453125
24044,2,1.0,2,0,0.7433854166666667,0.7433854166666667
24044,2,1.0,2,1,0.7697526041666667,0.7697526041666667
24044,2,1.0,2,3,0.7154036458333334,0.7154036458333334
24044,2,1.0,3,0,0.911796875,0.911796875
24044,2,1.0,3,1,0.8868229166666667,0.8868229166666667
24044,2,1.0,3,2,0.8997265625,0.8997265625
24045,0,0.0,0,1,0.7349609375,0.7349609375
24045,0,0.0,0,2,0.7164583333333333,0.7164583333333333
24045,0,0.0,0,3,0.6540234375,0.6540234375
24045,0,0.0,1,0,0.8874739583333333,0.8874739583333333
24045,0,0.0,1,2,0.7341276041666667,0.7341276041666667
24045,0,0.0,1,3,0.72484375,0.72484375
24045,0,0.0,2,0,0.8011979166666666,0.8011979166666666
24045,0,0.0,2,1,0.691015625,0.691015625
24045,0,0.0,2,3,0.6454947916666667,0.6454947916666667
24045,0,0.0,3,0,0.8551822916666667,0.8551822916666667
24045,0,0.0,3,1,0.8070572916666666,0.8070572916666666
24045,0,0.0,3,2,0.755390625,0.755390625
24045,1,0.5,0,1,0.725,0.725
24045,1,0.5,0,2,0.7171223958333334,0.7171223958333334
24045,1,0.5,0,3,0.6636328125,0.6636328125
24045,1,0.5,1,0,0.888046875,0.888046875
24045,1,0.5,1,2,0.7432421875,0.7432421875
24045,1,0.5,1,3,0.7199739583333333,0.7199739583333333
24045,1,0.5,2,0,0.7992578125,0.7992578125
24045,1,0.5,2,1,0.6863802083333334,0.6863802083333334
24045,1,0.5,2,3,0.6456380208333333,0.6456380208333333
24045,1,0.5,3,0,0.8392578125,0.8392578125
24045,1,0.5,3,1,0.7740885416666666,0.7740885416666666
24045,1,0.5,3,2,0.7418229166666667,0.7418229166666667
24045,2,1.0,0,1,0.7205208333333334,0.7205208333333334
24045,2,1.0,0,2,0.7256380208333333,0.7256380208333333
24045,2,1.0,0,3,0.6719921875,0.6719921875
24045,2,1.0,1,0,0.88875,0.88875
24045,2,1.0,1,2,0.7532291666666666,0.7532291666666666
24045,2,1.0,1,3,0.7181380208333333,0.7181380208333333
24045,2,1.0,2,0,0.8029557291666667,0.8029557291666667
24045,2,1.0,2,1,0.6855729166666666,0.6855729166666666
24045,2,1.0,2,3,0.6477994791666667,0.6477994791666667
24045,2,1.0,3,0,0.8254036458333334,0.8254036458333334
24045,2,1.0,3,1,0.7511197916666666,0.7511197916666666
24045,2,1.0,3,2,0.7344921875,0.7344921875
24046,0,0.0,0,1,0.8612760416666667,0.8612760416666667
24046,0,0.0,0,2,0.7699869791666667,0.7699869791666667
24046,0,0.0,0,3,0.8853515625,0.8853515625
24046,0,0.0,1,0,0.686015625,0.686015625
24046,0,0.0,1,2,0.6012369791666666,0.6012369791666666
24046,0,0.0,1,3,0.8519270833333333,0.8519270833333333
24046,0,0.0,2,0,0.885703125,0.885703125
24046,0,0.0,2,1,0.8805338541666666,0.8805338541666666
24046,0,0.0,2,3,0.8856901041666667,0.8856901041666667
24046,0,0.0,3,0,0.6834895833333333,0.6834895833333333
24046,0,0.0,3,1,0.8278645833333333,0.8278645833333333
24046,0,0.0,3,2,0.5943229166666667,0.5943229166666667
24046,1,0.5,0,1,0.8634895833333334,0.8634895833333334
24046,1,0.5,0,2,0.7583333333333333,0.7583333333333333
24046,1,0.5,0,3,0.8803255208333334,0.8803255208333334
24046,1,0.5,1,0,0.7014192708333333,0.7014192708333333
24046,1,0.5,1,2,0.6096744791666666,0.6096744791666666
24046,1,0.5,1,3,0.8518880208333334,0.8518880208333334
24046,1,0.5,2,0,0.8808854166666666,0.8808854166666666
24046,1,0.5,2,1,0.8781901041666667,0.8781901041666667
24046,1,0.5,2,3,0.8811067708333333,0.8811067708333333
24046,1,0.5,3,0,0.6818098958333333,0.6818098958333333
24046,1,0.5,3,1,0.8120182291666667,0.8120182291666667
24046,1,0.5,3,2,0.5853125,0.5853125
24046,2,1.0,0,1,0.8650520833333334,0.8650520833333334
24046,2,1.0,0,2,0.7434375,0.7434375
24046,2,1.0,0,3,0.8791015625,0.8791015625
24046,2,1.0,1,0,0.7170963541666666,0.7170963541666666
24046,2,1.0,1,2,0.6051432291666666,0.6051432291666666
24046,2,1.0,1,3,0.841015625,0.841015625
24046,2,1.0,2,0,0.8734114583333333,0.8734114583333333
24046,2,1.0,2,1,0.8608072916666667,0.8608072916666667
24046,2,1.0,2,3,0.8762239583333333,0.8762239583333333
24046,2,1.0,3,0,0.6810546875,0.6810546875
24046,2,1.0,3,1,0.786484375,0.786484375
24046,2,1.0,3,2,0.5770963541666667,0.5770963541666667
24047,0,0.0,0,1,0.6608203125,0.6608203125
24047,0,0.0,0,2,0.7598307291666667,0.7598307291666667
24047,0,0.0,0,3,0.7433463541666666,0.7433463541666666
24047,0,0.0,1,0,0.7909114583333333,0.7909114583333333
24047,0,0.0,1,2,0.7419401041666667,0.7419401041666667
24047,0,0.0,1,3,0.7132421875,0.7132421875
24047,0,0.0,2,0,0.5782291666666667,0.5782291666666667
24047,0,0.0,2,1,0.470859375,0.470859375
24047,0,0.0,2,3,0.7314453125,0.7314453125
24047,0,0.0,3,0,0.5302864583333333,0.5302864583333333
24047,0,0.0,3,1,0.4228645833333333,0.4228645833333333
24047,0,0.0,3,2,0.6888411458333333,0.6888411458333333
24047,1,0.5,0,1,0.7529166666666667,0.7529166666666667
24047,1,0.5,0,2,0.87171875,0.87171875
24047,1,0.5,0,3,0.8712369791666666,0.8712369791666666
24047,1,0.5,1,0,0.9005859375,0.9005859375
24047,1,0.5,1,2,0.8822916666666667,0.8822916666666667
24047,1,0.5,1,3,0.8720572916666667,0.8720572916666667
24047,1,0.5,2,0,0.6270703125,0.6270703125
24047,1,0.5,2,1,0.5267317708333333,0.5267317708333333
24047,1,0.5,2,3,0.7540234375,0.7540234375
24047,1,0.5,3,0,0.6319270833333334,0.6319270833333334
24047,1,0.5,3,1,0.5198307291666666,0.5198307291666666
24047,1,0.5,3,2,0.7600390625,0.7600390625
24047,2,1.0,0,1,0.7473307291666667,0.7473307291666667
24047,2,1.0,0,2,0.9120703125,0.9120703125
24047,2,1.0,0,3,0.9187239583333333,0.9187239583333333
24047,2,1.0,1,0,0.8693359375,0.8693359375
24047,2,1.0,1,2,0.9255208333333333,0.9255208333333333
24047,2,1.0,1,3,0.9285807291666667,0.9285807291666667
24047,2,1.0,2,0,0.6427734375,0.6427734375
24047,2,1.0,2,1,0.5537630208333333,0.5537630208333333
24047,2,1.0,2,3,0.8269140625,0.8269140625
24047,2,1.0,3,0,0.64734375,0.64734375
24047,2,1.0,3,1,0.5554296875,0.5554296875
24047,2,1.0,3,2,0.83125,0.83125
24048,0,0.0,0,1,0.7062369791666666,0.7062369791666666
24048,0,0.0,0,2,0.799375,0.799375
24048,0,0.0,0,3,0.7286328125,0.7286328125
24048,0,0.0,1,0,0.7923697916666667,0.7923697916666667
24048,0,0.0,1,2,0.75984375,0.75984375
24048,0,0.0,1,3,0.683984375,0.683984375
24048,0,0.0,2,0,0.7145442708333334,0.7145442708333334
24048,0,0.0,2,1,0.6138151041666666,0.6138151041666666
24048,0,0.0,2,3,0.6059765625,0.6059765625
24048,0,0.0,3,0,0.7869270833333334,0.7869270833333334
24048,0,0.0,3,1,0.6680989583333333,0.6680989583333333
24048,0,0.0,3,2,0.7493619791666667,0.7493619791666667
24048,1,0.5,0,1,0.6996484375,0.6996484375
24048,1,0.5,0,2,0.7797526041666667,0.7797526041666667
24048,1,0.5,0,3,0.7336328125,0.7336328125
24048,1,0.5,1,0,0.7989453125,0.7989453125
24048,1,0.5,1,2,0.78375,0.78375
24048,1,0.5,1,3,0.7060807291666666,0.7060807291666666
24048,1,0.5,2,0,0.7257942708333334,0.7257942708333334
24048,1,0.5,2,1,0.6436588541666667,0.6436588541666667
24048,1,0.5,2,3,0.6173177083333333,0.6173177083333333
24048,1,0.5,3,0,0.7651822916666666,0.7651822916666666
24048,1,0.5,3,1,0.6594270833333333,0.6594270833333333
24048,1,0.5,3,2,0.71734375,0.71734375
24048,2,1.0,0,1,0.6790104166666666,0.6790104166666666
24048,2,1.0,0,2,0.7443359375,0.7443359375
24048,2,1.0,0,3,0.7444140625,0.7444140625
24048,2,1.0,1,0,0.800078125,0.800078125
24048,2,1.0,1,2,0.8041145833333333,0.8041145833333333
24048,2,1.0,1,3,0.7112890625,0.7112890625
24048,2,1.0,2,0,0.7371614583333334,0.7371614583333334
24048,2,1.0,2,1,0.6753645833333334,0.6753645833333334
24048,2,1.0,2,3,0.6303255208333334,0.6303255208333334
24048,2,1.0,3,0,0.729765625,0.729765625
24048,2,1.0,3,1,0.6247135416666667,0.6247135416666667
24048,2,1.0,3,2,0.6687369791666666,0.6687369791666666
24049,0,0.0,0,1,0.8320052083333334,0.8320052083333334
24049,0,0.0,0,2,0.8164192708333333,0.8164192708333333
24049,0,0.0,0,3,0.6521354166666666,0.6521354166666666
24049,0,0.0,1,0,0.6321223958333333,0.6321223958333333
24049,0,0.0,1,2,0.72,0.72
24049,0,0.0,1,3,0.4659244791666667,0.4659244791666667
24049,0,0.0,2,0,0.6170572916666667,0.6170572916666667
24049,0,0.0,2,1,0.7298046875,0.7298046875
24049,0,0.0,2,3,0.45174479166666665,0.45174479166666665
24049,0,0.0,3,0,0.8612239583333333,0.8612239583333333
24049,0,0.0,3,1,0.8139973958333333,0.8139973958333333
24049,0,0.0,3,2,0.8015494791666666,0.8015494791666666
24049,1,0.5,0,1,0.9092838541666667,0.9092838541666667
24049,1,0.5,0,2,0.8795572916666666,0.8795572916666666
24049,1,0.5,0,3,0.7164973958333334,0.7164973958333334
24049,1,0.5,1,0,0.7129947916666667,0.7129947916666667
24049,1,0.5,1,2,0.7625911458333333,0.7625911458333333
24049,1,0.5,1,3,0.5334114583333334,0.5334114583333334
24049,1,0.5,2,0,0.6850520833333333,0.6850520833333333
24049,1,0.5,2,1,0.7479296875,0.7479296875
24049,1,0.5,2,3,0.5397786458333333,0.5397786458333333
24049,1,0.5,3,0,0.9032291666666666,0.9032291666666666
24049,1,0.5,3,1,0.8730989583333333,0.8730989583333333
24049,1,0.5,3,2,0.8480989583333334,0.8480989583333334
24049,2,1.0,0,1,0.9194921875,0.9194921875
24049,2,1.0,0,2,0.8776822916666667,0.8776822916666667
24049,2,1.0,0,3,0.7580208333333334,0.7580208333333334
24049,2,1.0,1,0,0.7753776041666667,0.7753776041666667
24049,2,1.0,1,2,0.7869270833333334,0.7869270833333334
24049,2,1.0,1,3,0.6424869791666666,0.6424869791666666
24049,2,1.0,2,0,0.6900651041666667,0.6900651041666667
24049,2,1.0,2,1,0.7192057291666667,0.7192057291666667
24049,2,1.0,2,3,0.56671875,0.56671875
24049,2,1.0,3,0,0.9145833333333333,0.9145833333333333
24049,2,1.0,3,1,0.9291666666666667,0.9291666666666667
24049,2,1.0,3,2,0.835,0.835
24050,0,0.0,0,1,0.7258723958333333,0.7258723958333333
24050,0,0.0,0,2,0.6906119791666666,0.6906119791666666
24050,0,0.0,0,3,0.7072265625,0.7072265625
24050,0,0.0,1,0,0.872265625,0.872265625
24050,0,0.0,1,2,0.7569270833333334,0.7569270833333334
24050,0,0.0,1,3,0.7399348958333334,0.7399348958333334
24050,0,0.0,2,0,0.7588411458333333,0.7588411458333333
24050,0,0.0,2,1,0.7052213541666666,0.7052213541666666
24050,0,0.0,2,3,0.6364583333333333,0.6364583333333333
24050,0,0.0,3,0,0.8147916666666667,0.8147916666666667
24050,0,0.0,3,1,0.7519921875,0.7519921875
24050,0,0.0,3,2,0.6755989583333334,0.6755989583333334
24050,1,0.5,0,1,0.708828125,0.708828125
24050,1,0.5,0,2,0.72828125,0.72828125
24050,1,0.5,0,3,0.7101822916666667,0.7101822916666667
24050,1,0.5,1,0,0.8823958333333334,0.8823958333333334
24050,1,0.5,1,2,0.8087760416666666,0.8087760416666666
24050,1,0.5,1,3,0.7554817708333333,0.7554817708333333
24050,1,0.5,2,0,0.790234375,0.790234375
24050,1,0.5,2,1,0.7250130208333333,0.7250130208333333
24050,1,0.5,2,3,0.6499088541666667,0.6499088541666667
24050,1,0.5,3,0,0.8316536458333333,0.8316536458333333
24050,1,0.5,3,1,0.7603385416666667,0.7603385416666667
24050,1,0.5,3,2,0.6994921875,0.6994921875
24050,2,1.0,0,1,0.6834765625,0.6834765625
24050,2,1.0,0,2,0.7252864583333334,0.7252864583333334
24050,2,1.0,0,3,0.6989973958333333,0.6989973958333333
24050,2,1.0,1,0,0.868359375,0.868359375
24050,2,1.0,1,2,0.8097135416666666,0.8097135416666666
24050,2,1.0,1,3,0.7461197916666666,0.7461197916666666
24050,2,1.0,2,0,0.7578385416666666,0.7578385416666666
24050,2,1.0,2,1,0.6817317708333334,0.6817317708333334
24050,2,1.0,2,3,0.6348958333333333,0.6348958333333333
24050,2,1.0,3,0,0.824921875,0.824921875
24050,2,1.0,3,1,0.7429817708333334,0.7429817708333334
24050,2,1.0,3,2,0.6967838541666667,0.6967838541666667
24051,0,0.0,0,1,0.89359375,0.89359375
24051,0,0.0,0,2,0.7963671875,0.7963671875
24051,0,0.0,0,3,0.85984375,0.85984375
24051,0,0.0,1,0,0.7327864583333333,0.7327864583333333
24051,0,0.0,1,2,0.6288151041666666,0.6288151041666666
24051,0,0.0,1,3,0.77140625,0.77140625
24051,0,0.0,2,0,0.933359375,0.933359375
24051,0,0.0,2,1,0.9088671875,0.9088671875
24051,0,0.0,2,3,0.9186979166666667,0.9186979166666667
24051,0,0.0,3,0,0.8436067708333334,0.8436067708333334
24051,0,0.0,3,1,0.91671875,0.91671875
24051,0,0.0,3,2,0.7639192708333333,0.7639192708333333
24051,1,0.5,0,1,0.8814583333333333,0.8814583333333333
24051,1,0.5,0,2,0.7652994791666666,0.7652994791666666
24051,1,0.5,0,3,0.8734895833333334,0.8734895833333334
24051,1,0.5,1,0,0.7052994791666667,0.7052994791666667
24051,1,0.5,1,2,0.5927083333333333,0.5927083333333333
24051,1,0.5,1,3,0.7701953125,0.7701953125
24051,1,0.5,2,0,0.9324739583333334,0.9324739583333334
24051,1,0.5,2,1,0.9035286458333334,0.9035286458333334
24051,1,0.5,2,3,0.9188411458333333,0.9188411458333333
24051,1,0.5,3,0,0.8471354166666667,0.8471354166666667
24051,1,0.5,3,1,0.931484375,0.931484375
24051,1,0.5,3,2,0.7270833333333333,0.7270833333333333
24051,2,1.0,0,1,0.8967708333333333,0.8967708333333333
24051,2,1.0,0,2,0.7363151041666667,0.7363151041666667
24051,2,1.0,0,3,0.8877864583333334,0.8877864583333334
24051,2,1.0,1,0,0.685703125,0.685703125
24051,2,1.0,1,2,0.5303776041666667,0.5303776041666667
24051,2,1.0,1,3,0.7279036458333333,0.7279036458333333
24051,2,1.0,2,0,0.9212630208333333,0.9212630208333333
24051,2,1.0,2,1,0.884375,0.884375
24051,2,1.0,2,3,0.91328125,0.91328125
24051,2,1.0,3,0,0.8467057291666666,0.8467057291666666
24051,2,1.0,3,1,0.9142317708333333,0.9142317708333333
24051,2,1.0,3,2,0.6921614583333333,0.6921614583333333
24052,0,0.0,0,1,0.6355729166666667,0.6355729166666667
24052,0,0.0,0,2,0.8173177083333333,0.8173177083333333
24052,0,0.0,0,3,0.8687369791666667,0.8687369791666667
24052,0,0.0,1,0,0.8469401041666667,0.8469401041666667
24052,0,0.0,1,2,0.8540755208333334,0.8540755208333334
24052,0,0.0,1,3,0.8401953125,0.8401953125
24052,0,0.0,2,0,0.8426171875,0.8426171875
24052,0,0.0,2,1,0.6578255208333333,0.6578255208333333
24052,0,0.0,2,3,0.8463020833333333,0.8463020833333333
24052,0,0.0,3,0,0.82046875,0.82046875
24052,0,0.0,3,1,0.5834114583333333,0.5834114583333333
24052,0,0.0,3,2,0.7714713541666667,0.7714713541666667
24052,1,0.5,0,1,0.6344791666666667,0.6344791666666667
24052,1,0.5,0,2,0.8330598958333333,0.8330598958333333
24052,1,0.5,0,3,0.8569921875,0.8569921875
24052,1,0.5,1,0,0.8392708333333333,0.8392708333333333
24052,1,0.5,1,2,0.84796875,0.84796875
24052,1,0.5,1,3,0.8266536458333333,0.8266536458333333
24052,1,0.5,2,0,0.8567578125,0.8567578125
24052,1,0.5,2,1,0.6567708333333333,0.6567708333333333
24052,1,0.5,2,3,0.84046875,0.84046875
24052,1,0.5,3,0,0.8067708333333333,0.8067708333333333
24052,1,0.5,3,1,0.5822135416666666,0.5822135416666666
24052,1,0.5,3,2,0.7703645833333334,0.7703645833333334
24052,2,1.0,0,1,0.6338802083333334,0.6338802083333334
24052,2,1.0,0,2,0.8187630208333333,0.8187630208333333
24052,2,1.0,0,3,0.84328125,0.84328125
24052,2,1.0,1,0,0.8342057291666667,0.8342057291666667
24052,2,1.0,1,2,0.8419791666666666,0.8419791666666666
24052,2,1.0,1,3,0.823671875,0.823671875
24052,2,1.0,2,0,0.8408463541666666,0.8408463541666666
24052,2,1.0,2,1,0.6538932291666667,0.6538932291666667
24052,2,1.0,2,3,0.83078125,0.83078125
24052,2,1.0,3,0,0.79453125,0.79453125
24052,2,1.0,3,1,0.582421875,0.582421875
24052,2,1.0,3,2,0.7643489583333334,0.7643489583333334
24053,0,0.0,0,1,0.706328125,0.706328125
24053,0,0.0,0,2,0.741328125,0.741328125
24053,0,0.0,0,3,0.8056380208333334,0.8056380208333334
24053,0,0.0,1,0,0.7359635416666667,0.7359635416666667
24053,0,0.0,1,2,0.7636458333333334,0.7636458333333334
24053,0,0.0,1,3,0.734140625,0.734140625
24053,0,0.0,2,0,0.7570442708333334,0.7570442708333334
24053,0,0.0,2,1,0.7453385416666667,0.7453385416666667
24053,0,0.0,2,3,0.7879296875,0.7879296875
24053,0,0.0,3,0,0.7319010416666667,0.7319010416666667
24053,0,0.0,3,1,0.64125,0.64125
24053,0,0.0,3,2,0.7048307291666667,0.7048307291666667
24053,1,0.5,0,1,0.7188671875,0.7188671875
24053,1,0.5,0,2,0.7835026041666666,0.7835026041666666
24053,1,0.5,0,3,0.8049348958333333,0.8049348958333333
24053,1,0.5,1,0,0.7862760416666666,0.7862760416666666
24053,1,0.5,1,2,0.7902994791666667,0.7902994791666667
24053,1,0.5,1,3,0.7708854166666667,0.7708854166666667
24053,1,0.5,2,0,0.7791276041666667,0.7791276041666667
24053,1,0.5,2,1,0.7175520833333333,0.7175520833333333
24053,1,0.5,2,3,0.776484375,0.776484375
24053,1,0.5,3,0,0.7092838541666666,0.7092838541666666
24053,1,0.5,3,1,0.6258984375,0.6258984375
24053,1,0.5,3,2,0.6922135416666667,0.6922135416666667
24053,2,1.0,0,1,0.7018098958333333,0.7018098958333333
24053,2,1.0,0,2,0.7444270833333333,0.7444270833333333
24053,2,1.0,0,3,0.741328125,0.741328125
24053,2,1.0,1,0,0.818984375,0.818984375
24053,2,1.0,1,2,0.7455729166666667,0.7455729166666667
24053,2,1.0,1,3,0.7642057291666666,0.7642057291666666
24053,2,1.0,2,0,0.7147135416666667,0.7147135416666667
24053,2,1.0,2,1,0.6191536458333333,0.6191536458333333
24053,2,1.0,2,3,0.7449348958333334,0.7449348958333334
24053,2,1.0,3,0,0.6457552083333333,0.6457552083333333
24053,2,1.0,3,1,0.5813020833333333,0.5813020833333333
24053,2,1.0,3,2,0.6635546875,0.6635546875
24054,0,0.0,0,1,0.8086328125,0.8086328125
24054,0,0.0,0,2,0.79546875,0.79546875
24054,0,0.0,0,3,0.65671875,0.65671875
24054,0,0.0,1,0,0.8605859375,0.8605859375
24054,0,0.0,1,2,0.7975520833333334,0.7975520833333334
24054,0,0.0,1,3,0.7159375,0.7159375
24054,0,0.0,2,0,0.856171875,0.856171875
24054,0,0.0,2,1,0.8041015625,0.8041015625
24054,0,0.0,2,3,0.6901432291666667,0.6901432291666667
24054,0,0.0,3,0,0.8609244791666667,0.8609244791666667
24054,0,0.0,3,1,0.8853515625,0.8853515625
24054,0,0.0,3,2,0.8510807291666667,0.8510807291666667
24054,1,0.5,0,1,0.83296875,0.83296875
24054,1,0.5,0,2,0.8130338541666666,0.8130338541666666
24054,1,0.5,0,3,0.698984375,0.698984375
24054,1,0.5,1,0,0.8591015625,0.8591015625
24054,1,0.5,1,2,0.8126302083333333,0.8126302083333333
24054,1,0.5,1,3,0.7294140625,0.7294140625
24054,1,0.5,2,0,0.89078125,0.89078125
24054,1,0.5,2,1,0.8610026041666666,0.8610026041666666
24054,1,0.5,2,3,0.7615755208333334,0.7615755208333334
24054,1,0.5,3,0,0.8909765625,0.8909765625
24054,1,0.5,3,1,0.8978776041666666,0.8978776041666666
24054,1,0.5,3,2,0.8957682291666667,0.8957682291666667
24054,2,1.0,0,1,0.7953645833333334,0.7953645833333334
24054,2,1.0,0,2,0.7738151041666667,0.7738151041666667
24054,2,1.0,0,3,0.6991015625,0.6991015625
24054,2,1.0,1,0,0.8007552083333334,0.8007552083333334
24054,2,1.0,1,2,0.776328125,0.776328125
24054,2,1.0,1,3,0.6984635416666667,0.6984635416666667
24054,2,1.0,2,0,0.8424609375,0.8424609375
24054,2,1.0,2,1,0.8398177083333334,0.8398177083333334
24054,2,1.0,2,3,0.7488932291666667,0.7488932291666667
24054,2,1.0,3,0,0.86390625,0.86390625
24054,2,1.0,3,1,0.8542708333333333,0.8542708333333333
24054,2,1.0,3,2,0.8558854166666666,0.8558854166666666
24055,0,0.0,0,1,0.9453645833333333,0.9453645833333333
24055,0,0.0,0,2,0.9455859375,0.9455859375
24055,0,0.0,0,3,0.9296354166666667,0.9296354166666667
24055,0,0.0,1,0,0.8373307291666666,0.8373307291666666
24055,0,0.0,1,2,0.9386458333333333,0.9386458333333333
24055,0,0.0,1,3,0.9359505208333333,0.9359505208333333
24055,0,0.0,2,0,0.6739322916666667,0.6739322916666667
24055,0,0.0,2,1,0.7550651041666666,0.7550651041666666
24055,0,0.0,2,3,0.8763671875,0.8763671875
24055,0,0.0,3,0,0.65546875,0.65546875
24055,0,0.0,3,1,0.7468359375,0.7468359375
24055,0,0.0,3,2,0.8727734375,0.8727734375
24055,1,0.5,0,1,0.906484375,0.906484375
24055,1,0.5,0,2,0.9291666666666667,0.9291666666666667
24055,1,0.5,0,3,0.9204166666666667,0.9204166666666667
24055,1,0.5,1,0,0.8045182291666667,0.8045182291666667
24055,1,0.5,1,2,0.8958333333333334,0.8958333333333334
24055,1,0.5,1,3,0.8888541666666666,0.8888541666666666
24055,1,0.5,2,0,0.6676432291666666,0.6676432291666666
24055,1,0.5,2,1,0.7249739583333333,0.7249739583333333
24055,1,0.5,2,3,0.8772916666666667,0.8772916666666667
24055,1,0.5,3,0,0.6509114583333333,0.6509114583333333
24055,1,0.5,3,1,0.7086458333333333,0.7086458333333333
24055,1,0.5,3,2,0.8676953125,0.8676953125
24055,2,1.0,0,1,0.9164322916666666,0.9164322916666666
24055,2,1.0,0,2,0.9113932291666667,0.9113932291666667
24055,2,1.0,0,3,0.9104817708333334,0.9104817708333334
24055,2,1.0,1,0,0.8120963541666667,0.8120963541666667
24055,2,1.0,1,2,0.903671875,0.903671875
24055,2,1.0,1,3,0.8955989583333334,0.8955989583333334
24055,2,1.0,2,0,0.6590494791666667,0.6590494791666667
24055,2,1.0,2,1,0.7384895833333334,0.7384895833333334
24055,2,1.0,2,3,0.8483072916666666,0.8483072916666666
24055,2,1.0,3,0,0.6311458333333333,0.6311458333333333
24055,2,1.0,3,1,0.7039713541666667,0.7039713541666667
24055,2,1.0,3,2,0.8171223958333333,0.8171223958333333
24056,0,0.0,0,1,0.8124088541666666,0.8124088541666666
24056,0,0.0,0,2,0.7680989583333333,0.7680989583333333
24056,0,0.0,0,3,0.8368229166666666,0.8368229166666666
24056,0,0.0,1,0,0.8876432291666667,0.8876432291666667
24056,0,0.0,1,2,0.7862369791666667,0.7862369791666667
24056,0,0.0,1,3,0.8030338541666666,0.8030338541666666
24056,0,0.0,2,0,0.8741015625,0.8741015625
24056,0,0.0,2,1,0.812578125,0.812578125
24056,0,0.0,2,3,0.7555338541666666,0.7555338541666666
24056,0,0.0,3,0,0.7969270833333333,0.7969270833333333
24056,0,0.0,3,1,0.7049348958333334,0.7049348958333334
24056,0,0.0,3,2,0.6445963541666667,0.6445963541666667
24056,1,0.5,0,1,0.8263932291666667,0.8263932291666667
24056,1,0.5,0,2,0.7430989583333333,0.7430989583333333
24056,1,0.5,0,3,0.8706510416666666,0.8706510416666666
24056,1,0.5,1,0,0.9352864583333333,0.9352864583333333
24056,1,0.5,1,2,0.7779296875,0.7779296875
24056,1,0.5,1,3,0.864140625,0.864140625
24056,1,0.5,2,0,0.8454557291666667,0.8454557291666667
24056,1,0.5,2,1,0.7806380208333333,0.7806380208333333
24056,1,0.5,2,3,0.7836458333333334,0.7836458333333334
24056,1,0.5,3,0,0.8014583333333334,0.8014583333333334
24056,1,0.5,3,1,0.7064453125,0.7064453125
24056,1,0.5,3,2,0.6404296875,0.6404296875
24056,2,1.0,0,1,0.7413151041666667,0.7413151041666667
24056,2,1.0,0,2,0.7332421875,0.7332421875
24056,2,1.0,0,3,0.8712109375,0.8712109375
24056,2,1.0,1,0,0.8633463541666667,0.8633463541666667
24056,2,1.0,1,2,0.7798697916666667,0.7798697916666667
24056,2,1.0,1,3,0.8159244791666667,0.8159244791666667
24056,2,1.0,2,0,0.8530598958333333,0.8530598958333333
24056,2,1.0,2,1,0.7268229166666667,0.7268229166666667
24056,2,1.0,2,3,0.8205338541666667,0.8205338541666667
24056,2,1.0,3,0,0.7803255208333333,0.7803255208333333
24056,2,1.0,3,1,0.6165755208333333,0.6165755208333333
24056,2,1.0,3,2,0.6372135416666667,0.6372135416666667
24057,0,0.0,0,1,0.8555078125,0.8555078125
24057,0,0.0,0,2,0.6595833333333333,0.6595833333333333
24057,0,0.0,0,3,0.8716536458333334,0.8716536458333334
24057,0,0.0,1,0,0.6489453125,0.6489453125
24057,0,0.0,1,2,0.4842838541666667,0.4842838541666667
24057,0,0.0,1,3,0.78953125,0.78953125
24057,0,0.0,2,0,0.8896354166666667,0.8896354166666667
24057,0,0.0,2,1,0.859375,0.859375
24057,0,0.0,2,3,0.880703125,0.880703125
24057,0,0.0,3,0,0.6856901041666666,0.6856901041666666
24057,0,0.0,3,1,0.8283333333333334,0.8283333333333334
24057,0,0.0,3,2,0.5148697916666667,0.5148697916666667
24057,1,0.5,0,1,0.920625,0.920625
24057,1,0.5,0,2,0.662265625,0.662265625
24057,1,0.5,0,3,0.929609375,0.929609375
24057,1,0.5,1,0,0.6873828125,0.6873828125
24057,1,0.5,1,2,0.5177213541666666,0.5177213541666666
24057,1,0.5,1,3,0.8629296875,0.8629296875
24057,1,0.5,2,0,0.8809635416666667,0.8809635416666667
24057,1,0.5,2,1,0.8993619791666667,0.8993619791666667
24057,1,0.5,2,3,0.8840885416666666,0.8840885416666666
24057,1,0.5,3,0,0.7203385416666667,0.7203385416666667
24057,1,0.5,3,1,0.90828125,0.90828125
24057,1,0.5,3,2,0.5258203125,0.5258203125
24057,2,1.0,0,1,0.967421875,0.967421875
24057,2,1.0,0,2,0.6323828125,0.6323828125
24057,2,1.0,0,3,0.9595833333333333,0.9595833333333333
24057,2,1.0,1,0,0.6978645833333333,0.6978645833333333
24057,2,1.0,1,2,0.4946744791666667,0.4946744791666667
24057,2,1.0,1,3,0.8761067708333333,0.8761067708333333
24057,2,1.0,2,0,0.8301171875,0.8301171875
24057,2,1.0,2,1,0.8723567708333333,0.8723567708333333
24057,2,1.0,2,3,0.8480989583333334,0.8480989583333334
24057,2,1.0,3,0,0.7268359375,0.7268359375
24057,2,1.0,3,1,0.9350911458333333,0.9350911458333333
24057,2,1.0,3,2,0.5012239583333333,0.5012239583333333
24058,0,0.0,0,1,0.8303515625,0.8303515625
24058,0,0.0,0,2,0.8171875,0.8171875
24058,0,0.0,0,3,0.817578125,0.817578125
24058,0,0.0,1,0,0.6607161458333334,0.6607161458333334
24058,0,0.0,1,2,0.6734244791666667,0.6734244791666667
24058,0,0.0,1,3,0.7110416666666667,0.7110416666666667
24058,0,0.0,2,0,0.8303125,0.8303125
24058,0,0.0,2,1,0.8598697916666667,0.8598697916666667
24058,0,0.0,2,3,0.7962890625,0.7962890625
24058,0,0.0,3,0,0.6992838541666667,0.6992838541666667
24058,0,0.0,3,1,0.7617057291666667,0.7617057291666667
24058,0,0.0,3,2,0.6729557291666667,0.6729557291666667
24058,1,0.5,0,1,0.8320442708333333,0.8320442708333333
24058,1,0.5,0,2,0.8164713541666667,0.8164713541666667
24058,1,0.5,0,3,0.8192708333333333,0.8192708333333333
24058,1,0.5,1,0,0.6621354166666666,0.6621354166666666
24058,1,0.5,1,2,0.6749869791666666,0.6749869791666666
24058,1,0.5,1,3,0.7092317708333333,0.7092317708333333
24058,1,0.5,2,0,0.8315494791666667,0.8315494791666667
24058,1,0.5,2,1,0.8608723958333333,0.8608723958333333
24058,1,0.5,2,3,0.79421875,0.79421875
24058,1,0.5,3,0,0.6990755208333334,0.6990755208333334
24058,1,0.5,3,1,0.7577604166666667,0.7577604166666667
24058,1,0.5,3,2,0.6704296875,0.6704296875
24058,2,1.0,0,1,0.831953125,0.831953125
24058,2,1.0,0,2,0.8089583333333333,0.8089583333333333
24058,2,1.0,0,3,0.820859375,0.820859375
24058,2,1.0,1,0,0.6621875,0.6621875
24058,2,1.0,1,2,0.6749348958333333,0.6749348958333333
24058,2,1.0,1,3,0.7015494791666667,0.7015494791666667
24058,2,1.0,2,0,0.8234895833333333,0.8234895833333333
24058,2,1.0,2,1,0.8604036458333333,0.8604036458333333
24058,2,1.0,2,3,0.7894140625,0.7894140625
24058,2,1.0,3,0,0.6984765625,0.6984765625
24058,2,1.0,3,1,0.7496875,0.7496875
24058,2,1.0,3,2,0.6648567708333334,0.6648567708333334
24059,0,0.0,0,1,0.8295572916666667,0.8295572916666667
24059,0,0.0,0,2,0.9544401041666667,0.9544401041666667
24059,0,0.0,0,3,0.8689713541666667,0.8689713541666667
24059,0,0.0,1,0,0.7699479166666666,0.7699479166666666
24059,0,0.0,1,2,0.8010416666666667,0.8010416666666667
24059,0,0.0,1,3,0.7226041666666667,0.7226041666666667
24059,0,0.0,2,0,0.7263671875,0.7263671875
24059,0,0.0,2,1,0.67671875,0.67671875
24059,0,0.0,2,3,0.829609375,0.829609375
24059,0,0.0,3,0,0.6699609375,0.6699609375
24059,0,0.0,3,1,0.623359375,0.623359375
24059,0,0.0,3,2,0.8319661458333333,0.8319661458333333
24059,1,0.5,0,1,0.8485807291666667,0.8485807291666667
24059,1,0.5,0,2,0.9622005208333333,0.9622005208333333
24059,1,0.5,0,3,0.9012890625,0.9012890625
24059,1,0.5,1,0,0.7804947916666667,0.7804947916666667
24059,1,0.5,1,2,0.8253776041666666,0.8253776041666666
24059,1,0.5,1,3,0.759609375,0.759609375
24059,1,0.5,2,0,0.7205989583333333,0.7205989583333333
24059,1,0.5,2,1,0.6892708333333334,0.6892708333333334
24059,1,0.5,2,3,0.849609375,0.849609375
24059,1,0.5,3,0,0.6750520833333333,0.6750520833333333
24059,1,0.5,3,1,0.6397005208333333,0.6397005208333333
24059,1,0.5,3,2,0.8392317708333333,0.8392317708333333
24059,2,1.0,0,1,0.8747526041666667,0.8747526041666667
24059,2,1.0,0,2,0.9700520833333334,0.9700520833333334
24059,2,1.0,0,3,0.9237760416666667,0.9237760416666667
24059,2,1.0,1,0,0.7985416666666667,0.7985416666666667
24059,2,1.0,1,2,0.8490625,0.8490625
24059,2,1.0,1,3,0.80203125,0.80203125
24059,2,1.0,2,0,0.7218489583333333,0.7218489583333333
24059,2,1.0,2,1,0.7060026041666667,0.7060026041666667
24059,2,1.0,2,3,0.8710807291666667,0.8710807291666667
24059,2,1.0,3,0,0.6765885416666667,0.6765885416666667
24059,2,1.0,3,1,0.6631510416666667,0.6631510416666667
24059,2,1.0,3,2,0.8495442708333333,0.8495442708333333
24060,0,0.0,0,1,0.7083723958333333,0.7083723958333333
24060,0,0.0,0,2,0.840625,0.840625
24060,0,0.0,0,3,0.8090494791666667,0.8090494791666667
24060,0,0.0,1,0,0.950625,0.950625
24060,0,0.0,1,2,0.9253385416666666,0.9253385416666666
24060,0,0.0,1,3,0.9388671875,0.9388671875
24060,0,0.0,2,0,0.7852213541666667,0.7852213541666667
24060,0,0.0,2,1,0.6497916666666667,0.6497916666666667
24060,0,0.0,2,3,0.6639583333333333,0.6639583333333333
24060,0,0.0,3,0,0.841171875,0.841171875
24060,0,0.0,3,1,0.7316927083333333,0.7316927083333333
24060,0,0.0,3,2,0.7394661458333334,0.7394661458333334
24060,1,0.5,0,1,0.7074479166666666,0.7074479166666666
24060,1,0.5,0,2,0.842109375,0.842109375
24060,1,0.5,0,3,0.8080989583333333,0.8080989583333333
24060,1,0.5,1,0,0.9546223958333333,0.9546223958333333
24060,1,0.5,1,2,0.9272005208333334,0.9272005208333334
24060,1,0.5,1,3,0.9349609375,0.9349609375
24060,1,0.5,2,0,0.7856901041666666,0.7856901041666666
24060,1,0.5,2,1,0.6482421875,0.6482421875
24060,1,0.5,2,3,0.660546875,0.660546875
24060,1,0.5,3,0,0.84015625,0.84015625
24060,1,0.5,3,1,0.7253125,0.7253125
24060,1,0.5,3,2,0.7351041666666667,0.7351041666666667
24060,2,1.0,0,1,0.7055598958333333,0.7055598958333333
24060,2,1.0,0,2,0.8415364583333333,0.8415364583333333
24060,2,1.0,0,3,0.8047265625,0.8047265625
24060,2,1.0,1,0,0.9578255208333334,0.9578255208333334
24060,2,1.0,1,2,0.9272395833333333,0.9272395833333333
24060,2,1.0,1,3,0.9306640625,0.9306640625
24060,2,1.0,2,0,0.78546875,0.78546875
24060,2,1.0,2,1,0.6444270833333333,0.6444270833333333
24060,2,1.0,2,3,0.6559895833333333,0.6559895833333333
24060,2,1.0,3,0,0.8358333333333333,0.8358333333333333
24060,2,1.0,3,1,0.7188411458333334,0.7188411458333334
24060,2,1.0,3,2,0.7295572916666667,0.7295572916666667
24061,0,0.0,0,1,0.7552213541666667,0.7552213541666667
24061,0,0.0,0,2,0.7954427083333333,0.7954427083333333
24061,0,0.0,0,3,0.7964583333333334,0.7964583333333334
24061,0,0.0,1,0,0.599453125,0.599453125
24061,0,0.0,1,2,0.7384244791666666,0.7384244791666666
24061,0,0.0,1,3,0.58796875,0.58796875
24061,0,0.0,2,0,0.6425260416666667,0.6425260416666667
24061,0,0.0,2,1,0.7521354166666666,0.7521354166666666
24061,0,0.0,2,3,0.6226953125,0.6226953125
24061,0,0.0,3,0,0.80703125,0.80703125
24061,0,0.0,3,1,0.7451041666666667,0.7451041666666667
24061,0,0.0,3,2,0.7798697916666667,0.7798697916666667
24061,1,0.5,0,1,0.7754817708333334,0.7754817708333334
24061,1,0.5,0,2,0.8220052083333333,0.8220052083333333
24061,1,0.5,0,3,0.794375,0.794375
24061,1,0.5,1,0,0.6065755208333333,0.6065755208333333
24061,1,0.5,1,2,0.7609765625,0.7609765625
24061,1,0.5,1,3,0.583671875,0.583671875
24061,1,0.5,2,0,0.6546223958333334,0.6546223958333334
24061,1,0.5,2,1,0.7742578125,0.7742578125
24061,1,0.5,2,3,0.6175911458333333,0.6175911458333333
24061,1,0.5,3,0,0.8145703125,0.8145703125
24061,1,0.5,3,1,0.761171875,0.761171875
24061,1,0.5,3,2,0.7938802083333333,0.7938802083333333
24061,2,1.0,0,1,0.7623046875,0.7623046875
24061,2,1.0,0,2,0.8068098958333333,0.8068098958333333
24061,2,1.0,0,3,0.7953645833333334,0.7953645833333334
24061,2,1.0,1,0,0.6156770833333334,0.6156770833333334
24061,2,1.0,1,2,0.7441666666666666,0.7441666666666666
24061,2,1.0,1,3,0.5974609375,0.5974609375
24061,2,1.0,2,0,0.6520833333333333,0.6520833333333333
24061,2,1.0,2,1,0.7506119791666667,0.7506119791666667
24061,2,1.0,2,3,0.6330078125,0.6330078125
24061,2,1.0,3,0,0.8012239583333334,0.8012239583333334
24061,2,1.0,3,1,0.7429036458333333,0.7429036458333333
24061,2,1.0,3,2,0.7852864583333333,0.7852864583333333
24062,0,0.0,0,1,0.9396223958333333,0.9396223958333333
24062,0,0.0,0,2,0.7166796875,0.7166796875
24062,0,0.0,0,3,0.7449739583333334,0.7449739583333334
24062,0,0.0,1,0,0.9176171875,0.9176171875
24062,0,0.0,1,2,0.6985416666666666,0.6985416666666666
24062,0,0.0,1,3,0.7618229166666667,0.7618229166666667
24062,0,0.0,2,0,0.910859375,0.910859375
24062,0,0.0,2,1,0.8855989583333334,0.8855989583333334
24062,0,0.0,2,3,0.7463411458333333,0.7463411458333333
24062,0,0.0,3,0,0.7905078125,0.7905078125
24062,0,0.0,3,1,0.8094401041666667,0.8094401041666667
24062,0,0.0,3,2,0.6778515625,0.6778515625
24062,1,0.5,0,1,0.9353255208333333,0.9353255208333333
24062,1,0.5,0,2,0.7216276041666667,0.7216276041666667
24062,1,0.5,0,3,0.7574088541666667,0.7574088541666667
24062,1,0.5,1,0,0.9121354166666666,0.9121354166666666
24062,1,0.5,1,2,0.7027734375,0.7027734375
24062,1,0.5,1,3,0.7759635416666667,0.7759635416666667
24062,1,0.5,2,0,0.9008203125,0.9008203125
24062,1,0.5,2,1,0.8782942708333333,0.8782942708333333
24062,1,0.5,2,3,0.7505598958333334,0.7505598958333334
24062,1,0.5,3,0,0.7914192708333333,0.7914192708333333
24062,1,0.5,3,1,0.8102604166666667,0.8102604166666667
24062,1,0.5,3,2,0.6769921875,0.6769921875
24062,2,1.0,0,1,0.9360286458333333,0.9360286458333333
24062,2,1.0,0,2,0.7254036458333334,0.7254036458333334
24062,2,1.0,0,3,0.7691145833333334,0.7691145833333334
24062,2,1.0,1,0,0.912734375,0.912734375
24062,2,1.0,1,2,0.7074609375,0.7074609375
24062,2,1.0,1,3,0.7880338541666667,0.7880338541666667
24062,2,1.0,2,0,0.8902473958333333,0.8902473958333333
24062,2,1.0,2,1,0.8696614583333333,0.8696614583333333
24062,2,1.0,2,3,0.7535807291666666,0.7535807291666666
24062,2,1.0,3,0,0.7931510416666666,0.7931510416666666
24062,2,1.0,3,1,0.8105859375,0.8105859375
24062,2,1.0,3,2,0.6747005208333333,0.6747005208333333
24063,0,0.0,0,1,0.8142708333333334,0.8142708333333334
24063,0,0.0,0,2,0.8498046875,0.8498046875
24063,0,0.0,0,3,0.8428515625,0.8428515625
24063,0,0.0,1,0,0.8262760416666667,0.8262760416666667
24063,0,0.0,1,2,0.8380078125,0.8380078125
24063,0,0.0,1,3,0.8479036458333333,0.8479036458333333
24063,0,0.0,2,0,0.7127864583333333,0.7127864583333333
24063,0,0.0,2,1,0.7025260416666667,0.7025260416666667
24063,0,0.0,2,3,0.7470182291666667,0.7470182291666667
24063,0,0.0,3,0,0.7945963541666666,0.7945963541666666
24063,0,0.0,3,1,0.7890234375,0.7890234375
24063,0,0.0,3,2,0.83375,0.83375
24063,1,0.5,0,1,0.7730989583333333,0.7730989583333333
24063,1,0.5,0,2,0.8555208333333333,0.8555208333333333
24063,1,0.5,0,3,0.8621744791666667,0.8621744791666667
24063,1,0.5,1,0,0.8078385416666667,0.8078385416666667
24063,1,0.5,1,2,0.84546875,0.84546875
24063,1,0.5,1,3,0.84046875,0.84046875
24063,1,0.5,2,0,0.7247786458333333,0.7247786458333333
24063,1,0.5,2,1,0.6992578125,0.6992578125
24063,1,0.5,2,3,0.7637630208333334,0.7637630208333334
24063,1,0.5,3,0,0.7971354166666667,0.7971354166666667
24063,1,0.5,3,1,0.7466145833333333,0.7466145833333333
24063,1,0.5,3,2,0.8286197916666667,0.8286197916666667
24063,2,1.0,0,1,0.7250651041666667,0.7250651041666667
24063,2,1.0,0,2,0.8177994791666666,0.8177994791666666
24063,2,1.0,0,3,0.8423958333333333,0.8423958333333333
24063,2,1.0,1,0,0.79078125,0.79078125
24063,2,1.0,1,2,0.7971354166666667,0.7971354166666667
24063,2,1.0,1,3,0.82703125,0.82703125
24063,2,1.0,2,0,0.7284114583333333,0.7284114583333333
24063,2,1.0,2,1,0.6729947916666666,0.6729947916666666
24063,2,1.0,2,3,0.7759635416666667,0.7759635416666667
24063,2,1.0,3,0,0.7837369791666666,0.7837369791666666
24063,2,1.0,3,1,0.71140625,0.71140625
24063,2,1.0,3,2,0.8060677083333333,0.8060677083333333
24064,0,0.0,0,1,0.9451953125,0.9451953125
24064,0,0.0,0,2,0.8645963541666667,0.8645963541666667
24064,0,0.0,0,3,0.8837239583333333,0.8837239583333333
24064,0,0.0,1,0,0.7723567708333333,0.7723567708333333
24064,0,0.0,1,2,0.7084895833333333,0.7084895833333333
24064,0,0.0,1,3,0.7152473958333333,0.7152473958333333
24064,0,0.0,2,0,0.9569921875,0.9569921875
24064,0,0.0,2,1,0.9633984375,0.9633984375
24064,0,0.0,2,3,0.8572916666666667,0.8572916666666667
24064,0,0.0,3,0,0.822734375,0.822734375
24064,0,0.0,3,1,0.8136588541666666,0.8136588541666666
24064,0,0.0,3,2,0.7223177083333333,0.7223177083333333
24064,1,0.5,0,1,0.9528385416666667,0.9528385416666667
24064,1,0.5,0,2,0.8614322916666667,0.8614322916666667
24064,1,0.5,0,3,0.8808984375,0.8808984375
24064,1,0.5,1,0,0.779453125,0.779453125
24064,1,0.5,1,2,0.71015625,0.71015625
24064,1,0.5,1,3,0.7272786458333333,0.7272786458333333
24064,1,0.5,2,0,0.9550911458333333,0.9550911458333333
24064,1,0.5,2,1,0.962890625,0.962890625
24064,1,0.5,2,3,0.85625,0.85625
24064,1,0.5,3,0,0.8192447916666666,0.8192447916666666
24064,1,0.5,3,1,0.8252604166666667,0.8252604166666667
24064,1,0.5,3,2,0.7211067708333333,0.7211067708333333
24064,2,1.0,0,1,0.9515364583333333,0.9515364583333333
24064,2,1.0,0,2,0.8588671875,0.8588671875
24064,2,1.0,0,3,0.8726432291666667,0.8726432291666667
24064,2,1.0,1,0,0.7810026041666667,0.7810026041666667
24064,2,1.0,1,2,0.7122916666666667,0.7122916666666667
24064,2,1.0,1,3,0.7279947916666667,0.7279947916666667
24064,2,1.0,2,0,0.9529427083333334,0.9529427083333334
24064,2,1.0,2,1,0.9627734375,0.9627734375
24064,2,1.0,2,3,0.8527734375,0.8527734375
24064,2,1.0,3,0,0.811796875,0.811796875
24064,2,1.0,3,1,0.824453125,0.824453125
24064,2,1.0,3,2,0.7180729166666666,0.7180729166666666
24065,0,0.0,0,1,0.7727083333333333,0.7727083333333333
24065,0,0.0,0,2,0.7879557291666667,0.7879557291666667
24065,0,0.0,0,3,0.8356640625,0.8356640625
24065,0,0.0,1,0,0.9194661458333333,0.9194661458333333
24065,0,0.0,1,2,0.9053255208333333,0.9053255208333333
24065,0,0.0,1,3,0.84953125,0.84953125
24065,0,0.0,2,0,0.8729557291666666,0.8729557291666666
24065,0,0.0,2,1,0.844375,0.844375
24065,0,0.0,2,3,0.82296875,0.82296875
24065,0,0.0,3,0,0.9052473958333334,0.9052473958333334
24065,0,0.0,3,1,0.7761458333333333,0.7761458333333333
24065,0,0.0,3,2,0.8014192708333333,0.8014192708333333
24065,1,0.5,0,1,0.7726302083333333,0.7726302083333333
24065,1,0.5,0,2,0.7836588541666667,0.7836588541666667
24065,1,0.5,0,3,0.8394270833333334,0.8394270833333334
24065,1,0.5,1,0,0.9250911458333333,0.9250911458333333
24065,1,0.5,1,2,0.8973046875,0.8973046875
24065,1,0.5,1,3,0.8495052083333333,0.8495052083333333
24065,1,0.5,2,0,0.8767057291666667,0.8767057291666667
24065,1,0.5,2,1,0.8393359375,0.8393359375
24065,1,0.5,2,3,0.816484375,0.816484375
24065,1,0.5,3,0,0.8977994791666667,0.8977994791666667
24065,1,0.5,3,1,0.7641276041666667,0.7641276041666667
24065,1,0.5,3,2,0.7785807291666667,0.7785807291666667
24065,2,1.0,0,1,0.765234375,0.765234375
24065,2,1.0,0,2,0.7788541666666666,0.7788541666666666
24065,2,1.0,0,3,0.8267838541666667,0.8267838541666667
24065,2,1.0,1,0,0.9234895833333333,0.9234895833333333
24065,2,1.0,1,2,0.8816015625,0.8816015625
24065,2,1.0,1,3,0.8515625,0.8515625
24065,2,1.0,2,0,0.8824479166666667,0.8824479166666667
24065,2,1.0,2,1,0.830859375,0.830859375
24065,2,1.0,2,3,0.8100520833333333,0.8100520833333333
24065,2,1.0,3,0,0.8713671875,0.8713671875
24065,2,1.0,3,1,0.7504296875,0.7504296875
24065,2,1.0,3,2,0.7522395833333333,0.7522395833333333
24066,0,0.0,0,1,0.7809765625,0.7809765625
24066,0,0.0,0,2,0.76234375,0.76234375
24066,0,0.0,0,3,0.7826953125,0.7826953125
24066,0,0.0,1,0,0.7122916666666667,0.7122916666666667
24066,0,0.0,1,2,0.7189583333333334,0.7189583333333334
24066,0,0.0,1,3,0.7946484375,0.7946484375
24066,0,0.0,2,0,0.7837109375,0.7837109375
24066,0,0.0,2,1,0.8016015625,0.8016015625
24066,0,0.0,2,3,0.8266015625,0.8266015625
24066,0,0.0,3,0,0.6433463541666666,0.6433463541666666
24066,0,0.0,3,1,0.6929557291666667,0.6929557291666667
24066,0,0.0,3,2,0.655078125,0.655078125
24066,1,0.5,0,1,0.78390625,0.78390625
24066,1,0.5,0,2,0.762734375,0.762734375
24066,1,0.5,0,3,0.7841927083333333,0.7841927083333333
24066,1,0.5,1,0,0.7121875,0.7121875
24066,1,0.5,1,2,0.7215885416666666,0.7215885416666666
24066,1,0.5,1,3,0.7938671875,0.7938671875
24066,1,0.5,2,0,0.780390625,0.780390625
24066,1,0.5,2,1,0.8057421875,0.8057421875
24066,1,0.5,2,3,0.8248307291666667,0.8248307291666667
24066,1,0.5,3,0,0.6458333333333334,0.6458333333333334
24066,1,0.5,3,1,0.6977994791666666,0.6977994791666666
24066,1,0.5,3,2,0.658125,0.658125
24066,2,1.0,0,1,0.7893359375,0.7893359375
24066,2,1.0,0,2,0.7739583333333333,0.7739583333333333
24066,2,1.0,0,3,0.7857682291666667,0.7857682291666667
24066,2,1.0,1,0,0.7148697916666666,0.7148697916666666
24066,2,1.0,1,2,0.7159895833333333,0.7159895833333333
24066,2,1.0,1,3,0.7936848958333333,0.7936848958333333
24066,2,1.0,2,0,0.7912890625,0.7912890625
24066,2,1.0,2,1,0.8018880208333333,0.8018880208333333
24066,2,1.0,2,3,0.8248177083333333,0.8248177083333333
24066,2,1.0,3,0,0.6495442708333333,0.6495442708333333
24066,2,1.0,3,1,0.7024869791666667,0.7024869791666667
24066,2,1.0,3,2,0.6608333333333334,0.6608333333333334
24067,0,0.0,0,1,0.7967057291666667,0.7967057291666667
24067,0,0.0,0,2,0.6707161458333334,0.6707161458333334
24067,0,0.0,0,3,0.6643098958333333,0.6643098958333333
24067,0,0.0,1,0,0.7110416666666667,0.7110416666666667
24067,0,0.0,1,2,0.59390625,0.59390625
24067,0,0.0,1,3,0.5740885416666667,0.5740885416666667
24067,0,0.0,2,0,0.82,0.82
24067,0,0.0,2,1,0.80984375,0.80984375
24067,0,0.0,2,3,0.74359375,0.74359375
24067,0,0.0,3,0,0.8469010416666667,0.8469010416666667
24067,0,0.0,3,1,0.8290755208333334,0.8290755208333334
24067,0,0.0,3,2,0.7770833333333333,0.7770833333333333
24067,1,0.5,0,1,0.79296875,0.79296875
24067,1,0.5,0,2,0.6446614583333333,0.6446614583333333
24067,1,0.5,0,3,0.6373697916666666,0.6373697916666666
24067,1,0.5,1,0,0.7153645833333333,0.7153645833333333
24067,1,0.5,1,2,0.5736588541666666,0.5736588541666666
24067,1,0.5,1,3,0.5553645833333334,0.5553645833333334
24067,1,0.5,2,0,0.7902083333333333,0.7902083333333333
24067,1,0.5,2,1,0.7785416666666667,0.7785416666666667
24067,1,0.5,2,3,0.6920572916666666,0.6920572916666666
24067,1,0.5,3,0,0.8076822916666667,0.8076822916666667
24067,1,0.5,3,1,0.7910807291666667,0.7910807291666667
24067,1,0.5,3,2,0.7129947916666667,0.7129947916666667
24067,2,1.0,0,1,0.7734895833333333,0.7734895833333333
24067,2,1.0,0,2,0.5835026041666667,0.5835026041666667
24067,2,1.0,0,3,0.6418619791666667,0.6418619791666667
24067,2,1.0,1,0,0.7187369791666667,0.7187369791666667
24067,2,1.0,1,2,0.5252083333333334,0.5252083333333334
24067,2,1.0,1,3,0.5712109375,0.5712109375
24067,2,1.0,2,0,0.7285807291666667,0.7285807291666667
24067,2,1.0,2,1,0.7179296875,0.7179296875
24067,2,1.0,2,3,0.6836067708333333,0.6836067708333333
24067,2,1.0,3,0,0.800078125,0.800078125
24067,2,1.0,3,1,0.7672005208333333,0.7672005208333333
24067,2,1.0,3,2,0.694765625,0.694765625
24068,0,0.0,0,1,0.7907682291666667,0.7907682291666667
24068,0,0.0,0,2,0.888359375,0.888359375
24068,0,0.0,0,3,0.9089192708333333,0.9089192708333333
24068,0,0.0,1,0,0.7432291666666667,0.7432291666666667
24068,0,0.0,1,2,0.8328645833333334,0.8328645833333334
24068,0,0.0,1,3,0.8512239583333333,0.8512239583333333
24068,0,0.0,2,0,0.7439453125,0.7439453125
24068,0,0.0,2,1,0.746015625,0.746015625
24068,0,0.0,2,3,0.8934505208333333,0.8934505208333333
24068,0,0.0,3,0,0.602109375,0.602109375
24068,0,0.0,3,1,0.60328125,0.60328125
24068,0,0.0,3,2,0.7034375,0.7034375
24068,1,0.5,0,1,0.7976822916666667,0.7976822916666667
24068,1,0.5,0,2,0.8943619791666667,0.8943619791666667
24068,1,0.5,0,3,0.907890625,0.907890625
24068,1,0.5,1,0,0.7498307291666667,0.7498307291666667
24068,1,0.5,1,2,0.8299088541666667,0.8299088541666667
24068,1,0.5,1,3,0.8548697916666667,0.8548697916666667
24068,1,0.5,2,0,0.7498307291666667,0.7498307291666667
24068,1,0.5,2,1,0.7416796875,0.7416796875
24068,1,0.5,2,3,0.8958463541666667,0.8958463541666667
24068,1,0.5,3,0,0.6024479166666666,0.6024479166666666
24068,1,0.5,3,1,0.6076432291666667,0.6076432291666667
24068,1,0.5,3,2,0.7044791666666667,0.7044791666666667
24068,2,1.0,0,1,0.8035546875,0.8035546875
24068,2,1.0,0,2,0.89734375,0.89734375
24068,2,1.0,0,3,0.9046354166666667,0.9046354166666667
24068,2,1.0,1,0,0.7553385416666667,0.7553385416666667
24068,2,1.0,1,2,0.8284505208333334,0.8284505208333334
24068,2,1.0,1,3,0.8548307291666667,0.8548307291666667
24068,2,1.0,2,0,0.7524869791666666,0.7524869791666666
24068,2,1.0,2,1,0.7419270833333333,0.7419270833333333
24068,2,1.0,2,3,0.8956640625,0.8956640625
24068,2,1.0,3,0,0.6015885416666666,0.6015885416666666
24068,2,1.0,3,1,0.6079166666666667,0.6079166666666667
24068,2,1.0,3,2,0.7031119791666667,0.7031119791666667
24069,0,0.0,0,1,0.6860807291666666,0.6860807291666666
24069,0,0.0,0,2,0.6841927083333333,0.6841927083333333
24069,0,0.0,0,3,0.676171875,0.676171875
24069,0,0.0,1,0,0.6383984375,0.6383984375
24069,0,0.0,1,2,0.5904557291666667,0.5904557291666667
24069,0,0.0,1,3,0.7027734375,0.7027734375
24069,0,0.0,2,0,0.7493619791666667,0.7493619791666667
24069,0,0.0,2,1,0.6895963541666666,0.6895963541666666
24069,0,0.0,2,3,0.6833984375,0.6833984375
24069,0,0.0,3,0,0.6226171875,0.6226171875
24069,0,0.0,3,1,0.7013541666666666,0.7013541666666666
24069,0,0.0,3,2,0.58140625,0.58140625
24069,1,0.5,0,1,0.6810026041666667,0.6810026041666667
24069,1,0.5,0,2,0.6777604166666666,0.6777604166666666
24069,1,0.5,0,3,0.6891536458333334,0.6891536458333334
24069,1,0.5,1,0,0.6322526041666666,0.6322526041666666
24069,1,0.5,1,2,0.5905598958333333,0.5905598958333333
24069,1,0.5,1,3,0.7000651041666667,0.7000651041666667
24069,1,0.5,2,0,0.743671875,0.743671875
24069,1,0.5,2,1,0.6889322916666667,0.6889322916666667
24069,1,0.5,2,3,0.6828515625,0.6828515625
24069,1,0.5,3,0,0.6381510416666667,0.6381510416666667
24069,1,0.5,3,1,0.7058984375,0.7058984375
24069,1,0.5,3,2,0.5830729166666667,0.5830729166666667
24069,2,1.0,0,1,0.6657552083333333,0.6657552083333333
24069,2,1.0,0,2,0.6736197916666666,0.6736197916666666
24069,2,1.0,0,3,0.6769270833333333,0.6769270833333333
24069,2,1.0,1,0,0.6130338541666667,0.6130338541666667
24069,2,1.0,1,2,0.5815885416666666,0.5815885416666666
24069,2,1.0,1,3,0.6854427083333333,0.6854427083333333
24069,2,1.0,2,0,0.7397786458333333,0.7397786458333333
24069,2,1.0,2,1,0.6803515625,0.6803515625
24069,2,1.0,2,3,0.6839322916666667,0.6839322916666667
24069,2,1.0,3,0,0.6279166666666667,0.6279166666666667
24069,2,1.0,3,1,0.6961067708333334,0.6961067708333334
24069,2,1.0,3,2,0.5848307291666667,0.5848307291666667
24070,0,0.0,0,1,0.8050130208333334,0.8050130208333334
24070,0,0.0,0,2,0.9297395833333333,0.9297395833333333
24070,0,0.0,0,3,0.7904166666666667,0.7904166666666667
24070,0,0.0,1,0,0.9019791666666667,0.9019791666666667
24070,0,0.0,1,2,0.9115755208333334,0.9115755208333334
24070,0,0.0,1,3,0.8493098958333334,0.8493098958333334
24070,0,0.0,2,0,0.7063541666666666,0.7063541666666666
24070,0,0.0,2,1,0.6242447916666667,0.6242447916666667
24070,0,0.0,2,3,0.5804557291666667,0.5804557291666667
24070,0,0.0,3,0,0.946171875,0.946171875
24070,0,0.0,3,1,0.8991276041666667,0.8991276041666667
24070,0,0.0,3,2,0.9120833333333334,0.9120833333333334
24070,1,0.5,0,1,0.8110286458333333,0.8110286458333333
24070,1,0.5,0,2,0.925234375,0.925234375
24070,1,0.5,0,3,0.7880338541666667,0.7880338541666667
24070,1,0.5,1,0,0.9077994791666667,0.9077994791666667
24070,1,0.5,1,2,0.9074609375,0.9074609375
24070,1,0.5,1,3,0.8468229166666666,0.8468229166666666
24070,1,0.5,2,0,0.7035546875,0.7035546875
24070,1,0.5,2,1,0.6216666666666667,0.6216666666666667
24070,1,0.5,2,3,0.5805859375,0.5805859375
24070,1,0.5,3,0,0.9426953125,0.9426953125
24070,1,0.5,3,1,0.897890625,0.897890625
24070,1,0.5,3,2,0.9107161458333334,0.9107161458333334
24070,2,1.0,0,1,0.8081640625,0.8081640625
24070,2,1.0,0,2,0.9254036458333333,0.9254036458333333
24070,2,1.0,0,3,0.7858333333333334,0.7858333333333334
24070,2,1.0,1,0,0.9076302083333333,0.9076302083333333
24070,2,1.0,1,2,0.8967057291666667,0.8967057291666667
24070,2,1.0,1,3,0.855625,0.855625
24070,2,1.0,2,0,0.70359375,0.70359375
24070,2,1.0,2,1,0.6127864583333333,0.6127864583333333
24070,2,1.0,2,3,0.5772135416666667,0.5772135416666667
24070,2,1.0,3,0,0.9420442708333333,0.9420442708333333
24070,2,1.0,3,1,0.906015625,0.906015625
24070,2,1.0,3,2,0.9067057291666667,0.9067057291666667
24071,0,0.0,0,1,0.797109375,0.797109375
24071,0,0.0,0,2,0.9010286458333333,0.9010286458333333
24071,0,0.0,0,3,0.6362239583333333,0.6362239583333333
24071,0,0.0,1,0,0.635234375,0.635234375
24071,0,0.0,1,2,0.7879427083333334,0.7879427083333334
24071,0,0.0,1,3,0.502734375,0.502734375
24071,0,0.0,2,0,0.6895442708333334,0.6895442708333334
24071,0,0.0,2,1,0.7708203125,0.7708203125
24071,0,0.0,2,3,0.4621223958333333,0.4621223958333333
24071,0,0.0,3,0,0.9165234375,0.9165234375
24071,0,0.0,3,1,0.8800130208333333,0.8800130208333333
24071,0,0.0,3,2,0.9129817708333333,0.9129817708333333
24071,1,0.5,0,1,0.8115104166666667,0.8115104166666667
24071,1,0.5,0,2,0.8886328125,0.8886328125
24071,1,0.5,0,3,0.6271744791666667,0.6271744791666667
24071,1,0.5,1,0,0.6311588541666666,0.6311588541666666
24071,1,0.5,1,2,0.7704947916666667,0.7704947916666667
24071,1,0.5,1,3,0.48565104166666667,0.48565104166666667
24071,1,0.5,2,0,0.6788020833333334,0.6788020833333334
24071,1,0.5,2,1,0.7819661458333333,0.7819661458333333
24071,1,0.5,2,3,0.4525651041666667,0.4525651041666667
24071,1,0.5,3,0,0.9026432291666666,0.9026432291666666
24071,1,0.5,3,1,0.86984375,0.86984375
24071,1,0.5,3,2,0.8878385416666666,0.8878385416666666
24071,2,1.0,0,1,0.82046875,0.82046875
24071,2,1.0,0,2,0.870859375,0.870859375
24071,2,1.0,0,3,0.6077994791666667,0.6077994791666667
24071,2,1.0,1,0,0.6258072916666667,0.6258072916666667
24071,2,1.0,1,2,0.7399088541666666,0.7399088541666666
24071,2,1.0,1,3,0.46119791666666665,0.46119791666666665
24071,2,1.0,2,0,0.6643359375,0.6643359375
24071,2,1.0,2,1,0.7701432291666667,0.7701432291666667
24071,2,1.0,2,3,0.439296875,0.439296875
24071,2,1.0,3,0,0.871171875,0.871171875
24071,2,1.0,3,1,0.8453125,0.8453125
24071,2,1.0,3,2,0.8523697916666667,0.8523697916666667
24072,0,0.0,0,1,0.7381510416666667,0.7381510416666667
24072,0,0.0,0,2,0.6856901041666666,0.6856901041666666
24072,0,0.0,0,3,0.824140625,0.824140625
24072,0,0.0,1,0,0.7487760416666667,0.7487760416666667
24072,0,0.0,1,2,0.6543229166666666,0.6543229166666666
24072,0,0.0,1,3,0.7523567708333333,0.7523567708333333
24072,0,0.0,2,0,0.8322265625,0.8322265625
24072,0,0.0,2,1,0.7940885416666666,0.7940885416666666
24072,0,0.0,2,3,0.8197916666666667,0.8197916666666667
24072,0,0.0,3,0,0.7701432291666667,0.7701432291666667
24072,0,0.0,3,1,0.6860677083333333,0.6860677083333333
24072,0,0.0,3,2,0.6280078125,0.6280078125
24072,1,0.5,0,1,0.7771614583333334,0.7771614583333334
24072,1,0.5,0,2,0.7061197916666667,0.7061197916666667
24072,1,0.5,0,3,0.8145442708333334,0.8145442708333334
24072,1,0.5,1,0,0.7218619791666666,0.7218619791666666
24072,1,0.5,1,2,0.6126302083333334,0.6126302083333334
24072,1,0.5,1,3,0.7081380208333333,0.7081380208333333
24072,1,0.5,2,0,0.8332421875,0.8332421875
24072,1,0.5,2,1,0.8018619791666667,0.8018619791666667
24072,1,0.5,2,3,0.8033723958333333,0.8033723958333333
24072,1,0.5,3,0,0.7215104166666667,0.7215104166666667
24072,1,0.5,3,1,0.6722265625,0.6722265625
24072,1,0.5,3,2,0.6023567708333334,0.6023567708333334
24072,2,1.0,0,1,0.8168098958333333,0.8168098958333333
24072,2,1.0,0,2,0.7395963541666667,0.7395963541666667
24072,2,1.0,0,3,0.8060416666666667,0.8060416666666667
24072,2,1.0,1,0,0.7045182291666666,0.7045182291666666
24072,2,1.0,1,2,0.5832421875,0.5832421875
24072,2,1.0,1,3,0.6923046875,0.6923046875
24072,2,1.0,2,0,0.8623177083333333,0.8623177083333333
24072,2,1.0,2,1,0.8196875,0.8196875
24072,2,1.0,2,3,0.8110546875,0.8110546875
24072,2,1.0,3,0,0.6762630208333333,0.6762630208333333
24072,2,1.0,3,1,0.6701692708333333,0.6701692708333333
24072,2,1.0,3,2,0.5970963541666666,0.5970963541666666
24073,0,0.0,0,1,0.8374869791666667,0.8374869791666667
24073,0,0.0,0,2,0.7634895833333334,0.7634895833333334
24073,0,0.0,0,3,0.8988541666666666,0.8988541666666666
24073,0,0.0,1,0,0.7219270833333333,0.7219270833333333
24073,0,0.0,1,2,0.6226041666666666,0.6226041666666666
24073,0,0.0,1,3,0.7359375,0.7359375
24073,0,0.0,2,0,0.8241796875,0.8241796875
24073,0,0.0,2,1,0.7597135416666667,0.7597135416666667
24073,0,0.0,2,3,0.831875,0.831875
24073,0,0.0,3,0,0.816796875,0.816796875
24073,0,0.0,3,1,0.8079557291666667,0.8079557291666667
24073,0,0.0,3,2,0.6904166666666667,0.6904166666666667
24073,1,0.5,0,1,0.8362760416666667,0.8362760416666667
24073,1,0.5,0,2,0.76015625,0.76015625
24073,1,0.5,0,3,0.9013671875,0.9013671875
24073,1,0.5,1,0,0.7168489583333333,0.7168489583333333
24073,1,0.5,1,2,0.6140494791666666,0.6140494791666666
24073,1,0.5,1,3,0.7313020833333334,0.7313020833333334
24073,1,0.5,2,0,0.8216927083333333,0.8216927083333333
24073,1,0.5,2,1,0.7546223958333333,0.7546223958333333
24073,1,0.5,2,3,0.8235026041666667,0.8235026041666667
24073,1,0.5,3,0,0.8314192708333333,0.8314192708333333
24073,1,0.5,3,1,0.8164713541666667,0.8164713541666667
24073,1,0.5,3,2,0.6913020833333333,0.6913020833333333
24073,2,1.0,0,1,0.8297786458333334,0.8297786458333334
24073,2,1.0,0,2,0.7543619791666667,0.7543619791666667
24073,2,1.0,0,3,0.9032161458333333,0.9032161458333333
24073,2,1.0,1,0,0.7039973958333333,0.7039973958333333
24073,2,1.0,1,2,0.6025911458333333,0.6025911458333333
24073,2,1.0,1,3,0.72328125,0.72328125
24073,2,1.0,2,0,0.8148958333333334,0.8148958333333334
24073,2,1.0,2,1,0.7445182291666667,0.7445182291666667
24073,2,1.0,2,3,0.8165755208333333,0.8165755208333333
24073,2,1.0,3,0,0.8429947916666667,0.8429947916666667
24073,2,1.0,3,1,0.822734375,0.822734375
24073,2,1.0,3,2,0.6929947916666667,0.6929947916666667
24074,0,0.0,0,1,0.7478255208333333,0.7478255208333333
24074,0,0.0,0,2,0.7201692708333334,0.7201692708333334
24074,0,0.0,0,3,0.9421354166666667,0.9421354166666667
24074,0,0.0,1,0,0.8516666666666667,0.8516666666666667
24074,0,0.0,1,2,0.680078125,0.680078125
24074,0,0.0,1,3,0.9471875,0.9471875
24074,0,0.0,2,0,0.8906770833333333,0.8906770833333333
24074,0,0.0,2,1,0.7285026041666667,0.7285026041666667
24074,0,0.0,2,3,0.8799479166666667,0.8799479166666667
24074,0,0.0,3,0,0.6384505208333333,0.6384505208333333
24074,0,0.0,3,1,0.5227994791666667,0.5227994791666667
24074,0,0.0,3,2,0.5347135416666666,0.5347135416666666
24074,1,0.5,0,1,0.738125,0.738125
24074,1,0.5,0,2,0.722421875,0.722421875
24074,1,0.5,0,3,0.9341015625,0.9341015625
24074,1,0.5,1,0,0.8435416666666666,0.8435416666666666
24074,1,0.5,1,2,0.6774088541666666,0.6774088541666666
24074,1,0.5,1,3,0.9505729166666667,0.9505729166666667
24074,1,0.5,2,0,0.8801692708333333,0.8801692708333333
24074,1,0.5,2,1,0.7172005208333333,0.7172005208333333
24074,1,0.5,2,3,0.8626692708333333,0.8626692708333333
24074,1,0.5,3,0,0.6446354166666667,0.6446354166666667
24074,1,0.5,3,1,0.5243619791666667,0.5243619791666667
24074,1,0.5,3,2,0.5335416666666667,0.5335416666666667
24074,2,1.0,0,1,0.7271875,0.7271875
24074,2,1.0,0,2,0.7177213541666667,0.7177213541666667
24074,2,1.0,0,3,0.9178515625,0.9178515625
24074,2,1.0,1,0,0.8359114583333334,0.8359114583333334
24074,2,1.0,1,2,0.6733072916666667,0.6733072916666667
24074,2,1.0,1,3,0.9550390625,0.9550390625
24074,2,1.0,2,0,0.8590364583333333,0.8590364583333333
24074,2,1.0,2,1,0.7001822916666667,0.7001822916666667
24074,2,1.0,2,3,0.8464973958333334,0.8464973958333334
24074,2,1.0,3,0,0.6375130208333334,0.6375130208333334
24074,2,1.0,3,1,0.5301953125,0.5301953125
24074,2,1.0,3,2,0.5303255208333333,0.5303255208333333
24075,0,0.0,0,1,0.576484375,0.576484375
24075,0,0.0,0,2,0.66515625,0.66515625
24075,0,0.0,0,3,0.53109375,0.53109375
24075,0,0.0,1,0,0.7609765625,0.7609765625
24075,0,0.0,1,2,0.7290364583333333,0.7290364583333333
24075,0,0.0,1,3,0.6555208333333333,0.6555208333333333
24075,0,0.0,2,0,0.7743619791666667,0.7743619791666667
24075,0,0.0,2,1,0.6330338541666667,0.6330338541666667
24075,0,0.0,2,3,0.5743619791666666,0.5743619791666666
24075,0,0.0,3,0,0.7542057291666666,0.7542057291666666
24075,0,0.0,3,1,0.7102864583333334,0.7102864583333334
24075,0,0.0,3,2,0.7403255208333334,0.7403255208333334
24075,1,0.5,0,1,0.6007421875,0.6007421875
24075,1,0.5,0,2,0.6825130208333333,0.6825130208333333
24075,1,0.5,0,3,0.5411328125,0.5411328125
24075,1,0.5,1,0,0.7745833333333333,0.7745833333333333
24075,1,0.5,1,2,0.7333203125,0.7333203125
24075,1,0.5,1,3,0.6625911458333333,0.6625911458333333
24075,1,0.5,2,0,0.7733984375,0.7733984375
24075,1,0.5,2,1,0.6193229166666666,0.6193229166666666
24075,1,0.5,2,3,0.5788411458333333,0.5788411458333333
24075,1,0.5,3,0,0.7651432291666667,0.7651432291666667
24075,1,0.5,3,1,0.7297395833333333,0.7297395833333333
24075,1,0.5,3,2,0.741953125,0.741953125
24075,2,1.0,0,1,0.6105338541666666,0.6105338541666666
24075,2,1.0,0,2,0.7194921875,0.7194921875
24075,2,1.0,0,3,0.55484375,0.55484375
24075,2,1.0,1,0,0.7770442708333334,0.7770442708333334
24075,2,1.0,1,2,0.7521614583333334,0.7521614583333334
24075,2,1.0,1,3,0.6712239583333334,0.6712239583333334
24075,2,1.0,2,0,0.8114453125,0.8114453125
24075,2,1.0,2,1,0.6428776041666666,0.6428776041666666
24075,2,1.0,2,3,0.5870182291666667,0.5870182291666667
24075,2,1.0,3,0,0.7674088541666667,0.7674088541666667
24075,2,1.0,3,1,0.7385026041666667,0.7385026041666667
24075,2,1.0,3,2,0.7446875,0.7446875
24076,0,0.0,0,1,0.8157421875,0.8157421875
24076,0,0.0,0,2,0.8684635416666666,0.8684635416666666
24076,0,0.0,0,3,0.7045182291666666,0.7045182291666666
24076,0,0.0,1,0,0.7721875,0.7721875
24076,0,0.0,1,2,0.6736067708333333,0.6736067708333333
24076,0,0.0,1,3,0.6640234375,0.6640234375
24076,0,0.0,2,0,0.7632421875,0.7632421875
24076,0,0.0,2,1,0.6347395833333334,0.6347395833333334
24076,0,0.0,2,3,0.5908072916666667,0.5908072916666667
24076,0,0.0,3,0,0.7611067708333333,0.7611067708333333
24076,0,0.0,3,1,0.7522526041666666,0.7522526041666666
24076,0,0.0,3,2,0.6874739583333334,0.6874739583333334
24076,1,0.5,0,1,0.8888802083333334,0.8888802083333334
24076,1,0.5,0,2,0.9233463541666667,0.9233463541666667
24076,1,0.5,0,3,0.7319010416666667,0.7319010416666667
24076,1,0.5,1,0,0.801015625,0.801015625
24076,1,0.5,1,2,0.75859375,0.75859375
24076,1,0.5,1,3,0.7104427083333333,0.7104427083333333
24076,1,0.5,2,0,0.7784765625,0.7784765625
24076,1,0.5,2,1,0.7134505208333334,0.7134505208333334
24076,1,0.5,2,3,0.6403255208333334,0.6403255208333334
24076,1,0.5,3,0,0.8318229166666666,0.8318229166666666
24076,1,0.5,3,1,0.8822265625,0.8822265625
24076,1,0.5,3,2,0.8289713541666667,0.8289713541666667
24076,2,1.0,0,1,0.9041927083333333,0.9041927083333333
24076,2,1.0,0,2,0.9609505208333333,0.9609505208333333
24076,2,1.0,0,3,0.7616015625,0.7616015625
24076,2,1.0,1,0,0.7915104166666667,0.7915104166666667
24076,2,1.0,1,2,0.8360416666666667,0.8360416666666667
24076,2,1.0,1,3,0.711796875,0.711796875
24076,2,1.0,2,0,0.7843619791666666,0.7843619791666666
24076,2,1.0,2,1,0.7888151041666667,0.7888151041666667
24076,2,1.0,2,3,0.6429817708333333,0.6429817708333333
24076,2,1.0,3,0,0.8962369791666667,0.8962369791666667
24076,2,1.0,3,1,0.9524609375,0.9524609375
24076,2,1.0,3,2,0.9140104166666667,0.9140104166666667
24077,0,0.0,0,1,0.8036588541666667,0.8036588541666667
24077,0,0.0,0,2,0.7160546875,0.7160546875
24077,0,0.0,0,3,0.5707552083333334,0.5707552083333334
24077,0,0.0,1,0,0.7394921875,0.7394921875
24077,0,0.0,1,2,0.6545052083333334,0.6545052083333334
24077,0,0.0,1,3,0.5102994791666666,0.5102994791666666
24077,0,0.0,2,0,0.7845442708333333,0.7845442708333333
24077,0,0.0,2,1,0.7618098958333334,0.7618098958333334
24077,0,0.0,2,3,0.6830208333333333,0.6830208333333333
24077,0,0.0,3,0,0.7686979166666666,0.7686979166666666
24077,0,0.0,3,1,0.737890625,0.737890625
24077,0,0.0,3,2,0.8101953125,0.8101953125
24077,1,0.5,0,1,0.8183203125,0.8183203125
24077,1,0.5,0,2,0.7103385416666667,0.7103385416666667
24077,1,0.5,0,3,0.5683854166666666,0.5683854166666666
24077,1,0.5,1,0,0.747578125,0.747578125
24077,1,0.5,1,2,0.6497135416666666,0.6497135416666666
24077,1,0.5,1,3,0.504609375,0.504609375
24077,1,0.5,2,0,0.7819791666666667,0.7819791666666667
24077,1,0.5,2,1,0.7658072916666666,0.7658072916666666
24077,1,0.5,2,3,0.6817708333333333,0.6817708333333333
24077,1,0.5,3,0,0.7684765625,0.7684765625
24077,1,0.5,3,1,0.7383723958333334,0.7383723958333334
24077,1,0.5,3,2,0.8100260416666667,0.8100260416666667
24077,2,1.0,0,1,0.8180208333333333,0.8180208333333333
24077,2,1.0,0,2,0.7065104166666667,0.7065104166666667
24077,2,1.0,0,3,0.566015625,0.566015625
24077,2,1.0,1,0,0.7421223958333333,0.7421223958333333
24077,2,1.0,1,2,0.6319921875,0.6319921875
24077,2,1.0,1,3,0.498828125,0.498828125
24077,2,1.0,2,0,0.7818229166666667,0.7818229166666667
24077,2,1.0,2,1,0.7566145833333333,0.7566145833333333
24077,2,1.0,2,3,0.6794921875,0.6794921875
24077,2,1.0,3,0,0.7694661458333333,0.7694661458333333
24077,2,1.0,3,1,0.7374869791666666,0.7374869791666666
24077,2,1.0,3,2,0.808359375,0.808359375
24078,0,0.0,0,1,0.7828776041666666,0.7828776041666666
24078,0,0.0,0,2,0.8088151041666667,0.8088151041666667
24078,0,0.0,0,3,0.8878776041666666,0.8878776041666666
24078,0,0.0,1,0,0.8257552083333334,0.8257552083333334
24078,0,0.0,1,2,0.8384375,0.8384375
24078,0,0.0,1,3,0.7956119791666667,0.7956119791666667
24078,0,0.0,2,0,0.7683463541666666,0.7683463541666666
24078,0,0.0,2,1,0.7647916666666666,0.7647916666666666
24078,0,0.0,2,3,0.8208723958333334,0.8208723958333334
24078,0,0.0,3,0,0.75484375,0.75484375
24078,0,0.0,3,1,0.648515625,0.648515625
24078,0,0.0,3,2,0.7186588541666666,0.7186588541666666
24078,1,0.5,0,1,0.7948958333333334,0.7948958333333334
24078,1,0.5,0,2,0.8100911458333333,0.8100911458333333
24078,1,0.5,0,3,0.889375,0.889375
24078,1,0.5,1,0,0.8258854166666667,0.8258854166666667
24078,1,0.5,1,2,0.8450260416666666,0.8450260416666666
24078,1,0.5,1,3,0.7999088541666667,0.7999088541666667
24078,1,0.5,2,0,0.7576302083333334,0.7576302083333334
24078,1,0.5,2,1,0.7706901041666666,0.7706901041666666
24078,1,0.5,2,3,0.8238151041666667,0.8238151041666667
24078,1,0.5,3,0,0.7589322916666666,0.7589322916666666
24078,1,0.5,3,1,0.6624479166666667,0.6624479166666667
24078,1,0.5,3,2,0.7339973958333333,0.7339973958333333
24078,2,1.0,0,1,0.8041276041666666,0.8041276041666666
24078,2,1.0,0,2,0.8132291666666667,0.8132291666666667
24078,2,1.0,0,3,0.8910807291666667,0.8910807291666667
24078,2,1.0,1,0,0.8242708333333333,0.8242708333333333
24078,2,1.0,1,2,0.85015625,0.85015625
24078,2,1.0,1,3,0.8001171875,0.8001171875
24078,2,1.0,2,0,0.7488411458333334,0.7488411458333334
24078,2,1.0,2,1,0.7708072916666666,0.7708072916666666
24078,2,1.0,2,3,0.8272135416666667,0.8272135416666667
24078,2,1.0,3,0,0.7645572916666666,0.7645572916666666
24078,2,1.0,3,1,0.6728255208333334,0.6728255208333334
24078,2,1.0,3,2,0.7486328125,0.7486328125
24079,0,0.0,0,1,0.7661588541666666,0.7661588541666666
24079,0,0.0,0,2,0.8709244791666667,0.8709244791666667
24079,0,0.0,0,3,0.7537890625,0.7537890625
24079,0,0.0,1,0,0.8641015625,0.8641015625
24079,0,0.0,1,2,0.9000130208333333,0.9000130208333333
24079,0,0.0,1,3,0.6555729166666666,0.6555729166666666
24079,0,0.0,2,0,0.9171354166666666,0.9171354166666666
24079,0,0.0,2,1,0.836328125,0.836328125
24079,0,0.0,2,3,0.6873697916666667,0.6873697916666667
24079,0,0.0,3,0,0.8584114583333333,0.8584114583333333
24079,0,0.0,3,1,0.6655989583333334,0.6655989583333334
24079,0,0.0,3,2,0.7430078125,0.7430078125
24079,1,0.5,0,1,0.7916536458333333,0.7916536458333333
24079,1,0.5,0,2,0.8664713541666667,0.8664713541666667
24079,1,0.5,0,3,0.8077864583333333,0.8077864583333333
24079,1,0.5,1,0,0.8897526041666667,0.8897526041666667
24079,1,0.5,1,2,0.9099479166666666,0.9099479166666666
24079,1,0.5,1,3,0.7316666666666667,0.7316666666666667
24079,1,0.5,2,0,0.9200260416666667,0.9200260416666667
24079,1,0.5,2,1,0.8578515625,0.8578515625
24079,1,0.5,2,3,0.7530598958333333,0.7530598958333333
24079,1,0.5,3,0,0.8934114583333334,0.8934114583333334
24079,1,0.5,3,1,0.7253255208333333,0.7253255208333333
24079,1,0.5,3,2,0.7833723958333333,0.7833723958333333
24079,2,1.0,0,1,0.816171875,0.816171875
24079,2,1.0,0,2,0.8633723958333334,0.8633723958333334
24079,2,1.0,0,3,0.8613671875,0.8613671875
24079,2,1.0,1,0,0.8981640625,0.8981640625
24079,2,1.0,1,2,0.9204427083333333,0.9204427083333333
24079,2,1.0,1,3,0.7987760416666667,0.7987760416666667
24079,2,1.0,2,0,0.9264973958333333,0.9264973958333333
24079,2,1.0,2,1,0.893828125,0.893828125
24079,2,1.0,2,3,0.8205338541666667,0.8205338541666667
24079,2,1.0,3,0,0.9256901041666666,0.9256901041666666
24079,2,1.0,3,1,0.781796875,0.781796875
24079,2,1.0,3,2,0.8227864583333333,0.8227864583333333
24080,0,0.0,0,1,0.6330729166666667,0.6330729166666667
24080,0,0.0,0,2,0.8300520833333334,0.8300520833333334
24080,0,0.0,0,3,0.7797135416666666,0.7797135416666666
24080,0,0.0,1,0,0.8059895833333334,0.8059895833333334
24080,0,0.0,1,2,0.7602213541666667,0.7602213541666667
24080,0,0.0,1,3,0.8414583333333333,0.8414583333333333
24080,0,0.0,2,0,0.6552083333333333,0.6552083333333333
24080,0,0.0,2,1,0.5149869791666667,0.5149869791666667
24080,0,0.0,2,3,0.61640625,0.61640625
24080,0,0.0,3,0,0.8483072916666666,0.8483072916666666
24080,0,0.0,3,1,0.7088151041666667,0.7088151041666667
24080,0,0.0,3,2,0.8093880208333334,0.8093880208333334
24080,1,0.5,0,1,0.6505598958333333,0.6505598958333333
24080,1,0.5,0,2,0.8342057291666667,0.8342057291666667
24080,1,0.5,0,3,0.784765625,0.784765625
24080,1,0.5,1,0,0.8189583333333333,0.8189583333333333
24080,1,0.5,1,2,0.772109375,0.772109375
24080,1,0.5,1,3,0.8591796875,0.8591796875
24080,1,0.5,2,0,0.6666927083333334,0.6666927083333334
24080,1,0.5,2,1,0.5325520833333334,0.5325520833333334
24080,1,0.5,2,3,0.6183984375,0.6183984375
24080,1,0.5,3,0,0.85578125,0.85578125
24080,1,0.5,3,1,0.7388671875,0.7388671875
24080,1,0.5,3,2,0.8072916666666666,0.8072916666666666
24080,2,1.0,0,1,0.6575651041666667,0.6575651041666667
24080,2,1.0,0,2,0.8246484375,0.8246484375
24080,2,1.0,0,3,0.7697265625,0.7697265625
24080,2,1.0,1,0,0.8123046875,0.8123046875
24080,2,1.0,1,2,0.755078125,0.755078125
24080,2,1.0,1,3,0.8468489583333333,0.8468489583333333
24080,2,1.0,2,0,0.6678515625,0.6678515625
24080,2,1.0,2,1,0.5379947916666666,0.5379947916666666
24080,2,1.0,2,3,0.6098307291666667,0.6098307291666667
24080,2,1.0,3,0,0.8461588541666667,0.8461588541666667
24080,2,1.0,3,1,0.7480208333333334,0.7480208333333334
24080,2,1.0,3,2,0.7907682291666667,0.7907682291666667
24081,0,0.0,0,1,0.8348046875,0.8348046875
24081,0,0.0,0,2,0.9277604166666666,0.9277604166666666
24081,0,0.0,0,3,0.7019921875,0.7019921875
24081,0,0.0,1,0,0.8737760416666667,0.8737760416666667
24081,0,0.0,1,2,0.9498567708333333,0.9498567708333333
24081,0,0.0,1,3,0.7356770833333334,0.7356770833333334
24081,0,0.0,2,0,0.7936979166666667,0.7936979166666667
24081,0,0.0,2,1,0.7761067708333333,0.7761067708333333
24081,0,0.0,2,3,0.6532552083333333,0.6532552083333333
24081,0,0.0,3,0,0.7663411458333333,0.7663411458333333
24081,0,0.0,3,1,0.7674869791666666,0.7674869791666666
24081,0,0.0,3,2,0.839609375,0.839609375
24081,1,0.5,0,1,0.8080598958333334,0.8080598958333334
24081,1,0.5,0,2,0.9362369791666667,0.9362369791666667
24081,1,0.5,0,3,0.7464322916666667,0.7464322916666667
24081,1,0.5,1,0,0.8677213541666666,0.8677213541666666
24081,1,0.5,1,2,0.9343880208333334,0.9343880208333334
24081,1,0.5,1,3,0.7680729166666667,0.7680729166666667
24081,1,0.5,2,0,0.8277864583333333,0.8277864583333333
24081,1,0.5,2,1,0.7689583333333333,0.7689583333333333
24081,1,0.5,2,3,0.7094401041666667,0.7094401041666667
24081,1,0.5,3,0,0.7651171875,0.7651171875
24081,1,0.5,3,1,0.7311328125,0.7311328125
24081,1,0.5,3,2,0.826640625,0.826640625
24081,2,1.0,0,1,0.7215755208333333,0.7215755208333333
24081,2,1.0,0,2,0.9350390625,0.9350390625
24081,2,1.0,0,3,0.8351171875,0.8351171875
24081,2,1.0,1,0,0.8355989583333333,0.8355989583333333
24081,2,1.0,1,2,0.9058333333333334,0.9058333333333334
24081,2,1.0,1,3,0.83765625,0.83765625
24081,2,1.0,2,0,0.8496484375,0.8496484375
24081,2,1.0,2,1,0.7101432291666666,0.7101432291666666
24081,2,1.0,2,3,0.8213151041666666,0.8213151041666666
24081,2,1.0,3,0,0.7821354166666666,0.7821354166666666
24081,2,1.0,3,1,0.6792057291666667,0.6792057291666667
24081,2,1.0,3,2,0.8500130208333333,0.8500130208333333
24082,0,0.0,0,1,0.7513411458333333,0.7513411458333333
24082,0,0.0,0,2,0.698359375,0.698359375
24082,0,0.0,0,3,0.8225911458333334,0.8225911458333334
24082,0,0.0,1,0,0.9519401041666666,0.9519401041666666
24082,0,0.0,1,2,0.8556380208333333,0.8556380208333333
24082,0,0.0,1,3,0.8431770833333333,0.8431770833333333
24082,0,0.0,2,0,0.9496484375,0.9496484375
24082,0,0.0,2,1,0.9117057291666667,0.9117057291666667
24082,0,0.0,2,3,0.9103515625,0.9103515625
24082,0,0.0,3,0,0.8865755208333334,0.8865755208333334
24082,0,0.0,3,1,0.7316276041666666,0.7316276041666666
24082,0,0.0,3,2,0.7279166666666667,0.7279166666666667
24082,1,0.5,0,1,0.7682942708333333,0.7682942708333333
24082,1,0.5,0,2,0.7474739583333333,0.7474739583333333
24082,1,0.5,0,3,0.8141666666666667,0.8141666666666667
24082,1,0.5,1,0,0.9511067708333333,0.9511067708333333
24082,1,0.5,1,2,0.8814453125,0.8814453125
24082,1,0.5,1,3,0.8901302083333333,0.8901302083333333
24082,1,0.5,2,0,0.9641276041666667,0.9641276041666667
24082,1,0.5,2,1,0.9094661458333333,0.9094661458333333
24082,1,0.5,2,3,0.9509505208333333,0.9509505208333333
24082,1,0.5,3,0,0.8854427083333334,0.8854427083333334
24082,1,0.5,3,1,0.7698567708333334,0.7698567708333334
24082,1,0.5,3,2,0.796640625,0.796640625
24082,2,1.0,0,1,0.7706770833333333,0.7706770833333333
24082,2,1.0,0,2,0.7378776041666667,0.7378776041666667
24082,2,1.0,0,3,0.8184114583333333,0.8184114583333333
24082,2,1.0,1,0,0.8938671875,0.8938671875
24082,2,1.0,1,2,0.8395833333333333,0.8395833333333333
24082,2,1.0,1,3,0.8609505208333333,0.8609505208333333
24082,2,1.0,2,0,0.9036197916666666,0.9036197916666666
24082,2,1.0,2,1,0.8814973958333333,0.8814973958333333
24082,2,1.0,2,3,0.8885807291666666,0.8885807291666666
24082,2,1.0,3,0,0.7897135416666666,0.7897135416666666
24082,2,1.0,3,1,0.7075911458333334,0.7075911458333334
24082,2,1.0,3,2,0.6963151041666666,0.6963151041666666
24083,0,0.0,0,1,0.7319921875,0.7319921875
24083,0,0.0,0,2,0.6854296875,0.6854296875
24083,0,0.0,0,3,0.6879947916666667,0.6879947916666667
24083,0,0.0,1,0,0.6618880208333333,0.6618880208333333
24083,0,0.0,1,2,0.5914973958333334,0.5914973958333334
24083,0,0.0,1,3,0.6222135416666666,0.6222135416666666
24083,0,0.0,2,0,0.7055078125,0.7055078125
24083,0,0.0,2,1,0.6713932291666667,0.6713932291666667
24083,0,0.0,2,3,0.6914322916666666,0.6914322916666666
24083,0,0.0,3,0,0.7215364583333334,0.7215364583333334
24083,0,0.0,3,1,0.7170052083333334,0.7170052083333334
24083,0,0.0,3,2,0.7025651041666666,0.7025651041666666
24083,1,0.5,0,1,0.764140625,0.764140625
24083,1,0.5,0,2,0.6979427083333334,0.6979427083333334
24083,1,0.5,0,3,0.6735286458333334,0.6735286458333334
24083,1,0.5,1,0,0.6910546875,0.6910546875
24083,1,0.5,1,2,0.6089453125,0.6089453125
24083,1,0.5,1,3,0.6175390625,0.6175390625
24083,1,0.5,2,0,0.7115885416666666,0.7115885416666666
24083,1,0.5,2,1,0.6841666666666667,0.6841666666666667
24083,1,0.5,2,3,0.69734375,0.69734375
24083,1,0.5,3,0,0.6897395833333333,0.6897395833333333
24083,1,0.5,3,1,0.693046875,0.693046875
24083,1,0.5,3,2,0.6990494791666667,0.6990494791666667
24083,2,1.0,0,1,0.7790755208333333,0.7790755208333333
24083,2,1.0,0,2,0.6946744791666667,0.6946744791666667
24083,2,1.0,0,3,0.6917578125,0.6917578125
24083,2,1.0,1,0,0.7098828125,0.7098828125
24083,2,1.0,1,2,0.6234635416666666,0.6234635416666666
24083,2,1.0,1,3,0.6338541666666667,0.6338541666666667
24083,2,1.0,2,0,0.7009244791666667,0.7009244791666667
24083,2,1.0,2,1,0.6908463541666666,0.6908463541666666
24083,2,1.0,2,3,0.7489453125,0.7489453125
24083,2,1.0,3,0,0.6869010416666667,0.6869010416666667
24083,2,1.0,3,1,0.6859114583333333,0.6859114583333333
24083,2,1.0,3,2,0.7383333333333333,0.7383333333333333
24084,0,0.0,0,1,0.9216666666666666,0.9216666666666666
24084,0,0.0,0,2,0.6811067708333334,0.6811067708333334
24084,0,0.0,0,3,0.8891666666666667,0.8891666666666667
24084,0,0.0,1,0,0.6747916666666667,0.6747916666666667
24084,0,0.0,1,2,0.5754166666666667,0.5754166666666667
24084,0,0.0,1,3,0.6780598958333334,0.6780598958333334
24084,0,0.0,2,0,0.7779817708333333,0.7779817708333333
24084,0,0.0,2,1,0.8468359375,0.8468359375
24084,0,0.0,2,3,0.8320052083333334,0.8320052083333334
24084,0,0.0,3,0,0.8770572916666667,0.8770572916666667
24084,0,0.0,3,1,0.9106119791666667,0.9106119791666667
24084,0,0.0,3,2,0.7126041666666667,0.7126041666666667
24084,1,0.5,0,1,0.9102083333333333,0.9102083333333333
24084,1,0.5,0,2,0.7015104166666667,0.7015104166666667
24084,1,0.5,0,3,0.8824869791666666,0.8824869791666666
24084,1,0.5,1,0,0.668359375,0.668359375
24084,1,0.5,1,2,0.5807291666666666,0.5807291666666666
24084,1,0.5,1,3,0.6794270833333333,0.6794270833333333
24084,1,0.5,2,0,0.7981380208333333,0.7981380208333333
24084,1,0.5,2,1,0.8585807291666666,0.8585807291666666
24084,1,0.5,2,3,0.8446484375,0.8446484375
24084,1,0.5,3,0,0.87078125,0.87078125
24084,1,0.5,3,1,0.9114322916666666,0.9114322916666666
24084,1,0.5,3,2,0.7253125,0.7253125
24084,2,1.0,0,1,0.8994010416666667,0.8994010416666667
24084,2,1.0,0,2,0.7146875,0.7146875
24084,2,1.0,0,3,0.8799609375,0.8799609375
24084,2,1.0,1,0,0.6537890625,0.6537890625
24084,2,1.0,1,2,0.5833463541666667,0.5833463541666667
24084,2,1.0,1,3,0.6805989583333333,0.6805989583333333
24084,2,1.0,2,0,0.8109635416666666,0.8109635416666666
24084,2,1.0,2,1,0.8687760416666667,0.8687760416666667
24084,2,1.0,2,3,0.8488151041666666,0.8488151041666666
24084,2,1.0,3,0,0.8581510416666667,0.8581510416666667
24084,2,1.0,3,1,0.9191276041666666,0.9191276041666666
24084,2,1.0,3,2,0.729453125,0.729453125
24085,0,0.0,0,1,0.7121744791666667,0.7121744791666667
24085,0,0.0,0,2,0.9141015625,0.9141015625
24085,0,0.0,0,3,0.8496744791666667,0.8496744791666667
24085,0,0.0,1,0,0.9558463541666666,0.9558463541666666
24085,0,0.0,1,2,0.9555989583333333,0.9555989583333333
24085,0,0.0,1,3,0.9286328125,0.9286328125
24085,0,0.0,2,0,0.8483203125,0.8483203125
24085,0,0.0,2,1,0.658359375,0.658359375
24085,0,0.0,2,3,0.7715494791666667,0.7715494791666667
24085,0,0.0,3,0,0.9118489583333333,0.9118489583333333
24085,0,0.0,3,1,0.7380598958333333,0.7380598958333333
24085,0,0.0,3,2,0.8903515625,0.8903515625
24085,1,0.5,0,1,0.7108203125,0.7108203125
24085,1,0.5,0,2,0.9280338541666666,0.9280338541666666
24085,1,0.5,0,3,0.8563411458333333,0.8563411458333333
24085,1,0.5,1,0,0.9533203125,0.9533203125
24085,1,0.5,1,2,0.9511458333333334,0.9511458333333334
24085,1,0.5,1,3,0.93609375,0.93609375
24085,1,0.5,2,0,0.860703125,0.860703125
24085,1,0.5,2,1,0.6550911458333334,0.6550911458333334
24085,1,0.5,2,3,0.7726692708333334,0.7726692708333334
24085,1,0.5,3,0,0.9169140625,0.9169140625
24085,1,0.5,3,1,0.7436067708333334,0.7436067708333334
24085,1,0.5,3,2,0.8925520833333334,0.8925520833333334
24085,2,1.0,0,1,0.7073828125,0.7073828125
24085,2,1.0,0,2,0.91,0.91
24085,2,1.0,0,3,0.8527864583333333,0.8527864583333333
24085,2,1.0,1,0,0.9491015625,0.9491015625
24085,2,1.0,1,2,0.9466927083333333,0.9466927083333333
24085,2,1.0,1,3,0.9390885416666667,0.9390885416666667
24085,2,1.0,2,0,0.8439322916666666,0.8439322916666666
24085,2,1.0,2,1,0.6516276041666667,0.6516276041666667
24085,2,1.0,2,3,0.7746875,0.7746875
24085,2,1.0,3,0,0.9140104166666667,0.9140104166666667
24085,2,1.0,3,1,0.7464322916666667,0.7464322916666667
24085,2,1.0,3,2,0.8934505208333333,0.8934505208333333
24086,0,0.0,0,1,0.8633072916666666,0.8633072916666666
24086,0,0.0,0,2,0.8701041666666667,0.8701041666666667
24086,0,0.0,0,3,0.8591927083333334,0.8591927083333334
24086,0,0.0,1,0,0.6827083333333334,0.6827083333333334
24086,0,0.0,1,2,0.7246875,0.7246875
24086,0,0.0,1,3,0.7935546875,0.7935546875
24086,0,0.0,2,0,0.8303385416666667,0.8303385416666667
24086,0,0.0,2,1,0.8698046875,0.8698046875
24086,0,0.0,2,3,0.8457942708333334,0.8457942708333334
24086,0,0.0,3,0,0.6604296875,0.6604296875
24086,0,0.0,3,1,0.7636067708333333,0.7636067708333333
24086,0,0.0,3,2,0.6805338541666667,0.6805338541666667
24086,1,0.5,0,1,0.862890625,0.862890625
24086,1,0.5,0,2,0.8785416666666667,0.8785416666666667
24086,1,0.5,0,3,0.8578776041666667,0.8578776041666667
24086,1,0.5,1,0,0.6831510416666666,0.6831510416666666
24086,1,0.5,1,2,0.7228645833333334,0.7228645833333334
24086,1,0.5,1,3,0.7972526041666667,0.7972526041666667
24086,1,0.5,2,0,0.8395182291666666,0.8395182291666666
24086,1,0.5,2,1,0.8669140625,0.8669140625
24086,1,0.5,2,3,0.8470442708333333,0.8470442708333333
24086,1,0.5,3,0,0.6589713541666666,0.6589713541666666
24086,1,0.5,3,1,0.7664453125,0.7664453125
24086,1,0.5,3,2,0.6824348958333334,0.6824348958333334
24086,2,1.0,0,1,0.8558333333333333,0.8558333333333333
24086,2,1.0,0,2,0.8574869791666667,0.8574869791666667
24086,2,1.0,0,3,0.8577083333333333,0.8577083333333333
24086,2,1.0,1,0,0.6786848958333334,0.6786848958333334
24086,2,1.0,1,2,0.7167708333333334,0.7167708333333334
24086,2,1.0,1,3,0.7993359375,0.7993359375
24086,2,1.0,2,0,0.819140625,0.819140625
24086,2,1.0,2,1,0.8577604166666667,0.8577604166666667
24086,2,1.0,2,3,0.847109375,0.847109375
24086,2,1.0,3,0,0.6590364583333334,0.6590364583333334
24086,2,1.0,3,1,0.7681380208333334,0.7681380208333334
24086,2,1.0,3,2,0.682421875,0.682421875
24087,0,0.0,0,1,0.9056640625,0.9056640625
24087,0,0.0,0,2,0.8573828125,0.8573828125
24087,0,0.0,0,3,0.9089713541666666,0.9089713541666666
24087,0,0.0,1,0,0.7648828125,0.7648828125
24087,0,0.0,1,2,0.8036848958333334,0.8036848958333334
24087,0,0.0,1,3,0.8751953125,0.8751953125
24087,0,0.0,2,0,0.7507421875,0.7507421875
24087,0,0.0,2,1,0.8336979166666667,0.8336979166666667
24087,0,0.0,2,3,0.8248567708333333,0.8248567708333333
24087,0,0.0,3,0,0.6807682291666667,0.6807682291666667
24087,0,0.0,3,1,0.7734895833333333,0.7734895833333333
24087,0,0.0,3,2,0.7029817708333334,0.7029817708333334
24087,1,0.5,0,1,0.9375911458333334,0.9375911458333334
24087,1,0.5,0,2,0.8745963541666667,0.8745963541666667
24087,1,0.5,0,3,0.9315104166666667,0.9315104166666667
24087,1,0.5,1,0,0.7873828125,0.7873828125
24087,1,0.5,1,2,0.8147265625,0.8147265625
24087,1,0.5,1,3,0.8657942708333334,0.8657942708333334
24087,1,0.5,2,0,0.7912109375,0.7912109375
24087,1,0.5,2,1,0.8736067708333334,0.8736067708333334
24087,1,0.5,2,3,0.8525,0.8525
24087,1,0.5,3,0,0.6888802083333333,0.6888802083333333
24087,1,0.5,3,1,0.7590234375,0.7590234375
24087,1,0.5,3,2,0.695078125,0.695078125
24087,2,1.0,0,1,0.9230208333333333,0.9230208333333333
24087,2,1.0,0,2,0.805625,0.805625
24087,2,1.0,0,3,0.8579036458333333,0.8579036458333333
24087,2,1.0,1,0,0.7850260416666667,0.7850260416666667
24087,2,1.0,1,2,0.7277994791666667,0.7277994791666667
24087,2,1.0,1,3,0.7703645833333334,0.7703645833333334
24087,2,1.0,2,0,0.78609375,0.78609375
24087,2,1.0,2,1,0.8281901041666667,0.8281901041666667
24087,2,1.0,2,3,0.8535677083333333,0.8535677083333333
24087,2,1.0,3,0,0.6415885416666667,0.6415885416666667
24087,2,1.0,3,1,0.6713411458333334,0.6713411458333334
24087,2,1.0,3,2,0.6501432291666667,0.6501432291666667
24088,0,0.0,0,1,0.7765104166666666,0.7765104166666666
24088,0,0.0,0,2,0.9053255208333333,0.9053255208333333
24088,0,0.0,0,3,0.6891666666666667,0.6891666666666667
24088,0,0.0,1,0,0.8552473958333333,0.8552473958333333
24088,0,0.0,1,2,0.8657161458333333,0.8657161458333333
24088,0,0.0,1,3,0.78265625,0.78265625
24088,0,0.0,2,0,0.6396484375,0.6396484375
24088,0,0.0,2,1,0.5530598958333334,0.5530598958333334
24088,0,0.0,2,3,0.47490885416666667,0.47490885416666667
24088,0,0.0,3,0,0.8916666666666667,0.8916666666666667
24088,0,0.0,3,1,0.9229296875,0.9229296875
24088,0,0.0,3,2,0.8776432291666667,0.8776432291666667
24088,1,0.5,0,1,0.7837109375,0.7837109375
24088,1,0.5,0,2,0.8938802083333334,0.8938802083333334
24088,1,0.5,0,3,0.6888151041666667,0.6888151041666667
24088,1,0.5,1,0,0.8643880208333333,0.8643880208333333
24088,1,0.5,1,2,0.8623307291666666,0.8623307291666666
24088,1,0.5,1,3,0.7759765625,0.7759765625
24088,1,0.5,2,0,0.6338151041666666,0.6338151041666666
24088,1,0.5,2,1,0.55171875,0.55171875
24088,1,0.5,2,3,0.47186197916666667,0.47186197916666667
24088,1,0.5,3,0,0.8896223958333334,0.8896223958333334
24088,1,0.5,3,1,0.9124348958333334,0.9124348958333334
24088,1,0.5,3,2,0.8698567708333333,0.8698567708333333
24088,2,1.0,0,1,0.789296875,0.789296875
24088,2,1.0,0,2,0.8814453125,0.8814453125
24088,2,1.0,0,3,0.684453125,0.684453125
24088,2,1.0,1,0,0.8699479166666667,0.8699479166666667
24088,2,1.0,1,2,0.8622395833333333,0.8622395833333333
24088,2,1.0,1,3,0.7640234375,0.7640234375
24088,2,1.0,2,0,0.6272526041666666,0.6272526041666666
24088,2,1.0,2,1,0.5523828125,0.5523828125
24088,2,1.0,2,3,0.47130208333333334,0.47130208333333334
24088,2,1.0,3,0,0.8838932291666667,0.8838932291666667
24088,2,1.0,3,1,0.8987630208333334,0.8987630208333334
24088,2,1.0,3,2,0.8679036458333333,0.8679036458333333
24089,0,0.0,0,1,0.9633854166666667,0.9633854166666667
24089,0,0.0,0,2,0.7512239583333333,0.7512239583333333
24089,0,0.0,0,3,0.915546875,0.915546875
24089,0,0.0,1,0,0.8095703125,0.8095703125
24089,0,0.0,1,2,0.6848828125,0.6848828125
24089,0,0.0,1,3,0.8626041666666666,0.8626041666666666
24089,0,0.0,2,0,0.8376432291666667,0.8376432291666667
24089,0,0.0,2,1,0.8999869791666667,0.8999869791666667
24089,0,0.0,2,3,0.8010546875,0.8010546875
24089,0,0.0,3,0,0.7298958333333333,0.7298958333333333
24089,0,0.0,3,1,0.8134244791666667,0.8134244791666667
24089,0,0.0,3,2,0.5759505208333333,0.5759505208333333
24089,1,0.5,0,1,0.9653125,0.9653125
24089,1,0.5,0,2,0.7499479166666667,0.7499479166666667
24089,1,0.5,0,3,0.9061588541666666,0.9061588541666666
24089,1,0.5,1,0,0.8116666666666666,0.8116666666666666
24089,1,0.5,1,2,0.6840364583333334,0.6840364583333334
24089,1,0.5,1,3,0.8544270833333333,0.8544270833333333
24089,1,0.5,2,0,0.8330338541666666,0.8330338541666666
24089,1,0.5,2,1,0.8957421875,0.8957421875
24089,1,0.5,2,3,0.7983854166666666,0.7983854166666666
24089,1,0.5,3,0,0.7185677083333334,0.7185677083333334
24089,1,0.5,3,1,0.8027213541666667,0.8027213541666667
24089,1,0.5,3,2,0.5753515625,0.5753515625
24089,2,1.0,0,1,0.9665234375,0.9665234375
24089,2,1.0,0,2,0.7499088541666666,0.7499088541666666
24089,2,1.0,0,3,0.8983463541666666,0.8983463541666666
24089,2,1.0,1,0,0.8130729166666667,0.8130729166666667
24089,2,1.0,1,2,0.67890625,0.67890625
24089,2,1.0,1,3,0.8483463541666667,0.8483463541666667
24089,2,1.0,2,0,0.8299739583333333,0.8299739583333333
24089,2,1.0,2,1,0.8849609375,0.8849609375
24089,2,1.0,2,3,0.7933854166666666,0.7933854166666666
24089,2,1.0,3,0,0.7124609375,0.7124609375
24089,2,1.0,3,1,0.7952864583333333,0.7952864583333333
24089,2,1.0,3,2,0.5727734375,0.5727734375
24090,0,0.0,0,1,0.9082421875,0.9082421875
24090,0,0.0,0,2,0.6509375,0.6509375
24090,0,0.0,0,3,0.7051953125,0.7051953125
24090,0,0.0,1,0,0.6153255208333334,0.6153255208333334
24090,0,0.0,1,2,0.42484375,0.42484375
24090,0,0.0,1,3,0.47420572916666665,0.47420572916666665
24090,0,0.0,2,0,0.9309895833333334,0.9309895833333334
24090,0,0.0,2,1,0.8927473958333333,0.8927473958333333
24090,0,0.0,2,3,0.8855208333333333,0.8855208333333333
24090,0,0.0,3,0,0.9215494791666666,0.9215494791666666
24090,0,0.0,3,1,0.9080729166666667,0.9080729166666667
24090,0,0.0,3,2,0.8090625,0.8090625
24090,1,0.5,0,1,0.9069140625,0.9069140625
24090,1,0.5,0,2,0.6466927083333334,0.6466927083333334
24090,1,0.5,0,3,0.70125,0.70125
24090,1,0.5,1,0,0.6148958333333333,0.6148958333333333
24090,1,0.5,1,2,0.42170572916666665,0.42170572916666665
24090,1,0.5,1,3,0.46584635416666664,0.46584635416666664
24090,1,0.5,2,0,0.9216276041666667,0.9216276041666667
24090,1,0.5,2,1,0.8804557291666667,0.8804557291666667
24090,1,0.5,2,3,0.9004166666666666,0.9004166666666666
24090,1,0.5,3,0,0.91984375,0.91984375
24090,1,0.5,3,1,0.8942447916666667,0.8942447916666667
24090,1,0.5,3,2,0.8296223958333333,0.8296223958333333
24090,2,1.0,0,1,0.8889973958333334,0.8889973958333334
24090,2,1.0,0,2,0.6476302083333333,0.6476302083333333
24090,2,1.0,0,3,0.7045572916666667,0.7045572916666667
24090,2,1.0,1,0,0.6115364583333334,0.6115364583333334
24090,2,1.0,1,2,0.4271875,0.4271875
24090,2,1.0,1,3,0.4680989583333333,0.4680989583333333
24090,2,1.0,2,0,0.905234375,0.905234375
24090,2,1.0,2,1,0.8595182291666666,0.8595182291666666
24090,2,1.0,2,3,0.8866276041666666,0.8866276041666666
24090,2,1.0,3,0,0.9150390625,0.9150390625
24090,2,1.0,3,1,0.8776692708333333,0.8776692708333333
24090,2,1.0,3,2,0.8251953125,0.8251953125
24091,0,0.0,0,1,0.7296875,0.7296875
24091,0,0.0,0,2,0.628046875,0.628046875
24091,0,0.0,0,3,0.7545703125,0.7545703125
24091,0,0.0,1,0,0.9200520833333333,0.9200520833333333
24091,0,0.0,1,2,0.8298697916666666,0.8298697916666666
24091,0,0.0,1,3,0.8666276041666666,0.8666276041666666
24091,0,0.0,2,0,0.9111588541666666,0.9111588541666666
24091,0,0.0,2,1,0.902890625,0.902890625
24091,0,0.0,2,3,0.8496354166666666,0.8496354166666666
24091,0,0.0,3,0,0.7903645833333334,0.7903645833333334
24091,0,0.0,3,1,0.724375,0.724375
24091,0,0.0,3,2,0.6510026041666667,0.6510026041666667
24091,1,0.5,0,1,0.7312109375,0.7312109375
24091,1,0.5,0,2,0.6293359375,0.6293359375
24091,1,0.5,0,3,0.7527083333333333,0.7527083333333333
24091,1,0.5,1,0,0.9261848958333333,0.9261848958333333
24091,1,0.5,1,2,0.8366927083333333,0.8366927083333333
24091,1,0.5,1,3,0.8645182291666667,0.8645182291666667
24091,1,0.5,2,0,0.9133333333333333,0.9133333333333333
24091,1,0.5,2,1,0.9022265625,0.9022265625
24091,1,0.5,2,3,0.8449348958333334,0.8449348958333334
24091,1,0.5,3,0,0.7911588541666666,0.7911588541666666
24091,1,0.5,3,1,0.7221223958333334,0.7221223958333334
24091,1,0.5,3,2,0.6516145833333333,0.6516145833333333
24091,2,1.0,0,1,0.7202994791666667,0.7202994791666667
24091,2,1.0,0,2,0.6277604166666667,0.6277604166666667
24091,2,1.0,0,3,0.7506770833333334,0.7506770833333334
24091,2,1.0,1,0,0.9306640625,0.9306640625
24091,2,1.0,1,2,0.8378776041666667,0.8378776041666667
24091,2,1.0,1,3,0.8628385416666666,0.8628385416666666
24091,2,1.0,2,0,0.9141145833333333,0.9141145833333333
24091,2,1.0,2,1,0.8943489583333334,0.8943489583333334
24091,2,1.0,2,3,0.8366015625,0.8366015625
24091,2,1.0,3,0,0.7971484375,0.7971484375
24091,2,1.0,3,1,0.7173958333333333,0.7173958333333333
24091,2,1.0,3,2,0.650859375,0.650859375
24092,0,0.0,0,1,0.664296875,0.664296875
24092,0,0.0,0,2,0.6891796875,0.6891796875
24092,0,0.0,0,3,0.8551692708333334,0.8551692708333334
24092,0,0.0,1,0,0.8609114583333334,0.8609114583333334
24092,0,0.0,1,2,0.714296875,0.714296875
24092,0,0.0,1,3,0.810703125,0.810703125
24092,0,0.0,2,0,0.8205598958333333,0.8205598958333333
24092,0,0.0,2,1,0.6872135416666667,0.6872135416666667
24092,0,0.0,2,3,0.9364192708333333,0.9364192708333333
24092,0,0.0,3,0,0.779765625,0.779765625
24092,0,0.0,3,1,0.5961067708333333,0.5961067708333333
24092,0,0.0,3,2,0.6928385416666667,0.6928385416666667
24092,1,0.5,0,1,0.7115625,0.7115625
24092,1,0.5,0,2,0.7072916666666667,0.7072916666666667
24092,1,0.5,0,3,0.8849088541666666,0.8849088541666666
24092,1,0.5,1,0,0.7826302083333333,0.7826302083333333
24092,1,0.5,1,2,0.6594791666666666,0.6594791666666666
24092,1,0.5,1,3,0.766640625,0.766640625
24092,1,0.5,2,0,0.8033723958333333,0.8033723958333333
24092,1,0.5,2,1,0.6969401041666666,0.6969401041666666
24092,1,0.5,2,3,0.9343489583333333,0.9343489583333333
24092,1,0.5,3,0,0.7635026041666667,0.7635026041666667
24092,1,0.5,3,1,0.6144791666666667,0.6144791666666667
24092,1,0.5,3,2,0.6908203125,0.6908203125
24092,2,1.0,0,1,0.7201041666666667,0.7201041666666667
24092,2,1.0,0,2,0.70796875,0.70796875
24092,2,1.0,0,3,0.8628385416666666,0.8628385416666666
24092,2,1.0,1,0,0.7087369791666667,0.7087369791666667
24092,2,1.0,1,2,0.6010677083333333,0.6010677083333333
24092,2,1.0,1,3,0.6738932291666667,0.6738932291666667
24092,2,1.0,2,0,0.7484765625,0.7484765625
24092,2,1.0,2,1,0.6609375,0.6609375
24092,2,1.0,2,3,0.8957161458333334,0.8957161458333334
24092,2,1.0,3,0,0.7274348958333333,0.7274348958333333
24092,2,1.0,3,1,0.5876171875,0.5876171875
24092,2,1.0,3,2,0.7025651041666666,0.7025651041666666
24093,0,0.0,0,1,0.788203125,0.788203125
24093,0,0.0,0,2,0.8654817708333333,0.8654817708333333
24093,0,0.0,0,3,0.8397135416666667,0.8397135416666667
24093,0,0.0,1,0,0.826796875,0.826796875
24093,0,0.0,1,2,0.829375,0.829375
24093,0,0.0,1,3,0.8577864583333333,0.8577864583333333
24093,0,0.0,2,0,0.6129427083333333,0.6129427083333333
24093,0,0.0,2,1,0.5576041666666667,0.5576041666666667
24093,0,0.0,2,3,0.7204036458333334,0.7204036458333334
24093,0,0.0,3,0,0.7125260416666667,0.7125260416666667
24093,0,0.0,3,1,0.6919921875,0.6919921875
24093,0,0.0,3,2,0.850546875,0.850546875
24093,1,0.5,0,1,0.784375,0.784375
24093,1,0.5,0,2,0.8669661458333333,0.8669661458333333
24093,1,0.5,0,3,0.8421354166666667,0.8421354166666667
24093,1,0.5,1,0,0.824375,0.824375
24093,1,0.5,1,2,0.8336067708333333,0.8336067708333333
24093,1,0.5,1,3,0.85890625,0.85890625
24093,1,0.5,2,0,0.6130338541666667,0.6130338541666667
24093,1,0.5,2,1,0.5589192708333334,0.5589192708333334
24093,1,0.5,2,3,0.7183333333333334,0.7183333333333334
24093,1,0.5,3,0,0.7162760416666667,0.7162760416666667
24093,1,0.5,3,1,0.6944661458333333,0.6944661458333333
24093,1,0.5,3,2,0.8517838541666667,0.8517838541666667
24093,2,1.0,0,1,0.7775651041666667,0.7775651041666667
24093,2,1.0,0,2,0.8659505208333333,0.8659505208333333
24093,2,1.0,0,3,0.8446875,0.8446875
24093,2,1.0,1,0,0.8181380208333333,0.8181380208333333
24093,2,1.0,1,2,0.8368098958333333,0.8368098958333333
24093,2,1.0,1,3,0.8597135416666667,0.8597135416666667
24093,2,1.0,2,0,0.6099739583333333,0.6099739583333333
24093,2,1.0,2,1,0.558515625,0.558515625
24093,2,1.0,2,3,0.7153255208333333,0.7153255208333333
24093,2,1.0,3,0,0.71859375,0.71859375
24093,2,1.0,3,1,0.6951953125,0.6951953125
24093,2,1.0,3,2,0.8523697916666667,0.8523697916666667
24094,0,0.0,0,1,0.7713802083333333,0.7713802083333333
24094,0,0.0,0,2,0.5905078125,0.5905078125
24094,0,0.0,0,3,0.7544401041666666,0.7544401041666666
24094,0,0.0,1,0,0.7323958333333334,0.7323958333333334
24094,0,0.0,1,2,0.5647005208333333,0.5647005208333333
24094,0,0.0,1,3,0.74671875,0.74671875
24094,0,0.0,2,0,0.7600260416666667,0.7600260416666667
24094,0,0.0,2,1,0.7600130208333333,0.7600130208333333
24094,0,0.0,2,3,0.7184765625,0.7184765625
24094,0,0.0,3,0,0.6123697916666667,0.6123697916666667
24094,0,0.0,3,1,0.63828125,0.63828125
24094,0,0.0,3,2,0.4584375,0.4584375
24094,1,0.5,0,1,0.7722265625,0.7722265625
24094,1,0.5,0,2,0.58796875,0.58796875
24094,1,0.5,0,3,0.7532942708333333,0.7532942708333333
24094,1,0.5,1,0,0.7332421875,0.7332421875
24094,1,0.5,1,2,0.5600390625,0.5600390625
24094,1,0.5,1,3,0.74953125,0.74953125
24094,1,0.5,2,0,0.7578385416666666,0.7578385416666666
24094,1,0.5,2,1,0.7555208333333333,0.7555208333333333
24094,1,0.5,2,3,0.7149609375,0.7149609375
24094,1,0.5,3,0,0.6115885416666667,0.6115885416666667
24094,1,0.5,3,1,0.6402864583333333,0.6402864583333333
24094,1,0.5,3,2,0.4563802083333333,0.4563802083333333
24094,2,1.0,0,1,0.7649739583333334,0.7649739583333334
24094,2,1.0,0,2,0.5880208333333333,0.5880208333333333
24094,2,1.0,0,3,0.7508463541666667,0.7508463541666667
24094,2,1.0,1,0,0.7250260416666666,0.7250260416666666
24094,2,1.0,1,2,0.56109375,0.56109375
24094,2,1.0,1,3,0.7506380208333333,0.7506380208333333
24094,2,1.0,2,0,0.758125,0.758125
24094,2,1.0,2,1,0.7546744791666666,0.7546744791666666
24094,2,1.0,2,3,0.713125,0.713125
24094,2,1.0,3,0,0.6103385416666667,0.6103385416666667
24094,2,1.0,3,1,0.6417578125,0.6417578125
24094,2,1.0,3,2,0.4559375,0.4559375
24095,0,0.0,0,1,0.9619661458333333,0.9619661458333333
24095,0,0.0,0,2,0.7933723958333333,0.7933723958333333
24095,0,0.0,0,3,0.7671354166666666,0.7671354166666666
24095,0,0.0,1,0,0.7513671875,0.7513671875
24095,0,0.0,1,2,0.6873567708333334,0.6873567708333334
24095,0,0.0,1,3,0.6032421875,0.6032421875
24095,0,0.0,2,0,0.8892317708333334,0.8892317708333334
24095,0,0.0,2,1,0.9751432291666666,0.9751432291666666
24095,0,0.0,2,3,0.8275520833333333,0.8275520833333333
24095,0,0.0,3,0,0.9686848958333333,0.9686848958333333
24095,0,0.0,3,1,0.9741927083333334,0.9741927083333334
24095,0,0.0,3,2,0.9243880208333334,0.9243880208333334
24095,1,0.5,0,1,0.945625,0.945625
24095,1,0.5,0,2,0.7862630208333333,0.7862630208333333
24095,1,0.5,0,3,0.764609375,0.764609375
24095,1,0.5,1,0,0.7436588541666667,0.7436588541666667
24095,1,0.5,1,2,0.6723697916666667,0.6723697916666667
24095,1,0.5,1,3,0.588828125,0.588828125
24095,1,0.5,2,0,0.8837369791666667,0.8837369791666667
24095,1,0.5,2,1,0.9472005208333333,0.9472005208333333
24095,1,0.5,2,3,0.833359375,0.833359375
24095,1,0.5,3,0,0.9679947916666667,0.9679947916666667
24095,1,0.5,3,1,0.9479036458333333,0.9479036458333333
24095,1,0.5,3,2,0.9334375,0.9334375
24095,2,1.0,0,1,0.9349739583333333,0.9349739583333333
24095,2,1.0,0,2,0.7800390625,0.7800390625
24095,2,1.0,0,3,0.753359375,0.753359375
24095,2,1.0,1,0,0.7379557291666666,0.7379557291666666
24095,2,1.0,1,2,0.6625520833333334,0.6625520833333334
24095,2,1.0,1,3,0.578828125,0.578828125
24095,2,1.0,2,0,0.8733854166666667,0.8733854166666667
24095,2,1.0,2,1,0.9272005208333334,0.9272005208333334
24095,2,1.0,2,3,0.8134895833333333,0.8134895833333333
24095,2,1.0,3,0,0.9569270833333333,0.9569270833333333
24095,2,1.0,3,1,0.9291666666666667,0.9291666666666667
24095,2,1.0,3,2,0.9181510416666666,0.9181510416666666
24096,0,0.0,0,1,0.7400520833333334,0.7400520833333334
24096,0,0.0,0,2,0.8225651041666666,0.8225651041666666
24096,0,0.0,0,3,0.7166015625,0.7166015625
24096,0,0.0,1,0,0.9177604166666666,0.9177604166666666
24096,0,0.0,1,2,0.8958984375,0.8958984375
24096,0,0.0,1,3,0.7872005208333334,0.7872005208333334
24096,0,0.0,2,0,0.9299348958333333,0.9299348958333333
24096,0,0.0,2,1,0.8079557291666667,0.8079557291666667
24096,0,0.0,2,3,0.7973958333333333,0.7973958333333333
24096,0,0.0,3,0,0.9451302083333334,0.9451302083333334
24096,0,0.0,3,1,0.8298697916666666,0.8298697916666666
24096,0,0.0,3,2,0.9309635416666666,0.9309635416666666
24096,1,0.5,0,1,0.7136067708333333,0.7136067708333333
24096,1,0.5,0,2,0.8210286458333333,0.8210286458333333
24096,1,0.5,0,3,0.7064973958333334,0.7064973958333334
24096,1,0.5,1,0,0.9177604166666666,0.9177604166666666
24096,1,0.5,1,2,0.8991796875,0.8991796875
24096,1,0.5,1,3,0.7929427083333334,0.7929427083333334
24096,1,0.5,2,0,0.9242838541666667,0.9242838541666667
24096,1,0.5,2,1,0.7809114583333333,0.7809114583333333
24096,1,0.5,2,3,0.7843359375,0.7843359375
24096,1,0.5,3,0,0.9504427083333333,0.9504427083333333
24096,1,0.5,3,1,0.8096223958333333,0.8096223958333333
24096,1,0.5,3,2,0.9299088541666667,0.9299088541666667
24096,2,1.0,0,1,0.6433854166666667,0.6433854166666667
24096,2,1.0,0,2,0.757109375,0.757109375
24096,2,1.0,0,3,0.6715625,0.6715625
24096,2,1.0,1,0,0.8316015625,0.8316015625
24096,2,1.0,1,2,0.8570182291666667,0.8570182291666667
24096,2,1.0,1,3,0.7844921875,0.7844921875
24096,2,1.0,2,0,0.8632291666666667,0.8632291666666667
24096,2,1.0,2,1,0.7503255208333334,0.7503255208333334
24096,2,1.0,2,3,0.761796875,0.761796875
24096,2,1.0,3,0,0.8735807291666666,0.8735807291666666
24096,2,1.0,3,1,0.7649739583333334,0.7649739583333334
24096,2,1.0,3,2,0.8586328125,0.8586328125
24097,0,0.0,0,1,0.7622786458333334,0.7622786458333334
24097,0,0.0,0,2,0.6620703125,0.6620703125
24097,0,0.0,0,3,0.7798567708333334,0.7798567708333334
24097,0,0.0,1,0,0.5770182291666667,0.5770182291666667
24097,0,0.0,1,2,0.46848958333333335,0.46848958333333335
24097,0,0.0,1,3,0.7128776041666667,0.7128776041666667
24097,0,0.0,2,0,0.8175651041666666,0.8175651041666666
24097,0,0.0,2,1,0.776953125,0.776953125
24097,0,0.0,2,3,0.7936848958333333,0.7936848958333333
24097,0,0.0,3,0,0.6185546875,0.6185546875
24097,0,0.0,3,1,0.7386848958333333,0.7386848958333333
24097,0,0.0,3,2,0.507109375,0.507109375
24097,1,0.5,0,1,0.833125,0.833125
24097,1,0.5,0,2,0.7076822916666666,0.7076822916666666
24097,1,0.5,0,3,0.8361979166666667,0.8361979166666667
24097,1,0.5,1,0,0.62546875,0.62546875
24097,1,0.5,1,2,0.4991796875,0.4991796875
24097,1,0.5,1,3,0.7286458333333333,0.7286458333333333
24097,1,0.5,2,0,0.8805989583333333,0.8805989583333333
24097,1,0.5,2,1,0.8354166666666667,0.8354166666666667
24097,1,0.5,2,3,0.8467708333333334,0.8467708333333334
24097,1,0.5,3,0,0.6558984375,0.6558984375
24097,1,0.5,3,1,0.749765625,0.749765625
24097,1,0.5,3,2,0.530625,0.530625
24097,2,1.0,0,1,0.8871614583333334,0.8871614583333334
24097,2,1.0,0,2,0.727109375,0.727109375
24097,2,1.0,0,3,0.8756770833333334,0.8756770833333334
24097,2,1.0,1,0,0.666875,0.666875
24097,2,1.0,1,2,0.5282161458333333,0.5282161458333333
24097,2,1.0,1,3,0.7658072916666666,0.7658072916666666
24097,2,1.0,2,0,0.9134635416666667,0.9134635416666667
24097,2,1.0,2,1,0.8872526041666666,0.8872526041666666
24097,2,1.0,2,3,0.886875,0.886875
24097,2,1.0,3,0,0.6815494791666666,0.6815494791666666
24097,2,1.0,3,1,0.7797135416666666,0.7797135416666666
24097,2,1.0,3,2,0.5424088541666666,0.5424088541666666
24098,0,0.0,0,1,0.7706380208333333,0.7706380208333333
24098,0,0.0,0,2,0.7521223958333333,0.7521223958333333
24098,0,0.0,0,3,0.6166015625,0.6166015625
24098,0,0.0,1,0,0.5350520833333333,0.5350520833333333
24098,0,0.0,1,2,0.6279166666666667,0.6279166666666667
24098,0,0.0,1,3,0.41821614583333333,0.41821614583333333
24098,0,0.0,2,0,0.6330078125,0.6330078125
24098,0,0.0,2,1,0.7606380208333333,0.7606380208333333
24098,0,0.0,2,3,0.5483203125,0.5483203125
24098,0,0.0,3,0,0.7173307291666666,0.7173307291666666
24098,0,0.0,3,1,0.7012109375,0.7012109375
24098,0,0.0,3,2,0.7571875,0.7571875
24098,1,0.5,0,1,0.774375,0.774375
24098,1,0.5,0,2,0.7533984375,0.7533984375
24098,1,0.5,0,3,0.6069661458333333,0.6069661458333333
24098,1,0.5,1,0,0.537265625,0.537265625
24098,1,0.5,1,2,0.6245833333333334,0.6245833333333334
24098,1,0.5,1,3,0.4181640625,0.4181640625
24098,1,0.5,2,0,0.633125,0.633125
24098,1,0.5,2,1,0.7557682291666666,0.7557682291666666
24098,1,0.5,2,3,0.5491927083333333,0.5491927083333333
24098,1,0.5,3,0,0.7042708333333333,0.7042708333333333
24098,1,0.5,3,1,0.6990104166666666,0.6990104166666666
24098,1,0.5,3,2,0.7565104166666666,0.7565104166666666
24098,2,1.0,0,1,0.7801041666666667,0.7801041666666667
24098,2,1.0,0,2,0.7561067708333333,0.7561067708333333
24098,2,1.0,0,3,0.6013802083333334,0.6013802083333334
24098,2,1.0,1,0,0.5403255208333333,0.5403255208333333
24098,2,1.0,1,2,0.6282942708333333,0.6282942708333333
24098,2,1.0,1,3,0.418125,0.418125
24098,2,1.0,2,0,0.6337369791666667,0.6337369791666667
24098,2,1.0,2,1,0.7605729166666667,0.7605729166666667
24098,2,1.0,2,3,0.5470442708333333,0.5470442708333333
24098,2,1.0,3,0,0.69859375,0.69859375
24098,2,1.0,3,1,0.6983333333333334,0.6983333333333334
24098,2,1.0,3,2,0.7542578125,0.7542578125
24099,0,0.0,0,1,0.814375,0.814375
24099,0,0.0,0,2,0.8215625,0.8215625
24099,0,0.0,0,3,0.78765625,0.78765625
24099,0,0.0,1,0,0.7613541666666667,0.7613541666666667
24099,0,0.0,1,2,0.7868229166666667,0.7868229166666667
24099,0,0.0,1,3,0.7173307291666666,0.7173307291666666
24099,0,0.0,2,0,0.7821744791666667,0.7821744791666667
24099,0,0.0,2,1,0.8002473958333334,0.8002473958333334
24099,0,0.0,2,3,0.7529557291666666,0.7529557291666666
24099,0,0.0,3,0,0.7690234375,0.7690234375
24099,0,0.0,3,1,0.7491927083333333,0.7491927083333333
24099,0,0.0,3,2,0.7723697916666666,0.7723697916666666
24099,1,0.5,0,1,0.8464322916666667,0.8464322916666667
24099,1,0.5,0,2,0.853359375,0.853359375
24099,1,0.5,0,3,0.8355729166666667,0.8355729166666667
24099,1,0.5,1,0,0.7936979166666667,0.7936979166666667
24099,1,0.5,1,2,0.8128255208333334,0.8128255208333334
24099,1,0.5,1,3,0.7588411458333333,0.7588411458333333
24099,1,0.5,2,0,0.808046875,0.808046875
24099,1,0.5,2,1,0.8204557291666666,0.8204557291666666
24099,1,0.5,2,3,0.7995442708333333,0.7995442708333333
24099,1,0.5,3,0,0.813671875,0.813671875
24099,1,0.5,3,1,0.7889453125,0.7889453125
24099,1,0.5,3,2,0.821171875,0.821171875
24099,2,1.0,0,1,0.8671875,0.8671875
24099,2,1.0,0,2,0.873125,0.873125
24099,2,1.0,0,3,0.8670182291666667,0.8670182291666667
24099,2,1.0,1,0,0.813359375,0.813359375
24099,2,1.0,1,2,0.8327864583333333,0.8327864583333333
24099,2,1.0,1,3,0.7891276041666667,0.7891276041666667
24099,2,1.0,2,0,0.8212630208333334,0.8212630208333334
24099,2,1.0,2,1,0.8361328125,0.8361328125
24099,2,1.0,2,3,0.8091015625,0.8091015625
24099,2,1.0,3,0,0.848125,0.848125
24099,2,1.0,3,1,0.8175651041666666,0.8175651041666666
24099,2,1.0,3,2,0.83796875,0.83796875
24100,0,0.0,0,1,0.8156510416666667,0.8156510416666667
24100,0,0.0,0,2,0.8774348958333333,0.8774348958333333
24100,0,0.0,0,3,0.90515625,0.90515625
24100,0,0.0,1,0,0.8022135416666667,0.8022135416666667
24100,0,0.0,1,2,0.8369270833333333,0.8369270833333333
24100,0,0.0,1,3,0.8614453125,0.8614453125
24100,0,0.0,2,0,0.6972916666666666,0.6972916666666666
24100,0,0.0,2,1,0.6885677083333334,0.6885677083333334
24100,0,0.0,2,3,0.8044270833333333,0.8044270833333333
24100,0,0.0,3,0,0.7415234375,0.7415234375
24100,0,0.0,3,1,0.7262369791666666,0.7262369791666666
24100,0,0.0,3,2,0.8409114583333334,0.8409114583333334
24100,1,0.5,0,1,0.822421875,0.822421875
24100,1,0.5,0,2,0.91515625,0.91515625
24100,1,0.5,0,3,0.918515625,0.918515625
24100,1,0.5,1,0,0.8195703125,0.8195703125
24100,1,0.5,1,2,0.8491536458333333,0.8491536458333333
24100,1,0.5,1,3,0.8974739583333333,0.8974739583333333
24100,1,0.5,2,0,0.7310546875,0.7310546875
24100,1,0.5,2,1,0.6951041666666666,0.6951041666666666
24100,1,0.5,2,3,0.8061197916666667,0.8061197916666667
24100,1,0.5,3,0,0.7615885416666667,0.7615885416666667
24100,1,0.5,3,1,0.7533984375,0.7533984375
24100,1,0.5,3,2,0.8508333333333333,0.8508333333333333
24100,2,1.0,0,1,0.8224088541666666,0.8224088541666666
24100,2,1.0,0,2,0.9111067708333334,0.9111067708333334
24100,2,1.0,0,3,0.9371744791666666,0.9371744791666666
24100,2,1.0,1,0,0.8260026041666667,0.8260026041666667
24100,2,1.0,1,2,0.8432942708333333,0.8432942708333333
24100,2,1.0,1,3,0.9103255208333333,0.9103255208333333
24100,2,1.0,2,0,0.7326432291666667,0.7326432291666667
24100,2,1.0,2,1,0.6919270833333333,0.6919270833333333
24100,2,1.0,2,3,0.7748958333333333,0.7748958333333333
24100,2,1.0,3,0,0.7909635416666667,0.7909635416666667
24100,2,1.0,3,1,0.7636588541666667,0.7636588541666667
24100,2,1.0,3,2,0.8244791666666667,0.8244791666666667
24101,0,0.0,0,1,0.918671875,0.918671875
24101,0,0.0,0,2,0.8694791666666667,0.8694791666666667
24101,0,0.0,0,3,0.6988671875,0.6988671875
24101,0,0.0,1,0,0.653125,0.653125
24101,0,0.0,1,2,0.5939713541666667,0.5939713541666667
24101,0,0.0,1,3,0.5427864583333334,0.5427864583333334
24101,0,0.0,2,0,0.9600520833333334,0.9600520833333334
24101,0,0.0,2,1,0.9089713541666666,0.9089713541666666
24101,0,0.0,2,3,0.7090364583333333,0.7090364583333333
24101,0,0.0,3,0,0.7671614583333334,0.7671614583333334
24101,0,0.0,3,1,0.8300911458333333,0.8300911458333333
24101,0,0.0,3,2,0.7086197916666667,0.7086197916666667
24101,1,0.5,0,1,0.9138802083333334,0.9138802083333334
24101,1,0.5,0,2,0.8666015625,0.8666015625
24101,1,0.5,0,3,0.7059505208333333,0.7059505208333333
24101,1,0.5,1,0,0.649765625,0.649765625
24101,1,0.5,1,2,0.5912890625,0.5912890625
24101,1,0.5,1,3,0.5459505208333333,0.5459505208333333
24101,1,0.5,2,0,0.9549479166666667,0.9549479166666667
24101,1,0.5,2,1,0.9026953125,0.9026953125
24101,1,0.5,2,3,0.7109635416666666,0.7109635416666666
24101,1,0.5,3,0,0.7732421875,0.7732421875
24101,1,0.5,3,1,0.836328125,0.836328125
24101,1,0.5,3,2,0.7124609375,0.7124609375
24101,2,1.0,0,1,0.9109244791666666,0.9109244791666666
24101,2,1.0,0,2,0.8597526041666667,0.8597526041666667
24101,2,1.0,0,3,0.7119791666666667,0.7119791666666667
24101,2,1.0,1,0,0.6466796875,0.6466796875
24101,2,1.0,1,2,0.5881119791666667,0.5881119791666667
24101,2,1.0,1,3,0.5483333333333333,0.5483333333333333
24101,2,1.0,2,0,0.9488411458333333,0.9488411458333333
24101,2,1.0,2,1,0.9015625,0.9015625
24101,2,1.0,2,3,0.7122005208333333,0.7122005208333333
24101,2,1.0,3,0,0.78078125,0.78078125
24101,2,1.0,3,1,0.8442578125,0.8442578125
24101,2,1.0,3,2,0.7162109375,0.7162109375
24102,0,0.0,0,1,0.8050651041666667,0.8050651041666667
24102,0,0.0,0,2,0.7738411458333333,0.7738411458333333
24102,0,0.0,0,3,0.7539713541666667,0.7539713541666667
24102,0,0.0,1,0,0.7057942708333333,0.7057942708333333
24102,0,0.0,1,2,0.6978255208333334,0.6978255208333334
24102,0,0.0,1,3,0.6260416666666667,0.6260416666666667
24102,0,0.0,2,0,0.7290885416666667,0.7290885416666667
24102,0,0.0,2,1,0.7701432291666667,0.7701432291666667
24102,0,0.0,2,3,0.7160026041666666,0.7160026041666666
24102,0,0.0,3,0,0.8485416666666666,0.8485416666666666
24102,0,0.0,3,1,0.8267708333333333,0.8267708333333333
24102,0,0.0,3,2,0.8556901041666667,0.8556901041666667
24102,1,0.5,0,1,0.8209244791666667,0.8209244791666667
24102,1,0.5,0,2,0.8648307291666667,0.8648307291666667
24102,1,0.5,0,3,0.8189973958333333,0.8189973958333333
24102,1,0.5,1,0,0.7011588541666667,0.7011588541666667
24102,1,0.5,1,2,0.8021484375,0.8021484375
24102,1,0.5,1,3,0.6636979166666667,0.6636979166666667
24102,1,0.5,2,0,0.748046875,0.748046875
24102,1,0.5,2,1,0.800859375,0.800859375
24102,1,0.5,2,3,0.7071223958333334,0.7071223958333334
24102,1,0.5,3,0,0.892734375,0.892734375
24102,1,0.5,3,1,0.845546875,0.845546875
24102,1,0.5,3,2,0.8994140625,0.8994140625
24102,2,1.0,0,1,0.831015625,0.831015625
24102,2,1.0,0,2,0.8790104166666667,0.8790104166666667
24102,2,1.0,0,3,0.8494140625,0.8494140625
24102,2,1.0,1,0,0.7190494791666666,0.7190494791666666
24102,2,1.0,1,2,0.8258723958333334,0.8258723958333334
24102,2,1.0,1,3,0.7005989583333333,0.7005989583333333
24102,2,1.0,2,0,0.7053776041666666,0.7053776041666666
24102,2,1.0,2,1,0.7691145833333334,0.7691145833333334
24102,2,1.0,2,3,0.675234375,0.675234375
24102,2,1.0,3,0,0.9068619791666667,0.9068619791666667
24102,2,1.0,3,1,0.8595572916666666,0.8595572916666666
24102,2,1.0,3,2,0.8983854166666667,0.8983854166666667
24103,0,0.0,0,1,0.8110807291666666,0.8110807291666666
24103,0,0.0,0,2,0.7414192708333334,0.7414192708333334
24103,0,0.0,0,3,0.8121354166666667,0.8121354166666667
24103,0,0.0,1,0,0.7577734375,0.7577734375
24103,0,0.0,1,2,0.7113151041666667,0.7113151041666667
24103,0,0.0,1,3,0.8044791666666666,0.8044791666666666
24103,0,0.0,2,0,0.7811328125,0.7811328125
24103,0,0.0,2,1,0.815390625,0.815390625
24103,0,0.0,2,3,0.7878515625,0.7878515625
24103,0,0.0,3,0,0.8369010416666667,0.8369010416666667
24103,0,0.0,3,1,0.8902473958333333,0.8902473958333333
24103,0,0.0,3,2,0.7576432291666667,0.7576432291666667
24103,1,0.5,0,1,0.8032421875,0.8032421875
24103,1,0.5,0,2,0.7677994791666667,0.7677994791666667
24103,1,0.5,0,3,0.7962369791666667,0.7962369791666667
24103,1,0.5,1,0,0.7534375,0.7534375
24103,1,0.5,1,2,0.7444010416666667,0.7444010416666667
24103,1,0.5,1,3,0.7865104166666667,0.7865104166666667
24103,1,0.5,2,0,0.7915104166666667,0.7915104166666667
24103,1,0.5,2,1,0.8248697916666666,0.8248697916666666
24103,1,0.5,2,3,0.7988151041666667,0.7988151041666667
24103,1,0.5,3,0,0.8169140625,0.8169140625
24103,1,0.5,3,1,0.8654427083333334,0.8654427083333334
24103,1,0.5,3,2,0.7897526041666667,0.7897526041666667
24103,2,1.0,0,1,0.7917057291666667,0.7917057291666667
24103,2,1.0,0,2,0.7514322916666667,0.7514322916666667
24103,2,1.0,0,3,0.7643359375,0.7643359375
24103,2,1.0,1,0,0.7440234375,0.7440234375
24103,2,1.0,1,2,0.7177864583333333,0.7177864583333333
24103,2,1.0,1,3,0.7653385416666667,0.7653385416666667
24103,2,1.0,2,0,0.7716927083333334,0.7716927083333334
24103,2,1.0,2,1,0.79265625,0.79265625
24103,2,1.0,2,3,0.77984375,0.77984375
24103,2,1.0,3,0,0.78609375,0.78609375
24103,2,1.0,3,1,0.842265625,0.842265625
24103,2,1.0,3,2,0.7736067708333333,0.7736067708333333
24104,0,0.0,0,1,0.9174348958333334,0.9174348958333334
24104,0,0.0,0,2,0.9362239583333334,0.9362239583333334
24104,0,0.0,0,3,0.7591666666666667,0.7591666666666667
24104,0,0.0,1,0,0.7315755208333333,0.7315755208333333
24104,0,0.0,1,2,0.8414713541666666,0.8414713541666666
24104,0,0.0,1,3,0.5865234375,0.5865234375
24104,0,0.0,2,0,0.7483854166666667,0.7483854166666667
24104,0,0.0,2,1,0.8373046875,0.8373046875
24104,0,0.0,2,3,0.6106510416666666,0.6106510416666666
24104,0,0.0,3,0,0.9501822916666667,0.9501822916666667
24104,0,0.0,3,1,0.9193098958333333,0.9193098958333333
24104,0,0.0,3,2,0.9478255208333334,0.9478255208333334
24104,1,0.5,0,1,0.9446614583333334,0.9446614583333334
24104,1,0.5,0,2,0.9835677083333333,0.9835677083333333
24104,1,0.5,0,3,0.7788020833333333,0.7788020833333333
24104,1,0.5,1,0,0.7579427083333333,0.7579427083333333
24104,1,0.5,1,2,0.8653255208333334,0.8653255208333334
24104,1,0.5,1,3,0.6279166666666667,0.6279166666666667
24104,1,0.5,2,0,0.739921875,0.739921875
24104,1,0.5,2,1,0.8080208333333333,0.8080208333333333
24104,1,0.5,2,3,0.6003255208333333,0.6003255208333333
24104,1,0.5,3,0,0.9598828125,0.9598828125
24104,1,0.5,3,1,0.958515625,0.958515625
24104,1,0.5,3,2,0.9850390625,0.9850390625
24104,2,1.0,0,1,0.9063671875,0.9063671875
24104,2,1.0,0,2,0.9855859375,0.9855859375
24104,2,1.0,0,3,0.7427213541666666,0.7427213541666666
24104,2,1.0,1,0,0.8205598958333333,0.8205598958333333
24104,2,1.0,1,2,0.8990755208333333,0.8990755208333333
24104,2,1.0,1,3,0.6735546875,0.6735546875
24104,2,1.0,2,0,0.7231640625,0.7231640625
24104,2,1.0,2,1,0.7400260416666666,0.7400260416666666
24104,2,1.0,2,3,0.583046875,0.583046875
24104,2,1.0,3,0,0.9292708333333334,0.9292708333333334
24104,2,1.0,3,1,0.9134635416666667,0.9134635416666667
24104,2,1.0,3,2,0.9831119791666667,0.9831119791666667
24105,0,0.0,0,1,0.7467838541666667,0.7467838541666667
24105,0,0.0,0,2,0.5991145833333333,0.5991145833333333
24105,0,0.0,0,3,0.82515625,0.82515625
24105,0,0.0,1,0,0.7595442708333333,0.7595442708333333
24105,0,0.0,1,2,0.6363802083333333,0.6363802083333333
24105,0,0.0,1,3,0.8056380208333334,0.8056380208333334
24105,0,0.0,2,0,0.8047135416666666,0.8047135416666666
24105,0,0.0,2,1,0.7934765625,0.7934765625
24105,0,0.0,2,3,0.8034505208333333,0.8034505208333333
24105,0,0.0,3,0,0.7739583333333333,0.7739583333333333
24105,0,0.0,3,1,0.7425,0.7425
24105,0,0.0,3,2,0.5892578125,0.5892578125
24105,1,0.5,0,1,0.7547265625,0.7547265625
24105,1,0.5,0,2,0.60125,0.60125
24105,1,0.5,0,3,0.8285026041666667,0.8285026041666667
24105,1,0.5,1,0,0.7649348958333333,0.7649348958333333
24105,1,0.5,1,2,0.6285416666666667,0.6285416666666667
24105,1,0.5,1,3,0.7963151041666666,0.7963151041666666
24105,1,0.5,2,0,0.8052994791666667,0.8052994791666667
24105,1,0.5,2,1,0.788828125,0.788828125
24105,1,0.5,2,3,0.8026822916666667,0.8026822916666667
24105,1,0.5,3,0,0.7743359375,0.7743359375
24105,1,0.5,3,1,0.7367317708333333,0.7367317708333333
24105,1,0.5,3,2,0.5892838541666666,0.5892838541666666
24105,2,1.0,0,1,0.74140625,0.74140625
24105,2,1.0,0,2,0.6002864583333334,0.6002864583333334
24105,2,1.0,0,3,0.8297786458333334,0.8297786458333334
24105,2,1.0,1,0,0.7455989583333333,0.7455989583333333
24105,2,1.0,1,2,0.6213671875,0.6213671875
24105,2,1.0,1,3,0.782734375,0.782734375
24105,2,1.0,2,0,0.8018229166666667,0.8018229166666667
24105,2,1.0,2,1,0.7839453125,0.7839453125
24105,2,1.0,2,3,0.8000130208333334,0.8000130208333334
24105,2,1.0,3,0,0.7745833333333333,0.7745833333333333
24105,2,1.0,3,1,0.726796875,0.726796875
24105,2,1.0,3,2,0.5875651041666666,0.5875651041666666
24106,0,0.0,0,1,0.816015625,0.816015625
24106,0,0.0,0,2,0.8729557291666666,0.8729557291666666
24106,0,0.0,0,3,0.962265625,0.962265625
24106,0,0.0,1,0,0.8860807291666667,0.8860807291666667
24106,0,0.0,1,2,0.9182161458333333,0.9182161458333333
24106,0,0.0,1,3,0.9636588541666666,0.9636588541666666
24106,0,0.0,2,0,0.806875,0.806875
24106,0,0.0,2,1,0.7788541666666666,0.7788541666666666
24106,0,0.0,2,3,0.914140625,0.914140625
24106,0,0.0,3,0,0.8277083333333334,0.8277083333333334
24106,0,0.0,3,1,0.7622265625,0.7622265625
24106,0,0.0,3,2,0.849765625,0.849765625
24106,1,0.5,0,1,0.8007421875,0.8007421875
24106,1,0.5,0,2,0.8923046875,0.8923046875
24106,1,0.5,0,3,0.9573697916666667,0.9573697916666667
24106,1,0.5,1,0,0.8564973958333333,0.8564973958333333
24106,1,0.5,1,2,0.8841666666666667,0.8841666666666667
24106,1,0.5,1,3,0.9528385416666667,0.9528385416666667
24106,1,0.5,2,0,0.8370703125,0.8370703125
24106,1,0.5,2,1,0.7688541666666666,0.7688541666666666
24106,1,0.5,2,3,0.90046875,0.90046875
24106,1,0.5,3,0,0.8223177083333333,0.8223177083333333
24106,1,0.5,3,1,0.7644010416666667,0.7644010416666667
24106,1,0.5,3,2,0.8236197916666667,0.8236197916666667
24106,2,1.0,0,1,0.8139973958333333,0.8139973958333333
24106,2,1.0,0,2,0.9179427083333334,0.9179427083333334
24106,2,1.0,0,3,0.9300651041666667,0.9300651041666667
24106,2,1.0,1,0,0.8639322916666666,0.8639322916666666
24106,2,1.0,1,2,0.8912760416666666,0.8912760416666666
24106,2,1.0,1,3,0.9517838541666667,0.9517838541666667
24106,2,1.0,2,0,0.8714192708333334,0.8714306175861665
24106,2,1.0,2,1,0.7932161458333333,0.7932264743030508
24106,2,1.0,2,3,0.8905208333333333,0.8905324288076668
24106,2,1.0,3,0,0.7991927083333333,0.7991927083333333
24106,2,1.0,3,1,0.7677994791666667,0.7677994791666667
24106,2,1.0,3,2,0.8041927083333333,0.8041927083333333
24107,0,0.0,0,1,0.7918229166666667,0.7918229166666667
24107,0,0.0,0,2,0.7905208333333333,0.7905208333333333
24107,0,0.0,0,3,0.7223828125,0.7223828125
24107,0,0.0,1,0,0.6975520833333333,0.6975520833333333
24107,0,0.0,1,2,0.7739453125,0.7739453125
24107,0,0.0,1,3,0.621640625,0.621640625
24107,0,0.0,2,0,0.6404557291666667,0.6404557291666667
24107,0,0.0,2,1,0.7254296875,0.7254296875
24107,0,0.0,2,3,0.5630598958333334,0.5630598958333334
24107,0,0.0,3,0,0.7907552083333333,0.7907552083333333
24107,0,0.0,3,1,0.7762109375,0.7762109375
24107,0,0.0,3,2,0.7638671875,0.7638671875
24107,1,0.5,0,1,0.8014192708333333,0.8014192708333333
24107,1,0.5,0,2,0.7921614583333333,0.7921614583333333
24107,1,0.5,0,3,0.7219791666666666,0.7219791666666666
24107,1,0.5,1,0,0.7040494791666667,0.7040494791666667
24107,1,0.5,1,2,0.7817708333333333,0.7817708333333333
24107,1,0.5,1,3,0.6212369791666666,0.6212369791666666
24107,1,0.5,2,0,0.6416015625,0.6416015625
24107,1,0.5,2,1,0.7335677083333333,0.7335677083333333
24107,1,0.5,2,3,0.5581510416666666,0.5581510416666666
24107,1,0.5,3,0,0.79578125,0.79578125
24107,1,0.5,3,1,0.7809765625,0.7809765625
24107,1,0.5,3,2,0.768125,0.768125
24107,2,1.0,0,1,0.8080859375,0.8080859375
24107,2,1.0,0,2,0.8019401041666666,0.8019401041666666
24107,2,1.0,0,3,0.7282421875,0.7282421875
24107,2,1.0,1,0,0.7159114583333334,0.7159114583333334
24107,2,1.0,1,2,0.7898828125,0.7898828125
24107,2,1.0,1,3,0.629765625,0.629765625
24107,2,1.0,2,0,0.6435416666666667,0.6435416666666667
24107,2,1.0,2,1,0.7322395833333334,0.7322395833333334
24107,2,1.0,2,3,0.5623697916666667,0.5623697916666667
24107,2,1.0,3,0,0.8067447916666667,0.8067447916666667
24107,2,1.0,3,1,0.7886458333333334,0.7886458333333334
24107,2,1.0,3,2,0.7791666666666667,0.7791666666666667
24108,0,0.0,0,1,0.6376822916666667,0.6376822916666667
24108,0,0.0,0,2,0.7341927083333334,0.7341927083333334
24108,0,0.0,0,3,0.6181119791666667,0.6181119791666667
24108,0,0.0,1,0,0.7621744791666667,0.7621744791666667
24108,0,0.0,1,2,0.7408984375,0.7408984375
24108,0,0.0,1,3,0.727109375,0.727109375
24108,0,0.0,2,0,0.7762760416666666,0.7762760416666666
24108,0,0.0,2,1,0.6668229166666667,0.6668229166666667
24108,0,0.0,2,3,0.6688932291666667,0.6688932291666667
24108,0,0.0,3,0,0.8124479166666667,0.8124479166666667
24108,0,0.0,3,1,0.7794140625,0.7794140625
24108,0,0.0,3,2,0.8171614583333333,0.8171614583333333
24108,1,0.5,0,1,0.64078125,0.64078125
24108,1,0.5,0,2,0.7709244791666666,0.7709244791666666
24108,1,0.5,0,3,0.6154427083333334,0.6154427083333334
24108,1,0.5,1,0,0.7643880208333333,0.7643880208333333
24108,1,0.5,1,2,0.719765625,0.719765625
24108,1,0.5,1,3,0.7229296875,0.7229296875
24108,1,0.5,2,0,0.8043880208333334,0.8043880208333334
24108,1,0.5,2,1,0.6465234375,0.6465234375
24108,1,0.5,2,3,0.6643098958333333,0.6643098958333333
24108,1,0.5,3,0,0.7999869791666666,0.7999869791666666
24108,1,0.5,3,1,0.7707421875,0.7707421875
24108,1,0.5,3,2,0.8065885416666667,0.8065885416666667
24108,2,1.0,0,1,0.6437239583333333,0.6437239583333333
24108,2,1.0,0,2,0.7588802083333334,0.7588802083333334
24108,2,1.0,0,3,0.612890625,0.612890625
24108,2,1.0,1,0,0.7635546875,0.7635546875
24108,2,1.0,1,2,0.711875,0.711875
24108,2,1.0,1,3,0.7203255208333333,0.7203255208333333
24108,2,1.0,2,0,0.7859114583333333,0.7859114583333333
24108,2,1.0,2,1,0.6358333333333334,0.6358333333333334
24108,2,1.0,2,3,0.652890625,0.652890625
24108,2,1.0,3,0,0.787578125,0.787578125
24108,2,1.0,3,1,0.7627473958333333,0.7627473958333333
24108,2,1.0,3,2,0.7918619791666667,0.7918619791666667
24109,0,0.0,0,1,0.7934505208333333,0.7934505208333333
24109,0,0.0,0,2,0.852578125,0.852578125
24109,0,0.0,0,3,0.7211067708333333,0.7211067708333333
24109,0,0.0,1,0,0.7457942708333334,0.7457942708333334
24109,0,0.0,1,2,0.916484375,0.916484375
24109,0,0.0,1,3,0.6801692708333333,0.6801692708333333
24109,0,0.0,2,0,0.7615494791666667,0.7615494791666667
24109,0,0.0,2,1,0.8629947916666667,0.8629947916666667
24109,0,0.0,2,3,0.6509635416666667,0.6509635416666667
24109,0,0.0,3,0,0.762109375,0.762109375
24109,0,0.0,3,1,0.7694661458333333,0.7694661458333333
24109,0,0.0,3,2,0.8022395833333333,0.8022395833333333
24109,1,0.5,0,1,0.7869140625,0.7869140625
24109,1,0.5,0,2,0.914765625,0.914765625
24109,1,0.5,0,3,0.8133984375,0.8133984375
24109,1,0.5,1,0,0.813828125,0.813828125
24109,1,0.5,1,2,0.9558984375,0.9558984375
24109,1,0.5,1,3,0.7470572916666667,0.7470572916666667
24109,1,0.5,2,0,0.7386588541666667,0.7386588541666667
24109,1,0.5,2,1,0.7301953125,0.7301953125
24109,1,0.5,2,3,0.6512890625,0.6512890625
24109,1,0.5,3,0,0.8926041666666666,0.8926041666666666
24109,1,0.5,3,1,0.7738541666666666,0.7738541666666666
24109,1,0.5,3,2,0.8691536458333333,0.8691536458333333
24109,2,1.0,0,1,0.6767838541666666,0.6767838541666666
24109,2,1.0,0,2,0.8545182291666666,0.8545182291666666
24109,2,1.0,0,3,0.7561328125,0.7561328125
24109,2,1.0,1,0,0.7848697916666667,0.7848697916666667
24109,2,1.0,1,2,0.9291666666666667,0.9291666666666667
24109,2,1.0,1,3,0.7905598958333333,0.7905598958333333
24109,2,1.0,2,0,0.7122526041666667,0.7122526041666667
24109,2,1.0,2,1,0.63734375,0.63734375
24109,2,1.0,2,3,0.6246875,0.6246875
24109,2,1.0,3,0,0.87796875,0.87796875
24109,2,1.0,3,1,0.779609375,0.779609375
24109,2,1.0,3,2,0.8963671875,0.8963671875
24110,0,0.0,0,1,0.9088411458333333,0.9088411458333333
24110,0,0.0,0,2,0.9358072916666667,0.9358072916666667
24110,0,0.0,0,3,0.9500911458333333,0.9500911458333333
24110,0,0.0,1,0,0.7166015625,0.7166015625
24110,0,0.0,1,2,0.7919791666666667,0.7919791666666667
24110,0,0.0,1,3,0.7900390625,0.7900390625
24110,0,0.0,2,0,0.7716796875,0.7716796875
24110,0,0.0,2,1,0.8356380208333334,0.8356380208333334
24110,0,0.0,2,3,0.9142317708333333,0.9142317708333333
24110,0,0.0,3,0,0.7824348958333334,0.7824348958333334
24110,0,0.0,3,1,0.8337890625,0.8337890625
24110,0,0.0,3,2,0.9062239583333334,0.9062239583333334
24110,1,0.5,0,1,0.8996354166666667,0.8996354166666667
24110,1,0.5,0,2,0.93734375,0.93734375
24110,1,0.5,0,3,0.9460026041666667,0.9460026041666667
24110,1,0.5,1,0,0.7051302083333333,0.7051302083333333
24110,1,0.5,1,2,0.7873958333333333,0.7873958333333333
24110,1,0.5,1,3,0.7827604166666666,0.7827604166666666
24110,1,0.5,2,0,0.7725390625,0.7725390625
24110,1,0.5,2,1,0.8313671875,0.8313671875
24110,1,0.5,2,3,0.9188151041666667,0.9188151041666667
24110,1,0.5,3,0,0.7785286458333334,0.7785286458333334
24110,1,0.5,3,1,0.8275520833333333,0.8275520833333333
24110,1,0.5,3,2,0.9104296875,0.9104296875
24110,2,1.0,0,1,0.8990885416666666,0.8990885416666666
24110,2,1.0,0,2,0.9377994791666666,0.9377994791666666
24110,2,1.0,0,3,0.9438020833333334,0.9438020833333334
24110,2,1.0,1,0,0.7011067708333333,0.7011067708333333
24110,2,1.0,1,2,0.7816927083333334,0.7816927083333334
24110,2,1.0,1,3,0.7728645833333333,0.7728645833333333
24110,2,1.0,2,0,0.7717578125,0.7717578125
24110,2,1.0,2,1,0.8276302083333333,0.8276302083333333
24110,2,1.0,2,3,0.8967708333333333,0.8967708333333333
24110,2,1.0,3,0,0.77546875,0.77546875
24110,2,1.0,3,1,0.8206119791666666,0.8206119791666666
24110,2,1.0,3,2,0.8902473958333333,0.8902473958333333
24111,0,0.0,0,1,0.7142578125,0.7142578125
24111,0,0.0,0,2,0.79546875,0.79546875
24111,0,0.0,0,3,0.8027083333333334,0.8027083333333334
24111,0,0.0,1,0,0.8487369791666667,0.8487369791666667
24111,0,0.0,1,2,0.8453515625,0.8453515625
24111,0,0.0,1,3,0.8389973958333333,0.8389973958333333
24111,0,0.0,2,0,0.6745703125,0.6745703125
24111,0,0.0,2,1,0.5897526041666666,0.5897526041666666
24111,0,0.0,2,3,0.6922005208333334,0.6922005208333334
24111,0,0.0,3,0,0.7768489583333333,0.7768489583333333
24111,0,0.0,3,1,0.663828125,0.663828125
24111,0,0.0,3,2,0.800234375,0.800234375
24111,1,0.5,0,1,0.718046875,0.718046875
24111,1,0.5,0,2,0.8280208333333333,0.8280208333333333
24111,1,0.5,0,3,0.8385807291666667,0.8385807291666667
24111,1,0.5,1,0,0.8697526041666667,0.8697526041666667
24111,1,0.5,1,2,0.8415885416666666,0.8415885416666666
24111,1,0.5,1,3,0.84578125,0.84578125
24111,1,0.5,2,0,0.6843098958333333,0.6843098958333333
24111,1,0.5,2,1,0.56625,0.56625
24111,1,0.5,2,3,0.74078125,0.74078125
24111,1,0.5,3,0,0.7838411458333333,0.7838411458333333
24111,1,0.5,3,1,0.6309375,0.6309375
24111,1,0.5,3,2,0.8462890625,0.8462890625
24111,2,1.0,0,1,0.6974609375,0.6974609375
24111,2,1.0,0,2,0.8170182291666667,0.8170182291666667
24111,2,1.0,0,3,0.81625,0.81625
24111,2,1.0,1,0,0.8543619791666667,0.8543619791666667
24111,2,1.0,1,2,0.7996875,0.7996875
24111,2,1.0,1,3,0.8230338541666666,0.8230338541666666
24111,2,1.0,2,0,0.6531510416666667,0.6531510416666667
24111,2,1.0,2,1,0.5272916666666667,0.5272916666666667
24111,2,1.0,2,3,0.7113802083333334,0.7113802083333334
24111,2,1.0,3,0,0.7364973958333333,0.7364973958333333
24111,2,1.0,3,1,0.5895182291666666,0.5895182291666666
24111,2,1.0,3,2,0.8086848958333334,0.8086848958333334
24112,0,0.0,0,1,0.8025390625,0.8025390625
24112,0,0.0,0,2,0.8293619791666667,0.8293619791666667
24112,0,0.0,0,3,0.8147395833333333,0.8147395833333333
24112,0,0.0,1,0,0.6539322916666667,0.6539322916666667
24112,0,0.0,1,2,0.6453776041666667,0.6453776041666667
24112,0,0.0,1,3,0.7207291666666666,0.7207291666666666
24112,0,0.0,2,0,0.8390104166666666,0.8390104166666666
24112,0,0.0,2,1,0.8024088541666666,0.8024088541666666
24112,0,0.0,2,3,0.8005859375,0.8005859375
24112,0,0.0,3,0,0.717890625,0.717890625
24112,0,0.0,3,1,0.781171875,0.781171875
24112,0,0.0,3,2,0.7035677083333334,0.7035677083333334
24112,1,0.5,0,1,0.8770182291666667,0.8770182291666667
24112,1,0.5,0,2,0.8521223958333334,0.8521223958333334
24112,1,0.5,0,3,0.8636588541666667,0.8636588541666667
24112,1,0.5,1,0,0.699140625,0.699140625
24112,1,0.5,1,2,0.6878515625,0.6878515625
24112,1,0.5,1,3,0.7455208333333333,0.7455208333333333
24112,1,0.5,2,0,0.8595442708333333,0.8595442708333333
24112,1,0.5,2,1,0.8709765625,0.8709765625
24112,1,0.5,2,3,0.8170963541666667,0.8170963541666667
24112,1,0.5,3,0,0.76265625,0.76265625
24112,1,0.5,3,1,0.8271614583333333,0.8271614583333333
24112,1,0.5,3,2,0.7188020833333333,0.7188020833333333
24112,2,1.0,0,1,0.917421875,0.917421875
24112,2,1.0,0,2,0.8697265625,0.8697265625
24112,2,1.0,0,3,0.8847135416666667,0.8847135416666667
24112,2,1.0,1,0,0.7085286458333333,0.7085286458333333
24112,2,1.0,1,2,0.7004427083333333,0.7004427083333333
24112,2,1.0,1,3,0.7491796875,0.7491796875
24112,2,1.0,2,0,0.8848958333333333,0.8848958333333333
24112,2,1.0,2,1,0.9203776041666667,0.9203776041666667
24112,2,1.0,2,3,0.8218359375,0.8218359375
24112,2,1.0,3,0,0.7941536458333334,0.7941536458333334
24112,2,1.0,3,1,0.86890625,0.86890625
24112,2,1.0,3,2,0.7282682291666667,0.7282682291666667
24113,0,0.0,0,1,0.8230208333333333,0.8230208333333333
24113,0,0.0,0,2,0.8075651041666667,0.8075651041666667
24113,0,0.0,0,3,0.7322786458333334,0.7322786458333334
24113,0,0.0,1,0,0.7764973958333333,0.7764973958333333
24113,0,0.0,1,2,0.8333463541666667,0.8333463541666667
24113,0,0.0,1,3,0.7187630208333333,0.7187630208333333
24113,0,0.0,2,0,0.6973958333333333,0.6973958333333333
24113,0,0.0,2,1,0.7512760416666666,0.7512760416666666
24113,0,0.0,2,3,0.6449088541666667,0.6449088541666667
24113,0,0.0,3,0,0.7803776041666667,0.7803776041666667
24113,0,0.0,3,1,0.8131380208333333,0.8131380208333333
24113,0,0.0,3,2,0.8243229166666667,0.8243229166666667
24113,1,0.5,0,1,0.7598307291666667,0.7598307291666667
24113,1,0.5,0,2,0.7958463541666667,0.7958463541666667
24113,1,0.5,0,3,0.7247526041666666,0.7247526041666666
24113,1,0.5,1,0,0.7176302083333334,0.7176302083333334
24113,1,0.5,1,2,0.7987760416666667,0.7987760416666667
24113,1,0.5,1,3,0.6745572916666667,0.6745572916666667
24113,1,0.5,2,0,0.6863802083333334,0.6863802083333334
24113,1,0.5,2,1,0.7210677083333333,0.7210677083333333
24113,1,0.5,2,3,0.654375,0.654375
24113,1,0.5,3,0,0.7181901041666666,0.7181901041666666
24113,1,0.5,3,1,0.71375,0.71375
24113,1,0.5,3,2,0.7488541666666667,0.7488541666666667
24113,2,1.0,0,1,0.7607942708333333,0.7607942708333333
24113,2,1.0,0,2,0.7769921875,0.7769921875
24113,2,1.0,0,3,0.7074479166666666,0.7074479166666666
24113,2,1.0,1,0,0.7340494791666666,0.7340494791666666
24113,2,1.0,1,2,0.7786197916666666,0.7786197916666666
24113,2,1.0,1,3,0.6536588541666667,0.6536588541666667
24113,2,1.0,2,0,0.6722005208333334,0.6722005208333334
24113,2,1.0,2,1,0.689921875,0.689921875
24113,2,1.0,2,3,0.6000911458333333,0.6000911458333333
24113,2,1.0,3,0,0.7529296875,0.7529296875
24113,2,1.0,3,1,0.7253776041666666,0.7253776041666666
24113,2,1.0,3,2,0.7470963541666666,0.7470963541666666
24114,0,0.0,0,1,0.8682552083333334,0.8682552083333334
24114,0,0.0,0,2,0.7167578125,0.7167578125
24114,0,0.0,0,3,0.6467447916666667,0.6467447916666667
24114,0,0.0,1,0,0.7598567708333334,0.7598567708333334
24114,0,0.0,1,2,0.6458854166666667,0.6458854166666667
24114,0,0.0,1,3,0.5674088541666666,0.5674088541666666
24114,0,0.0,2,0,0.8618359375,0.8618359375
24114,0,0.0,2,1,0.858984375,0.858984375
24114,0,0.0,2,3,0.7407682291666666,0.7407682291666666
24114,0,0.0,3,0,0.8903385416666667,0.8903385416666667
24114,0,0.0,3,1,0.8635546875,0.8635546875
24114,0,0.0,3,2,0.8484114583333333,0.8484114583333333
24114,1,0.5,0,1,0.8820052083333333,0.8820052083333333
24114,1,0.5,0,2,0.7356901041666667,0.7356901041666667
24114,1,0.5,0,3,0.6923828125,0.6923828125
24114,1,0.5,1,0,0.8077734375,0.8077734375
24114,1,0.5,1,2,0.6804557291666666,0.6804557291666666
24114,1,0.5,1,3,0.6385677083333333,0.6385677083333333
24114,1,0.5,2,0,0.8848307291666667,0.8848307291666667
24114,1,0.5,2,1,0.894765625,0.894765625
24114,1,0.5,2,3,0.8022265625,0.8022265625
24114,1,0.5,3,0,0.9245442708333333,0.9245442708333333
24114,1,0.5,3,1,0.9109244791666666,0.9109244791666666
24114,1,0.5,3,2,0.8782291666666666,0.8782291666666666
24114,2,1.0,0,1,0.858828125,0.858828125
24114,2,1.0,0,2,0.7366927083333333,0.7366927083333333
24114,2,1.0,0,3,0.7388671875,0.7388671875
24114,2,1.0,1,0,0.8208333333333333,0.8208333333333333
24114,2,1.0,1,2,0.6865234375,0.6865234375
24114,2,1.0,1,3,0.7098958333333333,0.7098958333333333
24114,2,1.0,2,0,0.9166145833333333,0.9166145833333333
24114,2,1.0,2,1,0.9191536458333334,0.9191536458333334
24114,2,1.0,2,3,0.8657421875,0.8657421875
24114,2,1.0,3,0,0.9404296875,0.9404296875
24114,2,1.0,3,1,0.9408854166666667,0.9408854166666667
24114,2,1.0,3,2,0.8815755208333333,0.8815755208333333
24115,0,0.0,0,1,0.626171875,0.626171875
24115,0,0.0,0,2,0.7910677083333333,0.7910677083333333
24115,0,0.0,0,3,0.6151953125,0.6151953125
24115,0,0.0,1,0,0.7815885416666667,0.7815885416666667
24115,0,0.0,1,2,0.7666927083333334,0.7666927083333334
24115,0,0.0,1,3,0.7086197916666667,0.7086197916666667
24115,0,0.0,2,0,0.5862630208333334,0.5862630208333334
24115,0,0.0,2,1,0.47411458333333334,0.47411458333333334
24115,0,0.0,2,3,0.5455989583333334,0.5455989583333334
24115,0,0.0,3,0,0.6572265625,0.6572265625
24115,0,0.0,3,1,0.612578125,0.612578125
24115,0,0.0,3,2,0.7113411458333333,0.7113411458333333
24115,1,0.5,0,1,0.71046875,0.71046875
24115,1,0.5,0,2,0.870546875,0.870546875
24115,1,0.5,0,3,0.7858072916666666,0.7858072916666666
24115,1,0.5,1,0,0.8774739583333333,0.8774739583333333
24115,1,0.5,1,2,0.84875,0.84875
24115,1,0.5,1,3,0.8615104166666666,0.8615104166666666
24115,1,0.5,2,0,0.6626302083333333,0.6626302083333333
24115,1,0.5,2,1,0.5428515625,0.5428515625
24115,1,0.5,2,3,0.6543098958333333,0.6543098958333333
24115,1,0.5,3,0,0.7914453125,0.7914453125
24115,1,0.5,3,1,0.7063802083333334,0.7063802083333334
24115,1,0.5,3,2,0.8369401041666666,0.8369401041666666
24115,2,1.0,0,1,0.7080208333333333,0.7080208333333333
24115,2,1.0,0,2,0.8500390625,0.8500390625
24115,2,1.0,0,3,0.7839973958333334,0.7839973958333334
24115,2,1.0,1,0,0.8538802083333333,0.8538802083333333
24115,2,1.0,1,2,0.8122526041666667,0.8122526041666667
24115,2,1.0,1,3,0.7702473958333333,0.7702473958333333
24115,2,1.0,2,0,0.6534635416666666,0.6534635416666666
24115,2,1.0,2,1,0.5405859375,0.5405859375
24115,2,1.0,2,3,0.6144140625,0.6144140625
24115,2,1.0,3,0,0.8090364583333334,0.8090364583333334
24115,2,1.0,3,1,0.669296875,0.669296875
24115,2,1.0,3,2,0.8429166666666666,0.8429166666666666
24116,0,0.0,0,1,0.8587760416666667,0.8587760416666667
24116,0,0.0,0,2,0.9242447916666666,0.9242447916666666
24116,0,0.0,0,3,0.8538541666666667,0.8538541666666667
24116,0,0.0,1,0,0.7959765625,0.7959765625
24116,0,0.0,1,2,0.8443359375,0.8443359375
24116,0,0.0,1,3,0.8078385416666667,0.8078385416666667
24116,0,0.0,2,0,0.8978515625,0.8978515625
24116,0,0.0,2,1,0.8853515625,0.8853515625
24116,0,0.0,2,3,0.8607682291666666,0.8607682291666666
24116,0,0.0,3,0,0.82703125,0.82703125
24116,0,0.0,3,1,0.8438932291666666,0.8438932291666666
24116,0,0.0,3,2,0.8576041666666666,0.8576041666666666
24116,1,0.5,0,1,0.8572786458333334,0.8572786458333334
24116,1,0.5,0,2,0.9235546875,0.9235546875
24116,1,0.5,0,3,0.8565364583333334,0.8565364583333334
24116,1,0.5,1,0,0.793515625,0.793515625
24116,1,0.5,1,2,0.845703125,0.845703125
24116,1,0.5,1,3,0.8057942708333333,0.8057942708333333
24116,1,0.5,2,0,0.8969661458333333,0.8969661458333333
24116,1,0.5,2,1,0.8869140625,0.8869140625
24116,1,0.5,2,3,0.8570833333333333,0.8570833333333333
24116,1,0.5,3,0,0.8315494791666667,0.8315494791666667
24116,1,0.5,3,1,0.8448958333333333,0.8448958333333333
24116,1,0.5,3,2,0.8577213541666666,0.8577213541666666
24116,2,1.0,0,1,0.8544791666666667,0.8544791666666667
24116,2,1.0,0,2,0.9249869791666666,0.9249869791666666
24116,2,1.0,0,3,0.8636197916666667,0.8636197916666667
24116,2,1.0,1,0,0.7896223958333334,0.7896223958333334
24116,2,1.0,1,2,0.84296875,0.84296875
24116,2,1.0,1,3,0.8108203125,0.8108203125
24116,2,1.0,2,0,0.8978645833333333,0.8978645833333333
24116,2,1.0,2,1,0.8859895833333333,0.8859895833333333
24116,2,1.0,2,3,0.8626041666666666,0.8626041666666666
24116,2,1.0,3,0,0.8385026041666667,0.8385026041666667
24116,2,1.0,3,1,0.853515625,0.853515625
24116,2,1.0,3,2,0.863046875,0.863046875
24117,0,0.0,0,1,0.8631640625,0.8631640625
24117,0,0.0,0,2,0.7174348958333333,0.7174348958333333
24117,0,0.0,0,3,0.6308072916666667,0.6308072916666667
24117,0,0.0,1,0,0.8008072916666666,0.8008072916666666
24117,0,0.0,1,2,0.6574609375,0.6574609375
24117,0,0.0,1,3,0.56625,0.56625
24117,0,0.0,2,0,0.9384375,0.9384375
24117,0,0.0,2,1,0.9282161458333333,0.9282161458333333
24117,0,0.0,2,3,0.808359375,0.808359375
24117,0,0.0,3,0,0.9266276041666667,0.9266276041666667
24117,0,0.0,3,1,0.89140625,0.89140625
24117,0,0.0,3,2,0.9038151041666667,0.9038151041666667
24117,1,0.5,0,1,0.8417708333333334,0.8417708333333334
24117,1,0.5,0,2,0.6941536458333334,0.6941536458333334
24117,1,0.5,0,3,0.6193880208333333,0.6193880208333333
24117,1,0.5,1,0,0.7802864583333333,0.7802864583333333
24117,1,0.5,1,2,0.6312760416666666,0.6312760416666666
24117,1,0.5,1,3,0.5580208333333333,0.5580208333333333
24117,1,0.5,2,0,0.9006901041666666,0.9006901041666666
24117,1,0.5,2,1,0.8877473958333333,0.8877473958333333
24117,1,0.5,2,3,0.8018619791666667,0.8018619791666667
24117,1,0.5,3,0,0.8878255208333333,0.8878255208333333
24117,1,0.5,3,1,0.8598828125,0.8598828125
24117,1,0.5,3,2,0.8831901041666667,0.8831901041666667
24117,2,1.0,0,1,0.8155989583333333,0.8155989583333333
24117,2,1.0,0,2,0.6662239583333334,0.6662239583333334
24117,2,1.0,0,3,0.6043489583333334,0.6043489583333334
24117,2,1.0,1,0,0.7563411458333333,0.7563411458333333
24117,2,1.0,1,2,0.6048567708333333,0.6048567708333333
24117,2,1.0,1,3,0.542578125,0.542578125
24117,2,1.0,2,0,0.8562239583333333,0.8562239583333333
24117,2,1.0,2,1,0.8401953125,0.8401953125
24117,2,1.0,2,3,0.7832682291666667,0.7832682291666667
24117,2,1.0,3,0,0.848359375,0.848359375
24117,2,1.0,3,1,0.8199869791666666,0.8199869791666666
24117,2,1.0,3,2,0.8509505208333333,0.8509505208333333
24118,0,0.0,0,1,0.8011458333333333,0.8011458333333333
24118,0,0.0,0,2,0.7265625,0.7265625
24118,0,0.0,0,3,0.6758854166666667,0.6758854166666667
24118,0,0.0,1,0,0.6587760416666667,0.6587760416666667
24118,0,0.0,1,2,0.5718229166666666,0.5718229166666666
24118,0,0.0,1,3,0.5501432291666667,0.5501432291666667
24118,0,0.0,2,0,0.83765625,0.83765625
24118,0,0.0,2,1,0.8038932291666666,0.8038932291666666
24118,0,0.0,2,3,0.7585026041666667,0.7585026041666667
24118,0,0.0,3,0,0.8233723958333333,0.8233723958333333
24118,0,0.0,3,1,0.7999348958333333,0.7999348958333333
24118,0,0.0,3,2,0.8004166666666667,0.8004166666666667
24118,1,0.5,0,1,0.8383854166666667,0.8383854166666667
24118,1,0.5,0,2,0.7867838541666666,0.7867838541666666
24118,1,0.5,0,3,0.7102734375,0.7102734375
24118,1,0.5,1,0,0.6618880208333333,0.6618880208333333
24118,1,0.5,1,2,0.580703125,0.580703125
24118,1,0.5,1,3,0.5611458333333333,0.5611458333333333
24118,1,0.5,2,0,0.8831640625,0.8831640625
24118,1,0.5,2,1,0.8279036458333333,0.8279036458333333
24118,1,0.5,2,3,0.7720182291666666,0.7720182291666666
24118,1,0.5,3,0,0.8618619791666666,0.8618619791666666
24118,1,0.5,3,1,0.8504036458333334,0.8504036458333334
24118,1,0.5,3,2,0.8287239583333333,0.8287239583333333
24118,2,1.0,0,1,0.8501432291666666,0.8501432291666666
24118,2,1.0,0,2,0.7854166666666667,0.7854166666666667
24118,2,1.0,0,3,0.7475911458333333,0.7475911458333333
24118,2,1.0,1,0,0.6587760416666667,0.6587760416666667
24118,2,1.0,1,2,0.5873177083333333,0.5873177083333333
24118,2,1.0,1,3,0.5585026041666666,0.5585026041666666
24118,2,1.0,2,0,0.8961197916666667,0.8961197916666667
24118,2,1.0,2,1,0.86375,0.86375
24118,2,1.0,2,3,0.7953385416666666,0.7953385416666666
24118,2,1.0,3,0,0.8905078125,0.8905078125
24118,2,1.0,3,1,0.8469791666666666,0.8469791666666666
24118,2,1.0,3,2,0.8263541666666666,0.8263541666666666
24119,0,0.0,0,1,0.8573828125,0.8573828125
24119,0,0.0,0,2,0.7711197916666667,0.7711197916666667
24119,0,0.0,0,3,0.8436588541666666,0.8436588541666666
24119,0,0.0,1,0,0.954921875,0.954921875
24119,0,0.0,1,2,0.8652864583333333,0.8652864583333333
24119,0,0.0,1,3,0.9163932291666667,0.9163932291666667
24119,0,0.0,2,0,0.95015625,0.95015625
24119,0,0.0,2,1,0.9572786458333333,0.9572786458333333
24119,0,0.0,2,3,0.9220182291666666,0.9220182291666666
24119,0,0.0,3,0,0.9745833333333334,0.9745833333333334
24119,0,0.0,3,1,0.9479296875,0.9479296875
24119,0,0.0,3,2,0.8607421875,0.8607421875
24119,1,0.5,0,1,0.8617447916666666,0.8617447916666666
24119,1,0.5,0,2,0.7864453125,0.7864453125
24119,1,0.5,0,3,0.8418619791666667,0.8418619791666667
24119,1,0.5,1,0,0.9605338541666667,0.9605338541666667
24119,1,0.5,1,2,0.8740885416666667,0.8740885416666667
24119,1,0.5,1,3,0.9211067708333334,0.9211067708333334
24119,1,0.5,2,0,0.9602473958333333,0.9602473958333333
24119,1,0.5,2,1,0.9593619791666667,0.9593619791666667
24119,1,0.5,2,3,0.922890625,0.922890625
24119,1,0.5,3,0,0.9745182291666666,0.9745182291666666
24119,1,0.5,3,1,0.9551953125,0.9551953125
24119,1,0.5,3,2,0.8714192708333334,0.8714192708333334
24119,2,1.0,0,1,0.8611067708333333,0.8611067708333333
24119,2,1.0,0,2,0.7919661458333334,0.7919661458333334
24119,2,1.0,0,3,0.8407421875,0.8407421875
24119,2,1.0,1,0,0.9615625,0.9615625
24119,2,1.0,1,2,0.8739583333333333,0.8739583333333333
24119,2,1.0,1,3,0.920078125,0.920078125
24119,2,1.0,2,0,0.9666276041666667,0.9666276041666667
24119,2,1.0,2,1,0.955859375,0.955859375
24119,2,1.0,2,3,0.9262239583333334,0.9262239583333334
24119,2,1.0,3,0,0.9771875,0.9771875
24119,2,1.0,3,1,0.9561979166666666,0.9561979166666666
24119,2,1.0,3,2,0.8775390625,0.8775390625
24120,0,0.0,0,1,0.8468098958333333,0.8468098958333333
24120,0,0.0,0,2,0.84734375,0.84734375
24120,0,0.0,0,3,0.7812369791666667,0.7812369791666667
24120,0,0.0,1,0,0.7498828125,0.7498828125
24120,0,0.0,1,2,0.800078125,0.800078125
24120,0,0.0,1,3,0.7292578125,0.7292578125
24120,0,0.0,2,0,0.7796484375,0.7796484375
24120,0,0.0,2,1,0.8322526041666667,0.8322526041666667
24120,0,0.0,2,3,0.7659895833333333,0.7659895833333333
24120,0,0.0,3,0,0.7871875,0.7871875
24120,0,0.0,3,1,0.8283854166666667,0.8283854166666667
24120,0,0.0,3,2,0.8559765625,0.8559765625
24120,1,0.5,0,1,0.8570833333333333,0.8570833333333333
24120,1,0.5,0,2,0.8434375,0.8434375
24120,1,0.5,0,3,0.8304947916666666,0.8304947916666666
24120,1,0.5,1,0,0.7896744791666667,0.7896744791666667
24120,1,0.5,1,2,0.8147005208333333,0.8147005208333333
24120,1,0.5,1,3,0.7847265625,0.7847265625
24120,1,0.5,2,0,0.8244140625,0.8244140625
24120,1,0.5,2,1,0.8618880208333334,0.8618880208333334
24120,1,0.5,2,3,0.8479427083333333,0.8479427083333333
24120,1,0.5,3,0,0.8274348958333333,0.8274348958333333
24120,1,0.5,3,1,0.8509375,0.8509375
24120,1,0.5,3,2,0.8677994791666667,0.8677994791666667
24120,2,1.0,0,1,0.8459244791666667,0.8459244791666667
24120,2,1.0,0,2,0.8442447916666667,0.8442447916666667
24120,2,1.0,0,3,0.8786458333333333,0.8786458333333333
24120,2,1.0,1,0,0.8214453125,0.8214453125
24120,2,1.0,1,2,0.81171875,0.81171875
24120,2,1.0,1,3,0.8189713541666667,0.8189713541666667
24120,2,1.0,2,0,0.8681770833333333,0.8681770833333333
24120,2,1.0,2,1,0.8581640625,0.8581640625
24120,2,1.0,2,3,0.8738411458333334,0.8738411458333334
24120,2,1.0,3,0,0.8455989583333333,0.8455989583333333
24120,2,1.0,3,1,0.8133463541666667,0.8133463541666667
24120,2,1.0,3,2,0.8149479166666667,0.8149479166666667
24121,0,0.0,0,1,0.6567447916666667,0.6567447916666667
24121,0,0.0,0,2,0.6332682291666667,0.6332682291666667
24121,0,0.0,0,3,0.648828125,0.648828125
24121,0,0.0,1,0,0.935,0.935
24121,0,0.0,1,2,0.7346614583333333,0.7346614583333333
24121,0,0.0,1,3,0.6826692708333333,0.6826692708333333
24121,0,0.0,2,0,0.9147916666666667,0.9147916666666667
24121,0,0.0,2,1,0.7377473958333334,0.7377473958333334
24121,0,0.0,2,3,0.8486328125,0.8486328125
24121,0,0.0,3,0,0.9010677083333334,0.9010677083333334
24121,0,0.0,3,1,0.657890625,0.657890625
24121,0,0.0,3,2,0.8171744791666666,0.8171744791666666
24121,1,0.5,0,1,0.6520182291666666,0.6520182291666666
24121,1,0.5,0,2,0.6339973958333334,0.6339973958333334
24121,1,0.5,0,3,0.6477864583333334,0.6477864583333334
24121,1,0.5,1,0,0.92640625,0.92640625
24121,1,0.5,1,2,0.7299869791666667,0.7299869791666667
24121,1,0.5,1,3,0.685625,0.685625
24121,1,0.5,2,0,0.9061197916666667,0.9061197916666667
24121,1,0.5,2,1,0.7343619791666667,0.7343619791666667
24121,1,0.5,2,3,0.8421875,0.8421875
24121,1,0.5,3,0,0.8930989583333333,0.8930989583333333
24121,1,0.5,3,1,0.6619010416666666,0.6619010416666666
24121,1,0.5,3,2,0.8148958333333334,0.8148958333333334
24121,2,1.0,0,1,0.6420572916666667,0.6420572916666667
24121,2,1.0,0,2,0.6272526041666666,0.6272526041666666
24121,2,1.0,0,3,0.6480338541666667,0.6480338541666667
24121,2,1.0,1,0,0.915078125,0.915078125
24121,2,1.0,1,2,0.7268619791666666,0.7268619791666666
24121,2,1.0,1,3,0.688515625,0.688515625
24121,2,1.0,2,0,0.8978776041666666,0.8978776041666666
24121,2,1.0,2,1,0.7305859375,0.7305859375
24121,2,1.0,2,3,0.836328125,0.836328125
24121,2,1.0,3,0,0.8938411458333333,0.8938411458333333
24121,2,1.0,3,1,0.6666666666666666,0.6666666666666666
24121,2,1.0,3,2,0.8104166666666667,0.8104166666666667
24122,0,0.0,0,1,0.7476953125,0.7476953125
24122,0,0.0,0,2,0.8777473958333334,0.8777473958333334
24122,0,0.0,0,3,0.8837630208333334,0.8837630208333334
24122,0,0.0,1,0,0.8056640625,0.8056640625
24122,0,0.0,1,2,0.8126692708333333,0.8126692708333333
24122,0,0.0,1,3,0.8970833333333333,0.8970833333333333
24122,0,0.0,2,0,0.8683463541666666,0.8683463541666666
24122,0,0.0,2,1,0.6981640625,0.6981640625
24122,0,0.0,2,3,0.8664583333333333,0.8664583333333333
24122,0,0.0,3,0,0.7295442708333333,0.7295442708333333
24122,0,0.0,3,1,0.6597786458333333,0.6597786458333333
24122,0,0.0,3,2,0.7297526041666667,0.7297526041666667
24122,1,0.5,0,1,0.8178515625,0.8178515625
24122,1,0.5,0,2,0.89796875,0.89796875
24122,1,0.5,0,3,0.9240494791666667,0.9240494791666667
24122,1,0.5,1,0,0.7848307291666666,0.7848307291666666
24122,1,0.5,1,2,0.7857552083333333,0.7857552083333333
24122,1,0.5,1,3,0.9204036458333333,0.9204036458333333
24122,1,0.5,2,0,0.8852083333333334,0.8852083333333334
24122,1,0.5,2,1,0.8015494791666666,0.8015494791666666
24122,1,0.5,2,3,0.9005078125,0.9005078125
24122,1,0.5,3,0,0.733671875,0.733671875
24122,1,0.5,3,1,0.7498307291666667,0.7498307291666667
24122,1,0.5,3,2,0.7250651041666667,0.7250651041666667
24122,2,1.0,0,1,0.8399479166666667,0.8399479166666667
24122,2,1.0,0,2,0.8569921875,0.8569921875
24122,2,1.0,0,3,0.9335677083333334,0.9335677083333334
24122,2,1.0,1,0,0.7151822916666667,0.7151822916666667
24122,2,1.0,1,2,0.7129296875,0.7129296875
24122,2,1.0,1,3,0.8835026041666667,0.8835026041666667
24122,2,1.0,2,0,0.8182291666666667,0.8182291666666667
24122,2,1.0,2,1,0.8007161458333333,0.8007161458333333
24122,2,1.0,2,3,0.8720703125,0.8720703125
24122,2,1.0,3,0,0.7175390625,0.7175390625
24122,2,1.0,3,1,0.7943880208333334,0.7943880208333334
24122,2,1.0,3,2,0.7055338541666667,0.7055338541666667
24123,0,0.0,0,1,0.9018098958333334,0.9018098958333334
24123,0,0.0,0,2,0.8773828125,0.8773828125
24123,0,0.0,0,3,0.8640625,0.8640625
24123,0,0.0,1,0,0.6523177083333334,0.6523177083333334
24123,0,0.0,1,2,0.73921875,0.73921875
24123,0,0.0,1,3,0.6664973958333333,0.6664973958333333
24123,0,0.0,2,0,0.7248567708333333,0.7248567708333333
24123,0,0.0,2,1,0.8376041666666667,0.8376041666666667
24123,0,0.0,2,3,0.7902213541666666,0.7902213541666666
24123,0,0.0,3,0,0.7961458333333333,0.7961458333333333
24123,0,0.0,3,1,0.8463932291666667,0.8463932291666667
24123,0,0.0,3,2,0.8859244791666666,0.8859244791666666
24123,1,0.5,0,1,0.896953125,0.896953125
24123,1,0.5,0,2,0.8872526041666666,0.8872526041666666
24123,1,0.5,0,3,0.8601692708333334,0.8601692708333334
24123,1,0.5,1,0,0.6496354166666667,0.6496354166666667
24123,1,0.5,1,2,0.7354557291666667,0.7354557291666667
24123,1,0.5,1,3,0.6592578125,0.6592578125
24123,1,0.5,2,0,0.7333463541666667,0.7333463541666667
24123,1,0.5,2,1,0.8332942708333333,0.8332942708333333
24123,1,0.5,2,3,0.7827473958333333,0.7827473958333333
24123,1,0.5,3,0,0.7929817708333333,0.7929817708333333
24123,1,0.5,3,1,0.8351822916666667,0.8351822916666667
24123,1,0.5,3,2,0.8750911458333334,0.8750911458333334
24123,2,1.0,0,1,0.8951822916666666,0.8951822916666666
24123,2,1.0,0,2,0.876875,0.876875
24123,2,1.0,0,3,0.863984375,0.863984375
24123,2,1.0,1,0,0.6476171875,0.6476171875
24123,2,1.0,1,2,0.7379166666666667,0.7379166666666667
24123,2,1.0,1,3,0.6585416666666667,0.6585416666666667
24123,2,1.0,2,0,0.72484375,0.72484375
24123,2,1.0,2,1,0.8375651041666666,0.8375651041666666
24123,2,1.0,2,3,0.7865625,0.7865625
24123,2,1.0,3,0,0.7955338541666667,0.7955338541666667
24123,2,1.0,3,1,0.83359375,0.83359375
24123,2,1.0,3,2,0.8780729166666666,0.8780729166666666
24124,0,0.0,0,1,0.8151302083333334,0.8151302083333334
24124,0,0.0,0,2,0.6821223958333333,0.6821223958333333
24124,0,0.0,0,3,0.6713541666666667,0.6713541666666667
24124,0,0.0,1,0,0.7746484375,0.7746484375
24124,0,0.0,1,2,0.6345442708333333,0.6345442708333333
24124,0,0.0,1,3,0.6883333333333334,0.6883333333333334
24124,0,0.0,2,0,0.828828125,0.828828125
24124,0,0.0,2,1,0.8117838541666667,0.8117838541666667
24124,0,0.0,2,3,0.8037239583333333,0.8037239583333333
24124,0,0.0,3,0,0.7680208333333334,0.7680208333333334
24124,0,0.0,3,1,0.8151041666666666,0.8151041666666666
24124,0,0.0,3,2,0.758984375,0.758984375
24124,1,0.5,0,1,0.8132682291666666,0.8132682291666666
24124,1,0.5,0,2,0.67890625,0.67890625
24124,1,0.5,0,3,0.6716276041666667,0.6716276041666667
24124,1,0.5,1,0,0.7698307291666666,0.7698307291666666
24124,1,0.5,1,2,0.6335286458333333,0.6335286458333333
24124,1,0.5,1,3,0.6926432291666667,0.6926432291666667
24124,1,0.5,2,0,0.8238671875,0.8238671875
24124,1,0.5,2,1,0.8117578125,0.8117578125
24124,1,0.5,2,3,0.8146223958333333,0.8146223958333333
24124,1,0.5,3,0,0.7633723958333334,0.7633723958333334
24124,1,0.5,3,1,0.8156901041666667,0.8156901041666667
24124,1,0.5,3,2,0.766484375,0.766484375
24124,2,1.0,0,1,0.8104166666666667,0.8104166666666667
24124,2,1.0,0,2,0.6760026041666667,0.6760026041666667
24124,2,1.0,0,3,0.6715755208333334,0.6715755208333334
24124,2,1.0,1,0,0.7708984375,0.7708984375
24124,2,1.0,1,2,0.6343098958333333,0.6343098958333333
24124,2,1.0,1,3,0.6890625,0.6890625
24124,2,1.0,2,0,0.8209114583333333,0.8209114583333333
24124,2,1.0,2,1,0.8084505208333334,0.8084505208333334
24124,2,1.0,2,3,0.8211197916666667,0.8211197916666667
24124,2,1.0,3,0,0.7690625,0.7690625
24124,2,1.0,3,1,0.81609375,0.81609375
24124,2,1.0,3,2,0.7776041666666667,0.7776041666666667
24125,0,0.0,0,1,0.9115494791666666,0.9115494791666666
24125,0,0.0,0,2,0.6930338541666666,0.6930338541666666
24125,0,0.0,0,3,0.7214192708333333,0.7214192708333333
24125,0,0.0,1,0,0.6264322916666667,0.6264322916666667
24125,0,0.0,1,2,0.4704817708333333,0.4704817708333333
24125,0,0.0,1,3,0.48658854166666665,0.48658854166666665
24125,0,0.0,2,0,0.9101692708333333,0.9101692708333333
24125,0,0.0,2,1,0.8901041666666667,0.8901041666666667
24125,0,0.0,2,3,0.8874609375,0.8874609375
24125,0,0.0,3,0,0.9115364583333333,0.9115364583333333
24125,0,0.0,3,1,0.88796875,0.88796875
24125,0,0.0,3,2,0.8509635416666667,0.8509635416666667
24125,1,0.5,0,1,0.9135286458333334,0.9135286458333334
24125,1,0.5,0,2,0.696484375,0.696484375
24125,1,0.5,0,3,0.7382942708333333,0.7382942708333333
24125,1,0.5,1,0,0.624609375,0.624609375
24125,1,0.5,1,2,0.4714713541666667,0.4714713541666667
24125,1,0.5,1,3,0.49649739583333335,0.49649739583333335
24125,1,0.5,2,0,0.9198177083333333,0.9198177083333333
24125,1,0.5,2,1,0.9025130208333333,0.9025130208333333
24125,1,0.5,2,3,0.8836328125,0.8836328125
24125,1,0.5,3,0,0.9216666666666666,0.9216666666666666
24125,1,0.5,3,1,0.90390625,0.90390625
24125,1,0.5,3,2,0.8340104166666666,0.8340104166666666
24125,2,1.0,0,1,0.9120703125,0.9120703125
24125,2,1.0,0,2,0.69953125,0.69953125
24125,2,1.0,0,3,0.7388020833333333,0.7388020833333333
24125,2,1.0,1,0,0.6224479166666667,0.6224479166666667
24125,2,1.0,1,2,0.4699348958333333,0.4699348958333333
24125,2,1.0,1,3,0.4994140625,0.4994140625
24125,2,1.0,2,0,0.9192317708333333,0.9192317708333333
24125,2,1.0,2,1,0.8993098958333333,0.8993098958333333
24125,2,1.0,2,3,0.8732291666666666,0.8732291666666666
24125,2,1.0,3,0,0.91546875,0.91546875
24125,2,1.0,3,1,0.903515625,0.903515625
24125,2,1.0,3,2,0.8222786458333333,0.8222786458333333
24126,0,0.0,0,1,0.8683854166666667,0.8683854166666667
24126,0,0.0,0,2,0.6869661458333334,0.6869661458333334
24126,0,0.0,0,3,0.6912890625,0.6912890625
24126,0,0.0,1,0,0.8352083333333333,0.8352083333333333
24126,0,0.0,1,2,0.65359375,0.65359375
24126,0,0.0,1,3,0.67984375,0.67984375
24126,0,0.0,2,0,0.8660286458333334,0.8660286458333334
24126,0,0.0,2,1,0.8848046875,0.8848046875
24126,0,0.0,2,3,0.8101822916666667,0.8101822916666667
24126,0,0.0,3,0,0.780625,0.780625
24126,0,0.0,3,1,0.8163020833333333,0.8163020833333333
24126,0,0.0,3,2,0.7494791666666667,0.7494791666666667
24126,1,0.5,0,1,0.8481640625,0.8481640625
24126,1,0.5,0,2,0.6886197916666666,0.6886197916666666
24126,1,0.5,0,3,0.6962760416666667,0.6962760416666667
24126,1,0.5,1,0,0.7994140625,0.7994140625
24126,1,0.5,1,2,0.6383333333333333,0.6383333333333333
24126,1,0.5,1,3,0.6917838541666667,0.6917838541666667
24126,1,0.5,2,0,0.8647395833333333,0.8647395833333333
24126,1,0.5,2,1,0.8734635416666666,0.8734635416666666
24126,1,0.5,2,3,0.8045572916666667,0.8045572916666667
24126,1,0.5,3,0,0.7836848958333333,0.7836848958333333
24126,1,0.5,3,1,0.8391796875,0.8391796875
24126,1,0.5,3,2,0.7498046875,0.7498046875
24126,2,1.0,0,1,0.8419010416666667,0.8419010416666667
24126,2,1.0,0,2,0.6859505208333333,0.6859505208333333
24126,2,1.0,0,3,0.7014713541666666,0.7014713541666666
24126,2,1.0,1,0,0.7863541666666667,0.7863541666666667
24126,2,1.0,1,2,0.6311458333333333,0.6311458333333333
24126,2,1.0,1,3,0.6833072916666667,0.6833072916666667
24126,2,1.0,2,0,0.8598828125,0.8598828125
24126,2,1.0,2,1,0.8721354166666667,0.8721354166666667
24126,2,1.0,2,3,0.7913541666666667,0.7913541666666667
24126,2,1.0,3,0,0.7841536458333334,0.7841536458333334
24126,2,1.0,3,1,0.8406770833333334,0.8406770833333334
24126,2,1.0,3,2,0.7386588541666667,0.7386588541666667
24127,0,0.0,0,1,0.930390625,0.930390625
24127,0,0.0,0,2,0.8473958333333333,0.8473958333333333
24127,0,0.0,0,3,0.8430989583333334,0.8430989583333334
24127,0,0.0,1,0,0.7181901041666666,0.7181901041666666
24127,0,0.0,1,2,0.7237890625,0.7237890625
24127,0,0.0,1,3,0.6886328125,0.6886328125
24127,0,0.0,2,0,0.6741796875,0.6741796875
24127,0,0.0,2,1,0.7327734375,0.7327734375
24127,0,0.0,2,3,0.6968619791666667,0.6968619791666667
24127,0,0.0,3,0,0.8588802083333333,0.8588802083333333
24127,0,0.0,3,1,0.8991015625,0.8991015625
24127,0,0.0,3,2,0.896875,0.896875
24127,1,0.5,0,1,0.9245833333333333,0.9245833333333333
24127,1,0.5,0,2,0.849921875,0.849921875
24127,1,0.5,0,3,0.8165885416666666,0.8165885416666666
24127,1,0.5,1,0,0.7560286458333333,0.7560286458333333
24127,1,0.5,1,2,0.8172786458333333,0.8172786458333333
24127,1,0.5,1,3,0.7386588541666667,0.7386588541666667
24127,1,0.5,2,0,0.6909114583333333,0.6909114583333333
24127,1,0.5,2,1,0.798125,0.798125
24127,1,0.5,2,3,0.6900130208333334,0.6900130208333334
24127,1,0.5,3,0,0.866171875,0.866171875
24127,1,0.5,3,1,0.945546875,0.945546875
24127,1,0.5,3,2,0.903984375,0.903984375
24127,2,1.0,0,1,0.8660416666666667,0.8660416666666667
24127,2,1.0,0,2,0.8424609375,0.8424609375
24127,2,1.0,0,3,0.7824348958333334,0.7824348958333334
24127,2,1.0,1,0,0.7560026041666666,0.7560026041666666
24127,2,1.0,1,2,0.83359375,0.83359375
24127,2,1.0,1,3,0.727890625,0.727890625
24127,2,1.0,2,0,0.7025651041666666,0.7025651041666666
24127,2,1.0,2,1,0.7969791666666667,0.7969791666666667
24127,2,1.0,2,3,0.6665755208333334,0.6665755208333334
24127,2,1.0,3,0,0.8619791666666666,0.8619791666666666
24127,2,1.0,3,1,0.91875,0.91875
24127,2,1.0,3,2,0.8820703125,0.8820703125
